ㄉㄜ˙	的	615175
ㄉㄧˊ	的	6.351308576902391
ㄉㄧˋ	的	6.351308576902391
ㄕˋ	是	236262
ㄧ	一	213167
ㄧˊ	一	43208.85844659857
ㄧˋ	一	8758.416866861156
ㄅㄨˊ	不	170896
ㄅㄨˋ	不	170896
ㄧㄡˇ	有	170800
ㄧㄡˋ	有	6.351308576902391
ㄗㄞˋ	在	149249
ㄨㄛˇ	我	137357
ㄖㄣˊ	人	128188
ㄓㄜˋ	這	113860
ㄌㄜ˙	了	108379
ㄌㄧㄠˇ	了	108379
ㄍㄜˋ	個	102302
ㄍㄜ˙	個	102302
ㄧˇ	以	99395
ㄎㄨㄞˋ	會	6.351308576902391
ㄏㄨㄟˇ	會	6.351308576902391
ㄏㄨㄟˋ	會	96739
ㄉㄚˋ	大	91330
ㄉㄞˋ	大	6.351308576902391
ㄨㄟˊ	為	90777
ㄨㄟˋ	為	18400.45852879141
ㄌㄞˊ	來	87547
ㄌㄞˋ	來	6.351308576902391
ㄧㄠ	要	16592.783796648226
ㄧㄠˋ	要	81859
ㄓㄨㄥ	中	80888
ㄓㄨㄥˋ	中	16395.962517784013
ㄍㄨㄛˊ	國	77875
ㄊㄚ	他	77053
ㄉㄠˋ	到	76944
ㄐㄧㄡˋ	就	74543
ㄇㄣˊ	們	73422
ㄇㄣ˙	們	73422
ㄕㄤˇ	上	6.351308576902391
ㄕㄤˋ	上	73116
ㄎㄜˇ	可	70822
ㄎㄜˋ	可	6.351308576902391
ㄧㄝˇ	也	66209
ㄋㄧㄢˊ	年	65603
ㄕˊ	時	65302
ㄕㄥ	生	61952
ㄔㄨ	出	58735
ㄒㄧㄠˊ	學	6.351308576902391
ㄒㄩㄝˊ	學	58697
ㄋㄥˊ	能	57518
ㄓ	之	54055
ㄊㄞˊ	台	53731
ㄉㄨㄟˋ	對	52411
ㄔㄥˊ	成	51634
ㄉㄨㄛ	多	51536
ㄉㄨㄛˊ	多	6.351308576902391
ㄩㄥˋ	用	51184
ㄍㄨㄛˋ	過	49674
ㄙㄨㄛˇ	所	49318
ㄍㄨ	家	6.351308576902391
ㄐㄧㄚ	家	49300
ㄉㄡ	都	49267
ㄉㄨ	都	6.351308576902391
ㄕㄨㄛ	說	48822
ㄕㄨㄟˋ	說	6.351308576902391
ㄩㄝˋ	說	6.351308576902391
ㄉㄜ˙	地	6.351308576902391
ㄉㄧˋ	地	48506
ㄉㄧ˙	地	9832.14516229393
ㄏㄡˋ	後	48185
ㄉㄜˊ	得	47786
ㄉㄜ˙	得	6.351308576902391
ㄉㄟˇ	得	6.351308576902391
ㄦˊ	而	46683
ㄗˋ	自	45283
ㄗㄨㄛ	作	6.351308576902391
ㄗㄨㄛˊ	作	9125.939873351695
ㄗㄨㄛˋ	作	45022
ㄨ	於	6.351308576902391
ㄩˊ	於	44348
ㄕˊ	十	44022
ㄏㄤˊ	行	8835.471394863112
ㄏㄤˋ	行	6.351308576902391
ㄒㄧㄥˊ	行	43589
ㄒㄧㄥˋ	行	6.351308576902391
ㄒㄧㄚˋ	下	43586
ㄒㄧㄚ˙	下	43586
ㄋㄧˇ	你	43028
ㄈㄚˇ	法	42985
ㄈㄚˊ	法	6.351308576902391
ㄈㄚˋ	法	8713.040856826054
ㄩˇ	與	42826
ㄩˋ	與	6.351308576902391
ㄏㄠˇ	好	42668
ㄏㄠˋ	好	6.351308576902391
ㄈㄚ	發	42035
ㄐㄧㄥ	經	42023
ㄗˇ	子	41576
ㄗ˙	子	6.351308576902391
ㄗㄜˇ	子	6.351308576902391
ㄊㄧㄢ	天	41410
ㄋㄚ	那	6.351308576902391
ㄋㄚˇ	那	6.351308576902391
ㄋㄚˋ	那	41046
ㄋㄟˇ	那	6.351308576902391
ㄋㄟˋ	那	6.351308576902391
ㄒㄧㄢˋ	現	40718
ㄨㄛˇ ㄇㄣˊ	我們	39591
ㄨㄛˇ ㄇㄣ˙	我們	39591
ㄈㄤ	方	38877
ㄇㄛˋ	沒	6.351308576902391
ㄇㄟˊ	沒	38673
ㄎㄢ	看	6.351308576902391
ㄎㄢˋ	看	38619
ㄈㄣ	分	38602
ㄈㄣˋ	分	6.351308576902391
ㄧㄣ	因	38348
ㄍㄨㄥ	公	38218
ㄍㄨㄥ˙	公	38218
ㄏㄜˊ	和	7732.988453830731
ㄏㄜˋ	和	6.351308576902391
ㄏㄢˋ	和	38150
ㄏㄨㄛˋ	和	6.351308576902391
ㄏㄨㄛ˙	和	6.351308576902391
ㄉㄨㄥˋ	動	37675
ㄖㄨˊ	如	37445
ㄏㄣˇ	很	37391
ㄇㄧㄣˊ	民	37109
ㄑㄧㄢˊ	前	36766
ㄏㄞˊ	還	36503
ㄏㄨㄢˊ	還	7399.142268156833
ㄒㄩㄢˊ	還	6.351308576902391
ㄒㄧㄠˇ	小	36474
ㄑㄩˋ	去	36310
ㄅㄣˇ	本	36234
ㄓㄤˇ	長	6.351308576902391
ㄓㄤˋ	長	6.351308576902391
ㄔㄤˊ	長	35693
ㄇㄚˊ	麼	1461.879522266204
ㄇㄛˊ	麼	6.351308576902391
ㄇㄛ˙	麼	7212.050568474375
ㄇㄜ˙	麼	35580
ㄓㄨˇ	主	35453
ㄅㄨˋ	部	35396
ㄎㄞ	開	34948
ㄨㄣˊ	文	34721
ㄨㄣˋ	文	6.351308576902391
ㄖㄢˊ	然	34641
ㄧㄝˋ	業	34562
ㄒㄧㄣ	心	34322
ㄕˋ	事	34160
ㄓㄜˇ	者	33896
ㄇㄧㄢˋ	面	33473
ㄒㄧㄣ	新	33395
ㄓㄥˋ	政	33378
ㄉㄤ	當	32677
ㄉㄤˇ	當	6.351308576902391
ㄉㄤˋ	當	6623.613727544608
ㄐㄧ	其	6.351308576902391
ㄑㄧˊ	其	32281
ㄉㄢˋ	但	32019
ㄙㄢ	三	32004
ㄙㄢˋ	三	6.351308576902391
ㄊㄨㄥˊ	同	31908
ㄖˋ	日	31539
ㄉㄧㄥˋ	定	31379
ㄍㄨㄥ	工	31294
ㄗㄨㄟˋ	最	31077
ㄕˊ	實	30715
ㄐㄧˊ	及	30421
ㄩㄢˊ	員	30203
ㄩㄣˋ	員	6.351308576902391
ㄌㄧˇ	理	29636
ㄍㄠ	高	29566
ㄧㄤˋ	樣	29509
ㄐㄧㄤ	將	29169
ㄐㄧㄤˋ	將	5912.543649011496
ㄑㄧㄤ	將	6.351308576902391
ㄦˋ	二	28883
ㄨㄞˋ	外	28749
ㄓㄜ˙	著	28729
ㄓㄠ	著	5823.355839845428
ㄓㄠˊ	著	6.351308576902391
ㄓㄨˇ	著	6.351308576902391
ㄓㄨˋ	著	6.351308576902391
ㄓㄨㄛˊ	著	1180.3917030687403
ㄐㄧㄢ	間	28550
ㄐㄧㄢˋ	間	6.351308576902391
ㄊㄧˇ	體	28350
ㄎㄜˇ ㄧˇ	可以	28334
ㄓㄨㄥˇ	種	28306
ㄓㄨㄥˋ	種	6.351308576902391
ㄒㄧㄝ	些	27989
ㄇㄟˊ ㄧㄡˇ	沒有	27378
ㄐㄧㄣˋ	進	27376
ㄒㄧㄤˇ	想	27295
ㄧˋ	意	27269
ㄧ˙	意	27269
ㄧㄜˋ	意	27269
ㄕˋ	市	27035
ㄐㄧㄠ	教	26755
ㄐㄧㄠˋ	教	5423.226895995837
ㄌㄧˋ	力	26719
ㄒㄧㄥˋ	性	26474
ㄓㄨㄥˋ	重	26431
ㄔㄨㄥˊ	重	26431
ㄉㄧㄢˋ	電	26393
ㄓ	只	6.351308576902391
ㄓˇ	只	26336
ㄍㄨㄢ	關	26224
ㄉㄧㄢˇ	點	25836
ㄨㄣˋ	問	25628
ㄑㄩㄢˊ	全	25589
ㄧㄡˊ	由	25186
ㄨㄢ	灣	25111
ㄧㄥ	應	25066
ㄧㄥˋ	應	6.351308576902391
ㄍㄨㄛˇ	果	24958
ㄇㄟˇ	美	24786
ㄗ	資	24494
ㄋㄟˋ	內	24483
ㄐㄧ	機	24389
ㄉㄠˋ	道	24200
ㄑㄧˇ	起	24195
ㄊㄞˊ ㄨㄢ	台灣	24111
ㄧˇ	已	24087
ㄅㄧㄠˇ	表	24027
ㄨㄟˋ	位	23887
ㄏㄨㄛˋ	或	23810
ㄑㄧㄥˊ	情	23679
ㄐㄧㄚ	加	23627
ㄗㄨㄛˋ	做	23552
ㄉㄥˇ	等	23338
ㄌㄧˇ	裡	23324
ㄌㄧㄤˇ	兩	23311
ㄅㄧˇ	比	23043
ㄅㄧˋ	比	6.351308576902391
ㄆㄧˊ	比	6.351308576902391
ㄏㄨㄚ	化	4653.171243673349
ㄏㄨㄚˋ	化	22956
ㄌㄧˋ	立	22876
ㄏㄜˊ	合	22749
ㄓㄥ	正	6.351308576902391
ㄓㄥˋ	正	22725
ㄒㄧㄤ	相	4600.063957306281
ㄒㄧㄤˋ	相	22694
ㄔㄤˇ	場	22629
ㄔㄤˊ	場	6.351308576902391
ㄉㄧˋ	第	22592
ㄊㄧˊ	提	22439
ㄕˊ	提	6.351308576902391
ㄉㄨˋ	度	22257
ㄉㄨㄛˋ	度	6.351308576902391
ㄨˊ	無	22215
ㄊㄧˊ	題	22094
ㄩㄝˋ	月	21599
ㄇㄨˋ	目	21553
ㄔㄤˊ	常	21507
ㄘˇ	此	21494
ㄗㄨㄥˋ	從	6.351308576902391
ㄘㄨㄥ	從	6.351308576902391
ㄘㄨㄥˊ	從	21443
ㄇㄧㄥˊ	明	21443
ㄅㄧㄥˋ	並	21155
ㄕˇ	使	20528
ㄕˋ	使	6.351308576902391
ㄨㄟ	委	6.351308576902391
ㄨㄟˇ	委	20525
ㄨˇ	五	20424
ㄕㄜˋ	社	20413
ㄐㄧ	期	6.351308576902391
ㄑㄧˊ	期	19666
ㄊㄚ ㄇㄣˊ	他們	19512
ㄊㄚ ㄇㄣ˙	他們	19512
ㄇㄧㄥˊ	名	19453
ㄧ ㄍㄜ˙	一個	19451
ㄧˊ ㄍㄜ˙	一個	19451
ㄧˋ ㄍㄜ˙	一個	19451
ㄙˋ	四	19368
ㄧㄣ ㄨㄟˋ	因為	19351
ㄕˋ	式	19300
ㄍㄥ	更	6.351308576902391
ㄍㄥˋ	更	19146
ㄐㄧㄥ	更	6.351308576902391
ㄐㄧㄣ	今	19140
ㄉㄞˋ	代	19053
ㄓ	知	19049
ㄓˋ	知	6.351308576902391
ㄐㄧˋ	計	19024
ㄘˋ	次	18876
ㄖㄨˋ	入	18789
ㄅㄟˋ	被	18729
ㄆㄧ	被	6.351308576902391
ㄕㄨㄟˇ	水	18694
ㄕㄨㄟ˙	水	18694
ㄒㄧㄤˋ	像	18673
ㄐㄧㄢˋ	建	18620
ㄌㄠˇ	老	18597
ㄍㄜˋ	各	18536
ㄨˋ	物	18515
ㄕˊ	什	18493
ㄕㄜˊ	什	759.8240023965405
ㄕㄣˊ	什	3748.523079336611
ㄏㄨㄛˊ	活	18493
ㄅㄠˇ	保	18390
ㄕㄜˊ ㄇㄛ˙	什麼	18309
ㄕㄜˊ ㄇㄜ˙	什麼	18309
ㄕㄣˊ ㄇㄛ˙	什麼	18309
ㄕㄣˊ ㄇㄜ˙	什麼	18309
ㄗㄞˋ	再	18287
ㄧㄥˇ	影	18106
ㄔㄢˇ	產	18083
ㄘㄞˊ	才	18054
ㄖㄤˋ	讓	17844
ㄩㄢˋ	院	17831
ㄏㄨㄟˊ	回	17709
ㄑㄩ	區	17560
ㄡ	區	6.351308576902391
ㄌㄨˋ	路	17533
ㄅㄟˇ	北	17515
ㄐㄧˇ	己	17513
ㄩㄢˊ	原	17403
ㄊㄨㄥˇ	統	17390
ㄐㄧㄣ	金	17372
ㄌㄧˋ	利	17349
ㄊㄨㄥ	通	17245
ㄍㄞ	該	17197
ㄕㄡˇ	手	17092
ㄆㄧㄣˇ	品	17058
ㄓㄢˇ	展	16980
ㄊㄚ	她	16974
ㄕㄠˇ	少	16872
ㄕㄠˋ	少	6.351308576902391
ㄗˋ ㄐㄧˇ	自己	16871
ㄅㄚˇ	把	16816
ㄅㄚˋ	把	6.351308576902391
ㄅㄠˋ	報	16748
ㄏㄨㄚˋ	話	16662
ㄍㄨㄢ	觀	16660
ㄍㄨㄢˋ	觀	6.351308576902391
ㄕㄡˋ	受	16567
ㄕㄜˋ	設	16527
ㄕㄨ	書	16505
ㄊㄜˋ	特	16446
ㄢˋ	案	16300
ㄅㄞˇ	百	16240
ㄔㄨˇ	處	3274.2060942261546
ㄔㄨˋ	處	16153
ㄧㄡˋ	又	16139
ㄒㄩㄢˇ	選	16105
ㄉㄨㄥ	東	16027
ㄓㄣ	真	16016
ㄋㄩˇ	女	15990
ㄖㄨˇ	女	6.351308576902391
ㄐㄧㄠˋ	覺	6.351308576902391
ㄐㄩㄝˊ	覺	15972
ㄆㄧㄢˋ	片	15797
ㄐㄧㄝ	接	15755
ㄕㄨˇ	數	3191.301971614968
ㄕㄨˋ	數	15744
ㄕㄨㄛˋ	數	646.8755255356695
ㄐㄧㄝˇ	解	15728
ㄐㄧㄝˋ	解	6.351308576902391
ㄒㄧㄝˋ	解	6.351308576902391
ㄒㄧㄢ	先	15699
ㄖㄣˊ	任	6.351308576902391
ㄖㄣˋ	任	15604
ㄊㄡˊ	頭	15477
ㄊㄡ˙	頭	6.351308576902391
ㄔㄥˊ	程	15458
ㄧㄢˊ	研	15416
ㄧㄢˋ	研	6.351308576902391
ㄙㄨㄛˇ ㄧˇ	所以	15405
ㄖㄣˋ	認	15399
ㄍㄢˇ	感	15384
ㄓˋ	至	15290
ㄐㄩㄢ	身	6.351308576902391
ㄕㄣ	身	15257
ㄐㄧㄝ	結	6.351308576902391
ㄐㄧㄝˊ	結	15208
ㄕ	師	14938
ㄨㄣˋ ㄊㄧˊ	問題	14933
ㄗㄜˊ	則	14868
ㄨˋ	務	14788
ㄍㄨㄢˇ	管	14695
ㄧˋ	議	14687
ㄍㄟˇ	給	14679
ㄐㄧˇ	給	6.351308576902391
ㄅㄧㄢˋ	變	14620
ㄇㄟˇ	每	14579
ㄅㄧㄝˊ	別	14567
ㄓㄜˋ ㄍㄜ˙	這個	14546
ㄉㄠˇ	導	14532
ㄉㄠˋ	導	6.351308576902391
ㄐㄧㄠˇ	較	6.351308576902391
ㄐㄧㄠˋ	較	14512
ㄏㄡˋ	候	14407
ㄍㄣ	跟	14336
ㄍㄨㄤ	光	14315
ㄈㄨˇ	府	14291
ㄑㄩㄢˊ	權	14236
ㄊㄞˋ	太	14193
ㄊㄞ˙	太	2876.914944304576
ㄗㄨㄥˇ	總	14152
ㄐㄧㄢˋ	見	14027
ㄒㄧㄢˋ	見	14027
ㄐㄩ	車	6.351308576902391
ㄔㄜ	車	14015
ㄎㄜˇ ㄋㄥˊ	可能	13979
ㄆㄧㄥˊ	平	13917
ㄒㄧ	西	13903
ㄒㄧ˙	西	13903
ㄉㄚˇ	打	13877
ㄉㄚˊ	打	2812.861881358035
ㄏㄜˊ	何	13876
ㄨㄢˊ	完	13669
ㄕˋ	示	13634
ㄅㄚ	八	13625
ㄈㄤˇ	放	13593
ㄈㄤˋ	放	13593
ㄌㄧㄡˋ	六	13573
ㄐㄧㄡˇ	九	13570
ㄕˋ	視	13555
ㄩㄢˊ	元	13549
ㄕˋ	世	13515
ㄨㄟˇ ㄩㄢˊ	委員	13514
ㄖㄨˊ ㄍㄨㄛˇ	如果	13468
ㄅㄢˋ	辦	13396
ㄐㄧㄡˋ ㄕˋ	就是	13364
ㄐㄧ	基	13350
ㄒㄧㄤˋ	向	13328
ㄏㄨㄚˋ	畫	13307
ㄌㄜˋ	樂	13236
ㄧㄠˋ	樂	6.351308576902391
ㄩㄝˋ	樂	6.351308576902391
ㄈㄟ	非	13221
ㄊㄚ	它	13210
ㄐㄧㄠ	交	13206
ㄐㄧ	幾	6.351308576902391
ㄐㄧˇ	幾	13199
ㄕㄤ	商	13194
ㄓㄜˋ ㄧㄤˋ	這樣	13123
ㄑㄧˋ	氣	13113
ㄏㄨˇ	許	6.351308576902391
ㄒㄩˇ	許	13105
ㄓˋ	制	13051
ㄌㄨㄣˊ	論	6.351308576902391
ㄌㄨㄣˋ	論	13046
ㄨㄤˇ	網	13042
ㄐㄧㄣˋ	近	12946
ㄑㄧㄥˇ	請	12921
ㄢ	安	12911
ㄩㄣˋ	運	12852
ㄩˋ	育	12838
ㄌㄧㄤˊ	量	12837
ㄌㄧㄤˋ	量	12837
ㄐㄧㄝˋ	界	12810
ㄕㄢ	山	12790
ㄨㄤˋ	望	12766
ㄐㄧㄡˋ	究	12736
ㄍㄞˇ	改	12724
ㄕㄨˋ	術	12719
ㄓㄨㄢˋ	傳	6.351308576902391
ㄔㄨㄢˊ	傳	12613
ㄨㄢˋ	萬	12599
ㄓㄥˇ	整	12588
ㄈㄟˋ	費	12503
ㄉㄧㄠˋ	調	6.351308576902391
ㄊㄧㄠˊ	調	12448
ㄒㄧㄢˋ ㄗㄞˋ	現在	12352
ㄍㄨㄥ	共	6.351308576902391
ㄍㄨㄥˇ	共	6.351308576902391
ㄍㄨㄥˋ	共	12339
ㄧˋ	義	12274
ㄓㄨㄢ	專	12235
ㄈㄢˇ	反	12229
ㄐㄧㄠˋ	校	6.351308576902391
ㄒㄧㄠˋ	校	12139
ㄏㄞˇ	海	12111
ㄒㄧㄣˋ	信	12105
ㄕㄣ	信	6.351308576902391
ㄙ	司	12027
ㄉㄢ	單	12010
ㄔㄢˊ	單	6.351308576902391
ㄕㄢˋ	單	6.351308576902391
ㄓˇ	指	12004
ㄗㄠˋ	造	12003
ㄗㄨˇ	組	11940
ㄕˊ ㄏㄡˋ	時候	11902
ㄙㄜˋ	色	11882
ㄓㄥˋ ㄈㄨˇ	政府	11866
ㄊㄨㄟ	推	11842
ㄨㄟˋ	未	11804
ㄑㄧㄡˊ	求	11740
ㄎㄠˇ	考	11722
ㄌㄧㄣˊ	林	11686
ㄉㄢˋ ㄕˋ	但是	11656
ㄎㄜ	科	11653
ㄧㄢˇ	演	11628
ㄓˊ	直	11604
ㄎㄨㄥ	空	11558
ㄎㄨㄥˋ	空	6.351308576902391
ㄐㄧˋ	記	11546
ㄅㄧˋ	必	11540
ㄒㄧˋ	系	11514
ㄑㄧ	七	11452
ㄐㄧㄢˋ	件	11451
ㄎㄡˇ	口	11424
ㄊㄨㄢˊ	團	11320
ㄍㄨㄥ ㄗㄨㄛˋ	工作	11307
ㄧˇ ㄐㄧㄥ	已經	11301
ㄕㄣ	參	6.351308576902391
ㄘㄢ	參	11295
ㄘㄣ	參	6.351308576902391
ㄙㄢ	參	6.351308576902391
ㄍㄨㄟ	規	11195
ㄑㄩㄝˋ	卻	11140
ㄌㄟˋ	類	11112
ㄈㄥ	風	11112
ㄐㄧㄤˋ	強	6.351308576902391
ㄑㄧㄤˇ	強	6.351308576902391
ㄑㄧㄤˊ	強	11079
ㄋㄢˊ	難	11037
ㄋㄢˋ	難	6.351308576902391
ㄧㄢˊ ㄐㄧㄡˋ	研究	11024
ㄍㄚ˙	價	6.351308576902391
ㄐㄧㄚˋ	價	10999
ㄓㄨㄥˋ	眾	10982
ㄔㄨˊ	除	10954
ㄧㄡˇ	友	10947
ㄉㄞˋ	帶	10893
ㄒㄩ	需	10864
ㄧㄣ	音	10860
ㄓㄜˋ ㄒㄧㄝ	這些	10840
ㄐㄩㄝˊ	決	10767
ㄓㄤ	張	10733
ㄑㄧㄝˇ	且	10709
ㄕㄡ	收	10690
ㄌㄧㄢˊ	連	10686
ㄖㄨㄥˊ	容	10606
ㄔˊ	持	10572
ㄞˋ	愛	10515
ㄍㄠˋ	告	10513
ㄍㄨˋ	告	6.351308576902391
ㄌㄧㄡˊ	流	10488
ㄔㄨㄤ	創	6.351308576902391
ㄔㄨㄤˋ	創	10487
ㄒㄧㄥˊ	形	10460
ㄕㄜˋ ㄏㄨㄟˋ	社會	10442
ㄕˇ	始	10432
ㄑㄧㄥ	清	10432
ㄉㄚˊ	達	10408
ㄋㄢˊ	南	10403
ㄈㄨˊ	服	10340
ㄔㄣˊ	陳	10270
ㄗˋ	字	10185
ㄐㄩˊ	局	10060
ㄑㄩˇ	取	10021
ㄍㄜˊ	格	10021
ㄧㄥ ㄍㄞ	應該	10019
ㄓˋ	治	9987
ㄐㄧˋ	際	9980
ㄐㄩㄝˊ ㄉㄜˊ	覺得	9979
ㄐㄩㄝˊ ㄉㄜ˙	覺得	9979
ㄗㄡˇ	走	9956
ㄐㄧˋ	紀	9894
ㄉㄤˇ	黨	9848
ㄑㄧㄡˊ	球	9822
ㄇㄣˊ	門	9818
ㄊㄞˊ ㄅㄟˇ	台北	9797
ㄒㄧ	希	9764
ㄐㄧㄤˇ	講	9741
ㄅㄠ	包	9702
ㄧㄢˊ	言	9694
ㄊㄧㄠˊ	條	9666
ㄅㄧㄢˋ	便	9650
ㄆㄧㄢˊ	便	1956.050814664916
ㄐㄩˋ	具	9645
ㄓ ㄉㄠˋ	知道	9634
ㄙㄨㄢˋ	算	9533
ㄏㄨㄚ	花	9512
ㄐㄧㄣ ㄊㄧㄢ	今天	9490
ㄐㄧˊ	即	9463
ㄓㄨˋ	助	9462
ㄓㄨˋ	住	9443
ㄏㄨㄢˊ	環	9432
ㄏㄨㄚ	華	6.351308576902391
ㄏㄨㄚˊ	華	9404
ㄏㄨㄚˋ	華	6.351308576902391
ㄅㄧㄠ	標	9375
ㄒㄩㄝˊ ㄕㄥ	學生	9354
ㄓㄚ	查	6.351308576902391
ㄔㄚˊ	查	9349
ㄒㄩˋ	續	9328
ㄅㄨˊ ㄕˋ	不是	9288
ㄌㄨˋ	錄	9288
ㄓˊ	質	9286
ㄓˋ	質	6.351308576902391
ㄓㄢˋ	戰	9272
ㄏㄞˊ ㄕˋ	還是	9209
ㄧ	醫	9201
ㄋㄧˊ	兒	377.75492770420124
ㄦ	兒	1863.6198124382631
ㄦˊ	兒	9194
ㄅㄨˊ ㄍㄨㄛˋ	不過	9116
ㄅㄨˋ ㄍㄨㄛˋ	不過	9116
ㄨㄤˇ	往	9094
ㄐㄧˇ	濟	6.351308576902391
ㄐㄧˋ	濟	9084
ㄕˋ	士	9082
ㄌㄧㄢˊ	聯	9071
ㄊㄡˊ	投	9027
ㄉㄧˋ ㄧ	第一	8998
ㄇㄨˋ ㄑㄧㄢˊ	目前	8995
ㄎㄨㄞˋ	快	8963
ㄒㄩㄣˋ	訊	8936
ㄍㄨㄥ	供	8932
ㄍㄨㄥˋ	供	8932
ㄊㄧㄥ	聽	8920
ㄊㄧㄥˋ	聽	6.351308576902391
ㄐㄩˇ	舉	8918
ㄓㄠˋ	照	8903
ㄅㄧˇ ㄐㄧㄠˇ	比較	8891
ㄅㄧˇ ㄐㄧㄠˋ	比較	8891
ㄌㄧㄠˋ	料	8868
ㄇㄟˇ ㄍㄨㄛˊ	美國	8851
ㄐㄧˋ	技	8831
ㄒㄧㄤˋ	象	8808
ㄐㄧㄠˋ ㄩˋ	教育	8799
ㄇㄚˇ	馬	8786
ㄒㄧㄢˋ	線	8770
ㄅㄛˊ	白	6.351308576902391
ㄅㄞˊ	白	8715
ㄕㄥ	聲	8702
ㄅㄧㄢ	邊	8683
ㄍㄨㄥ ㄙ	公司	8680
ㄐㄧㄥˋ	境	8678
ㄕˇ ㄩㄥˋ	使用	8675
ㄒㄧㄤˋ	項	8673
ㄩˇ	語	8669
ㄩˋ	語	6.351308576902391
ㄐㄧㄝˊ	節	8613
ㄒㄧㄥˊ	型	8593
ㄒㄧㄠ	消	8547
ㄒㄧㄝˇ	寫	8541
ㄒㄧㄝˋ	寫	6.351308576902391
ㄍㄡˋ	夠	8530
ㄕˊ ㄐㄧㄢ	時間	8509
ㄎㄞ ㄕˇ	開始	8478
ㄅㄧㄥˋ	病	8472
ㄏㄞˊ	孩	8445
ㄗㄜˇ	怎	8445
ㄗㄣˇ	怎	8445
ㄓㄨㄢˇ	轉	8414
ㄓㄨㄢˋ	轉	6.351308576902391
ㄇㄚ	嗎	8408
ㄇㄚˇ	嗎	345.4604559644251
ㄇㄚ˙	嗎	1704.2979533370585
ㄐㄧˊ	吃	1699.838562878755
ㄔ	吃	8386
ㄍㄤ	剛	8359
ㄩㄝ	約	8327
ㄓㄨㄥ ㄍㄨㄛˊ	中國	8319
ㄓㄨㄥ ㄍㄨㄛˊ ㄉㄧˋ ㄈㄤ	中國地方	8319
ㄩㄢˊ	園	8309
ㄧㄥˊ	營	8306
ㄑㄧㄢ	千	8285
ㄧㄢˋ	驗	8280
ㄇㄧㄥˋ	命	8277
ㄒㄧ ㄨㄤˋ	希望	8271
ㄓㄥ	爭	8246
ㄩˋ	預	8242
ㄕㄣˊ	神	8199
ㄐㄧㄥ ㄐㄧˋ	經濟	8154
ㄌㄧˋ	例	8115
ㄩㄢˊ	源	8114
ㄇㄢˇ	滿	8108
ㄑㄧㄣ	親	8102
ㄑㄧㄣˋ	親	6.351308576902391
ㄑㄧㄥˋ	親	6.351308576902391
ㄧˋ	易	8094
ㄍㄨㄛˊ ㄐㄧㄚ	國家	8073
ㄐㄧˊ	集	8025
ㄌㄧㄥˋ	另	8022
ㄍㄨㄥ	功	8016
ㄑㄩㄝˋ	確	7977
ㄓㄠˇ	找	7964
ㄙ	思	7909
ㄙ˙	思	6.351308576902391
ㄅㄧㄠˇ ㄕˋ	表示	7900
ㄈㄚ ㄓㄢˇ	發展	7899
ㄋㄧㄢˋ	念	7865
ㄧˋ	藝	7864
ㄕ	失	7852
ㄖㄣˋ ㄨㄟˊ	認為	7852
ㄊㄨˊ	圖	7840
ㄧㄣˇ	引	7792
ㄊㄞˋ	態	7743
ㄎㄜˋ	客	7741
ㄙㄨㄟ	雖	7636
ㄧ ㄒㄧㄝ	一些	7597
ㄧˋ ㄒㄧㄝ	一些	7597
ㄐㄩˋ	據	7580
ㄓˋ	識	6.351308576902391
ㄕˋ	識	7566
ㄒㄧㄡ	修	7554
ㄨㄣˊ	聞	7538
ㄨㄣˋ	聞	6.351308576902391
ㄑㄧㄢˊ	錢	7522
ㄅㄨˋ	步	7498
ㄉㄨㄟˋ	隊	7498
ㄧㄥ	英	7488
ㄓ	支	7487
ㄋㄜ	呢	7421
ㄋㄜ˙	呢	1504.2334814122635
ㄋㄧˊ	呢	6.351308576902391
ㄒㄩ	須	7421
ㄇㄞˇ	買	7393
ㄏㄨㄛˊ ㄉㄨㄥˋ	活動	7361
ㄏㄠˊ	號	6.351308576902391
ㄏㄠˋ	號	7352
ㄨㄤˊ	王	7326
ㄨㄤˋ	王	6.351308576902391
ㄏㄣˇ ㄉㄨㄛ	很多	7323
ㄕ	施	7285
ㄅㄨˊ ㄏㄨㄟˋ	不會	7284
ㄅㄨˋ ㄏㄨㄟˋ	不會	7284
ㄧㄡˊ	遊	7277
ㄐㄩㄣ	軍	7267
ㄅㄟˋ	備	7247
ㄕˇ	史	7246
ㄊㄠˇ	討	7240
ㄗㄥ	曾	6.351308576902391
ㄘㄥˊ	曾	7228
ㄎㄨㄤˋ	況	7216
ㄍㄨㄤˇ	廣	7183
ㄅㄨˋ ㄋㄥˊ	不能	7178
ㄒㄧㄥ	興	7170
ㄒㄧㄥˋ	興	6.351308576902391
ㄕㄥ ㄏㄨㄛˊ	生活	7165
ㄕㄣ	深	7161
ㄘㄨㄣˊ	存	7142
ㄕˋ ㄐㄧㄝˋ	世界	7133
ㄕˋ	試	7130
ㄨㄣˊ ㄏㄨㄚˋ	文化	7129
ㄒㄧㄠˋ	效	7107
ㄌㄧㄡˋ	陸	6.351308576902391
ㄌㄨˋ	陸	7063
ㄉㄚˋ ㄐㄧㄚ	大家	7047
ㄎㄢˋ ㄉㄠˋ	看到	7024
ㄗㄜˇ ㄇㄛ˙	怎麼	7021
ㄗㄜˇ ㄇㄜ˙	怎麼	7021
ㄗㄣˇ ㄇㄛ˙	怎麼	7021
ㄗㄣˇ ㄇㄜ˙	怎麼	7021
ㄈㄣˋ	份	6998
ㄆㄥˊ	朋	6979
ㄒㄧㄥ	星	6976
ㄌㄩˋ	率	6973
ㄕㄨㄛˋ	率	6.351308576902391
ㄕㄨㄞˋ	率	1413.4240757159025
ㄗㄥ	增	6972
ㄒㄧˊ	習	6971
ㄌㄧˇ	李	6957
ㄗㄠˇ	早	6955
ㄓㄨㄣˇ	準	6948
ㄏㄨㄤˊ	黃	6930
ㄕㄡˇ	首	6929
ㄅㄢˇ	版	6915
ㄍㄣ	根	6914
ㄍㄨㄢ	官	6913
ㄌㄚˋ	落	283.3367393352373
ㄌㄠˋ	落	1397.8162091118406
ㄌㄨㄛˋ	落	6896
ㄋㄠˇ	腦	6878
ㄒㄧㄤˇ	響	6860
ㄅㄢˋ	半	6859
ㄅㄨˋ ㄈㄣˋ	部分	6854
ㄐㄧㄥ	精	6829
ㄉㄧˇ	底	6825
ㄒㄧㄢˋ	縣	6815
ㄒㄩㄢˊ	縣	6.351308576902391
ㄏㄨㄢ	歡	6809
ㄒㄧㄢˇ	顯	6790
ㄒㄧㄝˊ	協	6763
ㄓㄢˋ	站	6762
ㄩㄢˇ	遠	6738
ㄩㄢˋ	遠	6.351308576902391
ㄅㄨˋ ㄊㄨㄥˊ	不同	6726
ㄆㄥˊ ㄧㄡˇ	朋友	6725
ㄉㄧˋ ㄈㄤ	地方	6713
ㄉㄜˊ	德	6706
ㄉㄨㄢˋ	段	6685
ㄋㄢˊ	男	6665
ㄉㄧ	低	6653
ㄧㄢˇ	眼	6647
ㄐㄧˊ	級	6640
ㄎㄜˋ	課	6632
ㄌㄧㄥˇ	領	6626
ㄑㄧˊ ㄕˊ	其實	6610
ㄒㄩㄥˊ	雄	6599
ㄍㄡˋ	構	6584
ㄊㄢˊ	談	6582
ㄏㄨˋ	護	6582
ㄌㄧㄝˋ	列	6559
ㄔㄣˋ	稱	6.351308576902391
ㄔㄥ	稱	6559
ㄔㄥˋ	稱	6.351308576902391
ㄈㄤ ㄕˋ	方式	6546
ㄐㄧㄣˋ ㄒㄧㄥˊ	進行	6544
ㄉㄚˋ ㄒㄩㄝˊ	大學	6543
ㄚ	啊	6536
ㄚ˙	啊	6536
ㄓㄥˋ	證	6529
ㄘㄜˋ	策	6526
ㄅㄚ	吧	6496
ㄅㄚ˙	吧	6496
ㄔㄨ ㄌㄞˊ	出來	6492
ㄙˇ	死	6490
ㄓ ㄏㄡˋ	之後	6479
ㄌㄧˋ	歷	6427
ㄖㄜˋ	熱	6426
ㄓㄨㄥˋ ㄧㄠˋ	重要	6425
ㄦˋ ㄕˊ	二十	6415
ㄋㄨㄥˊ	農	6391
ㄧˇ ㄐㄧˊ	以及	6389
ㄩㄝˋ	越	6354
ㄒㄧˋ	係	6351
ㄒㄧ˙	係	1287.3449454856873
ㄓˋ	製	6350
ㄒㄩ ㄧㄠˋ	需要	6350
ㄉㄡˋ	讀	6.351308576902391
ㄉㄨˊ	讀	6336
ㄊㄡˋ	透	6323
ㄑㄧˊ ㄊㄚ	其他	6308
ㄧㄣ ㄘˇ	因此	6296
ㄒㄧˇ	喜	6277
ㄗㄨˊ	族	6247
ㄙ	斯	6246
ㄊㄨˇ	土	6244
ㄙㄞˋ	賽	6223
ㄒㄧㄢˋ	限	6209
ㄘㄞˊ	財	6190
ㄖˋ ㄅㄣˇ	日本	6179
ㄒㄩˇ ㄉㄨㄛ	許多	6169
ㄍㄨㄛˊ ㄐㄧˋ	國際	6159
ㄑㄧˇ ㄌㄞˊ	起來	6132
ㄅㄨˋ	布	6115
ㄆㄧˇ	否	6.351308576902391
ㄈㄡˇ	否	6113
ㄈㄟ ㄔㄤˊ	非常	6104
ㄌㄚ	拉	6098
ㄖㄢˊ ㄏㄡˋ	然後	6091
ㄌㄧˊ	離	6069
ㄐㄧㄥˇ	景	6061
ㄧㄥˇ	景	6.351308576902391
ㄧ ㄧㄤˋ	一樣	6039
ㄧˊ ㄧㄤˋ	一樣	6039
ㄒㄧㄣ ㄨㄣˊ	新聞	6033
ㄐㄧˊ	極	6029
ㄉㄨㄟˋ ㄩˊ	對於	6020
ㄐㄧㄠˇ	角	6017
ㄐㄩㄝˊ	角	6.351308576902391
ㄑㄧˋ	器	6010
ㄍㄜˋ ㄖㄣˊ	個人	5996
ㄙˋ	似	5992
ㄙㄨㄟ ㄖㄢˊ	雖然	5985
ㄧㄚˇ	亞	5965
ㄧㄚˋ	亞	6.351308576902391
ㄇㄚ	媽	5963
ㄕㄜˊ	甚	6.351308576902391
ㄕㄣˊ	甚	6.351308576902391
ㄕㄣˋ	甚	5962
ㄅㄧˋ ㄒㄩ	必須	5953
ㄕˊ	食	5951
ㄙˋ	食	6.351308576902391
ㄐㄧㄢˇ	檢	5942
ㄉㄨㄢˋ	斷	5931
ㄅㄛ	般	6.351308576902391
ㄅㄢ	般	5903
ㄆㄢˊ	般	6.351308576902391
ㄏㄨㄚˊ	劃	6.351308576902391
ㄏㄨㄚˋ	劃	5898
ㄑㄧˋ	企	5893
ㄧ	依	5889
ㄓㄨㄤ	裝	5889
ㄈㄚ ㄒㄧㄢˋ	發現	5885
ㄘㄞˇ	採	5876
ㄐㄩˋ	足	6.351308576902391
ㄗㄨˊ	足	5863
ㄆㄟˋ	配	5860
ㄒㄧˊ	席	5833
ㄎㄜˋ	克	5831
ㄏㄨ	乎	5821
ㄑㄧㄥ	輕	5819
ㄋㄚˊ	拿	5814
ㄐㄧㄠˋ	叫	5810
ㄨㄤˇ ㄌㄨˋ	網路	5807
ㄓˊ	值	5787
ㄊㄧˊ ㄍㄨㄥ	提供	5786
ㄊㄧˊ ㄍㄨㄥˋ	提供	5786
ㄘㄨˋ	錯	6.351308576902391
ㄘㄨㄛˋ	錯	5747
ㄋㄥˊ ㄍㄡˋ	能夠	5739
ㄖㄥˊ	仍	5726
ㄔㄠ	超	5726
ㄆㄞˊ	排	5677
ㄆㄞ	拍	5657
ㄏㄞˊ ㄗ˙	孩子	5653
ㄧ ㄉㄧㄥˋ	一定	5651
ㄧˊ ㄉㄧㄥˋ	一定	5651
ㄈㄤ ㄇㄧㄢˋ	方面	5641
ㄑㄩㄣˊ	群	5630
ㄔㄚ	差	5603
ㄔㄚˋ	差	6.351308576902391
ㄔㄞ	差	6.351308576902391
ㄘ	差	6.351308576902391
ㄐㄩˋ	劇	5597
ㄉㄜ˙ ㄏㄨㄚˋ	的話	5597
ㄕㄡˋ	授	5592
ㄈㄤˊ	防	5586
ㄅㄢ	班	5585
ㄕˋ	勢	5584
ㄌㄧㄡˊ	留	5579
ㄧㄡˊ ㄩˊ	由於	5571
ㄏㄨㄢˊ ㄐㄧㄥˋ	環境	5569
ㄔㄨˊ ㄌㄜ˙	除了	5557
ㄇㄨˇ	母	5548
ㄉㄨㄥ ㄒㄧ	東西	5529
ㄖㄨˊ ㄏㄜˊ	如何	5522
ㄓㄨㄤˋ	狀	5511
ㄕˋ	適	5496
ㄍㄨㄢˇ	館	5493
ㄏㄨㄛˋ	獲	5491
ㄈㄨˊ ㄨˋ	服務	5485
ㄓˊ	職	5483
ㄒㄧˋ ㄊㄨㄥˇ	系統	5479
ㄨㄟˊ	維	5467
ㄓㄨㄥ ㄒㄧㄣ	中心	5455
ㄙㄨㄟˊ	隨	5455
ㄍㄨˋ	故	5446
ㄧㄥˇ ㄒㄧㄤˇ	影響	5417
ㄍㄨㄢ ㄒㄧˋ	關係	5383
ㄐㄧㄚˇ	假	5380
ㄐㄧㄚˋ	假	6.351308576902391
ㄒㄧˊ	息	5376
ㄕˋ ㄔㄤˇ	市場	5368
ㄔㄥˊ	城	5357
ㄔㄥˊ ㄨㄟˊ	成為	5350
ㄈㄨˋ	負	5345
ㄗㄨㄛˊ	昨	5341
ㄇㄡˇ	某	5327
ㄆㄧㄥˊ	評	5325
ㄍㄨˇ	古	5323
ㄓㄞˋ	責	6.351308576902391
ㄗㄜˊ	責	5323
ㄚ	阿	5298
ㄚˋ	阿	6.351308576902391
ㄚ˙	阿	6.351308576902391
ㄜ	阿	6.351308576902391
ㄇㄧㄢˇ	免	5279
ㄨㄣˋ	免	6.351308576902391
ㄩㄢˋ	願	5270
ㄌㄠˊ	勞	5264
ㄌㄠˋ	勞	6.351308576902391
ㄑㄧㄥ	青	5228
ㄐㄧㄢˇ	簡	5209
ㄦˊ ㄑㄧㄝˇ	而且	5194
ㄨㄢˇ	晚	5192
ㄏㄨㄢˋ	換	5174
ㄏㄨㄛˇ	火	5174
ㄐㄧ	居	6.351308576902391
ㄐㄩ	居	5170
ㄧㄢˊ	嚴	5169
ㄒㄩㄝˊ ㄒㄧㄠˋ	學校	5169
ㄌㄧㄥˋ	令	5168
ㄙㄨˋ	速	5164
ㄓㄨˋ	注	5149
ㄉㄡ ㄕˋ	都是	5141
ㄑㄧㄝ	切	5128
ㄑㄧㄝˋ	切	6.351308576902391
ㄓˋ	致	5126
ㄏㄞˋ	害	5114
ㄈㄤˊ	房	5110
ㄆㄧㄠˋ	票	5107
ㄗ ㄌㄧㄠˋ	資料	5102
ㄐㄧˋ ㄌㄨˋ	紀錄	5097
ㄐㄧㄥˇ	警	5092
ㄈㄨˇ	父	6.351308576902391
ㄈㄨˋ	父	5088
ㄙㄨㄥˋ	送	5070
ㄕˋ	室	5060
ㄈㄨˊ	福	5047
ㄙㄨㄟˋ	歲	5042
ㄒㄧˋ	細	5016
ㄐㄧˋ ㄏㄨㄚˋ	計畫	5016
ㄨㄟˋ ㄌㄞˊ	未來	5002
ㄐㄧㄢˋ	健	4998
ㄏㄟ	黑	4988
ㄏㄟˇ	黑	6.351308576902391
ㄉㄧㄢˋ	店	4972
ㄓˇ ㄕˋ	只是	4970
ㄈㄟ	飛	4970
ㄓㄨˇ	屬	6.351308576902391
ㄕㄨˇ	屬	4962
ㄒㄧㄝˋ	謝	4953
ㄒㄧㄝ˙	謝	1003.9709518171326
ㄅㄤ	幫	4936
ㄇㄛˊ	模	4936
ㄇㄨˊ	模	4936
ㄎㄜˇ ㄕˋ	可是	4932
ㄧㄤˇ	養	4917
ㄧㄤˋ	養	6.351308576902391
ㄦˇ	爾	4912
ㄐㄧㄣ ㄋㄧㄢˊ	今年	4907
ㄔㄨ	初	4896
ㄍㄨˇ	股	4881
ㄎㄚˇ	卡	4869
ㄑㄧㄚˇ	卡	6.351308576902391
ㄕㄜˋ ㄐㄧˋ	設計	4866
ㄅㄨˊ ㄧㄠˋ	不要	4862
ㄊㄜˋ ㄅㄧㄝˊ	特別	4844
ㄘㄥˊ	層	4843
ㄒㄧㄤ	香	4833
ㄍㄞˋ	概	4827
ㄌㄠˇ ㄕ	老師	4827
ㄐㄧ	積	4812
ㄑㄧˋ ㄧㄝˋ	企業	4810
ㄍㄨㄛˊ ㄋㄟˋ	國內	4810
ㄉㄢˋ	石	6.351308576902391
ㄕˊ	石	4807
ㄉㄞ	待	971.9444203438625
ㄉㄞˋ	待	4795
ㄏㄞˊ ㄧㄡˇ	還有	4791
ㄅㄨˇ	補	4790
ㄇㄧㄣˊ ㄓㄨㄥˋ	民眾	4786
ㄉㄧㄢˋ ㄋㄠˇ	電腦	4748
ㄉㄢ	擔	4744
ㄉㄢˋ	擔	6.351308576902391
ㄖㄜˇ	若	6.351308576902391
ㄖㄨㄛˋ	若	4740
ㄉㄚˋ ㄌㄨˋ	大陸	4737
ㄧˋ ㄕㄨˋ	藝術	4737
ㄧˋ	益	4736
ㄇㄞˋ	賣	4735
ㄧ ㄅㄢ	一般	4725
ㄧˋ ㄅㄢ	一般	4725
ㄗ ㄒㄩㄣˋ	資訊	4724
ㄍㄨㄥ	紅	6.351308576902391
ㄏㄨㄥˊ	紅	4722
ㄔㄨ ㄒㄧㄢˋ	出現	4721
ㄨㄢˊ	玩	4716
ㄨㄢˋ	玩	6.351308576902391
ㄒㄧㄥˇ	省	6.351308576902391
ㄕㄥˇ	省	4709
ㄙㄨㄛˇ ㄧㄡˇ	所有	4707
ㄒㄧㄤ	鄉	4699
ㄒㄧㄤˋ	鄉	6.351308576902391
ㄓㄨㄥ	終	4698
ㄌㄧㄢˋ	練	4688
ㄋㄚˋ ㄇㄛ˙	那麼	4684
ㄋㄚˋ ㄇㄜ˙	那麼	4684
ㄏㄨ	戲	6.351308576902391
ㄒㄧˋ	戲	4682
ㄐㄧˋ	繼	4678
ㄐㄧㄝˊ ㄍㄨㄛˇ	結果	4671
ㄖㄣˊ ㄩㄢˊ	人員	4666
ㄔㄤˇ	廠	4662
ㄎㄨㄢˇ	款	4650
ㄉㄧㄠˋ	掉	4642
ㄆㄛˋ	破	4639
ㄐㄧㄡˇ	久	4631
ㄕㄢˋ	善	4621
ㄋㄧㄣˊ	您	4620
ㄐㄧㄤˇ	獎	4616
ㄓˊ	執	4596
ㄓㄡ	洲	4594
ㄋㄚˇ	哪	4589
ㄋㄚ˙	哪	188.54876693871867
ㄋㄟˇ	哪	6.351308576902391
ㄋㄨㄛˊ	哪	930.1883096888394
ㄍㄜ	歌	4583
ㄐㄧㄢˇ	減	4576
ㄇㄟˊ	媒	4571
ㄉㄨˊ	獨	4561
ㄒㄧㄤ ㄍㄨㄢ	相關	4559
ㄒㄧㄥˊ ㄓㄥˋ	行政	4550
ㄕㄣˇ	審	4549
ㄍㄨㄚ	括	4548
ㄎㄨㄛˋ	括	6.351308576902391
ㄐㄩㄝˊ	絕	4548
ㄨˊ ㄈㄚˇ	無法	4530
ㄨㄟˋ	味	4519
ㄗㄨㄟˋ ㄏㄡˋ	最後	4512
ㄘˊ	詞	4505
ㄋㄧˇ ㄇㄣˊ	你們	4504
ㄋㄧˇ ㄇㄣ˙	你們	4504
ㄓˇ	止	4501
ㄏㄨㄛˋ	貨	4494
ㄧ ㄉㄧㄢˇ	一點	4493
ㄧˋ ㄉㄧㄢˇ	一點	4493
ㄧㄡˊ	油	4486
ㄊㄨㄥˊ ㄕˊ	同時	4485
ㄅㄧㄢ	編	4481
ㄙㄨˋ	訴	4473
ㄌㄩˇ	旅	4472
ㄕㄨㄤ	雙	4471
ㄉㄧˋ ㄑㄩ	地區	4468
ㄔㄚˊ	察	4464
ㄧㄣˋ	印	4457
ㄐㄧˊ	擊	4446
ㄈㄚ ㄕㄥ	發生	4432
ㄔㄨˇ ㄌㄧˇ	處理	4418
ㄓㄨˇ ㄧㄠˋ	主要	4415
ㄧ ㄒㄧㄚˋ	一下	4410
ㄧˊ ㄒㄧㄚˋ	一下	4410
ㄨㄟˋ	衛	4407
ㄧㄚ	壓	4406
ㄕ	詩	4402
ㄐㄧ	奇	6.351308576902391
ㄑㄧˊ	奇	4398
ㄉㄧˋ ㄦˋ	第二	4398
ㄓˋ	置	4394
ㄈㄨ	夫	4382
ㄈㄨˊ	夫	6.351308576902391
ㄈㄨ˙	夫	6.351308576902391
ㄎㄨˇ	苦	4380
ㄧㄡ	優	4371
ㄧ ㄓˊ	一直	4343
ㄧˋ ㄓˊ	一直	4343
ㄅㄠ ㄍㄨㄚ	包括	4335
ㄅㄠ ㄎㄨㄛˋ	包括	4335
ㄘㄜˋ	測	4324
ㄕˋ ㄅㄨˊ	是不	4311
ㄕˋ ㄅㄨˋ	是不	4311
ㄊㄡˋ ㄍㄨㄛˋ	透過	4305
ㄓ	織	4293
ㄗㄨㄥˇ ㄊㄨㄥˇ	總統	4287
ㄓㄥˋ ㄓˋ	政治	4285
ㄙㄨˋ	素	4279
ㄕㄥ	升	4263
ㄒㄧㄢˇ	險	4260
ㄧㄝˇ ㄕˋ	也是	4256
ㄓㄡ	周	4254
ㄒㄧㄠˋ	笑	4242
ㄊㄧㄥˊ	停	4225
ㄒㄩㄢ	宣	4225
ㄍㄨㄢˇ ㄌㄧˇ	管理	4220
ㄓㄣ ㄉㄜ˙	真的	4218
ㄕㄣˋ ㄓˋ	甚至	4210
ㄍㄤˇ	港	4204
ㄨㄛˇ ㄉㄜ˙	我的	4202
ㄗˋ ㄧㄡˊ	自由	4197
ㄓˇ ㄧㄡˇ	只有	4191
ㄧˋ	異	4190
ㄔㄨㄥ	充	4175
ㄅㄠˋ ㄉㄠˇ	報導	4173
ㄈㄤˇ	訪	4168
ㄌㄩˋ	律	4164
ㄍㄨㄛˋ ㄑㄩˋ	過去	4164
ㄧㄠˋ	藥	4151
ㄒㄧㄤ ㄉㄤ	相當	4149
ㄧㄠ ㄑㄧㄡˊ	要求	4146
ㄅㄟˇ ㄕˋ	北市	4142
ㄨˇ	午	4125
ㄒㄧㄝˇ	血	4117
ㄒㄩㄝˋ	血	6.351308576902391
ㄌㄧㄠˊ	療	4116
ㄏㄨˋ	戶	4099
ㄍㄨˋ	顧	4092
ㄊㄧˊ ㄔㄨ	提出	4090
ㄗˋ ㄖㄢˊ	自然	4089
ㄓㄜˋ ㄇㄛ˙	這麼	4089
ㄓㄜˋ ㄇㄜ˙	這麼	4089
ㄍㄡˋ	購	4078
ㄕˋ ㄑㄧㄥˊ	事情	4076
ㄧㄣˊ	銀	4071
ㄅㄚ	巴	4058
ㄅㄚ˙	巴	4058
ㄓㄤ	章	4035
ㄕㄨˋ	樹	4032
ㄌㄞˊ ㄉㄜ˙	來的	4031
ㄓㄜˋ ㄓㄨㄥˇ	這種	4030
ㄈㄢˋ	範	4007
ㄗㄨㄛˋ	座	4006
ㄏㄠˇ ㄒㄧㄤˋ	好像	4000
ㄗㄠˋ ㄔㄥˊ	造成	3994
ㄐㄩㄣ	均	3989
ㄅㄛ	播	3988
ㄅㄛˋ	播	6.351308576902391
ㄌㄢˊ	蘭	3971
ㄈㄨˋ	復	3966
ㄧㄝˋ	夜	3959
ㄑㄩˋ	趣	3953
ㄘㄨˋ	趣	6.351308576902391
ㄆㄞˋ	派	3942
ㄎㄜ	刻	3940
ㄎㄜˋ	刻	6.351308576902391
ㄐㄧㄣˇ	僅	3938
ㄐㄧㄣˋ	僅	6.351308576902391
ㄘㄠˇ	草	3938
ㄇㄟˊ ㄊㄧˇ	媒體	3935
ㄓㄣ	針	3915
ㄨㄟˋ ㄕㄜˊ ㄇㄛ˙	為什麼	3913
ㄨㄟˋ ㄕㄜˊ ㄇㄜ˙	為什麼	3913
ㄨㄟˋ ㄕㄣˊ ㄇㄛ˙	為什麼	3913
ㄨㄟˋ ㄕㄣˊ ㄇㄜ˙	為什麼	3913
ㄓˋ	志	3911
ㄧㄝˇ	野	3910
ㄓˇ ㄧㄠˋ	只要	3909
ㄐㄩㄝˊ ㄉㄧㄥˋ	決定	3909
ㄕㄤ	傷	3897
ㄩˋ	域	3892
ㄉㄤ ㄖㄢˊ	當然	3884
ㄗㄜˊ	擇	3883
ㄉㄞˋ ㄅㄧㄠˇ	代表	3876
ㄌㄧˋ ㄕˇ	歷史	3871
ㄐㄧㄝˋ	介	3864
ㄎㄨㄥ ㄐㄧㄢ	空間	3857
ㄊㄚ ㄉㄜ˙	他的	3855
ㄉㄠˇ	倒	3851
ㄉㄠˋ	倒	3851
ㄇㄧˋ	密	3849
ㄓㄨˊ	築	3849
ㄐㄧˋ ㄕㄨˋ	技術	3839
ㄘㄞˊ	材	3839
ㄍㄠ ㄒㄩㄥˊ	高雄	3837
ㄗㄥ ㄐㄧㄚ	增加	3833
ㄌㄧˇ ㄇㄧㄢˋ	裡面	3827
ㄧㄡˇ ㄉㄜ˙	有的	3821
ㄧㄡˇ ㄉㄧˋ	有的	3821
ㄈㄣ ㄓ	分之	3818
ㄨㄢˊ ㄑㄩㄢˊ	完全	3818
ㄉㄧㄢˇ	典	3816
ㄒㄧㄠ	銷	3812
ㄒㄩㄣˋ	訓	3807
ㄌㄧˇ	禮	3805
ㄧˋ	億	3801
ㄑㄩㄝ	缺	3801
ㄅㄛ	波	769.4475536236292
ㄆㄛ	波	3796
ㄋㄚˋ ㄍㄜ˙	那個	3786
ㄌㄧˇ	里	3781
ㄓㄜˋ ㄕˋ	這是	3779
ㄅㄨˋ ㄎㄜˇ	不可	3777
ㄕˊ ㄦˋ	十二	3771
ㄨˇ	舞	3768
ㄉㄢ ㄨㄟˋ	單位	3767
ㄧ ㄑㄧˇ	一起	3765
ㄧˋ ㄑㄧˇ	一起	3765
ㄋㄟˋ ㄖㄨㄥˊ	內容	3762
ㄈㄨˋ	富	3753
ㄇㄢˋ	慢	3752
ㄨㄟˋ	謂	3751
ㄌㄨㄛˊ	羅	3742
ㄑㄧˊ ㄓㄨㄥ	其中	3736
ㄧˇ ㄏㄡˋ	以後	3724
ㄗㄨㄟˋ ㄐㄧㄣˋ	最近	3719
ㄏㄜˊ	核	3715
ㄗㄨˇ ㄓ	組織	3712
ㄉㄨㄢˇ	短	3710
ㄉㄚ	答	6.351308576902391
ㄉㄚˊ	答	3708
ㄒㄧˇ ㄏㄨㄢ	喜歡	3707
ㄖㄣˋ ㄏㄜˊ	任何	3702
ㄧˊ	移	3701
ㄏㄜˊ	河	3694
ㄊㄨˊ	突	3693
ㄍㄨㄢ ㄍㄨㄤ	觀光	3693
ㄓˋ	智	3691
ㄨㄟˋ ㄌㄜ˙	為了	3690
ㄒㄧ	吸	3686
ㄧㄣ ㄩㄝˋ	音樂	3679
ㄉㄥ	登	3677
ㄓㄨˇ ㄧˋ	主義	3670
ㄐㄧ ㄏㄨㄟˋ	機會	3668
ㄕˊ ㄨˇ	十五	3663
ㄐㄧㄡˇ	酒	3660
ㄗㄚˊ	雜	3654
ㄏㄨㄛˋ ㄕˋ	或是	3651
ㄧㄤ	央	3637
ㄊㄨㄥˊ	童	3631
ㄌㄧㄤˊ	良	3627
ㄩㄥˇ	永	3622
ㄖㄨㄢˇ	軟	3621
ㄌㄧㄣˊ	臨	3619
ㄏㄨˋ	互	3613
ㄕˋ ㄗㄞˋ	是在	3611
ㄕˋ ㄈㄡˇ	是否	3603
ㄕㄨˇ	署	3598
ㄕㄨˋ	署	6.351308576902391
ㄆㄨˇ	普	3597
ㄩㄣˋ ㄉㄨㄥˋ	運動	3595
ㄊㄨㄟˋ	退	3593
ㄐㄧㄤˋ	降	3584
ㄒㄧㄤˊ	降	6.351308576902391
ㄐㄧㄥˋ	競	3579
ㄕㄨㄣˋ	順	3579
ㄒㄧㄢ ㄕㄥ	先生	3571
ㄓㄤˋ	障	3565
ㄗㄨㄛˊ ㄊㄧㄢ	昨天	3564
ㄌㄧㄠˇ ㄐㄧㄝˇ	了解	3561
ㄨˊ	吳	3555
ㄆㄚˋ	怕	3554
ㄓㄥˋ ㄘㄜˋ	政策	3551
ㄐㄧˋ ㄌㄨˋ ㄆㄧㄢˋ	紀錄片	3544
ㄔㄨㄣ	春	3536
ㄓㄨㄟ	追	3530
ㄨㄣ	溫	3526
ㄐㄧˋ ㄒㄩˋ	繼續	3525
ㄉㄠˇ	島	3522
ㄗㄨㄛˋ ㄆㄧㄣˇ	作品	3520
ㄉㄧㄢˋ ㄧㄥˇ	電影	3520
ㄧㄤˊ	陽	3513
ㄇㄨˋ	木	3502
ㄋㄧˊ	尼	3501
ㄒㄩㄢˇ ㄗㄜˊ	選擇	3495
ㄊㄠˇ ㄌㄨㄣˋ	討論	3488
ㄊㄧㄥˊ	庭	3478
ㄉㄚˋ ㄉㄜ˙	大的	3477
ㄊㄞˊ ㄅㄟˇ ㄕˋ	台北市	3473
ㄒㄧㄡ	休	3470
ㄙㄢ ㄕˊ	三十	3467
ㄖㄨㄥˊ	榮	3467
ㄊㄡˊ ㄗ	投資	3464
ㄧˊ	疑	3455
ㄧㄡˇ ㄍㄨㄢ	有關	3450
ㄆㄠˇ	跑	3450
ㄕㄨㄟˋ	稅	3443
ㄕㄜˋ	攝	3442
ㄎㄤˋ	抗	3439
ㄎㄨㄣˋ	困	3430
ㄒㄧㄚˋ ㄌㄞˊ	下來	3427
ㄅㄟ	背	6.351308576902391
ㄅㄟˋ	背	3427
ㄕㄟˊ	誰	3426
ㄕㄨㄟˊ	誰	6.351308576902391
ㄈㄨˋ	副	3416
ㄌㄧˋ ㄩㄥˋ	利用	3414
ㄕˊ ㄧ	十一	3412
ㄨㄢˊ ㄔㄥˊ	完成	3408
ㄨㄟˊ	圍	3405
ㄉㄧㄢˋ ㄕˋ	電視	3404
ㄍㄡ	句	6.351308576902391
ㄐㄩˋ	句	3403
ㄗ ㄩㄢˊ	資源	3402
ㄐㄧㄢˋ ㄓㄨˊ	建築	3401
ㄔㄥˊ	承	3401
ㄕㄜˋ	葉	6.351308576902391
ㄧㄝˋ	葉	3398
ㄘㄢ ㄐㄧㄚ	參加	3396
ㄑㄧㄥˊ ㄎㄨㄤˋ	情況	3396
ㄅㄧˇ	筆	3386
ㄕㄨ	輸	3384
ㄆㄢˋ	判	3380
ㄅㄢˋ ㄈㄚˇ	辦法	3380
ㄗㄨㄛˇ	左	3378
ㄐㄧㄝ	階	3376
ㄕˋ	釋	3367
ㄈㄨˋ	付	3365
ㄔㄥˊ ㄌㄧˋ	成立	3363
ㄆㄧˊ	皮	3362
ㄓˇ ㄔㄨ	指出	3358
ㄎㄨㄞˋ	塊	3355
ㄐㄧㄝ	街	3351
ㄨㄟ	威	3348
ㄉㄤ ㄕˊ	當時	3340
ㄎㄞ ㄈㄤˋ	開放	3332
ㄔㄤˋ	唱	3329
ㄢˋ	岸	3328
ㄌㄧㄥˋ ㄨㄞˋ	另外	3320
ㄡ	歐	3320
ㄌㄨㄥˊ	龍	3313
ㄩˊ	魚	3312
ㄐㄧㄥˋ	竟	3306
ㄉㄧˋ	弟	3304
ㄉㄧ˙	弟	3304
ㄇㄧˇ	米	3302
ㄒㄧㄤˇ	享	3299
ㄓㄨˊ	竹	3299
ㄌㄩㄝˋ	略	3297
ㄌㄡˊ	樓	3296
ㄓˇ	徵	6.351308576902391
ㄓㄥ	徵	3291
ㄕㄨˋ	述	3291
ㄜˊ	額	3287
ㄧㄝˇ ㄅㄨˊ	也不	3280
ㄧㄝˇ ㄅㄨˋ	也不	3280
ㄔㄨˇ	楚	3272
ㄉㄧㄠˋ ㄔㄚˊ	調查	3264
ㄐㄧㄢ	漸	6.351308576902391
ㄐㄧㄢˋ	漸	3262
ㄅㄚˋ	爸	3257
ㄅㄚ˙	爸	3257
ㄧˋ	亦	3254
ㄈㄤ ㄈㄚˇ	方法	3253
ㄋㄧˇ	妳	3247
ㄕㄡˋ ㄉㄠˋ	受到	3242
ㄍㄨㄛˋ ㄔㄥˊ	過程	3239
ㄓㄡ	週	3229
ㄊㄠˋ	套	3226
ㄈㄨˋ	附	3224
ㄉㄨˊ	毒	3222
ㄌㄧㄥˊ	零	3222
ㄅㄛˊ	博	3218
ㄅㄢˇ	板	3217
ㄎㄨㄥˋ	控	3214
ㄩˊ	餘	3213
ㄊㄨㄟ ㄉㄨㄥˋ	推動	3206
ㄒㄧㄠ ㄈㄟˋ	消費	3203
ㄘㄢ	餐	3201
ㄅㄨˋ ㄓㄤˇ	部長	3198
ㄨㄟˊ	微	3195
ㄓ ㄐㄧㄢ	之間	3191
ㄔㄢˇ ㄧㄝˋ	產業	3185
ㄐㄧㄣˇ	緊	3185
ㄎㄤ	康	3179
ㄍㄨㄟˋ	貴	3176
ㄓㄨㄥ ㄧㄤ	中央	3174
ㄘㄨㄣ	村	3170
ㄙㄨ	蘇	3158
ㄓㄜˋ ㄧ	這一	3153
ㄓㄜˋ ㄧˊ	這一	3153
ㄓㄜˋ ㄧˋ	這一	3153
ㄕㄥ ㄇㄧㄥˋ	生命	3147
ㄊㄨㄥˋ	痛	3140
ㄍㄜˊ	革	3135
ㄧˊ	宜	3133
ㄔㄨㄢˊ ㄊㄨㄥˇ	傳統	3132
ㄐㄧㄝ ㄕㄡˋ	接受	3127
ㄅㄠˇ	寶	3124
ㄅㄠ˙	寶	3124
ㄐㄧㄣˋ	盡	3121
ㄏㄨㄞˊ	懷	3119
ㄌㄧˊ	麗	3116
ㄌㄧˋ	麗	3116
ㄧㄡˇ ㄖㄣˊ	有人	3114
ㄐㄧㄥ ㄧㄢˋ	經驗	3112
ㄅㄨˋ ㄓ	不知	3111
ㄕㄚ	殺	3104
ㄕㄞˋ	殺	6.351308576902391
ㄧ ㄓㄨㄥˇ	一種	3091
ㄧˋ ㄓㄨㄥˇ	一種	3091
ㄋㄧㄠˇ	鳥	3091
ㄅㄞˇ ㄈㄣ	百分	3089
ㄨㄟˇ ㄩㄢˊ ㄏㄨㄟˋ	委員會	3087
ㄋㄧㄡˊ	牛	3087
ㄐㄧ ㄅㄣˇ	基本	3086
ㄙㄨㄛˇ ㄨㄟˋ	所謂	3085
ㄉㄚˋ ㄍㄞˋ	大概	3084
ㄕㄣ	申	3080
ㄧㄝˋ ㄓㄜˇ	業者	3079
ㄓㄜˋ ㄧㄤˋ ㄉㄜ˙	這樣的	3067
ㄏㄢˋ	漢	3065
ㄕˊ ㄉㄞˋ	時代	3063
ㄘㄢ ㄩˇ	參與	3058
ㄘㄢ ㄩˋ	參與	3058
ㄏㄨㄟˋ ㄧˋ	會議	3050
ㄐㄧㄥ ㄍㄨㄛˋ	經過	3043
ㄅㄧㄢˋ ㄔㄥˊ	變成	3043
ㄏㄜˊ ㄗㄨㄛˋ	合作	3042
ㄐㄧㄡˋ	舊	3042
ㄧ ㄘˋ	一次	3041
ㄧˊ ㄘˋ	一次	3041
ㄓˊ ㄐㄧㄝ	直接	3041
ㄌㄩˋ	慮	3040
ㄐㄧㄥ	京	3028
ㄏㄨㄞˋ	壞	3024
ㄖㄨㄥˊ ㄧˋ	容易	3024
ㄑㄩ	曲	6.351308576902391
ㄑㄩˇ	曲	3021
ㄈㄨˋ	婦	3017
ㄢ ㄑㄩㄢˊ	安全	3016
ㄍㄨㄛˊ ㄖㄣˊ	國人	3013
ㄓㄠ	朝	6.351308576902391
ㄔㄠˊ	朝	3006
ㄉㄜ˙ ㄨㄣˋ ㄊㄧˊ	的問題	3005
ㄉㄧㄥˋ	訂	3005
ㄩˇ	雨	3003
ㄧㄡˋ	右	3000
ㄍㄜ	哥	2998
ㄅㄠˋ ㄍㄠˋ	報告	2995
ㄒㄧㄣˊ	尋	606.6798018955537
ㄒㄩㄣˊ	尋	2993
ㄧ ㄅㄞˇ	一百	2984
ㄧˋ ㄅㄞˇ	一百	2984
ㄐㄧㄠˇ	腳	2979
ㄐㄩㄝˊ	腳	6.351308576902391
ㄧˇ ㄕㄤˋ	以上	2975
ㄍㄨㄥ ㄋㄥˊ	功能	2968
ㄊㄧㄝˇ	鐵	2968
ㄊㄨㄢˊ ㄊㄧˇ	團體	2961
ㄗㄨㄛˋ	坐	2953
ㄌㄨㄢˋ	亂	2949
ㄌㄚ	啦	2945
ㄌㄚ˙	啦	6.351308576902391
ㄧㄤˊ	洋	2945
ㄒㄩㄝˊ ㄒㄧˊ	學習	2944
ㄇㄧㄣˊ ㄍㄨㄛˊ	民國	2944
ㄐㄧˋ ㄓㄜˇ	記者	2944
ㄍㄨㄛˊ ㄇㄧㄣˊ	國民	2939
ㄔㄢˇ ㄆㄧㄣˇ	產品	2936
ㄔㄨㄥ	衝	2935
ㄔㄨㄥˋ	衝	6.351308576902391
ㄏㄤˊ	航	2931
ㄨ	屋	2921
ㄑㄩˋ ㄋㄧㄢˊ	去年	2919
ㄙ	私	2916
ㄖㄢˇ	染	2915
ㄅㄧˋ	避	2915
ㄍㄨˇ	鼓	2911
ㄍㄨ˙	鼓	590.0584374600592
ㄐㄧㄡˋ	救	2906
ㄓㄨˇ ㄒㄧˊ	主席	2904
ㄐㄧˋ	季	2904
ㄏㄨㄣ	婚	2901
ㄓ ㄑㄧㄢˊ	之前	2893
ㄆㄢˊ	盤	2890
ㄉㄢˋ	彈	6.351308576902391
ㄊㄢˊ	彈	2888
ㄗㄠ	遭	2882
ㄍㄨㄞˋ	怪	2878
ㄐㄧˊ	急	2874
ㄘㄞˇ	彩	2873
ㄆㄧ	批	2870
ㄍㄨㄟ ㄏㄨㄚˋ	規劃	2864
ㄋㄚˋ ㄒㄧㄝ	那些	2858
ㄧㄠˋ ㄉㄧˋ	要的	2855
ㄍㄢˇ ㄐㄩㄝˊ	感覺	2853
ㄓㄣ ㄉㄨㄟˋ	針對	2852
ㄔㄢˇ ㄕㄥ	產生	2847
ㄌㄧㄥˊ	靈	2846
ㄎㄜ ㄐㄧˋ	科技	2841
ㄧˇ ㄑㄧㄢˊ	以前	2840
ㄕˋ ㄕˊ	事實	2833
ㄅㄞˋ	拜	2830
ㄌㄥˇ	冷	2825
ㄐㄧㄚˋ	架	2822
ㄈㄚˇ ㄩㄢˋ	法院	2822
ㄓ	隻	2819
ㄨˇ	武	2814
ㄐㄧㄝˇ ㄐㄩㄝˊ	解決	2814
ㄏㄨ	呼	2812
ㄋㄚˋ	納	2811
ㄌㄧㄤˋ	亮	2807
ㄉㄜˊ ㄉㄠˋ	得到	2806
ㄇㄠˊ	毛	2806
ㄎㄨˋ	庫	2805
ㄧㄢˊ	延	2804
ㄆㄧㄢ	篇	2800
ㄎㄨㄥˇ	恐	2797
ㄈㄢ	翻	2795
ㄓㄜˋ ㄌㄧˇ	這裡	2791
ㄖㄨㄥˊ	融	2790
ㄊㄤˊ	堂	2786
ㄔㄚˊ	茶	2784
ㄐㄧㄤ	江	2782
ㄍㄨㄟ ㄉㄧㄥˋ	規定	2782
ㄗㄨㄥ	宗	2780
ㄎㄞ ㄈㄚ	開發	2778
ㄅㄠˇ ㄏㄨˋ	保護	2773
ㄒㄧㄡˋ	秀	2759
ㄐㄧㄢˋ ㄌㄧˋ	建立	2757
ㄖㄡˋ	肉	2755
ㄋㄥˊ ㄌㄧˋ	能力	2751
ㄊㄢ	探	6.351308576902391
ㄊㄢˋ	探	2748
ㄉㄤˇ	檔	2748
ㄎㄜ ㄒㄩㄝˊ	科學	2737
ㄏㄡˋ ㄌㄞˊ	後來	2731
ㄈㄢˋ	飯	2731
ㄍㄢˋ	幹	2730
ㄅㄧˋ	畢	2730
ㄨˇ ㄕˊ	五十	2726
ㄐㄧㄢˋ ㄧˋ	建議	2726
ㄅㄧˋ	幣	2721
ㄐㄧ	激	2709
ㄒㄧㄥˊ ㄨㄟˊ	行為	2706
ㄌㄧˋ ㄈㄚˇ	立法	2704
ㄕㄡˇ	守	2693
ㄌㄧˋ	勵	2689
ㄗㄤˋ	藏	6.351308576902391
ㄘㄤˊ	藏	2688
ㄇㄧˊ	迷	2681
ㄉㄧㄢˋ ㄗˇ	電子	2677
ㄐㄧㄥˋ	靜	2677
ㄨㄟˊ	危	2674
ㄧㄣˊ ㄏㄤˊ	銀行	2674
ㄩˋ	遇	2672
ㄕㄥ	勝	6.351308576902391
ㄕㄥˋ	勝	2668
ㄅㄧㄠˇ ㄒㄧㄢˋ	表現	2666
ㄓˇ	紙	2665
ㄐㄧㄚˋ ㄍㄜˊ	價格	2662
ㄐㄧㄢ	監	2662
ㄐㄧㄢˋ	監	6.351308576902391
ㄓˋ ㄩˊ	至於	2653
ㄔㄥˊ ㄓㄤˇ	成長	2648
ㄓㄥˋ	症	2647
ㄙㄢˇ	散	6.351308576902391
ㄙㄢˋ	散	2646
ㄓˋ ㄉㄨˋ	制度	2643
ㄏㄨㄛˋ ㄓㄜˇ	或者	2639
ㄍㄣ ㄐㄩˋ	根據	2639
ㄓㄨˊ	逐	2637
ㄔㄨㄢˊ	船	2635
ㄕㄡˋ ㄑㄩㄢˊ	授權	2628
ㄨˋ	誤	2621
ㄅㄚ ㄕˊ	八十	2620
ㄈㄨˋ	複	2615
ㄐㄧㄣˋ ㄖㄨˋ	進入	2615
ㄏㄨㄟˋ ㄧㄡˇ	會有	2608
ㄩㄣˊ	雲	2607
ㄒㄧ	析	2604
ㄊㄧㄠˋ	跳	2602
ㄒㄩˋ	序	2597
ㄆㄞˊ	牌	2597
ㄖㄣˊ	仁	2596
ㄓㄨˋ ㄧˋ	注意	2592
ㄧㄥˊ	迎	2591
ㄕㄡˋ	售	2585
ㄎㄠˋ	靠	2581
ㄐㄧˊ	藉	2577
ㄐㄧㄝˋ	藉	6.351308576902391
ㄔㄨㄤˋ ㄗㄨㄛˋ	創作	2573
ㄇㄤˊ	忙	2572
ㄐㄧㄚ	佳	2568
ㄧㄡˊ	尤	2568
ㄢˋ	按	2564
ㄕˋ ㄕㄨㄛ	是說	2564
ㄧ ㄋㄧㄢˊ	一年	2559
ㄧˋ ㄋㄧㄢˊ	一年	2559
ㄌㄧㄡˊ	劉	2558
ㄓㄨㄥ	鐘	2557
ㄒㄧㄥˊ ㄓㄥˋ ㄩㄢˋ	行政院	2552
ㄍㄨ	估	2550
ㄍㄨˋ	估	6.351308576902391
ㄧ	衣	2549
ㄧˋ	衣	6.351308576902391
ㄊㄨㄥ ㄍㄨㄛˋ	通過	2549
ㄓㄣ ㄓㄥˋ	真正	2547
ㄧˋ ㄐㄧㄢˋ	意見	2545
ㄩㄢˊ ㄧㄣ	原因	2537
ㄐㄧㄥ ㄕㄣˊ	精神	2536
ㄕˋ ㄧㄡˇ	是有	2535
ㄇㄨˋ ㄉㄧˋ	目的	2535
ㄅㄧㄥ	兵	2534
ㄓㄡ	州	2533
ㄗㄞˋ ㄊㄞˊ	在台	2532
ㄓˊ ㄒㄧㄥˊ	執行	2532
ㄧㄤˋ ㄗ˙	樣子	2532
ㄑㄧㄥ ㄔㄨˇ	清楚	2532
ㄌㄧㄝˋ	烈	2532
ㄕˊ ㄗㄞˋ	實在	2527
ㄕㄚ	沙	2522
ㄐㄧㄚ ㄊㄧㄥˊ	家庭	2518
ㄙˋ ㄕˊ	四十	2517
ㄍㄨㄥˋ ㄊㄨㄥˊ	共同	2512
ㄓ ㄔˊ	支持	2510
ㄗˋ ㄐㄧˇ ㄉㄜ˙	自己的	2510
ㄐㄧ ㄐㄧㄣ	基金	2508
ㄍㄨˋ ㄕˋ	故事	2507
ㄕㄨㄛ ㄇㄧㄥˊ	說明	2506
ㄐㄧㄠ ㄊㄨㄥ	交通	2498
ㄔㄥˊ ㄍㄨㄥ	成功	2497
ㄐㄧˋ	既	2494
ㄈㄥ	豐	2494
ㄏㄨㄛˋ ㄉㄜˊ	獲得	2489
ㄗㄨㄛˋ ㄓㄜˇ	作者	2486
ㄓㄣˋ	鎮	2485
ㄐㄧˊ	籍	2484
ㄜˋ	惡	2481
ㄨ	惡	6.351308576902391
ㄨˋ	惡	6.351308576902391
ㄓㄣˋ	陣	2481
ㄓㄨㄥ ㄏㄨㄚˊ	中華	2477
ㄌㄩˋ	綠	2477
ㄉㄧㄢˋ ㄏㄨㄚˋ	電話	2476
ㄕㄥ ㄔㄢˇ	生產	2475
ㄩˋ ㄙㄨㄢˋ	預算	2470
ㄧㄝˋ	頁	2465
ㄕˋ ㄐㄧㄢˋ	事件	2461
ㄓ ㄨㄞˋ	之外	2459
ㄒㄧㄥˊ ㄉㄨㄥˋ	行動	2457
ㄈㄨˇ	輔	2457
ㄔㄨㄢ	穿	2450
ㄒㄧㄠˇ ㄕˊ	小時	2443
ㄓㄨˇ ㄖㄣˋ	主任	2439
ㄩˇ	予	2435
ㄩˊ	予	6.351308576902391
ㄖㄣˊ ㄌㄟˋ	人類	2435
ㄇㄨˋ	幕	2434
ㄋㄨˇ	努	2433
ㄍㄨㄥ ㄩㄢˊ	公園	2427
ㄌㄧˋ ㄨㄟˇ	立委	2424
ㄖㄨˊ ㄘˇ	如此	2422
ㄓㄨㄤˋ ㄎㄨㄤˋ	狀況	2421
ㄉㄧˋ ㄙㄢ	第三	2421
ㄘㄞˋ	菜	2419
ㄠˋ	奧	2418
ㄐㄩˋ ㄧㄡˇ	具有	2414
ㄎㄨㄛˋ	擴	2414
ㄧˊ	遺	2414
ㄨㄟˋ	遺	489.31675301565883
ㄉㄨㄛ ㄕㄠˇ	多少	2412
ㄍㄠˋ ㄙㄨˋ	告訴	2410
ㄘㄞˋ	蔡	2409
ㄐㄧㄣ	禁	6.351308576902391
ㄐㄧㄣˋ	禁	2407
ㄌㄡˋ	露	6.351308576902391
ㄌㄨˋ	露	2404
ㄅㄧㄝˊ ㄖㄣˊ	別人	2401
ㄅㄨˋ ㄕㄠˇ	不少	2400
ㄍㄞˇ ㄅㄧㄢˋ	改變	2399
ㄓㄨㄣˇ ㄅㄟˋ	準備	2394
ㄓㄠ	招	2390
ㄐㄧㄠ ㄕㄡˋ	教授	2390
ㄐㄧㄠˋ ㄕㄡˋ	教授	2390
ㄏㄨˊ	湖	2388
ㄙˋ ㄏㄨ	似乎	2377
ㄆㄧㄢ	偏	2373
ㄖㄣˊ ㄇㄧㄣˊ	人民	2367
ㄇㄚ ㄇㄚ	媽媽	2366
ㄇㄚ ㄇㄚ˙	媽媽	2366
ㄈㄢˋ	犯	2359
ㄈㄨˋ ㄗㄜˊ	負責	2359
ㄩㄥ	擁	6.351308576902391
ㄩㄥˇ	擁	2358
ㄐㄧㄚ ㄕㄤˋ	加上	2356
ㄧㄡˇ ㄕˊ	有時	2355
ㄗㄞˇ	載	2351
ㄗㄞˋ	載	6.351308576902391
ㄊㄨㄥˊ ㄒㄩㄝˊ	同學	2348
ㄕㄤˋ	尚	2348
ㄌㄞˋ	賴	2347
ㄇㄧㄢˋ ㄉㄨㄟˋ	面對	2346
ㄋㄨˇ ㄌㄧˋ	努力	2343
ㄊㄧㄢˊ	田	2343
ㄒㄧㄥˋ	幸	2342
ㄓㄥˋ ㄕˋ	正式	2341
ㄍㄨㄥ ㄔㄥˊ	工程	2339
ㄐㄧㄚˋ ㄓˊ	價值	2337
ㄍㄨㄥ	攻	2329
ㄊㄧㄝ	貼	2329
ㄕˊ	射	6.351308576902391
ㄕㄜˋ	射	2325
ㄧㄝˋ	射	6.351308576902391
ㄔㄠˊ	潮	2323
ㄑㄧˇ	啟	2321
ㄧㄢˊ ㄓㄨㄥˋ	嚴重	2321
ㄌㄧㄢˇ	臉	2317
ㄨㄛˇ ㄍㄨㄛˊ	我國	2315
ㄅㄨˋ ㄓ ㄉㄠˋ	不知道	2311
ㄨㄛˇ ㄐㄩㄝˊ ㄉㄜˊ	我覺得	2303
ㄈㄨˋ ㄇㄨˇ	父母	2302
ㄉㄠˋ ㄉㄜ˙	到的	2301
ㄩˋ	愈	2287
ㄋㄧˇ ㄉㄜ˙	你的	2285
ㄏㄢˊ	含	2284
ㄒㄧㄢˋ ㄉㄞˋ	現代	2284
ㄍㄢ	乾	2280
ㄑㄧㄢˊ	乾	6.351308576902391
ㄇㄥˋ	夢	2280
ㄅㄤˋ	旁	6.351308576902391
ㄆㄤˊ	旁	2279
ㄙㄨㄛˇ	索	2277
ㄆㄧㄣˊ	頻	2276
ㄕㄤˇ	賞	2275
ㄅㄨˊ ㄉㄨㄢˋ	不斷	2274
ㄐㄩˇ ㄅㄢˋ	舉辦	2274
ㄍㄨㄢ ㄒㄧㄣ	關心	2271
ㄒㄧㄤˇ ㄧㄠˋ	想要	2269
ㄉㄨ ㄕˋ	都市	2269
ㄔㄨ ㄅㄢˇ	出版	2266
ㄐㄧㄥ ㄧㄥˊ	經營	2266
ㄍㄢˇ	趕	2266
ㄇㄚˇ	碼	2261
ㄍㄨㄥ ㄍㄨㄥˋ	公共	2259
ㄔㄥˊ	盛	6.351308576902391
ㄕㄥˋ	盛	2259
ㄇㄨˋ ㄅㄧㄠ	目標	2258
ㄐㄧㄥ	驚	2256
ㄐㄧ ㄏㄨ	幾乎	2254
ㄅㄧㄠ ㄓㄨㄣˇ	標準	2252
ㄆㄟˊ	培	2249
ㄏㄠˇ ㄉㄜ˙	好的	2248
ㄧˋ ㄧˋ	意義	2246
ㄍㄨㄟ	歸	2246
ㄨㄤˋ	忘	2245
ㄒㄩㄣˋ ㄌㄧㄢˋ	訓練	2241
ㄏㄨㄟˋ	慧	2240
ㄒㄧㄠˇ ㄆㄥˊ ㄧㄡˇ	小朋友	2239
ㄓㄤˇ	掌	2233
ㄐㄩˇ ㄒㄧㄥˊ	舉行	2232
ㄕㄡˊ	熟	2231
ㄕㄨˊ	熟	6.351308576902391
ㄅㄨˋ ㄈㄣˋ	部份	2228
ㄑㄧㄥˊ ㄒㄧㄥˊ	情形	2226
ㄏㄨㄟ	揮	2223
ㄑㄧㄥˋ	慶	2222
ㄕˊ ㄙㄢ	十三	2218
ㄒㄧㄠˇ ㄏㄞˊ	小孩	2215
ㄍㄨˋ	固	2209
ㄔㄨㄣˊ	純	2208
ㄍㄤ ㄍㄤ	剛剛	2205
ㄏㄨㄟˊ ㄌㄞˊ	回來	2204
ㄓㄨㄢ ㄧㄝˋ	專業	2203
ㄕˊ ㄋㄧㄢˊ	十年	2202
ㄉㄨㄢ	端	2199
ㄕˊ ㄙˋ	十四	2197
ㄩㄢˊ	圓	2196
ㄈㄣ ㄒㄧ	分析	2194
ㄌㄧㄤˇ ㄍㄜ˙	兩個	2193
ㄑㄧㄤˊ ㄉㄧㄠˋ	強調	2190
ㄕㄨㄟˋ	睡	2190
ㄋㄩˇ ㄒㄧㄥˋ	女性	2185
ㄗㄨㄛˋ ㄨㄟˊ	作為	2182
ㄧㄠ	邀	2179
ㄧㄝˇ ㄧㄡˇ	也有	2178
ㄅㄠˋ	暴	2178
ㄆㄨˋ	暴	6.351308576902391
ㄊㄧˋ	替	2174
ㄈㄣ	紛	2173
ㄕˊ ㄧㄢˋ	實驗	2171
ㄘㄨˋ	促	2169
ㄐㄧㄥˋ ㄓㄥ	競爭	2168
ㄎㄠˇ ㄌㄩˋ	考慮	2166
ㄩㄢˊ ㄌㄞˊ	原來	2164
ㄍㄠˇ	搞	2164
ㄧㄤˊ	楊	2164
ㄏㄨㄢˋ	患	2163
ㄍㄡ	溝	2162
ㄧ	伊	2158
ㄕˊ ㄌㄧㄡˋ	十六	2157
ㄅㄞˋ	敗	2157
ㄒㄩㄣˊ	詢	2155
ㄧㄡˇ ㄇㄟˊ ㄧㄡˇ	有沒有	2154
ㄓㄨˋ ㄇㄧㄣˊ	住民	2152
ㄉㄨㄛ ㄉㄜ˙	多的	2147
ㄧ ㄩㄢˋ	醫院	2147
ㄐㄧㄢˋ ㄕㄜˋ	建設	2146
ㄉㄠˋ ㄉㄧˇ	到底	2145
ㄘㄥˊ ㄐㄧㄥ	曾經	2143
ㄐㄧㄡˋ ㄏㄨㄟˋ	就會	2142
ㄉㄨㄥˋ ㄨˋ	動物	2141
ㄒㄧㄢˋ	獻	2141
ㄊㄧㄥ	廳	2139
ㄍㄥˋ ㄉㄨㄛ	更多	2139
ㄏㄜ	喝	2138
ㄏㄜˋ	喝	6.351308576902391
ㄌㄧˋ ㄖㄨˊ	例如	2137
ㄨㄛˇ ㄇㄣˊ ㄉㄜ˙	我們的	2136
ㄨㄛˇ ㄇㄣ˙ ㄉㄜ˙	我們的	2136
ㄧㄥˋ	硬	2135
ㄦˊ ㄕˋ	而是	2135
ㄈㄨˊ	符	2128
ㄗㄨㄣ	尊	2126
ㄖㄨㄢˇ ㄊㄧˇ	軟體	2126
ㄇㄧㄣˊ ㄐㄧㄢ	民間	2124
ㄙㄣ	森	2122
ㄕㄨˋ	束	2119
ㄗㄨㄟˋ	罪	2119
ㄎㄣˇ	肯	2119
ㄕㄤ ㄧㄝˋ	商業	2112
ㄌㄤˋ	浪	2110
ㄧㄚˇ	雅	2110
ㄔㄨˋ	觸	2109
ㄕㄥˋ	聖	2108
ㄐㄧㄠ ㄒㄩㄝˊ	教學	2107
ㄐㄧㄠˋ ㄒㄩㄝˊ	教學	2107
ㄒㄩ ㄑㄧㄡˊ	需求	2102
ㄘㄨㄣˊ ㄗㄞˋ	存在	2099
ㄔㄠ ㄍㄨㄛˋ	超過	2096
ㄕˊ ㄐㄧˋ	實際	2095
ㄧㄡˊ	游	2095
ㄅㄤˋ	棒	2092
ㄩˋ	玉	2091
ㄏㄢˊ	韓	2087
ㄅㄣˇ ㄕㄣ	本身	2086
ㄐㄧ	績	2082
ㄧㄡˊ ㄑㄧˊ	尤其	2080
ㄅㄧㄥˋ ㄅㄨˊ	並不	2079
ㄅㄧㄥˋ ㄅㄨˋ	並不	2079
ㄊㄧㄠ	挑	2079
ㄊㄧㄠˇ	挑	6.351308576902391
ㄔㄥˊ	呈	2077
ㄉㄥ	燈	2077
ㄐㄩˋ	距	2077
ㄅㄧㄥˋ ㄑㄧㄝˇ	並且	2076
ㄐㄧㄝˋ	屆	2076
ㄨㄟˋ ㄕㄥ	衛生	2076
ㄈㄨˊ	幅	2074
ㄕㄣ ㄑㄧㄥˇ	申請	2074
ㄍㄞˋ	蓋	2074
ㄏㄜˊ	蓋	6.351308576902391
ㄧˇ ㄨㄟˊ	以為	2070
ㄐㄧㄝˊ ㄇㄨˋ	節目	2070
ㄍㄨㄥ	宮	2069
ㄕˊ ㄅㄚ	十八	2066
ㄓㄠ	召	2065
ㄓㄠˋ	召	6.351308576902391
ㄕㄠˋ	召	6.351308576902391
ㄐㄧㄚˇ	夏	6.351308576902391
ㄒㄧㄚˋ	夏	2064
ㄎㄢ	刊	2063
ㄨㄤˇ ㄓㄢˋ	網站	2062
ㄔㄨㄥˊ	蟲	2060
ㄌㄨㄥˊ	隆	2060
ㄋㄧㄢˊ ㄑㄧㄥ	年輕	2059
ㄒㄩㄝˊ ㄓㄜˇ	學者	2055
ㄋㄧˇ	擬	2052
ㄖㄣˊ ㄕˋ	人士	2050
ㄍㄢˇ	敢	2048
ㄨㄛˇ ㄒㄧㄤˇ	我想	2046
ㄨㄛˇ ㄅㄨˊ	我不	2045
ㄨㄛˇ ㄅㄨˋ	我不	2045
ㄆㄟˋ ㄏㄜˊ	配合	2045
ㄐㄧㄢˇ ㄉㄢ	簡單	2040
ㄐㄧㄥˋ	鏡	2037
ㄎㄢˋ ㄎㄢˋ	看看	2035
ㄊㄨˇ ㄉㄧˋ	土地	2032
ㄉㄠˋ ㄌㄜ˙	到了	2031
ㄌㄞˊ ㄎㄢˋ	來看	2029
ㄓˋ ㄗㄨㄛˋ	製作	2024
ㄓㄥˇ ㄍㄜ˙	整個	2023
ㄗㄞ	災	2022
ㄐㄧㄢˋ	鍵	2022
ㄆㄧㄣˇ ㄓˊ	品質	2020
ㄓˊ	植	2020
ㄇㄚˊ	麻	2019
ㄅㄨˊ ㄉㄠˋ	不到	2015
ㄒㄧㄤ ㄒㄧㄣˋ	相信	2012
ㄒㄧˇ	洗	2009
ㄒㄧㄢˇ	洗	2009
ㄍㄣ ㄅㄣˇ	根本	2008
ㄨㄟˊ	違	2005
ㄐㄧㄢ	堅	2003
ㄩㄢˊ ㄓㄨˋ ㄇㄧㄣˊ	原住民	2001
ㄖㄨㄟˋ	瑞	1997
ㄇㄠˋ	貿	1997
ㄒㄧㄥˇ	醒	1995
ㄊㄧㄠˊ ㄐㄧㄢˋ	條件	1990
ㄑㄧ ㄕˊ	七十	1989
ㄌㄞˊ ㄗˋ	來自	1988
ㄔㄡ	抽	1988
ㄇㄢˊ	漫	6.351308576902391
ㄇㄢˋ	漫	1988
ㄈㄛˊ	佛	1987
ㄖㄣˊ ㄐㄧㄚ	人家	1986
ㄔˇ	尺	1986
ㄒㄧㄢˇ ㄕˋ	顯示	1984
ㄨㄟˇ	唯	1977
ㄨㄟˊ	唯	1977
ㄌㄨㄣˊ	輪	1977
ㄈㄟˋ	廢	1971
ㄒㄧㄢˋ ㄒㄧㄤˋ	現象	1967
ㄧㄚ	呀	1966
ㄧㄚ˙	呀	1966
ㄓ ㄧ	之一	1961
ㄓㄨㄥ ㄨㄣˊ	中文	1960
ㄓ ㄕˋ	知識	1959
ㄐㄧㄠˋ ㄩˋ ㄅㄨˋ	教育部	1958
ㄑㄧˋ	棄	1958
ㄇㄥˊ	盟	1954
ㄐㄧ ㄍㄡˋ	機構	1945
ㄅㄨˋ ㄉㄜˊ	不得	1942
ㄑㄩㄢˊ ㄑㄧㄡˊ	全球	1941
ㄅㄠˋ	抱	1938
ㄌㄨㄣˊ	倫	1934
ㄧㄡˇ ㄉㄧㄢˇ	有點	1933
ㄊㄨㄛ	脫	1932
ㄕㄠˋ ㄋㄧㄢˊ	少年	1929
ㄐㄧㄢˋ ㄎㄤ	健康	1922
ㄉㄨㄥˇ	懂	1922
ㄇㄚˊ	嘛	1921
ㄇㄚ˙	嘛	389.38586683640455
ㄔˊ ㄒㄩˋ	持續	1920
ㄩˊ ㄕˋ	於是	1920
ㄊㄞˋ	泰	1915
ㄏㄨˊ	胡	1909
ㄗㄨˇ	祖	1907
ㄓㄥˋ ㄗㄞˋ	正在	1905
ㄕㄠˋ	紹	1903
ㄔㄥˊ ㄕˋ	城市	1902
ㄒㄧㄠ ㄈㄟˋ ㄓㄜˇ	消費者	1901
ㄔㄨㄥˊ ㄒㄧㄣ	重新	1899
ㄨㄛˇ ㄕˋ	我是	1898
ㄩㄢˋ ㄧˋ	願意	1897
ㄖㄣˊ ㄇㄣˊ	人們	1896
ㄖㄣˊ ㄇㄣ˙	人們	1896
ㄕˊ ㄑㄧ	十七	1896
ㄊㄚ	牠	1895
ㄧㄝˇ ㄒㄩˇ	也許	1893
ㄒㄧㄢˋ ㄓˋ	限制	1891
ㄍㄜˊ	隔	1891
ㄧㄥˇ ㄆㄧㄢˋ	影片	1890
ㄑㄧㄡ	秋	1890
ㄕˊ ㄕ	實施	1888
ㄒㄧㄥ ㄑㄧˊ	星期	1885
ㄌㄞˊ ㄕㄨㄛ	來說	1884
ㄌㄧㄡˋ ㄕˊ	六十	1879
ㄓˋ	誌	1879
ㄉㄨㄣˋ	頓	1878
ㄇㄟˋ	妹	1877
ㄇㄟ˙	妹	1877
ㄓㄤˇ	漲	1876
ㄓㄤˋ	漲	6.351308576902391
ㄇㄧㄣˊ ㄐㄧㄣˋ ㄉㄤˇ	民進黨	1875
ㄈㄢˊ	繁	1874
ㄧˋ	譯	1873
ㄧ ㄑㄧㄝˋ	一切	1866
ㄧˊ ㄑㄧㄝˋ	一切	1866
ㄕˋ ㄐㄧˋ	世紀	1864
ㄐㄧㄚ ㄖㄨˋ	加入	1862
ㄉㄤ ㄓㄨㄥ	當中	1861
ㄐㄧ ㄐㄧˊ	積極	1861
ㄖㄣˊ ㄕㄥ	人生	1860
ㄒㄩㄝˇ	雪	1859
ㄒㄩㄝˋ	雪	6.351308576902391
ㄧˋ ㄙ	意思	1856
ㄧˋ ㄙˋ	意思	1856
ㄧˋ ㄙ˙	意思	1856
ㄒㄧㄥˋ	姓	1855
ㄎㄨㄢ	寬	1853
ㄉㄧㄥˇ	頂	1851
ㄐㄩˋ	聚	1849
ㄐㄧˊ	輯	1849
ㄅㄚˋ	伯	6.351308576902391
ㄅㄛˊ	伯	1848
ㄅㄠˋ	爆	1848
ㄕㄜˋ ㄑㄩ	社區	1848
ㄉㄡ ㄧㄡˇ	都有	1848
ㄉㄚˊ ㄉㄠˋ	達到	1847
ㄐㄧㄝ ㄉㄨㄢˋ	階段	1841
ㄍㄨㄢ ㄋㄧㄢˋ	觀念	1840
ㄅㄨˊ ㄉㄢˋ	不但	1839
ㄅㄤ ㄓㄨˋ	幫助	1839
ㄑㄧ	溪	6.351308576902391
ㄒㄧ	溪	1838
ㄐㄧㄣˇ	儘	6.351308576902391
ㄐㄧㄣˋ	儘	1837
ㄖㄨㄛˋ	弱	1836
ㄍㄨㄢˋ	慣	1835
ㄍㄨㄛˊ ㄒㄧㄠˇ	國小	1834
ㄏㄨㄟˋ ㄉㄜ˙	會的	1832
ㄏㄨㄢˊ ㄅㄠˇ	環保	1832
ㄩㄢˊ	援	1828
ㄖㄣˋ ㄕˋ	認識	1827
ㄓㄠˇ ㄉㄠˋ	找到	1826
ㄨㄛˋ	握	1824
ㄒㄧㄤˇ ㄉㄠˋ	想到	1822
ㄊㄨˊ	途	1821
ㄍㄨㄢ ㄔㄚˊ	觀察	1820
ㄔㄤˊ ㄔㄤˊ	常常	1818
ㄨㄣˇ	穩	1817
ㄧㄥˋ	映	1815
ㄧˇ ㄌㄞˊ	以來	1811
ㄧㄢˊ	顏	1810
ㄧ ㄌㄧㄠˊ	醫療	1809
ㄒㄧㄤ ㄍㄤˇ	香港	1809
ㄒㄧㄝˊ ㄓㄨˋ	協助	1808
ㄐㄧˊ ㄕˇ	即使	1808
ㄎㄜˋ ㄔㄥˊ	課程	1806
ㄒㄧㄤˋ ㄕˋ	像是	1802
ㄧㄚˊ	牙	1802
ㄧㄣˇ	隱	1802
ㄧㄣˋ	隱	6.351308576902391
ㄌㄠˇ ㄖㄣˊ	老人	1801
ㄒㄧㄢˋ ㄔㄤˇ	現場	1798
ㄓㄜˊ	哲	1796
ㄒㄧㄥˋ ㄑㄩˋ	興趣	1796
ㄗㄜˊ ㄖㄣˋ	責任	1795
ㄞˊ	癌	363.64302191801653
ㄧㄢˊ	癌	1794
ㄩˇ ㄧㄢˊ	語言	1793
ㄋㄧㄢˊ ㄉㄨˋ	年度	1792
ㄈㄤ ㄒㄧㄤˋ	方向	1790
ㄔㄨㄢ	川	1787
ㄘㄠ	操	1787
ㄘㄠˋ	操	6.351308576902391
ㄅㄧㄢˋ	遍	1787
ㄆㄧㄢˋ	遍	6.351308576902391
ㄐㄧㄚ	嘉	1785
ㄧˋ	憶	1785
ㄩㄥˇ ㄧㄡˇ	擁有	1785
ㄕㄥ ㄉㄜ˙	生的	1785
ㄙ	絲	1785
ㄍㄞˇ ㄕㄢˋ	改善	1784
ㄌㄟˇ	累	6.351308576902391
ㄌㄟˊ	累	6.351308576902391
ㄌㄟˋ	累	1783
ㄦˊ ㄊㄨㄥˊ	兒童	1782
ㄕㄠ	燒	1782
ㄑㄧㄠˊ	橋	1781
ㄌㄧㄤˇ ㄢˋ	兩岸	1780
ㄍㄨㄛˊ ㄇㄧㄣˊ ㄉㄤˇ	國民黨	1780
ㄊㄞˋ ㄉㄨˋ	態度	1780
ㄓㄣˋ	震	1780
ㄙㄨㄣˇ	損	1779
ㄓㄜ	折	360.3998288574322
ㄓㄜˊ	折	1778
ㄓㄣ	珍	1777
ㄕˋ ㄧㄝˋ	事業	1771
ㄐㄧㄢˋ	閒	6.351308576902391
ㄒㄧㄢˊ	閒	1770
ㄩㄢˋ ㄓㄤˇ	院長	1769
ㄕˊ ㄈㄣ	十分	1768
ㄍㄨㄤˇ ㄍㄠˋ	廣告	1768
ㄇㄟˇ ㄩㄢˊ	美元	1765
ㄎㄚ	哈	6.351308576902391
ㄏㄚ	哈	1763
ㄏㄚˇ	哈	6.351308576902391
ㄕㄜˋ	涉	1762
ㄈㄥ	封	1761
ㄑㄧㄠˇ	巧	1761
ㄒㄧㄣ ㄉㄜ˙	新的	1761
ㄕˊ ㄐㄧㄡˇ	十九	1757
ㄓㄨㄢ ㄐㄧㄚ	專家	1756
ㄉㄢˋ	蛋	1752
ㄊㄨㄟ ㄔㄨ	推出	1751
ㄉㄤ ㄉㄧˋ	當地	1751
ㄌㄢˇ	覽	1751
ㄌㄧㄢˊ ㄏㄜˊ	聯合	1748
ㄒㄧㄢ	鮮	1746
ㄒㄧㄢˇ	鮮	6.351308576902391
ㄇㄧㄣˊ ㄓㄨˇ	民主	1745
ㄈㄚˇ ㄌㄩˋ	法律	1742
ㄧㄥˋ ㄩㄥˋ	應用	1738
ㄒㄧㄚˋ ㄨˇ	下午	1737
ㄏㄨㄢ ㄧㄥˊ	歡迎	1737
ㄋㄧㄢˊ ㄉㄞˋ	年代	1733
ㄧㄥ ㄨㄣˊ	英文	1732
ㄔㄥˊ ㄉㄨˋ	程度	1731
ㄉㄡ ㄅㄨˊ	都不	1729
ㄉㄡ ㄅㄨˋ	都不	1729
ㄓㄨˇ ㄍㄨㄢˇ	主管	1728
ㄌㄧㄥˋ ㄧ	另一	1728
ㄇㄨˇ ㄑㄧㄣ	母親	1727
ㄞˋ	礙	1727
ㄕㄠ	稍	1726
ㄩㄝˋ	閱	1726
ㄉㄚˋ ㄅㄨˋ	大部	1723
ㄔㄨˇ	礎	1722
ㄉㄚ	搭	1720
ㄌㄟˊ	雷	1720
ㄩㄢˊ ㄅㄣˇ	原本	1717
ㄕㄨˇ ㄩˊ	屬於	1717
ㄓㄨㄚ	抓	1717
ㄔㄨㄚˇ	抓	1717
ㄉㄡ ㄏㄨㄟˋ	都會	1717
ㄉㄨ ㄏㄨㄟˋ	都會	1717
ㄓㄢˋ	佔	1714
ㄌㄧˋ ㄈㄚˇ ㄩㄢˋ	立法院	1711
ㄕㄥ ㄧㄣ	聲音	1711
ㄊㄧˊ ㄍㄠ	提高	1710
ㄅㄧˇ ㄙㄞˋ	比賽	1710
ㄕˇ ㄉㄜˊ	使得	1709
ㄗㄡˋ	奏	1709
ㄊㄨㄥˊ ㄧㄤˋ	同樣	1708
ㄖㄢˊ ㄦˊ	然而	1708
ㄨㄣˊ ㄒㄩㄝˊ	文學	1707
ㄘㄞˊ	裁	1706
ㄍㄨˇ ㄌㄧˋ	鼓勵	1706
ㄍㄨㄥ ㄧㄝˋ	工業	1705
ㄧㄡˇ ㄒㄧㄝ	有些	1705
ㄧㄣˇ ㄑㄧˇ	引起	1704
ㄒㄩㄝˊ ㄐㄧㄚ	學家	1703
ㄔㄨㄤˋ ㄗㄠˋ	創造	1698
ㄕˋ ㄅㄨˊ ㄕˋ	是不是	1696
ㄐㄩㄣ	君	1694
ㄇㄧㄣˇ	敏	1694
ㄅㄨˋ ㄍㄨㄢˇ	不管	1692
ㄅㄧˇ	彼	1692
ㄈㄚ ㄅㄧㄠˇ	發表	1692
ㄨㄢˇ ㄕㄤˋ	晚上	1691
ㄒㄧㄚˋ ㄑㄩˋ	下去	1690
ㄐㄧㄡˋ ㄅㄨˊ	就不	1690
ㄐㄧㄡˋ ㄅㄨˋ	就不	1690
ㄆㄛˋ	迫	1690
ㄐㄧ ㄔㄨˇ	基礎	1689
ㄍㄡˇ	狗	1689
ㄐㄧㄝˊ ㄏㄜˊ	結合	1689
ㄅㄧˋ ㄇㄧㄢˇ	避免	1689
ㄅㄣˇ ㄌㄞˊ	本來	1688
ㄑㄩㄢˋ	券	1686
ㄇㄛˋ	末	1686
ㄕㄣ ㄊㄧˇ	身體	1685
ㄙㄨˋ	縮	6.351308576902391
ㄙㄨㄛ	縮	1682
ㄔㄤˊ ㄑㄧˊ	長期	1681
ㄨㄣˊ ㄓㄤ	文章	1680
ㄕㄥ ㄨˋ	生物	1680
ㄔㄥˊ	誠	1680
ㄐㄧㄝˊ ㄍㄡˋ	結構	1679
ㄧ ㄅㄨˋ	一步	1675
ㄧˊ ㄅㄨˋ	一步	1675
ㄧㄣˇ	飲	1675
ㄧㄣˋ	飲	6.351308576902391
ㄔㄨㄤˊ	床	1673
ㄒㄧㄡ ㄓㄥˋ	修正	1672
ㄐㄧㄥ ㄈㄟˋ	經費	1669
ㄏㄨ	忽	1668
ㄒㄧㄣ	辛	1668
ㄨㄣˊ ㄗˋ	文字	1667
ㄨˊ	亡	6.351308576902391
ㄨㄤˊ	亡	1666
ㄑㄧㄢ	簽	1666
ㄉㄠˇ ㄧㄢˇ	導演	1663
ㄉㄢˋ	淡	1663
ㄏㄨㄣˇ	混	6.351308576902391
ㄏㄨㄣˊ	混	6.351308576902391
ㄏㄨㄣˋ	混	1663
ㄈㄣ ㄅㄧㄝˊ	分別	1662
ㄐㄧㄝˋ ㄕㄠˋ	介紹	1660
ㄐㄩˋ	巨	1660
ㄎㄨㄥˇ	孔	1658
ㄧㄚ ㄌㄧˋ	壓力	1655
ㄐㄧㄢˇ ㄕㄠˇ	減少	1654
ㄅㄧㄣ	賓	1651
ㄘˋ	刺	1650
ㄑㄧㄣ	侵	1648
ㄕㄨ	殊	1648
ㄅㄨˊ ㄘㄨㄛˋ	不錯	1645
ㄇㄧˋ	秘	1644
ㄎㄨㄣˋ ㄋㄢˊ	困難	1643
ㄩㄢˊ ㄍㄨㄥ	員工	1641
ㄒㄩㄝˊ ㄕㄨˋ	學術	1640
ㄑㄧˊ ㄐㄧㄢ	期間	1640
ㄐㄧㄝ	皆	1639
ㄨㄛˇ ㄧㄝˇ	我也	1638
ㄍㄨㄢ ㄓㄨㄥˋ	觀眾	1638
ㄊㄨㄥˊ ㄧˋ	同意	1633
ㄓˋ ㄌㄧㄠˊ	治療	1633
ㄒㄧㄥˊ	刑	1631
ㄐㄧ ㄍㄨㄢ	機關	1631
ㄌㄢˊ	藍	1631
ㄕㄥ ㄊㄞˋ	生態	1628
ㄉㄨㄥˇ	董	1628
ㄅㄨˋ ㄏㄠˇ	不好	1626
ㄓˋ ㄕㄠˇ	至少	1626
ㄨ	污	1621
ㄙㄨˋ	塑	1618
ㄏㄨㄟˋ	惠	1618
ㄍㄡ ㄊㄨㄥ	溝通	1618
ㄑㄩ	趨	1618
ㄘㄨˋ	趨	6.351308576902391
ㄇㄟˇ ㄍㄜ˙	每個	1617
ㄇㄧㄢˋ	麵	1616
ㄎㄨㄥˋ ㄓˋ	控制	1615
ㄅㄨˋ ㄐㄧㄣˇ	不僅	1614
ㄛ	喔	1612
ㄘㄢˊ	殘	1612
ㄓㄣˋ	振	1611
ㄓㄢˋ	暫	1611
ㄗㄢˋ	暫	6.351308576902391
ㄘㄨㄛˋ	措	1610
ㄋㄧㄢˋ	廿	1609
ㄌㄩˇ ㄧㄡˊ	旅遊	1608
ㄕㄤˋ ㄇㄧㄢˋ	上面	1607
ㄓㄨㄥˋ ㄧㄠˋ ㄉㄜ˙	重要的	1607
ㄐㄧㄣ ㄖㄨㄥˊ	金融	1607
ㄍㄞ ㄕˋ	該是	1606
ㄖㄠˇ	擾	1605
ㄧㄢˇ ㄔㄨ	演出	1605
ㄌㄧㄥˇ ㄩˋ	領域	1605
ㄒㄧㄥˊ ㄔㄥˊ	形成	1603
ㄏㄞˊ ㄇㄟˊ	還沒	1602
ㄓㄨㄥ ㄩˊ	終於	1601
ㄐㄧㄝˇ	姐	1599
ㄊㄨㄥ ㄔㄤˊ	通常	1598
ㄍㄨㄢ	冠	6.351308576902391
ㄍㄨㄢˋ	冠	1595
ㄒㄧㄠˋ ㄍㄨㄛˇ	效果	1594
ㄈㄚˊ	乏	1592
ㄌㄠˊ ㄍㄨㄥ	勞工	1591
ㄙ ㄎㄠˇ	思考	1591
ㄧㄡˊ ㄒㄧˋ	遊戲	1591
ㄎㄨㄞˋ ㄌㄜˋ	快樂	1586
ㄙㄢ ㄋㄧㄢˊ	三年	1585
ㄅㄨˋ ㄧ	不一	1585
ㄒㄩㄢˇ ㄐㄩˇ	選舉	1584
ㄊㄚ ㄇㄣˊ ㄉㄜ˙	他們的	1583
ㄊㄚ ㄇㄣ˙ ㄉㄜ˙	他們的	1583
ㄏㄨㄟˊ ㄉㄠˋ	回到	1583
ㄧㄝˋ ㄨˋ	業務	1581
ㄐㄧㄠˇ ㄙㄜˋ	角色	1579
ㄐㄩㄝˊ ㄙㄜˋ	角色	1579
ㄐㄧˋ ㄏㄨㄚˋ	計劃	1579
ㄍㄜˋ ㄨㄟˋ	各位	1578
ㄅㄧㄠˇ ㄧㄢˇ	表演	1578
ㄓㄨㄥ	忠	1577
ㄅㄠ	胞	1575
ㄍㄨㄥ ㄕˋ	公視	1573
ㄗˋ ㄨㄛˇ	自我	1571
ㄍㄨˇ	骨	1571
ㄍㄨˊ	骨	6.351308576902391
ㄑㄧˋ	汽	1570
ㄧˇ ㄒㄧㄚˋ	以下	1567
ㄔㄡˊ	籌	1567
ㄈㄨˋ ㄋㄩˇ	婦女	1565
ㄒㄩㄝˊ ㄩㄢˋ	學院	1565
ㄧˋ ㄊㄧˊ	議題	1565
ㄙㄨˊ	俗	1563
ㄅㄨˋ	佈	1562
ㄓㄨˋ ㄗㄨㄛˋ	著作	1561
ㄧㄡˇ ㄒㄧㄠˋ	有效	1560
ㄍㄨㄥ ㄎㄞ	公開	1559
ㄧㄥ ㄍㄨㄛˊ	英國	1559
ㄅㄧㄢˋ ㄏㄨㄚˋ	變化	1559
ㄒㄧ ㄧㄣˇ	吸引	1557
ㄐㄧㄝˇ ㄕˋ	解釋	1556
ㄍㄠ ㄒㄩㄥˊ ㄕˋ	高雄市	1556
ㄧㄡˋ	幼	1555
ㄓㄨㄛ	桌	1552
ㄈㄨˋ ㄐㄧㄣˋ	附近	1552
ㄑㄧ	妻	1551
ㄑㄧˋ	妻	6.351308576902391
ㄔㄥˊ ㄕˋ	程式	1551
ㄅㄧˋ ㄧㄠˋ	必要	1550
ㄅㄤ	邦	1549
ㄨㄟˊ ㄓㄨˇ	為主	1548
ㄉㄨㄟ	堆	1547
ㄗㄨㄟ	堆	6.351308576902391
ㄐㄧㄢ	兼	1546
ㄐㄧˊ	吉	1545
ㄗㄨㄛˋ ㄧㄝˋ	作業	1543
ㄑㄧㄤ	搶	6.351308576902391
ㄑㄧㄤˇ	搶	1543
ㄔㄨㄤˇ	搶	6.351308576902391
ㄋㄩˇ ㄖㄣˊ	女人	1539
ㄕㄜˋ ㄧㄥˇ	攝影	1536
ㄒㄧㄣ	欣	1536
ㄍㄨㄥ ㄐㄩˋ	工具	1535
ㄑㄩㄢˊ ㄅㄨˋ	全部	1534
ㄈㄢˇ ㄧㄥˋ	反應	1533
ㄦˇ	耳	1533
ㄅㄧㄥ	冰	1531
ㄐㄧㄠ	焦	1531
ㄧˇ	尾	6.351308576902391
ㄨㄟˇ	尾	1528
ㄔㄨㄤ	窗	1528
ㄇㄛˋ	莫	1527
ㄧˊ	儀	1526
ㄑㄩˇ ㄉㄜˊ	取得	1526
ㄨㄟˊ ㄔˊ	維持	1526
ㄐㄧㄝˋ	借	1525
ㄈㄢˋ ㄨㄟˊ	範圍	1525
ㄗㄨㄛˇ ㄧㄡˋ	左右	1524
ㄅㄟˋ	貝	1524
ㄊㄧˊ ㄉㄠˋ	提到	1521
ㄓㄥˋ	鄭	1521
ㄇㄧㄥˊ ㄊㄧㄢ	明天	1515
ㄐㄩㄣˋ	俊	1513
ㄗㄨㄣˋ	俊	6.351308576902391
ㄔㄤˇ ㄕㄤ	廠商	1513
ㄐㄧㄝˊ ㄕㄨˋ	結束	1512
ㄓㄨㄥ ㄍㄨㄥˋ	中共	1505
ㄊㄞˊ ㄓㄨㄥ	台中	1505
ㄑㄧㄤˊ	牆	1505
ㄅㄨˋ ㄗㄨˊ	不足	1504
ㄉㄧˋ	帝	1504
ㄐㄩㄢ	圈	6.351308576902391
ㄐㄩㄢˋ	圈	6.351308576902391
ㄑㄩㄢ	圈	1503
ㄑㄩㄢˇ	圈	6.351308576902391
ㄒㄧㄠˇ ㄗㄨˇ	小組	1503
ㄧㄝˇ ㄐㄧㄡˋ	也就	1502
ㄓˊ ㄉㄜˊ	值得	1502
ㄓˊ ㄉㄜ˙	值得	1502
ㄒㄧㄝˊ ㄏㄨㄟˋ	協會	1502
ㄡˇ	偶	1501
ㄑㄧˊ	旗	1500
ㄕㄤ ㄆㄧㄣˇ	商品	1499
ㄓㄜˋ ㄧㄤˋ ㄗ˙	這樣子	1496
ㄆㄛ	坡	1494
ㄉㄧㄥ	丁	1493
ㄓㄥ	丁	6.351308576902391
ㄗㄜˊ	澤	1493
ㄌㄟˋ ㄙˋ	類似	1492
ㄔㄨ ㄉㄜ˙	出的	1491
ㄐㄧㄚ ㄓㄤˇ	家長	1490
ㄧˋ ㄕˋ	意識	1490
ㄧㄥ ㄍㄞ ㄕˋ	應該是	1489
ㄒㄧㄣ	薪	1489
ㄨㄟˋ ㄨㄛˇ	為我	1485
ㄔㄥˊ ㄒㄧㄢˋ	呈現	1484
ㄔㄣˊ	沈	1484
ㄕㄣˇ	沈	6.351308576902391
ㄐㄧˋ ㄉㄜˊ	記得	1484
ㄐㄧˋ ㄉㄜ˙	記得	1484
ㄨˇ ㄋㄧㄢˊ	五年	1481
ㄑㄧㄢˇ	潛	1481
ㄑㄧㄢˊ	潛	1481
ㄖㄣˇ	忍	1480
ㄍㄨㄚˋ	掛	1480
ㄩㄢˊ ㄗㄜˊ	原則	1479
ㄩㄢˊ	緣	1474
ㄅㄧㄠˇ ㄉㄚˊ	表達	1472
ㄍㄞˇ ㄍㄜˊ	改革	1471
ㄉㄚˋ ㄓㄨㄥˋ	大眾	1469
ㄢˋ	暗	1469
ㄈㄢˊ	煩	1469
ㄉㄚˋ ㄌㄧㄤˋ	大量	1465
ㄙㄨㄥ	鬆	1464
ㄖㄣˊ ㄎㄡˇ	人口	1463
ㄉㄞˋ ㄌㄞˊ	帶來	1463
ㄗˇ	仔	1462
ㄗㄞˇ	仔	1462
ㄅㄟ	悲	1461
ㄓˋ ㄏㄨㄟˋ	智慧	1461
ㄅㄨˇ ㄓㄨˋ	補助	1458
ㄒㄩㄣˋ ㄒㄧˊ	訊息	1458
ㄅㄨˊ ㄗㄞˋ	不再	1457
ㄅㄞˇ	擺	1457
ㄐㄩㄝˊ ㄉㄨㄟˋ	絕對	1457
ㄦˊ ㄧˇ	而已	1457
ㄈㄣ ㄓㄨㄥ	分鐘	1456
ㄇㄟˊ	梅	1455
ㄧ ㄈㄤ	一方	1454
ㄧˋ ㄈㄤ	一方	1454
ㄇㄧㄥˊ ㄋㄧㄢˊ	明年	1454
ㄉㄢ ㄖㄣˋ	擔任	1453
ㄈㄢˇ ㄉㄨㄟˋ	反對	1452
ㄊㄡ	偷	1450
ㄏㄥˊ	衡	1450
ㄓˋ ㄗㄠˋ	製造	1450
ㄋㄨㄛˋ	諾	1447
ㄅㄠˇ ㄒㄧㄢˇ	保險	1446
ㄍㄨㄛˊ ㄨㄞˋ	國外	1446
ㄨㄟˇ	偉	1444
ㄐㄧㄠˋ ㄕ	教師	1444
ㄇㄧㄣˊ ㄗㄨˊ	民族	1444
ㄌㄧˋ ㄌㄧㄤˋ	力量	1442
ㄒㄧㄡˇ	宿	6.351308576902391
ㄒㄧㄡˋ	宿	6.351308576902391
ㄙㄨˋ	宿	1442
ㄉㄨˊ ㄌㄧˋ	獨立	1440
ㄏㄡˋ	厚	1438
ㄊㄞˋ ㄉㄨㄛ	太多	1438
ㄈㄚˊ	罰	1438
ㄓㄢˋ ㄓㄥ	戰爭	1436
ㄗㄨ	租	1435
ㄅㄨˊ ㄩㄥˋ	不用	1434
ㄅㄨˋ ㄩㄥˋ	不用	1434
ㄓㄜˋ	宅	6.351308576902391
ㄓㄞˊ	宅	1434
ㄋㄨㄥˋ	弄	1434
ㄌㄨㄥˋ	弄	1434
ㄙㄜˋ	塞	6.351308576902391
ㄙㄞ	塞	1433
ㄙㄞˋ	塞	6.351308576902391
ㄉㄡˋ	鬥	1433
ㄕˊ ㄑㄧˊ	時期	1430
ㄍㄢ	干	1429
ㄉㄥˇ ㄉㄥˇ	等等	1428
ㄐㄧ ㄐㄧㄣ ㄏㄨㄟˋ	基金會	1426
ㄊㄜˋ ㄙㄜˋ	特色	1426
ㄒㄧˊ ㄍㄨㄢˋ	習慣	1425
ㄍㄨㄛˊ ㄓㄨㄥ	國中	1423
ㄒㄧㄢˋ	憲	1423
ㄑㄧㄣˊ	琴	1423
ㄒㄧㄣ ㄌㄧˇ	心理	1422
ㄍㄨㄛ	郭	1422
ㄘㄞˊ ㄋㄥˊ	才能	1421
ㄔㄥˊ ㄅㄣˇ	成本	1420
ㄧ ㄑㄧㄢ	一千	1419
ㄧˋ ㄑㄧㄢ	一千	1419
ㄒㄧㄣ ㄓㄨˊ	新竹	1419
ㄗㄨㄟˋ ㄉㄚˋ	最大	1417
ㄓㄨˇ ㄊㄧˊ	主題	1415
ㄉㄧˇ	抵	1415
ㄅㄧˋ ㄧㄝˋ	畢業	1415
ㄊㄜˋ ㄕㄨ	特殊	1413
ㄕㄡˇ ㄒㄧㄢ	首先	1413
ㄍㄢˇ ㄉㄠˋ	感到	1412
ㄧㄢ	煙	1412
ㄑㄧˊ	齊	1410
ㄓㄞ	齊	6.351308576902391
ㄗ	齊	6.351308576902391
ㄓㄨㄤ	莊	1409
ㄉㄨㄛ ㄕㄨˋ	多數	1404
ㄇㄛˊ	摩	1404
ㄊㄠˊ	桃	1402
ㄨ	烏	1402
ㄙ ㄒㄧㄤˇ	思想	1401
ㄖㄣˊ ㄨˋ	人物	1400
ㄧㄣ ㄙㄨˋ	因素	1400
ㄍㄠ ㄓㄨㄥ	高中	1400
ㄍㄠ ㄓㄨㄥˋ	高中	1400
ㄑㄧㄢ	遷	1399
ㄓㄨˋ	註	1398
ㄒㄩ	虛	1397
ㄐㄧㄚ ㄑㄧㄤˊ	加強	1396
ㄗㄨㄥˇ ㄕˋ	總是	1394
ㄩㄥˇ	勇	1390
ㄐㄧㄝˊ	捷	1390
ㄐㄧˋ	寄	1389
ㄓㄜˋ ㄘˋ	這次	1387
ㄇㄧㄠˊ	描	1386
ㄐㄧ	雞	1386
ㄧㄥˇ ㄒㄧㄤˋ	影像	1385
ㄑㄧㄥˇ ㄨㄣˋ	請問	1385
ㄩˊ	漁	1384
ㄐㄩ ㄇㄧㄣˊ	居民	1382
ㄅㄞˇ ㄨㄢˋ	百萬	1382
ㄦˋ ㄩㄝˋ	二月	1381
ㄧㄤˊ	揚	1381
ㄊㄧㄠˊ ㄓㄥˇ	調整	1381
ㄓㄨㄥˋ ㄕˋ	重視	1381
ㄒㄧˊ	惜	1379
ㄇㄧㄥˊ ㄒㄧㄢˇ	明顯	1379
ㄉㄨㄟˋ ㄒㄧㄤˋ	對象	1377
ㄈㄨˋ ㄑㄧㄣ	父親	1377
ㄐㄧㄠ ㄧˋ	交易	1376
ㄒㄩㄥ	兄	1374
ㄓㄨˊ ㄐㄧㄢˋ	逐漸	1374
ㄐㄧˊ ㄐㄧㄤ	即將	1373
ㄓ ㄒㄧㄚˋ	之下	1372
ㄘㄢ ㄎㄠˇ	參考	1372
ㄓㄨㄥˋ ㄉㄧㄢˇ	重點	1372
ㄕㄜˋ ㄅㄟˋ	設備	1371
ㄑㄧㄢˊ ㄨㄤˇ	前往	1370
ㄌㄧˇ ㄌㄨㄣˋ	理論	1370
ㄊㄨˊ	徒	1369
ㄌㄨˇ	魯	1368
ㄅㄢˋ	伴	1367
ㄌㄧㄠˊ	聊	1367
ㄏㄨㄢˇ	緩	1364
ㄉㄚˋ ㄉㄨㄛ	大多	1363
ㄐㄧㄡˋ ㄕˋ ㄕㄨㄛ	就是說	1362
ㄅㄟˇ ㄐㄧㄥ	北京	1361
ㄌㄧㄥˊ	齡	1360
ㄖㄥˊ ㄖㄢˊ	仍然	1357
ㄉㄨㄛ ㄖㄣˊ	多人	1355
ㄆㄛˊ	婆	1355
ㄆㄛ˙	婆	1355
ㄊㄤˊ	糖	1351
ㄌㄢˋ	爛	1349
ㄇㄛˊ ㄕˋ	模式	1347
ㄅㄨˋ ㄇㄣˊ	部門	1347
ㄍㄨㄢ ㄩˊ	關於	1346
ㄈㄢˇ ㄦˊ	反而	1345
ㄊㄞˊ ㄋㄢˊ	台南	1345
ㄇㄠˋ ㄧˋ	貿易	1344
ㄩㄝˋ ㄌㄞˊ	越來	1342
ㄊㄨˊ ㄕㄨ	圖書	1341
ㄏㄨㄥˊ	洪	1341
ㄒㄧㄢˊ	嫌	1340
ㄋㄧㄢˊ ㄌㄞˊ	年來	1340
ㄑㄩㄝˋ ㄉㄧㄥˋ	確定	1340
ㄇㄢˊ	蠻	1340
ㄔㄨˇ	儲	6.351308576902391
ㄔㄨˊ	儲	1339
ㄙㄨㄣ	孫	1339
ㄓㄥˋ ㄑㄩㄝˋ	正確	1339
ㄧㄝˇ ㄇㄟˊ	也沒	1337
ㄌㄧˇ ㄒㄧㄤˇ	理想	1337
ㄧ ㄊㄧㄢ	一天	1333
ㄧˋ ㄊㄧㄢ	一天	1333
ㄉㄚˋ ㄅㄨˋ ㄈㄣˋ	大部分	1333
ㄋㄞˇ	乃	1332
ㄋㄧㄥˊ	寧	1332
ㄘㄨㄛˋ ㄕ	措施	1332
ㄐㄧㄥ ㄔㄤˊ	經常	1331
ㄇㄧㄢˋ ㄌㄧㄣˊ	面臨	1330
ㄆㄧㄥˊ ㄐㄩㄣ	平均	1329
ㄓㄨ	朱	1329
ㄔˊ	池	1328
ㄩㄝˋ ㄌㄞˊ ㄩㄝˋ	越來越	1326
ㄐㄧㄡˇ ㄕˊ	九十	1325
ㄨㄢˊ ㄓㄥˇ	完整	1324
ㄔㄠˊ	巢	1324
ㄒㄩˊ	徐	1324
ㄙㄨㄥ	松	1324
ㄆㄥˋ	碰	1324
ㄅㄟˋ	輩	1324
ㄖㄣˊ ㄘㄞˊ	人才	1323
ㄕㄨˋ ㄨㄟˋ	數位	1323
ㄔㄨ ㄑㄩˋ	出去	1321
ㄧㄠˋ ㄕˋ	要是	1321
ㄈㄣ ㄒㄧㄤˇ	分享	1320
ㄊㄠˊ	逃	1319
ㄙㄨㄟˊ ㄓㄜ˙	隨著	1319
ㄗㄞˋ ㄩˊ	在於	1318
ㄘㄜˋ ㄌㄩㄝˋ	策略	1318
ㄐㄧㄢˋ ㄅㄠˇ	健保	1317
ㄉㄢ ㄒㄧㄣ	擔心	1317
ㄉㄢˋ	旦	1316
ㄅㄨˋ ㄌㄨㄛˋ	部落	1316
ㄋㄚˇ ㄌㄧˇ	哪裡	1312
ㄒㄧㄥˊ ㄕˋ	形式	1311
ㄎㄨㄚˋ	跨	1311
ㄓ	氏	6.351308576902391
ㄕˋ	氏	1310
ㄍㄨㄥ ㄔˇ	公尺	1309
ㄓㄨ	諸	1308
ㄋㄧㄤˊ	娘	1306
ㄋㄧㄤ˙	娘	1306
ㄈㄥ	峰	1306
ㄉㄧˊ ㄑㄩㄝˋ	的確	1305
ㄧ ㄕ	醫師	1305
ㄅㄚˋ ㄅㄚˋ	爸爸	1304
ㄅㄚˋ ㄅㄚ˙	爸爸	1304
ㄉㄨ	督	1304
ㄧㄚˇ ㄓㄡ	亞洲	1303
ㄕˋ ㄍㄜ˙	是個	1303
ㄇㄛˋ	默	1302
ㄌㄧㄠˇ	瞭	1301
ㄌㄧㄠˋ	瞭	6.351308576902391
ㄌㄧㄢˊ	蓮	1301
ㄓㄥˋ ㄔㄤˊ	正常	1300
ㄕˋ ㄏㄜˊ	適合	1297
ㄨㄤˇ ㄨㄤˇ	往往	1295
ㄋㄨㄥˊ	濃	1295
ㄉㄨㄥ	冬	1294
ㄒㄧㄠˋ ㄩㄢˊ	校園	1294
ㄡ ㄓㄡ	歐洲	1294
ㄕˊ ㄨㄢˋ	十萬	1293
ㄏㄨㄟ	輝	1293
ㄩㄣˋ ㄩㄥˋ	運用	1290
ㄕˋ	飾	1290
ㄒㄧㄤ ㄊㄨㄥˊ	相同	1289
ㄏㄨㄛˋ ㄒㄩˇ	或許	1287
ㄧㄠˊ	搖	1287
ㄒㄧㄤ ㄉㄨㄟˋ	相對	1286
ㄌㄧㄢˊ ㄇㄥˊ	聯盟	1286
ㄨㄟˊ ㄧ	唯一	1282
ㄈㄣˇ	粉	1282
ㄐㄩㄢˇ	卷	1281
ㄐㄩㄢˋ	卷	6.351308576902391
ㄑㄩㄢˊ	卷	6.351308576902391
ㄕㄣˇ ㄔㄚˊ	審查	1280
ㄗㄨˇ	阻	1280
ㄧㄢˊ ㄐㄧㄡˋ ㄙㄨㄛˇ	研究所	1279
ㄑㄩㄢˊ ㄍㄨㄛˊ	全國	1278
ㄓㄤˋ	帳	1277
ㄉㄠ	刀	1276
ㄓㄠˋ ㄆㄧㄢˋ	照片	1276
ㄉㄜ˙ ㄅㄨˋ ㄈㄣˋ	的部分	1274
ㄓㄣ ㄕˋ	真是	1274
ㄏㄞˊ ㄧㄠˋ	還要	1271
ㄊㄨㄥˇ ㄐㄧˋ	統計	1270
ㄉㄞˋ	袋	1270
ㄧㄠ ㄑㄧㄥˇ	邀請	1270
ㄌㄠˋ	絡	6.351308576902391
ㄌㄨㄛˋ	絡	1269
ㄅㄟˋ	倍	1268
ㄒㄧㄤˊ	祥	1268
ㄗˋ ㄉㄨㄥˋ	自動	1268
ㄐㄧㄥˋ	敬	1266
ㄓㄥˇ ㄊㄧˇ	整體	1266
ㄍㄡˋ ㄇㄞˇ	購買	1266
ㄧ ㄈㄤ ㄇㄧㄢˋ	一方面	1265
ㄧˋ ㄈㄤ ㄇㄧㄢˋ	一方面	1265
ㄘㄞˊ ㄔㄢˇ	財產	1265
ㄒㄧㄤˇ ㄒㄧㄤˋ	想像	1263
ㄎㄜ	顆	1262
ㄈㄥˋ	鳳	1262
ㄓㄠˋ ㄍㄨˋ	照顧	1261
ㄈㄚˇ ㄍㄨㄢ	法官	1259
ㄅㄢˋ ㄌㄧˇ	辦理	1258
ㄐㄧㄣˋ ㄧˊ ㄅㄨˋ	進一步	1258
ㄧ ㄩㄝˋ	一月	1257
ㄖㄣˊ ㄑㄩㄢˊ	人權	1257
ㄨㄢˋ ㄩㄢˊ	萬元	1256
ㄍㄤ	鋼	1256
ㄅㄨˋ ㄊㄨㄥˊ ㄉㄜ˙	不同的	1255
ㄒㄧㄠ ㄒㄧˊ	消息	1254
ㄌㄨㄛˋ	洛	1253
ㄐㄧˊ	疾	1253
ㄏㄨㄟˋ	匯	1252
ㄧㄝˇ ㄎㄜˇ ㄧˇ	也可以	1251
ㄋㄧㄢˊ ㄑㄧㄢˊ	年前	1250
ㄊㄨˊ ㄖㄢˊ	突然	1250
ㄎㄚ	咖	1249
ㄍㄞˋ ㄋㄧㄢˋ	概念	1248
ㄐㄧㄚˇ	甲	1247
ㄨㄞˋ ㄐㄧㄠ	外交	1246
ㄐㄩㄢ	捐	1246
ㄓㄨㄢˋ	賺	1246
ㄗㄨㄢˋ	賺	6.351308576902391
ㄧㄣˋ ㄒㄧㄤˋ	印象	1245
ㄌㄧㄡˊ ㄒㄧㄥˊ	流行	1245
ㄓㄢˇ ㄎㄞ	展開	1244
ㄈㄚ ㄏㄨㄟ	發揮	1244
ㄍㄨㄢ ㄩㄢˊ	官員	1242
ㄩㄥˇ ㄩㄢˇ	永遠	1242
ㄉㄡ ㄇㄟˊ	都沒	1242
ㄆㄛˇ	頗	1242
ㄕˊ ㄉㄨㄛ	十多	1241
ㄋㄞˇ	奶	1241
ㄋㄞ˙	奶	251.55016176157108
ㄓˇ ㄋㄥˊ	只能	1240
ㄑㄧㄥ	傾	1239
ㄌㄧㄢˋ	戀	1239
ㄉㄨㄥˋ	洞	1239
ㄉㄧㄡ	丟	1237
ㄉㄨㄥˋ ㄗㄨㄛˋ	動作	1237
ㄧㄣˊ	吟	1237
ㄩˋ	欲	1237
ㄍㄜˋ ㄓㄨㄥˇ	各種	1236
ㄈㄚ ㄒㄧㄥˊ	發行	1236
ㄗㄨˇ ㄔㄥˊ	組成	1236
ㄉㄤˇ ㄢˋ	檔案	1235
ㄘㄨㄥˊ ㄕˋ	從事	1233
ㄅㄨˇ	捕	1232
ㄙˋ ㄋㄧㄢˊ	四年	1231
ㄓㄣ	診	6.351308576902391
ㄓㄣˇ	診	1231
ㄗㄜˇ ㄇㄛ˙ ㄧㄤˋ	怎麼樣	1230
ㄗㄜˇ ㄇㄜ˙ ㄧㄤˋ	怎麼樣	1230
ㄗㄣˇ ㄇㄛ˙ ㄧㄤˋ	怎麼樣	1230
ㄗㄣˇ ㄇㄜ˙ ㄧㄤˋ	怎麼樣	1230
ㄒㄧㄤˇ ㄈㄚˇ	想法	1230
ㄆㄞ ㄕㄜˋ	拍攝	1230
ㄈㄨˋ	覆	1230
ㄕˋ ㄓㄤˇ	市長	1228
ㄒㄧㄠˋ ㄓㄤˇ	校長	1227
ㄉㄧㄝˊ	碟	1227
ㄏㄨ	虎	1227
ㄏㄨˇ	虎	1227
ㄙ ㄈㄚˇ	司法	1225
ㄑㄧˋ	契	1224
ㄑㄧㄝˋ	契	6.351308576902391
ㄒㄧㄝˋ	契	6.351308576902391
ㄉㄨㄣ	敦	1223
ㄒㄧㄝˋ ㄒㄧㄝˋ	謝謝	1223
ㄒㄧㄝˋ ㄒㄧㄝ˙	謝謝	1223
ㄈㄥ ㄈㄨˋ	豐富	1222
ㄧㄢˊ	炎	1221
ㄐㄧˊ	圾	1220
ㄙㄜˋ	圾	1220
ㄗㄨㄟˋ ㄏㄠˇ	最好	1220
ㄘㄜˋ	冊	1219
ㄇㄞˋ	麥	1219
ㄙㄢ ㄍㄜ˙	三個	1218
ㄅㄧㄥˋ	併	1218
ㄌㄜˋ	垃	1218
ㄒㄧㄠˇ ㄒㄩㄝˊ	小學	1218
ㄊㄧˊ ㄕㄥ	提升	1218
ㄑㄩㄝˋ ㄕˊ	確實	1216
ㄎㄣˇ ㄉㄧㄥˋ	肯定	1216
ㄐㄧˇ ㄍㄜ˙	幾個	1215
ㄒㄧㄤˊ	詳	1214
ㄍㄨㄢ ㄉㄧㄢˇ	觀點	1212
ㄌㄜˋ ㄙㄜˋ	垃圾	1210
ㄒㄩˋ	緒	1210
ㄔㄨㄥ ㄇㄢˇ	充滿	1209
ㄎㄨㄛˋ ㄉㄚˋ	擴大	1209
ㄑㄧㄤ	槍	1209
ㄐㄧㄥˋ	淨	1209
ㄒㄩㄝˊ ㄉㄜ˙	學的	1208
ㄊㄚ ㄉㄜ˙	它的	1207
ㄊㄨㄟ ㄍㄨㄤˇ	推廣	1206
ㄓㄚˊ	炸	6.351308576902391
ㄓㄚˋ	炸	1205
ㄓㄨ	豬	1205
ㄘㄞˊ ㄓㄥˋ	財政	1205
ㄗㄨˊ ㄑㄩㄣˊ	族群	1204
ㄐㄧˋ ㄋㄧㄢˋ	紀念	1203
ㄈㄢˊ	凡	1202
ㄓˊ	殖	1202
ㄦˋ ㄋㄧㄢˊ	二年	1201
ㄐㄧㄠ ㄌㄧㄡˊ	交流	1200
ㄓˇ	址	1199
ㄧㄠˋ ㄅㄨˊ	要不	1199
ㄧㄠˋ ㄅㄨˋ	要不	1199
ㄏㄠˊ	豪	1199
ㄌㄧˊ ㄎㄞ	離開	1199
ㄏㄠˇ ㄌㄜ˙	好了	1198
ㄧㄠˋ ㄧㄡˇ	要有	1198
ㄋㄠˋ	鬧	1198
ㄗㄜˊ ㄕˋ	則是	1196
ㄈㄚˇ	髮	1196
ㄍㄨㄟ ㄇㄛˊ	規模	1195
ㄕˋ ㄕˊ ㄕㄤˋ	事實上	1194
ㄈㄨˇ ㄉㄠˇ	輔導	1194
ㄖㄣˊ ㄕㄨˋ	人數	1192
ㄔㄤˊ	償	1192
ㄇㄚˇ ㄕㄤˋ	馬上	1192
ㄈㄤ ㄅㄧㄢˋ	方便	1189
ㄓㄨˇ ㄖㄣˋ ㄨㄟˇ ㄩㄢˊ	主任委員	1188
ㄒㄧㄠˇ	曉	1188
ㄕㄥˋ	剩	1186
ㄧㄝ	耶	240.40168561581248
ㄧㄝˊ	耶	1186
ㄐㄧ	跡	1186
ㄐㄧㄢˋ	鑑	1186
ㄊㄨㄛ	託	1185
ㄐㄧㄢˇ ㄔㄚˊ	檢查	1183
ㄌㄧㄠˇ ㄐㄧㄝˇ	瞭解	1183
ㄓㄤˋ ㄞˋ	障礙	1183
ㄓㄞˋ	債	1182
ㄊㄧㄥ ㄉㄠˋ	聽到	1182
ㄋㄚˋ ㄌㄧˇ	那裡	1182
ㄙㄨㄢ	酸	1181
ㄊㄤˊ	唐	1180
ㄊㄨㄥˇ ㄧ	統一	1180
ㄊㄧˇ ㄩˋ	體育	1180
ㄧ ㄨㄟˋ	一位	1179
ㄧˊ ㄨㄟˋ	一位	1179
ㄏㄨㄤˊ	皇	1179
ㄔㄥ ㄨㄟˊ	稱為	1179
ㄏㄠˇ ㄏㄠˇ	好好	1178
ㄍㄢˇ ㄕㄡˋ	感受	1178
ㄅㄧˇ ㄌㄧˋ	比例	1178
ㄋㄧㄢˊ ㄐㄧˊ	年級	1177
ㄧㄡ	憂	1177
ㄐㄧㄤ ㄌㄞˊ	將來	1174
ㄘㄞˇ ㄩㄥˋ	採用	1174
ㄗㄨㄥ	綜	6.351308576902391
ㄗㄨㄥˋ	綜	1174
ㄎㄠˇ ㄕˋ	考試	1174
ㄙㄠˇ	掃	1173
ㄙㄠˋ	掃	6.351308576902391
ㄎㄨㄤˊ	狂	1173
ㄐㄧ ㄑㄧˋ	機器	1172
ㄉㄧˋ ㄙˋ	第四	1172
ㄧ ㄅㄨˋ	一部	1171
ㄧˊ ㄅㄨˋ	一部	1171
ㄋㄥˊ ㄅㄨˊ	能不	1171
ㄋㄥˊ ㄅㄨˋ	能不	1171
ㄑㄧㄥ ㄋㄧㄢˊ	青年	1171
ㄒㄩㄢ ㄅㄨˋ	宣布	1170
ㄑㄩㄝ ㄈㄚˊ	缺乏	1170
ㄧㄡˊ	郵	1170
ㄒㄧㄤˋ ㄇㄨˋ	項目	1170
ㄅㄧㄥˇ	屏	6.351308576902391
ㄆㄧㄥˊ	屏	1169
ㄘˊ	辭	1169
ㄏㄣˇ ㄏㄠˇ	很好	1168
ㄕㄡ ㄖㄨˋ	收入	1167
ㄕㄨ ㄖㄨˋ	輸入	1167
ㄅㄢˋ	扮	1163
ㄎㄢˋ ㄈㄚˇ	看法	1163
ㄉㄧㄢˋ ㄒㄧㄣˋ	電信	1162
ㄊㄞˊ ㄉㄚˋ	台大	1161
ㄈㄨˊ	浮	1160
ㄓㄨㄥˋ ㄉㄚˋ	重大	1160
ㄑㄩㄥˊ	窮	1159
ㄆㄧㄥˊ ㄍㄨ	評估	1159
ㄅㄢˇ	闆	1157
ㄊㄚˇ	塔	1156
ㄌㄠˇ ㄅㄢˇ	老闆	1156
ㄢ ㄆㄞˊ	安排	1155
ㄧ ㄖˋ	一日	1153
ㄧˊ ㄖˋ	一日	1153
ㄔㄥˊ	乘	1153
ㄕㄥˋ	乘	6.351308576902391
ㄋㄢˊ ㄖㄣˊ	男人	1153
ㄐㄧㄤˋ ㄉㄧ	降低	1153
ㄈㄤ ㄢˋ	方案	1151
ㄉㄠˇ ㄓˋ	導致	1150
ㄧ ㄒㄩㄝˊ	醫學	1150
ㄅㄨˋ ㄌㄜ˙	不了	1148
ㄅㄨˋ ㄌㄧㄠˇ	不了	1148
ㄗㄚˊ ㄓˋ	雜誌	1147
ㄓㄥˋ ㄉㄤˇ	政黨	1146
ㄐㄧˋ ㄌㄨˋ	記錄	1146
ㄍㄨㄢ ㄐㄧㄢˋ	關鍵	1146
ㄐㄧㄚ ㄖㄣˊ	家人	1144
ㄧㄝˇ ㄐㄧㄡˋ ㄕˋ	也就是	1143
ㄒㄧㄢˋ ㄕˋ	縣市	1143
ㄊㄚ ㄇㄣˊ	她們	1141
ㄊㄚ ㄇㄣ˙	她們	1141
ㄐㄧㄥ	睛	1141
ㄑㄩ ㄩˋ	區域	1139
ㄘㄞˇ ㄑㄩˇ	採取	1139
ㄓㄥ ㄑㄩˇ	爭取	1138
ㄧㄝˊ	爺	1138
ㄏㄥˊ	橫	1137
ㄏㄥˋ	橫	6.351308576902391
ㄌㄧˋ ㄧˋ	利益	1136
ㄗㄨㄟˇ	嘴	1136
ㄕㄜˋ ㄕ	設施	1136
ㄇㄧㄠˋ	妙	1135
ㄧㄡˇ ㄕˊ ㄏㄡˋ	有時候	1135
ㄋㄚˇ ㄕˊ	那時	1135
ㄋㄚˋ ㄕˊ	那時	1135
ㄌㄧㄡˋ ㄋㄧㄢˊ	六年	1134
ㄏㄨㄟˊ ㄐㄧㄚ	回家	1134
ㄇㄠˋ	貌	1134
ㄇㄠˋ	冒	1133
ㄐㄧㄡˋ ㄧㄡˇ	就有	1133
ㄑㄧㄢ ㄨㄢˋ	千萬	1132
ㄏㄢˊ	涵	1132
ㄋㄧㄡˇ	紐	1132
ㄕㄣ	伸	1130
ㄒㄧˋ ㄌㄧㄝˋ	系列	1130
ㄩˋ ㄉㄠˋ	遇到	1130
ㄈㄟ	啡	1129
ㄕㄨㄤ ㄈㄤ	雙方	1129
ㄇㄟˇ ㄌㄧˋ	美麗	1128
ㄈㄨˊ ㄏㄜˊ	符合	1126
ㄕㄨㄛ ㄕˋ	說是	1126
ㄓㄜˋ ㄅㄧㄢ	這邊	1126
ㄙㄨㄥˋ	宋	1125
ㄔㄥˊ ㄍㄨㄛˇ	成果	1125
ㄊㄢˇ	坦	1123
ㄇㄠ	貓	1123
ㄓㄨˋ	祝	1121
ㄦˊ ㄅㄨˊ	而不	1121
ㄦˊ ㄅㄨˋ	而不	1121
ㄐㄧㄥ	晶	1120
ㄋㄧˊ	泥	1120
ㄋㄧˋ	泥	6.351308576902391
ㄙㄨㄢˋ ㄕˋ	算是	1120
ㄩˇ	宇	1119
ㄏㄜˊ ㄌㄧˇ	合理	1118
ㄉㄧˋ ㄉㄧㄢˇ	地點	1118
ㄙㄡ	搜	1118
ㄊㄤ	湯	1118
ㄕㄤ	湯	6.351308576902391
ㄌㄜˋ	勒	1116
ㄌㄟ	勒	1116
ㄏㄠˊ	毫	1116
ㄈㄟˋ ㄩㄥˋ	費用	1115
ㄐㄩˋ ㄊㄧˇ	具體	1114
ㄍㄨㄛˋ ㄌㄞˊ	過來	1114
ㄗㄨㄛˊ ㄖˋ	昨日	1112
ㄧˋ	液	1112
ㄧㄝˋ	液	1112
ㄉㄞˋ	貸	1112
ㄌㄞˊ ㄌㄜ˙	來了	1109
ㄨㄞˋ ㄍㄨㄛˊ	外國	1108
ㄕˋ ㄩㄥˋ	是用	1108
ㄗㄨㄛˋ ㄩㄥˋ	作用	1107
ㄕㄜˇ	舍	6.351308576902391
ㄕㄜˋ	舍	1107
ㄊㄨㄛ	托	1105
ㄍㄨˇ	滑	6.351308576902391
ㄏㄨㄚˊ	滑	1104
ㄇㄟˇ ㄧ	每一	1103
ㄅㄨˋ ㄎㄜˇ ㄋㄥˊ	不可能	1102
ㄇㄢˋ ㄇㄢˋ	慢慢	1102
ㄐㄧㄣ	津	1102
ㄍㄨˇ	谷	1102
ㄩˋ	谷	6.351308576902391
ㄙㄢ ㄅㄞˇ	三百	1101
ㄐㄧㄥˋ	徑	1101
ㄐㄧㄠˇ ㄉㄨˋ	角度	1101
ㄊㄢˊ	壇	1100
ㄉㄚˋ ㄒㄧㄥˊ	大型	1100
ㄑㄩㄢˊ ㄌㄧˋ	權力	1100
ㄒㄩㄥˊ	熊	1100
ㄩㄢˋ	怨	1099
ㄏㄢˊ	寒	1097
ㄧㄣ	陰	1097
ㄅㄟ	杯	1096
ㄌㄧㄥˇ ㄉㄠˇ	領導	1096
ㄉㄧㄥˋ ㄧㄠˋ	定要	1095
ㄈㄨˊ ㄌㄧˋ	福利	1094
ㄣ	恩	1093
ㄍㄨㄟˇ	鬼	1093
ㄧㄝˇ ㄏㄨㄟˋ	也會	1092
ㄒㄧㄚˋ ㄉㄜ˙	下的	1091
ㄨㄟˊ ㄐㄧ	危機	1091
ㄔㄥˊ ㄐㄧ	成績	1091
ㄧㄢˊ	沿	1091
ㄧㄢˋ	沿	6.351308576902391
ㄨㄣˇ ㄉㄧㄥˋ	穩定	1091
ㄌㄧˋ ㄔㄤˇ	立場	1091
ㄑㄩㄢˊ ㄌㄧˋ	權利	1089
ㄅㄨˊ ㄅㄧˋ	不必	1088
ㄓㄥ ㄧˋ	爭議	1087
ㄍㄠˇ	稿	1087
ㄅㄧㄥˋ ㄇㄟˊ	並沒	1086
ㄅㄠˇ ㄔˊ	保持	1086
ㄈㄨˋ ㄗㄚˊ	複雜	1086
ㄨㄛˇ ㄏㄞˊ	我還	1085
ㄏㄞˊ ㄅㄨˊ	還不	1083
ㄏㄞˊ ㄅㄨˋ	還不	1083
ㄋㄚˇ ㄧㄤˋ	那樣	1083
ㄋㄚˋ ㄧㄤˋ	那樣	1083
ㄗˋ ㄒㄧㄥˊ	自行	1082
ㄗㄢˋ	贊	1082
ㄗㄨㄛˋ ㄉㄜ˙	做的	1080
ㄌㄧㄣˊ	鄰	1080
ㄉㄜ˙ ㄏㄣˇ	得很	1079
ㄙㄨˋ ㄉㄨˋ	速度	1079
ㄈㄟˊ	肥	1078
ㄎㄚ ㄈㄟ	咖啡	1077
ㄇㄧㄥˊ ㄗˋ	名字	1075
ㄇㄧㄥˊ ㄗ˙	名字	1075
ㄐㄧˋ	祭	1075
ㄓㄞˋ	祭	6.351308576902391
ㄉㄨㄥˇ ㄕˋ	董事	1075
ㄐㄧㄝ ㄔㄨˋ	接觸	1074
ㄅㄧˇ ㄘˇ	彼此	1072
ㄎㄢˋ ㄌㄞˊ	看來	1072
ㄩㄣˋ ㄗㄨㄛˋ	運作	1071
ㄉㄠˋ ㄌㄨˋ	道路	1071
ㄉㄞˋ	戴	1070
ㄧㄢˇ ㄐㄧㄥ	眼睛	1070
ㄒㄧㄠˇ ㄕㄨㄛ	小說	1069
ㄑㄩㄢˊ ㄇㄧㄢˋ	全面	1068
ㄒㄧㄢˋ ㄕˊ	現實	1068
ㄒㄧㄤ	箱	1067
ㄗㄨㄣ ㄓㄨㄥˋ	尊重	1066
ㄇㄧㄠˋ	廟	1066
ㄐㄩˋ	拒	1066
ㄎㄢˋ ㄑㄧˇ	看起	1066
ㄆㄧˋ	譬	1066
ㄓㄤˇ ㄨㄛˋ	掌握	1064
ㄐㄧˋ ㄧˋ	記憶	1063
ㄅㄧㄥˋ ㄇㄟˊ ㄧㄡˇ	並沒有	1062
ㄏㄨㄟ	灰	1061
ㄌㄧㄡˊ ㄒㄧㄚˋ	留下	1060
ㄐㄧㄣˋ ㄅㄨˋ	進步	1060
ㄋㄟˋ ㄅㄨˋ	內部	1059
ㄍㄨㄥ ㄆㄧㄥˊ	公平	1059
ㄨㄥ	翁	1059
ㄩㄝ	曰	1058
ㄉㄨˋ	杜	1058
ㄒㄧˋ ㄅㄠ	細胞	1058
ㄈㄤˇ ㄨㄣˋ	訪問	1058
ㄔㄨㄟ	吹	1057
ㄔㄨㄟˋ	吹	6.351308576902391
ㄐㄧㄝˊ	潔	1057
ㄠˋ	澳	1057
ㄏㄜˊ	荷	1057
ㄏㄜˋ	荷	6.351308576902391
ㄓㄥˇ ㄏㄜˊ	整合	1055
ㄇㄚˋ	罵	1054
ㄎㄞˇ	凱	1053
ㄧㄡˇ ㄧˋ	有意	1053
ㄧㄢˇ ㄐㄧㄤˇ	演講	1053
ㄕㄨ	舒	1053
ㄈㄢˇ	返	1053
ㄓㄨㄢ ㄌㄧˋ	專利	1051
ㄋㄩˇ ㄏㄞˊ	女孩	1049
ㄨ ㄖㄢˇ	污染	1049
ㄊㄧˊ ㄢˋ	提案	1048
ㄅㄨˋ ㄉㄨㄛ	不多	1047
ㄏㄨㄚˋ ㄇㄧㄢˋ	畫面	1047
ㄓㄨㄥ ㄍㄨㄛˊ ㄖㄣˊ	中國人	1046
ㄏㄣˇ ㄉㄚˋ	很大	1046
ㄔㄥˊ ㄩㄢˊ	成員	1046
ㄑㄧˋ ㄔㄜ	汽車	1046
ㄅㄢˋ ㄍㄨㄥ	辦公	1046
ㄋㄚˇ ㄕˋ	那是	1046
ㄋㄚˋ ㄕˋ	那是	1046
ㄐㄧㄠˋ ㄗㄨㄛˋ	叫做	1045
ㄎㄢˋ ㄑㄧˇ ㄌㄞˊ	看起來	1045
ㄅㄧˋ	閉	1045
ㄕㄤˋ ㄨˇ	上午	1044
ㄓㄠˋ ㄎㄞ	召開	1044
ㄕㄡˋ	壽	1044
ㄎㄠˇ ㄌㄧㄤˊ	考量	1044
ㄘㄨㄛˋ ㄨˋ	錯誤	1044
ㄒㄧㄣ ㄑㄧㄥˊ	心情	1042
ㄇㄢˋ	曼	1042
ㄩㄝˋ ㄉㄨˊ	閱讀	1042
ㄏㄨㄥˊ	宏	1041
ㄧㄡˇ ㄑㄩˋ	有趣	1041
ㄋㄨㄥˊ ㄇㄧㄣˊ	農民	1041
ㄐㄧㄥˇ ㄈㄤ	警方	1040
ㄅㄨˋ ㄓˇ	不只	1039
ㄧㄥˇ ㄓㄢˇ	影展	1039
ㄨㄚˇ	瓦	1039
ㄇㄧㄠˊ	苗	1038
ㄅㄨˊ ㄌㄨㄣˋ	不論	1037
ㄎㄨ	哭	1037
ㄈㄣˋ	奮	1037
ㄨㄛˇ ㄗㄞˋ	我在	1037
ㄊㄡˊ ㄖㄨˋ	投入	1037
ㄈㄚˋ ㄍㄨㄛˊ	法國	1037
ㄨˇ ㄅㄞˇ	五百	1036
ㄋㄟˋ ㄓㄥˋ	內政	1036
ㄉㄤ ㄔㄨ	當初	1036
ㄅㄠˇ ㄓㄤˋ	保障	1035
ㄐㄧˇ ㄋㄧㄢˊ	幾年	1035
ㄕㄨˋ ㄌㄧㄤˋ	數量	1035
ㄧㄡˇ ㄒㄧㄢˋ	有限	1034
ㄅㄧㄢˇ	扁	1033
ㄆㄧㄢ	扁	6.351308576902391
ㄑㄧ ㄩㄝˋ	七月	1032
ㄉㄨㄟˋ ㄈㄤ	對方	1031
ㄓㄨ	珠	1031
ㄓˊ ㄉㄠˋ	直到	1029
ㄏㄨㄟˊ ㄉㄚˊ	回答	1028
ㄊㄧㄠˇ ㄓㄢˋ	挑戰	1028
ㄎㄜ	柯	1028
ㄗㄨㄥ ㄐㄧㄠˋ	宗教	1027
ㄆㄨˇ ㄅㄧㄢˋ	普遍	1027
ㄆㄨˇ ㄆㄧㄢˋ	普遍	1027
ㄅㄧㄥˋ ㄖㄣˊ	病人	1027
ㄧㄤˊ	羊	1026
ㄏㄨˋ ㄉㄨㄥˋ	互動	1025
ㄊㄧㄢ ㄑㄧˋ	天氣	1025
ㄕˋ ㄓㄥˋ	市政	1025
ㄒㄧㄢˋ	陷	1024
ㄗㄜˇ ㄧㄤˋ	怎樣	1023
ㄗㄣˇ ㄧㄤˋ	怎樣	1023
ㄌㄧㄥˊ	玲	1023
ㄐㄩˋ ㄌㄧˊ	距離	1023
ㄓㄨㄟ ㄑㄧㄡˊ	追求	1023
ㄕˊ ㄨˋ	食物	1023
ㄩˋ	籲	1022
ㄒㄧ ㄈㄤ	西方	1022
ㄇㄡˊ	謀	1021
ㄗ ㄐㄧㄣ	資金	1021
ㄐㄧㄡˋ ㄧㄠˋ	就要	1020
ㄅㄠˇ ㄘㄨㄣˊ	保存	1019
ㄕㄨㄛ ㄉㄜ˙	說的	1019
ㄌㄨˋ ㄕㄤˋ	路上	1019
ㄅㄧㄝˊ ㄉㄜ˙	別的	1018
ㄅㄛˊ ㄕˋ	博士	1018
ㄆㄛˋ ㄏㄨㄞˋ	破壞	1017
ㄍㄢ	肝	1017
ㄊㄞˋ ㄧㄤˊ	太陽	1016
ㄊㄚˋ	踏	1016
ㄔㄤˊ	嘗	1015
ㄍㄨㄥ ㄐㄧˊ	攻擊	1015
ㄏㄨㄛˋ ㄅㄧˋ	貨幣	1015
ㄗ ㄅㄣˇ	資本	1015
ㄓㄨˇ ㄨㄟˇ	主委	1014
ㄧㄡˇ ㄙㄨㄛˇ	有所	1014
ㄌㄧㄢˊ ㄒㄩˋ	連續	1014
ㄑㄧㄥ ㄕㄠˋ ㄋㄧㄢˊ	青少年	1014
ㄔㄨㄢˋ	串	1012
ㄐㄧㄣˋ ㄎㄡˇ	進口	1012
ㄗㄞˋ ㄧ ㄑㄧˇ	在一起	1011
ㄗㄞˋ ㄧˋ ㄑㄧˇ	在一起	1011
ㄍㄨㄥ ㄏㄨㄟˋ	工會	1011
ㄎㄨㄞˋ ㄙㄨˋ	快速	1011
ㄨㄟˊ ㄒㄧㄢˇ	危險	1010
ㄐㄩˊ ㄓㄤˇ	局長	1010
ㄈㄨˋ ㄉㄢ	負擔	1010
ㄅㄧˊ	鼻	1010
ㄅㄛˊ	柏	1009
ㄔㄣˊ	沉	1009
ㄊㄚ ㄇㄣˊ	它們	1008
ㄊㄚ ㄇㄣ˙	它們	1008
ㄉㄜ˙ ㄕˋ ㄑㄧㄥˊ	的事情	1008
ㄐㄧㄥˇ ㄔㄚˊ	警察	1008
ㄇㄛˊ	魔	1007
ㄔㄚ ㄧˋ	差異	1006
ㄐㄧㄝ ㄓㄜ˙	接著	1006
ㄩㄝˋ	躍	1006
ㄔㄨㄢˊ ㄅㄛ	傳播	1005
ㄔㄨㄢˊ ㄅㄛˋ	傳播	1005
ㄊㄧㄢ ㄒㄧㄚˋ	天下	1005
ㄇㄛˋ	脈	6.351308576902391
ㄇㄞˋ	脈	1005
ㄒㄧㄝˊ	鞋	1005
ㄓˇ ㄏㄠˇ	只好	1004
ㄉㄜˊ ㄍㄨㄛˊ	德國	1004
ㄗ	滋	1004
ㄓㄣ ㄕˊ	真實	1004
ㄧˋ	役	1003
ㄗㄨㄥ	蹤	1003
ㄇㄛˋ	墨	1002
ㄉㄧㄝˊ	跌	1002
ㄍㄢ	甘	1001
ㄈㄢˋ	販	1000
ㄓㄜˊ ㄒㄩㄝˊ	哲學	999
ㄏㄨㄤ	荒	998
ㄇㄧㄥˊ ㄔㄥ	名稱	997
ㄘˊ	慈	997
ㄏㄨㄟˋ	繪	996
ㄔㄤˊ ㄉㄜ˙	長的	996
ㄅㄚ ㄋㄧㄢˊ	八年	995
ㄉㄨㄛ ㄩㄢˊ	多元	995
ㄉㄢˇ	膽	995
ㄓㄨˇ ㄓㄤ	主張	993
ㄗㄨㄛˋ ㄨㄟˊ	做為	993
ㄙˇ ㄨㄤˊ	死亡	993
ㄨˊ ㄌㄨㄣˋ	無論	993
ㄏㄨㄟˋ ㄅㄨˊ ㄏㄨㄟˋ	會不會	992
ㄈㄢ	番	992
ㄐㄧㄡˇ ㄋㄧㄢˊ	九年	991
ㄐㄧㄢ	尖	991
ㄇㄢˋ ㄏㄨㄚˋ	漫畫	991
ㄔㄣˊ	晨	989
ㄕㄜˋ ㄌㄧˋ	設立	989
ㄐㄧㄠ ㄏㄨㄢˋ	交換	988
ㄓㄤ	彰	988
ㄋㄞˋ	耐	988
ㄔㄞ	拆	987
ㄌㄧˇ ㄧㄡˊ	理由	987
ㄉㄢˋ	誕	987
ㄐㄧㄣˋ ㄑㄩˋ	進去	987
ㄎㄜˇ ㄋㄥˊ ㄏㄨㄟˋ	可能會	986
ㄉㄠˋ	盜	986
ㄧㄤˇ	仰	985
ㄎㄡˋ	扣	985
ㄓㄥˇ ㄌㄧˇ	整理	985
ㄐㄧㄡˇ ㄩㄝˋ	九月	984
ㄦˊ ㄧㄢˊ	而言	984
ㄉㄡ ㄎㄜˇ	都可	984
ㄓㄥˋ ㄇㄧㄥˊ	證明	983
ㄈㄡˇ ㄗㄜˊ	否則	982
ㄇㄡˇ ㄒㄧㄝ	某些	982
ㄔㄨ ㄌㄜ˙	出了	981
ㄓㄠˋ	趙	981
ㄒㄧㄠˇ ㄐㄧㄝˇ	小姐	979
ㄈㄢˋ	泛	979
ㄐㄧㄚ ㄧˇ	加以	978
ㄕㄨㄣˋ ㄌㄧˋ	順利	978
ㄈㄥ ㄍㄜˊ	風格	978
ㄐㄧㄡˋ ㄧㄝˋ	就業	977
ㄏㄜˊ ㄆㄧㄥˊ	和平	976
ㄅㄨˊ ㄐㄧㄢˋ	不見	975
ㄅㄨˋ ㄐㄧㄢˋ	不見	975
ㄓㄠ	昭	974
ㄑㄧˊ ㄉㄞˋ	期待	974
ㄙㄨㄛˇ	鎖	974
ㄉㄧㄠ	雕	974
ㄊㄨˊ ㄕㄨ ㄍㄨㄢˇ	圖書館	973
ㄉㄧˊ	敵	973
ㄐㄧㄡˇ ㄐㄧㄡˇ	九九	972
ㄐㄧˋ ㄙㄨㄢˋ	計算	972
ㄉㄚˊ ㄔㄥˊ	達成	972
ㄓㄢ	占	6.351308576902391
ㄓㄢˋ	占	971
ㄌㄤˇ	朗	971
ㄒㄧㄠˇ ㄒㄧㄣ	小心	970
ㄑㄩ ㄕˋ	趨勢	970
ㄧ ㄉㄨㄢˋ	一段	969
ㄧˊ ㄉㄨㄢˋ	一段	969
ㄆㄧ ㄆㄧㄥˊ	批評	969
ㄋㄨㄥˊ ㄧㄝˋ	農業	969
ㄔㄚ	插	968
ㄕˋ ㄧˇ	是以	968
ㄊㄚ ㄖㄣˊ	他人	963
ㄔㄨㄤˋ ㄧˋ	創意	963
ㄌㄠˊ ㄉㄨㄥˋ	勞動	962
ㄅㄢˇ ㄅㄣˇ	版本	962
ㄋㄥˊ ㄩㄢˊ	能源	962
ㄐㄧㄢˇ ㄊㄠˇ	檢討	961
ㄆㄧˋ ㄖㄨˊ	譬如	961
ㄐㄧ	蹟	961
ㄌㄞˊ ㄊㄞˊ	來台	960
ㄨㄛˇ ㄧㄡˇ	我有	960
ㄔㄨˊ	廚	959
ㄉㄢ	丹	957
ㄐㄧㄥ ㄌㄧˇ	經理	957
ㄓㄨㄥ ㄏㄨㄚˊ ㄇㄧㄣˊ ㄍㄨㄛˊ	中華民國	956
ㄐㄧˋ	劑	956
ㄇㄧㄥˊ	銘	956
ㄍㄢˇ ㄑㄧㄥˊ	感情	955
ㄋㄢˊ ㄧˇ	難以	954
ㄒㄧㄤˇ ㄕㄡˋ	享受	953
ㄒㄧㄠˋ ㄌㄩˋ	效率	953
ㄋㄚˋ ㄓㄨㄥˇ	那種	953
ㄍㄠ ㄒㄧㄥˋ	高興	953
ㄊㄧㄠˊ ㄎㄨㄢˇ	條款	952
ㄆㄧㄥˊ	瓶	952
ㄅㄛˊ ㄨˋ	博物	951
ㄈㄟ	菲	951
ㄈㄟˇ	菲	6.351308576902391
ㄌㄧㄤˇ ㄅㄞˇ	兩百	950
ㄓㄨㄣˇ	准	950
ㄅㄢ	搬	950
ㄆㄠˋ	泡	950
ㄉㄚˊ ㄢˋ	答案	950
ㄅㄚ ㄩㄝˋ	八月	948
ㄓㄨㄤˋ	壯	948
ㄨㄟˋ ㄊㄚ	為他	948
ㄕㄜˋ ㄉㄧㄥˋ	設定	947
ㄕ ㄧㄝˋ	失業	946
ㄙㄨㄛˇ ㄧㄡˇ ㄉㄜ˙	所有的	946
ㄇㄚˇ	瑪	946
ㄅㄨˊ ㄊㄞˋ	不太	945
ㄅㄣˇ ㄖㄣˊ	本人	945
ㄐㄧˊ ㄅㄧㄥˋ	疾病	945
ㄐㄧˋ	騎	6.351308576902391
ㄑㄧˊ	騎	945
ㄋㄞˇ	奈	6.351308576902391
ㄋㄞˋ	奈	944
ㄕㄥ	昇	944
ㄉㄚˋ ㄩㄝ	大約	943
ㄓㄨˇ ㄔˊ	主持	942
ㄈㄨ	膚	941
ㄊㄠˊ	陶	940
ㄧ ㄌㄚ ㄎㄜˋ	伊拉克	939
ㄔㄥˊ ㄌㄜ˙	成了	939
ㄕㄨㄛ ㄈㄚˇ	說法	939
ㄆㄧㄣˊ	貧	939
ㄧ ㄅㄧㄢ	一邊	938
ㄧˋ ㄅㄧㄢ	一邊	938
ㄧˊ	怡	937
ㄘㄞˇ ㄈㄤˇ	採訪	937
ㄍㄨㄟˋ	櫃	937
ㄨㄟˊ ㄏㄨˋ	維護	937
ㄨㄟˋ ㄩˊ	位於	936
ㄍㄢˇ ㄒㄧㄝˋ	感謝	936
ㄧㄡˇ ㄐㄧ	有機	936
ㄑㄩㄢˊ	泉	936
ㄏㄠˇ ㄐㄧˇ	好幾	935
ㄦˊ ㄗˇ	兒子	934
ㄦˊ ㄗ˙	兒子	934
ㄒㄧㄣ ㄕㄤˇ	欣賞	934
ㄍㄜˊ	閣	934
ㄅㄚˊ	拔	933
ㄔㄤ	昌	933
ㄎㄤˋ ㄧˋ	抗議	932
ㄒㄩㄣˊ	巡	931
ㄨㄛˇ ㄧㄠˋ	我要	931
ㄆㄧㄠ	漂	930
ㄆㄧㄠˇ	漂	6.351308576902391
ㄆㄧㄠˋ	漂	6.351308576902391
ㄈㄤ	芳	930
ㄙㄣ ㄌㄧㄣˊ	森林	929
ㄍㄨㄥˋ	貢	929
ㄆㄧㄢˋ	騙	929
ㄎㄜˇ ㄋㄥˊ ㄕˋ	可能是	928
ㄊㄞˋ ㄊㄞˋ	太太	928
ㄐㄧ ㄓˋ	機制	928
ㄏㄨㄟˇ	毀	927
ㄇㄧㄝˋ	滅	927
ㄔㄨㄥˊ	崇	926
ㄍㄨㄟ ㄈㄢˋ	規範	926
ㄕ ㄑㄩˋ	失去	925
ㄐㄧㄣˇ	錦	925
ㄏㄨㄢˋ	幻	924
ㄉㄧˋ ㄧ ㄍㄜ˙	第一個	924
ㄖㄣˊ ㄗㄞˋ	人在	923
ㄊㄨㄢˊ ㄉㄨㄟˋ	團隊	923
ㄧㄣˇ ㄈㄚ	引發	923
ㄐㄧˇ	擠	923
ㄗㄞˋ ㄉㄨˋ	再度	922
ㄑㄧˊ	枝	6.351308576902391
ㄓ	枝	922
ㄐㄧˋ	繫	6.351308576902391
ㄒㄧˋ	繫	922
ㄇㄥˊ	蒙	922
ㄆㄟˊ	賠	921
ㄧ ㄔㄤˇ	一場	920
ㄆㄟˊ ㄧㄤˇ	培養	920
ㄒㄧㄡ ㄒㄧㄢˊ	休閒	919
ㄒㄩㄣˊ	循	919
ㄓˊ ㄨˋ	植物	919
ㄍㄨㄥ ㄇㄧㄣˊ	公民	918
ㄧㄡˊ ㄎㄜˋ	遊客	918
ㄊㄢˋ ㄊㄠˇ	探討	917
ㄐㄧㄣ	斤	917
ㄏㄨㄟˊ	迴	917
ㄐㄧㄝˊ	傑	916
ㄧ ㄐㄧㄚ	一家	915
ㄧˋ ㄐㄧㄚ	一家	915
ㄌㄧˋ ㄗ˙	例子	915
ㄇㄧㄢˇ ㄈㄟˋ	免費	915
ㄐㄧㄡˋ ㄒㄧㄤˋ	就像	915
ㄕㄨˊ	淑	915
ㄉㄨˋ	渡	915
ㄎㄢˋ ㄐㄧㄢˋ	看見	915
ㄅㄟˋ ㄐㄧㄥˇ	背景	915
ㄒㄩㄢˇ ㄕㄡˇ	選手	915
ㄨㄟˋ ㄓˋ	位置	914
ㄕˊ ㄐㄧˇ	十幾	914
ㄇㄟˊ	眉	914
ㄒㄧㄢˇ ㄖㄢˊ	顯然	914
ㄗㄜˋ	側	6.351308576902391
ㄘㄜˋ	側	913
ㄇㄟˇ ㄊㄧㄢ	每天	913
ㄉㄚˋ ㄏㄨㄟˋ	大會	911
ㄆㄟˊ	陪	910
ㄕㄨˇ	鼠	910
ㄧ ㄐㄧㄡˇ ㄐㄧㄡˇ	一九九	909
ㄧ ㄉㄢˋ	一旦	909
ㄧˊ ㄉㄢˋ	一旦	909
ㄧ ㄕˊ	一時	909
ㄧˋ ㄕˊ	一時	909
ㄌㄞˊ ㄉㄠˋ	來到	909
ㄍㄨㄥ ㄅㄨˋ	公布	909
ㄗㄨㄟˋ ㄐㄧㄚ	最佳	909
ㄌㄧˇ ㄅㄞˋ	禮拜	909
ㄑㄧㄣˊ	勤	908
ㄨㄚ	挖	908
ㄐㄧㄝˋ	戒	907
ㄇㄨˋ	牧	907
ㄉㄨˊ ㄓㄜˇ	讀者	907
ㄓㄣ	偵	906
ㄐㄧㄢˇ	剪	906
ㄐㄧㄝˇ	姊	906
ㄐㄧㄝ˙	姊	183.64580705558694
ㄗˇ	姊	6.351308576902391
ㄊㄧˊ ㄒㄧㄥˇ	提醒	906
ㄋㄩˇ ㄦˊ	女兒	905
ㄧㄡˇ ㄧ ㄒㄧㄝ	有一些	905
ㄧㄡˇ ㄧˋ ㄒㄧㄝ	有一些	905
ㄧˊ ㄉㄧㄥˋ ㄧㄠˋ	一定要	904
ㄧㄥˊ	贏	904
ㄅㄧˋ	壁	903
ㄓㄢˇ ㄔㄨ	展出	903
ㄖˋ ㄗ˙	日子	903
ㄉㄨㄥ ㄋㄧˊ	東尼	903
ㄒㄧㄝˊ ㄊㄧㄠˊ	協調	902
ㄒㄧㄠˋ	孝	902
ㄅㄣˇ ㄒㄧˊ	本席	902
ㄌㄞˊ ㄩㄢˊ	來源	901
ㄇㄢˇ ㄗㄨˊ	滿足	901
ㄋㄟˋ ㄓㄥˋ ㄅㄨˋ	內政部	900
ㄒㄩㄥ	胸	899
ㄖㄣˊ ㄌㄧˋ	人力	898
ㄌㄧˋ ㄎㄜˋ	立刻	898
ㄓˊ ㄧㄝˋ	職業	898
ㄋㄧˇ ㄧㄠˋ	你要	897
ㄘㄨˋ ㄐㄧㄣˋ	促進	897
ㄖㄤˋ ㄖㄣˊ	讓人	897
ㄏㄨ ㄩˋ	呼籲	896
ㄍㄨㄛˊ ㄏㄨㄟˋ	國會	896
ㄧˋ ㄨㄞˋ	意外	896
ㄏㄞˊ ㄗㄞˋ	還在	896
ㄓㄨˇ ㄅㄢˋ	主辦	895
ㄍㄨㄛˊ ㄈㄤˊ	國防	895
ㄐㄩㄝˊ ㄧˋ	決議	894
ㄔˋ	赤	894
ㄐㄧㄢ ㄔˊ	堅持	893
ㄑㄩㄢˊ ㄧˋ	權益	893
ㄕㄨㄞ	衰	893
ㄘㄨㄟ	衰	6.351308576902391
ㄧㄢˊ ㄈㄚ	研發	892
ㄕㄢˇ	閃	892
ㄅㄨˋ ㄖㄢˊ	不然	891
ㄅㄠˇ	堡	891
ㄇㄥˋ	孟	891
ㄅㄠˇ ㄩˋ	保育	890
ㄏㄜˋ	嚇	180.40261399500264
ㄒㄧㄚˋ	嚇	890
ㄇㄛ	摸	890
ㄇㄛˊ	摸	890
ㄊㄞˊ ㄅㄧˋ	台幣	889
ㄑㄧㄢ	牽	889
ㄉㄤ ㄋㄧㄢˊ	當年	889
ㄍㄤ ㄘㄞˊ	剛才	888
ㄇㄟˇ ㄕㄨˋ	美術	888
ㄌㄨㄣˋ ㄨㄣˊ	論文	888
ㄒㄧㄠ ㄕㄡˋ	銷售	888
ㄉㄧˋ ㄨㄟˋ	地位	886
ㄐㄧㄝ ㄒㄧㄚˋ	接下	886
ㄏㄨㄟˊ ㄑㄩˋ	回去	885
ㄉㄨㄛˊ	奪	885
ㄓㄨㄢ ㄢˋ	專案	885
ㄏㄣˇ ㄋㄢˊ	很難	885
ㄆㄧㄣˊ	蘋	885
ㄆㄧㄥˊ	蘋	885
ㄓ ㄩㄢˊ	支援	884
ㄍㄨㄥ ㄔㄤˇ	工廠	883
ㄋㄨㄢˇ	暖	883
ㄧˋ	疫	883
ㄉㄡˋ	豆	883
ㄉㄨㄥˋ	凍	882
ㄕˋ ㄨˋ	事務	881
ㄒㄧㄠ	蕭	880
ㄔˊ	遲	880
ㄑㄧㄤˊ ㄌㄧㄝˋ	強烈	879
ㄕㄣ ㄖㄨˋ	深入	879
ㄊㄧㄢ	添	879
ㄍㄨㄥ ㄌㄨˋ	公路	878
ㄏㄨㄟˋ ㄗㄞˋ	會在	878
ㄌㄤˊ	郎	878
ㄐㄧㄥˇ ㄑㄧˋ	景氣	877
ㄆㄥ	澎	6.351308576902391
ㄆㄥˊ	澎	877
ㄩㄥˋ ㄌㄞˊ	用來	877
ㄐㄧㄡˋ ㄐㄧㄥˋ	究竟	877
ㄍㄨㄢˇ ㄓˋ	管制	877
ㄈㄢ ㄧˋ	翻譯	877
ㄧㄥˊ	螢	877
ㄓㄨˇ ㄉㄨㄥˋ	主動	876
ㄙㄨㄛˇ ㄨㄟˋ ㄉㄜ˙	所謂的	876
ㄓㄨㄤˋ ㄊㄞˋ	狀態	876
ㄔㄥˊ ㄒㄩˋ	程序	876
ㄏㄨˋ ㄒㄧㄤ	互相	875
ㄕㄤ ㄏㄞˋ	傷害	875
ㄌㄧˇ ㄋㄧㄢˋ	理念	875
ㄅㄛˊ	薄	874
ㄅㄛˋ	薄	6.351308576902391
ㄅㄠˊ	薄	6.351308576902391
ㄒㄧㄢˊ	賢	873
ㄗㄨㄥˋ ㄏㄜˊ	綜合	872
ㄙˋ ㄉㄜ˙	似的	871
ㄌㄧˇ ㄊㄡˊ	裡頭	871
ㄌㄧˇ ㄊㄡ˙	裡頭	871
ㄓㄜˋ ㄕˊ	這時	871
ㄒㄩㄥ ㄉㄧˋ	兄弟	869
ㄒㄩㄥ ㄉㄧ˙	兄弟	869
ㄍㄨㄛˋ ㄌㄜ˙	過了	869
ㄉㄡ ㄗㄞˋ	都在	869
ㄘㄢˇ	慘	868
ㄊㄞˊ ㄨㄢ ㄖㄣˊ	台灣人	867
ㄒㄧˊ	錫	866
ㄊㄧˇ ㄒㄧˋ	體系	866
ㄆㄚˊ	爬	865
ㄈㄟ ㄐㄧ	飛機	865
ㄆㄧㄥˊ	憑	864
ㄆㄧㄣ	拼	864
ㄊㄢ	攤	864
ㄐㄧㄝˊ ㄏㄨㄣ	結婚	864
ㄌㄧㄝˋ	裂	864
ㄏㄞˊ ㄇㄟˊ ㄧㄡˇ	還沒有	864
ㄈㄚ ㄧㄢˊ	發言	863
ㄐㄧㄚˋ	駕	863
ㄅㄠˇ ㄌㄧㄡˊ	保留	862
ㄌㄢˊ	籃	862
ㄓㄨㄥ	鍾	862
ㄧ ㄅㄢˋ	一半	861
ㄧˊ ㄅㄢˋ	一半	861
ㄆㄧㄥˊ ㄔㄤˊ	平常	861
ㄈㄚ ㄔㄨ	發出	860
ㄧㄥˊ ㄧㄝˋ	營業	859
ㄇㄥˇ	猛	859
ㄒㄧ	稀	859
ㄌㄧㄡˋ ㄩㄝˋ	六月	858
ㄌㄧㄤˋ	輛	858
ㄏㄨㄟˊ ㄧㄥˋ	回應	857
ㄘㄠˇ ㄢˋ	草案	857
ㄋㄚˋ ㄧ	那一	857
ㄧㄝˇ ㄇㄟˊ ㄧㄡˇ	也沒有	856
ㄗㄨㄟˋ ㄍㄠ	最高	855
ㄈㄣ	氛	855
ㄍㄜˋ ㄉㄧˋ	各地	853
ㄐㄧ ㄔㄤˇ	機場	853
ㄐㄧˊ ㄊㄨㄢˊ	集團	853
ㄐㄧㄣˇ ㄍㄨㄢˇ	儘管	852
ㄐㄧㄣˋ ㄍㄨㄢˇ	儘管	852
ㄉㄡ ㄇㄟˊ ㄧㄡˇ	都沒有	852
ㄍㄜˊ ㄇㄧㄥˋ	革命	852
ㄊㄧㄢˊ	甜	851
ㄐㄧㄠˇ	繳	851
ㄒㄧㄣ ㄎㄨˇ	辛苦	850
ㄓㄨˋ	駐	850
ㄅㄨˋ ㄑㄧˇ	不起	849
ㄈㄢˇ ㄓㄥˋ	反正	849
ㄍㄨㄚ	瓜	849
ㄕㄨ	疏	848
ㄕㄨˋ	疏	6.351308576902391
ㄐㄩㄢˇ	捲	847
ㄧㄡˇ ㄍㄜ˙	有個	847
ㄉㄧˋ ㄧ ㄘˋ	第一次	847
ㄇㄟˇ ㄋㄧㄢˊ	每年	846
ㄌㄧㄤˊ	涼	846
ㄌㄧㄤˋ	涼	6.351308576902391
ㄗㄨㄛˋ ㄔㄨ	做出	845
ㄆㄧㄥˊ ㄉㄥˇ	平等	844
ㄑㄧㄢˊ ㄇㄧㄢˋ	前面	843
ㄌㄩˇ ㄒㄧㄥˊ	旅行	843
ㄘㄞ	猜	843
ㄅㄚˋ	罷	843
ㄅㄚ˙	罷	6.351308576902391
ㄆㄧˊ	罷	6.351308576902391
ㄍㄨㄥˋ ㄕˋ	共識	842
ㄊㄜˋ ㄉㄧㄥˋ	特定	842
ㄆㄥˊ	膨	842
ㄉㄠˋ ㄉㄜˊ	道德	842
ㄐㄧˋ ㄖㄢˊ	既然	841
ㄌㄧˋ ㄐㄧˊ	立即	839
ㄐㄧㄥ ㄐㄧˋ ㄅㄨˋ	經濟部	839
ㄖㄨㄣˋ	潤	838
ㄋㄚˇ ㄅㄧㄢ	那邊	838
ㄋㄚˋ ㄅㄧㄢ	那邊	838
ㄐㄧㄤ ㄗㄞˋ	將在	837
ㄘㄜˋ ㄕˋ	測試	837
ㄐㄧㄠ ㄉㄧㄢˇ	焦點	837
ㄍㄜ	割	836
ㄅㄛˊ ㄨˋ ㄍㄨㄢˇ	博物館	836
ㄌㄟˋ	淚	836
ㄍㄨˋ ㄉㄧㄥˋ	固定	835
ㄧˋ ㄩㄢˊ	議員	835
ㄍㄨㄥ ㄖㄣˊ	工人	834
ㄒㄧ	悉	834
ㄑㄧㄥˊ ㄒㄩˋ	情緒	834
ㄌㄧˇ ㄐㄧㄝˇ	理解	834
ㄏㄨㄟ	恢	833
ㄗㄨㄟˋ ㄉㄚˋ ㄉㄜ˙	最大的	833
ㄐㄧㄤˇ	蔣	833
ㄕㄨㄛ ㄏㄨㄚˋ	說話	833
ㄈㄣ ㄉㄜ˙	分的	832
ㄩˋ ㄐㄧˋ	預計	832
ㄧ ㄍㄜ˙ ㄖㄣˊ	一個人	831
ㄧˊ ㄍㄜ˙ ㄖㄣˊ	一個人	831
ㄧˋ ㄍㄜ˙ ㄖㄣˊ	一個人	831
ㄊㄚ ㄉㄜ˙	她的	831
ㄘㄞˊ ㄏㄨㄟˋ	才會	830
ㄧㄠˋ	耀	830
ㄩㄝˋ	耀	168.24064001781144
ㄍㄨ	孤	829
ㄅㄧㄥˋ ㄉㄨˊ	病毒	829
ㄌㄧㄤˇ ㄋㄧㄢˊ	兩年	828
ㄕˋ ㄓㄥˋ ㄈㄨˇ	市政府	828
ㄖˋ ㄑㄧㄢˊ	日前	828
ㄓㄢˇ ㄒㄧㄢˋ	展現	827
ㄅㄨˋ ㄖㄨˊ	不如	826
ㄐㄧㄝˊ ㄩㄣˋ	捷運	826
ㄆㄧㄢˊ ㄧˊ	便宜	825
ㄧㄢˊ ㄊㄠˇ	研討	825
ㄊㄞ	胎	825
ㄈㄨˋ	赴	825
ㄊㄨㄛ	拖	824
ㄒㄩㄢˊ	旋	824
ㄒㄩㄢˋ	旋	6.351308576902391
ㄙㄨ ㄌㄧㄢˊ	蘇聯	824
ㄅㄧㄢˋ	辯	824
ㄓㄨㄤˋ	撞	823
ㄔㄨㄤˊ	撞	6.351308576902391
ㄕˊ ㄩㄝˋ	十月	822
ㄓ ㄇㄧㄥˊ	知名	822
ㄕㄨˋ ㄗˋ	數字	821
ㄏㄢˇ	喊	820
ㄧㄣ ㄧㄥˋ	因應	819
ㄐㄧㄝ ㄐㄧㄣˋ	接近	819
ㄓˊ ㄧˊ	質疑	819
ㄆㄧㄥˊ ㄍㄨㄛˇ	蘋果	818
ㄙㄤ	喪	817
ㄙㄤˋ	喪	6.351308576902391
ㄘㄨㄥˊ ㄌㄞˊ	從來	817
ㄉㄧㄥˋ ㄧˋ	定義	816
ㄍㄠ ㄉㄨˋ	高度	816
ㄕㄢ	刪	815
ㄏㄡˋ ㄇㄧㄢˋ	後面	815
ㄧ ㄈㄨˊ	衣服	815
ㄋㄧㄠˋ	尿	814
ㄈㄤˊ ㄗ˙	房子	814
ㄏㄣˇ ㄕㄠˇ	很少	813
ㄩㄝˋ ㄊㄨㄢˊ	樂團	813
ㄍㄨㄣˇ	滾	813
ㄧ ㄕㄥ	醫生	813
ㄏㄡˋ ㄒㄩㄢˇ	候選	812
ㄔㄜˋ	徹	812
ㄔㄠˇ	吵	811
ㄕˋ ㄇㄧㄣˊ	市民	811
ㄗㄢˋ	讚	811
ㄌㄧㄥˊ	凌	810
ㄅㄧㄢ ㄐㄧˊ	編輯	810
ㄍㄠ ㄉㄚˊ	高達	810
ㄧㄝˇ ㄧㄠˋ	也要	809
ㄕㄠˇ ㄕㄨˋ	少數	809
ㄕㄨㄟˇ ㄓㄨㄣˇ	水準	809
ㄕㄜˋ ㄓˋ	設置	809
ㄨˇ ㄩㄝˋ	五月	808
ㄐㄧㄡˋ ㄙㄨㄢˋ	就算	808
ㄨㄟˊ ㄏㄜˊ	為何	808
ㄨㄟˋ ㄏㄜˊ	為何	808
ㄘㄨ	粗	808
ㄉㄡ ㄎㄜˇ ㄧˇ	都可以	808
ㄘㄠ ㄗㄨㄛˋ	操作	806
ㄈㄤˋ ㄗㄞˋ	放在	806
ㄌㄨˊ	爐	806
ㄋㄧㄢˋ	唸	805
ㄉㄧˋ ㄑㄧㄡˊ	地球	805
ㄍㄨㄥ ㄗㄨㄛˋ ㄓㄜˇ	工作者	805
ㄅㄤ ㄇㄤˊ	幫忙	805
ㄔㄥˊ ㄐㄧㄡˋ	成就	805
ㄐㄧㄝˋ ㄧㄡˊ	藉由	805
ㄊㄚ ㄕˋ	他是	804
ㄍㄢˇ ㄖㄢˇ	感染	804
ㄐㄧㄠˋ ㄌㄧㄢˋ	教練	804
ㄒㄧㄣ ㄐㄧㄚ ㄆㄛ	新加坡	804
ㄕˋ ㄨㄟˊ	視為	803
ㄍㄨㄢˋ	貫	803
ㄈㄣ ㄆㄟˋ	分配	802
ㄋㄢˊ ㄅㄨˋ	南部	802
ㄒㄩㄝˊ ㄏㄨㄟˋ	學會	802
ㄆㄧㄣˋ	聘	802
ㄆㄧㄥˋ	聘	802
ㄓㄨㄥ ㄐㄧㄢ	中間	801
ㄧˇ ㄨㄞˋ	以外	801
ㄍㄨㄥ ㄨˋ	公務	801
ㄐㄧˊ ㄓㄨㄥ	集中	800
ㄔㄤˊ	腸	799
ㄗㄥˋ	贈	799
ㄇㄞˋ	邁	799
ㄐㄧㄝ	揭	798
ㄕㄣ ㄈㄣˋ	身分	798
ㄊㄧㄠˊ ㄌㄧˋ	條例	797
ㄋㄧㄡˇ ㄩㄝ	紐約	797
ㄕˋ ㄈㄟ	是非	796
ㄌㄧㄤˇ ㄑㄧㄢ	兩千	795
ㄅㄠ ㄏㄢˊ	包含	795
ㄆㄧㄥˊ ㄊㄞˊ	平台	795
ㄍㄨㄛˋ ㄉㄜ˙	過的	794
ㄓㄤˇ ㄉㄚˋ	長大	794
ㄋㄨˋ	怒	793
ㄍㄨㄥ ㄓㄨㄥˋ	公眾	792
ㄕㄢ	珊	792
ㄏㄨㄟ ㄈㄨˋ	恢復	791
ㄉㄚˇ ㄙㄨㄢˋ	打算	791
ㄗㄨㄟˋ ㄉㄨㄛ	最多	791
ㄑㄧˊ ㄍㄨㄞˋ	奇怪	790
ㄊㄨㄟˇ	腿	790
ㄨㄛˇ ㄓˇ	我只	789
ㄉㄚˋ ㄒㄧㄠˇ	大小	788
ㄆㄢˋ ㄉㄨㄢˋ	判斷	786
ㄉㄨˊ ㄕㄨ	讀書	786
ㄅㄢˋ ㄍㄨㄥ ㄕˋ	辦公室	786
ㄙㄢ ㄩㄝˋ	三月	785
ㄍㄜˋ ㄢˋ	個案	782
ㄈㄥˋ	奉	782
ㄏㄜˊ ㄔㄨㄢ	河川	782
ㄍㄠ ㄉㄜ˙	高的	782
ㄕㄨˇ	暑	781
ㄒㄧㄢˋ ㄧㄡˇ	現有	781
ㄞˋ	艾	781
ㄧˋ	艾	6.351308576902391
ㄖㄨˇ	乳	779
ㄊㄨㄟˋ ㄒㄧㄡ	退休	779
ㄏㄡˋ ㄒㄩㄢˇ ㄖㄣˊ	候選人	778
ㄈㄤˋ ㄑㄧˋ	放棄	778
ㄌㄧㄤˊ	梁	778
ㄊㄨㄥ ㄒㄩㄣˋ	通訊	778
ㄏㄨ	糊	777
ㄏㄨˊ	糊	777
ㄏㄨˋ	糊	777
ㄒㄩㄢ ㄔㄨㄢˊ	宣傳	776
ㄧ ㄐㄩˋ	依據	775
ㄍㄤ ㄏㄠˇ	剛好	775
ㄕㄤˋ ㄏㄞˇ	上海	774
ㄔㄨㄥ ㄈㄣˋ	充分	774
ㄅㄟˇ ㄅㄨˋ	北部	774
ㄍㄨ	姑	774
ㄍㄨ˙	姑	774
ㄕˊ ㄕˋ	實是	774
ㄐㄧㄝˊ	截	774
ㄨㄟˊ ㄓˇ	為止	774
ㄑㄧ ㄋㄧㄢˊ	七年	773
ㄓ ㄓㄨㄥ	之中	773
ㄌㄧˋ	厲	773
ㄌㄧㄝˋ	獵	773
ㄐㄧㄥˋ ㄖㄢˊ	竟然	773
ㄍㄟˇ ㄩˇ	給予	773
ㄕㄜˊ	蛇	773
ㄧˊ	蛇	6.351308576902391
ㄍㄨㄥ ㄌㄧˇ	公里	772
ㄨㄟˋ ㄕㄥ ㄕㄨˇ	衛生署	772
ㄅㄛ	撥	771
ㄏㄣˋ	恨	770
ㄉㄚˋ ㄈㄨˊ	大幅	769
ㄧㄡˇ ㄌㄜ˙	有了	769
ㄐㄧㄣˋ	勁	768
ㄐㄧㄥˋ	勁	6.351308576902391
ㄎㄢˋ ㄅㄨˊ	看不	768
ㄎㄢˋ ㄅㄨˋ	看不	768
ㄉㄧˋ	遞	768
ㄌㄨㄛˋ ㄕˊ	落實	767
ㄨˇ	伍	766
ㄘㄢ ㄊㄧㄥ	餐廳	766
ㄐㄧ ㄧㄣ	基因	765
ㄎㄜˋ ㄏㄨˋ	客戶	765
ㄅㄢˋ ㄧㄢˇ	扮演	765
ㄋㄢˊ ㄋㄩˇ	男女	765
ㄈㄣ ㄈㄣ	紛紛	765
ㄖㄣˋ ㄊㄨㄥˊ	認同	765
ㄖㄨˊ ㄐㄧㄣ	如今	764
ㄐㄧㄝ ㄒㄧㄚˋ ㄌㄞˊ	接下來	764
ㄇㄢˇ ㄧˋ	滿意	764
ㄊㄨˊ ㄆㄛˋ	突破	764
ㄐㄧㄡˋ ㄗㄞˋ	就在	763
ㄆㄧㄢˋ ㄗ˙	片子	763
ㄙㄨㄟˋ	碎	763
ㄧ ㄧ	一一	762
ㄅㄨˋ ㄇㄢˇ	不滿	762
ㄊㄧㄢˊ	填	762
ㄕˊ	碩	6.351308576902391
ㄕㄨㄛˋ	碩	762
ㄐㄧㄠ	膠	762
ㄔㄨㄥ ㄊㄨˊ	衝突	762
ㄑㄩˋ ㄉㄜ˙	去的	761
ㄓㄢˇ ㄕˋ	展示	761
ㄕㄥ ㄘㄨㄣˊ	生存	761
ㄌㄧㄤˊ ㄏㄠˇ	良好	761
ㄗㄨㄛˋ ㄐㄧㄚ	作家	760
ㄒㄧㄥˊ ㄒㄧㄤˋ	形象	760
ㄕˋ ㄉㄤˋ	適當	760
ㄉㄨㄛ ㄋㄧㄢˊ	多年	759
ㄗㄠˇ ㄑㄧˊ	早期	758
ㄕㄥ ㄧˋ	生意	758
ㄕㄥ ㄧ˙	生意	758
ㄏㄤˊ ㄎㄨㄥ	航空	758
ㄌㄧˋ	莉	758
ㄙㄨㄟˊ ㄕˊ	隨時	757
ㄉㄚˋ ㄈㄚˇ	大法	756
ㄖㄡˊ	柔	756
ㄌㄧˊ	璃	756
ㄐㄧㄥ ㄐㄧˋ ㄒㄩㄝˊ	經濟學	756
ㄗㄨㄥ	縱	6.351308576902391
ㄗㄨㄥˋ	縱	755
ㄧ ㄓㄤ	一張	754
ㄧˋ ㄓㄤ	一張	754
ㄏㄢˊ	函	754
ㄒㄩㄣˊ ㄓㄠˇ	尋找	754
ㄕㄤˋ ㄅㄢ	上班	753
ㄒㄧㄣˋ ㄒㄧㄣ	信心	753
ㄌㄩˇ	呂	753
ㄒㄧㄠ ㄕ	消失	753
ㄕㄤˋ ㄎㄜˋ	上課	752
ㄎㄜˇ ㄒㄧˊ	可惜	751
ㄕㄣˋ	慎	751
ㄖㄣˊ ㄕˋ	人事	750
ㄓㄨˋ ㄓㄞˊ	住宅	750
ㄍㄥˋ ㄐㄧㄚ	更加	750
ㄧ ㄨㄢˋ	一萬	749
ㄧˊ ㄨㄢˋ	一萬	749
ㄍㄨㄛˊ ㄌㄧˋ	國立	749
ㄕˊ ㄒㄧㄢˋ	實現	749
ㄆㄧㄥˊ ㄏㄥˊ	平衡	749
ㄧㄢ	菸	749
ㄒㄧˋ ㄐㄩˋ	戲劇	748
ㄗㄠˇ ㄕㄤˋ	早上	748
ㄘㄨㄥ	聰	748
ㄕ ㄕㄜˋ	詩社	748
ㄒㄩㄣˋ	迅	748
ㄏㄨㄟˋ ㄩㄢˊ	會員	746
ㄗㄤˋ	臟	746
ㄐㄧㄢˋ	薦	746
ㄒㄧㄥˊ ㄒㄧㄠ	行銷	746
ㄈㄣ ㄨㄟˊ	分為	745
ㄒㄧㄥˋ ㄅㄧㄝˊ	性別	745
ㄊㄡˊ ㄆㄧㄠˋ	投票	745
ㄎㄜˊ	殼	745
ㄑㄧㄠˋ	殼	6.351308576902391
ㄑㄩㄝˋ	殼	6.351308576902391
ㄇㄧˋ ㄕㄨ	秘書	745
ㄏㄞˊ ㄎㄜˇ	還可	745
ㄧㄡˇ ㄩㄥˋ	有用	743
ㄌㄡˋ	漏	742
ㄧˊ ㄇㄧㄣˊ	移民	742
ㄕㄨㄚ	刷	741
ㄏㄣˇ ㄧㄡˇ	很有	741
ㄇㄟˊ ㄅㄢˋ	沒辦	741
ㄨˋ ㄓˊ	物質	741
ㄓˋ ㄐㄧㄣ	至今	741
ㄅㄛ	玻	740
ㄉㄨㄥˇ ㄕˋ ㄓㄤˇ	董事長	740
ㄅㄧㄢˋ	辨	740
ㄕˊ ㄆㄧㄣˇ	食品	740
ㄓㄤˋ	丈	739
ㄎㄜˋ ㄐㄧㄚ	客家	739
ㄙㄢ ㄑㄧㄢ	三千	738
ㄎㄜˇ ㄞˋ	可愛	738
ㄧㄡ	幽	738
ㄕㄡˇ ㄐㄧ	手機	738
ㄐㄧ ㄔㄜ	機車	738
ㄕˇ ㄩㄥˋ ㄓㄜˇ	使用者	737
ㄗㄨˇ ㄏㄜˊ	組合	737
ㄈㄣ	芬	737
ㄅㄧㄥˇ	餅	737
ㄑㄩˋ ㄌㄜ˙	去了	736
ㄍㄨㄛˊ ㄉㄚˋ	國大	736
ㄍㄨㄥˋ ㄒㄧㄢˋ	貢獻	736
ㄗㄠ ㄉㄠˋ	遭到	736
ㄏㄨㄤˊ ㄐㄧㄣ	黃金	736
ㄅㄠˇ ㄓㄥˋ	保證	735
ㄘˇ ㄨㄞˋ	此外	735
ㄏㄢˊ ㄍㄨㄛˊ	韓國	735
ㄩㄝˋ ㄈㄣˋ	月份	734
ㄊㄨㄥˋ ㄎㄨˇ	痛苦	734
ㄌㄨㄣˊ ㄉㄨㄣ	倫敦	733
ㄐㄧㄤ ㄐㄧㄣˋ	將近	733
ㄇㄧㄥˊ ㄑㄩㄝˋ	明確	733
ㄅㄨˊ ㄍㄡˋ	不夠	732
ㄓㄨˇ ㄐㄧㄠˇ	主角	732
ㄓㄨˇ ㄐㄩㄝˊ	主角	732
ㄅㄟˇ ㄒㄧㄢˋ	北縣	732
ㄈㄢˇ ㄧㄥˋ	反映	732
ㄑㄧˋ ㄈㄣ	氣氛	732
ㄇㄟˊ ㄅㄢˋ ㄈㄚˇ	沒辦法	732
ㄍㄨˇ ㄕˋ	股市	732
ㄩㄣˇ	允	731
ㄒㄧㄡ ㄍㄞˇ	修改	730
ㄍㄨㄢˇ ㄉㄠˋ	管道	730
ㄌㄧㄤˊ	糧	730
ㄌㄩˋ ㄕ	律師	729
ㄩˋ	慾	729
ㄅㄣˇ ㄊㄨˇ	本土	729
ㄓㄜˋ ㄐㄧㄢˋ	這件	729
ㄒㄩˋ	敘	728
ㄘㄞˊ ㄌㄧㄠˋ	材料	728
ㄐㄧㄣ ㄖˋ	今日	726
ㄍㄞ ㄧㄠˋ	該要	726
ㄍㄨㄥ ㄧㄥˋ	供應	725
ㄕˊ ㄦˋ ㄩㄝˋ	十二月	725
ㄉㄚˋ ㄌㄡˊ	大樓	725
ㄕㄤˋ ㄨㄟˋ	尚未	725
ㄇㄤˊ	盲	725
ㄩˋ	譽	725
ㄌㄧㄥˋ ㄖㄣˊ	令人	724
ㄏㄨㄞˊ ㄧˊ	懷疑	724
ㄉㄚˇ ㄎㄞ	打開	724
ㄕˇ	駛	724
ㄅㄠˋ ㄓˇ	報紙	723
ㄓㄨˋ ㄗㄨㄛˋ ㄑㄩㄢˊ	著作權	723
ㄖㄣˊ ㄨㄣˊ	人文	722
ㄉㄚˋ ㄉㄨㄛ ㄕㄨˋ	大多數	722
ㄈㄚˇ ㄌㄧㄥˋ	法令	722
ㄋㄢˊ ㄒㄧㄥˋ	男性	722
ㄗㄨㄛˋ ㄈㄚˇ	作法	721
ㄉㄠˋ	蹈	721
ㄌㄨˋ ㄒㄩˋ	陸續	721
ㄧㄢ	厭	6.351308576902391
ㄧㄢˋ	厭	720
ㄋㄩˇ ㄕㄥ	女生	720
ㄨㄛˇ ㄎㄢˋ	我看	720
ㄊㄜˋ ㄒㄧㄥˋ	特性	720
ㄐㄧㄣˋ ㄌㄞˊ	進來	720
ㄔㄜˋ	撤	719
ㄓㄢ	詹	719
ㄏㄨㄥˊ	鴻	719
ㄑㄧㄢˇ	淺	718
ㄒㄧㄤ ㄍㄨㄢ ㄉㄜ˙	相關的	718
ㄆㄥˊ ㄏㄨˊ	澎湖	717
ㄒㄧㄥ ㄐㄧㄢˋ	興建	717
ㄧˇ ㄨㄤˇ	以往	716
ㄏㄨㄢˋ ㄓㄜˇ	患者	716
ㄖㄣˋ ㄨˋ	任務	715
ㄒㄧㄝˊ ㄕㄤ	協商	715
ㄍㄨㄥ ㄐㄧˇ	供給	714
ㄋㄧㄢˊ ㄑㄧㄥ ㄖㄣˊ	年輕人	714
ㄍㄨㄟˇ	軌	714
ㄨㄣˊ	紋	713
ㄕㄤˋ ㄕㄨˋ	上述	712
ㄆㄥˊ	彭	712
ㄌㄧˋ	粒	712
ㄧ ㄒㄧㄤˋ	一項	711
ㄧˊ ㄒㄧㄤˋ	一項	711
ㄋㄧˇ ㄕˋ	你是	711
ㄔㄨㄤˋ ㄒㄧㄣ	創新	711
ㄐㄧ ㄅㄣˇ ㄕㄤˋ	基本上	711
ㄑㄧ	棲	711
ㄒㄧ	棲	6.351308576902391
ㄧㄢˊ	岩	710
ㄢˋ ㄗ˙	案子	710
ㄅㄤˇ	榜	710
ㄋㄥˊ ㄅㄨˋ ㄋㄥˊ	能不能	709
ㄔㄨㄥ ㄐㄧˊ	衝擊	709
ㄓㄨㄥˋ ㄉㄜ˙	重的	709
ㄘㄢ ㄍㄨㄢ	參觀	708
ㄏㄨㄚˋ ㄒㄩㄝˊ	化學	707
ㄧㄡˊ	猶	707
ㄐㄧㄣ ㄜˊ	金額	707
ㄙㄚˋ	卅	706
ㄋㄚˋ ㄐㄧㄡˋ	那就	706
ㄑㄧˊ ㄊㄚ	其它	705
ㄓˇ ㄉㄠˇ	指導	705
ㄒㄧㄝˊ	脅	705
ㄐㄧ ㄩˊ	基於	704
ㄒㄧㄠˇ ㄏㄞˊ ㄗ˙	小孩子	704
ㄉㄧˋ ㄒㄧㄚˋ	地下	703
ㄔㄚ ㄅㄨˋ ㄉㄨㄛ	差不多	703
ㄔㄚˋ ㄅㄨˋ ㄉㄨㄛ	差不多	703
ㄎㄢˋ ㄌㄜ˙	看了	703
ㄙˋ ㄩㄝˋ	四月	702
ㄊㄧ	梯	702
ㄈㄨˋ	腹	702
ㄐㄧㄣˋ ㄋㄧㄢˊ	近年	702
ㄅㄧ	逼	702
ㄋㄢˊ ㄉㄠˋ	難道	702
ㄌㄧˋ	曆	701
ㄇㄨˋ	募	700
ㄏㄨㄣˊ	魂	700
ㄈㄚˇ ㄖㄣˊ	法人	699
ㄨˇ ㄊㄞˊ	舞台	699
ㄧ ㄓㄠˋ	依照	697
ㄊㄨㄥˊ ㄖㄣˊ	同仁	697
ㄉㄥˇ ㄩˊ	等於	697
ㄍㄨㄟ ㄗㄜˊ	規則	697
ㄆㄨˇ	譜	697
ㄊㄧˇ ㄧㄢˋ	體驗	697
ㄔㄨㄥ	沖	696
ㄙˋ	寺	695
ㄏㄢˊ	汗	6.351308576902391
ㄏㄢˋ	汗	695
ㄉㄜ˙ ㄍㄨㄢ ㄒㄧˋ	的關係	695
ㄆㄤˊ	龐	695
ㄧㄣˋ ㄉㄨˋ	印度	694
ㄗ	姿	694
ㄎㄨㄥˇ ㄆㄚˋ	恐怕	694
ㄨㄛˇ ㄇㄟˊ	我沒	694
ㄕㄨˋ ㄐㄩˋ	數據	694
ㄏㄨㄛˇ ㄔㄜ	火車	694
ㄍㄨˇ ㄆㄧㄠˋ	股票	694
ㄓㄨㄥ ㄒㄧㄠˇ	中小	693
ㄔㄥˊ ㄖㄣˋ	承認	693
ㄊㄠˊ ㄩㄢˊ	桃園	693
ㄗ ㄍㄜˊ	資格	693
ㄊㄨˇ	吐	6.351308576902391
ㄊㄨˋ	吐	692
ㄏㄠˋ	耗	692
ㄧㄣ ㄦˊ	因而	691
ㄍㄥ ㄒㄧㄣ	更新	691
ㄍㄥˋ ㄒㄧㄣ	更新	691
ㄅㄣˇ ㄕㄨ	本書	691
ㄌㄢˊ	欄	691
ㄅㄠˇ	飽	691
ㄗㄨㄛˋ ㄉㄠˋ	做到	690
ㄐㄧㄚ	夾	6.351308576902391
ㄐㄧㄚˊ	夾	690
ㄐㄧㄚˋ	夾	6.351308576902391
ㄐㄩˋ ㄐㄩㄝˊ	拒絕	690
ㄩˋ	裕	690
ㄇㄚˊ ㄈㄢˊ	麻煩	690
ㄅㄨˋ ㄖㄨㄥˊ	不容	689
ㄅㄣ	奔	689
ㄌㄧˋ ㄌㄩˋ	利率	688
ㄓˊ ㄓㄥˋ	執政	688
ㄢˋ ㄐㄧㄢˋ	案件	688
ㄒㄧㄤ ㄏㄨˋ	相互	688
ㄇㄧㄢˋ ㄐㄧ	面積	688
ㄩˋ	獄	687
ㄅㄛ ㄌㄧˊ	玻璃	687
ㄌㄧㄢˊ ㄐㄧㄝˊ	連結	687
ㄌㄟˇ ㄐㄧ	累積	685
ㄉㄨˇ	賭	684
ㄊㄧˇ ㄓˋ	體制	684
ㄈㄤˊ	妨	683
ㄒㄧㄠˇ ㄒㄧㄠˇ	小小	683
ㄕㄜˊ ㄇㄛ˙	甚麼	683
ㄕㄜˊ ㄇㄜ˙	甚麼	683
ㄕㄣˊ ㄇㄛ˙	甚麼	683
ㄕㄣˊ ㄇㄜ˙	甚麼	683
ㄍㄨˋ	雇	683
ㄒㄧㄡ ㄒㄧˊ	休息	682
ㄙˋ ㄅㄞˇ	四百	682
ㄨㄞˋ ㄇㄧㄢˋ	外面	682
ㄋㄧㄢˊ ㄌㄧㄥˊ	年齡	681
ㄊㄨㄟ ㄐㄧㄢˋ	推薦	681
ㄎㄨㄣ	昆	681
ㄐㄧㄣˋ ㄓˇ	禁止	681
ㄧㄥˊ ㄇㄨˋ	螢幕	681
ㄉㄧˊ	迪	681
ㄉㄧˋ ㄓㄣˋ	地震	680
ㄅㄧˇ ㄖㄨˊ	比如	680
ㄕㄨㄤˇ	爽	680
ㄈㄢˋ ㄗㄨㄟˋ	犯罪	680
ㄕㄜˋ ㄊㄨㄢˊ	社團	680
ㄇㄞˊ	埋	679
ㄇㄢˊ	埋	679
ㄧㄢˊ ㄊㄠˇ ㄏㄨㄟˋ	研討會	679
ㄇㄧㄠˇ	秒	679
ㄌㄞˊ	萊	679
ㄒㄧㄣˋ ㄩㄥˋ	信用	678
ㄎㄢˋ ㄍㄨㄛˋ	看過	678
ㄕㄣ ㄒㄧㄣ	身心	678
ㄉㄠˋ ㄔㄨˋ	到處	677
ㄧ ㄕㄥ	一生	676
ㄧˋ ㄕㄥ	一生	676
ㄅㄨˊ ㄉㄨㄟˋ	不對	676
ㄊㄚ ㄕㄨㄛ	他說	676
ㄔㄨ ㄍㄨㄛˊ	出國	676
ㄈㄥ	鋒	676
ㄌㄧˊ	黎	676
ㄨˇ ㄑㄧㄢ	五千	675
ㄒㄧㄢ	仙	675
ㄓㄨㄥˋ	仲	675
ㄅㄨˇ	埔	136.82220724340087
ㄆㄨˇ	埔	675
ㄐㄧ ㄌㄨㄥˊ	基隆	674
ㄏㄞˇ ㄨㄞˋ	海外	674
ㄔㄨ ㄎㄡˇ	出口	673
ㄉㄚˋ ㄈㄚˇ ㄍㄨㄢ	大法官	673
ㄓㄨㄢ ㄇㄣˊ	專門	673
ㄒㄧㄠˇ ㄉㄜ˙	小的	673
ㄖㄢˊ	燃	673
ㄅㄨˋ ㄧ ㄉㄧㄥˋ	不一定	672
ㄅㄨˋ ㄧˊ ㄉㄧㄥˋ	不一定	672
ㄜˊ	俄	672
ㄜˋ	俄	672
ㄌㄧㄠˋ	廖	672
ㄘㄞˊ ㄕˋ	才是	672
ㄒㄧㄢˋ ㄔㄨ	現出	672
ㄇㄛˊ	磨	672
ㄇㄛˋ	磨	6.351308576902391
ㄐㄧㄤˇ ㄉㄜ˙	講的	672
ㄍㄨㄢ ㄈㄤ	官方	671
ㄈㄤ ㄉㄜ˙	方的	671
ㄩˊ	于	670
ㄉㄨㄟˋ ㄉㄜ˙	對的	670
ㄉㄡ ㄧㄠˋ	都要	670
ㄧ ㄎㄨㄞˋ	一塊	669
ㄧˊ ㄎㄨㄞˋ	一塊	669
ㄅㄨˋ ㄧ ㄧㄤˋ	不一樣	669
ㄅㄨˋ ㄧˊ ㄧㄤˋ	不一樣	669
ㄏㄡˋ	后	669
ㄊㄧㄥˊ	廷	669
ㄅㄧㄣ	濱	669
ㄒㄧㄣ ㄌㄧㄥˊ	心靈	668
ㄐㄧㄢˋ ㄉㄠˋ	見到	668
ㄗ ㄔㄢˇ	資產	668
ㄘㄞˇ	采	668
ㄘㄞˋ	采	6.351308576902391
ㄍㄨㄢ ㄏㄨㄞˊ	關懷	668
ㄘˋ ㄐㄧ	刺激	667
ㄉㄨㄛ	朵	6.351308576902391
ㄉㄨㄛˇ	朵	667
ㄧ ㄐㄧㄢˋ	一件	666
ㄧˊ ㄐㄧㄢˋ	一件	666
ㄔㄨ ㄈㄚ	出發	666
ㄨㄤˋ ㄐㄧˋ	忘記	666
ㄅㄧㄥˋ ㄏㄨㄢˋ	病患	666
ㄘㄞˊ ㄓㄥˋ ㄅㄨˋ	財政部	666
ㄓㄜˋ ㄇㄛ˙ ㄉㄨㄛ	這麼多	666
ㄓㄜˋ ㄇㄜ˙ ㄉㄨㄛ	這麼多	666
ㄏㄜˊ ㄈㄚˇ	合法	665
ㄉㄠˋ	稻	665
ㄏㄤˊ ㄧㄝˋ	行業	665
ㄑㄩㄢˊ ㄇㄧㄣˊ	全民	664
ㄊㄨㄥˊ ㄓˋ	同志	664
ㄊㄨㄛˇ	妥	664
ㄐㄩㄣˋ	菌	664
ㄐㄩㄣ ㄕˋ	軍事	664
ㄙㄜˋ ㄘㄞˇ	色彩	663
ㄊㄞˊ	抬	662
ㄧㄝˋ ㄐㄧㄝˋ	業界	662
ㄓㄤˋ	脹	662
ㄅㄨˊ ㄗㄞˋ	不在	661
ㄐㄧㄥˇ	井	661
ㄏㄥˊ	恆	661
ㄍㄢˇ ㄎㄨㄞˋ	趕快	661
ㄗㄨㄟˋ	醉	661
ㄈㄥ ㄒㄧㄢˇ	風險	661
ㄔㄤˊ ㄕˋ	嘗試	660
ㄏㄨㄣ	昏	660
ㄅㄧˋ ㄐㄧㄥˋ	畢竟	660
ㄐㄧㄡ	糾	660
ㄐㄧㄡˇ	糾	660
ㄧ ㄓㄣˋ	一陣	659
ㄧˊ ㄓㄣˋ	一陣	659
ㄅㄧㄥˋ ㄅㄨˊ ㄕˋ	並不是	659
ㄉㄠˇ ㄕˋ	倒是	659
ㄉㄠˋ ㄕˋ	倒是	659
ㄐㄧㄚˋ ㄍㄡˋ	架構	659
ㄨㄟˋ	胃	659
ㄒㄧˊ	襲	659
ㄈㄨˋ	賦	659
ㄧ ㄊㄧㄠˊ	一條	658
ㄧˋ ㄊㄧㄠˊ	一條	658
ㄗㄞˋ ㄉㄧˋ	在地	658
ㄗˇ ㄋㄩˇ	子女	658
ㄓˇ ㄅㄧㄠ	指標	658
ㄔㄤˋ	暢	658
ㄉㄥˇ ㄉㄠˋ	等到	658
ㄉㄧㄝˊ	蝶	658
ㄇㄧㄥˊ ㄨㄟˊ	名為	657
ㄙㄨㄛˇ ㄉㄜˊ	所得	657
ㄍㄨㄛ	鍋	657
ㄊㄞˊ	颱	657
ㄅㄨˋ ㄒㄩ	不需	656
ㄨˇ ㄖˋ	五日	656
ㄈㄚˇ ㄍㄨㄟ	法規	656
ㄋㄢˊ ㄗˇ	男子	656
ㄐㄧㄣˇ ㄓㄤ	緊張	656
ㄉㄨˇ	肚	6.351308576902391
ㄉㄨˋ	肚	656
ㄙㄡ	蒐	656
ㄅㄨˋ ㄔㄨ	不出	655
ㄕ ㄅㄞˋ	失敗	655
ㄘㄨㄟˋ	脆	654
ㄧˋ ㄕㄨˋ ㄐㄧㄚ	藝術家	654
ㄈㄨˋ ㄗㄨㄥˇ	副總	653
ㄧㄢ	燕	6.351308576902391
ㄧㄢˋ	燕	653
ㄎㄢˋ ㄉㄜ˙	看的	653
ㄅㄧㄢˋ ㄉㄜ˙	變得	653
ㄔˇ	齒	653
ㄍㄨㄢˋ	灌	652
ㄎㄨㄥ ㄑㄧˋ	空氣	652
ㄎㄨㄟ	虧	652
ㄑㄧㄡ	邱	652
ㄧㄣ	姻	651
ㄧˇ ㄐㄧㄥ ㄧㄡˇ	已經有	651
ㄅㄨˋ	怖	651
ㄊㄥˊ	騰	651
ㄧㄥ	嬰	650
ㄓㄢˋ ㄕˊ	暫時	650
ㄧ ㄅㄣˇ	一本	649
ㄧˋ ㄅㄣˇ	一本	649
ㄧˇ	椅	649
ㄈㄚˇ ㄢˋ	法案	649
ㄏㄨㄚ ㄌㄧㄢˊ	花蓮	649
ㄊㄧㄥˊ ㄓˇ	停止	648
ㄆㄧㄥˊ ㄉㄨㄥ	屏東	648
ㄓㄨㄛ	捉	648
ㄒㄧㄚˋ ㄐㄧㄤˋ	下降	647
ㄊㄨㄥˊ ㄧ	同一	647
ㄧˊ ㄌㄢˊ	宜蘭	647
ㄒㄩˋ	蓄	647
ㄧㄢˊ ㄙㄜˋ	顏色	647
ㄗㄨㄛˋ ㄈㄚˇ	做法	646
ㄞ	哀	646
ㄒㄧㄤˋ ㄓㄥ	象徵	645
ㄕㄤˋ ㄧㄡˇ	上有	644
ㄅㄧㄥˋ ㄈㄟ	並非	644
ㄊㄚˋ	拓	644
ㄊㄨㄛˋ	拓	644
ㄆㄤˊ ㄅㄧㄢ	旁邊	644
ㄩㄥˇ	泳	644
ㄓㄨㄥˇ ㄓㄨㄥˇ	種種	644
ㄒㄧㄥˊ ㄊㄞˋ	型態	643
ㄖㄣˋ ㄓㄣ	認真	643
ㄙㄚˋ	薩	642
ㄗㄨㄛˋ ㄌㄜ˙	做了	641
ㄨㄟˋ	慰	641
ㄅㄢ	斑	641
ㄧㄠˊ	遙	641
ㄢ ㄓㄨㄤ	安裝	640
ㄨㄛˇ ㄗˋ ㄐㄧˇ	我自己	640
ㄐㄧㄥˋ ㄊㄡˊ	鏡頭	640
ㄈㄣ ㄌㄟˋ	分類	639
ㄎㄣˇ	墾	639
ㄨㄣˊ ㄒㄧㄢˋ	文獻	639
ㄕㄥ	牲	639
ㄧ ㄓˋ	一致	638
ㄧˊ ㄓˋ	一致	638
ㄍㄨㄤˇ ㄔㄤˇ	廣場	638
ㄕㄡ ㄉㄠˋ	收到	638
ㄆㄧㄠˋ ㄌㄧㄤˋ	漂亮	638
ㄒㄧㄢˋ ㄗㄞˋ ㄉㄜ˙	現在的	638
ㄨㄢˇ	碗	638
ㄧㄢˊ	鹽	638
ㄗㄨㄟˋ ㄓㄨㄥˋ	最重	637
ㄉㄧ	滴	637
ㄕㄤˋ ㄕˋ	上市	636
ㄑㄧㄡˊ ㄩㄢˊ	球員	636
ㄌㄟˋ ㄒㄧㄥˊ	類型	636
ㄈㄤˇ	仿	635
ㄏㄨㄛˋ ㄓㄜˇ ㄕˋ	或者是	635
ㄕㄣ ㄎㄜˋ	深刻	635
ㄗㄨㄛˋ ㄖㄣˊ	作人	634
ㄧˋ ㄩㄢˊ	億元	634
ㄒㄩㄝˊ ㄑㄧˊ	學期	634
ㄐㄧㄡˋ ㄏㄠˇ	就好	634
ㄧㄣˇ ㄐㄧㄣˋ	引進	634
ㄇㄧㄥˊ ㄅㄞˊ	明白	634
ㄕ	獅	634
ㄍㄨㄢ ㄓㄨˋ	關注	634
ㄕˊ ㄧ ㄩㄝˋ	十一月	633
ㄏㄠˇ ㄅㄨˊ	好不	633
ㄏㄠˇ ㄅㄨˋ	好不	633
ㄏㄠˇ ㄔㄨˋ	好處	633
ㄘˊ	瓷	633
ㄓㄜˋ ㄐㄧㄢˋ ㄕˋ	這件事	633
ㄩㄣˋ ㄕㄨ	運輸	633
ㄌㄟˇ	壘	632
ㄋㄧㄢˊ ㄉㄧˇ	年底	632
ㄋㄚˇ ㄒㄧㄝ	哪些	631
ㄊㄞˋ ㄆㄧㄥˊ	太平	631
ㄨㄤˋ	旺	631
ㄉㄧˋ ㄕˊ	第十	631
ㄦˋ ㄕˊ ㄨˇ	二十五	630
ㄕㄨˊ	叔	630
ㄕㄨ˙	叔	127.70072676050748
ㄎㄨㄥˇ ㄅㄨˋ	恐怖	630
ㄕˊ ㄅㄠˋ	時報	630
ㄏㄞˇ ㄧㄤˊ	海洋	630
ㄈㄚ ㄇㄧㄥˊ	發明	630
ㄖㄠˋ	繞	630
ㄧ ㄎㄞ	一開	629
ㄧˋ ㄎㄞ	一開	629
ㄇㄧㄥˊ ㄉㄢ	名單	629
ㄊㄨㄥˇ ㄓˋ	統治	629
ㄧ ㄧㄤˋ ㄉㄜ˙	一樣的	628
ㄧˊ ㄧㄤˋ ㄉㄜ˙	一樣的	628
ㄉㄚˇ ㄐㄧˊ	打擊	628
ㄏㄨㄚˋ ㄐㄧㄚ	畫家	628
ㄔㄢˊ	禪	628
ㄕㄢˋ	禪	6.351308576902391
ㄐㄧˋ ㄓㄜˇ ㄏㄨㄟˋ	記者會	628
ㄒㄧㄢˇ ㄉㄜ˙	顯得	628
ㄨㄤˇ ㄧㄝˋ	網頁	627
ㄔㄣˊ	臣	627
ㄈㄥˊ	逢	627
ㄐㄧˊ ㄎㄜˇ	即可	626
ㄨˇ ㄉㄠˋ	舞蹈	626
ㄊㄞˊ ㄈㄥ	颱風	626
ㄆㄣ	噴	625
ㄕˋ ㄨㄟˊ ㄌㄜ˙	是為了	625
ㄅㄨˋ ㄎㄜˇ ㄧˇ	不可以	624
ㄨㄞˋ ㄐㄧㄝˋ	外界	624
ㄌㄧㄢˊ	廉	624
ㄋㄚˊ ㄉㄠˋ	拿到	624
ㄉㄨㄥˋ	棟	624
ㄊㄜˋ ㄓㄥ	特徵	624
ㄗ ㄌㄧㄠˋ ㄎㄨˋ	資料庫	624
ㄕㄥˋ ㄒㄧㄚˋ	剩下	623
ㄔㄤˇ ㄙㄨㄛˇ	場所	623
ㄔㄤˊ ㄙㄨㄛˇ	場所	623
ㄨㄟ ㄒㄧㄝˊ	威脅	623
ㄉㄤ ㄗㄨㄛˋ	當作	623
ㄍㄥ	耕	623
ㄨㄟˇ ㄊㄨㄛ	委託	622
ㄓ ㄈㄨˋ	支付	622
ㄌㄧㄢˊ	憐	621
ㄘㄨㄛˋ	挫	621
ㄨㄣˊ ㄇㄧㄥˊ	文明	621
ㄙㄠ	騷	621
ㄠˋ ㄓㄡ	澳洲	620
ㄓㄨˋ ㄇㄧㄥˊ	著名	620
ㄗ	諮	620
ㄌㄨˊ	盧	619
ㄒㄧㄡˋ	袖	619
ㄗㄨㄣ	遵	619
ㄉㄡ ㄏㄣˇ	都很	619
ㄋㄧㄢˊ ㄐㄧˋ	年紀	618
ㄏㄞˊ ㄎㄜˇ ㄧˇ	還可以	618
ㄋㄧㄥˊ	凝	617
ㄍㄨㄤ ㄉㄧㄝˊ	光碟	616
ㄑㄩˇ ㄉㄞˋ	取代	616
ㄑㄧˊ	歧	616
ㄕㄨㄟˇ ㄎㄨˋ	水庫	616
ㄅㄞˇ ㄏㄨㄛˋ	百貨	616
ㄌㄧㄢˊ ㄅㄤ	聯邦	616
ㄕㄨˇ ㄓㄤˇ	署長	615
ㄇㄛˊ	膜	615
ㄇㄛˋ	膜	6.351308576902391
ㄅㄨˋ ㄒㄧㄤˇ	不想	614
ㄙㄡ ㄒㄩㄣˊ	搜尋	614
ㄉㄧˋ ㄨˇ	第五	614
ㄒㄧㄤˊ ㄒㄧˋ	詳細	614
ㄐㄧㄚˇ ㄕㄜˋ	假設	613
ㄐㄩˋ ㄑㄧㄥˊ	劇情	613
ㄓㄨㄤ	妝	613
ㄨㄢ	彎	613
ㄧㄢˇ ㄗㄡˋ	演奏	613
ㄐㄧ	肌	613
ㄨㄟˊ ㄈㄢˇ	違反	613
ㄊㄨˊ	余	6.351308576902391
ㄩˊ	余	612
ㄈㄣ ㄗˇ	分子	612
ㄈㄣˋ ㄗˇ	分子	612
ㄈㄣˋ ㄗ˙	分子	612
ㄌㄨˋ	鹿	612
ㄨㄣˊ ㄐㄧㄢˋ	文件	611
ㄋㄚˋ ㄖㄨˋ	納入	611
ㄑㄧㄥ ㄙㄨㄥ	輕鬆	611
ㄕㄤˋ ㄒㄧㄚˋ	上下	610
ㄉㄨㄥˋ ㄌㄧˋ	動力	610
ㄐㄧˇ ㄊㄧㄢ	幾天	610
ㄞˋ ㄉㄜ˙	愛的	610
ㄐㄧㄥ ㄧㄡˊ	經由	610
ㄈㄨˇ	腐	610
ㄉㄞˋ ㄎㄨㄢˇ	貸款	610
ㄕˋ ㄧㄥˋ	適應	610
ㄔㄨ ㄒㄧˊ	出席	609
ㄨㄚˊ	娃	609
ㄨㄚ˙	娃	123.44403586849056
ㄐㄧㄚ ㄌㄧˇ	家裡	609
ㄔㄨㄥˊ ㄐㄧㄢˋ	重建	609
ㄓㄨㄥ ㄓㄥˋ	中正	608
ㄒㄧㄚˊ	峽	608
ㄒㄧㄥˋ ㄈㄨˊ	幸福	608
ㄊㄧㄥˊ	婷	607
ㄓㄡˋ	宙	607
ㄓㄨˇ	煮	607
ㄐㄧㄝˊ ㄌㄨㄣˋ	結論	607
ㄓㄨㄥ ㄕㄢ	中山	606
ㄅㄠˋ ㄇㄧㄥˊ	報名	606
ㄧㄤˇ	氧	606
ㄩˇ	羽	606
ㄒㄧˋ	夕	605
ㄗㄠˇ ㄧˇ	早已	605
ㄕˋ ㄩㄥˋ	適用	605
ㄐㄧㄣ ㄊㄧㄢ ㄉㄜ˙	今天的	604
ㄌㄢˇ	懶	604
ㄏㄨㄟˋ ㄕˋ	會是	604
ㄉㄥ ㄐㄧˋ	登記	604
ㄧㄠ	腰	604
ㄅㄨˊ ㄓㄨˋ	不住	603
ㄎㄢ	堪	603
ㄨㄟˋ ㄒㄧㄥ	衛星	603
ㄕˋ ㄔㄨ	釋出	603
ㄒㄩ ㄧㄠˋ	須要	603
ㄔㄨ ㄕㄥ	出生	602
ㄩㄣˋ	孕	602
ㄐㄩ ㄖㄢˊ	居然	602
ㄅㄨˋ ㄒㄧ	布希	602
ㄐㄧˋ ㄑㄧㄠˇ	技巧	602
ㄐㄧㄠˋ ㄘㄞˊ	教材	602
ㄏㄜˊ	盒	602
ㄋㄩˇ ㄗˇ	女子	601
ㄊㄧㄥ ㄕㄨㄛ	聽說	601
ㄔㄥ	撐	600
ㄐㄧㄢ	肩	600
ㄧㄤˊ ㄍㄨㄤ	陽光	600
ㄗˇ ㄒㄧˋ	仔細	599
ㄖㄨˊ	儒	599
ㄈㄣˋ	憤	599
ㄅㄨˊ ㄒㄧㄥˋ	不幸	598
ㄆㄟˋ	佩	598
ㄑㄧˊ ㄕˊ ㄕˋ	其實是	598
ㄊㄞˊ ㄅㄟˇ ㄒㄧㄢˋ	台北縣	598
ㄉㄞ	呆	598
ㄞˊ	呆	598
ㄆㄧㄣˊ ㄉㄠˋ	頻道	598
ㄆㄧㄠ	飄	598
ㄜˋ	餓	598
ㄍㄠ ㄙㄨˋ	高速	598
ㄊㄞˊ ㄉㄨㄥ	台東	597
ㄉㄧㄥˋ ㄨㄟˋ	定位	597
ㄘㄞˇ ㄍㄡˋ	採購	597
ㄎㄨˋ	酷	597
ㄦˋ ㄅㄞˇ	二百	596
ㄑㄧㄥˊ ㄍㄢˇ	情感	596
ㄑㄧˊ ㄨㄤˋ	期望	596
ㄨˋ ㄌㄧˇ	物理	596
ㄧㄝˇ ㄉㄡ	也都	595
ㄧㄡˋ	誘	595
ㄉㄨㄛˇ	躲	595
ㄅㄢ	頒	595
ㄈㄥ ㄐㄧㄥˇ	風景	595
ㄏㄨㄟˊ ㄕㄡ	回收	594
ㄏㄨㄟˋ ㄔㄨ	會出	594
ㄧㄢˊ ㄍㄜˊ	嚴格	593
ㄅㄟˋ ㄏㄡˋ	背後	593
ㄨㄛˇ ㄏㄨㄟˋ	我會	592
ㄅㄠˋ ㄌㄧˋ	暴力	592
ㄗㄠ	糟	592
ㄅㄚˋ	霸	592
ㄅㄨˋ ㄌㄧㄤˊ	不良	591
ㄐㄧㄚˇ ㄖㄨˊ	假如	591
ㄒㄧㄣ ㄕㄥ	新生	591
ㄌㄧˇ ㄒㄧㄥˋ	理性	591
ㄆㄥˋ ㄉㄠˋ	碰到	591
ㄓㄨˇ ㄐㄧˋ	主計	590
ㄒㄧㄣ ㄊㄞˋ	心態	590
ㄕㄜˋ ㄐㄧˊ	涉及	590
ㄐㄧㄝ ㄐㄧˊ	階級	590
ㄋㄧˇ ㄧㄡˇ	你有	589
ㄘㄨㄥˊ	叢	589
ㄏㄨㄣ ㄧㄣ	婚姻	589
ㄔㄜ ㄓㄢˋ	車站	589
ㄧㄡ ㄒㄧㄢ	優先	588
ㄇㄨˇ	姆	588
ㄘㄨㄟˋ	粹	588
ㄕㄣ ㄨㄟˊ	身為	588
ㄍㄨㄢˋ ㄐㄩㄣ	冠軍	587
ㄉㄨㄥ ㄐㄧㄥ	東京	587
ㄕㄡˊ ㄒㄧ	熟悉	587
ㄏㄨㄛˋ	禍	587
ㄌㄧㄣˊ ㄕˊ	臨時	587
ㄘㄞˊ ㄨˋ	財務	587
ㄎㄨㄣˋ ㄖㄠˇ	困擾	586
ㄎㄨㄥˇ ㄗˇ	孔子	586
ㄊㄚ ㄕˋ	它是	586
ㄏㄜˊ ㄒㄧㄣ	核心	586
ㄌㄢˋ	濫	586
ㄨㄢˊ ㄐㄩˋ	玩具	586
ㄗ	茲	586
ㄘˊ	茲	586
ㄗㄞˋ ㄌㄞˊ	再來	585
ㄔ ㄈㄢˋ	吃飯	585
ㄔㄥˊ ㄕㄡˊ	成熟	585
ㄔㄥˊ ㄕㄨˊ	成熟	585
ㄕ	濕	585
ㄧㄥˊ ㄩㄣˋ	營運	585
ㄐㄧㄥˇ ㄍㄨㄢ	景觀	584
ㄕㄤˋ ㄨㄤˇ	上網	583
ㄅㄠˇ ㄕㄡˇ	保守	583
ㄑㄩㄢˋ	勸	583
ㄧˋ	抑	583
ㄗㄨㄟˋ ㄓㄨㄥˋ ㄧㄠˋ	最重要	583
ㄘˋ ㄓㄤˇ	次長	583
ㄌㄤˋ ㄈㄟˋ	浪費	583
ㄎㄜˇ ㄐㄧㄢˋ	可見	582
ㄉㄚˋ ㄖㄣˊ	大人	582
ㄆㄧˊ ㄈㄨ	皮膚	582
ㄘㄞˊ ㄊㄨㄢˊ	財團	582
ㄋㄚˇ ㄕˊ ㄏㄡˋ	那時候	582
ㄋㄚˋ ㄕˊ ㄏㄡˋ	那時候	582
ㄅㄨˋ ㄒㄧㄥˊ	不行	581
ㄐㄧ ㄉㄧˋ	基地	581
ㄏㄠˋ ㄑㄧˊ	好奇	581
ㄒㄧㄤˋ	巷	581
ㄒㄧㄥˊ ㄖㄨㄥˊ	形容	581
ㄊㄧˊ ㄕㄥ	提昇	581
ㄍㄡˋ ㄨˋ	購物	581
ㄩˋ ㄘㄜˋ	預測	581
ㄩˇ ㄓㄡˋ	宇宙	580
ㄒㄧㄤˇ ㄑㄧˇ	想起	580
ㄋㄥˊ ㄧㄡˇ	能有	580
ㄧㄡ	悠	579
ㄐㄧㄤˇ ㄌㄧˋ	獎勵	579
ㄐㄧㄢ ㄉㄨ	監督	579
ㄍㄢˇ ㄉㄨㄥˋ	感動	578
ㄇㄧㄠˊ ㄕㄨˋ	描述	578
ㄨㄤˇ ㄌㄨˋ ㄕㄤˋ	網路上	578
ㄐㄩ ㄓㄨˋ	居住	577
ㄑㄧㄢˋ	欠	577
ㄧˋ	毅	577
ㄏㄡˊ	猴	577
ㄊㄨㄥˊ	銅	577
ㄍㄨㄤˇ ㄅㄛ	廣播	576
ㄍㄨㄤˇ ㄅㄛˋ	廣播	576
ㄋㄧㄡˇ	扭	576
ㄙ ㄖㄣˊ	私人	576
ㄌㄨˋ ㄒㄧㄢˋ	路線	576
ㄨˋ	霧	576
ㄕˊ ㄧㄢˋ ㄕˋ	實驗室	575
ㄑㄧㄚˋ	恰	575
ㄔㄠˇ	炒	575
ㄉㄧㄝˊ	疊	575
ㄕㄣˊ ㄐㄧㄥ	神經	575
ㄘㄨㄟˋ	翠	575
ㄙㄨˋ	肅	575
ㄌㄧˇ ㄕˋ	理事	574
ㄉㄨㄣˋ	盾	574
ㄕㄨㄣˇ	盾	6.351308576902391
ㄌㄨㄥˊ	籠	574
ㄅㄨˋ ㄐㄧˊ	不及	573
ㄕㄨˋ ㄒㄩㄝˊ	數學	573
ㄒㄩㄣˋ ㄙㄨˋ	迅速	573
ㄍㄨㄟ	鮭	573
ㄠˋ ㄩㄣˋ	奧運	572
ㄓㄢˇ ㄌㄢˇ	展覽	572
ㄐㄧㄥ ㄌㄧˋ	經歷	572
ㄓㄨㄢˇ ㄏㄨㄢˋ	轉換	572
ㄔㄣˊ ㄕㄨㄟˇ ㄅㄧㄢˇ	陳水扁	572
ㄧ ㄆㄧㄢ	一篇	571
ㄧˋ ㄆㄧㄢ	一篇	571
ㄧ ㄅㄢ ㄖㄣˊ	一般人	571
ㄧˋ ㄅㄢ ㄖㄣˊ	一般人	571
ㄕㄤˋ ㄑㄩˋ	上去	571
ㄍㄨㄥ ㄐㄧㄣ	公斤	571
ㄅㄧㄝˊ ㄕˋ	別是	571
ㄒㄧㄠ	削	571
ㄒㄩㄝˋ	削	6.351308576902391
ㄊㄞˋ ㄎㄨㄥ	太空	571
ㄅㄤˇ	綁	571
ㄧㄠˋ ㄨˋ	藥物	571
ㄉㄠˋ ㄌㄧˇ	道理	571
ㄐㄧㄡˇ ㄨˇ	九五	570
ㄊㄧㄥˇ	挺	570
ㄐㄧㄢˋ ㄐㄧㄢˋ	漸漸	570
ㄅㄞˊ ㄙㄜˋ	白色	570
ㄇㄚˇ ㄧㄥ ㄐㄧㄡˇ	馬英九	570
ㄊㄚ ㄗㄞˋ	他在	569
ㄉㄚˋ ㄕ	大師	569
ㄓㄨˇ ㄖㄣˊ	主人	568
ㄧˇ ㄇㄧㄢˇ	以免	568
ㄩㄢˊ ㄕˇ	原始	568
ㄈㄤˇ	彷	568
ㄑㄧㄣ ㄗˋ	親自	568
ㄧ ㄊㄞˊ	一台	567
ㄧˋ ㄊㄞˊ	一台	567
ㄅㄨˋ ㄐㄧㄡˇ	不久	567
ㄈㄣˋ ㄗˇ	份子	567
ㄈㄣˋ ㄗ˙	份子	567
ㄗㄨㄛˋ ㄏㄠˇ	做好	567
ㄖㄜˋ ㄋㄠˋ	熱鬧	567
ㄘˊ	磁	567
ㄦˋ ㄖˋ	二日	566
ㄆㄧㄥˊ	坪	566
ㄐㄧˊ	寂	566
ㄏㄨㄚˊ ㄖㄣˊ	華人	566
ㄇㄧㄢˋ ㄕㄤˋ	面上	566
ㄉㄢ ㄔㄨㄣˊ	單純	565
ㄉㄨㄟˋ ㄊㄞˊ	對台	565
ㄩˋ ㄌㄞˊ	愈來	565
ㄗㄨㄟˋ ㄒㄧㄣ	最新	565
ㄈㄢˋ ㄉㄧㄢˋ	飯店	565
ㄓ ㄦˋ	之二	564
ㄓㄠˋ	兆	564
ㄘㄨㄥˊ ㄒㄧㄠˇ	從小	564
ㄆㄢˋ	盼	564
ㄒㄧㄚˋ ㄗㄞˇ	下載	563
ㄧㄠˇ	咬	563
ㄩˋ ㄌㄞˊ ㄩˋ	愈來愈	562
ㄧㄥˊ	盈	562
ㄧㄝˇ ㄗㄞˋ	也在	561
ㄌㄧㄤˇ ㄊㄧㄢ	兩天	561
ㄍㄜˇ	葛	561
ㄍㄜˊ	葛	6.351308576902391
ㄑㄧ	欺	560
ㄐㄩㄝˊ ㄘㄜˋ	決策	560
ㄕㄡˋ	瘦	560
ㄒㄧㄥˋ ㄓˊ	性質	559
ㄧˋ ㄨㄟˋ	意味	559
ㄢˋ ㄓㄠˋ	按照	559
ㄧㄢˇ	掩	559
ㄊㄧˊ ㄇㄧㄥˊ	提名	559
ㄇㄧㄣˊ ㄧˋ	民意	559
ㄌㄧㄣˊ	琳	559
ㄎㄢˇ	砍	559
ㄐㄧㄠˋ ㄏㄠˇ	較好	559
ㄖㄨˋ ㄒㄩㄝˊ	入學	558
ㄉㄧㄠˋ ㄌㄜ˙	掉了	558
ㄍㄥˋ ㄉㄨㄛ ㄉㄜ˙	更多的	558
ㄅㄧㄠ ㄕˋ	標示	558
ㄓ ㄌㄟˋ	之類	557
ㄊㄧㄥˊ ㄔㄜ	停車	557
ㄐㄧㄠˋ ㄕˋ	教室	557
ㄅㄠˇ	葆	557
ㄔㄨˋ ㄓㄤˇ	處長	557
ㄧ ㄓ	一隻	556
ㄧˋ ㄓ	一隻	556
ㄓˇ ㄕˋ	指示	556
ㄏㄨㄟˋ ㄈㄚ	會發	556
ㄈㄤˊ ㄅㄨˋ	防部	556
ㄧㄚ	鴨	556
ㄆㄢˊ	胖	6.351308576902391
ㄆㄤˋ	胖	555
ㄊㄢˊ ㄉㄠˋ	談到	555
ㄍㄜˋ ㄒㄧㄥˋ	個性	554
ㄨㄟˇ ㄉㄚˋ	偉大	554
ㄐㄧㄢˋ	劍	554
ㄕㄡˇ ㄉㄨㄢˋ	手段	554
ㄕㄡˇ ㄕㄨˋ	手術	554
ㄩˋ ㄑㄧˊ	預期	554
ㄖㄜˋ ㄑㄧㄥˊ	熱情	553
ㄒㄧㄡˋ	臭	6.351308576902391
ㄔㄡˋ	臭	553
ㄕㄨˋ	尌	552
ㄈㄨˊ	扶	552
ㄐㄩ	俱	6.351308576902391
ㄐㄩˋ	俱	551
ㄐㄧㄤ ㄏㄨㄟˋ	將會	551
ㄐㄧˊ ㄊㄧˇ	集體	551
ㄋㄠˇ	惱	550
ㄅㄢˋ ㄉㄜ˙	辦的	550
ㄒㄩㄣˋ	遜	550
ㄒㄧㄚˋ ㄇㄧㄢˋ	下面	549
ㄕㄤ ㄉㄧㄢˋ	商店	549
ㄍㄨㄛˊ ㄐㄧㄚ ㄍㄨㄥ ㄩㄢˊ	國家公園	549
ㄊㄧㄠˊ ㄨㄣˊ	條文	549
ㄓㄜˋ ㄐㄧㄡˋ	這就	549
ㄧˋ ㄎㄞ ㄕˇ	一開始	548
ㄑㄩˇ ㄒㄧㄠ	取消	548
ㄧㄠˋ ㄅㄨˊ ㄧㄠˋ	要不要	548
ㄍㄨㄤˋ	逛	548
ㄋㄟˋ ㄨㄞˋ	內外	547
ㄐㄩˋ ㄕㄨㄛ	據說	547
ㄕㄨˇ ㄐㄧㄚˋ	暑假	547
ㄋㄢˊ ㄕㄥ	男生	547
ㄧㄢˊ ㄐㄧㄡˋ ㄩㄢˋ	研究院	547
ㄅㄧˋ	祕	6.351308576902391
ㄇㄧˋ	祕	547
ㄍㄨㄟ	龜	547
ㄐㄩㄣ	龜	6.351308576902391
ㄑㄧㄡ	龜	6.351308576902391
ㄑㄧˊ ㄊㄚ ㄉㄜ˙	其他的	545
ㄩㄢˊ ㄑㄩ	園區	545
ㄒㄧㄥˊ ㄔㄥˊ	行程	545
ㄐㄧㄠ ㄊㄨㄥ ㄅㄨˋ	交通部	544
ㄊㄞˊ ㄉㄧㄢˋ	台電	544
ㄍㄨㄛˊ ㄈㄤˊ ㄅㄨˋ	國防部	544
ㄧˋ ㄩㄢˋ	意願	544
ㄞˋ ㄗ	愛滋	544
ㄍㄨˋ ㄎㄜˋ	顧客	544
ㄉㄧㄥˋ ㄑㄧˊ	定期	543
ㄈㄟ ㄒㄧㄥˊ	飛行	543
ㄗㄞˋ ㄘˇ	在此	542
ㄐㄧㄣˇ ㄐㄧˊ	緊急	542
ㄧㄥ ㄩˇ	英語	542
ㄔㄣˋ	趁	542
ㄊㄚ ㄇㄣˊ	牠們	541
ㄊㄚ ㄇㄣ˙	牠們	541
ㄈㄥˊ	縫	6.351308576902391
ㄈㄥˋ	縫	541
ㄔㄨˊ ㄈㄟ	除非	541
ㄗㄨㄛˋ ㄊㄢˊ	座談	540
ㄏㄨㄛˋ	惑	540
ㄎㄢˋ ㄔㄨ	看出	540
ㄙㄢ ㄈㄣ	三分	539
ㄊㄢˋ	嘆	539
ㄗㄞˋ ㄗㄨㄛˋ	在做	539
ㄏㄣˇ ㄅㄨˊ	很不	539
ㄏㄣˇ ㄅㄨˋ	很不	539
ㄙㄨㄣˇ ㄕ	損失	539
ㄘˇ ㄕˊ	此時	539
ㄇㄟˇ ㄍㄜ˙ ㄖㄣˊ	每個人	539
ㄒㄧㄢˋ ㄕㄤˋ	線上	539
ㄌㄧㄢˊ ㄒㄧㄢˋ	連線	539
ㄊㄧˇ ㄏㄨㄟˋ	體會	539
ㄅㄧˋ	弊	538
ㄓˇ ㄏㄨㄟ	指揮	538
ㄍㄥˋ ㄕˋ	更是	538
ㄓㄨˋ	柱	538
ㄧˇ	矣	538
ㄇㄧˋ	蜜	538
ㄆㄤˊ ㄉㄚˋ	龐大	538
ㄌㄧㄡˋ ㄖˋ	六日	537
ㄍㄜ ㄍㄜ	哥哥	537
ㄍㄜ ㄍㄜ˙	哥哥	537
ㄏㄨㄟˊ ㄧˋ	回憶	537
ㄉㄚˋ ㄉㄚˋ	大大	537
ㄇㄟˇ ㄘˋ	每次	537
ㄒㄧ	犧	537
ㄐㄧㄥˇ	頸	537
ㄍㄨㄛˊ ㄩˇ	國語	536
ㄒㄩㄣˊ ㄑㄧㄡˊ	尋求	536
ㄑㄧㄤˇ ㄓˋ	強制	536
ㄑㄧㄤˊ ㄓˋ	強制	536
ㄩㄝˋ	悅	536
ㄕㄡˇ ㄈㄚˇ	手法	536
ㄓˇ ㄉㄧㄥˋ	指定	536
ㄉㄨㄥ ㄋㄢˊ	東南	536
ㄇㄧㄢˋ ㄧㄡˇ	面有	536
ㄧㄡ ㄕˋ	優勢	535
ㄕㄠˋ ㄋㄩˇ	少女	535
ㄈㄨˊ	彿	535
ㄩˊ	愉	535
ㄧˋ ㄏㄨㄟˋ	議會	535
ㄕㄣ ㄕㄤˋ	身上	535
ㄊㄧㄝˇ ㄌㄨˋ	鐵路	535
ㄑㄧㄥ ㄒㄧㄤˋ	傾向	534
ㄅㄛ	剝	534
ㄏㄣˇ ㄉㄚˋ ㄉㄜ˙	很大的	534
ㄙㄨㄛˇ ㄗㄞˋ	所在	534
ㄧㄡˇ ㄐㄧ ㄏㄨㄟˋ	有機會	534
ㄦˋ ㄍㄜ˙	二個	533
ㄒㄧㄝˇ ㄉㄜ˙	寫的	533
ㄔㄤˊ ㄐㄧㄢˋ	常見	533
ㄓˇ ㄕㄨˋ	指數	533
ㄔˋ	斥	533
ㄗˇ	紫	533
ㄨㄟˋ	偽	532
ㄖㄨㄛˋ ㄕˋ	弱勢	532
ㄋㄚˊ ㄌㄞˊ	拿來	532
ㄉㄨㄥ ㄅㄟˇ	東北	532
ㄗㄡˇ ㄉㄠˋ	走到	532
ㄖㄣˊ ㄖㄣˊ	人人	531
ㄈㄤˇ ㄈㄨˊ	彷彿	531
ㄍㄨˋ ㄨㄣˋ	顧問	530
ㄦˋ ㄕˊ ㄧ	二十一	529
ㄖㄣˊ ㄒㄧㄥˋ	人性	529
ㄕˋ ㄈㄨˇ	市府	529
ㄅㄤˋ ㄑㄧㄡˊ	棒球	529
ㄇㄟˊ ㄒㄧㄤˇ	沒想	529
ㄒㄧ ㄕㄥ	犧牲	529
ㄓㄥˋ ㄑㄩㄢˋ	證券	529
ㄧ ㄑㄩㄣˊ	一群	528
ㄧˋ ㄑㄩㄣˊ	一群	528
ㄐㄧㄚ ㄙㄨˋ	加速	528
ㄐㄧㄢˋ ㄓㄨˊ ㄨˋ	建築物	528
ㄇㄡˇ ㄍㄜ˙	某個	528
ㄈㄥ	瘋	528
ㄉㄜ˙ ㄩㄢˊ ㄧㄣ	的原因	528
ㄑㄧㄠˊ	瞧	528
ㄓㄨˇ ㄧㄠˋ ㄕˋ	主要是	527
ㄋㄚˊ ㄔㄨ	拿出	527
ㄕㄜˇ	捨	527
ㄐㄧㄢˇ ㄧㄢˋ	檢驗	527
ㄩㄣˇ ㄒㄩˇ	允許	526
ㄍㄨㄥˋ ㄔㄢˇ	共產	526
ㄩˊ	娛	526
ㄅㄧˇ ㄐㄧㄠˋ ㄏㄠˇ	比較好	526
ㄧ ㄒㄧㄤˋ	一向	525
ㄧˊ ㄒㄧㄤˋ	一向	525
ㄛˊ	哦	525
ㄜˊ	哦	525
ㄔㄣˊ	塵	525
ㄎㄜˋ ㄖㄣˊ	客人	525
ㄅㄧˋ ㄒㄩ ㄧㄠˋ	必須要	525
ㄍㄨㄥˇ	礦	6.351308576902391
ㄎㄨㄤˋ	礦	525
ㄋㄨㄥˊ ㄨㄟˇ ㄏㄨㄟˋ	農委會	525
ㄗㄨㄢ	鑽	525
ㄗㄨㄢˇ	鑽	6.351308576902391
ㄗㄨㄢˋ	鑽	6.351308576902391
ㄎㄜˇ ㄅㄨˊ	可不	524
ㄎㄜˇ ㄅㄨˋ	可不	524
ㄉㄧˋ ㄉㄧˋ	弟弟	524
ㄉㄧˋ ㄉㄧ˙	弟弟	524
ㄉㄜˊ ㄧˇ	得以	524
ㄘㄚ	擦	524
ㄧㄢˇ ㄩㄢˊ	演員	524
ㄐㄧㄝ ㄊㄡˊ	街頭	524
ㄓㄣˋ ㄗ˙	陣子	524
ㄈㄨˊ	伏	523
ㄍㄨㄛˊ ㄨㄤˊ	國王	523
ㄏㄨㄛˇ	夥	523
ㄕˊ ㄓˊ	實質	523
ㄉㄤ ㄊㄧㄢ	當天	523
ㄐㄧㄢˋ	踐	523
ㄢˋ ㄌㄧˋ	案例	522
ㄆㄢ	潘	522
ㄗㄡˇ ㄒㄧㄤˋ	走向	522
ㄌㄨㄛˊ	邏	522
ㄧ ㄈㄣˋ	一份	521
ㄧˊ ㄈㄣˋ	一份	521
ㄋㄟˋ ㄒㄧㄣ	內心	521
ㄐㄩˋ ㄔㄤˇ	劇場	521
ㄏㄠˊ ㄨˊ	毫無	521
ㄌㄧㄢˊ ㄏㄜˊ ㄍㄨㄛˊ	聯合國	521
ㄧ ㄉㄨㄟ	一堆	520
ㄧˋ ㄉㄨㄟ	一堆	520
ㄒㄧㄝˇ ㄗㄨㄛˋ	寫作	520
ㄇㄠˋ	帽	520
ㄇㄣ	悶	520
ㄇㄣˋ	悶	6.351308576902391
ㄑㄧㄥˇ ㄐㄧㄠˋ	請教	520
ㄐㄧㄣˇ	謹	520
ㄈㄨˋ ㄔㄨ	付出	519
ㄉㄢ ㄧ	單一	519
ㄧㄡˇ ㄎㄢˋ	有看	519
ㄓㄨㄥˇ ㄌㄟˋ	種類	519
ㄑㄧㄢ	籤	519
ㄔㄜ ㄗ˙	車子	519
ㄒㄧㄢ ㄐㄧㄣˋ	先進	518
ㄏㄨㄟˋ	彙	518
ㄕㄡˋ	獸	518
ㄔㄢˇ ㄑㄩㄢˊ	產權	518
ㄐㄧㄣ	筋	518
ㄧ ㄌㄧㄢˊ	一連	517
ㄧˋ ㄌㄧㄢˊ	一連	517
ㄌㄨㄛˊ ㄙ	羅斯	517
ㄑㄩㄢˊ ㄊㄞˊ	全台	516
ㄊㄧㄢ ㄎㄨㄥ	天空	516
ㄇㄧㄥˊ ㄒㄧㄥ	明星	516
ㄏㄣˊ	痕	516
ㄞˊ ㄓㄥˋ	癌症	516
ㄧㄢˊ ㄓㄥˋ	癌症	516
ㄓˋ	秩	516
ㄐㄧㄢˋ	艦	516
ㄧ ㄇㄧㄢˋ	一面	515
ㄧˊ ㄇㄧㄢˋ	一面	515
ㄨˊ ㄒㄧㄢˋ	無線	515
ㄉㄨㄢˇ ㄑㄧˊ	短期	515
ㄌㄩˋ ㄙㄜˋ	綠色	515
ㄓㄨㄥˇ	腫	515
ㄇㄧㄥˊ	鳴	515
ㄓㄨˇ ㄉㄠˇ	主導	514
ㄧˇ	乙	514
ㄩˇ ㄧˇ	予以	514
ㄍㄨㄥ ㄓㄨˇ	公主	514
ㄍㄨㄥ ㄔㄜ	公車	514
ㄍㄨㄤˇ ㄈㄢˋ	廣泛	514
ㄔㄞˊ	柴	514
ㄆㄥˊ ㄓㄤˋ	膨脹	514
ㄌㄧㄡˋ ㄅㄞˇ	六百	513
ㄏㄨ ㄌㄩㄝˋ	忽略	513
ㄆㄞˊ ㄇㄧㄥˊ	排名	513
ㄗㄨㄟˋ ㄓㄨㄥ	最終	513
ㄑㄧㄢˋ	歉	513
ㄊㄥˊ	疼	513
ㄓㄥˋ ㄓㄨㄤˋ	症狀	513
ㄊㄢ	貪	513
ㄋㄚˋ ㄇㄛ˙ ㄉㄨㄛ	那麼多	513
ㄋㄚˋ ㄇㄜ˙ ㄉㄨㄛ	那麼多	513
ㄒㄧㄠˇ ㄉㄜˊ	曉得	512
ㄒㄧㄠˇ ㄉㄜ˙	曉得	512
ㄩˋ	浴	512
ㄓˋ	緻	512
ㄅㄧㄠˇ ㄇㄧㄢˋ	表面	512
ㄙˋ ㄍㄜ˙	四個	511
ㄗㄞˋ ㄓㄜˋ ㄌㄧˇ	在這裡	511
ㄘㄥˊ ㄇㄧㄢˋ	層面	511
ㄐㄧㄣˋ ㄦˊ	進而	511
ㄙㄨㄟˊ ㄅㄧㄢˋ	隨便	511
ㄙㄢ ㄖˋ	三日	510
ㄗㄞˋ ㄘˋ	再次	510
ㄊㄨㄥˊ ㄕˋ	同事	510
ㄌㄧㄡˇ	柳	510
ㄒㄧㄢˋ ㄒㄧㄥˊ	現行	510
ㄦˊ ㄅㄨˊ ㄕˋ	而不是	510
ㄅㄨˋ ㄈㄣˋ ㄉㄜ˙	部分的	510
ㄍㄜˋ ㄊㄧˇ	個體	509
ㄓㄜˊ	摘	6.351308576902391
ㄓㄞ	摘	509
ㄐㄧ ㄌㄧㄝˋ	激烈	509
ㄨㄟˋ ㄨㄛˇ ㄇㄣˊ	為我們	509
ㄨㄟˋ ㄨㄛˇ ㄇㄣ˙	為我們	509
ㄧㄥ ㄒㄩㄥˊ	英雄	509
ㄧˊ	誼	509
ㄧˋ	誼	6.351308576902391
ㄕㄤˋ ㄌㄜ˙	上了	508
ㄍㄡˋ ㄔㄥˊ	構成	508
ㄑㄧˋ ㄒㄧㄤˋ	氣象	508
ㄏㄞˊ ㄏㄠˇ	還好	508
ㄐㄧㄠˋ ㄎㄜ ㄕㄨ	教科書	507
ㄨㄣˊ	蚊	507
ㄓㄨㄢˇ ㄅㄧㄢˋ	轉變	507
ㄏㄞˊ ㄕˋ ㄧㄠˋ	還是要	507
ㄧ ㄊㄠˋ	一套	506
ㄧˊ ㄊㄠˋ	一套	506
ㄓㄨˇ ㄌㄧㄡˊ	主流	506
ㄆㄧㄣˇ ㄆㄞˊ	品牌	506
ㄩˋ	喻	506
ㄉㄧˇ ㄒㄧㄚˋ	底下	506
ㄉㄧˇ ㄒㄧㄚ˙	底下	506
ㄔㄜˋ ㄉㄧˇ	徹底	506
ㄍㄨㄛˇ ㄖㄢˊ	果然	506
ㄐㄧㄥˋ ㄓㄥ ㄌㄧˋ	競爭力	506
ㄉㄥˇ ㄉㄞˋ	等待	506
ㄉㄧㄢˋ ㄕˋ ㄊㄞˊ	電視台	506
ㄓㄤˋ ㄈㄨ	丈夫	505
ㄅㄨˊ ㄧˋ	不易	505
ㄅㄨˋ ㄒㄩ ㄧㄠˋ	不需要	505
ㄓㄨㄥ ㄒㄩㄝˊ	中學	505
ㄉㄨㄛ ㄇㄟˊ ㄊㄧˇ	多媒體	505
ㄏㄨ ㄖㄢˊ	忽然	505
ㄐㄩˋ	懼	505
ㄓ ㄔㄨ	支出	505
ㄑㄧㄚˋ	洽	505
ㄒㄧㄚˊ	洽	6.351308576902391
ㄈㄚ ㄑㄧˇ	發起	505
ㄙㄡ ㄐㄧˊ	蒐集	505
ㄩㄢˋ ㄕˋ	院士	505
ㄩˋ ㄉㄧㄥˋ	預定	505
ㄑㄩ	驅	505
ㄧ ㄌㄨˋ	一路	504
ㄧˊ ㄌㄨˋ	一路	504
ㄊㄨˊ	塗	504
ㄍㄠ	糕	504
ㄍㄨㄥ ㄙㄨㄛˇ	公所	503
ㄞˋ ㄑㄧㄥˊ	愛情	503
ㄔㄥˊ	懲	503
ㄖˋ ㄔㄤˊ	日常	503
ㄌㄧㄢˋ ㄒㄧˊ	練習	503
ㄇㄠˋ	茂	503
ㄑㄧ ㄗˇ	妻子	502
ㄑㄧ ㄗ˙	妻子	502
ㄧㄡˇ ㄌㄧˋ	有利	502
ㄔㄠ ㄐㄧˊ	超級	502
ㄍㄨ ㄐㄧˋ	估計	501
ㄕˊ ㄌㄧˋ	實力	501
ㄔㄨˊ ㄈㄤˊ	廚房	501
ㄨㄛˇ ㄖㄣˋ	我認	501
ㄒㄧㄣ ㄊㄞˊ ㄅㄧˋ	新台幣	501
ㄓ	肢	501
ㄗˋ ㄓㄨˇ	自主	501
ㄦˋ ㄕˊ ㄙˋ	二十四	500
ㄓㄤ ㄏㄨㄚˋ	彰化	500
ㄧ ㄆㄧㄢˋ	一片	499
ㄧˊ ㄆㄧㄢˋ	一片	499
ㄍㄜˋ ㄖㄣˊ ㄉㄜ˙	個人的	499
ㄍㄜˋ ㄐㄧㄝˋ	各界	499
ㄊㄢˊ ㄒㄧㄥˋ	彈性	499
ㄔㄠˊ ㄧㄝˇ	朝野	499
ㄓ	芝	499
ㄗㄨˊ ㄍㄡˋ	足夠	499
ㄕˇ ㄓㄨㄥ	始終	498
ㄉㄞˋ ㄉㄨㄥˋ	帶動	498
ㄍㄣ ㄓㄜ˙	跟著	498
ㄧㄡˊ ㄒㄧㄥˊ	遊行	498
ㄍㄨㄛˋ ㄋㄧㄢˊ	過年	498
ㄅㄚ ㄖˋ	八日	497
ㄍㄨㄥ ㄈㄣ	公分	497
ㄖˋ ㄅㄣˇ ㄖㄣˊ	日本人	497
ㄑㄩㄝˋ ㄅㄠˇ	確保	497
ㄐㄧㄥˋ ㄙㄞˋ	競賽	497
ㄩˇ ㄑㄧˊ	與其	497
ㄅㄨˋ ㄉㄜˊ ㄅㄨˊ	不得不	496
ㄅㄨˋ ㄉㄜˊ ㄅㄨˋ	不得不	496
ㄖㄣˊ ㄊㄧˇ	人體	496
ㄗㄞˋ ㄕㄤˋ	在上	496
ㄊㄨㄥˇ	桶	496
ㄓˊ ㄒㄩㄣˊ	質詢	496
ㄨㄟˋ ㄉㄠˋ	味道	495
ㄍㄨㄥ ㄕㄤ	工商	495
ㄩㄝˋ ㄉㄧˇ	月底	495
ㄇㄠˊ	矛	495
ㄎㄞ ㄏㄨㄟˋ	開會	495
ㄅㄨˋ ㄍㄢˇ	不敢	494
ㄑㄧㄡ	丘	494
ㄧㄡˋ ㄕˋ	又是	494
ㄑㄧㄠˊ	喬	494
ㄕㄨ ㄇㄧㄢˋ	書面	494
ㄅㄨˋ ㄉㄨㄟˋ	部隊	494
ㄉㄧㄢˇ ㄉㄧㄢˇ	點點	494
ㄊㄚ ㄅㄨˊ	他不	493
ㄊㄚ ㄅㄨˋ	他不	493
ㄉㄨㄥˋ ㄘˊ	動詞	493
ㄘㄥˊ ㄘˋ	層次	493
ㄏㄢˋ	憾	493
ㄒㄧ	攜	493
ㄒㄧㄝˊ	攜	6.351308576902391
ㄧㄥˊ ㄧㄤˇ	營養	493
ㄧˋ	翼	493
ㄦˋ ㄑㄧㄢ	二千	492
ㄎㄜˇ ㄌㄧㄢˊ	可憐	492
ㄎㄜˇ ㄒㄧㄥˊ	可行	492
ㄔㄨㄟˊ	垂	492
ㄩㄥˇ	湧	492
ㄖㄣˋ ㄓ	認知	492
ㄙㄨㄥˋ ㄉㄠˋ	送到	492
ㄈㄤˊ ㄓˋ	防治	492
ㄉㄤˇ ㄊㄨㄢˊ	黨團	492
ㄧ ㄗㄞˋ	一再	491
ㄧˊ ㄗㄞˋ	一再	491
ㄉㄨㄟˋ ㄏㄨㄚˋ	對話	491
ㄍㄞˇ ㄨㄟˊ	改為	491
ㄒㄧㄣ ㄒㄧㄢ	新鮮	491
ㄉㄨㄥ ㄈㄤ	東方	491
ㄒㄧㄝˋ	洩	491
ㄑㄧ ㄖˋ	七日	490
ㄓㄨˋ ㄗㄞˋ	住在	490
ㄉㄨㄥˋ ㄐㄧ	動機	490
ㄒㄧㄚˋ ㄊㄧㄢ	夏天	490
ㄕ ㄕㄥ	師生	490
ㄨˋ	悟	490
ㄉㄚˇ ㄉㄧㄢˋ ㄏㄨㄚˋ	打電話	490
ㄓㄠˇ ㄔㄨ	找出	490
ㄓㄥˋ ㄇㄧㄢˋ	正面	490
ㄓㄣ ㄉㄜ˙ ㄕˋ	真的是	490
ㄕㄜˋ ㄏㄨㄟˋ ㄓㄨˇ ㄧˋ	社會主義	490
ㄑㄧㄣˊ	秦	490
ㄎㄨㄛˋ	闊	490
ㄓㄨㄥ ㄍㄨㄛˊ ㄉㄚˋ ㄌㄨˋ	中國大陸	489
ㄖㄣˊ ㄍㄨㄥ	人工	489
ㄈㄨˋ	傅	489
ㄔㄨㄢˊ ㄔㄨ	傳出	489
ㄕㄣˇ ㄐㄧˋ	審計	489
ㄅㄧˋ ㄖㄢˊ	必然	489
ㄑㄧㄤ	腔	489
ㄖㄣˊ ㄐㄧㄢ	人間	488
ㄨㄞˋ ㄐㄧㄠ ㄅㄨˋ	外交部	488
ㄆㄨ	鋪	6.351308576902391
ㄆㄨˋ	鋪	488
ㄍㄨˇ ㄐㄧ	古蹟	487
ㄐㄧㄚ ㄧˋ	嘉義	487
ㄗㄜˇ ㄇㄛ˙ ㄅㄢˋ	怎麼辦	487
ㄗㄜˇ ㄇㄜ˙ ㄅㄢˋ	怎麼辦	487
ㄗㄣˇ ㄇㄛ˙ ㄅㄢˋ	怎麼辦	487
ㄗㄣˇ ㄇㄜ˙ ㄅㄢˋ	怎麼辦	487
ㄅㄠˋ ㄈㄚ	爆發	487
ㄐㄧㄤˇ ㄐㄧㄣ	獎金	487
ㄑㄧㄡˊ ㄉㄨㄟˋ	球隊	487
ㄓㄥˋ ㄉㄚˋ	政大	486
ㄌㄤˊ	狼	486
ㄊㄧˊ ㄘㄞˊ	題材	486
ㄕˊ ㄖˋ	十日	485
ㄕˋ ㄌㄧˋ	市立	485
ㄎㄢˋ ㄉㄜˊ	看得	485
ㄎㄢˋ ㄉㄜ˙	看得	485
ㄓㄜˋ ㄅㄣˇ	這本	485
ㄕㄡˇ ㄉㄨˋ	首度	485
ㄧ ㄐㄧㄡˇ ㄅㄚ	一九八	484
ㄔㄨ ㄅㄨˋ	初步	484
ㄍㄜˋ ㄗˋ	各自	484
ㄌㄨㄛ	囉	484
ㄌㄨㄛˊ	囉	484
ㄕ ㄍㄨㄥ	施工	484
ㄇㄧㄣˊ ㄧㄥˊ	民營	484
ㄆㄛ	潑	484
ㄑㄧㄡˊ ㄔㄤˇ	球場	484
ㄎㄨˋ	褲	484
ㄏㄨㄥ	轟	484
ㄅㄨˋ ㄏㄨㄟˋ	部會	484
ㄉㄧㄥˋ ㄕˋ	定是	483
ㄨㄟˊ	惟	483
ㄊㄧˊ ㄇㄨˋ	題目	483
ㄧㄥ	鷹	483
ㄧ ㄇㄧㄥˊ	一名	482
ㄧˋ ㄇㄧㄥˊ	一名	482
ㄍㄢ ㄐㄧㄥˋ	乾淨	482
ㄐㄧㄚ ㄗㄨˊ	家族	482
ㄉㄞˋ ㄓㄜ˙	帶著	482
ㄏㄣˇ ㄎㄨㄞˋ	很快	482
ㄕˋ ㄏㄠˇ	是好	482
ㄨˊ ㄒㄧㄢˋ	無限	482
ㄌㄧˇ ㄒㄩㄝˊ	理學	482
ㄧㄥˋ ㄊㄧˇ	硬體	482
ㄑㄧㄝˋ	竊	482
ㄔˋ	翅	482
ㄔㄡˇ	醜	482
ㄉㄧㄠˋ	釣	482
ㄉㄨㄥˋ ㄩㄢˊ	動員	481
ㄈㄤ	坊	481
ㄈㄤˊ	坊	6.351308576902391
ㄏㄠˇ ㄎㄢˋ	好看	481
ㄓㄨㄢ ㄊㄧˊ	專題	481
ㄆㄨˇ ㄊㄨㄥ	普通	481
ㄧㄚˊ	涯	481
ㄍㄨㄞ	乖	480
ㄕˊ ㄨˇ ㄋㄧㄢˊ	十五年	480
ㄔㄚ ㄅㄧㄝˊ	差別	480
ㄔㄚˋ ㄅㄧㄝˊ	差別	480
ㄐㄧㄢˋ ㄓㄨˊ ㄕ	建築師	480
ㄘㄞˊ ㄧㄡˇ	才有	480
ㄒㄧㄝˋ	械	480
ㄓ	汁	480
ㄘㄜˋ ㄧㄢˋ	測驗	480
ㄧㄢˇ ㄑㄧㄢˊ	眼前	480
ㄍㄠ ㄐㄧˊ	高級	480
ㄊㄧㄥˊ	亭	479
ㄇㄧㄥˋ ㄩㄣˋ	命運	479
ㄇㄧˋ ㄑㄧㄝˋ	密切	479
ㄩˊ	瑜	479
ㄗㄨㄥˇ ㄐㄧㄥ ㄌㄧˇ	總經理	479
ㄌㄚˋ	辣	479
ㄊㄨㄥ ㄒㄧㄣˋ	通信	479
ㄕˋ	逝	479
ㄕㄤˋ ㄕㄥ	上升	478
ㄈㄚ	伐	6.351308576902391
ㄈㄚˊ	伐	478
ㄑㄧㄤˊ ㄏㄨㄚˋ	強化	478
ㄇㄟˊ ㄒㄧㄤˇ ㄉㄠˋ	沒想到	478
ㄇㄧㄢˊ	眠	478
ㄌㄧㄢˊ ㄌㄨㄛˋ	聯絡	478
ㄏㄞˊ ㄏㄨㄟˋ	還會	478
ㄧ ㄏㄠˋ	一號	477
ㄧˊ ㄏㄠˋ	一號	477
ㄕㄤˋ ㄌㄞˊ	上來	477
ㄒㄧㄣˋ ㄧㄤˇ	信仰	477
ㄉㄨㄛ ㄅㄢˋ	多半	477
ㄇㄨˋ	慕	477
ㄧㄚ	押	477
ㄧㄚˊ	押	6.351308576902391
ㄓˇ	旨	477
ㄓㄥˋ ㄧˋ	正義	477
ㄅㄧㄢ ㄌㄧㄝˋ	編列	477
ㄉㄧㄥˋ ㄉㄧㄥˋ	訂定	477
ㄗㄠˋ ㄒㄧㄥˊ	造型	477
ㄌㄧㄢˊ ㄐㄧㄝ	連接	477
ㄩˊ ㄌㄜˋ	娛樂	476
ㄐㄧㄢˋ ㄍㄡˋ	建構	476
ㄒㄧㄤˇ ㄒㄧㄤˇ	想想	476
ㄓˋ ㄒㄩˋ	秩序	476
ㄑㄧㄥ	頃	476
ㄑㄧㄥˇ	頃	6.351308576902391
ㄅㄛˊ	勃	475
ㄑㄩㄝˋ ㄕˋ	卻是	475
ㄐㄧㄚ ㄕㄨˇ	家屬	475
ㄅㄥ	崩	475
ㄕㄨ ㄐㄧˊ	書籍	475
ㄓㄜˋ ㄨㄟˋ	這位	475
ㄧˊ ㄕˋ	儀式	474
ㄅㄟ	盃	474
ㄖㄣˋ ㄉㄧㄥˋ	認定	474
ㄧ ㄖㄢˊ	依然	473
ㄅㄠ ㄓㄨㄤ	包裝	473
ㄙˋ ㄖˋ	四日	473
ㄧㄡˇ ㄑㄧㄢˊ	有錢	473
ㄏㄨㄚˋ ㄉㄜ˙	畫的	473
ㄊㄨㄥ ㄓ	通知	473
ㄋㄢˊ ㄉㄜˊ	難得	473
ㄧㄝˇ ㄋㄥˊ	也能	472
ㄍㄨㄥ ㄧˋ	公益	472
ㄈㄨ ㄑㄧ	夫妻	472
ㄧㄡˇ ㄑㄧˊ	有其	472
ㄒㄧㄢˋ ㄓㄤˇ	縣長	472
ㄊㄢˊ ㄆㄢˋ	談判	472
ㄩˋ ㄈㄤˊ	預防	472
ㄧ ㄍㄜ˙ ㄩㄝˋ	一個月	471
ㄧˊ ㄍㄜ˙ ㄩㄝˋ	一個月	471
ㄧˋ ㄍㄜ˙ ㄩㄝˋ	一個月	471
ㄌㄧㄤˇ ㄓㄨㄥˇ	兩種	471
ㄔㄥˊ ㄋㄨㄛˋ	承諾	471
ㄓㄥˋ ㄕˋ	正是	471
ㄨˋ ㄆㄧㄣˇ	物品	471
ㄉㄤ ㄔㄥˊ	當成	471
ㄕˋ ㄕˋ	試試	471
ㄖㄣˊ ㄨㄟˊ	人為	470
ㄎㄨㄣˋ ㄐㄧㄥˋ	困境	470
ㄖㄨˊ ㄍㄨㄛˇ ㄕˋ	如果是	470
ㄘㄞˇ ㄑㄩㄢˋ	彩券	470
ㄧㄡˇ ㄓㄨˋ	有助	470
ㄘㄢˊ ㄓㄤˋ	殘障	470
ㄗㄨˊ ㄧˇ	足以	470
ㄔㄨㄥˊ ㄈㄨˋ	重複	470
ㄅㄨˋ ㄑㄧㄥ	不清	469
ㄇㄧㄢˇ	勉	469
ㄊㄨˊ ㄆㄧㄢˋ	圖片	469
ㄑㄧㄠ	敲	469
ㄍㄥˋ ㄏㄠˇ	更好	469
ㄨˇ ㄑㄧˋ	武器	469
ㄕㄠ ㄨㄟˊ	稍微	469
ㄋㄧˇ ㄕㄨㄛ	你說	468
ㄣ	嗯	468
ㄣ˙	嗯	468
ㄩㄥˋ ㄏㄨˋ	用戶	468
ㄈㄢˊ ㄓˊ	繁殖	468
ㄊㄨㄣ	吞	467
ㄐㄩㄝˊ	掘	467
ㄒㄧㄠˋ ㄈㄤ	校方	467
ㄇㄛˋ	漠	467
ㄏㄨㄤˊ	煌	467
ㄏㄨㄥˊ ㄙㄜˋ	紅色	467
ㄔㄠ ㄩㄝˋ	超越	467
ㄉㄧㄢˇ ㄌㄧˇ	典禮	466
ㄊㄞˊ ㄕㄤ	台商	466
ㄉㄧㄥˋ ㄏㄨㄟˋ	定會	466
ㄤˊ	昂	466
ㄊㄡˋ ㄌㄨˋ	透露	466
ㄓㄨㄥ ㄧㄤ ㄕㄜˋ	中央社	465
ㄧㄡˊ ㄑㄧˊ ㄕˋ	尤其是	465
ㄑㄩ	屈	465
ㄧㄡˇ ㄇㄧㄥˊ	有名	465
ㄗˋ ㄘㄨㄥˊ	自從	465
ㄆㄟˊ ㄔㄤˊ	賠償	465
ㄑㄧㄠˊ	僑	464
ㄉㄚˋ ㄉㄧˋ	大地	464
ㄈㄤˊ ㄐㄧㄢ	房間	464
ㄊㄢ	灘	464
ㄎㄠˇ	烤	464
ㄑㄩㄝˋ ㄖㄣˋ	確認	464
ㄙㄨㄥˋ	訟	464
ㄉㄧㄢˋ ㄗˇ ㄕㄨ	電子書	464
ㄓ ㄙㄨㄛˇ ㄧˇ	之所以	463
ㄋㄢˊ ㄧㄚˇ	南亞	463
ㄋㄢˊ ㄧㄚˋ	南亞	463
ㄘㄨㄣˋ	寸	463
ㄍㄞˇ ㄗㄠˋ	改造	463
ㄌㄧˊ	罹	463
ㄧㄢˇ	衍	463
ㄔㄤ	倡	6.351308576902391
ㄔㄤˋ	倡	462
ㄧㄣˋ ㄋㄧˊ	印尼	462
ㄒㄧˇ ㄞˋ	喜愛	462
ㄇㄧˊ	彌	462
ㄧㄡˊ ㄩㄥˇ	游泳	462
ㄓˋ	稚	462
ㄘㄞˊ ㄔㄢˇ ㄑㄩㄢˊ	財產權	462
ㄓㄨㄟ ㄗㄨㄥ	追蹤	462
ㄅㄨˊ ㄩㄢˋ	不願	461
ㄗ ㄒㄩㄣˊ	諮詢	461
ㄐㄧㄤˇ ㄏㄨㄚˋ	講話	461
ㄏㄜˋ	賀	461
ㄗㄡˇ ㄔㄨ	走出	461
ㄍㄨㄥˋ ㄧㄡˇ	共有	460
ㄌㄠˊ	牢	460
ㄍㄨㄢ ㄍㄨㄤ ㄎㄜˋ	觀光客	460
ㄋㄧˋ	逆	460
ㄙㄨㄟˋ	遂	460
ㄉㄡ ㄏㄞˊ	都還	460
ㄏㄟ ㄙㄜˋ	黑色	460
ㄕˊ ㄧˋ	十億	459
ㄒㄩㄝˊ ㄒㄧˋ	學系	459
ㄉㄤˇ	擋	459
ㄉㄤˋ	擋	6.351308576902391
ㄐㄧㄠˋ ㄩˋ ㄐㄩˊ	教育局	459
ㄗㄠˇ ㄐㄧㄡˋ	早就	459
ㄇㄧㄥˊ ㄉㄜ˙	明的	459
ㄉㄤˋ	盪	459
ㄅㄨˇ ㄔㄨㄥ	補充	459
ㄅㄧㄢˋ ㄕˋ	便是	458
ㄉㄨㄛ ㄧㄤˋ	多樣	458
ㄖㄨˊ ㄊㄨㄥˊ	如同	458
ㄍㄜˊ ㄕˋ	格式	458
ㄇㄧㄣˊ ㄕㄥ	民生	458
ㄧㄢˇ ㄔㄤˋ	演唱	458
ㄓㄨㄥ ㄨˇ	中午	457
ㄒㄧㄡ ㄈㄚˇ	修法	457
ㄕˊ ㄦˋ ㄋㄧㄢˊ	十二年	457
ㄎㄜˇ ㄧˇ ㄕㄨㄛ	可以說	457
ㄎㄜˇ ㄆㄚˋ	可怕	457
ㄉㄚˋ ㄍㄞˋ ㄕˋ	大概是	457
ㄙㄨˋ ㄕㄜˋ	宿舍	457
ㄒㄧㄠˇ ㄕˊ ㄏㄡˋ	小時候	457
ㄕㄡ ㄈㄟˋ	收費	457
ㄆㄧˋ	闢	457
ㄑㄧˋ ㄩㄝ	契約	456
ㄊㄡˊ ㄗ ㄖㄣˊ	投資人	456
ㄏㄞˇ ㄢˋ	海岸	456
ㄔㄨㄣˊ ㄘㄨㄟˋ	純粹	456
ㄘㄤ	蒼	456
ㄅㄢˋ ㄋㄧㄢˊ	半年	455
ㄎㄜˇ ㄋㄥˊ ㄒㄧㄥˋ	可能性	455
ㄨㄣˋ ㄐㄩㄢˋ	問卷	455
ㄇㄨˋ	墓	455
ㄖㄨˊ ㄍㄨㄛˇ ㄧㄡˇ	如果有	455
ㄎㄜ ㄒㄩㄝˊ ㄐㄧㄚ	科學家	455
ㄒㄧㄝˊ	諧	455
ㄕㄤˋ ㄘˋ	上次	454
ㄉㄚˋ ㄒㄩㄝˊ ㄕㄥ	大學生	454
ㄗˇ ㄩㄝ	子曰	454
ㄒㄧㄤˇ ㄕㄨㄛ	想說	454
ㄒㄧㄢˋ ㄈㄚˇ	憲法	454
ㄕˋ ㄒㄧㄤˇ	是想	454
ㄊㄞˋ ㄍㄨㄛˊ	泰國	454
ㄒㄧㄠ ㄈㄤˊ	消防	454
ㄘㄨㄥ ㄇㄧㄥˊ	聰明	454
ㄓㄨㄥ ㄕˋ	中市	453
ㄐㄧ ㄘㄥˊ	基層	453
ㄋㄚˋ	娜	453
ㄋㄨㄛˊ	娜	453
ㄈㄨˋ ㄓˋ	複製	453
ㄐㄩˋ ㄅㄟˋ	具備	452
ㄐㄧㄚ ㄧㄡˊ	加油	452
ㄧㄢˋ	宴	452
ㄕˋ ㄑㄩ	市區	452
ㄒㄧㄚˊ	斜	6.351308576902391
ㄒㄧㄝˊ	斜	452
ㄓㄨㄥ ㄧㄡˊ	中油	451
ㄕˊ ㄧ ㄋㄧㄢˊ	十一年	451
ㄇㄟˋ ㄇㄟˋ	妹妹	451
ㄇㄟˋ ㄇㄟ˙	妹妹	451
ㄕㄣ ㄉㄨˋ	深度	451
ㄉㄧˋ	締	451
ㄓㄥˋ ㄐㄩˋ	證據	451
ㄅㄨˋ ㄉㄨㄥˇ	不懂	450
ㄅㄨˊ ㄧㄥˋ	不應	450
ㄅㄨˋ ㄧㄥ	不應	450
ㄍㄡ	勾	450
ㄍㄜˋ ㄍㄨㄛˊ	各國	450
ㄇㄧㄥˊ ㄘˊ	名詞	450
ㄩˋ	寓	450
ㄨㄢˋ ㄖㄣˊ	萬人	450
ㄕㄣ ㄅㄧㄢ	身邊	450
ㄕㄡˋ ㄏㄞˋ	受害	449
ㄒㄧㄠˇ ㄒㄧㄥˊ	小型	449
ㄖㄨㄟˋ	銳	449
ㄐㄧㄡˇ ㄖˋ	九日	448
ㄏㄠˇ ㄉㄨㄛ	好多	448
ㄒㄩㄝˊ ㄋㄧㄢˊ	學年	448
ㄔㄚ ㄐㄩˋ	差距	448
ㄕˊ ㄎㄜˋ	時刻	448
ㄊㄧˋ ㄉㄞˋ	替代	448
ㄔㄡˊ ㄅㄟˋ	籌備	448
ㄇㄧㄢˊ	綿	448
ㄓ ㄋㄟˋ	之內	447
ㄧㄝˇ ㄏㄠˇ	也好	447
ㄑㄩㄢˊ ㄌㄧˋ	全力	447
ㄖˋ ㄐㄩˋ	日據	447
ㄆㄠˋ	砲	447
ㄓㄨㄢ	磚	447
ㄧㄝˇ ㄕㄥ	野生	447
ㄏㄨㄛˇ	伙	446
ㄉㄨㄥˋ ㄏㄨㄚˋ	動畫	446
ㄉㄨㄣˋ	噸	446
ㄎㄨㄟˋ	潰	446
ㄏㄨㄟˋ	潰	90.40400656378783
ㄐㄧㄢ	艱	446
ㄖㄨㄛˋ ㄕˋ	若是	446
ㄇㄧㄥˊ ㄖㄣˊ	名人	445
ㄍㄢˋ ㄅㄨˋ	幹部	445
ㄧˋ ㄨㄣˊ	藝文	445
ㄧㄡˋ ㄧㄡˇ	又有	444
ㄕˊ ㄐㄧㄢˋ	實踐	444
ㄓㄥˋ ㄏㄠˇ	正好	444
ㄆㄧˊ	疲	444
ㄧㄡˇ ㄒㄧㄢˋ	有線	443
ㄑㄧㄥ ㄏㄨㄚˊ	清華	443
ㄈㄚ ㄉㄧㄢˋ	發電	443
ㄓㄨㄢˋ ㄑㄧㄢˊ	賺錢	443
ㄔㄡˊ	酬	443
ㄌㄧㄥˊ	鈴	443
ㄩㄣˋ	韻	443
ㄗㄡˋ	驟	443
ㄔㄤˋ ㄆㄧㄢˋ	唱片	442
ㄉㄚˋ ㄓㄨㄢ	大專	442
ㄩˇ	嶼	442
ㄋㄧㄢˊ ㄏㄡˋ	年後	442
ㄒㄧㄠˋ ㄧㄥˋ	效應	442
ㄏㄨㄟˋ ㄑㄩˋ	會去	442
ㄩㄝˋ ㄑㄧˋ	樂器	442
ㄩㄥˋ ㄉㄠˋ	用到	442
ㄐㄧㄣ ㄑㄧㄢˊ	金錢	442
ㄙˋ ㄑㄧㄢ	四千	441
ㄌㄜˋ ㄉㄜ˙	樂的	441
ㄌㄧㄣˊ	淋	441
ㄕㄥ ㄑㄧˋ	生氣	441
ㄒㄧㄤ ㄈㄢˇ	相反	441
ㄎㄨㄥ ㄓㄨㄥ	空中	441
ㄩˇ ㄏㄨㄟˋ	與會	441
ㄕㄨ ㄈㄨˊ	舒服	441
ㄗㄠˋ ㄔㄨ	造出	441
ㄉㄧㄢˋ ㄔˊ	電池	441
ㄒㄧ	兮	440
ㄏㄜˊ ㄅㄧㄥˋ	合併	440
ㄓㄚ	扎	440
ㄓㄚˊ	扎	6.351308576902391
ㄖˋ ㄑㄧˊ	日期	440
ㄌㄡˋ ㄔㄨ	露出	440
ㄇㄧㄢˋ ㄑㄧㄢˊ	面前	440
ㄌㄧㄥˇ ㄒㄧㄡˋ	領袖	440
ㄕㄡˇ ㄘˋ	首次	440
ㄕˋ ㄨˋ	事物	439
ㄖˋ ㄅㄠˋ	日報	439
ㄏㄨㄟˋ ㄓㄤˇ	會長	439
ㄇㄟˇ ㄏㄠˇ	美好	439
ㄏㄨㄚˋ ㄊㄧˊ	話題	439
ㄗㄢˋ ㄔㄥˊ	贊成	439
ㄐㄧㄝˋ ㄖㄨˋ	介入	438
ㄈㄢˇ ㄊㄢˊ	反彈	438
ㄕㄥ ㄗㄞˋ	生在	438
ㄈㄟˋ	肺	438
ㄑㄩㄢˊ ㄕˋ ㄐㄧㄝˋ	全世界	437
ㄏㄜˊ ㄩㄝ	合約	437
ㄨㄢˇ ㄐㄧㄢ	晚間	437
ㄧˋ ㄉㄚˋ ㄌㄧˋ	義大利	437
ㄧㄚˇ ㄊㄞˋ	亞太	436
ㄌㄧㄥˋ ㄧ ㄈㄤ ㄇㄧㄢˋ	另一方面	436
ㄌㄧㄥˋ ㄧˋ ㄈㄤ ㄇㄧㄢˋ	另一方面	436
ㄘㄨㄥˊ ㄘˇ	從此	436
ㄨㄛˇ ㄇㄟˊ ㄧㄡˇ	我沒有	436
ㄍㄥˋ ㄨㄟˊ	更為	436
ㄌㄠˇ ㄆㄛˊ	老婆	436
ㄕˋ ㄐㄩㄝˊ	視覺	436
ㄗㄜˊ ㄖㄣˊ	責人	436
ㄅㄧㄢˋ ㄌㄧˋ	便利	435
ㄩㄢˊ ㄒㄧㄢ	原先	435
ㄒㄩㄢ ㄉㄠˇ	宣導	435
ㄙㄤ	桑	435
ㄉㄧˋ	蒂	435
ㄊㄢˊ ㄏㄨㄚˋ	談話	435
ㄊㄧㄢ ㄖㄢˊ	天然	434
ㄐㄩˋ ㄉㄚˋ	巨大	434
ㄏㄣˇ ㄉㄨㄛ ㄉㄜ˙	很多的	434
ㄉㄚˇ ㄆㄛˋ	打破	434
ㄎㄜ	棵	434
ㄊㄠˊ	淘	434
ㄒㄩˇ ㄎㄜˇ	許可	434
ㄆㄧㄥˊ ㄌㄨㄣˋ	評論	434
ㄕ ㄖㄣˊ	詩人	434
ㄈㄨˋ ㄗㄜˊ ㄖㄣˊ	負責人	434
ㄊㄧ	踢	434
ㄎㄞ ㄒㄧㄣ	開心	434
ㄦˋ ㄕˊ ㄦˋ	二十二	433
ㄉㄧㄢˇ ㄘㄤˊ	典藏	433
ㄎㄣˇ ㄉㄧㄥ	墾丁	433
ㄌㄧㄡˊ ㄗㄞˋ	留在	433
ㄑㄧㄢˇ	遣	433
ㄧㄣˇ ㄕˊ	飲食	433
ㄍㄨˇ ㄉㄧㄢˇ	古典	432
ㄏㄨㄢˋ	喚	432
ㄉㄨㄛ ㄇㄛ˙	多麼	432
ㄉㄨㄛ ㄇㄜ˙	多麼	432
ㄉㄨㄛˊ ㄇㄛ˙	多麼	432
ㄉㄨㄛˊ ㄇㄜ˙	多麼	432
ㄖㄨˊ ㄍㄨㄛˇ ㄕㄨㄛ	如果說	432
ㄍㄨㄥ ㄗ	工資	432
ㄒㄧㄥˋ ㄍㄜˊ	性格	432
ㄅㄣˇ ㄓˊ	本質	432
ㄧㄝˋ ㄓㄨˇ	業主	432
ㄏㄠˋ	浩	432
ㄕㄨ ㄖㄨˋ ㄈㄚˇ	輸入法	432
ㄉㄡ ㄋㄥˊ	都能	432
ㄌㄨˋ ㄧㄥˇ	錄影	432
ㄏㄡˊ	侯	431
ㄏㄨ ㄒㄧ	呼吸	431
ㄒㄩㄣˊ	旬	431
ㄐㄧㄢˇ ㄔㄚˊ	檢察	431
ㄏㄨㄚˊ ㄏㄤˊ	華航	431
ㄆㄧㄥˊ ㄕㄣˇ	評審	431
ㄅㄨˊ ㄉㄧㄥˋ	不定	430
ㄩㄥˋ ㄉㄧㄢˋ	用電	430
ㄕㄨㄟˋ ㄐㄧㄠˋ	睡覺	430
ㄇㄞˇ ㄌㄜ˙	買了	430
ㄓㄜˋ ㄌㄟˋ	這類	430
ㄉㄞˋ ㄌㄧˇ	代理	429
ㄍㄨㄛˊ ㄨㄣˊ	國文	429
ㄔㄤˇ ㄉㄧˋ	場地	429
ㄆㄞˊ ㄔㄨˊ	排除	429
ㄨˋ ㄐㄧㄚˋ	物價	429
ㄉㄤ ㄐㄩˊ	當局	429
ㄕㄥ ㄇㄧㄥˊ	聲明	429
ㄌㄟˇ	蕾	429
ㄚ ㄌㄚ	阿拉	429
ㄕˋ ㄉㄞˋ	世代	428
ㄍㄨㄥˋ ㄏㄜˊ	共和	428
ㄈㄨ ㄖㄣˊ	夫人	428
ㄑㄧㄠˇ	悄	428
ㄑㄧㄥˋ ㄓㄨˋ	慶祝	428
ㄆㄠ	拋	428
ㄅㄛˋ ㄈㄤˋ	播放	428
ㄌㄧˋ	栗	428
ㄅㄠˋ ㄓㄚˋ	爆炸	428
ㄐㄧㄢˋ ㄉㄜˊ	見得	428
ㄧㄢˊ ㄌㄨㄣˋ	言論	428
ㄧㄡ ㄒㄧㄡˋ	優秀	427
ㄆㄧ	匹	427
ㄆㄧˇ	匹	6.351308576902391
ㄎㄥ	坑	427
ㄧㄝˋ ㄐㄧㄢ	夜間	427
ㄊㄧㄢ ㄊㄧㄢ	天天	427
ㄐㄧㄚˋ	嫁	427
ㄨㄢˊ ㄌㄜ˙	完了	427
ㄎㄨㄣ ㄔㄨㄥˊ	昆蟲	427
ㄅㄞˇ ㄒㄧㄥˋ	百姓	427
ㄋㄟˋ ㄍㄜˊ	內閣	426
ㄌㄧˋ ㄖㄨㄣˋ	利潤	426
ㄕㄡ ㄘㄤˊ	收藏	426
ㄐㄩㄝˊ ㄅㄨˊ	絕不	426
ㄐㄩㄝˊ ㄅㄨˋ	絕不	426
ㄒㄧㄢ	纖	426
ㄏㄨㄚˋ ㄕㄨㄛ	話說	426
ㄎㄞ ㄌㄜ˙	開了	426
ㄩˋ ㄍㄨ	預估	426
ㄇㄥˋ ㄒㄧㄤˇ	夢想	425
ㄅㄚ ㄒㄧ	巴西	425
ㄨㄛˇ ㄌㄞˊ	我來	425
ㄨㄟˋ ㄋㄧˇ	為你	425
ㄑㄩㄢˊ	詮	425
ㄍㄨㄛˋ ㄉㄨˋ	過度	425
ㄕˊ	拾	424
ㄕㄜˋ	拾	6.351308576902391
ㄍㄞˇ ㄐㄧㄣˋ	改進	424
ㄉㄨˊ ㄊㄜˋ	獨特	424
ㄕㄨㄛˋ ㄕˋ	碩士	424
ㄎㄜ ㄇㄨˋ	科目	424
ㄅㄧˇ ㄓㄜˇ	筆者	424
ㄍㄨㄛˋ ㄩˊ	過於	424
ㄏㄞˋ ㄆㄚˋ	害怕	423
ㄒㄧㄣ ㄌㄧˇ	心裡	423
ㄉㄚ ㄆㄟˋ	搭配	423
ㄑㄧㄥˊ	晴	423
ㄨㄟˋ ㄍㄨㄛˊ	為國	423
ㄊㄜˋ ㄓˊ	特質	423
ㄘㄨㄟ	催	422
ㄅㄧㄠ ㄊㄧˊ	標題	422
ㄧㄢˇ ㄉㄜ˙	演的	422
ㄗㄨㄥˇ ㄊㄨㄥˇ ㄈㄨˇ	總統府	422
ㄓㄡˊ	軸	422
ㄓㄨˊ	軸	6.351308576902391
ㄉㄥˋ	鄧	422
ㄐㄧㄣ ㄇㄣˊ	金門	422
ㄘㄨㄛˋ ㄉㄜ˙	錯的	422
ㄅㄨˋ ㄊㄧㄥˊ	不停	421
ㄩˊ ㄎㄨㄞˋ	愉快	421
ㄌㄩˇ ㄎㄜˋ	旅客	421
ㄧˊ ㄉㄨㄥˋ	移動	421
ㄆㄥˊ	蓬	421
ㄉㄞˋ ㄌㄧㄥˇ	帶領	420
ㄉㄡˇ	斗	420
ㄕˋ ㄒㄩㄣˋ	視訊	420
ㄊㄤˇ	躺	420
ㄐㄧㄡˇ ㄑㄧ	九七	419
ㄊㄞˊ ㄨㄢ ㄕㄥˇ	台灣省	419
ㄖˋ ㄏㄡˋ	日後	419
ㄐㄧㄢˋ	箭	419
ㄅㄨˋ ㄓˇ ㄕˋ	不只是	418
ㄔㄨ ㄑㄧˊ	初期	418
ㄐㄧㄢˇ ㄉㄢ ㄉㄜ˙	簡單的	418
ㄍㄤ	綱	418
ㄧˋ ㄨˋ	義務	418
ㄍㄨㄟ ㄏㄨㄚˋ	規畫	418
ㄅㄨˊ ㄕㄤˋ	不上	417
ㄋㄧˇ ㄗㄞˋ	你在	417
ㄊㄞˋ ㄆㄧㄥˊ ㄧㄤˊ	太平洋	417
ㄉㄜˊ ㄌㄜ˙	得了	417
ㄇㄡˇ ㄓㄨㄥˇ	某種	417
ㄉㄢˋ ㄕㄨㄟˇ	淡水	417
ㄆㄠˊ	炮	6.351308576902391
ㄆㄠˋ	炮	417
ㄅㄞˇ ㄧˋ	百億	417
ㄕㄜˋ ㄑㄩㄣˊ	社群	417
ㄓㄜˋ ㄆㄧㄢ	這篇	417
ㄎㄞ ㄇㄨˋ	開幕	417
ㄇㄧㄢˋ ㄅㄠ	麵包	417
ㄑㄧㄢˊ ㄏㄡˋ	前後	416
ㄗㄞˋ ㄐㄧㄚ	在家	416
ㄏㄠˇ ㄔ	好吃	416
ㄏㄠˋ ㄔ	好吃	416
ㄅㄠˋ ㄩㄢˋ	抱怨	416
ㄓㄨㄢˋ	撰	416
ㄘㄤ	倉	415
ㄗㄞˋ ㄕㄥ	再生	415
ㄗㄞˋ ㄎㄢˋ	在看	415
ㄉㄧˋ ㄇㄧㄢˋ	地面	415
ㄇㄠˊ ㄉㄨㄣˋ	矛盾	415
ㄏㄜˊ ㄌㄢˊ	荷蘭	415
ㄆㄧㄥˊ ㄐㄧㄢˋ	評鑑	415
ㄏㄜˋ	郝	6.351308576902391
ㄏㄠˇ	郝	415
ㄧ ㄉㄞˋ	一代	414
ㄧˊ ㄉㄞˋ	一代	414
ㄙㄢ ㄉㄧㄢˇ	三點	414
ㄕㄢ ㄑㄩ	山區	414
ㄇㄛˇ	抹	414
ㄌㄜˋ ㄍㄨㄢ	樂觀	414
ㄑㄩㄥˊ	瓊	414
ㄓ	脂	414
ㄓㄨㄛˊ ㄕㄡˇ	著手	414
ㄕㄡ ㄐㄧˊ	收集	413
ㄇㄟˇ ㄧ ㄍㄜ˙	每一個	413
ㄇㄟˇ ㄧˊ ㄍㄜ˙	每一個	413
ㄗˋ ㄕㄚ	自殺	413
ㄕㄨㄛ ㄔㄨ	說出	413
ㄐㄩㄣ ㄗˇ	君子	412
ㄒㄧㄥˋ ㄇㄧㄥˊ	姓名	412
ㄅㄚ ㄌㄧˊ	巴黎	412
ㄐㄧˋ	忌	412
ㄈㄤˊ ㄨ	房屋	412
ㄌㄧㄡˊ	瘤	412
ㄓㄨㄥˇ ㄗˇ	種子	412
ㄓㄨㄥˇ ㄗ˙	種子	412
ㄊㄨㄥ ㄏㄨㄛˋ	通貨	412
ㄌㄧˋ ㄏㄞˋ	厲害	411
ㄉㄨㄥˇ ㄉㄜ˙	懂得	411
ㄕㄨㄟˇ ㄍㄨㄛˇ	水果	411
ㄈㄨˊ ㄏㄠˋ	符號	411
ㄌㄧㄢˊ ㄒㄧˋ	聯繫	411
ㄐㄧㄚˋ ㄕˇ	駕駛	411
ㄍㄨㄥ ㄑㄧㄥˇ	公頃	410
ㄉㄨㄟˋ ㄨㄞˋ	對外	410
ㄞˋ ㄒㄧㄣ	愛心	410
ㄒㄧㄚˊ	狹	410
ㄒㄧㄤˋ ㄐㄧ	相機	410
ㄎㄢˋ ㄨㄢˊ	看完	410
ㄊㄨㄥˊ ㄒㄧㄥˋ	同性	409
ㄓㄨㄢ ㄐㄧˊ	專輯	409
ㄏㄣˇ ㄐㄧㄡˇ	很久	409
ㄒㄩㄢˊ	懸	409
ㄨㄛˇ ㄏㄞˊ ㄕˋ	我還是	409
ㄆㄨ	撲	409
ㄋㄢˊ ㄏㄞˊ	男孩	409
ㄒㄧㄤ ㄔㄨˇ	相處	409
ㄒㄧㄥ ㄈㄣˋ	興奮	409
ㄔㄨˇ ㄩˊ	處於	409
ㄅㄨˋ ㄈㄤˊ	不妨	408
ㄅㄨˊ ㄉㄤˋ	不當	408
ㄅㄨˋ ㄉㄤˋ	不當	408
ㄅㄨˋ ㄍㄨㄢˇ ㄕˋ	不管是	408
ㄓㄨㄥ ㄧㄢˊ ㄩㄢˋ	中研院	408
ㄐㄩˋ ㄊㄨㄢˊ	劇團	408
ㄆㄢˋ	叛	408
ㄨㄣˊ ㄨˋ	文物	408
ㄇㄨˋ ㄑㄧㄢˊ ㄉㄜ˙	目前的	408
ㄓㄣ ㄓㄥˋ ㄉㄜ˙	真正的	408
ㄐㄧˇ ㄈㄨˋ	給付	408
ㄧˇ ㄕㄤˋ ㄉㄜ˙	以上的	407
ㄐㄧㄢˋ ㄑㄩㄢˊ	健全	407
ㄓㄨˋ ㄌㄧˇ	助理	407
ㄨㄟˊ ㄖㄨㄢˇ	微軟	407
ㄘㄠˊ	曹	407
ㄌㄧㄢˋ	煉	407
ㄌㄧㄡˊ ㄒㄩㄝˊ	留學	407
ㄅㄨˋ ㄇㄧㄥˊ	不明	406
ㄒㄧㄣˋ ㄖㄣˋ	信任	406
ㄑㄩㄢˊ ㄅㄨˊ	全不	406
ㄑㄩㄢˊ ㄅㄨˋ	全不	406
ㄘㄨㄥ	匆	406
ㄒㄧㄣ ㄗㄤˋ	心臟	406
ㄨˊ ㄌㄧㄠˊ	無聊	406
ㄑㄧˋ ㄊㄨˊ	企圖	405
ㄐㄧㄚ ㄓㄡ	加州	405
ㄋㄢˊ ㄏㄢˊ	南韓	405
ㄗㄞˋ ㄧㄝˇ	在野	405
ㄉㄚˋ ㄓㄢˋ	大戰	405
ㄕˊ ㄗㄞˋ ㄕˋ	實在是	405
ㄕㄨㄛˋ	帥	6.351308576902391
ㄕㄨㄞˋ	帥	405
ㄐㄧˇ ㄕˊ	幾十	405
ㄔㄜˇ	扯	405
ㄏㄨㄟˋ ㄑㄧˊ	會期	405
ㄏㄜˋ	赫	405
ㄓㄨㄢˇ ㄒㄧㄥˊ	轉型	405
ㄇㄟˋ	魅	405
ㄨˇ ㄨㄢˋ	五萬	404
ㄒㄧ ㄕㄡ	吸收	404
ㄋㄚˇ ㄧ	哪一	404
ㄋㄚˇ ㄧˊ	哪一	404
ㄉㄚˋ ㄍㄜ	大哥	404
ㄒㄩㄣˊ ㄏㄨㄢˊ	循環	404
ㄏㄨㄟˇ	悔	404
ㄐㄩㄝˊ ㄒㄧㄣ	決心	404
ㄐㄧㄥˋ ㄒㄩㄢˇ	競選	404
ㄗㄨㄥˇ ㄍㄨㄥˋ	總共	404
ㄈㄢˋ	范	404
ㄅㄨˋ ㄌㄨㄛˋ ㄍㄜˊ	部落格	404
ㄩˋ	鬱	404
ㄕˊ ㄙㄢ ㄋㄧㄢˊ	十三年	403
ㄌㄨㄥˇ	壟	403
ㄉㄧˋ ㄌㄧㄡˋ	第六	403
ㄌㄧㄤˋ	諒	403
ㄓㄥˋ ㄕˊ	證實	403
ㄧˋ	逸	403
ㄕˊ ㄨˇ ㄖˋ	十五日	402
ㄓㄨㄛˊ	卓	402
ㄆㄨˇ ㄐㄧˊ	普及	402
ㄌㄧˇ ㄉㄥ ㄏㄨㄟ	李登輝	402
ㄓㄨㄥˋ ㄉㄨㄛ	眾多	402
ㄎㄨㄚ	誇	402
ㄈㄟ ㄓㄡ	非洲	402
ㄈㄟˇ	匪	401
ㄌㄧㄡˊ ㄔㄥˊ	流程	401
ㄕˊ ㄊㄡˊ	石頭	401
ㄕˊ ㄊㄡ˙	石頭	401
ㄗㄡˇ ㄍㄨㄛˋ	走過	401
ㄓㄜˋ ㄐㄧㄡˋ ㄕˋ	這就是	401
ㄌㄨㄛˊ ㄐㄧˊ	邏輯	401
ㄕㄤˋ ㄓㄤˇ	上漲	400
ㄖㄣˊ ㄒㄧㄣ	人心	400
ㄉㄚˋ ㄉㄡ	大都	400
ㄉㄚˋ ㄉㄨ	大都	400
ㄎㄜˋ ㄍㄨㄢ	客觀	400
ㄉㄨㄟˋ ㄎㄤˋ	對抗	400
ㄍㄨˋ ㄧˋ	故意	400
ㄐㄧㄣˋ	晉	400
ㄧㄥˊ ㄗㄠˋ	營造	400
ㄅㄧˋ	碧	400
ㄐㄧㄢˋ ㄇㄧㄢˋ	見面	400
ㄓㄨㄥ ㄉㄨㄥ	中東	399
ㄏㄨㄤ	慌	399
ㄨㄛˇ ㄓ	我知	399
ㄕㄥ ㄓㄤˇ	生長	399
ㄍㄨㄢ ㄕㄤˇ	觀賞	399
ㄙㄨˋ ㄑㄧㄡˊ	訴求	399
ㄕˋ ㄊㄨˊ	試圖	399
ㄒㄧㄣ	馨	399
ㄒㄧㄥ	馨	6.351308576902391
ㄧ ㄉㄨˋ	一度	398
ㄧˊ ㄉㄨˋ	一度	398
ㄓㄨˇ ㄊㄧˇ	主體	398
ㄍㄜˋ ㄍㄜ˙	個個	398
ㄍㄨㄥ ㄍㄠˋ	公告	398
ㄌㄧㄝˋ ㄖㄨˋ	列入	398
ㄕㄡˋ ㄕㄤ	受傷	398
ㄖㄜˋ ㄌㄧㄝˋ	熱烈	398
ㄉㄤ ㄒㄩㄢˇ	當選	398
ㄇㄧˋ ㄕㄨ ㄓㄤˇ	秘書長	398
ㄆㄨˊ	葡	398
ㄋㄨㄥˊ ㄘㄨㄣ	農村	398
ㄋㄧㄢˊ	黏	398
ㄅㄨˊ ㄏㄨㄟˋ ㄧㄡˇ	不會有	397
ㄅㄨˊ ㄐㄧㄢˋ ㄉㄜˊ	不見得	397
ㄅㄨˊ ㄐㄧㄢˋ ㄉㄜ˙	不見得	397
ㄅㄨˋ ㄐㄧㄢˋ ㄉㄜˊ	不見得	397
ㄅㄨˋ ㄐㄧㄢˋ ㄉㄜ˙	不見得	397
ㄩㄥ	庸	397
ㄅㄧˇ ㄑㄧˇ	比起	397
ㄉㄨˇ ㄗ˙	肚子	397
ㄉㄨˋ ㄗ˙	肚子	397
ㄌㄨˋ ㄧㄣ	錄音	397
ㄅㄨˊ ㄒㄧㄚˋ	不下	396
ㄅㄨˋ ㄒㄧㄚˋ	不下	396
ㄉㄨㄥˋ ㄊㄞˋ	動態	396
ㄊㄨㄥˊ ㄅㄨˋ	同步	396
ㄆㄟˊ ㄒㄩㄣˋ	培訓	396
ㄨㄛˇ ㄖㄣˋ ㄨㄟˊ	我認為	396
ㄕㄡ ㄎㄢˋ	收看	396
ㄧㄡˇ ㄓㄜ˙	有著	396
ㄧㄡˇ ㄓㄠˊ	有著	396
ㄖㄜˋ ㄇㄣˊ	熱門	396
ㄈㄢˊ ㄖㄨㄥˊ	繁榮	396
ㄊㄥˊ	藤	396
ㄕㄨㄞ ㄊㄨㄟˋ	衰退	396
ㄐㄧㄤˋ	醬	396
ㄈㄟ ㄉㄢˋ	飛彈	396
ㄅㄚ ㄅㄞˇ	八百	395
ㄔㄨㄥˇ	寵	395
ㄙㄚ	撒	395
ㄙㄚˇ	撒	6.351308576902391
ㄈㄨˋ ㄇㄨˇ ㄑㄧㄣ	父母親	395
ㄕㄥ ㄧㄚˊ	生涯	395
ㄇㄟˇ ㄍㄨㄛˊ ㄖㄣˊ	美國人	395
ㄌㄨㄛˊ	螺	395
ㄐㄧㄢˋ ㄆㄢˊ	鍵盤	395
ㄅㄨˋ ㄢ	不安	394
ㄔㄨ ㄅㄢˇ ㄕㄜˋ	出版社	394
ㄆㄣˊ	盆	394
ㄕㄚ	砂	394
ㄑㄧˊ	祇	394
ㄓ	祇	6.351308576902391
ㄓˇ	祇	6.351308576902391
ㄕㄚ	莎	394
ㄙㄨㄛ	莎	394
ㄓㄨㄤ ㄓˋ	裝置	394
ㄎㄞ ㄉㄜ˙	開的	394
ㄉㄧㄢˋ ㄊㄞˊ	電台	394
ㄅㄨˋ ㄏㄜˊ	不合	393
ㄔㄨ ㄇㄣˊ	出門	393
ㄨㄣˋ ㄊㄧˊ ㄕˋ	問題是	393
ㄉㄧˋ ㄊㄨˊ	地圖	393
ㄔㄥˊ ㄖㄣˊ	成人	393
ㄇㄧㄣˇ ㄍㄢˇ	敏感	393
ㄒㄩㄣˊ ㄨㄣˋ	詢問	393
ㄌㄧㄠˊ	僚	392
ㄐㄩㄢ	娟	392
ㄑㄧˋ ㄏㄡˋ	氣候	392
ㄏㄨㄛˋ ㄌㄧˋ	獲利	392
ㄨㄤˇ ㄧㄡˇ	網友	392
ㄒㄩㄢˇ ㄔㄨ	選出	392
ㄆㄧㄥˊ ㄕˊ	平時	391
ㄆㄧ ㄆㄢˋ	批判	391
ㄇㄛˊ ㄋㄧˇ	模擬	391
ㄑㄩㄢˊ ㄕˋ	詮釋	391
ㄐㄧㄣˋ ㄖˋ	近日	391
ㄐㄧㄣˋ ㄉㄨˋ	進度	391
ㄌㄞˊ ㄉㄜ˙	來得	390
ㄌㄠˊ ㄨㄟˇ ㄏㄨㄟˋ	勞委會	390
ㄨㄟˊ ㄖㄣˊ	為人	390
ㄨㄟˋ ㄖㄣˊ	為人	390
ㄩㄥˋ ㄒㄧㄣ	用心	390
ㄐㄧㄠˇ ㄅㄨˋ	腳步	390
ㄉㄤˋ	蕩	390
ㄙㄨˋ ㄙㄨㄥˋ	訴訟	390
ㄓˊ ㄉㄜ˙	質的	390
ㄌㄧ	哩	78.8501312854562
ㄌㄧˇ	哩	389
ㄌㄧ˙	哩	6.351308576902391
ㄒㄧㄥˊ ㄊㄞˋ	形態	389
ㄒㄧㄤˇ ㄉㄜ˙	想的	389
ㄧ ㄉㄧㄥˋ ㄏㄨㄟˋ	一定會	388
ㄧˊ ㄉㄧㄥˋ ㄏㄨㄟˋ	一定會	388
ㄒㄧㄤˋ ㄨㄛˇ	像我	388
ㄞˋ ㄗ ㄅㄧㄥˋ	愛滋病	388
ㄨㄛˇ ㄓ ㄉㄠˋ	我知道	388
ㄕˊ ㄐㄧ	時機	388
ㄎㄨㄤ	框	388
ㄎㄨㄤˋ	框	6.351308576902391
ㄏㄨㄛˊ ㄉㄜ˙	活的	388
ㄌㄨㄛˇ	裸	388
ㄗㄢˋ ㄓㄨˋ	贊助	388
ㄉㄧㄢˋ ㄌㄧˋ	電力	388
ㄨˇ ㄍㄜ˙	五個	387
ㄕㄚˇ	傻	387
ㄑㄧˊ ㄩˊ	其餘	387
ㄊㄞˊ ㄓㄨㄥ ㄕˋ	台中市	387
ㄖㄨˊ ㄒㄧㄚˋ	如下	387
ㄔㄚˊ ㄒㄩㄣˊ	查詢	387
ㄍㄨㄢˋ	罐	387
ㄒㄧㄣ ㄕㄨㄟˇ	薪水	387
ㄉㄢˋ ㄅㄞˊ	蛋白	387
ㄗㄡˇ ㄐㄧㄣˋ	走進	387
ㄩㄣˊ	云	386
ㄍㄜˋ ㄅㄧㄝˊ	個別	386
ㄑㄧㄢˊ ㄌㄞˊ	前來	386
ㄓㄥ	掙	386
ㄓㄥˋ	掙	6.351308576902391
ㄍㄨㄟˋ	桂	386
ㄑㄧㄥ ㄐㄧㄝˊ	清潔	386
ㄓㄤˇ ㄅㄟˋ	長輩	386
ㄎㄞ ㄔㄜ	開車	386
ㄧ ㄉㄞˋ	一帶	385
ㄧˊ ㄉㄞˋ	一帶	385
ㄕㄤˋ ㄉㄧˋ	上帝	385
ㄅㄨˊ ㄉㄚˋ	不大	385
ㄌㄧㄤˇ ㄨㄟˋ	兩位	385
ㄍㄜˋ ㄕˋ	各式	385
ㄇㄣˊ ㄎㄡˇ	門口	385
ㄅㄨˋ ㄐㄩㄝˊ	不覺	384
ㄍㄨㄥ ㄏㄨㄟˋ	公會	384
ㄅㄟ	卑	384
ㄌㄨㄥˇ ㄉㄨㄢˋ	壟斷	384
ㄔㄡˊ	愁	384
ㄊㄢˊ	潭	384
ㄎㄠˇ ㄕㄥ	考生	384
ㄊㄡˊ ㄈㄚˇ	頭髮	384
ㄍㄨㄥ ㄨˋ ㄩㄢˊ	公務員	383
ㄌㄧㄝˋ ㄨㄟˊ	列為	383
ㄏㄠˇ ㄒㄧㄤˋ ㄕˋ	好像是	383
ㄧㄥ	櫻	383
ㄩㄥˋ ㄊㄨˊ	用途	383
ㄐㄧㄠˇ ㄨㄟˊ	較為	383
ㄐㄧㄠˋ ㄨㄟˊ	較為	383
ㄊㄡˋ ㄇㄧㄥˊ	透明	383
ㄐㄧㄡˋ	鷲	383
ㄅㄨˊ ㄕˋ	不適	382
ㄕˋ ㄒㄧㄤˋ	事項	382
ㄑㄧˊ ㄘˋ	其次	382
ㄌㄨㄢˇ	卵	382
ㄍㄨ ㄋㄧㄤˊ	姑娘	382
ㄍㄨ ㄋㄧㄤ˙	姑娘	382
ㄌㄤˊ	廊	382
ㄘㄨㄥˊ ㄑㄧㄢˊ	從前	382
ㄒㄧㄣ ㄉㄜˊ	心得	382
ㄎㄤˋ ㄓㄥ	抗爭	382
ㄔㄥˊ	澄	382
ㄐㄧㄣˋ ㄌㄧㄤˋ	盡量	382
ㄒㄧ ㄧㄚˇ	西亞	382
ㄒㄧ ㄧㄚˋ	西亞	382
ㄒㄧ ㄅㄢ ㄧㄚˊ	西班牙	382
ㄕㄜˋ ㄐㄧˋ ㄕ	設計師	382
ㄒㄩㄢˇ ㄇㄧㄣˊ	選民	382
ㄔㄨㄤˋ ㄧㄝˋ	創業	381
ㄐㄧㄝˊ	劫	381
ㄕˊ ㄙˋ ㄋㄧㄢˊ	十四年	381
ㄉㄧㄠˋ	吊	381
ㄒㄧㄣ ㄒㄧㄥ	新興	381
ㄌㄧㄠˊ ㄊㄧㄢ	聊天	381
ㄧ ㄑㄧˇ ㄌㄞˊ	一起來	380
ㄧˋ ㄑㄧˇ ㄌㄞˊ	一起來	380
ㄐㄧㄠ ㄍㄟˇ	交給	380
ㄗㄞˋ ㄗㄞˋ	在在	380
ㄉㄧˋ ㄌㄧˇ	地理	380
ㄈㄨˇ	撫	380
ㄔㄨㄣ ㄐㄧㄝˊ	春節	380
ㄕㄜˊ	舌	380
ㄒㄧㄥˊ ㄓㄥˋ ㄩㄢˋ ㄓㄤˇ	行政院長	380
ㄓㄜˋ ㄔㄤˇ	這場	380
ㄈㄥ ㄑㄧˋ	風氣	380
ㄧ ㄏㄨㄟˇ	一會	379
ㄧˋ ㄏㄨㄟˇ	一會	379
ㄩㄥˇ ㄑㄧˋ	勇氣	379
ㄑㄩㄢˊ	拳	379
ㄐㄧˋ	暨	379
ㄩㄥˋ ㄩˊ	用於	379
ㄊㄚ ㄧㄡˇ	他有	378
ㄌㄧㄝˋ	劣	378
ㄕˊ ㄧ ㄖˋ	十一日	378
ㄨˊ	吾	378
ㄏㄨㄟˊ ㄊㄡˊ	回頭	378
ㄌㄧㄠˊ	寮	378
ㄔㄥˊ ㄈㄣˋ	成分	378
ㄏㄨㄤˇ	晃	6.351308576902391
ㄏㄨㄤˋ	晃	378
ㄐㄧ ㄒㄧㄝˋ	機械	378
ㄏㄨㄛˊ ㄆㄛ	活潑	378
ㄏㄨˊ ㄕˋ	胡適	378
ㄇㄧㄠˊ ㄌㄧˋ	苗栗	378
ㄍㄨ	辜	378
ㄗㄠ ㄩˋ	遭遇	378
ㄠˋ	傲	377
ㄍㄨˋ	僱	377
ㄕㄥ ㄐㄧˊ	升級	377
ㄋㄩˇ ㄕˋ	女士	377
ㄐㄧˋ ㄐㄧㄝˊ	季節	377
ㄕㄨˋ ㄕˊ	數十	377
ㄨㄣ ㄉㄨˋ	溫度	377
ㄊㄜˋ ㄅㄧㄝˊ ㄕˋ	特別是	377
ㄅㄞˇ ㄋㄧㄢˊ	百年	377
ㄉㄚ ㄧㄥˋ	答應	377
ㄔㄜ ㄌㄧㄤˋ	車輛	377
ㄗㄞˋ ㄋㄚˇ ㄌㄧˇ	在哪裡	376
ㄐㄧㄠ	礁	376
ㄓㄚˋ	詐	376
ㄆㄧˋ ㄖㄨˊ ㄕㄨㄛ	譬如說	376
ㄗㄤ	髒	376
ㄓㄨˇ ㄑㄩㄢˊ	主權	375
ㄏㄠˇ ㄨㄢˊ	好玩	375
ㄏㄠˋ ㄨㄢˊ	好玩	375
ㄉㄨㄟˋ ㄕㄡˇ	對手	375
ㄕㄡˇ ㄘㄜˋ	手冊	375
ㄨㄣ ㄋㄨㄢˇ	溫暖	375
ㄩㄥˋ ㄗㄞˋ	用在	375
ㄐㄧˋ ㄔㄥˊ	計程	375
ㄈㄤˊ ㄓˇ	防止	375
ㄨㄞˋ ㄐㄧˊ	外籍	374
ㄒㄧㄠˇ ㄉㄧˋ	小弟	374
ㄑㄩㄢˇ	犬	374
ㄑㄩㄢˊ	犬	6.351308576902391
ㄈㄚ ㄉㄨㄥˋ	發動	374
ㄧㄢˊ ㄒㄧˊ	研習	374
ㄓㄢˋ ㄗㄞˋ	站在	374
ㄊㄠˇ ㄧㄢˋ	討厭	374
ㄘˊ ㄉㄧㄢˇ	詞典	374
ㄅㄨˊ ㄉㄨㄥˋ	不動	373
ㄍㄨㄥ ㄎㄜˋ	功課	373
ㄔㄥˊ ㄒㄧㄠˋ	成效	373
ㄗㄞ	栽	373
ㄍㄢˇ	桿	373
ㄋㄧㄡˊ ㄖㄡˋ	牛肉	373
ㄧˋ ㄍㄨㄥ	義工	373
ㄅㄤˇ	膀	6.351308576902391
ㄆㄤˊ	膀	373
ㄏㄨㄟˇ	賄	6.351308576902391
ㄏㄨㄟˋ	賄	373
ㄧˊ ㄏㄢˋ	遺憾	373
ㄧㄤˊ ㄇㄧㄥˊ	陽明	373
ㄖㄣˊ ㄍㄜˊ	人格	372
ㄙㄨˋ ㄐㄧㄠ	塑膠	372
ㄨㄟˋ ㄌㄞˊ ㄉㄜ˙	未來的	372
ㄨㄟˋ ㄊㄚ ㄇㄣˊ	為他們	372
ㄨㄟˋ ㄊㄚ ㄇㄣ˙	為他們	372
ㄉㄧㄢˋ ㄉㄨㄥˋ	電動	372
ㄋㄟˋ ㄏㄢˊ	內涵	371
ㄕㄠˇ ㄉㄜ˙	少的	371
ㄧㄡˇ ㄒㄧㄣ	有心	371
ㄅㄞˇ ㄦˋ	百二	371
ㄧㄠˊ	謠	371
ㄑㄧㄠˇ	雀	6.351308576902391
ㄑㄩㄝˋ	雀	371
ㄕㄚˊ	啥	370
ㄐㄧㄥˋ ㄐㄧㄝˋ	境界	370
ㄉㄚˋ ㄗˋ ㄖㄢˊ	大自然	370
ㄔㄠ	抄	370
ㄨㄛ	窩	370
ㄐㄧㄥ ㄐㄧˋ ㄒㄩㄝˊ ㄐㄧㄚ	經濟學家	370
ㄏㄨㄚ ㄌㄜ˙	花了	370
ㄒㄧ ㄩㄢˊ	西元	370
ㄌㄧㄥˊ ㄏㄨㄣˊ	靈魂	370
ㄕ	屍	369
ㄅㄛˋ ㄔㄨ	播出	369
ㄒㄧㄠˋ ㄧˋ	效益	369
ㄅㄧˇ ㄖㄨˊ ㄕㄨㄛ	比如說	369
ㄙㄚˇ	灑	369
ㄅㄟ	碑	369
ㄌㄠˇ ㄕㄨˇ	老鼠	369
ㄗˋ ㄉㄨㄥˋ ㄏㄨㄚˋ	自動化	369
ㄗㄨˊ ㄑㄧㄡˊ	足球	369
ㄈㄟ ㄔㄤˊ ㄉㄜ˙	非常的	369
ㄧˇ ㄓˋ	以致	368
ㄅㄠˇ ㄈㄟˋ	保費	368
ㄍㄢ ㄖㄠˇ	干擾	368
ㄍㄞˇ ㄔㄥˊ	改成	368
ㄧㄡˇ ㄨˊ	有無	368
ㄎㄨ	枯	368
ㄏㄞˇ ㄩˋ	海域	368
ㄇㄟˇ ㄕˊ	美食	368
ㄊㄠˊ	萄	368
ㄑㄧ ㄅㄞˇ	七百	367
ㄧㄝˇ ㄅㄨˊ ㄕˋ	也不是	367
ㄧㄝˇ ㄅㄨˋ ㄕˋ	也不是	367
ㄖㄣˊ ㄒㄩㄢˇ	人選	367
ㄑㄧㄣ ㄏㄞˋ	侵害	367
ㄍㄨㄥ	恭	367
ㄍㄥˋ ㄧㄡˇ	更有	367
ㄐㄩㄝˊ	爵	367
ㄏㄨㄢˊ ㄅㄠˇ ㄕㄨˇ	環保署	367
ㄑㄩㄝ ㄉㄧㄢˇ	缺點	367
ㄒㄧㄝˇ ㄍㄨㄢˇ	血管	367
ㄈㄨˊ	輻	367
ㄦˋ ㄦˋ	二二	366
ㄧˇ ㄅㄧㄢˋ	以便	366
ㄑㄧㄥˊ ㄅㄠˋ	情報	366
ㄆㄨˊ ㄊㄠˊ	葡萄	366
ㄓㄣ	貞	366
ㄐㄩㄣ ㄉㄨㄟˋ	軍隊	366
ㄉㄞˇ	逮	366
ㄉㄞˋ	逮	6.351308576902391
ㄙㄢ ㄨㄢˋ	三萬	365
ㄅㄨˋ ㄐㄧㄣ	不禁	365
ㄦˋ ㄅㄚ	二八	365
ㄓˇ ㄏㄨㄟˋ	只會	365
ㄙㄨㄛˇ ㄕㄨˇ	所屬	365
ㄓˊ ㄅㄤˋ	職棒	365
ㄏㄚˊ	蝦	365
ㄒㄧㄚ	蝦	365
ㄐㄧˋ ㄔㄥˊ ㄔㄜ	計程車	365
ㄍㄨㄢ ㄑㄧㄝˋ	關切	365
ㄕㄡˇ ㄓㄤˇ	首長	365
ㄑㄧㄢˊ ㄊㄧˊ	前提	364
ㄑㄧㄢˊ ㄧㄡˇ	前有	364
ㄧㄡˋ ㄓˋ	幼稚	364
ㄧㄢˊ ㄕㄣ	延伸	364
ㄐㄧˊ ㄨㄟˊ	極為	364
ㄏㄢˇ	罕	364
ㄧˋ	裔	364
ㄌㄧㄤˇ ㄒㄧㄥˋ	兩性	363
ㄉㄨㄥ ㄊㄧㄢ	冬天	363
ㄎㄜˇ	渴	363
ㄨˊ ㄙㄨㄛˇ	無所	363
ㄕㄥ ㄌㄜ˙	生了	363
ㄞˇ	矮	363
ㄎㄜˋ ㄊㄧˊ	課題	363
ㄅㄧㄢˋ ㄑㄧㄢ	變遷	363
ㄇㄧㄣˇ	閩	363
ㄅㄛˊ	駁	363
ㄧㄡ ㄏㄨㄟˋ	優惠	362
ㄈㄢˇ ㄒㄧㄥˇ	反省	362
ㄍㄨˇ ㄉㄞˋ	古代	362
ㄧㄢˊ ㄓㄨㄥˋ ㄉㄜ˙	嚴重的	362
ㄨㄞˋ ㄗㄞˋ	外在	362
ㄐㄧㄤ ㄐㄩㄣ	將軍	362
ㄑㄧㄥˊ ㄕˋ	情勢	362
ㄍㄢˇ ㄕㄡˋ ㄉㄠˋ	感受到	362
ㄍㄜ	戈	362
ㄌㄧㄤˊ	樑	362
ㄒㄧㄢˋ ㄖㄣˋ	現任	362
ㄧㄠˋ ㄅㄨˋ ㄖㄢˊ	要不然	362
ㄐㄧㄠ	郊	362
ㄓㄨˇ ㄔˊ ㄖㄣˊ	主持人	361
ㄧ ㄌㄞˋ	依賴	361
ㄘㄢ ㄙㄞˋ	參賽	361
ㄗㄞˋ ㄒㄩㄝˊ	在學	361
ㄧㄥˇ ㄒㄧㄤˇ ㄌㄧˋ	影響力	361
ㄓㄥ	征	361
ㄏㄨㄢˋ ㄔㄥˊ	換成	361
ㄍㄨˋ ㄍㄨㄥ	故宮	361
ㄧㄡˇ ㄓㄨˋ ㄩˊ	有助於	361
ㄅㄣˇ ㄨㄣˊ	本文	361
ㄈㄚˇ ㄨˋ	法務	361
ㄨˊ ㄕㄨˋ	無數	361
ㄉㄥ ㄔㄤˇ	登場	361
ㄒㄧˋ ㄐㄧㄝˊ	細節	361
ㄒㄧㄢˋ ㄓㄥˋ	縣政	361
ㄋㄥˊ ㄈㄡˇ	能否	361
ㄔㄨˇ ㄈㄣˋ	處分	361
ㄅㄨˇ ㄒㄧˊ	補習	361
ㄐㄧㄥˇ ㄍㄠˋ	警告	361
ㄨㄟˋ	魏	361
ㄑㄩㄢˊ ㄊㄧˇ	全體	360
ㄈㄨˋ ㄗㄨㄥˇ ㄊㄨㄥˇ	副總統	360
ㄑㄩㄝˋ ㄅㄨˊ	卻不	360
ㄑㄩㄝˋ ㄅㄨˋ	卻不	360
ㄍㄜˋ ㄍㄜ˙	各個	360
ㄆㄟˊ ㄩˋ	培育	360
ㄋㄧㄢˊ ㄋㄟˋ	年內	360
ㄍㄜ ㄑㄩˇ	歌曲	360
ㄈㄚ ㄐㄩㄝˊ	發覺	360
ㄐㄧㄢˇ ㄓˊ	簡直	360
ㄇㄞˇ ㄉㄜ˙	買的	360
ㄐㄧㄣˋ ㄌㄞˊ	近來	360
ㄦˋ ㄕˊ ㄙㄢ	二十三	359
ㄉㄨㄥˋ ㄐㄧㄝˊ	凍結	359
ㄈㄣ ㄔㄥˊ	分成	359
ㄏㄣˇ ㄍㄠ	很高	359
ㄏㄢˋ ㄖㄣˊ	漢人	359
ㄅㄞˇ ㄈㄣ ㄓ ㄕˊ	百分之十	359
ㄇㄨˋ ㄌㄨˋ	目錄	359
ㄧㄢˇ ㄍㄨㄤ	眼光	359
ㄜˊ	鵝	359
ㄍㄢ ㄘㄨㄟˋ	乾脆	358
ㄒㄧㄚˊ	俠	358
ㄋㄢˊ ㄕˋ	南市	358
ㄨㄢˊ ㄓㄥˇ ㄉㄜ˙	完整的	358
ㄧㄢˊ ㄒㄩˋ	延續	358
ㄏㄡˋ ㄒㄩˋ	後續	358
ㄕˋ ㄕㄟˊ	是誰	358
ㄇㄧㄣˊ ㄙㄨˊ	民俗	358
ㄩㄥˇ ㄒㄩˋ	永續	358
ㄌㄧㄡˊ	瀏	358
ㄒㄧㄢˋ ㄈㄨˇ	縣府	358
ㄆㄠˇ ㄉㄠˋ	跑到	358
ㄓㄜˋ ㄈㄤ	這方	358
ㄧㄡˊ ㄐㄧㄢˋ	郵件	358
ㄇㄟˋ ㄌㄧˋ	魅力	358
ㄓㄨˇ ㄌㄧˋ	主力	357
ㄌㄧㄚˇ	倆	6.351308576902391
ㄌㄧㄤˇ	倆	357
ㄅㄞˊ ㄊㄧㄢ	白天	357
ㄑㄧˊ	祈	357
ㄅㄚ	芭	357
ㄨㄟˊ ㄈㄚˇ	違法	357
ㄓㄨˇ ㄐㄧ	主機	356
ㄕㄜˊ ㄇㄛ˙ ㄕˊ ㄏㄡˋ	什麼時候	356
ㄕㄜˊ ㄇㄜ˙ ㄕˊ ㄏㄡˋ	什麼時候	356
ㄕㄣˊ ㄇㄛ˙ ㄕˊ ㄏㄡˋ	什麼時候	356
ㄕㄣˊ ㄇㄜ˙ ㄕˊ ㄏㄡˋ	什麼時候	356
ㄎㄨㄣ	坤	356
ㄉㄚˋ ㄅㄨˋ ㄈㄣˋ	大部份	356
ㄧㄥˇ ㄒㄧㄤˇ ㄉㄠˋ	影響到	356
ㄉㄨㄥ ㄋㄢˊ ㄧㄚˇ	東南亞	356
ㄉㄨㄥ ㄋㄢˊ ㄧㄚˋ	東南亞	356
ㄔㄢˊ	纏	356
ㄌㄠˇ ㄋㄧㄢˊ	老年	356
ㄗˋ ㄕㄣ	自身	356
ㄒㄧㄣ ㄗ	薪資	356
ㄎㄨㄟˋ	饋	356
ㄧ ㄈㄚˇ	依法	355
ㄈㄣ ㄅㄨˋ	分布	355
ㄎㄜˋ ㄧˋ	刻意	355
ㄕˊ ㄧㄡˊ	石油	355
ㄕㄞ	篩	355
ㄐㄩㄝˊ ㄉㄜˊ ㄏㄣˇ	覺得很	355
ㄐㄩㄝˊ ㄉㄜ˙ ㄏㄣˇ	覺得很	355
ㄧㄝˇ ㄐㄧㄡˋ ㄕˋ ㄕㄨㄛ	也就是說	354
ㄉㄢˋ ㄗㄞˋ	但在	354
ㄕㄢ	扇	6.351308576902391
ㄕㄢˋ	扇	354
ㄆㄨˊ	樸	354
ㄊㄞˋ	汰	354
ㄓㄨˋ ㄧˋ ㄉㄠˋ	注意到	354
ㄧˋ ㄔㄤˊ	異常	354
ㄅㄣˋ	笨	354
ㄕㄣˋ	腎	354
ㄓㄨㄥ	衷	354
ㄙㄨㄥˋ ㄍㄟˇ	送給	354
ㄔㄤˊ ㄐㄧㄡˇ	長久	354
ㄅㄨˋ ㄒㄧㄤ	不相	353
ㄈㄛˊ ㄐㄧㄠˋ	佛教	353
ㄐㄧㄚ ㄋㄚˊ ㄉㄚˋ	加拿大	353
ㄒㄧㄝˊ ㄧˋ	協議	353
ㄧㄢˋ	彥	353
ㄌㄤˋ ㄇㄢˋ	浪漫	353
ㄒㄧ ㄧㄤˊ	西洋	353
ㄓㄜˋ ㄉㄨㄢˋ	這段	353
ㄓㄨㄥˋ ㄧㄠˋ ㄒㄧㄥˋ	重要性	353
ㄔㄠ	鈔	353
ㄉㄧㄢˇ ㄒㄧㄥˊ	典型	352
ㄔㄨㄢˇ	喘	352
ㄉㄚˋ ㄓˋ	大致	352
ㄊㄧㄢ ㄕㄤˋ	天上	352
ㄕㄣˇ ㄧˋ	審議	352
ㄈㄨˋ ㄒㄧㄥ	復興	352
ㄓㄥˋ ㄑㄩㄢˊ	政權	352
ㄍㄡˋ ㄒㄧㄤˇ	構想	352
ㄕㄥ ㄇㄧㄥˋ ㄌㄧˋ	生命力	352
ㄧㄥˋ ㄉㄧㄝˊ	硬碟	352
ㄐㄧㄝˇ ㄕㄨㄛ	解說	352
ㄅㄟˋ ㄗ˙	輩子	352
ㄌㄧㄢˊ ㄔㄨㄢˋ	連串	352
ㄧㄣˇ ㄌㄧㄠˋ	飲料	352
ㄕˊ ㄍㄜˋ	十個	351
ㄕˊ ㄍㄜ˙	十個	351
ㄌㄧㄡˊ ㄌㄢˇ	瀏覽	351
ㄏㄨˊ	瑚	351
ㄎㄢˋ ㄓㄜ˙	看著	351
ㄐㄧㄝˋ ㄓㄜ˙	藉著	351
ㄑㄧㄣ ㄇㄧㄣˊ ㄉㄤˇ	親民黨	351
ㄦˋ ㄕˊ ㄅㄚ	二十八	350
ㄙㄢˇ	傘	350
ㄔㄨㄢˊ ㄕㄨ	傳輸	350
ㄉㄧˋ ㄓˇ	地址	350
ㄊㄧㄢ ㄨㄣˊ	天文	350
ㄋㄧˊ	妮	350
ㄨㄣˊ ㄐㄧㄠˋ	文教	350
ㄑㄧˊ	棋	350
ㄨㄤ	汪	350
ㄕˋ ㄈㄢˋ	示範	350
ㄐㄧㄥ ㄉㄧㄢˇ	經典	350
ㄈㄥ	諷	6.351308576902391
ㄈㄥˋ	諷	350
ㄏㄞˊ ㄋㄥˊ	還能	350
ㄋㄢˊ ㄍㄨㄛˋ	難過	350
ㄧㄡ ㄉㄧㄢˇ	優點	349
ㄌㄥˇ ㄑㄧˋ	冷氣	349
ㄨㄢˊ ㄇㄟˇ	完美	349
ㄏㄞˋ ㄖㄣˊ	害人	349
ㄧㄢˊ ㄔㄤˊ	延長	349
ㄧㄡˇ ㄖㄨˊ	有如	349
ㄧㄡˇ ㄑㄩˋ ㄉㄜ˙	有趣的	349
ㄅㄣˇ ㄕˋ	本市	349
ㄉㄨㄥ ㄒㄧㄢˋ	東縣	349
ㄓㄣ ㄍㄨㄟˋ	珍貴	349
ㄅㄧㄢˋ ㄉㄨㄥˋ	變動	349
ㄅㄚ ㄉㄧㄢˇ	八點	348
ㄗㄞˋ ㄨㄞˋ	在外	348
ㄖˋ ㄨㄣˊ	日文	348
ㄊㄜˋ ㄅㄧㄝˊ ㄉㄜ˙	特別的	348
ㄓㄢˋ ㄕㄤˋ	站上	348
ㄒㄧㄤˊ	翔	348
ㄓˋ ㄉㄧㄥˋ	制定	347
ㄕˊ ㄐㄧㄡˇ ㄋㄧㄢˊ	十九年	347
ㄊㄞˊ ㄩˇ	台語	347
ㄉㄢ ㄩㄢˊ	單元	347
ㄍㄨㄥ ㄔㄥˊ ㄕ	工程師	347
ㄒㄧㄣ ㄨㄣˊ ㄐㄩˊ	新聞局	347
ㄌㄧㄡ	溜	347
ㄌㄧㄡˋ	溜	6.351308576902391
ㄉㄤ ㄑㄧㄢˊ	當前	347
ㄒㄧㄡ	羞	347
ㄗㄤˋ	葬	347
ㄧㄚˋ	訝	347
ㄦˋ ㄉㄧㄢˇ	二點	346
ㄐㄧㄣˇ ㄌㄧㄤˋ	儘量	346
ㄐㄧㄣˋ ㄌㄧㄤˋ	儘量	346
ㄐㄧㄡˋ ㄉㄨˊ	就讀	346
ㄈㄤˊ ㄉㄧˋ	房地	346
ㄌㄩˇ ㄍㄨㄢˇ	旅館	346
ㄘˇ ㄧ	此一	346
ㄧㄝˊ ㄧㄝˊ	爺爺	346
ㄕㄣ ㄒㄧㄣ ㄓㄤˋ ㄞˋ	身心障礙	346
ㄏㄞˊ ㄕˋ ㄏㄨㄟˋ	還是會	346
ㄕㄨㄣˋ ㄅㄧㄢˋ	順便	346
ㄧ ㄌㄧㄢˊ ㄔㄨㄢˋ	一連串	345
ㄧˋ ㄌㄧㄢˊ ㄔㄨㄢˋ	一連串	345
ㄧ ㄅㄨˋ ㄈㄣˋ	一部分	345
ㄧˊ ㄅㄨˋ ㄈㄣˋ	一部分	345
ㄧ ㄓㄣˋ ㄗ˙	一陣子	345
ㄧˊ ㄓㄣˋ ㄗ˙	一陣子	345
ㄕˋ ㄒㄧㄢ	事先	345
ㄒㄧㄥˊ ㄕˋ	刑事	345
ㄗㄞˋ ㄒㄧㄚˋ	在下	345
ㄕˊ ㄐㄧˋ ㄕㄤˋ	實際上	345
ㄏㄨㄟˋ ㄔㄤˇ	會場	345
ㄨˊ ㄋㄞˋ	無奈	345
ㄒㄧㄢˋ ㄐㄧㄣ	現今	345
ㄉㄨㄢˇ ㄓㄢˋ	短暫	345
ㄐㄧㄢˇ ㄔㄥ	簡稱	345
ㄅㄨˇ ㄔㄤˊ	補償	345
ㄑㄧㄥ ㄔㄨㄣ	青春	345
ㄍㄠ ㄈㄥ	高峰	345
ㄐㄧㄥ ㄉㄨ	京都	344
ㄐㄧㄥ ㄉㄨ ㄈㄨˇ	京都府	344
ㄋㄢˊ ㄈㄤ	南方	344
ㄇㄧㄥˋ ㄌㄧㄥˋ	命令	344
ㄐㄧㄝ ㄉㄠˋ	接到	344
ㄨㄣˊ ㄧˋ	文藝	344
ㄨㄟˊ ㄉㄚˋ	為大	344
ㄐㄩˋ ㄐㄧˊ	聚集	344
ㄨㄢˋ ㄧ	萬一	344
ㄏㄨˊ	蝴	344
ㄒㄧㄝˇ ㄧˋ	血液	344
ㄒㄧㄝˇ ㄧㄝˋ	血液	344
ㄓㄨㄢˇ ㄧˊ	轉移	344
ㄈㄟ ㄈㄚˇ	非法	344
ㄎㄜˋ ㄈㄨˊ	克服	343
ㄕㄤ ㄖㄣˊ	商人	343
ㄅㄚˇ ㄨㄛˋ	把握	343
ㄊㄨㄟ ㄓㄢˇ	推展	343
ㄎㄨㄞˋ ㄐㄧˋ	會計	343
ㄒㄧㄤ ㄐㄧㄠˋ	相較	343
ㄙ ㄌㄧˋ	私立	343
ㄕㄨㄟˋ ㄕㄡ	稅收	343
ㄏㄨㄟˋ ㄏㄨㄚˋ	繪畫	343
ㄈㄥ	蜂	343
ㄊㄧˇ ㄓㄨㄥˋ	體重	343
ㄧㄝˇ ㄅㄨˊ ㄏㄨㄟˋ	也不會	342
ㄧㄝˇ ㄅㄨˋ ㄏㄨㄟˋ	也不會	342
ㄓㄠˋ ㄐㄧˊ	召集	342
ㄏㄨㄟˊ ㄍㄨㄟ	回歸	342
ㄉㄚˋ ㄕㄥ	大聲	342
ㄢ ㄉㄧㄥˋ	安定	342
ㄕ ㄉㄚˋ	師大	342
ㄉㄧㄢˋ	殿	342
ㄌㄧㄡˊ ㄌㄤˋ	流浪	342
ㄇㄧˇ ㄐㄧㄡˇ	米酒	342
ㄐㄧˊ ㄕˊ	即時	341
ㄍㄨㄛˊ ㄋㄟˋ ㄨㄞˋ	國內外	341
ㄕㄜˋ ㄧㄥˇ ㄐㄧ	攝影機	341
ㄅㄨˋ ㄗㄡˋ	步驟	341
ㄌㄧˇ ㄕˋ ㄓㄤˇ	理事長	341
ㄉㄤ ㄔㄤˇ	當場	341
ㄌㄨˋ	祿	341
ㄇㄟˇ ㄕㄨˋ ㄍㄨㄢˇ	美術館	341
ㄐㄧㄢˋ ㄌㄜ˙	見了	341
ㄗ ㄕㄣ	資深	341
ㄑㄧˇ ㄌㄜ˙	起了	341
ㄗㄠ ㄕㄡˋ	遭受	341
ㄉㄞˋ ㄖㄣˊ	代人	340
ㄧˇ ㄙㄜˋ ㄌㄧㄝˋ	以色列	340
ㄉㄠˋ ㄕˊ	到時	340
ㄒㄩㄝˊ ㄨㄣˋ	學問	340
ㄇㄛˋ	寞	340
ㄘㄨㄛˋ ㄓㄜˊ	挫折	340
ㄈㄤˋ ㄉㄚˋ	放大	340
ㄓㄠ ㄏㄜˊ	昭和	340
ㄡ ㄇㄟˇ	歐美	340
ㄑㄧˊ ㄕˋ	歧視	340
ㄏㄣˇ	狠	340
ㄏㄨㄤˇ	謊	340
ㄌㄧㄥˊ	陵	340
ㄦˋ ㄘˋ	二次	339
ㄗㄞˋ ㄐㄧㄚ ㄕㄤˋ	再加上	339
ㄎㄜˇ ㄨㄤˋ	可望	339
ㄏㄨㄟˊ ㄍㄨˋ	回顧	339
ㄕㄨ ㄉㄧㄢˋ	書店	339
ㄕㄨㄟˇ ㄆㄧㄥˊ	水平	339
ㄇㄟˊ ㄕㄜˊ ㄇㄛ˙	沒什麼	339
ㄇㄟˊ ㄕㄜˊ ㄇㄜ˙	沒什麼	339
ㄇㄟˊ ㄕㄣˊ ㄇㄛ˙	沒什麼	339
ㄇㄟˊ ㄕㄣˊ ㄇㄜ˙	沒什麼	339
ㄈㄚˇ ㄗㄜˊ	法則	339
ㄔㄠˊ ㄌㄧㄡˊ	潮流	339
ㄒㄧㄤ ㄅㄧˇ	相比	339
ㄌㄨㄣˋ ㄊㄢˊ	論壇	339
ㄓㄜˋ ㄦ	這兒	339
ㄓㄜˋ ㄦˊ	這兒	339
ㄓㄨㄥˋ ㄌㄧㄤˋ	重量	339
ㄒㄧㄢˋ ㄖㄨˋ	陷入	339
ㄌㄞˊ ㄌㄧㄣˊ	來臨	338
ㄧㄥ ㄦˊ	嬰兒	338
ㄐㄧㄤ ㄩˊ	將於	338
ㄧㄢˊ ㄋㄧˇ	研擬	338
ㄓㄡ ㄋㄧㄢˊ	週年	338
ㄌㄧˊ	釐	338
ㄒㄧ	釐	338
ㄐㄧㄥ ㄖㄣˊ	驚人	338
ㄩㄢˊ ㄧㄡˇ	原有	337
ㄊㄧㄢ ㄘㄞˊ	天才	337
ㄘㄨㄣˊ ㄎㄨㄢˇ	存款	337
ㄨ	巫	337
ㄨˊ	巫	6.351308576902391
ㄧㄣˇ ㄉㄠˇ	引導	337
ㄏㄢˋ	翰	337
ㄐㄧˊ ㄑㄧˊ	及其	336
ㄉㄨㄛ ㄉㄨㄛ	多多	336
ㄆㄧˋ	屁	336
ㄕㄨˋ ㄌㄧㄣˊ	樹林	336
ㄕㄥ ㄌㄧˇ	生理	336
ㄒㄧㄢˋ ㄓㄥˋ ㄈㄨˇ	縣政府	336
ㄈㄟ ㄌㄩˋ ㄅㄧㄣ	菲律賓	336
ㄍㄞ ㄏㄨㄟˋ	該會	336
ㄩˇ ㄈㄚˇ	語法	336
ㄔˋ ㄗˋ	赤字	336
ㄦˋ ㄕˊ ㄌㄧㄡˋ	二十六	335
ㄏㄨㄚˋ ㄓㄨㄤ	化妝	335
ㄊㄧㄢ ㄕˇ	天使	335
ㄏㄠˇ ㄩㄥˋ	好用	335
ㄏㄠˋ ㄩㄥˋ	好用	335
ㄕ ㄒㄧㄥˊ	施行	335
ㄓㄠˋ	罩	335
ㄜˊ ㄌㄨㄛˊ ㄙ	俄羅斯	334
ㄜˋ ㄌㄨㄛˊ ㄙ	俄羅斯	334
ㄔㄨˊ ㄘㄨㄣˊ	儲存	334
ㄉㄧˋ ㄔㄢˇ	地產	334
ㄉㄨㄛ ㄐㄧㄡˇ	多久	334
ㄕㄢ ㄏㄨˊ	珊瑚	334
ㄋㄥˊ ㄌㄧㄤˋ	能量	334
ㄍㄨㄟ ㄍㄜˊ	規格	334
ㄧㄥˊ ㄉㄜˊ	贏得	334
ㄇㄛˋ	陌	334
ㄏㄜˊ ㄕˊ	何時	333
ㄡˇ ㄦˇ	偶爾	333
ㄊㄨˋ	兔	333
ㄐㄧㄚ ㄌㄜ˙	加了	333
ㄓㄨㄢ ㄩㄥˋ	專用	333
ㄒㄧㄥˋ ㄩㄣˋ	幸運	333
ㄑㄧㄤˊ ㄉㄚˋ	強大	333
ㄌㄧㄡˊ ㄊㄨㄥ	流通	333
ㄗㄡˇ ㄌㄜ˙	走了	333
ㄉㄧㄢ	顛	333
ㄍㄠ ㄘㄥˊ	高層	333
ㄧ ㄌㄧㄤˇ	一兩	332
ㄧˋ ㄌㄧㄤˇ	一兩	332
ㄓㄨˇ ㄧㄠˋ ㄉㄜ˙	主要的	332
ㄉㄠˋ ㄉㄧˇ ㄕˋ	到底是	332
ㄕˇ ㄕㄤˋ	史上	332
ㄏㄜˊ ㄐㄧㄝˇ	和解	332
ㄙˋ ㄉㄧㄢˇ	四點	332
ㄕ ㄨㄤˋ	失望	332
ㄨㄛˇ ㄑㄩˋ	我去	332
ㄉㄚˇ ㄗㄠˋ	打造	332
ㄑㄧ	漆	332
ㄑㄩˋ	漆	6.351308576902391
ㄓㄞˇ	窄	332
ㄗㄜˊ	窄	6.351308576902391
ㄈㄢˋ ㄇㄞˋ	販賣	332
ㄅㄨˋ ㄐㄧㄥˇ ㄑㄧˋ	不景氣	331
ㄉㄠˋ ㄉㄚˊ	到達	331
ㄍㄨㄛˊ ㄐㄧˊ	國籍	331
ㄉㄞˋ ㄍㄟˇ	帶給	331
ㄩㄢ	淵	331
ㄍㄨㄟ	瑰	331
ㄅㄧㄥˇ	秉	331
ㄌㄢˊ ㄑㄧㄡˊ	籃球	331
ㄕㄥˋ ㄉㄢˋ	聖誕	331
ㄨㄛˋ	臥	331
ㄅㄧㄠˇ ㄑㄧㄥˊ	表情	331
ㄐㄧㄠˇ ㄍㄠ	較高	331
ㄐㄧㄠˋ ㄍㄠ	較高	331
ㄇㄚˇ ㄌㄞˊ	馬來	331
ㄧ ㄌㄞˊ	一來	330
ㄧˋ ㄌㄞˊ	一來	330
ㄌㄧㄥˊ ㄔㄣˊ	凌晨	330
ㄑㄩˇ ㄉㄧˋ	取締	330
ㄙ ㄐㄧ	司機	330
ㄓㄡ ㄨㄟˊ	周圍	330
ㄍㄨㄛˊ ㄐㄩㄣ	國軍	330
ㄌㄩˇ	履	330
ㄒㄩˋ ㄕㄨˋ	敘述	330
ㄆㄨˋ	曝	330
ㄏㄨㄛˊ ㄌㄧˋ	活力	330
ㄊㄢˋ	碳	330
ㄙㄠ ㄖㄠˇ	騷擾	330
ㄏㄨㄤˊ ㄙㄜˋ	黃色	330
ㄧ ㄐㄩˋ	一句	329
ㄧˊ ㄐㄩˋ	一句	329
ㄋㄟˋ ㄗㄞˋ	內在	329
ㄌㄧˋ ㄒㄧˊ	利息	329
ㄈㄡˇ ㄖㄣˋ	否認	329
ㄆㄧㄥˊ ㄢ	平安	329
ㄊㄧˊ ㄑㄧㄢˊ	提前	329
ㄨˊ ㄍㄨㄢ	無關	329
ㄌㄧˇ ㄨˋ	禮物	329
ㄓㄥ	蒸	329
ㄗ ㄅㄣˇ ㄓㄨˇ ㄧˋ	資本主義	329
ㄊㄤˋ	趟	329
ㄑㄧ ㄉㄧㄢˇ	七點	328
ㄕㄢ ㄔㄨˊ	刪除	328
ㄏㄠˇ ㄧㄡˇ	好友	328
ㄐㄧㄚ ㄐㄩˋ	家具	328
ㄘˋ	廁	6.351308576902391
ㄘㄜˋ	廁	328
ㄉㄜˊ ㄓ	得知	328
ㄓㄠˇ ㄅㄨˊ ㄉㄠˋ	找不到	328
ㄊㄢˋ ㄙㄨㄛˇ	探索	328
ㄇㄛˊ ㄏㄨˊ	模糊	328
ㄇㄟˊ	玫	328
ㄉㄤ ㄉㄞˋ	當代	328
ㄇㄤˊ	茫	328
ㄧ ㄊㄨㄥˊ	一同	327
ㄧˋ ㄊㄨㄥˊ	一同	327
ㄐㄧㄚˋ ㄖˋ	假日	327
ㄍㄤ	崗	327
ㄍㄤˇ	崗	327
ㄏㄨˋ ㄨㄞˋ	戶外	327
ㄎㄨㄛˋ ㄓㄤ	擴張	327
ㄇㄛˊ ㄒㄧㄥˊ	模型	327
ㄕㄣ ㄕㄣ	深深	327
ㄕˋ ㄧㄢˋ	試驗	327
ㄘㄞˊ ㄊㄨㄢˊ ㄈㄚˇ ㄖㄣˊ	財團法人	327
ㄓㄜ	遮	327
ㄓㄜ˙	遮	6.351308576902391
ㄧ ㄗㄨㄛˋ	一座	326
ㄧˊ ㄗㄨㄛˋ	一座	326
ㄧ ㄍㄨㄢˋ	一貫	326
ㄧˊ ㄍㄨㄢˋ	一貫	326
ㄑㄧˋ ㄧㄝˋ ㄐㄧㄚ	企業家	326
ㄐㄧㄚˋ ㄑㄧˊ	假期	326
ㄕˊ ㄌㄧㄡˋ ㄋㄧㄢˊ	十六年	326
ㄆㄢˋ	拚	326
ㄐㄧㄠ ㄉㄠˇ	教導	326
ㄐㄧㄠˋ ㄉㄠˇ	教導	326
ㄌㄧˊ	梨	326
ㄐㄧˊ	棘	326
ㄩㄥˇ ㄐㄧㄡˇ	永久	326
ㄧㄤ ㄏㄤˊ	央行	325
ㄗㄠˇ	澡	325
ㄇㄟˇ ㄉㄜ˙	美的	325
ㄎㄠˇ ㄧㄢˋ	考驗	325
ㄗˋ ㄒㄧㄣˋ	自信	325
ㄑㄧㄡˊ	仇	6.351308576902391
ㄔㄡˊ	仇	324
ㄘㄨˋ ㄒㄧㄠ	促銷	324
ㄈㄣ ㄐㄩˊ	分局	324
ㄏㄨㄟˊ ㄎㄨㄟˋ	回饋	324
ㄏㄠˇ ㄅㄨˋ ㄏㄠˇ	好不好	324
ㄉㄨㄟˋ ㄅㄨˊ ㄉㄨㄟˋ	對不對	324
ㄌㄧㄥˇ	嶺	324
ㄧˋ ㄓˋ	意志	324
ㄉㄨㄥ ㄅㄨˋ	東部	324
ㄐㄧㄢˇ ㄔㄚˊ ㄍㄨㄢ	檢察官	324
ㄒㄧㄢˋ ㄎㄨㄤˋ	現況	324
ㄐㄩㄢˋ	眷	324
ㄌㄧˋ ㄩㄢˋ	立院	324
ㄧㄠˋ ㄆㄧㄣˇ	藥品	324
ㄅㄟˋ ㄆㄛˋ	被迫	324
ㄇㄞˇ ㄇㄞˋ	買賣	324
ㄐㄧㄣˋ ㄑㄧˊ	近期	324
ㄒㄧㄢˋ ㄩˊ	限於	324
ㄧㄢ	殷	6.351308576902391
ㄧㄣ	殷	323
ㄈㄚˇ ㄨˋ ㄅㄨˋ	法務部	323
ㄐㄧㄣ ㄊㄧㄝ	津貼	323
ㄓㄨˋ ㄘㄜˋ	註冊	323
ㄍㄠ ㄒㄩㄥˊ ㄒㄧㄢˋ	高雄縣	323
ㄅㄠˇ ㄅㄠˇ	寶寶	322
ㄅㄠˇ ㄅㄠ˙	寶寶	322
ㄈㄨˊ ㄓㄨㄤ	服裝	322
ㄐㄧ ㄌㄩˋ	機率	322
ㄓㄣ	甄	322
ㄗㄨㄥˇ ㄏㄨㄟˋ	總會	322
ㄒㄧㄚˋ ㄗ˙	下子	321
ㄉㄞˋ ㄐㄧㄚˋ	代價	321
ㄌㄧㄡˋ ㄍㄜ˙	六個	321
ㄉㄨㄟˋ ㄧㄥˋ	對應	321
ㄉㄞˋ ㄏㄨㄟˊ	帶回	321
ㄉㄧˇ ㄉㄚˊ	抵達	321
ㄖˋ ㄧˋ	日益	321
ㄕㄚ	杉	6.351308576902391
ㄕㄢ	杉	321
ㄑㄩㄣˊ ㄓㄨㄥˋ	群眾	321
ㄅㄟˋ	臂	321
ㄅㄧˋ	臂	6.351308576902391
ㄍㄞ ㄧㄡˇ	該有	321
ㄌㄧˊ ㄏㄨㄣ	離婚	321
ㄍㄠ ㄎㄜ ㄐㄧˋ	高科技	321
ㄧ ㄅㄞˇ ㄉㄨㄛ	一百多	320
ㄅㄨˋ ㄧㄥ ㄍㄞ	不應該	320
ㄓㄨㄥ ㄅㄨˋ	中部	320
ㄌㄨㄣˊ ㄌㄧˇ	倫理	320
ㄆㄛˇ	剖	320
ㄆㄡ	剖	320
ㄆㄡˇ	剖	320
ㄉㄨㄥˋ ㄕㄡˇ	動手	320
ㄎㄡˇ ㄨㄟˋ	口味	320
ㄞ	埃	320
ㄒㄩㄝˊ ㄋㄧㄢˊ ㄉㄨˋ	學年度	320
ㄧˇ ㄐㄧㄥ ㄕˋ	已經是	320
ㄏㄣˇ ㄑㄧㄥ ㄔㄨˇ	很清楚	320
ㄈㄤˋ ㄉㄜ˙	放的	320
ㄅㄧˇ ㄐㄧˋ	筆記	320
ㄓˊ ㄨˋ	職務	320
ㄒㄧㄝˊ	邪	320
ㄌㄧㄣˊ	麟	320
ㄔㄨˊ ㄒㄩˋ	儲蓄	319
ㄍㄨㄛˊ ㄧㄡˇ	國有	319
ㄧˊ	夷	319
ㄒㄩㄝˊ ㄨㄟˋ	學位	319
ㄈㄨˇ	甫	319
ㄐㄧ	稽	319
ㄑㄧˇ	稽	64.66116164539982
ㄎㄞˇ	豈	6.351308576902391
ㄑㄧˇ	豈	319
ㄕㄨ ㄔㄨ	輸出	319
ㄏㄟ ㄢˋ	黑暗	319
ㄒㄧㄚˋ ㄌㄧㄝˋ	下列	318
ㄆㄧㄢ ㄏㄠˋ	偏好	318
ㄍㄨㄥ ㄍㄨㄥˋ ㄉㄧㄢˋ ㄕˋ	公共電視	318
ㄌㄧㄡˋ ㄑㄧㄢ	六千	318
ㄕㄥˋ ㄌㄧˋ	勝利	318
ㄊㄞˊ ㄋㄢˊ ㄕˋ	台南市	318
ㄨㄚ	哇	318
ㄊㄧㄢ ㄉㄧˋ	天地	318
ㄆㄞ ㄉㄜ˙	拍的	318
ㄑㄧˊ ㄒㄧㄢˋ	期限	318
ㄇㄧㄢˊ	棉	318
ㄨˊ ㄒㄧㄢˋ ㄉㄧㄢˋ	無線電	318
ㄩㄥˋ ㄕㄨㄟˇ	用水	318
ㄅㄛ	缽	318
ㄌㄧˊ ㄏㄨㄢˋ	罹患	318
ㄕㄨ	蔬	318
ㄌㄧˇ ㄇㄧㄢˋ ㄉㄜ˙	裡面的	318
ㄐㄧㄝˇ ㄈㄤˋ	解放	318
ㄌㄨˋ ㄨㄟˇ ㄏㄨㄟˋ	陸委會	318
ㄔㄨㄤˋ ㄗㄨㄛˋ ㄓㄜˇ	創作者	317
ㄨㄣˇ	吻	317
ㄉㄚˋ ㄍㄨㄟ ㄇㄛˊ	大規模	317
ㄊㄡˊ ㄕㄡˇ	投手	317
ㄉㄨˊ ㄆㄧㄣˇ	毒品	317
ㄘㄡˋ	湊	317
ㄍㄨˇ	穀	317
ㄊㄨㄥˇ	筒	317
ㄏㄨㄚ ㄈㄟˋ	花費	317
ㄐㄧㄡˇ ㄙˋ	九四	316
ㄔㄨㄢˊ ㄕㄨㄛ	傳說	316
ㄊㄞˊ ㄙㄨˋ	台塑	316
ㄕˊ ㄨˋ	實務	316
ㄐㄧㄡˋ ㄅㄚˇ	就把	316
ㄏㄢˊ ㄍㄞˋ	涵蓋	316
ㄕㄨㄣˋ	瞬	316
ㄊㄧㄠˊ ㄓㄤˇ	調漲	316
ㄓㄜˋ ㄒㄧㄝ ㄖㄣˊ	這些人	316
ㄅㄠˇ ㄏㄨˋ ㄑㄩ	保護區	315
ㄔㄨㄢˊ ㄉㄧˋ	傳遞	315
ㄈㄣ ㄕㄨˋ	分數	315
ㄔㄨㄤˋ ㄅㄢˋ	創辦	315
ㄕˊ ㄅㄚ ㄋㄧㄢˊ	十八年	315
ㄘㄢ ㄇㄡˊ	參謀	315
ㄎㄜˇ ㄅㄨˋ ㄎㄜˇ	可不可	315
ㄒㄩㄝˊ ㄎㄜ	學科	315
ㄗㄨㄛˋ ㄊㄢˊ ㄏㄨㄟˋ	座談會	315
ㄆㄞ ㄆㄧㄢˋ	拍片	315
ㄧㄡˇ ㄑㄩㄢˊ	有權	315
ㄅㄧㄣ	檳	315
ㄧㄢ	淹	315
ㄧㄢˋ	淹	6.351308576902391
ㄎㄢˋ ㄉㄞˋ	看待	315
ㄐㄩˇ	矩	315
ㄔㄨㄢ ㄓㄜ˙	穿著	315
ㄔㄨㄢ ㄓㄨㄛˊ	穿著	315
ㄗˋ ㄓˋ	自治	315
ㄈㄨˇ ㄓㄨˋ	輔助	315
ㄍㄤ ㄑㄧㄣˊ	鋼琴	315
ㄊㄧㄥˊ ㄌㄧㄡˊ	停留	314
ㄏㄨㄟˋ ㄌㄩˋ	匯率	314
ㄉㄧˋ ㄈㄤ ㄓㄥˋ ㄈㄨˇ	地方政府	314
ㄉㄚˋ ㄒㄩㄢˇ	大選	314
ㄉㄚˋ ㄇㄣˊ	大門	314
ㄨㄢˇ	婉	314
ㄒㄩㄝˊ ㄐㄧㄝˋ	學界	314
ㄑㄧˋ	憩	314
ㄊㄨㄟ ㄒㄧㄥˊ	推行	314
ㄏㄨㄣˇ ㄌㄨㄢˋ	混亂	314
ㄒㄧㄢˋ ㄐㄧㄣ	現金	314
ㄈㄚ ㄓㄢˇ ㄔㄨ	發展出	314
ㄑㄧˋ	緝	314
ㄏㄠˋ ㄇㄚˇ	號碼	314
ㄓㄨˊ ㄅㄨˋ	逐步	314
ㄓㄜˋ ㄈㄤ ㄇㄧㄢˋ	這方面	314
ㄊㄨㄥ ㄏㄨㄛˋ ㄆㄥˊ ㄓㄤˋ	通貨膨脹	314
ㄚ ㄌㄚ ㄅㄛˊ	阿拉伯	314
ㄩㄣˊ ㄌㄧㄣˊ	雲林	314
ㄧ ㄐㄧㄝˋ	一屆	313
ㄧˊ ㄐㄧㄝˋ	一屆	313
ㄕㄤˋ ㄒㄩㄝˊ	上學	313
ㄅㄨˊ ㄅㄧㄢˋ	不變	313
ㄨˋ	勿	313
ㄗㄞˋ ㄒㄧㄤˇ	在想	313
ㄗㄥ ㄐㄧㄣˋ	增進	313
ㄔㄤˊ ㄏㄨㄟˋ	常會	313
ㄨㄤˊ ㄗˇ	王子	313
ㄕㄥ ㄖˋ	生日	313
ㄓㄣ ㄌㄧˇ	真理	313
ㄐㄧㄥ ㄘㄞˇ	精彩	313
ㄙㄨˋ ㄘㄞˊ	素材	313
ㄐㄧㄢˋ ㄐㄧㄝ	間接	313
ㄅㄨˊ ㄒㄧㄤˋ	不像	312
ㄒㄧㄤˇ ㄧㄡˇ	享有	312
ㄋㄧˇ ㄏㄨㄟˋ	你會	312
ㄏㄜˊ ㄒㄧㄝˊ	和諧	312
ㄍㄨㄤˇ ㄉㄚˋ	廣大	312
ㄨㄟˋ ㄕㄥ ㄐㄩˊ	衛生局	312
ㄇㄛˋ ㄕㄥ	陌生	312
ㄨˇ ㄈㄣ	五分	311
ㄗㄨㄛˋ ㄓㄢˋ	作戰	311
ㄑㄩ ㄈㄣ	區分	311
ㄊㄨㄢˊ ㄐㄧㄝˊ	團結	311
ㄊㄧㄢ ㄊㄤˊ	天堂	311
ㄍㄨㄥ ㄧˋ	工藝	311
ㄔˇ	恥	311
ㄙㄨㄛˇ ㄒㄩ	所需	311
ㄆㄥˊ	棚	311
ㄍㄜ ㄕㄡˇ	歌手	311
ㄒㄧㄢˋ ㄉㄞˋ ㄏㄨㄚˋ	現代化	311
ㄐㄧㄥ ㄓˋ	精緻	311
ㄨㄤˇ ㄐㄧˋ ㄨㄤˇ ㄌㄨˋ	網際網路	311
ㄕㄨㄛ ㄉㄠˋ	說到	311
ㄐㄧㄣˋ ㄉㄞˋ	近代	311
ㄅㄧㄠˇ	錶	311
ㄉㄧㄥˇ	鼎	311
ㄒㄧㄣˋ ㄩㄥˋ ㄎㄚˇ	信用卡	310
ㄎㄚˇ ㄊㄨㄥ	卡通	310
ㄘㄢ ㄒㄩㄢˇ	參選	310
ㄊㄞˊ ㄕㄤˋ	台上	310
ㄏㄜ	呵	310
ㄒㄧㄣ ㄓㄨㄥ	心中	310
ㄏㄨㄟˋ ㄦˊ	會兒	310
ㄅㄧˇ ㄌㄩˋ	比率	310
ㄓㄨˋ ㄧㄣ	注音	310
ㄩˊ ㄇㄧㄣˊ	漁民	310
ㄒㄩㄢˊ	玄	310
ㄓㄜˋ ㄅㄣˇ ㄕㄨ	這本書	310
ㄧㄣ ㄩㄝˋ ㄏㄨㄟˋ	音樂會	310
ㄙㄢ ㄊㄧㄢ	三天	309
ㄔㄨ ㄇㄧㄢˋ	出面	309
ㄉㄧˋ ㄕㄤˋ	地上	309
ㄒㄩㄝˊ ㄓㄤˇ	學長	309
ㄒㄩㄣˊ ㄏㄨㄟˊ	巡迴	309
ㄈㄤˋ ㄧㄥˋ	放映	309
ㄉㄢˋ ㄕㄥ	誕生	309
ㄈㄨˋ ㄇㄧㄢˋ	負面	309
ㄧㄡˊ ㄌㄜˋ	遊樂	309
ㄆㄢˋ ㄐㄩㄝˊ	判決	308
ㄍㄜˋ ㄒㄧㄤˋ	各項	308
ㄕㄣˇ ㄏㄜˊ	審核	308
ㄧㄣˇ ㄩㄥˋ	引用	308
ㄐㄧㄢˇ	撿	308
ㄨㄣˊ ㄐㄧㄢˋ ㄏㄨㄟˋ	文建會	308
ㄗㄨㄟˋ ㄉㄧ	最低	308
ㄋㄩㄝˋ	虐	308
ㄋㄚˋ ㄦˊ	那兒	308
ㄋㄧㄠˇ ㄌㄟˋ	鳥類	308
ㄔㄨㄢˊ ㄙㄨㄥˋ	傳送	307
ㄐㄧㄣˇ ㄧㄡˇ	僅有	307
ㄊㄨㄥˊ ㄒㄧㄥˋ ㄌㄧㄢˋ	同性戀	307
ㄏㄠˇ ㄧˋ	好意	307
ㄉㄠˇ ㄊㄧˇ	導體	307
ㄑㄧㄢˊ ㄌㄧˋ	潛力	307
ㄑㄧㄢ ㄕㄜˋ	牽涉	307
ㄕㄥ ㄉㄨㄥˋ	生動	307
ㄨㄟˋ	畏	307
ㄧㄠˋ ㄉㄠˋ	要到	307
ㄅㄨˊ ㄓˋ	不致	306
ㄐㄧㄣ ㄊㄧㄢ ㄗㄞˋ	今天在	306
ㄍㄨㄚˋ	卦	306
ㄒㄧㄝˋ	卸	306
ㄑㄧˇ ㄩㄥˋ	啟用	306
ㄓㄥ ㄕㄡ	徵收	306
ㄕㄨˋ ㄇㄨˋ	數目	306
ㄕ ㄓㄥˋ	施政	306
ㄊㄜˋ ㄉㄧˋ	特地	306
ㄙ ㄧㄡˇ	私有	306
ㄙㄜˋ ㄑㄧㄥˊ	色情	306
ㄏㄨˊ ㄉㄧㄝˊ	蝴蝶	306
ㄎㄞ ㄅㄢˋ	開辦	306
ㄘㄨˋ ㄕˇ	促使	305
ㄅㄚ ㄕˊ ㄨˇ	八十五	305
ㄏㄜˊ ㄔㄤˋ	合唱	305
ㄋㄤˊ	囊	305
ㄉㄜˊ ㄐㄧㄤˇ	得獎	305
ㄒㄧㄣ ㄖㄣˊ	新人	305
ㄒㄧˊ	昔	305
ㄑㄧㄥ ㄉㄚˋ	清大	305
ㄨㄟˊ ㄌㄧˋ	為例	305
ㄇㄧˋ ㄇㄧˋ	秘密	305
ㄖㄨˇ	辱	305
ㄖㄨˋ	辱	6.351308576902391
ㄋㄨㄥˊ ㄌㄧˋ	農曆	305
ㄅㄨˊ ㄖㄣˋ	不認	304
ㄔㄨㄢˊ ㄖㄢˇ	傳染	304
ㄔㄨㄥ ㄕˊ	充實	304
ㄈㄨˋ ㄩㄢˋ ㄓㄤˇ	副院長	304
ㄒㄧㄣ ㄋㄧㄤˊ	新娘	304
ㄕˊ ㄎㄨㄥ	時空	304
ㄈㄢˊ ㄋㄠˇ	煩惱	304
ㄓㄨˇ	矚	304
ㄓㄡ	舟	304
ㄒㄧㄥˊ ㄖㄣˊ	行人	304
ㄐㄧㄝ ㄉㄠˋ	街道	304
ㄒㄩㄢ	軒	304
ㄍㄨㄛˋ ㄑㄩˋ ㄉㄜ˙	過去的	304
ㄌㄧㄣˊ ㄐㄩ	鄰居	304
ㄐㄧㄝ ㄘㄥˊ	階層	304
ㄋㄢˊ ㄍㄨㄞˋ	難怪	304
ㄏㄨㄛˋ	霍	304
ㄓㄨˇ ㄍㄨㄢˇ ㄐㄧ ㄍㄨㄢ	主管機關	303
ㄊㄨˊ	凸	303
ㄍㄨˇ	凸	6.351308576902391
ㄑㄧˇ ㄉㄨㄥˋ	啟動	303
ㄧㄡˊ ㄒㄧˊ ㄎㄨㄣ	游錫堃	303
ㄨˊ ㄌㄧˋ	無力	303
ㄘˋ	賜	303
ㄙˋ	賜	6.351308576902391
ㄩˊ	逾	303
ㄆㄥˊ	鵬	303
ㄨˇ ㄉㄧㄢˇ	五點	302
ㄐㄧㄣ ㄏㄡˋ	今後	302
ㄐㄧㄝˊ ㄔㄨ	傑出	302
ㄏㄨㄟˊ ㄍㄨㄛˊ	回國	302
ㄗㄞˋ ㄔㄤˇ	在場	302
ㄨㄞˋ ㄍㄨㄛˊ ㄖㄣˊ	外國人	302
ㄊㄧㄢ ㄎㄞ	天開	302
ㄐㄧㄠ	嬌	302
ㄗㄞˇ	宰	302
ㄐㄧㄚ ㄒㄧㄤ	家鄉	302
ㄐㄧㄢˋ ㄗㄠˋ	建造	302
ㄒㄧㄢˊ	弦	302
ㄍㄢˇ ㄇㄠˋ	感冒	302
ㄗㄨㄟˋ ㄏㄠˇ ㄉㄜ˙	最好的	302
ㄧㄢˊ ㄐㄧㄡˋ ㄩㄢˊ	研究員	302
ㄉㄧˋ ㄦˋ ㄍㄜ˙	第二個	302
ㄌㄚˋ	臘	302
ㄓˋ ㄌㄧˋ	致力	302
ㄒㄧㄚˊ	轄	302
ㄌㄧㄥˇ ㄒㄧㄢ	領先	302
ㄗㄨㄛˇ	佐	301
ㄅㄧㄢˋ ㄉㄤ	便當	301
ㄔㄨㄢˊ ㄉㄚˊ	傳達	301
ㄍㄨˋ ㄖㄢˊ	固然	301
ㄓㄨˇ ㄇㄨˋ	矚目	301
ㄐㄧˋ ㄗㄞˇ	記載	301
ㄐㄧˋ ㄗㄞˋ	記載	301
ㄗㄜˊ	賊	6.351308576902391
ㄗㄟˊ	賊	301
ㄕㄣ ㄈㄣˋ	身份	301
ㄩㄢˋ ㄏㄨㄟˋ	院會	301
ㄒㄧㄚˋ ㄌㄜ˙	下了	300
ㄒㄩㄥ	兇	300
ㄘㄨㄣˋ	吋	300
ㄐㄧˊ ㄇㄛˋ	寂寞	300
ㄉㄨㄟˋ ㄘˇ	對此	300
ㄕㄠˇ ㄌㄜ˙	少了	300
ㄖㄣˇ ㄕㄡˋ	忍受	300
ㄐㄧㄢˇ ㄕˋ	檢視	300
ㄧㄣˇ	癮	300
ㄌㄧㄤˊ ㄕˊ	糧食	300
ㄊㄨㄛ ㄌㄧˊ	脫離	300
ㄆㄧㄥˊ	萍	300
ㄒㄩ ㄋㄧˇ	虛擬	300
ㄐㄩㄣ ㄖㄣˊ	軍人	300
ㄈㄨˊ ㄕㄜˋ	輻射	300
ㄒㄧㄤ ㄓㄣˋ	鄉鎮	300
ㄅㄧㄢ	鞭	300
ㄉㄤˇ ㄐㄧˊ	黨籍	300
ㄧ ㄖㄣˊ	一人	299
ㄓㄨˇ ㄐㄧˋ ㄓㄤˇ	主計長	299
ㄖㄣˊ ㄐㄧˋ	人際	299
ㄘˋ	伺	6.351308576902391
ㄙˋ	伺	299
ㄈㄣ ㄈㄚ	分發	299
ㄋㄢˊ ㄈㄟ	南非	299
ㄐㄧˋ	妓	299
ㄓˋ ㄩㄢˋ	志願	299
ㄩˊ	愚	299
ㄕㄡˇ ㄓˇ	手指	299
ㄏㄞˇ ㄐㄩㄣ	海軍	299
ㄌㄨㄣˊ	淪	299
ㄑㄧˊ	琪	299
ㄉㄥˇ ㄖㄣˊ	等人	299
ㄏㄨㄥˊ	虹	299
ㄑㄧㄣ ㄗˇ	親子	299
ㄋㄧㄤˋ	釀	299
ㄔㄤˊ ㄉㄚˊ	長達	299
ㄧ ㄗㄜˊ	一則	298
ㄧˋ ㄗㄜˊ	一則	298
ㄒㄧㄚˋ ㄩˇ	下雨	298
ㄅㄨˊ ㄅㄧㄢˋ	不便	298
ㄔㄨ ㄕㄡˋ	出售	298
ㄍㄜˋ ㄧㄤˋ	各樣	298
ㄉㄧˋ ㄒㄧㄥˊ	地形	298
ㄉㄨㄛ ㄨㄟˋ	多位	298
ㄉㄚˋ ㄆㄢˊ	大盤	298
ㄑㄧㄤˇ ㄆㄛˋ	強迫	298
ㄑㄧㄤˊ ㄆㄛˋ	強迫	298
ㄎㄨㄥˇ ㄐㄩˋ	恐懼	298
ㄐㄧㄠˋ ㄊㄤˊ	教堂	298
ㄒㄧㄣ ㄋㄧㄢˊ	新年	298
ㄌㄜˋ ㄑㄩˋ	樂趣	298
ㄕㄚ	紗	298
ㄍㄨㄟˋ ㄉㄜ˙	貴的	298
ㄧ ㄕˋ	一世	297
ㄧˊ ㄕˋ	一世	297
ㄒㄧㄢ ㄑㄧㄢˊ	先前	297
ㄅㄢˋ ㄉㄠˇ ㄊㄧˇ	半導體	297
ㄋㄢˊ ㄊㄡˊ	南投	297
ㄏㄜˊ ㄧ	合一	297
ㄧㄥˇ ㄧㄣ	影音	297
ㄗㄨㄟˋ ㄗㄠˇ	最早	297
ㄅㄣˇ ㄕˋ	本是	297
ㄧㄡˊ ㄐㄧㄚˋ	油價	297
ㄊㄠ	濤	297
ㄊㄠˊ	濤	6.351308576902391
ㄗㄞ ㄏㄞˋ	災害	297
ㄊㄜˋ ㄧㄡˇ	特有	297
ㄇㄟˇ ㄒㄩㄝˊ	美學	297
ㄌㄧㄣˊ ㄔㄨㄤˊ	臨床	297
ㄐㄧㄥ	菁	297
ㄔㄨ	齣	297
ㄕㄤˋ ㄊㄞˊ	上台	296
ㄗㄨㄛˋ ㄔㄥˊ	做成	296
ㄐㄧㄚˋ ㄓˊ ㄍㄨㄢ	價值觀	296
ㄧㄢˊ ㄙㄨˋ	嚴肅	296
ㄙㄨˋ ㄗㄠˋ	塑造	296
ㄧㄡˋ ㄓˋ ㄩㄢˊ	幼稚園	296
ㄑㄧㄥ ㄔㄣˊ	清晨	296
ㄧˊ ㄓˊ	移植	296
ㄅㄟˋ ㄍㄠˋ	被告	296
ㄘㄞˇ	踩	296
ㄎㄞ ㄑㄧˇ	開啟	296
ㄋㄢˊ ㄉㄜ˙	難的	296
ㄧ ㄒㄧㄚˋ ㄗ˙	一下子	295
ㄧˊ ㄒㄧㄚˋ ㄗ˙	一下子	295
ㄧ ㄎㄡˇ	一口	295
ㄧˋ ㄎㄡˇ	一口	295
ㄗㄨㄛˋ ㄔㄨ	作出	295
ㄓㄞˋ ㄨˋ	債務	295
ㄌㄧㄤˇ ㄖㄣˊ	兩人	295
ㄔㄨ ㄗˋ	出自	295
ㄈㄣ ㄌㄧˊ	分離	295
ㄕˋ ㄌㄧˋ	勢力	295
ㄋㄚˇ ㄍㄜ˙	哪個	295
ㄔㄤˋ ㄍㄜ	唱歌	295
ㄧㄝˋ ㄕˋ	夜市	295
ㄔㄨㄥˊ ㄅㄞˋ	崇拜	295
ㄧㄥˇ ㄉㄞˋ	影帶	295
ㄆㄧ	披	295
ㄕㄨ ㄐㄧˋ	書記	295
ㄇㄠˊ ㄗㄜˊ ㄉㄨㄥ	毛澤東	295
ㄕㄨㄟˇ ㄋㄧˊ	水泥	295
ㄕㄨ	紓	295
ㄗˋ ㄗㄞˋ	自在	295
ㄓㄡ ㄇㄛˋ	週末	295
ㄋㄢˊ ㄇㄧㄢˇ	難免	295
ㄒㄧㄚˊ	霞	295
ㄨㄢˊ	丸	294
ㄈㄣ ㄙㄢˋ	分散	294
ㄒㄧㄝˊ ㄉㄧㄥˋ	協定	294
ㄕˊ ㄩㄥˋ	實用	294
ㄒㄧㄝˇ ㄌㄜ˙	寫了	294
ㄧˇ ㄐㄧㄥ ㄗㄞˋ	已經在	294
ㄕㄨㄞ	摔	294
ㄗㄨˇ ㄓㄤˇ	組長	294
ㄌㄠˇ ㄕˊ	老實	294
ㄧ ㄉㄧㄢˇ ㄉㄧㄢˇ	一點點	293
ㄧˋ ㄉㄧㄢˇ ㄉㄧㄢˇ	一點點	293
ㄐㄧㄠ ㄨㄤˇ	交往	293
ㄍㄨㄥ ㄊㄧㄥ ㄏㄨㄟˋ	公聽會	293
ㄓˇ ㄅㄨˊ ㄍㄨㄛˋ	只不過	293
ㄓˇ ㄅㄨˋ ㄍㄨㄛˋ	只不過	293
ㄉㄚˋ ㄍㄨㄢˋ ㄐㄧㄡˋ	大冠鷲	293
ㄅㄛˊ	泊	293
ㄆㄛˋ	泊	6.351308576902391
ㄎㄢˋ ㄏㄠˇ	看好	293
ㄌㄧˋ ㄈㄚˇ ㄨㄟˇ ㄩㄢˊ	立法委員	293
ㄏㄤˊ ㄑㄧㄥˊ	行情	293
ㄐㄧㄣˋ ㄔㄨ	進出	293
ㄒㄧㄢˇ ㄓㄜ˙	顯著	293
ㄒㄧㄢˇ ㄓㄨˋ	顯著	293
ㄐㄧㄝˋ ㄇㄧㄢˋ	介面	292
ㄩㄢˊ ㄙㄨˋ	元素	292
ㄕˊ ㄙㄨㄟˋ	十歲	292
ㄒㄩ	噓	292
ㄕ	噓	292
ㄙˋ ㄓㄡ	四周	292
ㄎㄨㄞˋ ㄉㄜ˙	快的	292
ㄎㄞˇ	慨	6.351308576902391
ㄎㄞˋ	慨	292
ㄈㄤˊ ㄉㄧˋ ㄔㄢˇ	房地產	292
ㄌㄧˋ ㄐㄧㄥ	歷經	292
ㄅㄞˇ ㄧ	百一	292
ㄋㄥˊ ㄩㄥˋ	能用	292
ㄅㄧㄢ ㄩㄢˊ	邊緣	292
ㄒㄧㄤ ㄊㄨˇ	鄉土	292
ㄧ ㄧˋ	一億	291
ㄧˊ ㄧˋ	一億	291
ㄅㄨˊ ㄑㄩˋ	不去	291
ㄅㄨˋ ㄑㄩˋ	不去	291
ㄔㄤˊ	嚐	291
ㄍㄨㄛˊ ㄐㄧˋ ㄏㄨㄚˋ	國際化	291
ㄈㄟˋ ㄔㄨˊ	廢除	291
ㄓㄢ	沾	291
ㄏㄨㄣˋ ㄏㄜˊ	混合	291
ㄨˊ ㄧˋ	無意	291
ㄓㄨㄥˋ ㄖㄣˊ	眾人	291
ㄨㄤˇ ㄑㄧㄡˊ	網球	291
ㄆㄧㄥˊ	馮	6.351308576902391
ㄈㄥˊ	馮	291
ㄓㄨˋ ㄙㄨˋ	住宿	290
ㄒㄧ	嬉	290
ㄨㄢˊ ㄅㄧˋ	完畢	290
ㄗㄨㄣ ㄧㄢˊ	尊嚴	290
ㄑㄧㄥˊ	擎	290
ㄉㄨㄢˋ ㄉㄜ˙	斷的	290
ㄇㄟˊ	枚	290
ㄖㄜˋ ㄒㄧㄣ	熱心	290
ㄗㄨㄥˇ ㄌㄧˇ	總理	290
ㄔㄨˋ ㄔㄨˋ	處處	290
ㄅㄨˊ ㄌㄧˋ	不利	289
ㄅㄨˋ ㄔㄥˊ	不成	289
ㄉㄨㄟˋ	兌	289
ㄎㄜˇ ㄋㄥˊ ㄧㄠˋ	可能要	289
ㄔㄤˇ ㄏㄜˊ	場合	289
ㄐㄧˋ ㄋㄥˊ	技能	289
ㄌㄧˋ ㄔㄥˊ	歷程	289
ㄐㄧㄠˇ ㄊㄚˋ	腳踏	289
ㄧㄚˊ	芽	289
ㄌㄨㄛˋ ㄏㄡˋ	落後	289
ㄅㄟˋ ㄦˇ	貝爾	289
ㄓㄜˋ ㄐㄧㄚ	這家	289
ㄊㄨㄥ ㄉㄜ˙	通的	289
ㄐㄩˋ ㄅㄣˇ	劇本	288
ㄒㄧㄝˇ ㄔㄨ	寫出	288
ㄑㄧㄥˊ ㄐㄧㄥˋ	情境	288
ㄑㄧㄣ	欽	288
ㄏㄨㄥ	烘	288
ㄕㄣˊ ㄑㄧˊ	神奇	288
ㄅㄧㄢˋ ㄕㄨˋ	變數	288
ㄔㄨㄤˇ	闖	288
ㄔㄨㄤˋ	闖	6.351308576902391
ㄍㄨㄤ ㄉㄜ˙	光的	287
ㄈㄣ ㄌㄧㄝˋ	分裂	287
ㄕˊ ㄑㄧ ㄋㄧㄢˊ	十七年	287
ㄊㄞˊ ㄅㄟˇ ㄕˋ ㄓㄥˋ ㄈㄨˇ	台北市政府	287
ㄏㄢˊ ㄧㄡˇ	含有	287
ㄕㄠˇ ㄧㄡˇ	少有	287
ㄐㄧㄡˋ ㄅㄨˊ ㄏㄨㄟˋ	就不會	287
ㄐㄧㄡˋ ㄅㄨˋ ㄏㄨㄟˋ	就不會	287
ㄉㄜ˙ ㄔㄨ	得出	287
ㄕㄡˇ ㄕㄤˋ	手上	287
ㄉㄤ ㄗㄨㄛˋ	當做	287
ㄉㄨㄢˇ ㄉㄨㄢˇ	短短	287
ㄓㄨˊ ㄕˋ	竹市	287
ㄗˋ ㄐㄩㄝˊ	自覺	287
ㄉㄧㄢˋ ㄔㄤˇ	電廠	287
ㄓㄨㄥ ㄒㄧㄠˇ ㄒㄩㄝˊ	中小學	286
ㄓˊ ㄓㄠˋ	執照	286
ㄑㄧˊ ㄐㄧ	奇蹟	286
ㄔㄤˊ ㄧㄡˇ	常有	286
ㄆㄧㄥˊ ㄇㄧㄢˋ	平面	286
ㄘㄨㄥˊ ㄌㄞˊ ㄇㄟˊ	從來沒	286
ㄕㄢˋ	擅	286
ㄒㄧㄝ	歇	286
ㄖㄨㄟˋ ㄕˋ	瑞士	286
ㄇㄟˇ ㄓㄡ	美洲	286
ㄨㄚ	蛙	286
ㄧㄠˋ ㄉㄞˋ	要帶	286
ㄐㄧㄠˇ ㄌㄨㄛˋ	角落	286
ㄇㄧㄡˋ	謬	286
ㄑㄧˋ	迄	286
ㄊㄨㄟˋ ㄔㄨ	退出	286
ㄈㄟ ㄊㄚ	非他	286
ㄅㄨˋ ㄐㄧㄚ	不佳	285
ㄔㄨㄢˊ ㄊㄨㄥˇ ㄉㄜ˙	傳統的	285
ㄔㄨ ㄕㄣ	出身	285
ㄇㄧㄥˊ ㄜˊ	名額	285
ㄗㄨㄛˋ ㄗㄞˋ	坐在	285
ㄐㄧㄤ ㄧㄡˇ	將有	285
ㄉㄨㄟˋ ㄇㄧㄢˋ	對面	285
ㄐㄧㄝ ㄕㄡ	接收	285
ㄧㄢˇ ㄅㄧㄢˋ	演變	285
ㄗㄞ ㄋㄢˋ	災難	285
ㄎㄠˇ ㄍㄨˇ	考古	285
ㄅㄧㄢˋ ㄍㄥ	變更	285
ㄨㄟˊ ㄍㄨㄟ	違規	285
ㄈㄣ ㄍㄨㄥ	分工	284
ㄒㄧㄚˋ	廈	284
ㄕㄚˋ	廈	6.351308576902391
ㄏㄡˋ ㄓㄜˇ	後者	284
ㄖㄣˇ ㄅㄨˊ ㄓㄨˋ	忍不住	284
ㄧㄥ ㄍㄞ ㄏㄨㄟˋ	應該會	284
ㄧㄝˊ	椰	284
ㄧㄢˇ ㄧˋ	演藝	284
ㄒㄧㄢˋ ㄗㄞˋ ㄕˋ	現在是	284
ㄉㄥˇ ㄉㄜ˙	等的	284
ㄐㄧㄝˊ ㄕㄥˇ	節省	284
ㄖㄨㄥˊ ㄏㄜˊ	融合	284
ㄦˋ ㄧ	二一	283
ㄐㄧㄚˋ ㄑㄧㄢˊ	價錢	283
ㄉㄚˋ ㄌㄧˋ	大力	283
ㄠˋ ㄏㄨㄟˋ	奧會	283
ㄋㄧㄢˊ ㄔㄨ	年初	283
ㄇㄧㄥˊ ㄇㄧㄥˊ	明明	283
ㄑㄩㄢˊ ㄨㄟ	權威	283
ㄨˊ ㄎㄜˇ	無可	283
ㄐㄧㄡ ㄈㄣ	糾紛	283
ㄐㄧˇ	脊	283
ㄐㄧˊ	脊	283
ㄇㄤˊ	芒	283
ㄏㄨㄚ ㄩㄢˊ	花園	283
ㄩˇ ㄨㄣˊ	語文	283
ㄊㄧˇ ㄌㄧˋ	體力	283
ㄕㄤˋ ㄎㄢˋ	上看	282
ㄐㄧㄡˇ ㄉㄧㄢˇ	九點	282
ㄖㄨˊ ㄐㄧㄚ	儒家	282
ㄨㄟˊ ㄧㄡˇ	唯有	282
ㄓˊ ㄓㄥˋ ㄉㄤˇ	執政黨	282
ㄍㄢ ㄩˋ	干預	282
ㄔㄞ ㄔㄨˊ	拆除	282
ㄑㄧˊ ㄎㄢ	期刊	282
ㄏㄤˊ ㄌㄧㄝˋ	行列	282
ㄔˊ	馳	282
ㄉㄧㄢˇ ㄦˊ	點兒	282
ㄧ ㄉㄧㄥˋ ㄕˋ	一定是	281
ㄧˊ ㄉㄧㄥˋ ㄕˋ	一定是	281
ㄓㄨㄥ ㄋㄢˊ	中南	281
ㄐㄧㄤ	僵	281
ㄑㄧㄥ	卿	281
ㄙㄤˋ ㄕ	喪失	281
ㄇㄧˋ ㄉㄨˋ	密度	281
ㄖㄜˇ	惹	281
ㄑㄩㄝˋ ㄕˋ	確是	281
ㄕㄥˊ	繩	281
ㄋㄧˋ	膩	281
ㄆㄨˊ	蒲	281
ㄗㄡˇ ㄕㄤˋ	走上	281
ㄍㄨㄛˋ ㄉㄨㄛ	過多	281
ㄒㄧㄤ ㄇㄧㄣˊ	鄉民	281
ㄧㄤˇ ㄔㄥˊ	養成	281
ㄕㄤˋ ㄖㄣˋ	上任	280
ㄨㄟˋ ㄗㄞˋ	位在	280
ㄎㄜˇ ㄅㄨˋ ㄎㄜˇ ㄧˇ	可不可以	280
ㄨㄞˋ ㄌㄞˊ	外來	280
ㄒㄩㄢ ㄍㄠˋ	宣告	280
ㄉㄧˋ ㄗˇ	弟子	280
ㄉㄞˋ ㄩˋ	待遇	280
ㄆㄥˇ	捧	280
ㄅㄞˇ ㄊㄨㄛ	擺脫	280
ㄧㄡˇ ㄑㄩˋ	有去	280
ㄒㄧㄢˋ ㄉㄞˋ ㄖㄣˊ	現代人	280
ㄐㄩˊ	菊	280
ㄨㄟˋ	蔚	280
ㄑㄧㄥ ㄧˋ	輕易	280
ㄙㄢ ㄍㄜ˙ ㄩㄝˋ	三個月	279
ㄑㄧㄢ ㄋㄧㄢˊ	千年	279
ㄨㄢˇ	宛	279
ㄩㄢ	宛	6.351308576902391
ㄑㄧ	戚	279
ㄓㄥ ㄓㄚˊ	掙扎	279
ㄙˇ ㄌㄜ˙	死了	279
ㄇㄟˊ ㄍㄨㄟ	玫瑰	279
ㄩㄥˋ ㄆㄧㄣˇ	用品	279
ㄧˊ ㄨㄣˋ	疑問	279
ㄘㄞˋ ㄧㄥ ㄨㄣˊ	蔡英文	279
ㄏㄨㄟˋ	蕙	279
ㄕˋ	誓	279
ㄐㄧㄣˋ ㄒㄧㄡ	進修	279
ㄩˋ	郁	279
ㄌㄧㄢˋ	鍊	279
ㄈㄥ ㄇㄠˋ	風貌	279
ㄧ ㄅㄛ	一波	278
ㄧ ㄆㄛ	一波	278
ㄧˋ ㄅㄛ	一波	278
ㄧˋ ㄆㄛ	一波	278
ㄉㄧ ㄩˊ	低於	278
ㄍㄨㄤ ㄈㄨˋ	光復	278
ㄕˊ ㄅㄚ ㄖˋ	十八日	278
ㄍㄨˇ ㄌㄠˇ	古老	278
ㄗㄚˊ	咱	278
ㄗㄢˊ	咱	278
ㄔㄨㄣˊ	唇	278
ㄑㄧˋ ㄘㄞˊ	器材	278
ㄋㄨˊ	奴	278
ㄇㄧˋ ㄐㄧˊ	密集	278
ㄕㄢ ㄉㄧˋ	山地	278
ㄓˋ ㄍㄨㄥ	志工	278
ㄓㄢˋ ㄏㄡˋ	戰後	278
ㄕㄡˇ ㄍㄨㄥ	手工	278
ㄋㄧㄝ	捏	278
ㄍㄠˇ ㄅㄨˋ ㄏㄠˇ	搞不好	278
ㄏㄢˋ	旱	278
ㄐㄩˊ	橘	278
ㄓㄨˋ ㄓㄨㄥˋ	注重	278
ㄧㄥˇ	穎	278
ㄒㄧㄥˊ ㄌㄜ˙	行了	278
ㄒㄩˇ ㄕˋ	許是	278
ㄘㄞˊ ㄈㄨˋ	財富	278
ㄊㄨˊ ㄐㄧㄥˋ	途徑	278
ㄧ ㄒㄩㄝˊ ㄩㄢˋ	醫學院	278
ㄅㄨˋ ㄋㄥˊ ㄍㄡˋ	不能夠	277
ㄓㄨㄥ ㄋㄧㄢˊ	中年	277
ㄦˋ ㄕˊ ㄐㄧㄡˇ	二十九	277
ㄒㄧㄡ ㄓㄥˋ ㄢˋ	修正案	277
ㄗㄨㄛˋ ㄉㄜˊ	做得	277
ㄗㄨㄛˋ ㄉㄜ˙	做得	277
ㄍㄨㄥ ㄈㄨ	功夫	277
ㄍㄨㄥ ㄈㄨ˙	功夫	277
ㄊㄨㄥˊ ㄑㄧㄥˊ	同情	277
ㄏㄚ ㄏㄚ	哈哈	277
ㄓㄤˋ ㄏㄠˋ	帳號	277
ㄕㄡˇ ㄒㄩˋ	手續	277
ㄕㄡ ㄍㄡˋ	收購	277
ㄌㄧㄠˋ ㄌㄧˇ	料理	277
ㄇㄟˊ	煤	277
ㄧㄠˋ ㄉㄧㄢˇ	要點	277
ㄖㄣˋ ㄓㄥˋ	認證	277
ㄧˊ ㄔㄨㄢˊ	遺傳	277
ㄧ ㄎㄜ	一顆	276
ㄧˋ ㄎㄜ	一顆	276
ㄅㄨˊ ㄩㄢˋ ㄧˋ	不願意	276
ㄦˋ ㄦˋ ㄅㄚ	二二八	276
ㄏㄜˊ ㄎㄨㄤˋ	何況	276
ㄔㄨㄢˊ ㄑㄧˊ	傳奇	276
ㄌㄧㄝˋ ㄒㄧˊ	列席	276
ㄓㄡ ㄅㄧㄢ	周邊	276
ㄋㄩˇ ㄏㄞˊ ㄗ˙	女孩子	276
ㄇㄧㄥˊ ㄨㄣˊ	明文	276
ㄌㄜˋ ㄩㄢˊ	樂園	276
ㄕ	溼	276
ㄌㄠˇ ㄏㄨˇ	老虎	276
ㄕㄨㄟˋ ㄈㄨˊ	說服	276
ㄏㄨˋ ㄓㄠˋ	護照	276
ㄗ ㄓㄨˋ	資助	276
ㄒㄧㄢˊ	銜	276
ㄉㄤˇ ㄓㄥˋ	黨政	276
ㄅㄨˋ ㄕˊ	不時	275
ㄕˊ ㄌㄧㄡˋ ㄖˋ	十六日	275
ㄐㄧㄚ ㄓㄨㄥ	家中	275
ㄒㄧㄠˇ ㄑㄧˋ ㄧㄝˋ	小企業	275
ㄐㄩˋ ㄖㄣˊ	巨人	275
ㄈㄨˊ ㄉㄨˋ	幅度	275
ㄙㄠˇ ㄇㄧㄠˊ	掃描	275
ㄒㄧㄣ ㄉㄤˇ	新黨	275
ㄕˊ ㄔㄤˊ	時常	275
ㄒㄧㄠˋ ㄨˋ	校務	275
ㄅㄧˇ ㄐㄧㄠˋ ㄉㄨㄛ	比較多	275
ㄓˋ ㄢ	治安	275
ㄧㄥˊ ㄐㄧㄢˋ	營建	275
ㄐㄧㄤ	疆	275
ㄕㄜˋ ㄩㄢˊ	社員	275
ㄇㄟˇ ㄌㄧㄢˊ	美聯	275
ㄕˊ	蝕	275
ㄐㄧㄤˇ ㄉㄠˋ	講到	275
ㄗㄡˇ ㄌㄨˋ	走路	275
ㄐㄧㄠˇ ㄉㄚˋ	較大	275
ㄐㄧㄠˋ ㄉㄚˋ	較大	275
ㄊㄨㄛˊ	陀	275
ㄍㄠ ㄊㄧㄝˇ	高鐵	275
ㄔㄨ ㄅㄢˇ ㄆㄧㄣˇ	出版品	274
ㄑㄧㄢˊ ㄨㄟˊ	前為	274
ㄒㄩㄢ ㄔㄥ	宣稱	274
ㄓㄠ ㄕㄥ	招生	274
ㄧㄡˇ ㄎㄢˋ ㄉㄠˋ	有看到	274
ㄐㄧㄢˇ ㄑㄧㄥ	減輕	274
ㄐㄧㄥˋ ㄕˋ	竟是	274
ㄗㄨㄥˇ ㄘㄞˊ	總裁	274
ㄙㄠ	艘	274
ㄉㄨㄟˋ ㄨˇ	隊伍	274
ㄐㄧㄥ	鯨	274
ㄕㄤˋ ㄌㄨˋ	上路	273
ㄖㄣˊ ㄔㄠˊ	人潮	273
ㄙˋ ㄕˊ ㄨˇ	四十五	273
ㄔㄤˇ ㄇㄧㄢˋ	場面	273
ㄍㄨㄚˇ	寡	273
ㄐㄧㄤ ㄕˋ	將是	273
ㄑㄧㄥˊ ㄖㄣˊ	情人	273
ㄊㄧˊ ㄗㄠˇ	提早	273
ㄑㄧㄡˊ ㄙㄞˋ	球賽	273
ㄉㄥˇ ㄐㄧˊ	等級	273
ㄅㄧㄢˋ ㄌㄨㄣˋ	辯論	273
ㄧㄝˇ ㄅㄨˋ ㄋㄥˊ	也不能	272
ㄍㄨㄥˋ ㄒㄧㄤˇ	共享	272
ㄒㄩㄝˊ ㄩㄢˊ	學員	272
ㄍㄤ	岡	272
ㄙㄨㄛ	梭	272
ㄏㄠˊ ㄅㄨˊ	毫不	272
ㄏㄠˊ ㄅㄨˋ	毫不	272
ㄒㄧㄠ ㄔㄨˊ	消除	272
ㄨㄟˋ ㄉㄜ˙	為的	272
ㄉㄤ ㄅㄧㄥ	當兵	272
ㄇㄟˇ ㄐㄧㄣ	美金	272
ㄧㄢˊ ㄓ	言之	272
ㄓㄨㄢˇ ㄉㄠˋ	轉到	272
ㄉㄨㄥˋ ㄖㄣˊ	動人	271
ㄔㄚ	叉	271
ㄙ ㄓㄤˇ	司長	271
ㄔㄤˊ ㄩㄥˋ	常用	271
ㄌㄧㄢˋ ㄞˋ	戀愛	271
ㄧㄡˇ ㄉㄞˋ	有待	271
ㄉㄤ ㄕˋ	當事	271
ㄧˊ ㄌㄩˋ	疑慮	271
ㄈㄚ ㄅㄨˋ	發布	271
ㄈㄚ ㄉㄚˊ	發達	271
ㄐㄧㄢ ㄔㄚˊ	監察	271
ㄇㄨˋ ㄓㄨㄥ	目中	271
ㄉㄧˋ ㄑㄧ	第七	271
ㄏㄨㄚˊ ㄕㄥˋ ㄉㄨㄣˋ	華盛頓	271
ㄌㄢˊ ㄙㄜˋ	藍色	271
ㄇㄧˊ	謎	271
ㄅㄧㄢˋ ㄉㄜ˙	變的	271
ㄗㄨㄛˋ ㄕㄜˊ ㄇㄛ˙	做什麼	270
ㄗㄨㄛˋ ㄕㄜˊ ㄇㄜ˙	做什麼	270
ㄗㄨㄛˋ ㄕㄣˊ ㄇㄛ˙	做什麼	270
ㄗㄨㄛˋ ㄕㄣˊ ㄇㄜ˙	做什麼	270
ㄍㄨㄚ	刮	270
ㄕˊ ㄉㄧㄢˇ	十點	270
ㄕㄥ ㄒㄩㄝˊ	升學	270
ㄐㄩˋ ㄗˇ	句子	270
ㄐㄩˋ ㄗ˙	句子	270
ㄙˋ ㄈㄣ	四分	270
ㄐㄧ ㄉㄨ	基督	270
ㄨㄢˊ ㄕㄢˋ	完善	270
ㄧˋ ㄨㄟˋ ㄓㄜ˙	意味著	270
ㄊㄧˊ ㄍㄨㄥ ㄍㄟˇ	提供給	270
ㄊㄧˊ ㄍㄨㄥˋ ㄍㄟˇ	提供給	270
ㄊㄧˊ ㄑㄧˇ	提起	270
ㄕˊ ㄍㄨㄤ	時光	270
ㄨㄣ ㄑㄩㄢˊ	溫泉	270
ㄒㄩㄥˊ ㄅㄣˇ	熊本	270
ㄒㄩㄥˊ ㄅㄣˇ ㄒㄧㄢˋ	熊本縣	270
ㄒㄩㄥˊ ㄇㄠ	熊貓	270
ㄓㄥ	睜	270
ㄒㄧ ㄧㄡˇ	稀有	270
ㄕㄠ ㄏㄡˋ	稍候	270
ㄍㄢ	竿	270
ㄒㄧㄠˋ ㄏㄨㄚˋ	笑話	270
ㄓㄨㄥ ㄕㄣ	終身	270
ㄧˊ ㄓˇ	遺址	270
ㄍㄨˋ ㄓㄨˇ	雇主	270
ㄅㄨˋ ㄆㄧㄥˊ	不平	269
ㄎㄡˇ ㄑㄧˋ	口氣	269
ㄨㄤˋ ㄌㄜ˙	忘了	269
ㄒㄧㄥˋ ㄋㄥˊ	性能	269
ㄕㄨˋ ㄅㄞˇ	數百	269
ㄗㄨㄟˋ ㄔㄨ	最初	269
ㄧㄡˇ ㄌㄧˋ	有力	269
ㄕㄣˊ ㄏㄨㄚˋ	神話	269
ㄌㄧˋ ㄌㄜ˙	立了	269
ㄆㄨ	舖	269
ㄆㄨˋ	舖	269
ㄆㄧㄥˊ ㄐㄧㄚˋ	評價	269
ㄊㄨㄥ ㄆㄥˊ	通膨	269
ㄗㄨㄣ ㄕㄡˇ	遵守	269
ㄊㄡˊ ㄊㄨㄥˋ	頭痛	269
ㄅㄨˋ ㄍㄨㄥ	不公	268
ㄈㄣ ㄎㄞ	分開	268
ㄉㄨㄛ ㄕˊ	多時	268
ㄋㄧㄡˇ ㄑㄩ	扭曲	268
ㄊㄧˊ ㄑㄧㄣˊ	提琴	268
ㄉㄧˊ ㄖㄣˊ	敵人	268
ㄕㄨㄟˇ ㄩㄢˊ	水源	268
ㄐㄧㄤ	漿	268
ㄐㄧㄤˋ	漿	268
ㄉㄜ˙ ㄅㄨˋ ㄈㄣˋ	的部份	268
ㄓㄣ ㄒㄧㄤˋ	真相	268
ㄐㄧㄝˇ ㄔㄨˊ	解除	268
ㄅㄨˋ ㄒㄧˇ ㄏㄨㄢ	不喜歡	267
ㄌㄧㄤˇ ㄨㄢˋ	兩萬	267
ㄨˇ ㄘㄢ	午餐	267
ㄍㄠˋ ㄓ	告知	267
ㄍㄨㄛˊ ㄊㄨˇ	國土	267
ㄐㄧㄤ	姜	267
ㄢ ㄈㄟ	安非	267
ㄇㄢˋ ㄒㄧㄥˋ	慢性	267
ㄖˋ ㄖㄣˊ	日人	267
ㄔㄨㄣ ㄊㄧㄢ	春天	267
ㄆㄨˋ ㄍㄨㄤ	曝光	267
ㄏㄞˇ ㄒㄧㄚˊ	海峽	267
ㄙㄨˋ	溯	267
ㄇㄚˇ ㄊㄡˊ	碼頭	267
ㄇㄚˇ ㄊㄡ˙	碼頭	267
ㄊㄧㄥ ㄑㄧˇ	聽起	267
ㄗˋ ㄩㄢˋ	自願	267
ㄉㄧㄠˋ ㄩˊ	釣魚	267
ㄩㄢˋ ㄨㄤˋ	願望	267
ㄦˋ ㄕˊ ㄉㄨㄛ	二十多	266
ㄖㄨˋ ㄎㄡˇ	入口	266
ㄑㄧㄢˊ ㄐㄧㄣˋ	前進	266
ㄙˋ ㄔㄨˋ	四處	266
ㄧㄣ ㄨㄟˋ ㄧㄡˇ	因為有	266
ㄍㄨㄛˊ ㄎㄜ ㄏㄨㄟˋ	國科會	266
ㄕˊ ㄒㄧㄥˊ	實行	266
ㄇㄤˊ ㄓㄜ˙	忙著	266
ㄐㄩ	拘	266
ㄏㄨㄢ ㄌㄜˋ	歡樂	266
ㄉㄞˇ	歹	266
ㄧㄥˊ ㄌㄧˋ	營利	266
ㄧˋ ㄧˋ	異議	266
ㄉㄤ ㄖㄢˊ ㄕˋ	當然是	266
ㄍㄨˇ ㄐㄧㄚˋ	股價	266
ㄔㄨˇ ㄈㄚˊ	處罰	266
ㄕㄜˋ ㄧㄡˇ	設有	266
ㄒㄩˇ ㄉㄨㄛ ㄖㄣˊ	許多人	266
ㄍㄨㄟˋ ㄗㄨˊ	貴族	266
ㄅㄨˋ ㄨㄢˊ	不完	265
ㄓㄤˋ	仗	265
ㄋㄢˊ ㄅㄟˇ	南北	265
ㄨㄣˋ ㄉㄜ˙	問的	265
ㄉㄨㄟˋ ㄅㄧˇ	對比	265
ㄏㄣˇ ㄏㄠˇ ㄉㄜ˙	很好的	265
ㄈㄨˊ ㄨˋ ㄧㄝˋ	服務業	265
ㄘㄜˋ ㄌㄧㄤˊ	測量	265
ㄕㄣˊ ㄇㄧˋ	神秘	265
ㄉㄧˊ	笛	265
ㄌㄠˇ ㄉㄚˋ	老大	265
ㄊㄧㄥ ㄑㄧˇ ㄌㄞˊ	聽起來	265
ㄧㄢˇ ㄕㄥ	衍生	265
ㄅㄠˋ	鮑	265
ㄧ ㄅㄞˇ ㄨˇ	一百五	264
ㄒㄧㄚˋ ㄕㄨㄟˇ	下水	264
ㄒㄧㄚˋ ㄕㄨㄟ˙	下水	264
ㄓㄨㄥ ㄒㄧㄠˇ ㄑㄧˋ ㄧㄝˋ	中小企業	264
ㄌㄩˇ	侶	264
ㄡˇ ㄒㄧㄤˋ	偶像	264
ㄒㄩㄥ	凶	264
ㄕˊ ㄑㄧ ㄖˋ	十七日	264
ㄊㄞˊ ㄌㄧㄢˊ	台聯	264
ㄕ ㄧㄝˋ ㄌㄩˋ	失業率	264
ㄌㄢˇ	攬	264
ㄐㄧㄢˇ ㄘㄜˋ	檢測	264
ㄇㄢˇ ㄌㄜ˙	滿了	264
ㄓㄨㄤ ㄕˋ	裝飾	264
ㄌㄨˋ ㄧㄥˇ ㄉㄞˋ	錄影帶	264
ㄅㄨˋ ㄒㄧㄠˇ ㄉㄜˊ	不曉得	263
ㄧ ㄐㄧㄡˋ	依舊	263
ㄒㄧㄡ ㄉㄧㄥˋ	修訂	263
ㄑㄩㄢˊ ㄒㄧㄣ	全新	263
ㄐㄩˋ ㄑㄧㄥˊ ㄆㄧㄢˋ	劇情片	263
ㄕˊ ㄙˋ ㄖˋ	十四日	263
ㄩㄢˊ ㄌㄧㄠˋ	原料	263
ㄉㄧˋ ㄌㄧˋ	地利	263
ㄢ ㄈㄟ ㄊㄚ ㄇㄧㄥˋ	安非他命	263
ㄍㄨㄥ ㄗㄨㄛˋ ㄖㄣˊ ㄩㄢˊ	工作人員	263
ㄈㄟˋ ㄑㄧˋ	廢棄	263
ㄔㄥˊ ㄐㄧㄠ	成交	263
ㄌㄠ	撈	263
ㄩㄝˋ ㄌㄧㄤˋ	月亮	263
ㄘㄠˊ	槽	263
ㄅㄛ ㄙ	波斯	263
ㄆㄛ ㄙ	波斯	263
ㄕㄜˋ ㄒㄧㄢˊ	涉嫌	263
ㄉㄜ˙ ㄧㄤˋ ㄗ˙	的樣子	263
ㄍㄢ ㄧㄢˊ	肝炎	263
ㄧˋ ㄖㄣˊ	藝人	263
ㄅㄧㄠ	飆	263
ㄙˋ	飼	263
ㄇㄚˇ ㄌㄞˊ ㄒㄧ ㄧㄚˇ	馬來西亞	263
ㄧ ㄅㄞˇ ㄨˇ ㄕˊ	一百五十	262
ㄅㄚ ㄑㄧㄢ	八千	262
ㄕˊ ㄦˋ ㄖˋ	十二日	262
ㄧㄚ ㄆㄛˋ	壓迫	262
ㄋㄞˋ ㄇㄧˇ	奈米	262
ㄗㄨˊ ㄖㄣˊ	族人	262
ㄑㄧˊ ㄐㄧㄣ	旗津	262
ㄕˋ ㄉㄜ˙	是的	262
ㄏㄨㄟˋ ㄊㄢˊ	會談	262
ㄍㄨㄛˇ ㄓㄣ	果真	262
ㄈㄚ ㄧㄣ	發音	262
ㄅㄞˇ ㄏㄨㄛˋ ㄍㄨㄥ ㄙ	百貨公司	262
ㄒㄧㄠˋ	肖	262
ㄧㄢˋ	艷	262
ㄑㄩˋ ㄨㄟˋ	趣味	262
ㄌㄧㄥˇ ㄉㄠˇ ㄖㄣˊ	領導人	262
ㄎㄢ	勘	261
ㄎㄢˋ	勘	261
ㄕˋ ㄅㄧˋ	勢必	261
ㄅㄨˇ	卜	261
ㄆㄧˊ	啤	261
ㄐㄧㄡˋ ㄕˋ ㄌㄜ˙	就是了	261
ㄋㄧˇ ㄉㄧㄥˋ	擬定	261
ㄍㄞˇ ㄌㄧㄤˊ	改良	261
ㄓˊ ㄇㄧㄣˊ	殖民	261
ㄩㄥˋ ㄉㄧˋ	用地	261
ㄎㄜ ㄒㄧˋ	科系	261
ㄏㄨㄚ ㄑㄧㄢˊ	花錢	261
ㄅㄟˋ ㄏㄞˋ	被害	261
ㄓㄜˋ ㄧˊ ㄍㄜ˙	這一個	261
ㄓㄜˋ ㄕˊ ㄏㄡˋ	這時候	261
ㄐㄧㄣ ㄕㄨˇ	金屬	261
ㄉㄡˋ ㄓㄥ	鬥爭	261
ㄧ ㄓ	一支	260
ㄧˋ ㄓ	一支	260
ㄒㄧㄚˋ ㄅㄢ	下班	260
ㄨˇ ㄕˊ ㄨㄢˋ	五十萬	260
ㄍㄜˋ ㄓㄨㄥ	個中	260
ㄧㄡ ㄌㄧㄤˊ	優良	260
ㄕˊ ㄗㄨˊ	十足	260
ㄈㄨ ㄈㄨˋ	夫婦	260
ㄏㄠˇ ㄒㄧㄠˋ	好笑	260
ㄈㄟ	妃	260
ㄕˊ ㄧㄡˇ	實有	260
ㄧㄡˇ ㄍㄢˇ	有感	260
ㄒㄧㄠ ㄐㄧ ㄏㄨㄟˋ	消基會	260
ㄗㄨˇ ㄒㄧㄢ	祖先	260
ㄐㄧㄥ ㄐㄧㄢˋ	經建	260
ㄅㄧㄢ ㄧˋ	編譯	260
ㄎㄨㄟ ㄙㄨㄣˇ	虧損	260
ㄘㄞˊ ㄆㄢˋ	裁判	260
ㄒㄩㄣˋ ㄏㄠˋ	訊號	260
ㄑㄧㄥ ㄑㄧㄥ	輕輕	260
ㄑㄧㄢ	鉛	260
ㄇㄚˇ ㄌㄨˋ	馬路	260
ㄅㄨˋ ㄒㄧㄠˇ	不小	259
ㄑㄧˋ ㄏㄨㄚˋ	企劃	259
ㄋㄧˇ ㄒㄧㄤˇ	你想	259
ㄌㄧㄡˋ ㄉㄧㄢˇ	六點	259
ㄉㄧㄢˋ	墊	259
ㄉㄨㄛ ㄕˋ	多是	259
ㄒㄩㄝˊ ㄌㄧˋ	學歷	259
ㄅㄟ ㄐㄩˋ	悲劇	259
ㄏㄞˇ ㄅㄠˋ	海報	259
ㄐㄧㄥ ㄒㄧㄠ	經銷	259
ㄦˊ ㄌㄞˊ	而來	259
ㄇㄢˋ	蔓	259
ㄑㄧㄢ	謙	259
ㄌㄧㄢˊ ㄕㄨˇ	連署	259
ㄌㄧㄢˊ ㄕㄨˋ	連署	259
ㄈㄨˋ ㄐㄧㄚ	附加	259
ㄅㄨˊ ㄘㄨㄛˋ ㄉㄜ˙	不錯的	258
ㄏㄥ	亨	258
ㄐㄧㄣ ㄨㄢˇ	今晚	258
ㄒㄧㄤˋ ㄌㄞˊ	向來	258
ㄨㄢˊ ㄍㄨㄥ	完工	258
ㄘㄨㄥˊ ㄐㄧㄣ	從今	258
ㄩˋ ㄨㄤˋ	慾望	258
ㄓˇ ㄌㄧㄥˋ	指令	258
ㄈㄤˋ ㄒㄧㄣ	放心	258
ㄕˋ ㄖˋ	是日	258
ㄖㄨㄥˊ ㄩˋ	榮譽	258
ㄏㄨㄣˊ	渾	258
ㄏㄨㄣˋ	渾	6.351308576902391
ㄌㄩˋ	濾	258
ㄨ ㄊㄡˊ ㄨㄥ	烏頭翁	258
ㄌㄧㄡˊ	琉	258
ㄎㄜ ㄨㄟ ㄊㄜˋ	科威特	258
ㄋㄨㄥˊ ㄔㄤˇ	農場	258
ㄐㄩˋ	鉅	258
ㄉㄧㄠ ㄎㄜˋ	雕刻	258
ㄎㄜˇ ㄕㄨㄛ	可說	257
ㄧㄠˊ	姚	257
ㄕ ㄗ	師資	257
ㄏㄨㄟ ㄎㄢˋ	會看	257
ㄨˋ ㄓㄨㄥˇ	物種	257
ㄒㄧ	犀	257
ㄧㄢˇ ㄐㄧㄥˋ	眼鏡	257
ㄓㄠˋ	肇	257
ㄖㄠˊ	饒	257
ㄙㄢ ㄕˊ ㄨˇ	三十五	256
ㄊㄧˊ	堤	256
ㄒㄩㄝˊ ㄉㄠˋ	學到	256
ㄆㄚˋ	帕	256
ㄓㄨ	株	256
ㄏㄜˊ ㄓㄨㄣˇ	核准	256
ㄙㄨㄟˋ ㄩㄝˋ	歲月	256
ㄒㄧ	熙	256
ㄉㄤ ㄕˊ ㄉㄜ˙	當時的	256
ㄉㄨˇ	睹	256
ㄧㄢˊ ㄐㄧㄡˋ ㄕㄥ	研究生	256
ㄒㄧㄝˇ ㄧㄚ	血壓	256
ㄍㄨㄛˇ	裹	256
ㄓㄨㄢˇ ㄅㄛˋ	轉播	256
ㄧㄥ	鶯	256
ㄍㄨㄤ ㄇㄧㄥˊ	光明	255
ㄉㄨㄥˋ ㄨˋ ㄩㄢˊ	動物園	255
ㄐㄧㄝˇ ㄐㄧㄝˇ	姊姊	255
ㄐㄧㄝˇ ㄐㄧㄝ˙	姊姊	255
ㄘㄨㄥˊ ㄓㄨㄥ	從中	255
ㄞ	挨	255
ㄒㄧㄢ	掀	255
ㄈㄤˋ ㄎㄨㄢ	放寬	255
ㄍㄨˋ ㄒㄧㄤ	故鄉	255
ㄧㄡˇ ㄅㄧˇ	有比	255
ㄓㄥˋ ㄉㄤ	正當	255
ㄨ	汙	255
ㄕㄥ ㄔㄢˇ ㄌㄧˋ	生產力	255
ㄌㄧㄠˊ ㄈㄚˇ	療法	255
ㄌㄨˋ	碌	255
ㄌㄨ˙	碌	51.68838940306255
ㄅㄨˋ	簿	255
ㄐㄧ ㄒㄧㄠˋ	績效	255
ㄍㄨㄛˋ ㄍㄨㄢ	過關	255
ㄩㄢˋ ㄒㄧㄠˋ	院校	255
ㄕㄨㄤ ㄕㄡˇ	雙手	255
ㄅㄨˊ ㄕㄡˋ	不受	254
ㄖㄣˊ ㄑㄩㄣˊ	人群	254
ㄊㄚ ㄧㄠˋ	他要	254
ㄐㄩˋ ㄌㄜˋ ㄅㄨˋ	俱樂部	254
ㄕˊ ㄗˋ	十字	254
ㄕˊ ㄒㄧˊ	實習	254
ㄍㄨㄥ ㄧㄢˊ ㄩㄢˋ	工研院	254
ㄏㄨ ㄕˋ	忽視	254
ㄨㄛˇ ㄧㄝˇ ㄅㄨˊ	我也不	254
ㄨㄛˇ ㄧㄝˇ ㄅㄨˋ	我也不	254
ㄨㄢˇ	挽	254
ㄐㄧㄠˋ ㄏㄨㄟˋ	教會	254
ㄧㄡˇ ㄕㄨㄛ	有說	254
ㄐㄧㄥ ㄇㄠˋ	經貿	254
ㄕㄜˋ ㄈㄚˇ	設法	254
ㄇㄞˇ ㄉㄠˋ	買到	254
ㄧ ㄓˊ ㄗㄞˋ	一直在	253
ㄧˋ ㄓˊ ㄗㄞˋ	一直在	253
ㄊㄚ ㄗˋ ㄐㄧˇ	他自己	253
ㄑㄩˋ ㄕˋ	去世	253
ㄊㄞˊ ㄅㄟˇ ㄕˋ ㄓㄤˇ	台北市長	253
ㄏㄨˊ	壺	253
ㄊㄞˋ ㄉㄚˋ	太大	253
ㄔˊ ㄧㄡˇ	持有	253
ㄆㄢ	攀	253
ㄇㄛˊ ㄈㄤˇ	模仿	253
ㄐㄧ ㄋㄥˊ	機能	253
ㄆㄨˇ	浦	253
ㄋㄢˊ ㄧㄡˇ	男友	253
ㄉㄧㄥ	町	253
ㄊㄧㄥˇ	町	253
ㄨㄤˇ ㄓˇ	網址	253
ㄨㄢˋ	腕	253
ㄈㄨˇ ㄉㄚˋ	輔大	253
ㄨㄟˋ	餵	253
ㄖㄣˊ ㄕㄣ	人身	252
ㄍㄨㄤ ㄕˋ	光是	252
ㄓˇ ㄕㄥˋ	只剩	252
ㄏㄡˊ	喉	252
ㄨㄞˋ ㄅㄧㄠˇ	外表	252
ㄢ ㄨㄟˋ	安慰	252
ㄉㄧㄥˋ ㄨㄟˊ	定為	252
ㄉㄧˋ ㄍㄨㄛˊ	帝國	252
ㄒㄧㄣ ㄌㄧˋ	心力	252
ㄨㄣˊ ㄕㄨ	文書	252
ㄒㄧㄣ ㄅㄢˇ	新版	252
ㄐㄧㄥ ㄆㄧㄢˋ	晶片	252
ㄧㄢ	焉	252
ㄊㄤˋ	燙	252
ㄏㄨㄤˊ ㄉㄧˋ	皇帝	252
ㄑㄧㄢ ㄕㄨˇ	簽署	252
ㄕㄨ ㄕˋ	舒適	252
ㄊㄧㄥˇ	艇	252
ㄈㄟˋ ㄌㄩˋ	費率	252
ㄓㄜˋ ㄘˋ ㄉㄜ˙	這次的	252
ㄌㄧˊ ㄑㄧㄥ	釐清	252
ㄎㄞ ㄎㄡˇ	開口	252
ㄈㄥ ㄔㄠˊ	風潮	252
ㄇㄚˇ ㄗㄨˇ	馬祖	252
ㄍㄠ ㄕㄢ	高山	252
ㄉㄢˋ ㄕˋ ㄗㄞˋ	但是在	251
ㄐㄧㄣˇ ㄙㄨˋ	儘速	251
ㄐㄧㄣˋ ㄙㄨˋ	儘速	251
ㄩㄢˊ ㄌㄧˇ	原理	251
ㄊㄨㄣˊ	屯	251
ㄓㄨㄣ	屯	50.87759113791647
ㄨㄟˊ ㄒㄧㄠˋ	微笑	251
ㄙ ㄨㄟˊ	思維	251
ㄐㄧㄡˋ ㄩㄢˊ	救援	251
ㄕㄨ ㄓㄨㄥ	書中	251
ㄏㄞˇ ㄕㄢ	海珊	251
ㄙㄨ	甦	251
ㄧˋ ㄒㄧㄥˋ	異性	251
ㄉㄧˊ ㄑㄩㄝˋ ㄕˋ	的確是	251
ㄨㄟˊ ㄒㄧㄡ	維修	251
ㄅㄚˋ ㄌㄜ˙	罷了	251
ㄅㄚˋ ㄌㄧㄠˇ	罷了	251
ㄆㄟ	胚	251
ㄒㄧㄥˊ ㄔㄜ	行車	251
ㄑㄧㄥˇ ㄑㄧㄡˊ	請求	251
ㄍㄨㄟˇ ㄉㄠˋ	軌道	251
ㄎㄞ ㄕㄜˋ	開設	251
ㄈㄥ ㄅㄠˋ	風暴	251
ㄐㄧㄥ ㄧㄚˋ	驚訝	251
ㄑㄩㄢˊ ㄨㄣˊ	全文	250
ㄑㄧˊ ㄊㄚ ㄖㄣˊ	其他人	250
ㄍㄜˋ ㄕˋ ㄍㄜˋ ㄧㄤˋ	各式各樣	250
ㄗㄞˋ ㄧˋ	在意	250
ㄒㄩㄝˊ ㄕㄥ ㄏㄨㄟˋ	學生會	250
ㄘㄨㄥˊ ㄧ	從一	250
ㄘㄨㄟ	摧	250
ㄇㄧㄣˊ ㄏㄤˊ	民航	250
ㄧㄢˇ ㄌㄟˋ	眼淚	250
ㄩˋ	禦	250
ㄐㄧㄥ ㄑㄩㄝˋ	精確	250
ㄇㄟˇ ㄐㄩㄣ	美軍	250
ㄌㄨˋ ㄑㄩˇ	錄取	250
ㄐㄧㄢˋ ㄉㄧㄥˋ	鑑定	250
ㄍㄨㄢ ㄕㄨㄟˋ	關稅	250
ㄙㄢ ㄐㄧㄠˇ	三角	249
ㄓㄨㄥ ㄧ	中醫	249
ㄩㄢ	冤	249
ㄉㄠˋ ㄕˊ ㄏㄡˋ	到時候	249
ㄎㄡˇ ㄏㄠˋ	口號	249
ㄉㄨˇ	堵	249
ㄋㄣˋ	嫩	249
ㄕˋ ㄇㄧㄢˋ	市面	249
ㄧㄣˇ ㄌㄧˋ	引力	249
ㄘㄨㄥˊ ㄨㄟˋ	從未	249
ㄜˋ ㄏㄨㄚˋ	惡化	249
ㄇㄧㄠˊ ㄒㄧㄝˇ	描寫	249
ㄗㄨㄟˋ ㄨㄟˊ	最為	249
ㄈㄣˊ	焚	249
ㄒㄩˋ	畜	6.351308576902391
ㄔㄨˋ	畜	249
ㄙˋ	肆	249
ㄔㄨㄣˇ	蠢	249
ㄕˋ ㄓㄤˋ	視障	249
ㄈㄤˇ ㄊㄢˊ	訪談	249
ㄌㄨㄣˋ ㄕㄨˋ	論述	249
ㄅㄧㄢˋ ㄕˋ	辨識	249
ㄊㄨㄥ ㄅㄠˋ	通報	249
ㄎㄞ ㄔㄨㄤˋ	開創	249
ㄧ ㄐㄧㄢˋ ㄕˋ	一件事	248
ㄧˊ ㄐㄧㄢˋ ㄕˋ	一件事	248
ㄎㄢ ㄉㄥ	刊登	248
ㄑㄧㄢˊ ㄊㄧㄢ	前天	248
ㄐㄧㄤˋ	匠	248
ㄗㄥ ㄓㄤˇ	增長	248
ㄗㄥ ㄔㄤˊ	增長	248
ㄢ ㄒㄧㄣ	安心	248
ㄐㄧˇ ㄘˋ	幾次	248
ㄏㄡˋ ㄍㄨㄛˇ	後果	248
ㄓㄨㄢˋ ㄒㄧㄝˇ	撰寫	248
ㄐㄧㄠˋ ㄍㄞˇ	教改	248
ㄔㄨㄣ ㄑㄧㄡ	春秋	248
ㄅㄣˇ ㄅㄨˋ	本部	248
ㄍㄜ ㄕㄥ	歌聲	248
ㄐㄩㄝˊ ㄙㄞˋ	決賽	248
ㄨㄣ ㄒㄧㄣ	溫馨	248
ㄘㄢˋ	燦	248
ㄈㄚ ㄕㄜˋ	發射	248
ㄌㄧˋ ㄊㄧˇ	立體	248
ㄙㄨㄣˇ	筍	248
ㄗㄨㄥˇ ㄩˋ ㄙㄨㄢˋ	總預算	248
ㄐㄧ ㄖㄡˋ	肌肉	248
ㄖㄨㄛˋ ㄍㄢ	若干	248
ㄅㄧㄠˇ ㄒㄧㄢˋ ㄔㄨ	表現出	248
ㄏㄨˋ ㄌㄧˇ	護理	248
ㄅㄧㄢˇ	貶	248
ㄔㄨㄢˊ ㄔㄥˊ	傳承	247
ㄎㄡˇ ㄉㄞˋ	口袋	247
ㄏㄜˊ ㄍㄜˊ	合格	247
ㄉㄚˋ ㄊㄞˊ ㄅㄟˇ	大台北	247
ㄨㄛˇ ㄈㄤ	我方	247
ㄓˇ ㄗㄜˊ	指責	247
ㄊㄧㄠ ㄒㄩㄢˇ	挑選	247
ㄕㄞˋ	曬	247
ㄘˋ ㄕㄨˋ	次數	247
ㄑㄧㄡˊ ㄉㄜ˙	求的	247
ㄉㄥ ㄍㄨㄤ	燈光	247
ㄗㄠˋ	燥	247
ㄉㄤ ㄕˋ ㄖㄣˊ	當事人	247
ㄕㄜˋ ㄓㄤˇ	社長	247
ㄔㄣˊ	辰	247
ㄓ ㄔㄨˋ	之處	246
ㄋㄧˇ ㄇㄣˊ ㄉㄜ˙	你們的	246
ㄋㄧˇ ㄇㄣ˙ ㄉㄜ˙	你們的	246
ㄌㄧㄤˇ ㄍㄜ˙ ㄩㄝˋ	兩個月	246
ㄐㄩˋ ㄩㄢˋ	劇院	246
ㄎㄜˇ ㄋㄥˊ ㄧㄡˇ	可能有	246
ㄇㄧㄥˊ ㄧˋ	名義	246
ㄉㄚˋ ㄩˇ	大雨	246
ㄓㄨㄢ ㄔㄤˊ	專長	246
ㄐㄧㄡˋ ㄓ ㄉㄠˋ	就知道	246
ㄐㄩˊ ㄇㄧㄢˋ	局面	246
ㄓㄢˋ ㄉㄡˋ	戰鬥	246
ㄅㄨˇ ㄓㄨㄛ	捕捉	246
ㄉㄚ ㄔㄥˊ	搭乘	246
ㄏㄢˋ	撼	246
ㄒㄧㄣ ㄓㄨˊ ㄕˋ	新竹市	246
ㄇㄛˊ ㄧㄤˋ	模樣	246
ㄠˊ	熬	246
ㄆㄥˊ ㄅㄛˊ	蓬勃	246
ㄈㄨˋ ㄩˇ	賦予	246
ㄔㄨㄣˊ	醇	246
ㄙㄢ ㄈㄣ ㄓ ㄧ	三分之一	245
ㄅㄨˋ ㄎㄢ	不堪	245
ㄅㄧㄥˇ	丙	245
ㄆㄧㄢ ㄩㄢˇ	偏遠	245
ㄒㄧㄢ ㄏㄡˋ	先後	245
ㄙ ㄈㄚˇ ㄩㄢˋ	司法院	245
ㄏㄜˊ ㄔㄥˊ	合成	245
ㄈㄡˇ ㄉㄧㄥˋ	否定	245
ㄍㄨㄛˊ ㄧ	國一	245
ㄊㄧㄢ ㄕㄥ	天生	245
ㄉㄚˇ ㄍㄨㄥ	打工	245
ㄉㄡˇ	抖	245
ㄈㄤˋ ㄐㄧㄣˋ	放進	245
ㄕㄨ ㄈㄚˇ	書法	245
ㄨㄟˋ ㄅㄧˋ	未必	245
ㄧㄥˊ ㄩˊ	盈餘	245
ㄧㄢˊ ㄧˋ	研議	245
ㄊㄧㄠˋ ㄨˇ	跳舞	245
ㄐㄧㄣˋ ㄓㄢˇ	進展	245
ㄌㄨˋ	鷺	245
ㄅㄨˋ ㄧˇ	不已	244
ㄑㄧㄣ ㄌㄩㄝˋ	侵略	244
ㄇㄨˋ ㄎㄨㄢˇ	募款	244
ㄌㄧㄥˋ ㄌㄟˋ	另類	244
ㄗㄞˋ ㄏㄨ	在乎	244
ㄉㄚˋ ㄧ	大一	244
ㄏㄣˇ ㄒㄧㄤˇ	很想	244
ㄍㄢˇ ㄐㄩㄝˊ ㄉㄠˋ	感覺到	244
ㄋㄧㄡˊ ㄋㄞˇ	牛奶	244
ㄅㄧㄥˋ ㄌㄧˋ	病例	244
ㄉㄥ ㄍㄜˊ ㄖㄜˋ	登革熱	244
ㄔㄚˊ ㄧㄝˋ	茶葉	244
ㄐㄧㄝˇ ㄉㄨˊ	解讀	244
ㄔㄨㄥˊ ㄉㄧㄝˊ	重疊	244
ㄎㄞ ㄐㄧ	開機	244
ㄐㄧˊ ㄏㄜˊ	集合	244
ㄕㄨㄣˋ ㄒㄩˋ	順序	244
ㄑㄧㄣ ㄈㄢˋ	侵犯	243
ㄇㄧㄢˇ ㄑㄧㄤˇ	勉強	243
ㄇㄧㄢˇ ㄑㄧㄤˊ	勉強	243
ㄎㄜˇ ㄧˇ ㄕㄨㄛ ㄕˋ	可以說是	243
ㄋㄞˇ ㄋㄞˇ	奶奶	243
ㄋㄞˇ ㄋㄞ˙	奶奶	243
ㄉㄨㄟˋ ㄉㄞˋ	對待	243
ㄉㄞˋ ㄧㄡˇ	帶有	243
ㄘㄜˋ ㄙㄨㄛˇ	廁所	243
ㄗㄜˇ ㄇㄛ˙ ㄏㄨㄟˋ	怎麼會	243
ㄗㄜˇ ㄇㄜ˙ ㄏㄨㄟˋ	怎麼會	243
ㄗㄣˇ ㄇㄛ˙ ㄏㄨㄟˋ	怎麼會	243
ㄗㄣˇ ㄇㄜ˙ ㄏㄨㄟˋ	怎麼會	243
ㄅㄞˋ ㄈㄤˇ	拜訪	243
ㄕㄨㄟˇ ㄓˊ	水質	243
ㄇㄨˋ ㄑㄧㄢˊ ㄨㄟˊ ㄓˇ	目前為止	243
ㄦˇ ㄉㄨㄛ	耳朵	243
ㄦˇ ㄉㄨㄛˇ	耳朵	243
ㄘㄞˊ ㄐㄧㄥ	財經	243
ㄍㄨˇ	賈	6.351308576902391
ㄐㄧㄚˇ	賈	243
ㄐㄧㄚˋ	賈	6.351308576902391
ㄚ ㄌㄧˇ	阿里	243
ㄌㄟˋ ㄙˋ ㄉㄜ˙	類似的	243
ㄧ ㄏㄨㄟˊ	一回	242
ㄧˋ ㄏㄨㄟˊ	一回	242
ㄦˋ ㄨㄢˋ	二萬	242
ㄐㄧㄢˋ ㄅㄠˇ ㄐㄩˊ	健保局	242
ㄖㄨˋ ㄑㄧㄣ	入侵	242
ㄌㄧㄤˇ ㄓㄜˇ	兩者	242
ㄕˊ ㄙㄢ ㄖˋ	十三日	242
ㄗㄞ	哉	242
ㄢ ㄑㄩㄢˊ ㄉㄜ˙	安全的	242
ㄒㄧㄝˇ ㄒㄧㄣˋ	寫信	242
ㄓㄨㄢ ㄒㄧㄣ	專心	242
ㄍㄢˋ ㄇㄚˊ	幹嘛	242
ㄍㄢˋ ㄇㄚ˙	幹嘛	242
ㄐㄧㄢˋ ㄍㄨㄛˊ	建國	242
ㄗㄨㄥˋ ㄦˊ	從而	242
ㄇㄟˇ ㄍㄜ˙ ㄩㄝˋ	每個月	242
ㄏㄨㄚˋ ㄗㄨㄛˋ	畫作	242
ㄈㄥ ㄎㄨㄤˊ	瘋狂	242
ㄓㄨㄥˋ ㄓˊ	種植	242
ㄊㄨㄥˊ ㄋㄧㄢˊ	童年	242
ㄗㄨㄥˇ ㄓㄤˇ	總長	242
ㄉㄞˇ ㄅㄨˇ	逮捕	242
ㄩㄢˇ ㄐㄩˋ	遠距	242
ㄐㄧㄡˇ ㄐㄧㄥ	酒精	242
ㄈㄥ ㄐㄧㄥˇ ㄑㄩ	風景區	242
ㄅㄨˋ ㄇㄧㄢˇ	不免	241
ㄨˇ ㄙㄨㄟˋ	五歲	241
ㄅㄤ	傍	241
ㄅㄤˋ	傍	6.351308576902391
ㄆㄤˊ	傍	6.351308576902391
ㄐㄧㄚ	傢	241
ㄕˊ ㄐㄧㄡˇ ㄖˋ	十九日	241
ㄉㄚˋ ㄊㄨㄥˊ	大同	241
ㄈㄨˋ ㄧㄡˇ	富有	241
ㄔㄥˊ ㄕㄡˋ	承受	241
ㄐㄧˋ ㄧㄡˇ	既有	241
ㄖˋ ㄐㄧˋ	日記	241
ㄗㄨㄟˋ ㄧㄡˇ	最有	241
ㄅㄣˇ ㄉㄧˋ	本地	241
ㄑㄧ ㄒㄧˊ	棲息	241
ㄕㄚ	煞	48.85059547505127
ㄕㄚˋ	煞	241
ㄧˋ ㄑㄧㄥˊ	疫情	241
ㄧˊ ㄉㄠˋ	移到	241
ㄧˊ ㄙㄨㄥˋ	移送	241
ㄑㄧㄢ ㄩㄝ	簽約	241
ㄎㄨˇ ㄉㄜ˙	苦的	241
ㄍㄢˇ ㄐㄧㄣˇ	趕緊	241
ㄐㄧㄣ ㄕㄢ	金山	241
ㄐㄧㄠ	驕	241
ㄉㄤˇ ㄅㄨˋ	黨部	241
ㄧ ㄐㄧㄡˇ ㄌㄧㄡˋ	一九六	240
ㄑㄧ ㄑㄧㄢ	七千	240
ㄕㄤˋ ㄒㄧㄢˋ	上限	240
ㄓㄨˋ ㄏㄨˋ	住戶	240
ㄌㄞˊ ㄏㄨㄟˊ	來回	240
ㄆㄧˊ ㄐㄧㄡˇ	啤酒	240
ㄉㄨㄟˋ ㄌㄧˋ	對立	240
ㄆㄧㄥˊ ㄈㄤ	平方	240
ㄧㄣˇ ㄑㄧㄥˊ	引擎	240
ㄉㄜˊ ㄈㄣ	得分	240
ㄘˊ ㄐㄧˋ	慈濟	240
ㄔㄥˊ ㄉㄢ	承擔	240
ㄊㄡˊ ㄅㄠˇ	投保	240
ㄓㄜˊ ㄎㄡˋ	折扣	240
ㄆㄧㄢˋ ㄓㄨㄥ	片中	240
ㄨㄢˊ ㄒㄧㄠˋ	玩笑	240
ㄧˋ ㄇㄧㄠˊ	疫苗	240
ㄐㄧㄢ ㄩˋ	監獄	240
ㄓˊ ㄩㄢˊ	職員	240
ㄩㄥˇ	詠	240
ㄩˇ ㄧㄣ	語音	240
ㄆㄧㄣˊ ㄑㄩㄥˊ	貧窮	240
ㄩㄝˋ ㄋㄢˊ	越南	240
ㄐㄧㄣˋ ㄋㄧㄢˊ ㄌㄞˊ	近年來	240
ㄘㄨㄛˋ ㄌㄜ˙	錯了	240
ㄜˊ ㄨㄞˋ	額外	240
ㄓㄨㄥˋ ㄐㄧㄝˋ	仲介	239
ㄐㄩㄢˋ	倦	239
ㄅㄚ ㄕˊ ㄙˋ	八十四	239
ㄍㄨㄥ ㄨˋ ㄖㄣˊ ㄩㄢˊ	公務人員	239
ㄒㄩㄣ	勳	239
ㄉㄠˇ ㄒㄧㄤˋ	導向	239
ㄏㄡˋ ㄏㄨㄟˋ	後會	239
ㄐㄧㄠ	椒	239
ㄑㄧˋ ㄨㄣ	氣溫	239
ㄧㄤˇ ㄏㄨㄚˋ	氧化	239
ㄊㄠˊ ㄊㄞˋ	淘汰	239
ㄌㄧㄡˊ ㄒㄧㄚˋ ㄌㄞˊ	留下來	239
ㄗㄨㄥˇ ㄐㄩˊ	總局	239
ㄕㄨˇ	薯	239
ㄔㄤˊ ㄉㄨˋ	長度	239
ㄗㄨˇ ㄓˇ	阻止	239
ㄅㄨˋ ㄔㄨ ㄌㄞˊ	不出來	238
ㄓㄨㄥ ㄒㄧㄥ	中興	238
ㄓㄞˋ ㄑㄩㄢˋ	債券	238
ㄉㄚˋ ㄉㄢˇ	大膽	238
ㄋㄧㄢˊ ㄐㄧㄢ	年間	238
ㄧㄣˇ ㄖㄣˊ	引人	238
ㄏㄨㄟ	徽	238
ㄑㄧㄥˊ ㄐㄧㄝˊ	情節	238
ㄓ ㄔㄥ	支撐	238
ㄧㄡˇ ㄔㄥˊ	有成	238
ㄔㄚˊ ㄉㄜ˙	查的	238
ㄌㄤˊ	榔	238
ㄧㄚˊ ㄔˇ	牙齒	238
ㄓㄢ	瞻	238
ㄐㄧㄝˊ	竭	238
ㄐㄧㄢˇ ㄅㄠˋ	簡報	238
ㄍㄨˇ ㄉㄨㄥ	股東	238
ㄓ ㄊㄧˇ	肢體	238
ㄐㄧㄠˇ ㄊㄚˋ ㄔㄜ	腳踏車	238
ㄌㄧㄢˊ ㄓㄢˋ	連戰	238
ㄧㄡˊ ㄑㄧˋ	遊憩	238
ㄌㄧㄣˊ ㄐㄧㄣˋ	鄰近	238
ㄆㄟˋ ㄊㄠˋ	配套	238
ㄐㄧㄣ ㄍㄨㄢˇ ㄏㄨㄟˋ	金管會	238
ㄍㄤ ㄊㄧㄝˇ	鋼鐵	238
ㄔㄤˊ ㄖㄨㄥˊ	長榮	238
ㄇㄧㄣˇ ㄋㄢˊ	閩南	238
ㄔㄣˊ ㄑㄧㄥˊ	陳情	238
ㄐㄧㄥˋ	靖	238
ㄇㄚˇ ㄎㄜˋ	馬克	238
ㄕㄤˋ ㄅㄢ ㄗㄨˊ	上班族	237
ㄑㄧㄢˊ ㄙㄨㄛˇ	前所	237
ㄅㄛˊ ㄌㄢˇ	博覽	237
ㄏㄠˇ ㄧˋ ㄙ	好意思	237
ㄏㄠˇ ㄧˋ ㄙˋ	好意思	237
ㄏㄠˇ ㄧˋ ㄙ˙	好意思	237
ㄒㄩㄢ ㄅㄨˋ	宣佈	237
ㄋㄧㄢˊ ㄋㄧㄢˊ	年年	237
ㄨㄛˇ ㄒㄧㄤ ㄒㄧㄣˋ	我相信	237
ㄒㄧㄥ ㄒㄧㄥ	星星	237
ㄧㄡˇ ㄒㄧㄢˋ ㄉㄧㄢˋ ㄕˋ	有線電視	237
ㄉㄨㄥ ㄧㄚˇ	東亞	237
ㄉㄨㄥ ㄧㄚˋ	東亞	237
ㄆㄞˋ ㄔㄨ	派出	237
ㄌㄧㄡˊ ㄔㄨㄢˊ	流傳	237
ㄌㄧㄡˊ ㄉㄨㄥˋ	流動	237
ㄐㄧㄢˇ ㄈㄟˊ	減肥	237
ㄔㄥˊ ㄑㄧㄥ	澄清	237
ㄩˋ	癒	237
ㄕㄨㄣˋ ㄐㄧㄢ	瞬間	237
ㄍㄨㄚ	蝸	237
ㄕˋ ㄎㄢˋ	試看	237
ㄓㄜˋ ㄉㄧㄢˇ	這點	237
ㄇㄧˇ	靡	6.351308576902391
ㄇㄧˊ	靡	237
ㄉㄧㄢˇ ㄅㄢˋ	點半	237
ㄙㄢ ㄕˊ ㄧ	三十一	236
ㄓㄨㄥ ㄧㄤ ㄓㄥˋ ㄈㄨˇ	中央政府	236
ㄧㄡˋ	佑	236
ㄗㄨㄛˋ ㄨˋ	作物	236
ㄑㄧㄢˊ ㄊㄨˊ	前途	236
ㄉㄧˋ ㄓㄨˇ	地主	236
ㄨㄚˊ ㄨㄚˊ	娃娃	236
ㄨㄚˊ ㄨㄚ˙	娃娃	236
ㄩㄝˋ	岳	236
ㄧㄥˋ ㄈㄨˋ	應付	236
ㄓㄢˋ ㄌㄩㄝˋ	戰略	236
ㄒㄧˋ ㄩㄢˋ	戲院	236
ㄙㄨㄛˇ ㄧˇ ㄗㄞˋ	所以在	236
ㄊㄡˊ ㄐㄧ	投機	236
ㄊㄧˊ ㄔㄤˋ	提倡	236
ㄙˇ ㄉㄜ˙	死的	236
ㄏㄞˇ ㄕㄨㄟˇ	海水	236
ㄧㄥˊ	瑩	236
ㄅㄞˊ ㄊㄡˊ	白頭	236
ㄑㄧㄣˊ	禽	236
ㄉㄚˊ ㄈㄨˋ	答復	236
ㄕㄨㄛ ㄌㄜ˙	說了	236
ㄌㄧˇ ㄓㄤˇ	里長	236
ㄔㄨˊ	雛	236
ㄧ ㄍㄨㄥˋ	一共	235
ㄧˊ ㄍㄨㄥˋ	一共	235
ㄍㄨㄥ ㄩˋ	公寓	235
ㄑㄧˋ ㄍㄨㄢ	器官	235
ㄗㄠˋ	噪	235
ㄉㄨㄛ ㄘˋ	多次	235
ㄋㄩˇ ㄧㄡˇ	女友	235
ㄉㄨㄟˋ ㄌㄜ˙	對了	235
ㄆㄧㄥˊ ㄖˋ	平日	235
ㄧㄡˋ ㄦˊ	幼兒	235
ㄐㄧㄥˇ ㄒㄧㄤˋ	景象	235
ㄅㄧㄠ ㄉㄧˋ	標的	235
ㄏㄨㄛˋ	穫	235
ㄌㄨㄛˊ ㄇㄚˇ	羅馬	235
ㄌㄧㄢˊ ㄎㄠˇ	聯考	235
ㄧˇ	蟻	235
ㄌㄧˋ	隸	235
ㄇㄧㄢˋ ㄇㄠˋ	面貌	235
ㄕ ㄈㄢˋ	師範	234
ㄈㄤˋ ㄉㄠˋ	放到	234
ㄔㄚˊ ㄏㄨㄛˋ	查獲	234
ㄑㄧ ㄉㄧˋ	棲地	234
ㄏㄨㄢ ㄒㄧˇ	歡喜	234
ㄓㄨㄥˇ ㄗㄨˊ	種族	234
ㄎㄨㄥ ㄐㄩㄣ	空軍	234
ㄋㄥˊ ㄕㄨㄛ	能說	234
ㄒㄧㄝˋ	蟹	234
ㄔㄣˋ	襯	234
ㄕˋ ㄧㄝˇ	視野	234
ㄍㄨㄢ ㄎㄢˋ	觀看	234
ㄒㄧㄤ ㄒㄧㄚˋ	鄉下	234
ㄕㄡˇ ㄉㄨ	首都	234
ㄅㄧㄥˋ ㄨㄟˋ	並未	233
ㄓㄨˇ ㄍㄨㄢ	主觀	233
ㄉㄞˋ ㄊㄧˋ	代替	233
ㄉㄧ ㄉㄜ˙	低的	233
ㄧˊ ㄑㄧˋ	儀器	233
ㄒㄧㄢ ㄌㄞˊ	先來	233
ㄕㄤ ㄐㄧ	商機	233
ㄙˋ ㄨㄢˋ	四萬	233
ㄍㄨㄛˊ ㄧㄥˊ	國營	233
ㄐㄧ ㄅㄣˇ ㄉㄜ˙	基本的	233
ㄇㄛˋ ㄒㄧ ㄍㄜ	墨西哥	233
ㄊㄞˋ ㄍㄨㄛˋ	太過	233
ㄉㄜˊ ㄧˋ	得意	233
ㄑㄧㄢˊ ㄗㄞˋ	潛在	233
ㄐㄩㄝˊ ㄕˋ	爵士	233
ㄙㄜˋ	瑟	233
ㄉㄧˋ ㄅㄚ	第八	233
ㄨㄟ	萎	233
ㄨㄟˇ	萎	233
ㄒㄩㄝ	薛	233
ㄕˋ ㄈㄤˋ	釋放	233
ㄍㄨㄢ ㄌㄧㄢˊ	關聯	233
ㄙㄨㄟˊ ㄏㄡˋ	隨後	233
ㄧㄣˇ ㄙ	隱私	233
ㄅㄨˊ ㄙㄨㄢˋ	不算	232
ㄕˋ ㄧˊ	事宜	232
ㄔㄨㄢˊ ㄌㄞˊ	傳來	232
ㄒㄩㄝˊ ㄊㄨㄥˊ	學童	232
ㄐㄧㄤ ㄎㄜˇ	將可	232
ㄕ ㄈㄨˋ	師傅	232
ㄉㄨˋ ㄍㄨㄛˋ	度過	232
ㄈㄣˋ ㄋㄨˋ	憤怒	232
ㄙㄨㄛˇ ㄓㄤˇ	所長	232
ㄙㄨㄛˇ ㄔㄤˊ	所長	232
ㄏㄜˊ ㄋㄥˊ	核能	232
ㄓㄨㄣˇ ㄑㄩㄝˋ	準確	232
ㄨㄟˊ ㄓㄥˋ	為政	232
ㄐㄧ	磯	232
ㄌㄧㄢˊ ㄒㄧㄤˇ	聯想	232
ㄗˋ ㄧㄡˊ ㄕˋ	自由市	232
ㄓㄨㄛˊ ㄓㄨㄥˋ	著重	232
ㄔㄨˇ ㄐㄧㄥˋ	處境	232
ㄐㄧˋ ㄧˋ ㄊㄧˇ	記憶體	232
ㄒㄧㄤˋ ㄅㄧˊ	象鼻	232
ㄩㄣˋ ㄉㄨㄥˋ ㄏㄨㄟˋ	運動會	232
ㄒㄧㄠˋ	酵	232
ㄉㄧㄥ	釘	232
ㄉㄧㄥˋ	釘	6.351308576902391
ㄇㄣˊ ㄓㄣˇ	門診	232
ㄌㄞˊ ㄅㄧㄣ	來賓	231
ㄔㄨ ㄌㄨˊ	出爐	231
ㄈㄣ ㄅㄨˋ	分佈	231
ㄔㄨㄤˋ ㄗㄠˋ ㄔㄨ	創造出	231
ㄅㄟˇ ㄏㄢˊ	北韓	231
ㄔˇ ㄘㄨㄣˋ	尺寸	231
ㄧㄥ ㄍㄞ ㄧㄡˇ	應該有	231
ㄧㄡˇ ㄍㄨㄛˋ	有過	231
ㄓㄠˇ	爪	6.351308576902391
ㄓㄨㄚˇ	爪	231
ㄕㄥ ㄅㄧㄥˋ	生病	231
ㄉㄤ ㄒㄧㄚˋ	當下	231
ㄕㄜˋ ㄏㄨㄟˋ ㄈㄨˊ ㄌㄧˋ	社會福利	231
ㄒㄧㄠˋ ㄖㄨㄥˊ	笑容	231
ㄋㄠˇ ㄐㄧㄣ	腦筋	231
ㄌㄨˊ	蘆	231
ㄆㄠˇ ㄑㄩˋ	跑去	231
ㄒㄧㄢˊ	鹹	231
ㄧ ㄐㄧㄢ	一間	230
ㄧˋ ㄐㄧㄢ	一間	230
ㄓㄨㄥ ㄒㄩㄣˊ	中旬	230
ㄊㄡ ㄊㄡ	偷偷	230
ㄑㄩㄢˊ ㄕˋ	全是	230
ㄏㄨㄚˊ	划	230
ㄩㄢˊ ㄗˇ	原子	230
ㄋㄧㄢˋ ㄕㄨ	唸書	230
ㄓㄠ	嘲	230
ㄔㄠˊ	嘲	230
ㄇㄚ ㄗㄨˇ	媽祖	230
ㄕˊ ㄉㄧˋ	實地	230
ㄕˊ ㄊㄧˇ	實體	230
ㄒㄧ ㄌㄚˋ	希臘	230
ㄍㄢˋ ㄒㄧˋ ㄅㄠ	幹細胞	230
ㄘㄞˇ ㄙㄜˋ	彩色	230
ㄆㄞ ㄓㄠˋ	拍照	230
ㄌㄢˊ	攔	230
ㄒㄩˋ ㄕˋ	敘事	230
ㄇㄧㄥˊ ㄒㄧㄢˇ ㄉㄜ˙	明顯的	230
ㄕˊ ㄧㄡˇ	時有	230
ㄐㄧㄥˇ ㄉㄧㄢˇ	景點	230
ㄅㄧˇ ㄈㄤ	比方	230
ㄒㄧㄤ ㄊㄨㄥˊ ㄉㄜ˙	相同的	230
ㄒㄧㄤ ㄖㄨㄥˊ	相容	230
ㄌㄠˇ ㄅㄞˇ ㄒㄧㄥˋ	老百姓	230
ㄙㄨㄥˇ	聳	230
ㄏㄠˋ ㄔㄥ	號稱	230
ㄐㄧㄥˇ ㄓㄥˋ	警政	230
ㄧㄠˊ ㄩㄢˇ	遙遠	230
ㄕㄨㄤ ㄔㄨㄥˊ	雙重	230
ㄆㄧㄣˊ ㄌㄩˋ	頻率	230
ㄘㄢ ㄧㄣˇ	餐飲	230
ㄓ ㄩˊ	之餘	229
ㄙㄨˊ ㄔㄥ	俗稱	229
ㄋㄧㄥˊ ㄐㄩˋ	凝聚	229
ㄕˊ ㄉㄨㄛ ㄋㄧㄢˊ	十多年	229
ㄕㄤ ㄨˋ	商務	229
ㄒㄧㄠ	宵	229
ㄐㄧㄝˋ ㄕˊ	屆時	229
ㄏㄨㄢˋ ㄒㄧㄤˇ	幻想	229
ㄅㄧˋ ㄒㄩ	必需	229
ㄔㄥˊ ㄓㄤˇ ㄌㄩˋ	成長率	229
ㄒㄧ ㄉㄞˋ	攜帶	229
ㄐㄧㄠ ㄉㄜ˙	教的	229
ㄕㄨ ㄒㄧㄝˇ	書寫	229
ㄗㄨㄟˋ ㄎㄨㄞˋ	最快	229
ㄎㄜ ㄌㄧㄣˊ ㄉㄨㄣˋ	柯林頓	229
ㄔ	癡	229
ㄈㄚ ㄈㄤˋ	發放	229
ㄒㄧㄢˋ	腺	229
ㄒㄧㄥ ㄑㄧˇ	興起	229
ㄍㄨㄚ ㄋㄧㄡˊ	蝸牛	229
ㄅㄧㄠˇ ㄐㄩㄝˊ	表決	229
ㄑㄧㄣ ㄑㄧㄝˋ	親切	229
ㄓㄣˇ ㄉㄨㄢˋ	診斷	229
ㄧㄢˋ	豔	229
ㄩㄢˇ ㄩㄢˇ	遠遠	229
ㄈㄥ ㄍㄨㄤ	風光	229
ㄈㄥ ㄅㄛ	風波	229
ㄈㄥ ㄆㄛ	風波	229
ㄖㄣˊ ㄑㄧㄥˊ	人情	228
ㄑㄧㄢˊ ㄓㄜˇ	前者	228
ㄩㄢˊ ㄌㄞˊ ㄉㄜ˙	原來的	228
ㄕㄣˇ ㄆㄢˋ	審判	228
ㄨㄛˇ ㄅㄚˇ	我把	228
ㄕㄡˇ ㄓㄨㄥ	手中	228
ㄆㄞˊ ㄌㄧㄝˋ	排列	228
ㄧㄡˇ ㄅㄧㄝˊ	有別	228
ㄅㄧㄣ ㄌㄤˊ	檳榔	228
ㄍㄨㄢˇ ㄌㄧˇ ㄔㄨˋ	管理處	228
ㄊㄨㄥ ㄌㄨˋ	通路	228
ㄇㄞˋ ㄒㄧㄤˋ	邁向	228
ㄇㄧㄢˋ ㄒㄧㄤˋ	面向	228
ㄇㄛˋ ㄇㄛˋ	默默	228
ㄧˇ ㄕˋ	以是	227
ㄑㄧㄤˊ ㄌㄧˋ	強力	227
ㄓㄠ ㄆㄞˊ	招牌	227
ㄊㄠ	掏	227
ㄒㄧㄣ ㄓㄨˊ ㄒㄧㄢˋ	新竹縣	227
ㄈㄚˇ ㄊㄧㄥˊ	法庭	227
ㄅㄛ ㄙ ㄨㄢ	波斯灣	227
ㄆㄛ ㄙ ㄨㄢ	波斯灣	227
ㄐㄧㄣ	浸	6.351308576902391
ㄐㄧㄣˋ	浸	227
ㄕ ㄗ˙	獅子	227
ㄕㄣ ㄅㄠˋ	申報	227
ㄐㄧㄢˇ ㄐㄧㄝˋ	簡介	227
ㄍㄨ	菇	227
ㄇㄧˋ	覓	227
ㄉㄠˋ ㄑㄧㄢˋ	道歉	227
ㄒㄩㄢˇ ㄓㄢˋ	選戰	227
ㄨㄢˊ	頑	227
ㄍㄠ ㄌㄧㄥˊ	高齡	227
ㄧ ㄏㄨㄟˇ ㄦ	一會兒	226
ㄧ ㄏㄨㄟˇ ㄦˊ	一會兒	226
ㄧˋ ㄏㄨㄟˇ ㄦ	一會兒	226
ㄧˋ ㄏㄨㄟˇ ㄦˊ	一會兒	226
ㄅㄨˊ ㄐㄧㄡˋ	不就	226
ㄅㄨˋ ㄈㄨˊ	不符	226
ㄕˇ ㄇㄧㄥˋ	使命	226
ㄐㄧㄢ ㄍㄨˋ	兼顧	226
ㄈㄣ ㄑㄩ	分區	226
ㄌㄧㄝˋ ㄔㄨ	列出	226
ㄗㄞˋ ㄧㄝˇ ㄉㄤˇ	在野黨	226
ㄧˊ	姨	226
ㄏㄨㄥˊ	弘	226
ㄆㄞ ㄇㄞˋ	拍賣	226
ㄗㄠˇ ㄘㄢ	早餐	226
ㄩㄣ	暈	226
ㄩㄣˋ	暈	6.351308576902391
ㄍㄥˋ ㄍㄠ	更高	226
ㄗㄨㄟˋ ㄞˋ	最愛	226
ㄧㄡˇ ㄍㄨㄢ ㄒㄧˋ	有關係	226
ㄗ ㄨㄟˋ	滋味	226
ㄐㄧㄢ	煎	226
ㄅㄢˇ ㄑㄩㄢˊ	版權	226
ㄔㄢˇ ㄌㄧㄤˋ	產量	226
ㄒㄧㄤ ㄙˋ	相似	226
ㄐㄧㄥ ㄐㄧㄢˋ ㄏㄨㄟˋ	經建會	226
ㄖㄨㄥˊ ㄖㄨˋ	融入	226
ㄕㄨㄛ ㄅㄨˊ ㄉㄧㄥˋ	說不定	226
ㄇㄞˋ ㄎㄜˋ	麥克	226
ㄧ ㄌㄩˋ	一律	225
ㄧˊ ㄌㄩˋ	一律	225
ㄒㄧㄣˋ ㄋㄧㄢˋ	信念	225
ㄉㄨㄥ ㄐㄧˋ	冬季	225
ㄊㄨㄥˊ ㄅㄠ	同胞	225
ㄏㄨㄟˊ ㄏㄜˊ	回合	225
ㄉㄧㄥˋ ㄌㄜ˙	定了	225
ㄓㄢˇ ㄨㄤˋ	展望	225
ㄉㄜˊ ㄓㄨˇ	得主	225
ㄇㄧㄣˊ ㄉㄧㄠˋ	民調	225
ㄑㄧˋ ㄒㄧˊ	氣息	225
ㄒㄧㄠ ㄏㄨㄚˋ	消化	225
ㄆㄧㄢˋ ㄉㄨㄢˋ	片段	225
ㄎㄢˋ ㄅㄨˊ ㄉㄠˋ	看不到	225
ㄎㄢˋ ㄅㄨˋ ㄉㄠˋ	看不到	225
ㄓㄚˊ	紮	6.351308576902391
ㄗㄚ	紮	225
ㄌㄠˇ ㄖㄣˊ ㄐㄧㄚ	老人家	225
ㄆㄧˊ	脾	225
ㄊㄧㄠˊ ㄉㄜ˙	調的	225
ㄚ ㄌㄧˇ ㄕㄢ	阿里山	225
ㄧ ㄅㄞˇ ㄨㄢˋ	一百萬	224
ㄧˋ ㄅㄞˇ ㄨㄢˋ	一百萬	224
ㄏㄜˊ ㄗㄞˋ	何在	224
ㄑㄩㄢˊ ㄕㄣ	全身	224
ㄔㄠˇ ㄐㄧㄚˋ	吵架	224
ㄕㄡˋ ㄐㄧㄚˋ	售價	224
ㄊㄧㄢ ㄍㄨㄥ	天公	224
ㄇㄚ	嬤	224
ㄅㄠˇ ㄍㄨㄟˋ	寶貴	224
ㄍㄥ	庚	224
ㄇㄧㄥˊ ㄌㄧㄤˋ	明亮	224
ㄇㄟˊ ㄧㄡˇ ㄩㄥˋ	沒有用	224
ㄧㄢˇ ㄒㄧˊ	演習	224
ㄆㄧˊ	琵	224
ㄙㄨㄢˋ ㄌㄜ˙	算了	224
ㄕㄣ	紳	224
ㄒㄧㄢˋ	羨	224
ㄗˋ ㄧㄡˊ ㄕˋ ㄔㄤˇ	自由市場	224
ㄐㄧㄡˋ	舅	224
ㄐㄧㄡ˙	舅	224
ㄔㄨˇ ㄉㄜ˙	處的	224
ㄧㄠˋ ㄨㄣˋ	要問	224
ㄐㄧㄢˋ ㄓㄥˋ	見證	224
ㄘˊ ㄏㄨㄟˋ	詞彙	224
ㄧㄥˊ ㄐㄧㄝ	迎接	224
ㄓㄜˋ ㄊㄠˋ	這套	224
ㄙㄨㄟˊ ㄧˋ	隨意	224
ㄋㄢˊ ㄉㄨˋ	難度	224
ㄍㄠ ㄉㄥˇ	高等	224
ㄈㄥˋ ㄕㄢ	鳳山	224
ㄖㄣˊ ㄉㄠˋ	人道	223
ㄏㄨㄚˋ ㄔㄥˊ	化成	223
ㄅㄛˊ ㄌㄢˇ ㄏㄨㄟˋ	博覽會	223
ㄧㄡˇ ㄖㄣˊ	友人	223
ㄑㄩˇ	娶	223
ㄑㄩˋ	娶	6.351308576902391
ㄒㄩㄝˊ ㄈㄣ	學分	223
ㄔㄡ ㄒㄧㄤˋ	抽象	223
ㄐㄩˋ ㄉㄧㄢˇ	據點	223
ㄎㄨㄛˋ ㄔㄨㄥ	擴充	223
ㄐㄧㄢˇ ㄐㄩˇ	檢舉	223
ㄇㄟˊ ㄩㄥˋ	沒用	223
ㄒㄧㄢˋ ㄐㄧㄝ ㄉㄨㄢˋ	現階段	223
ㄨㄚˇ ㄙ	瓦斯	223
ㄧㄣˇ ㄘㄤˊ	隱藏	223
ㄘ	雌	6.351308576902391
ㄘˊ	雌	223
ㄖㄣˊ ㄏㄜˊ	人和	222
ㄕㄜˊ ㄇㄛ˙ ㄕˋ	什麼事	222
ㄕㄜˊ ㄇㄜ˙ ㄕˋ	什麼事	222
ㄕㄣˊ ㄇㄛ˙ ㄕˋ	什麼事	222
ㄕㄣˊ ㄇㄜ˙ ㄕˋ	什麼事	222
ㄈㄨˋ ㄈㄟˋ	付費	222
ㄍㄨㄥ ㄌㄧˋ	公立	222
ㄉㄠˋ ㄌㄞˊ	到來	222
ㄐㄧㄚ ㄍㄨㄥ	加工	222
ㄅㄟˇ ㄈㄤ	北方	222
ㄇㄧㄥˋ ㄇㄧㄥˊ	命名	222
ㄉㄢ ㄉㄨˊ	單獨	222
ㄉㄧㄥˋ ㄗㄞˋ	定在	222
ㄉㄨㄟˋ ㄢˋ	對岸	222
ㄏㄡˋ ㄧㄡˇ	後有	222
ㄐㄧㄠˋ ㄒㄩㄣˋ	教訓	222
ㄅㄨˋ ㄉㄠˋ	步道	222
ㄨㄞ	歪	222
ㄓˋ	滯	222
ㄨˊ ㄒㄧㄥˊ	無形	222
ㄒㄩㄝˊ	穴	6.351308576902391
ㄒㄩㄝˋ	穴	222
ㄎㄨㄟ	窺	222
ㄇㄛˋ ㄇㄧㄥˊ	莫名	222
ㄗㄠˇ	藻	222
ㄕㄨㄛ ㄍㄨㄛˋ	說過	222
ㄕㄣ ㄘㄞˊ	身材	222
ㄓㄨㄢˇ ㄒㄧㄤˋ	轉向	222
ㄋㄚˋ ㄊㄧㄢ	那天	222
ㄊㄧˇ ㄓˊ	體質	222
ㄙㄥ	僧	221
ㄩㄢˊ ㄩㄝˋ	元月	221
ㄍㄨㄥˋ ㄔㄢˇ ㄉㄤˇ	共產黨	221
ㄔㄨ ㄖㄣˋ	出任	221
ㄊㄨㄥˊ ㄧˊ ㄍㄜ˙	同一個	221
ㄉㄢ ㄑㄧㄣ	單親	221
ㄢ ㄐㄧㄥˋ	安靜	221
ㄎㄣˇ	懇	221
ㄧㄠˊ ㄊㄡˊ	搖頭	221
ㄈㄤˋ ㄒㄧㄚˋ	放下	221
ㄓㄥˋ ㄐㄩˊ	政局	221
ㄓㄥˇ ㄓˋ	整治	221
ㄏㄨㄟˋ ㄊㄨㄥˊ	會同	221
ㄐㄧㄝˊ ㄗㄡˋ	節奏	221
ㄕˋ ㄅㄢˋ	試辦	221
ㄕㄨㄛ ㄑㄧˇ	說起	221
ㄗㄡˇ ㄉㄜ˙	走的	221
ㄩㄝˋ ㄐㄧㄣˋ	躍進	221
ㄋㄨㄥˊ ㄔㄢˇ	農產	221
ㄌㄧㄡˋ ㄕˊ ㄨˇ	六十五	220
ㄇㄠˋ ㄒㄧㄢˇ	冒險	220
ㄏㄨㄟˊ ㄊㄞˊ	回台	220
ㄗㄞˋ ㄋㄟˋ	在內	220
ㄧㄝˋ ㄨㄢˇ	夜晚	220
ㄈㄣˋ ㄉㄡˋ	奮鬥	220
ㄍㄨㄢ ㄌㄧㄠˊ	官僚	220
ㄔㄥˊ ㄉㄚˋ	成大	220
ㄉㄚˇ ㄔㄨ	打出	220
ㄋㄚˊ ㄑㄧˇ	拿起	220
ㄕㄡ ㄏㄨㄛˋ	收穫	220
ㄈㄤˋ ㄔㄨ	放出	220
ㄕㄨㄟˇ ㄌㄧˋ	水利	220
ㄨˊ ㄅㄧˇ	無比	220
ㄊㄤˊ ㄋㄧㄠˋ	糖尿	220
ㄊㄧㄥ ㄐㄧㄢˋ	聽見	220
ㄐㄧㄚ	茄	220
ㄑㄧㄝˊ	茄	220
ㄕㄨ ㄘㄞˋ	蔬菜	220
ㄅㄟˋ ㄏㄞˋ ㄖㄣˊ	被害人	220
ㄨˋ ㄐㄧㄝˇ	誤解	220
ㄒㄧㄤˋ ㄅㄧˊ ㄔㄨㄥˊ	象鼻蟲	220
ㄙㄨㄟˊ ㄐㄧˊ	隨即	220
ㄋㄞˇ ㄕˋ	乃是	219
ㄍㄨㄥ ㄕㄜˋ	公社	219
ㄔㄨㄤˋ ㄒㄧㄚˋ	創下	219
ㄩㄥˇ ㄍㄢˇ	勇敢	219
ㄗㄞˋ ㄕˋ	在世	219
ㄉㄚˋ ㄕˇ	大使	219
ㄒㄧㄝˇ ㄒㄧㄚˋ	寫下	219
ㄉㄨㄟˋ ㄖㄣˊ	對人	219
ㄈㄨˊ	弗	219
ㄑㄧㄤˊ ㄕˋ	強勢	219
ㄇㄤˊ ㄌㄨˋ	忙碌	219
ㄨㄛˇ ㄐㄧㄚ	我家	219
ㄓㄥˋ ㄨˋ	政務	219
ㄕˊ ㄏㄨㄟˋ	時會	219
ㄧㄢˇ ㄏㄨㄚˋ	演化	219
ㄓㄣ ㄒㄧˊ	珍惜	219
ㄐㄧㄥ ㄘㄞˇ	精采	219
ㄦˊ ㄧㄡˇ	而有	219
ㄋㄞˋ ㄒㄧㄣ	耐心	219
ㄐㄩˋ ㄏㄨㄟˋ	聚會	219
ㄒㄩㄢˇ ㄒㄧㄤˋ	選項	219
ㄧ ㄕˋ ㄐㄧˋ	一世紀	218
ㄧˊ ㄕˋ ㄐㄧˋ	一世紀	218
ㄧ ㄒㄧˋ	一系	218
ㄧˊ ㄒㄧˋ	一系	218
ㄧˇ ㄑㄧㄢˊ ㄉㄜ˙	以前的	218
ㄌㄞˊ ㄗˋ ㄩˊ	來自於	218
ㄔㄨ ㄖㄨˋ	出入	218
ㄒㄩㄝˊ ㄈㄟˋ	學費	218
ㄐㄧㄚ ㄩㄢˊ	家園	218
ㄙㄨㄛˇ ㄧㄡˇ ㄖㄣˊ	所有人	218
ㄕˊ ㄉㄨㄢˋ	時段	218
ㄍㄥˋ ㄅㄨˊ	更不	218
ㄍㄥˋ ㄅㄨˋ	更不	218
ㄏㄞˇ ㄅㄚˊ	海拔	218
ㄐㄧㄢ ㄘㄜˋ	監測	218
ㄧˊ ㄓㄨㄢˇ	移轉	218
ㄦˊ ㄏㄡˋ	而後	218
ㄍㄠ	膏	218
ㄅㄧˋ	蔽	218
ㄉㄧ ㄐㄧㄚˋ	低價	217
ㄑㄩㄝˋ ㄇㄟˊ	卻沒	217
ㄧㄡˋ ㄧㄠˋ	又要	217
ㄏㄨㄛˇ ㄅㄢˋ	夥伴	217
ㄍㄨㄥ ㄧㄝˋ ㄑㄩ	工業區	217
ㄆㄧㄥˊ ㄉㄜ˙	平的	217
ㄞˋ ㄍㄨㄛˊ	愛國	217
ㄉㄧˇ ㄎㄤˋ	抵抗	217
ㄈㄤ ㄖㄣˊ	方人	217
ㄈㄨˊ ㄩㄥˋ	服用	217
ㄐㄧˊ ㄉㄨㄢ	極端	217
ㄙˇ ㄒㄧㄥˊ	死刑	217
ㄇㄟˊ ㄘㄨㄛˋ	沒錯	217
ㄑㄧㄡˊ ㄇㄧˊ	球迷	217
ㄏㄨㄢˊ ㄅㄠˇ ㄐㄩˊ	環保局	217
ㄕㄣ ㄙㄨˋ	申訴	217
ㄎㄠˇ ㄌㄩˋ ㄉㄠˋ	考慮到	217
ㄍㄨㄢ ㄘㄜˋ	觀測	217
ㄍㄨㄟˇ	詭	217
ㄐㄧㄢˋ ㄩˊ	鑑於	217
ㄔㄣˊ ㄌㄧㄝˋ	陳列	217
ㄍㄠ ㄐㄧㄚˋ	高價	217
ㄕㄤˋ ㄕㄢ	上山	216
ㄓㄨㄥ ㄧㄠˋ	中藥	216
ㄔˊ	匙	216
ㄕ˙	匙	43.783106317888276
ㄓㄡˋ	咒	216
ㄉㄚˋ ㄙㄞˋ	大賽	216
ㄒㄧㄠˇ ㄒㄩㄝˊ ㄕㄥ	小學生	216
ㄐㄩˊ ㄅㄨˋ	局部	216
ㄌㄩˇ	屢	216
ㄓˇ ㄎㄨㄥˋ	指控	216
ㄍㄜ ㄐㄩˋ	歌劇	216
ㄇㄟˊ ㄖㄣˊ	沒人	216
ㄉㄨˊ ㄗˋ	獨自	216
ㄔˋ ㄅㄤˇ	翅膀	216
ㄎㄨㄚ ㄓㄤ	誇張	216
ㄊㄧㄠˊ ㄍㄠ	調高	216
ㄍㄨㄛˋ ㄏㄡˋ	過後	216
ㄋㄧㄡˇ	鈕	216
ㄍㄨㄢ ㄅㄧˋ	關閉	216
ㄚ ㄇㄚ	阿嬤	216
ㄧㄣ ㄧㄥˇ	陰影	216
ㄙㄨㄥˋ	頌	216
ㄅㄨˊ ㄐㄧㄣˋ	不盡	215
ㄦˋ ㄏㄠˋ	二號	215
ㄅㄠˇ ㄐㄧㄢˋ	保健	215
ㄒㄧㄣˋ ㄧˋ	信義	215
ㄌㄧㄤˇ ㄘˋ	兩次	215
ㄑㄧㄢˊ ㄒㄧˋ	前夕	215
ㄔㄤˇ ㄐㄧㄥˇ	場景	215
ㄉㄨㄛ ㄩㄢˊ ㄏㄨㄚˋ	多元化	215
ㄙㄨㄥˋ ㄔㄨˇ ㄩˊ	宋楚瑜	215
ㄇㄧˋ ㄇㄚˇ	密碼	215
ㄐㄧㄤ ㄔㄥˊ	將成	215
ㄧˇ ㄧㄡˇ	已有	215
ㄧㄥˋ ㄅㄧㄢˋ	應變	215
ㄊㄧˊ ㄧˋ	提議	215
ㄕㄡ ㄕˋ	收視	215
ㄅㄧㄠ ㄓˋ	標誌	215
ㄖㄜˋ ㄔㄠˊ	熱潮	215
ㄨㄤˇ ㄓˋ	網誌	215
ㄇㄟˇ ㄖㄨㄥˊ	美容	215
ㄑㄩㄣˊ	裙	215
ㄅㄨˇ ㄒㄧˊ ㄅㄢ	補習班	215
ㄖㄣˋ ㄨㄟˊ ㄕˋ	認為是	215
ㄓㄜˋ ㄌㄧˇ ㄉㄜ˙	這裡的	215
ㄍㄨㄛˋ ㄕˋ	過世	215
ㄈㄤˊ ㄈㄢˋ	防範	215
ㄧ ㄑㄧˊ	一期	214
ㄧˋ ㄑㄧˊ	一期	214
ㄅㄨˊ ㄗˋ	不自	214
ㄒㄧㄢ ㄊㄧㄢ	先天	214
ㄅㄟˇ ㄇㄟˇ	北美	214
ㄐㄧㄠˊ	嚼	214
ㄐㄩㄝˊ	嚼	6.351308576902391
ㄨㄞˋ ㄒㄧㄠ	外銷	214
ㄏㄠˇ ㄖㄣˊ	好人	214
ㄢ ㄉㄚˇ	安打	214
ㄖㄨㄥˊ ㄌㄧㄤˋ	容量	214
ㄋㄧㄢˊ ㄕˊ	年時	214
ㄨㄛˇ ㄧㄡˋ	我又	214
ㄘˊ ㄑㄧˋ	瓷器	214
ㄊㄥˊ ㄊㄨㄥˋ	疼痛	214
ㄉㄧˋ ㄧ ㄐㄧㄝˋ	第一屆	214
ㄈㄤˇ	紡	214
ㄗㄨㄥˇ ㄅㄨˋ	總部	214
ㄇㄟˇ ㄍㄢˇ	美感	214
ㄨㄣˊ ㄇㄧㄥˊ	聞名	214
ㄗˋ ㄌㄞˊ	自來	214
ㄩㄣˋ	蘊	214
ㄅㄨˇ ㄊㄧㄝ	補貼	214
ㄕˋ ㄩㄥˋ	試用	214
ㄋㄨㄛˋ ㄅㄟˋ ㄦˇ	諾貝爾	214
ㄍㄠ ㄩˊ	高於	214
ㄈㄨ	敷	213
ㄋㄨㄥˊ ㄏㄡˋ	濃厚	213
ㄒㄩㄢˋ	炫	213
ㄩㄥˋ ㄖㄣˊ	用人	213
ㄕㄜˋ ㄍㄨㄥ	社工	213
ㄇㄨˋ	穆	213
ㄇㄟˇ ㄋㄩˇ	美女	213
ㄒㄧㄥˊ ㄕˇ	行使	213
ㄋㄨㄥˊ ㄏㄨㄟˋ	農會	213
ㄙㄢ ㄒㄧㄚˊ	三峽	212
ㄅㄨˋ ㄍㄞ	不該	212
ㄓㄨˇ ㄐㄧㄠˋ	主教	212
ㄐㄧㄚˋ ㄨㄟˋ	價位	212
ㄉㄧˋ ㄅㄢˇ	地板	212
ㄏㄠˇ ㄆㄥˊ ㄧㄡˇ	好朋友	212
ㄒㄩㄝˊ ㄩㄢˊ	學園	212
ㄈㄥ ㄇㄧㄢˋ	封面	212
ㄓㄨㄢ ㄧㄝˋ ㄉㄜ˙	專業的	212
ㄇㄧˊ ㄅㄨˇ	彌補	212
ㄏㄨㄟˋ	彗	212
ㄨㄤˇ ㄌㄞˊ	往來	212
ㄓㄥ ㄑㄧㄡˊ	徵求	212
ㄞˋ ㄏㄠˋ	愛好	212
ㄓㄨㄚ ㄓㄨˋ	抓住	212
ㄕㄨˋ ㄨㄟˋ ㄏㄨㄚˋ	數位化	212
ㄅㄧㄠ ㄐㄧˋ	標記	212
ㄨˇ ㄌㄧˋ	武力	212
ㄑㄧˋ ㄓˊ	氣質	212
ㄌㄠˇ ㄍㄨㄥ	老公	212
ㄐㄧㄠ	蕉	212
ㄨㄚˋ	襪	212
ㄕㄨˊ	贖	212
ㄧㄚˇ ㄩㄣˋ	亞運	211
ㄌㄞˊ ㄅㄨˋ ㄐㄧˊ	來不及	211
ㄑㄩㄢˊ ㄐㄧㄚ	全家	211
ㄩㄢˊ ㄨㄣˊ	原文	211
ㄑㄩˇ ㄒㄧㄤˋ	取向	211
ㄏㄜˊ ㄗㄨㄛˋ ㄕㄜˋ	合作社	211
ㄇㄧㄥˊ ㄐㄧㄠˋ	名叫	211
ㄖㄤˇ	壤	211
ㄅㄥ ㄎㄨㄟˋ	崩潰	211
ㄐㄧㄣ	巾	211
ㄘㄨㄥˊ ㄊㄡˊ	從頭	211
ㄗㄨㄛˊ ㄨㄢˇ	昨晚	211
ㄗㄨㄟˋ ㄓㄨˇ ㄧㄠˋ	最主要	211
ㄧㄢˇ ㄔㄤˋ ㄏㄨㄟˋ	演唱會	211
ㄅㄧˋ ㄧㄝˋ ㄕㄥ	畢業生	211
ㄈㄚ ㄐㄩㄝˊ	發掘	211
ㄐㄧㄥ ㄧㄥ	精英	211
ㄎㄠˇ ㄔㄚˊ	考察	211
ㄎㄠˇ ㄉㄜ˙	考的	211
ㄩˇ ㄈㄡˇ	與否	211
ㄕㄜˋ ㄉㄜ˙	設的	211
ㄎㄞ ㄊㄨㄛˋ	開拓	211
ㄌㄧㄥˊ ㄉㄧㄢˇ	零點	211
ㄌㄟˊ ㄕㄜˋ	雷射	211
ㄧㄚ	鴉	211
ㄧ ㄕˋ	一是	210
ㄧˊ ㄕˋ	一是	210
ㄒㄧㄚˋ ㄘˋ	下次	210
ㄅㄠˇ ㄧㄤˇ	保養	210
ㄅㄚ ㄐㄧㄡˇ	八九	210
ㄍㄨㄥ ㄅㄨˋ	公佈	210
ㄅㄢˋ ㄉㄠˇ	半島	210
ㄎㄨㄢ ㄆㄧㄣˊ	寬頻	210
ㄋㄧˊ ㄙ	尼斯	210
ㄈㄨˋ ㄙㄨ	復甦	210
ㄏㄨㄞˊ ㄋㄧㄢˋ	懷念	210
ㄐㄧㄥ ㄩㄢˊ	晶圓	210
ㄐㄧˊ ㄌㄜ˙	極了	210
ㄊㄧㄥ ㄓㄨㄥˋ	聽眾	210
ㄊㄧㄥ ㄍㄨㄛˋ	聽過	210
ㄓㄨㄥˇ ㄌㄧㄡˊ	腫瘤	210
ㄘㄨㄥ	蔥	210
ㄈㄢˋ ㄕㄡˋ	販售	210
ㄗㄠˋ	躁	210
ㄍㄠ ㄓˊ	高職	210
ㄓㄞ	齋	210
ㄧ ㄍㄜˋ ㄍㄜˋ	一個個	209
ㄧ ㄍㄜˋ ㄍㄜ˙	一個個	209
ㄧ ㄍㄜ˙ ㄍㄜ˙	一個個	209
ㄧˊ ㄍㄜˋ ㄍㄜˋ	一個個	209
ㄧˊ ㄍㄜˋ ㄍㄜ˙	一個個	209
ㄧˊ ㄍㄜ˙ ㄍㄜ˙	一個個	209
ㄒㄧㄡ ㄕˋ	修飾	209
ㄕㄤ ㄒㄧㄣ	傷心	209
ㄧㄣˋ ㄕㄨㄚ	印刷	209
ㄒㄧ ㄕˊ	吸食	209
ㄉㄨㄛ ㄔㄨㄥˊ	多重	209
ㄈㄥˋ ㄒㄧㄢˋ	奉獻	209
ㄗˇ ㄍㄨㄥ	子宮	209
ㄆㄧㄥˊ ㄐㄧㄥˋ	平靜	209
ㄘㄨㄥˊ ㄅㄨˊ	從不	209
ㄘㄨㄥˊ ㄅㄨˋ	從不	209
ㄨㄛˇ ㄅㄨˊ ㄕˋ	我不是	209
ㄘㄞˊ ㄋㄥˊ ㄍㄡˋ	才能夠	209
ㄔㄥˊ ㄅㄢˋ	承辦	209
ㄘㄞˇ ㄐㄧˊ	採集	209
ㄙㄨㄣˇ ㄏㄞˋ	損害	209
ㄒㄧㄠˋ ㄋㄥˊ	效能	209
ㄕㄨˋ ㄇㄨˋ	樹木	209
ㄒㄧˇ ㄗㄠˇ	洗澡	209
ㄐㄧ ㄈㄚ	激發	209
ㄨㄟˊ ㄑㄧˊ	為期	209
ㄕㄥ ㄔㄨ	生出	209
ㄩㄥˋ ㄌㄧˋ	用力	209
ㄅㄞˇ ㄩㄢˊ	百元	209
ㄌㄨㄛˊ	蘿	209
ㄊㄠˊ ㄅㄧˋ	逃避	209
ㄉㄡˋ	逗	209
ㄌㄧㄢˊ ㄙㄨㄛˇ	連鎖	209
ㄧ ㄅㄟˋ	一輩	208
ㄧˊ ㄅㄟˋ	一輩	208
ㄕㄤˋ ㄔㄨㄢˊ	上傳	208
ㄅㄨˊ ㄐㄧㄢˋ ㄌㄜ˙	不見了	208
ㄅㄨˋ ㄐㄧㄢˋ ㄌㄜ˙	不見了	208
ㄓㄨㄥ ㄍㄨㄛˊ ㄕˊ ㄅㄠˋ	中國時報	208
ㄗㄨㄛˋ ㄔㄥˊ	作成	208
ㄋㄧˇ ㄗˋ ㄐㄧˇ	你自己	208
ㄓㄣ ㄅㄢˋ	偵辦	208
ㄏㄨㄚˋ ㄨㄟˊ	化為	208
ㄏㄜˊ ㄕㄤˋ	和尚	208
ㄉㄚˋ ㄩˊ	大於	208
ㄐㄧㄝˇ ㄇㄟˋ	姊妹	208
ㄗˇ ㄇㄟˋ	姊妹	208
ㄆㄧㄥˊ ㄩㄢˊ	平原	208
ㄧㄡ ㄇㄛˋ	幽默	208
ㄑㄧㄤˊ ㄉㄠˋ	強盜	208
ㄎㄨㄟˋ	愧	208
ㄊㄞˊ ㄊㄡˊ	抬頭	208
ㄆㄞˊ ㄔˋ	排斥	208
ㄑㄧㄡˊ ㄒㄩㄝˊ	求學	208
ㄖㄨㄥˊ	溶	208
ㄈㄚ ㄧㄢˊ ㄖㄣˊ	發言人	208
ㄕㄠ ㄏㄡˋ	稍後	208
ㄌㄧㄢˊ ㄧˊ	聯誼	208
ㄌㄧㄢˊ ㄧˋ	聯誼	208
ㄗˋ ㄖㄢˊ ㄉㄜ˙	自然的	208
ㄐㄧㄝˋ ㄘˇ	藉此	208
ㄊㄢˊ ㄊㄢˊ	談談	208
ㄐㄧㄤˇ ㄗㄨㄛˋ	講座	208
ㄏㄨㄟˋ ㄒㄩㄢˇ	賄選	208
ㄎㄠˋ ㄐㄧㄣˋ	靠近	208
ㄈㄥ ㄨㄟˋ	風味	208
ㄐㄧㄢˇ	鹼	208
ㄅㄧㄥˋ ㄗㄞˋ	並在	207
ㄕˋ	仕	207
ㄍㄨㄥ ㄓˊ	公職	207
ㄍㄨㄥ ㄅㄨˋ ㄇㄣˊ	公部門	207
ㄍㄨㄥˋ ㄏㄜˊ ㄍㄨㄛˊ	共和國	207
ㄔㄚˋ	剎	207
ㄎㄜˇ ㄩㄥˋ	可用	207
ㄊㄞˊ ㄕˋ	台視	207
ㄏㄜˊ ㄕˋ	合適	207
ㄒㄧㄣ ㄇㄨˋ	心目	207
ㄧˋ ㄊㄨˊ	意圖	207
ㄐㄩㄢ ㄗㄥˋ	捐贈	207
ㄍㄥˋ ㄓㄨㄥˋ	更重	207
ㄇㄟˊ ㄍㄨㄢ	沒關	207
ㄧˋ	溢	207
ㄑㄧㄢˊ ㄕㄨㄟˇ	潛水	207
ㄅㄞˊ ㄊㄡˊ ㄨㄥ	白頭翁	207
ㄒㄧˋ ㄐㄩㄣˋ	細菌	207
ㄏㄨㄚˊ ㄕˋ	華視	207
ㄧㄠˋ ㄏㄠˇ	要好	207
ㄑㄧˇ ㄙㄨˋ	起訴	207
ㄅㄢˋ ㄕˋ	辦事	207
ㄐㄧㄣ ㄇㄚˇ	金馬	207
ㄘㄨㄛˋ ㄍㄨㄛˋ	錯過	207
ㄎㄞ ㄆㄧˋ	開闢	207
ㄚ ㄇㄟˇ	阿美	207
ㄦˋ ㄙㄢ	二三	206
ㄨˇ ㄏㄠˋ	五號	206
ㄖㄣˋ ㄐㄧㄠˋ	任教	206
ㄋㄢˊ ㄒㄧㄢˋ	南縣	206
ㄗㄨㄟˇ ㄅㄚ	嘴巴	206
ㄗㄨㄛˋ ㄒㄧㄚˋ	坐下	206
ㄉㄨㄛˋ	墮	206
ㄏㄨㄟ	墮	206
ㄉㄚˋ ㄕˋ	大事	206
ㄧˋ	奕	206
ㄕㄜ	奢	206
ㄉㄨㄟˋ ㄓㄠˋ	對照	206
ㄉㄨㄟˋ ㄘㄜˋ	對策	206
ㄋㄧㄢˊ ㄗㄞˋ	年在	206
ㄋㄧㄢˋ ㄕㄨ	念書	206
ㄧㄡ ㄒㄧㄣ	憂心	206
ㄧㄡˇ ㄒㄧㄝ ㄖㄣˊ	有些人	206
ㄊㄞˊ	檯	206
ㄑㄧㄢˋ ㄑㄩㄝ	欠缺	206
ㄨˊ ㄧˊ	無疑	206
ㄑㄧㄢ ㄇㄧㄥˊ	簽名	206
ㄧㄝ ㄉㄢˋ	耶誕	206
ㄧˋ ㄢˋ	議案	206
ㄒㄩㄢˇ ㄆㄧㄠˋ	選票	206
ㄐㄧㄣˇ ㄅㄧㄠ	錦標	206
ㄧ ㄈㄣ	一分	205
ㄧˊ ㄈㄣˋ	一分	205
ㄧˋ ㄈㄣ	一分	205
ㄧ ㄒㄧˋ ㄌㄧㄝˋ	一系列	205
ㄧˊ ㄒㄧˋ ㄌㄧㄝˋ	一系列	205
ㄅㄨˋ ㄎㄣˇ	不肯	205
ㄘㄨˋ ㄔㄥˊ	促成	205
ㄑㄧㄢˊ ㄅㄟˋ	前輩	205
ㄍㄜˋ ㄉㄚˋ	各大	205
ㄒㄧ ㄧㄣˇ ㄌㄧˋ	吸引力	205
ㄍㄨㄛˊ ㄔㄢˇ	國產	205
ㄓㄨㄟˋ	墜	205
ㄉㄚˋ ㄉㄠˋ	大道	205
ㄑㄧˊ ㄍㄨㄞˋ ㄉㄜ˙	奇怪的	205
ㄊㄨˊ	屠	205
ㄅㄚ ㄕˋ	巴士	205
ㄔㄤˊ ㄕˋ	常是	205
ㄏㄣˇ ㄐㄧㄢˇ ㄉㄢ	很簡單	205
ㄒㄧㄣ ㄒㄧㄝˇ	心血	205
ㄐㄧˋ ㄧˋ	技藝	205
ㄓㄨㄣˇ ㄉㄧˋ	準的	205
ㄧㄢˇ ㄕㄨㄛ	演說	205
ㄐㄧㄠ ㄌㄩˋ	焦慮	205
ㄖㄜˋ ㄉㄞˋ	熱帶	205
ㄉㄧˋ ㄦˋ ㄕˊ	第二十	205
ㄊㄤˊ ㄋㄧㄠˋ ㄅㄧㄥˋ	糖尿病	205
ㄐㄧㄢˋ	賤	205
ㄅㄨˋ ㄕㄨˇ	部屬	205
ㄍㄠ ㄕㄡˇ	高手	205
ㄎㄨㄟˊ	魁	205
ㄅㄨˋ ㄓㄠˊ	不著	204
ㄧˇ ㄌㄧˋ	以利	204
ㄊㄧㄥˊ ㄔㄜ ㄔㄤˇ	停車場	204
ㄐㄧˊ ㄕˊ	及時	204
ㄊㄞˊ ㄉㄨˊ	台獨	204
ㄍㄨㄛˊ ㄓㄞˊ	國宅	204
ㄊㄨˊ ㄒㄧㄤˋ	圖像	204
ㄗㄞˋ ㄍㄨㄛˋ	在過	204
ㄔㄥˊ ㄓㄣˋ	城鎮	204
ㄉㄨㄛ ㄓㄨㄥˇ	多種	204
ㄊㄧㄢ ㄓㄨˇ	天主	204
ㄢ ㄓˋ	安置	204
ㄈㄥ ㄅㄧˋ	封閉	204
ㄓㄨㄤ	庄	204
ㄇㄡˇ ㄧ	某一	204
ㄇㄡˇ ㄧˊ	某一	204
ㄇㄡˇ ㄧˋ	某一	204
ㄨㄣ ㄖㄡˊ	溫柔	204
ㄏㄨㄛˇ ㄔㄜ ㄓㄢˋ	火車站	204
ㄨㄢˊ ㄐㄧㄚ	玩家	204
ㄈㄚ ㄍㄟˇ	發給	204
ㄓㄣˇ ㄙㄨㄛˇ	診所	204
ㄐㄧㄤˋ ㄉㄠˋ	降到	204
ㄧ ㄅㄚˇ	一把	203
ㄧˋ ㄅㄚˇ	一把	203
ㄨˇ ㄧˋ	五億	203
ㄌㄧˋ ㄨㄞˋ	例外	203
ㄐㄧㄚˇ ㄉㄜ˙	假的	203
ㄐㄧㄚ ㄏㄨㄛ	傢伙	203
ㄐㄧㄚ ㄏㄨㄛˇ	傢伙	203
ㄍㄨㄥˋ ㄔㄢˇ ㄓㄨˇ ㄧˋ	共產主義	203
ㄠ	凹	203
ㄨㄟˊ ㄏㄞˋ	危害	203
ㄕㄡˋ ㄅㄨˋ ㄌㄧㄠˇ	受不了	203
ㄒㄧˇ ㄩㄝˋ	喜悅	203
ㄗ ㄊㄞˋ	姿態	203
ㄕㄢ ㄆㄛ	山坡	203
ㄔㄚ ㄉㄧㄢˇ	差點	203
ㄍㄨㄤˇ ㄉㄨㄥ	廣東	203
ㄙㄨㄛˇ ㄕㄨㄛ	所說	203
ㄧˋ ㄓˋ	抑制	203
ㄓㄨㄚ ㄉㄠˋ	抓到	203
ㄢˋ ㄇㄛˊ	按摩	203
ㄎㄨㄛˋ ㄙㄢˋ	擴散	203
ㄒㄧ	晰	203
ㄩㄝˋ ㄔㄨ	月初	203
ㄑㄧㄢ ㄕㄜˋ ㄉㄠˋ	牽涉到	203
ㄕㄥˇ ㄈㄨˇ	省府	203
ㄋㄠˇ ㄉㄞˋ	腦袋	203
ㄗˋ ㄧㄡˊ ㄉㄜ˙	自由的	203
ㄌㄨㄛˋ ㄔㄚ	落差	203
ㄓㄨ ㄉㄨㄛ	諸多	203
ㄐㄩㄣ ㄈㄤ	軍方	203
ㄧ ㄧㄠˋ	醫藥	203
ㄒㄧㄢˇ ㄒㄧㄢˋ	顯現	203
ㄐㄧ	飢	203
ㄙㄨㄟˇ	髓	203
ㄧ ㄘㄥˊ	一層	202
ㄧˋ ㄘㄥˊ	一層	202
ㄅㄨˋ ㄌㄧˇ	不理	202
ㄗㄨㄛˋ ㄨㄣˊ	作文	202
ㄅㄤ ㄨㄢˇ	傍晚	202
ㄌㄧㄝˋ ㄔㄜ	列車	202
ㄑㄧˇ ㄈㄚ	啟發	202
ㄊㄨˊ ㄢˋ	圖案	202
ㄨˋ	塢	202
ㄐㄧˇ ㄅㄞˇ	幾百	202
ㄐㄧㄝ ㄉㄜ˙	接的	202
ㄏㄜˊ ㄙˋ	核四	202
ㄓㄠˋ ㄏㄨˋ	照護	202
ㄖㄜˋ ㄞˋ	熱愛	202
ㄌㄧˇ ㄏㄨㄟˋ	理會	202
ㄕㄢ	衫	202
ㄕˋ ㄕˋ ㄎㄢˋ	試試看	202
ㄆㄟˋ ㄓˋ	配置	202
ㄌㄧˊ ㄉㄠˇ	離島	202
ㄍㄠ ㄉㄧ	高低	202
ㄧ ㄓˊ ㄉㄡ	一直都	201
ㄧˋ ㄓˊ ㄉㄡ	一直都	201
ㄅㄨˋ ㄈㄣ	不分	201
ㄅㄨˋ ㄧˊ	不宜	201
ㄐㄧㄡˇ ㄅㄞˇ	九百	201
ㄑㄧㄢˊ ㄋㄧㄢˊ	前年	201
ㄍㄨㄛˊ ㄩㄝˋ	國樂	201
ㄉㄨㄛ ㄉㄚˋ	多大	201
ㄍㄨㄥ ㄗㄨㄛˋ ㄕˋ	工作室	201
ㄍㄢˋ ㄕˋ	幹事	201
ㄒㄧㄥˊ ㄓㄨㄤˋ	形狀	201
ㄐㄧˊ ㄐㄧㄡˋ	急救	201
ㄋㄚˊ ㄒㄧㄚˋ	拿下	201
ㄍㄜ	擱	201
ㄖˋ ㄩㄢˊ	日圓	201
ㄧㄡˇ ㄎㄨㄥˋ	有空	201
ㄓㄣˇ	枕	201
ㄓㄣˋ	枕	6.351308576902391
ㄇㄟˊ ㄏㄨㄚ	梅花	201
ㄧㄝˊ ㄗ˙	椰子	201
ㄨㄣ ㄏㄜˊ	溫和	201
ㄅㄞˇ ㄎㄜ	百科	201
ㄑㄧㄠˊ	翹	6.351308576902391
ㄑㄧㄠˋ	翹	201
ㄔㄨˇ ㄗㄞˋ	處在	201
ㄔㄜ ㄏㄨㄛˋ	車禍	201
ㄏㄞˊ ㄓㄣ	還真	201
ㄔㄨㄥˊ ㄔㄨㄥˊ	重重	201
ㄌㄧㄢˋ	鏈	201
ㄩˋ ㄅㄟˋ	預備	201
ㄓㄢˋ	顫	201
ㄧ ㄆㄧ	一批	200
ㄧˋ ㄆㄧ	一批	200
ㄅㄨˋ ㄌㄞˊ	不來	200
ㄗㄨㄛˋ ㄌㄜ˙	作了	200
ㄐㄧㄣˇ ㄐㄧㄣˇ	僅僅	200
ㄦˊ ㄋㄩˇ	兒女	200
ㄈㄢˊ ㄕˋ	凡是	200
ㄔ ㄌㄜ˙	吃了	200
ㄏㄨㄟˊ ㄒㄧㄤˇ	回想	200
ㄊㄨㄢˊ ㄩㄢˊ	團員	200
ㄈㄣˊ	墳	200
ㄉㄧㄢˋ	奠	200
ㄔㄤˊ ㄊㄞˋ	常態	200
ㄒㄧㄣ ㄕㄥ	心聲	200
ㄔㄥˊ ㄋㄧㄢˊ	成年	200
ㄓㄢˋ ㄔㄤˇ	戰場	200
ㄊㄧˊ ㄔㄨ ㄌㄞˊ	提出來	200
ㄑㄩ ㄒㄧㄢˋ	曲線	200
ㄈㄥ	楓	200
ㄊㄢˇ	毯	200
ㄉㄧㄢˋ	甸	200
ㄈㄚ ㄕㄠ	發燒	200
ㄏㄢˇ ㄐㄧㄢˋ	罕見	200
ㄕㄨㄚˇ	耍	200
ㄆㄟ ㄊㄞ	胚胎	200
ㄑㄧㄢˇ	譴	200
ㄆㄠˇ ㄔㄨ	跑出	200
ㄙㄨㄛˇ ㄉㄧㄥˋ	鎖定	200
ㄧ ㄍㄨㄛˊ	一國	199
ㄧˋ ㄍㄨㄛˊ	一國	199
ㄧ ㄒㄧㄠˇ	一小	199
ㄧˋ ㄒㄧㄠˇ	一小	199
ㄙㄢ ㄕˊ ㄌㄧㄡˋ	三十六	199
ㄖㄣˋ ㄧˋ	任意	199
ㄗㄨㄛˋ ㄈㄥ	作風	199
ㄌㄧㄡˋ ㄨㄢˋ	六萬	199
ㄉㄠˋ ㄉㄧˇ ㄧㄡˇ	到底有	199
ㄩㄢˊ ㄐㄧㄥˇ	員警	199
ㄕㄢˋ ㄧˋ	善意	199
ㄨㄞˋ ㄍㄨㄢ	外觀	199
ㄉㄧㄥˋ ㄒㄧㄥˋ	定性	199
ㄨ ㄉㄧㄥˇ	屋頂	199
ㄔㄤˊ ㄗㄞˋ	常在	199
ㄋㄧㄢˊ ㄧㄡˇ	年有	199
ㄋㄚˊ ㄉㄧㄠˋ	拿掉	199
ㄊㄠˊ ㄩㄢˊ ㄒㄧㄢˋ	桃園縣	199
ㄅㄧˋ	泌	199
ㄇㄧˋ	泌	199
ㄙㄨㄛ ㄒㄧㄠˇ	縮小	199
ㄘㄤ	艙	199
ㄏㄤˊ ㄕㄜˋ	行社	199
ㄏㄥˊ ㄌㄧㄤˊ	衡量	199
ㄒㄧ ㄅㄨˋ	西部	199
ㄐㄧㄢˋ ㄐㄧㄝˇ	見解	199
ㄓㄨㄛˊ	酌	199
ㄎㄞ ㄔㄨ	開出	199
ㄉㄧㄢˋ ㄗˇ ㄅㄠˋ	電子報	199
ㄩˋ ㄌㄧㄠˋ	預料	199
ㄆㄧㄣˊ ㄈㄢˊ	頻繁	199
ㄕㄤˋ ㄧㄡˊ	上游	198
ㄖㄣˊ ㄇㄚˇ	人馬	198
ㄔ ㄨㄢˊ	吃完	198
ㄑㄧㄠˇ ㄎㄜˋ ㄌㄧˋ	巧克力	198
ㄏㄜˊ ㄉㄧㄥˋ	核定	198
ㄕㄣ ㄧㄝˋ	深夜	198
ㄍㄤˇ ㄎㄡˇ	港口	198
ㄔㄢˇ ㄨˋ	產物	198
ㄔㄢˊ	蟬	198
ㄩˊ	輿	198
ㄉㄧㄠ ㄙㄨˋ	雕塑	198
ㄙㄢ ㄋㄧㄢˊ ㄐㄧˊ	三年級	197
ㄅㄨˋ ㄓㄨㄣˇ	不准	197
ㄓ ㄑㄧㄢˊ ㄉㄜ˙	之前的	197
ㄐㄧㄠ ㄉㄚˋ	交大	197
ㄍㄨㄥ ㄓㄥˋ	公正	197
ㄑㄩ ㄅㄧㄝˊ	區別	197
ㄉㄧㄥ	叮	197
ㄔ ㄉㄠˋ	吃到	197
ㄔㄥˊ ㄒㄧㄢˋ ㄔㄨ	呈現出	197
ㄔㄨㄥˇ ㄨˋ	寵物	197
ㄏㄣˇ ㄒㄧㄤˋ	很像	197
ㄑㄧˊ ㄒㄩˇ	期許	197
ㄇㄟˊ ㄍㄨㄢ ㄒㄧˋ	沒關係	197
ㄌㄧㄡˊ ㄕ	流失	197
ㄨˋ ㄗ	物資	197
ㄏㄡˊ ㄗ˙	猴子	197
ㄅㄞˊ ㄓˊ	白質	197
ㄌㄧㄥˊ	苓	197
ㄏㄨㄤ ㄇㄧㄡˋ	荒謬	197
ㄊㄧㄠˊ ㄐㄧㄤˋ	調降	197
ㄐㄧㄠˋ	轎	197
ㄓㄜˋ ㄐㄩˋ	這句	197
ㄓㄨㄥˋ ㄒㄧㄣ	重心	197
ㄌㄧㄥˊ ㄕㄡˋ	零售	197
ㄌㄧㄥˊ ㄍㄢˇ	靈感	197
ㄒㄧㄚˋ ㄌㄧㄥˋ	下令	196
ㄕˋ ㄍㄨˋ	事故	196
ㄐㄧㄣˇ ㄕˋ	僅是	196
ㄌㄧˋ ㄑㄧˋ	力氣	196
ㄅㄢˋ ㄧㄝˋ	半夜	196
ㄑㄩㄝˋ ㄧㄡˇ	卻有	196
ㄍㄜˋ ㄈㄤ	各方	196
ㄗㄢˊ ㄇㄣˊ	咱們	196
ㄗㄢˊ ㄇㄣ˙	咱們	196
ㄍㄨㄛˊ ㄑㄧˊ	國旗	196
ㄅㄠˇ ㄅㄟˋ	寶貝	196
ㄧˇ ㄅㄚ	尾巴	196
ㄨㄟˇ ㄅㄚ	尾巴	196
ㄨㄟˇ ㄅㄚ˙	尾巴	196
ㄋㄧㄢˋ ㄊㄡˊ	念頭	196
ㄋㄧㄢˋ ㄊㄡ˙	念頭	196
ㄌㄩㄝˋ	掠	196
ㄒㄧㄥ ㄑㄧˊ ㄨˇ	星期五	196
ㄧㄝˋ ㄐㄧ	業績	196
ㄑㄧˋ ㄒㄧㄤˋ ㄐㄩˊ	氣象局	196
ㄌㄨㄛˋ ㄕㄢ ㄐㄧ	洛杉磯	196
ㄐㄧㄠˇ	矯	196
ㄈㄣˋ	糞	196
ㄇㄟˇ ㄌㄧˋ ㄉㄜ˙	美麗的	196
ㄌㄠˇ ㄒㄧㄢ ㄕㄥ	老先生	196
ㄉㄢˋ ㄅㄞˊ ㄓˊ	蛋白質	196
ㄅㄠˋ	豹	196
ㄓㄣˋ ㄏㄢˋ	震撼	196
ㄍㄠ ㄍㄠ	高高	196
ㄕㄤˋ ㄧㄢˇ	上演	195
ㄑㄧˋ ㄧㄝˋ ㄐㄧㄝˋ	企業界	195
ㄒㄧㄡ ㄈㄨˋ	修復	195
ㄒㄧㄢ ㄒㄧㄥˊ	先行	195
ㄕˊ ㄨˇ ㄙㄨㄟˋ	十五歲	195
ㄕㄡˋ ㄈㄤˇ	受訪	195
ㄕㄠˋ	哨	195
ㄍㄨㄛˊ ㄐㄧㄠˋ	國教	195
ㄉㄧˋ ㄉㄞˋ	地帶	195
ㄅㄠˋ ㄉㄠˋ	報到	195
ㄉㄨㄛˊ ㄅㄨˊ	多不	195
ㄉㄨㄛˊ ㄅㄨˋ	多不	195
ㄊㄧㄢ ㄓㄣ	天真	195
ㄇㄠˋ ㄗ˙	帽子	195
ㄒㄧㄤˇ ㄔㄨ	想出	195
ㄨㄛˇ ㄗㄞˋ	我再	195
ㄤˊ ㄍㄨㄟˋ	昂貴	195
ㄨㄢˇ ㄢ	晚安	195
ㄅㄧㄠ ㄅㄤˇ	標榜	195
ㄐㄧㄥ ㄒㄧㄠ ㄕㄤ	經銷商	195
ㄑㄩㄝ ㄕㄠˇ	缺少	195
ㄗˋ ㄧㄡˇ	自有	195
ㄧˋ ㄕㄨˋ ㄆㄧㄣˇ	藝術品	195
ㄓㄨㄤ ㄉㄜ˙	裝的	195
ㄔㄨˋ ㄉㄠˋ	觸到	195
ㄗㄡˇ ㄖㄨˋ	走入	195
ㄕㄣ ㄗ˙	身子	195
ㄉㄧㄢˋ ㄊㄧ	電梯	195
ㄏㄟ ㄖㄣˊ	黑人	195
ㄅㄨˊ ㄓㄥˋ	不正	194
ㄅㄨˊ ㄌㄨㄣˋ ㄕˋ	不論是	194
ㄋㄞˇ ㄓˋ	乃至	194
ㄎㄢ ㄨˋ	刊物	194
ㄏㄨㄚˋ ㄐㄧㄝˇ	化解	194
ㄏㄡˇ	吼	194
ㄓㄨㄢ ㄓㄨˋ	專注	194
ㄋㄧㄢˊ ㄏㄨㄟˋ	年會	194
ㄅㄧˋ ㄉㄧㄥˋ	必定	194
ㄎㄨㄞˋ ㄧㄠˋ	快要	194
ㄒㄧㄣ ㄗㄥ	新增	194
ㄓㄥˋ ㄖㄨˊ	正如	194
ㄅㄧˇ ㄓㄠˋ	比照	194
ㄧㄢˇ ㄎㄢˋ	眼看	194
ㄐㄧㄢˇ ㄏㄨㄚˋ	簡化	194
ㄨㄟˋ ㄈㄨˊ ㄅㄨˋ	衛福部	194
ㄏㄨㄟˋ	諱	194
ㄐㄧㄤˇ ㄐㄧㄡˋ	講究	194
ㄩˋ	豫	194
ㄊㄨㄥ ㄊㄨㄥ	通通	194
ㄧㄡˊ ㄌㄢˇ	遊覽	194
ㄧ ㄅㄞˇ ㄦˋ	一百二	193
ㄐㄧㄠ ㄒㄧㄤˇ	交響	193
ㄓㄨˋ ㄉㄜ˙	住的	193
ㄗㄨㄛˋ ㄑㄩˇ	作曲	193
ㄇㄧㄢˇ ㄧˋ	免疫	193
ㄗㄞˋ ㄕㄨㄛ	再說	193
ㄅㄛ ㄒㄩㄝˋ	剝削	193
ㄕㄤ ㄔㄤˇ	商場	193
ㄉㄧˋ ㄐㄧㄢˇ ㄕㄨˇ	地檢署	193
ㄇㄟˊ ㄐㄧㄝˋ	媒介	193
ㄋㄨㄛˊ	挪	193
ㄙㄡ ㄙㄨㄛˇ	搜索	193
ㄓˋ ㄏㄨㄟˋ ㄘㄞˊ ㄔㄢˇ	智慧財產	193
ㄧㄡˇ ㄋㄥˊ	有能	193
ㄓㄥˋ ㄔㄤˊ ㄉㄜ˙	正常的	193
ㄩㄥˋ ㄧˇ	用以	193
ㄓㄨˋ ㄈㄨˊ	祝福	193
ㄙㄨˋ ㄓˊ	素質	193
ㄙㄨㄛ ㄉㄨㄢˇ	縮短	193
ㄎㄠˇ ㄕㄤˋ	考上	193
ㄗˋ ㄔㄥ	自稱	193
ㄔㄥˊ ㄧˋ	誠意	193
ㄐㄧㄣˇ ㄕㄣˋ	謹慎	193
ㄩㄣˋ ㄏㄨㄟˋ	運會	193
ㄍㄨㄟ ㄩˊ	鮭魚	193
ㄒㄧㄚˋ ㄊㄞˊ	下台	192
ㄅㄨˋ ㄘㄥˊ	不曾	192
ㄓㄨㄥˋ ㄉㄨˊ	中毒	192
ㄧㄡ ㄇㄟˇ	優美	192
ㄗㄞˋ ㄑㄩˋ	再去	192
ㄔㄨㄤˋ ㄌㄧˋ	創立	192
ㄌㄠˊ ㄅㄠˇ	勞保	192
ㄌㄠˊ ㄗ	勞資	192
ㄕˊ ㄐㄧˇ ㄋㄧㄢˊ	十幾年	192
ㄋㄩˇ ㄉㄜ˙	女的	192
ㄉㄞˋ ㄉㄠˋ	帶到	192
ㄋㄧㄢˊ ㄓㄨㄥ	年終	192
ㄅㄧˋ ㄧㄠˋ ㄉㄜ˙	必要的	192
ㄘㄞˊ ㄒㄧㄥˊ	才行	192
ㄑㄧㄤˇ ㄐㄧㄡˋ	搶救	192
ㄍㄞˇ ㄅㄧㄢ	改編	192
ㄓˋ ㄓㄤˋ	智障	192
ㄑㄧˊ ㄏㄨㄛˋ	期貨	192
ㄍㄜˊ ㄨㄞˋ	格外	192
ㄉㄞˇ ㄊㄨˊ	歹徒	192
ㄧㄣˊ	淫	192
ㄩˊ ㄧㄝˋ	漁業	192
ㄙㄨㄛˇ	瑣	192
ㄌㄧㄡˊ ㄧㄢˊ	留言	192
ㄔㄡˊ	疇	192
ㄆㄛˋ ㄔㄢˇ	破產	192
ㄉㄠˇ	禱	192
ㄇㄧㄢˇ	緬	192
ㄍㄨˇ ㄈㄣˋ	股份	192
ㄖㄨㄥˊ ㄗ	融資	192
ㄌㄚˋ	蠟	192
ㄅㄧㄠˇ ㄇㄧㄥˊ	表明	192
ㄧㄠˋ ㄙㄨˋ	要素	192
ㄧˋ ㄓㄤˇ	議長	192
ㄈㄨˋ ㄑㄧˇ	負起	192
ㄌㄧㄢˊ ㄖㄣˋ	連任	192
ㄍㄨㄛˋ ㄨㄤˇ	過往	192
ㄌㄧㄥˊ ㄏㄨㄛˊ	靈活	192
ㄊㄡˊ ㄋㄠˇ	頭腦	192
ㄧ ㄉㄨㄟˋ	一對	191
ㄧˊ ㄉㄨㄟˋ	一對	191
ㄧ ㄕㄥ	一聲	191
ㄧˋ ㄕㄥ	一聲	191
ㄑㄧ ㄕˊ ㄨˇ	七十五	191
ㄦˋ ㄌㄡˊ	二樓	191
ㄖㄣˊ ㄑㄧˋ	人氣	191
ㄏㄜˊ ㄔㄨˋ	何處	191
ㄒㄧㄢ ㄉㄠˇ	先導	191
ㄓㄡ ㄗㄠ	周遭	191
ㄋㄧㄢˊ ㄐㄧㄣ	年金	191
ㄔㄥˊ ㄆㄧㄣˇ	成品	191
ㄋㄚˊ ㄔㄨ ㄌㄞˊ	拿出來	191
ㄨㄚ ㄐㄩㄝˊ	挖掘	191
ㄐㄧㄝ ㄏㄨㄛˋ	接獲	191
ㄒㄧㄣ ㄍㄨㄤ	新光	191
ㄏㄨㄟˋ ㄇㄧㄢˋ	會面	191
ㄐㄧ ㄉㄨㄥˋ	激動	191
ㄓㄚˋ ㄉㄢˋ	炸彈	191
ㄏㄣˊ ㄐㄧ	痕跡	191
ㄅㄞˊ ㄉㄜ˙	白的	191
ㄒㄧㄤ ㄉㄤ ㄩˊ	相當於	191
ㄋㄚˋ ㄕㄨㄟˋ	納稅	191
ㄌㄢˊ ㄩˇ	蘭嶼	191
ㄕˋ ㄔㄨㄤ	視窗	191
ㄩㄢˇ ㄌㄧˊ	遠離	191
ㄌㄧㄣˊ	遴	191
ㄑㄩㄢˊ ㄉㄡ	全都	190
ㄍㄨㄥ ㄆㄧㄥˊ ㄏㄨㄟˋ	公平會	190
ㄍㄨㄥ ㄩㄝ	公約	190
ㄈㄣ ㄇㄧㄥˊ	分明	190
ㄆㄧㄣˇ ㄨㄟˋ	品味	190
ㄌㄚ	喇	190
ㄌㄚˇ	喇	190
ㄞ ㄐㄧˊ	埃及	190
ㄨㄞˋ ㄏㄨㄟˋ	外匯	190
ㄕ ㄗㄨㄥ	失蹤	190
ㄈㄢ	帆	6.351308576902391
ㄈㄢˊ	帆	190
ㄓㄤ ㄊㄧㄝ	張貼	190
ㄑㄧㄠˇ ㄑㄧㄠˇ	悄悄	190
ㄒㄧㄤˇ ㄎㄢˋ	想看	190
ㄊㄨㄟ ㄒㄧㄠ	推銷	190
ㄨㄣˊ ㄖㄣˊ	文人	190
ㄧㄡˇ ㄒㄧㄠˋ ㄉㄜ˙	有效的	190
ㄅㄧㄢ ㄓˋ	編制	190
ㄓˊ ㄨㄟˋ	職位	190
ㄖㄨㄛˋ ㄧㄠˋ	若要	190
ㄩㄢˊ	袁	190
ㄏㄠˊ ㄏㄨㄚˊ	豪華	190
ㄏㄞˊ ㄉㄟˇ	還得	190
ㄏㄨㄢˊ ㄉㄜ˙	還得	190
ㄒㄧㄤ ㄘㄨㄣ	鄉村	190
ㄙㄨㄟˋ	隧	190
ㄋㄢˊ ㄊㄧˊ	難題	190
ㄜˋ ㄙˇ	餓死	190
ㄧㄢˋ ㄓㄥˋ	驗證	190
ㄧ ㄅㄧㄥˋ	一併	189
ㄧˊ ㄅㄧㄥˋ	一併	189
ㄧ ㄎㄢˋ	一看	189
ㄧˊ ㄎㄢˋ	一看	189
ㄒㄧㄚˋ ㄧㄡˊ	下游	189
ㄅㄨˋ ㄧˇ	不以	189
ㄅㄨˊ ㄖㄤˋ	不讓	189
ㄕㄣ ㄔㄨ	伸出	189
ㄙˋ ㄈㄨˊ	伺服	189
ㄐㄧˊ ㄅㄧㄢˋ	即便	189
ㄩㄢˊ ㄌㄞˊ ㄕˋ	原來是	189
ㄈㄢˇ ㄎㄤˋ	反抗	189
ㄍㄨˇ ㄖㄣˊ	古人	189
ㄎㄜˇ ㄌㄜˋ	可樂	189
ㄕㄤ ㄧㄝˋ ㄒㄧㄥˋ	商業性	189
ㄗㄥ ㄑㄧㄤˊ	增強	189
ㄨㄞˋ ㄖㄣˊ	外人	189
ㄓㄨㄢ ㄎㄜ	專科	189
ㄉㄟˇ ㄕㄤˋ	得上	189
ㄔㄥˊ ㄈㄚˊ	懲罰	189
ㄨㄛˇ ㄎㄢˋ ㄉㄠˋ	我看到	189
ㄍㄥˇ	梗	189
ㄌㄠˇ ㄊㄞˋ ㄊㄞˋ	老太太	189
ㄇㄠˊ	茅	189
ㄈㄢˇ ㄏㄨㄟˊ	返回	189
ㄧㄠ ㄐㄧˊ	邀集	189
ㄐㄩㄣ	鈞	189
ㄍㄠ ㄨㄣ	高溫	189
ㄧ ㄅㄧˇ	一筆	188
ㄧˋ ㄅㄧˇ	一筆	188
ㄙㄢ ㄘˋ	三次	188
ㄕㄤˋ ㄓㄡ	上週	188
ㄐㄧ ㄌㄨㄥˊ ㄏㄜˊ	基隆河	188
ㄨㄞˋ ㄅㄨˋ	外部	188
ㄕㄢ ㄒㄧ	山西	188
ㄨㄤˇ ㄏㄡˋ	往後	188
ㄆㄧㄣ ㄧㄣ	拼音	188
ㄐㄧㄝ ㄌㄡˋ	揭露	188
ㄐㄧㄝ ㄌㄨˋ	揭露	188
ㄕㄡ ㄑㄩˇ	收取	188
ㄑㄧㄢˇ ㄗㄜˊ	譴責	188
ㄗㄨˇ ㄞˋ	阻礙	188
ㄅㄢ ㄐㄧㄤˇ	頒獎	188
ㄔㄥˊ ㄎㄜˋ	乘客	187
ㄧˇ	倚	187
ㄈㄣ ㄗㄨˇ	分組	187
ㄊㄞˊ ㄋㄢˊ ㄒㄧㄢˋ	台南縣	187
ㄧㄡˋ ㄕㄡˇ	右手	187
ㄐㄧˇ ㄨㄟˋ	幾位	187
ㄉㄧㄢˋ ㄐㄧㄚ	店家	187
ㄒㄧㄣ ㄇㄨˋ ㄓㄨㄥ	心目中	187
ㄒㄧㄤˇ ㄑㄩˋ	想去	187
ㄊㄨㄛˋ ㄓㄢˇ	拓展	187
ㄎㄢˇ	檻	187
ㄐㄧㄢˋ	檻	6.351308576902391
ㄌㄧˋ ㄒㄧㄢˋ ㄊㄧˇ	粒線體	187
ㄒㄧㄢ ㄨㄟˊ	纖維	187
ㄇㄟˇ ㄋㄨㄥˊ	美濃	187
ㄇㄥˊ ㄍㄨˇ	蒙古	187
ㄓˋ ㄔㄥˊ	製成	187
ㄧˋ ㄕˋ	議事	187
ㄧㄡˊ ㄐㄩˊ	郵局	187
ㄐㄧㄣˇ ㄅㄧㄠ ㄙㄞˋ	錦標賽	187
ㄓㄤˇ ㄍㄨㄢ	長官	187
ㄎㄞ ㄒㄩㄝˊ	開學	187
ㄊㄠˊ ㄘˊ	陶瓷	187
ㄒㄧㄝˊ ㄗ˙	鞋子	187
ㄍㄠ ㄦˇ ㄈㄨ	高爾夫	187
ㄌㄧㄠˇ ㄅㄨˋ ㄑㄧˇ	了不起	186
ㄅㄟˋ ㄈㄣˋ	備份	186
ㄅㄟˋ ㄕㄡˋ	備受	186
ㄋㄧˋ	匿	186
ㄕㄡˋ ㄌㄧˇ	受理	186
ㄋㄚˋ	吶	186
ㄨㄣˋ ㄨㄣˋ	問問	186
ㄒㄩㄝˊ ㄆㄞˋ	學派	186
ㄖㄨㄥˊ ㄐㄧ	容積	186
ㄘㄨㄟ	崔	186
ㄈㄨˊ ㄕˋ	服飾	186
ㄘㄞˊ ㄓˊ	材質	186
ㄓㄨㄟ	椎	186
ㄔㄨㄟˊ	椎	6.351308576902391
ㄕㄣ ㄉㄜ˙	深的	186
ㄅㄧㄥˇ	炳	186
ㄈㄚ ㄕㄥ	發聲	186
ㄐㄧㄢ ㄔㄚˊ ㄩㄢˋ	監察院	186
ㄑㄧㄡ ㄊㄧㄢ	秋天	186
ㄅㄚ ㄌㄟˇ	芭蕾	186
ㄅㄚ ㄌㄟˊ	芭蕾	186
ㄧㄣ	茵	186
ㄑㄧㄥˇ ㄉㄠˋ	請到	186
ㄓㄜˋ ㄉㄨㄟˋ	這對	186
ㄉㄨㄟˋ ㄩㄢˊ	隊員	186
ㄦˋ ㄊㄧㄢ	二天	185
ㄕㄜˊ ㄇㄛ˙ ㄉㄜ˙	什麼的	185
ㄕㄜˊ ㄇㄜ˙ ㄉㄜ˙	什麼的	185
ㄕㄣˊ ㄇㄛ˙ ㄉㄜ˙	什麼的	185
ㄕㄣˊ ㄇㄜ˙ ㄉㄜ˙	什麼的	185
ㄐㄧㄣ ㄊㄧㄢ ㄕˋ	今天是	185
ㄉㄢˋ ㄧㄡˇ	但有	185
ㄌㄞˊ ㄔㄨˋ	來處	185
ㄍㄨㄥ ㄨㄣˊ	公文	185
ㄕㄥ ㄍㄠ	升高	185
ㄈㄢˇ ㄈㄨˋ	反覆	185
ㄉㄚˋ ㄅㄨˊ	大不	185
ㄉㄚˋ ㄅㄨˋ	大不	185
ㄉㄚˋ ㄍㄨㄛˊ	大國	185
ㄏㄠˇ ㄐㄧㄡˇ	好久	185
ㄒㄧˊ	媳	185
ㄒㄧ ㄆㄧˊ	嬉皮	185
ㄓㄨㄢ ㄕㄨˇ	專屬	185
ㄒㄧㄠˇ ㄒㄧㄠˇ ㄉㄜ˙	小小的	185
ㄔㄤˊ ㄐㄧㄢˋ ㄉㄜ˙	常見的	185
ㄌㄧㄢˊ ㄐㄧㄚˋ	廉價	185
ㄍㄠˇ	攪	6.351308576902391
ㄐㄧㄠˇ	攪	185
ㄍㄞˇ ㄇㄧㄥˊ	改名	185
ㄈㄤˋ ㄕㄜˋ	放射	185
ㄓㄥˇ ㄉㄨㄣˋ	整頓	185
ㄧㄡˇ ㄖㄣˊ ㄗㄞˋ	有人在	185
ㄓㄚˋ	柵	185
ㄧˇ ㄗ˙	椅子	185
ㄕㄚ ㄦˇ	沙爾	185
ㄑㄧˋ	泣	185
ㄐㄧ ㄌㄧˋ	激勵	185
ㄨˊ ㄧˋ	無異	185
ㄩˋ ㄕㄢ	玉山	185
ㄒㄧㄢˋ ㄓㄨㄤˋ	現狀	185
ㄧㄤˇ	癢	185
ㄑㄩㄝ ㄕ	缺失	185
ㄌㄠˇ ㄐㄧㄝ	老街	185
ㄗˋ ㄌㄞˊ ㄕㄨㄟˇ	自來水	185
ㄕˋ ㄓㄜ˙	試著	185
ㄋㄨㄥˊ ㄔㄢˇ ㄆㄧㄣˇ	農產品	185
ㄏㄞˋ	駭	185
ㄒㄧㄝˋ	駭	6.351308576902391
ㄆㄛˋ	魄	185
ㄓ ㄉㄠˋ	之道	184
ㄕˋ ㄨˋ ㄙㄨㄛˇ	事務所	184
ㄦˋ ㄕˊ ㄨㄢˋ	二十萬	184
ㄑㄧㄢˊ ㄕㄨˋ	前述	184
ㄏㄨㄚˋ ㄈㄣ	劃分	184
ㄉㄨㄥˋ ㄌㄜ˙	動了	184
ㄕˊ ㄋㄧㄢˊ ㄑㄧㄢˊ	十年前	184
ㄊㄞˊ ㄊㄤˊ	台糖	184
ㄍㄨㄛˊ ㄈㄨˋ	國父	184
ㄗˋ ㄉㄧㄢˇ	字典	184
ㄉㄠˇ ㄌㄢˇ	導覽	184
ㄨ ㄗ˙	屋子	184
ㄆㄧㄥˊ ㄉㄨㄥ ㄒㄧㄢˋ	屏東縣	184
ㄊㄧˊ ㄐㄧˊ	提及	184
ㄕㄡ ㄧˋ	收益	184
ㄕㄨ ㄅㄠ	書包	184
ㄅㄢˇ ㄑㄧㄠˊ	板橋	184
ㄕㄥ ㄙˇ	生死	184
ㄈㄢˋ ㄔㄡˊ	範疇	184
ㄇㄟˇ ㄨㄟˋ	美味	184
ㄌㄠˇ ㄋㄧㄢˊ ㄖㄣˊ	老年人	184
ㄌㄠˇ ㄕˋ	老是	184
ㄊㄨㄣˊ	豚	184
ㄓㄨㄢˇ ㄏㄨㄚˋ	轉化	184
ㄐㄧㄥˇ	阱	184
ㄙㄢ ㄨㄟˋ	三位	183
ㄅㄨˋ ㄊㄨㄥˊ ㄩˊ	不同於	183
ㄅㄨˋ ㄒㄧㄠˇ ㄒㄧㄣ	不小心	183
ㄅㄧㄥˋ ㄐㄧㄤ	並將	183
ㄅㄚ ㄕˊ ㄧ	八十一	183
ㄅㄚ ㄍㄨㄚˋ	八卦	183
ㄎㄜˇ ㄕㄨㄛ ㄕˋ	可說是	183
ㄊㄞˋ ㄕㄠˇ	太少	183
ㄒㄧㄝˇ ㄔㄥˊ	寫成	183
ㄎㄢˇ	嵌	183
ㄑㄧㄢ	嵌	183
ㄑㄧㄢˋ	嵌	183
ㄍㄨㄥ	弓	183
ㄕㄣˋ	滲	183
ㄓㄥˋ ㄏㄡˋ	症候	183
ㄨㄟˇ	緯	183
ㄌㄧㄢˊ ㄏㄜˊ ㄅㄠˋ	聯合報	183
ㄔㄥˊ ㄕˊ	誠實	183
ㄓㄜˋ ㄧˋ ㄉㄧㄢˇ	這一點	183
ㄓㄜˋ ㄍㄜ˙ ㄖㄣˊ	這個人	183
ㄓㄡ ㄑㄧˊ	週期	183
ㄉㄧㄢˋ ㄨㄢˊ	電玩	183
ㄓㄣ ㄘㄜˋ	偵測	182
ㄍㄨㄤ ㄒㄧㄢˋ	光線	182
ㄅㄚ ㄏㄠˋ	八號	182
ㄏㄜˊ ㄔㄤˋ ㄊㄨㄢˊ	合唱團	182
ㄓˊ ㄓㄨㄛˊ	執著	182
ㄉㄚˋ ㄒㄧㄚˋ	大廈	182
ㄉㄚˋ ㄕㄚˋ	大廈	182
ㄒㄩㄝˊ ㄕㄨˋ ㄐㄧㄝˋ	學術界	182
ㄧˊ ㄌㄢˊ ㄒㄧㄢˋ	宜蘭縣	182
ㄗㄨㄣ ㄐㄧㄥˋ	尊敬	182
ㄎㄨㄥˇ ㄏㄜˋ	恐嚇	182
ㄋㄚˊ ㄑㄩˋ	拿去	182
ㄒㄧㄢ ㄑㄧˇ	掀起	182
ㄩㄢˊ ㄓㄨˋ	援助	182
ㄕㄡ ㄕˊ	收拾	182
ㄌㄩˇ ㄒㄧㄥˊ ㄕㄜˋ	旅行社	182
ㄖˋ ㄐㄩˋ	日劇	182
ㄎㄢˋ ㄙˋ	看似	182
ㄘㄞˊ ㄈㄥˊ	裁縫	182
ㄓˋ ㄆㄧㄣˇ	製品	182
ㄐㄧˋ ㄧㄡˇ	計有	182
ㄊㄨㄥ ㄏㄨㄚˋ	通話	182
ㄏㄜˋ	鶴	182
ㄏㄠˊ	鶴	6.351308576902391
ㄙㄢ ㄊㄨㄥ	三通	181
ㄅㄨˊ ㄍㄨˋ	不顧	181
ㄓㄨˇ ㄧㄣ	主因	181
ㄍㄨㄥˋ ㄏㄜˊ ㄉㄤˇ	共和黨	181
ㄅㄧㄥ ㄒㄧㄤ	冰箱	181
ㄧㄡˋ ㄅㄧㄢ	右邊	181
ㄧㄣ ㄗˇ	因子	181
ㄗㄞˋ ㄐㄧㄠˋ	在教	181
ㄉㄧˋ ㄅㄨˋ	地步	181
ㄐㄧㄢ ㄉㄧㄥˋ	堅定	181
ㄉㄚˋ ㄩㄝˋ ㄐㄧㄣˋ	大躍進	181
ㄠˋ ㄉㄧˋ ㄌㄧˋ	奧地利	181
ㄗ ㄕˋ	姿勢	181
ㄉㄧㄥˋ ㄐㄩ	定居	181
ㄉㄠˇ ㄕ	導師	181
ㄔㄥˊ ㄈㄣˋ	成份	181
ㄕㄨ	抒	181
ㄌㄨㄥˇ	攏	181
ㄙㄢˇ ㄨㄣˊ	散文	181
ㄇㄧㄥˊ ㄉㄜˊ	明德	181
ㄧㄤˋ ㄅㄣˇ	樣本	181
ㄘˋ ㄉㄚˋ	次大	181
ㄇㄧㄣˊ ㄓㄥˋ	民政	181
ㄐㄧㄤ ㄗㄜˊ ㄇㄧㄣˊ	江澤民	181
ㄙㄜˋ	澀	181
ㄨㄢˊ ㄉㄜ˙	玩的	181
ㄨㄢˋ ㄉㄜ˙	玩的	181
ㄕㄜˋ ㄏㄨㄟˋ ㄒㄩㄝˊ	社會學	181
ㄈㄨˊ ㄐㄧㄢˋ	福建	181
ㄉㄧˋ ㄐㄧㄡˇ	第九	181
ㄅㄚˋ ㄍㄨㄥ	罷工	181
ㄨㄟˊ	薇	181
ㄐㄧㄥˇ ㄓㄥˋ ㄕㄨˇ	警政署	181
ㄅㄧㄢˋ ㄨㄟˊ	變為	181
ㄍㄨㄛˋ ㄖㄣˊ	過人	181
ㄉㄡ ㄕㄨㄛ	都說	181
ㄉㄧㄢˋ ㄐㄧ	電機	181
ㄨㄟˊ	韋	181
ㄧ ㄌㄡˊ	一樓	180
ㄧˋ ㄌㄡˊ	一樓	180
ㄙㄢ ㄖㄣˊ	三人	180
ㄕㄤˋ ㄅㄞˇ	上百	180
ㄅㄨˋ ㄉㄥˇ	不等	180
ㄓㄨˇ ㄅㄛ	主播	180
ㄓㄨˇ ㄅㄛˋ	主播	180
ㄓㄢˋ ㄧㄡˇ	佔有	180
ㄅㄠˇ ㄧㄡˇ	保有	180
ㄒㄧㄣˋ ㄊㄨˊ	信徒	180
ㄗㄨㄛˋ ㄖㄣˊ	做人	180
ㄔㄨㄥ ㄉㄧㄢˋ	充電	180
ㄑㄩㄢˊ ㄌㄟˇ ㄉㄚˇ	全壘打	180
ㄓㄠˋ ㄐㄧˊ ㄖㄣˊ	召集人	180
ㄐㄧ ㄉㄨ ㄐㄧㄠˋ	基督教	180
ㄕ ㄈㄨˋ	師父	180
ㄔㄨㄤˊ	幢	180
ㄓㄢˋ ㄕˊ	戰時	180
ㄓㄠˇ ㄒㄩㄣˊ	找尋	180
ㄅㄠˋ ㄑㄧㄢˋ	抱歉	180
ㄏㄨㄢˋ ㄐㄩˋ	換句	180
ㄊㄢ ㄈㄢˋ	攤販	180
ㄕㄚ ㄇㄛˋ	沙漠	180
ㄒㄧˇ ㄧ	洗衣	180
ㄌㄧˇ ㄍㄨㄥ	理工	180
ㄈㄚ ㄅㄨˋ	發佈	180
ㄉㄚˊ ㄈㄨˋ	答覆	180
ㄌㄩˋ ㄉㄠˇ	綠島	180
ㄑㄩㄣˊ ㄉㄠˇ	群島	180
ㄌㄨㄛˋ ㄗㄞˋ	落在	180
ㄉㄨㄣ	蹲	180
ㄔㄜ ㄕㄤˋ	車上	180
ㄐㄧㄣˋ ㄧㄡˇ	近有	180
ㄒㄧㄥˇ ㄌㄞˊ	醒來	180
ㄐㄧ ㄉㄢˋ	雞蛋	180
ㄊㄨㄛˊ	駝	180
ㄍㄠ ㄕˋ	高市	180
ㄌㄨˇ ㄅㄧㄣ ㄒㄩㄣˋ	魯賓遜	180
ㄉㄧㄢˇ ㄊㄡˊ	點頭	180
ㄑㄧ ㄍㄜ˙	七個	179
ㄙㄢ ㄏㄠˋ	三號	179
ㄓㄨㄥ ㄔㄤˊ	中常	179
ㄓㄨˇ ㄅㄢˋ ㄉㄢ ㄨㄟˋ	主辦單位	179
ㄍㄜˋ ㄕㄨˋ	個數	179
ㄌㄥˇ ㄐㄧㄥˋ	冷靜	179
ㄕㄢ ㄐㄧㄢˇ	刪減	179
ㄕˊ ㄉㄚˋ	十大	179
ㄋㄢˊ ㄉㄠˇ	南島	179
ㄘㄢ ㄇㄡˊ ㄗㄨㄥˇ ㄓㄤˇ	參謀總長	179
ㄕㄤ ㄐㄧㄚ	商家	179
ㄈㄨˋ ㄖㄣˊ	婦人	179
ㄎㄜˋ ㄐㄧㄚ ㄖㄣˊ	客家人	179
ㄐㄧㄚ ㄧㄡˇ	家有	179
ㄈㄨˋ ㄩˋ	富裕	179
ㄋㄨㄥˋ ㄉㄜˊ	弄得	179
ㄏㄣˇ ㄒㄧˇ ㄏㄨㄢ	很喜歡	179
ㄏㄨㄤˊ	惶	179
ㄐㄧㄡˋ ㄐㄧˋ	救濟	179
ㄅㄧˋ	斃	179
ㄗㄠˇ ㄖˋ	早日	179
ㄇㄧㄥˊ ㄓˋ	明治	179
ㄍㄨㄣˋ	棍	179
ㄐㄧ ㄇㄧˋ	機密	179
ㄈㄚˇ ㄉㄧㄥˋ	法定	179
ㄑㄧㄥ ㄒㄧ	清晰	179
ㄖㄢˊ ㄏㄡˋ ㄐㄧㄡˋ	然後就	179
ㄕㄥ ㄓˊ	生殖	179
ㄇㄤˊ ㄖㄣˊ	盲人	179
ㄕㄨㄟˋ ㄓㄠˊ	睡著	179
ㄉㄧˋ ㄦˋ ㄘˋ	第二次	179
ㄓㄨㄤ ㄗˇ	莊子	179
ㄎㄨㄚˋ ㄍㄨㄛˊ	跨國	179
ㄓㄨˊ ㄋㄧㄢˊ	逐年	179
ㄕˋ ㄉㄨˋ	適度	179
ㄌㄡˋ	陋	179
ㄌㄨˋ ㄐㄩㄣ	陸軍	179
ㄉㄧㄢˋ ㄒㄧㄣˋ ㄐㄩˊ	電信局	179
ㄧ ㄕㄡˇ	一手	178
ㄧˋ ㄕㄡˇ	一手	178
ㄧ ㄐㄩˇ	一舉	178
ㄧˋ ㄐㄩˇ	一舉	178
ㄕˋ ㄐㄧㄝˋ ㄕㄤˋ	世界上	178
ㄐㄧㄠ ㄧˋ ㄙㄨㄛˇ	交易所	178
ㄔㄨ ㄒㄧㄝˇ	出血	178
ㄕㄡˋ ㄏㄞˋ ㄓㄜˇ	受害者	178
ㄉㄢ ㄕㄣ	單身	178
ㄨㄞˋ ㄗ	外資	178
ㄏㄠˇ ㄕˋ	好事	178
ㄏㄠˋ ㄕˋ	好事	178
ㄊㄨㄛˇ ㄕㄢˋ	妥善	178
ㄗˋ ㄊㄧˇ	字體	178
ㄋㄧㄥˊ ㄐㄧㄥˋ	寧靜	178
ㄒㄧㄠˇ ㄋㄩˇ	小女	178
ㄒㄧㄣ ㄌㄧˇ ㄒㄩㄝˊ	心理學	178
ㄐㄩㄢ ㄎㄨㄢˇ	捐款	178
ㄢˋ ㄕˋ	暗示	178
ㄗㄨㄟˋ ㄕㄠˇ	最少	178
ㄩㄝˋ ㄓㄨㄥ	月中	178
ㄆㄥˊ ㄧㄡˇ ㄇㄣˊ	朋友們	178
ㄆㄥˊ ㄧㄡˇ ㄇㄣ˙	朋友們	178
ㄒㄧㄥˋ	杏	178
ㄑㄧˋ ㄧㄡˊ	汽油	178
ㄕㄣ ㄕㄡˋ	深受	178
ㄓㄠˋ ㄇㄧㄥˊ	照明	178
ㄌㄧㄤˊ ㄒㄧㄣ	良心	178
ㄅㄟˋ ㄖㄣˊ	被人	178
ㄧㄠˋ ㄓㄨˋ ㄧˋ	要注意	178
ㄐㄧㄥˇ ㄔㄚˊ ㄐㄩˊ	警察局	178
ㄌㄧㄢˊ ㄌㄨㄛˋ	連絡	178
ㄍㄨㄢ ㄐㄧㄝˊ	關節	178
ㄓㄣˋ ㄧㄥˊ	陣營	178
ㄅㄧˊ ㄗ˙	鼻子	178
ㄧ ㄕˋ	一事	177
ㄧˊ ㄕˋ	一事	177
ㄧˋ ㄐㄧˊ	亦即	177
ㄉㄧㄢˇ ㄈㄢˋ	典範	177
ㄎㄚˇ ㄆㄧㄢˋ	卡片	177
ㄒㄩㄝˊ ㄗˇ	學子	177
ㄕㄢ ㄌㄧㄣˊ	山林	177
ㄨㄛˇ ㄧㄝˇ ㄕˋ	我也是	177
ㄐㄧㄝ ㄋㄚˋ	接納	177
ㄏㄨㄢˋ ㄐㄩˋ ㄏㄨㄚˋ	換句話	177
ㄒㄧㄣ ㄕㄨ	新書	177
ㄨㄢˇ ㄘㄢ	晚餐	177
ㄘㄨㄣ ㄇㄧㄣˊ	村民	177
ㄊㄨㄥˊ	桐	177
ㄇㄨˇ ㄩˇ	母語	177
ㄏㄨㄛˊ ㄕㄨㄟˇ	活水	177
ㄑㄧˊ	淇	177
ㄨˊ ㄅㄨˊ	無不	177
ㄨˊ ㄅㄨˋ	無不	177
ㄨˊ ㄑㄩㄥˊ	無窮	177
ㄓㄨˊ	燭	177
ㄉㄥ ㄌㄨˋ	登陸	177
ㄆㄧㄠˋ ㄈㄤˊ	票房	177
ㄊㄨㄥˊ ㄏㄨㄚˋ	童話	177
ㄆㄧˊ ㄑㄧˋ	脾氣	177
ㄗˋ ㄧㄡˊ ㄇㄠˋ ㄧˋ	自由貿易	177
ㄐㄧㄡˋ ㄐㄧㄣ ㄕㄢ	舊金山	177
ㄓㄨˋ ㄗㄨㄛˋ ㄑㄩㄢˊ ㄈㄚˇ	著作權法	177
ㄉㄡ ㄅㄨˊ ㄏㄨㄟˋ	都不會	177
ㄔㄤˊ ㄩㄢˇ	長遠	177
ㄎㄞ ㄐㄧˋ	開記	177
ㄔㄢˇ	闡	177
ㄕㄨㄤ	霜	177
ㄐㄧㄠ ㄠˋ	驕傲	177
ㄇㄛˊ ㄕㄨˋ	魔術	177
ㄉㄤˇ ㄓㄨˇ ㄒㄧˊ	黨主席	177
ㄧ ㄌㄧㄡˊ	一流	176
ㄧˋ ㄌㄧㄡˊ	一流	176
ㄧ ㄉㄠˋ	一道	176
ㄧˊ ㄉㄠˋ	一道	176
ㄧ ㄊㄧˇ	一體	176
ㄧˋ ㄊㄧˇ	一體	176
ㄅㄨˊ ㄉㄨㄢˋ ㄉㄜ˙	不斷的	176
ㄅㄨˋ ㄐㄩㄝˊ	不絕	176
ㄖㄣˊ ㄕㄡˇ	人手	176
ㄖㄥˊ ㄧㄡˇ	仍有	176
ㄍㄨㄥ ㄧㄥˊ	公營	176
ㄑㄩㄝˋ ㄇㄟˊ ㄧㄡˇ	卻沒有	176
ㄏㄨㄥ	哄	176
ㄏㄨㄥˇ	哄	6.351308576902391
ㄊㄨˊ ㄒㄧㄥˊ	圖形	176
ㄐㄩㄣ ㄏㄥˊ	均衡	176
ㄒㄧㄝˇ ㄕˊ	寫實	176
ㄑㄧˊ	崎	176
ㄗㄨㄛˇ ㄕㄡˇ	左手	176
ㄧㄥˇ ㄧㄣˋ	影印	176
ㄘㄨㄥˊ ㄌㄞˊ ㄇㄟˊ ㄧㄡˇ	從來沒有	176
ㄧㄥ ㄧㄡˇ	應有	176
ㄧㄡ	攸	176
ㄍㄞˇ ㄐㄧㄢˋ	改建	176
ㄖㄨˇ	汝	176
ㄏㄨㄛˊ ㄗㄞˋ	活在	176
ㄏㄨˊ	狐	176
ㄊㄧㄢˊ ㄐㄧㄥˋ	田徑	176
ㄧˊ ㄙˋ	疑似	176
ㄉㄥ ㄕㄢ	登山	176
ㄓˊ ㄐㄩㄝˊ	直覺	176
ㄗㄨㄥˇ ㄜˊ	總額	176
ㄉㄡˋ ㄈㄨˇ	豆腐	176
ㄑㄧˇ ㄔㄨㄤˊ	起床	176
ㄚ ㄧˊ	阿姨	176
ㄩˋ ㄕㄜˋ	預設	176
ㄏㄨˊ	鬍	176
ㄙㄢ ㄧˋ	三億	175
ㄉㄞˋ ㄅㄧㄠˇ ㄒㄧㄥˋ	代表性	175
ㄏㄜˊ ㄅㄨˊ	何不	175
ㄏㄜˊ ㄅㄨˋ	何不	175
ㄕˋ	侍	175
ㄧㄣ ㄨㄟˋ ㄕˋ	因為是	175
ㄊㄨㄛˇ ㄒㄧㄝˊ	妥協	175
ㄍㄚˋ	尬	175
ㄆㄧˋ ㄍㄨˇ	屁股	175
ㄔㄤˊ ㄕˋ	常識	175
ㄜˋ ㄒㄧㄥˋ	惡性	175
ㄈㄤˋ ㄐㄧㄚˋ	放假	175
ㄉㄨㄥ ㄨˊ	東吳	175
ㄍㄡˋ ㄗㄠˋ	構造	175
ㄅㄧㄠ ㄑㄧㄢ	標籤	175
ㄕㄨㄟˇ ㄌㄧㄤˋ	水量	175
ㄒㄧㄠ ㄏㄠˋ	消耗	175
ㄆㄥ	烹	175
ㄒㄧㄢˋ ㄊㄧㄠˊ	線條	175
ㄇㄞˋ ㄌㄨㄛˋ	脈絡	175
ㄏㄠˋ ㄓㄠˋ	號召	175
ㄓㄨㄤ ㄅㄟˋ	裝備	175
ㄕㄣ ㄈㄣ ㄓㄥˋ	身分證	175
ㄕㄣ ㄈㄣˋ ㄓㄥˋ	身分證	175
ㄓㄨㄢˇ ㄨㄟˊ	轉為	175
ㄊㄨㄥ ㄒㄧㄥˊ	通行	175
ㄅㄧㄢ ㄐㄧㄝˋ	邊界	175
ㄅㄨˋ ㄨㄟˋ	部位	175
ㄍㄠ ㄔㄠˊ	高潮	175
ㄧ ㄒㄧㄢˋ	一線	174
ㄧˊ ㄒㄧㄢˋ	一線	174
ㄦˋ ㄋㄧㄢˊ ㄐㄧˊ	二年級	174
ㄊㄚ ㄍㄨㄛˊ	他國	174
ㄙˋ ㄈㄨˊ ㄑㄧˋ	伺服器	174
ㄏㄜˊ ㄖㄣˊ	何人	174
ㄡˇ ㄖㄢˊ	偶然	174
ㄔㄨㄢˊ ㄓㄣ	傳真	174
ㄏㄨㄚˋ ㄓㄨㄤ ㄆㄧㄣˇ	化妝品	174
ㄕㄡˋ ㄧˋ	受益	174
ㄍㄨㄛˊ ㄨˋ	國務	174
ㄍㄨㄛˊ ㄕˋ	國是	174
ㄕˋ ㄅㄧㄥ	士兵	174
ㄉㄚˋ ㄌㄧㄤˋ ㄉㄜ˙	大量的	174
ㄓㄨㄢ ㄌㄢˊ	專欄	174
ㄒㄧㄤ	廂	174
ㄏㄨㄟˋ ㄒㄧㄥ	彗星	174
ㄅㄞˋ ㄊㄨㄛ	拜託	174
ㄋㄚˊ ㄓㄜ˙	拿著	174
ㄓˇ ㄉㄜ˙ ㄕˋ	指的是	174
ㄓㄜˊ	摺	174
ㄓ ㄆㄧㄠˋ	支票	174
ㄐㄧㄠˋ ㄩˋ ㄅㄨˋ ㄓㄤˇ	教育部長	174
ㄈㄤ ㄘㄞˊ	方才	174
ㄒㄧㄥ ㄑㄧˊ ㄧ	星期一	174
ㄕㄨ ㄇㄨˋ	書目	174
ㄕㄨ ㄇㄧㄢˋ ㄅㄠˋ ㄍㄠˋ	書面報告	174
ㄨㄤˇ	枉	174
ㄍㄜˊ ㄐㄩˊ	格局	174
ㄧㄢˊ ㄏㄞˇ	沿海	174
ㄉㄧㄝ	爹	174
ㄅㄞˇ ㄈㄣ ㄓ ㄧ	百分之一	174
ㄒㄧㄥˊ ㄕˋ	行事	174
ㄧㄠˋ ㄒㄧㄝˇ	要寫	174
ㄑㄧㄣ ㄑㄧ	親戚	174
ㄊㄢˊ ㄌㄨㄣˋ	談論	174
ㄅㄧㄢˋ ㄌㄜ˙	變了	174
ㄅㄧㄢˋ ㄍㄜˊ	變革	174
ㄘㄞˊ ㄩㄢˊ	財源	174
ㄐㄧㄣˋ ㄗㄞˋ	近在	174
ㄐㄧㄥˋ ㄐㄧㄥˋ	靜靜	174
ㄈㄥ ㄩˇ	風雨	174
ㄒㄧㄚˋ ㄉㄧㄝˊ	下跌	173
ㄗㄨㄛˋ ㄈㄤ	作坊	173
ㄌㄧㄤˇ ㄉㄤˇ	兩黨	173
ㄍㄤ ㄎㄞ ㄕˇ	剛開始	173
ㄈㄨˋ ㄐㄧㄠˋ ㄕㄡˋ	副教授	173
ㄋㄢˊ ㄐㄧㄥ	南京	173
ㄘㄨㄛˋ	厝	173
ㄓˇ ㄒㄩ	只需	173
ㄒㄧㄤˋ	嚮	173
ㄔㄥˊ ㄒㄧㄤ	城鄉	173
ㄉㄚˋ ㄏㄞˇ	大海	173
ㄊㄚ ㄕˋ	她是	173
ㄗˇ ㄉㄧˋ	子弟	173
ㄐㄧㄡˋ ㄒㄩㄝˊ	就學	173
ㄐㄧㄡˋ ㄧ	就醫	173
ㄍㄢˇ ㄐㄧ	感激	173
ㄘㄞˊ ㄅㄨˊ	才不	173
ㄘㄞˊ ㄅㄨˋ	才不	173
ㄆㄞˊ ㄉㄨㄟˋ	排隊	173
ㄈㄤˋ ㄓˋ	放置	173
ㄓㄢˇ	斬	173
ㄧㄡˇ ㄧˋ ㄙ	有意思	173
ㄧㄡˇ ㄧˋ ㄙˋ	有意思	173
ㄧㄡˇ ㄧˋ ㄙ˙	有意思	173
ㄧㄡˇ ㄍㄨㄢ ㄉㄜ˙	有關的	173
ㄖㄢˊ ㄌㄧㄠˋ	燃料	173
ㄈㄚ ㄗㄨㄛˋ	發作	173
ㄇㄧㄠˊ	瞄	173
ㄓ ㄕˋ ㄈㄣˋ ㄗˇ	知識分子	173
ㄔㄨㄤ ㄎㄡˇ	窗口	173
ㄐㄧㄥ ㄍㄨㄛˊ	經國	173
ㄑㄧˇ ㄇㄚˇ	起碼	173
ㄕˋ ㄉㄤ ㄉㄜ˙	適當的	173
ㄕˋ ㄉㄤˋ ㄉㄜ˙	適當的	173
ㄍㄡ	鉤	173
ㄅㄨˋ ㄐㄩㄝˊ ㄉㄜˊ	不覺得	172
ㄌㄞˊ ㄨㄤˇ	來往	172
ㄑㄩㄢˊ ㄊㄞˊ ㄨㄢ	全台灣	172
ㄕˊ ㄧ ㄉㄧㄢˇ	十一點	172
ㄌㄧㄥˋ ㄧ ㄓㄨㄥˇ	另一種	172
ㄌㄧㄥˋ ㄧˋ ㄓㄨㄥˇ	另一種	172
ㄎㄜˇ ㄒㄧㄥˊ ㄒㄧㄥˋ	可行性	172
ㄔㄥˊ ㄅㄠˇ	城堡	172
ㄅㄠˋ ㄔㄡˊ	報酬	172
ㄏㄠˇ ㄅㄨˋ ㄖㄨㄥˊ ㄧˋ	好不容易	172
ㄘㄨㄣˊ ㄗㄞˋ ㄉㄜ˙	存在的	172
ㄒㄧㄠˇ ㄔ	小吃	172
ㄕˋ ㄔㄤˇ ㄐㄧㄥ ㄐㄧˋ	市場經濟	172
ㄓㄤ ㄏㄨㄚˋ ㄒㄧㄢˋ	彰化縣	172
ㄒㄧㄣ ㄙ	心思	172
ㄒㄧㄣ ㄙ˙	心思	172
ㄍㄢˇ ㄒㄧㄤˇ	感想	172
ㄏㄨㄞˊ ㄩㄣˋ	懷孕	172
ㄔㄤˋ ㄒㄧㄠ	暢銷	172
ㄓㄢˋ ㄊㄧㄥˊ	暫停	172
ㄓㄨㄤ	樁	172
ㄊㄧㄢ ㄐㄧㄚ	添加	172
ㄊㄜˋ ㄉㄧㄢˇ	特點	172
ㄕㄨㄞˋ ㄌㄧㄥˇ	率領	172
ㄅㄧㄥˋ ㄅㄧㄢˋ	病變	172
ㄉㄥ ㄕㄤˋ	登上	172
ㄏㄜˊ ㄗ˙	盒子	172
ㄕㄥˋ ㄒㄧㄥˊ	盛行	172
ㄉㄧˋ ㄙㄢ ㄕˊ	第三十	172
ㄑㄧㄢ ㄉㄧㄥˋ	簽訂	172
ㄑㄧㄢ ㄓㄥˋ	簽證	172
ㄗㄠ ㄍㄠ	糟糕	172
ㄋㄥˊ ㄎㄢˋ	能看	172
ㄗˋ ㄧㄡˊ ㄏㄨㄚˋ	自由化	172
ㄨㄣˊ ㄗˇ	蚊子	172
ㄨㄣˊ ㄗ˙	蚊子	172
ㄈㄨˋ ㄗㄜˊ ㄖㄣˋ	負責任	172
ㄏㄨㄛˋ ㄨˋ	貨物	172
ㄉㄨˇ ㄅㄛˊ	賭博	172
ㄊㄨㄥ ㄔㄜ	通車	172
ㄏㄞˊ ㄅㄨˊ ㄘㄨㄛˋ	還不錯	172
ㄌㄧㄥˊ ㄌㄧㄥˊ	零零	172
ㄊㄧˇ ㄒㄧㄥˊ	體型	172
ㄧ ㄕㄡˇ	一首	171
ㄧˋ ㄕㄡˇ	一首	171
ㄅㄨˋ ㄊㄨㄥ	不通	171
ㄓㄨˇ ㄧˋ	主意	171
ㄖㄣˊ ㄌㄟˋ ㄒㄩㄝˊ	人類學	171
ㄖㄣˋ ㄏㄜˊ ㄉㄜ˙	任何的	171
ㄓㄨˋ ㄐㄧㄚ	住家	171
ㄗㄨㄛˋ ㄨㄢˊ	做完	171
ㄅㄧㄝˊ ㄖㄣˊ ㄉㄜ˙	別人的	171
ㄓㄨˋ ㄧˋ	助益	171
ㄉㄨㄥˋ ㄔㄢˇ	動產	171
ㄐㄧ ㄓㄨㄣˇ	基準	171
ㄏㄠˇ ㄊㄧㄥ	好聽	171
ㄏㄠˋ ㄊㄧㄥ	好聽	171
ㄏㄠˇ ㄌㄞˊ ㄨ	好萊塢	171
ㄏㄠˇ ㄌㄞˊ ㄨˋ	好萊塢	171
ㄒㄧㄣ ㄩㄢˋ	心願	171
ㄙㄨㄛˇ ㄉㄜˊ ㄕㄨㄟˋ	所得稅	171
ㄓㄥˇ ㄊㄧㄢ	整天	171
ㄒㄧㄣ ㄖㄣˋ	新任	171
ㄒㄧㄚˊ	暇	171
ㄒㄧㄚˋ	暇	6.351308576902391
ㄍㄥˋ ㄏㄠˇ ㄉㄜ˙	更好的	171
ㄨㄟˋ ㄘㄥˊ	未曾	171
ㄅㄧˇ ㄩˋ	比喻	171
ㄏㄜˊ ㄌㄧㄡˊ	河流	171
ㄓㄣ ㄓㄨ	珍珠	171
ㄒㄧㄤ ㄐㄧˋ	相繼	171
ㄎㄨㄥˋ ㄉㄧˋ	空地	171
ㄌㄟˇ ㄐㄧˋ	累計	171
ㄓㄨㄥ ㄓˇ	終止	171
ㄏㄨㄢˇ ㄇㄢˋ	緩慢	171
ㄌㄧㄥˊ	聆	171
ㄓˋ ㄆㄧㄢˋ	製片	171
ㄈㄨˋ ㄗㄚˊ ㄉㄜ˙	複雜的	171
ㄒㄧ ㄅㄟˇ	西北	171
ㄐㄩㄝˊ	訣	171
ㄓㄜˋ ㄅㄨˋ ㄆㄧㄢˋ	這部片	171
ㄎㄞ ㄌㄞˊ	開來	171
ㄧㄤˊ ㄇㄧㄥˊ ㄕㄢ	陽明山	171
ㄜˊ ㄉㄨˋ	額度	171
ㄧ ㄗㄨˇ	一組	170
ㄧˋ ㄗㄨˇ	一組	170
ㄧˇ ㄨㄟˊ ㄕˋ	以為是	170
ㄍㄨㄥ ㄕㄨㄟˇ	供水	170
ㄐㄩˊ	侷	170
ㄅㄚ ㄍㄜˋ	八個	170
ㄅㄚ ㄍㄜ˙	八個	170
ㄌㄧˋ ㄩˊ	利於	170
ㄒㄧㄠ ㄐㄧㄢˇ	削減	170
ㄒㄩㄝˋ ㄐㄧㄢˇ	削減	170
ㄕˊ ㄨˇ ㄨㄢˋ	十五萬	170
ㄕˊ ㄏㄠˋ	十號	170
ㄋㄢˊ ㄍㄤˇ	南港	170
ㄧㄝˋ	咽	6.351308576902391
ㄧㄢ	咽	170
ㄧㄢˋ	咽	6.351308576902391
ㄕㄤ ㄅㄧㄠ	商標	170
ㄕㄢˋ ㄩㄥˋ	善用	170
ㄨㄞˋ ㄌㄠˊ	外勞	170
ㄨㄞˋ ㄒㄧㄢˋ	外線	170
ㄉㄚˋ ㄉㄨㄟˋ	大隊	170
ㄏㄠˇ ㄇㄚ˙	好嗎	170
ㄒㄩㄢ ㄕˋ	宣示	170
ㄒㄧㄝˋ	屑	170
ㄒㄩㄝˋ	屑	170
ㄧㄥˇ ㄗ˙	影子	170
ㄏㄣˇ ㄎㄜˇ ㄋㄥˊ	很可能	170
ㄒㄧㄥˋ ㄒㄧㄥˊ ㄨㄟˊ	性行為	170
ㄑㄧㄥˊ ㄐㄧㄥˇ	情景	170
ㄧㄥ ㄉㄤ	應當	170
ㄅㄞˋ ㄏㄨㄟˋ	拜會	170
ㄅㄛˊ	搏	170
ㄙㄢˋ ㄅㄨˋ	散步	170
ㄕㄨˋ ㄖㄣˊ	數人	170
ㄇㄟˋ	昧	170
ㄕˊ ㄕˊ	時時	170
ㄓˋ ㄎㄨˋ	智庫	170
ㄗㄨㄟˋ ㄔㄤˊ	最常	170
ㄧㄥ ㄏㄨㄚ	櫻花	170
ㄒㄧㄠ ㄐㄧˊ	消極	170
ㄓㄨㄣˇ ㄅㄟˋ ㄏㄠˇ	準備好	170
ㄏㄨㄛˇ ㄕㄢ	火山	170
ㄧㄥˊ ㄐㄧㄢˋ ㄕㄨˇ	營建署	170
ㄓㄥˋ ㄏㄡˋ ㄑㄩㄣˊ	症候群	170
ㄒㄧㄢˋ ㄇㄨˋ	羨慕	170
ㄊㄧㄥ ㄉㄜ˙	聽得	170
ㄒㄧ	膝	170
ㄆㄚ	趴	170
ㄐㄧ ㄒㄧㄤˋ	跡象	170
ㄉㄡ ㄅㄧˋ ㄒㄩ	都必須	170
ㄇㄣˊ ㄎㄢˇ	門檻	170
ㄍㄠ ㄐㄧㄝ	高階	170
ㄍㄜ	鴿	170
ㄧ ㄋㄧㄢˊ ㄐㄧˊ	一年級	169
ㄧˋ ㄋㄧㄢˊ ㄐㄧˊ	一年級	169
ㄓ ㄏㄡˋ ㄉㄜ˙	之後的	169
ㄐㄧㄡˇ ㄦˋ ㄧ	九二一	169
ㄖㄣˊ ㄘˋ	人次	169
ㄅㄟˇ ㄑㄩ	北區	169
ㄐㄧˊ ㄖˋ	即日	169
ㄏㄨㄟˊ ㄅㄠˋ	回報	169
ㄊㄚ	塌	169
ㄊㄚˋ	塌	6.351308576902391
ㄗㄨㄛˇ ㄅㄧㄢ	左邊	169
ㄐㄧㄢˋ ㄨˋ	建物	169
ㄒㄧㄣ ㄓˋ	心智	169
ㄅㄢˋ	拌	169
ㄎㄨㄛˋ ㄓㄢˇ	擴展	169
ㄈㄤ ㄍㄨㄥ ㄔˇ	方公尺	169
ㄧㄡˇ ㄕㄤˋ	有上	169
ㄇㄛˋ ㄑㄧˊ	末期	169
ㄅㄛ ㄉㄨㄥˋ	波動	169
ㄆㄛ ㄉㄨㄥˋ	波動	169
ㄑㄧㄥ ㄌㄧˇ	清理	169
ㄔㄢˇ ㄔㄨ	產出	169
ㄔ	痴	169
ㄇㄥˊ	萌	169
ㄒㄧㄥˊ ㄉㄨㄥˋ ㄉㄧㄢˋ ㄏㄨㄚˋ	行動電話	169
ㄉㄧㄥˋ ㄉㄢ	訂單	169
ㄊㄧㄠˋ ㄔㄨ	跳出	169
ㄊㄨˊ ㄓㄨㄥ	途中	169
ㄌㄧㄢˊ ㄉㄞˋ	連帶	169
ㄔㄠ ㄆㄧㄠˋ	鈔票	169
ㄌㄨㄛˊ	鑼	169
ㄒㄧㄢˋ ㄐㄧㄥˇ	陷阱	169
ㄌㄟˋ ㄅㄧㄝˊ	類別	169
ㄊㄧˇ ㄖㄣˋ	體認	169
ㄑㄧ ㄏㄠˋ	七號	168
ㄅㄨˋ ㄏㄠˇ ㄧˋ ㄙ	不好意思	168
ㄅㄨˋ ㄏㄠˇ ㄧˋ ㄙˋ	不好意思	168
ㄅㄨˋ ㄏㄠˇ ㄧˋ ㄙ˙	不好意思	168
ㄐㄧㄠ ㄉㄞˋ	交代	168
ㄖㄣˊ ㄑㄩˋ	人去	168
ㄅㄟ	俾	6.351308576902391
ㄅㄧˋ	俾	168
ㄑㄩㄢˊ ㄅㄨˋ ㄉㄡ	全部都	168
ㄌㄧㄡˋ ㄙˋ	六四	168
ㄎㄜˇ ㄍㄨㄢ	可觀	168
ㄏㄜˊ ㄌㄧˇ ㄉㄜ˙	合理的	168
ㄊㄨㄥˊ ㄧㄝˋ	同業	168
ㄍㄨㄛˊ ㄆㄧㄢˋ	國片	168
ㄊㄤˊ	塘	168
ㄊㄞˋ ㄧㄤˊ ㄋㄥˊ	太陽能	168
ㄏㄠˇ ㄕㄡˇ	好手	168
ㄋㄧˇ ㄉㄜ˙	妳的	168
ㄍㄨㄢ ㄙ	官司	168
ㄐㄧㄤ ㄘㄨㄥˊ	將從	168
ㄏㄡˋ ㄊㄧㄢ	後天	168
ㄍㄢˇ ㄒㄧㄥˋ	感性	168
ㄓㄣˋ ㄒㄧㄥ	振興	168
ㄩˊ ㄐㄧㄣ	於今	168
ㄒㄧˊ ㄖˋ	昔日	168
ㄍㄥˋ ㄕㄣ	更深	168
ㄗㄨㄟˋ ㄒㄧㄣ ㄉㄜ˙	最新的	168
ㄇㄨˋ ㄘㄞˊ	木材	168
ㄘˇ ㄎㄜˋ	此刻	168
ㄕㄨㄟˇ ㄇㄛˋ	水墨	168
ㄩㄥˇ ㄏㄥˊ	永恆	168
ㄩˊ ㄔㄨㄢˊ	漁船	168
ㄓㄨㄛˊ	濁	168
ㄒㄧ ㄋㄧㄡˊ	犀牛	168
ㄨㄤˊ ㄍㄨㄛˊ	王國	168
ㄩㄥˋ ㄘㄢ	用餐	168
ㄐㄩㄢˋ ㄘㄨㄣ	眷村	168
ㄕㄣˊ ㄕㄥˋ	神聖	168
ㄩㄝ ㄕㄨˋ	約束	168
ㄌㄠˇ ㄉㄜ˙	老的	168
ㄒㄧㄥˊ ㄌㄧˇ	行李	168
ㄔㄨㄥ ㄉㄨㄥˋ	衝動	168
ㄏㄜˊ	褐	168
ㄨˋ ㄏㄨㄟˋ	誤會	168
ㄩㄥˇ	踴	168
ㄩㄥˇ ㄩㄝˋ	踴躍	168
ㄐㄧㄥˋ	逕	168
ㄎㄞ ㄙㄞˋ	開賽	168
ㄕˋ ㄖㄣˊ	世人	167
ㄧˇ ㄒㄧㄚˋ ㄉㄜ˙	以下的	167
ㄌㄧㄤˇ ㄢˋ ㄍㄨㄢ ㄒㄧˋ	兩岸關係	167
ㄈㄣ ㄅㄧㄢˋ	分辨	167
ㄓㄨˋ ㄐㄧㄠˋ	助教	167
ㄎㄜˇ ㄎㄡˇ	可口	167
ㄗˇ ㄙㄨㄣ	子孫	167
ㄉㄧㄥˋ ㄕˊ	定時	167
ㄓㄨㄢ ㄖㄣˋ	專任	167
ㄗㄜˇ ㄇㄛ˙ ㄗㄨㄛˋ	怎麼做	167
ㄗㄜˇ ㄇㄜ˙ ㄗㄨㄛˋ	怎麼做	167
ㄗㄣˇ ㄇㄛ˙ ㄗㄨㄛˋ	怎麼做	167
ㄗㄣˇ ㄇㄜ˙ ㄗㄨㄛˋ	怎麼做	167
ㄧㄡ ㄩˋ	憂鬱	167
ㄉㄚˇ ㄅㄢˋ	打扮	167
ㄓㄠ ㄏㄨ	招呼	167
ㄓㄠ ㄉㄞˋ	招待	167
ㄙ ㄒㄧㄚˋ	私下	167
ㄎㄨㄥ ㄅㄞˊ	空白	167
ㄎㄨㄥˋ ㄅㄞˊ	空白	167
ㄐㄧㄝˊ ㄑㄧㄥˋ	節慶	167
ㄌㄧˋ ㄗˇ	粒子	167
ㄨㄢˋ ㄨˋ	萬物	167
ㄒㄧㄤ	襄	167
ㄓㄜˋ ㄐㄧˇ ㄊㄧㄢ	這幾天	167
ㄈㄟ ㄔㄤˊ ㄓㄨㄥˋ ㄧㄠˋ	非常重要	167
ㄉㄤˇ ㄋㄟˋ	黨內	167
ㄉㄤˇ ㄩㄢˊ	黨員	167
ㄓㄨㄥ ㄒㄧㄢˋ	中縣	166
ㄦˋ ㄈㄣ	二分	166
ㄎㄚˇ ㄊㄜˋ	卡特	166
ㄇㄧ	咪	166
ㄏㄨㄞˋ ㄖㄣˊ	壞人	166
ㄉㄚˋ ㄍㄨㄥ	大公	166
ㄉㄚˋ ㄨㄟˊ	大為	166
ㄆㄧㄥˊ ㄉㄧˋ	平地	166
ㄅㄟ ㄞ	悲哀	166
ㄧˋ ㄕˋ ㄉㄠˋ	意識到	166
ㄊㄨㄛ ㄦˊ	托兒	166
ㄅㄢ ㄉㄠˋ	搬到	166
ㄈㄤˋ ㄖㄨˋ	放入	166
ㄒㄧㄥ ㄑㄧˊ ㄌㄧㄡˋ	星期六	166
ㄓㄚˊ	札	166
ㄉㄨㄥ ㄏㄞˇ	東海	166
ㄇㄟˇ ㄉㄤ	每當	166
ㄓㄠˋ ㄒㄧㄤˋ	照相	166
ㄅㄞˇ ㄈㄣ ㄓ ㄅㄞˇ	百分之百	166
ㄎㄨㄥ ㄉㄜ˙	空的	166
ㄐㄧㄥ ㄌㄧˋ	精力	166
ㄏㄤˊ ㄒㄧㄢˋ	航線	166
ㄩˊ	虞	166
ㄔㄨㄛˋ	輟	166
ㄩㄣˋ ㄙㄨㄢˋ	運算	166
ㄏㄠˇ ㄅㄛˊ ㄘㄨㄣ	郝柏村	166
ㄎㄞ ㄨㄢˊ ㄒㄧㄠˋ	開玩笑	166
ㄆㄛˇ ㄨㄟˊ	頗為	166
ㄌㄨㄥˊ ㄊㄡˊ	龍頭	166
ㄕㄤˋ ㄇㄧㄢˋ ㄉㄜ˙	上面的	165
ㄓ ㄐㄧㄚ	之家	165
ㄨˇ ㄅㄞˇ ㄨㄢˋ	五百萬	165
ㄒㄧㄣˋ ㄒㄧㄤ	信箱	165
ㄐㄧㄣˇ ㄎㄨㄞˋ	儘快	165
ㄐㄧㄣˋ ㄎㄨㄞˋ	儘快	165
ㄍㄨㄥ ㄑㄩㄢˊ	公權	165
ㄔㄨ ㄌㄨˋ	出路	165
ㄏㄜˊ ㄏㄨ	合乎	165
ㄧㄚ ㄧˋ	壓抑	165
ㄉㄚˋ ㄐㄧㄝ	大街	165
ㄙㄠˇ	嫂	165
ㄙㄠ˙	嫂	165
ㄒㄧㄤˇ ㄅㄨˊ ㄉㄠˋ	想不到	165
ㄧㄡˇ ㄕˋ	有事	165
ㄇㄟˇ ㄓㄡ	每週	165
ㄆㄟˋ	沛	165
ㄖㄜˋ ㄉㄜ˙	熱的	165
ㄅㄢˇ ㄇㄧㄢˋ	版面	165
ㄐㄧㄣˋ ㄌㄧˋ	盡力	165
ㄨㄤˇ ㄌㄨㄛˋ	網絡	165
ㄇㄧㄠˊ ㄌㄧˋ ㄒㄧㄢˋ	苗栗縣	165
ㄈㄢ	蕃	165
ㄈㄢˊ	蕃	6.351308576902391
ㄉㄢˋ ㄍㄠ	蛋糕	165
ㄑㄧㄣ ㄧㄡˇ	親友	165
ㄑㄧㄣ ㄞˋ	親愛	165
ㄙㄨㄥˋ	誦	165
ㄇㄞˋ ㄔㄨ	賣出	165
ㄆㄟˋ ㄅㄟˋ	配備	165
ㄐㄧㄥˋ ㄗ˙	鏡子	165
ㄉㄨㄟˋ ㄓㄤˇ	隊長	165
ㄙㄨㄟˋ ㄉㄠˋ	隧道	165
ㄈㄥ ㄑㄧㄥˊ	風情	165
ㄍㄠ ㄧ	高一	165
ㄧ ㄑㄧㄢ ㄉㄨㄛ	一千多	164
ㄧ ㄈㄢ	一番	164
ㄧˋ ㄈㄢ	一番	164
ㄓㄨㄥ ㄍㄨㄤˇ	中廣	164
ㄖㄣˋ ㄑㄧˊ	任期	164
ㄌㄞˊ ㄓ	來之	164
ㄔㄨㄥ ㄈㄣˋ	充份	164
ㄗㄞˋ ㄅㄨˊ	再不	164
ㄗㄞˋ ㄅㄨˋ	再不	164
ㄔㄨ ㄩˊ	出於	164
ㄐㄧㄢˇ ㄐㄧㄝ	剪接	164
ㄔㄨㄤˋ ㄗㄠˋ ㄌㄧˋ	創造力	164
ㄉㄨㄛ ㄧㄤˋ ㄒㄧㄥˋ	多樣性	164
ㄉㄚˋ ㄧㄡˇ	大有	164
ㄑㄧㄣˇ	寢	164
ㄋㄧˊ ㄎㄜˋ	尼克	164
ㄐㄩ ㄐㄧㄚ	居家	164
ㄕˇ	屎	164
ㄕˋ ㄔㄤˇ ㄕㄤˋ	市場上	164
ㄏㄡˋ ㄏㄨㄟˇ	後悔	164
ㄘˊ ㄕㄢˋ	慈善	164
ㄙㄨㄛˇ ㄗㄨㄛˋ ㄉㄜ˙	所做的	164
ㄊㄡˊ ㄓㄨˋ	投注	164
ㄘㄨㄟ ㄏㄨㄟˇ	摧毀	164
ㄧㄡˇ ㄉㄨㄟˋ	有對	164
ㄈㄟˋ	沸	164
ㄈㄨˊ	沸	164
ㄎㄜˇ ㄨㄤˋ	渴望	164
ㄘㄤ	滄	164
ㄧㄤˊ	瘍	164
ㄎㄢˋ ㄧˊ ㄒㄧㄚˋ	看一下	164
ㄗㄚˊ	砸	164
ㄊㄨㄥˇ ㄊㄨㄥˇ	統統	164
ㄐㄧㄣˇ ㄇㄧˋ	緊密	164
ㄍㄤ	缸	164
ㄅㄛˊ	脖	164
ㄨㄢˋ ㄌㄧˇ	萬里	164
ㄗㄡˇ ㄕˋ	走勢	164
ㄏㄞˊ ㄅㄨˊ ㄕˋ	還不是	164
ㄚ ㄈㄨˋ ㄏㄢˋ	阿富汗	164
ㄩˊ ㄌㄟˋ	魚類	164
ㄖㄣˋ ㄓˊ	任職	163
ㄌㄞˊ ㄈㄤˇ	來訪	163
ㄅㄚ ㄨㄢˋ	八萬	163
ㄩㄣˊ	勻	163
ㄋㄢˊ ㄌㄨˋ	南路	163
ㄎㄜˇ ㄋㄥˊ ㄗㄞˋ	可能在	163
ㄡ	嘔	6.351308576902391
ㄡˇ	嘔	163
ㄡˋ	嘔	6.351308576902391
ㄗㄞˋ ㄏㄤˊ	在行	163
ㄎㄢˇ	坎	163
ㄨㄞˋ ㄕㄥˇ	外省	163
ㄊㄧㄢ ㄓㄥˋ	天正	163
ㄎㄜˋ ㄑㄧˋ	客氣	163
ㄓㄨㄢ ㄒㄧㄢˋ	專線	163
ㄓㄨㄢ ㄈㄤˇ	專訪	163
ㄕˋ ㄧˋ ㄩㄢˊ	市議員	163
ㄔㄨㄤˊ ㄕㄤˋ	床上	163
ㄉㄜ˙ ㄌㄞˊ	得來	163
ㄔㄡ ㄧㄢ	抽煙	163
ㄕㄡ ㄏㄨㄟˊ	收回	163
ㄙㄢˋ ㄈㄚ	散發	163
ㄍㄥ ㄏㄨㄢˋ	更換	163
ㄧㄡˇ ㄐㄧㄣˋ	有進	163
ㄅㄣˇ ㄅㄠˋ	本報	163
ㄉㄨㄥ ㄅㄟˇ ㄅㄨˋ	東北部	163
ㄍㄨㄟ ㄋㄚˋ	歸納	163
ㄅㄧˇ ㄈㄤ ㄕㄨㄛ	比方說	163
ㄇㄧㄣˊ ㄓㄨˇ ㄉㄤˇ	民主黨	163
ㄏㄞˇ ㄕㄣ	海參	163
ㄩㄢˊ	爰	163
ㄗㄨㄥˇ ㄨˋ	總務	163
ㄎㄠˇ ㄏㄜˊ	考核	163
ㄌㄧㄢˊ ㄓㄠ	聯招	163
ㄐㄩˇ ㄌㄧˋ	舉例	163
ㄏㄨㄚˊ ㄨㄣˊ	華文	163
ㄌㄨㄛˋ ㄉㄧˋ	落地	163
ㄒㄧㄠ ㄨㄢˋ ㄔㄤˊ	蕭萬長	163
ㄐㄧㄝˋ ㄎㄡˇ	藉口	163
ㄩㄣˋ ㄑㄧˋ	運氣	163
ㄏㄞˊ ㄕˋ ㄗㄞˋ	還是在	163
ㄏㄨㄢˊ ㄍㄟˇ	還給	163
ㄧㄠˋ	鑰	163
ㄩㄝˋ	鑰	6.351308576902391
ㄧㄝˋ ㄇㄧㄢˋ	頁面	163
ㄧ ㄉㄠˋ	一到	162
ㄧˊ ㄉㄠˋ	一到	162
ㄕˊ ㄕˋ	十世	162
ㄕˇ ㄌㄧㄠˋ	史料	162
ㄙˋ ㄋㄧㄢˊ ㄐㄧˊ	四年級	162
ㄒㄩㄝˊ ㄒㄩㄝˊ	學學	162
ㄉㄨㄟˋ ㄅㄨˋ ㄑㄧˇ	對不起	162
ㄒㄧㄠˇ ㄅㄞˊ	小白	162
ㄐㄧㄡˋ ㄑㄩˋ	就去	162
ㄋㄧㄢˊ ㄑㄧㄥ ㄉㄜ˙	年輕的	162
ㄐㄧˇ ㄑㄧㄢ	幾千	162
ㄊㄡˊ ㄧㄥˇ	投影	162
ㄆㄥ	抨	162
ㄏㄨㄢˋ ㄐㄩˋ ㄏㄨㄚˋ ㄕㄨㄛ	換句話說	162
ㄙ	撕	162
ㄩˊ ㄘˇ	於此	162
ㄕㄨ ㄐㄩˊ	書局	162
ㄧㄡˇ ㄕㄥ	有聲	162
ㄧㄡˇ ㄘㄨㄛˋ	有錯	162
ㄐㄧㄢˇ ㄈㄤ	檢方	162
ㄒㄧ ㄌㄧㄡˊ	溪流	162
ㄊㄧㄢˊ ㄧㄝˇ	田野	162
ㄊㄨ	禿	162
ㄓㄢˋ ㄑㄧˇ ㄌㄞˊ	站起來	162
ㄩㄝ ㄏㄢˋ	約翰	162
ㄗˋ ㄓˋ	自製	162
ㄏㄨㄚˊ ㄌㄧˋ	華麗	162
ㄩˇ ㄧˋ	語意	162
ㄎㄜˋ ㄨㄞˋ	課外	162
ㄇㄞˋ ㄔㄤˇ	賣場	162
ㄗㄚˊ ㄏㄨㄛˋ	雜貨	162
ㄌㄧㄥˇ ㄑㄩˇ	領取	162
ㄧ ㄏㄤˊ	一行	161
ㄧ ㄒㄧㄥˊ	一行	161
ㄧˋ ㄏㄤˊ	一行	161
ㄧˋ ㄒㄧㄥˊ	一行	161
ㄈㄨˇ	俯	161
ㄔㄨㄢˊ ㄉㄠˋ	傳到	161
ㄉㄨㄥˋ ㄩㄥˋ	動用	161
ㄍㄜˋ ㄐㄧˊ	各級	161
ㄉㄚˋ ㄒㄧㄤˋ	大象	161
ㄐㄧㄢ	姦	161
ㄨㄟ ㄌㄧˋ	威力	161
ㄆㄛˊ ㄆㄛˊ	婆婆	161
ㄆㄛˊ ㄆㄛ˙	婆婆	161
ㄇㄟˋ	媚	161
ㄉㄠˇ ㄩˇ	島嶼	161
ㄎㄨˋ ㄘㄨㄣˊ	庫存	161
ㄅㄠˋ ㄔˊ	抱持	161
ㄇㄧㄠˊ ㄏㄨㄟˋ	描繪	161
ㄐㄧˊ ㄅㄞˋ	擊敗	161
ㄅㄧㄣ	斌	161
ㄑㄧˊ ㄆㄢˋ	期盼	161
ㄏㄥˊ ㄅㄧㄣ	橫濱	161
ㄑㄧ ㄆㄧㄢˋ	欺騙	161
ㄅㄧˇ ㄉㄨㄟˋ	比對	161
ㄇㄧㄣˊ ㄐㄧㄢ ㄊㄨㄢˊ ㄊㄧˇ	民間團體	161
ㄋㄨㄥˊ ㄉㄨˋ	濃度	161
ㄏㄨㄢˋ	煥	161
ㄩㄥˋ ㄈㄚˇ	用法	161
ㄓㄨㄥˋ ㄕㄥ	眾生	161
ㄐㄩㄣˇ	窘	6.351308576902391
ㄐㄩㄥˇ	窘	161
ㄍㄨㄢˇ ㄒㄧㄢˋ	管線	161
ㄆㄧㄣˋ ㄑㄧㄥˇ	聘請	161
ㄆㄧㄥˋ ㄑㄧㄥˇ	聘請	161
ㄈㄥˋ ㄘˋ	諷刺	161
ㄘˊ ㄓˊ	辭職	161
ㄋㄨㄥˊ ㄉㄧˋ	農地	161
ㄍㄨㄛˋ ㄈㄣˋ	過分	161
ㄏㄞˊ ㄙㄨㄢˋ	還算	161
ㄙㄨ	酥	161
ㄆㄟˊ ㄊㄨㄥˊ	陪同	161
ㄧ ㄕˊ ㄐㄧㄢ	一時間	160
ㄧˋ ㄕˊ ㄐㄧㄢ	一時間	160
ㄑㄧ ㄕˊ ㄅㄚ	七十八	160
ㄙㄢ ㄔㄥˊ	三成	160
ㄅㄨˊ ㄍㄨㄛˋ ㄕˋ	不過是	160
ㄅㄨˋ ㄍㄨㄛˋ ㄕˋ	不過是	160
ㄓㄨㄥ ㄉㄨㄢˋ	中斷	160
ㄓㄨㄥ ㄓˊ	中職	160
ㄧㄝˇ ㄒㄩˇ ㄕˋ	也許是	160
ㄓㄨˋ ㄩㄢˋ	住院	160
ㄆㄧㄢ ㄆㄧㄢ	偏偏	160
ㄐㄧㄢ ㄐㄩˋ	兼具	160
ㄓㄨˋ ㄒㄩㄝˊ	助學	160
ㄩㄢˊ ㄓㄨˋ ㄇㄧㄣˊ ㄗㄨˊ	原住民族	160
ㄞ	唉	160
ㄗㄞˋ ㄕㄥ	在生	160
ㄊㄢˇ ㄔㄥˊ	坦承	160
ㄓˊ ㄒㄧㄥˊ ㄓㄤˇ	執行長	160
ㄒㄧㄚˋ ㄐㄧˋ	夏季	160
ㄊㄧㄢ ㄓㄨˇ ㄐㄧㄠˋ	天主教	160
ㄗㄨㄥ ㄓˇ	宗旨	160
ㄉㄨˋ ㄐㄧㄚˋ	度假	160
ㄍㄨㄞˋ ㄍㄨㄞˋ	怪怪	160
ㄍㄜ ㄅㄚ ㄑㄧˋ ㄈㄨ	戈巴契夫	160
ㄨㄛˇ ㄉㄠˋ	我到	160
ㄆㄥ ㄐㄧˊ	抨擊	160
ㄢˋ ㄒㄧㄚˋ	按下	160
ㄆㄞˊ ㄏㄤˊ	排行	160
ㄓㄥˇ ㄓㄥˇ	整整	160
ㄒㄧㄣ ㄅㄟˇ ㄕˋ	新北市	160
ㄖˋ ㄐㄩˋ ㄕˊ ㄑㄧˊ	日據時期	160
ㄏㄨㄟˋ ㄧㄠˋ	會要	160
ㄌㄢˇ	欖	160
ㄌㄧˋ ㄋㄧㄢˊ	歷年	160
ㄕㄚ ㄊㄢ	沙灘	160
ㄩㄥˇ ㄔˊ	泳池	160
ㄎㄨㄟˋ ㄧㄤˊ	潰瘍	160
ㄊㄜˋ ㄑㄩㄢˊ	特權	160
ㄖㄨㄟˋ ㄉㄧㄢˇ	瑞典	160
ㄔㄡˊ ㄅㄟˋ ㄔㄨˋ	籌備處	160
ㄐㄧㄣˇ ㄐㄧㄣˇ	緊緊	160
ㄅㄧㄢ ㄇㄚˇ	編碼	160
ㄌㄢˇ	纜	160
ㄌㄢˋ	纜	6.351308576902391
ㄌㄠˇ ㄐㄧㄚ	老家	160
ㄌㄧㄢˊ ㄅㄤ ㄓㄥˋ ㄈㄨˇ	聯邦政府	160
ㄔㄨㄢˊ ㄩㄢˊ	船員	160
ㄈㄨˊ	芙	160
ㄓㄠˊ ㄧㄢˇ	著眼	160
ㄓㄨㄛˊ ㄧㄢˇ	著眼	160
ㄐㄧㄝˋ ㄧˇ	藉以	160
ㄉㄨˊ ㄉㄜ˙	讀的	160
ㄌㄧㄣˊ ㄒㄩㄢˇ	遴選	160
ㄓㄣˋ ㄍㄨㄥ ㄙㄨㄛˇ	鎮公所	160
ㄎㄞ ㄉㄠ	開刀	160
ㄨㄣˊ	雯	160
ㄌㄧㄣˊ	霖	160
ㄙㄢ ㄕˊ ㄙㄢ	三十三	159
ㄅㄨˋ ㄐㄧㄝˇ	不解	159
ㄓㄨㄥ ㄩㄢˊ	中原	159
ㄐㄧㄠ ㄊㄢˊ	交談	159
ㄖㄣˊ ㄊㄡˊ	人頭	159
ㄋㄧˇ ㄐㄧㄤˇ	你講	159
ㄔㄨˊ ㄅㄟˋ	儲備	159
ㄑㄩˋ ㄔㄨˋ	去處	159
ㄕㄡˋ ㄙㄨㄣˇ	受損	159
ㄉㄨㄛ ㄋㄧㄢˊ ㄌㄞˊ	多年來	159
ㄉㄨㄛ ㄩㄣˊ	多雲	159
ㄉㄚˋ ㄅㄢˋ	大半	159
ㄒㄧㄢˊ ㄈㄢˋ	嫌犯	159
ㄒㄧㄠˇ ㄖㄣˊ	小人	159
ㄐㄧㄡˋ ㄧㄥ	就應	159
ㄕㄢ ㄕㄨㄟˇ	山水	159
ㄅㄧˋ ㄢˋ	弊案	159
ㄑㄧㄥˊ ㄩˋ	情慾	159
ㄕㄡ ㄓ	收支	159
ㄕㄡ ㄌㄨˋ	收錄	159
ㄓㄥˇ ㄑㄧˊ	整齊	159
ㄍㄣ ㄩㄢˊ	根源	159
ㄊㄧㄠˊ ㄩㄝ	條約	159
ㄕㄣ ㄔㄨˋ	深處	159
ㄅㄧㄣ	瀕	159
ㄆㄧㄣˊ	瀕	6.351308576902391
ㄨㄟˊ ㄧㄠˋ	為要	159
ㄓ ㄇㄧㄥˊ ㄉㄜ˙	知名的	159
ㄒㄧˋ	矽	159
ㄕㄜˋ ㄐㄧㄠ	社交	159
ㄘㄜˋ ㄏㄨㄚˋ	策劃	159
ㄔㄨㄛˋ	綽	159
ㄑㄩㄣˊ ㄊㄧˇ	群體	159
ㄉㄨㄥˇ ㄕˋ ㄏㄨㄟˋ	董事會	159
ㄖㄨㄥˊ	蓉	159
ㄎㄜˋ ㄅㄣˇ	課本	159
ㄩˊ ㄌㄨㄣˋ	輿論	159
ㄒㄩㄢˇ ㄉㄧㄥˋ	選定	159
ㄚ ㄍㄨㄥ	阿公	159
ㄒㄧㄢˋ ㄉㄧㄥˋ	限定	159
ㄧㄣ ㄒㄧㄤˇ	音響	159
ㄩˋ ㄙㄨㄢˋ ㄢˋ	預算案	159
ㄆㄧㄣˊ ㄆㄧㄣˊ	頻頻	159
ㄐㄩㄣˋ	駿	159
ㄉㄤˇ ㄆㄞˋ	黨派	159
ㄑㄧ ㄔㄥˊ	七成	158
ㄙㄢ ㄉㄚˋ	三大	158
ㄓㄨˇ ㄈㄨˋ	主婦	158
ㄅㄛˊ ㄅㄛˊ	伯伯	158
ㄅㄛˊ ㄅㄛ˙	伯伯	158
ㄊㄨˊ ㄒㄧㄢˇ	凸顯	158
ㄕˊ ㄕˋ ㄐㄧˋ	十世紀	158
ㄧㄡˇ ㄕㄢˋ	友善	158
ㄍㄜˋ ㄒㄧㄢˋ	各縣	158
ㄗㄠˋ ㄧㄣ	噪音	158
ㄧㄢˊ ㄐㄧㄣˇ	嚴謹	158
ㄉㄚˋ ㄍㄜ ㄉㄚˋ	大哥大	158
ㄘㄨㄥˊ ㄐㄧㄣ ㄊㄧㄢ	從今天	158
ㄕㄣˋ ㄓㄨㄥˋ	慎重	158
ㄓˇ ㄐㄧㄠˋ	指教	158
ㄐㄧㄠ ㄕㄨ	教書	158
ㄖˋ ㄐㄧㄢˋ	日漸	158
ㄏㄨㄟˋ ㄙㄨㄛˇ	會所	158
ㄓㄨˋ ㄇㄨˋ	注目	158
ㄏㄢˋ ㄅㄠˇ	漢堡	158
ㄔㄜˋ	澈	158
ㄌㄢˋ ㄩㄥˋ	濫用	158
ㄕㄣˋ ㄓˋ ㄩˊ	甚至於	158
ㄕㄥ ㄨˋ ㄒㄩㄝˊ	生物學	158
ㄌㄧㄡˊ ㄧˋ	留意	158
ㄇㄨˋ ㄍㄨㄤ	目光	158
ㄎㄨㄥ ㄋㄢˋ	空難	158
ㄦˊ ㄨˊ	而無	158
ㄈㄤˊ	肪	158
ㄧㄝˋ ㄗ˙	葉子	158
ㄑㄧㄣ ㄐㄧㄣˋ	親近	158
ㄉㄧㄢˋ ㄒㄧㄣˋ ㄗㄨㄥˇ ㄐㄩˊ	電信總局	158
ㄉㄧㄢˋ ㄗˇ ㄧㄡˊ ㄐㄧㄢˋ	電子郵件	158
ㄈㄟ ㄕㄤ ㄧㄝˋ	非商業	158
ㄒㄧㄚˋ ㄔㄜ	下車	157
ㄓㄨㄥ ㄋㄢˊ ㄅㄨˋ	中南部	157
ㄓㄨㄥ ㄌㄧˋ	中立	157
ㄖㄣˋ ㄏㄜˊ ㄖㄣˊ	任何人	157
ㄉㄢˋ ㄕˋ ㄧㄡˇ	但是有	157
ㄅㄠˇ ㄑㄩㄢˊ	保全	157
ㄍㄜˋ ㄖㄣˊ ㄉㄧㄢˋ ㄋㄠˇ	個人電腦	157
ㄅㄚ ㄕˊ ㄙㄢ ㄋㄧㄢˊ	八十三年	157
ㄉㄠˋ ㄗㄨㄟˋ ㄏㄡˋ	到最後	157
ㄐㄧˊ ㄕˇ ㄕˋ	即使是	157
ㄎㄜˇ ㄈㄡˇ	可否	157
ㄎㄚˇ	咳	6.351308576902391
ㄎㄜˊ	咳	157
ㄎㄞˋ	咳	6.351308576902391
ㄏㄞ	咳	6.351308576902391
ㄨㄞˋ ㄒㄧㄥˊ	外型	157
ㄐㄧㄡˋ ㄘˇ	就此	157
ㄕˋ ㄓㄨㄥ ㄒㄧㄣ	市中心	157
ㄋㄧㄢˊ ㄓㄨㄥ	年中	157
ㄒㄧㄤˇ ㄒㄧㄤˋ ㄌㄧˋ	想像力	157
ㄈㄤˋ ㄙㄨㄥ	放鬆	157
ㄐㄧㄠˋ ㄓˊ	教職	157
ㄨㄣˊ ㄉㄚˋ	文大	157
ㄨㄤˋ ㄩㄢˇ	望遠	157
ㄅㄧㄥˇ	柄	157
ㄓㄨㄛ ㄗ˙	桌子	157
ㄌㄡˊ ㄊㄧ	樓梯	157
ㄇㄛˊ ㄊㄜˋ ㄦ	模特兒	157
ㄇㄛˊ ㄊㄜˋ ㄦˊ	模特兒	157
ㄍㄜ ㄨˇ	歌舞	157
ㄨ ㄖㄢˇ	汙染	157
ㄇㄛˋ	沫	157
ㄆㄞˋ ㄒㄧˋ	派系	157
ㄊㄢˋ	炭	157
ㄕㄢ ㄏㄨˊ ㄐㄧㄠ	珊瑚礁	157
ㄒㄧㄤ ㄉㄨㄟˋ ㄉㄜ˙	相對的	157
ㄎㄢˋ ㄉㄜˊ ㄉㄠˋ	看得到	157
ㄎㄢˋ ㄉㄜ˙ ㄉㄠˋ	看得到	157
ㄐㄧㄥ ㄏㄨㄚˊ	精華	157
ㄓ ㄐㄧㄚ ㄍㄜ	芝加哥	157
ㄓㄨˋ ㄇㄧㄥˊ ㄉㄜ˙	著名的	157
ㄓˋ ㄗㄠˋ ㄧㄝˋ	製造業	157
ㄍㄨㄢ ㄇㄛˊ	觀摩	157
ㄕㄨㄛ ㄨㄢˊ	說完	157
ㄍㄨㄢ ㄎㄚˇ	關卡	157
ㄍㄨㄢ ㄐㄧㄢˋ ㄗˋ	關鍵字	157
ㄈㄤˊ ㄩˋ	防禦	157
ㄔㄣˊ ㄇㄧㄥˊ	陳明	157
ㄌㄧˊ ㄑㄩˋ	離去	157
ㄕㄡˇ ㄧㄠˋ	首要	157
ㄊㄧˇ ㄋㄟˋ	體內	157
ㄧ ㄎㄡˇ ㄑㄧˋ	一口氣	156
ㄧˋ ㄎㄡˇ ㄑㄧˋ	一口氣	156
ㄧ ㄍㄨˇ	一股	156
ㄧˋ ㄍㄨˇ	一股	156
ㄙㄢ ㄕˊ ㄉㄨㄛ	三十多	156
ㄅㄨˋ ㄍㄠ	不高	156
ㄧㄝˇ ㄒㄧㄤˇ	也想	156
ㄖㄥˊ ㄐㄧㄡˋ	仍舊	156
ㄊㄧㄥˊ ㄒㄧㄚˋ	停下	156
ㄩㄢˊ ㄉㄢˋ	元旦	156
ㄅㄚ ㄔㄥˊ	八成	156
ㄈㄣ ㄍㄜ	分割	156
ㄈㄣ ㄐㄧㄝˇ	分解	156
ㄘㄨㄥ ㄘㄨㄥ	匆匆	156
ㄎㄣˇ ㄉㄧㄥ ㄍㄨㄛˊ ㄐㄧㄚ ㄍㄨㄥ ㄩㄢˊ	墾丁國家公園	156
ㄉㄨㄛ ㄐㄧㄚ	多加	156
ㄘㄨㄣˊ ㄏㄨㄛˊ	存活	156
ㄖㄨㄥˊ ㄒㄩˇ	容許	156
ㄒㄧㄤˇ ㄗㄨㄛˋ	想做	156
ㄓㄢˋ ㄍㄨㄛˊ	戰國	156
ㄐㄧㄚˊ	挾	156
ㄒㄧㄚˊ	挾	6.351308576902391
ㄒㄧㄝˊ	挾	6.351308576902391
ㄐㄧㄠˋ ㄩˋ ㄊㄧㄥ	教育廳	156
ㄒㄧㄥ ㄑㄧˊ ㄊㄧㄢ	星期天	156
ㄨㄟˋ ㄧㄡˇ	未有	156
ㄅㄛˊ ㄌㄧㄣˊ	柏林	156
ㄒㄧㄠ ㄇㄧㄝˋ	消滅	156
ㄑㄧㄥ ㄕㄨㄟˇ	清水	156
ㄏㄨㄚˊ ㄕㄨˇ	滑鼠	156
ㄇㄢˋ ㄔㄤˊ	漫長	156
ㄑㄧㄢˊ ㄋㄥˊ	潛能	156
ㄉㄧˊ	狄	156
ㄅㄧㄥˋ ㄑㄧㄥˊ	病情	156
ㄒㄧㄤ ㄐㄧㄣˋ	相近	156
ㄕˊ ㄏㄨㄚˋ	石化	156
ㄊㄨˊ ㄔㄨ	突出	156
ㄑㄩㄥˊ ㄖㄣˊ	窮人	156
ㄓ ㄈㄤˊ	脂肪	156
ㄑㄧㄢˊ	虔	156
ㄍㄨㄟ ㄐㄩˇ	規矩	156
ㄕㄨㄛ ㄏㄨㄤˇ	說謊	156
ㄊㄧㄠˊ ㄐㄧㄝˊ	調節	156
ㄑㄧˇ ㄩㄢˊ	起源	156
ㄍㄨㄟˋ	跪	156
ㄊㄨㄟˋ ㄨˇ	退伍	156
ㄓㄜˋ ㄐㄩˋ ㄏㄨㄚˋ	這句話	156
ㄊㄨㄥ ㄩㄥˋ	通用	156
ㄌㄧㄢˊ ㄕㄤˋ	連上	156
ㄍㄨㄛˋ ㄐㄧㄥˋ	過境	156
ㄔㄤˊ ㄐㄧㄤ	長江	156
ㄇㄧㄢˋ ㄕˋ	面試	156
ㄕˊ ㄩㄥˋ	食用	156
ㄧ ㄨˇ	一五	155
ㄓㄨㄥ ㄕˊ	中時	155
ㄌㄧㄤˇ ㄉㄧㄢˇ	兩點	155
ㄑㄩˇ ㄔㄨ	取出	155
ㄧㄢˊ ㄌㄧˋ	嚴厲	155
ㄎㄨㄚˇ	垮	155
ㄐㄧㄢ ㄑㄧㄤˊ	堅強	155
ㄨㄞˋ ㄉㄧˋ	外地	155
ㄉㄚˋ ㄈㄤ	大方	155
ㄉㄧㄥˋ ㄢˋ	定案	155
ㄐㄧㄤ ㄧㄠˋ	將要	155
ㄐㄧㄡˋ ㄌㄞˊ	就來	155
ㄅㄨˋ ㄉㄞˋ	布袋	155
ㄘㄞˊ ㄎㄜˇ ㄧˇ	才可以	155
ㄐㄧㄝ ㄔㄨˋ ㄉㄠˋ	接觸到	155
ㄕㄢˋ ㄔㄤˊ	擅長	155
ㄐㄧㄠˋ ㄧㄤˇ	教養	155
ㄗㄠˇ ㄋㄧㄢˊ	早年	155
ㄐㄧㄝˊ	杰	155
ㄐㄧㄚˋ ㄕㄜˋ	架設	155
ㄏㄨㄛˊ ㄩㄝˋ	活躍	155
ㄈㄨˊ ㄒㄧㄢˋ	浮現	155
ㄑㄧ	淒	155
ㄐㄧㄤˇ ㄒㄧㄤˋ	獎項	155
ㄈㄚ ㄩˋ	發育	155
ㄉㄥˋ	瞪	155
ㄓㄨㄥ ㄔㄤˇ	終場	155
ㄗˋ ㄑㄧㄤˊ	自強	155
ㄌㄧㄥˊ	菱	155
ㄕㄨㄛ ㄌㄞˊ	說來	155
ㄌㄨㄣˊ ㄌㄧㄡˊ	輪流	155
ㄌㄨˋ ㄒㄧㄚˋ	錄下	155
ㄈㄤˊ ㄨㄟˋ	防衛	155
ㄐㄧˊ ㄐㄧㄝˊ	集結	155
ㄒㄧㄤ ㄐㄧㄠ	香蕉	155
ㄧ ㄨˊ	一無	154
ㄧˋ ㄨˊ	一無	154
ㄕㄤˋ ㄔㄤˇ	上場	154
ㄓㄨㄥ ㄇㄟˇ	中美	154
ㄓㄨㄥˋ ㄈㄥ	中風	154
ㄦˋ ㄕˊ ㄕˋ ㄐㄧˋ	二十世紀	154
ㄏㄜˊ ㄅㄧˋ	何必	154
ㄧㄡ ㄧˋ	優異	154
ㄑㄩㄢˊ ㄕㄥˇ	全省	154
ㄌㄧㄤˇ ㄅㄞˇ ㄉㄨㄛ	兩百多	154
ㄅㄢˋ ㄕㄨˋ	半數	154
ㄍㄜˋ ㄒㄧㄢˋ ㄕˋ	各縣市	154
ㄒㄩㄢ	喧	154
ㄓㄣˋ	圳	154
ㄗㄨㄣˋ	圳	154
ㄉㄚˋ ㄑㄧˋ	大氣	154
ㄉㄚˋ ㄒㄧㄠˋ	大笑	154
ㄋㄩˇ ㄓㄨˇ ㄐㄧㄠˇ	女主角	154
ㄋㄩˇ ㄓㄨˇ ㄐㄩㄝˊ	女主角	154
ㄗˋ ㄒㄧㄥˊ	字形	154
ㄎㄜˋ ㄊㄧㄥ	客廳	154
ㄙㄨㄛˇ ㄧˇ ㄧㄡˇ	所以有	154
ㄙㄨㄛˇ ㄧㄡˇ ㄑㄩㄢˊ	所有權	154
ㄕㄡ ㄉㄜ˙	收的	154
ㄑㄧㄠˊ ㄌㄧㄤˊ	橋樑	154
ㄊㄢˋ	歎	154
ㄊㄞˋ ㄧㄚˇ	泰雅	154
ㄐㄧㄢ ㄕˋ	監事	154
ㄕˋ ㄨㄟ	示威	154
ㄒㄧㄡˋ	繡	154
ㄈㄚˊ ㄎㄨㄢˇ	罰款	154
ㄅㄟˋ ㄉㄨㄥˋ	被動	154
ㄈㄨˊ	袱	154
ㄈㄨˋ ㄍㄞˋ	覆蓋	154
ㄓㄥˋ ㄕㄨ	證書	154
ㄈㄨˋ ㄏㄜˋ	負荷	154
ㄧㄣ ㄙㄜˋ	音色	154
ㄊㄡˊ ㄕㄤˋ	頭上	154
ㄊㄚ ㄖㄣˋ ㄨㄟˊ	他認為	153
ㄖㄣˋ ㄋㄟˋ	任內	153
ㄖㄨˋ ㄨㄟˊ	入圍	153
ㄗㄞˋ ㄧㄝˇ	再也	153
ㄗㄞˋ ㄐㄧㄢˋ	再見	153
ㄐㄧㄚ ㄇㄥˊ	加盟	153
ㄉㄨㄥˋ ㄓ	動支	153
ㄅㄟˇ ㄊㄡˊ	北投	153
ㄑㄧㄢ ㄧˋ	千億	153
ㄍㄨㄛˊ ㄙㄢ	國三	153
ㄅㄚˋ	壩	153
ㄉㄨㄛ ㄈㄤ	多方	153
ㄒㄧㄣ ㄒㄧㄤˇ	心想	153
ㄒㄧㄣ ㄗㄨㄛˋ	新作	153
ㄆㄨˋ ㄌㄨˋ	暴露	153
ㄉㄨㄥ ㄡ	東歐	153
ㄉㄨㄥ ㄌㄨˋ	東路	153
ㄖㄨㄥˊ	榕	153
ㄕㄨˋ ㄓ	樹枝	153
ㄕㄨㄟˇ ㄨㄟˋ	水位	153
ㄏㄞˇ ㄊㄢ	海灘	153
ㄒㄧㄢˋ ㄕㄣ	現身	153
ㄆㄢˋ	畔	153
ㄅㄧˋ	痺	153
ㄧㄢˊ ㄐㄧㄡˋ ㄕˋ	研究室	153
ㄕㄜˋ ㄏㄨㄟˋ ㄐㄩˊ	社會局	153
ㄕㄨ ㄐㄧㄝˇ	紓解	153
ㄒㄧㄥˊ ㄕˇ	行駛	153
ㄐㄩㄝˊ ㄉㄜ˙ ㄕㄨㄛ	覺得說	153
ㄐㄧㄤˇ ㄕ	講師	153
ㄧˋ ㄔㄥˊ	議程	153
ㄕㄨˋ	豎	153
ㄎㄞ ㄓㄢˇ	開展	153
ㄈㄤˊ ㄕㄡˇ	防守	153
ㄑㄧㄥ ㄑㄧㄥ	青青	153
ㄐㄧㄥˋ ㄊㄞˋ	靜態	153
ㄧㄣˇ ㄩㄥˋ	飲用	153
ㄧ ㄅㄞˇ ㄧ ㄕˊ	一百一十	152
ㄒㄧㄚˋ ㄧ ㄍㄜ˙	下一個	152
ㄒㄧㄚˋ ㄧˊ ㄍㄜ˙	下一個	152
ㄅㄨˊ ㄗㄨㄛˋ	不做	152
ㄅㄨˋ ㄓˇ	不止	152
ㄉㄠˇ ㄕㄨˋ	倒數	152
ㄉㄠˋ ㄕㄨˇ	倒數	152
ㄐㄧㄚ ㄎㄨㄞˋ	加快	152
ㄅㄠ ㄈㄨˊ	包袱	152
ㄨㄣˋ ㄉㄠˋ	問到	152
ㄖㄤˇ	嚷	152
ㄏㄨㄞˋ ㄌㄜ˙	壞了	152
ㄍㄨ ㄉㄨˊ	孤獨	152
ㄒㄩㄢ ㄧㄢˊ	宣言	152
ㄏㄢˊ ㄐㄧㄚˋ	寒假	152
ㄢˋ ㄋㄧㄡˇ	按鈕	152
ㄎㄨㄟˊ	揆	152
ㄕㄡ ㄖㄨㄥˊ	收容	152
ㄑㄧˊ ㄒㄧㄚˋ	旗下	152
ㄇㄠˊ ㄅㄧㄥˋ	毛病	152
ㄏㄞˇ ㄉㄢˇ	海膽	152
ㄧㄢˇ ㄌㄧㄢˋ	演練	152
ㄏㄨㄟ ㄙㄜˋ	灰色	152
ㄨㄟˊ ㄉㄨㄟˋ	為對	152
ㄌㄧㄡˊ ㄍㄟˇ	留給	152
ㄓ ㄇㄧㄥˊ ㄉㄨˋ	知名度	152
ㄌㄧˋ ㄍㄨㄛˊ	立國	152
ㄒㄩㄢ	萱	152
ㄆㄠˊ	袍	152
ㄓˋ ㄗㄨㄛˋ ㄖㄣˊ	製作人	152
ㄒㄧ ㄗㄤˋ	西藏	152
ㄓㄨ ㄖㄨˊ	諸如	152
ㄇㄞˋ ㄍㄟˇ	賣給	152
ㄇㄧˊ ㄖㄣˊ	迷人	152
ㄇㄧˊ ㄒㄧㄣˋ	迷信	152
ㄓㄨㄟ ㄔㄚˊ	追查	152
ㄐㄩㄣˋ	郡	152
ㄍㄨˋ ㄩㄥˋ	雇用	152
ㄕㄤˋ ㄐㄧˊ	上級	151
ㄐㄧㄝ	偕	151
ㄒㄧㄝˊ	偕	6.351308576902391
ㄗㄜˊ ㄧㄡˇ	則有	151
ㄑㄩㄝˋ ㄧㄡˋ	卻又	151
ㄧㄛ	唷	151
ㄊㄨˇ ㄖㄤˇ	土壤	151
ㄧㄚ ㄙㄨㄛ	壓縮	151
ㄊㄞˋ ㄏㄠˇ	太好	151
ㄐㄧㄚ ㄩㄥˋ	家用	151
ㄕㄠˇ ㄐㄧㄢˋ	少見	151
ㄍㄢ	尷	151
ㄅㄧˋ	庇	151
ㄩˋ	御	151
ㄐㄧㄝˊ ㄓˋ	截至	151
ㄗㄠˇ ㄔㄣˊ	早晨	151
ㄨㄢˇ ㄏㄨㄟˋ	晚會	151
ㄉㄨㄥ ㄑㄩ	東區	151
ㄍㄜ ㄘˊ	歌詞	151
ㄑㄧㄥ ㄔㄨˊ	清除	151
ㄇㄢˇ ㄉㄜ˙	滿的	151
ㄨˋ ㄊㄧˇ	物體	151
ㄨㄤˊ ㄐㄧㄣ ㄆㄧㄥˊ	王金平	151
ㄧㄠˊ	瑤	151
ㄕㄥ ㄖㄣˊ	生人	151
ㄕㄥ ㄨˋ ㄎㄜ	生物科	151
ㄐㄧㄝˋ ㄉㄧㄥˋ	界定	151
ㄒㄧㄚ	瞎	151
ㄕㄣˊ ㄇㄧˋ	神祕	151
ㄔㄥ ㄏㄨ	稱呼	151
ㄗㄨㄥˇ ㄊㄧˇ	總體	151
ㄦˊ ㄐㄧㄣ	而今	151
ㄇㄚˇ	螞	151
ㄎㄜˋ ㄧㄝˋ	課業	151
ㄓㄨ ㄖㄡˋ	豬肉	151
ㄗ ㄒㄩㄣˋ ㄨㄤˇ	資訊網	151
ㄩㄢˇ ㄔㄨˋ	遠處	151
ㄙㄨㄟˊ ㄕㄣ	隨身	151
ㄑㄧˊ ㄕˋ	騎士	151
ㄅㄨˊ ㄨㄤˋ	不忘	150
ㄓㄨㄥ ㄒㄧ	中西	150
ㄖㄣˊ ㄗㄠˋ	人造	150
ㄕㄜˊ ㄇㄛ˙ ㄉㄨㄥ ㄒㄧ	什麼東西	150
ㄕㄜˊ ㄇㄜ˙ ㄉㄨㄥ ㄒㄧ	什麼東西	150
ㄕㄣˊ ㄇㄛ˙ ㄉㄨㄥ ㄒㄧ	什麼東西	150
ㄕㄣˊ ㄇㄜ˙ ㄉㄨㄥ ㄒㄧ	什麼東西	150
ㄌㄞˊ ㄑㄩˋ	來去	150
ㄐㄩˊ ㄒㄧㄢˋ	侷限	150
ㄗㄨㄛˋ ㄕˋ	做事	150
ㄑㄩㄢˊ ㄕㄨˋ	全數	150
ㄈㄣ ㄕㄡˇ	分手	150
ㄍㄨㄥ ㄌㄩˋ	功率	150
ㄉㄨㄥˋ ㄍㄨㄥ	動工	150
ㄏㄨㄚˋ ㄍㄨㄥ	化工	150
ㄕˊ ㄦˋ ㄉㄧㄢˇ	十二點	150
ㄕˊ ㄩㄢˊ	十元	150
ㄎㄡˇ ㄊㄡˊ	口頭	150
ㄊㄞˊ ㄉㄨㄥ ㄒㄧㄢˋ	台東縣	150
ㄍㄜˋ ㄌㄟˋ	各類	150
ㄓㄡ ㄋㄧㄢˊ	周年	150
ㄏㄨ ㄐㄧㄠˋ	呼叫	150
ㄑㄧㄡˊ	囚	150
ㄩㄢˊ ㄇㄢˇ	圓滿	150
ㄗㄞˋ ㄧㄠˋ	在要	150
ㄨㄞˋ ㄔㄨ	外出	150
ㄏㄠˇ ㄗㄞˋ	好在	150
ㄍㄢ ㄍㄚˋ	尷尬	150
ㄍㄨㄥ ㄈㄨ	工夫	150
ㄍㄨㄥ ㄈㄨ˙	工夫	150
ㄉㄞˋ ㄉㄜ˙	帶的	150
ㄋㄧㄢˊ ㄑㄧˊ	年期	150
ㄋㄧㄢˊ ㄏㄨㄚˊ	年華	150
ㄓㄤ ㄐㄩㄣˋ ㄒㄩㄥˊ	張俊雄	150
ㄏㄡˋ ㄉㄞˋ	後代	150
ㄒㄧㄥˋ ㄙㄠ ㄖㄠˇ	性騷擾	150
ㄍㄢˇ ㄒㄧㄥˋ ㄑㄩˋ	感興趣	150
ㄙㄨㄛˇ ㄧˇ ㄕㄨㄛ	所以說	150
ㄉㄚˇ ㄉㄠˋ	打到	150
ㄐㄧㄠˋ ㄊㄨˊ	教徒	150
ㄗㄠˇ ㄗㄞˋ	早在	150
ㄓˋ ㄏㄨㄟˋ ㄘㄞˊ ㄔㄢˇ ㄑㄩㄢˊ	智慧財產權	150
ㄌㄧˇ ㄧㄥˋ ㄩㄢˊ	李應元	150
ㄍㄨㄛˇ ㄕˊ	果實	150
ㄇㄡˇ ㄖㄣˊ	某人	150
ㄗㄨㄥ	棕	150
ㄖㄢˊ ㄕㄠ	燃燒	150
ㄙㄨ	穌	150
ㄨㄟˋ	穌	150
ㄧㄠˊ	窯	150
ㄈㄟˇ	翡	150
ㄌㄧㄥˊ ㄊㄧㄥ	聆聽	150
ㄐㄧㄣ ㄆㄞˊ	金牌	150
ㄍㄨㄢ ㄌㄧㄢˊ	關連	150
ㄒㄧㄢˋ ㄕㄨㄟˇ	限水	150
ㄇㄧㄢˋ ㄇㄨˋ	面目	150
ㄧㄤˇ ㄓˊ	養殖	150
ㄊㄧˇ ㄐㄧ	體積	150
ㄉㄧㄢˇ ㄗㄞˋ	點在	150
ㄙㄢ ㄉㄨˊ	三讀	149
ㄕㄤˋ ㄨㄢˋ	上萬	149
ㄅㄨˊ ㄕˋ ㄏㄜˊ	不適合	149
ㄕˋ ㄐㄧㄢ	世間	149
ㄓㄨㄥ ㄨㄞˋ	中外	149
ㄨㄟˋ ㄗㄠˋ	偽造	149
ㄆㄨˊ	僕	149
ㄍㄨㄥ ㄑㄩㄢˊ ㄌㄧˋ	公權力	149
ㄕㄥ ㄉㄠˋ	升到	149
ㄧㄡˇ ㄏㄠˇ	友好	149
ㄓˇ ㄕㄥˋ ㄒㄧㄚˋ	只剩下	149
ㄓˇ ㄉㄜˊ	只得	149
ㄊㄞˊ ㄨㄢ ㄍㄨㄟ	台灣鮭	149
ㄕˇ ㄒㄩㄝˊ	史學	149
ㄊㄧㄢ ㄒㄧㄥˋ	天性	149
ㄗˇ ㄌㄞˊ	子來	149
ㄏㄞˊ ㄊㄨㄥˊ	孩童	149
ㄕㄡˇ ㄏㄨˋ	守護	149
ㄕㄣˇ ㄌㄧˇ	審理	149
ㄒㄧㄠˇ ㄊㄧˊ ㄑㄧㄣˊ	小提琴	149
ㄍㄨㄥ ㄉㄧˋ	工地	149
ㄍㄢˋ ㄕㄜˊ ㄇㄛ˙	幹什麼	149
ㄍㄢˋ ㄕㄜˊ ㄇㄜ˙	幹什麼	149
ㄍㄢˋ ㄕㄣˊ ㄇㄛ˙	幹什麼	149
ㄍㄢˋ ㄕㄣˊ ㄇㄜ˙	幹什麼	149
ㄏㄡˋ ㄖㄣˊ	後人	149
ㄎㄨㄥˇ ㄏㄨㄤ	恐慌	149
ㄘㄞˊ ㄎㄞ	才開	149
ㄉㄚˇ ㄅㄞˋ	打敗	149
ㄉㄚˇ ㄑㄧㄡˊ	打球	149
ㄒㄧㄣ ㄓㄥˋ	新政	149
ㄗㄨㄟˋ ㄍㄠ ㄉㄜ˙	最高的	149
ㄧㄡˇ ㄉㄜˊ	有得	149
ㄨㄤˋ ㄩㄢˇ ㄐㄧㄥˋ	望遠鏡	149
ㄍㄨㄛˇ ㄗㄞˋ	果在	149
ㄈㄚˇ ㄓˋ	法制	149
ㄌㄢˋ ㄉㄧㄠˋ	爛掉	149
ㄅㄢ ㄐㄧˊ	班級	149
ㄈㄚ ㄅㄧㄠˇ ㄏㄨㄟˋ	發表會	149
ㄕㄚ ㄕˊ	砂石	149
ㄔㄨㄢ ㄕㄤˋ	穿上	149
ㄒㄧˋ ㄋㄧˋ	細膩	149
ㄙ ㄏㄠˊ	絲毫	149
ㄐㄧㄥ ㄐㄧˋ	經紀	149
ㄕㄥ ㄔㄥ	聲稱	149
ㄍㄢ ㄞˊ	肝癌	149
ㄑㄧㄣ ㄕㄣ	親身	149
ㄏㄨˋ ㄕˋ	護士	149
ㄗㄢˋ ㄇㄟˇ	讚美	149
ㄆㄛˋ ㄕˇ	迫使	149
ㄗㄠˋ ㄕˋ	造勢	149
ㄓㄡ ㄧ	週一	149
ㄐㄧㄣˋ ㄔㄤˇ	進場	149
ㄐㄧㄣˋ ㄓㄨˋ	進駐	149
ㄍㄠ ㄒㄧㄝˇ ㄧㄚ	高血壓	149
ㄕㄤˋ ㄐㄧㄝ	上街	148
ㄒㄧㄚˋ ㄧㄡˇ	下有	148
ㄅㄨˊ ㄨㄟˋ	不為	148
ㄅㄨˋ ㄨㄟˊ	不為	148
ㄅㄨˋ ㄧㄡˊ	不由	148
ㄍㄨㄞ ㄍㄨㄞ	乖乖	148
ㄇㄧㄥˊ	冥	148
ㄈㄣ ㄏㄨㄚˋ	分化	148
ㄨˋ ㄕˊ	務實	148
ㄕㄡˋ ㄏㄨㄢ ㄧㄥˊ	受歡迎	148
ㄕㄡˋ ㄒㄧㄢˋ	受限	148
ㄊㄞˊ ㄨㄢ ㄉㄧˋ ㄑㄩ	台灣地區	148
ㄍㄜˋ ㄧㄡˇ	各有	148
ㄙˋ ㄕˊ ㄅㄚ	四十八	148
ㄩㄢˊ ㄒㄧㄥˊ	圓形	148
ㄕˋ ㄋㄟˋ	室內	148
ㄒㄧㄥˋ ㄑㄧㄣ ㄏㄞˋ	性侵害	148
ㄧㄡ ㄍㄨㄢ	攸關	148
ㄒㄩㄢˊ ㄌㄩˋ	旋律	148
ㄙㄨㄥ ㄕㄢ	松山	148
ㄒㄧㄠˋ ㄧㄡˇ	校友	148
ㄉㄨㄢˋ ㄌㄨㄛˋ	段落	148
ㄏㄞˇ ㄉㄧˇ	海底	148
ㄨㄟˊ ㄕㄥ	為生	148
ㄗㄠˋ	皂	148
ㄑㄩㄝˋ ㄌㄧˋ	確立	148
ㄌㄧˋ ㄩˊ	立於	148
ㄓㄨㄥ ㄐㄧㄝˊ	終結	148
ㄊㄨㄥˇ ㄔㄡˊ	統籌	148
ㄧㄝ ㄙㄨ	耶穌	148
ㄆㄨˊ	菩	148
ㄧㄢˊ ㄩˇ	言語	148
ㄗㄠˋ ㄐㄧㄡˋ	造就	148
ㄕˋ ㄕˊ	適時	148
ㄉㄡ ㄧㄥ	都應	148
ㄓㄨˋ	鑄	148
ㄧ ㄑㄧㄝˋ ㄉㄡ	一切都	147
ㄧˊ ㄑㄧㄝˋ ㄉㄡ	一切都	147
ㄙㄢ ㄕˊ ㄨㄢˋ	三十萬	147
ㄧㄚˇ ㄔㄥˊ ㄋㄧㄠˇ	亞成鳥	147
ㄐㄧㄠ ㄒㄧㄤˇ ㄩㄝˋ	交響樂	147
ㄈㄨˋ ㄎㄨㄢˇ	付款	147
ㄌㄞˊ ㄌㄞˊ	來來	147
ㄑㄩㄢˊ ㄖㄢˊ	全然	147
ㄈㄣ ㄇㄧˋ	分泌	147
ㄐㄧㄚ ㄧㄡˊ ㄓㄢˋ	加油站	147
ㄎㄚˇ ㄉㄧˋ	卡的	147
ㄈㄢˇ ㄉㄜ˙	反的	147
ㄎㄡˇ ㄍㄢˇ	口感	147
ㄎㄜˇ ㄎㄠˋ	可靠	147
ㄙ ㄌㄧㄥˋ	司令	147
ㄒㄧ ㄉㄨˊ	吸毒	147
ㄏㄨㄟˊ ㄈㄨˋ	回復	147
ㄍㄨㄛˊ ㄦˋ	國二	147
ㄗㄞˋ ㄓˊ	在職	147
ㄘㄨㄣˊ ㄧㄡˇ	存有	147
ㄐㄧㄚ ㄒㄩㄝˊ	家學	147
ㄐㄧㄡˋ ㄩㄥˋ	就用	147
ㄕ ㄊㄧˇ	屍體	147
ㄐㄩㄣˋ	峻	147
ㄊㄨˊ ㄒㄧㄥˊ	徒刑	147
ㄖㄨㄥˊ	戎	147
ㄉㄚˇ ㄗˋ	打字	147
ㄎㄠˇ	拷	147
ㄊㄢˋ ㄐㄧㄡˋ	探究	147
ㄐㄧㄝ ㄎㄞ	揭開	147
ㄍㄞˇ ㄩㄥˋ	改用	147
ㄧㄡˇ ㄌㄧˇ	有理	147
ㄔㄠˊ ㄒㄧㄤˋ	朝向	147
ㄔㄚˊ ㄓㄥˋ	查證	147
ㄓㄨㄛ ㄕㄤˋ	桌上	147
ㄌㄧㄡˊ ㄌㄢˇ ㄑㄧˋ	瀏覽器	147
ㄨㄟˊ ㄕㄜˊ	為甚	147
ㄨㄟˊ ㄕㄣˊ	為甚	147
ㄐㄧㄢ ㄕˋ	監視	147
ㄓㄣ ㄅㄨˊ	真不	147
ㄓㄣ ㄅㄨˋ	真不	147
ㄕㄜˋ ㄏㄨㄟˋ ㄉㄚˋ ㄓㄨㄥˋ	社會大眾	147
ㄘㄨㄢˋ	竄	147
ㄉㄥˇ ㄧ ㄒㄧㄚˋ	等一下	147
ㄉㄥˇ ㄧˊ ㄒㄧㄚˋ	等一下	147
ㄗㄨㄥˋ	粽	147
ㄐㄧㄡ ㄓㄥˋ	糾正	147
ㄩㄝ ㄉㄧㄥˋ	約定	147
ㄙㄨˋ ㄧㄤˇ	素養	147
ㄒㄧˋ ㄒㄧˋ	細細	147
ㄅㄛˊ ㄗ˙	脖子	147
ㄕㄨˋ ㄩˇ	術語	147
ㄑㄧˇ ㄈㄨˊ	起伏	147
ㄏㄨㄥ ㄓㄚˋ	轟炸	147
ㄑㄧㄢ ㄧˊ	遷移	147
ㄖㄨㄢˇ	阮	147
ㄚ ㄇㄟˇ ㄗㄨˊ	阿美族	147
ㄌㄟˊ ㄉㄚˊ	雷達	147
ㄓㄣˋ ㄐㄧㄥ	震驚	147
ㄇㄚˊ ㄗㄨㄟˋ	麻醉	147
ㄅㄢˋ ㄙㄨㄟˊ	伴隨	146
ㄙˋ ㄏㄨ ㄕˋ	似乎是	146
ㄍㄨㄤ ㄏㄨㄚˊ	光華	146
ㄖㄨˋ ㄐㄧㄥˋ	入境	146
ㄌㄧㄡˋ ㄋㄧㄢˊ ㄐㄧˊ	六年級	146
ㄕˊ ㄊㄧㄢ	十天	146
ㄧㄡˋ ㄆㄞˋ	右派	146
ㄙˋ ㄕˊ ㄉㄨㄛ	四十多	146
ㄐㄧㄚ ㄉㄧㄢˋ	家電	146
ㄕㄣˇ ㄕㄣˋ	審慎	146
ㄐㄧㄡˋ ㄅㄨˊ ㄕˋ	就不是	146
ㄐㄩˊ ㄕˋ	局勢	146
ㄘㄥˊ ㄐㄧˊ	層級	146
ㄑㄧㄤˊ ㄌㄧㄝˋ ㄉㄜ˙	強烈的	146
ㄧㄥˋ ㄧㄠ	應邀	146
ㄈㄟˇ	斐	146
ㄒㄧㄣ ㄎㄞ	新開	146
ㄨㄟˋ ㄏㄨㄣ	未婚	146
ㄕㄚ ㄖㄣˊ	殺人	146
ㄧㄤˇ ㄑㄧˋ	氧氣	146
ㄈㄚˇ ㄕ	法師	146
ㄌㄨㄣˊ ㄨㄟˊ	淪為	146
ㄐㄧㄠ	澆	146
ㄒㄧㄝˋ	瀉	146
ㄨㄟˋ ㄇㄧㄣˊ	為民	146
ㄒㄧㄢˋ ㄧㄡˇ ㄉㄜ˙	現有的	146
ㄩㄥˋ ㄕㄤˋ	用上	146
ㄌㄧㄡˊ ㄒㄩㄝˊ ㄕㄥ	留學生	146
ㄗㄨˇ ㄇㄨˇ	祖母	146
ㄐㄧˋ ㄉㄧㄢˇ	祭典	146
ㄗㄨㄥˇ ㄙㄨㄢˋ	總算	146
ㄓˊ ㄔㄤˇ	職場	146
ㄇㄚˇ ㄧˇ	螞蟻	146
ㄒㄧㄥˊ ㄉㄠˋ	行道	146
ㄊㄢˊ ㄑㄧˇ	談起	146
ㄗㄨˊ ㄍㄡˋ ㄉㄜ˙	足夠的	146
ㄧˊ ㄨㄤˋ	遺忘	146
ㄎㄞ ㄏㄨㄚ	開花	146
ㄍㄜˊ ㄅㄧˋ	隔壁	146
ㄓㄨㄥ ㄏㄜˊ	中和	145
ㄓㄨㄥ ㄕˋ	中視	145
ㄔㄨㄢˋ ㄌㄧㄢˊ	串連	145
ㄓㄨˇ ㄧㄢˇ	主演	145
ㄨˇ ㄔㄥˊ	五成	145
ㄏㄜˊ ㄧˇ	何以	145
ㄊㄤˇ	倘	145
ㄌㄠˊ ㄌㄧˋ	勞力	145
ㄅㄟˇ ㄍㄨㄛˊ	北國	145
ㄙˋ ㄏㄠˋ	四號	145
ㄍㄨㄛˊ ㄐㄧˋ ㄒㄧㄥˋ	國際性	145
ㄊㄨˊ ㄊㄥˊ	圖騰	145
ㄓˊ ㄒㄧㄥˊ ㄍㄨㄢ	執行官	145
ㄑㄧˋ ㄐㄧ	契機	145
ㄧㄠ	妖	145
ㄗˇ ㄉㄢˋ	子彈	145
ㄖㄨㄥˊ ㄋㄚˋ	容納	145
ㄔˇ ㄉㄨˋ	尺度	145
ㄈㄨˋ ㄐㄧㄢˋ	復健	145
ㄐㄧㄝ ㄌㄧㄢˊ	接連	145
ㄩㄥˇ ㄅㄠˋ	擁抱	145
ㄨㄟˋ ㄘˇ	為此	145
ㄧㄥˊ ㄧㄝˋ ㄜˊ	營業額	145
ㄩㄥˋ ㄩˇ	用語	145
ㄉㄥˇ ㄏㄡˋ	等候	145
ㄕㄞ ㄒㄩㄢˇ	篩選	145
ㄈㄣˇ ㄙ	粉絲	145
ㄑㄧㄢˋ	茜	145
ㄍㄜˊ ㄌㄧˊ	隔離	145
ㄌㄧㄥˇ ㄉㄨㄟˋ	領隊	145
ㄒㄧㄤ ㄨㄟˋ	香味	145
ㄧ ㄐㄧˊ	一集	144
ㄧˋ ㄐㄧˊ	一集	144
ㄙㄢ ㄕˊ ㄙˋ	三十四	144
ㄙㄢ ㄅㄞˇ ㄨㄢˋ	三百萬	144
ㄓㄨㄥ ㄊㄨˊ	中途	144
ㄒㄧㄝ ㄒㄧㄠˇ	些小	144
ㄧˇ ㄓˋ	以至	144
ㄕㄣ ㄕㄡˇ	伸手	144
ㄗㄨㄛˋ ㄧㄝˋ ㄒㄧˋ ㄊㄨㄥˇ	作業系統	144
ㄋㄧˇ ㄨㄛˇ	你我	144
ㄨㄟˇ ㄉㄚˋ ㄉㄜ˙	偉大的	144
ㄋㄟˋ ㄏㄨˊ	內湖	144
ㄔ ㄉㄧㄠˋ	吃掉	144
ㄒㄧㄥˊ ㄕˋ	型式	144
ㄉㄨㄛ ㄔㄨ	多出	144
ㄉㄨㄛ ㄧㄤˋ ㄏㄨㄚˋ	多樣化	144
ㄐㄧㄡˋ ㄔㄨ	就出	144
ㄕㄢ ㄇㄞˋ	山脈	144
ㄍㄨㄥ ㄗㄨㄛˋ ㄈㄤ	工作坊	144
ㄎㄨㄛˋ	廓	144
ㄑㄧㄤˊ ㄖㄣˊ	強人	144
ㄙ ㄙㄨㄛˇ	思索	144
ㄙㄨㄛˇ ㄓ	所知	144
ㄓㄥˇ	拯	144
ㄓˇ ㄋㄢˊ	指南	144
ㄉㄢ ㄧㄡ	擔憂	144
ㄇㄧㄣˇ ㄖㄨㄟˋ	敏銳	144
ㄒㄩˋ	旭	144
ㄕㄨ ㄈㄤˊ	書房	144
ㄧㄡˇ ㄅㄤ ㄓㄨˋ	有幫助	144
ㄧㄡˇ ㄋㄥˊ ㄌㄧˋ	有能力	144
ㄅㄣˇ ㄏㄨㄟˋ	本會	144
ㄔㄚˊ ㄏㄜˊ	查核	144
ㄓㄨㄛ ㄇㄧㄢˋ	桌面	144
ㄍㄜ ㄔㄤˋ	歌唱	144
ㄓㄥˋ ㄕˋ	正視	144
ㄇㄟˇ ㄖˋ	每日	144
ㄐㄩㄝˊ ㄅㄨˊ	決不	144
ㄐㄩㄝˊ ㄅㄨˋ	決不	144
ㄓㄤˇ ㄐㄧㄚˋ	漲價	144
ㄧㄡˊ ㄩˋ	猶豫	144
ㄕㄨㄞˋ ㄒㄧㄢ	率先	144
ㄩㄥˋ ㄑㄧㄢˊ	用錢	144
ㄒㄧㄤ ㄐㄧㄠˋ ㄩˊ	相較於	144
ㄇㄧˋ ㄇㄧˋ	祕密	144
ㄌㄠˇ ㄅㄚˋ	老爸	144
ㄌㄠˇ ㄐㄧㄡˋ	老舊	144
ㄦˊ ㄨㄟˊ	而為	144
ㄦˊ ㄨㄟˋ	而為	144
ㄆㄧㄣˊ ㄎㄨㄣˋ	貧困	144
ㄇㄧˊ ㄋㄧˇ	迷你	144
ㄓㄤˇ ㄔㄨ	長出	144
ㄎㄞ ㄈㄤˋ ㄉㄜ˙	開放的	144
ㄧ ㄐㄩˋ ㄏㄨㄚˋ	一句話	143
ㄧˊ ㄐㄩˋ ㄏㄨㄚˋ	一句話	143
ㄙㄢ ㄕˊ ㄅㄚ	三十八	143
ㄙㄢ ㄅㄞˇ ㄉㄨㄛ	三百多	143
ㄅㄨˋ ㄕㄡˊ	不熟	143
ㄓㄨㄥ ㄔㄢˇ	中產	143
ㄓ ㄔㄨ	之初	143
ㄨˇ ㄕˊ ㄨˇ	五十五	143
ㄒㄧㄣˋ ㄊㄨㄛ	信託	143
ㄑㄧㄢˋ	倩	143
ㄒㄧㄢ ㄅㄚˇ	先把	143
ㄖㄨˋ ㄏㄨㄟˋ	入會	143
ㄌㄧㄤˇ ㄍㄜ˙ ㄖㄣˊ	兩個人	143
ㄍㄨㄥ ㄊㄡˊ	公投	143
ㄌㄧㄝˋ ㄧㄣˋ	列印	143
ㄔㄚˋ ㄋㄚˋ	剎那	143
ㄔㄨㄤˋ ㄅㄢˋ ㄖㄣˊ	創辦人	143
ㄐㄧㄚ ㄓㄨㄥˋ	加重	143
ㄑㄩ ㄍㄜˊ	區隔	143
ㄩㄢˊ ㄌㄧㄤˋ	原諒	143
ㄎㄡˇ ㄕㄨㄟˇ	口水	143
ㄎㄜˇ ㄞˋ ㄉㄜ˙	可愛的	143
ㄒㄧㄤˋ ㄕㄤˋ	向上	143
ㄕㄢˋ ㄌㄧㄤˊ	善良	143
ㄒㄩㄝˊ ㄧㄝˋ	學業	143
ㄒㄩㄝˊ ㄕㄨㄛ	學說	143
ㄋㄧㄥˊ ㄎㄜˇ	寧可	143
ㄒㄧㄠˇ ㄗˇ	小子	143
ㄒㄧㄠˇ ㄗ˙	小子	143
ㄧㄣˇ	尹	143
ㄏㄣˇ ㄒㄧㄠˇ	很小	143
ㄏㄡˋ ㄨㄟˋ	後衛	143
ㄍㄢˇ ㄣ	感恩	143
ㄕㄡˇ ㄑㄧㄤ	手槍	143
ㄆㄞˊ ㄈㄤˋ	排放	143
ㄊㄨㄟ ㄘㄜˋ	推測	143
ㄒㄧㄣ ㄒㄧㄥˊ	新型	143
ㄅㄣˇ ㄍㄨㄛˊ	本國	143
ㄅㄧˇ ㄌㄧˋ	比利	143
ㄓㄨˋ ㄕㄜˋ	注射	143
ㄇㄢˇ ㄇㄢˇ	滿滿	143
ㄑㄧㄤˊ ㄅㄧˋ	牆壁	143
ㄕㄥ ㄑㄧㄢˊ	生前	143
ㄓㄡˋ	皺	143
ㄏㄨㄥˊ ㄉㄜ˙	紅的	143
ㄓˋ ㄇㄧㄥˋ	致命	143
ㄇㄢˋ ㄧㄢˊ	蔓延	143
ㄍㄨㄢ ㄍㄨㄤ ㄧㄝˋ	觀光業	143
ㄕㄨㄛ ㄉㄠˋ	說道	143
ㄧˋ ㄔㄥˊ	譯成	143
ㄎㄞ ㄈㄤˋ ㄕˋ	開放式	143
ㄌㄧˊ ㄓˊ	離職	143
ㄧ ㄔㄥˊ	一成	142
ㄧˋ ㄔㄥˊ	一成	142
ㄕㄤˋ ㄒㄧㄢˋ	上線	142
ㄓ ㄕㄤˋ	之上	142
ㄐㄧㄣ ㄊㄧㄢ ㄧㄡˇ	今天有	142
ㄌㄧㄥˊ	伶	142
ㄒㄧㄢ ㄈㄚ	先發	142
ㄌㄧㄡˋ ㄏㄠˋ	六號	142
ㄌㄧㄡˋ ㄑㄧㄥ	六輕	142
ㄔㄨ ㄏㄨㄛˋ	出貨	142
ㄔㄨ ㄗ	出資	142
ㄉㄠˋ ㄐㄧㄚ	到家	142
ㄑㄧㄢˊ ㄐㄧㄥˇ	前景	142
ㄎㄜˇ ㄈㄣ	可分	142
ㄨㄣˋ ㄕˋ	問世	142
ㄕˋ	嗜	142
ㄐㄧㄚ ㄕˋ	家事	142
ㄕ ㄓㄤˇ	師長	142
ㄧㄡˋ ㄋㄧㄠˇ	幼鳥	142
ㄗㄨㄛˋ ㄨㄟˋ	座位	142
ㄒㄧㄥˋ ㄅㄧㄝˊ ㄆㄧㄥˊ ㄉㄥˇ	性別平等	142
ㄏㄨㄤˇ	恍	142
ㄌㄢˇ ㄉㄜˊ	懶得	142
ㄌㄢˇ ㄉㄜ˙	懶得	142
ㄆㄞ ㄉㄠˋ	拍到	142
ㄖˋ ㄔㄨ	日出	142
ㄎㄨㄤˋ	曠	142
ㄘˇ ㄘˋ	此次	142
ㄇㄧㄣˊ ㄕˋ	民視	142
ㄇㄟˊ ㄨㄣˋ ㄊㄧˊ	沒問題	142
ㄩㄢˊ ㄗˋ	源自	142
ㄖㄜˋ ㄒㄧㄝˇ	熱血	142
ㄖㄜˋ ㄒㄧㄝˋ	熱血	142
ㄓㄥ ㄌㄨㄣˋ	爭論	142
ㄌㄧㄝˋ ㄖㄣˊ	獵人	142
ㄓˊ ㄏㄤˊ	直航	142
ㄧㄢˇ ㄕㄣˊ	眼神	142
ㄙˋ	祀	142
ㄒㄧˋ ㄒㄧㄣ	細心	142
ㄇㄟˇ ㄖㄣˊ	美人	142
ㄗˋ ㄒㄧㄥˊ ㄔㄜ	自行車	142
ㄇㄟˊ	莓	142
ㄒㄧ ㄇㄣˊ	西門	142
ㄍㄨㄟ ㄌㄩˋ	規律	142
ㄕㄨㄛ ㄕㄨㄛ	說說	142
ㄐㄧㄥˇ ㄐㄩˊ	警局	142
ㄎㄨㄚˋ ㄩㄝˋ	跨越	142
ㄓㄜˋ ㄇㄛ˙ ㄗㄨㄛˋ	這麼做	142
ㄓㄜˋ ㄇㄜ˙ ㄗㄨㄛˋ	這麼做	142
ㄓㄜˋ ㄇㄛ˙ ㄕㄨㄛ	這麼說	142
ㄓㄜˋ ㄇㄜ˙ ㄕㄨㄛ	這麼說	142
ㄌㄧㄠˊ	遼	142
ㄐㄧㄡˇ ㄉㄧㄢˋ	酒店	142
ㄐㄧˊ ㄏㄨㄟˋ	集會	142
ㄒㄧㄢˇ ㄕˋ ㄔㄨ	顯示出	142
ㄇㄚˊ ㄅㄧˋ	麻痺	142
ㄧ ㄑㄧㄢ ㄨˇ	一千五	141
ㄑㄧ ㄨㄢˋ	七萬	141
ㄗㄨㄛˋ ㄕㄥ ㄧˋ	做生意	141
ㄗㄨㄛˋ ㄕㄥ ㄧ˙	做生意	141
ㄉㄠˋ ㄔㄤˇ	到場	141
ㄋㄨˇ ㄌㄧˋ ㄉㄜ˙	努力的	141
ㄕˊ ㄈㄣ ㄓㄨㄥ	十分鐘	141
ㄉㄧˋ ㄐㄧㄚˋ	地價	141
ㄉㄚˋ ㄓㄢˇ	大展	141
ㄋㄩˇ ㄆㄥˊ ㄧㄡˇ	女朋友	141
ㄐㄧㄚ ㄐㄧㄠˋ	家教	141
ㄐㄧㄡˋ ㄖㄤˋ	就讓	141
ㄧㄞˊ	崖	141
ㄉㄧㄢˋ ㄇㄧㄢˋ	店面	141
ㄑㄧㄤˊ ㄉㄨˋ	強度	141
ㄐㄧˊ ㄒㄧㄥˋ	急性	141
ㄨㄛˇ ㄅㄨˊ ㄏㄨㄟˋ	我不會	141
ㄉㄚˇ ㄉㄜ˙	打的	141
ㄐㄧㄝ ㄖㄣˋ	接任	141
ㄖㄡˊ	揉	141
ㄨˋ ㄐㄧㄢˋ	物件	141
ㄒㄧㄚˊ	瑕	141
ㄆㄧˊ ㄕㄨ	皮書	141
ㄗㄨㄥˇ ㄓ	總之	141
ㄏㄨㄟˋ ㄊㄨˊ	繪圖	141
ㄐㄧㄠˇ ㄐㄧㄠ	繳交	141
ㄨㄟˇ ㄙㄨㄛ	萎縮	141
ㄐㄧㄝˇ ㄉㄚˊ	解答	141
ㄓㄡ ㄎㄢ	週刊	141
ㄍㄨㄛˋ ㄅㄢˋ	過半	141
ㄨㄟˊ ㄅㄟˋ	違背	141
ㄅㄢ ㄈㄚ	頒發	141
ㄌㄧㄥˇ ㄊㄨˇ	領土	141
ㄒㄧㄢˇ ㄔㄨ	顯出	141
ㄉㄧㄢˇ ㄒㄧㄣ	點心	141
ㄧ ㄉㄧㄢˇ ㄦ	一點兒	140
ㄧ ㄉㄧㄢˇ ㄦˊ	一點兒	140
ㄧˋ ㄉㄧㄢˇ ㄦ	一點兒	140
ㄧˋ ㄉㄧㄢˇ ㄦˊ	一點兒	140
ㄅㄧㄥˋ ㄅㄨˊ ㄏㄨㄟˋ	並不會	140
ㄒㄧㄡ ㄐㄧㄚˋ	休假	140
ㄓㄨˋ ㄓㄞˊ ㄑㄩ	住宅區	140
ㄋㄧˇ ㄌㄞˊ	你來	140
ㄑㄧㄢˊ ㄗㄨㄥˇ ㄊㄨㄥˇ	前總統	140
ㄅㄟˇ ㄉㄚˋ	北大	140
ㄐㄧˊ ㄖㄣˊ	及人	140
ㄍㄠˋ ㄅㄧㄝˊ	告別	140
ㄙˋ ㄈㄣ ㄓ ㄧ	四分之一	140
ㄊㄨˇ ㄕˊ	土石	140
ㄉㄚˋ ㄢ	大安	140
ㄇㄥˋ ㄗˇ	孟子	140
ㄕˊ ㄎㄨㄤˋ	實況	140
ㄐㄧㄤ ㄗˋ	將自	140
ㄐㄧㄡˋ ㄧㄥ ㄍㄞ	就應該	140
ㄐㄩ ㄌㄧㄡˊ	居留	140
ㄆㄧㄥˊ ㄒㄧㄥˊ	平行	140
ㄒㄧㄣ ㄊㄡˊ	心頭	140
ㄙㄨㄛˇ ㄗㄨㄛˋ	所作	140
ㄔˊ ㄍㄨˇ	持股	140
ㄨㄣˊ ㄅㄣˇ	文本	140
ㄈㄤ ㄨㄟˋ	方位	140
ㄧㄡˇ ㄖㄣˊ ㄕㄨㄛ	有人說	140
ㄨㄟˋ ㄋㄥˊ	未能	140
ㄑㄧˋ ㄨˋ	棄物	140
ㄩㄝˋ ㄑㄩˇ	樂曲	140
ㄓㄨˋ ㄖㄨˋ	注入	140
ㄨㄟˊ ㄓㄨㄥˋ	為重	140
ㄨˊ ㄓ	無知	140
ㄅㄚˋ ㄇㄚ	爸媽	140
ㄌㄧˇ ㄘㄞˊ	理財	140
ㄕㄨㄟˋ ㄇㄧㄢˊ	睡眠	140
ㄉㄨ ㄉㄠˇ	督導	140
ㄨㄣˇ ㄉㄧㄥˋ ㄉㄜ˙	穩定的	140
ㄐㄧˋ ㄔㄥˊ	繼承	140
ㄓㄚˋ ㄆㄧㄢˋ	詐騙	140
ㄓㄜˋ ㄧˋ ㄒㄧㄝ	這一些	140
ㄓㄜˋ ㄒㄧㄝ ㄉㄨㄥ ㄒㄧ	這些東西	140
ㄓㄡ ㄨˇ	週五	140
ㄉㄠˋ ㄐㄧㄚ	道家	140
ㄇㄞˋ ㄖㄨˋ	邁入	140
ㄉㄡ ㄅㄨˊ ㄕˋ	都不是	140
ㄗㄨㄢˋ ㄕˊ	鑽石	140
ㄔㄤˊ ㄋㄧㄢˊ	長年	140
ㄇㄣˊ ㄆㄧㄠˋ	門票	140
ㄈㄤˊ ㄏㄨㄛˇ	防火	140
ㄒㄧˋ	隙	140
ㄒㄧㄢ ㄇㄧㄥˊ	鮮明	140
ㄉㄧㄢˇ ㄉㄧ	點滴	140
ㄅㄨˋ ㄕㄥ	不勝	139
ㄅㄨˋ ㄕㄨㄛ	不說	139
ㄓㄨㄥ ㄏㄨㄚˊ ㄉㄧㄢˋ ㄒㄧㄣˋ	中華電信	139
ㄏㄨˋ ㄓㄨˋ	互助	139
ㄧㄤˇ ㄌㄞˋ	仰賴	139
ㄌㄧˋ ㄒㄧㄥˊ	例行	139
ㄐㄧㄢˋ ㄅㄠˇ ㄈㄟˋ	健保費	139
ㄑㄧˊ ㄐㄧㄢ	其間	139
ㄈㄣ ㄐㄧˊ	分級	139
ㄊㄧ	剔	139
ㄊㄧˋ	剔	139
ㄉㄨㄥˋ ㄇㄞˋ	動脈	139
ㄌㄠˊ ㄉㄨㄥˋ ㄌㄧˋ	勞動力	139
ㄒㄧㄝˊ ㄌㄧˋ	協力	139
ㄕˋ ㄌㄧㄣˊ	士林	139
ㄒㄧㄚˋ ㄨㄟ ㄧˊ	夏威夷	139
ㄊㄚ ㄗㄞˋ	她在	139
ㄨㄤˋ	妄	139
ㄐㄧ	姬	139
ㄢ ㄋㄧㄥˊ	安寧	139
ㄕˊ ㄕㄨㄛ	實說	139
ㄎㄨㄥˇ ㄌㄨㄥˊ	恐龍	139
ㄍㄨㄥˇ	拱	139
ㄐㄧㄝ ㄉㄞˋ	接待	139
ㄧㄠˊ ㄍㄨㄣˇ	搖滾	139
ㄐㄧˊ ㄔㄨ	擊出	139
ㄇㄨˋ ㄓㄚˋ	木柵	139
ㄖㄨㄥˊ ㄏㄨㄛˋ	榮獲	139
ㄌㄜˋ ㄊㄡˋ	樂透	139
ㄅㄧㄠ ㄅㄣˇ	標本	139
ㄨㄛˋ	沃	139
ㄇㄟˊ ㄕˋ	沒事	139
ㄨㄟˊ ㄍㄨㄥ	為公	139
ㄨㄟˋ ㄍㄨㄥ	為公	139
ㄎㄢˋ ㄅㄧㄥˋ	看病	139
ㄧㄥˋ ㄏㄨㄚˋ	硬化	139
ㄐㄧ ㄔㄚˊ	稽查	139
ㄦˊ ㄑㄧㄝˇ ㄕˋ	而且是	139
ㄈㄨˇ ㄅㄞˋ	腐敗	139
ㄍㄡˇ	苟	139
ㄧㄣˋ	蔭	139
ㄐㄧㄝˇ ㄒㄧ	解析	139
ㄌㄨㄣˋ ㄉㄧㄢˇ	論點	139
ㄔㄠ ㄕㄤ	超商	139
ㄍㄣ ㄖㄣˊ	跟人	139
ㄐㄩㄣ ㄍㄨㄢ	軍官	139
ㄌㄩˇ	鋁	139
ㄚ ㄇㄢˋ	阿曼	139
ㄐㄧㄤˋ ㄐㄧㄚˋ	降價	139
ㄌㄨˋ ㄉㄧˋ	陸地	139
ㄍㄜˊ ㄐㄧㄢ	隔間	139
ㄙㄨㄟ ㄖㄢˊ ㄕˋ	雖然是	139
ㄧㄣ ㄩㄝˋ ㄊㄧㄥ	音樂廳	139
ㄧ ㄑㄧㄢ ㄨㄢˋ	一千萬	138
ㄧˋ ㄑㄧㄢ ㄨㄢˋ	一千萬	138
ㄑㄧ ㄕˊ ㄌㄧㄡˋ	七十六	138
ㄒㄧㄚˋ ㄕㄡˇ	下手	138
ㄒㄧㄚˋ ㄈㄤ	下方	138
ㄅㄨˋ ㄓ ㄅㄨˋ ㄐㄩㄝˊ	不知不覺	138
ㄑㄧㄠˋ	俏	138
ㄅㄠˇ ㄌㄨㄛˊ	保羅	138
ㄒㄧㄣˋ ㄌㄞˋ	信賴	138
ㄍㄜˋ ㄌㄧˋ	個例	138
ㄖㄨˋ ㄇㄣˊ	入門	138
ㄐㄧㄢ ㄖㄣˋ	兼任	138
ㄔㄨ ㄕㄨ	出書	138
ㄓˋ ㄈㄨˊ	制服	138
ㄆㄡ ㄒㄧ	剖析	138
ㄆㄡˇ ㄒㄧ	剖析	138
ㄏㄨㄟˋ	卉	138
ㄘㄢ ㄓㄢˇ	參展	138
ㄍㄨˇ ㄨㄣˊ	古文	138
ㄓˇ ㄧㄠˋ ㄧㄡˇ	只要有	138
ㄒㄧㄤˋ ㄑㄧㄢˊ	向前	138
ㄗㄞˋ ㄕㄨㄛ	在說	138
ㄧㄝˋ ㄐㄧㄢ ㄅㄨˋ	夜間部	138
ㄕˊ ㄐㄧˋ ㄉㄜ˙	實際的	138
ㄆㄧㄥˊ ㄇㄧㄣˊ	平民	138
ㄒㄩˋ ㄌㄧㄝˋ	序列	138
ㄏㄡˋ ㄑㄧˊ	後期	138
ㄓㄨㄥ ㄔㄥˊ	忠誠	138
ㄑㄧㄚˋ ㄉㄤˋ	恰當	138
ㄕㄡˇ ㄅㄧㄢ	手邊	138
ㄍㄤ	扛	6.351308576902391
ㄎㄤˊ	扛	138
ㄌㄚ ㄉㄧㄥ	拉丁	138
ㄓˇ ㄨㄣˊ	指紋	138
ㄓ ㄔˊ ㄓㄜˇ	支持者	138
ㄓ ㄆㄟˋ	支配	138
ㄧㄡˇ ㄐㄧㄚˋ	有價	138
ㄏㄜˊ ㄙㄨㄢ	核酸	138
ㄧㄡˊ ㄘˇ	由此	138
ㄅㄞˊ ㄆㄧˊ	白皮	138
ㄉㄧㄥ	盯	138
ㄎㄜ ㄒㄩㄝˊ ㄩㄢˊ	科學園	138
ㄎㄜ ㄒㄩㄝˊ ㄩㄢˊ ㄑㄩ	科學園區	138
ㄔㄥ ㄗㄢˋ	稱讚	138
ㄐㄧㄝˊ ㄩㄝ	節約	138
ㄅㄧㄢ ㄏㄠˋ	編號	138
ㄒㄧㄢˋ ㄕˋ ㄓㄥˋ ㄈㄨˇ	縣市政府	138
ㄑㄩㄝ ㄒㄧㄢˋ	缺陷	138
ㄐㄩˋ ㄌㄨㄛˋ	聚落	138
ㄌㄧㄢˊ ㄏㄨㄟˋ	聯會	138
ㄋㄥˊ ㄨㄟˋ	能為	138
ㄋㄠˇ ㄅㄨˋ	腦部	138
ㄏㄨㄚ ㄕㄥ	花生	138
ㄩㄢˋ	苑	138
ㄔㄨˇ ㄓˋ	處置	138
ㄕㄨㄛ ㄉㄜ˙ ㄕˋ	說的是	138
ㄑㄧㄠ	蹺	138
ㄑㄧㄠˋ	蹺	6.351308576902391
ㄍㄨㄥ	躬	138
ㄋㄨㄥˊ ㄈㄨ	農夫	138
ㄇㄧㄣˇ ㄋㄢˊ ㄩˇ	閩南語	138
ㄉㄧㄢˋ ㄧㄥˇ ㄩㄢˋ	電影院	138
ㄕㄡˇ ㄧㄝˋ	首頁	138
ㄧ ㄐㄧㄡˇ ㄐㄧㄡˇ ㄅㄚ	一九九八	137
ㄦˋ ㄕˊ ㄧ ㄕˋ ㄐㄧˋ	二十一世紀	137
ㄉㄞˋ ㄒㄧㄝˋ	代謝	137
ㄆㄧˋ	僻	137
ㄧㄡ ㄧㄚˇ	優雅	137
ㄔㄨㄥ ㄗㄨˊ	充足	137
ㄍㄨㄥ ㄩㄢˊ	公元	137
ㄔㄨ ㄊㄨˇ	出土	137
ㄔㄨ ㄗㄡˇ	出走	137
ㄅㄧㄝˊ ㄨㄟˊ	別為	137
ㄅㄧㄝˊ ㄨㄟˋ	別為	137
ㄕㄥ ㄓˊ	升值	137
ㄐㄧˊ ㄗㄠˇ	及早	137
ㄅㄚ	叭	137
ㄎㄜˇ ㄆㄚˋ ㄉㄜ˙	可怕的	137
ㄍㄨ	咕	137
ㄏㄥ	哼	137
ㄨㄞˋ ㄊㄠˋ	外套	137
ㄉㄨㄛ ㄒㄧㄤˋ	多項	137
ㄉㄚˋ ㄇㄚˊ	大麻	137
ㄊㄧㄢ ㄏㄨㄚ	天花	137
ㄏㄠˇ ㄅㄚ˙	好吧	137
ㄒㄧˊ ㄈㄨˋ	媳婦	137
ㄗˋ ㄇㄨˋ	字幕	137
ㄉㄨㄟˋ ㄈㄨˋ	對付	137
ㄕㄨˇ ㄒㄧㄥˋ	屬性	137
ㄕㄢ ㄕㄤˋ	山上	137
ㄕˋ ㄧˋ ㄏㄨㄟˋ	市議會	137
ㄕˋ ㄇㄧㄢˋ ㄕㄤˋ	市面上	137
ㄐㄧˇ ㄍㄜˋ ㄩㄝˋ	幾個月	137
ㄐㄧˇ ㄍㄜ˙ ㄩㄝˋ	幾個月	137
ㄕㄨˋ	庶	137
ㄏㄣˇ ㄓㄤˇ	很長	137
ㄏㄣˇ ㄔㄤˊ	很長	137
ㄉㄚˇ ㄧㄚ	打壓	137
ㄓㄥˋ ㄐㄧㄢˋ	政見	137
ㄩㄝˋ ㄍㄨㄤ	月光	137
ㄅㄣˇ ㄉㄠˇ	本島	137
ㄅㄣˇ ㄑㄧˊ	本期	137
ㄐㄧˊ ㄌㄧˋ	極力	137
ㄏㄞˇ ㄊㄨㄣˊ	海豚	137
ㄏㄢˋ ㄒㄩㄝˊ	漢學	137
ㄏㄢˋ ㄩˇ	漢語	137
ㄨˊ ㄖㄣˊ	無人	137
ㄕㄥ ㄨˋ ㄎㄜ ㄐㄧˋ	生物科技	137
ㄏㄨㄚˋ ㄔㄨ	畫出	137
ㄉㄤ ㄐㄧㄣ	當今	137
ㄐㄧˋ ㄋㄧㄢˋ ㄍㄨㄢˇ	紀念館	137
ㄇㄟˇ ㄏㄨㄚˋ	美化	137
ㄌㄠˇ ㄗˇ	老子	137
ㄌㄠˇ ㄗ˙	老子	137
ㄗˋ ㄓㄨˋ	自助	137
ㄘㄠˇ ㄩㄢˊ	草原	137
ㄑㄧㄣ ㄖㄣˊ	親人	137
ㄐㄧㄝˇ ㄎㄞ	解開	137
ㄇㄧˊ ㄍㄨㄥ	迷宮	137
ㄉㄡˇ	陡	137
ㄧ ㄓㄡ	一週	136
ㄧˋ ㄓㄡ	一週	136
ㄅㄨˊ ㄉㄨㄥˋ ㄔㄢˇ	不動產	136
ㄅㄨˊ ㄧㄠˋ ㄗㄞˋ	不要再	136
ㄑㄧㄢ	仟	136
ㄨㄟˋ ㄩㄢˊ	位元	136
ㄆㄟˋ ㄈㄨˊ	佩服	136
ㄨˇ	侮	136
ㄅㄠˇ ㄒㄧㄢˇ ㄍㄨㄥ ㄙ	保險公司	136
ㄒㄧㄣˋ ㄐㄧㄢˋ	信件	136
ㄒㄧㄢ ㄕˋ	先是	136
ㄅㄢˋ ㄊㄧㄢ	半天	136
ㄏㄡˋ ㄉㄜ˙	厚的	136
ㄕㄨˊ ㄕㄨˊ	叔叔	136
ㄕㄨˊ ㄕㄨ˙	叔叔	136
ㄏㄚ ㄈㄛˊ	哈佛	136
ㄒㄧ	嘻	136
ㄉㄚˋ ㄈㄨ	大夫	136
ㄉㄞˋ ㄈㄨ	大夫	136
ㄉㄞˋ ㄈㄨ˙	大夫	136
ㄒㄧㄥˋ ㄐㄧㄠˋ ㄩˋ	性教育	136
ㄎㄤˋ ㄓㄢˋ	抗戰	136
ㄅㄠˋ ㄓㄜ˙	抱著	136
ㄓㄤˇ ㄕㄥ	掌聲	136
ㄔㄚˊ ㄅㄠˋ	查報	136
ㄕㄨ	樞	136
ㄒㄧㄤˋ	橡	136
ㄇㄤˊ	氓	136
ㄕㄨㄟˇ ㄐㄧㄥ	水晶	136
ㄧㄡˊ ㄩㄥˇ ㄔˊ	游泳池	136
ㄨˊ ㄑㄧㄥˊ	無情	136
ㄧㄥˊ ㄑㄩ	營區	136
ㄇㄨˇ	牡	136
ㄇㄨˇ	畝	136
ㄤˋ	盎	136
ㄌㄞˋ	睞	136
ㄉㄨㄢˇ ㄑㄩㄝ	短缺	136
ㄉㄨㄢ ㄉㄧˋ	端的	136
ㄘㄠ	糙	136
ㄘㄠˋ	糙	136
ㄏㄨㄚˊ ㄧˋ	華裔	136
ㄨㄢˋ ㄋㄧㄢˊ	萬年	136
ㄧㄥˊ	蠅	136
ㄒㄧ ㄋㄢˊ	西南	136
ㄒㄧ ㄉㄨ	西都	136
ㄕˋ ㄊㄧㄥ	視聽	136
ㄕˋ ㄍㄨㄛˋ	試過	136
ㄏㄨˋ ㄖㄣˊ	護人	136
ㄗㄢˋ ㄊㄨㄥˊ	贊同	136
ㄍㄣ ㄨㄛˇ ㄕㄨㄛ	跟我說	136
ㄓㄜˋ ㄏㄨㄟˊ	這回	136
ㄅㄢˇ	阪	136
ㄍㄨˇ ㄊㄡˊ	骨頭	136
ㄍㄨˇ ㄊㄡ˙	骨頭	136
ㄍㄨˊ ㄊㄡˊ	骨頭	136
ㄍㄨˊ ㄊㄡ˙	骨頭	136
ㄧ ㄙㄨㄛˇ	一所	135
ㄧˋ ㄙㄨㄛˇ	一所	135
ㄙㄢ ㄇㄧㄣˊ	三民	135
ㄅㄨˊ ㄒㄧㄥˋ ㄉㄜ˙	不幸的	135
ㄅㄨˋ ㄒㄧㄥˋ ㄉㄜ˙	不幸的	135
ㄨㄟˋ ㄗ˙	位子	135
ㄔㄤˋ ㄉㄠˇ	倡導	135
ㄕㄤ ㄎㄡˇ	傷口	135
ㄔㄨㄥ ㄇㄢˇ ㄌㄜ˙	充滿了	135
ㄍㄨㄤ ㄖㄨㄥˊ	光榮	135
ㄑㄩㄢˊ ㄍㄨㄛˊ ㄒㄧㄥˋ	全國性	135
ㄍㄨㄥ ㄎㄞ ㄙㄞˋ	公開賽	135
ㄔㄨ ㄗㄨ	出租	135
ㄩㄥˇ ㄩˊ	勇於	135
ㄍㄜˋ ㄅㄨˋ	各部	135
ㄙˋ ㄉㄚˋ	四大	135
ㄙˋ ㄔㄨㄢ	四川	135
ㄕㄡˋ ㄇㄧㄥˋ	壽命	135
ㄎㄨㄚ	夸	135
ㄔㄤ	娼	135
ㄙㄨㄣ ㄗˇ	孫子	135
ㄙㄨㄣ ㄗ˙	孫子	135
ㄊㄧㄝ	帖	6.351308576902391
ㄊㄧㄝˇ	帖	135
ㄊㄧㄝˋ	帖	6.351308576902391
ㄓㄨㄥ ㄒㄧㄠˋ	忠孝	135
ㄒㄧㄢˋ ㄓㄥˋ	憲政	135
ㄉㄚˇ ㄙˇ	打死	135
ㄒㄧㄣ ㄓ	新知	135
ㄑㄧˊ ㄇㄛˋ	期末	135
ㄖㄨㄥˊ ㄗㄨㄥˇ	榮總	135
ㄍㄜ ㄗˇ ㄒㄧˋ	歌仔戲	135
ㄍㄜ ㄗㄞˇ ㄒㄧˋ	歌仔戲	135
ㄨˇ ㄓㄨㄤ	武裝	135
ㄑㄧˋ ㄕˋ	氣勢	135
ㄈㄚˇ ㄒㄩㄝˊ	法學	135
ㄏㄨㄛˊ ㄩㄥˋ	活用	135
ㄧㄢ ㄇㄛˋ	淹沒	135
ㄏㄨㄛˇ ㄗㄞ	火災	135
ㄔㄠˇ ㄗㄨㄛˋ	炒作	135
ㄨ ㄌㄨㄥˊ	烏龍	135
ㄓㄣ ㄒㄩㄢˇ	甄選	135
ㄆㄧㄠˋ ㄒㄩㄢˇ	票選	135
ㄓㄨˊ ㄉㄨㄥ	竹東	135
ㄋㄧㄡˇ ㄒㄧ ㄌㄢˊ	紐西蘭	135
ㄇㄟˇ ㄈㄤ	美方	135
ㄇㄛˋ ㄙ ㄎㄜ	莫斯科	135
ㄅㄛ	蔔	135
ㄅㄛˊ	蔔	135
ㄅㄛ˙	蔔	135
ㄌㄨㄛˊ ㄅㄛ	蘿蔔	135
ㄌㄨㄛˊ ㄅㄛ˙	蘿蔔	135
ㄍㄨㄢ ㄧㄣ	觀音	135
ㄔㄥˊ ㄎㄣˇ	誠懇	135
ㄕㄣ ㄧㄥˇ	身影	135
ㄕㄣ ㄍㄠ	身高	135
ㄊㄨㄟˋ ㄒㄧㄡ ㄐㄧㄣ	退休金	135
ㄗㄨㄣ ㄒㄩㄣˊ	遵循	135
ㄒㄧㄝˊ ㄜˋ	邪惡	135
ㄈㄨˇ	釜	135
ㄍㄞˋ	鈣	135
ㄎㄞ ㄓ	開支	135
ㄩㄣˊ ㄇㄣˊ	雲門	135
ㄉㄧㄢˋ ㄒㄩㄣˋ	電訊	135
ㄑㄧㄥ ㄨㄚ	青蛙	135
ㄉㄧㄢˇ ㄗ˙	點子	135
ㄉㄧㄡ ㄉㄧㄠˋ	丟掉	134
ㄖㄣˊ ㄞˋ	仁愛	134
ㄍㄨㄥˋ ㄇㄧㄥˊ	共鳴	134
ㄗㄞˋ ㄏㄨㄟˊ	再回	134
ㄍㄨㄥ ㄒㄧㄠˋ	功效	134
ㄅㄟˇ ㄉㄧˋ	北地	134
ㄊㄞˊ ㄓㄨㄥ ㄒㄧㄢˋ	台中縣	134
ㄕˇ ㄐㄧˋ	史記	134
ㄇㄧㄥˋ ㄓㄨㄥˋ	命中	134
ㄒㄧˇ ㄏㄠˋ	喜好	134
ㄅㄠˋ ㄢˋ	報案	134
ㄉㄨㄛ ㄉㄚˊ	多達	134
ㄕ ㄌㄨㄛˋ	失落	134
ㄗˋ ㄧㄢˇ	字眼	134
ㄆㄧㄥˊ ㄈㄢˊ	平凡	134
ㄧㄡˋ ㄔㄨㄥˊ	幼蟲	134
ㄈㄟˋ ㄑㄧˋ ㄨˋ	廢棄物	134
ㄨㄤˇ ㄋㄧㄢˊ	往年	134
ㄜˋ ㄌㄧㄝˋ	惡劣	134
ㄔㄥˊ ㄐㄧㄡˋ ㄍㄢˇ	成就感	134
ㄓㄥˇ ㄐㄧㄡˋ	拯救	134
ㄐㄧㄝˊ ㄎㄜˋ	捷克	134
ㄓˊ	擲	134
ㄓㄥˇ ㄒㄧㄡ	整修	134
ㄆㄛˋ	朴	27.161741882393653
ㄆㄧㄠˊ	朴	6.351308576902391
ㄆㄨˊ	朴	134
ㄌㄧㄣˊ ㄨˋ	林務	134
ㄓㄠˇ	沼	134
ㄒㄩㄥ	洶	134
ㄆㄞˋ ㄑㄧㄢˇ	派遣	134
ㄏㄞˇ ㄇㄧㄢˋ	海面	134
ㄐㄧㄢˇ ㄉㄧ	減低	134
ㄐㄧㄝˋ ㄒㄧㄢˋ	界線	134
ㄈㄚ ㄧㄤˊ	發揚	134
ㄅㄞˊ ㄆㄧˊ ㄕㄨ	白皮書	134
ㄇㄧˋ ㄕㄨ	祕書	134
ㄐㄧ ㄐㄧˊ ㄉㄜ˙	積極的	134
ㄔㄨㄢ ㄙㄨㄛ	穿梭	134
ㄒㄧㄥ	腥	134
ㄏㄨㄚ ㄌㄧㄢˊ ㄒㄧㄢˋ	花蓮縣	134
ㄉㄨˊ ㄐㄧㄥ	讀經	134
ㄑㄩ	軀	134
ㄋㄨㄥˊ ㄧㄠˋ	農藥	134
ㄔㄤˊ ㄐㄧㄡˇ ㄧˇ ㄌㄞˊ	長久以來	134
ㄎㄞ ㄇㄣˊ	開門	134
ㄍㄨˋ ㄐㄧˊ	顧及	134
ㄅㄨˋ ㄋㄥˊ ㄅㄨˊ	不能不	133
ㄅㄨˋ ㄋㄥˊ ㄅㄨˋ	不能不	133
ㄓㄨˇ ㄐㄧˋ ㄔㄨˋ	主計處	133
ㄧㄝˇ ㄉㄨㄟˋ	也對	133
ㄧㄡ ㄉㄞˋ	優待	133
ㄅㄧㄝˊ ㄗㄞˋ	別在	133
ㄋㄢˊ ㄒㄧㄚˋ	南下	133
ㄈㄢˇ ㄕㄜˋ	反射	133
ㄋㄚˇ ㄦˊ	哪兒	133
ㄜˇ	噁	133
ㄨˋ	噁	133
ㄎㄨㄣˋ ㄋㄢˊ ㄉㄜ˙	困難的	133
ㄍㄨㄛˊ ㄑㄧㄥˋ	國慶	133
ㄉㄧˋ ㄩˋ	地獄	133
ㄎㄢ ㄔㄥ	堪稱	133
ㄒㄧㄢˊ ㄧˊ	嫌疑	133
ㄨㄢˊ ㄑㄩㄢˊ ㄕˋ	完全是	133
ㄙˋ ㄇㄧㄠˋ	寺廟	133
ㄧㄢˊ ㄕˊ	岩石	133
ㄓㄤˋ ㄏㄨˋ	帳戶	133
ㄔㄤˊ ㄅㄟˋ	常被	133
ㄉㄧㄢˋ ㄌㄧˇ	店裡	133
ㄅㄧㄣ	彬	133
ㄒㄧㄤˇ ㄌㄞˊ	想來	133
ㄒㄧㄤˇ ㄗㄞˋ	想在	133
ㄐㄧㄝ ㄕㄡˇ	接手	133
ㄇㄛˊ ㄊㄨㄛ	摩托	133
ㄍㄞˇ ㄉㄜ˙	改的	133
ㄖˋ ㄩㄝˋ	日月	133
ㄕˊ ㄕㄤˋ	時尚	133
ㄑㄩˇ ㄗ˙	曲子	133
ㄏㄨㄟˋ ㄅㄠˋ	會報	133
ㄧㄡˇ ㄧˋ	有益	133
ㄒㄧㄡˇ	朽	133
ㄏㄜˊ ㄉㄧㄢˋ	核電	133
ㄔㄣˊ ㄓㄨㄥˋ	沈重	133
ㄉㄢˋ ㄐㄧㄤ	淡江	133
ㄅㄢˋ	瓣	133
ㄕㄥ ㄐㄧˋ	生技	133
ㄅㄞˊ ㄏㄨㄚˋ	白話	133
ㄐㄧㄢ ㄎㄨㄥˋ	監控	133
ㄧㄢˊ ㄆㄢˋ	研判	133
ㄊㄨˊ ㄒㄧㄢˇ	突顯	133
ㄋㄚˋ ㄕㄨㄟˋ ㄖㄣˊ	納稅人	133
ㄐㄩㄝˊ ㄉㄚˋ ㄉㄨㄛ ㄕㄨˋ	絕大多數	133
ㄗㄨㄥˇ ㄕㄨˋ	總數	133
ㄓㄡ ㄌㄧㄡˋ	週六	133
ㄔㄤˊ ㄍㄥ	長庚	133
ㄙㄨㄟ ㄖㄢˊ ㄧㄡˇ	雖然有	133
ㄩˇ ㄌㄧㄤˋ	雨量	133
ㄑㄧㄥ ㄌㄞˋ	青睞	133
ㄩㄢˋ ㄐㄧㄥˇ	願景	133
ㄏㄨㄤˊ ㄏㄨㄣ	黃昏	133
ㄧ ㄧㄝˋ	一頁	132
ㄧˊ ㄧㄝˋ	一頁	132
ㄅㄨˋ ㄈㄚˇ	不法	132
ㄓㄨㄥ ㄑㄧㄡ	中秋	132
ㄑㄧˇ	乞	132
ㄐㄧˊ	亟	132
ㄑㄧˋ	亟	6.351308576902391
ㄓㄣ ㄔㄚˊ	偵查	132
ㄍㄨㄥ ㄍㄨㄢ	公關	132
ㄅㄧㄝˊ ㄊㄧˊ	別提	132
ㄅㄠ ㄖㄨㄥˊ	包容	132
ㄓˇ ㄗㄞˋ	只在	132
ㄙ ㄇㄚˇ	司馬	132
ㄊㄨˇ ㄇㄨˋ	土木	132
ㄍㄨㄟ	圭	132
ㄉㄨㄛ ㄕˋ	多事	132
ㄢ ㄑㄩㄢˊ ㄒㄧㄥˋ	安全性	132
ㄉㄠˇ ㄧㄡˊ	導遊	132
ㄐㄧㄡˋ ㄉㄜˊ	就得	132
ㄍㄢˇ ㄧㄥˋ	感應	132
ㄆㄧㄝ	撇	6.351308576902391
ㄆㄧㄝˇ	撇	132
ㄌㄩˇ ㄔㄥˊ	旅程	132
ㄌㄧㄣˊ ㄇㄨˋ	林木	132
ㄇㄛˊ ㄗㄨˇ	模組	132
ㄐㄧㄢˇ ㄙㄨㄛˇ	檢索	132
ㄑㄩㄢˊ ㄒㄧㄢˋ	權限	132
ㄍㄜ ㄧㄠˊ	歌謠	132
ㄙˇ ㄓㄜˇ	死者	132
ㄏㄨㄟˇ ㄇㄧㄝˋ	毀滅	132
ㄕㄚ ㄈㄚ	沙發	132
ㄓˋ ㄌㄧˇ	治理	132
ㄌㄧㄡˊ ㄇㄤˊ	流氓	132
ㄨˊ ㄋㄥˊ	無能	132
ㄧㄥˊ ㄕㄡ	營收	132
ㄩㄥˋ ㄍㄨㄥ	用功	132
ㄏㄨㄚˋ ㄓㄢˇ	畫展	132
ㄉㄥ ㄌㄨˋ	登錄	132
ㄎㄢˋ ㄅㄨˋ ㄉㄨㄥˇ	看不懂	132
ㄉㄨㄢˇ ㄉㄜ˙	短的	132
ㄆㄛˋ ㄙㄨㄟˋ	破碎	132
ㄈㄨˊ	縛	132
ㄓㄜˊ	輒	132
ㄒㄩㄢˇ ㄅㄚˊ	選拔	132
ㄆㄟˋ ㄡˇ	配偶	132
ㄔㄨㄥˊ ㄕㄣ	重申	132
ㄚ ㄕㄜˋ	阿舍	132
ㄇㄞˋ ㄎㄜˋ ㄈㄥ	麥克風	132
ㄧ ㄐㄧˊ	一級	131
ㄧˋ ㄐㄧˊ	一級	131
ㄒㄧㄚˋ ㄅㄢˋ	下半	131
ㄕˋ ㄕㄤˋ	世上	131
ㄓㄨㄥ ㄩㄢˊ	中元	131
ㄐㄧㄡˇ ㄍㄜ˙	九個	131
ㄉㄧ ㄨㄣ	低溫	131
ㄇㄧㄢˇ ㄉㄜˊ	免得	131
ㄇㄧㄢˇ ㄉㄜ˙	免得	131
ㄋㄟˋ ㄐㄧㄢˋ	內建	131
ㄔㄨ ㄉㄨㄥˋ	出動	131
ㄅㄟ ㄋㄢˊ	卑南	131
ㄇㄧㄥˊ ㄆㄞˊ	名牌	131
ㄎㄚ	喀	131
ㄎㄚˋ	喀	131
ㄎㄜˋ	喀	131
ㄉㄧˋ ㄩˋ	地域	131
ㄉㄧˋ ㄓㄥˋ	地政	131
ㄗㄥ ㄊㄧㄢ	增添	131
ㄉㄨㄛ ㄧˋ	多億	131
ㄉㄨㄛ ㄩˊ	多餘	131
ㄖㄨˊ ㄍㄨㄛˇ ㄋㄥˊ	如果能	131
ㄒㄩㄝˊ ㄩㄣˋ	學運	131
ㄉㄧㄥˋ ㄐㄧㄚˋ	定價	131
ㄌㄨˊ	廬	131
ㄕㄜˋ ㄧㄥˇ ㄕ	攝影師	131
ㄓㄥˋ ㄎㄜˋ	政客	131
ㄓㄥˋ ㄓˋ ㄖㄣˊ ㄨˋ	政治人物	131
ㄐㄧㄥˇ ㄙㄜˋ	景色	131
ㄅㄣˇ ㄋㄥˊ	本能	131
ㄑㄧ ㄈㄨˋ	欺負	131
ㄙˇ ㄑㄩˋ	死去	131
ㄕㄨㄟˇ ㄍㄨㄢˇ	水管	131
ㄈㄚˇ ㄓˋ	法治	131
ㄌㄧㄡˊ ㄕㄨㄟˇ	流水	131
ㄌㄧㄡˊ ㄒㄧㄥˊ ㄉㄜ˙	流行的	131
ㄕㄣ ㄩㄢˇ	深遠	131
ㄏㄢˋ ㄗˋ	漢字	131
ㄌㄧˇ ㄙㄨㄛˇ ㄉㄤ ㄖㄢˊ	理所當然	131
ㄓㄤ	璋	131
ㄇㄨˋ ㄉㄧˋ ㄉㄧˋ	目的地	131
ㄒㄧㄤ ㄈㄢˇ ㄉㄜ˙	相反的	131
ㄔㄨㄤ ㄏㄨˋ	窗戶	131
ㄉㄨˇ	篤	131
ㄐㄧㄢˇ ㄧˋ	簡易	131
ㄖㄨㄥˊ	絨	131
ㄗㄨㄥˇ ㄍㄢˋ ㄕˋ	總幹事	131
ㄌㄠˇ ㄅㄧㄥ	老兵	131
ㄏㄜˊ ㄙㄜˋ	褐色	131
ㄐㄧˋ ㄐㄧㄠˋ	計較	131
ㄍㄨㄟˋ ㄅㄧㄣ	貴賓	131
ㄗㄥˋ ㄙㄨㄥˋ	贈送	131
ㄑㄧˇ ㄈㄟ	起飛	131
ㄆㄛˋ ㄑㄧㄝˋ	迫切	131
ㄍㄨㄛˋ ㄇㄧㄣˇ	過敏	131
ㄉㄠˋ ㄕㄤˋ	道上	131
ㄔㄤˊ ㄕˊ ㄐㄧㄢ	長時間	131
ㄆㄟˊ ㄅㄢˋ	陪伴	131
ㄗㄚˊ ㄏㄨㄛˋ ㄉㄧㄢˋ	雜貨店	131
ㄉㄧㄥˇ ㄐㄧㄢ	頂尖	131
ㄩˋ ㄐㄧㄥˇ	預警	131
ㄍㄠ ㄈㄥ ㄏㄨㄟˋ	高峰會	131
ㄍㄠ ㄦˇ ㄈㄨ ㄑㄧㄡˊ	高爾夫球	131
ㄧ ㄐㄧㄚ ㄖㄣˊ	一家人	130
ㄧˋ ㄐㄧㄚ ㄖㄣˊ	一家人	130
ㄅㄨˋ ㄕˊ	不實	130
ㄓㄨㄥ ㄑㄧˊ	中期	130
ㄅㄧㄢˋ ㄎㄜˇ	便可	130
ㄍㄜˋ ㄍㄨˇ	個股	130
ㄐㄧㄝˋ ㄎㄨㄢˇ	借款	130
ㄒㄧㄢ ㄉㄜ˙	先的	130
ㄇㄧㄢˇ ㄩˊ	免於	130
ㄍㄨㄥ ㄐㄧㄠˋ	公教	130
ㄑㄧㄢˊ ㄖㄣˋ	前任	130
ㄐㄧㄚ ㄑㄧˇ ㄌㄞˊ	加起來	130
ㄧㄡˇ ㄧˊ	友誼	130
ㄐㄧㄠˋ ㄕㄥ	叫聲	130
ㄒㄧㄠˋ	嘯	130
ㄏㄟ	嘿	130
ㄩㄢˊ ㄌㄧˇ	園裡	130
ㄉㄧˋ ㄅㄧㄠˇ	地表	130
ㄊㄢˇ ㄅㄛˊ	坦白	130
ㄊㄢˇ ㄅㄞˊ	坦白	130
ㄨㄞˋ ㄐㄧㄚ	外加	130
ㄧㄝˋ ㄌㄧˇ	夜裡	130
ㄊㄧㄢ ㄏㄡˋ	天候	130
ㄓㄢˇ	嶄	130
ㄗㄨㄛˇ ㄆㄞˋ	左派	130
ㄧㄢˊ ㄏㄡˋ	延後	130
ㄎㄨㄞˋ ㄌㄜˋ ㄉㄜ˙	快樂的	130
ㄑㄧㄥˊ ㄕˋ	情事	130
ㄒㄧㄤˇ ㄍㄨㄛˋ	想過	130
ㄨㄛˇ ㄅㄨˋ ㄋㄥˊ	我不能	130
ㄏㄨˋ ㄐㄧˊ	戶籍	130
ㄕㄡˇ ㄐㄧㄠˇ	手腳	130
ㄊㄨㄛ ㄦˊ ㄙㄨㄛˇ	托兒所	130
ㄏㄢˋ	捍	130
ㄆㄞˊ ㄕㄨㄟˇ	排水	130
ㄧㄢˇ ㄇㄞˊ	掩埋	130
ㄇㄛ ㄙㄨㄛˇ	摸索	130
ㄅㄞˇ ㄗㄞˋ	擺在	130
ㄔㄤˇ	敞	130
ㄕㄨˋ ㄑㄧㄢ	數千	130
ㄖˋ ㄧㄝˋ	日夜	130
ㄘㄥˊ ㄗㄞˋ	曾在	130
ㄐㄧˊ ㄉㄚˋ	極大	130
ㄅㄧㄠ ㄓㄤ	標章	130
ㄕㄚ ㄕㄡˇ	殺手	130
ㄕㄨㄟˇ ㄉㄠˋ	水道	130
ㄧㄠˊ	淆	130
ㄑㄧㄥ ㄒㄧㄣ	清新	130
ㄍㄤˇ ㄖㄣˊ	港人	130
ㄅㄟˋ	焙	130
ㄉㄨㄣˋ	燉	130
ㄒㄧㄢˋ ㄔㄥˊ	現成	130
ㄕㄜˋ ㄩㄣˋ	社運	130
ㄆㄧㄠˋ ㄐㄧㄚˋ	票價	130
ㄌㄧˋ ㄑㄧˇ	立起	130
ㄐㄧㄝˊ ㄐㄩˊ	結局	130
ㄩˇ ㄇㄠˊ	羽毛	130
ㄌㄠˇ ㄏㄨㄚˋ	老化	130
ㄌㄧㄢˊ ㄙㄞˋ	聯賽	130
ㄈㄨˋ ㄅㄨˋ	腹部	130
ㄌㄧㄢˇ ㄙㄜˋ	臉色	130
ㄘㄠˇ ㄉㄧˋ	草地	130
ㄙㄨㄢˋ	蒜	130
ㄓㄨ	蛛	130
ㄩˇ ㄑㄧˋ	語氣	130
ㄓˊ ㄌㄧㄤˋ	質量	130
ㄗㄡˇ ㄑㄩˋ	走去	130
ㄓㄨㄟ ㄓㄨˊ	追逐	130
ㄓㄜˋ ㄒㄧㄝ ㄕˋ	這些事	130
ㄌㄨˋ ㄧㄣ ㄉㄞˋ	錄音帶	130
ㄈㄨˋ ㄌㄨˋ	附錄	130
ㄉㄧㄢ ㄈㄨˋ	顛覆	130
ㄕㄚ	鯊	130
ㄍㄨˇ ㄨˇ	鼓舞	130
ㄧ ㄒㄧㄣ	一心	129
ㄧˋ ㄒㄧㄣ	一心	129
ㄕㄤˋ ㄈㄤ	上方	129
ㄅㄨˋ ㄏㄠˇ ㄉㄜ˙	不好的	129
ㄓㄨˇ ㄓㄡˊ	主軸	129
ㄓ ㄉㄧˋ	之地	129
ㄦˋ ㄧˋ	二億	129
ㄨˇ ㄊㄧㄢ	五天	129
ㄐㄧㄠ ㄔㄚ	交叉	129
ㄖㄣˊ ㄧㄣ	人因	129
ㄌㄞˊ ㄖㄣˊ	來人	129
ㄗㄨㄛˋ ㄔㄨ ㄌㄞˊ	做出來	129
ㄖㄨˋ ㄒㄩㄢˇ	入選	129
ㄍㄨㄥ ㄐㄧㄚ	公家	129
ㄍㄨㄥ ㄧㄡˇ	公有	129
ㄌㄧㄡˋ ㄔㄥˊ	六成	129
ㄑㄧˊ ㄕˊ ㄧㄡˇ	其實有	129
ㄑㄧˊ ㄏㄡˋ	其後	129
ㄌㄧㄡˊ ㄊㄞˋ ㄧㄥ	劉泰英	129
ㄊㄞˊ ㄅㄟˇ ㄕˋ ㄌㄧˋ	台北市立	129
ㄓㄜˊ ㄒㄩㄝˊ ㄐㄧㄚ	哲學家	129
ㄕㄤ ㄌㄧㄤˊ	商量	129
ㄒㄧㄤˋ ㄨㄤˇ	嚮往	129
ㄙˋ ㄧˋ	四億	129
ㄍㄨㄛˊ ㄐㄧㄢˋ	國建	129
ㄐㄧㄢ ㄐㄩㄝˊ	堅決	129
ㄨㄞˋ ㄍㄨㄥ	外公	129
ㄨㄞˋ ㄎㄜ	外科	129
ㄒㄩㄝˊ ㄖㄣˊ	學人	129
ㄐㄧㄚ ㄐㄧㄚ	家家	129
ㄉㄨㄟˋ ㄓㄜ˙	對著	129
ㄕ ㄕㄨㄛ	師說	129
ㄇㄨˋ ㄏㄡˋ	幕後	129
ㄈㄟˋ ㄕㄨㄟˇ	廢水	129
ㄧˋ ㄏㄢˊ	意涵	129
ㄨㄛˇ ㄕㄤˋ	我上	129
ㄓㄢˋ ㄏㄨㄛˇ	戰火	129
ㄈㄤˊ ㄉㄞˋ	房貸	129
ㄆㄧ ㄓㄨㄣˇ	批准	129
ㄜˋ	扼	129
ㄌㄧㄣˊ ㄒㄧㄢˋ	林縣	129
ㄐㄧ ㄉㄨㄥˋ	機動	129
ㄐㄧ ㄑㄧˋ ㄖㄣˊ	機器人	129
ㄍㄨㄟ ㄕㄨˇ	歸屬	129
ㄓㄨㄣˇ ㄗㄜˊ	準則	129
ㄏㄨㄛˇ ㄍㄨㄛ	火鍋	129
ㄨㄟˊ ㄅㄣˇ	為本	129
ㄨˊ ㄒㄧㄠˋ	無效	129
ㄨˊ ㄩㄥˋ	無用	129
ㄊㄜˋ ㄉㄧㄥˋ ㄉㄜ˙	特定的	129
ㄌㄧˇ ㄏㄨㄚˋ	理化	129
ㄉㄤ ㄓㄨㄥ ㄉㄜ˙	當中的	129
ㄕㄣˊ ㄑㄧㄥˊ	神情	129
ㄙ ㄧㄥˊ	私營	129
ㄉㄧˋ ㄙˋ ㄕˊ	第四十	129
ㄓㄥ	箏	129
ㄩㄝ ㄨㄟˊ	約為	129
ㄒㄧˋ ㄓˋ	細緻	129
ㄗㄨㄟˋ ㄒㄧㄢˊ	罪嫌	129
ㄐㄧㄥ ㄧㄥ	菁英	129
ㄆㄧㄥˊ ㄒㄩㄢˇ	評選	129
ㄐㄧㄥˇ ㄅㄠˋ	警報	129
ㄉㄨˊ ㄉㄠˋ	讀到	129
ㄅㄧㄢˋ ㄧˋ	變異	129
ㄍㄢˇ ㄉㄠˋ	趕到	129
ㄊㄨㄥ ㄔㄤˊ ㄕˋ	通常是	129
ㄩㄣˋ ㄓㄨㄢˇ	運轉	129
ㄋㄢˊ ㄎㄢˋ	難看	129
ㄩㄣˊ ㄌㄧㄣˊ ㄒㄧㄢˋ	雲林縣	129
ㄘㄢ ㄍㄨㄢˇ	餐館	129
ㄧ ㄖㄨˊ	一如	128
ㄧˋ ㄖㄨˊ	一如	128
ㄙㄢ ㄈㄣ ㄓ ㄦˋ	三分之二	128
ㄅㄨˋ ㄉㄜˊ ㄌㄧㄠˇ	不得了	128
ㄕˋ ㄐㄧㄝˋ ㄍㄜˋ ㄉㄧˋ	世界各地	128
ㄐㄧㄡˇ ㄧ ㄧ	九一一	128
ㄦˋ ㄕˊ ㄐㄧˇ	二十幾	128
ㄨˇ ㄉㄚˋ	五大	128
ㄖㄣˊ ㄓˊ	人質	128
ㄖㄣˊ ㄓˋ	人質	128
ㄧˇ ㄘˇ	以此	128
ㄨㄟˋ ㄕㄨˋ	位數	128
ㄧ ㄎㄠˋ	依靠	128
ㄒㄧㄡ ㄒㄧㄥˊ	修行	128
ㄉㄠˋ ㄨㄞˋ	到外	128
ㄐㄧㄚ ㄕㄣ	加深	128
ㄩㄢˊ ㄕˋ	原是	128
ㄈㄢˇ ㄍㄨㄛˋ	反過	128
ㄓˇ ㄕˋ ㄗㄞˋ	只是在	128
ㄗㄥ ㄕㄜˋ	增設	128
ㄨㄞˋ ㄕㄤ	外商	128
ㄨㄞˋ ㄆㄛˊ	外婆	128
ㄉㄚˋ ㄊㄧㄥ	大廳	128
ㄊㄞˋ ㄍㄠ	太高	128
ㄑㄧˊ ㄇㄧㄠˋ	奇妙	128
ㄇㄨˋ ㄌㄧㄠˊ	幕僚	128
ㄒㄧˋ ㄑㄩˇ	戲曲	128
ㄕㄡˇ ㄅㄟˋ	手臂	128
ㄕㄡˇ ㄅㄧˋ	手臂	128
ㄎㄡˋ ㄔㄨˊ	扣除	128
ㄘㄞˇ ㄒㄧㄥˊ	採行	128
ㄧㄠˊ ㄧㄠˊ	搖搖	128
ㄒㄧㄣ ㄒㄧㄣ	新新	128
ㄈㄤ ㄧㄢˊ	方言	128
ㄒㄧㄥ ㄅㄚ ㄎㄜˋ	星巴克	128
ㄍㄥ ㄍㄞˇ	更改	128
ㄕㄨ ㄓㄢˇ	書展	128
ㄗㄨㄟˋ ㄒㄧㄠˇ	最小	128
ㄙˇ ㄉㄧㄠˋ	死掉	128
ㄇㄧㄣˊ ㄓㄨˇ ㄏㄨㄚˋ	民主化	128
ㄏㄞˇ ㄅㄧㄢ	海邊	128
ㄏㄞˇ ㄍㄨㄢ	海關	128
ㄉㄧㄢˋ	澱	128
ㄋㄧㄡˊ ㄖㄡˋ ㄇㄧㄢˋ	牛肉麵	128
ㄒㄧㄥ	猩	128
ㄕㄥ ㄊㄞˋ ㄒㄧˋ	生態系	128
ㄇㄢˊ	瞞	128
ㄇㄧㄠˇ ㄓㄨㄥ	秒鐘	128
ㄐㄧㄥ ㄆㄧㄣˇ	精品	128
ㄧˋ ㄇㄧㄣˊ	義民	128
ㄈㄟˇ ㄘㄨㄟˋ	翡翠	128
ㄐㄧ ㄈㄨ	肌膚	128
ㄗˋ ㄐㄧㄚ	自家	128
ㄗˋ ㄐㄧㄡˋ	自救	128
ㄅㄟˋ ㄉㄚˇ	被打	128
ㄐㄧㄣ	襟	128
ㄑㄧㄣ ㄇㄧˋ	親密	128
ㄑㄧㄥˇ ㄌㄞˊ	請來	128
ㄐㄧㄥˇ ㄐㄩㄝˊ	警覺	128
ㄗ ㄘㄜˋ ㄏㄨㄟˋ	資策會	128
ㄌㄨˋ ㄐㄧㄥˋ	路徑	128
ㄓㄨㄢˇ ㄧㄝˋ	轉業	128
ㄅㄢˋ ㄕˋ ㄔㄨˋ	辦事處	128
ㄓㄜˋ ㄅㄧˇ	這筆	128
ㄒㄩㄢˇ ㄑㄩ	選區	128
ㄅㄧˋ ㄎㄞ	避開	128
ㄈㄨˋ ㄕㄨˇ	附屬	128
ㄙㄨㄟˊ ㄐㄧ	隨機	128
ㄉㄧㄢˋ ㄩㄢˊ	電源	128
ㄒㄩㄣˊ	馴	128
ㄒㄩㄣˋ	馴	6.351308576902391
ㄍㄠ ㄓㄨㄥ ㄕㄥ	高中生	128
ㄏㄨˊ ㄗ˙	鬍子	128
ㄉㄧㄢˇ ㄓㄨㄥ	點鐘	128
ㄧ ㄌㄟˋ	一類	127
ㄧˊ ㄌㄟˋ	一類	127
ㄑㄧ ㄕˊ ㄙㄢ	七十三	127
ㄙㄢ ㄙㄨㄟˋ	三歲	127
ㄅㄨˋ ㄨㄣˇ	不穩	127
ㄓㄨㄥ ㄨㄣˊ ㄗˋ	中文字	127
ㄐㄧㄡˇ ㄏㄠˋ	九號	127
ㄕˋ ㄏㄡˋ	事後	127
ㄧˇ ㄋㄟˋ	以內	127
ㄈㄛˊ ㄊㄨㄛˊ	佛陀	127
ㄇㄧㄢˇ ㄕㄨㄟˋ	免稅	127
ㄌㄧㄡˋ ㄙㄨㄟˋ	六歲	127
ㄑㄧˊ ㄕˊ ㄗㄞˋ	其實在	127
ㄗㄞˋ ㄗㄨㄛˋ	再做	127
ㄑㄧㄝ ㄖㄨˋ	切入	127
ㄑㄧㄢˊ ㄨㄟˋ	前衛	127
ㄅㄟˇ ㄕㄤˋ	北上	127
ㄕˊ ㄨㄢˋ ㄩㄢˊ	十萬元	127
ㄗㄨˊ	卒	127
ㄘㄨˋ	卒	6.351308576902391
ㄜˋ	啞	6.351308576902391
ㄧㄚˇ	啞	127
ㄍㄨㄛˊ ㄏㄨㄚˋ	國畫	127
ㄊㄨˊ ㄨㄣˊ	圖文	127
ㄅㄠˋ ㄕㄜˋ	報社	127
ㄉㄚˋ ㄓㄨㄥˋ ㄩㄣˋ ㄕㄨ	大眾運輸	127
ㄏㄠˇ ㄧㄡˇ	好有	127
ㄜˊ	娥	127
ㄓㄞˋ	寨	127
ㄒㄧㄠˇ ㄋㄧㄠˇ	小鳥	127
ㄘㄥˊ ㄘㄥˊ	層層	127
ㄙ ㄧˋ	思議	127
ㄧˋ ㄒㄧㄤˋ	意象	127
ㄓㄢˋ ㄕˋ	戰士	127
ㄓㄢˋ ㄐㄧ	戰績	127
ㄊㄨㄟ ㄈㄢ	推翻	127
ㄒㄧㄣ ㄕㄡˇ	新手	127
ㄉㄨㄢˋ ㄘㄥˊ	斷層	127
ㄨㄤˋ ㄋㄧˇ	望你	127
ㄌㄧㄣˊ ㄌㄧˋ	林立	127
ㄐㄧ ㄆㄧㄠˋ	機票	127
ㄡ ㄩㄢˊ	歐元	127
ㄕㄨㄟˇ ㄍㄡ	水溝	127
ㄋㄧˊ ㄊㄨˇ	泥土	127
ㄆㄞˋ ㄩㄢˊ	派員	127
ㄏㄨㄣˇ ㄧㄠˊ	混淆	127
ㄏㄨㄣˋ ㄧㄠˊ	混淆	127
ㄓㄤˇ ㄈㄨˊ	漲幅	127
ㄧㄡˊ ㄊㄞˋ	猶太	127
ㄌㄧˇ ㄒㄩㄝˊ ㄐㄧㄚ	理學家	127
ㄅㄧㄥˋ ㄈㄤˊ	病房	127
ㄈㄚ ㄔㄨ ㄌㄞˊ	發出來	127
ㄒㄧㄤˋ ㄆㄧㄢˋ	相片	127
ㄎㄢˋ ㄕㄨ	看書	127
ㄅㄤˇ ㄐㄧㄚˋ	綁架	127
ㄒㄧㄢˋ ㄇㄧㄣˊ	縣民	127
ㄇㄟˇ ㄇㄧㄠˋ	美妙	127
ㄌㄧㄢˇ ㄕㄤˋ	臉上	127
ㄇㄛˋ ㄇㄧㄥˊ ㄑㄧˊ ㄇㄧㄠˋ	莫名其妙	127
ㄌㄤˊ	螂	127
ㄒㄧㄥˊ ㄐㄧㄥ	行經	127
ㄎㄜˋ ㄕㄨㄟˋ	課稅	127
ㄑㄧㄥˇ ㄐㄧㄚˋ	請假	127
ㄙㄨㄥˋ ㄔㄨ	送出	127
ㄐㄧㄠ ㄑㄩ	郊區	127
ㄉㄨ ㄏㄨㄟˋ ㄑㄩ	都會區	127
ㄔㄨㄥˊ ㄒㄧㄢˋ	重現	127
ㄎㄞ ㄕˇ ㄉㄜ˙	開始的	127
ㄙㄢ ㄔㄨㄥˊ	三重	126
ㄙㄢ ㄔㄨㄥˊ ㄒㄧㄢˋ	三重縣	126
ㄅㄨˋ ㄐㄧㄣˇ ㄕˋ	不僅是	126
ㄅㄨˊ ㄈㄤˋ	不放	126
ㄕˋ ㄐㄧㄝˋ ㄅㄟ	世界盃	126
ㄐㄧㄢˋ ㄎㄤ ㄉㄜ˙	健康的	126
ㄌㄧㄤˇ ㄍㄨㄛˊ	兩國	126
ㄌㄧㄡˋ ㄧˋ	六億	126
ㄨˋ ㄅㄧˋ	務必	126
ㄕˊ ㄧ ㄏㄠˋ	十一號	126
ㄅㄢˋ ㄍㄜˋ	半個	126
ㄅㄢˋ ㄍㄜ˙	半個	126
ㄏㄢˊ ㄌㄧㄤˋ	含量	126
ㄍㄨㄛˊ ㄌㄧㄢˊ	國聯	126
ㄉㄧˋ ㄊㄢˇ	地毯	126
ㄔㄨㄟˊ ㄓˊ	垂直	126
ㄌㄧˋ	壢	126
ㄉㄚˋ ㄍㄞˋ ㄧㄡˇ	大概有	126
ㄉㄚˋ ㄕㄨˋ	大樹	126
ㄏㄠˇ ㄅㄧˇ	好比	126
ㄇㄚ ㄉㄜ˙	媽的	126
ㄐㄧㄡˋ ㄅㄨˋ ㄋㄥˊ	就不能	126
ㄐㄧ ㄏㄨ ㄕˋ	幾乎是	126
ㄒㄧㄤˇ ㄓ ㄉㄠˋ	想知道	126
ㄧㄥˋ ㄉㄨㄟˋ	應對	126
ㄇㄧㄥˊ ㄓ	明知	126
ㄕㄞˋ	晒	126
ㄨㄢˇ ㄐㄧㄢ ㄒㄧㄣ ㄨㄣˊ	晚間新聞	126
ㄨˋ	晤	126
ㄕㄨ ㄅㄣˇ	書本	126
ㄧㄡˇ ㄒㄧㄢˋ ㄍㄨㄥ ㄙ	有限公司	126
ㄈㄨˊ ㄧˋ	服役	126
ㄇㄟˇ ㄖㄣˊ	每人	126
ㄊㄧㄥ	汀	126
ㄌㄧㄡˊ ㄔㄨ	流出	126
ㄩㄢˊ ㄩˊ	源於	126
ㄨㄟˋ ㄕㄜˊ ㄇㄛ˙	為甚麼	126
ㄨㄟˋ ㄕㄜˊ ㄇㄜ˙	為甚麼	126
ㄨㄟˋ ㄕㄣˊ ㄇㄛ˙	為甚麼	126
ㄨㄟˋ ㄕㄣˊ ㄇㄜ˙	為甚麼	126
ㄨˊ ㄍㄨ	無辜	126
ㄕㄥ ㄐㄧ	生機	126
ㄩㄥˋ ㄧˋ	用意	126
ㄏㄨㄚˋ ㄏㄨㄚˋ	畫畫	126
ㄅㄞˊ ㄌㄢˋ	白爛	126
ㄆㄛˋ ㄌㄧㄝˋ	破裂	126
ㄗㄨˇ ㄈㄨˋ	祖父	126
ㄗㄨ ㄐㄧㄣ	租金	126
ㄕㄥ	笙	126
ㄍㄨㄢˇ ㄌㄧˇ ㄐㄩˊ	管理局	126
ㄨㄟˊ ㄕㄥ	維生	126
ㄓㄨㄟˋ	綴	126
ㄧˋ ㄆㄧㄣˇ	藝品	126
ㄈㄨˋ ㄧˋ	覆議	126
ㄕㄨㄛ ㄏㄠˇ	說好	126
ㄑㄧˇ ㄅㄨˊ	豈不	126
ㄑㄧˇ ㄅㄨˋ	豈不	126
ㄌㄨˋ ㄅㄧㄢ	路邊	126
ㄓㄨㄢˇ ㄔㄥˊ	轉成	126
ㄍㄨㄛˋ ㄌㄩˋ	過濾	126
ㄒㄩㄢˇ ㄩㄥˋ	選用	126
ㄧˊ ㄐㄧ	遺跡	126
ㄧㄡˊ ㄆㄧㄠˋ	郵票	126
ㄧ ㄏㄨˋ	醫護	126
ㄋㄢˊ ㄨㄤˋ	難忘	126
ㄉㄧㄢˋ ㄧㄥˇ ㄐㄧㄝˊ	電影節	126
ㄎㄠˋ ㄓㄜ˙	靠著	126
ㄐㄧㄚˊ	頰	126
ㄏㄞˊ	骸	126
ㄇㄞˋ ㄐㄧㄣ ㄊㄚˇ	麥金塔	126
ㄧ ㄊㄡˊ	一頭	125
ㄧˋ ㄊㄡˊ	一頭	125
ㄅㄨˋ ㄗㄨˊ ㄉㄜ˙	不足的	125
ㄓㄨㄥ ㄌㄧˋ	中壢	125
ㄌㄧㄤˋ ㄌㄧˋ	亮麗	125
ㄉㄧ ㄕㄡ ㄖㄨˋ	低收入	125
ㄉㄧ ㄉㄧㄠˋ	低調	125
ㄜˊ ㄍㄨㄛˊ	俄國	125
ㄜˋ ㄍㄨㄛˊ	俄國	125
ㄖㄨˋ ㄕˋ	入世	125
ㄌㄧㄤˇ ㄅㄞˇ ㄨㄢˋ	兩百萬	125
ㄅㄧㄥ ㄧˋ	兵役	125
ㄑㄧˊ ㄧ	其一	125
ㄍㄨㄥ ㄌㄧˋ	功力	125
ㄅㄟˇ ㄏㄞˇ	北海	125
ㄏㄜˊ ㄏㄨㄟˋ	合會	125
ㄐㄧˊ ㄊㄚ	吉他	125
ㄉㄢ ㄔㄨㄣˊ ㄉㄜ˙	單純的	125
ㄙˋ ㄒㄧㄠˇ	四小	125
ㄏㄨㄞˋ ㄉㄧㄠˋ	壞掉	125
ㄍㄨㄢ ㄅㄧㄥ	官兵	125
ㄒㄧㄠˇ ㄦˊ	小兒	125
ㄕㄢ ㄍㄨˇ	山谷	125
ㄕㄢ ㄊㄡˊ	山頭	125
ㄍㄨㄥ ㄨˋ	工務	125
ㄕˋ ㄓㄣˋ	市鎮	125
ㄍㄢ ㄕㄜˋ	干涉	125
ㄈㄨˋ ㄩˋ	復育	125
ㄓㄨㄥ ㄕˊ	忠實	125
ㄍㄨㄞˋ ㄍㄨㄞˋ ㄉㄜ˙	怪怪的	125
ㄈㄤˋ ㄌㄜ˙	放了	125
ㄇㄧㄥˊ ㄖˋ	明日	125
ㄕˋ ㄇㄚ	是嗎	125
ㄕˋ ㄇㄚ˙	是嗎	125
ㄍㄥˋ ㄋㄥˊ	更能	125
ㄗㄥ ㄨㄣˊ	曾文	125
ㄔㄠˊ ㄒㄧㄢ	朝鮮	125
ㄐㄧˊ ㄉㄨˋ	極度	125
ㄇㄧㄣˊ ㄧㄥˊ ㄏㄨㄚˋ	民營化	125
ㄏㄨㄛˇ ㄒㄧㄥ	火星	125
ㄨˋ ㄌㄧˇ ㄒㄩㄝˊ	物理學	125
ㄐㄧㄤˇ ㄓㄨˋ	獎助	125
ㄕㄥ ㄏㄨㄚˋ	生化	125
ㄕㄥ ㄆㄧㄥˊ	生平	125
ㄕˊ ㄇㄣˊ	石門	125
ㄏㄨˊ ㄊㄨˊ	糊塗	125
ㄐㄧㄝˊ ㄍㄨㄛˇ ㄕˋ	結果是	125
ㄩㄢˊ ㄍㄨˋ	緣故	125
ㄋㄥˊ ㄐㄧㄤ	能將	125
ㄋㄥˊ ㄐㄧㄤˋ	能將	125
ㄗˋ ㄖㄣˋ	自認	125
ㄐㄧㄠˇ ㄓㄨˊ	角逐	125
ㄔㄠ ㄔㄨ	超出	125
ㄐㄧㄠˋ ㄒㄧㄠˇ	較小	125
ㄓㄜˋ ㄌㄧˇ ㄕˋ	這裡是	125
ㄒㄧㄤ ㄍㄨㄥ ㄙㄨㄛˇ	鄉公所	125
ㄉㄥˋ ㄒㄧㄠˇ ㄆㄧㄥˊ	鄧小平	125
ㄧㄝˇ ㄨㄞˋ	野外	125
ㄉㄨㄣˋ ㄕˊ	頓時	125
ㄍㄨˋ ㄌㄩˋ	顧慮	125
ㄐㄧㄥ ㄒㄧˇ	驚喜	125
ㄊㄧˇ ㄘㄠ	體操	125
ㄍㄠ ㄉㄚˋ	高大	125
ㄏㄟ ㄅㄞˊ	黑白	125
ㄅㄨˋ ㄎㄜˇ ㄙ ㄧˋ	不可思議	124
ㄅㄨˊ ㄌㄧㄠˋ	不料	124
ㄓㄨㄥ ㄏㄨㄚˊ ㄉㄨㄟˋ	中華隊	124
ㄐㄧㄡˇ ㄋㄧㄢˊ ㄧˊ ㄍㄨㄢˋ	九年一貫	124
ㄐㄧㄡˇ ㄕˊ	九時	124
ㄍㄢ ㄗㄠˋ	乾燥	124
ㄨˇ ㄋㄧㄢˊ ㄐㄧˊ	五年級	124
ㄅㄢˋ ㄌㄩˇ	伴侶	124
ㄓㄨˋ ㄔㄨˋ	住處	124
ㄑㄩㄢˊ ㄇㄧㄣˊ ㄐㄧㄢˋ ㄅㄠˇ	全民健保	124
ㄌㄥˇ ㄉㄨㄥˋ	冷凍	124
ㄈㄨˋ ㄗㄨㄛˋ ㄩㄥˋ	副作用	124
ㄐㄩˋ ㄓㄨㄥ	劇中	124
ㄩㄢˊ ㄗㄜˊ ㄕㄤˋ	原則上	124
ㄈㄢˇ ㄍㄨㄛˋ ㄌㄞˊ	反過來	124
ㄑㄩˇ ㄐㄩㄝˊ	取決	124
ㄓˇ ㄒㄧㄤˇ	只想	124
ㄊㄞˊ ㄍㄨˇ	台股	124
ㄆㄛ ㄉㄧˋ	坡地	124
ㄊㄧㄢ ㄉㄚˋ	天大	124
ㄏㄠˇ ㄏㄠˇ ㄉㄜ˙	好好的	124
ㄐㄧˋ ㄕㄥ	寄生	124
ㄔㄚˊ ㄐㄩㄝˊ	察覺	124
ㄕˊ ㄏㄨㄚˋ	實話	124
ㄒㄧㄝˇ ㄉㄜˊ	寫得	124
ㄒㄧㄝˇ ㄉㄜ˙	寫得	124
ㄒㄧㄠˇ ㄋㄧㄡˊ	小牛	124
ㄓˋ	幟	124
ㄐㄧㄢˋ ㄔㄥˊ	建成	124
ㄒㄧㄣ ㄕˋ	心事	124
ㄒㄧㄥˋ ㄅㄧㄥˋ	性病	124
ㄕㄨˋ	恕	124
ㄅㄟ ㄍㄨㄢ	悲觀	124
ㄒㄧㄣ ㄓˋ	新制	124
ㄒㄧㄣ ㄐㄧㄢˋ	新建	124
ㄧㄠˋ	曜	124
ㄩㄝˋ	曜	6.351308576902391
ㄧㄡˇ ㄕㄨˇ	有數	124
ㄧㄡˇ ㄕㄨˋ	有數	124
ㄍㄢˇ	橄	124
ㄅㄨˋ ㄉㄧㄠˋ	步調	124
ㄓㄨˋ ㄧˋ ㄌㄧˋ	注意力	124
ㄑㄧㄥ ㄔㄠˊ	清朝	124
ㄓ ㄕˋ ㄈㄣˋ ㄗˇ	知識份子	124
ㄐㄧㄢˇ ㄒㄩㄣˋ	簡訊	124
ㄓㄨㄥ ㄐㄧㄡˋ	終究	124
ㄏㄨㄢˇ ㄏㄨㄢˇ	緩緩	124
ㄎㄠˇ ㄕˋ ㄩㄢˋ	考試院	124
ㄋㄥˊ ㄐㄧㄝ	能接	124
ㄘㄞˊ ㄩㄢˊ	裁員	124
ㄧㄠˋ ㄌㄜ˙	要了	124
ㄐㄧㄝˇ ㄊㄨㄛ	解脫	124
ㄕㄨㄛ ㄉㄜˊ	說得	124
ㄕㄨㄛ ㄉㄜ˙	說得	124
ㄕㄨㄟˋ ㄉㄜˊ	說得	124
ㄇㄞˇ ㄒㄧㄚˋ	買下	124
ㄖㄨㄢˇ ㄧㄥˋ	軟硬	124
ㄈㄨˇ ㄖㄣˊ	輔仁	124
ㄓㄜˋ ㄏㄨㄟˇ	這會	124
ㄒㄩㄢˇ ㄑㄩˇ	選取	124
ㄧㄠˋ ㄕˇ	鑰匙	124
ㄧㄠˋ ㄕˊ	鑰匙	124
ㄧㄠˋ ㄕ˙	鑰匙	124
ㄕㄨㄤ ㄧㄢˇ	雙眼	124
ㄌㄧㄥˊ ㄐㄧㄢˋ	零件	124
ㄈㄥ ㄙㄨˊ	風俗	124
ㄧ ㄅㄞˇ ㄌㄧㄡˋ	一百六	123
ㄕㄤˋ ㄙ	上司	123
ㄒㄧㄚˋ ㄕㄢ	下山	123
ㄅㄨˊ ㄆㄚˋ	不怕	123
ㄅㄨˋ ㄋㄢˊ	不難	123
ㄓ ㄧˋ	之意	123
ㄦˋ ㄕㄡˇ	二手	123
ㄧㄚˇ ㄓㄨㄥˇ	亞種	123
ㄧˇ ㄑㄧˊ	以其	123
ㄔㄨㄥ ㄔˋ	充斥	123
ㄑㄩㄢˊ ㄨˊ	全無	123
ㄍㄨㄥˋ ㄐㄧˋ	共計	123
ㄔㄨ ㄊㄡˊ	出頭	123
ㄒㄧㄥˊ ㄈㄚˇ	刑法	123
ㄓˋ ㄘㄞˊ	制裁	123
ㄅㄟˇ ㄌㄨˋ	北路	123
ㄒㄧˇ ㄐㄩˋ	喜劇	123
ㄧㄣ ㄍㄨㄛˇ	因果	123
ㄗㄞˋ ㄍㄣ	在跟	123
ㄗㄥ ㄉㄨㄛ	增多	123
ㄉㄚˋ ㄌㄧㄢˊ ㄇㄥˊ	大聯盟	123
ㄉㄚˋ ㄐㄩˇ	大舉	123
ㄋㄩˇ ㄨㄤˊ	女王	123
ㄨㄟ ㄋㄧˊ ㄙ	威尼斯	123
ㄒㄧㄥˋ ㄍㄢˇ	性感	123
ㄖˋ ㄔㄤˊ ㄕㄥ ㄏㄨㄛˊ	日常生活	123
ㄕˊ ㄔㄥˊ	時程	123
ㄐㄧㄣˋ ㄐㄧˊ	晉級	123
ㄩㄝˋ ㄎㄢ	月刊	123
ㄧㄡˇ ㄉㄠˋ	有道	123
ㄑㄧˊ ㄓㄨㄥ	期中	123
ㄇㄨˋ ㄊㄡˊ	木頭	123
ㄇㄨˋ ㄊㄡ˙	木頭	123
ㄏㄤˊ	杭	123
ㄖㄨㄥˊ ㄇㄧㄣˊ	榮民	123
ㄨˊ	毋	123
ㄉㄨˊ ㄒㄧㄥˋ	毒性	123
ㄑㄧˋ ㄊㄨㄢˊ	氣團	123
ㄑㄧㄡˊ ㄓˊ	求職	123
ㄏㄜˊ ㄕㄨㄟˇ	河水	123
ㄏㄞˇ ㄕㄤˋ	海上	123
ㄑㄧㄥ ㄉㄞˋ	清代	123
ㄌㄧˇ ㄕㄤˋ	理上	123
ㄕㄥ ㄩˊ	生於	123
ㄧˊ ㄏㄨㄛˋ	疑惑	123
ㄅㄞˊ ㄖㄣˊ	白人	123
ㄒㄧㄤ ㄔㄚ	相差	123
ㄒㄧㄤ ㄙ	相思	123
ㄒㄧㄤ ㄌㄧㄢˊ	相連	123
ㄕㄜˋ ㄏㄨㄟˋ ㄎㄜ	社會科	123
ㄕㄨㄟˋ ㄌㄩˋ	稅率	123
ㄉㄥˇ ㄩˊ ㄕˋ	等於是	123
ㄐㄧˋ ㄋㄧㄢˋ ㄆㄧㄣˇ	紀念品	123
ㄒㄧㄢˋ ㄌㄨˋ	線路	123
ㄗㄨㄥˇ ㄐㄧˋ	總計	123
ㄗㄨㄟˋ ㄜˋ	罪惡	123
ㄕㄥˋ ㄐㄧㄥ	聖經	123
ㄐㄧˇ ㄓㄨㄟ	脊椎	123
ㄐㄧˊ ㄓㄨㄟ	脊椎	123
ㄗˋ ㄌㄧˋ	自立	123
ㄏㄤˊ ㄎㄨㄥ ㄍㄨㄥ ㄙ	航空公司	123
ㄐㄧㄢˋ ㄕˋ	見識	123
ㄍㄞ ㄕㄨㄛ	該說	123
ㄕㄨㄛ ㄔㄨ ㄌㄞˊ	說出來	123
ㄎㄜˋ ㄊㄤˊ	課堂	123
ㄊㄢˊ	譚	123
ㄏㄨㄛˋ ㄍㄨㄟˋ	貨櫃	123
ㄗㄠˋ ㄒㄧㄥˊ	造形	123
ㄍㄨㄛˋ ㄉㄨˋ	過渡	123
ㄆㄟˋ ㄕㄤˋ	配上	123
ㄔㄨㄥˊ ㄑㄧㄥˋ	重慶	123
ㄓㄨㄥ ㄊㄡˊ	鐘頭	123
ㄉㄧㄢˇ ㄇㄧㄥˊ	點名	123
ㄧ ㄅㄞˇ ㄌㄧㄡˋ ㄕˊ	一百六十	122
ㄙㄢ ㄑㄧ	三七	122
ㄙㄢ ㄒㄧㄤˋ	三項	122
ㄒㄧㄚˋ ㄎㄜˋ	下課	122
ㄓㄚˋ	乍	122
ㄍㄨㄥ ㄅㄠˋ	公報	122
ㄌㄧㄡˋ ㄍㄜ˙ ㄩㄝˋ	六個月	122
ㄆㄢˋ ㄉㄧㄥˋ	判定	122
ㄎㄜ ㄅㄢˇ	刻板	122
ㄎㄜˋ ㄅㄢˇ	刻板	122
ㄧㄡˋ ㄗㄞˋ	又在	122
ㄍㄜˋ ㄧㄤˋ ㄉㄜ˙	各樣的	122
ㄏㄨㄟˊ ㄐㄧㄠˋ	回教	122
ㄍㄨˋ ㄔㄨㄣˊ	固醇	122
ㄍㄨㄛˊ ㄒㄩㄝˊ	國學	122
ㄓㄨㄤˋ ㄍㄨㄢ	壯觀	122
ㄉㄨㄛ ㄕㄠˇ ㄑㄧㄢˊ	多少錢	122
ㄕ ㄨˋ	失誤	122
ㄘㄨㄣˊ ㄈㄤˋ	存放	122
ㄅㄠˇ ㄉㄠˇ	寶島	122
ㄋㄧㄢˊ ㄊㄡˊ	年頭	122
ㄍㄨㄢˋ ㄌㄧˋ	慣例	122
ㄏㄨㄞˊ ㄅㄠˋ	懷抱	122
ㄆㄞˊ ㄐㄧˇ	排擠	122
ㄊㄨㄟ ㄐㄧㄣˋ	推進	122
ㄐㄧㄝ ㄒㄧㄠˇ	揭曉	122
ㄓㄥˋ ㄊㄢˊ	政壇	122
ㄓㄥˋ ㄐㄧㄥ	政經	122
ㄐㄧㄢˇ ㄉㄧㄠˋ	檢調	122
ㄒㄧㄠ ㄉㄨˊ	消毒	122
ㄗㄞ ㄑㄩ	災區	122
ㄑㄧㄡˊ ㄐㄧˋ	球季	122
ㄆㄧㄥˊ ㄐㄧㄥˇ	瓶頸	122
ㄅㄞˊ ㄒㄩㄝˇ	白雪	122
ㄔㄨㄢ ㄩㄝˋ	穿越	122
ㄅㄧˇ ㄐㄧˋ ㄒㄧㄥˊ	筆記型	122
ㄐㄧㄥ ㄒㄧㄣ	精心	122
ㄨㄟˊ ㄧㄝˇ ㄋㄚˋ	維也納	122
ㄨㄟˊ ㄊㄚ ㄇㄧㄥˋ	維他命	122
ㄨㄟˊ ㄐㄧ	維基	122
ㄅㄧㄢ ㄇㄨˋ	編目	122
ㄒㄧˊ ㄒㄧㄥˋ	習性	122
ㄌㄧㄢˊ ㄕㄡˇ	聯手	122
ㄋㄠˇ ㄓㄨㄥ	腦中	122
ㄓˋ ㄘˊ	致詞	122
ㄍㄨㄢ ㄔㄚˊ ㄉㄠˋ	觀察到	122
ㄊㄠˇ ㄏㄠˇ	討好	122
ㄐㄧˋ ㄓㄨˋ	記住	122
ㄏㄨˋ ㄈㄚˇ	護法	122
ㄏㄨㄟˊ ㄒㄧㄤˇ	迴響	122
ㄔㄤˊ ㄉㄨㄢˇ	長短	122
ㄗㄚˊ ㄐㄧㄠ	雜交	122
ㄧ ㄓˊ ㄕˋ	一直是	121
ㄧˋ ㄓˊ ㄕˋ	一直是	121
ㄙㄢ ㄕˊ ㄑㄧ	三十七	121
ㄅㄨˋ ㄖㄣˇ	不忍	121
ㄋㄧˇ ㄏㄠˇ	你好	121
ㄒㄧㄡ ㄧㄤˇ	修養	121
ㄅㄛ ㄉㄨㄛˊ	剝奪	121
ㄘㄢ ㄧˋ	參議	121
ㄈㄢˇ ㄉㄠˋ	反倒	121
ㄘㄨㄥˊ ㄌㄧㄣˊ	叢林	121
ㄓˇ ㄧㄠˋ ㄕˋ	只要是	121
ㄊㄞˊ ㄊㄧㄝˇ	台鐵	121
ㄨㄣˋ ㄌㄜ˙	問了	121
ㄉㄨㄛ ㄍㄨㄛˊ	多國	121
ㄈㄨ	孵	121
ㄢ ㄆㄧㄥˊ	安平	121
ㄧㄣˇ ㄌㄞˊ	引來	121
ㄨㄤˇ ㄒㄧㄚˋ	往下	121
ㄘㄨㄥˊ ㄓㄥˋ	從政	121
ㄒㄧㄤˇ ㄅㄚˇ	想把	121
ㄉㄚˇ ㄐㄧㄚˋ	打架	121
ㄅㄚˇ ㄍㄨㄢ	把關	121
ㄍㄨㄞˇ	拐	121
ㄨㄟˋ ㄓ	未知	121
ㄌㄡˊ ㄕㄤˋ	樓上	121
ㄍㄢˇ ㄌㄢˇ	橄欖	121
ㄍㄨㄟ ㄌㄟˋ	歸類	121
ㄡ	毆	121
ㄕㄨㄟˇ ㄊㄨˇ	水土	121
ㄈㄢˋ	氾	121
ㄋㄧˋ	溺	121
ㄏㄢˋ ㄧㄣ	漢音	121
ㄨㄟˊ ㄨㄣˊ	為文	121
ㄌㄧㄡˊ ㄑㄧㄡˊ	琉球	121
ㄅㄞˇ ㄨㄢˋ ㄩㄢˊ	百萬元	121
ㄅㄤˋ	磅	121
ㄆㄤ	磅	6.351308576902391
ㄒㄧ	禧	121
ㄉㄧˋ ㄧ ㄒㄧㄢˋ	第一線	121
ㄌㄧㄣˊ ㄐㄧㄢˇ	臨檢	121
ㄓˋ ㄕˇ	致使	121
ㄘˊ ㄌㄟˋ	詞類	121
ㄕ ㄨㄣˊ	詩文	121
ㄐㄧㄤˇ ㄔㄨ	講出	121
ㄖㄤˋ ㄍㄨㄛˊ	讓國	121
ㄍㄢˇ ㄕㄤˋ	趕上	121
ㄓㄨㄢˇ ㄕㄣ	轉身	121
ㄓㄜˋ ㄅㄧㄢ ㄉㄜ˙	這邊的	121
ㄙㄨˋ ㄕˊ	速食	121
ㄜˋ	遏	121
ㄎㄞ ㄌㄤˇ	開朗	121
ㄔㄣˊ ㄨㄣˊ ㄑㄧㄢˋ	陳文茜	121
ㄔㄣˊ ㄕㄨˋ	陳述	121
ㄒㄧㄤˇ ㄑㄧˇ	響起	121
ㄏㄟ ㄉㄠˋ	黑道	121
ㄧ ㄧㄢˇ	一眼	120
ㄧˋ ㄧㄢˇ	一眼	120
ㄑㄧ ㄕˊ ㄋㄧㄢˊ	七十年	120
ㄕㄤˋ ㄊㄡˊ	上頭	120
ㄕㄤˋ ㄊㄡ˙	上頭	120
ㄅㄨˊ ㄉㄨㄢˋ ㄉㄜ˙	不斷地	120
ㄅㄨˊ ㄉㄨㄢˋ ㄉㄧˋ	不斷地	120
ㄦˋ ㄑㄧˊ	二期	120
ㄗㄨㄛˋ ㄑㄩˇ ㄐㄧㄚ	作曲家	120
ㄒㄧㄡ ㄌㄧˇ	修理	120
ㄐㄧㄝˋ ㄩㄥˋ	借用	120
ㄔㄨㄢˊ ㄨㄣˊ	傳聞	120
ㄧㄡ ㄓˊ	優質	120
ㄑㄧˊ ㄓㄨㄥ ㄉㄜ˙	其中的	120
ㄑㄧㄝ ㄍㄜ	切割	120
ㄕˊ ㄦˋ ㄍㄜˋ	十二個	120
ㄕˊ ㄦˋ ㄍㄜ˙	十二個	120
ㄓㄨㄛˊ ㄩㄝˋ	卓越	120
ㄍㄨㄛˊ ㄉㄞˋ	國代	120
ㄗㄞˋ ㄒㄧㄣ	在心	120
ㄓˊ ㄈㄚˇ	執法	120
ㄉㄧㄢˋ ㄉㄧㄥˋ	奠定	120
ㄏㄨㄣ ㄌㄧˇ	婚禮	120
ㄎㄨㄢ ㄍㄨㄤˇ	寬廣	120
ㄉㄞˋ ㄗㄡˇ	帶走	120
ㄐㄧˇ ㄏㄜˊ	幾何	120
ㄐㄧˇ ㄈㄣ	幾分	120
ㄅㄧˋ ㄒㄧㄡ	必修	120
ㄑㄧㄥˊ ㄐㄧㄝˊ	情結	120
ㄨㄛˇ ㄒㄧㄤˇ ㄉㄠˋ	我想到	120
ㄆㄧㄣ ㄇㄧㄥˋ	拼命	120
ㄏㄢˋ ㄨㄟˋ	捍衛	120
ㄩㄥˇ ㄐㄧˇ	擁擠	120
ㄕㄜˋ ㄑㄩˇ	攝取	120
ㄈㄤˋ ㄎㄨㄢˇ	放款	120
ㄐㄧㄡˋ ㄗㄞ	救災	120
ㄒㄧㄣ ㄆㄨˇ	新埔	120
ㄧㄥˋ ㄔㄨ	映出	120
ㄓˋ ㄋㄥˊ	智能	120
ㄗㄨㄟˋ ㄐㄧㄣˋ ㄉㄜ˙	最近的	120
ㄧㄡˇ ㄒㄧㄚˋ	有下	120
ㄧㄡˇ ㄉㄧㄢˇ ㄒㄧㄤˋ	有點像	120
ㄅㄣˇ ㄘˋ	本次	120
ㄕㄨ	梳	120
ㄧㄢˊ ㄢˋ	沿岸	120
ㄏㄨㄛˊ ㄏㄨㄚˋ	活化	120
ㄩˋ ㄕˋ	浴室	120
ㄑㄧㄥ ㄒㄧㄥˇ	清醒	120
ㄎㄨㄤˊ ㄏㄨㄢ	狂歡	120
ㄒㄧㄚˊ ㄓㄞˇ	狹窄	120
ㄉㄨˊ ㄊㄜˋ ㄉㄜ˙	獨特的	120
ㄕㄥ ㄔㄢˇ ㄓㄜˇ	生產者	120
ㄉㄤ ㄖˋ	當日	120
ㄓˇ	祉	120
ㄓㄣ	禎	120
ㄌㄧˊ	籬	120
ㄈㄤˇ ㄓ	紡織	120
ㄌㄩˋ ㄉㄧˋ	綠地	120
ㄔㄡˊ	綢	120
ㄇㄟˇ ㄕˋ	美式	120
ㄎㄜ	苛	120
ㄈㄢˊ	藩	120
ㄒㄧㄝˇ ㄑㄧㄡˊ	血球	120
ㄒㄧㄥˊ ㄓㄥˋ ㄑㄩ	行政區	120
ㄅㄧㄢˋ ㄒㄧㄥˊ	變形	120
ㄌㄨˋ ㄖㄣˊ	路人	120
ㄋㄨㄥˊ ㄊㄧㄢˊ	農田	120
ㄧㄝˇ ㄒㄧㄣ	野心	120
ㄉㄧㄠˋ ㄩˊ ㄊㄞˊ	釣魚台	120
ㄎㄞ ㄊㄡˊ	開頭	120
ㄉㄧㄢˋ ㄒㄧㄢˋ	電線	120
ㄧ ㄗㄠˇ	一早	119
ㄧˋ ㄗㄠˇ	一早	119
ㄧ ㄍㄣ	一根	119
ㄧˋ ㄍㄣ	一根	119
ㄧ ㄅㄢ	一班	119
ㄧˋ ㄅㄢ	一班	119
ㄕㄤˋ ㄑㄧㄢ	上千	119
ㄅㄨˋ ㄌㄧㄠˇ ㄐㄧㄝˇ	不了解	119
ㄅㄨˊ ㄅㄟˋ	不被	119
ㄓ ㄐㄧˋ	之際	119
ㄊㄚ ㄌㄞˊ	他來	119
ㄊㄚ ㄒㄧㄤˇ	他想	119
ㄓㄢˋ ㄌㄧㄥˇ	佔領	119
ㄌㄥˇ ㄑㄧˋ ㄊㄨㄢˊ	冷氣團	119
ㄔㄨ ㄗㄞˋ	出在	119
ㄎㄢ ㄔㄨ	刊出	119
ㄎㄚˇ ㄔㄜ	卡車	119
ㄩㄢˊ ㄅㄣˇ ㄉㄜ˙	原本的	119
ㄓˇ ㄒㄩ ㄧㄠˋ	只需要	119
ㄙˋ ㄐㄧˋ	四季	119
ㄐㄧㄥˋ ㄋㄟˋ	境內	119
ㄉㄨㄛ ㄧ ㄉㄧㄢˇ	多一點	119
ㄉㄚˋ ㄐㄧㄠˋ	大叫	119
ㄊㄧㄢ ㄗㄞ	天災	119
ㄐㄧˋ ㄈㄥ	季風	119
ㄒㄩㄝˊ ㄉㄧˋ	學弟	119
ㄨㄢˊ ㄅㄟˋ	完備	119
ㄒㄩㄣˊ ㄔㄤˊ	尋常	119
ㄒㄧㄥˋ ㄏㄠˇ	幸好	119
ㄨㄢ ㄑㄩ	彎曲	119
ㄉㄨㄛˋ	惰	119
ㄍㄢˇ ㄎㄞˇ	感慨	119
ㄍㄢˇ ㄎㄞˋ	感慨	119
ㄙㄨㄛˇ ㄋㄥˊ	所能	119
ㄒㄧㄣ ㄎㄜ	新科	119
ㄓˋ ㄏㄨㄟˋ ㄒㄧㄥˊ	智慧型	119
ㄗㄨㄟˋ ㄒㄧˇ ㄏㄨㄢ	最喜歡	119
ㄈㄢˋ ㄌㄢˋ	氾濫	119
ㄇㄟˊ ㄗㄞˋ	沒在	119
ㄕㄣ ㄙ	深思	119
ㄏㄨㄛˇ ㄐㄧㄢˋ	火箭	119
ㄊㄜˋ ㄑㄩ	特區	119
ㄉㄨˊ ㄐㄧㄚ	獨家	119
ㄏㄨㄛˋ ㄑㄩˇ	獲取	119
ㄒㄧㄢˋ ㄘㄨㄣˊ	現存	119
ㄕㄥ ㄒㄧㄚˋ	生下	119
ㄧㄡˊ ㄌㄞˊ	由來	119
ㄋㄢˊ ㄏㄞˊ ㄗ˙	男孩子	119
ㄅㄞˊ ㄍㄨㄥ	白宮	119
ㄆㄢˋ ㄨㄤˋ	盼望	119
ㄔㄨㄢ ㄍㄨㄛˋ	穿過	119
ㄉㄨㄢ ㄨˇ	端午	119
ㄅㄧㄢ ㄒㄧㄝˇ	編寫	119
ㄌㄠˇ ㄊㄡˊ	老頭	119
ㄕㄥˋ ㄉㄢˋ ㄐㄧㄝˊ	聖誕節	119
ㄈㄟˊ ㄆㄤˋ	肥胖	119
ㄐㄧㄥ	莖	119
ㄌㄨㄛˊ ㄒㄩㄢˊ	螺旋	119
ㄐㄧㄝˇ ㄙㄢˋ	解散	119
ㄏㄨㄟ ㄏㄨㄤˊ	輝煌	119
ㄌㄨㄣˊ ㄧˇ	輪椅	119
ㄌㄧㄢˊ ㄖˋ	連日	119
ㄐㄧㄣˋ ㄉㄠˋ	進到	119
ㄋㄚˇ ㄆㄧㄢ	那篇	119
ㄋㄚˋ ㄆㄧㄢ	那篇	119
ㄗㄡ	鄒	119
ㄌㄠˋ	酪	119
ㄌㄨㄛˋ	酪	119
ㄒㄧㄢˊ ㄐㄧㄝ	銜接	119
ㄔㄤˊ ㄔㄤˊ	長長	119
ㄍㄨㄢ ㄖㄣˊ	關人	119
ㄊㄧˊ ㄗㄞˋ	題在	119
ㄈㄥ ㄒㄧㄥˊ	風行	119
ㄊㄧˇ ㄋㄥˊ	體能	119
ㄍㄠ ㄧㄚ	高壓	119
ㄅㄨˋ ㄉㄚˇ	不打	118
ㄅㄨˊ ㄏㄨㄟˋ ㄕˋ	不會是	118
ㄦˋ ㄉㄨㄢˋ	二段	118
ㄌㄧㄤˋ ㄒㄧㄤˋ	亮相	118
ㄩㄥˋ	佣	118
ㄍㄨㄥ ㄒㄩ	供需	118
ㄕㄤ ㄨㄤˊ	傷亡	118
ㄍㄨㄤ ㄇㄤˊ	光芒	118
ㄇㄧㄢˇ ㄈㄟˋ ㄉㄜ˙	免費的	118
ㄐㄧㄥ	兢	118
ㄍㄨㄥ ㄕˋ	公式	118
ㄔㄨ ㄖㄣˊ	出人	118
ㄔㄨ ㄇㄧㄥˊ	出名	118
ㄕˊ ㄕˊ	十時	118
ㄐㄧˊ ㄉㄧˋ	及第	118
ㄎㄡˇ ㄑㄧㄤ	口腔	118
ㄊㄨㄥˊ ㄅㄢˋ	同伴	118
ㄓ	吱	118
ㄗ	吱	6.351308576902391
ㄨㄞˋ ㄨㄟˊ	外圍	118
ㄖㄨㄥˊ ㄖㄣˇ	容忍	118
ㄕㄢ ㄌㄨˋ	山路	118
ㄉㄞˋ ㄊㄡˊ	帶頭	118
ㄔㄤˊ ㄖㄣˊ	常人	118
ㄐㄧˇ ㄕˊ ㄋㄧㄢˊ	幾十年	118
ㄉㄜˊ ㄓㄡ	德州	118
ㄏㄢˋ	悍	118
ㄔㄥˊ ㄑㄩㄣˊ	成群	118
ㄐㄧㄝˊ ㄓˇ	截止	118
ㄊㄢˋ ㄒㄧㄢˇ	探險	118
ㄏㄨㄢˋ ㄉㄜ˙	換的	118
ㄕㄜˋ ㄕˋ	攝氏	118
ㄒㄧㄠˋ ㄌㄧˋ	效力	118
ㄈㄤ ㄓㄣ	方針	118
ㄈㄢˋ	梵	118
ㄧㄝˋ ㄩˊ	業餘	118
ㄔㄥˊ	橙	118
ㄩˋ ㄨㄤˋ	欲望	118
ㄅㄧˇ ㄓㄨㄥˋ	比重	118
ㄒㄧㄤ	湘	118
ㄌㄡˋ ㄉㄨㄥˋ	漏洞	118
ㄧㄢ ㄏㄨㄛˇ	煙火	118
ㄈㄨˋ ㄗˇ	父子	118
ㄇㄡˊ	牟	118
ㄓㄣ ㄕˋ	甄試	118
ㄕㄥˋ ㄉㄚˋ	盛大	118
ㄉㄠˋ ㄅㄢˇ	盜版	118
ㄒㄧㄤ ㄔㄨㄢˊ	相傳	118
ㄑㄩㄝˋ ㄧㄡˇ	確有	118
ㄐㄧㄥ ㄌㄧㄥˊ	精靈	118
ㄗㄨㄥˋ ㄏㄜˊ ㄅㄠˋ ㄉㄠˇ	綜合報導	118
ㄙㄨㄛ ㄐㄧㄢˇ	縮減	118
ㄉㄢ	耽	118
ㄢ	胺	118
ㄨㄢˋ ㄈㄣ	萬分	118
ㄒㄧㄠ ㄊㄧㄠˊ	蕭條	118
ㄒㄩㄣ	薰	118
ㄜˊ	蛾	118
ㄖㄣˋ ㄎㄜˇ	認可	118
ㄋㄨㄥˊ ㄗㄨㄛˋ	農作	118
ㄕˋ ㄩㄥˋ ㄩˊ	適用於	118
ㄉㄡ ㄅㄧˇ	都比	118
ㄉㄡ ㄏㄞˊ ㄇㄟˊ	都還沒	118
ㄍㄨㄢ ㄉㄧㄠˋ	關掉	118
ㄩㄢˋ ㄗ˙	院子	118
ㄔㄣˊ ㄉㄧㄥˋ ㄋㄢˊ	陳定南	118
ㄅㄚˋ ㄌㄧㄥˊ	霸凌	118
ㄩˋ ㄩㄝ	預約	118
ㄆㄧㄣˊ ㄎㄨㄢ	頻寬	118
ㄉㄞˋ	黛	118
ㄅㄨˊ ㄒㄧㄣˋ	不信	117
ㄅㄨˋ ㄍㄢ	不甘	117
ㄅㄨˊ ㄓˋ ㄩˊ	不致於	117
ㄅㄧㄥˋ ㄨˊ	並無	117
ㄌㄞˊ ㄒㄧㄣˋ	來信	117
ㄋㄟˋ ㄧㄡˇ	內有	117
ㄍㄨㄥ ㄍㄨㄥ	公公	117
ㄍㄨㄥ ㄍㄨㄥ˙	公公	117
ㄍㄨㄥ ㄉㄨㄣˋ	公噸	117
ㄗㄞˋ ㄧㄡˇ	再有	117
ㄅㄧㄥ ㄑㄧˊ ㄌㄧㄣˊ	冰淇淋	117
ㄉㄨㄥˋ ㄒㄧㄤˋ	動向	117
ㄒㄩㄥ	匈	117
ㄋㄢˊ ㄊㄞˊ	南台	117
ㄑㄩˋ ㄐㄧㄡˋ	去就	117
ㄎㄜˇ ㄍㄨㄟˋ	可貴	117
ㄌㄚˇ ㄅㄚ	喇叭	117
ㄏㄨㄢˋ ㄑㄧˇ	喚起	117
ㄉㄨ	嘟	117
ㄏㄨㄟˊ ㄕㄥ	回升	117
ㄉㄨㄟ ㄐㄧ	堆積	117
ㄉㄨㄛ ㄩㄢˊ ㄖㄨˋ ㄒㄩㄝˊ	多元入學	117
ㄉㄨㄛ ㄧㄡˇ	多有	117
ㄉㄚˋ ㄓㄨㄢ ㄩㄢˋ ㄒㄧㄠˋ	大專院校	117
ㄉㄚˋ ㄌㄠˇ	大老	117
ㄊㄠˋ ㄐㄧㄢˋ	套件	117
ㄠˋ ㄩㄣˋ ㄏㄨㄟˋ	奧運會	117
ㄏㄠˇ ㄒㄧㄣ	好心	117
ㄐㄧˋ ㄍㄟˇ	寄給	117
ㄋㄧㄥˊ ㄩㄢˋ	寧願	117
ㄒㄧㄠˇ ㄓㄣˋ	小鎮	117
ㄌㄨㄣˊ	崙	117
ㄋㄧㄢˊ ㄔㄥˊ	年成	117
ㄘㄞˇ ㄏㄨㄥˊ	彩虹	117
ㄉㄞˋ	怠	117
ㄍㄢˇ ㄖㄣˊ	感人	117
ㄇㄧㄣˇ	憫	117
ㄔㄥˊ ㄒㄧㄥˊ	成形	117
ㄨㄛˇ ㄏㄞˊ ㄇㄟˊ	我還沒	117
ㄓㄠˇ ㄏㄨㄟˊ	找回	117
ㄏㄨㄢˋ ㄕㄤˋ	換上	117
ㄏㄨㄢˋ ㄌㄜ˙	換了	117
ㄍㄞˇ ㄒㄩㄢˇ	改選	117
ㄒㄧㄣ ㄉㄧㄢˋ	新店	117
ㄒㄧㄥ ㄑㄧˊ ㄙˋ	星期四	117
ㄅㄣˇ ㄨㄟˋ	本位	117
ㄅㄣˇ ㄌㄞˊ ㄕˋ	本來是	117
ㄐㄩˊ ㄗ˙	橘子	117
ㄎㄨㄤˋ ㄑㄧㄝˇ	況且	117
ㄅㄛ ㄌㄢˊ	波蘭	117
ㄆㄛ ㄌㄢˊ	波蘭	117
ㄧˋ ㄐㄧㄥ	液晶	117
ㄧㄝˋ ㄐㄧㄥ	液晶	117
ㄩㄢˊ ㄊㄡˊ	源頭	117
ㄏㄨㄤˊ	潢	117
ㄇㄥˊ	濛	117
ㄅㄧㄣ ㄌㄧㄣˊ	瀕臨	117
ㄨˊ ㄘㄨㄥˊ	無從	117
ㄨㄢˊ ㄧˋ	玩意	117
ㄓㄨ ㄅㄠˇ	珠寶	117
ㄕㄥ ㄩˋ	生育	117
ㄎㄢˋ ㄔㄥˊ	看成	117
ㄐㄧ	碁	117
ㄑㄧˊ	碁	117
ㄙㄨㄢˋ ㄈㄚˇ	算法	117
ㄐㄧˋ ㄌㄩˋ	紀律	117
ㄏㄨㄥˊ ㄔㄚˊ	紅茶	117
ㄗㄨㄥˇ ㄐㄧㄝˊ	總結	117
ㄒㄧˊ ㄙㄨˊ	習俗	117
ㄦˊ ㄕㄥ	而生	117
ㄌㄧㄢˊ ㄧˊ ㄏㄨㄟˋ	聯誼會	117
ㄌㄧㄢˊ ㄧˋ ㄏㄨㄟˋ	聯誼會	117
ㄏㄨㄚ ㄉㄜ˙	花的	117
ㄅㄧㄠˇ ㄧㄤˊ	表揚	117
ㄅㄧㄠˇ ㄍㄜˊ	表格	117
ㄇㄧˋ ㄕˊ	覓食	117
ㄧˋ ㄌㄨㄣˋ	議論	117
ㄅㄧㄢˋ ㄏㄨˋ	辯護	117
ㄈㄢˇ ㄒㄧㄤ	返鄉	117
ㄩㄢˇ ㄉㄧˋ	遠地	117
ㄐㄧㄣ ㄖㄨㄥˊ ㄐㄧ ㄍㄡˋ	金融機構	117
ㄈㄨˇ ㄕㄢ	釜山	117
ㄘㄨㄛˋ ㄨˋ ㄉㄜ˙	錯誤的	117
ㄓㄤˇ ㄗㄞˋ	長在	117
ㄔㄤˊ ㄗㄞˋ	長在	117
ㄔㄤˊ ㄔㄥˊ	長城	117
ㄍㄨㄢ ㄞˋ	關愛	117
ㄋㄢˋ ㄇㄧㄣˊ	難民	117
ㄌㄨˋ ㄧㄥˊ	露營	117
ㄊㄧˇ ㄏㄨㄟˋ ㄉㄠˋ	體會到	117
ㄌㄨˇ ㄒㄩㄣˋ	魯迅	117
ㄅㄨˋ ㄒㄧˊ	不惜	116
ㄅㄨˋ ㄋㄥˊ ㄩㄥˋ	不能用	116
ㄦˋ ㄌㄧㄥˊ ㄌㄧㄥˊ	二零零	116
ㄐㄧㄠ ㄒㄧㄤˇ ㄩㄝˋ ㄊㄨㄢˊ	交響樂團	116
ㄐㄧㄥ ㄐㄩˋ	京劇	116
ㄅㄧㄥˋ ㄈㄚ	併發	116
ㄆㄧㄢˊ ㄧˊ ㄉㄜ˙	便宜的	116
ㄅㄧㄢˋ ㄏㄨㄟˋ	便會	116
ㄒㄧㄡ ㄒㄧㄢˋ	修憲	116
ㄉㄡ	兜	116
ㄔㄨ ㄙㄜˋ	出色	116
ㄌㄧˋ ㄉㄨㄛ	利多	116
ㄏㄨㄚˋ ㄈㄚˇ	劃法	116
ㄐㄧㄚ ㄅㄢ	加班	116
ㄨˇ ㄏㄡˋ	午後	116
ㄍㄨˇ ㄉㄨㄥˇ	古董	116
ㄆㄧㄣˇ ㄓㄨㄥˇ	品種	116
ㄨㄣˋ ㄉㄠˋ	問道	116
ㄜˇ ㄒㄧㄣ	噁心	116
ㄩㄢˊ ㄕㄢ	圓山	116
ㄗㄞˋ ㄒㄧㄠˋ	在校	116
ㄧ	壹	116
ㄒㄧˋ ㄧㄤˊ	夕陽	116
ㄇㄥˋ ㄏㄨㄢˋ	夢幻	116
ㄠˋ ㄌㄧㄣˊ	奧林	116
ㄗˋ ㄒㄧㄥˊ	字型	116
ㄋㄧㄠˋ ㄧˋ	尿液	116
ㄋㄧㄠˋ ㄧㄝˋ	尿液	116
ㄉㄞ ㄏㄨㄟˇ	待會	116
ㄒㄧㄣ ㄐㄧㄥˋ	心境	116
ㄔㄥˊ ㄇㄧㄥˊ	成名	116
ㄖㄥ	扔	116
ㄖㄥˇ	扔	6.351308576902391
ㄓㄠ ㄅㄧㄠ	招標	116
ㄍㄞˇ ㄌㄜ˙	改了	116
ㄒㄧㄣ ㄐㄧㄣˋ	新進	116
ㄖˋ ㄑㄩ	日趨	116
ㄑㄩˇ ㄇㄨˋ	曲目	116
ㄗㄨㄟˋ ㄉㄨㄛ ㄉㄜ˙	最多的	116
ㄈㄨˊ ㄕˊ	服食	116
ㄗˇ	梓	116
ㄅㄧㄠ ㄓㄨㄣˇ ㄉㄜ˙	標準的	116
ㄕㄨㄟˇ ㄇㄧㄢˋ	水面	116
ㄏㄨㄥˊ ㄕㄨㄟˇ	洪水	116
ㄌㄧㄡˊ ㄌㄨˋ	流露	116
ㄕㄣ ㄏㄡˋ	深厚	116
ㄨㄟˊ ㄕㄨˋ	為數	116
ㄖㄜˋ ㄌㄧㄤˋ	熱量	116
ㄋㄢˊ ㄆㄥˊ ㄧㄡˇ	男朋友	116
ㄒㄩㄢˋ	眩	116
ㄌㄧˇ ㄇㄠˋ	禮貌	116
ㄎㄜ ㄓㄤˇ	科長	116
ㄙㄨㄢˋ ㄔㄨ	算出	116
ㄩㄣˊ	芸	116
ㄧㄢ ㄐㄧㄡˇ	菸酒	116
ㄕㄨㄛ ㄕㄜˊ ㄇㄛ˙	說什麼	116
ㄕㄨㄛ ㄕㄜˊ ㄇㄜ˙	說什麼	116
ㄕㄨㄛ ㄕㄣˊ ㄇㄛ˙	說什麼	116
ㄕㄨㄛ ㄕㄣˊ ㄇㄜ˙	說什麼	116
ㄈㄟˋ ㄕˊ	費時	116
ㄊㄨㄟˋ ㄏㄨㄟˊ	退回	116
ㄓㄜˋ ㄍㄜˋ ㄗˋ	這個字	116
ㄓㄜˋ ㄍㄜ˙ ㄗˋ	這個字	116
ㄓㄜˋ ㄎㄨㄞˋ	這塊	116
ㄊㄨㄥ ㄙㄨˊ	通俗	116
ㄌㄧㄢˊ ㄌㄧㄢˊ	連連	116
ㄐㄧㄣˋ ㄍㄨㄥ	進攻	116
ㄉㄡ ㄧㄥ ㄍㄞ	都應該	116
ㄓㄨㄥ ㄌㄧˇ ㄏㄜˊ	鍾理和	116
ㄎㄞ ㄉㄚˇ	開打	116
ㄙㄨㄟˊ ㄒㄩㄢˇ	隨選	116
ㄇㄧㄢˋ ㄗ˙	面子	116
ㄙˋ ㄧㄤˇ	飼養	116
ㄧㄤˇ ㄕㄥ	養生	116
ㄉㄤˇ ㄧㄥˊ	黨營	116
ㄙㄢ ㄅㄚ	三八	115
ㄅㄨˋ ㄩˇ	不予	115
ㄓㄨㄥ ㄧㄤ ㄧㄢˊ ㄐㄧㄡˋ ㄩㄢˋ	中央研究院	115
ㄧ ㄌㄤˇ	伊朗	115
ㄅㄧㄢˋ ㄇㄧㄣˊ	便民	115
ㄏㄡˋ ㄋㄧㄠˇ	候鳥	115
ㄒㄧㄢ ㄎㄢˋ	先看	115
ㄌㄧㄤˇ ㄅㄨˋ	兩部	115
ㄍㄨㄥˋ ㄊㄨㄥ	共通	115
ㄑㄧㄢˊ ㄓㄢ	前瞻	115
ㄔㄨㄤˋ ㄗㄨㄛˋ ㄖㄣˊ	創作人	115
ㄌㄜˋ ㄙㄨㄛˇ	勒索	115
ㄅㄠ ㄨㄟˊ	包圍	115
ㄅㄟˇ ㄆㄧㄥˊ	北平	115
ㄐㄧˊ ㄨㄟˊ	即為	115
ㄍㄜˋ ㄏㄤˊ	各行	115
ㄑㄧˇ ㄕˋ	啟示	115
ㄔ	喫	115
ㄐㄧㄚ ㄋㄧㄢˊ ㄏㄨㄚˊ	嘉年華	115
ㄉㄚˋ ㄔㄥˊ	大成	115
ㄍㄨㄥ ㄗㄨㄛˋ ㄓㄢˋ	工作站	115
ㄆㄧㄥˊ ㄅㄨˇ ㄗㄨˊ	平埔族	115
ㄆㄧㄥˊ ㄆㄨˇ ㄗㄨˊ	平埔族	115
ㄞˋ ㄩㄝˋ	愛樂	115
ㄔㄥˊ ㄅㄠ	承包	115
ㄉㄧˇ ㄓˋ	抵制	115
ㄕˋ	拭	115
ㄐㄩㄢ ㄓㄨˋ	捐助	115
ㄊㄨㄟ ㄌㄨㄣˋ	推論	115
ㄍㄞˇ ㄅㄢˇ	改版	115
ㄖˋ ㄋㄟˋ	日內	115
ㄨㄤˋ ㄕㄥˋ	旺盛	115
ㄧㄡˇ ㄏㄞˋ	有害	115
ㄅㄣˇ ㄩㄝˋ	本月	115
ㄅㄣˇ ㄢˋ	本案	115
ㄗㄞ ㄆㄟˊ	栽培	115
ㄇㄟˊ ㄏㄨㄚ ㄌㄨˋ	梅花鹿	115
ㄡ ㄇㄥˊ	歐盟	115
ㄇㄧㄠˇ	渺	115
ㄍㄞˋ	溉	115
ㄇㄚˇ ㄌㄧˋ	瑪麗	115
ㄎㄢˋ ㄕˋ	看是	115
ㄏㄨㄢˇ ㄏㄜˊ	緩和	115
ㄧㄝˋ ㄆㄧㄢˋ	葉片	115
ㄅㄧㄠˇ ㄊㄞˋ	表態	115
ㄧㄠˋ ㄐㄧㄢˋ	要件	115
ㄉㄧㄠˋ ㄔㄚˊ ㄐㄩˊ	調查局	115
ㄇㄞˋ ㄉㄧㄠˋ	賣掉	115
ㄔㄣˋ ㄓㄜ˙	趁著	115
ㄍㄣ ㄐㄧㄣˋ	跟進	115
ㄩˋ ㄕㄤˋ	遇上	115
ㄧˊ ㄔㄢˇ	遺產	115
ㄔㄤˊ ㄊㄨˊ	長途	115
ㄍㄨㄢ ㄒㄧ	關西	115
ㄉㄧㄢˋ ㄕˋ ㄐㄧ	電視機	115
ㄊㄨㄟˊ	頹	115
ㄌㄨㄛˋ	駱	115
ㄧ ㄎㄨㄞˋ ㄦ	一塊兒	114
ㄧ ㄎㄨㄞˋ ㄦˊ	一塊兒	114
ㄧˊ ㄎㄨㄞˋ ㄦ	一塊兒	114
ㄧˊ ㄎㄨㄞˋ ㄦˊ	一塊兒	114
ㄧ ㄐㄧㄝˊ	一節	114
ㄧˋ ㄐㄧㄝˊ	一節	114
ㄒㄧㄚˋ ㄏㄨㄚˊ	下滑	114
ㄅㄨˊ ㄨㄞˋ	不外	114
ㄅㄨˊ ㄐㄧㄡˋ ㄕˋ	不就是	114
ㄓㄨㄥ ㄉㄚˋ	中大	114
ㄧˋ ㄎㄜˇ	亦可	114
ㄧˇ ㄨㄞˋ ㄉㄜ˙	以外的	114
ㄍㄨ ㄙㄨㄢˋ	估算	114
ㄐㄧㄢˋ ㄕㄣ	健身	114
ㄉㄠˋ ㄖㄣˋ	到任	114
ㄏㄨㄚˋ ㄕˊ	化石	114
ㄊㄨㄥˊ ㄋㄧㄢˊ	同年	114
ㄊㄨㄥˊ ㄏㄤˊ	同行	114
ㄊㄨㄥˊ ㄒㄧㄥˊ	同行	114
ㄇㄧㄥˊ ㄌㄧㄝˋ	名列	114
ㄏㄨ ㄧㄥˋ	呼應	114
ㄙˋ ㄕˊ ㄙㄢ	四十三	114
ㄊㄧㄢ ㄏㄡˋ	天后	114
ㄐㄧㄡˋ ㄐㄧㄠˋ	就叫	114
ㄐㄩ ㄉㄨㄛ	居多	114
ㄕㄢ ㄉㄨㄥ	山東	114
ㄔㄚ ㄉㄜ˙	差的	114
ㄅㄚ ㄌㄜˋ ㄙ ㄊㄢˇ	巴勒斯坦	114
ㄏㄨˊ	弧	114
ㄓㄢˋ ㄐㄧ	戰機	114
ㄓㄠˇ ㄌㄞˊ	找來	114
ㄎㄤˋ ㄖˋ	抗日	114
ㄓㄠ ㄇㄨˋ	招募	114
ㄓㄣˋ ㄉㄨㄥˋ	振動	114
ㄉㄧㄠˋ ㄒㄧㄚˋ	掉下	114
ㄅㄧˋ	敝	114
ㄨㄣˊ ㄐㄧˊ	文集	114
ㄗㄨㄟˋ ㄅㄨˊ	最不	114
ㄗㄨㄟˋ ㄅㄨˋ	最不	114
ㄧㄡˇ ㄩˊ	有餘	114
ㄍㄡˋ ㄊㄨˊ	構圖	114
ㄆㄞˋ ㄔㄨ ㄙㄨㄛˇ	派出所	114
ㄌㄧㄡˊ ㄌㄧㄤˋ	流量	114
ㄑㄧㄥ ㄔㄚˊ	清查	114
ㄧㄢˊ ㄖㄜˋ	炎熱	114
ㄏㄨㄥ ㄅㄟˋ	烘焙	114
ㄉㄨˊ ㄘㄞˊ	獨裁	114
ㄔㄢˇ ㄧㄝˋ ㄐㄧㄝˋ	產業界	114
ㄩㄥˋ ㄧㄠˋ	用藥	114
ㄕㄥˇ ㄒㄧㄚˋ	省下	114
ㄎㄢˋ ㄑㄧㄥ	看清	114
ㄓㄣ ㄔㄥˊ	真誠	114
ㄧㄢˊ ㄐㄧㄡˋ ㄓㄜˇ	研究者	114
ㄕㄣˊ ㄈㄨˋ	神父	114
ㄐㄧㄥ ㄐㄧㄢˇ	精簡	114
ㄏㄨㄥˊ ㄅㄠ	紅包	114
ㄐㄩㄝˊ ㄨㄤˋ	絕望	114
ㄇㄟˇ ㄐㄧㄥˇ	美景	114
ㄋㄠˇ ㄏㄞˇ	腦海	114
ㄗˋ ㄈㄚ	自發	114
ㄨㄢˋ ㄇㄧㄥˊ	萬名	114
ㄓˋ ㄗㄠˋ ㄕㄤ	製造商	114
ㄘㄞˊ ㄓㄥˋ ㄅㄨˋ ㄓㄤˇ	財政部長	114
ㄑㄧˇ ㄉㄧㄢˇ	起點	114
ㄌㄨˋ ㄉㄨㄢˋ	路段	114
ㄓㄨㄢˇ ㄐㄧ	轉機	114
ㄊㄨㄥ ㄍㄨㄢ	通關	114
ㄒㄩㄢˇ ㄒㄧㄡ	選修	114
ㄒㄩㄢˇ ㄍㄡˋ	選購	114
ㄔㄨㄥˊ ㄓㄥˇ	重整	114
ㄒㄧㄢˊ	閑	114
ㄚ ㄍㄣ ㄊㄧㄥˊ	阿根廷	114
ㄒㄧㄤˇ ㄧㄥˋ	響應	114
ㄍㄠ ㄙㄨˋ ㄍㄨㄥ ㄌㄨˋ	高速公路	114
ㄌㄧㄣˊ	鱗	114
ㄧ ㄐㄧㄡˇ ㄐㄧㄡˇ ㄦˋ	一九九二	113
ㄒㄧㄚˋ ㄒㄩㄝˊ	下學	113
ㄅㄨˋ ㄎㄜˇ ㄏㄨㄛˋ ㄑㄩㄝ	不可或缺	113
ㄅㄨˋ ㄘㄨㄣˊ ㄗㄞˋ	不存在	113
ㄅㄨˋ ㄉㄜˊ ㄧˇ	不得已	113
ㄅㄨˋ ㄓ	不支	113
ㄓㄨㄥ ㄔㄨㄢˊ	中船	113
ㄉㄞˋ ㄧㄢˊ	代言	113
ㄒㄧㄥˋ	倖	113
ㄕˊ ㄨˇ ㄈㄣ	十五分	113
ㄓˇ ㄎㄢˋ	只看	113
ㄏㄜˊ ㄇㄟˇ	和美	113
ㄉㄢ ㄔㄜ	單車	113
ㄨ	嗚	113
ㄍㄨㄛˊ ㄅㄠˇ	國寶	113
ㄍㄨㄛˊ ㄊㄞˋ	國泰	113
ㄨㄟˊ ㄑㄧㄤˊ	圍牆	113
ㄗㄨㄛˋ ㄒㄧㄚˋ ㄌㄞˊ	坐下來	113
ㄉㄨㄛ ㄕㄠˇ ㄖㄣˊ	多少人	113
ㄑㄧˊ ㄧˋ	奇異	113
ㄐㄧㄝˇ ㄐㄧㄝˇ	姐姐	113
ㄐㄧㄝˇ ㄐㄧㄝ˙	姐姐	113
ㄩㄢˊ	媛	113
ㄩㄢˋ	媛	113
ㄕㄣˇ ㄐㄧˋ ㄅㄨˋ	審計部	113
ㄍㄨㄥ ㄉㄨˊ	工讀	113
ㄏㄣˇ ㄍㄠ ㄒㄧㄥˋ	很高興	113
ㄞˋ ㄕㄤˋ	愛上	113
ㄞˋ ㄏㄨˋ	愛護	113
ㄓㄠˇ ㄌㄜ˙	找了	113
ㄅㄞˋ ㄅㄞˋ	拜拜	113
ㄓㄤˇ ㄎㄨㄥˋ	掌控	113
ㄔㄨㄞˇ	揣	113
ㄓㄞ ㄧㄠˋ	摘要	113
ㄘㄠ ㄔㄤˇ	操場	113
ㄍㄞˇ ㄗㄨㄛˋ	改作	113
ㄍㄞˇ ㄓˋ	改制	113
ㄐㄧㄡˋ ㄏㄨˋ	救護	113
ㄔㄞˊ ㄧㄡˊ	柴油	113
ㄍㄨㄢ	棺	113
ㄐㄧㄢˇ ㄉㄧㄥˋ	檢定	113
ㄔㄨˊ	櫥	113
ㄇㄧㄣˊ ㄑㄩㄢˊ	民權	113
ㄨ ㄕㄨㄟˇ	污水	113
ㄩˊ ㄏㄨㄟˋ	漁會	113
ㄐㄧ ㄐㄧㄣˋ	激進	113
ㄈㄣˊ ㄏㄨㄚˋ	焚化	113
ㄨˊ ㄧˋ ㄧˋ	無異議	113
ㄕㄨ ㄕ	疏失	113
ㄌㄧㄠˊ ㄒㄧㄠˋ	療效	113
ㄎㄢ ㄕㄡˇ	看守	113
ㄘㄨ ㄘㄠ	粗糙	113
ㄘㄨ ㄘㄠˋ	粗糙	113
ㄙㄨㄛˇ ㄑㄩˇ	索取	113
ㄐㄧㄠˇ	絞	113
ㄒㄧㄢˋ ㄌㄧˋ	縣立	113
ㄧˋ ㄇㄞˋ	義賣	113
ㄌㄧㄢˊ ㄉㄨㄟˋ	聯隊	113
ㄓˋ ㄕㄠˇ ㄧㄡˇ	至少有	113
ㄧㄥˊ ㄍㄨㄤ	螢光	113
ㄧㄡˋ ㄧㄣ	誘因	113
ㄩˇ ㄒㄧˋ	語系	113
ㄅㄧㄢˇ ㄓˊ	貶值	113
ㄊㄧㄝ ㄕㄤˋ	貼上	113
ㄐㄧㄡˇ ㄅㄚ	酒吧	113
ㄐㄧㄣ ㄇㄚˇ ㄐㄧㄤˇ	金馬獎	113
ㄧㄣ ㄧㄤˊ	陰陽	113
ㄌㄧㄥˊ ㄩㄥˋ	零用	113
ㄖㄣˋ	韌	113
ㄈㄟ ㄏㄤˊ	飛航	113
ㄒㄧㄤ ㄕㄨㄟˇ	香水	113
ㄧ ㄔㄨˋ	一處	112
ㄧˊ ㄔㄨˋ	一處	112
ㄐㄧㄡˇ ㄑㄧㄢ	九千	112
ㄅㄠˇ ㄢ	保安	112
ㄧㄢˇ	儼	112
ㄩㄢˊ ㄒㄧㄠ	元宵	112
ㄌㄧㄤˇ ㄓ	兩隻	112
ㄍㄨㄥ ㄙ	公私	112
ㄐㄩˋ ㄌㄧㄝˋ	劇烈	112
ㄌㄧˋ ㄊㄨㄟ	力推	112
ㄩㄥˇ ㄕˋ	勇士	112
ㄍㄨˇ ㄉㄠˋ	古道	112
ㄓˇ ㄧㄡˇ ㄗㄞˋ	只有在	112
ㄑㄧㄠˊ ㄓˋ	喬治	112
ㄉㄢ ㄗˋ	單字	112
ㄍㄨㄛˊ ㄉㄨˋ	國度	112
ㄉㄚˋ ㄊㄡˊ	大頭	112
ㄓㄨㄢ ㄨㄣˊ	專文	112
ㄉㄨㄟˋ ㄔㄣˋ	對稱	112
ㄉㄨㄟˋ ㄔㄥˋ	對稱	112
ㄑㄧㄢ ㄖㄨˋ	嵌入	112
ㄗㄨㄛˇ ㄧㄥˊ	左營	112
ㄐㄧㄢˋ ㄌㄧˋ ㄑㄧˇ	建立起	112
ㄏㄡˋ ㄧˊ ㄓㄥˋ	後遺症	112
ㄔㄥˊ ㄐㄧㄠ ㄌㄧㄤˋ	成交量	112
ㄙㄨㄛˇ ㄧˇ ㄕˋ	所以是	112
ㄔㄠ ㄒㄧˊ	抄襲	112
ㄘㄥˊ ㄐㄧㄥ ㄗㄞˋ	曾經在	112
ㄧㄡˇ ㄌㄧˋ ㄩˊ	有利於	112
ㄧㄡˇ ㄒㄧㄠˋ ㄌㄩˋ	有效率	112
ㄏㄞˇ ㄉㄧˋ	海地	112
ㄍㄨㄢˋ ㄍㄞˋ	灌溉	112
ㄩˋ ㄇㄧˇ	玉米	112
ㄕㄥ ㄐㄧˋ	生計	112
ㄏㄨㄤˊ ㄐㄧㄚ	皇家	112
ㄊㄧㄠˋ	眺	112
ㄉㄨㄢˇ ㄒㄧㄢˋ	短線	112
ㄍㄨㄢˇ ㄒㄧㄚˊ	管轄	112
ㄩㄣˊ	耘	112
ㄈㄟˊ ㄌㄧㄠˋ	肥料	112
ㄔㄨㄢˊ ㄓ	船隻	112
ㄌㄧㄤˊ ㄒㄧㄥˋ	良性	112
ㄈㄣ ㄌㄢˊ	芬蘭	112
ㄏㄨㄚˊ ㄩˇ	華語	112
ㄓㄜˋ	蔗	112
ㄑㄧㄣ ㄞˋ ㄉㄜ˙	親愛的	112
ㄐㄧㄝˇ ㄧㄢˊ	解嚴	112
ㄑㄧㄥ ㄓㄨㄥˋ	輕重	112
ㄧㄡˊ ㄕㄨㄟˋ	遊說	112
ㄔˊ ㄔˊ	遲遲	112
ㄧ ㄐㄧㄝˋ	醫界	112
ㄐㄧㄢˋ	鑒	112
ㄕㄨㄤ ㄒㄧㄤˋ	雙向	112
ㄉㄧㄥˇ ㄉㄨㄛ	頂多	112
ㄕㄡˇ ㄔㄨㄤˋ	首創	112
ㄐㄩㄢ	鵑	112
ㄌㄨㄥˊ ㄕㄢ	龍山	112
ㄧ ㄨㄟˋ	一味	111
ㄧˊ ㄨㄟˋ	一味	111
ㄧ ㄉㄚˋ ㄗㄠˇ	一大早	111
ㄧˊ ㄉㄚˋ ㄗㄠˇ	一大早	111
ㄙㄢ ㄅㄨˋ	三部	111
ㄕㄤˋ ㄑㄧㄢˊ	上前	111
ㄕㄤˋ ㄧㄥˋ	上映	111
ㄕㄤˋ ㄙㄨˋ	上訴	111
ㄦˋ ㄧㄤˇ	二氧	111
ㄖㄣˊ ㄉㄨㄛ	人多	111
ㄌㄧˋ	俐	111
ㄆㄧㄢ ㄉㄧ	偏低	111
ㄌㄧㄤˇ ㄉㄚˋ	兩大	111
ㄅㄚ ㄙㄨㄟˋ	八歲	111
ㄍㄨㄥ ㄗˇ	公子	111
ㄈㄣ ㄑㄧˊ	分歧	111
ㄕˊ ㄨㄟˋ	十位	111
ㄋㄢˊ ㄇㄟˇ	南美	111
ㄧㄣˋ ㄓˋ	印製	111
ㄅㄨˇ	哺	111
ㄙˋ ㄒㄧㄠˇ ㄕˊ	四小時	111
ㄨㄟˊ ㄖㄠˋ	圍繞	111
ㄉㄧˋ ㄒㄧㄚˋ ㄕㄨㄟˇ	地下水	111
ㄉㄧˋ ㄈㄤ ㄒㄧㄥˋ	地方性	111
ㄆㄟˊ ㄧㄤˇ ㄔㄨ	培養出	111
ㄉㄧㄥˋ ㄒㄧㄚˋ	定下	111
ㄓㄨㄢ ㄇㄞˋ	專賣	111
ㄉㄞ ㄗㄞˋ	待在	111
ㄘㄨㄥˊ ㄧㄝˋ	從業	111
ㄗㄜˇ ㄋㄥˊ	怎能	111
ㄗㄣˇ ㄋㄥˊ	怎能	111
ㄏㄨㄢˋ ㄧㄡˇ	患有	111
ㄑㄧㄥˊ ㄑㄩˋ	情趣	111
ㄘˊ ㄅㄟ	慈悲	111
ㄔㄥˊ ㄔㄨˇ	懲處	111
ㄈㄤˊ ㄐㄧㄚˋ	房價	111
ㄎㄤˋ ㄞˊ	抗癌	111
ㄎㄤˋ ㄧㄢˊ	抗癌	111
ㄨㄣˊ ㄏㄨㄚˋ ㄐㄩˊ	文化局	111
ㄆㄤˊ ㄖㄣˊ	旁人	111
ㄏㄨㄟˋ ㄊㄨㄥ	會通	111
ㄧㄡˇ ㄐㄧㄚ	有加	111
ㄅㄣˇ ㄅㄠˋ ㄒㄩㄣˋ	本報訊	111
ㄖㄡˊ ㄖㄨㄢˇ	柔軟	111
ㄒㄧㄠˋ ㄑㄩ	校區	111
ㄏㄨㄢ ㄏㄨ	歡呼	111
ㄅㄨˋ ㄅㄨˋ	步步	111
ㄕㄨㄟˇ ㄇㄧˋ ㄊㄠˊ	水蜜桃	111
ㄒㄧˋ	汐	111
ㄏㄢˋ ㄨㄣˊ	漢文	111
ㄅㄠˋ ㄓㄨˊ	爆竹	111
ㄧㄡˊ ㄖㄨˊ	猶如	111
ㄌㄧˇ ㄕˋ ㄏㄨㄟˋ	理事會	111
ㄕㄥ ㄒㄧㄥˋ	生性	111
ㄏㄨㄚˋ ㄗㄞˋ	畫在	111
ㄐㄧㄣˋ ㄑㄧㄥˊ	盡情	111
ㄕㄥˇ ㄌㄧˋ	省立	111
ㄎㄢˋ ㄅㄨˋ ㄔㄨ	看不出	111
ㄑㄧㄠˊ ㄑㄧㄠˊ	瞧瞧	111
ㄧㄢˊ ㄕㄤ	研商	111
ㄗㄨˇ ㄍㄨㄛˊ	祖國	111
ㄉㄠˋ ㄇㄧˇ	稻米	111
ㄙㄨㄟˋ	穗	111
ㄎㄨ	窟	111
ㄒㄧㄢˋ ㄙㄨㄛˇ	線索	111
ㄐㄧ	羈	111
ㄕㄥˋ ㄖㄣˊ	聖人	111
ㄕㄣˋ ㄗㄤˋ	腎臟	111
ㄗˋ ㄌㄩˋ	自律	111
ㄖㄨㄛˋ ㄧㄡˇ	若有	111
ㄒㄩ ㄍㄡˋ	虛構	111
ㄓㄨㄤ ㄕㄜˋ	裝設	111
ㄍㄨㄢ ㄍㄨㄤ ㄐㄩˊ	觀光局	111
ㄍㄞ ㄗㄨㄛˋ	該做	111
ㄗㄡˇ ㄗㄡˇ	走走	111
ㄊㄧㄠˋ ㄉㄠˋ	跳到	111
ㄋㄧㄢˇ	輾	111
ㄓㄢˇ	輾	111
ㄇㄞˋ ㄐㄧㄣˋ	邁進	111
ㄓㄤˇ ㄌㄠˇ	長老	111
ㄗㄨˇ ㄙㄜˋ	阻塞	111
ㄍㄜˊ ㄊㄧㄢ	隔天	111
ㄩˇ ㄕㄨㄟˇ	雨水	111
ㄩㄣˊ ㄉㄨㄢ	雲端	111
ㄉㄧㄢˋ ㄅㄠˋ	電報	111
ㄌㄨˋ ㄊㄧㄢ	露天	111
ㄆㄧ	霹	111
ㄧㄣ ㄩㄝˋ ㄐㄧㄚ	音樂家	111
ㄊㄡˊ ㄅㄨˋ	頭部	111
ㄕˊ ㄊㄤˊ	食堂	111
ㄍㄨˇ ㄕㄢ	鼓山	111
ㄧ ㄅㄟˋ ㄗ˙	一輩子	110
ㄧˊ ㄅㄟˋ ㄗ˙	一輩子	110
ㄙㄢ ㄏㄜˊ	三合	110
ㄓㄨㄥˋ ㄒㄩㄢˇ	中選	110
ㄐㄧㄡˇ ㄕˋ	九世	110
ㄦˋ ㄧㄤˇ ㄏㄨㄚˋ	二氧化	110
ㄖㄣˊ ㄕˋ	人世	110
ㄖㄣˋ ㄩㄥˋ	任用	110
ㄍㄨㄤ ㄒㄧㄢ	光纖	110
ㄊㄨˋ ㄗ˙	兔子	110
ㄔㄨ ㄐㄧㄚ	出家	110
ㄒㄧㄥˊ ㄐㄧㄥˇ	刑警	110
ㄑㄧㄢˊ ㄖㄣˊ	前人	110
ㄅㄠ ㄕㄤ	包商	110
ㄅㄠ ㄐㄧ	包機	110
ㄑㄩㄝˋ ㄧㄣ	卻因	110
ㄏㄚ ㄙㄚˋ ㄎㄜˋ	哈薩克	110
ㄙˋ ㄕˊ ㄌㄧㄡˋ	四十六	110
ㄉㄧˋ ㄓˊ	地質	110
ㄅㄠˋ ㄈㄨˋ	報復	110
ㄉㄨㄛ ㄕㄨˋ ㄖㄣˊ	多數人	110
ㄉㄚˋ ㄎㄞ	大開	110
ㄖㄨˊ ㄍㄨㄛˇ ㄗㄞˋ	如果在	110
ㄢ ㄧㄤˇ	安養	110
ㄐㄧㄡˋ ㄓˊ	就職	110
ㄕㄢ ㄧㄤˊ	山羊	110
ㄅㄨˋ ㄉㄞˋ ㄒㄧˋ	布袋戲	110
ㄎㄤ ㄒㄧ	康熙	110
ㄔˊ	弛	110
ㄕˇ	弛	110
ㄒㄧㄣ ㄒㄩㄥ	心胸	110
ㄧㄡ ㄐㄧㄡˇ	悠久	110
ㄓㄢˋ ㄕㄨˋ	戰術	110
ㄆㄠ ㄑㄧˋ	拋棄	110
ㄒㄧㄠˋ ㄩㄥˋ	效用	110
ㄐㄧㄠˋ ㄨˋ	教務	110
ㄧㄡˇ ㄈㄣ	有分	110
ㄧㄡˇ ㄈㄣˋ	有分	110
ㄅㄣˇ ㄕˋ	本事	110
ㄅㄣˇ ㄕ˙	本事	110
ㄅㄣˇ ㄩㄢˋ	本院	110
ㄑㄩㄢˊ ㄗㄜˊ	權責	110
ㄘˇ ㄏㄡˋ	此後	110
ㄨˇ ㄍㄨㄥ	武功	110
ㄕㄚ ㄏㄞˋ	殺害	110
ㄇㄨˇ ㄉㄜ˙	母的	110
ㄇㄟˇ ㄩㄝˋ	每月	110
ㄇㄧㄣˊ ㄏㄤˊ ㄐㄩˊ	民航局	110
ㄉㄢˋ ㄉㄢˋ	淡淡	110
ㄗㄠˋ	灶	110
ㄉㄨˊ ㄌㄧˋ ㄉㄜ˙	獨立的	110
ㄒㄧㄢˋ ㄋㄧㄢˊ	現年	110
ㄅㄧˋ	璧	110
ㄅㄧㄥˋ ㄧㄡˇ	病友	110
ㄅㄞˇ ㄈㄣ ㄅㄧˇ	百分比	110
ㄇㄨˋ ㄉㄨˇ	目睹	110
ㄓˊ ㄕㄥ	直升	110
ㄈㄨˊ ㄓˇ	福祉	110
ㄔㄥ ㄓ ㄨㄟˊ	稱之為	110
ㄔㄡˊ ㄘㄨㄛˋ	籌措	110
ㄓˇ ㄕㄤˋ	紙上	110
ㄌㄠˇ ㄕˊ ㄕㄨㄛ	老實說	110
ㄘㄨㄟˋ ㄖㄨㄛˋ	脆弱	110
ㄏㄨㄚ ㄉㄨㄛˇ	花朵	110
ㄘㄠˇ ㄇㄟˊ	草莓	110
ㄆㄨˊ ㄙㄚˋ	菩薩	110
ㄋㄩㄝˋ ㄉㄞˋ	虐待	110
ㄒㄧㄥˊ ㄗㄡˇ	行走	110
ㄓㄨㄤ ㄏㄨㄤˊ	裝潢	110
ㄆㄧㄥˊ ㄌㄧㄤˊ	評量	110
ㄒㄧㄤˊ ㄒㄧˋ ㄉㄜ˙	詳細的	110
ㄐㄧㄤˇ ㄑㄧㄡˊ	講求	110
ㄊㄧㄝ ㄐㄧㄣˋ	貼近	110
ㄑㄧˇ ㄅㄨˋ	起步	110
ㄆㄠˇ ㄌㄞˊ	跑來	110
ㄍㄣ ㄙㄨㄟˊ	跟隨	110
ㄌㄨˋ ㄇㄧㄢˋ	路面	110
ㄏㄨㄟˊ ㄅㄧˋ	迴避	110
ㄐㄧㄣˋ ㄐㄩㄣ	進軍	110
ㄍㄨㄛˋ ㄊㄡˊ	過頭	110
ㄗㄨㄣ ㄓㄠˋ	遵照	110
ㄔㄤˊ ㄢ	長安	110
ㄓㄤˇ ㄉㄜˊ	長得	110
ㄓㄤˇ ㄉㄜ˙	長得	110
ㄓㄤˇ ㄓㄜˇ	長者	110
ㄕˋ ㄧㄢˇ	飾演	110
ㄒㄧㄤ ㄍㄨ	香菇	110
ㄍㄠ ㄌㄜ˙	高了	110
ㄏㄟ ㄇㄧㄢˋ	黑面	110
ㄧ ㄐㄧㄠˇ	一角	109
ㄧˋ ㄐㄧㄠˇ	一角	109
ㄕㄤˋ ㄊㄧㄢ	上天	109
ㄕㄤˋ ㄉㄤˋ	上當	109
ㄅㄨˋ ㄐㄧㄥ	不經	109
ㄉㄧㄡ ㄉㄠˋ	丟到	109
ㄓㄨㄥ ㄔㄢˇ ㄐㄧㄝ ㄐㄧˊ	中產階級	109
ㄧㄝˇ ㄌㄞˊ	也來	109
ㄧㄝˇ ㄏㄨㄟˋ ㄧㄡˇ	也會有	109
ㄐㄧㄠ ㄊㄨㄥ ㄐㄩˊ	交通局	109
ㄧˇ ㄑㄧˊ	以期	109
ㄍㄨㄤ ㄐㄧㄥˇ	光景	109
ㄔㄨ ㄕㄡˇ	出手	109
ㄐㄧㄚ ㄓˊ	加值	109
ㄑㄩˋ ㄋㄧㄢˊ ㄉㄜ˙	去年的	109
ㄉㄢ ㄉㄚˇ	單打	109
ㄙˋ ㄕˊ ㄑㄧ	四十七	109
ㄨㄞˋ ㄐㄧㄝ	外接	109
ㄍㄡˋ ㄌㄜ˙	夠了	109
ㄉㄚˋ ㄍㄨㄢ	大觀	109
ㄑㄧˊ ㄊㄜˋ	奇特	109
ㄏㄠˇ ㄐㄧˇ ㄍㄜ˙	好幾個	109
ㄏㄠˇ ㄆㄧㄥˊ	好評	109
ㄖㄨˊ ㄧ	如一	109
ㄗˇ ㄍㄨㄥ ㄐㄧㄥˇ	子宮頸	109
ㄨㄢˇ ㄖㄨˊ	宛如	109
ㄐㄧㄚ ㄇㄣˊ	家門	109
ㄕㄢ ㄆㄛ ㄉㄧˋ	山坡地	109
ㄐㄩˋ ㄉㄚˋ ㄉㄜ˙	巨大的	109
ㄧㄥˇ ㄆㄧㄥˊ	影評	109
ㄏㄡˋ ㄈㄤ	後方	109
ㄉㄠˋ	悼	109
ㄒㄧㄤˇ ㄌㄜ˙	想了	109
ㄔㄨㄛ	戳	109
ㄘㄞˊ ㄉㄨㄟˋ	才對	109
ㄕㄡ ㄕˋ ㄌㄩˋ	收視率	109
ㄐㄧㄠˋ ㄍㄨㄢ	教官	109
ㄙㄢˋ ㄅㄨˋ	散布	109
ㄒㄩㄢˊ ㄓㄨㄢˇ	旋轉	109
ㄖˋ ㄍㄨㄤ	日光	109
ㄖˋ ㄒㄧㄣ	日新	109
ㄧㄡˇ ㄐㄧㄢˋ ㄩˊ	有鑑於	109
ㄍㄢ	杆	109
ㄓㄥˋ ㄨㄟˋ	正為	109
ㄘㄢˊ ㄎㄨˋ	殘酷	109
ㄐㄧㄤ ㄏㄨˊ	江湖	109
ㄊㄨˊ	涂	109
ㄆㄨˋ	瀑	109
ㄨㄟˊ ㄧㄡˊ	為由	109
ㄓㄥ ㄓˊ	爭執	109
ㄉㄨˊ ㄐㄩ	獨居	109
ㄔㄢˇ ㄓˊ	產值	109
ㄘ	疵	109
ㄘˊ	疵	109
ㄈㄚ ㄒㄧㄠˋ	發酵	109
ㄈㄚ ㄉㄧㄢˇ	發點	109
ㄕㄥˇ ㄐㄧˊ	省籍	109
ㄧㄢˇ ㄓㄨㄥ	眼中	109
ㄐㄧㄠˇ ㄓㄥˋ	矯正	109
ㄉㄧㄝˊ ㄆㄧㄢˋ	碟片	109
ㄐㄧㄣˋ ㄐㄧˋ	禁忌	109
ㄉㄥˇ ㄉㄧˋ	等地	109
ㄐㄧㄥ ㄕㄣˊ ㄅㄧㄥˋ	精神病	109
ㄒㄧˋ ㄗㄜˊ	細則	109
ㄐㄧㄣˇ ㄙㄨㄛ	緊縮	109
ㄎㄠˇ ㄍㄨˇ ㄒㄩㄝˊ	考古學	109
ㄨㄣˊ ㄅㄠˋ	聞報	109
ㄖㄡˋ ㄊㄧˇ	肉體	109
ㄐㄧㄢ ㄋㄢˊ	艱難	109
ㄌㄢˊ ㄊㄨˊ	藍圖	109
ㄕˋ ㄌㄧˋ	視力	109
ㄕ ㄍㄜ	詩歌	109
ㄧㄡˋ ㄏㄨㄛˋ	誘惑	109
ㄕㄨㄛ ㄇㄧㄥˊ ㄏㄨㄟˋ	說明會	109
ㄗ ㄕㄤ	諮商	109
ㄅㄟˋ ㄎㄜˊ	貝殼	109
ㄊㄢ ㄨ	貪污	109
ㄗ ㄈㄤ	資方	109
ㄙㄨˋ ㄌㄩˋ	速率	109
ㄍㄨㄛˋ ㄑㄧˊ	過期	109
ㄒㄧㄤ ㄑㄧㄣ	鄉親	109
ㄓㄨㄥˋ ㄉㄧㄢˇ ㄕˋ	重點是	109
ㄧㄝˇ ㄕㄥ ㄉㄨㄥˋ ㄨˋ	野生動物	109
ㄐㄧㄣ ㄌㄨㄥˊ	金龍	109
ㄈㄥ ㄇㄧㄢˋ	鋒面	109
ㄧㄣˇ ㄒㄧㄥˊ	隱形	109
ㄊㄧㄥˊ	霆	109
ㄇㄛˋ ㄑㄧˋ	默契	109
ㄧ ㄐㄧㄡˇ ㄙㄢ	一九三	108
ㄒㄧㄚˋ ㄧ ㄉㄞˋ	下一代	108
ㄒㄧㄚˋ ㄧˊ ㄉㄞˋ	下一代	108
ㄅㄨˊ ㄒㄧㄚˋ ㄑㄩˋ	不下去	108
ㄅㄧㄥˋ ㄌㄧㄝˋ	並列	108
ㄅㄧㄥˋ ㄩˊ	並於	108
ㄨˇ ㄕˊ ㄧ	五十一	108
ㄉㄞˋ ㄅㄧㄠˇ ㄉㄨㄟˋ	代表隊	108
ㄌㄞˊ ㄉㄧㄢˋ	來電	108
ㄐㄧㄚˇ ㄓㄨㄤ	假裝	108
ㄗㄨㄛˋ ㄑㄧˇ	做起	108
ㄓㄣ ㄒㄩㄣˋ	偵訊	108
ㄧㄢˇ ㄖㄢˊ	儼然	108
ㄎㄜˋ ㄌㄧˇ	克里	108
ㄌㄧㄤˇ ㄅㄧㄢ	兩邊	108
ㄍㄨㄥˋ ㄊㄨㄥˊ ㄉㄜ˙	共同的	108
ㄉㄠˋ ㄔㄨˋ ㄉㄡ	到處都	108
ㄋㄢˊ ㄊㄞˊ ㄨㄢ	南台灣	108
ㄐㄧˊ ㄕˋ	即是	108
ㄩㄢˊ ㄧㄡˊ	原油	108
ㄑㄩˋ ㄔㄨˊ	去除	108
ㄑㄩˇ ㄇㄧㄥˊ	取名	108
ㄑㄩˇ ㄧㄤˋ	取樣	108
ㄕㄡˋ ㄌㄜ˙	受了	108
ㄕㄡˋ ㄈㄤˇ ㄓㄜˇ	受訪者	108
ㄎㄜˇ ㄗㄞˋ	可在	108
ㄍㄨㄛˊ ㄍㄨㄥ	國公	108
ㄉㄚˋ ㄏㄨㄛˇ	大夥	108
ㄊㄚ ㄅㄨˊ	她不	108
ㄊㄚ ㄅㄨˋ	她不	108
ㄎㄡˋ	寇	108
ㄕˊ ㄓㄥˋ	實證	108
ㄅㄠˇ ㄕˊ	寶石	108
ㄈㄥ ㄙㄨㄛˇ	封鎖	108
ㄉㄨㄟˋ ㄐㄩㄝˊ	對決	108
ㄒㄩㄣˊ ㄌㄨㄛˊ	巡邏	108
ㄍㄨㄤˇ ㄓㄡ	廣州	108
ㄒㄧㄣ ㄗㄤˋ ㄅㄧㄥˋ	心臟病	108
ㄍㄢˇ ㄔㄨˋ	感觸	108
ㄨㄛˇ ㄋㄥˊ	我能	108
ㄈㄤˋ ㄒㄩㄝˊ	放學	108
ㄕㄨˋ ㄓˊ	數值	108
ㄌㄩˇ ㄈㄟˋ	旅費	108
ㄕㄨ ㄏㄨㄚˋ	書畫	108
ㄘㄨㄣ ㄗ˙	村子	108
ㄌㄧㄣˊ ㄨˋ ㄐㄩˊ	林務局	108
ㄔㄚˊ ㄔㄨ	查出	108
ㄎㄞˇ	楷	108
ㄍㄞˋ ㄎㄨㄤˋ	概況	108
ㄍㄜ ㄇㄧˊ	歌迷	108
ㄐㄧㄤ ㄋㄢˊ	江南	108
ㄌㄧㄡˊ ㄩˋ	流域	108
ㄇㄧˊ	瀰	108
ㄎㄨㄤˊ ㄖㄜˋ	狂熱	108
ㄉㄤ ㄉㄧˋ ㄖㄣˊ	當地人	108
ㄉㄥˇ ㄊㄨㄥˊ	等同	108
ㄍㄨㄢˇ ㄐㄧㄠˋ	管教	108
ㄓㄨˊ ㄔㄠˊ	築巢	108
ㄇㄟˇ ㄍㄨㄢ	美觀	108
ㄗˋ ㄗㄨㄣ	自尊	108
ㄔㄨˋ ㄋㄩˇ	處女	108
ㄒㄧㄥˊ ㄒㄧㄥ	行星	108
ㄍㄞ ㄑㄩˋ	該去	108
ㄓㄥˋ ㄓㄠˋ	證照	108
ㄕㄜˋ	赦	108
ㄑㄧˇ ㄕㄣ	起身	108
ㄗㄨˊ ㄐㄧ	足跡	108
ㄓㄨㄢˇ ㄗㄞˇ	轉載	108
ㄓㄨㄢˇ ㄗㄞˋ	轉載	108
ㄐㄧㄠˋ ㄔㄜ	轎車	108
ㄓㄜˋ ㄓㄨㄥˇ ㄕˋ	這種事	108
ㄓㄜˋ ㄅㄢ	這般	108
ㄩㄢˇ ㄐㄧㄥˇ	遠景	108
ㄅㄨˋ ㄌㄨㄛˋ ㄎㄜˋ	部落客	108
ㄘㄨㄛˋ ㄗˋ	錯字	108
ㄓㄣˋ ㄧㄚ	鎮壓	108
ㄗㄠˊ	鑿	108
ㄗㄨㄛˋ	鑿	6.351308576902391
ㄔㄤˊ ㄑㄧˊ ㄧˇ ㄌㄞˊ	長期以來	108
ㄩㄣˇ	隕	108
ㄐㄧˋ ㄏㄨㄟˋ	際會	108
ㄧㄢˋ	雁	108
ㄩˋ ㄍㄠˋ	預告	108
ㄈㄟ ㄉㄠˋ	飛到	108
ㄐㄧ	饑	108
ㄇㄚˇ ㄉㄚˊ	馬達	108
ㄇㄚˊ ㄑㄩㄝˋ	麻雀	108
ㄧ ㄍㄜ˙ ㄗˋ	一個字	107
ㄧˋ ㄍㄜ˙ ㄗˋ	一個字	107
ㄑㄧ ㄑㄧ	七七	107
ㄕㄤˋ ㄇㄣˊ	上門	107
ㄓㄨㄥ ㄨㄣˊ ㄅㄢˇ	中文版	107
ㄐㄧㄡˇ ㄕˋ ㄐㄧˋ	九世紀	107
ㄕˋ ㄅㄧㄢˋ	事變	107
ㄖㄥˊ ㄕˋ	仍是	107
ㄉㄧ ㄇㄧˊ	低迷	107
ㄏㄨㄤˊ	凰	107
ㄑㄧㄝˋ ㄕˊ	切實	107
ㄕˊ ㄉㄨˋ	十度	107
ㄑㄩˇ ㄘㄞˊ	取材	107
ㄐㄧㄡˋ	咎	107
ㄋㄢˊ	喃	107
ㄙㄤˇ	嗓	107
ㄌㄨ	嚕	107
ㄎㄨㄣˋ ㄏㄨㄛˋ	困惑	107
ㄉㄧˋ ㄇㄧㄥˊ	地名	107
ㄅㄠˋ ㄓㄤ	報章	107
ㄙㄨˋ ㄐㄧㄠ ㄉㄞˋ	塑膠袋	107
ㄉㄚˋ ㄒㄧ	大溪	107
ㄉㄚˋ ㄋㄠˇ	大腦	107
ㄎㄨㄚ ㄎㄜˋ	夸克	107
ㄊㄠˋ ㄓㄨㄤ	套裝	107
ㄏㄠˇ ㄏㄨㄞˋ	好壞	107
ㄈㄤˊ ㄏㄞˋ	妨害	107
ㄒㄩㄢ ㄉㄨˊ	宣讀	107
ㄉㄨㄟˋ ㄉㄨㄟˋ	對對	107
ㄒㄧㄠˇ ㄇㄧㄥˊ	小明	107
ㄅㄨˋ ㄊㄧㄠˊ	布條	107
ㄐㄧˇ ㄨㄢˋ	幾萬	107
ㄏㄨㄟˋ ㄓㄥˇ	彙整	107
ㄗㄜˇ ㄇㄛ˙ ㄕㄨㄛ	怎麼說	107
ㄗㄜˇ ㄇㄜ˙ ㄕㄨㄛ	怎麼說	107
ㄗㄣˇ ㄇㄛ˙ ㄕㄨㄛ	怎麼說	107
ㄗㄣˇ ㄇㄜ˙ ㄕㄨㄛ	怎麼說	107
ㄒㄧㄥˋ ㄑㄧㄥˊ	性情	107
ㄧㄥ ㄕˋ	應是	107
ㄕㄡˇ ㄉㄨㄥˋ	手動	107
ㄘㄞˊ ㄧˋ	才藝	107
ㄓˇ ㄧㄣˇ	指引	107
ㄔㄚ ㄖㄨˋ	插入	107
ㄓㄥˋ ㄨㄟˇ	政委	107
ㄗㄠˇ ㄉㄧㄢˇ	早點	107
ㄒㄧㄥ ㄑㄧˊ ㄦˋ	星期二	107
ㄇㄟˇ ㄨㄟˋ	每位	107
ㄈㄣ ㄨㄟˊ	氛圍	107
ㄑㄧˋ ㄊㄧˇ	氣體	107
ㄔㄣˊ ㄇㄛˋ	沉默	107
ㄕㄚ ㄨ ㄉㄧˋ	沙烏地	107
ㄌㄧㄡˊ ㄒㄧㄥ	流星	107
ㄌㄢˊ	瀾	107
ㄨㄢ ㄑㄩ	灣區	107
ㄈㄚ ㄆㄧㄠˋ	發票	107
ㄉㄧˋ ㄕˊ ㄧ	第十一	107
ㄎㄨㄞˋ	筷	107
ㄏㄨㄥˊ ㄌㄡˊ	紅樓	107
ㄊㄨㄥˇ ㄏㄜˊ	統合	107
ㄏㄨㄚ ㄘㄠˇ	花草	107
ㄘㄨㄟˋ	萃	107
ㄐㄧㄝˇ ㄐㄩㄝˊ ㄨㄣˋ ㄊㄧˊ	解決問題	107
ㄕㄨㄛ ㄍㄨˋ ㄕˋ	說故事	107
ㄏㄠˊ ㄩˇ	豪雨	107
ㄘㄞˊ ㄑㄩㄢˊ	財權	107
ㄔㄜ ㄏㄤˊ	車行	107
ㄔㄜ ㄒㄧㄥˊ	車行	107
ㄋㄨㄥˊ ㄖㄣˊ	農人	107
ㄓㄨㄟ ㄒㄩㄣˊ	追尋	107
ㄙㄨㄥˋ ㄌㄞˊ	送來	107
ㄓㄜˋ ㄍㄜ˙ ㄩㄝˋ	這個月	107
ㄔㄨㄥˊ ㄏㄨㄚˋ	重劃	107
ㄈㄨˋ ㄉㄞˋ	附帶	107
ㄆㄧ ㄌㄧˋ	霹靂	107
ㄌㄧˋ	靂	107
ㄏㄟ ㄇㄧㄢˋ ㄆㄧˊ ㄌㄨˋ	黑面琵鷺	107
ㄉㄤˇ ㄓㄨㄥ ㄧㄤ	黨中央	107
ㄍㄨˇ ㄓㄤˇ	鼓掌	107
ㄕㄤˋ ㄅㄢˋ	上半	106
ㄒㄧㄚˋ ㄨㄣˊ	下文	106
ㄓㄨˇ ㄅㄧㄢ	主編	106
ㄒㄧㄤˇ ㄩㄥˋ	享用	106
ㄉㄧ ㄌㄧㄢˊ	低廉	106
ㄔˇ	侈	106
ㄆㄧㄢ ㄐㄧㄢˋ	偏見	106
ㄍㄨㄤ ㄉㄧㄢˋ	光電	106
ㄑㄩㄢˊ ㄑㄧㄡˊ ㄏㄨㄚˋ	全球化	106
ㄑㄩㄢˊ ㄇㄧㄢˋ ㄒㄧㄥˋ	全面性	106
ㄌㄧㄡˋ ㄉㄚˋ	六大	106
ㄔㄨ ㄏㄞˇ	出海	106
ㄉㄠˋ ㄍㄨㄛˋ	到過	106
ㄕˊ ㄨˇ ㄏㄠˋ	十五號	106
ㄋㄢˊ ㄊㄡˊ ㄒㄧㄢˋ	南投縣	106
ㄋㄢˊ ㄧㄤˊ	南洋	106
ㄕㄡˋ ㄒㄩㄣˋ	受訓	106
ㄍㄜˋ ㄐㄧㄚ	各家	106
ㄇㄧㄥˊ ㄆㄧㄢˋ	名片	106
ㄉㄤ	噹	106
ㄍㄨㄛˊ ㄈㄤˊ ㄅㄨˋ ㄓㄤˇ	國防部長	106
ㄉㄚˋ ㄉㄧˋ ㄓㄣˋ	大地震	106
ㄖㄨˊ ㄧˋ	如意	106
ㄉㄧㄥˋ ㄉㄧㄢˇ	定點	106
ㄅㄠˇ ㄗㄤˋ	寶藏	106
ㄒㄧㄠˇ ㄙㄢ	小三	106
ㄐㄩㄝˊ	崛	106
ㄅㄨˋ ㄋㄨㄥˊ	布農	106
ㄍㄨㄤˇ ㄧˋ	廣義	106
ㄘㄞˇ ㄏㄨㄟˋ	彩繪	106
ㄓㄤ ㄒㄧㄢˇ	彰顯	106
ㄨㄛˇ ㄏㄨㄟˊ	我回	106
ㄓㄢˋ ㄕˋ	戰事	106
ㄊㄧˊ ㄅㄠˋ	提報	106
ㄏㄨㄢˋ ㄑㄩˇ	換取	106
ㄐㄧㄥˋ ㄌㄠˇ	敬老	106
ㄌㄧㄢˋ	斂	106
ㄨㄣˊ ㄕˇ	文史	106
ㄈㄨˇ	斧	106
ㄈㄤ ㄔㄥˊ	方程	106
ㄕˊ ㄐㄧㄢ ㄅㄧㄠˇ	時間表	106
ㄧㄡˇ ㄏㄜˊ	有何	106
ㄧㄡˇ ㄓㄨㄥˇ	有種	106
ㄏㄜˊ ㄗˇ	核子	106
ㄇㄛˊ ㄈㄢˋ	模範	106
ㄔㄣˊ ㄓㄨㄥˋ	沉重	106
ㄇㄟˊ ㄧㄡˇ ㄉㄜ˙	沒有的	106
ㄕㄣ ㄘㄥˊ	深層	106
ㄐㄧ ㄑㄧˇ	激起	106
ㄏㄨㄛˇ ㄌㄧˋ	火力	106
ㄕㄥ ㄐㄧㄡˋ	生就	106
ㄕㄨㄞˇ	甩	106
ㄕㄨㄛˋ ㄕˋ ㄅㄢ	碩士班	106
ㄔㄥˊ ㄕˋ ㄇㄚˇ	程式碼	106
ㄈㄢˋ ㄌㄧˋ	範例	106
ㄐㄧㄥ ㄇㄟˇ	精美	106
ㄐㄧㄥ ㄌㄧˇ ㄖㄣˊ	經理人	106
ㄅㄧㄢ ㄐㄩˋ	編劇	106
ㄌㄧㄢˊ ㄐㄩㄣ	聯軍	106
ㄐㄩˇ ㄉㄨㄥˋ	舉動	106
ㄐㄧㄡˋ ㄧㄡˇ	舊有	106
ㄕㄨㄣˋ	舜	106
ㄅㄚ ㄌㄟˇ ㄨˇ	芭蕾舞	106
ㄅㄚ ㄌㄟˊ ㄨˇ	芭蕾舞	106
ㄏㄨㄚ ㄏㄨㄟˋ	花卉	106
ㄐㄧㄝ ㄕㄤˋ	街上	106
ㄧㄠˋ ㄐㄧㄡˋ	要就	106
ㄕˋ ㄅㄧㄝˊ	識別	106
ㄍㄨㄢˋ ㄔㄜˋ	貫徹	106
ㄊㄧㄝ ㄓˇ	貼紙	106
ㄅㄥˋ	蹦	106
ㄍㄨㄛˋ ㄕˊ	過時	106
ㄐㄩ	鋸	6.351308576902391
ㄐㄩˋ	鋸	106
ㄎㄞ ㄓㄢˋ	開戰	106
ㄧㄤˊ ㄊㄞˊ	陽台	106
ㄇㄧㄢˋ ㄎㄨㄥˇ	面孔	106
ㄕㄡˇ ㄒㄧㄤˋ	首相	106
ㄊㄧˇ ㄒㄧㄢˋ	體現	106
ㄉㄧㄢˇ ㄒㄩㄢˇ	點選	106
ㄧ ㄑㄩㄣˊ ㄖㄣˊ	一群人	105
ㄧˋ ㄑㄩㄣˊ ㄖㄣˊ	一群人	105
ㄅㄨˋ ㄙˇ	不死	105
ㄕˋ ㄇㄠˋ	世貿	105
ㄨˇ ㄨˇ	五五	105
ㄉㄞˋ ㄍㄨㄥ	代工	105
ㄉㄧ ㄌㄨㄛˋ	低落	105
ㄅㄠˇ ㄍㄨˋ	保固	105
ㄐㄧㄚˇ ㄕˇ	假使	105
ㄆㄧㄢ ㄒㄧㄤˋ	偏向	105
ㄊㄧㄥˊ ㄒㄧㄚˋ ㄌㄞˊ	停下來	105
ㄍㄨˋ ㄩㄥˋ	僱用	105
ㄋㄟˋ ㄅㄨˋ ㄉㄜ˙	內部的	105
ㄌㄧㄤˇ ㄒㄧㄤˋ	兩項	105
ㄅㄚ ㄕˋ	八世	105
ㄗㄞˋ ㄅㄚˇ	再把	105
ㄇㄠˋ ㄔㄨ	冒出	105
ㄈㄣ ㄉㄢ	分擔	105
ㄈㄢˇ ㄧㄥˋ ㄔㄨ	反映出	105
ㄈㄢˇ ㄅㄛˊ	反駁	105
ㄏㄜˊ ㄗ	合資	105
ㄏㄨㄚ	嘩	105
ㄏㄨㄚˊ	嘩	105
ㄙˋ ㄈㄤ	四方	105
ㄍㄨㄛˊ ㄍㄨㄤ	國光	105
ㄩㄢˊ ㄉㄧˋ	園地	105
ㄊㄧㄢˊ ㄒㄧㄝˇ	填寫	105
ㄖㄨˊ ㄘˇ ㄧ ㄌㄞˊ	如此一來	105
ㄖㄨˊ ㄘˇ ㄧˋ ㄌㄞˊ	如此一來	105
ㄎㄜˋ ㄩㄣˋ	客運	105
ㄕˊ ㄗㄨㄛˋ	實作	105
ㄋㄧㄢˊ ㄗ	年資	105
ㄉㄧㄢˋ ㄩㄢˊ	店員	105
ㄧㄣˇ ㄕㄨˋ	引述	105
ㄓㄤ ㄓㄠˋ	張照	105
ㄏㄣˇ ㄇㄧㄥˊ ㄒㄧㄢˇ	很明顯	105
ㄒㄧㄣ ㄧˋ	心意	105
ㄙㄨㄛˇ ㄒㄧㄥˋ	所幸	105
ㄎㄤˋ ㄐㄩˋ	抗拒	105
ㄓˇ ㄔㄥ	指稱	105
ㄧㄡˇ ㄅㄧㄝˊ ㄩˊ	有別於	105
ㄧㄡˇ ㄉㄨˊ	有毒	105
ㄧㄡˇ ㄉㄜ˙ ㄕˋ	有的是	105
ㄈㄨˊ ㄘㄨㄥˊ	服從	105
ㄉㄨˋ ㄐㄩㄝˊ	杜絕	105
ㄔㄚˊ ㄑㄧˋ	查緝	105
ㄘˋ ㄧㄠˋ	次要	105
ㄏㄞˇ ㄐㄧ ㄏㄨㄟˋ	海基會	105
ㄘㄢˋ ㄌㄢˋ	燦爛	105
ㄧˋ ㄍㄨㄛˊ	異國	105
ㄈㄚ ㄍㄨㄤ	發光	105
ㄆㄣˊ ㄉㄧˋ	盆地	105
ㄕㄥˋ ㄏㄨㄟˋ	盛會	105
ㄎㄢ ㄅㄢˇ	看板	105
ㄎㄢˋ ㄅㄢˇ	看板	105
ㄑㄩㄝˋ ㄑㄧㄝˋ	確切	105
ㄈㄨˊ ㄧㄣ	福音	105
ㄙ ㄧㄡˇ ㄘㄞˊ ㄔㄢˇ	私有財產	105
ㄉㄧˋ ㄙㄢ ㄍㄜ˙	第三個	105
ㄌㄨㄥˊ ㄓㄠˋ	籠罩	105
ㄐㄧㄝˊ ㄐㄧㄥ	結晶	105
ㄗㄨㄥˇ ㄏㄜˊ	總和	105
ㄓˊ ㄑㄩㄢˊ	職權	105
ㄐㄧㄢ ㄅㄤˇ	肩膀	105
ㄧˊ	胰	105
ㄓㄠ ㄐㄧˊ	著急	105
ㄌㄢˊ ㄏㄨㄚ	蘭花	105
ㄓㄤ	蟑	105
ㄕㄜˋ ㄒㄧㄤˇ	設想	105
ㄒㄧㄝˋ ㄔㄤˊ ㄊㄧㄥˊ	謝長廷	105
ㄘˊ ㄉㄧㄢˇ	辭典	105
ㄇㄧˊ ㄙ	迷思	105
ㄗㄠˋ ㄈㄤˇ	造訪	105
ㄨㄟˊ ㄩㄝ	違約	105
ㄋㄚˋ ㄨㄟˋ	那位	105
ㄘㄨˋ	醋	105
ㄔㄨㄥˊ ㄏㄨㄟˊ	重回	105
ㄩˋ ㄕㄡˋ	預售	105
ㄈㄥ ㄓㄥ	風箏	105
ㄇㄚˇ ㄎㄜˋ ㄙ	馬克斯	105
ㄍㄠ ㄆㄧㄣˇ ㄓˊ	高品質	105
ㄍㄨㄥ	龔	105
ㄅㄨˋ ㄓˊ	不值	104
ㄅㄨˋ ㄓㄤ	不彰	104
ㄦˋ ㄐㄧㄝˋ	二屆	104
ㄐㄧㄠ ㄐㄧㄝ	交接	104
ㄍㄜˋ ㄦ	個兒	104
ㄍㄜˋ ㄦˊ	個兒	104
ㄊㄧㄥˊ ㄉㄧㄢˋ	停電	104
ㄗㄞˋ ㄒㄧㄢˋ	再現	104
ㄔㄨ ㄈㄚ ㄉㄧㄢˇ	出發點	104
ㄓˋ ㄉㄧㄥˋ	制訂	104
ㄌㄧˋ ㄒㄧㄥˊ	力行	104
ㄅㄠ ㄍㄨㄛˇ	包裹	104
ㄕˊ ㄐㄧㄡˇ ㄕˋ ㄐㄧˋ	十九世紀	104
ㄅㄛˊ ㄕˋ ㄅㄢ	博士班	104
ㄓㄢˋ ㄧㄡˇ	占有	104
ㄎㄜˇ ㄒㄧㄣˋ	可信	104
ㄎㄜˇ ㄐㄧㄡˋ	可就	104
ㄊㄞˊ ㄨㄢ ㄉㄚˋ ㄒㄩㄝˊ	台灣大學	104
ㄨㄟˋ ㄑㄩㄢˊ	味全	104
ㄙˋ ㄕˊ ㄙˋ	四十四	104
ㄍㄨㄛˊ ㄨˋ ㄩㄢˋ	國務院	104
ㄗㄞˋ ㄔㄨ	在出	104
ㄉㄚˋ ㄏㄠˇ	大好	104
ㄉㄚˋ ㄐㄧㄚˇ	大甲	104
ㄊㄧㄢ ㄊㄞˊ	天台	104
ㄏㄠˇ ㄒㄧㄤˇ	好想	104
ㄈㄤˊ ㄞˋ	妨礙	104
ㄏㄨㄥˊ ㄐㄧ	宏碁	104
ㄏㄨㄥˊ ㄑㄧˊ	宏碁	104
ㄕˊ ㄌㄧˋ	實例	104
ㄅㄠˇ ㄗㄨㄛˋ	寶座	104
ㄆㄧㄥˊ ㄈㄤ ㄍㄨㄥ ㄔˇ	平方公尺	104
ㄅㄧˋ ㄉㄨㄢ	弊端	104
ㄨㄤˇ ㄑㄧㄢˊ	往前	104
ㄐㄧˊ ㄓㄣˇ	急診	104
ㄐㄧˊ ㄙㄨˋ	急速	104
ㄑㄧㄥˊ ㄩㄢˋ	情願	104
ㄒㄧㄤˇ ㄅㄧˋ	想必	104
ㄧㄡ ㄌㄩˋ	憂慮	104
ㄐㄧㄝˊ ㄖㄢˊ	截然	104
ㄙㄨㄛˇ ㄨㄟˊ	所為	104
ㄕㄜˇ ㄅㄨˋ ㄉㄜˊ	捨不得	104
ㄕㄜˇ ㄅㄨˋ ㄉㄜ˙	捨不得	104
ㄍㄨˋ ㄓㄤˋ	故障	104
ㄐㄧㄡˋ ㄍㄨㄛˊ	救國	104
ㄐㄧˋ ㄉㄧㄥˋ	既定	104
ㄒㄧㄥ ㄍㄨㄤ	星光	104
ㄒㄧㄥ ㄑㄧˊ ㄙㄢ	星期三	104
ㄆㄨˇ ㄔㄚˊ	普查	104
ㄧㄡˇ ㄉㄠˋ	有到	104
ㄅㄣˇ ㄒㄧㄥˋ	本性	104
ㄌㄧㄣˊ ㄑㄩ	林區	104
ㄐㄧˊ ㄒㄧㄢˋ	極限	104
ㄍㄤˋ	槓	104
ㄎㄨㄞˋ	檜	104
ㄓㄥˋ ㄍㄨㄟ	正規	104
ㄇㄧㄣˊ ㄙㄨˋ	民宿	104
ㄑㄧˋ ㄔㄨㄢˇ	氣喘	104
ㄏㄜˊ ㄋㄢˊ	河南	104
ㄧㄤˊ ㄐㄧ	洋基	104
ㄏㄞˇ ㄒㄧㄢ	海鮮	104
ㄕㄣ ㄎㄜˋ ㄉㄜ˙	深刻的	104
ㄑㄩˊ	渠	104
ㄨˊ ㄌㄨㄣˋ ㄖㄨˊ ㄏㄜˊ	無論如何	104
ㄇㄥˇ ㄑㄧㄣˊ	猛禽	104
ㄐㄧㄤˇ ㄒㄩㄝˊ ㄐㄧㄣ	獎學金	104
ㄏㄨㄢˊ ㄖㄠˋ	環繞	104
ㄨㄚˇ ㄐㄧㄝˇ	瓦解	104
ㄉㄤˋ ㄐㄧ	當機	104
ㄕㄨ ㄏㄨ	疏忽	104
ㄕˇ	矢	104
ㄑㄧˋ	砌	104
ㄧˊ ㄔㄨˊ	移除	104
ㄐㄧㄥˋ ㄐㄧˋ	競技	104
ㄓㄨˊ ㄗ˙	竹子	104
ㄐㄧㄝˊ ㄖˋ	節日	104
ㄔㄡˊ ㄗㄨˇ	籌組	104
ㄐㄧㄥ ㄇㄧˋ	精密	104
ㄏㄨㄥˊ ㄉㄥ	紅燈	104
ㄑㄩㄝ ㄒㄧˊ	缺席	104
ㄌㄠˇ ㄊㄧㄢ	老天	104
ㄍㄥˇ	耿	104
ㄕㄥ ㄩㄢˊ	聲援	104
ㄓˊ ㄗㄜˊ	職責	104
ㄩˋ ㄌㄜˋ	育樂	104
ㄋㄥˊ ㄉㄞˋ	能帶	104
ㄗˋ ㄙ	自私	104
ㄐㄩˇ ㄕㄡˇ	舉手	104
ㄌㄨㄛˋ ㄔㄥˊ	落成	104
ㄓㄤ ㄌㄤˊ	蟑螂	104
ㄈㄨˋ ㄏㄜˊ	複合	104
ㄕˋ ㄔㄚˊ	視察	104
ㄐㄧˋ ㄏㄠˋ	記號	104
ㄓㄨˋ ㄇㄧㄥˊ	註明	104
ㄕˋ ㄕˋ	逝世	104
ㄌㄧㄢˊ ㄐㄧㄝ ㄘˊ	連接詞	104
ㄅㄨˋ ㄐㄧㄤˋ	部將	104
ㄉㄡ ㄅㄨˋ ㄋㄥˊ	都不能	104
ㄩㄣˋ	醞	104
ㄎㄞ ㄘㄞˇ	開採	104
ㄎㄞ ㄈㄚ ㄢˋ	開發案	104
ㄈㄨˋ ㄕㄜˋ	附設	104
ㄅㄧㄥˇ ㄍㄢ	餅乾	104
ㄐㄧㄥ ㄑㄧˊ	驚奇	104
ㄊㄧˇ ㄩˋ ㄍㄨㄢˇ	體育館	104
ㄉㄧㄢˇ ㄔㄨ	點出	104
ㄙㄢ ㄉㄞˋ	三代	103
ㄒㄧㄚˋ ㄒㄩㄣˊ	下旬	103
ㄅㄨˋ ㄒㄧㄡ	不休	103
ㄅㄨˋ ㄈㄨˊ	不服	103
ㄖㄣˊ ㄇㄧㄥˊ	人名	103
ㄍㄨㄥ ㄧㄥˋ ㄕㄤ	供應商	103
ㄒㄧㄣˋ ㄏㄠˋ	信號	103
ㄘㄤ ㄎㄨˋ	倉庫	103
ㄆㄧㄢ ㄔㄚ	偏差	103
ㄩㄥ	傭	103
ㄩㄥˊ	傭	103
ㄔㄨㄢˊ ㄍㄟˇ	傳給	103
ㄍㄨㄥ ㄓㄞˋ	公債	103
ㄍㄨㄥ ㄧㄢˇ	公演	103
ㄍㄨㄥ ㄇㄞˋ	公賣	103
ㄌㄧㄡˋ ㄕˊ ㄐㄧㄡˇ	六十九	103
ㄔㄨ ㄧㄡˇ	出有	103
ㄔㄨ ㄑㄧㄢˊ	出錢	103
ㄌㄧㄝˋ ㄅㄧㄠˇ	列表	103
ㄐㄧˋ ㄌㄧㄤˋ	劑量	103
ㄓㄨˋ ㄖㄣˊ	助人	103
ㄩㄢˊ ㄅㄣˇ ㄕˋ	原本是	103
ㄘㄢ ㄕㄨˋ	參數	103
ㄒㄧㄢˊ	咸	103
ㄊㄨㄛˋ	唾	103
ㄙˋ ㄙㄨㄟˋ	四歲	103
ㄍㄨㄛˊ ㄓㄨㄥ ㄕㄥ	國中生	103
ㄗㄥ ㄗ	增資	103
ㄉㄚˋ ㄨㄤˊ	大王	103
ㄊㄧㄢ ㄏㄨㄚ ㄅㄢˇ	天花板	103
ㄈㄨ ㄗˇ	夫子	103
ㄖㄨˊ ㄕˋ	如是	103
ㄨㄟˇ ㄑㄩ	委屈	103
ㄨㄟ ㄑㄩㄢˊ	威權	103
ㄗˋ ㄧㄤˋ	字樣	103
ㄒㄧㄝˇ ㄔㄨ ㄌㄞˊ	寫出來	103
ㄧˇ ㄐㄧㄡˇ	已久	103
ㄉㄧㄠˋ	弔	103
ㄑㄧㄤˊ ㄧㄥˋ	強硬	103
ㄏㄨㄞˊ	徊	103
ㄘㄨㄥˊ ㄕㄤˋ	從上	103
ㄈㄨˋ ㄩㄢˊ	復原	103
ㄒㄧㄣ ㄉㄧˋ	心地	103
ㄔㄨㄥ	忡	103
ㄒㄧㄥˋ ㄐㄧㄠ	性交	103
ㄑㄧㄝˋ	怯	6.351308576902391
ㄑㄩㄝˋ	怯	103
ㄒㄧˊ ㄒㄧˊ ㄒㄧㄤ ㄍㄨㄢ	息息相關	103
ㄉㄞˋ ㄕㄤˋ	戴上	103
ㄎㄤˋ ㄊㄧˇ	抗體	103
ㄎㄨㄥˋ ㄍㄨㄢˇ	控管	103
ㄐㄧㄡ	揪	103
ㄒㄧ ㄕㄡˇ	攜手	103
ㄓㄥˋ ㄈㄨˇ ㄐㄧ ㄍㄨㄢ	政府機關	103
ㄖˋ ㄖˋ	日日	103
ㄏㄨㄟˋ ㄏㄜˊ	會合	103
ㄏㄨㄟˋ ㄎㄠˇ	會考	103
ㄅㄣˇ ㄓㄡ	本週	103
ㄉㄨˋ ㄐㄩㄢ	杜鵑	103
ㄌㄧㄣˊ ㄕㄨ ㄏㄠˊ	林書豪	103
ㄩㄝˋ ㄇㄧˊ	樂迷	103
ㄙˇ ㄖㄣˊ	死人	103
ㄕㄚ ㄙˇ	殺死	103
ㄅㄧˇ ㄦˇ	比爾	103
ㄇㄧㄣˊ ㄉㄞˋ	民代	103
ㄇㄧㄣˊ ㄩㄣˋ	民運	103
ㄌㄧㄡˊ ㄌㄤˋ ㄍㄡˇ	流浪狗	103
ㄨㄟˊ ㄒㄩㄝˊ	為學	103
ㄆㄚˊ ㄕㄤˋ	爬上	103
ㄩㄢˊ	猿	103
ㄕㄣˋ ㄓˋ ㄧㄡˇ	甚至有	103
ㄅㄞˇ ㄏㄜˊ	百合	103
ㄇㄤˊ ㄇㄨˋ	盲目	103
ㄓˊ ㄒㄧㄢˋ	直線	103
ㄐㄧㄡˋ ㄐㄧㄥˋ ㄕˋ	究竟是	103
ㄒㄧㄠˋ ㄕㄥ	笑聲	103
ㄐㄧˋ ㄋㄧㄢˋ ㄊㄤˊ	紀念堂	103
ㄓˇ ㄓㄤ	紙張	103
ㄐㄧㄝˊ ㄇㄥˊ	結盟	103
ㄔㄨㄛˋ ㄏㄠˋ	綽號	103
ㄒㄩ ㄨˊ	虛無	103
ㄩˇ ㄧㄢˊ ㄒㄩㄝˊ	語言學	103
ㄨˋ ㄉㄠˇ	誤導	103
ㄑㄩ ㄒㄧㄤˋ	趨向	103
ㄖㄨㄢˇ ㄧㄥˋ ㄊㄧˇ	軟硬體	103
ㄗㄠˋ ㄔㄨ ㄌㄞˊ	造出來	103
ㄌㄧㄢˊ ㄒㄩˋ ㄐㄩˋ	連續劇	103
ㄩㄣˋ ㄙㄨㄥˋ	運送	103
ㄒㄧㄚˊ	遐	103
ㄅㄤ ㄐㄧㄠ	邦交	103
ㄎㄞ ㄈㄚ ㄔㄨ	開發出	103
ㄈㄤˊ ㄓˋ	防制	103
ㄔㄨˊ ㄘˇ	除此	103
ㄌㄧㄥˊ ㄩㄥˋ ㄑㄧㄢˊ	零用錢	103
ㄍㄨㄥˇ	鞏	103
ㄕㄨㄣˋ ㄕㄡˇ	順手	103
ㄕㄨㄣˋ ㄔㄤˋ	順暢	103
ㄩˊ ㄜˊ	餘額	103
ㄧ ㄏㄨㄟˊ ㄕˋ	一回事	102
ㄧˋ ㄏㄨㄟˊ ㄕˋ	一回事	102
ㄧ ㄅㄞˇ ㄅㄚ	一百八	102
ㄅㄨˊ ㄐㄩˋ	不具	102
ㄅㄨˋ ㄔ	不吃	102
ㄖㄣˊ ㄅㄣˇ	人本	102
ㄅㄧㄢˋ ㄩˊ	便於	102
ㄘㄨˋ ㄐㄧㄣˋ ㄏㄨㄟˋ	促進會	102
ㄒㄧㄡ ㄕˋ ㄩˇ	修飾語	102
ㄑㄧㄥ ㄊㄧㄥ	傾聽	102
ㄍㄨㄤ ㄏㄨㄟ	光輝	102
ㄗㄞˋ ㄧ ㄘˋ	再一次	102
ㄗㄞˋ ㄧˊ ㄘˋ	再一次	102
ㄑㄧㄢˊ ㄒㄧㄢˋ	前線	102
ㄕˊ ㄖㄣˊ	十人	102
ㄕˊ ㄇㄧㄥˊ	十名	102
ㄕㄡˋ ㄋㄢˋ	受難	102
ㄊㄞˊ ㄐㄧ ㄉㄧㄢˋ	台積電	102
ㄎㄚ ㄈㄟ ㄉㄧㄢˋ	咖啡店	102
ㄕㄤ ㄧㄝˋ ㄑㄩ	商業區	102
ㄙˋ ㄨㄟˋ	四位	102
ㄧㄣ ㄩㄢˊ	因緣	102
ㄐㄧ ㄉㄧˋ ㄊㄞˊ	基地台	102
ㄕㄨˋ	墅	102
ㄏㄨㄣ ㄕㄚ	婚紗	102
ㄐㄧㄚˋ ㄍㄟˇ	嫁給	102
ㄩㄣˋ ㄩˋ	孕育	102
ㄐㄧㄡˋ ㄉㄠˋ	就到	102
ㄐㄧㄝˋ ㄇㄢˇ	屆滿	102
ㄔㄤˊ ㄨㄟˇ	常委	102
ㄈㄟˋ ㄌㄧㄠˋ	廢料	102
ㄔㄣˊ	忱	102
ㄑㄧㄥˊ ㄊㄞˋ	情態	102
ㄑㄧㄥˋ ㄉㄧㄢˇ	慶典	102
ㄊㄡˊ ㄒㄧㄚˋ	投下	102
ㄓㄨㄛˊ	拙	102
ㄓˇ ㄒㄧㄤˋ	指向	102
ㄇㄧㄥˊ ㄉㄧㄥˋ	明定	102
ㄕˋ ㄍㄨˋ	是故	102
ㄓˋ ㄘㄞˊ ㄑㄩㄢˊ	智財權	102
ㄏㄨㄟˋ ㄧˋ ㄕˋ	會議室	102
ㄓㄤˋ	杖	102
ㄖㄨㄥˊ ㄧㄠˋ	榮耀	102
ㄌㄨˋ	氯	6.351308576902391
ㄌㄩˋ	氯	102
ㄏㄨㄞˊ	淮	102
ㄓㄚ	渣	102
ㄓㄚˇ	渣	6.351308576902391
ㄊㄠ	滔	102
ㄆㄥˊ ㄏㄨˊ ㄒㄧㄢˋ	澎湖縣	102
ㄠˋ ㄇㄣˊ	澳門	102
ㄨㄟˊ ㄊㄧˊ	為題	102
ㄓㄠˋ ㄧㄤˋ	照樣	102
ㄏㄨㄛˋ ㄕㄥˋ	獲勝	102
ㄇㄧˊ	獼	102
ㄌㄧˇ ㄆㄟˊ	理賠	102
ㄐㄧㄝˋ ㄒㄧㄢˋ	界限	102
ㄐㄧㄝˋ ㄇㄧㄢˋ	界面	102
ㄊㄢ	癱	102
ㄐㄧㄣˋ ㄎㄜˇ	盡可	102
ㄈㄨˊ ㄊㄜˋ	福特	102
ㄌㄧㄢˊ	簾	102
ㄏㄨㄥˊ ㄕㄨˋ	紅樹	102
ㄗㄨㄥˋ ㄧˋ	綜藝	102
ㄌㄠˇ ㄅㄢˇ	老板	102
ㄊㄧㄥ ㄓㄤˋ	聽障	102
ㄍㄢ ㄗㄤˋ	肝臟	102
ㄈㄟˊ ㄗㄠˋ	肥皂	102
ㄗˋ ㄈㄟˋ	自費	102
ㄕㄨㄛˋ	蟀	102
ㄕㄨㄞˋ	蟀	102
ㄒㄧ	蟋	102
ㄊㄧㄠˊ ㄨㄟˋ	調味	102
ㄗㄡˇ ㄒㄧㄚˋ	走下	102
ㄗㄡˇ ㄙ	走私	102
ㄔㄜ ㄉㄠˋ	車道	102
ㄓㄨㄢˇ ㄨㄢ	轉彎	102
ㄓㄨㄢˇ ㄦˊ	轉而	102
ㄓㄜˋ ㄓ	這隻	102
ㄌㄧㄢˊ ㄒㄧˋ	連繫	102
ㄇㄣˊ ㄕˋ	門市	102
ㄍㄨㄢ ㄉㄨˋ	關渡	102
ㄧㄣ ㄌㄧㄤˋ	音量	102
ㄈㄟ ㄌㄞˊ	飛來	102
ㄒㄧㄤ ㄍㄤˇ ㄖㄣˊ	香港人	102
ㄊㄧˇ ㄨㄟˇ ㄏㄨㄟˋ	體委會	102
ㄡ	鷗	102
ㄒㄧㄡ ㄍㄥ	休耕	101
ㄅㄠˇ ㄇㄧˋ	保密	101
ㄑㄩㄢˊ ㄔㄥˊ	全程	101
ㄗㄞˋ ㄎㄢˋ	再看	101
ㄈㄨˋ ㄓㄨˇ ㄨㄟˇ	副主委	101
ㄔㄨㄤ ㄕㄤ	創傷	101
ㄔㄨㄤˋ ㄕㄤ	創傷	101
ㄅㄟˇ ㄍㄠ	北高	101
ㄕˊ ㄅㄚ ㄏㄠˋ	十八號	101
ㄑㄩㄝˋ ㄗㄞˋ	卻在	101
ㄔ ㄒㄧㄚˋ	吃下	101
ㄌㄩˇ ㄒㄧㄡˋ ㄌㄧㄢˊ	呂秀蓮	101
ㄕㄤ ㄑㄩㄢ	商圈	101
ㄏㄨㄟˊ ㄈㄨˋ	回覆	101
ㄍㄨㄛˊ ㄐㄧˋ ㄉㄜ˙	國際的	101
ㄏㄨㄞˋ ㄕˋ	壞事	101
ㄉㄚˋ ㄌㄨˋ ㄖㄣˊ	大陸人	101
ㄏㄞˋ ㄒㄧㄡ	害羞	101
ㄐㄧㄤ ㄧㄡˊ	將由	101
ㄌㄨㄢˊ	巒	101
ㄉㄧˇ ㄘㄥˊ	底層	101
ㄗㄨㄛˋ ㄅㄧㄠ	座標	101
ㄨㄤˇ ㄕˋ	往事	101
ㄅㄛˋ ㄧㄥˋ	播映	101
ㄊㄢ ㄨㄟˋ	攤位	101
ㄍㄨㄥ ㄒㄧㄚˋ	攻下	101
ㄨㄣˊ ㄒㄩㄢ	文宣	101
ㄖˋ ㄕˋ	日式	101
ㄐㄧㄥ ㄩㄢˊ ㄔㄤˇ	晶圓廠	101
ㄌㄧˇ ㄩㄢˇ ㄓㄜˊ	李遠哲	101
ㄅㄟ ㄗ˙	杯子	101
ㄒㄧㄠˋ ㄇㄣˊ	校門	101
ㄊㄠˊ ㄏㄨㄚ	桃花	101
ㄍㄡˋ ㄓㄨˊ	構築	101
ㄩㄝˋ ㄉㄨㄟˋ	樂隊	101
ㄏㄨㄚˊ	樺	101
ㄏㄨㄚˋ	樺	101
ㄕㄨㄟˇ ㄈㄣˋ	水分	101
ㄇㄟˊ ㄈㄚˇ	沒法	101
ㄧㄢˊ ㄊㄨˊ	沿途	101
ㄧㄤˊ ㄧㄤˊ	洋洋	101
ㄏㄨㄛˊ ㄒㄧㄥˋ	活性	101
ㄏㄨㄣˊ ㄕㄣ	渾身	101
ㄕㄣˋ ㄊㄡˋ	滲透	101
ㄨㄟˊ ㄋㄢˊ	為難	101
ㄨˊ ㄉㄤˇ	無黨	101
ㄓㄥ ㄉㄨㄛˊ	爭奪	101
ㄒㄧㄚˊ ㄘ	瑕疵	101
ㄩㄥˋ ㄨㄢˊ	用完	101
ㄅㄞˇ ㄖㄣˊ	百人	101
ㄒㄧㄤ ㄩˋ	相遇	101
ㄘˊ ㄉㄧㄝˊ	磁碟	101
ㄌㄧˇ ㄧˊ	禮儀	101
ㄎㄜ ㄒㄩㄝˊ ㄉㄜ˙	科學的	101
ㄔㄡˊ ㄇㄚˇ	籌碼	101
ㄒㄧˋ ㄌㄧㄝˋ ㄉㄜ˙	系列的	101
ㄏㄨㄚ ㄕㄤˋ	花上	101
ㄏㄨㄚ ㄗㄞˋ	花在	101
ㄓ	蜘	101
ㄒㄧ ㄕㄨㄞˋ	蟋蟀	101
ㄊㄨㄣˋ	褪	101
ㄕㄜˋ ㄗㄞˋ	設在	101
ㄓㄚˋ ㄑㄧ	詐欺	101
ㄍㄞ ㄗㄞˋ	該在	101
ㄐㄧㄤˇ ㄉㄜ˙ ㄕˋ	講的是	101
ㄅㄟˋ ㄎㄜˋ	貝克	101
ㄔㄠ ㄕˋ	超市	101
ㄓㄜˋ ㄐㄧˇ ㄍㄜ˙	這幾個	101
ㄓㄨㄥˋ ㄉㄨˋ	重度	101
ㄐㄧㄣ ㄏㄨㄤˊ	金黃	101
ㄧㄣˇ ㄩˋ	隱喻	101
ㄌㄧˊ ㄐㄧㄚ	離家	101
ㄒㄧㄢˇ ㄕˋ ㄑㄧˋ	顯示器	101
ㄍㄠ ㄔㄨ	高出	101
ㄇㄛˊ ㄍㄨㄟˇ	魔鬼	101
ㄈㄥˋ ㄏㄨㄤˊ	鳳凰	101
ㄧ ㄐㄧㄝ	一階	100
ㄧˋ ㄐㄧㄝ	一階	100
ㄓㄨˇ ㄩˇ	主語	100
ㄖㄨˇ ㄞˊ	乳癌	100
ㄖㄨˇ ㄧㄢˊ	乳癌	100
ㄌㄧㄠˇ ㄉㄤˋ	了當	100
ㄨˇ ㄧ	五一	100
ㄉㄧ ㄊㄡˊ	低頭	100
ㄌㄞˊ ㄒㄧˊ	來襲	100
ㄅㄠˇ ㄏㄨˋ ㄈㄚˇ	保護法	100
ㄋㄧˊ	倪	100
ㄑㄧㄝ ㄔㄨˊ	切除	100
ㄅㄧㄝˊ ㄕㄨˋ	別墅	100
ㄆㄧ	劈	100
ㄩㄢˊ ㄗㄨㄛˋ	原作	100
ㄊㄞˊ ㄋㄢˊ ㄒㄧㄣ ㄅㄠˋ	台南新報	100
ㄇㄧㄥˊ ㄌㄧˋ	名利	100
ㄇㄧㄥˊ ㄐㄧㄚ	名家	100
ㄒㄧㄠ	囂	100
ㄗㄞˋ ㄨㄟˊ	在為	100
ㄧㄚ ㄓˋ	壓制	100
ㄒㄧㄚˋ ㄖˋ	夏日	100
ㄨㄞˋ ㄩˇ	外語	100
ㄉㄨㄛˊ ㄉㄜˊ	奪得	100
ㄉㄨㄛˊ ㄉㄜ˙	奪得	100
ㄋㄩˇ ㄌㄤˊ	女郎	100
ㄉㄠˇ ㄖㄨˋ	導入	100
ㄒㄧㄠˇ ㄇㄟˋ	小妹	100
ㄐㄧㄢˋ ㄉㄤˇ	建檔	100
ㄨㄤˇ ㄕㄤˋ	往上	100
ㄎㄨㄞˋ ㄏㄨㄛˊ	快活	100
ㄍㄨㄥ ㄒㄧˇ	恭喜	100
ㄧㄥˋ ㄓㄥ	應徵	100
ㄘㄞˊ ㄏㄨㄟˋ ㄧㄡˇ	才會有	100
ㄊㄡˊ ㄍㄠˇ	投稿	100
ㄨㄣˊ ㄒㄩㄝˊ ㄐㄧㄚ	文學家	100
ㄒㄧㄣ ㄓㄨㄤ	新莊	100
ㄗㄠˇ ㄉㄜ˙	早的	100
ㄧㄡˇ ㄒㄧㄥˋ	有性	100
ㄅㄣˇ ㄐㄧㄚ	本家	100
ㄅㄣˇ ㄋㄧㄢˊ	本年	100
ㄗㄠˇ	棗	100
ㄌㄜˋ ㄩˊ	樂於	100
ㄇㄧㄣˊ ㄈㄚˇ	民法	100
ㄐㄩ	沮	100
ㄐㄩˇ	沮	100
ㄐㄩˋ	沮	100
ㄊㄞˋ ㄧㄚˇ ㄗㄨˊ	泰雅族	100
ㄕㄣ ㄍㄢˇ	深感	100
ㄩㄥˇ ㄖㄨˋ	湧入	100
ㄧㄥˊ	瀛	100
ㄨˊ ㄙㄨㄛˇ ㄨㄟˋ	無所謂	100
ㄕㄡˋ	狩	100
ㄇㄧˊ ㄏㄡˊ	獼猴	100
ㄅㄢ ㄐㄧ	班機	100
ㄕㄡˋ ㄕㄣ	瘦身	100
ㄘㄨㄛ	磋	100
ㄑㄧˊ	祺	100
ㄈㄣˇ ㄏㄨㄥˊ	粉紅	100
ㄅㄥ	繃	100
ㄑㄧˊ	臍	100
ㄗˋ ㄧˇ	自以	100
ㄓㄠˊ ㄒㄧㄤˇ	著想	100
ㄧㄠˋ ㄇㄨˋ	要目	100
ㄐㄧㄝˇ ㄆㄡ	解剖	100
ㄐㄧㄝˇ ㄆㄡˇ	解剖	100
ㄑㄧㄥˇ ㄎㄢˋ	請看	100
ㄗ ㄒㄩㄣˋ ㄎㄜ	資訊科	100
ㄗㄡˇ ㄗㄞˋ	走在	100
ㄌㄨˋ ㄎㄡˇ	路口	100
ㄗㄞˋ ㄖㄨˋ	載入	100
ㄑㄧㄥ ㄨㄟˊ	輕微	100
ㄙㄨㄥˋ ㄧ	送醫	100
ㄓㄜˋ ㄆㄧㄢˋ	這片	100
ㄓㄜˋ ㄆㄧㄢ ㄨㄣˊ ㄓㄤ	這篇文章	100
ㄕˋ ㄧˊ	適宜	100
ㄋㄚˋ ㄧㄡˇ	那有	100
ㄕㄠˋ	邵	100
ㄉㄡ ㄋㄥˊ ㄍㄡˋ	都能夠	100
ㄩㄣˋ ㄋㄧㄤˋ	醞釀	100
ㄒㄧㄢˊ ㄓˋ	閒置	100
ㄐㄧㄤˋ ㄓˋ	降至	100
ㄅㄠˇ ㄕㄡˋ	飽受	100
ㄍㄠ ㄧㄣ	高音	100
ㄧ ㄊㄨㄢˊ	一團	99
ㄧˋ ㄊㄨㄢˊ	一團	99
ㄕㄤˋ ㄎㄨㄥ	上空	99
ㄅㄨˊ ㄎㄢˋ	不看	99
ㄐㄧㄡˇ ㄌㄧㄡˋ ㄋㄧㄢˊ	九六年	99
ㄑㄧㄢˊ ㄌㄨㄥˊ	乾隆	99
ㄨˇ ㄕˊ ㄌㄧㄡˋ	五十六	99
ㄅㄨˋ ㄓˋ	佈置	99
ㄉㄠˇ ㄌㄜ˙	倒了	99
ㄑㄩㄢˊ ㄕㄨ	全書	99
ㄌㄥˇ ㄇㄛˋ	冷漠	99
ㄏㄡˋ ㄉㄨˋ	厚度	99
ㄍㄨˇ ㄐㄧㄣ	古今	99
ㄎㄜˇ ㄌㄧㄢˊ ㄉㄜ˙	可憐的	99
ㄙㄞ ㄔㄜ	塞車	99
ㄕㄨˊ	塾	99
ㄨㄞˋ ㄕㄥˇ ㄖㄣˊ	外省人	99
ㄉㄚˋ ㄎㄠˇ	大考	99
ㄏㄣˇ ㄉㄧ	很低	99
ㄅㄧˋ ㄧㄠˋ ㄒㄧㄥˋ	必要性	99
ㄩˊ ㄔㄨㄣˇ	愚蠢	99
ㄒㄧㄝˋ	懈	99
ㄧㄥˋ ㄩㄥˋ ㄔㄥˊ ㄕˋ	應用程式	99
ㄊㄡˊ ㄒㄧㄣˋ	投信	99
ㄕㄡˋ ㄎㄜˋ	授課	99
ㄎㄨㄥˋ ㄙㄨˋ	控訴	99
ㄊㄨㄟ ㄔㄨㄥˊ	推崇	99
ㄇㄛˊ ㄊㄨㄛ ㄔㄜ	摩托車	99
ㄐㄧㄝˊ	擷	99
ㄒㄧㄝˊ	擷	99
ㄇㄨˋ	暮	99
ㄘㄥˊ ㄐㄧㄥ ㄧㄡˇ	曾經有	99
ㄧㄡˇ ㄊㄧㄠˊ	有條	99
ㄖㄢˇ ㄙㄜˋ	染色	99
ㄍㄣ ㄅㄣˇ ㄐㄧㄡˋ ㄕˋ	根本就是	99
ㄐㄧ ㄅㄢˇ	機板	99
ㄓˊ ㄇㄧㄣˊ ㄉㄧˋ	殖民地	99
ㄏㄨㄛˊ ㄓㄜ˙	活著	99
ㄍㄨㄣˇ ㄍㄨㄣˇ	滾滾	99
ㄇㄢˋ ㄏㄨㄚˋ ㄐㄧㄚ	漫畫家	99
ㄨˊ ㄇㄧㄥˊ	無名	99
ㄨˊ ㄧㄢˊ	無言	99
ㄕㄡˊ ㄌㄧㄢˋ	熟練	99
ㄖㄜˋ ㄕㄨㄟˇ	熱水	99
ㄧㄥˊ ㄉㄨㄟˋ	營隊	99
ㄐㄩㄝˊ ㄕˋ ㄩㄝˋ	爵士樂	99
ㄌㄧˇ ㄌㄨㄣˋ ㄕㄤˋ	理論上	99
ㄈㄚ ㄅㄧㄥˋ	發病	99
ㄈㄚ ㄙㄨㄥˋ	發送	99
ㄑㄧˊ ㄉㄠˇ	祈禱	99
ㄏㄜˊ	禾	99
ㄆㄧㄢ ㄈㄨˊ	篇幅	99
ㄩㄝ ㄕˋ	約是	99
ㄈㄢ ㄧˋ ㄔㄥˊ	翻譯成	99
ㄦˊ ㄕㄤˋ	而上	99
ㄕㄥ ㄌㄤˋ	聲浪	99
ㄓˋ ㄌㄧˋ ㄩˊ	致力於	99
ㄐㄧㄢˋ ㄍㄨㄛˋ	見過	99
ㄐㄧㄥˇ ㄒㄩㄣˋ	警訊	99
ㄇㄞˇ ㄐㄧㄣˋ	買進	99
ㄙㄞˋ ㄕˋ	賽事	99
ㄗㄡˇ ㄌㄞˊ	走來	99
ㄓㄨㄟ ㄐㄧㄡˋ	追究	99
ㄧㄡˊ ㄌㄜˋ ㄑㄩ	遊樂區	99
ㄓㄤˇ ㄗˇ	長子	99
ㄎㄞ ㄓㄤ	開張	99
ㄗㄨˇ ㄌㄧˋ	阻力	99
ㄙㄨㄟˊ ㄕㄡˇ	隨手	99
ㄐㄧˊ ㄗ	集資	99
ㄉㄧㄢˋ ㄅㄛ	電波	99
ㄉㄧㄢˋ ㄆㄛ	電波	99
ㄉㄧㄢˋ ㄌㄨˋ	電路	99
ㄓㄣˋ ㄉㄤˋ	震盪	99
ㄈㄥ ㄩㄣˊ	風雲	99
ㄕˊ ㄒㄧㄥˋ	食性	99
ㄊㄧˇ ㄌㄧㄤˋ	體諒	99
ㄍㄠ ㄇㄧㄥˊ	高明	99
ㄍㄠ ㄉㄧㄢˇ	高點	99
ㄧ ㄎㄜˋ	一刻	98
ㄧˊ ㄎㄜˋ	一刻	98
ㄧ ㄉㄧㄥˋ ㄧㄡˇ	一定有	98
ㄧˊ ㄉㄧㄥˋ ㄧㄡˇ	一定有	98
ㄧ ㄈㄥ	一封	98
ㄧˋ ㄈㄥ	一封	98
ㄙㄢ ㄒㄧㄥ	三星	98
ㄕㄤˋ ㄧㄤˊ	上揚	98
ㄅㄨˊ ㄒㄧㄢˋ	不限	98
ㄅㄧㄥˋ ㄐㄧㄣˋ	並進	98
ㄓㄨㄥˋ ㄐㄧㄤˇ	中獎	98
ㄐㄧㄝˋ ㄉㄞˋ	借貸	98
ㄓㄨㄢˋ ㄐㄧˋ	傳記	98
ㄋㄟˋ ㄨㄣˊ	內文	98
ㄑㄩㄢˊ ㄋㄧㄢˊ	全年	98
ㄅㄚ ㄕˋ ㄐㄧˋ	八世紀	98
ㄍㄨㄥ ㄕㄥ	公升	98
ㄍㄨㄥ ㄖㄢˊ	公然	98
ㄍㄨㄥ ㄖㄣˋ	公認	98
ㄓㄨㄣˇ ㄩˇ	准予	98
ㄐㄩˋ ㄗㄨㄛˋ	劇作	98
ㄅㄟˇ ㄐㄧˊ	北極	98
ㄇㄠˇ	卯	98
ㄇㄧㄥˊ ㄩˋ	名譽	98
ㄐㄧㄚ ㄧˋ ㄕˋ	嘉義市	98
ㄏㄨㄟˊ ㄨㄟˋ	回味	98
ㄍㄨㄛˊ ㄎㄨˋ	國庫	98
ㄔㄥˊ	埕	98
ㄕˋ ㄑㄧˋ	士氣	98
ㄨㄞˋ ㄇㄠˋ	外貿	98
ㄍㄡˋ ㄉㄨㄛ	夠多	98
ㄉㄚˋ ㄍㄨㄢ	大關	98
ㄒㄧㄠˋ ㄕㄨㄣˋ	孝順	98
ㄍㄨ ㄉㄢ	孤單	98
ㄈㄨˋ ㄕˋ	富士	98
ㄉㄨㄟˋ ㄅㄣˇ	對本	98
ㄓㄢˇ ㄒㄧㄣ	嶄新	98
ㄒㄩㄣˊ ㄕˋ	巡視	98
ㄓㄤ ㄎㄞ	張開	98
ㄆㄞˊ	徘	98
ㄨㄟˊ ㄇㄧㄠˋ	微妙	98
ㄒㄧㄣ ㄌㄨˋ	心路	98
ㄅㄧˋ ㄅㄟˋ	必備	98
ㄖㄣˇ ㄋㄞˋ	忍耐	98
ㄍㄢˇ ㄍㄨㄢ	感官	98
ㄔㄥˊ ㄑㄧㄢ	成千	98
ㄓㄠ ㄕㄡ	招收	98
ㄓˇ ㄊㄡˊ	指頭	98
ㄓˇ ㄊㄡ˙	指頭	98
ㄐㄧㄝ ㄍㄨㄢˇ	接管	98
ㄎㄨㄥˋ ㄍㄠˋ	控告	98
ㄐㄧㄝ ㄇㄨˋ	揭幕	98
ㄕㄡ ㄙㄨㄛ	收縮	98
ㄐㄧㄡˋ ㄓㄨˋ	救助	98
ㄖˋ ㄐㄩㄣ	日軍	98
ㄨㄢˇ ㄋㄧㄢˊ	晚年	98
ㄍㄥˋ ㄐㄧㄣˋ	更進	98
ㄩㄝˋ ㄑㄧㄡˊ	月球	98
ㄕㄨˋ ㄈㄨˊ	束縛	98
ㄌㄢˊ ㄨㄟˋ	欄位	98
ㄌㄧㄡˊ ㄍㄢˇ	流感	98
ㄌㄧㄡˊ ㄒㄧㄝˇ	流血	98
ㄑㄧㄥ ㄑㄧㄥ	清清	98
ㄌㄨˇ	滷	98
ㄑㄧㄤˊ ㄕㄤˋ	牆上	98
ㄆㄟˋ	珮	98
ㄊㄧㄢˊ ㄇㄧˋ	甜蜜	98
ㄆㄢˊ ㄓㄨㄥ	盤中	98
ㄎㄜ ㄐㄧˋ ㄉㄚˋ ㄒㄩㄝˊ	科技大學	98
ㄓㄡ	粥	98
ㄅㄧㄣ	繽	98
ㄗㄨㄟˋ ㄇㄧㄥˊ	罪名	98
ㄏㄤˊ ㄩㄢˊ	行員	98
ㄅㄧㄠˇ ㄧㄢˇ ㄧˋ ㄕㄨˋ	表演藝術	98
ㄍㄨㄢ ㄨㄤˋ	觀望	98
ㄉㄧㄥˋ ㄔㄨ	訂出	98
ㄖㄣˋ ㄧㄤˇ	認養	98
ㄑㄧˇ ㄙ	起司	98
ㄉㄧㄝˊ ㄆㄛˋ	跌破	98
ㄓㄨㄢˇ ㄖㄤˋ	轉讓	98
ㄅㄧㄢˋ ㄖㄣˋ	辨認	98
ㄎㄞ ㄍㄨㄥ	開工	98
ㄐㄩˊ	鞠	98
ㄈㄟ ㄢ	飛安	98
ㄇㄠˊ	髦	98
ㄑㄧˊ ㄑㄩㄢˊ	齊全	98
ㄧ ㄐㄧㄡˇ ㄐㄧㄡˇ ㄧ	一九九一	97
ㄅㄨˋ ㄖㄢˊ ㄐㄧㄡˋ	不然就	97
ㄅㄨˋ ㄗㄨˊ ㄧˇ	不足以	97
ㄦˋ ㄉㄞˋ	二代	97
ㄎㄢˇ	侃	97
ㄅㄠˇ ㄉㄢ	保單	97
ㄆㄧㄢ ㄓㄨㄥˋ	偏重	97
ㄐㄧㄢˇ	儉	97
ㄌㄧㄤˇ ㄧㄤˋ	兩樣	97
ㄍㄨㄥ ㄒㄧㄣˋ	公信	97
ㄌㄧㄡˋ ㄕˊ ㄅㄚ	六十八	97
ㄈㄢˊ ㄕˋ	凡事	97
ㄉㄥˋ	凳	97
ㄕㄨㄚ ㄎㄚˇ	刷卡	97
ㄑㄧㄢˊ ㄓㄣˋ ㄗ˙	前陣子	97
ㄉㄨㄥˋ ㄓˊ ㄨˋ	動植物	97
ㄕˊ ㄑㄧ ㄏㄠˋ	十七號	97
ㄧㄡˋ ㄏㄨㄟˋ	又會	97
ㄐㄧˊ ㄍㄜˊ	及格	97
ㄏㄜˊ ㄗㄞˋ	合在	97
ㄧㄠ	喲	97
ㄆㄨˇ	圃	97
ㄍㄨㄛˊ ㄓㄨㄥ ㄒㄧㄠˇ	國中小	97
ㄅㄟ	埤	97
ㄅㄧˋ	埤	97
ㄆㄧˊ	埤	97
ㄆㄧˋ	埤	97
ㄧㄠˊ	堯	97
ㄉㄨㄛ ㄩˊ	多於	97
ㄕ ㄕˋ	失事	97
ㄓㄥ ㄈㄨˊ	征服	97
ㄆㄞˊ ㄏㄨㄞˊ	徘徊	97
ㄅㄟ ㄘㄢˇ	悲慘	97
ㄍㄢˇ ㄊㄢˋ	感嘆	97
ㄆㄧㄥˊ ㄓㄥˋ	憑證	97
ㄈㄤˊ ㄉㄨㄥ	房東	97
ㄕㄡˇ ㄗㄨˊ	手足	97
ㄍㄨㄚˋ ㄆㄞˊ	掛牌	97
ㄊㄧˊ ㄨㄣˋ	提問	97
ㄊㄧˊ ㄕˋ	提示	97
ㄇㄛ ㄇㄛ	摸摸	97
ㄕㄡ ㄔㄥˊ	收成	97
ㄈㄤˋ ㄍㄟˇ	放給	97
ㄙㄢˋ ㄅㄨˋ	散佈	97
ㄒㄧㄣ ㄨㄣˊ ㄍㄠˇ	新聞稿	97
ㄑㄩ ㄓㄜˊ	曲折	97
ㄧㄡˇ ㄑㄧㄥˊ	有情	97
ㄇㄧㄣˊ ㄧㄠˊ	民謠	97
ㄐㄩㄝˊ ㄙㄨㄢˋ	決算	97
ㄕㄚ ㄌㄚ	沙拉	97
ㄈㄚˇ ㄅㄢˋ	法辦	97
ㄅㄢˇ ㄏㄨㄚˋ	版畫	97
ㄉㄨˊ ㄗㄡˋ	獨奏	97
ㄏㄨㄛˋ ㄐㄧㄤˇ	獲獎	97
ㄋㄢˊ ㄕˋ	男士	97
ㄐㄧㄣˋ ㄎㄜˇ ㄋㄥˊ	盡可能	97
ㄓㄣ ㄒㄧㄣ	真心	97
ㄑㄩㄝˋ ㄕˊ ㄕˋ	確實是	97
ㄒㄧ ㄕㄠˇ	稀少	97
ㄔㄥ ㄗㄨㄛˋ	稱作	97
ㄎㄨㄥ ㄑㄧㄢˊ	空前	97
ㄓㄢˋ ㄊㄞˊ	站台	97
ㄉㄧˋ ㄧ ㄇㄧㄥˊ	第一名	97
ㄩㄝ ㄏㄨㄟˋ	約會	97
ㄗㄨㄥˇ ㄐㄧㄢ	總監	97
ㄏㄠˋ ㄈㄟˋ	耗費	97
ㄦˇ ㄐㄧ	耳機	97
ㄋㄥˊ ㄐㄧㄣˋ	能進	97
ㄋㄠˇ ㄗ˙	腦子	97
ㄏㄨㄚ ㄧㄤˋ	花樣	97
ㄎㄨˇ ㄋㄢˋ	苦難	97
ㄌㄨㄛˋ ㄧㄝˋ	落葉	97
ㄙㄨˋ ㄕㄨㄛ	訴說	97
ㄉㄧˋ	諦	97
ㄔㄠ ㄖㄣˊ	超人	97
ㄕㄣ ㄔㄨˇ	身處	97
ㄓㄨㄢˇ ㄓㄜˊ	轉折	97
ㄓㄜˋ ㄐㄧㄢ	這間	97
ㄊㄨㄥ ㄩㄣˋ	通運	97
ㄌㄧˋ ㄕㄨˇ	隸屬	97
ㄢˋ	黯	97
ㄍㄨˇ ㄔㄨㄟ	鼓吹	97
ㄧ ㄉㄧㄢˇ ㄧㄝˇ	一點也	96
ㄧˋ ㄉㄧㄢˇ ㄧㄝˇ	一點也	96
ㄙㄢ ㄐㄧㄡˇ	三九	96
ㄙㄢ ㄍㄨㄛˊ	三國	96
ㄙㄢ ㄐㄧˊ	三級	96
ㄅㄨˋ ㄕ	不失	96
ㄓ ㄗˇ	之子	96
ㄌㄧㄠˇ ㄐㄧㄝˇ ㄉㄠˋ	了解到	96
ㄦˋ ㄨㄟˋ	二位	96
ㄨˇ ㄕˊ	五時	96
ㄈㄨˋ ㄑㄧㄢˊ	付錢	96
ㄕㄣ ㄉㄠˋ	伸到	96
ㄩㄢˊ ㄕㄡˇ	元首	96
ㄔㄨㄥ ㄩˋ	充裕	96
ㄑㄩㄢˊ ㄇㄟˇ	全美	96
ㄕㄥˋ ㄩˊ	剩餘	96
ㄏㄨㄟˋ ㄐㄧˊ	匯集	96
ㄩㄢˊ ㄇㄧㄣˊ ㄏㄨㄟˋ	原民會	96
ㄧㄡˋ ㄕㄨㄛ	又說	96
ㄎㄜˇ ㄓ	可知	96
ㄏㄜˊ ㄑㄧˇ	合起	96
ㄏㄜˊ ㄅㄢˋ	合辦	96
ㄐㄧˊ ㄒㄧㄤˊ	吉祥	96
ㄍㄜ ㄌㄨㄣˊ ㄅㄧˇ ㄧㄚˇ	哥倫比亞	96
ㄑㄩㄢ ㄗ˙	圈子	96
ㄊㄨˊ ㄌㄧˋ	圖利	96
ㄊㄨˊ ㄏㄨㄚˋ	圖畫	96
ㄊㄨˇ ㄕˊ ㄌㄧㄡˊ	土石流	96
ㄗㄨㄛˋ ㄓㄜ˙	坐著	96
ㄉㄨˋ	妒	96
ㄍㄨ ㄦˊ	孤兒	96
ㄓㄢˇ ㄒㄧㄢˋ ㄔㄨ	展現出	96
ㄍㄨㄥ ㄒㄩㄝˊ	工學	96
ㄑㄧㄠˇ ㄇㄧㄠˋ	巧妙	96
ㄅㄚ ㄐㄧ ㄙ ㄊㄢˇ	巴基斯坦	96
ㄈㄤˊ ㄗㄨ	房租	96
ㄙㄨㄛˇ ㄗㄞˋ ㄉㄧˋ	所在地	96
ㄐㄩㄝˊ	抉	96
ㄔㄡ ㄔㄨ	抽出	96
ㄔㄡ ㄑㄧㄢ	抽籤	96
ㄨㄢˇ ㄏㄨㄟˊ	挽回	96
ㄏㄨㄢˋ ㄌㄞˊ	換來	96
ㄉㄠˇ	搗	96
ㄈㄤˋ ㄖㄣˋ	放任	96
ㄑㄧˊ ㄓˋ	旗幟	96
ㄒㄧㄥ ㄑㄧㄡˊ	星球	96
ㄧˋ	曳	96
ㄍㄥˋ ㄏㄜˊ ㄎㄨㄤˋ	更何況	96
ㄗㄥ ㄓˋ ㄌㄤˇ	曾志朗	96
ㄧㄡˇ ㄕˇ ㄧˇ ㄌㄞˊ	有史以來	96
ㄧㄡˇ ㄍㄨㄢ ㄩˊ	有關於	96
ㄧㄤˋ ㄇㄠˋ	樣貌	96
ㄉㄧㄢˋ ㄊㄤˊ	殿堂	96
ㄇㄧㄣˊ ㄒㄩㄢˇ	民選	96
ㄑㄧㄥ	氫	96
ㄈㄨˊ ㄉㄨㄥˋ	浮動	96
ㄉㄨˋ ㄐㄧㄚˋ	渡假	96
ㄆㄧㄠˋ ㄌㄧㄤˋ ㄉㄜ˙	漂亮的	96
ㄨˊ ㄕㄥ	無聲	96
ㄒㄧˊ	熄	96
ㄨㄤˊ ㄏㄡˋ	王后	96
ㄕㄥ ㄌㄞˊ	生來	96
ㄩㄥˋ ㄔㄨˋ	用處	96
ㄆㄧˊ ㄐㄩㄢˋ	疲倦	96
ㄅㄧㄥˋ ㄇㄟˊ	病媒	96
ㄅㄞˊ ㄩㄣˊ	白雲	96
ㄔㄨˋ	矗	96
ㄕㄣˊ ㄇㄧㄥˊ	神明	96
ㄓㄤ ㄔㄥˊ	章程	96
ㄊㄤˊ ㄍㄨㄛˇ	糖果	96
ㄏㄨㄥˊ ㄕㄨˋ ㄌㄧㄣˊ	紅樹林	96
ㄓㄨㄥ ㄉㄨㄢ	終端	96
ㄐㄩㄝˊ ㄓㄨㄥˇ	絕種	96
ㄌㄩˋ ㄏㄨㄚˋ	綠化	96
ㄈㄢˊ ㄊㄧˇ	繁體	96
ㄈㄢ ㄎㄞ	翻開	96
ㄗˋ ㄧˇ ㄨㄟˊ	自以為	96
ㄆㄨˊ ㄊㄠˊ ㄧㄚˊ	葡萄牙	96
ㄔㄨˇ ㄌㄧˇ ㄑㄧˋ	處理器	96
ㄧㄠˋ ㄐㄧㄣˇ	要緊	96
ㄅㄧㄣ ㄩˇ	賓語	96
ㄌㄨˋ ㄧˋ	路易	96
ㄈㄢˇ ㄊㄞˊ	返台	96
ㄙㄨㄥˋ ㄕㄤˋ	送上	96
ㄓㄜˋ ㄌㄟˋ ㄉㄜ˙	這類的	96
ㄐㄧㄣˋ ㄏㄨㄚˋ	進化	96
ㄩˋ ㄐㄧㄢˋ	遇見	96
ㄅㄨˋ ㄕㄨˋ	部署	96
ㄕˋ ㄒㄧㄢˋ	釋憲	96
ㄇㄠˊ	錨	96
ㄈㄤˊ ㄏㄨˋ	防護	96
ㄐㄧㄤˋ ㄌㄨㄛˋ	降落	96
ㄉㄧㄢˋ ㄘˊ	電磁	96
ㄒㄧㄤˇ	饗	96
ㄉㄧㄢˇ ㄕㄤˋ	點上	96
ㄧ ㄐㄧㄡˇ ㄐㄧㄡˇ ㄨˇ	一九九五	95
ㄧ ㄅㄣˇ ㄕㄨ	一本書	95
ㄧˋ ㄅㄣˇ ㄕㄨ	一本書	95
ㄑㄧ ㄧˋ	七億	95
ㄅㄨˊ ㄋㄞˋ	不耐	95
ㄕˋ ㄐㄧㄝˋ ㄇㄠˋ ㄧˋ	世界貿易	95
ㄨˇ ㄙˋ	五四	95
ㄐㄧㄠ ㄘㄨㄛˋ	交錯	95
ㄉㄞˋ ㄅㄧㄠˇ ㄊㄨㄢˊ	代表團	95
ㄈㄤˇ ㄇㄠˋ	仿冒	95
ㄉㄠˇ ㄅㄧˋ	倒閉	95
ㄑㄧㄥ ㄒㄧㄝˊ	傾斜	95
ㄍㄨㄥˋ ㄩㄥˋ	共用	95
ㄗㄞˋ ㄍㄨㄛˋ	再過	95
ㄌㄥˇ ㄓㄢˋ	冷戰	95
ㄑㄩㄢˋ ㄕㄤ	券商	95
ㄉㄨㄥˋ ㄓㄜˊ	動輒	95
ㄘㄨㄥ ㄇㄤˊ	匆忙	95
ㄈㄢˇ ㄦˊ ㄕˋ	反而是	95
ㄈㄢˇ ㄍㄨㄢ	反觀	95
ㄕㄡˋ ㄏㄨㄟˋ	受惠	95
ㄆㄢˋ ㄌㄨㄢˋ	叛亂	95
ㄎㄜˇ ㄍㄨㄥ	可供	95
ㄊㄞˊ ㄏㄞˇ	台海	95
ㄊㄞˊ ㄨㄢ ㄕˇ	台灣史	95
ㄔ ㄑㄧˇ	吃起	95
ㄊㄨㄥˊ ㄊㄧˇ	同體	95
ㄌㄧㄝ	咧	95
ㄌㄧㄝˇ	咧	95
ㄏㄨㄟˊ ㄌㄧㄡˊ	回流	95
ㄧㄣ ㄘˇ ㄗㄞˋ	因此在	95
ㄍㄨˋ ㄉㄧㄥˋ ㄉㄜ˙	固定的	95
ㄅㄠˋ ㄕㄤˋ	報上	95
ㄨㄞˋ ㄅㄠ	外包	95
ㄨㄞˋ ㄏㄞˇ	外海	95
ㄉㄨㄛ ㄍㄨㄥ ㄋㄥˊ	多功能	95
ㄉㄨㄛ ㄊㄡˊ	多頭	95
ㄊㄧㄢ ㄈㄨˋ	天賦	95
ㄎㄨㄟˊ	奎	95
ㄏㄠˇ ㄚ˙	好啊	95
ㄏㄠˇ ㄉㄚˋ	好大	95
ㄍㄨㄢ ㄨㄤˇ	官網	95
ㄏㄢˊ ㄌㄥˇ	寒冷	95
ㄩˋ ㄧㄢˊ	寓言	95
ㄕㄢ ㄏㄜˊ	山河	95
ㄎㄨㄣ	崑	95
ㄐㄩˋ ㄉㄢˋ	巨蛋	95
ㄐㄧㄢˋ ㄕㄤ	建商	95
ㄒㄧㄥˊ ㄖㄨㄥˊ ㄘˊ	形容詞	95
ㄑㄧㄚˋ ㄏㄠˇ	恰好	95
ㄑㄧㄥˊ ㄖㄣˊ ㄐㄧㄝˊ	情人節	95
ㄙㄨㄛˇ ㄧㄢˊ	所言	95
ㄕㄡˇ ㄌㄧˇ	手裡	95
ㄉㄚˇ ㄓㄜˊ	打折	95
ㄋㄧㄡˇ ㄓㄨㄢˇ	扭轉	95
ㄆㄞ ㄔㄨ	拍出	95
ㄍㄞˇ ㄒㄧㄝˇ	改寫	95
ㄍㄨㄥ ㄕˋ	攻勢	95
ㄨㄣˊ ㄊㄧˇ	文體	95
ㄘㄥˊ ㄐㄧㄥ ㄕˋ	曾經是	95
ㄏㄨㄟˋ ㄩㄢˊ ㄍㄨㄛˊ	會員國	95
ㄧㄡˇ ㄇㄧㄥˊ ㄉㄜ˙	有名的	95
ㄔㄠˊ ㄊㄧㄥˊ	朝廷	95
ㄞ	欸	19.25645879721938
ㄞˇ	欸	95
ㄟˋ	欸	6.351308576902391
ㄎㄨㄢˇ ㄕˋ	款式	95
ㄘˇ ㄕˋ	此事	95
ㄇㄧㄣˊ ㄐㄧㄣˋ ㄉㄤˇ ㄊㄨㄢˊ	民進黨團	95
ㄕㄨㄟˇ ㄉㄧㄢˋ	水電	95
ㄏㄞˇ ㄉㄠˋ	海盜	95
ㄓㄢˋ	湛	95
ㄩˊ ㄍㄤˇ	漁港	95
ㄊㄜˋ ㄔㄢˇ	特產	95
ㄌㄧㄠˊ ㄧㄤˇ	療養	95
ㄈㄚ ㄅㄠ	發包	95
ㄎㄢˋ ㄉㄜˊ ㄔㄨ	看得出	95
ㄎㄢˋ ㄉㄜ˙ ㄔㄨ	看得出	95
ㄧㄢˇ ㄆㄧˊ	眼皮	95
ㄌㄢˊ ㄅㄢˇ	籃板	95
ㄓㄨㄥ ㄐㄧˊ	終極	95
ㄓㄢˋ	綻	95
ㄅㄧㄣ ㄈㄣ	繽紛	95
ㄑㄩㄝ ㄉㄜ˙	缺的	95
ㄍㄥ	羹	95
ㄔㄤˊ ㄨㄟˋ	腸胃	95
ㄗˋ ㄧㄡˊ ㄓㄨˇ ㄧˋ	自由主義	95
ㄙㄜˋ ㄉㄧㄠˋ	色調	95
ㄏㄨㄚ ㄑㄧˊ	花旗	95
ㄇㄛˋ ㄍㄨㄛˋ	莫過	95
ㄐㄧㄤˇ ㄐㄧㄝˋ ㄕˊ	蔣介石	95
ㄒㄧ ㄑㄩ	西區	95
ㄒㄧ ㄓㄨㄤ	西裝	95
ㄐㄧㄝˇ ㄉㄨㄥˋ	解凍	95
ㄊㄧㄠˊ ㄕˋ	調適	95
ㄐㄧㄤˇ ㄐㄧㄝˇ	講解	95
ㄇㄞˇ ㄏㄨㄟˊ	買回	95
ㄅㄢˋ ㄓㄨㄛ	辦桌	95
ㄓㄨㄟ ㄙㄨㄟˊ	追隨	95
ㄍㄨㄛˋ ㄉㄜ˙	過得	95
ㄩㄢˇ ㄉㄨㄥ	遠東	95
ㄏㄞˊ ㄅㄨˋ ㄖㄨˊ	還不如	95
ㄌㄧˇ ㄔㄥˊ	里程	95
ㄓㄨㄥˋ ㄩˊ	重於	95
ㄊㄠˊ ㄧˋ	陶藝	95
ㄧㄣˇ ㄧㄡ	隱憂	95
ㄧㄣˇ ㄩㄝ	隱約	95
ㄩˋ ㄧㄢˊ	預言	95
ㄒㄧㄤ ㄘㄠˇ	香草	95
ㄍㄠ ㄒㄧㄠˋ	高效	95
ㄋㄧㄠˇ ㄦ	鳥兒	95
ㄋㄧㄠˇ ㄦˊ	鳥兒	95
ㄏㄟ ㄧㄝˋ	黑夜	95
ㄧ ㄐㄧㄡˇ ㄐㄧㄡˇ ㄙㄢ	一九九三	94
ㄧ ㄅㄟ	一杯	94
ㄧˋ ㄅㄟ	一杯	94
ㄙㄢ ㄉㄨˊ ㄊㄨㄥ ㄍㄨㄛˋ	三讀通過	94
ㄅㄨˋ ㄧˇ ㄨㄟˊ ㄖㄢˊ	不以為然	94
ㄨˇ ㄈㄣ ㄓㄨㄥ	五分鐘	94
ㄨˇ ㄕˊ ㄑㄧ	五十七	94
ㄖㄣˊ ㄕㄡˋ	人壽	94
ㄐㄧㄝˋ ㄩˊ	介於	94
ㄧˇ ㄓˋ ㄩˊ	以至於	94
ㄅㄠˇ ㄙㄨㄥˋ	保送	94
ㄍㄨㄥ ㄩㄥˋ	公用	94
ㄌㄥˇ ㄉㄜ˙	冷的	94
ㄔㄨ ㄘˋ	初次	94
ㄗㄜˊ ㄗㄞˋ	則在	94
ㄈㄨˋ ㄓㄨˇ ㄒㄧˊ	副主席	94
ㄐㄧㄚ ㄉㄚˋ	加大	94
ㄑㄧㄢ ㄌㄧˇ	千里	94
ㄧㄣˋ ㄓㄥˋ	印證	94
ㄘㄢ ㄒㄩㄢˇ ㄖㄣˊ	參選人	94
ㄧㄡˋ ㄗㄞˋ	又再	94
ㄇㄧㄥˋ ㄊㄧˊ	命題	94
ㄧㄢˊ ㄇㄧˋ	嚴密	94
ㄉㄚˋ ㄙㄢ	大三	94
ㄉㄚˋ ㄗㄥ	大增	94
ㄉㄚˋ ㄌㄧˇ	大理	94
ㄉㄚˋ ㄅㄢˇ	大阪	94
ㄕㄜ ㄔˇ	奢侈	94
ㄐㄧㄢ	奸	94
ㄉㄠˇ ㄕㄤˋ	島上	94
ㄐㄩㄝˊ ㄑㄧˇ	崛起	94
ㄍㄨㄥ ㄨˋ ㄐㄩˊ	工務局	94
ㄍㄨㄥ ㄩㄣˋ	工運	94
ㄒㄧˊ ㄨㄟˋ	席位	94
ㄈㄟˋ ㄓˇ	廢止	94
ㄑㄧㄤˊ ㄅㄠˋ	強暴	94
ㄉㄜˊ ㄌㄧˋ	得利	94
ㄒㄩˋ	恤	94
ㄘㄢˊ	慚	94
ㄙㄨㄛˇ ㄧˇ ㄏㄨㄟˋ	所以會	94
ㄉㄚˇ ㄒㄧㄚˋ	打下	94
ㄉㄚˇ ㄖㄨˋ	打入	94
ㄐㄩㄝˊ ㄗㄜˊ	抉擇	94
ㄐㄩㄢ ㄔㄨ	捐出	94
ㄐㄧㄝ ㄙㄨㄥˋ	接送	94
ㄎㄡ	摳	94
ㄧㄡˇ ㄑㄧˊ	有期	94
ㄐㄧˊ ㄑㄧˊ	極其	94
ㄓㄣ	榛	94
ㄕㄨˋ ㄧㄝˋ	樹葉	94
ㄓㄥˋ ㄧㄠˋ	正要	94
ㄇㄟˇ ㄇㄟˇ	每每	94
ㄇㄟˇ ㄍㄜˊ	每隔	94
ㄅㄛ ㄐㄧˊ	波及	94
ㄆㄛ ㄐㄧˊ	波及	94
ㄇㄧˊ ㄇㄢˋ	瀰漫	94
ㄗㄞ ㄑㄧㄥˊ	災情	94
ㄨˊ ㄗㄨㄟˋ	無罪	94
ㄧㄥˊ ㄅㄨˋ	營部	94
ㄋㄧㄡˊ ㄆㄞˊ	牛排	94
ㄘㄞ ㄘㄜˋ	猜測	94
ㄧㄥ	瑛	94
ㄌㄤˊ	瑯	94
ㄕㄣˋ ㄏㄨㄛˋ	甚或	94
ㄔㄢˇ ㄉㄧˋ	產地	94
ㄓˋ	痣	94
ㄈㄚ ㄒㄧㄝˋ	發洩	94
ㄕㄨㄟˋ ㄌㄜ˙	睡了	94
ㄔㄡˊ ㄕㄜˋ	籌設	94
ㄩㄝ ㄊㄢˊ	約談	94
ㄙㄨㄛˇ ㄧㄣˇ	索引	94
ㄍㄨㄢˋ ㄊㄡˊ	罐頭	94
ㄍㄨㄢˋ ㄊㄡ˙	罐頭	94
ㄌㄧˊ ㄋㄢˋ	罹難	94
ㄌㄨㄛˊ ㄙ ㄈㄨˊ	羅斯福	94
ㄌㄧㄢˊ ㄒㄧㄤˇ ㄉㄠˋ	聯想到	94
ㄋㄥˊ ㄑㄩˋ	能去	94
ㄇㄛˋ ㄉㄚˋ	莫大	94
ㄎㄨㄟˊ	葵	94
ㄅㄛˊ ㄖㄨㄛˋ	薄弱	94
ㄐㄧㄤ	薑	94
ㄓ ㄓㄨ	蜘蛛	94
ㄅㄨˇ ㄐㄧㄡˋ	補救	94
ㄎㄨˋ ㄗ˙	褲子	94
ㄧㄠˋ ㄏㄜˊ	要和	94
ㄑㄧㄣ ㄕㄡˇ	親手	94
ㄒㄩㄣˋ ㄉㄠˇ	訓導	94
ㄖㄣˋ ㄉㄜˊ	認得	94
ㄖㄣˋ ㄉㄜ˙	認得	94
ㄐㄧㄤˇ ㄕㄨˋ	講述	94
ㄈㄥ ㄕㄡ	豐收	94
ㄌㄨˋ ㄔㄥˊ	路程	94
ㄕㄣ ㄗㄞˋ	身在	94
ㄔㄜ ㄆㄞˊ	車牌	94
ㄓㄜˊ	轍	94
ㄔㄜˋ	轍	94
ㄊㄨㄥ ㄨㄤˇ	通往	94
ㄆㄟˋ ㄉㄜ˙	配的	94
ㄔㄤˊ ㄔㄥˊ	長程	94
ㄍㄨㄢ ㄐㄧ	關機	94
ㄒㄧㄢˋ ㄌㄧㄤˋ	限量	94
ㄧㄣˇ ㄧㄣˇ	隱隱	94
ㄉㄧㄢˋ ㄌㄧㄤˋ	電量	94
ㄐㄧㄥˋ ㄗㄨㄛˋ	靜坐	94
ㄇㄧㄢˋ ㄉㄨㄟˋ ㄇㄧㄢˋ	面對面	94
ㄆㄧㄣˊ ㄆㄨˇ	頻譜	94
ㄈㄥ ㄔㄨㄟ	風吹	94
ㄐㄧㄚˋ ㄕˇ ㄖㄣˊ	駕駛人	94
ㄉㄧㄢˇ ㄖㄢˊ	點燃	94
ㄧ ㄅㄨˊ	一不	93
ㄧ ㄅㄨˋ	一不	93
ㄧˊ ㄅㄨˊ	一不	93
ㄧˊ ㄅㄨˋ	一不	93
ㄧ ㄕㄨㄤ	一雙	93
ㄧˋ ㄕㄨㄤ	一雙	93
ㄓㄨˇ ㄐㄧㄤˇ	主講	93
ㄨˇ ㄅㄞˇ ㄉㄨㄛ	五百多	93
ㄒㄧㄝ ㄒㄩˇ	些許	93
ㄧˇ ㄅㄟˇ	以北	93
ㄧˇ ㄈㄤˊ	以防	93
ㄅㄨˋ ㄐㄩˊ	佈局	93
ㄐㄧㄚ ㄐㄧ	佳績	93
ㄕˇ ㄍㄨㄢˇ	使館	93
ㄧ ㄒㄩㄣˊ	依循	93
ㄩˊ	俞	93
ㄩˋ	俞	6.351308576902391
ㄧㄡ ㄩㄝˋ	優越	93
ㄉㄨㄟˋ ㄏㄨㄢˋ	兌換	93
ㄧㄝˇ	冶	93
ㄌㄧˋ ㄑㄩㄢˊ	利權	93
ㄌㄧˋ ㄒㄩㄝˊ	力學	93
ㄐㄧㄚ ㄉㄠˋ	加到	93
ㄊㄨㄥˊ ㄧㄤˋ ㄕˋ	同樣是	93
ㄏㄜ ㄐㄧㄡˇ	喝酒	93
ㄉㄢ ㄉㄢ	單單	93
ㄐㄧㄚ ㄧˋ ㄒㄧㄢˋ	嘉義縣	93
ㄧㄢˊ ㄍㄜˊ ㄉㄜ˙	嚴格的	93
ㄈㄤ ㄐㄧㄢ	坊間	93
ㄅㄠˋ ㄎㄠˇ	報考	93
ㄨㄞˋ ㄧˊ	外移	93
ㄊㄧㄢ ㄏㄨㄟˋ	天會	93
ㄊㄞˋ ㄗˇ	太子	93
ㄋㄞˋ ㄏㄜˊ	奈何	93
ㄉㄧㄥˋ ㄔㄨ	定出	93
ㄐㄧㄚ ㄏㄜˊ	家和	93
ㄉㄠˇ ㄇㄤˊ ㄑㄩㄢˇ	導盲犬	93
ㄐㄧㄢ ㄖㄨㄟˋ	尖銳	93
ㄐㄧㄡˋ ㄙㄨㄢˋ ㄕˋ	就算是	93
ㄊㄨˊ ㄕㄚ	屠殺	93
ㄉㄞˋ ㄔㄨ	帶出	93
ㄒㄧㄣ ㄊㄧㄠˋ	心跳	93
ㄧㄡ ㄒㄧㄢˊ	悠閒	93
ㄘㄞˊ ㄅㄨˊ ㄏㄨㄟˋ	才不會	93
ㄊㄡˊ ㄗ ㄓㄜˇ	投資者	93
ㄆㄞˊ ㄏㄤˊ ㄅㄤˇ	排行榜	93
ㄨㄛˋ ㄕㄡˇ	握手	93
ㄈㄤˋ ㄕㄤˋ	放上	93
ㄒㄧㄣ ㄕㄥ ㄦˊ	新生兒	93
ㄔㄨㄣ ㄐㄧˋ	春季	93
ㄕˊ ㄖˋ	時日	93
ㄍㄥ ㄓㄥˋ	更正	93
ㄧㄡˇ ㄒㄧㄢˋ ㄉㄜ˙	有限的	93
ㄅㄣˇ ㄊㄨˇ ㄏㄨㄚˋ	本土化	93
ㄏㄜˊ ㄈㄚ	核發	93
ㄌㄜˋ ㄧˋ	樂意	93
ㄓˇ ㄩˊ	止於	93
ㄘˇ ㄨㄟˊ	此為	93
ㄒㄩㄣˋ	殉	93
ㄇㄧㄣˊ ㄕˋ	民事	93
ㄉㄨㄣˋ	沌	93
ㄊㄞˋ ㄕㄢ	泰山	93
ㄌㄤˋ ㄔㄠˊ	浪潮	93
ㄏㄞˇ ㄘㄠˇ	海草	93
ㄑㄧㄥ ㄇㄧㄥˊ	清明	93
ㄑㄧㄥ ㄒㄧˇ	清洗	93
ㄐㄧㄢˇ ㄕㄨㄟˋ	減稅	93
ㄆㄨˋ ㄅㄨˋ	瀑布	93
ㄌㄧㄢˋ ㄍㄤ	煉鋼	93
ㄒㄧㄢˋ ㄍㄟˇ	獻給	93
ㄕㄥ ㄔㄥˊ	生成	93
ㄈㄚ ㄓㄢˇ ㄔㄥˊ	發展成	93
ㄈㄚ ㄧㄢˊ	發炎	93
ㄓㄢˇ	盞	93
ㄆㄢˊ ㄕˋ	盤勢	93
ㄓㄣ ㄏㄠˇ	真好	93
ㄧㄢˇ ㄐㄧㄢˋ	眼見	93
ㄌㄧㄡˊ	硫	93
ㄎㄨㄥ ㄉㄨㄥˋ	空洞	93
ㄉㄧˋ ㄦˋ ㄐㄧㄝˋ	第二屆	93
ㄧㄢˊ	簷	93
ㄐㄧˋ ㄋㄧㄢˋ ㄖˋ	紀念日	93
ㄐㄧㄥ ㄐㄧˋ ㄅㄨˋ ㄓㄤˇ	經濟部長	93
ㄧㄠˋ ㄧㄢˇ	耀眼	93
ㄌㄧㄢˊ ㄏㄜˊ ㄏㄨㄟˋ	聯合會	93
ㄓㄣ	臻	93
ㄐㄩˇ ㄈㄢˊ	舉凡	93
ㄐㄧㄢ ㄎㄨˇ	艱苦	93
ㄩˋ	芋	93
ㄏㄨㄚˊ ㄑㄧㄠˊ	華僑	93
ㄌㄨㄛˋ ㄇㄨˋ	落幕	93
ㄎㄜ	蚵	93
ㄜˊ	蚵	93
ㄌㄧˇ ㄊㄡˊ ㄉㄜ˙	裡頭的	93
ㄐㄧˋ ㄒㄧㄚˋ	記下	93
ㄕㄜˋ ㄔㄤˇ	設廠	93
ㄐㄧㄤˇ ㄍㄨㄛˋ	講過	93
ㄇㄞˇ ㄆㄧㄠˋ	買票	93
ㄗㄤ	贓	93
ㄊㄧˊ	蹄	93
ㄨㄟˊ ㄐㄧㄢˋ	違建	93
ㄋㄚˋ ㄊㄞˊ	那台	93
ㄏㄨㄢˊ	鍰	93
ㄒㄧㄢˋ ㄑㄧˊ	限期	93
ㄌㄧㄥˇ ㄉㄠˋ	領到	93
ㄍㄨㄢˇ ㄓㄤˇ	館長	93
ㄌㄨㄥˊ ㄕㄢ ㄙˋ	龍山寺	93
ㄧ ㄍㄜ˙ ㄒㄧㄠˇ ㄕˊ	一個小時	92
ㄧ ㄩㄢˊ	一元	92
ㄧˋ ㄩㄢˊ	一元	92
ㄧ ㄙㄨㄟˋ	一歲	92
ㄧˊ ㄙㄨㄟˋ	一歲	92
ㄧ ㄅㄨˋ ㄈㄣˋ	一部份	92
ㄕㄤˋ ㄏㄠˇ	上好	92
ㄐㄧㄡˇ ㄔㄥˊ	九成	92
ㄐㄧㄠ ㄏㄨˋ	交互	92
ㄐㄧㄠ ㄔㄨ	交出	92
ㄐㄧㄠ ㄐㄧˊ	交集	92
ㄖㄣˊ ㄇㄧㄣˊ ㄅㄧˋ	人民幣	92
ㄧˇ ㄐㄧㄤˋ	以降	92
ㄅㄠˇ ㄇㄨˇ	保母	92
ㄒㄧㄣˋ ㄉㄞˋ	信貸	92
ㄉㄠˋ ㄊㄨㄟˋ	倒退	92
ㄊㄧㄥˊ ㄈㄤˋ	停放	92
ㄌㄧㄡˋ ㄕˊ ㄑㄧ	六十七	92
ㄌㄠˊ ㄐㄧ ㄈㄚˇ	勞基法	92
ㄒㄧㄝˋ ㄖㄣˋ	卸任	92
ㄑㄩˋ ㄍㄨㄛˋ	去過	92
ㄕㄡˋ ㄍㄨㄛˋ	受過	92
ㄍㄨˇ ㄨ	古屋	92
ㄎㄜˇ ㄎㄢˋ	可看	92
ㄒㄧ ㄧㄣˇ ㄖㄣˊ	吸引人	92
ㄊㄧˊ	啼	92
ㄊㄨˇ ㄦˇ ㄑㄧˊ	土耳其	92
ㄨㄞˋ ㄨㄣˊ	外文	92
ㄊㄧㄢ ㄒㄧㄢˋ	天線	92
ㄠˋ ㄌㄧㄣˊ ㄆㄧ ㄎㄜˋ	奧林匹克	92
ㄏㄠˋ ㄒㄩㄝˊ	好學	92
ㄖㄨˊ ㄧㄡˇ	如有	92
ㄏㄨㄥˊ ㄍㄨㄢ	宏觀	92
ㄉㄠˇ ㄧㄣˇ	導引	92
ㄋㄧˊ ㄅㄛˊ ㄦˇ	尼泊爾	92
ㄧˇ ㄕˋ	已是	92
ㄔㄤˊ ㄨˋ	常務	92
ㄒㄩˋ ㄇㄨˋ	序幕	92
ㄘㄨㄥˊ ㄊㄡˊ ㄉㄠˋ ㄨㄟˇ	從頭到尾	92
ㄒㄧㄣ ㄞˋ	心愛	92
ㄐㄧㄝˋ ㄧㄢˊ	戒嚴	92
ㄏㄨㄛˋ ㄒㄩˇ ㄕˋ	或許是	92
ㄓˇ ㄉㄧㄢˇ	指點	92
ㄨㄢˇ ㄐㄧㄡˋ	挽救	92
ㄋㄠˊ	撓	92
ㄕㄨ ㄇㄧㄥˊ	書名	92
ㄩㄝˋ ㄒㄧㄚˋ	月下	92
ㄧㄡˇ ㄓˋ	有志	92
ㄎㄨㄤ ㄐㄧㄚˋ	框架	92
ㄇㄟˊ	楣	92
ㄧㄝˋ ㄐㄧㄥ	業經	92
ㄩˋ	毓	92
ㄌㄧㄡˊ ㄖㄨˋ	流入	92
ㄓㄜˋ	浙	92
ㄉㄢˋ ㄕㄨㄟˇ ㄏㄜˊ	淡水河	92
ㄧㄢˇ ㄒㄧˋ	演戲	92
ㄨㄟˊ ㄕㄡˇ	為首	92
ㄧㄢˋ	焰	92
ㄇㄨˋ ㄕ	牧師	92
ㄨㄟˇ	瑋	92
ㄓˊ ㄅㄛ	直播	92
ㄓˊ ㄅㄛˋ	直播	92
ㄕㄥˇ ㄨㄣˊ	省文	92
ㄓㄣ ㄧㄡˇ	真有	92
ㄉㄨ ㄘㄨˋ	督促	92
ㄧㄢˊ ㄐㄧㄡˋ ㄏㄨㄟˋ	研究會	92
ㄅㄧㄥˇ ㄔˊ	秉持	92
ㄓˋ	窒	92
ㄌㄧˋ ㄗㄨˊ	立足	92
ㄅㄧˇ ㄐㄧˋ ㄒㄧㄥˊ ㄉㄧㄢˋ ㄋㄠˇ	筆記型電腦	92
ㄒㄧㄢˊ	絃	92
ㄐㄧ ㄧㄡ	績優	92
ㄈㄢˊ ㄇㄤˊ	繁忙	92
ㄌㄨㄛˊ ㄉㄨㄥ	羅東	92
ㄆㄧㄢ	翩	92
ㄊㄧㄥ ㄑㄩˇ	聽取	92
ㄒㄩㄥ ㄅㄨˋ	胸部	92
ㄗˋ ㄍㄨˇ	自古	92
ㄘㄠˇ ㄍㄣ	草根	92
ㄅㄨˇ ㄗㄨˊ	補足	92
ㄎㄜˋ ㄓㄤˇ	課長	92
ㄊㄧㄠˊ ㄏㄜˊ	調和	92
ㄇㄡˊ ㄕㄥ	謀生	92
ㄅㄧㄢˋ ㄒㄧㄥˋ	變性	92
ㄈㄥ ㄋㄧㄢˊ	豐年	92
ㄓㄨㄢˋ ㄑㄩˇ	賺取	92
ㄆㄠˇ ㄔㄨ ㄌㄞˊ	跑出來	92
ㄊㄤˇ ㄗㄞˋ	躺在	92
ㄍㄨㄟˇ ㄐㄧ	軌跡	92
ㄕㄨ ㄍㄟˇ	輸給	92
ㄅㄢˋ ㄢˋ	辦案	92
ㄉㄠˋ ㄐㄧㄠˋ	道教	92
ㄧㄠˊ ㄎㄨㄥˋ	遙控	92
ㄆㄟˋ ㄉㄨㄟˋ	配對	92
ㄧㄝˇ ㄕㄡˋ	野獸	92
ㄊㄧㄝˇ ㄉㄠˋ	鐵道	92
ㄌㄨㄢˊ	鑾	92
ㄓㄤˇ ㄌㄜ˙	長了	92
ㄔㄤˊ ㄌㄜ˙	長了	92
ㄩㄣˇ ㄕˊ	隕石	92
ㄈㄥ ㄗㄞ	風災	92
ㄑㄩ ㄉㄨㄥˋ	驅動	92
ㄍㄠ ㄒㄩㄥˊ ㄍㄤˇ	高雄港	92
ㄇㄢˊ	鰻	92
ㄇㄢˋ	鰻	92
ㄏㄟ ㄒㄩㄥˊ	黑熊	92
ㄧ ㄊㄤˊ	一堂	91
ㄧˋ ㄊㄤˊ	一堂	91
ㄧ ㄊㄤˋ	一趟	91
ㄧˊ ㄊㄤˋ	一趟	91
ㄅㄨˋ ㄕㄨㄤˇ	不爽	91
ㄅㄨˊ ㄒㄧㄠˋ	不肖	91
ㄓㄨㄥ ㄧㄤ ㄧㄣˊ ㄏㄤˊ	中央銀行	91
ㄓㄨㄥ ㄔㄤˊ ㄏㄨㄟˋ	中常會	91
ㄐㄧㄡˇ ㄙㄨㄟˋ	九歲	91
ㄐㄧㄡˇ ㄨㄢˋ	九萬	91
ㄨˇ ㄕˊ ㄙˋ	五十四	91
ㄐㄧㄥ ㄏㄨㄚˊ	京華	91
ㄑㄧㄣ ㄖㄨˋ	侵入	91
ㄆㄧㄢ ㄩㄢˇ ㄉㄧˋ ㄑㄩ	偏遠地區	91
ㄔㄨㄢˊ ㄕㄡˋ	傳授	91
ㄕㄚˇ ㄍㄨㄚ	傻瓜	91
ㄌㄧㄤˇ ㄐㄧㄢˋ	兩件	91
ㄍㄨㄥ ㄋㄧㄡˊ	公牛	91
ㄖㄣˋ	刃	91
ㄅㄛˊ ㄈㄚ	勃發	91
ㄏㄨㄚˋ ㄌㄜ˙	化了	91
ㄔ ㄌㄧˋ	吃力	91
ㄏㄜˊ ㄑㄧˇ ㄌㄞˊ	合起來	91
ㄔˇ	呎	91
ㄔㄤˋ ㄉㄜ˙	唱的	91
ㄙˋ ㄕˊ ㄧ	四十一	91
ㄗㄞˋ ㄗㄨㄛˋ	在座	91
ㄗㄞˋ ㄉㄚˇ	在打	91
ㄉㄚˋ ㄗㄨㄛˋ	大作	91
ㄉㄚˋ ㄉㄨㄟ	大堆	91
ㄉㄚˋ ㄉㄨㄛ ㄕˋ	大多是	91
ㄉㄚˋ ㄔㄤˊ	大腸	91
ㄊㄧㄢ ㄨㄣˊ ㄒㄩㄝˊ	天文學	91
ㄒㄩㄢ ㄧㄤˊ	宣揚	91
ㄒㄧㄝˇ ㄓㄜ˙	寫著	91
ㄓㄨㄢ ㄌㄧˋ ㄑㄩㄢˊ	專利權	91
ㄑㄧㄠˋ	峭	91
ㄍㄨㄥ ㄕˊ	工時	91
ㄕˋ ㄔㄤˇ ㄐㄧㄚˋ ㄍㄜˊ	市場價格	91
ㄆㄧㄥˊ ㄏㄜˊ	平和	91
ㄧㄣˇ ㄅㄠˋ	引爆	91
ㄒㄧㄥˋ ㄅㄧㄝˊ ㄆㄧㄥˊ ㄉㄥˇ ㄐㄧㄠˋ ㄩˋ	性別平等教育	91
ㄒㄧㄥˋ ㄇㄧㄥˋ	性命	91
ㄒㄧㄤˇ ㄩㄥˋ	想用	91
ㄗㄥ	憎	91
ㄕㄡˇ ㄅㄧㄠˇ	手錶	91
ㄔㄡ ㄧㄤˋ	抽樣	91
ㄓˋ	摯	91
ㄓㄨㄤˋ ㄐㄧˊ	撞擊	91
ㄉㄢ ㄅㄠˇ	擔保	91
ㄐㄧㄝˊ ㄑㄩˇ	擷取	91
ㄒㄧㄣ ㄇㄧㄣˊ	新民	91
ㄖㄢˇ ㄅㄧㄥˋ	染病	91
ㄔㄚˊ ㄉㄠˋ	查到	91
ㄋㄢˊ	楠	91
ㄕㄨˋ ㄓㄨㄥˇ	樹種	91
ㄋㄧㄥˊ	檸	91
ㄎㄨㄢˇ ㄒㄧㄤˋ	款項	91
ㄓㄥˋ ㄊㄨㄥˇ	正統	91
ㄇㄧㄣˊ ㄊㄨㄢˊ	民團	91
ㄕㄨㄟˇ ㄗㄞ	水災	91
ㄇㄨˋ	沐	91
ㄧㄡˊ ㄏㄨㄚˋ	油畫	91
ㄑㄩㄢˊ ㄕㄨㄟˇ	泉水	91
ㄇㄛˋ ㄕˋ	漠視	91
ㄕㄚ ㄔㄜ	煞車	91
ㄕㄚˋ ㄔㄜ	煞車	91
ㄆㄧㄢˋ ㄎㄜˋ	片刻	91
ㄊㄜˋ ㄓㄢˇ	特展	91
ㄏㄨㄛˋ ㄧˋ	獲益	91
ㄑㄧˊ	琦	91
ㄆㄧˊ ㄌㄠˊ	疲勞	91
ㄔㄨㄤ	瘡	91
ㄓˊ ㄐㄧㄝ ㄉㄜ˙	直接的	91
ㄕㄜˋ ㄐㄧㄠˋ	社教	91
ㄑㄧˊ ㄑㄧㄡˊ	祈求	91
ㄘˊ	祠	91
ㄊㄨˊ ㄅㄧㄢˋ	突變	91
ㄐㄧㄢˇ ㄊㄧˇ	簡體	91
ㄐㄧㄥ ㄐㄧㄣˋ	精進	91
ㄈㄢˊ ㄏㄨㄚˊ	繁華	91
ㄒㄩˋ ㄐㄧˊ	續集	91
ㄓˋ ㄕㄣ	置身	91
ㄍㄥ ㄩㄣˊ	耕耘	91
ㄅㄟˋ ㄕㄨ	背書	91
ㄇㄛˋ ㄍㄨㄛˋ ㄩˊ	莫過於	91
ㄌㄠˋ ㄒㄧㄚˋ	落下	91
ㄌㄨㄛˋ ㄒㄧㄚˋ	落下	91
ㄐㄧㄝˇ ㄍㄨˋ	解雇	91
ㄍㄨㄟˇ ㄧˋ	詭異	91
ㄐㄧㄝˋ	誡	91
ㄨˋ ㄆㄢˋ	誤判	91
ㄆㄧㄣˊ ㄒㄧㄝˇ	貧血	91
ㄇㄞˇ ㄌㄞˊ	買來	91
ㄕㄣ ㄏㄡˋ	身後	91
ㄕㄣ ㄕㄡˇ	身手	91
ㄊㄨㄥ ㄉㄠˋ	通道	91
ㄧ ㄌㄧㄠˊ ㄩㄢˋ ㄙㄨㄛˇ	醫療院所	91
ㄓㄣˋ ㄖㄨㄥˊ	陣容	91
ㄔㄨˊ ㄘˇ ㄓ ㄨㄞˋ	除此之外	91
ㄧㄣˇ ㄙ ㄑㄩㄢˊ	隱私權	91
ㄇㄚˇ ㄌㄚ ㄙㄨㄥ	馬拉松	91
ㄉㄧㄢˇ ㄉㄠˋ	點到	91
ㄧ ㄉㄚˋ ㄉㄨㄟ	一大堆	90
ㄧˊ ㄉㄚˋ ㄉㄨㄟ	一大堆	90
ㄙㄢ ㄕˋ	三世	90
ㄕㄤˋ ㄐㄧㄣˋ	上進	90
ㄅㄨˋ ㄒㄩˇ	不許	90
ㄓㄨㄥ ㄍㄠ	中高	90
ㄓㄨˇ ㄐㄧ ㄅㄢˇ	主機板	90
ㄦˋ ㄉㄨˋ	二度	90
ㄨˇ ㄨㄟˋ	五位	90
ㄍㄜˋ ㄗ˙	個子	90
ㄊㄤˇ ㄖㄨㄛˋ	倘若	90
ㄇㄧㄢˇ ㄅㄨˋ ㄌㄧㄠˇ	免不了	90
ㄌㄧㄤˇ ㄑㄧㄢ ㄉㄨㄛ	兩千多	90
ㄌㄧㄤˇ ㄊㄧㄥ	兩廳	90
ㄑㄧㄢˊ ㄈㄤ	前方	90
ㄔㄨㄤˋ ㄎㄢ	創刊	90
ㄉㄨㄥˋ ㄧㄠˊ	動搖	90
ㄇㄨˋ ㄐㄧˊ	募集	90
ㄕˊ ㄅㄚ ㄕˋ ㄐㄧˋ	十八世紀	90
ㄘㄢ ㄇㄡˊ ㄓㄤˇ	參謀長	90
ㄎㄜˇ ㄒㄧㄠˋ	可笑	90
ㄔ ㄑㄧˇ ㄌㄞˊ	吃起來	90
ㄏㄜˊ ㄈㄚˇ ㄉㄜ˙	合法的	90
ㄊㄨㄥˊ ㄉㄥˇ	同等	90
ㄌㄨㄥˊ	嚨	90
ㄉㄨㄛˋ ㄊㄞ	墮胎	90
ㄉㄨㄛˋ ㄌㄨㄛˋ	墮落	90
ㄒㄧㄚˋ ㄌㄧㄥˋ	夏令	90
ㄉㄨㄛ ㄍㄨㄚˇ	多寡	90
ㄉㄚˋ ㄍㄞˋ ㄏㄨㄟˋ	大概會	90
ㄉㄚˋ ㄘㄢ	大餐	90
ㄊㄧㄢ ㄖㄢˊ ㄑㄧˋ	天然氣	90
ㄊㄞˋ ㄐㄧˊ	太極	90
ㄠˋ ㄙ ㄎㄚˇ	奧斯卡	90
ㄋㄩˇ ㄑㄩㄢˊ	女權	90
ㄖㄨˊ ㄑㄧˊ	如其	90
ㄒㄩㄝˊ ㄌㄧˇ	學理	90
ㄍㄨㄥ ㄊㄧㄥˊ	宮廷	90
ㄒㄧㄝˇ ㄔㄥˊ ㄕˋ	寫程式	90
ㄕㄜˋ ㄐㄧˊ	射擊	90
ㄉㄨㄟˋ ㄉㄥˇ	對等	90
ㄐㄧㄡˋ ㄅㄨˊ ㄩㄥˋ	就不用	90
ㄕˋ ㄋㄟˋ	市內	90
ㄧㄢˊ ㄔˊ	延遲	90
ㄏㄡˋ ㄩㄥˋ	後用	90
ㄏㄡˋ ㄇㄧㄢˋ ㄉㄜ˙	後面的	90
ㄞˋ ㄉㄧㄥ ㄅㄠˇ	愛丁堡	90
ㄧㄥ ㄍㄞ ㄗㄞˋ	應該在	90
ㄙㄨㄛˇ ㄧㄠˋ	所要	90
ㄆㄞˊ ㄅㄢˇ	排版	90
ㄍㄞˇ ㄗㄨˇ	改組	90
ㄍㄞˇ ㄓㄨㄤ	改裝	90
ㄒㄧㄣ ㄑㄧˊ	新奇	90
ㄏㄨㄣ ㄇㄧˊ	昏迷	90
ㄕˊ ㄈㄣ	時分	90
ㄕˊ ㄇㄠˊ	時髦	90
ㄌㄧㄣˊ ㄐㄧㄚ	林家	90
ㄌㄧㄡˇ ㄑㄧㄣˊ	柳琴	90
ㄐㄧ ㄗㄨˇ	機組	90
ㄇㄛˋ ㄕㄡ	沒收	90
ㄇㄛˋ ㄌㄨㄛˋ	沒落	90
ㄑㄧㄚˋ ㄊㄢˊ	洽談	90
ㄐㄧㄥˋ ㄏㄨㄚˋ	淨化	90
ㄨㄟˊ ㄐㄧㄚ	為家	90
ㄊㄜˋ ㄐㄧㄚˋ	特價	90
ㄌㄧˊ	狸	90
ㄅㄚ˙	琶	90
ㄆㄚˊ	琶	90
ㄆㄧˊ ㄅㄠ	皮包	90
ㄒㄧˋ ㄓㄨˇ ㄖㄣˋ	系主任	90
ㄨㄟˊ ㄐㄧ ㄅㄞˇ ㄎㄜ	維基百科	90
ㄨㄟˊ ㄒㄧˋ	維繫	90
ㄅㄧㄢ ㄔㄥˊ	編成	90
ㄈㄚˊ ㄏㄨㄢˊ	罰鍰	90
ㄍㄤ	肛	90
ㄗˋ ㄓㄨˇ ㄒㄧㄥˋ	自主性	90
ㄎㄨˇ ㄒㄧㄣ	苦心	90
ㄎㄨˇ ㄋㄠˇ	苦惱	90
ㄎㄨˇ ㄎㄨˇ	苦苦	90
ㄇㄤˊ ㄇㄤˊ	茫茫	90
ㄇㄛˋ ㄅㄨˊ	莫不	90
ㄇㄛˋ ㄅㄨˋ	莫不	90
ㄏㄨㄚˊ ㄕㄢ	華山	90
ㄏㄨㄚˋ ㄕㄢ	華山	90
ㄨㄢˋ ㄍㄜ˙	萬個	90
ㄈㄨˊ	蝠	90
ㄌㄨㄛˊ ㄙ	螺絲	90
ㄧㄠˋ ㄧㄣ	要因	90
ㄧㄢˊ ㄒㄧㄥˊ	言行	90
ㄧㄢˊ ㄒㄧㄥˋ	言行	90
ㄐㄧˋ ㄕˋ	記事	90
ㄈㄨˋ ㄓㄞˋ	負債	90
ㄔㄜ ㄆㄧㄠˋ	車票	90
ㄓㄨㄢˇ ㄉㄨㄥˋ	轉動	90
ㄏㄨㄥ ㄉㄨㄥˋ	轟動	90
ㄊㄡˋ ㄕˋ	透視	90
ㄓㄡ ㄦˋ	週二	90
ㄩㄣˋ ㄉㄨㄥˋ ㄩㄢˊ	運動員	90
ㄉㄠˋ ㄉㄧˋ	道地	90
ㄋㄚˋ ㄐㄧˇ	那幾	90
ㄔㄤˊ ㄆㄧㄢ	長篇	90
ㄕㄢˇ ㄕㄢˇ	閃閃	90
ㄎㄞ ㄍㄨㄛˋ	開過	90
ㄐㄧㄢˋ ㄍㄜˊ	間隔	90
ㄈㄤˊ ㄗㄞ	防災	90
ㄇㄟˊ	霉	90
ㄈㄥ ㄌㄧˋ	風力	90
ㄊㄧˇ ㄊㄧㄝ	體貼	90
ㄇㄞˋ ㄉㄤ ㄌㄠˊ	麥當勞	90
ㄏㄟ ㄉㄨㄥˋ	黑洞	90
ㄙㄢ ㄍㄜ˙ ㄖㄣˊ	三個人	89
ㄒㄧㄚˋ ㄔㄤˇ	下場	89
ㄅㄨˋ ㄉㄢ	不單	89
ㄅㄨˋ ㄒㄩ	不須	89
ㄓㄨㄥ ㄉㄥˇ	中等	89
ㄉㄢ ㄇㄞˋ	丹麥	89
ㄓㄨˇ ㄓㄥˋ	主政	89
ㄏㄨㄛˇ ㄅㄢˋ	伙伴	89
ㄗㄨㄛˋ ㄏㄨㄚˋ	作畫	89
ㄒㄧㄣˋ ㄒㄧˊ	信息	89
ㄑㄩㄢˊ ㄐㄧㄥˇ	全景	89
ㄌㄧㄤˇ ㄍㄜˋ ㄗˋ	兩個字	89
ㄌㄧㄤˇ ㄍㄜ˙ ㄗˋ	兩個字	89
ㄉㄧㄠ	凋	89
ㄅㄢˋ ㄒㄧㄠˇ ㄕˊ	半小時	89
ㄐㄧㄠˋ ㄗㄨㄛˋ	叫作	89
ㄎㄜˇ ㄎㄡˇ ㄎㄜˇ ㄌㄜˋ	可口可樂	89
ㄊㄞˊ ㄨㄢ ㄑㄩ	台灣區	89
ㄏㄢˊ ㄌㄜ˙	含了	89
ㄍㄚ	嘎	89
ㄍㄨㄛˊ ㄐㄧㄝˋ	國界	89
ㄅㄠˋ ㄅㄧㄠˇ	報表	89
ㄊㄞˋ ㄐㄧㄡˇ	太久	89
ㄏㄠˇ ㄨㄢˊ ㄉㄜ˙	好玩的	89
ㄐㄧˋ ㄋㄩˇ	妓女	89
ㄨㄟ ㄌㄧㄢˊ	威廉	89
ㄈㄥ ㄐㄧㄢˋ	封建	89
ㄉㄨㄟˋ ㄕㄥ	對生	89
ㄘㄥˊ ㄔㄨ	層出	89
ㄘㄥˊ ㄌㄡˊ	層樓	89
ㄌㄩˇ ㄒㄧㄥˊ	履行	89
ㄆㄧㄥˊ ㄐㄩㄣ ㄕㄨˋ	平均數	89
ㄔㄨˊ ㄕ	廚師	89
ㄔㄨˊ ㄩˊ	廚餘	89
ㄏㄡˋ ㄒㄧㄢˋ ㄉㄞˋ	後現代	89
ㄑㄧㄥˊ ㄉㄧㄠˋ	情調	89
ㄨㄛˇ ㄧㄝˇ ㄇㄟˊ	我也沒	89
ㄨㄛˇ ㄇㄚ	我媽	89
ㄍㄨㄚˋ ㄗㄞˋ	掛在	89
ㄊㄢˋ ㄘㄜˋ	探測	89
ㄅㄢ ㄐㄧㄚ	搬家	89
ㄔㄢ	摻	89
ㄔㄜˋ ㄒㄧㄠ	撤銷	89
ㄈㄤˋ ㄔㄨ ㄌㄞˊ	放出來	89
ㄒㄧㄣ ㄖㄣˊ ㄌㄟˋ	新人類	89
ㄖˋ ㄐㄧㄢ	日間	89
ㄕˊ ㄒㄧㄠˋ	時效	89
ㄓㄢˋ ㄏㄨㄢˇ	暫緩	89
ㄧㄢˊ ㄩㄥˋ	沿用	89
ㄆㄞˋ ㄉㄨㄟˋ	派對	89
ㄐㄧㄢˇ ㄏㄨㄢˇ	減緩	89
ㄉㄨˋ ㄍㄨㄛˋ	渡過	89
ㄓㄨㄣˇ ㄕˊ	準時	89
ㄓㄥ ㄒㄧㄤ	爭相	89
ㄊㄜˋ ㄒㄧㄠˋ	特效	89
ㄨㄤˊ ㄩㄥˇ ㄑㄧㄥˋ	王永慶	89
ㄅㄢ ㄓㄤˇ	班長	89
ㄌㄧˇ ㄈㄚˇ	理法	89
ㄕㄥ ㄒㄧㄠˋ	生效	89
ㄓㄣˇ	疹	89
ㄓ ㄒㄧㄥˋ	知性	89
ㄌㄧˇ ㄊㄤˊ	禮堂	89
ㄓㄢˋ ㄓㄤˇ	站長	89
ㄒㄧˋ ㄎㄢˋ	細看	89
ㄇㄧㄢˇ ㄉㄧㄢˋ	緬甸	89
ㄅㄠ	苞	89
ㄧㄥ ㄍㄨㄛˊ ㄖㄣˊ	英國人	89
ㄐㄧㄥ	荊	89
ㄑㄧㄢˊ ㄔㄥˊ	虔誠	89
ㄆㄤˊ	螃	89
ㄆㄤˊ ㄒㄧㄝˋ	螃蟹	89
ㄅㄧㄠˇ ㄒㄧㄢˋ ㄔㄨ ㄌㄞˊ	表現出來	89
ㄒㄧ ㄖㄣˊ	西人	89
ㄒㄧㄤˊ ㄐㄧㄣˋ	詳盡	89
ㄉㄧㄝˊ	諜	89
ㄎㄨㄚˋ ㄋㄧㄢˊ	跨年	89
ㄊㄚˋ ㄕㄤˋ	踏上	89
ㄋㄨㄥˊ ㄗㄨㄛˋ ㄨˋ	農作物	89
ㄋㄧˋ ㄓㄨㄢˇ	逆轉	89
ㄧㄡˊ ㄓㄥˋ	郵政	89
ㄆㄟˋ ㄜˊ	配額	89
ㄉㄨㄢˋ	鍛	89
ㄍㄜˊ ㄎㄨㄟˊ	閣揆	89
ㄌㄟˊ ㄊㄧㄥˊ	雷霆	89
ㄇㄧㄢˋ ㄊㄢˊ	面談	89
ㄉㄤˇ ㄓㄥˋ ㄐㄩㄣ	黨政軍	89
ㄧ ㄉㄧˋ	一地	88
ㄧˊ ㄉㄧˋ	一地	88
ㄧ ㄈㄚ	一發	88
ㄧˋ ㄈㄚ	一發	88
ㄧ ㄙ	一絲	88
ㄧˋ ㄙ	一絲	88
ㄧ ㄐㄧㄢˋ	一見	88
ㄧˊ ㄐㄧㄢˋ	一見	88
ㄒㄧㄚˋ ㄇㄧㄢˋ ㄉㄜ˙	下面的	88
ㄅㄨˊ ㄕㄣˋ	不慎	88
ㄕˋ ㄐㄧ	事蹟	88
ㄨˇ ㄊㄧㄠˊ	五條	88
ㄈㄣˋ ㄌㄧㄤˋ	份量	88
ㄓㄢˋ ㄉㄧˋ	佔地	88
ㄑㄧㄥ ㄉㄠˋ	傾倒	88
ㄌㄧㄤˇ ㄑㄧㄢ ㄋㄧㄢˊ	兩千年	88
ㄍㄨㄥ ㄈㄟˋ	公費	88
ㄉㄠˋ ㄑㄧˊ	到期	88
ㄍㄨㄥ ㄩㄥˋ	功用	88
ㄕˊ ㄎㄨㄞˋ	十塊	88
ㄈㄢˇ ㄓㄢˋ	反戰	88
ㄎㄜˇ ㄨㄟˋ	可謂	88
ㄒㄧ ㄒㄧㄝˇ	吸血	88
ㄕˋ	噬	88
ㄍㄨㄛˊ ㄩㄝˋ ㄊㄨㄢˊ	國樂團	88
ㄐㄧ ㄌㄨㄥˊ ㄕˋ	基隆市	88
ㄉㄚˋ ㄆㄧ	大批	88
ㄉㄚˋ ㄊㄧˊ ㄑㄧㄣˊ	大提琴	88
ㄊㄧㄢ ㄜˊ	天鵝	88
ㄋㄨˊ ㄌㄧˋ	奴隸	88
ㄌㄢˊ	婪	88
ㄒㄩㄢ ㄕˋ	宣誓	88
ㄒㄧㄝˇ ㄏㄠˇ	寫好	88
ㄅㄚ ㄙㄞˋ ㄌㄨㄥˊ ㄋㄚˋ	巴塞隆納	88
ㄐㄧㄢˋ ㄘㄞˊ	建材	88
ㄨㄤˇ ㄈㄢˇ	往返	88
ㄈㄣˋ	忿	88
ㄧˋ ㄋㄧㄢˋ	意念	88
ㄞˋ ㄌㄧˋ ㄙ	愛麗絲	88
ㄨㄛˇ ㄓˇ ㄧㄡˇ	我只有	88
ㄊㄡˊ ㄒㄧㄤˊ	投降	88
ㄓㄜˊ ㄇㄛˊ	折磨	88
ㄇㄨˇ	拇	88
ㄌㄚ ㄎㄞ	拉開	88
ㄊㄢˋ ㄑㄧㄣ	探親	88
ㄐㄧㄝ ㄕㄤˋ	接上	88
ㄐㄧㄠˋ ㄏㄨㄚˋ	教化	88
ㄈㄤ ㄒㄧㄥˊ	方形	88
ㄖˋ ㄒㄧㄚˋ	日下	88
ㄕˊ ㄕㄨˋ	時數	88
ㄏㄨㄟˋ	晦	88
ㄏㄨㄟˋ ㄕㄣˇ	會審	88
ㄩㄝˋ ㄅㄧㄥˇ	月餅	88
ㄉㄨㄥ ㄍㄤˇ	東港	88
ㄓㄤ	樟	88
ㄅㄧˇ ㄅㄨˊ ㄕㄤˋ	比不上	88
ㄇㄧㄣˊ ㄧㄡˇ	民有	88
ㄩㄥˇ ㄏㄜˊ	永和	88
ㄩㄥˇ ㄒㄩˋ ㄈㄚ ㄓㄢˇ	永續發展	88
ㄒㄧˋ ㄓˇ	汐止	88
ㄒㄧㄝˋ	泄	88
ㄑㄧㄥ ㄌㄧㄤˊ	清涼	88
ㄊㄜˋ ㄓㄨㄥˇ	特種	88
ㄐㄧㄤˇ ㄓㄤ	獎章	88
ㄓㄨㄛˊ	琢	88
ㄒㄧㄤ ㄉㄨㄟˋ ㄌㄨㄣˋ	相對論	88
ㄒㄧㄥˇ ㄙ	省思	88
ㄗㄨ ㄐㄧㄝˋ	租界	88
ㄌㄧˋ ㄊㄠˊ ㄨㄢˇ	立陶宛	88
ㄉㄧˋ ㄧ ㄅㄨˋ	第一步	88
ㄊㄨㄥˇ ㄓˋ ㄓㄜˇ	統治者	88
ㄐㄧㄣˇ ㄐㄧㄝ	緊接	88
ㄋㄥˊ ㄕㄤˋ	能上	88
ㄒㄧㄥˊ ㄨㄣˊ	行文	88
ㄅㄟˋ ㄉㄢ	被單	88
ㄔㄤˊ	裳	88
ㄕㄤ	裳	88
ㄕㄤ˙	裳	88
ㄒㄧ ㄍㄨㄚ	西瓜	88
ㄒㄩˇ ㄐㄧㄡˇ	許久	88
ㄐㄧㄥˇ ㄩㄢˊ	警員	88
ㄆㄧㄣˊ ㄈㄨˋ	貧富	88
ㄔㄜ ㄉㄨㄟˋ	車隊	88
ㄈㄢˇ ㄍㄨㄛˊ	返國	88
ㄐㄧㄣˋ ㄅㄨˋ ㄉㄜ˙	進步的	88
ㄅㄧ ㄐㄧㄣˋ	逼近	88
ㄧㄡˊ ㄌㄢˇ ㄔㄜ	遊覽車	88
ㄍㄨㄛˋ ㄈㄣˋ	過份	88
ㄍㄨㄛˋ ㄉㄤˋ	過當	88
ㄨㄟˊ ㄒㄧㄢˋ	違憲	88
ㄉㄡ ㄔㄨ	都出	88
ㄎㄞ ㄅㄛˋ	開播	88
ㄔㄢˇ ㄕㄨˋ	闡述	88
ㄉㄨㄟˋ ㄧㄡˇ	隊友	88
ㄗㄚˊ ㄓˋ ㄕㄜˋ	雜誌社	88
ㄌㄧㄥˊ ㄒㄧㄥ	零星	88
ㄍㄜˊ ㄒㄧㄣ	革新	88
ㄐㄧㄠˇ	餃	88
ㄍㄠ ㄈㄣ	高分	88
ㄙㄨㄥ ㄔˊ	鬆弛	88
ㄏㄟ ㄐㄧㄣ	黑金	88
ㄧ ㄎㄜ	一棵	87
ㄧˋ ㄎㄜ	一棵	87
ㄙㄢ ㄏㄜˊ ㄧ	三合一	87
ㄕˋ ㄐㄧㄝˋ ㄇㄠˋ ㄧˋ ㄗㄨˇ ㄓ	世界貿易組織	87
ㄓㄨㄥ ㄧㄥ	中英	87
ㄧㄝˇ ㄋㄥˊ ㄍㄡˋ	也能夠	87
ㄨˇ ㄕˊ ㄅㄚ	五十八	87
ㄖㄣˊ ㄒㄧㄥˊ ㄉㄠˋ	人行道	87
ㄒㄧㄡ ㄉㄜ˙	修的	87
ㄊㄧㄥˊ ㄗㄞˋ	停在	87
ㄡˇ ㄦˊ	偶而	87
ㄊㄡ ㄆㄞ	偷拍	87
ㄋㄟˋ ㄓㄢˋ	內戰	87
ㄑㄩㄢˊ ㄑㄧㄡˊ ㄒㄧㄥˋ	全球性	87
ㄅㄚ ㄐㄧㄡˇ ㄋㄧㄢˊ	八九年	87
ㄐㄧˋ	冀	87
ㄔㄨ ㄇㄞˋ	出賣	87
ㄕˊ ㄈㄣ ㄓ ㄧ	十分之一	87
ㄒㄧㄝˊ ㄅㄢˋ	協辦	87
ㄅㄛˊ ㄨˋ ㄩㄢˋ	博物院	87
ㄐㄧˊ ㄖˋ ㄑㄧˇ	即日起	87
ㄩㄢˊ ㄉㄧˋ	原地	87
ㄔ ㄎㄨㄟ	吃虧	87
ㄏㄜˊ ㄐㄧˋ	合計	87
ㄒㄧㄤˋ ㄌㄧㄤˋ	向量	87
ㄏㄜˊ ㄓㄥˋ	和政	87
ㄏㄜˊ ㄨㄣˊ	和文	87
ㄆㄧㄣˇ ㄍㄨㄢˇ	品管	87
ㄓㄜˊ ㄒㄩㄝˊ ㄒㄧˋ	哲學系	87
ㄑㄧㄤ	嗆	6.351308576902391
ㄑㄧㄤˋ	嗆	87
ㄙˋ ㄓ	四肢	87
ㄑㄩㄢ ㄑㄩㄢ	圈圈	87
ㄍㄨㄛˊ ㄉㄠˋ	國道	87
ㄊㄨˇ ㄓㄨˋ	土著	87
ㄉㄧˋ ㄒㄧㄚˋ ㄕˋ	地下室	87
ㄉㄚˋ ㄧˋ	大意	87
ㄖㄨˊ ㄑㄧˊ	如期	87
ㄒㄧㄝˇ ㄗㄞˋ	寫在	87
ㄎㄨㄢ ㄙㄨㄥ	寬鬆	87
ㄆㄧㄥˊ ㄅㄢˇ	平板	87
ㄐㄧˇ ㄉㄧㄢˇ	幾點	87
ㄈㄟˋ ㄓˇ	廢紙	87
ㄐㄧㄢˋ ㄧㄢˊ	建言	87
ㄅㄟ ㄕㄤ	悲傷	87
ㄑㄧㄥˊ ㄌㄩˇ	情侶	87
ㄑㄧㄥˊ ㄏㄨㄞˊ	情懷	87
ㄞˋ ㄦˇ ㄌㄢˊ	愛爾蘭	87
ㄐㄧㄝˋ ㄉㄨˊ	戒毒	87
ㄐㄧㄝˊ ㄖㄢˊ ㄅㄨˋ ㄊㄨㄥˊ	截然不同	87
ㄉㄚˇ ㄐㄧˊ ㄩㄝˋ	打擊樂	87
ㄉㄚˇ ㄘㄨㄛˋ	打錯	87
ㄢˋ ㄐㄧㄢˋ	按鍵	87
ㄌㄩㄝˋ ㄉㄨㄛˊ	掠奪	87
ㄙㄨㄣˇ ㄏㄨㄞˋ	損壞	87
ㄅㄛˋ ㄅㄠˋ	播報	87
ㄘㄨㄛ	撮	87
ㄘㄨㄛˋ	撮	6.351308576902391
ㄓㄥˇ ㄐㄧㄝˊ	整潔	87
ㄒㄧㄣ ㄨㄣˊ ㄅㄠˋ ㄉㄠˇ	新聞報導	87
ㄇㄢˋ ㄍㄨˇ	曼谷	87
ㄧㄡˇ ㄒㄧㄣ ㄉㄜ˙	有新的	87
ㄘㄨㄣ ㄓㄨㄤ	村莊	87
ㄍㄢ	柑	87
ㄕㄚ ㄉㄧㄠˋ	殺掉	87
ㄧㄤˇ ㄏㄨㄚˋ ㄊㄢˋ	氧化碳	87
ㄓˋ	炙	87
ㄨㄟˋ ㄇㄧㄥˊ	為名	87
ㄨˊ ㄉㄤˇ ㄐㄧˊ	無黨籍	87
ㄓㄠˋ ㄕㄜˋ	照射	87
ㄏㄨㄛˋ ㄓㄨㄣˇ	獲准	87
ㄌㄧˇ ㄔㄨ	理出	87
ㄐㄧㄣˋ ㄊㄡˊ	盡頭	87
ㄓˊ ㄓˋ	直至	87
ㄎㄢˋ ㄉㄧㄢˋ ㄧㄥˇ	看電影	87
ㄎㄢˇ ㄉㄧㄠˋ	砍掉	87
ㄉㄠˋ ㄍㄨˇ	稻穀	87
ㄌㄧˋ ㄈㄤ	立方	87
ㄓㄨˊ ㄌㄧㄣˊ	竹林	87
ㄅㄧㄢ ㄆㄞˊ	編排	87
ㄗㄨㄥˋ ㄕˇ	縱使	87
ㄗㄨㄥˇ ㄉㄨ	總督	87
ㄕㄥˋ ㄇㄨˇ	聖母	87
ㄏㄜˊ ㄦˇ ㄇㄥˊ	荷爾蒙	87
ㄏㄜˋ ㄦˇ ㄇㄥˊ	荷爾蒙	87
ㄙㄨ ㄍㄜˊ ㄌㄢˊ	蘇格蘭	87
ㄅㄨˇ ㄓㄨˋ ㄎㄨㄢˇ	補助款	87
ㄒㄧ ㄉㄜˊ	西德	87
ㄈㄨˋ ㄧˋ ㄢˋ	覆議案	87
ㄆㄧㄥˊ ㄈㄣ	評分	87
ㄅㄧㄢˋ ㄙㄜˋ	變色	87
ㄙㄞˋ ㄔㄥˊ	賽程	87
ㄗㄥˋ ㄆㄧㄣˇ	贈品	87
ㄅㄚˊ	跋	87
ㄔㄜ ㄒㄧㄤ	車廂	87
ㄈㄨˇ ㄉㄠˇ ㄐㄧㄣ	輔導金	87
ㄊㄨㄥ ㄉㄧㄢˋ	通電	87
ㄍㄨㄤˋ ㄐㄧㄝ	逛街	87
ㄉㄡ ㄒㄧㄤˇ	都想	87
ㄆㄟˋ ㄈㄤ	配方	87
ㄆㄟˋ ㄐㄧˇ	配給	87
ㄓㄣˋ ㄓㄤˇ	鎮長	87
ㄒㄧㄡˋ	鏽	87
ㄍㄨㄢ ㄇㄣˊ	關門	87
ㄏㄨㄤˊ	隍	87
ㄉㄧㄠ ㄒㄧㄤˋ	雕像	87
ㄐㄧㄥˋ ㄒㄧㄚˋ	靜下	87
ㄩˋ ㄒㄧㄢ	預先	87
ㄕㄡˇ ㄐㄧㄤˇ	首獎	87
ㄍㄠ ㄒㄩㄥˊ ㄕˋ ㄓㄤˇ	高雄市長	87
ㄧ ㄐㄧㄡˇ ㄦˋ	一九二	86
ㄙㄢ ㄑㄧㄢ ㄉㄨㄛ	三千多	86
ㄙㄢ ㄐㄩㄣ	三軍	86
ㄦˋ ㄘˋ ㄉㄚˋ ㄓㄢˋ	二次大戰	86
ㄌㄨㄣˊ	侖	86
ㄒㄧˋ ㄕㄨˋ	係數	86
ㄅㄠˇ ㄨㄟˋ	保衛	86
ㄖㄨˋ ㄔㄤˇ	入場	86
ㄍㄨㄥ ㄧˋ ㄘㄞˇ ㄑㄩㄢˋ	公益彩券	86
ㄌㄧㄡˋ ㄕˊ ㄙㄢ	六十三	86
ㄍㄨㄥˋ ㄊㄨㄥˊ ㄊㄧˇ	共同體	86
ㄗㄞˋ ㄏㄨㄟˋ	再會	86
ㄔㄨ ㄨㄞˋ	出外	86
ㄐㄧㄚ ㄓㄨㄤ	加裝	86
ㄉㄨㄥˋ ㄉㄤˋ	動盪	86
ㄌㄠˊ ㄍㄨㄥ ㄐㄩˊ	勞工局	86
ㄕˊ ㄙㄢ ㄏㄠˋ	十三號	86
ㄕˊ ㄌㄧㄡˋ ㄙㄨㄟˋ	十六歲	86
ㄖㄨㄟˋ	叡	86
ㄎㄜˇ ㄧˊ	可疑	86
ㄍㄜˋ ㄉㄤˇ	各黨	86
ㄏㄜˊ ㄈㄚˇ ㄏㄨㄚˋ	合法化	86
ㄏㄜˊ ㄌㄧˇ ㄏㄨㄚˋ	合理化	86
ㄊㄨㄥˊ ㄒㄧㄤ	同鄉	86
ㄈㄡˇ ㄐㄩㄝˊ	否決	86
ㄡˇ ㄊㄨˋ	嘔吐	86
ㄍㄨㄛˊ ㄍㄜ	國歌	86
ㄔㄥˊ ㄏㄨㄤˊ	城隍	86
ㄅㄨˋ	埠	86
ㄒㄧㄚˋ ㄌㄧㄥˋ ㄧㄥˊ	夏令營	86
ㄨㄞˋ ㄓㄤˇ	外長	86
ㄉㄚˋ ㄉㄨ ㄏㄨㄟˋ	大都會	86
ㄉㄨㄟˋ ㄉㄧˋ	對地	86
ㄒㄧㄠˇ ㄨ	小屋	86
ㄕㄠˋ ㄅㄤˋ	少棒	86
ㄐㄧㄢ ㄈㄥ	尖峰	86
ㄍㄨㄥ ㄗㄨㄛˋ ㄑㄩㄢˊ	工作權	86
ㄅㄚ ㄍㄜˊ ㄉㄚˊ	巴格達	86
ㄉㄧˋ ㄨㄤˊ	帝王	86
ㄘㄨㄥˊ ㄐㄧㄣ ㄊㄧㄢ ㄎㄞ ㄕˇ	從今天開始	86
ㄊㄧˋ	惕	86
ㄧˋ	懿	86
ㄔㄥˊ ㄍㄨㄥ ㄌㄩˋ	成功率	86
ㄔㄥˊ ㄐㄧ ㄉㄢ	成績單	86
ㄘㄞˊ ㄎㄢˋ	才看	86
ㄆㄧ ㄈㄚ	批發	86
ㄊㄨㄛ ㄧㄢˊ	拖延	86
ㄎㄠˇ ㄅㄟˋ	拷貝	86
ㄆㄞˊ ㄉㄜ˙	排的	86
ㄇㄛˊ ㄘㄚ	摩擦	86
ㄕㄡ ㄍㄜ	收割	86
ㄨㄣˊ ㄏㄨㄚˋ ㄓㄨㄥ ㄒㄧㄣ	文化中心	86
ㄗㄠˇ ㄑㄧˊ ㄉㄜ˙	早期的	86
ㄕˊ ㄒㄧㄚˋ	時下	86
ㄢˋ ㄓㄨㄥ	暗中	86
ㄕㄨ ㄩㄢˋ	書院	86
ㄧㄡˇ ㄕˇ	有使	86
ㄧㄡˇ ㄒㄧㄥˊ	有形	86
ㄧㄡˇ ㄩㄥˋ ㄉㄜ˙	有用的	86
ㄧㄡˇ ㄑㄧㄢˊ ㄖㄣˊ	有錢人	86
ㄑㄧˊ ㄖˋ	期日	86
ㄘˋ ㄩˊ	次於	86
ㄅㄨˋ ㄒㄧㄥˊ	步行	86
ㄅㄧㄣˋ	殯	86
ㄅㄧˇ ㄐㄧㄠˋ ㄓㄨㄥˋ	比較重	86
ㄐㄩˇ ㄙㄤˋ	沮喪	86
ㄏㄨㄥˊ	泓	86
ㄆㄠˋ ㄇㄧㄢˋ	泡麵	86
ㄏㄣˇ ㄏㄣˇ	狠狠	86
ㄆㄧˊ ㄆㄚˊ	琵琶	86
ㄕㄥ ㄔㄨ ㄌㄞˊ	生出來	86
ㄞˊ ㄒㄧˋ ㄅㄠ	癌細胞	86
ㄧㄢˊ ㄒㄧˋ ㄅㄠ	癌細胞	86
ㄊㄨˊ ㄈㄚ	突發	86
ㄐㄧㄥ ㄘㄞˇ ㄉㄜ˙	精彩的	86
ㄌㄠˇ ㄧㄝˊ	老爺	86
ㄕㄜˊ ㄊㄡˊ	舌頭	86
ㄕㄜˊ ㄊㄡ˙	舌頭	86
ㄨˇ ㄊㄞˊ ㄐㄩˋ	舞台劇	86
ㄎㄨˇ ㄌㄜ˙	苦了	86
ㄧ ㄨˋ	衣物	86
ㄧㄠˋ ㄖㄣˊ	要人	86
ㄕˋ ㄒㄧㄢˋ	視線	86
ㄑㄧㄣ ㄧㄢˇ	親眼	86
ㄍㄞ ㄌㄞˊ	該來	86
ㄩˋ	諭	86
ㄓㄥˋ ㄖㄣˊ	證人	86
ㄧˋ ㄐㄧㄚˋ	議價	86
ㄊㄢ ㄌㄢˊ	貪婪	86
ㄊㄧㄠˋ ㄍㄨㄛˋ	跳過	86
ㄉㄠˋ ㄐㄩˋ	道具	86
ㄩㄢˇ ㄈㄤ	遠方	86
ㄉㄡ ㄗㄨㄛˋ	都做	86
ㄌㄧㄤˋ ㄏㄨㄚˋ	量化	86
ㄒㄧㄢˊ ㄌㄧㄠˊ	閒聊	86
ㄈㄨˋ ㄐㄧㄢˋ	附件	86
ㄐㄧㄤˋ ㄩˇ	降雨	86
ㄕㄨㄤ ㄅㄠ	雙胞	86
ㄒㄩㄝˇ ㄌㄧˊ	雪梨	86
ㄑㄩ ㄓㄨˊ	驅逐	86
ㄍㄠ ㄌㄡˊ	高樓	86
ㄍㄠ ㄓㄤˇ	高漲	86
ㄧㄚ ㄗ˙	鴨子	86
ㄍㄜ ㄗ˙	鴿子	86
ㄉㄧㄢˇ ㄌㄞˊ	點來	86
ㄧ ㄉㄨㄥˋ	一動	85
ㄧˊ ㄉㄨㄥˋ	一動	85
ㄧ ㄒㄧㄣ	一新	85
ㄧˋ ㄒㄧㄣ	一新	85
ㄑㄧ ㄕˋ	七世	85
ㄕㄤˋ ㄉㄠˋ	上到	85
ㄕˋ ㄐㄧㄝˋ ㄌㄧˇ	世界裡	85
ㄐㄧㄠ ㄉㄠˋ	交道	85
ㄏㄥ ㄌㄧˋ	亨利	85
ㄈㄨˋ ㄓㄨ	付諸	85
ㄧˇ ㄋㄢˊ	以南	85
ㄉㄧ ㄔㄠˊ	低潮	85
ㄉㄧ ㄧㄣ	低音	85
ㄓㄢˋ ㄐㄩˋ	佔據	85
ㄅㄧㄥˋ ㄢˋ	併案	85
ㄅㄠˇ ㄍㄨㄢˇ	保管	85
ㄊㄧㄥˊ ㄓˋ	停滯	85
ㄐㄧㄣˇ ㄘㄨㄣˊ	僅存	85
ㄩㄢˊ ㄐㄧㄢˋ	元件	85
ㄉㄧㄢˇ ㄒㄧㄥˊ ㄉㄜ˙	典型的	85
ㄈㄣ ㄉㄧˋ	分地	85
ㄅㄧㄝˊ ㄧㄡˇ	別有	85
ㄌㄧˋ ㄑㄧˋ	利器	85
ㄜˋ	厄	85
ㄊㄨㄥˊ ㄌㄞˊ	同來	85
ㄆㄧㄣˇ ㄇㄧㄥˊ	品名	85
ㄞ	哎	85
ㄕㄤ ㄐㄧㄝˋ	商界	85
ㄏㄡˊ ㄌㄨㄥˊ	喉嚨	85
ㄑㄧˋ ㄨˋ	器物	85
ㄊㄨㄢˊ ㄓㄤˇ	團長	85
ㄉㄚˋ ㄉㄚˋ ㄒㄧㄠˇ ㄒㄧㄠˇ	大大小小	85
ㄉㄚˋ ㄉㄧˇ	大抵	85
ㄉㄚˋ ㄕㄨㄟˇ	大水	85
ㄉㄚˋ ㄐㄧㄤˇ	大獎	85
ㄒㄩˋ	婿	85
ㄗˋ ㄇㄨˇ	字母	85
ㄍㄨ ㄌㄧˋ	孤立	85
ㄐㄧㄚ ㄈㄨˊ	家扶	85
ㄓㄨㄢ ㄓˋ	專制	85
ㄐㄧㄡˋ ㄗㄨㄛˋ	就做	85
ㄕㄢ ㄒㄧㄤ	山鄉	85
ㄕ ㄩㄢˋ	師院	85
ㄋㄧㄢˊ ㄒㄧㄚˋ	年下	85
ㄐㄧˇ ㄓㄨㄥˇ	幾種	85
ㄏㄡˋ ㄕˋ	後世	85
ㄉㄜˊ ㄗㄨㄟˋ	得罪	85
ㄨㄟˊ ㄖㄨㄛˋ	微弱	85
ㄏㄥˊ ㄔㄨㄣ	恆春	85
ㄒㄧㄤˇ ㄋㄧㄢˋ	想念	85
ㄆㄧㄥˊ ㄐㄧㄝˋ	憑藉	85
ㄓㄠˇ ㄍㄜ˙	找個	85
ㄐㄩㄢ ㄒㄧㄝˇ	捐血	85
ㄊㄧˊ ㄢˋ ㄖㄣˊ	提案人	85
ㄘㄠ ㄎㄨㄥˋ	操控	85
ㄨㄣˊ ㄕㄥ	文生	85
ㄒㄧㄣ ㄧˊ ㄉㄞˋ	新一代	85
ㄖˋ ㄩˇ	日語	85
ㄅㄠˋ ㄉㄨㄥˋ	暴動	85
ㄍㄥˋ ㄗㄠ	更糟	85
ㄘㄨㄣ ㄌㄨㄛˋ	村落	85
ㄌㄧㄣˊ ㄑㄩㄢˊ	林全	85
ㄏㄜˊ ㄈㄟˋ ㄌㄧㄠˋ	核廢料	85
ㄓㄢˋ	棧	85
ㄕㄨˋ ㄍㄢˋ	樹幹	85
ㄍㄜ ㄊㄢˊ	歌壇	85
ㄓㄥˋ ㄏㄡˋ	正後	85
ㄌㄧˋ ㄋㄧㄢˊ ㄌㄞˊ	歷年來	85
ㄉㄞˋ	殆	85
ㄑㄧˋ ㄌㄧㄡˊ	氣流	85
ㄕㄨㄟˇ ㄓㄨㄥ	水中	85
ㄑㄧㄡˊ ㄕㄥ	求生	85
ㄔㄣˊ ㄇㄛˋ	沈默	85
ㄕㄚ ㄨ ㄉㄧˋ ㄚ ㄌㄚ ㄅㄛˊ	沙烏地阿拉伯	85
ㄈㄚˇ ㄌㄨㄣˊ	法輪	85
ㄅㄛ ㄌㄨㄛˊ	波羅	85
ㄆㄛ ㄌㄨㄛˊ	波羅	85
ㄕ ㄉㄧˋ	溼地	85
ㄆㄧㄠ ㄌㄧㄡˊ	漂流	85
ㄐㄧ ㄑㄧㄥˊ	激情	85
ㄨˊ ㄓㄨˋ	無助	85
ㄨˊ ㄒㄧㄣ	無心	85
ㄓㄠˋ ㄅㄢˋ	照辦	85
ㄒㄩㄥˊ ㄉㄢˇ	熊膽	85
ㄕㄡˋ ㄌㄧㄝˋ	狩獵	85
ㄕㄨ ㄌㄧˊ	疏離	85
ㄅㄚ	疤	85
ㄅㄞˊ ㄅㄞˊ	白白	85
ㄐㄧㄣˋ ㄎㄨㄞˋ	盡快	85
ㄎㄢˋ ㄕㄤˋ	看上	85
ㄎㄢˋ ㄉㄧㄢˋ ㄕˋ	看電視	85
ㄖㄨㄟˋ	睿	85
ㄓ ㄑㄧㄥˊ	知情	85
ㄌㄧˋ ㄖㄣˊ	立人	85
ㄐㄧㄝˊ ㄉㄧㄢˇ	節點	85
ㄗㄨㄥˇ ㄅㄧㄢ	總編	85
ㄌㄧㄥˊ	羚	85
ㄎㄠˇ ㄊㄧˊ	考題	85
ㄆㄧㄣˋ ㄖㄣˋ	聘任	85
ㄆㄧㄥˋ ㄖㄣˋ	聘任	85
ㄕㄥ ㄒㄧㄤˇ	聲響	85
ㄐㄩˇ ㄕˋ	舉世	85
ㄇㄤˊ ㄖㄢˊ	茫然	85
ㄘㄠˇ ㄘㄨㄥˊ	草叢	85
ㄨㄢˋ ㄢ	萬安	85
ㄨㄢˋ ㄏㄨㄚˊ	萬華	85
ㄍㄨㄟ ㄉㄧㄥˋ ㄉㄜ˙	規定的	85
ㄉㄧㄥˋ ㄍㄡˋ	訂購	85
ㄗ ㄧㄡ	資優	85
ㄓㄨㄢˇ ㄩㄣˋ	轉運	85
ㄉㄧˊ ㄕˋ ㄋㄧˊ	迪士尼	85
ㄙㄨㄥˋ ㄐㄧㄣˋ	送進	85
ㄊㄠˊ ㄕㄥ	逃生	85
ㄍㄨㄛˋ ㄧㄣˇ	過癮	85
ㄉㄠˋ ㄑㄧˊ	道奇	85
ㄧㄣˊ ㄏㄜˊ	銀河	85
ㄕㄢˇ ㄍㄨㄤ	閃光	85
ㄎㄞ ㄎㄜˋ	開課	85
ㄎㄞ ㄎㄨㄛˋ	開闊	85
ㄗㄨˇ ㄉㄤˇ	阻擋	85
ㄙㄨㄟˊ ㄉㄧˋ	隨地	85
ㄙㄨㄟ ㄗㄜˊ	雖則	85
ㄌㄟˊ ㄍㄣ	雷根	85
ㄉㄧㄢˋ ㄋㄠˇ ㄏㄨㄚˋ	電腦化	85
ㄑㄧㄥ ㄊㄧㄢ	青天	85
ㄑㄧㄥ ㄘㄠˇ	青草	85
ㄑㄧㄥ ㄘㄞˋ	青菜	85
ㄍㄨˇ ㄙㄨㄟˇ	骨髓	85
ㄍㄠ ㄉㄤˇ	高檔	85
ㄍㄠ ㄎㄨㄥ	高空	85
ㄧ ㄆㄤˊ	一旁	84
ㄧˋ ㄆㄤˊ	一旁	84
ㄧ ㄕㄣ	一身	84
ㄧˋ ㄕㄣ	一身	84
ㄒㄧㄚˋ ㄓㄡ	下週	84
ㄅㄨˊ ㄓˋ ㄩˊ	不至於	84
ㄕˋ ㄐㄧㄝˋ ㄐㄧˊ	世界級	84
ㄓㄨㄥ ㄉㄧ	中低	84
ㄧˋ ㄧㄡˇ	亦有	84
ㄕˇ ㄔㄨ	使出	84
ㄧ ㄒㄩˋ	依序	84
ㄅㄠˇ ㄕㄡˇ ㄆㄞˋ	保守派	84
ㄍㄨㄤ ㄒㄩˋ	光緒	84
ㄅㄚ ㄉㄚˋ	八大	84
ㄩㄢ ㄨㄤˇ	冤枉	84
ㄈㄣ ㄍㄨㄥ ㄙ	分公司	84
ㄈㄣ ㄏㄤˊ	分行	84
ㄓˋ ㄓˇ	制止	84
ㄒㄧㄠ ㄖㄨㄛˋ	削弱	84
ㄒㄩㄝˋ ㄖㄨㄛˋ	削弱	84
ㄈㄨˋ ㄐㄩˊ ㄓㄤˇ	副局長	84
ㄕㄥˋ ㄈㄨˋ	勝負	84
ㄑㄩ ㄩㄣˋ	區運	84
ㄕˊ ㄦˋ ㄙㄨㄟˋ	十二歲	84
ㄒㄧㄝˊ ㄊㄧㄠˊ ㄏㄨㄟˋ	協調會	84
ㄊㄨㄥˊ ㄒㄧㄣ	同心	84
ㄩㄢˊ ㄜˊ	員額	84
ㄕㄢˋ ㄜˋ	善惡	84
ㄓㄨˇ	囑	84
ㄉㄨㄣˋ	囤	6.351308576902391
ㄊㄨㄣˊ	囤	84
ㄊㄨㄢˊ ㄍㄡˋ	團購	84
ㄨㄞˋ ㄓㄨㄢˋ	外傳	84
ㄨㄞˋ ㄧㄝˇ	外野	84
ㄋㄞˇ ㄧㄡˊ	奶油	84
ㄐㄧˊ	嫉	84
ㄕㄜˋ ㄒㄧㄢˋ	射線	84
ㄐㄧㄤ ㄔㄨ	將出	84
ㄐㄧㄤ ㄩˇ	將與	84
ㄒㄧㄠˇ ㄧㄚˇ	小雅	84
ㄘㄥˊ ㄔㄨ ㄅㄨˋ ㄑㄩㄥˊ	層出不窮	84
ㄔㄤˊ ㄎㄜˇ	常可	84
ㄋㄧㄢˊ ㄌㄠˇ	年老	84
ㄓㄤ ㄉㄚˋ	張大	84
ㄎㄨㄞˋ ㄎㄨㄞˋ	快快	84
ㄧˋ ㄐㄧㄥˋ	意境	84
ㄇㄢˋ ㄇㄢˋ ㄉㄜ˙	慢慢的	84
ㄌㄧㄢˋ ㄑㄧㄥˊ	戀情	84
ㄔㄥˊ ㄅㄞˋ	成敗	84
ㄔㄥˊ ㄩˇ	成語	84
ㄕㄡˇ ㄨㄢˋ	手腕	84
ㄉㄚˇ ㄉㄧㄢˇ	打點	84
ㄆㄞˊ ㄨㄢ	排灣	84
ㄑㄧㄤˇ ㄐㄧㄝˊ	搶劫	84
ㄍㄞˇ ㄍㄨㄛˋ	改過	84
ㄒㄧㄣ ㄨㄣˊ ㄒㄩㄝˊ	新聞學	84
ㄕㄨˋ	曙	84
ㄗㄨㄟˋ ㄐㄧ ㄅㄣˇ	最基本	84
ㄒㄩˇ	栩	84
ㄍㄜˊ ㄌㄧㄣˊ	格林	84
ㄍㄨㄟˋ ㄏㄨㄚ	桂花	84
ㄓㄨㄛ ㄧˇ	桌椅	84
ㄓㄨㄛ ㄑㄧㄡˊ	桌球	84
ㄊㄤˊ	棠	84
ㄏㄥˊ ㄎㄨㄚˋ	橫跨	84
ㄇㄠˊ ㄇㄠˊ	毛毛	84
ㄑㄧㄡˊ ㄓㄨˋ	求助	84
ㄈㄚˇ ㄅㄨˋ	法部	84
ㄍㄤˇ ㄑㄩ	港區	84
ㄇㄟˊ	湄	84
ㄗㄞ ㄇㄧㄣˊ	災民	84
ㄘㄞ ㄒㄧㄤˇ	猜想	84
ㄨㄢˊ ㄌㄜ˙	玩了	84
ㄨㄢˊ ㄌㄧㄠˇ	玩了	84
ㄨㄢˋ ㄌㄜ˙	玩了	84
ㄨㄢˋ ㄌㄧㄠˇ	玩了	84
ㄕㄥ ㄏㄨㄢˊ	生還	84
ㄓㄥ	癥	84
ㄈㄚ ㄨㄣˊ	發文	84
ㄏㄨㄤˊ ㄏㄡˋ	皇后	84
ㄕㄥˇ ㄓㄥˋ	省政	84
ㄆㄥˋ ㄔㄨˋ	碰觸	84
ㄕㄣˊ ㄒㄧㄢ	神仙	84
ㄕㄣˊ ㄊㄨㄥ	神通	84
ㄓㄢˋ ㄔㄨ	站出	84
ㄉㄨㄢ ㄨˇ ㄐㄧㄝˊ	端午節	84
ㄐㄧㄝˊ ㄐㄧㄝˊ	節節	84
ㄋㄧㄢˊ	粘	84
ㄒㄧˋ ㄅㄨˋ	細部	84
ㄓㄨㄥ ㄕㄥ	終生	84
ㄍㄟˇ ㄩˇ	給與	84
ㄕㄢˋ	膳	84
ㄗˋ ㄩㄥˋ	自用	84
ㄓㄨㄤ ㄧㄢˊ	莊嚴	84
ㄐㄧㄤˇ ㄍㄨㄥ	蔣公	84
ㄈㄢ ㄕㄨˇ	蕃薯	84
ㄧㄠˋ ㄕ	藥師	84
ㄧㄚˋ ㄧˋ	訝異	84
ㄖㄣˋ ㄔㄨ	認出	84
ㄖㄣˋ ㄑㄧㄥ	認清	84
ㄐㄧㄥˇ ㄐㄧㄝˋ	警戒	84
ㄓㄨㄟˋ	贅	84
ㄗㄡˇ ㄌㄤˊ	走廊	84
ㄑㄧˇ ㄐㄧㄚ	起家	84
ㄔㄣˋ ㄐㄧ	趁機	84
ㄍㄣ ㄕㄤˋ	跟上	84
ㄌㄨˋ ㄍㄨㄛˋ	路過	84
ㄅㄧˋ	辟	6.351308576902391
ㄆㄧˋ	辟	84
ㄋㄨㄥˊ ㄐㄧㄚ	農家	84
ㄓㄜˋ ㄧㄤˋ ㄏㄨㄟˋ	這樣會	84
ㄧㄡˊ ㄨㄢˊ	遊玩	84
ㄔˊ ㄏㄨㄢˇ	遲緩	84
ㄒㄧㄣ	鑫	84
ㄅㄧˋ ㄇㄨˋ	閉幕	84
ㄉㄧㄢˋ ㄑㄧˋ	電器	84
ㄒㄧㄢˋ	餡	84
ㄕㄡˇ ㄒㄧˊ	首席	84
ㄧ ㄔㄨ	一齣	83
ㄧˋ ㄔㄨ	一齣	83
ㄑㄧ ㄧ	七一	83
ㄙㄢ ㄇㄠˊ	三毛	83
ㄒㄧㄚˋ ㄕㄨㄟˇ ㄉㄠˋ	下水道	83
ㄅㄨˋ ㄑㄩㄢˊ	不全	83
ㄅㄨˊ ㄅㄧˋ ㄧㄠˋ	不必要	83
ㄅㄨˋ ㄊㄧˊ	不提	83
ㄅㄨˊ ㄐㄧˋ	不計	83
ㄧㄠ	么	83
ㄐㄧㄠ ㄈㄨˋ	交付	83
ㄖㄣˊ ㄕㄣ	人參	83
ㄉㄞˋ ㄨㄟˊ	代為	83
ㄖㄣˋ ㄇㄧㄥˋ	任命	83
ㄅㄢˋ ㄗㄡˋ	伴奏	83
ㄗㄨㄛˋ ㄏㄠˇ	作好	83
ㄌㄞˊ ㄕˋ	來試	83
ㄐㄧㄝˊ ㄗㄨㄛˋ	傑作	83
ㄘㄨㄟ ㄕㄥ	催生	83
ㄕㄤ ㄋㄠˇ ㄐㄧㄣ	傷腦筋	83
ㄒㄧㄢ ㄧㄠˋ	先要	83
ㄇㄧㄢˇ ㄔㄨˊ	免除	83
ㄋㄟˋ ㄓㄥˋ ㄅㄨˋ ㄓㄤˇ	內政部長	83
ㄌㄧㄤˇ ㄐㄧˊ	兩極	83
ㄅㄚ ㄕˊ	八時	83
ㄉㄠˋ ㄕㄡˇ	到手	83
ㄌㄧˋ ㄑㄧㄡˊ	力求	83
ㄌㄧˋ ㄉㄠˋ	力道	83
ㄐㄧㄚ ㄇㄚˇ	加碼	83
ㄋㄢˊ ㄏㄞˇ	南海	83
ㄧㄣˋ ㄒㄧㄤˋ ㄕㄣ ㄎㄜˋ	印象深刻	83
ㄨㄟˊ ㄒㄧㄢˇ ㄉㄜ˙	危險的	83
ㄐㄩㄝˊ	厥	83
ㄐㄧㄠˋ ㄖㄣˊ	叫人	83
ㄎㄜˇ ㄉㄚˊ	可達	83
ㄔ ㄅㄠˇ	吃飽	83
ㄍㄜˋ ㄈㄤ ㄇㄧㄢˋ	各方面	83
ㄍㄜˋ ㄅㄨˋ ㄏㄨㄟˋ	各部會	83
ㄐㄩˇ	咀	83
ㄜˋ	噩	83
ㄍㄨㄛˊ ㄏㄨㄚˊ	國華	83
ㄨㄞˋ ㄒㄧㄝˋ	外洩	83
ㄨㄞˋ ㄌㄧㄡˊ	外流	83
ㄉㄨㄛ ㄅㄧㄢˋ	多變	83
ㄉㄚˋ ㄋㄧㄢˊ	大年	83
ㄗㄡˋ ㄑㄩˇ	奏曲	83
ㄉㄤˋ	宕	83
ㄕˊ ㄕˊ	實實	83
ㄒㄧㄝˇ ㄉㄠˋ	寫到	83
ㄓㄨㄢ ㄖㄣˊ	專人	83
ㄒㄧㄠˇ ㄐㄧㄥˋ	小徑	83
ㄕㄢ ㄉㄧㄥˇ	山頂	83
ㄔㄤˊ ㄎㄢˋ	常看	83
ㄋㄧㄢˊ ㄕㄠˋ	年少	83
ㄓㄤ ㄞˋ ㄌㄧㄥˊ	張愛玲	83
ㄏㄡˋ ㄐㄧˋ	後繼	83
ㄓㄨㄥ ㄧˋ	忠義	83
ㄙ ㄔㄠˊ	思潮	83
ㄜˋ ㄇㄥˋ	惡夢	83
ㄧˋ ㄕˋ ㄒㄧㄥˊ ㄊㄞˋ	意識形態	83
ㄎㄤ	慷	83
ㄎㄤˇ	慷	83
ㄕㄡˇ ㄕˋ	手勢	83
ㄘㄞˊ ㄏㄨㄚˊ	才華	83
ㄉㄚˇ ㄌㄠ	打撈	83
ㄉㄚˇ ㄊㄧㄥ	打聽	83
ㄌㄚ ㄏㄨㄟˊ	拉回	83
ㄆㄞ ㄒㄧㄚˋ	拍下	83
ㄍㄨㄚˋ ㄏㄠˋ	掛號	83
ㄒㄧㄣ ㄨㄣˊ ㄒㄧˋ	新聞系	83
ㄆㄤˊ ㄍㄨㄢ	旁觀	83
ㄇㄧㄥˊ ㄖㄣˊ	明人	83
ㄏㄨㄟ	暉	83
ㄧㄡˇ ㄨㄟˊ	有為	83
ㄨㄟˋ ㄇㄢˇ	未滿	83
ㄨㄟˋ ㄐㄧㄥ	未經	83
ㄇㄡˇ ㄇㄡˇ	某某	83
ㄍㄞˋ ㄧㄠˋ	概要	83
ㄧㄤˋ ㄕˋ	樣式	83
ㄇㄥˊ	檬	83
ㄍㄨㄟˋ ㄊㄞˊ	櫃台	83
ㄕㄨㄟˇ ㄌㄧㄡˊ	水流	83
ㄐㄧˊ	汲	83
ㄑㄧˋ ㄐㄧ ㄔㄜ	汽機車	83
ㄆㄠˋ ㄇㄛˋ	泡沫	83
ㄔㄨㄣˊ	淳	83
ㄏㄨˊ ㄋㄢˊ	湖南	83
ㄐㄧ ㄉㄤˋ	激盪	83
ㄐㄧㄡˇ	灸	83
ㄖㄜˋ ㄌㄨㄛˋ	熱絡	83
ㄧㄥ	瓔	83
ㄉㄤ ㄇㄧㄢˋ	當面	83
ㄒㄧㄤ ㄊㄨㄥ	相通	83
ㄐㄧㄝˊ	睫	83
ㄐㄧ ㄕㄨㄟˇ	積水	83
ㄎㄨㄥ ㄊㄧㄠˊ	空調	83
ㄈㄣ ㄓㄥ	紛爭	83
ㄐㄧㄥ ㄧㄥˊ ㄓㄜˇ	經營者	83
ㄗㄨㄥˇ ㄐㄧㄠˋ ㄌㄧㄢˋ	總教練	83
ㄑㄩㄝ ㄎㄡˇ	缺口	83
ㄓㄡˇ	肘	83
ㄅㄟˋ ㄅㄨˋ	背部	83
ㄗˋ ㄧㄡˊ ㄕˊ ㄅㄠˋ	自由時報	83
ㄧㄠˋ ㄐㄧˋ	藥劑	83
ㄌㄢˊ ㄧㄤˊ	蘭陽	83
ㄓㄨㄤ ㄕㄤˋ	裝上	83
ㄕㄨㄛ ㄓㄣ ㄉㄜ˙	說真的	83
ㄏㄨㄤˇ ㄧㄢˊ	謊言	83
ㄏㄨㄚˊ	豁	83
ㄏㄨㄛ	豁	83
ㄏㄨㄛˋ	豁	83
ㄓㄨˇ	貯	83
ㄊㄚˋ ㄕˊ	踏實	83
ㄐㄩㄣ ㄍㄨㄥ ㄐㄧㄠˋ	軍公教	83
ㄌㄨㄣˊ ㄊㄧˋ	輪替	83
ㄊㄧㄠˊ	迢	83
ㄓㄜˋ ㄓ	這支	83
ㄓㄡ ㄅㄧㄢ	週邊	83
ㄧˊ ㄌㄧㄡˊ	遺留	83
ㄐㄩˋ	遽	83
ㄉㄡ ㄏㄠˇ	都好	83
ㄒㄩˋ	酗	83
ㄌㄧㄤˋ ㄗˇ	量子	83
ㄐㄧㄣ ㄍㄤ	金剛	83
ㄈㄤˊ ㄎㄨㄥ	防空	83
ㄔㄨˊ ㄑㄩˋ	除去	83
ㄩˊ	隅	83
ㄐㄧˊ ㄑㄩㄢˊ	集權	83
ㄧㄣ ㄒㄧㄠˋ	音效	83
ㄉㄧㄥˇ ㄕㄤˋ	頂上	83
ㄇㄚˇ ㄊㄨㄥˇ	馬桶	83
ㄐㄧㄚˋ ㄔㄜ	駕車	83
ㄌㄨㄛˋ ㄊㄨㄛˊ	駱駝	83
ㄧ ㄈㄨˊ	一幅	82
ㄧˋ ㄈㄨˊ	一幅	82
ㄧ ㄉㄨㄥˋ	一棟	82
ㄧˊ ㄉㄨㄥˋ	一棟	82
ㄙㄢ ㄕˊ	三時	82
ㄕㄤˋ ㄐㄧㄤˋ	上將	82
ㄕㄤˋ ㄔㄜ	上車	82
ㄅㄨˋ ㄑㄧˇ ㄌㄞˊ	不起來	82
ㄏㄨˋ ㄊㄨㄥ	互通	82
ㄨˇ ㄖㄨˇ	侮辱	82
ㄨˇ ㄖㄨˋ	侮辱	82
ㄗㄨㄛˋ ㄞˋ	做愛	82
ㄔㄨㄢˊ ㄐㄧㄠˋ	傳教	82
ㄨˋ	兀	82
ㄒㄧㄢ ㄈㄥ	先鋒	82
ㄑㄩㄢˊ ㄒㄧㄣ ㄉㄜ˙	全新的	82
ㄑㄩㄢˊ ㄆㄢˊ	全盤	82
ㄌㄧㄤˇ ㄐㄧㄚ	兩家	82
ㄍㄨㄥ ㄎㄜˋ	公克	82
ㄔㄨ ㄧ	初一	82
ㄗㄜˊ ㄏㄨㄟˋ	則會	82
ㄍㄨㄥ ㄌㄠˊ	功勞	82
ㄉㄨㄥˋ ㄉㄧˋ	動地	82
ㄕˊ ㄦˋ ㄏㄠˋ	十二號	82
ㄕˊ ㄨㄢˋ ㄖㄣˊ	十萬人	82
ㄩㄢˊ ㄓㄨˋ	原著	82
ㄈㄢˇ ㄐㄧˊ	反擊	82
ㄕㄡˋ ㄎㄨˇ	受苦	82
ㄇㄧㄥˊ ㄍㄨˇ ㄨ	名古屋	82
ㄏㄨ ㄕㄥ	呼聲	82
ㄎㄨ ㄑㄧˋ	哭泣	82
ㄊㄤˊ ㄉㄞˋ	唐代	82
ㄙˋ ㄇㄧㄢˋ	四面	82
ㄩㄢˊ ㄋㄟˋ	園內	82
ㄊㄧˊ ㄈㄤˊ	堤防	82
ㄉㄚˋ ㄓㄡ	大洲	82
ㄕ ㄌㄧㄥˊ	失靈	82
ㄏㄨㄣ ㄑㄧㄢˊ	婚前	82
ㄒㄩㄝˊ ㄊㄨˊ	學徒	82
ㄈㄨˋ ㄖㄣˊ	富人	82
ㄒㄧㄝˇ ㄗˋ	寫字	82
ㄐㄩˋ ㄖㄣˊ ㄉㄨㄟˋ	巨人隊	82
ㄨ ㄆㄛˊ	巫婆	82
ㄨˊ ㄆㄛˊ	巫婆	82
ㄔㄤˇ ㄆㄞˊ	廠牌	82
ㄧㄢˊ ㄕㄣ ㄉㄠˋ	延伸到	82
ㄓㄤ ㄌㄧˋ	張力	82
ㄑㄧㄤˇ ㄓˋ ㄒㄧㄥˋ	強制性	82
ㄑㄧㄤˊ ㄓˋ ㄒㄧㄥˋ	強制性	82
ㄏㄡˋ ㄐㄧㄣˋ	後進	82
ㄘㄨㄥˊ ㄌㄞˊ ㄅㄨˊ	從來不	82
ㄘㄨㄥˊ ㄌㄞˊ ㄅㄨˋ	從來不	82
ㄨㄟˊ ㄨㄟˊ	微微	82
ㄒㄧㄣ ㄐㄧ	心肌	82
ㄎㄨㄞˋ ㄊㄧㄥˇ	快艇	82
ㄜˋ ㄧˋ	惡意	82
ㄓㄢˋ ㄌㄧˋ	戰力	82
ㄙㄨㄛˇ ㄐㄧˊ	所及	82
ㄉㄚˇ ㄔㄥˊ	打成	82
ㄉㄚˇ ㄑㄧˋ	打氣	82
ㄙㄠˇ ㄔㄨˊ	掃除	82
ㄐㄧㄝ ㄌㄧˋ	接力	82
ㄊㄧˊ ㄅㄛ	提撥	82
ㄎㄨㄛˋ ㄗㄥ	擴增	82
ㄕㄨˋ ㄋㄧㄢˊ	數年	82
ㄇㄧㄥˊ ㄓˋ	明智	82
ㄕˊ ㄦˊ	時而	82
ㄍㄥˋ ㄐㄧㄣˋ ㄧ ㄅㄨˋ	更進一步	82
ㄍㄥˋ ㄐㄧㄣˋ ㄧˊ ㄅㄨˋ	更進一步	82
ㄧㄡˇ ㄐㄧㄝˇ	有解	82
ㄅㄣˇ ㄐㄧㄝˋ	本屆	82
ㄏㄤˊ ㄓㄡ	杭州	82
ㄓㄣˇ ㄊㄡˊ	枕頭	82
ㄓㄣˇ ㄊㄡ˙	枕頭	82
ㄌㄧㄣˊ ㄧˋ ㄈㄨ	林毅夫	82
ㄍㄨㄛˇ ㄩㄢˊ	果園	82
ㄏㄜˊ ㄉㄧㄢˋ ㄔㄤˇ	核電廠	82
ㄕㄠ	梢	82
ㄋㄧㄥˊ ㄇㄥˊ	檸檬	82
ㄡ ㄧㄤˊ	歐陽	82
ㄇㄧㄣˊ ㄍㄜ	民歌	82
ㄕㄨㄟˇ ㄩˋ	水域	82
ㄇㄟˊ ㄋㄥˊ	沒能	82
ㄈㄚˇ ㄏㄨㄟˋ	法會	82
ㄏㄨㄛˊ ㄕㄥ ㄕㄥ	活生生	82
ㄑㄧㄥ ㄔㄜˋ	清澈	82
ㄇㄢˇ ㄧˋ ㄉㄨˋ	滿意度	82
ㄐㄧㄢˋ ㄐㄧㄣˋ	漸進	82
ㄊㄜˋ ㄐㄧㄠˋ	特教	82
ㄨㄢˊ ㄌㄜˋ	玩樂	82
ㄊㄨㄥˋ ㄎㄨㄞˋ	痛快	82
ㄧㄢˊ ㄈㄚ ㄔㄨ	研發出	82
ㄑㄩㄝˋ ㄕˊ ㄧㄡˇ	確實有	82
ㄔㄡˊ	稠	82
ㄑㄧㄠˋ	竅	82
ㄐㄧㄢˇ ㄉㄨㄢˇ	簡短	82
ㄐㄩㄝˊ ㄈㄟ	絕非	82
ㄏㄨㄢˇ ㄔㄨㄥ	緩衝	82
ㄗㄨㄥˇ ㄍㄨㄥˋ ㄧㄡˇ	總共有	82
ㄏㄨㄟˋ ㄓˋ	繪製	82
ㄘㄞˊ	纔	82
ㄈㄚˊ ㄐㄧㄣ	罰金	82
ㄧˋ	翌	82
ㄊㄞ ㄦˊ	胎兒	82
ㄔㄤˊ ㄅㄧㄥˋ ㄉㄨˊ	腸病毒	82
ㄑㄧㄡˊ	裘	82
ㄒㄧ ㄈㄤ ㄖㄣˊ	西方人	82
ㄉㄧㄥˋ ㄩㄝˋ	訂閱	82
ㄐㄧˋ ㄈㄣ	計分	82
ㄌㄨㄣˊ ㄩˇ	論語	82
ㄘㄞˊ ㄌㄧˋ	財力	82
ㄓㄨㄢˇ ㄧˊ ㄉㄠˋ	轉移到	82
ㄓㄨㄟ ㄙㄨˋ	追溯	82
ㄙㄨㄥˋ ㄐㄧㄠ	送交	82
ㄓㄜˋ ㄒㄧㄝ ㄕˋ ㄑㄧㄥˊ	這些事情	82
ㄓㄡ ㄙˋ	週四	82
ㄧㄡˊ ㄇㄧㄣˊ	遊民	82
ㄎㄞ ㄕㄨㄟˇ	開水	82
ㄎㄞ ㄒㄧㄠ	開銷	82
ㄐㄧㄝˊ	頡	82
ㄒㄧㄝˊ	頡	82
ㄒㄧㄢˇ ㄨㄟˊ	顯微	82
ㄐㄧ ㄜˋ	飢餓	82
ㄧㄣˇ ㄐㄧㄡˇ	飲酒	82
ㄍㄠ ㄜˊ	高額	82
ㄙㄢ ㄕㄤ	三商	81
ㄅㄨˊ ㄈㄨˋ	不復	81
ㄅㄨˊ ㄗˋ ㄐㄩㄝˊ	不自覺	81
ㄐㄧㄡˇ ㄕˊ ㄐㄧㄡˇ	九十九	81
ㄌㄨㄢˋ ㄑㄧ ㄅㄚ ㄗㄠ	亂七八糟	81
ㄌㄧㄠˇ ㄨˊ	了無	81
ㄖㄣˊ ㄧㄥˇ	人影	81
ㄐㄧㄝˋ ㄘˊ	介詞	81
ㄉㄞˋ ㄌㄧˇ ㄖㄣˊ	代理人	81
ㄧˇ ㄏㄡˋ ㄉㄜ˙	以後的	81
ㄧ ㄉㄧㄢˋ	伊甸	81
ㄏㄜˊ ㄑㄧˊ	何其	81
ㄏㄜˊ ㄓㄨㄥˇ	何種	81
ㄗㄨㄛˋ ㄅㄧˋ	作弊	81
ㄌㄠˇ	佬	81
ㄩㄢˊ ㄋㄧㄢˊ	元年	81
ㄍㄨㄤ ㄉㄧㄝˊ ㄆㄧㄢˋ	光碟片	81
ㄍㄨㄥ ㄒㄧㄣˋ ㄌㄧˋ	公信力	81
ㄍㄨㄥˋ ㄕˋ	共事	81
ㄗㄞˋ ㄐㄧㄣˋ	再進	81
ㄈㄣ ㄔㄨ	分出	81
ㄑㄧㄢˊ ㄙㄨㄛˇ ㄨㄟˋ ㄧㄡˇ	前所未有	81
ㄑㄩ ㄎㄨㄞˋ	區塊	81
ㄑㄩ ㄧㄡˇ	區有	81
ㄕˊ ㄙㄢ ㄉㄧㄢˇ	十三點	81
ㄅㄢˋ ㄅㄨˋ	半部	81
ㄑㄩˇ ㄗˋ	取自	81
ㄕㄡˋ ㄒㄧㄥˊ	受刑	81
ㄍㄨˇ ㄨˋ	古物	81
ㄍㄜˋ ㄏㄤˊ ㄍㄜˋ ㄧㄝˋ	各行各業	81
ㄇㄧㄥˊ ㄕㄥ	名聲	81
ㄊㄤˊ ㄔㄠˊ	唐朝	81
ㄒㄧㄡˋ	嗅	81
ㄙˋ ㄖㄣˊ	四人	81
ㄍㄨㄛˊ ㄕㄡˇ	國手	81
ㄉㄧˋ ㄌㄟˊ	地雷	81
ㄨㄞˋ ㄩˋ	外遇	81
ㄒㄩㄝˊ ㄘㄜˋ	學測	81
ㄑㄧㄣˇ ㄕˋ	寢室	81
ㄌㄧㄠˊ	寥	81
ㄐㄧㄤ ㄕˇ	將使	81
ㄓㄨㄢ ㄔㄥˊ	專程	81
ㄒㄧˊ ㄘˋ	席次	81
ㄋㄧㄢˊ ㄍㄨㄢ	年關	81
ㄅㄧˋ ㄏㄨˋ	庇護	81
ㄐㄧㄢˋ ㄇㄧㄣˊ	建民	81
ㄑㄧㄤˊ ㄓㄨㄤˋ	強壯	81
ㄧㄥˇ ㄕˋ	影視	81
ㄏㄡˋ ㄉㄠˋ	後到	81
ㄈㄨˋ ㄔㄨ	復出	81
ㄒㄩㄢˊ ㄍㄨㄚˋ	懸掛	81
ㄅㄢ	扳	81
ㄈㄨˊ	拂	81
ㄆㄞˊ ㄔㄨ	排出	81
ㄕㄡ ㄧㄣ	收音	81
ㄓㄥˇ ㄊㄧˇ ㄉㄜ˙	整體的	81
ㄒㄧㄥ ㄗㄨㄛˋ	星座	81
ㄆㄨˇ ㄉㄨˋ	普渡	81
ㄍㄥˋ ㄧㄠˋ	更要	81
ㄧㄡˇ ㄨㄟˋ	有位	81
ㄅㄣˇ ㄌㄧㄥˇ	本領	81
ㄉㄨㄥ ㄅㄟˇ ㄐㄧˋ ㄈㄥ	東北季風	81
ㄘㄢˊ ㄏㄞˊ	殘骸	81
ㄑㄧㄥ ㄉㄢ	清單	81
ㄑㄧㄥ ㄉㄜ˙	清的	81
ㄧㄢˇ ㄙㄨㄢˋ	演算	81
ㄗˋ	漬	81
ㄐㄧ ㄌㄧㄝˋ ㄉㄜ˙	激烈的	81
ㄏㄢˋ	瀚	81
ㄨˊ ㄐㄧㄣˋ	無盡	81
ㄍㄢ ㄒㄧㄣ	甘心	81
ㄔㄢˇ ㄌㄨㄢˇ	產卵	81
ㄅㄞˇ ㄐㄧㄚ	百家	81
ㄏㄨㄤˊ ㄍㄨㄥ	皇宮	81
ㄐㄧ ㄈㄣ	積分	81
ㄎㄨㄥ ㄒㄩ	空虛	81
ㄉㄧˋ ㄨˇ ㄕˊ	第五十	81
ㄙㄨㄢˋ ㄕㄨˋ	算數	81
ㄇㄧˇ ㄈㄣˇ	米粉	81
ㄓㄨㄥ ㄉㄧㄢˇ	終點	81
ㄕㄥˋ ㄉㄧˋ	聖地	81
ㄅㄟˋ ㄏㄡˋ ㄉㄜ˙	背後的	81
ㄒㄧㄥ ㄅㄢˋ	興辦	81
ㄐㄧㄢ ㄒㄧㄣ	艱辛	81
ㄘㄤ ㄧㄥ	蒼鷹	81
ㄒㄩˋ ㄕㄨㄟˇ	蓄水	81
ㄆㄧㄥˊ ㄍㄨㄛˇ ㄖˋ ㄅㄠˋ	蘋果日報	81
ㄅㄧㄢ	蝙	81
ㄧㄠˋ ㄅㄨˊ ㄕˋ	要不是	81
ㄧㄢˊ ㄌㄨㄣˋ ㄗˋ ㄧㄡˊ	言論自由	81
ㄐㄧㄤˇ ㄒㄧˊ	講習	81
ㄧˋ ㄩㄢˋ	議院	81
ㄉㄨˊ ㄑㄩˇ	讀取	81
ㄉㄨˇ ㄔㄤˇ	賭場	81
ㄉㄨㄛˇ ㄅㄧˋ	躲避	81
ㄙㄨㄥˋ ㄏㄨㄟˊ	送回	81
ㄍㄨㄛˋ ㄓㄨㄥˋ	過重	81
ㄒㄩˋ ㄐㄧㄡˇ	酗酒	81
ㄔㄨㄥˊ ㄕㄥ	重生	81
ㄌㄧㄤˋ ㄔㄢˇ	量產	81
ㄉㄨㄣˋ	鈍	81
ㄌㄨˋ ㄒㄧㄚˋ ㄌㄞˊ	錄下來	81
ㄇㄣˊ ㄏㄨˋ	門戶	81
ㄎㄞ ㄔㄤˇ	開場	81
ㄒㄧㄢˋ ㄉㄨˋ	限度	81
ㄐㄧˊ ㄊㄧˇ ㄓㄨˇ ㄧˋ	集體主義	81
ㄘㄢ ㄐㄩˋ	餐具	81
ㄩˊ ㄌㄧˋ	餘力	81
ㄒㄩ	鬚	81
ㄇㄧㄢˋ ㄈㄣˇ	麵粉	81
ㄑㄧˊ ㄐㄩˋ	齊聚	81
ㄧ ㄋㄧㄢˊ ㄅㄢˋ	一年半	80
ㄧˋ ㄋㄧㄢˊ ㄅㄢˋ	一年半	80
ㄧ ㄊㄧˊ	一提	80
ㄧˋ ㄊㄧˊ	一提	80
ㄧ ㄍㄜˊ	一格	80
ㄧˋ ㄍㄜˊ	一格	80
ㄧ ㄉㄥˇ	一等	80
ㄧˋ ㄉㄥˇ	一等	80
ㄧ ㄅㄧㄢˋ	一遍	80
ㄧˊ ㄅㄧㄢˋ	一遍	80
ㄅㄨˊ ㄏㄨㄟˋ ㄗㄞˋ	不會在	80
ㄓㄨㄥ ㄖㄣˊ	中人	80
ㄓㄨㄥ ㄨㄣˊ ㄒㄧˋ	中文系	80
ㄓ ㄉㄨㄛ	之多	80
ㄐㄧㄡˇ ㄧˋ	九億	80
ㄨˇ ㄓㄨㄢ	五專	80
ㄍㄜˋ ㄓㄢˇ	個展	80
ㄒㄧㄢ ㄑㄩˋ	先去	80
ㄔㄨ ㄐㄧˊ	出擊	80
ㄔㄨ ㄅㄢˇ ㄕㄤ	出版商	80
ㄈㄣ ㄓ	分支	80
ㄏㄨㄚˊ ㄙㄨㄢˋ	划算	80
ㄔㄨ ㄕㄣˇ	初審	80
ㄑㄧㄢˊ ㄕㄣ	前身	80
ㄈㄨˋ ㄘˊ	副詞	80
ㄔㄨㄤˋ ㄕˇ	創始	80
ㄕˊ ㄙˋ ㄏㄠˋ	十四號	80
ㄌㄧˊ	厘	80
ㄘㄢ ㄐㄧㄢˋ	參見	80
ㄕˇ ㄒㄩㄝˊ ㄐㄧㄚ	史學家	80
ㄔ ㄉㄜˊ	吃得	80
ㄔ ㄉㄜ˙	吃得	80
ㄔ ㄐㄧㄥ	吃驚	80
ㄊㄨㄥˊ ㄧˋ ㄑㄩㄢˊ	同意權	80
ㄑㄧˇ ㄇㄥˊ	啟蒙	80
ㄍㄨㄛˊ ㄐㄧˋ ㄐㄧˊ	國際級	80
ㄐㄩㄣ ㄩㄣˊ	均勻	80
ㄉㄨㄛ ㄨㄟˊ	多為	80
ㄉㄨㄛ ㄨㄟˋ	多為	80
ㄉㄚˋ ㄔㄥˊ	大城	80
ㄉㄚˋ ㄗˋ	大字	80
ㄉㄚˋ ㄊㄧˇ	大體	80
ㄊㄧㄢ ㄍㄨㄛˊ	天國	80
ㄊㄧㄢ ㄢ ㄇㄣˊ	天安門	80
ㄓㄨㄢ ㄢˋ ㄒㄧㄠˇ ㄗㄨˇ	專案小組	80
ㄉㄨㄟˋ ㄊㄢˊ	對談	80
ㄕㄤˋ ㄕㄨ	尚書	80
ㄧㄢˊ	巖	80
ㄅㄧˇ ㄉㄜˊ	彼得	80
ㄒㄧˇ	徙	80
ㄘㄨㄥ ㄖㄨㄥˊ	從容	80
ㄧㄡ ㄧㄡˊ	悠遊	80
ㄔㄤˋ	悵	80
ㄐㄧˋ ㄈㄚˇ	技法	80
ㄇㄨˇ ㄓˇ	拇指	80
ㄊㄨㄛˋ ㄎㄨㄢ	拓寬	80
ㄓˇ ㄆㄞˋ	指派	80
ㄐㄧㄝˊ ㄩㄣˋ ㄐㄩˊ	捷運局	80
ㄙㄠˇ ㄇㄧㄠˊ	掃瞄	80
ㄉㄧㄠˋ ㄌㄨㄛˋ	掉落	80
ㄐㄧㄝ ㄅㄢ	接班	80
ㄅㄞ	掰	80
ㄊㄧˊ ㄍㄠ ㄉㄠˋ	提高到	80
ㄏㄨㄢˋ ㄒㄧㄣ	換新	80
ㄈㄤˋ ㄍㄨㄛˋ	放過	80
ㄐㄧㄠˋ ㄓˊ ㄩㄢˊ	教職員	80
ㄗㄠˇ ㄑㄧˇ	早起	80
ㄧˋ ㄩˊ	易於	80
ㄨㄢˇ ㄅㄠˋ	晚報	80
ㄗㄨㄟˋ ㄍㄠ ㄈㄚˇ ㄩㄢˋ	最高法院	80
ㄧㄡˇ ㄕㄨㄟˇ	有水	80
ㄐㄧ ㄈㄤˊ	機房	80
ㄒㄧㄣ ㄨㄟˋ	欣慰	80
ㄌㄧˋ ㄕˊ	歷時	80
ㄇㄟˊ ㄑㄧㄢˊ	沒錢	80
ㄊㄞˋ ㄌㄜˋ	泰勒	80
ㄏㄨㄛˊ ㄕㄤˋ	活上	80
ㄏㄨㄛˊ ㄉㄨㄥˋ ㄓㄨㄥ ㄒㄧㄣ	活動中心	80
ㄉㄢˋ ㄏㄨㄚˋ	淡化	80
ㄏㄨˋ	滬	80
ㄨˊ ㄒㄩ	無須	80
ㄖㄨㄥˊ	熔	80
ㄕㄨㄛˋ	爍	80
ㄧㄚˊ ㄧ	牙醫	80
ㄑㄩˊ	璩	80
ㄕㄥ ㄗˇ	生子	80
ㄩㄥˋ ㄌㄧㄤˋ	用量	80
ㄉㄡˋ	痘	80
ㄏㄨㄢˋ	瘓	80
ㄈㄚ ㄊㄧㄠˊ	發條	80
ㄕㄥˋ ㄇㄧㄥˊ	盛名	80
ㄒㄧㄤ ㄧㄥˋ	相應	80
ㄔㄨㄢ ㄊㄡˋ	穿透	80
ㄐㄧㄢˇ ㄐㄧㄝˊ	簡潔	80
ㄙㄨㄛ ㄕㄨㄟˇ	縮水	80
ㄓㄨㄛˊ ㄕˊ	著實	80
ㄘㄞˊ ㄔㄜˋ	裁撤	80
ㄕ ㄐㄧˊ	詩集	80
ㄖㄣˋ ㄓㄣ ㄉㄜ˙	認真的	80
ㄔㄥˊ ㄖㄨˊ	誠如	80
ㄓㄥˋ ㄍㄨㄢˇ ㄏㄨㄟˋ	證管會	80
ㄐㄧㄥˇ ㄌㄧˋ	警力	80
ㄏㄨㄛˋ ㄆㄧㄣˇ	貨品	80
ㄍㄢˇ ㄗㄞˋ	趕在	80
ㄑㄩ ㄩˊ	趨於	80
ㄆㄠˇ ㄉㄠˋ	跑道	80
ㄗㄠˋ ㄈㄨˊ	造福	80
ㄏㄨㄤˊ	遑	80
ㄔㄨㄥˊ ㄅㄛˋ	重播	80
ㄓㄣ ㄐㄧㄡˇ	針灸	80
ㄔㄤˊ ㄕㄡˋ	長壽	80
ㄎㄞ ㄔㄨˊ	開除	80
ㄇㄛˋ ㄕㄥ ㄖㄣˊ	陌生人	80
ㄐㄧㄤˋ ㄨㄟˊ	降為	80
ㄕㄨㄤ ㄕㄨㄤ	雙雙	80
ㄍㄨㄥˇ ㄍㄨˋ	鞏固	80
ㄧㄣ ㄐㄧㄝˊ	音節	80
ㄉㄧㄢ ㄉㄠˇ	顛倒	80
ㄒㄧㄤ ㄑㄧˋ	香氣	80
ㄑㄧㄠˇ	鵲	6.351308576902391
ㄑㄩㄝˋ	鵲	80
ㄇㄚˊ ㄐㄧㄤˋ	麻將	80
ㄌㄧˊ ㄇㄧㄥˊ	黎明	80
ㄧ ㄅㄢ ㄒㄧㄥˋ	一般性	79
ㄧˋ ㄅㄢ ㄒㄧㄥˋ	一般性	79
ㄧ ㄑㄧˇ ㄑㄩˋ	一起去	79
ㄧˋ ㄑㄧˇ ㄑㄩˋ	一起去	79
ㄔㄡˇ	丑	79
ㄕˋ ㄐㄧㄝˋ ㄍㄜˋ ㄍㄨㄛˊ	世界各國	79
ㄨˇ ㄕˊ ㄐㄧㄡˇ	五十九	79
ㄊㄚ ㄉㄠˋ	他到	79
ㄌㄞˊ ㄊㄧㄥ	來聽	79
ㄅㄠˇ ㄏㄨˋ ㄓㄨˇ ㄧˋ	保護主義	79
ㄊㄧㄥˊ ㄌㄧㄡˊ ㄗㄞˋ	停留在	79
ㄊㄧㄥˊ ㄔㄜ ㄨㄟˋ	停車位	79
ㄔㄨㄢˊ ㄖㄢˇ ㄅㄧㄥˋ	傳染病	79
ㄕㄤ ㄏㄣˊ	傷痕	79
ㄔㄨㄥ ㄉㄤ	充當	79
ㄍㄨㄤ ㄉㄚˋ	光大	79
ㄋㄟˋ ㄧ	內衣	79
ㄌㄧㄤˇ ㄅㄞˇ ㄨˇ	兩百五	79
ㄍㄨㄥ ㄙ ㄌㄧˋ	公私立	79
ㄍㄨㄥ ㄇㄞˋ ㄐㄩˊ	公賣局	79
ㄗㄞˋ ㄙㄢ	再三	79
ㄏㄢˊ ㄕㄨˋ	函數	79
ㄑㄧㄢˊ ㄑㄩˋ	前去	79
ㄈㄨˋ ㄎㄢ	副刊	79
ㄈㄨˋ ㄗㄨㄥˇ ㄐㄧㄥ ㄌㄧˇ	副總經理	79
ㄅㄟˇ ㄅㄨˋ ㄉㄧˋ ㄑㄩ	北部地區	79
ㄨˇ ㄧㄝˋ	午夜	79
ㄎㄚˇ ㄗㄞˋ	卡在	79
ㄑㄩˇ ㄐㄩㄝˊ ㄩˊ	取決於	79
ㄓˇ ㄩㄥˋ	只用	79
ㄎㄜˇ ㄨˋ	可惡	79
ㄕˇ ㄑㄧㄢˊ	史前	79
ㄨˊ ㄐㄧㄢˋ ㄒㄩㄥˊ	吳健雄	79
ㄏㄜˊ ㄑㄧˋ	和氣	79
ㄔㄠˊ ㄈㄥˋ	嘲諷	79
ㄧㄢˋ	嚥	79
ㄙˋ ㄕˊ	四時	79
ㄏㄨㄟˊ ㄒㄧㄣˋ	回信	79
ㄍㄨㄛˊ ㄐㄧㄚ ㄢ ㄑㄩㄢˊ	國家安全	79
ㄊㄨㄢˊ ㄩㄢˊ	團圓	79
ㄌㄜˋ ㄙㄜˋ ㄔㄤˇ	垃圾場	79
ㄩˋ ㄓㄨㄥ	域中	79
ㄗㄥ ㄉㄧㄥˋ	增訂	79
ㄨㄞˋ ㄊㄡˊ	外頭	79
ㄨㄞˋ ㄊㄡ˙	外頭	79
ㄉㄚˋ ㄅㄧㄢˋ	大便	79
ㄉㄚˋ ㄨㄟˋ	大衛	79
ㄊㄧㄢ ㄨㄤˊ	天王	79
ㄩㄣˋ ㄈㄨˋ	孕婦	79
ㄢ ㄌㄧˇ ㄏㄨㄟˋ	安理會	79
ㄖㄨㄥˊ ㄑㄧˋ	容器	79
ㄈㄨˋ ㄍㄨㄟˋ	富貴	79
ㄓㄨㄢ ㄗㄜˊ	專責	79
ㄒㄧㄠˇ ㄌㄧㄣˊ	小林	79
ㄒㄧㄠˇ ㄇㄞˋ	小麥	79
ㄐㄧㄡˋ ㄘㄨㄥˊ	就從	79
ㄍㄨㄥ ㄅㄨˋ	工部	79
ㄧˇ ㄖㄢˊ	已然	79
ㄇㄧㄠˋ ㄩˇ	廟宇	79
ㄒㄧㄥˊ ㄕˋ	形勢	79
ㄓㄥ ㄒㄩㄣˊ	徵詢	79
ㄅㄟ ㄑㄧㄥˊ	悲情	79
ㄧˋ ㄌㄧㄠˋ	意料	79
ㄒㄧˋ ㄐㄩˋ ㄒㄧㄥˋ	戲劇性	79
ㄓㄠˇ ㄉㄜ˙	找的	79
ㄌㄚ ㄇㄧㄢˋ	拉麵	79
ㄓˇ ㄐㄧㄚˇ	指甲	79
ㄧㄤˊ ㄧㄢˊ	揚言	79
ㄏㄨㄢˋ ㄉㄠˋ	換到	79
ㄌㄡ	摟	6.351308576902391
ㄌㄡˇ	摟	79
ㄌㄧㄠ	撩	6.351308576902391
ㄌㄧㄠˊ	撩	79
ㄉㄢ ㄈㄨˋ	擔負	79
ㄨㄣˊ ㄕㄢ	文山	79
ㄒㄧㄣ ㄕㄜˋ	新設	79
ㄕ ㄧㄚ	施壓	79
ㄇㄧㄥˊ ㄋㄧㄢˊ ㄉㄜ˙	明年的	79
ㄩˋ	昱	79
ㄍㄥ ㄇㄧㄥˊ	更名	79
ㄅㄣˇ ㄕㄥˇ	本省	79
ㄌㄧㄣˊ ㄉㄧˋ	林地	79
ㄐㄧㄠˋ ㄓㄥˋ	校正	79
ㄙㄨㄟˋ ㄔㄨ	歲出	79
ㄑㄧˋ ㄨㄟˋ	氣味	79
ㄏㄞˇ ㄩㄣˋ	海運	79
ㄩㄢ ㄩㄢˊ	淵源	79
ㄒㄧ ㄕㄨㄟˇ	溪水	79
ㄧㄢˇ ㄐㄧㄣˋ	演進	79
ㄍㄨㄢˋ ㄇㄨˋ	灌木	79
ㄒㄩㄢˋ ㄧㄠˋ	炫耀	79
ㄨˊ ㄈㄟ	無非	79
ㄧㄢˋ ㄗ˙	燕子	79
ㄔㄢˇ ㄒㄧㄠ	產銷	79
ㄊㄢ ㄏㄨㄢˋ	癱瘓	79
ㄕㄥˋ ㄎㄨㄤˋ	盛況	79
ㄉㄨㄢˇ ㄕˊ ㄐㄧㄢ	短時間	79
ㄐㄧˋ ㄅㄞˋ	祭拜	79
ㄑㄧㄡ ㄐㄧˋ	秋季	79
ㄕㄠ ㄗㄠˇ	稍早	79
ㄌㄧˋ ㄓˋ	立志	79
ㄏㄨㄤˊ	簧	79
ㄐㄧㄥ ㄕㄣˊ ㄎㄜ	精神科	79
ㄐㄧㄡ ㄔㄢˊ	糾纏	79
ㄏㄨㄥˊ ㄒㄧㄝˇ ㄑㄧㄡˊ	紅血球	79
ㄧˋ	繹	79
ㄇㄟˇ ㄉㄜˊ	美德	79
ㄎㄠˇ ㄐㄧ	考績	79
ㄌㄧㄠˊ ㄌㄧㄠˊ	聊聊	79
ㄕㄥ ㄕˋ	聲勢	79
ㄓㄠˋ ㄕˋ	肇事	79
ㄔㄨㄢˊ ㄓㄤˇ	船長	79
ㄒㄧㄝˇ ㄊㄤˊ	血糖	79
ㄒㄧㄥˊ ㄉㄨㄥˋ ㄐㄩˋ	行動劇	79
ㄑㄧㄣ ㄑㄧㄥˊ	親情	79
ㄐㄧㄠˇ ㄌㄧˋ	角力	79
ㄆㄧㄥˊ ㄧˋ	評議	79
ㄦˋ	貳	79
ㄗ ㄅㄣˇ ㄐㄧㄚ	資本家	79
ㄊㄧㄠˋ ㄩㄝˋ	跳躍	79
ㄌㄨㄣˊ ㄉㄠˋ	輪到	79
ㄊㄨㄥ ㄕˋ	通識	79
ㄓㄡ ㄖˋ	週日	79
ㄩㄣˋ ㄒㄧㄥˊ	運行	79
ㄅㄧˇ	鄙	79
ㄅㄧˋ	鄙	79
ㄆㄟˋ ㄩㄝˋ	配樂	79
ㄎㄨˋ ㄧㄣ	酷音	79
ㄔㄡˇ ㄨㄣˊ	醜聞	79
ㄐㄧㄣ ㄖㄨㄥˊ ㄧㄝˋ	金融業	79
ㄕㄢˇ ㄕㄨㄛˋ	閃爍	79
ㄐㄧˊ ㄕㄨㄟˇ	集水	79
ㄋㄢˊ ㄕㄡˋ	難受	79
ㄩˊ ㄉㄧˋ	餘地	79
ㄧ ㄗˋ	一字	78
ㄧˊ ㄗˋ	一字	78
ㄧ ㄓㄤ	一章	78
ㄧˋ ㄓㄤ	一章	78
ㄙㄢ ㄈㄤ	三方	78
ㄕㄤˋ ㄉㄧˋ	上第	78
ㄅㄨˋ ㄐㄩㄣ	不均	78
ㄅㄨˊ ㄈㄨˋ	不負	78
ㄓㄨㄥ ㄐㄧㄤˋ	中將	78
ㄦˋ ㄖㄣˊ	二人	78
ㄨˇ ㄖㄣˊ	五人	78
ㄉㄞˋ ㄌㄧˇ ㄕㄤ	代理商	78
ㄑㄧˋ ㄍㄨㄢˇ	企管	78
ㄉㄧ ㄕㄡ ㄖㄨˋ ㄏㄨˋ	低收入戶	78
ㄑㄧㄣ ㄕˊ	侵蝕	78
ㄒㄧㄡ ㄋㄩˇ	修女	78
ㄑㄧㄥ ㄒㄧㄤˋ ㄩˊ	傾向於	78
ㄔㄞˊ	儕	78
ㄍㄨㄥˋ ㄘㄨㄣˊ	共存	78
ㄅㄧㄥ ㄌㄥˇ	冰冷	78
ㄔㄨ ㄐㄧㄥˋ	出境	78
ㄈㄣ ㄉㄧㄢˇ	分點	78
ㄈㄨˋ ㄓㄨˇ ㄖㄣˋ	副主任	78
ㄍㄨㄥ ㄌㄧˋ	功利	78
ㄇㄧㄢˇ ㄌㄧˋ	勉勵	78
ㄕㄥˋ ㄍㄨㄛˋ	勝過	78
ㄏㄨㄚˋ ㄕㄣ	化身	78
ㄋㄢˊ ㄑㄩ	南區	78
ㄧㄣˋ ㄅㄧㄠˇ	印表	78
ㄑㄩˋ ㄨㄢˊ	去玩	78
ㄎㄡˋ	叩	78
ㄓˇ ㄋㄥˊ ㄗㄞˋ	只能在	78
ㄕˋ ㄏㄠˋ	嗜好	78
ㄊㄨˊ ㄅㄧㄠˇ	圖表	78
ㄨㄣ	塭	78
ㄨㄞˋ ㄉㄧㄢˋ	外電	78
ㄉㄚˋ ㄈㄚ	大發	78
ㄉㄚˋ ㄒㄧ ㄧㄤˊ	大西洋	78
ㄧㄠ	夭	78
ㄧㄠˇ	夭	78
ㄕ ㄎㄨㄥˋ	失控	78
ㄑㄧˊ ㄇㄛˊ	奇摩	78
ㄋㄧㄤˊ ㄐㄧㄚ	娘家	78
ㄍㄨㄥ ㄧㄝˋ ㄏㄨㄚˋ	工業化	78
ㄒㄧㄤˋ ㄗ˙	巷子	78
ㄆㄧㄥˊ ㄈㄢ	平反	78
ㄆㄧㄥˊ ㄈㄢˇ	平反	78
ㄏㄣˇ ㄇㄟˇ	很美	78
ㄉㄜˊ ㄉㄤˋ	得當	78
ㄓㄨㄥ ㄍㄠˋ	忠告	78
ㄓㄨㄥ ㄍㄨˋ	忠告	78
ㄎㄨㄞˋ ㄍㄢˇ	快感	78
ㄌㄥˋ	怔	78
ㄓㄥ	怔	78
ㄐㄧˊ ㄇㄤˊ	急忙	78
ㄐㄧㄥˇ	憬	78
ㄔㄥˊ ㄓㄣ	成真	78
ㄕㄡˇ ㄊㄠˋ	手套	78
ㄘㄞˊ ㄧㄠˋ	才要	78
ㄆㄞ ㄆㄞ	拍拍	78
ㄓㄨㄛ ㄉㄠˋ	捉到	78
ㄍㄠˇ ㄒㄧㄠˋ	搞笑	78
ㄘㄠ ㄗㄨㄥˋ	操縱	78
ㄠˊ	敖	78
ㄠˋ	敖	6.351308576902391
ㄐㄧㄠˋ ㄩˋ ㄒㄩㄝˊ	教育學	78
ㄒㄧㄣ ㄒㄧㄡˋ	新秀	78
ㄒㄧㄣ ㄐㄧㄡˋ	新舊	78
ㄐㄧㄥˇ ㄨˋ	景物	78
ㄗㄨㄟˋ ㄐㄧㄢˇ ㄉㄢ	最簡單	78
ㄩㄝˋ ㄒㄧㄣ	月薪	78
ㄧㄡˇ ㄓㄠˇ	有找	78
ㄈㄨˊ ㄧㄠˋ	服藥	78
ㄨㄟˋ ㄇㄧㄢˇ	未免	78
ㄌㄧㄡˊ	榴	78
ㄡ ㄓㄡ ㄖㄣˊ	歐洲人	78
ㄨˇ ㄕˋ	武士	78
ㄘㄢˊ ㄌㄧㄡˊ	殘留	78
ㄧㄡˊ ㄧㄢ	油煙	78
ㄈㄚˇ ㄌㄨㄣˊ ㄍㄨㄥ	法輪功	78
ㄏㄨㄣˋ ㄋㄧㄥˊ	混凝	78
ㄉㄧ ㄉㄧ	滴滴	78
ㄔㄠˊ ㄐㄧㄢ ㄉㄞˋ	潮間帶	78
ㄨㄟˊ ㄕˊ	為時	78
ㄨㄟˊ ㄒㄧㄢˋ	為限	78
ㄕㄢ	煽	78
ㄕㄢˋ	煽	78
ㄖㄜˋ ㄔㄣˊ	熱忱	78
ㄊㄧㄢˊ ㄩㄢˊ	田園	78
ㄏㄨㄚˋ ㄕㄤˋ	畫上	78
ㄓˊ ㄕㄥ ㄐㄧ	直升機	78
ㄎㄢˋ ㄊㄞˊ	看台	78
ㄎㄢ ㄏㄨˋ	看護	78
ㄓㄚˇ	眨	78
ㄓㄨㄥˋ ㄧˋ	眾議	78
ㄧㄢˊ ㄒㄧˊ ㄧㄥˊ	研習營	78
ㄐㄧˋ ㄙˋ	祭祀	78
ㄔㄥˋ	秤	78
ㄒㄧ ㄈㄢˋ	稀飯	78
ㄆㄥˊ	篷	78
ㄗㄨˇ ㄐㄧㄢˋ	組件	78
ㄗㄨㄥˇ ㄍㄨㄥ ㄙ	總公司	78
ㄧㄤˊ ㄖㄡˋ	羊肉	78
ㄇㄟˇ ㄏㄠˇ ㄉㄜ˙	美好的	78
ㄨㄣˊ ㄉㄠˋ	聞到	78
ㄐㄩˇ ㄑㄧˇ	舉起	78
ㄏㄨㄚ ㄏㄨㄚ	花花	78
ㄌㄨㄛˇ ㄊㄧˇ	裸體	78
ㄍㄨㄟ ㄅㄧˋ	規避	78
ㄕ ㄗㄨㄛˋ	詩作	78
ㄏㄨㄚˋ ㄩˇ	話語	78
ㄇㄡˊ ㄕㄚ	謀殺	78
ㄑㄧㄢ ㄒㄩ	謙虛	78
ㄐㄧㄤˇ ㄔㄨ ㄌㄞˊ	講出來	78
ㄖㄤˋ ㄅㄨˋ	讓步	78
ㄓㄨㄢˋ ㄉㄠˋ	賺到	78
ㄔˋ ㄌㄨㄛˇ	赤裸	78
ㄆㄠˇ ㄔㄜ	跑車	78
ㄉㄨㄛˇ ㄗㄞˋ	躲在	78
ㄌㄚˋ ㄐㄧㄠ	辣椒	78
ㄧˊ ㄊㄧˇ	遺體	78
ㄋㄚˇ ㄅㄨˋ	那部	78
ㄋㄚˋ ㄅㄨˋ	那部	78
ㄉㄧˇ	邸	78
ㄆㄟˋ ㄊㄠˋ ㄘㄨㄛˋ ㄕ	配套措施	78
ㄎㄞ ㄎㄣˇ	開墾	78
ㄖㄨㄣˋ	閏	78
ㄍㄜˊ ㄩㄢˊ	閣員	78
ㄞˋ	隘	78
ㄕㄨㄤ ㄅㄠ ㄊㄞ	雙胞胎	78
ㄧㄣ ㄈㄨˊ	音符	78
ㄊㄡˊ ㄉㄧㄥˇ	頭頂	78
ㄕˊ ㄘㄞˊ	食材	78
ㄕˋ ㄆㄧㄣˇ	飾品	78
ㄒㄧㄤ ㄧㄢ	香煙	78
ㄑㄧˊ ㄔㄜ	騎車	78
ㄇㄛˊ ㄈㄚˇ	魔法	78
ㄉㄧㄢˇ ㄓㄨㄟˋ	點綴	78
ㄧ ㄓㄢˋ	一戰	77
ㄧˊ ㄓㄢˋ	一戰	77
ㄧ ㄨㄣˊ	一文	77
ㄧˋ ㄨㄣˊ	一文	77
ㄙㄢ ㄌㄡˊ	三樓	77
ㄅㄨˊ ㄩㄣˋ	不孕	77
ㄅㄨˋ ㄍㄞˇ	不改	77
ㄅㄨˋ ㄩㄝ	不約	77
ㄅㄨˋ ㄩㄝ ㄦˊ ㄊㄨㄥˊ	不約而同	77
ㄅㄨˊ ㄐㄧㄣˋ	不進	77
ㄌㄧㄠˇ ㄌㄧㄠˇ	了了	77
ㄕˋ ㄑㄧㄢˊ	事前	77
ㄦˋ ㄐㄧˊ	二級	77
ㄖㄣˊ ㄇㄧㄥˋ	人命	77
ㄓㄨˋ ㄈㄤˊ	住房	77
ㄑㄧㄣ ㄒㄧˊ	侵襲	77
ㄙˋ	俟	77
ㄗㄨㄛˋ ㄘㄨㄛˋ	做錯	77
ㄑㄩㄢˊ ㄒㄧㄣ	全心	77
ㄌㄧㄤˇ ㄅㄞˇ ㄨˇ ㄕˊ	兩百五十	77
ㄍㄨㄥ ㄎㄞ ㄉㄜ˙	公開的	77
ㄗㄞˋ ㄗㄠˋ	再造	77
ㄌㄥˇ ㄌㄥˇ	冷冷	77
ㄌㄥˇ ㄑㄧㄥ	冷清	77
ㄈㄣ ㄑㄧˊ	分期	77
ㄑㄧㄝˋ ㄕㄣ	切身	77
ㄌㄧㄝˋ ㄐㄩˇ	列舉	77
ㄍㄤ ㄍㄤ ㄗㄞˋ	剛剛在	77
ㄉㄨㄥˋ ㄨˇ	動武	77
ㄎㄚˇ ㄦˇ	卡爾	77
ㄩㄢˊ ㄔㄨㄤˋ	原創	77
ㄘㄢ ㄙㄞˋ ㄓㄜˇ	參賽者	77
ㄓˇ ㄐㄧㄢˋ	只見	77
ㄕㄤ ㄏㄨㄟˋ	商會	77
ㄉㄢ ㄉㄧㄠˋ	單調	77
ㄍㄨˋ ㄓˊ	固執	77
ㄐㄩㄣ ㄧㄡˇ	均有	77
ㄧㄚ ㄉㄧ	壓低	77
ㄉㄨㄛ ㄗㄞˋ	多在	77
ㄉㄚˋ ㄙˋ	大四	77
ㄊㄨㄛˇ ㄉㄤˋ	妥當	77
ㄇㄛˋ	妺	77
ㄍㄨ ㄑㄧㄝˇ	姑且	77
ㄗˋ ㄏㄠˋ	字號	77
ㄐㄧㄚ ㄔㄤˊ	家常	77
ㄐㄧˋ ㄌㄞˊ	寄來	77
ㄈㄨˋ ㄅㄤ	富邦	77
ㄏㄢˊ ㄕㄨˇ	寒暑	77
ㄒㄧㄝˇ ㄨㄢˊ	寫完	77
ㄉㄨㄟˋ ㄕㄤˋ	對上	77
ㄒㄧㄠˇ ㄅㄧㄢˋ	小便	77
ㄐㄧˇ ㄐㄧㄚ	幾家	77
ㄉㄜˊ ㄆㄧㄠˋ	得票	77
ㄎㄤ ㄎㄞˇ	慷慨	77
ㄧㄥˋ ㄩㄥˋ ㄗㄞˋ	應用在	77
ㄌㄢˇ ㄉㄨㄛˋ	懶惰	77
ㄅㄚ	扒	6.351308576902391
ㄆㄚˊ	扒	77
ㄉㄚˇ ㄌㄧㄝˋ	打獵	77
ㄆㄢˋ ㄇㄧㄥˋ	拚命	77
ㄓˇ ㄏㄨㄟ ㄍㄨㄢ	指揮官	77
ㄔㄚ ㄏㄨㄚˋ	插畫	77
ㄘㄨㄛ	搓	77
ㄑㄧㄤˇ ㄒㄧㄢ	搶先	77
ㄕㄡ ㄆㄢˊ	收盤	77
ㄕˊ ㄓㄨㄥ	時鐘	77
ㄨㄢˇ ㄈㄢˋ	晚飯	77
ㄗㄨㄟˋ ㄒㄧㄢ	最先	77
ㄨㄟˋ ㄐㄧㄢˋ	未見	77
ㄍㄨㄛˇ ㄓ	果汁	77
ㄐㄧˊ ㄕㄠˇ	極少	77
ㄧㄤˋ ㄧㄤˋ	樣樣	77
ㄌㄧˋ ㄕˇ ㄒㄩㄝˊ	歷史學	77
ㄕㄨㄟˇ ㄕㄣ	水深	77
ㄓㄠˇ ㄗㄜˊ	沼澤	77
ㄈㄚˊ ㄗ˙	法子	77
ㄅㄛ ㄕˋ ㄉㄨㄣˋ	波士頓	77
ㄆㄛ ㄕˋ ㄉㄨㄣˋ	波士頓	77
ㄌㄧㄡˊ ㄔㄤˋ	流暢	77
ㄧㄢ ㄕㄨㄟˇ	淹水	77
ㄍㄤˇ ㄨˋ	港務	77
ㄋㄨㄥˊ ㄋㄨㄥˊ	濃濃	77
ㄨ ㄊㄨㄛ ㄅㄤ	烏托邦	77
ㄈㄣˊ ㄏㄨㄚˋ ㄌㄨˊ	焚化爐	77
ㄨˊ ㄉㄧˊ	無敵	77
ㄆㄞˊ ㄗ˙	牌子	77
ㄔㄤ	猖	77
ㄌㄤˊ	琅	77
ㄏㄨㄢˊ ㄐㄧㄝˊ	環節	77
ㄈㄚ ㄨㄣˋ	發問	77
ㄐㄧㄢ ㄍㄨㄢˇ	監管	77
ㄓˊ ㄐㄧㄥˋ	直徑	77
ㄎㄢˋ ㄅㄨˊ ㄐㄧㄢˋ	看不見	77
ㄎㄢˋ ㄅㄨˋ ㄐㄧㄢˋ	看不見	77
ㄐㄩˇ ㄓㄣˋ	矩陣	77
ㄕㄜˋ ㄏㄨㄟˋ ㄎㄜ ㄒㄩㄝˊ	社會科學	77
ㄗㄨ ㄩㄥˋ	租用	77
ㄧㄤ	秧	77
ㄌㄥˊ	稜	77
ㄉㄠˋ ㄊㄧㄢˊ	稻田	77
ㄩㄝ ㄇㄛˋ	約莫	77
ㄌㄠˇ ㄕㄠˋ	老少	77
ㄌㄠˇ ㄅㄢˇ ㄋㄧㄤˊ	老闆娘	77
ㄕㄥ ㄑㄧㄥˇ	聲請	77
ㄖㄨㄛˋ ㄋㄥˊ	若能	77
ㄈㄢˋ ㄓㄣˋ ㄗㄨㄥ	范振宗	77
ㄏㄨㄚˊ ㄈㄨˇ	華府	77
ㄆㄥˊ ㄅㄛˊ ㄈㄚ ㄓㄢˇ	蓬勃發展	77
ㄐㄧㄤˇ ㄐㄧㄥ ㄍㄨㄛˊ	蔣經國	77
ㄏㄨㄤˊ	蝗	77
ㄓㄨㄤ ㄏㄠˇ	裝好	77
ㄧㄠˋ ㄈㄨˋ	要付	77
ㄐㄧㄠˇ ㄒㄧㄥˊ	角形	77
ㄐㄧˋ ㄌㄨˋ ㄒㄧㄚˋ	記錄下	77
ㄉㄧㄠˋ ㄉㄨˋ	調度	77
ㄊㄧㄠˊ ㄐㄧㄝˇ	調解	77
ㄍㄡˋ ㄨ	購屋	77
ㄑㄧˇ ㄔㄨ	起初	77
ㄔㄠ ㄍㄠ	超高	77
ㄗㄨˊ ㄗㄨˊ	足足	77
ㄓㄨㄢˇ ㄓㄣˇ	轉診	77
ㄒㄧㄣ ㄌㄠˊ	辛勞	77
ㄓㄨˊ ㄧ	逐一	77
ㄊㄨㄥ ㄑㄧˋ	通緝	77
ㄗㄠˋ ㄐㄧㄚˋ	造價	77
ㄔㄨㄥˊ ㄧㄢˇ	重演	77
ㄔㄨㄥˊ ㄈㄢˇ	重返	77
ㄐㄧㄣ ㄧㄣˊ	金銀	77
ㄍㄤ ㄐㄧㄣ	鋼筋	77
ㄎㄞ ㄐㄧㄤˇ	開獎	77
ㄎㄞ ㄈㄚ ㄓㄨㄥ	開發中	77
ㄑㄩㄝ	闕	6.351308576902391
ㄑㄩㄝˋ	闕	77
ㄈㄤˊ ㄧˋ	防疫	77
ㄓㄣˋ ㄩˇ	陣雨	77
ㄧㄚˇ ㄐㄧˊ	雅集	77
ㄉㄧㄢˋ ㄕˋ ㄐㄧㄝˊ ㄇㄨˋ	電視節目	77
ㄉㄧㄢˋ ㄈㄟˋ	電費	77
ㄩˋ ㄐㄧㄢˋ	預見	77
ㄊㄡˊ ㄒㄧㄢˊ	頭銜	77
ㄧㄤˇ ㄏㄨˋ	養護	77
ㄇㄢˊ	饅	77
ㄕㄡˇ ㄨㄟˋ	首位	77
ㄏㄞˋ ㄎㄜˋ	駭客	77
ㄧ ㄐㄧˋ	一季	76
ㄧˊ ㄐㄧˋ	一季	76
ㄧ ㄒㄧˊ	一席	76
ㄧˋ ㄒㄧˊ	一席	76
ㄧ ㄇㄛˊ ㄧ ㄧㄤˋ	一模一樣	76
ㄧ ㄇㄨˊ ㄧ ㄧㄤˋ	一模一樣	76
ㄧˋ ㄇㄛˊ ㄧˊ ㄧㄤˋ	一模一樣	76
ㄧˋ ㄇㄨˊ ㄧˊ ㄧㄤˋ	一模一樣	76
ㄙㄢ ㄍㄨㄥ	三公	76
ㄕㄤˋ ㄢˋ	上岸	76
ㄅㄨˋ ㄍㄨㄢ	不關	76
ㄓㄨㄥ ㄔㄨㄛˋ	中輟	76
ㄌㄨㄢˋ ㄒㄧㄤˋ	亂象	76
ㄖㄣˊ ㄔㄥ	人稱	76
ㄒㄧㄡ ㄎㄜˋ	修課	76
ㄐㄧㄚˇ ㄉㄧㄥˋ	假定	76
ㄨㄟˋ ㄓㄨㄤ	偽裝	76
ㄅㄟˋ ㄨㄤˋ	備忘	76
ㄒㄧㄢ ㄘㄨㄥˊ	先從	76
ㄋㄟˋ ㄌㄨˋ	內陸	76
ㄌㄧㄡˋ ㄕˊ ㄦˋ	六十二	76
ㄌㄧㄡˋ ㄕˊ ㄌㄧㄡˋ	六十六	76
ㄌㄧㄡˋ ㄏㄜˊ	六合	76
ㄗㄞˋ ㄓㄜˇ	再者	76
ㄅㄧㄥ ㄏㄜˊ	冰河	76
ㄌㄥˇ ㄑㄩㄝˋ	冷卻	76
ㄔㄨ ㄧㄡˊ	出遊	76
ㄌㄧˋ ㄖㄣˊ	利人	76
ㄔㄨㄤˋ ㄐㄧㄢˋ	創建	76
ㄐㄧㄚ ㄐㄧㄣˋ	加進	76
ㄅㄛˊ ㄞˋ	博愛	76
ㄨㄟˊ ㄒㄧㄢˇ ㄒㄧㄥˋ	危險性	76
ㄎㄡˇ ㄓㄨㄥ	口中	76
ㄏㄜˊ ㄌㄧˋ	合力	76
ㄌㄧˋ	吏	76
ㄕㄢˋ ㄩˊ	善於	76
ㄏㄨㄟˊ ㄉㄤˇ	回檔	76
ㄍㄨㄛˊ ㄧㄥˊ ㄕˋ ㄧㄝˋ	國營事業	76
ㄊㄨˊ ㄕㄨㄛ	圖說	76
ㄗㄞˋ ㄕㄣˇ	在審	76
ㄅㄠˋ ㄐㄧㄚˋ	報價	76
ㄔㄤˇ ㄘˋ	場次	76
ㄉㄚˋ ㄦˋ	大二	76
ㄉㄚˋ ㄒㄧㄥˊ ㄉㄜ˙	大型的	76
ㄉㄚˋ ㄔㄤˇ	大廠	76
ㄅㄣ ㄗㄡˇ	奔走	76
ㄒㄩㄝˊ ㄕˋ	學士	76
ㄢ ㄑㄩㄢˊ ㄍㄢˇ	安全感	76
ㄖㄨㄥˊ ㄐㄧ ㄌㄩˋ	容積率	76
ㄕㄣˇ ㄇㄟˇ	審美	76
ㄐㄧㄤ ㄎㄜˇ ㄧˇ	將可以	76
ㄐㄧㄢ ㄉㄨㄢ	尖端	76
ㄐㄧㄡˋ ㄧㄣ	就因	76
ㄐㄧㄡˋ ㄉㄧˋ	就地	76
ㄨ ㄌㄧˇ	屋裡	76
ㄔㄨㄥˊ ㄍㄠ	崇高	76
ㄌㄢˊ	嵐	76
ㄍㄨㄥ ㄧㄝˋ ㄐㄩˊ	工業局	76
ㄕˋ ㄐㄧㄚˋ	市價	76
ㄉㄧㄥ	帄	76
ㄋㄧㄢˊ ㄐㄧㄝˊ	年節	76
ㄋㄧㄢˊ ㄌㄧㄥˊ ㄘㄥˊ	年齡層	76
ㄐㄧˇ ㄍㄜ˙ ㄖㄣˊ	幾個人	76
ㄉㄧˇ ㄅㄨˋ	底部	76
ㄉㄜˊ ㄅㄧㄠ	得標	76
ㄈㄨˋ ㄏㄨㄛˊ	復活	76
ㄔㄥˊ ㄨㄣˊ	成文	76
ㄕㄡˇ ㄒㄧㄝˇ	手寫	76
ㄕㄡˇ ㄓㄤˇ	手掌	76
ㄐㄧˋ ㄕ	技師	76
ㄌㄚ ㄔㄨ	拉出	76
ㄋㄚˊ ㄗㄡˇ	拿走	76
ㄊㄧˊ ㄍㄨㄛˋ	提過	76
ㄌㄨˇ	擄	76
ㄈㄤˋ ㄅㄤˇ	放榜	76
ㄒㄧㄣ ㄔㄢˇ ㄆㄧㄣˇ	新產品	76
ㄈㄤ ㄔㄥˊ ㄕˋ	方程式	76
ㄓˋ ㄕㄤ	智商	76
ㄎㄨㄞˋ ㄐㄧˋ ㄕ	會計師	76
ㄩㄝˋ ㄐㄧㄥ	月經	76
ㄧㄡˇ ㄍㄡˋ	有夠	76
ㄧㄡˇ ㄧˋ	有異	76
ㄨㄟˋ ㄉㄧㄥˋ	未定	76
ㄅㄣˇ ㄧˇ	本以	76
ㄅㄟ ㄍㄜˊ	杯葛	76
ㄌㄧㄣˊ ㄎㄡˇ	林口	76
ㄌㄡˊ ㄒㄧㄚˋ	樓下	76
ㄌㄧˋ ㄕˇ ㄒㄧㄥˋ	歷史性	76
ㄇㄟˇ ㄈㄥˊ	每逢	76
ㄈㄚˇ ㄌㄩˋ ㄒㄧˋ	法律系	76
ㄕㄜˋ ㄢˋ	涉案	76
ㄨˊ ㄓㄥˋ ㄈㄨˇ	無政府	76
ㄖㄜˋ ㄏㄨㄛˇ	熱火	76
ㄨㄤˊ ㄐㄧㄢˋ ㄇㄧㄣˊ	王建民	76
ㄨㄢˊ ㄨㄢˊ	玩玩	76
ㄨㄢˋ ㄨㄢˋ	玩玩	76
ㄊㄧㄢˊ ㄊㄧㄢˊ	甜甜	76
ㄊㄧㄢˊ ㄇㄟˇ	甜美	76
ㄕㄥ ㄏㄨㄛˊ ㄕㄤˋ	生活上	76
ㄉㄤ ㄐㄧㄚ	當家	76
ㄅㄞˊ ㄔ	白癡	76
ㄆㄢˊ ㄒㄩㄢˊ	盤旋	76
ㄕˋ ㄧˋ	示意	76
ㄑㄧㄝˋ ㄉㄠˋ	竊盜	76
ㄐㄧㄥ ㄓㄨㄣˇ	精準	76
ㄗㄠ ㄉㄜ˙	糟的	76
ㄏㄨㄥˊ ㄓㄨㄢ	紅磚	76
ㄓㄚˊ ㄕˊ	紮實	76
ㄗㄚ ㄕˊ	紮實	76
ㄐㄧㄥ ㄐㄧˋ ㄔㄥˊ ㄓㄤˇ ㄌㄩˋ	經濟成長率	76
ㄅㄧㄢ ㄧㄣˋ	編印	76
ㄈㄚˊ ㄗㄜˊ	罰則	76
ㄇㄟˇ ㄕㄤ	美商	76
ㄇㄟˇ ㄕㄨˋ ㄒㄧˋ	美術系	76
ㄅㄟ ㄈㄨˋ	背負	76
ㄏㄨˊ ㄐㄧㄣˇ ㄊㄠ	胡錦濤	76
ㄋㄥˊ ㄔ	能吃	76
ㄋㄥˊ ㄍㄢˋ	能幹	76
ㄋㄥˊ ㄐㄧㄝˇ	能解	76
ㄗˋ ㄅㄟ	自卑	76
ㄐㄧㄡˋ ㄐㄧㄡˋ	舅舅	76
ㄐㄧㄡˋ ㄐㄧㄡ˙	舅舅	76
ㄖㄨˊ	茹	76
ㄖㄨˋ	茹	76
ㄘㄠˇ ㄊㄨㄣˊ	草屯	76
ㄘㄠˇ ㄕㄨㄞˋ	草率	76
ㄕㄨ ㄍㄨㄛˇ	蔬果	76
ㄙㄨ ㄓㄡ	蘇州	76
ㄅㄧㄢ ㄈㄨˊ	蝙蝠	76
ㄅㄧㄢˇ ㄈㄨˊ	蝙蝠	76
ㄌㄚˋ ㄓㄨˊ	蠟燭	76
ㄔㄨㄥ ㄘˋ	衝刺	76
ㄒㄧ ㄡ	西歐	76
ㄐㄧㄢˋ ㄩˊ	見於	76
ㄍㄨㄟ ㄔㄥˊ	規程	76
ㄔㄨˋ ㄐㄧˊ	觸及	76
ㄐㄧˋ ㄕㄨˋ	計數	76
ㄙㄨˋ ㄙㄨㄥˋ ㄈㄚˇ	訴訟法	76
ㄖㄣˋ ㄕˋ ㄉㄠˋ	認識到	76
ㄕㄨㄛ ㄑㄧˇ ㄌㄞˊ	說起來	76
ㄗ ㄅㄣˇ ㄜˊ	資本額	76
ㄗ ㄩㄢˊ ㄏㄨㄟˊ ㄕㄡ	資源回收	76
ㄊㄧㄠˋ ㄊㄨㄛ	跳脫	76
ㄆㄛˋ ㄏㄞˋ	迫害	76
ㄌㄧㄢˊ ㄊㄨㄥˊ	連同	76
ㄏㄨㄢˊ ㄩㄢˊ	還原	76
ㄐㄧㄡˇ ㄏㄨㄟˋ	酒會	76
ㄧㄝˇ ㄋㄧㄠˇ	野鳥	76
ㄉㄨˋ	鍍	76
ㄔㄨˊ ㄒㄧˋ	除夕	76
ㄇㄧㄢˋ ㄐㄩˋ	面具	76
ㄊㄡˊ ㄆㄧˊ	頭皮	76
ㄅㄛˊ ㄏㄨㄟˊ	駁回	76
ㄙㄨㄥ ㄅㄤˇ	鬆綁	76
ㄧ ㄐㄧㄡˇ ㄐㄧㄡˇ ㄙˋ	一九九四	75
ㄧ ㄉㄧ	一滴	75
ㄧˋ ㄉㄧ	一滴	75
ㄅㄨˊ ㄧˋ	不意	75
ㄅㄨˋ ㄧˋ	不意	75
ㄓㄨㄥ ㄕㄢ ㄉㄚˋ ㄒㄩㄝˊ	中山大學	75
ㄦˋ ㄕˊ ㄙˋ ㄒㄧㄠˇ ㄕˊ	二十四小時	75
ㄐㄧㄠ ㄏㄨㄛˋ	交貨	75
ㄉㄢˋ ㄩㄢˋ	但願	75
ㄐㄧㄚ ㄗㄨㄛˋ	佳作	75
ㄑㄧㄣ ㄑㄩㄢˊ	侵權	75
ㄉㄠˇ ㄇㄟˊ	倒楣	75
ㄐㄧㄝˋ ㄐㄧㄥˋ	借鏡	75
ㄌㄧㄤˇ ㄔㄥˊ	兩成	75
ㄌㄧㄤˇ ㄆㄤˊ	兩旁	75
ㄌㄧㄤˇ ㄊㄧㄠˊ	兩條	75
ㄌㄧㄡˋ ㄨㄟˋ	六位	75
ㄈㄣ ㄈㄚˇ	分法	75
ㄑㄧㄢˊ ㄒㄧㄥˊ	前行	75
ㄑㄧㄢˊ ㄈㄥ	前鋒	75
ㄌㄧㄡˊ ㄅㄤ	劉邦	75
ㄍㄡ ㄌㄜˋ	勾勒	75
ㄋㄢˊ ㄕㄢ	南山	75
ㄧㄣˋ ㄅㄧㄠˇ ㄐㄧ	印表機	75
ㄘㄢ ㄩˇ ㄓㄜˇ	參與者	75
ㄘㄢ ㄩˋ ㄓㄜˇ	參與者	75
ㄘㄢ ㄈㄤˇ	參訪	75
ㄊㄨㄥˊ ㄔㄞˊ	同儕	75
ㄒㄧㄤˋ ㄨㄞˋ	向外	75
ㄨˊ ㄅㄛˊ ㄒㄩㄥˊ	吳伯雄	75
ㄏㄨㄢˋ ㄒㄧㄥˇ	喚醒	75
ㄙㄨㄛˇ	嗩	75
ㄉㄧˋ ㄆㄢˊ	地盤	75
ㄉㄧˋ ㄊㄧㄝˇ	地鐵	75
ㄨㄞˋ ㄇㄥˊ	外蒙	75
ㄍㄡˋ ㄩㄥˋ	夠用	75
ㄉㄚˋ ㄔ	大吃	75
ㄉㄚˋ ㄩㄝ ㄕˋ	大約是	75
ㄉㄚˋ ㄧㄡˊ ㄒㄧㄥˊ	大遊行	75
ㄉㄚˋ ㄩㄢˋ	大院	75
ㄊㄠˋ ㄈㄤˊ	套房	75
ㄘㄨㄣˊ ㄑㄩˇ	存取	75
ㄕㄡˇ ㄈㄚˇ	守法	75
ㄢ ㄏㄨㄟ	安徽	75
ㄒㄧㄠˇ ㄎㄢˋ	小看	75
ㄕㄢ ㄍㄜ	山歌	75
ㄉㄞˋ ㄐㄧㄣˋ	帶進	75
ㄔㄤˊ ㄍㄨㄟ	常規	75
ㄌㄨˊ ㄕㄢ	廬山	75
ㄐㄧㄢˋ ㄓㄨㄥ	建中	75
ㄑㄧㄤˊ ㄐㄧㄣˋ	強勁	75
ㄑㄧㄤˊ ㄐㄧㄥˋ	強勁	75
ㄧㄥˇ ㄐㄧˊ	影集	75
ㄘㄨㄥˊ ㄇㄟˊ	從沒	75
ㄈㄨˋ ㄍㄨˇ	復古	75
ㄓㄨㄥ ㄒㄧㄣˋ	忠信	75
ㄘㄢˇ ㄗㄠ	慘遭	75
ㄔㄥˊ ㄑㄧㄢ ㄕㄤˋ ㄨㄢˋ	成千上萬	75
ㄔㄥˊ ㄐㄧㄝ	承接	75
ㄅㄚˇ ㄕㄡˇ	把手	75
ㄎㄤˋ ㄩㄢˊ	抗原	75
ㄊㄠ ㄔㄨ	掏出	75
ㄆㄞˊ ㄑㄧㄡˊ	排球	75
ㄊㄨㄟ ㄌㄧˇ	推理	75
ㄐㄧˇ ㄇㄢˇ	擠滿	75
ㄙㄢˋ ㄅㄛˋ	散播	75
ㄨㄣˊ ㄆㄧㄥˊ	文憑	75
ㄒㄧㄣ ㄕˋ	新式	75
ㄒㄧㄣ ㄧㄥˇ	新穎	75
ㄈㄤ ㄅㄧㄢˋ ㄉㄜ˙	方便的	75
ㄕ ㄧˇ	施以	75
ㄕㄨ ㄕㄤ	書商	75
ㄇㄛˋ ㄉㄨㄢ	末端	75
ㄉㄨㄥ ㄕㄚ	東沙	75
ㄔㄚˊ ㄎㄢˋ	查看	75
ㄕㄨㄢ	栓	75
ㄧㄝˋ ㄧˇ	業已	75
ㄐㄧ ㄓㄨㄥˇ	機種	75
ㄊㄞˊ ㄇㄧㄢˋ	檯面	75
ㄌㄧˋ ㄉㄞˋ	歷代	75
ㄅㄧˇ ㄑㄧˇ ㄌㄞˊ	比起來	75
ㄕㄨㄟˇ ㄌㄧˋ	水力	75
ㄕㄣ ㄒㄧㄣˋ	深信	75
ㄐㄧㄢˇ ㄖㄨㄛˋ	減弱	75
ㄧㄢˇ ㄅㄧㄢˋ ㄔㄥˊ	演變成	75
ㄖㄜˋ ㄓㄨㄥ	熱衷	75
ㄔˋ	熾	75
ㄌㄧㄝˋ ㄅㄨˇ	獵捕	75
ㄌㄧˇ ㄒㄧㄥˋ ㄉㄜ˙	理性的	75
ㄌㄧˇ ㄓˋ	理智	75
ㄨㄟˋ ㄐㄩˋ	畏懼	75
ㄏㄨㄚˋ ㄌㄤˊ	畫廊	75
ㄒㄧㄤ ㄍㄢ	相干	75
ㄧㄢˇ ㄐㄧㄝˋ	眼界	75
ㄎㄢˇ ㄈㄚ	砍伐	75
ㄧㄡˋ	祐	75
ㄍㄠˇ ㄗ˙	稿子	75
ㄨㄣˇ ㄍㄨˋ	穩固	75
ㄇㄧˇ ㄦˇ	米爾	75
ㄋㄧㄡˇ ㄩㄝ ㄕˋ	紐約市	75
ㄍㄤ ㄌㄧㄥˇ	綱領	75
ㄗㄨㄥˇ ㄅㄧㄢ ㄐㄧˊ	總編輯	75
ㄌㄧㄥˊ	翎	75
ㄍㄨˇ ㄑㄩㄢˊ	股權	75
ㄊㄨㄣˊ	臀	75
ㄗˋ ㄖㄢˊ ㄦˊ ㄖㄢˊ	自然而然	75
ㄧㄥ ㄍㄜˊ ㄌㄢˊ	英格蘭	75
ㄨㄢˋ ㄩˊ	萬餘	75
ㄉㄨㄥˇ ㄐㄧㄢ	董監	75
ㄌㄢˊ ㄊㄧㄢ	藍天	75
ㄙㄨ ㄐㄧㄢˋ ㄏㄜˊ	蘇建和	75
ㄅㄧㄠˇ ㄉㄚˊ ㄔㄨ	表達出	75
ㄉㄞˋ ㄗ˙	袋子	75
ㄅㄠ	褒	75
ㄧㄠˋ ㄑㄧㄤˊ	要強	75
ㄑㄧㄣ ㄆㄥˊ	親朋	75
ㄐㄧ	譏	75
ㄩˋ ㄨㄟˊ	譽為	75
ㄗㄢˋ ㄕㄤˇ	讚賞	75
ㄙㄞˋ ㄔㄜ	賽車	75
ㄑㄧˇ ㄧㄢˇ	起眼	75
ㄩㄝˋ ㄍㄨㄛˋ	越過	75
ㄓㄨㄟ ㄨㄣˋ	追問	75
ㄊㄨㄟˋ ㄏㄨㄚˋ	退化	75
ㄊㄨㄥ ㄆㄢˊ	通盤	75
ㄧㄡˊ ㄗ	遊資	75
ㄧˊ ㄕ	遺失	75
ㄅㄧˋ ㄩㄣˋ	避孕	75
ㄆㄟˋ ㄐㄧㄢˋ	配件	75
ㄧㄢ	醃	75
ㄓㄨㄥˋ ㄓㄣˋ	重鎮	75
ㄎㄞ ㄉㄠˋ	開到	75
ㄧㄣ ㄇㄡˊ	陰謀	75
ㄉㄧㄢˋ ㄗˇ ㄏㄨㄚˋ	電子化	75
ㄓㄣˋ ㄉㄨㄥˋ	震動	75
ㄈㄟ ㄈㄢˊ	非凡	75
ㄈㄥ ㄕㄢˋ	風扇	75
ㄈㄟ ㄒㄧㄤˊ	飛翔	75
ㄇㄢˊ ㄊㄡˊ	饅頭	75
ㄇㄢˊ ㄊㄡ˙	饅頭	75
ㄨㄟˇ	鮪	75
ㄧˋ ㄋㄧㄢˊ ㄧˊ ㄉㄨˋ	一年一度	74
ㄅㄨˊ ㄓㄣˋ	不振	74
ㄊㄚ ㄅㄨˊ ㄕˋ	他不是	74
ㄉㄞˋ ㄧㄢˊ ㄖㄣˊ	代言人	74
ㄩㄥˋ ㄐㄧㄣ	佣金	74
ㄍㄨㄤ ㄒㄩㄝˊ	光學	74
ㄌㄧㄤˇ ㄅㄟˋ	兩倍	74
ㄍㄨㄥ ㄉㄠˋ	公道	74
ㄍㄨㄥˋ ㄕㄥ	共生	74
ㄗㄞˋ ㄗㄜˇ ㄇㄛ˙	再怎麼	74
ㄗㄞˋ ㄗㄜˇ ㄇㄜ˙	再怎麼	74
ㄗㄞˋ ㄗㄣˇ ㄇㄛ˙	再怎麼	74
ㄗㄞˋ ㄗㄣˇ ㄇㄜ˙	再怎麼	74
ㄉㄠˋ ㄘˇ	到此	74
ㄕˊ ㄅㄚ ㄙㄨㄟˋ	十八歲	74
ㄕˊ ㄓㄡ	十週	74
ㄕㄥ ㄑㄧㄢ	升遷	74
ㄋㄢˊ ㄒㄧㄤˋ	南向	74
ㄧㄢˋ ㄨˋ	厭惡	74
ㄧㄡˇ ㄅㄤ	友邦	74
ㄕㄡˋ ㄒㄧㄥˊ ㄖㄣˊ	受刑人	74
ㄌㄧㄥˋ ㄧㄡˇ	另有	74
ㄊㄞˊ ㄅㄟˇ ㄖㄣˊ	台北人	74
ㄍㄠˋ ㄧ ㄉㄨㄢˋ ㄌㄨㄛˋ	告一段落	74
ㄍㄠˋ ㄧˊ ㄉㄨㄢˋ ㄌㄨㄛˋ	告一段落	74
ㄅㄨˇ ㄖㄨˇ	哺乳	74
ㄏㄨˇ	唬	74
ㄧㄣ ㄓ	因之	74
ㄊㄨㄣˊ ㄐㄧ	囤積	74
ㄍㄨㄛˊ ㄑㄧㄥˊ	國情	74
ㄕˇ ㄩˊ	始於	74
ㄢ ㄌㄜˋ	安樂	74
ㄐㄧㄡˋ ㄉㄥˇ	就等	74
ㄕㄢ ㄖㄣˊ	山人	74
ㄕㄢ ㄑㄧㄤˊ	山牆	74
ㄓㄡ ㄓㄥˋ ㄈㄨˇ	州政府	74
ㄐㄩˋ ㄒㄧㄥ	巨星	74
ㄋㄧㄢˊ ㄓㄤˇ	年長	74
ㄒㄧㄥˊ ㄊㄧˇ	形體	74
ㄧˋ ㄋㄢˊ	役男	74
ㄉㄜˊ ㄍㄨㄛˋ	得過	74
ㄘㄢˊ ㄎㄨㄟˋ	慚愧	74
ㄉㄚˇ ㄙㄠˇ	打掃	74
ㄓㄠˇ ㄖㄣˊ	找人	74
ㄔㄡ ㄧㄢ	抽菸	74
ㄋㄚˊ ㄏㄨㄟˊ	拿回	74
ㄐㄩㄢˇ ㄖㄨˋ	捲入	74
ㄉㄧㄠˋ ㄒㄧㄚˋ ㄌㄞˊ	掉下來	74
ㄏㄨㄢˋ ㄧㄢˊ ㄓ	換言之	74
ㄙㄡ ㄒㄩㄣˊ ㄧㄣˇ ㄑㄧㄥˊ	搜尋引擎	74
ㄌㄢˊ ㄐㄧㄝˊ	攔截	74
ㄓ ㄧㄥˋ	支應	74
ㄨㄣˊ ㄈㄚˇ	文法	74
ㄆㄤˊ ㄅㄧㄢ ㄉㄜ˙	旁邊的	74
ㄨㄤˋ ㄐㄧˋ	旺季	74
ㄔㄨㄣ ㄈㄥ	春風	74
ㄞˋ	曖	74
ㄕㄨ ㄑㄧㄢ	書籤	74
ㄊㄧˋ ㄉㄞˋ ㄧˋ	替代役	74
ㄨㄟˋ ㄔㄥˊ	未成	74
ㄙㄨㄥ ㄒㄧㄚˋ	松下	74
ㄏㄨㄢˊ	桓	74
ㄓˊ ㄖㄨˋ	植入	74
ㄓˊ ㄅㄟˋ	植被	74
ㄑㄩㄢˊ ㄕˋ	權勢	74
ㄓㄥˋ ㄇㄧㄢˋ ㄉㄜ˙	正面的	74
ㄍㄨㄟ ㄉㄠˋ	歸到	74
ㄇㄟˇ ㄧ ㄍㄜ˙ ㄖㄣˊ	每一個人	74
ㄇㄟˇ ㄧˊ ㄍㄜ˙ ㄖㄣˊ	每一個人	74
ㄕㄨㄟˇ ㄕㄡˇ	水手	74
ㄔˊ ㄊㄤˊ	池塘	74
ㄧㄢˊ ㄓㄜ˙	沿著	74
ㄈㄚˇ ㄩㄢˊ	法源	74
ㄩ	淤	74
ㄏㄨㄣˋ ㄉㄨㄣˋ	混沌	74
ㄇㄢˇ ㄇㄨˋ	滿目	74
ㄌㄧˋ	瀝	74
ㄍㄨㄢˋ ㄕㄨ	灌輸	74
ㄨˊ ㄔㄤˊ	無常	74
ㄧㄥˊ ㄉㄧˋ	營地	74
ㄏㄨˊ ㄌㄧˊ	狐狸	74
ㄕㄥ ㄏㄨㄛˊ ㄑㄩㄢ	生活圈	74
ㄅㄞˇ ㄨㄟˋ	百位	74
ㄓˊ ㄒㄧㄠ	直銷	74
ㄎㄢˋ ㄉㄜˊ ㄔㄨ ㄌㄞˊ	看得出來	74
ㄎㄢˋ ㄉㄜ˙ ㄔㄨ ㄌㄞˊ	看得出來	74
ㄉㄨㄢˇ ㄆㄧㄢ	短篇	74
ㄓˇ ㄕˋ	祇是	74
ㄐㄧㄣˋ ㄧㄠˋ	禁藥	74
ㄕㄨㄟˋ ㄓˋ	稅制	74
ㄎㄨㄥ ㄩㄣˋ	空運	74
ㄉㄧˋ ㄗㄠˋ	締造	74
ㄗㄨㄥˇ ㄕㄨˇ	總署	74
ㄗㄨㄥˇ ㄧ ㄩㄢˋ	總醫院	74
ㄇㄡˊ	繆	74
ㄇㄧㄠˋ	繆	74
ㄇㄧㄡˋ	繆	74
ㄇㄟˇ ㄇㄢˇ	美滿	74
ㄌㄠˇ ㄆㄥˊ ㄧㄡˇ	老朋友	74
ㄨㄟˋ ㄎㄡˇ	胃口	74
ㄗˋ ㄉㄚˋ	自大	74
ㄗˋ ㄧㄡˊ ㄆㄞˋ	自由派	74
ㄒㄧㄥˋ ㄓˋ	興致	74
ㄓㄨㄛˊ	茁	74
ㄏㄨㄚˊ ㄦˇ ㄐㄧㄝ	華爾街	74
ㄌㄨㄛˋ ㄖㄨˋ	落入	74
ㄊㄨㄟˋ	蛻	74
ㄕㄨㄟˋ	蛻	6.351308576902391
ㄘㄢˊ	蠶	74
ㄒㄧㄝˇ ㄊㄨㄥˇ	血統	74
ㄓˋ ㄗㄠˋ ㄔㄨ	製造出	74
ㄑㄧㄥˇ ㄐㄧㄢˋ	請見	74
ㄓˊ ㄍㄢˇ	質感	74
ㄗㄨㄥ ㄐㄧ	蹤跡	74
ㄓㄨㄟ ㄐㄧㄚ	追加	74
ㄔㄥˇ	逞	74
ㄍㄨㄛˋ ㄕㄥˋ	過剩	74
ㄉㄥˋ ㄌㄧˋ ㄐㄩㄣ	鄧麗君	74
ㄔㄨㄥˊ ㄓˋ	重製	74
ㄓㄨㄥˋ ㄌㄧㄤˋ ㄐㄧˊ	重量級	74
ㄊㄧㄝˇ ㄌㄨˋ ㄐㄩˊ	鐵路局	74
ㄒㄧㄤ	鑲	74
ㄓˋ	雉	74
ㄌㄧˊ ㄆㄨˇ	離譜	74
ㄋㄢˊ ㄕㄨㄛ	難說	74
ㄑㄧㄥ ㄈㄨˇ ㄏㄨㄟˋ	青輔會	74
ㄧˊ	頤	74
ㄆㄧㄣˊ ㄔㄨㄢˊ	頻傳	74
ㄙˋ ㄌㄧㄠˋ	飼料	74
ㄍㄨㄢˇ ㄘㄤˊ	館藏	74
ㄇㄚˇ ㄔㄜ	馬車	74
ㄍㄠ ㄍㄨㄟˋ	高貴	74
ㄏㄨㄤˊ ㄏㄜˊ	黃河	74
ㄧ ㄐㄧㄡˇ ㄐㄧㄡˇ ㄌㄧㄡˋ	一九九六	73
ㄧ ㄔㄚˋ ㄋㄚˋ	一剎那	73
ㄧˊ ㄔㄚˋ ㄋㄚˋ	一剎那	73
ㄧ ㄧㄝˋ	一夜	73
ㄧˊ ㄧㄝˋ	一夜	73
ㄕㄤˋ ㄕㄤˋ	上上	73
ㄅㄨˊ ㄗㄞˋ ㄕˋ	不再是	73
ㄅㄨˋ ㄐㄧㄚ	不加	73
ㄅㄧㄥˋ ㄅㄨˋ ㄋㄥˊ	並不能	73
ㄓㄨㄥ ㄖˋ	中日	73
ㄕˋ ㄕˋ	事事	73
ㄐㄧㄠ ㄕㄜˋ	交涉	73
ㄔㄡˊ ㄏㄣˋ	仇恨	73
ㄖㄥˊ ㄗㄞˋ	仍在	73
ㄏㄜˊ ㄨㄟˋ	何謂	73
ㄌㄞˊ ㄍㄜ˙	來個	73
ㄔㄨㄢˊ ㄧㄢˊ	傳言	73
ㄍㄨㄤ ㄍㄨㄤ	光光	73
ㄋㄟˋ ㄒㄧㄢˋ	內線	73
ㄌㄧㄤˇ ㄧˋ	兩億	73
ㄉㄠ ㄗ˙	刀子	73
ㄌㄧˋ ㄏㄞˋ	利害	73
ㄑㄧㄢˊ ㄎㄜ	前科	73
ㄕˊ ㄑㄧ ㄕˋ ㄐㄧˋ	十七世紀	73
ㄘㄢ ㄎㄠˇ ㄕㄨ	參考書	73
ㄕㄡˋ ㄐㄧㄠˋ	受教	73
ㄓˇ ㄕˋ ㄨㄟˋ ㄌㄜ˙	只是為了	73
ㄙ ㄇㄚˇ ㄑㄧㄢ	司馬遷	73
ㄇㄧㄥˊ ㄗㄨㄛˋ	名作	73
ㄉㄢ ㄐㄧㄚˋ	單價	73
ㄙㄨㄛˇ ㄋㄚˋ	嗩吶	73
ㄔㄠˊ ㄒㄧㄠˋ	嘲笑	73
ㄗㄞˋ ㄐㄧˋ	在記	73
ㄉㄚˋ ㄉㄧˋ	大帝	73
ㄉㄚˋ ㄒㄧㄣ	大新	73
ㄉㄚˋ ㄊㄨㄟˇ	大腿	73
ㄊㄧㄢ ㄕㄨㄛ	天說	73
ㄋㄩˇ ㄒㄧㄥ	女星	73
ㄏㄠˋ ㄑㄧˊ ㄒㄧㄣ	好奇心	73
ㄋㄧˇ ㄇㄣˊ	妳們	73
ㄋㄧˇ ㄇㄣ˙	妳們	73
ㄐㄩㄢ ㄐㄩㄢ	娟娟	73
ㄗˇ ㄍㄨㄥ ㄙ	子公司	73
ㄘㄨㄣˊ ㄌㄧㄤˋ	存量	73
ㄒㄩㄝˊ ㄔㄥˊ	學成	73
ㄒㄧㄝˇ ㄓㄠˋ	寫照	73
ㄒㄧㄠˇ ㄧ	小一	73
ㄅㄤ ㄆㄞˋ	幫派	73
ㄐㄧˇ ㄈㄣ ㄓㄨㄥ	幾分鐘	73
ㄨㄤˇ ㄖˋ	往日	73
ㄏㄡˋ ㄇㄣˊ	後門	73
ㄎㄨㄞˋ ㄉㄧˋ	快遞	73
ㄎㄨㄞˋ ㄇㄣˊ	快門	73
ㄒㄧㄤˇ ㄗㄞˋ	想再	73
ㄔㄢˋ	懺	73
ㄓㄠˇ ㄍㄨㄥ ㄗㄨㄛˋ	找工作	73
ㄔㄞ ㄑㄧㄢ	拆遷	73
ㄨㄚ ㄔㄨ	挖出	73
ㄆㄞˊ ㄍㄨˇ	排骨	73
ㄊㄢˋ ㄎㄢ	探勘	73
ㄐㄧㄝ ㄅㄛˊ	接駁	73
ㄧㄢˇ ㄇㄞˊ ㄔㄤˇ	掩埋場	73
ㄧㄢˇ ㄍㄞˋ	掩蓋	73
ㄑㄧㄤˇ ㄍㄡˋ	搶購	73
ㄈㄤˋ ㄐㄧㄣˋ ㄑㄩˋ	放進去	73
ㄓㄥˋ ㄈㄚˇ	政法	73
ㄕㄨˋ ㄨㄢˋ	數萬	73
ㄖˋ ㄋㄟˋ ㄨㄚˇ	日內瓦	73
ㄇㄧㄥˊ ㄓㄠ	明朝	73
ㄕㄨ ㄕㄤˋ	書上	73
ㄧㄡˇ ㄅㄠ	有包	73
ㄍㄨㄛˇ ㄕㄨˋ	果樹	73
ㄕˋ	柿	73
ㄑㄧㄠˊ ㄊㄡˊ	橋頭	73
ㄏㄨㄢ ㄒㄧㄠˋ	歡笑	73
ㄧㄢˊ ㄒㄧㄢˋ	沿線	73
ㄑㄩㄢˊ ㄓㄡ	泉州	73
ㄒㄧˇ ㄕㄡˇ	洗手	73
ㄏㄨㄛˊ ㄌㄨㄛˋ	活絡	73
ㄏㄞˇ ㄒㄧㄠˋ	海嘯	73
ㄏㄨㄣˋ ㄋㄧㄥˊ ㄊㄨˇ	混凝土	73
ㄓㄨㄣˇ ㄅㄟˋ ㄐㄧㄣ	準備金	73
ㄏㄢˋ ㄕㄨ	漢書	73
ㄨˊ ㄩㄢˊ	無緣	73
ㄒㄧㄚˊ ㄒㄧㄠˇ	狹小	73
ㄐㄧㄤˇ ㄆㄧㄣˇ	獎品	73
ㄨㄢˊ ㄈㄚˇ	玩法	73
ㄒㄧㄢˋ ㄧˇ	現已	73
ㄓㄥ ㄐㄧㄝˊ	癥結	73
ㄈㄚ ㄒㄧㄢˋ ㄉㄠˋ	發現到	73
ㄧㄢˊ ㄎㄠˇ ㄏㄨㄟˋ	研考會	73
ㄅㄧˇ ㄒㄧㄚˋ	筆下	73
ㄕㄣ ㄕˋ	紳士	73
ㄐㄧㄣˇ ㄐㄧㄝ ㄓㄜ˙	緊接著	73
ㄅㄧㄢ ㄓ	編織	73
ㄕㄥˊ ㄗ˙	繩子	73
ㄗㄨㄟˋ ㄒㄧㄥˊ	罪行	73
ㄗㄨㄟˋ ㄒㄧㄥˋ	罪行	73
ㄈㄢ ㄌㄜ˙	翻了	73
ㄌㄠˇ ㄨㄤˊ	老王	73
ㄌㄠˇ ㄋㄨㄥˊ	老農	73
ㄗˋ ㄌㄧˋ	自力	73
ㄘㄠˇ ㄆㄧㄥˊ	草坪	73
ㄏㄜˊ ㄅㄠ	荷包	73
ㄓㄨˋ ㄗㄨㄛˋ ㄖㄣˊ	著作人	73
ㄆㄨˊ ㄊㄠˊ ㄐㄧㄡˇ	葡萄酒	73
ㄔㄨˇ ㄈㄤ	處方	73
ㄆㄧㄥˊ ㄅㄧˇ	評比	73
ㄍㄞ ㄩㄥˋ	該用	73
ㄖㄣˋ ㄘㄨㄛˋ	認錯	73
ㄌㄧㄤˋ ㄐㄧㄝˇ	諒解	73
ㄉㄨˊ ㄨˋ	讀物	73
ㄗㄡˇ ㄔㄨ ㄌㄞˊ	走出來	73
ㄗㄡˇ ㄏㄨㄟˊ	走回	73
ㄊㄧㄠˋ ㄕㄨㄟˇ	跳水	73
ㄌㄨㄣˊ ㄊㄞ	輪胎	73
ㄅㄢˋ ㄉㄠˋ	辦到	73
ㄉㄧㄝˊ	迭	73
ㄌㄧㄢˊ ㄏㄥˊ	連橫	73
ㄓㄡ ㄙㄢ	週三	73
ㄓㄡ ㄅㄠˋ	週報	73
ㄐㄧㄣˋ ㄔㄨ ㄎㄡˇ	進出口	73
ㄋㄚˋ ㄒㄧㄝ ㄖㄣˊ	那些人	73
ㄚ ㄇㄨˇ ㄙ ㄊㄜˋ ㄉㄢ	阿姆斯特丹	73
ㄙㄨㄟ ㄖㄢˊ ㄕㄨㄛ	雖然說	73
ㄙㄨㄟ ㄕㄨㄛ	雖說	73
ㄒㄩㄝˇ ㄕㄢ	雪山	73
ㄧㄣ ㄅㄛ	音波	73
ㄧㄣ ㄆㄛ	音波	73
ㄌㄟˋ ㄅㄧˇ	類比	73
ㄊㄧˇ ㄨㄣ	體溫	73
ㄉㄧㄢˇ ㄕㄨˇ	點數	73
ㄉㄧㄢˇ ㄕㄨˋ	點數	73
ㄍㄨㄟ ㄕㄢ	龜山	73
ㄧ ㄑㄧㄝˋ ㄉㄜ˙	一切的	72
ㄧˊ ㄑㄧㄝˋ ㄉㄜ˙	一切的	72
ㄒㄧㄚˋ ㄉㄧㄥˋ	下定	72
ㄕˋ ㄙㄨˊ	世俗	72
ㄓㄨㄥ ㄐㄧㄝˋ	中介	72
ㄓㄨㄥ ㄍㄨˇ	中古	72
ㄔㄨㄢˋ ㄌㄧㄢˊ	串聯	72
ㄌㄧㄠˇ ㄕˋ	了事	72
ㄦˋ ㄌㄞˊ	二來	72
ㄐㄧㄠ ㄆㄥˊ ㄧㄡˇ	交朋友	72
ㄊㄡ ㄉㄨˋ	偷渡	72
ㄍㄨㄤ ㄌㄜ˙	光了	72
ㄌㄥˇ ㄕㄨㄟˇ	冷水	72
ㄔㄨ ㄑㄧㄥ	出清	72
ㄈㄣ ㄏㄨㄟˋ	分會	72
ㄒㄧㄥˊ ㄕˋ ㄙㄨˋ ㄙㄨㄥˋ	刑事訴訟	72
ㄔㄨ ㄓㄨㄥ	初中	72
ㄆㄢˋ ㄒㄧㄥˊ	判刑	72
ㄏㄨㄚˋ ㄔㄨ	劃出	72
ㄐㄧㄚ ㄕㄨㄟˋ	加稅	72
ㄐㄧㄚ ㄐㄧㄣˇ	加緊	72
ㄎㄢ ㄔㄚˊ	勘查	72
ㄅㄠ ㄅㄠ	包包	72
ㄒㄩㄥ ㄧㄚˊ ㄌㄧˋ	匈牙利	72
ㄑㄩ ㄩˋ ㄒㄧㄥˋ	區域性	72
ㄩㄢˊ ㄍㄠˋ	原告	72
ㄑㄩˋ ㄉㄧㄠˋ	去掉	72
ㄘㄢ ㄓㄠˋ	參照	72
ㄈㄢˇ ㄍㄨㄥ	反攻	72
ㄑㄩˇ ㄌㄜ˙	取了	72
ㄓˇ ㄕˋ ㄕㄨㄛ	只是說	72
ㄒㄧ ㄒㄧㄝˇ ㄍㄨㄟˇ	吸血鬼	72
ㄓㄡ ㄎㄢ	周刊	72
ㄏㄨ ㄏㄨ	呼呼	72
ㄉㄨㄥ	咚	72
ㄔㄨㄢˇ ㄒㄧˊ	喘息	72
ㄑㄧˋ ㄐㄩˋ	器具	72
ㄍㄨㄛˊ ㄐㄩˋ	國劇	72
ㄉㄚˋ ㄊㄨㄣˊ	大屯	72
ㄉㄚˋ ㄈㄨˊ ㄉㄨˋ	大幅度	72
ㄉㄚˋ ㄅㄧㄢˋ	大變	72
ㄉㄚˋ ㄐㄩㄣ	大軍	72
ㄊㄞˋ ㄇㄢˋ	太慢	72
ㄏㄠˇ ㄎㄢˋ ㄉㄜ˙	好看的	72
ㄏㄠˇ ㄓㄨㄢˇ	好轉	72
ㄕㄨˊ	孰	72
ㄢ ㄐㄧㄢˇ	安檢	72
ㄉㄧㄥˋ ㄎㄜˇ	定可	72
ㄉㄨㄟˋ ㄖˋ	對日	72
ㄐㄧㄡˋ ㄉㄚˇ	就打	72
ㄍㄤ ㄨㄟˋ	崗位	72
ㄍㄤˇ ㄨㄟˋ	崗位	72
ㄧㄣˇ ㄧㄡˋ	引誘	72
ㄧㄣˇ ㄌㄧㄥˇ	引領	72
ㄓㄤ ㄓㄤ	張張	72
ㄏㄣˇ ㄗㄠ	很糟	72
ㄨㄟˊ ㄒㄧㄠˇ	微小	72
ㄐㄧˊ ㄩˊ	急於	72
ㄍㄨㄞˋ ㄨˋ	怪物	72
ㄑㄧㄥˊ ㄧˋ	情意	72
ㄨㄤˇ	惘	72
ㄞˋ ㄖㄣˊ	愛人	72
ㄔㄨㄥ	憧	72
ㄔㄥˊ ㄑㄩㄢˊ	成全	72
ㄔㄥˊ ㄊㄧㄢ	成天	72
ㄨㄛˇ ㄒㄧㄚˋ	我下	72
ㄨㄛˇ ㄅㄚˋ	我爸	72
ㄓㄢˋ ㄔㄜ	戰車	72
ㄕㄡˇ ㄩˇ	手語	72
ㄉㄚˇ ㄉㄨㄢˋ	打斷	72
ㄉㄚˇ ㄓㄜˇ	打者	72
ㄐㄧˋ ㄕㄨˋ ㄒㄧㄥˋ	技術性	72
ㄐㄧㄝ ㄐㄧㄢˋ	接見	72
ㄅㄛ ㄎㄨㄢˇ	撥款	72
ㄐㄧㄡˋ ㄍㄨㄛˊ ㄊㄨㄢˊ	救國團	72
ㄒㄧㄣ ㄓㄥˋ ㄈㄨˇ	新政府	72
ㄖˋ ㄐㄩˋ ㄕˊ ㄉㄞˋ	日據時代	72
ㄗㄠˇ ㄨㄢˇ	早晚	72
ㄇㄧㄥˊ ㄌㄤˇ	明朗	72
ㄓㄡˋ	晝	72
ㄅㄣˇ ㄓㄜ˙	本著	72
ㄍㄨㄛˇ ㄖㄢˊ ㄕˋ	果然是	72
ㄡ ㄅㄚ ㄇㄚˇ	歐巴馬	72
ㄓㄥˋ ㄕˋ ㄉㄜ˙	正式的	72
ㄘㄢˊ ㄖㄣˇ	殘忍	72
ㄅㄧˇ ㄐㄧㄠˋ ㄒㄧㄤˋ	比較像	72
ㄩㄥˇ ㄔㄤ	永昌	72
ㄓˋ ㄐㄧㄚ	治家	72
ㄈㄚˋ ㄨㄣˊ	法文	72
ㄈㄚˇ ㄒㄧㄣ ㄕㄜˋ	法新社	72
ㄈㄚˋ ㄒㄧㄣ ㄕㄜˋ	法新社	72
ㄌㄧㄡˊ ㄒㄧㄤˋ	流向	72
ㄏㄞˇ ㄋㄟˋ	海內	72
ㄒㄧㄠ ㄈㄤˊ ㄉㄨㄟˋ	消防隊	72
ㄨㄛ	渦	72
ㄨㄣ ㄕˋ	溫室	72
ㄧㄢˇ ㄐㄧˋ	演技	72
ㄆㄨˊ	濮	72
ㄔㄨㄟ	炊	72
ㄔㄨㄟˋ	炊	6.351308576902391
ㄓㄠˋ ㄒㄧㄤˋ ㄐㄧ	照相機	72
ㄕㄥ ㄊㄞˋ ㄏㄨㄢˊ ㄐㄧㄥˋ	生態環境	72
ㄋㄢˊ ㄓㄨˇ ㄐㄧㄠˇ	男主角	72
ㄋㄢˊ ㄓㄨˇ ㄐㄩㄝˊ	男主角	72
ㄊㄨㄥˋ ㄒㄧㄣ	痛心	72
ㄈㄚ ㄔㄥˊ	發成	72
ㄕㄥˋ ㄐㄩˇ	盛舉	72
ㄕㄣˊ ㄑㄧˊ ㄉㄜ˙	神奇的	72
ㄎㄜ ㄒㄩㄝˊ ㄧㄢˊ ㄐㄧㄡˋ	科學研究	72
ㄐㄧㄥˋ ㄅㄧㄠ	競標	72
ㄐㄧㄠˇ ㄋㄚˋ	繳納	72
ㄇㄟˇ ㄍㄨㄥ	美工	72
ㄨˇ ㄏㄨㄟˋ	舞會	72
ㄖㄨㄥˇ	茸	72
ㄖㄨㄥˊ	茸	72
ㄓㄨˋ ㄔㄥ	著稱	72
ㄓˋ ㄔㄥˊ	製程	72
ㄐㄩㄝˊ ㄨˋ	覺悟	72
ㄐㄧㄝˇ ㄊㄧˇ	解體	72
ㄏㄨˇ ㄏㄨˇ	許許	72
ㄒㄩˇ ㄒㄩˇ	許許	72
ㄧㄠˊ ㄧㄢˊ	謠言	72
ㄇㄛˊ	謨	72
ㄐㄧㄥˇ ㄊㄧˋ	警惕	72
ㄇㄞˇ ㄉㄨㄥ ㄒㄧ	買東西	72
ㄊㄧㄝ ㄑㄧㄝˋ	貼切	72
ㄗ ㄌㄧˋ	資歷	72
ㄌㄨˋ ㄉㄥ	路燈	72
ㄓㄨㄢˇ ㄖㄣˋ	轉任	72
ㄓㄨㄢˇ ㄨㄤˇ	轉往	72
ㄓㄨㄢˇ ㄍㄨㄛˋ	轉過	72
ㄊㄠˊ ㄌㄧˊ	逃離	72
ㄩㄣˋ ㄉㄨㄥˋ ㄔㄤˇ	運動場	72
ㄒㄩㄢˇ ㄗㄜˊ ㄒㄧㄥˋ	選擇性	72
ㄅㄨˋ ㄈㄣˋ ㄉㄜ˙	部份的	72
ㄉㄨ ㄈㄚ	都發	72
ㄓㄨㄥˋ ㄐㄧㄣ	重金	72
ㄉㄨㄢˋ ㄌㄧㄢˋ	鍛鍊	72
ㄅㄤˋ	鎊	72
ㄎㄞ ㄈㄤˋ ㄍㄟˇ	開放給	72
ㄎㄞ ㄧㄢˇ	開眼	72
ㄈㄨˋ ㄕㄤˋ	附上	72
ㄕㄨㄤ ㄒㄧ	雙溪	72
ㄈㄟ ㄉㄜˊ	非得	72
ㄈㄟ ㄉㄟˇ	非得	72
ㄊㄡˊ ㄦ	頭兒	72
ㄊㄡˊ ㄦˊ	頭兒	72
ㄈㄥ ㄇㄧˇ	風靡	72
ㄈㄟ ㄒㄧㄥˊ ㄩㄢˊ	飛行員	72
ㄧㄥ ㄍㄜ	鶯歌	72
ㄧ ㄒㄧㄝ ㄕˋ	一些事	71
ㄧ ㄈㄣ ㄓㄨㄥ	一分鐘	71
ㄧˋ ㄈㄣ ㄓㄨㄥ	一分鐘	71
ㄧ ㄨㄢˇ	一碗	71
ㄧˋ ㄨㄢˇ	一碗	71
ㄧ ㄓˋ ㄒㄧㄥˋ	一致性	71
ㄧˊ ㄓˋ ㄒㄧㄥˋ	一致性	71
ㄧ ㄉㄧㄢˇ ㄧㄝˇ ㄅㄨˊ	一點也不	71
ㄧ ㄉㄧㄢˇ ㄧㄝˇ ㄅㄨˋ	一點也不	71
ㄧˋ ㄉㄧㄢˇ ㄧㄝˇ ㄅㄨˊ	一點也不	71
ㄧˋ ㄉㄧㄢˇ ㄧㄝˇ ㄅㄨˋ	一點也不	71
ㄓㄨㄥ ㄒㄩㄝˊ ㄕㄥ	中學生	71
ㄓㄨˇ ㄧㄠˋ ㄩㄢˊ ㄧㄣ	主要原因	71
ㄦˋ ㄧㄤˇ ㄏㄨㄚˋ ㄊㄢˋ	二氧化碳	71
ㄨˇ ㄈㄣ ㄓ ㄧ	五分之一	71
ㄐㄧㄠ ㄊㄨㄥ ㄍㄨㄥ ㄐㄩˋ	交通工具	71
ㄖㄣˊ ㄓㄨㄥ	人中	71
ㄧ ㄙ ㄌㄢˊ	伊斯蘭	71
ㄏㄜˊ ㄔㄤˊ	何嘗	71
ㄅㄠˇ ㄓㄥˋ ㄐㄧㄣ	保證金	71
ㄍㄨㄤ ㄘㄞˇ	光彩	71
ㄌㄧㄤˇ ㄈㄤ	兩方	71
ㄌㄧㄡˋ ㄕˊ ㄉㄨㄛ	六十多	71
ㄔㄨ ㄐㄩˊ	出局	71
ㄑㄧㄝ ㄏㄨㄢˋ	切換	71
ㄋㄧˋ ㄇㄧㄥˊ	匿名	71
ㄕˊ ㄌㄞˊ	十來	71
ㄕˊ ㄌㄧㄡˋ ㄏㄠˋ	十六號	71
ㄕˊ ㄓㄡ ㄋㄧㄢˊ	十週年	71
ㄕㄥ ㄉㄜ˙	升的	71
ㄧㄣˋ ㄔㄨ	印出	71
ㄈㄢˇ ㄏㄜˊ	反核	71
ㄓㄡ ㄇㄛˋ	周末	71
ㄊㄨˊ ㄕˋ	圖示	71
ㄊㄧㄢˊ ㄅㄨˇ	填補	71
ㄉㄚˋ ㄎㄜˇ	大可	71
ㄉㄚˋ ㄩㄝ ㄧㄡˇ	大約有	71
ㄏㄠˇ ㄒㄧㄝ	好些	71
ㄉㄧㄥˋ ㄌㄧㄤˋ	定量	71
ㄒㄧㄝˇ ㄓㄣ	寫真	71
ㄒㄧㄝˇ ㄍㄟˇ	寫給	71
ㄒㄧㄠˇ ㄒㄧㄣ ㄧˋ ㄧˋ	小心翼翼	71
ㄐㄧㄡˋ ㄏㄨㄟˊ	就回	71
ㄍㄨㄥ ㄒㄩㄝˊ ㄩㄢˋ	工學院	71
ㄅㄨˋ ㄋㄨㄥˊ ㄗㄨˊ	布農族	71
ㄈㄟˋ ㄨˋ	廢物	71
ㄧㄢˊ ㄨˋ	延誤	71
ㄏㄣˇ ㄇㄢˋ	很慢	71
ㄉㄜˊ ㄕ	得失	71
ㄒㄧㄣ ㄉㄨㄥˋ	心動	71
ㄖㄣˇ ㄒㄧㄣ	忍心	71
ㄑㄧㄚˋ ㄑㄧㄚˋ	恰恰	71
ㄜˋ ㄇㄛˊ	惡魔	71
ㄍㄨㄢˋ ㄒㄧㄥˋ	慣性	71
ㄔㄨㄥ ㄐㄧㄥˇ	憧憬	71
ㄏㄨㄛˋ ㄕˋ ㄕㄨㄛ	或是說	71
ㄉㄚˇ ㄓㄤˋ	打仗	71
ㄊㄡˊ ㄕㄜˋ	投射	71
ㄊㄡˊ ㄕㄣ	投身	71
ㄨㄛˋ ㄓㄨˋ	握住	71
ㄅㄞˇ ㄕㄜˋ	擺設	71
ㄍㄞˇ ㄧㄡˊ	改由	71
ㄓㄥˋ ㄐㄧ	政績	71
ㄐㄧㄠˋ ㄩˋ ㄈㄚˇ	教育法	71
ㄕㄨˋ ㄐㄩˋ ㄐㄧ	數據機	71
ㄒㄧㄣ ㄌㄤˊ	新郎	71
ㄑㄧˊ ㄐㄧㄢˋ	旗艦	71
ㄇㄧㄥˊ ㄩㄝˋ	明月	71
ㄕㄨ ㄐㄧㄚˋ	書架	71
ㄕㄨ ㄓㄨㄛ	書桌	71
ㄧㄡˇ ㄐㄧㄚ	有家	71
ㄅㄢˇ ㄎㄨㄞˋ	板塊	71
ㄎㄨㄞˋ ㄇㄨˋ	檜木	71
ㄑㄩㄢˊ ㄌㄧˋ ㄐㄧㄣ	權利金	71
ㄅㄨˋ ㄈㄚ	步伐	71
ㄅㄨˋ ㄈㄚˊ	步伐	71
ㄅㄨˋ ㄖㄨˋ	步入	71
ㄘㄢˊ ㄓㄤˋ ㄓㄜˇ	殘障者	71
ㄇㄟˇ ㄋㄧㄢˊ ㄉㄜ˙	每年的	71
ㄕㄚ ㄍㄨㄛˊ	沙國	71
ㄉㄨㄥˋ ㄒㄩㄝˋ	洞穴	71
ㄑㄧㄥ ㄏㄨㄚˊ ㄩㄢˊ	清華園	71
ㄏㄢˋ ㄇㄧㄣˊ	漢民	71
ㄒㄧㄠ	瀟	71
ㄨㄟˊ ㄓㄨㄥ ㄒㄧㄣ	為中心	71
ㄉㄥ ㄌㄨㄥˊ	燈籠	71
ㄘㄨˋ	猝	71
ㄌㄧˇ ㄏㄠˇ	理好	71
ㄕㄥ ㄍㄣ	生根	71
ㄩㄥˋ ㄐㄩˋ	用具	71
ㄉㄤ ㄖㄢˊ ㄏㄨㄟˋ	當然會	71
ㄉㄤ ㄖㄢˊ ㄧㄡˇ	當然有	71
ㄅㄧㄥˋ ㄇㄟˊ ㄨㄣˊ	病媒蚊	71
ㄌㄧㄠˊ ㄧㄤˇ ㄩㄢˋ	療養院	71
ㄈㄚ ㄅㄠˋ	發報	71
ㄈㄚ ㄉㄧㄢˋ ㄔㄤˇ	發電廠	71
ㄐㄧㄢ ㄨㄟˇ	監委	71
ㄒㄧㄤ ㄐㄧㄢˋ	相見	71
ㄎㄢˋ ㄓㄨㄥˋ	看中	71
ㄆㄥˋ ㄕㄤˋ	碰上	71
ㄎㄨㄥ ㄉㄤˇ	空檔	71
ㄎㄨㄥˋ ㄉㄤˇ	空檔	71
ㄓㄢˋ ㄔㄨ ㄌㄞˊ	站出來	71
ㄙㄨㄢˋ ㄗㄞˋ	算在	71
ㄐㄧㄝˊ ㄓˋ	節制	71
ㄩㄝ ㄗㄞˋ	約在	71
ㄗˇ ㄙㄜˋ	紫色	71
ㄅㄧㄢ ㄧˋ ㄍㄨㄢˇ	編譯館	71
ㄗㄨㄥ ㄏㄥˊ	縱橫	71
ㄗㄨㄥˇ ㄍㄨㄢˋ ㄐㄩㄣ	總冠軍	71
ㄗㄨㄥˇ ㄌㄧㄤˋ	總量	71
ㄈㄢˊ ㄉㄨㄛ	繁多	71
ㄐㄧ ㄧㄚ	羈押	71
ㄩˇ ㄑㄧㄡˊ	羽球	71
ㄈㄢ ㄔㄥˊ	翻成	71
ㄉㄢˇ ㄍㄨˋ ㄔㄨㄣˊ	膽固醇	71
ㄗˋ ㄒㄧㄣˋ ㄒㄧㄣ	自信心	71
ㄗˋ ㄨㄟˋ	自衛	71
ㄓˋ ㄕㄠˇ ㄗㄞˋ	至少在	71
ㄊㄨˊ	荼	71
ㄕㄨ	荼	71
ㄌㄨㄛˋ ㄉㄠˋ	落到	71
ㄒㄧㄥˊ ㄐㄧㄣˋ	行進	71
ㄘㄞˊ ㄉㄧㄥˋ	裁定	71
ㄅㄨˇ ㄑㄧㄤˊ	補強	71
ㄅㄨˇ ㄐㄧˇ	補給	71
ㄌㄧˇ ㄅㄧㄢ	裡邊	71
ㄈㄨˋ ㄐㄩˋ	複句	71
ㄑㄧㄣ ㄕㄨˇ	親屬	71
ㄐㄧㄝˇ ㄒㄧ ㄉㄨˋ	解析度	71
ㄐㄧˋ ㄐㄧㄚˋ	計價	71
ㄈㄤˇ ㄊㄞˊ	訪台	71
ㄕㄜˋ ㄐㄩˊ	設局	71
ㄆㄧㄥˊ ㄏㄜˊ	評核	71
ㄖㄣˋ ㄨㄟˊ ㄕㄨㄛ	認為說	71
ㄨˋ ㄧˇ ㄨㄟˊ	誤以為	71
ㄊㄧㄠˊ ㄆㄟˋ	調配	71
ㄌㄧㄣˋ	賃	14.391669206342906
ㄖㄣˋ	賃	71
ㄙㄞˋ ㄆㄠˇ	賽跑	71
ㄗㄡˇ ㄉㄨㄥˋ	走動	71
ㄗㄡˇ ㄐㄧㄣˋ	走近	71
ㄉㄧㄝˊ ㄉㄠˇ	跌倒	71
ㄆㄠˇ ㄅㄨˋ	跑步	71
ㄔㄜ ㄊㄡˊ	車頭	71
ㄌㄨㄣˊ ㄎㄨㄛˋ	輪廓	71
ㄓㄨㄢˇ ㄌㄨˋ	轉錄	71
ㄓㄜˋ ㄇㄛ˙ ㄐㄧㄡˇ	這麼久	71
ㄓㄜˋ ㄇㄜ˙ ㄐㄧㄡˇ	這麼久	71
ㄅㄧˋ ㄋㄢˋ	避難	71
ㄋㄚˇ ㄐㄧㄢ	那間	71
ㄋㄚˋ ㄐㄧㄢ	那間	71
ㄉㄡ ㄌㄞˊ	都來	71
ㄒㄧㄠˋ ㄙㄨˋ	酵素	71
ㄔㄨㄥˊ ㄈㄨˋ	重覆	71
ㄐㄧㄣ ㄗˋ	金字	71
ㄌㄨˋ ㄓˋ	錄製	71
ㄔㄨㄟˊ	鎚	71
ㄓㄤˇ ㄒㄧㄤˋ	長相	71
ㄔㄤˊ ㄒㄧㄤ	長相	71
ㄇㄣˊ ㄨㄞˋ	門外	71
ㄙㄨㄟ ㄖㄢˊ ㄗㄞˋ	雖然在	71
ㄐㄩˊ ㄍㄨㄥ	鞠躬	71
ㄖㄣˋ	飪	71
ㄘㄢ ㄏㄨㄟˋ	餐會	71
ㄘㄢ ㄓㄨㄛ	餐桌	71
ㄊㄧˇ ㄐㄧㄢˇ	體檢	71
ㄏㄟ ㄙㄨㄥ	黑松	71
ㄧ ㄏㄨㄢˊ	一環	70
ㄧˋ ㄏㄨㄢˊ	一環	70
ㄧ ㄨㄢˋ ㄨˇ ㄑㄧㄢ	一萬五千	70
ㄧ ㄨㄢˋ ㄉㄨㄛ	一萬多	70
ㄙㄢ ㄌㄟˇ	三壘	70
ㄙㄢ ㄉㄨㄢˋ	三段	70
ㄕㄤˋ ㄐㄧㄚˋ	上架	70
ㄅㄨˊ ㄉㄢˋ ㄕˋ	不但是	70
ㄅㄨˊ ㄍㄡˋ ㄉㄜ˙	不夠的	70
ㄅㄨˋ ㄍㄡˋ ㄉㄜ˙	不夠的	70
ㄅㄨˋ ㄊㄨㄛˇ	不妥	70
ㄅㄨˊ ㄎㄨㄞˋ	不快	70
ㄕˋ ㄒㄧㄣ	世新	70
ㄉㄧㄡ ㄑㄧˋ	丟棄	70
ㄓㄨㄥ ㄒㄧㄥˋ	中性	70
ㄓㄨㄥˋ ㄎㄢˋ	中看	70
ㄦˋ ㄅㄞˇ ㄨˇ	二百五	70
ㄎㄤˋ	亢	70
ㄐㄧㄠ ㄊㄧˋ	交替	70
ㄨㄟˋ ㄓˇ	位址	70
ㄓㄢˋ ㄌㄜ˙	佔了	70
ㄕˇ ㄇㄧㄥˋ ㄍㄢˇ	使命感	70
ㄈㄨˊ	俘	70
ㄊㄧㄥˊ ㄍㄨㄥ	停工	70
ㄊㄧㄥˊ ㄉㄨㄣˋ	停頓	70
ㄖㄨˋ ㄕㄡˇ	入手	70
ㄍㄨㄥˋ ㄒㄧㄤ ㄕㄥˋ ㄐㄩˇ	共襄盛舉	70
ㄔㄨ ㄔㄤˇ	出場	70
ㄈㄣ ㄧㄡˇ	分有	70
ㄌㄧㄝˋ ㄍㄨㄢˇ	列管	70
ㄑㄧㄢˊ ㄧㄢˊ	前言	70
ㄐㄧㄚ ㄈㄣ	加分	70
ㄉㄨㄥˋ ㄉㄠˋ	動到	70
ㄉㄨㄥˋ ㄋㄥˊ	動能	70
ㄅㄟˇ ㄧ	北一	70
ㄕˊ ㄧ ㄍㄜˋ	十一個	70
ㄕˊ ㄧ ㄍㄜ˙	十一個	70
ㄕˊ ㄧ ㄨㄢˋ	十一萬	70
ㄕˊ ㄑㄧ ㄙㄨㄟˋ	十七歲	70
ㄑㄧㄢ ㄨㄢˋ ㄩㄢˊ	千萬元	70
ㄕㄥ ㄑㄧˇ	升起	70
ㄩㄢˊ ㄒㄧㄥˊ	原型	70
ㄑㄩˋ ㄉㄠˋ	去到	70
ㄑㄩˋ ㄙ	去思	70
ㄈㄢˇ ㄉㄨˊ	反毒	70
ㄑㄩˇ ㄩㄥˋ	取用	70
ㄕㄡˋ ㄧㄠ	受邀	70
ㄍㄨˇ ㄗㄠˇ	古早	70
ㄉㄠ	叨	70
ㄊㄠ	叨	70
ㄎㄜˇ ㄑㄩˇ	可取	70
ㄏㄜˊ ㄊㄨㄥˊ	合同	70
ㄊㄨㄥˊ ㄨㄟˊ	同為	70
ㄊㄨㄥˊ ㄌㄟˋ	同類	70
ㄊㄨˇ ㄔㄨ	吐出	70
ㄌㄧㄣˋ	吝	70
ㄒㄧ ㄧㄢ	吸菸	70
ㄈㄨˋ	咐	70
ㄋㄚˇ ㄓㄨㄥˇ	哪種	70
ㄙㄡˋ	嗽	70
ㄍㄨˋ ㄧㄡˇ	固有	70
ㄍㄨㄛˊ ㄐㄧˋ ㄍㄨㄢ	國際觀	70
ㄉㄧˋ ㄈㄤ ㄈㄚˇ ㄩㄢˋ	地方法院	70
ㄊㄢˇ ㄎㄜˋ	坦克	70
ㄌㄜˋ ㄙㄜˋ ㄊㄨㄥˇ	垃圾桶	70
ㄅㄧˋ ㄏㄨㄚˋ	壁畫	70
ㄕㄡˋ ㄕㄢ	壽山	70
ㄨㄞˋ ㄍㄨㄚˋ	外掛	70
ㄊㄧㄢ ㄖㄣˊ	天人	70
ㄕ ㄊㄧㄠˊ	失調	70
ㄐㄧㄝˇ ㄇㄟˋ	姐妹	70
ㄏㄨㄣ ㄏㄡˋ	婚後	70
ㄒㄩㄝˊ ㄌㄧˋ	學力	70
ㄊㄚ ㄇㄣˊ ㄉㄜ˙	它們的	70
ㄊㄚ ㄇㄣ˙ ㄉㄜ˙	它們的	70
ㄓㄨㄢ ㄍㄨㄟˋ	專櫃	70
ㄐㄧㄢ ㄕㄢ	尖山	70
ㄐㄧㄡˋ ㄓˇ ㄋㄥˊ	就只能	70
ㄐㄧㄡˋ ㄐㄧㄣˋ	就近	70
ㄈㄟˋ ㄏㄨㄚˋ	廢話	70
ㄍㄨㄤˇ ㄎㄨㄛˋ	廣闊	70
ㄧㄢˊ ㄉㄤˋ	延宕	70
ㄐㄧㄢˋ ㄕㄜˋ ㄐㄩˊ	建設局	70
ㄓㄥ ㄕㄨㄟˋ	徵稅	70
ㄐㄧˊ ㄆㄛˋ	急迫	70
ㄍㄨㄞˋ ㄕㄡˋ	怪獸	70
ㄑㄧ	悽	70
ㄆㄧㄥˊ ㄓㄜ˙	憑著	70
ㄏㄢ	憨	70
ㄨㄛˇ ㄏㄞˊ ㄧㄡˇ	我還有	70
ㄙㄨㄛˇ ㄐㄧㄢˋ	所見	70
ㄔㄥˊ ㄌㄢˇ	承攬	70
ㄆㄞ ㄉㄧㄢˋ ㄧㄥˇ	拍電影	70
ㄋㄨㄛˊ ㄨㄟ	挪威	70
ㄧㄢˇ ㄕˋ	掩飾	70
ㄙㄨㄣˇ ㄕㄤ	損傷	70
ㄔㄜˋ ㄔㄨ	撤出	70
ㄨㄣˊ ㄊㄢˊ	文壇	70
ㄕ ㄇㄧㄥˊ ㄉㄜˊ	施明德	70
ㄑㄧˊ	旂	70
ㄌㄩˇ ㄧㄡˊ ㄧㄝˋ	旅遊業	70
ㄇㄧㄥˊ ㄉㄞˋ	明代	70
ㄧㄡˇ ㄒㄧㄥˋ	有幸	70
ㄇㄨˋ ㄅㄢˇ	木板	70
ㄖㄢˇ ㄙㄜˋ ㄊㄧˇ	染色體	70
ㄇㄧㄢˊ ㄏㄨㄚ	棉花	70
ㄓㄥˋ ㄒㄧㄤˋ	正向	70
ㄇㄧㄣˊ ㄓㄞˊ	民宅	70
ㄑㄧˋ ㄈㄣˋ	氣憤	70
ㄧㄡˊ ㄓ	油脂	70
ㄓㄨˋ ㄕˋ	注視	70
ㄏㄞˇ ㄨㄢ	海灣	70
ㄍㄤˇ ㄨˋ ㄐㄩˊ	港務局	70
ㄉㄧˊ	滌	70
ㄕ ㄉㄧˋ	濕地	70
ㄏㄨㄛˇ ㄏㄨㄚ	火花	70
ㄓㄨㄛˊ	灼	70
ㄆㄧㄢˋ ㄇㄧㄥˊ	片名	70
ㄅㄢˇ ㄊㄨˊ	版圖	70
ㄙㄨㄛˇ ㄙㄨㄟˋ	瑣碎	70
ㄕㄣ ㄑㄧㄥˇ ㄖㄣˊ	申請人	70
ㄋㄢˊ ㄉㄜ˙	男的	70
ㄅㄧㄥˋ ㄕˋ	病逝	70
ㄆㄧˇ	痞	70
ㄅㄞˇ ㄈㄣ ㄉㄧㄢˇ	百分點	70
ㄆㄢˊ ㄗ˙	盤子	70
ㄕㄥˇ ㄓㄥˋ ㄈㄨˇ	省政府	70
ㄧㄢˇ ㄌㄧˇ	眼裡	70
ㄎㄨㄤˋ ㄍㄨㄥ	礦工	70
ㄒㄧㄠˋ ㄌㄜ˙	笑了	70
ㄑㄧㄢ ㄒㄧㄚˋ	簽下	70
ㄏㄨㄥˊ ㄨㄞˋ ㄒㄧㄢˋ	紅外線	70
ㄔㄨㄣˊ ㄆㄨˊ	純樸	70
ㄐㄧㄥ ㄒㄩㄝˊ	經學	70
ㄌㄩˇ	縷	70
ㄈㄢˊ ㄈㄨˋ	繁複	70
ㄓˊ ㄌㄢˊ	職籃	70
ㄈㄟˋ ㄞˊ	肺癌	70
ㄅㄟ ㄅㄠ	背包	70
ㄅㄟˋ ㄅㄠ	背包	70
ㄌㄧㄢˇ ㄎㄨㄥˇ	臉孔	70
ㄗˋ ㄐㄧㄡˋ ㄏㄨㄟˋ	自救會	70
ㄒㄧㄥ ㄕㄥˋ	興盛	70
ㄙㄜˋ ㄒㄧˋ	色系	70
ㄒㄧㄣ	莘	70
ㄕㄣ	莘	70
ㄏㄤˊ ㄐㄧㄚ	行家	70
ㄔㄨㄥ ㄓㄨㄤˋ	衝撞	70
ㄒㄧ ㄢˋ	西岸	70
ㄒㄩˇ ㄒㄩˇ ㄉㄨㄛ ㄉㄨㄛ	許許多多	70
ㄨˋ ㄔㄚ	誤差	70
ㄑㄧㄥˇ ㄘˊ	請辭	70
ㄕˋ ㄗˋ	識字	70
ㄗ ㄒㄩㄣˋ ㄧㄝˋ	資訊業	70
ㄗㄡˇ ㄈㄤˇ	走訪	70
ㄑㄧㄠˋ ㄐㄧㄚ	蹺家	70
ㄕㄣ ㄐㄧㄚˋ	身價	70
ㄕㄣ ㄐㄧㄢ	身兼	70
ㄍㄚˊ	軋	6.351308576902391
ㄧㄚˋ	軋	70
ㄐㄧㄣˋ ㄕˋ	近視	70
ㄓㄨㄟ ㄍㄢˇ	追趕	70
ㄊㄨㄟˋ ㄉㄜ˙	退的	70
ㄌㄧㄢˊ ㄇㄤˊ	連忙	70
ㄩㄣˋ ㄈㄟˋ	運費	70
ㄍㄨㄛˋ ㄑㄩˋ ㄌㄜ˙	過去了	70
ㄍㄨㄛˋ ㄏㄞˇ	過海	70
ㄍㄨㄛˋ ㄌㄧㄤˋ	過量	70
ㄑㄧㄢˇ ㄈㄢˇ	遣返	70
ㄒㄩㄢˇ ㄉㄢ	選單	70
ㄋㄚˋ ㄋㄧㄢˊ	那年	70
ㄓㄥˋ ㄓㄨㄥˋ	鄭重	70
ㄧ ㄏㄨˋ ㄖㄣˊ ㄩㄢˊ	醫護人員	70
ㄓㄨㄥˋ ㄕㄤ	重傷	70
ㄓㄨㄥˋ ㄌㄧˋ	重力	70
ㄐㄧㄣ ㄒㄧㄥ	金星	70
ㄧㄢˊ	閻	70
ㄒㄩㄝˇ ㄉㄧˋ	雪地	70
ㄉㄧㄢˋ ㄉㄥ	電燈	70
ㄑㄧㄥ ㄕㄢ	青山	70
ㄨㄢˊ ㄆㄧˊ	頑皮	70
ㄒㄧㄢˇ ㄖㄢˊ ㄕˋ	顯然是	70
ㄌㄩˊ	驢	70
ㄨㄟˇ ㄩˊ	鮪魚	70
ㄅㄧˊ ㄧㄢ ㄞˊ	鼻咽癌	70
ㄅㄧˊ ㄧㄢ ㄧㄢˊ	鼻咽癌	70
ㄧ ㄇㄨˋ	一幕	69
ㄧˊ ㄇㄨˋ	一幕	69
ㄧ ㄑㄧˊ	一齊	69
ㄧˋ ㄑㄧˊ	一齊	69
ㄕㄤˋ ㄌㄧㄡˊ	上流	69
ㄅㄨˋ ㄗㄜˇ ㄇㄛ˙	不怎麼	69
ㄅㄨˋ ㄗㄜˇ ㄇㄜ˙	不怎麼	69
ㄅㄨˋ ㄗㄣˇ ㄇㄛ˙	不怎麼	69
ㄅㄨˋ ㄗㄣˇ ㄇㄜ˙	不怎麼	69
ㄅㄨˋ ㄒㄧˊ	不息	69
ㄉㄧㄡ ㄍㄟˇ	丟給	69
ㄓㄨㄥ ㄏㄨㄚˊ ㄇㄧㄣˊ ㄗㄨˊ	中華民族	69
ㄓㄨㄥ ㄈㄥ	中鋒	69
ㄓㄨˇ ㄊㄧˇ ㄒㄧㄥˋ	主體性	69
ㄒㄧㄤˇ ㄕㄡˋ ㄉㄠˋ	享受到	69
ㄐㄧㄥ ㄏㄨㄚˊ ㄔㄥˊ	京華城	69
ㄖㄣˊ ㄓㄨˇ	人主	69
ㄈㄨˋ ㄍㄟˇ	付給	69
ㄓㄨㄥˋ ㄘㄞˊ	仲裁	69
ㄈㄛˊ ㄈㄚˇ	佛法	69
ㄗㄨㄛˋ ㄒㄧˊ	作息	69
ㄅㄧㄢˋ ㄐㄧㄝˊ	便捷	69
ㄐㄧㄝˊ ㄎㄜˋ	傑克	69
ㄅㄟˋ ㄨㄤˋ ㄌㄨˋ	備忘錄	69
ㄅㄟˋ ㄩㄥˋ	備用	69
ㄒㄧㄢ ㄌㄧˋ	先例	69
ㄒㄧㄢ ㄩㄥˋ	先用	69
ㄑㄩㄢˊ ㄊㄧㄢ	全天	69
ㄔㄨ ㄩˋ	出獄	69
ㄔㄨ ㄔㄢˇ	出產	69
ㄌㄧˋ ㄐㄧ	利基	69
ㄗㄜˊ ㄨㄟˊ	則為	69
ㄗㄜˊ ㄨㄟˋ	則為	69
ㄅㄟˇ ㄡ	北歐	69
ㄕㄥ ㄨㄟˊ	升為	69
ㄏㄡˋ ㄏㄡˋ	厚厚	69
ㄎㄡˇ ㄕˋ	口試	69
ㄍㄨˇ ㄌㄠˇ ㄉㄜ˙	古老的	69
ㄓˇ ㄧㄠˋ ㄗㄞˋ	只要在	69
ㄊㄨㄥˊ ㄧㄣ	同音	69
ㄇㄧㄥˊ ㄑㄧˋ	名氣	69
ㄏㄢˊ ㄏㄨˊ	含糊	69
ㄔㄥˊ ㄒㄧㄢˋ ㄔㄨ ㄌㄞˊ	呈現出來	69
ㄇㄧㄥˋ ㄇㄧㄥˊ ㄨㄟˊ	命名為	69
ㄎㄚ ㄈㄟ ㄍㄨㄢˇ	咖啡館	69
ㄋㄚˇ ㄌㄞˊ	哪來	69
ㄨㄣˋ ㄓㄥˋ	問政	69
ㄉㄨㄛ ㄍㄨㄢ	多關	69
ㄉㄚˋ ㄕㄥˋ	大勝	69
ㄉㄚˋ ㄙˋ	大肆	69
ㄉㄚˋ ㄔㄣˊ	大臣	69
ㄉㄚˋ ㄇㄚˇ	大馬	69
ㄊㄞˋ ㄨㄢˇ	太晚	69
ㄨㄟˇ ㄖㄣˋ	委任	69
ㄗˋ ㄘˊ	字詞	69
ㄢ ㄢ	安安	69
ㄕˋ ㄧㄡˇ	室友	69
ㄒㄧㄠˇ ㄒㄧㄤˋ	小巷	69
ㄅㄚ	峇	69
ㄎㄜ	峇	69
ㄍㄨㄥ ㄕㄤ ㄕˊ ㄅㄠˋ	工商時報	69
ㄕˋ ㄍㄨㄥ ㄙㄨㄛˇ	市公所	69
ㄅㄨˋ ㄌㄧㄠˋ	布料	69
ㄆㄧㄥˊ ㄒㄧ	平溪	69
ㄍㄢˋ ㄉㄧㄠˋ	幹掉	69
ㄉㄧˇ ㄆㄧㄢˋ	底片	69
ㄧㄢˊ ㄌㄢˇ	延攬	69
ㄉㄜˊ ㄨㄣˊ	德文	69
ㄩㄝˋ ㄉㄨㄛ	愈多	69
ㄔㄥˊ ㄐㄧㄚ	成家	69
ㄔㄥˊ ㄉㄨㄟˋ	成對	69
ㄏㄨㄛˋ ㄧㄡˇ	或有	69
ㄉㄚˇ ㄈㄚ	打發	69
ㄔㄞ ㄎㄞ	拆開	69
ㄌㄚ ㄉㄠˋ	拉到	69
ㄌㄚ ㄐㄧㄣˋ	拉近	69
ㄔˊ ㄐㄧㄡˇ	持久	69
ㄘㄞˇ ㄧㄤˋ	採樣	69
ㄊㄧˊ ㄓㄣˋ	提振	69
ㄅㄟ	揹	69
ㄅㄢ ㄔㄨ	搬出	69
ㄉㄚ ㄕㄤˋ	搭上	69
ㄈㄤˋ ㄉㄧㄢˋ	放電	69
ㄨㄣˊ ㄧˋ ㄈㄨˋ ㄒㄧㄥ	文藝復興	69
ㄨㄣˊ ㄍㄜˊ	文革	69
ㄒㄧㄣ ㄕ	新詩	69
ㄘㄥˊ ㄧㄡˇ	曾有	69
ㄧㄡˇ ㄨㄟˋ	有味	69
ㄧㄡˇ ㄑㄧˊ ㄊㄨˊ ㄒㄧㄥˊ	有期徒刑	69
ㄇㄨˋ ㄉㄧㄠ	木雕	69
ㄊㄧ ㄘˋ	梯次	69
ㄩㄝˋ ㄈㄨˇ	樂府	69
ㄘˇ ㄒㄧㄥˊ	此行	69
ㄇㄧㄣˊ ㄗㄨˊ ㄒㄩㄝˊ	民族學	69
ㄑㄧˋ ㄍㄨㄢˇ	氣管	69
ㄕㄨㄟˇ ㄔˊ	水池	69
ㄕㄨㄟˇ ㄌㄨㄥˊ	水龍	69
ㄔㄣˊ ㄔㄨㄢˊ	沉船	69
ㄏㄜˊ ㄔㄨㄤˊ	河床	69
ㄓˋ ㄩˋ	治癒	69
ㄑㄧㄚˋ ㄒㄩㄣˊ	洽詢	69
ㄌㄧㄡˊ ㄌㄧㄢˊ	流連	69
ㄋㄧㄡˊ ㄌㄤˊ	牛郎	69
ㄔㄣ	琛	69
ㄍㄢ ㄓㄜˋ	甘蔗	69
ㄕㄣˋ ㄉㄨㄛ	甚多	69
ㄔㄢˇ ㄋㄥˊ	產能	69
ㄌㄧㄡˊ ㄓㄜ˙	留著	69
ㄅㄧㄥˋ ㄊㄨㄥˋ	病痛	69
ㄈㄚ ㄘㄞˊ	發財	69
ㄈㄚ ㄑㄧˇ ㄖㄣˊ	發起人	69
ㄒㄧㄤ ㄙ ㄕㄨˋ	相思樹	69
ㄒㄧㄤ ㄕˋ	相識	69
ㄕㄥˇ ㄑㄧㄢˊ	省錢	69
ㄆㄛˋ ㄐㄧㄝˇ	破解	69
ㄔㄢˊ ㄕ	禪師	69
ㄊㄨㄥˊ ㄍㄨㄥ	童工	69
ㄉㄧˋ ㄧ ㄒㄧㄤˋ	第一項	69
ㄉㄧˋ ㄦˋ ㄐㄧㄝˊ	第二節	69
ㄗㄨˇ ㄓㄨㄤ	組裝	69
ㄐㄧㄝˊ ㄔㄥˊ	結成	69
ㄒㄩˋ	絮	69
ㄐㄧㄥ ㄐㄧˋ ㄖㄣˊ	經紀人	69
ㄌㄠˇ ㄍㄨㄥˋ	老共	69
ㄌㄨㄥˊ	聾	69
ㄗˋ ㄖㄢˊ ㄐㄧㄝˋ	自然界	69
ㄉㄨㄥ	苳	69
ㄘˊ	茨	69
ㄐㄩˇ	莒	69
ㄌㄢˊ ㄌㄩˋ	藍綠	69
ㄓㄨㄤ ㄗㄞˋ	裝在	69
ㄐㄧˋ ㄙㄨㄢˋ ㄐㄧ	計算機	69
ㄑㄧㄥˇ ㄩㄢˋ	請願	69
ㄌㄨㄣˋ ㄓㄢˋ	論戰	69
ㄏㄨㄟˋ ㄧㄢˊ	諱言	69
ㄏㄨㄛˋ ㄔㄜ	貨車	69
ㄊㄧㄝ ㄒㄧㄣ	貼心	69
ㄅㄧㄣ ㄌㄚ ㄉㄥ	賓拉登	69
ㄊㄚˋ ㄖㄨˋ	踏入	69
ㄊㄚˋ ㄔㄨ	踏出	69
ㄐㄧㄣˋ ㄏㄨ	近乎	69
ㄒㄧㄠ	逍	69
ㄍㄨㄛˋ ㄕ	過失	69
ㄉㄠˋ ㄔㄨ	道出	69
ㄉㄡ ㄕㄡˋ	都受	69
ㄔㄨㄥˊ ㄌㄞˊ	重來	69
ㄐㄧㄣ ㄓㄣ	金針	69
ㄎㄞ ㄍㄨㄢ	開關	69
ㄔㄨˊ ㄧˋ	除役	69
ㄈㄟ ㄓㄥˋ ㄕˋ	非正式	69
ㄇㄧㄢˋ ㄏㄨㄟˋ	面會	69
ㄕㄨㄣˋ ㄧㄥˋ	順應	69
ㄎㄜ ㄌㄧˋ	顆粒	69
ㄌㄨˊ	顱	69
ㄒㄧㄤ ㄅㄧㄣ	香檳	69
ㄩˊ ㄨㄣ	魚塭	69
ㄧㄢˊ ㄕㄨㄟˇ	鹽水	69
ㄌㄨˋ ㄍㄤˇ	鹿港	69
ㄏㄟ ㄏㄜˊ	黑盒	69
ㄧ ㄊㄧㄢ ㄉㄠˋ ㄨㄢˇ	一天到晚	68
ㄧˋ ㄊㄧㄢ ㄉㄠˋ ㄨㄢˇ	一天到晚	68
ㄧ ㄆㄧㄠˋ	一票	68
ㄧˊ ㄆㄧㄠˋ	一票	68
ㄙㄢ ㄅㄞˇ ㄌㄧㄡˋ ㄕˊ	三百六十	68
ㄕㄤˋ ㄖㄣˊ	上人	68
ㄓ ㄩˊ	之於	68
ㄐㄧㄡˇ ㄊㄧㄠˊ	九條	68
ㄏㄨˋ ㄏㄨㄟˋ	互惠	68
ㄨˇ ㄏㄤˊ	五行	68
ㄧㄚˇ ㄐㄩㄣ	亞軍	68
ㄧㄚˋ ㄐㄩㄣ	亞軍	68
ㄐㄧㄠ ㄌㄧㄡˊ ㄉㄠˋ	交流道	68
ㄑㄧˋ ㄏㄨㄚˋ	企畫	68
ㄗㄨㄛˋ ㄉㄨㄛ	作多	68
ㄌㄞˊ ㄕㄤˋ	來上	68
ㄍㄨㄥˋ ㄈㄥˋ	供奉	68
ㄍㄨㄥ ㄉㄧㄢˋ	供電	68
ㄧ ㄧ	依依	68
ㄅㄠˇ ㄖㄣˊ	保人	68
ㄅㄟˋ ㄧㄡˇ	備有	68
ㄔㄤˊ ㄏㄨㄢˊ	償還	68
ㄒㄧㄢ ㄗㄞˋ	先在	68
ㄑㄩㄢˊ ㄈㄤ ㄨㄟˋ	全方位	68
ㄍㄨㄥ ㄏㄞˋ	公害	68
ㄍㄨㄥ ㄍㄨㄢˇ	公館	68
ㄈㄣ ㄒㄧ ㄕ	分析師	68
ㄈㄣ ㄩㄢˋ	分院	68
ㄑㄧㄝ ㄉㄨㄢˋ	切斷	68
ㄈㄨˋ ㄇㄧˋ ㄕㄨ ㄓㄤˇ	副秘書長	68
ㄈㄨˋ ㄕㄨˋ	副署	68
ㄉㄨㄥˋ ㄌㄨㄢˋ	動亂	68
ㄑㄧㄣˊ ㄌㄠˊ	勤勞	68
ㄕˊ ㄙˋ ㄙㄨㄟˋ	十四歲	68
ㄕˊ ㄋㄧㄢˊ ㄏㄡˋ	十年後	68
ㄕˊ ㄩㄝˋ ㄈㄣˋ	十月份	68
ㄋㄢˊ ㄍㄨㄢˇ	南管	68
ㄑㄩˋ ㄑㄩˋ	去去	68
ㄎㄡˇ ㄨㄣˇ	口吻	68
ㄎㄜˇ ㄅㄨˊ ㄕˋ	可不是	68
ㄎㄜˇ ㄅㄟ	可悲	68
ㄊㄨㄥˊ ㄍㄢˇ	同感	68
ㄇㄧㄥˊ ㄧㄢˊ	名言	68
ㄎㄜˊ ㄙㄡˋ	咳嗽	68
ㄋㄚˇ ㄅㄧㄢ	哪邊	68
ㄏㄨㄟˊ ㄍㄨㄟ ㄉㄠˋ	回歸到	68
ㄗㄞˋ ㄐㄧˊ	在即	68
ㄅㄠˋ ㄎㄢ	報刊	68
ㄉㄨㄣ	墩	68
ㄈㄣˊ ㄇㄨˋ	墳墓	68
ㄉㄚˋ ㄌㄧˇ ㄕˊ	大理石	68
ㄊㄧㄢ ㄇㄨˇ	天母	68
ㄊㄞˋ ㄌㄤˊ	太郎	68
ㄐㄧㄚˊ ㄗㄚˊ	夾雜	68
ㄊㄠˋ ㄩㄥˋ	套用	68
ㄊㄠˋ ㄘㄢ	套餐	68
ㄋㄧˇ ㄕˋ	妳是	68
ㄗˇ ㄌㄨˋ	子路	68
ㄐㄧˋ ㄏㄡˋ ㄙㄞˋ	季後賽	68
ㄒㄩㄝˊ ㄉㄜ˙	學得	68
ㄉㄧㄥˋ ㄌㄨㄣˋ	定論	68
ㄐㄧㄚ ㄓㄥˋ	家政	68
ㄕˊ ㄧㄝˋ	實業	68
ㄒㄧㄠˇ ㄈㄢˋ	小販	68
ㄋㄧㄢˊ ㄙㄨㄛˇ	年所	68
ㄧㄣˇ ㄖㄨˋ	引入	68
ㄓㄤ ㄌㄠˇ ㄕ	張老師	68
ㄨㄤˇ ㄔㄤˊ	往常	68
ㄏㄣˇ ㄞˋ	很愛	68
ㄏㄡˋ ㄌㄞˊ ㄉㄜ˙	後來的	68
ㄨㄤˋ ㄑㄩㄝˋ	忘卻	68
ㄒㄧㄤˇ ㄋㄧˇ	想你	68
ㄒㄧㄤˇ ㄐㄧㄚ	想家	68
ㄒㄧㄤˇ ㄐㄧㄢˋ	想見	68
ㄒㄧㄢˋ ㄅㄧㄥ	憲兵	68
ㄔㄥˊ ㄒㄧㄥˊ	成行	68
ㄒㄧˋ ㄊㄨㄢˊ	戲團	68
ㄧˋ ㄏㄨㄛˋ	抑或	68
ㄅㄠˋ ㄈㄨˋ	抱負	68
ㄊㄢˋ ㄕˋ	探視	68
ㄐㄧㄝ ㄍㄨㄟˇ	接軌	68
ㄐㄧㄝ ㄈㄚ	揭發	68
ㄓㄥˋ ㄓˋ ㄐㄧㄚ	政治家	68
ㄐㄧㄠˋ ㄕ ㄏㄨㄟˋ	教師會	68
ㄨㄣˊ ㄒㄩㄝˊ ㄐㄧㄤˇ	文學獎	68
ㄒㄧㄣ ㄐㄧㄤ	新疆	68
ㄕˊ ㄕˋ	時事	68
ㄐㄧㄥ ㄊㄧˇ	晶體	68
ㄕㄨˇ ㄑㄧˊ	暑期	68
ㄅㄠˋ ㄓㄤˇ	暴漲	68
ㄍㄥ ㄕㄥ	更生	68
ㄈㄨˊ ㄑㄧˋ	服氣	68
ㄨㄤˋ ㄓㄜ˙	望著	68
ㄅㄣˇ ㄨˊ	本無	68
ㄌㄧˇ ㄐㄧㄚ	李家	68
ㄌㄧㄣˊ ㄨㄤˋ	林旺	68
ㄍㄣ ㄅㄣˇ ㄕˋ	根本是	68
ㄍㄢˇ ㄐㄩㄣˋ	桿菌	68
ㄆㄨˊ ㄕˊ	樸實	68
ㄙˇ ㄨㄤˊ ㄌㄩˋ	死亡率	68
ㄕㄨㄟˇ ㄋㄧㄡˊ	水牛	68
ㄇㄟˊ ㄑㄩˋ	沒去	68
ㄒㄧㄠ ㄑㄩˋ	消去	68
ㄩˊ ㄍㄨㄥ	漁工	68
ㄒㄧ	烯	68
ㄆㄥ ㄖㄣˋ	烹飪	68
ㄨˊ ㄕˋ	無視	68
ㄕㄠ ㄉㄧㄠˋ	燒掉	68
ㄆㄚˊ ㄉㄠˋ	爬到	68
ㄓㄥ ㄔㄠˇ	爭吵	68
ㄈㄨˋ ㄑㄩㄢˊ	父權	68
ㄋㄧㄡˊ ㄐㄧㄠˇ	牛角	68
ㄊㄜˋ ㄩㄝ	特約	68
ㄈㄢˋ ㄘㄨㄛˋ	犯錯	68
ㄉㄨˊ ㄧ ㄨˊ ㄦˋ	獨一無二	68
ㄌㄧˇ ㄌㄜ˙	理了	68
ㄌㄧˇ ㄧㄥ	理應	68
ㄒㄧㄡˋ	琇	68
ㄍㄢ ㄙㄨˋ	甘肅	68
ㄕㄥ ㄔㄢˇ ㄒㄧㄥˋ	生產性	68
ㄕㄥ ㄍㄨㄛˋ	生過	68
ㄅㄞˇ ㄧˋ ㄩㄢˊ	百億元	68
ㄕˊ ㄅㄢˇ	石板	68
ㄧㄥˋ ㄅㄧˋ	硬幣	68
ㄌㄧˇ ㄈㄨˊ	禮服	68
ㄎㄜ ㄉㄚˋ	科大	68
ㄧˊ ㄙㄨㄥˋ ㄈㄚˇ ㄅㄢˋ	移送法辦	68
ㄎㄨㄞˋ ㄗ˙	筷子	68
ㄍㄨㄢˇ ㄌㄧˇ ㄩㄢˊ	管理員	68
ㄔㄨㄣˊ ㄓㄣ	純真	68
ㄑㄧˇ	綺	68
ㄐㄧㄢˇ	繭	68
ㄑㄩㄣˊ ㄐㄩˋ	群聚	68
ㄈㄢ ㄒㄧㄣ	翻新	68
ㄈㄢ ㄕㄣ	翻身	68
ㄦˊ ㄏㄨㄟˋ	而會	68
ㄐㄧㄢ ㄈㄨˋ	肩負	68
ㄩˋ ㄧㄥ	育嬰	68
ㄇㄞˋ ㄉㄨㄥˋ	脈動	68
ㄐㄧㄠˇ ㄅㄣˇ	腳本	68
ㄌㄧㄢˇ ㄅㄨˋ	臉部	68
ㄗˋ ㄓㄨㄢˋ	自傳	68
ㄓˋ ㄙˇ	致死	68
ㄐㄧㄡˋ	臼	68
ㄐㄧㄚ ㄉㄨㄥ	茄苳	68
ㄏㄨˊ	葫	68
ㄏㄨˊ ㄌㄨˊ	葫蘆	68
ㄓㄨㄤ ㄅㄢˋ	裝扮	68
ㄔㄨˋ ㄐㄧㄠˇ	觸角	68
ㄔㄥˊ ㄆㄧㄣˇ	誠品	68
ㄑㄧㄥˇ ㄎㄜˋ	請客	68
ㄌㄨㄣˋ ㄉㄧㄠˋ	論調	68
ㄧㄢˋ	諺	68
ㄧˋ ㄅㄣˇ	譯本	68
ㄉㄨˊ ㄕㄨ ㄏㄨㄟˋ	讀書會	68
ㄇㄞˋ ㄌㄧˋ	賣力	68
ㄋㄨㄥˊ ㄌㄧˋ ㄋㄧㄢˊ	農曆年	68
ㄓㄜˋ ㄅㄨˋ ㄈㄣˋ	這部份	68
ㄗㄠˋ ㄨˋ	造物	68
ㄩㄣˋ ㄏㄜˊ	運河	68
ㄑㄧㄢ ㄒㄧˇ	遷徙	68
ㄋㄚˋ ㄅㄧㄢ ㄉㄜ˙	那邊的	68
ㄧㄡˋ	釉	68
ㄑㄧㄢ ㄅㄧˇ	鉛筆	68
ㄑㄧㄢˊ ㄅㄠ	錢包	68
ㄓㄤˇ ㄔㄥˊ	長成	68
ㄍㄨㄢ ㄕㄨㄛ	關說	68
ㄍㄜˊ ㄐㄩㄝˊ	隔絕	68
ㄩˇ ㄊㄧㄢ	雨天	68
ㄩˋ ㄅㄠˋ	預報	68
ㄊㄡˊ ㄊㄧㄠˊ	頭條	68
ㄈㄥ ㄕㄥ	風聲	68
ㄧㄠˊ	餚	68
ㄍㄠ ㄋㄧㄢˊ	高年	68
ㄍㄠ ㄐㄧㄚˋ	高架	68
ㄒㄧㄢ ㄏㄨㄚ	鮮花	68
ㄏㄟ ㄏㄜˊ ㄗ˙	黑盒子	68
ㄌㄨㄥˊ ㄊㄢˊ	龍潭	68
ㄧ ㄑㄧㄢ ㄙˋ	一千四	67
ㄧ ㄒㄧㄤˇ	一想	67
ㄧˋ ㄒㄧㄤˇ	一想	67
ㄕㄤˋ ㄔㄨㄤˊ	上床	67
ㄅㄨˊ ㄉㄧㄠˋ	不掉	67
ㄦˋ ㄓㄨㄥˇ	二種	67
ㄖㄣˊ ㄇㄧㄣˊ ㄖˋ ㄅㄠˋ	人民日報	67
ㄖㄣˊ ㄓㄨㄥˇ	人種	67
ㄓㄢˋ ㄩㄥˋ	佔用	67
ㄘㄨㄟ ㄇㄧㄢˊ	催眠	67
ㄍㄨˋ ㄓㄨˇ	僱主	67
ㄦˊ ㄎㄜ	兒科	67
ㄋㄟˋ ㄎㄨˋ	內褲	67
ㄑㄩㄢˊ ㄍㄨㄛˊ ㄉㄜ˙	全國的	67
ㄌㄧㄤˇ ㄒㄧㄥˋ ㄆㄧㄥˊ ㄉㄥˇ	兩性平等	67
ㄇㄧㄢˇ	冕	67
ㄔㄨ ㄘㄨㄛˋ	出錯	67
ㄑㄧㄣˊ ㄨˋ	勤務	67
ㄅㄟˇ ㄅㄧㄢ	北邊	67
ㄕˊ ㄐㄧㄡˇ ㄏㄠˋ	十九號	67
ㄋㄢˊ ㄖㄣˊ	南人	67
ㄑㄩˇ ㄕㄜˇ	取捨	67
ㄇㄧㄥˊ ㄐㄧㄤˋ	名將	67
ㄒㄧㄤˋ ㄖˋ	向日	67
ㄏㄜˊ ㄈㄨˊ	和服	67
ㄕㄤ ㄧㄣˊ	商銀	67
ㄆㄨ	噗	67
ㄉㄧˋ ㄍㄨㄚ	地瓜	67
ㄐㄧㄢ ㄕㄡˇ	堅守	67
ㄉㄚˋ ㄏㄨㄛˇ	大火	67
ㄊㄞˋ ㄏㄨㄟˋ	太會	67
ㄊㄞˋ ㄎㄨㄥ ㄖㄣˊ	太空人	67
ㄊㄞˋ ㄌㄨˇ ㄍㄜˊ	太魯閣	67
ㄋㄧㄝˋ	孽	67
ㄉㄧㄥˋ ㄋㄥˊ	定能	67
ㄙㄨˋ ㄇㄧㄥˋ	宿命	67
ㄨㄟˋ	尉	67
ㄩˋ	尉	67
ㄐㄩˊ ㄒㄧㄢˋ	局限	67
ㄌㄩˇ ㄌㄧˋ	履歷	67
ㄍㄨㄥ ㄕㄤ ㄧㄝˋ	工商業	67
ㄍㄨㄥ ㄉㄨˊ ㄕㄥ	工讀生	67
ㄧˇ ㄩˊ	已於	67
ㄧˇ ㄓ	已知	67
ㄉㄧㄢˋ ㄋㄟˋ	店內	67
ㄗㄨㄛˋ ㄧˇ	座椅	67
ㄆㄥˊ ㄉㄜˊ ㄏㄨㄞˊ	彭德懷	67
ㄨㄟˊ ㄅㄛ	微波	67
ㄨㄟˊ ㄆㄛ	微波	67
ㄑㄧㄥˊ ㄘㄠ	情操	67
ㄒㄧㄥ	惺	67
ㄠˋ	懊	67
ㄨㄛˇ ㄅㄟˋ	我被	67
ㄏㄨˋ ㄓㄥˋ	戶政	67
ㄉㄚˇ ㄓㄨㄥˋ	打中	67
ㄓㄠˇ ㄉㄜˊ	找得	67
ㄇㄛˇ ㄏㄟ	抹黑	67
ㄎㄨㄥˋ ㄑㄧㄡˊ	控球	67
ㄊㄧˊ ㄐㄧㄠ	提交	67
ㄕㄜˋ ㄧㄥˇ ㄐㄧㄚ	攝影家	67
ㄍㄞˇ ㄧˇ	改以	67
ㄐㄧㄠˋ ㄕˋ	教士	67
ㄨㄣˊ ㄏㄨㄚˋ ㄐㄧㄢˋ ㄕㄜˋ	文化建設	67
ㄒㄧㄣ ㄒㄧㄢ ㄖㄣˊ	新鮮人	67
ㄐㄧˋ ㄕˋ	既是	67
ㄖˋ ㄅㄧˋ	日幣	67
ㄒㄧㄥ ㄑㄧˊ ㄖˋ	星期日	67
ㄕㄨㄛˋ	朔	67
ㄌㄧㄣˊ ㄧㄝˋ	林業	67
ㄌㄥˊ	楞	6.351308576902391
ㄌㄥˋ	楞	67
ㄓㄣ	楨	67
ㄍㄡˋ ㄙ	構思	67
ㄌㄜˋ ㄐㄧㄢˋ	樂見	67
ㄇㄧㄣˊ ㄒㄧㄣ	民心	67
ㄓˋ ㄍㄨㄛˊ	治國	67
ㄓˋ ㄏㄠˇ	治好	67
ㄅㄛ ㄨㄢ	波灣	67
ㄆㄛ ㄨㄢ	波灣	67
ㄒㄩㄥ ㄩㄥˇ	洶湧	67
ㄏㄨㄛˊ ㄉㄨㄥˋ ㄈㄢˋ ㄨㄟˊ	活動範圍	67
ㄌㄧㄡˊ ㄩˊ	流於	67
ㄏㄞˇ ㄅㄧㄣ	海濱	67
ㄑㄧㄥ ㄅㄞˊ	清白	67
ㄓㄤˇ ㄊㄧㄥˊ	漲停	67
ㄨㄟˊ ㄈㄟ	為非	67
ㄨ ㄍㄨㄟ	烏龜	67
ㄊㄜˋ ㄎㄠˇ	特考	67
ㄨㄤˊ ㄔㄠˊ	王朝	67
ㄔㄢˇ ㄓˋ	產製	67
ㄏㄨㄚˋ ㄓˊ	畫質	67
ㄆㄧˇ	癖	67
ㄆㄧˋ	癖	67
ㄈㄚ ㄩㄢˊ	發源	67
ㄒㄧㄤ ㄞˋ	相愛	67
ㄎㄢˋ ㄔㄨ ㄌㄞˊ	看出來	67
ㄓ ㄐㄧˇ	知己	67
ㄇㄛˊ ㄌㄧㄢˋ	磨練	67
ㄌㄧㄣˊ	磷	67
ㄑㄧˊ ㄈㄨˊ	祈福	67
ㄕㄣˊ ㄑㄧˋ	神氣	67
ㄎㄜ ㄏㄨㄢˋ	科幻	67
ㄕㄨㄟˋ ㄨˋ	稅務	67
ㄨㄣˇ ㄉㄧㄥˋ ㄒㄧㄥˋ	穩定性	67
ㄐㄩㄥˇ ㄐㄧㄥˋ	窘境	67
ㄌㄧˋ ㄒㄧㄚˋ	立下	67
ㄒㄧㄠˋ ㄕㄨㄛ	笑說	67
ㄉㄧˋ ㄙㄢ ㄕˋ ㄐㄧㄝˋ	第三世界	67
ㄩㄝ ㄉㄢˋ	約旦	67
ㄇㄧㄢˊ ㄧㄢˊ	綿延	67
ㄒㄧㄢˋ ㄕˋ ㄓㄤˇ	縣市長	67
ㄊㄧㄥ ㄅㄨˋ ㄉㄨㄥˇ	聽不懂	67
ㄊㄧㄥ ㄏㄨㄚˋ	聽話	67
ㄖㄡˋ ㄆㄧㄣˇ	肉品	67
ㄗˋ ㄒㄩㄝˊ	自學	67
ㄗˋ ㄉㄜˊ	自得	67
ㄗˋ ㄖㄢˊ ㄎㄜ	自然科	67
ㄗˋ ㄏㄠˊ	自豪	67
ㄓㄨㄛˊ ㄓㄨㄤˋ	茁壯	67
ㄘㄠˇ ㄋㄧˇ	草擬	67
ㄨㄢˋ ㄨㄢˋ	萬萬	67
ㄉㄨㄥˇ ㄐㄧㄢ ㄕˋ	董監事	67
ㄌㄧˋ	蒞	67
ㄒㄧㄥˊ ㄓㄥˋ ㄈㄚˇ	行政法	67
ㄒㄧㄥˊ ㄕˊ	行時	67
ㄧㄠˋ ㄑㄧㄢˊ	要錢	67
ㄍㄨㄟ ㄓㄤ	規章	67
ㄕㄨㄛ ㄇㄧㄥˊ ㄕㄨ	說明書	67
ㄉㄧㄠ	貂	67
ㄓˊ ㄨㄣˋ	質問	67
ㄔˋ ㄉㄠˋ	赤道	67
ㄊㄧㄠˋ ㄔㄨ ㄌㄞˊ	跳出來	67
ㄓㄢˇ ㄓㄨㄢˇ	輾轉	67
ㄒㄧㄠ ㄧㄠˊ	逍遙	67
ㄍㄨㄤˋ ㄍㄨㄤˋ	逛逛	67
ㄌㄧㄢˊ ㄉㄠˋ	連到	67
ㄅㄧㄢˋ ㄐㄧˊ	遍及	67
ㄉㄧˋ ㄍㄟˇ	遞給	67
ㄒㄩㄢˇ ㄎㄜˋ	選課	67
ㄋㄚˋ ㄍㄜ˙ ㄖㄣˊ	那個人	67
ㄓㄨㄟ	錐	67
ㄎㄞ ㄑㄧㄤ	開槍	67
ㄓㄚˊ	閘	67
ㄈㄤˊ ㄕㄞˋ	防曬	67
ㄧㄣˇ ㄇㄢˊ	隱瞞	67
ㄩㄥ	雍	67
ㄋㄢˊ ㄓㄠˇ	難找	67
ㄒㄩ ㄑㄧㄡˊ ㄌㄧㄤˋ	需求量	67
ㄩˋ ㄉㄧㄥˋ	預訂	67
ㄒㄧㄢˇ ㄒㄧㄢˋ ㄔㄨ	顯現出	67
ㄧㄣˇ ㄕㄨㄟˇ	飲水	67
ㄒㄧㄤ ㄕㄢ	香山	67
ㄧㄢˋ ㄕㄡ	驗收	67
ㄊㄧˇ ㄅㄧㄠˇ	體表	67
ㄍㄠ ㄩㄢˊ	高原	67
ㄆㄛˋ ㄌㄧˋ	魄力	67
ㄉㄧㄢˇ ㄗˋ	點字	67
ㄧ ㄑㄧㄢ ㄙㄢ	一千三	66
ㄧ ㄒㄩㄝˊ	一學	66
ㄧˋ ㄒㄩㄝˊ	一學	66
ㄧ ㄒㄧㄠˇ ㄕˊ	一小時	66
ㄧˋ ㄒㄧㄠˇ ㄕˊ	一小時	66
ㄧ ㄆㄞˊ	一排	66
ㄧˋ ㄆㄞˊ	一排	66
ㄧ ㄌㄧㄤˋ	一輛	66
ㄧˊ ㄌㄧㄤˋ	一輛	66
ㄙㄢ ㄓㄣˋ	三振	66
ㄙㄢ ㄨㄣ ㄋㄨㄢˇ	三溫暖	66
ㄅㄨˊ ㄕㄢˋ	不善	66
ㄅㄨˊ ㄊㄞˋ ㄏㄠˇ	不太好	66
ㄅㄧㄥˋ ㄓㄨㄥˋ	並重	66
ㄐㄧㄡˇ ㄐㄧㄡˇ	久久	66
ㄔㄥˊ ㄗㄨㄛˋ	乘坐	66
ㄐㄧㄡˇ ㄦˋ ㄍㄨㄥˋ ㄕˋ	九二共識	66
ㄨˇ ㄒㄧㄥ	五星	66
ㄗㄨㄛˋ ㄌㄜˋ	作樂	66
ㄗㄨㄛˋ ㄩㄝˋ	作樂	66
ㄅㄠˇ ㄓㄨˋ	保住	66
ㄅㄠˇ ㄒㄧㄢˇ ㄧㄝˋ	保險業	66
ㄔㄨㄢˊ ㄉㄢ	傳單	66
ㄧㄡ ㄕㄥˋ	優勝	66
ㄒㄧㄢ ㄇㄧㄣˊ	先民	66
ㄍㄨㄤ ㄏㄨㄢˊ	光環	66
ㄑㄩㄢˊ ㄉㄠˇ	全島	66
ㄑㄩㄢˊ ㄐㄧˊ	全集	66
ㄌㄧㄤˇ ㄉㄧˋ	兩地	66
ㄑㄧˊ ㄕˋ	其事	66
ㄅㄧㄥ ㄅㄧㄥ	冰冰	66
ㄓㄨㄣˇ ㄒㄩˇ	准許	66
ㄔㄨ ㄒㄩㄢˇ	初選	66
ㄉㄠˋ ㄊㄡˊ	到頭	66
ㄘㄢ ㄧˋ ㄩㄢˊ	參議員	66
ㄈㄢˇ ㄍㄨㄥˋ	反共	66
ㄈㄢˇ ㄉㄨㄥˋ	反動	66
ㄈㄢˇ ㄙ	反思	66
ㄕㄡˋ ㄒㄧㄢˋ ㄩˊ	受限於	66
ㄎㄜˇ ㄨㄟˊ	可為	66
ㄎㄜˇ ㄨㄟˋ	可為	66
ㄧㄡˋ ㄑㄧㄥ	右傾	66
ㄧㄡˋ ㄑㄧㄥˊ	右傾	66
ㄍㄜˋ ㄖㄣˊ	各人	66
ㄍㄜˋ ㄒㄧㄠˋ	各校	66
ㄊㄨㄥˊ ㄏㄠˋ	同好	66
ㄇㄧㄥˊ ㄕㄥˋ	名勝	66
ㄋㄧㄥˊ	嚀	66
ㄒㄧㄚˋ ㄖㄣˊ	嚇人	66
ㄙˋ ㄍㄜ˙ ㄩㄝˋ	四個月	66
ㄏㄨㄟˊ ㄕㄡˇ	回首	66
ㄍㄨㄛˊ ㄘㄜˋ	國策	66
ㄗㄞˋ ㄧㄢˇ	在演	66
ㄔㄤˇ ㄨㄞˋ	場外	66
ㄊㄧㄢ ㄐㄧㄣ	天津	66
ㄊㄚ ㄇㄣˊ ㄉㄜ˙	她們的	66
ㄊㄚ ㄇㄣ˙ ㄉㄜ˙	她們的	66
ㄏㄠˇ ㄩㄥˋ ㄉㄜ˙	好用的	66
ㄢ ㄋㄚˋ	安娜	66
ㄐㄧㄚ ㄨˋ	家務	66
ㄉㄨㄟˋ ㄓㄨㄣˇ	對準	66
ㄒㄧㄠˇ ㄏㄨㄤˊ	小黃	66
ㄕㄠˇ ㄌㄧㄤˋ	少量	66
ㄉㄞˋ	岱	66
ㄑㄧㄠˇ ㄏㄜˊ	巧合	66
ㄔㄚ ㄏㄣˇ ㄉㄨㄛ	差很多	66
ㄐㄧˇ ㄙㄨㄟˋ	幾歲	66
ㄏㄡˋ ㄊㄞˊ	後台	66
ㄊㄨˊ ㄅㄨˋ	徒步	66
ㄨㄟˊ ㄈㄥ	微風	66
ㄎㄨㄥˇ ㄅㄨˋ ㄈㄣˋ ㄗˇ	恐怖份子	66
ㄧㄡ ㄧㄡ	悠悠	66
ㄜˋ	愕	66
ㄞˋ ㄩㄥˋ	愛用	66
ㄔㄥˊ ㄧㄣ	成因	66
ㄨㄛˇ ㄧㄝˇ ㄧㄡˇ	我也有	66
ㄨㄛˇ ㄏㄞˊ ㄗㄞˋ	我還在	66
ㄉㄚˇ ㄉㄜˊ	打得	66
ㄉㄚˇ ㄉㄜ˙	打得	66
ㄓㄠ ㄌㄢˇ	招攬	66
ㄊㄧㄠ ㄊㄧ	挑剔	66
ㄊㄧㄠ ㄊㄧˋ	挑剔	66
ㄊㄧㄠˇ ㄊㄧ	挑剔	66
ㄆㄞˊ ㄨㄢ ㄗㄨˊ	排灣族	66
ㄊㄢˋ ㄨㄤˋ	探望	66
ㄐㄧㄝ ㄗㄞˋ	接在	66
ㄐㄧㄝ ㄍㄨㄛˋ	接過	66
ㄧㄠˊ ㄅㄞˇ	搖擺	66
ㄓㄞ ㄒㄧㄚˋ	摘下	66
ㄓㄨㄤˋ ㄉㄠˋ	撞到	66
ㄋㄧˇ ㄉㄧㄥˋ	擬訂	66
ㄆㄢ ㄕㄥ	攀升	66
ㄍㄨㄥ ㄈㄤˊ	攻防	66
ㄈㄤˋ ㄎㄞ	放開	66
ㄐㄧㄡˋ ㄏㄨˋ ㄔㄜ	救護車	66
ㄐㄧㄥˋ ㄑㄧㄥˇ	敬請	66
ㄒㄧㄣ ㄏㄨㄣ	新婚	66
ㄒㄧㄣ ㄕㄥ ㄉㄞˋ	新生代	66
ㄖˋ ㄩㄝˋ ㄊㄢˊ	日月潭	66
ㄕˊ ㄐㄧㄝˊ	時節	66
ㄕˊ ㄐㄧㄢ ㄉㄧㄢˇ	時間點	66
ㄍㄥ ㄉㄨㄥˋ	更動	66
ㄗㄨㄟˋ ㄐㄧㄣˋ ㄐㄧˇ ㄋㄧㄢˊ	最近幾年	66
ㄗㄨㄟˋ ㄋㄢˊ	最難	66
ㄅㄧㄠ ㄓㄨㄣˇ ㄏㄨㄚˋ	標準化	66
ㄐㄧ ㄩㄢˊ	機緣	66
ㄒㄧㄤˋ ㄆㄧˊ	橡皮	66
ㄨˇ ㄒㄧㄚˊ	武俠	66
ㄧˋ ㄌㄧˋ	毅力	66
ㄇㄨˇ ㄒㄧㄠˋ	母校	66
ㄇㄠˊ ㄐㄧㄣ	毛巾	66
ㄇㄟˊ ㄧㄡˇ ㄑㄧㄢˊ	沒有錢	66
ㄈㄚˇ ㄊㄧㄠˊ	法條	66
ㄆㄠˋ ㄊㄤ	泡湯	66
ㄋㄨㄥˊ ㄩˋ	濃郁	66
ㄨˊ ㄒㄩ	無需	66
ㄉㄥ ㄏㄨㄛˇ	燈火	66
ㄆㄚˊ ㄕㄢ	爬山	66
ㄓㄥ ㄑㄩˇ ㄉㄠˋ	爭取到	66
ㄑㄧㄤˊ ㄇㄧㄢˋ	牆面	66
ㄏㄨㄛˋ ㄒㄩㄢˇ	獲選	66
ㄒㄧㄢˋ ㄉㄞˋ ㄉㄜ˙	現代的	66
ㄑㄧㄡˊ ㄊㄨㄢˊ	球團	66
ㄧㄢˇ	琰	66
ㄊㄧㄢˊ ㄉㄧㄢˇ	甜點	66
ㄔㄢˇ ㄎㄜ	產科	66
ㄅㄧˋ ㄎㄚˇ ㄙㄨㄛˇ	畢卡索	66
ㄅㄞˊ ㄙㄜˋ ㄉㄜ˙	白色的	66
ㄓㄣ ㄞˋ	真愛	66
ㄕˊ ㄎㄨㄞˋ	石塊	66
ㄕˊ ㄉㄧㄠ	石雕	66
ㄕㄠ ㄕㄠ	稍稍	66
ㄌㄧˋ ㄕˊ	立時	66
ㄌㄧㄤˊ ㄕㄤ	糧商	66
ㄔㄨㄣˊ ㄘㄨㄟˋ ㄉㄜ˙	純粹的	66
ㄗˇ ㄨㄞˋ ㄒㄧㄢˋ	紫外線	66
ㄗㄨˇ ㄓ ㄈㄚˇ	組織法	66
ㄐㄧㄥ ㄈㄚ ㄏㄨㄟˋ	經發會	66
ㄇㄟˇ ㄌㄧˋ ㄉㄠˇ	美麗島	66
ㄈㄢ ㄩㄝˋ	翻閱	66
ㄕㄥ ㄉㄧㄠˋ	聲調	66
ㄍㄢ ㄅㄧㄥˋ	肝病	66
ㄋㄥˊ ㄐㄧㄢˇ	能減	66
ㄐㄩˇ ㄈㄚ	舉發	66
ㄙㄜˋ ㄙㄨˋ	色素	66
ㄒㄧ	蠵	66
ㄕㄨㄞ ㄐㄧㄝˊ	衰竭	66
ㄘㄞˊ ㄐㄩㄝˊ	裁決	66
ㄩˋ ㄌㄨㄥˊ	裕隆	66
ㄐㄩㄝˊ ㄒㄧㄥˇ	覺醒	66
ㄐㄧˋ ㄕˊ	計時	66
ㄍㄞ ㄅㄨˊ ㄕˋ	該不是	66
ㄍㄞ ㄅㄨˋ ㄕˋ	該不是	66
ㄓㄨ ㄍㄜˊ	諸葛	66
ㄇㄠˋ ㄖㄢˊ	貿然	66
ㄗ ㄒㄩㄣˋ ㄒㄧˋ	資訊系	66
ㄆㄟˊ ㄑㄧㄢˊ	賠錢	66
ㄇㄞˋ ㄉㄠˋ	賣到	66
ㄗㄡˇ ㄍㄨㄛˋ ㄑㄩˋ	走過去	66
ㄑㄧˇ ㄆㄠˇ	起跑	66
ㄐㄩㄣ ㄒㄩㄣˋ	軍訓	66
ㄓㄨㄢˇ ㄏㄨㄟˊ	轉回	66
ㄑㄧˋ ㄐㄧㄣ	迄今	66
ㄇㄧˊ ㄏㄨㄛˋ	迷惑	66
ㄊㄠˊ ㄧˋ	逃逸	66
ㄉㄠˋ ㄕˋ	道士	66
ㄋㄚˇ ㄅㄣˇ	那本	66
ㄋㄚˋ ㄅㄣˇ	那本	66
ㄐㄧㄣ ㄍㄨㄚ	金瓜	66
ㄍㄨㄢ ㄉㄠˇ	關島	66
ㄗㄨˇ ㄋㄠˊ	阻撓	66
ㄔㄣˊ ㄑㄧˇ ㄌㄧˇ	陳啟禮	66
ㄅㄚˇ	靶	66
ㄈㄢˋ ㄨㄢˇ	飯碗	66
ㄕㄡˇ ㄒㄧㄢ ㄕˋ	首先是	66
ㄊㄧˇ ㄈㄚˊ	體罰	66
ㄍㄠ ㄦˇ ㄈㄨ ㄑㄧㄡˊ ㄔㄤˇ	高爾夫球場	66
ㄐㄧㄢˇ ㄐㄧ	鹼基	66
ㄉㄤˇ ㄔㄢˇ	黨產	66
ㄧ ㄑㄩㄢ	一圈	65
ㄧˋ ㄑㄩㄢ	一圈	65
ㄧ ㄍㄞˋ	一概	65
ㄧˊ ㄍㄞˋ	一概	65
ㄧ ㄅㄨˋ ㄅㄨˋ	一步步	65
ㄧˊ ㄅㄨˋ ㄅㄨˋ	一步步	65
ㄧ ㄓˋ ㄉㄜ˙	一致的	65
ㄧˊ ㄓˋ ㄉㄜ˙	一致的	65
ㄓㄨㄥ ㄍㄤ	中鋼	65
ㄍㄢ ㄐㄧㄥˋ ㄉㄜ˙	乾淨的	65
ㄌㄨㄢˋ ㄇㄚˇ	亂碼	65
ㄏㄞˋ	亥	65
ㄕㄜˊ ㄇㄛ˙ ㄕˋ ㄑㄧㄥˊ	什麼事情	65
ㄕㄜˊ ㄇㄜ˙ ㄕˋ ㄑㄧㄥˊ	什麼事情	65
ㄕㄣˊ ㄇㄛ˙ ㄕˋ ㄑㄧㄥˊ	什麼事情	65
ㄕㄣˊ ㄇㄜ˙ ㄕˋ ㄑㄧㄥˊ	什麼事情	65
ㄒㄧㄡ ㄏㄠˇ	修好	65
ㄐㄧㄝˋ ㄎㄨㄢˇ ㄖㄣˊ	借款人	65
ㄆㄧㄢ ㄆㄛˇ	偏頗	65
ㄗㄨㄛˋ ㄈㄢˋ	做飯	65
ㄔㄨㄢˊ ㄅㄛ ㄒㄩㄝˊ	傳播學	65
ㄔㄨㄢˊ ㄅㄛˋ ㄒㄩㄝˊ	傳播學	65
ㄅㄚ ㄙㄜˋ ㄋㄧㄠˇ	八色鳥	65
ㄌㄧㄡˋ ㄊㄧㄠˊ	六條	65
ㄔㄨ ㄇㄛˋ	出沒	65
ㄈㄣ ㄌㄧˋ	分立	65
ㄏㄜˊ	劾	65
ㄅㄠ ㄅㄢˋ	包辦	65
ㄕˊ ㄐㄧㄡˇ ㄙㄨㄟˋ	十九歲	65
ㄕㄥ ㄕㄤˋ	升上	65
ㄐㄧˊ ㄧˇ	即已	65
ㄩㄢˊ ㄇㄧㄥˊ	原名	65
ㄧㄡˋ ㄋㄥˊ	又能	65
ㄎㄡˇ ㄧㄣ	口音	65
ㄉㄧㄥ ㄋㄧㄥˊ	叮嚀	65
ㄏㄜˊ ㄐㄧㄣ	合金	65
ㄒㄧ ㄑㄩˇ	吸取	65
ㄉㄞ ㄓㄤˋ	呆帳	65
ㄞˊ ㄓㄤˋ	呆帳	65
ㄕㄤ ㄧㄝˋ ㄏㄨㄚˋ	商業化	65
ㄔㄤˊ ㄕˋ	嚐試	65
ㄙˋ ㄒㄧㄤˋ	四項	65
ㄏㄨㄟˊ ㄍㄨㄛˋ	回過	65
ㄍㄨㄛˊ ㄐㄧㄚ ㄓㄨˇ ㄧˋ	國家主義	65
ㄍㄨㄛˊ ㄇㄧㄣˊ ㄐㄧㄠˋ ㄩˋ	國民教育	65
ㄊㄨˊ ㄧㄤˋ	圖樣	65
ㄉㄧˋ ㄔㄨˇ	地處	65
ㄉㄧˋ ㄔㄨˋ	地處	65
ㄐㄧ ㄅㄣˇ ㄇㄧㄢˋ	基本面	65
ㄊㄨˊ ㄧㄚ	塗鴉	65
ㄇㄛˋ ㄏㄨㄚˋ	墨畫	65
ㄕㄡˋ ㄒㄧㄢˇ	壽險	65
ㄉㄚˋ ㄐㄧㄤˋ	大將	65
ㄉㄚˋ ㄑㄧㄥˋ	大慶	65
ㄊㄧㄢ ㄏㄡˋ	天後	65
ㄏㄠˇ ㄙˋ	好似	65
ㄨㄟˇ ㄨㄞˋ	委外	65
ㄒㄩㄝˊ ㄕˋ	學識	65
ㄉㄧㄥˋ ㄉㄨ	定都	65
ㄕㄜˋ ㄔㄨ	射出	65
ㄒㄧㄚˊ ㄍㄨˇ	峽谷	65
ㄕ ㄈㄚˇ	師法	65
ㄆㄧㄥˊ ㄊㄢˇ	平坦	65
ㄋㄧㄢˊ ㄒㄧㄢˋ	年限	65
ㄊㄢˊ ㄏㄜˊ	彈劾	65
ㄧㄥˇ ㄅㄣˇ	影本	65
ㄉㄜˊ ㄍㄨㄛˊ ㄖㄣˊ	德國人	65
ㄒㄧㄣ ㄊㄥˊ	心疼	65
ㄅㄧˋ ㄧㄡˇ	必有	65
ㄙ ㄋㄧㄢˋ	思念	65
ㄍㄨㄞˋ ㄧˋ	怪異	65
ㄒㄧㄤˇ ㄑㄧˇ ㄌㄞˊ	想起來	65
ㄑㄧㄥˋ ㄒㄧㄥˋ	慶幸	65
ㄏㄨㄞˊ ㄐㄧㄡˋ	懷舊	65
ㄉㄚˇ ㄘㄨㄥˊ	打從	65
ㄕㄜˇ ㄑㄧˋ	捨棄	65
ㄕㄡˋ ㄩˇ	授予	65
ㄊㄧˊ ㄎㄨㄢˇ	提款	65
ㄨㄛˋ ㄧㄡˇ	握有	65
ㄐㄩˋ ㄌㄧㄠˇ ㄐㄧㄝˇ	據了解	65
ㄎㄨㄛˋ ㄐㄧㄢˋ	擴建	65
ㄑㄧㄠ ㄉㄧㄥˋ	敲定	65
ㄒㄧㄣ ㄔㄨㄤˋ	新創	65
ㄒㄩㄢˋ ㄈㄥ	旋風	65
ㄑㄧˊ ㄕㄢ	旗山	65
ㄗㄨㄛˊ ㄊㄧㄢ ㄨㄢˇ ㄕㄤˋ	昨天晚上	65
ㄞˋ ㄇㄟˋ	曖昧	65
ㄍㄥˋ ㄕㄠˇ	更少	65
ㄉㄨㄥ ㄅㄟˇ ㄐㄧㄠˇ	東北角	65
ㄍㄜˊ ㄉㄧㄠˋ	格調	65
ㄔㄨˇ ㄔㄨˇ	楚楚	65
ㄍㄞˋ ㄅㄨˊ	概不	65
ㄍㄞˋ ㄅㄨˋ	概不	65
ㄓㄚˋ	榨	65
ㄔㄨㄟˊ	槌	65
ㄅㄧㄠ ㄩˇ	標語	65
ㄇㄟˊ ㄎㄞ	沒開	65
ㄌㄧㄡˊ ㄉㄠˋ	流到	65
ㄊㄧˋ	涕	65
ㄧˋ ㄊㄧˇ	液體	65
ㄧㄝˋ ㄊㄧˇ	液體	65
ㄌㄟˋ ㄕㄨㄟˇ	淚水	65
ㄕㄣ ㄏㄨㄚˋ	深化	65
ㄕㄣ ㄕㄢ	深山	65
ㄏㄨㄚˊ ㄒㄧㄤˊ	滑翔	65
ㄧㄢˇ ㄙㄨㄢˋ ㄈㄚˇ	演算法	65
ㄏㄢˋ ㄉㄞˋ	漢代	65
ㄋㄧㄡˊ ㄗㄞˇ	牛仔	65
ㄕㄣˋ ㄓˋ ㄗㄞˋ	甚至在	65
ㄧˋ ㄒㄧㄥˋ ㄌㄧㄢˋ	異性戀	65
ㄉㄤ ㄓㄥˋ	當政	65
ㄉㄤ ㄨㄢˇ	當晚	65
ㄉㄧㄢ	癲	65
ㄈㄚ ㄓㄢˇ ㄉㄠˋ	發展到	65
ㄐㄧㄢ ㄏㄨˋ	監護	65
ㄕˊ ㄗ˙	石子	65
ㄧㄢˊ ㄒㄧㄡ	研修	65
ㄆㄛˋ ㄉㄜ˙	破的	65
ㄗㄨˇ ㄗㄨㄥ	祖宗	65
ㄗㄨˇ ㄇㄧㄠˋ	祖廟	65
ㄕㄣˊ ㄒㄧㄤˋ	神像	65
ㄕㄣˊ ㄙㄜˋ	神色	65
ㄆㄧㄠˋ ㄑㄩㄢˋ	票券	65
ㄌㄧˋ ㄧˋ	立意	65
ㄌㄧˋ ㄈㄤ ㄍㄨㄥ ㄔˇ	立方公尺	65
ㄅㄧˇ ㄇㄛˋ	筆墨	65
ㄔㄨㄣˊ ㄐㄧㄝˊ	純潔	65
ㄌㄩˋ ㄉㄥ	綠燈	65
ㄙㄨㄛ ㄒㄧㄝˇ	縮寫	65
ㄑㄧㄠˋ ㄎㄜˋ	翹課	65
ㄦˊ ㄑㄧㄝˇ ㄧㄡˇ	而且有	65
ㄕㄥ ㄨㄤˋ	聲望	65
ㄎㄣˇ ㄉㄧㄥˋ ㄉㄜ˙	肯定的	65
ㄓˋ ㄞˊ	致癌	65
ㄓˋ ㄧㄢˊ	致癌	65
ㄐㄩˇ ㄓㄞˋ	舉債	65
ㄌㄧㄤˊ ㄓ	良知	65
ㄊㄞ	苔	6.351308576902391
ㄊㄞˊ	苔	65
ㄘㄞˋ ㄙㄜˋ	菜色	65
ㄨㄢˋ ㄙㄨㄟˋ	萬歲	65
ㄨㄟˋ ㄨㄟˊ	蔚為	65
ㄩㄥˇ	蛹	65
ㄅㄧㄠˇ ㄇㄧㄢˋ ㄕㄤˋ	表面上	65
ㄕˋ ㄊㄨㄥˊ	視同	65
ㄑㄧㄣ ㄆㄥˊ ㄏㄠˇ ㄧㄡˇ	親朋好友	65
ㄍㄨㄢ ㄍㄢˇ	觀感	65
ㄙㄨˋ ㄓㄨ	訴諸	65
ㄎㄜˋ ㄓㄥ	課徵	65
ㄉㄨˊ ㄍㄨㄛˋ	讀過	65
ㄗ ㄒㄩㄣˋ ㄏㄨㄚˋ	資訊化	65
ㄍㄡˋ ㄓˋ	購置	65
ㄗㄡˇ ㄍㄨㄛˋ ㄌㄞˊ	走過來	65
ㄍㄣ ㄑㄧㄢˊ	跟前	65
ㄎㄨㄚˋ ㄔㄨ	跨出	65
ㄐㄩㄣ ㄓㄨㄥ	軍中	65
ㄓㄨㄢˇ ㄊㄡˊ ㄗ	轉投資	65
ㄒㄧㄣ ㄑㄧㄣˊ	辛勤	65
ㄐㄧㄣˋ ㄖㄣˊ	近人	65
ㄙㄨㄥˋ ㄑㄩˋ	送去	65
ㄊㄨㄥ ㄔㄤˊ ㄏㄨㄟˋ	通常會	65
ㄗㄠˋ ㄌㄧㄣˊ	造林	65
ㄕˋ ㄈㄥˊ	適逢	65
ㄓㄥˋ ㄔㄥˊ ㄍㄨㄥ	鄭成功	65
ㄏㄜˊ	閡	65
ㄍㄨㄢ ㄐㄧㄢˋ ㄒㄧㄥˋ	關鍵性	65
ㄍㄨㄢ ㄊㄡˊ	關頭	65
ㄧㄣ ㄢˋ	陰暗	65
ㄔㄨㄟˊ	陲	65
ㄙㄨㄟˊ ㄔㄨˋ	隨處	65
ㄙㄨㄟˊ ㄒㄩㄢˇ ㄕˋ ㄒㄩㄣˋ	隨選視訊	65
ㄊㄡˊ ㄇㄨˋ	頭目	65
ㄈㄥ ㄘㄞˇ	風采	65
ㄧㄣˇ ㄩㄥˋ ㄕㄨㄟˇ	飲用水	65
ㄧㄣˇ ㄔㄚˊ	飲茶	65
ㄍㄨˇ ㄍㄜˊ	骨骼	65
ㄤ	骯	65
ㄍㄜˊ	骼	65
ㄍㄠ ㄐㄩ	高居	65
ㄍㄠ ㄒㄧㄠˋ ㄌㄩˋ	高效率	65
ㄐㄧㄥ ㄩˊ	鯨魚	65
ㄧ ㄧㄤˋ ㄕˋ	一樣是	64
ㄧˊ ㄧㄤˋ ㄕˋ	一樣是	64
ㄙㄢ ㄐㄧㄠˇ ㄒㄧㄥˊ	三角形	64
ㄅㄨˋ ㄍㄨㄤ	不光	64
ㄅㄨˊ ㄩㄥˋ ㄕㄨㄛ	不用說	64
ㄅㄧㄥˋ ㄑㄧㄝˇ ㄗㄞˋ	並且在	64
ㄦˋ ㄇㄧㄥˊ	二名	64
ㄅㄧㄥˋ ㄖㄨˋ	併入	64
ㄅㄧㄥˋ ㄈㄚ ㄓㄥˋ	併發症	64
ㄌㄞˊ ㄍㄟˇ	來給	64
ㄘㄤ ㄐㄧㄝˊ	倉頡	64
ㄐㄧㄤ ㄏㄨㄚˋ	僵化	64
ㄐㄧㄤ ㄧㄥˋ	僵硬	64
ㄍㄨㄤ ㄉㄧㄝˊ ㄐㄧ	光碟機	64
ㄖㄨˋ ㄩˋ	入獄	64
ㄑㄩㄢˊ ㄅㄨˋ ㄉㄜ˙	全部的	64
ㄌㄧㄤˇ ㄋㄢˊ	兩難	64
ㄗㄞˋ ㄧㄝˇ ㄅㄨˊ	再也不	64
ㄗㄞˋ ㄧㄝˇ ㄅㄨˋ	再也不	64
ㄗㄞˋ ㄍㄣ	再跟	64
ㄖㄨㄥˇ	冗	64
ㄔㄨ ㄑㄧˊ	出奇	64
ㄔㄨ ㄔㄞ	出差	64
ㄔㄨ ㄔㄨˋ	出處	64
ㄉㄧㄠ	刁	64
ㄔㄨ ㄕˇ	初始	64
ㄔㄨ ㄒㄩㄝˊ	初學	64
ㄌㄧˋ ㄍㄨㄛˊ	利國	64
ㄑㄧㄢˊ ㄓㄢ ㄒㄧㄥˋ	前瞻性	64
ㄐㄧㄢˇ ㄐㄧˊ	剪輯	64
ㄈㄨˋ ㄗㄨㄥˇ ㄌㄧˇ	副總理	64
ㄌㄧˋ ㄓㄥ	力爭	64
ㄍㄨㄥ ㄉㄜˊ	功德	64
ㄐㄧㄚ ㄎㄞ	加開	64
ㄓㄨˋ ㄒㄩㄢˇ	助選	64
ㄉㄨㄥˋ ㄌㄧㄤˋ	動量	64
ㄑㄩ ㄐㄧㄢ	區間	64
ㄑㄧㄢ ㄈㄣ	千分	64
ㄑㄧㄢ ㄈㄣ ㄓ	千分之	64
ㄩㄢˊ ㄧㄡˇ ㄉㄜ˙	原有的	64
ㄧㄡˇ ㄑㄧㄥˊ	友情	64
ㄆㄢˋ ㄊㄠˊ	叛逃	64
ㄎㄡˇ ㄅㄟ	口碑	64
ㄍㄨˇ ㄅㄚ	古巴	64
ㄊㄨㄥˊ ㄕㄥ	同聲	64
ㄨˊ	唔	64
ㄕㄢˋ ㄏㄡˋ	善後	64
ㄉㄢ ㄈㄤ	單方	64
ㄙˋ	嗣	64
ㄏㄨㄟˊ ㄙㄨˋ	回溯	64
ㄍㄨㄛˊ ㄓㄞˋ	國債	64
ㄊㄨㄢˊ ㄊㄨㄢˊ	團團	64
ㄑㄧㄡ	坵	64
ㄓˊ ㄧˋ	執意	64
ㄧㄚ ㄉㄠˇ	壓倒	64
ㄉㄨㄛ ㄐㄧㄡˋ	多就	64
ㄉㄚˋ ㄍㄨㄥ	大功	64
ㄉㄚˋ ㄏㄢˇ	大喊	64
ㄉㄚˋ ㄒㄩㄝˊ ㄅㄨˋ	大學部	64
ㄉㄚˋ ㄓˋ ㄕㄤˋ	大致上	64
ㄊㄧㄢ ㄇㄧㄥˋ	天命	64
ㄗ	孳	64
ㄗˋ	孳	64
ㄐㄧˊ ㄐㄧㄥˋ	寂靜	64
ㄐㄧˋ ㄔㄨ	寄出	64
ㄒㄧㄝˇ ㄍㄨㄛˋ	寫過	64
ㄎㄨㄢ ㄖㄨㄥˊ	寬容	64
ㄐㄧㄤ ㄉㄠˋ	將到	64
ㄓㄨㄢ ㄨㄟˋ	專為	64
ㄒㄧㄠˇ ㄕˋ	小事	64
ㄒㄧㄠˇ ㄩˊ	小於	64
ㄐㄩˋ ㄜˊ	巨額	64
ㄆㄧㄥˊ ㄨㄣˇ	平穩	64
ㄊㄧㄥˊ ㄩㄢˊ	庭園	64
ㄊㄧㄥˊ ㄩㄢˋ	庭院	64
ㄍㄨㄤˇ ㄅㄛ ㄉㄧㄢˋ ㄊㄞˊ	廣播電台	64
ㄍㄨㄤˇ ㄅㄛˋ ㄉㄧㄢˋ ㄊㄞˊ	廣播電台	64
ㄧㄥˇ ㄇㄧˊ	影迷	64
ㄅㄟˋ	憊	64
ㄔㄥˊ ㄉㄨ	成都	64
ㄘㄞˊ ㄙㄨㄢˋ	才算	64
ㄜˋ ㄕㄚ	扼殺	64
ㄉㄧˇ ㄧㄚ	抵押	64
ㄆㄞˊ ㄉㄧㄥˋ	排定	64
ㄏㄨㄢˋ ㄉㄧㄠˋ	換掉	64
ㄐㄧㄝ ㄕˋ	揭示	64
ㄙㄡ ㄐㄧˊ	搜集	64
ㄕㄡ ㄐㄩˋ	收據	64
ㄈㄤˋ ㄕㄡˇ	放手	64
ㄈㄤˋ ㄓㄜ˙	放著	64
ㄕㄨˋ ㄌㄧˇ	數理	64
ㄌㄧㄠˋ ㄉㄠˋ	料到	64
ㄓㄣ	斟	64
ㄒㄧㄣ ㄔㄠˊ	新潮	64
ㄌㄩˇ ㄊㄨˊ	旅途	64
ㄐㄧㄥˇ ㄓˋ	景致	64
ㄕㄨ ㄕㄥ	書生	64
ㄅㄣˇ ㄋㄧㄢˊ ㄉㄨˋ	本年度	64
ㄅㄣˇ ㄑㄧㄢˊ	本錢	64
ㄙㄨㄥ ㄕㄨˇ	松鼠	64
ㄓˊ ㄨˋ ㄩㄢˊ	植物園	64
ㄕㄨ ㄖㄨㄥˊ	殊榮	64
ㄈㄚˋ ㄍㄨㄛˊ ㄖㄣˊ	法國人	64
ㄆㄞˋ ㄖㄣˊ	派人	64
ㄕㄣ ㄑㄧㄝˋ	深切	64
ㄏㄨㄚˊ ㄒㄩㄝˇ	滑雪	64
ㄇㄢˇ ㄉㄧˋ	滿地	64
ㄇㄢˋ ㄧㄡˊ	漫遊	64
ㄌㄞˋ	瀨	64
ㄨㄟˋ ㄋㄧˇ ㄇㄣˊ	為你們	64
ㄨㄟˋ ㄋㄧˇ ㄇㄣ˙	為你們	64
ㄨㄟˋ ㄍㄨㄛˊ ㄐㄧㄚ	為國家	64
ㄌㄧㄝˋ ㄐㄧㄡˇ	烈酒	64
ㄌㄠˋ	烙	64
ㄌㄨㄛˋ	烙	64
ㄨˊ ㄧˊ	無遺	64
ㄨˋ ㄌㄧˇ ㄒㄩㄝˊ ㄐㄧㄚ	物理學家	64
ㄨˋ ㄌㄧˇ ㄒㄧˋ	物理系	64
ㄊㄜˋ ㄐㄧˋ	特技	64
ㄨㄢˊ ㄕㄨㄚˇ	玩耍	64
ㄌㄧㄡˊ ㄌㄧˊ	琉璃	64
ㄏㄨㄢˊ ㄉㄠˇ	環島	64
ㄏㄨㄢˊ ㄑㄧㄡˊ	環球	64
ㄌㄨㄥˊ	瓏	64
ㄌㄧㄡˊ ㄖㄣˋ	留任	64
ㄐㄧㄡˋ	疚	64
ㄅㄧㄥˋ ㄔㄨㄤˊ	病床	64
ㄤˋ ㄖㄢˊ	盎然	64
ㄓˊ ㄒㄧㄚˊ	直轄	64
ㄕㄥˇ ㄓㄤˇ	省長	64
ㄇㄨˋ	睦	64
ㄆㄠˋ ㄉㄢˋ	砲彈	64
ㄉㄧˋ ㄧ ㄐㄧㄝˊ	第一節	64
ㄐㄧㄢˇ ㄧㄢˊ ㄓ	簡言之	64
ㄓˇ ㄅㄣˇ	紙本	64
ㄒㄧˋ ㄨㄟˊ	細微	64
ㄅㄢˋ	絆	64
ㄐㄧㄥ ㄧˋ	經意	64
ㄈㄟ	緋	64
ㄒㄧㄢˋ ㄒㄧㄥˋ	線性	64
ㄗㄨㄥˇ ㄧㄡˇ	總有	64
ㄗㄨㄟˋ ㄈㄢˋ	罪犯	64
ㄌㄠˇ ㄧˊ ㄅㄟˋ	老一輩	64
ㄧㄝ ㄉㄢˋ ㄐㄧㄝˊ	耶誕節	64
ㄙˋ ㄋㄩㄝˋ	肆虐	64
ㄑㄧˊ ㄉㄞˋ	臍帶	64
ㄗˋ ㄘˇ	自此	64
ㄏㄤˊ ㄏㄞˇ	航海	64
ㄏㄨㄤ ㄧㄝˇ	荒野	64
ㄧㄝˋ ㄇㄣˊ	葉門	64
ㄊㄨㄟˋ ㄅㄧㄢˋ	蛻變	64
ㄔㄣˋ ㄕㄢ	襯衫	64
ㄧㄠˋ ㄐㄧㄠˇ	要角	64
ㄧㄠˋ ㄐㄩㄝˊ	要角	64
ㄐㄧˋ ㄌㄨˋ ㄆㄧㄢˋ	記錄片	64
ㄕㄜˋ ㄒㄧㄢˋ	設限	64
ㄐㄧㄤˇ ㄑㄧˇ	講起	64
ㄅㄧㄢˋ ㄊㄞˋ	變態	64
ㄍㄢˇ ㄗㄡˇ	趕走	64
ㄔㄜ ㄓㄨˇ	車主	64
ㄇㄧˊ ㄏㄨˊ	迷糊	64
ㄋㄞˇ	迺	64
ㄩㄢˇ ㄔㄨㄢˊ	遠傳	64
ㄧㄠ ㄩㄝ	邀約	64
ㄏㄞˊ ㄕˋ ㄕㄨㄛ	還是說	64
ㄒㄧㄤ ㄖㄣˊ	鄉人	64
ㄧ ㄕˋ	醫事	64
ㄧㄝˇ ㄇㄢˊ	野蠻	64
ㄌㄧㄤˊ ㄘㄜˋ	量測	64
ㄧㄣˊ ㄇㄨˋ	銀幕	64
ㄈㄤˊ ㄏㄨㄥˊ	防洪	64
ㄔㄣˊ ㄐㄩˊ	陳菊	64
ㄍㄜˊ ㄏㄜˊ	隔閡	64
ㄉㄧㄢˋ ㄕˋ ㄐㄩˋ	電視劇	64
ㄒㄧㄠ	霄	64
ㄇㄞˊ	霾	64
ㄏㄢ	頇	64
ㄅㄢ ㄐㄧㄤˇ ㄉㄧㄢˇ ㄌㄧˇ	頒獎典禮	64
ㄐㄧㄥˇ ㄅㄨˋ	頸部	64
ㄒㄧㄤ ㄔㄤˊ	香腸	64
ㄇㄚˇ ㄌㄢˊ	馬蘭	64
ㄧ ㄅㄢ ㄌㄞˊ ㄕㄨㄛ	一般來說	63
ㄧˋ ㄅㄢ ㄌㄞˊ ㄕㄨㄛ	一般來說	63
ㄧ ㄇㄣˊ	一門	63
ㄧˋ ㄇㄣˊ	一門	63
ㄙㄢ ㄕˊ ㄐㄧˇ	三十幾	63
ㄙㄢ ㄉㄨˋ	三度	63
ㄒㄧㄚˋ ㄖㄣˊ	下人	63
ㄅㄨˋ ㄐㄧㄤˇ	不講	63
ㄅㄨˊ ㄊㄡˋ	不透	63
ㄓㄨㄥ ㄕㄢ ㄊㄤˊ	中山堂	63
ㄓㄨㄥ ㄐㄧㄥ	中經	63
ㄓㄨˇ ㄊㄧˊ ㄑㄩˇ	主題曲	63
ㄓ ㄧㄝˋ	之夜	63
ㄓ ㄏㄡˋ ㄗㄞˋ	之後再	63
ㄧㄚˇ ㄊㄞˋ ㄉㄧˋ ㄑㄩ	亞太地區	63
ㄐㄧㄥ ㄉㄨ ㄕˋ	京都市	63
ㄌㄧㄤˋ ㄉㄨˋ	亮度	63
ㄐㄧㄣ ㄧㄝˋ	今夜	63
ㄗㄨㄛˋ ㄍㄨㄥ	做工	63
ㄐㄧㄤ ㄐㄩˊ	僵局	63
ㄎㄜˋ ㄌㄚ	克拉	63
ㄋㄟˋ ㄖㄣˊ	內人	63
ㄍㄨㄥ ㄧˋ	公義	63
ㄔㄨ ㄈㄤˇ	出訪	63
ㄉㄨㄥˋ ㄒㄧㄢˋ	動線	63
ㄏㄨㄟˋ ㄎㄨㄢˇ	匯款	63
ㄕˊ ㄨˇ ㄍㄜˋ	十五個	63
ㄕˊ ㄨˇ ㄍㄜ˙	十五個	63
ㄅㄢˋ ㄕˋ	半世	63
ㄋㄢˊ ㄇㄟˇ ㄓㄡ	南美洲	63
ㄘㄢ ㄩㄝˋ	參閱	63
ㄐㄧˊ ㄨˋ	及物	63
ㄍㄨˇ ㄕˊ	古時	63
ㄐㄧㄠˋ ㄏㄠˇ	叫好	63
ㄏㄜˊ ㄊㄧˇ	合體	63
ㄐㄧˊ ㄆㄨˇ	吉普	63
ㄐㄧˊ ㄌㄨㄥˊ ㄆㄛ	吉隆坡	63
ㄨˊ ㄈㄥˋ	吳鳳	63
ㄏㄜˊ ㄌㄜˋ	和樂	63
ㄒㄧㄠ	哮	63
ㄓㄨㄛˊ	啄	63
ㄨㄣˋ ㄍㄨㄛˋ	問過	63
ㄆㄣ ㄔㄨ	噴出	63
ㄧㄢˊ ㄙㄨˋ ㄉㄜ˙	嚴肅的	63
ㄩㄢˊ ㄏㄨㄢˊ	圓環	63
ㄗㄞˋ ㄒㄧㄢ	在先	63
ㄗㄞˋ ㄅㄢˋ	在辦	63
ㄆㄛ ㄉㄨˋ	坡度	63
ㄔㄥˊ ㄑㄩ	城區	63
ㄐㄧㄥˋ ㄨㄞˋ	境外	63
ㄨㄞˋ ㄎㄜˊ	外殼	63
ㄊㄧㄢ ㄗˇ	天子	63
ㄊㄧㄢ ㄙㄜˋ	天色	63
ㄅㄣ ㄅㄛ	奔波	63
ㄅㄣ ㄆㄛ	奔波	63
ㄋㄩˇ ㄓㄨㄥ	女中	63
ㄋㄩˇ ㄉㄧˋ	女弟	63
ㄏㄠˇ ㄏㄢˋ	好漢	63
ㄗˋ ㄐㄩˋ	字句	63
ㄒㄩㄝˊ ㄕㄨˋ ㄧㄢˊ ㄐㄧㄡˋ	學術研究	63
ㄉㄧㄥˋ ㄏㄠˇ	定好	63
ㄎㄜˋ ㄔㄜ	客車	63
ㄐㄧㄚ ㄓㄤˇ ㄏㄨㄟˋ	家長會	63
ㄇㄧˋ ㄇㄧˋ	密密	63
ㄏㄢˊ ㄉㄨㄥ	寒冬	63
ㄕˊ ㄑㄧㄥˊ	實情	63
ㄕˊ ㄌㄨˋ	實錄	63
ㄓㄨㄢ ㄓㄨˋ ㄩˊ	專注於	63
ㄒㄧㄠˇ ㄍㄨ	小姑	63
ㄧㄡˊ ㄑㄧˊ ㄗㄞˋ	尤其在	63
ㄐㄧㄡˋ ㄋㄚˊ	就拿	63
ㄍㄤ ㄕㄢ	岡山	63
ㄍㄤ ㄕㄢ ㄒㄧㄢˋ	岡山縣	63
ㄗㄨㄛˇ ㄓㄨㄢˋ	左傳	63
ㄕˋ ㄐㄧㄝ	市街	63
ㄅㄨˋ ㄓˋ	布置	63
ㄉㄞˋ ㄌㄜ˙	帶了	63
ㄧㄡˋ ㄊㄨㄥˊ	幼童	63
ㄧㄢˊ ㄆㄧㄥˊ	延平	63
ㄑㄧㄤˊ ㄓㄜˇ	強者	63
ㄧㄥˇ ㄆㄧㄥˊ ㄖㄣˊ	影評人	63
ㄎㄨㄞˋ ㄑㄩˋ	快去	63
ㄑㄧㄥˊ ㄕㄨ	情書	63
ㄑㄧㄥˊ ㄧˊ	情誼	63
ㄑㄧㄥˊ ㄧˋ	情誼	63
ㄩˊ ㄩㄝˋ	愉悅	63
ㄉㄚˇ ㄨㄢˊ	打完	63
ㄉㄧㄠˋ ㄉㄠˋ	掉到	63
ㄆㄞˊ ㄒㄩˋ	排序	63
ㄍㄨㄚˋ ㄌㄜ˙	掛了	63
ㄧㄠˊ ㄏㄨㄤˋ	搖晃	63
ㄇㄛˊ	摹	63
ㄕㄡ ㄘㄤˊ ㄐㄧㄚ	收藏家	63
ㄈㄨ ㄧㄢˇ	敷衍	63
ㄒㄧㄣ ㄩㄝˋ	新月	63
ㄒㄧㄣ ㄍㄤˇ	新港	63
ㄒㄧㄣ ㄆㄧㄢˋ	新片	63
ㄖˋ ㄌㄞˊ	日來	63
ㄨㄢˇ ㄑㄧˊ	晚期	63
ㄓˋ ㄌㄧˋ	智利	63
ㄋㄧˋ	暱	63
ㄏㄨㄟˋ ㄧˋ	會意	63
ㄧㄡˇ ㄅㄧㄝˊ ㄉㄜ˙	有別的	63
ㄧㄡˇ ㄗㄨㄟˋ	有罪	63
ㄅㄣˇ ㄉㄨㄟˋ	本隊	63
ㄒㄧㄥˋ ㄖㄣˊ	杏仁	63
ㄊㄠˊ ㄩㄢˊ	桃源	63
ㄐㄧˊ ㄕㄡˇ	棘手	63
ㄉㄤˇ ㄇㄧㄥˊ	檔名	63
ㄨˇ ㄌㄧㄥˊ	武陵	63
ㄙˇ ㄅㄨˊ	死不	63
ㄙˇ ㄅㄨˋ	死不	63
ㄕㄨㄟˇ ㄇㄛˋ ㄏㄨㄚˋ	水墨畫	63
ㄕㄨㄟˇ ㄌㄧˇ	水裡	63
ㄇㄨˋ ㄩˋ	沐浴	63
ㄇㄟˊ ㄧㄡˇ ㄍㄨㄛˋ	沒有過	63
ㄈㄟˋ ㄊㄥˊ	沸騰	63
ㄕㄨˊ ㄋㄩˇ	淑女	63
ㄧㄡˊ ㄐㄧˊ	游擊	63
ㄆㄥ ㄊㄧㄠˊ	烹調	63
ㄈㄥ	烽	63
ㄖㄜˋ ㄒㄧㄢˋ	熱線	63
ㄉㄥ ㄐㄩˋ	燈具	63
ㄈㄢˋ ㄖㄣˊ	犯人	63
ㄨㄢˊ ㄧˋ ㄦ	玩意兒	63
ㄨㄢˊ ㄧˋ ㄦˊ	玩意兒	63
ㄨㄢˊ ㄧㄜˋ ㄦ	玩意兒	63
ㄨㄢˊ ㄧㄜˋ ㄦˊ	玩意兒	63
ㄧˋ ㄩˊ	異於	63
ㄉㄥ ㄖㄨˋ	登入	63
ㄇㄤˊ ㄉㄧㄢˇ	盲點	63
ㄒㄧㄤ ㄖㄨㄥˊ ㄒㄧㄥˋ	相容性	63
ㄕㄥˇ ㄧˋ ㄏㄨㄟˋ	省議會	63
ㄓㄣ ㄖㄣˊ	真人	63
ㄞˋ ㄩˊ	礙於	63
ㄕㄣˊ ㄕㄜˋ	神社	63
ㄗㄨ ㄌㄧㄣˋ	租賃	63
ㄗㄨ ㄖㄣˋ	租賃	63
ㄒㄧ ㄑㄧˊ	稀奇	63
ㄎㄨㄥ ㄎㄨㄥ	空空	63
ㄒㄧㄠˋ ㄌㄧㄢˇ	笑臉	63
ㄉㄧˊ ㄗ˙	笛子	63
ㄌㄧˋ	笠	63
ㄅㄧˇ ㄉㄧㄢˋ	筆電	63
ㄐㄧㄝˊ ㄨㄟˇ	結尾	63
ㄐㄩㄝˊ ㄨˊ	絕無	63
ㄌㄩˋ ㄒㄧ ㄍㄨㄟ	綠蠵龜	63
ㄌㄠˇ ㄐㄧㄤˋ	老將	63
ㄦˊ ㄑㄧㄝˇ ㄗㄞˋ	而且在	63
ㄍㄥ ㄗㄨㄛˋ	耕作	63
ㄕㄥ ㄩㄝˋ	聲樂	63
ㄊㄧㄥ ㄨㄢˊ	聽完	63
ㄊㄧㄥ ㄐㄩㄝˊ	聽覺	63
ㄍㄢ ㄧㄥˋ ㄏㄨㄚˋ	肝硬化	63
ㄧㄠ ㄅㄠ	腰包	63
ㄩˇ ㄓㄨㄥˋ ㄅㄨˋ ㄊㄨㄥˊ	與眾不同	63
ㄏㄤˊ ㄒㄧㄥˊ	航行	63
ㄐㄧㄝˋ	芥	63
ㄏㄨㄚ ㄅㄢˋ	花瓣	63
ㄅㄛˊ ㄇㄛˊ	薄膜	63
ㄞˇ	藹	63
ㄒㄧㄥˊ ㄓㄜˇ	行者	63
ㄒㄧˊ ㄐㄧˊ	襲擊	63
ㄒㄧ ㄇㄣˊ ㄉㄧㄥ	西門町	63
ㄒㄧ ㄇㄣˊ ㄊㄧㄥˇ	西門町	63
ㄒㄧ ㄧㄚˇ ㄊㄨˊ	西雅圖	63
ㄈㄤˇ ㄨㄣˋ ㄊㄨㄢˊ	訪問團	63
ㄙㄨˋ ㄩㄢˋ	訴願	63
ㄆㄧㄥˊ ㄉㄨㄢˋ	評斷	63
ㄓㄥˋ ㄐㄧㄢˋ	證件	63
ㄧˋ ㄓㄜˇ	譯者	63
ㄍㄢˇ ㄔㄨ	趕出	63
ㄔㄜ ㄔㄥˊ	車程	63
ㄔㄨㄛˋ ㄒㄩㄝˊ	輟學	63
ㄊㄠˊ ㄗㄡˇ	逃走	63
ㄩˋ ㄍㄨㄛˋ	遇過	63
ㄍㄨㄛˋ ㄖˋ ㄗ˙	過日子	63
ㄍㄨㄛˋ ㄇㄨˋ	過目	63
ㄒㄩㄢˇ ㄗˋ	選字	63
ㄌㄧˇ ㄔㄥˊ ㄅㄟ	里程碑	63
ㄔㄨㄥˊ ㄗㄨˇ	重組	63
ㄐㄧㄣ ㄩㄥ	金庸	63
ㄐㄧㄣ ㄙㄜˋ	金色	63
ㄖㄨㄥˊ	鎔	63
ㄍㄨㄢ ㄕㄤˋ	關上	63
ㄕㄨㄤ ㄅㄧㄢ	雙邊	63
ㄌㄧˊ ㄗˇ	離子	63
ㄩㄣˊ ㄋㄢˊ	雲南	63
ㄧㄣ ㄩㄝˋ ㄐㄧㄝˊ	音樂節	63
ㄍㄨˋ ㄉㄠˋ	顧到	63
ㄈㄟ ㄨˇ	飛舞	63
ㄕˊ ㄩˋ	食慾	63
ㄅㄠˇ ㄏㄜˊ	飽和	63
ㄏㄨㄤˊ ㄉㄚˋ ㄓㄡ	黃大洲	63
ㄧ ㄓㄣˋ ㄓㄣˋ	一陣陣	62
ㄧˊ ㄓㄣˋ ㄓㄣˋ	一陣陣	62
ㄅㄨˋ ㄏㄢˊ	不含	62
ㄅㄨˊ ㄨㄞˋ ㄏㄨ	不外乎	62
ㄅㄨˋ ㄔㄤˊ	不常	62
ㄅㄨˋ ㄒㄧˊ ㄍㄨㄢˋ	不習慣	62
ㄕˋ ㄐㄧㄚ	世家	62
ㄕˋ ㄐㄧㄝˋ ㄉㄚˋ ㄓㄢˋ	世界大戰	62
ㄓㄨㄥ ㄕˋ	中式	62
ㄓㄨㄥ ㄓˇ	中指	62
ㄐㄧㄡˇ ㄩㄝˋ ㄈㄣˋ	九月份	62
ㄧㄝˇ ㄅㄚˇ	也把	62
ㄦˋ ㄅㄨˋ	二部	62
ㄏㄨˋ ㄅㄨˇ	互補	62
ㄕㄜˊ ㄇㄛ˙ ㄧㄤˋ ㄗ˙	什麼樣子	62
ㄕㄜˊ ㄇㄜ˙ ㄧㄤˋ ㄗ˙	什麼樣子	62
ㄕㄣˊ ㄇㄛ˙ ㄧㄤˋ ㄗ˙	什麼樣子	62
ㄕㄣˊ ㄇㄜ˙ ㄧㄤˋ ㄗ˙	什麼樣子	62
ㄖㄣˋ ㄊㄧㄢ ㄊㄤˊ	任天堂	62
ㄖㄣˋ ㄧㄡˊ	任由	62
ㄨㄟˋ ㄐㄩ	位居	62
ㄨㄟˋ ㄒㄧㄤˋ	位相	62
ㄨㄟˋ ㄐㄧㄝ	位階	62
ㄉㄧ ㄍㄨㄥ ㄗ	低工資	62
ㄏㄜˊ ㄈㄤ	何方	62
ㄌㄞˊ ㄉㄜˊ ㄐㄧˊ	來得及	62
ㄌㄞˊ ㄉㄜ˙ ㄐㄧˊ	來得及	62
ㄅㄧㄢˋ ㄗㄞˋ	便在	62
ㄒㄧㄡ ㄅㄨˇ	修補	62
ㄗㄨㄛˋ ㄉㄜˊ ㄉㄠˋ	做得到	62
ㄗㄨㄛˋ ㄉㄜ˙ ㄉㄠˋ	做得到	62
ㄊㄧㄥˊ ㄅㄞˇ	停擺	62
ㄍㄨㄤ ㄌㄧㄤˋ	光亮	62
ㄍㄨㄤ ㄩㄢˊ	光源	62
ㄑㄩㄢˊ ㄓˊ	全職	62
ㄌㄧㄡˋ ㄕˊ	六時	62
ㄗㄞˋ ㄔㄨ	再出	62
ㄔㄨ ㄏㄨ	出乎	62
ㄔㄨ ㄅㄧㄥ	出兵	62
ㄈㄣ ㄅㄨˋ	分部	62
ㄆㄢˋ ㄔㄨˇ	判處	62
ㄅㄧㄝˊ ㄕㄨㄛ	別說	62
ㄐㄧㄚ ㄍㄨㄛˊ	加國	62
ㄋㄢˊ ㄐㄧˊ	南極	62
ㄒㄧㄝˋ ㄒㄧㄚˋ	卸下	62
ㄕㄡˋ ㄆㄧㄢˋ	受騙	62
ㄎㄜˇ ㄉㄜˊ	可得	62
ㄏㄜˊ ㄓㄠˋ	合照	62
ㄏㄜˊ ㄩㄥˋ	合用	62
ㄇㄧㄥˊ ㄘˋ	名次	62
ㄐㄩㄣ ㄓㄨˇ	君主	62
ㄨˊ ㄉㄨㄣ ㄧˋ	吳敦義	62
ㄏㄜ ㄏㄜ	呵呵	62
ㄇㄧㄥˋ ㄢˋ	命案	62
ㄩㄢˊ ㄌㄧㄣˊ	員林	62
ㄨㄣˋ ㄉㄚˊ	問答	62
ㄗㄨㄟˇ ㄔㄨㄣˊ	嘴唇	62
ㄍㄚˊ	噶	62
ㄙˋ ㄙˋ	四四	62
ㄍㄨㄛˊ ㄈㄚˇ	國法	62
ㄨㄟˊ ㄍㄨㄢ	圍觀	62
ㄉㄧˋ ㄓㄨㄥ	地中	62
ㄗㄨㄛˋ ㄕㄤˋ	坐上	62
ㄇㄞˊ ㄩㄢˋ	埋怨	62
ㄇㄢˊ ㄩㄢˋ	埋怨	62
ㄐㄧㄢ ㄍㄨˋ	堅固	62
ㄨㄞˋ ㄒㄧㄥ ㄖㄣˊ	外星人	62
ㄉㄨㄛ ㄘㄞˇ ㄉㄨㄛ ㄗ	多采多姿	62
ㄉㄚˋ ㄌㄧㄣˊ	大林	62
ㄉㄚˋ ㄍㄞˋ ㄗㄞˋ	大概在	62
ㄉㄚˋ ㄍㄤ	大綱	62
ㄉㄚˋ ㄧㄚˇ	大雅	62
ㄊㄧㄢ ㄌㄧㄤˋ	天亮	62
ㄊㄧㄢ ㄏㄨㄤˊ	天皇	62
ㄊㄞˋ ㄆㄛˊ	太婆	62
ㄗˇ ㄍㄨㄥˋ	子貢	62
ㄈㄨˋ ㄨㄥ	富翁	62
ㄕㄣˇ ㄐㄧˋ ㄔㄨˋ	審計處	62
ㄉㄨㄟˋ ㄐㄧㄣˋ	對勁	62
ㄉㄨㄟˋ ㄐㄧㄥˋ	對勁	62
ㄕㄠˇ ㄩˊ	少於	62
ㄍㄨㄥ ㄗㄨㄛˋ ㄕㄤˋ	工作上	62
ㄉㄞˋ ㄍㄨㄛˋ	帶過	62
ㄆㄧㄥˊ ㄐㄧㄚˋ	平價	62
ㄆㄧㄥˊ ㄈㄤ ㄍㄨㄥ ㄌㄧˇ	平方公里	62
ㄆㄧㄥˊ ㄑㄩㄢˊ	平權	62
ㄆㄧㄥˊ ㄉㄢˋ	平淡	62
ㄋㄧㄢˊ ㄇㄢˇ	年滿	62
ㄏㄨㄢˋ ㄉㄥ	幻燈	62
ㄈㄟˋ ㄊㄨˇ	廢土	62
ㄑㄧㄤˇ ㄒㄧㄥˊ	強行	62
ㄑㄧㄤˊ ㄒㄧㄥˊ	強行	62
ㄘㄨㄥˊ ㄒㄧㄠˇ ㄐㄧㄡˋ	從小就	62
ㄏㄨㄤˊ	徨	62
ㄩㄢˋ	愿	62
ㄊㄞˋ ㄕˋ	態勢	62
ㄧㄥˋ ㄔㄡˊ	應酬	62
ㄔㄥˊ ㄐㄧㄢˋ	成見	62
ㄏㄨˋ ㄏㄨˋ	戶戶	62
ㄕㄡˇ ㄔˊ	手持	62
ㄘㄞˊ ㄗㄞˋ	才在	62
ㄎㄤˋ ㄕㄥ ㄙㄨˋ	抗生素	62
ㄌㄚ ㄔㄤˊ	拉長	62
ㄊㄢˋ ㄈㄤˇ	探訪	62
ㄐㄧㄝ ㄑㄧㄚˋ	接洽	62
ㄐㄧㄝ ㄒㄩˋ	接續	62
ㄊㄨㄟ ㄍㄨ	推估	62
ㄩㄢˊ ㄕㄡˇ	援手	62
ㄙㄠ	搔	62
ㄅㄢ ㄑㄧㄢ	搬遷	62
ㄐㄩˋ ㄕㄨㄛ ㄕˋ	據說是	62
ㄋㄧˇ ㄐㄩˋ	擬具	62
ㄕㄡ ㄊㄧㄥ	收聽	62
ㄍㄨㄥ ㄉㄚˇ	攻打	62
ㄓㄥˋ ㄕㄤ	政商	62
ㄐㄧㄠˋ ㄓㄨˇ	教主	62
ㄙㄢˋ ㄖㄜˋ	散熱	62
ㄐㄧㄥˋ ㄧˋ	敬意	62
ㄨㄣˊ ㄐㄩˋ	文具	62
ㄒㄧㄣ ㄐㄧㄠˋ	新教	62
ㄈㄤ ㄍㄨㄥ ㄌㄧˇ	方公里	62
ㄇㄧㄥˊ ㄌㄧㄠˇ	明瞭	62
ㄕˊ ㄙㄨˋ	時速	62
ㄓˋ ㄏㄨㄟˋ ㄒㄧㄥˊ ㄕㄡˇ ㄐㄧ	智慧型手機	62
ㄗㄨㄟˋ ㄏㄠˇ ㄕˋ	最好是	62
ㄧㄡˇ ㄉㄤˋ	有當	62
ㄈㄨˊ ㄨˋ ㄕㄥ	服務生	62
ㄢˋ ㄈㄚ	案發	62
ㄌㄧㄤˊ ㄕˊ ㄑㄧㄡ	梁實秋	62
ㄍㄨㄟˋ ㄊㄞˊ	櫃檯	62
ㄓㄥˋ ㄐㄧㄥ	正經	62
ㄌㄧˋ ㄕˇ ㄒㄩㄝˊ ㄐㄧㄚ	歷史學家	62
ㄕㄨㄟˇ ㄆㄧㄥˊ	水瓶	62
ㄩㄥˇ ㄐㄧㄡˇ ㄒㄧㄥˋ	永久性	62
ㄏㄢˋ ㄕㄨㄟˇ	汗水	62
ㄈㄚˇ ㄨˋ ㄅㄨˋ ㄓㄤˇ	法務部長	62
ㄧㄤˊ ㄧˋ	洋溢	62
ㄊㄠˊ ㄑㄧˋ	淘氣	62
ㄑㄧㄥ ㄐㄧㄥˋ	清淨	62
ㄩㄢˊ ㄩㄢˊ	源源	62
ㄅㄧㄣ ㄏㄞˇ	濱海	62
ㄆㄧㄢˋ ㄇㄧㄢˋ	片面	62
ㄇㄨˋ ㄔㄤˇ	牧場	62
ㄇㄥˇ ㄌㄧㄝˋ	猛烈	62
ㄆㄛˋ	珀	62
ㄓㄣ ㄘㄤˊ	珍藏	62
ㄊㄧㄢˊ ㄉㄜ˙	甜的	62
ㄧˋ ㄧㄤˋ	異樣	62
ㄉㄥ ㄊㄞˊ	登台	62
ㄅㄞˊ ㄙㄜˋ ㄎㄨㄥˇ ㄅㄨˋ	白色恐怖	62
ㄤˋ ㄙ	盎司	62
ㄕㄥˋ ㄎㄞ	盛開	62
ㄇㄥˊ ㄐㄩㄣ	盟軍	62
ㄧㄢˇ ㄓㄨ	眼珠	62
ㄓ ㄉㄠˋ ㄕㄨㄛ	知道說	62
ㄈㄨˊ ㄓㄡ	福州	62
ㄙ ㄉㄧˇ ㄒㄧㄚˋ	私底下	62
ㄐㄧㄥ ㄇㄧㄥˊ	精明	62
ㄋㄚˋ ㄘㄨㄟˋ	納粹	62
ㄨㄤˇ	罔	62
ㄌㄠˇ ㄍㄨㄥ ㄍㄨㄥ	老公公	62
ㄌㄠˇ ㄍㄨㄥ ㄍㄨㄥ˙	老公公	62
ㄌㄠˇ ㄊㄞˋ ㄆㄛˊ	老太婆	62
ㄦˇ ㄕㄡˊ	耳熟	62
ㄦˇ ㄕㄨˊ	耳熟	62
ㄕㄥˋ ㄏㄨㄛˇ	聖火	62
ㄊㄧㄥ ㄌㄧˋ	聽力	62
ㄋㄥˊ ㄐㄧㄢˋ ㄉㄨˋ	能見度	62
ㄗˋ ㄐㄧˇ	自給	62
ㄨˇ ㄐㄩˋ	舞劇	62
ㄏㄤˊ ㄩㄣˋ	航運	62
ㄙㄜˋ ㄗㄜˊ	色澤	62
ㄏㄨㄚ ㄇㄨˋ	花木	62
ㄘㄞˋ ㄓㄣˋ ㄋㄢˊ	蔡振南	62
ㄧㄠˋ ㄒㄧㄥˋ	藥性	62
ㄧㄠˋ ㄘㄞˊ	藥材	62
ㄔㄨㄥ ㄉㄠˋ	衝到	62
ㄅㄧㄠˇ ㄓㄥ	表徵	62
ㄑㄧㄣ ㄏㄜˊ	親和	62
ㄐㄧˋ ㄌㄜ˙	記了	62
ㄗㄨˇ	詛	62
ㄍㄞ ㄅㄨˋ ㄍㄞ	該不該	62
ㄔㄥˊ ㄒㄧㄣˋ	誠信	62
ㄕㄨㄛ ㄘˊ	說詞	62
ㄋㄨㄛˋ ㄅㄟˋ ㄦˇ ㄐㄧㄤˇ	諾貝爾獎	62
ㄍㄨˇ ㄉㄧˇ	谷底	62
ㄓㄨ ㄍㄨㄥ	豬公	62
ㄧㄥˊ ㄐㄧㄚ	贏家	62
ㄏㄜˋ ㄖㄢˊ	赫然	62
ㄕㄣ ㄉㄨㄢˋ	身段	62
ㄈㄨˇ ㄒㄩㄢˇ	輔選	62
ㄑㄧㄥ ㄙㄨㄥ ㄉㄜ˙	輕鬆的	62
ㄓㄨㄢˇ ㄅㄧㄢˋ ㄔㄥˊ	轉變成	62
ㄐㄧㄣˋ ㄅㄞˇ	近百	62
ㄓㄜˋ ㄊㄧㄠˊ ㄌㄨˋ	這條路	62
ㄍㄨㄛˋ ㄧㄝˋ	過夜	62
ㄜˋ ㄓˇ	遏止	62
ㄅㄧㄢ ㄔㄨㄟˊ	邊陲	62
ㄔㄨㄥˊ ㄉㄧㄝˊ ㄕˋ	重疊式	62
ㄐㄧㄣ ㄅㄣˇ ㄨㄟˋ	金本位	62
ㄎㄞ ㄓㄜ˙	開著	62
ㄓㄣˋ ㄊㄡˊ	陣頭	62
ㄧㄣˇ ㄏㄢˊ	隱含	62
ㄕㄨㄤ ㄗˇ	雙子	62
ㄋㄢˊ ㄨㄟˊ	難為	62
ㄉㄧㄢˋ ㄧㄚ	電壓	62
ㄑㄧㄥ ㄏㄨㄚ	青花	62
ㄐㄧㄥˋ ㄒㄧㄚˋ ㄌㄞˊ	靜下來	62
ㄅㄧㄢ ㄆㄠˋ	鞭炮	62
ㄈㄟ ㄇㄠˊ ㄊㄨㄟˇ	飛毛腿	62
ㄕˊ ㄆㄨˇ	食譜	62
ㄨㄟˋ ㄕˊ	餵食	62
ㄊㄥˊ ㄊㄥˊ	騰騰	62
ㄐㄧㄥ ㄒㄧㄥˇ	驚醒	62
ㄤ ㄗㄤ	骯髒	62
ㄈㄚˇ ㄒㄧㄥˊ	髮型	62
ㄧ ㄅㄟˋ	一倍	61
ㄧˊ ㄅㄟˋ	一倍	61
ㄧ ㄧㄡˇ	一有	61
ㄧˋ ㄧㄡˇ	一有	61
ㄧ ㄐㄧㄚˋ	一架	61
ㄧˊ ㄐㄧㄚˋ	一架	61
ㄧ ㄆㄧㄥˊ	一瓶	61
ㄧˋ ㄆㄧㄥˊ	一瓶	61
ㄙㄢ ㄒㄧㄠˇ	三小	61
ㄙㄢ ㄌㄧㄥˊ	三菱	61
ㄒㄧㄚˋ ㄘㄨㄛˋ	下挫	61
ㄒㄧㄚˋ ㄐㄧㄚˋ	下架	61
ㄅㄨˋ ㄧㄡˊ ㄉㄜˊ	不由得	61
ㄅㄨˋ ㄧㄡˊ ㄉㄜ˙	不由得	61
ㄅㄨˋ ㄐㄧㄥ ㄧˋ	不經意	61
ㄅㄨˋ ㄊㄢˊ	不談	61
ㄅㄨˋ ㄑㄧˇ ㄧㄢˇ	不起眼	61
ㄅㄧㄥˋ ㄧㄡˇ	並有	61
ㄓㄨㄥ ㄐㄧㄢ ㄉㄜ˙	中間的	61
ㄓ ㄕˊ	之時	61
ㄦˋ ㄍㄜ	二哥	61
ㄐㄧㄠ ㄑㄧㄥˊ	交情	61
ㄕㄜˊ ㄇㄛ˙ ㄖㄣˊ	什麼人	61
ㄕㄜˊ ㄇㄜ˙ ㄖㄣˊ	什麼人	61
ㄕㄣˊ ㄇㄛ˙ ㄖㄣˊ	什麼人	61
ㄕㄣˊ ㄇㄜ˙ ㄖㄣˊ	什麼人	61
ㄖㄥˊ ㄖㄢˊ ㄕˋ	仍然是	61
ㄉㄞˋ ㄅㄧㄠˇ ㄏㄨㄟˋ	代表會	61
ㄧˇ ㄕㄣ	以身	61
ㄅㄠˇ ㄌㄧㄥˊ ㄑㄧㄡˊ	保齡球	61
ㄉㄠˇ ㄗㄞˋ	倒在	61
ㄗㄨㄛˋ ㄇㄥˋ	做夢	61
ㄔㄨㄢˊ ㄖㄨˋ	傳入	61
ㄋㄨㄥˊ	儂	61
ㄌㄧㄤˇ ㄅㄣˇ	兩本	61
ㄅㄚ ㄕˊ ㄋㄧㄢˊ ㄉㄞˋ	八十年代	61
ㄔㄨ ㄅㄢˇ ㄧㄝˋ	出版業	61
ㄈㄣ ㄍㄟˇ	分給	61
ㄔㄨ ㄐㄧˊ	初級	61
ㄓㄨˋ ㄒㄩㄝˊ ㄐㄧㄣ	助學金	61
ㄉㄨㄥˋ ㄧˋ	動議	61
ㄕㄥˋ ㄉㄧˋ	勝地	61
ㄒㄧㄝˊ ㄗㄡˋ	協奏	61
ㄋㄢˊ ㄨㄢ	南灣	61
ㄋㄢˊ ㄅㄨˋ ㄉㄧˋ ㄑㄩ	南部地區	61
ㄈㄢˇ ㄉㄨㄟˋ ㄉㄤˇ	反對黨	61
ㄘㄨㄥˊ ㄕㄥ	叢生	61
ㄎㄡˇ ㄩˇ	口語	61
ㄎㄡˇ ㄕㄨˋ	口述	61
ㄓˇ ㄋㄥˊ ㄍㄡˋ	只能夠	61
ㄊㄞˊ ㄒㄧㄣ	台新	61
ㄊㄞˊ ㄨㄢ ㄧㄣˊ ㄏㄤˊ	台灣銀行	61
ㄊㄨㄥˊ ㄓㄨㄥˇ	同種	61
ㄕㄡˋ ㄆㄧㄠˋ	售票	61
ㄎㄣˇ	啃	61
ㄍㄡˋ	垢	61
ㄅㄠˋ ㄐㄧㄥˇ	報警	61
ㄉㄨㄛ ㄊㄞˊ	多台	61
ㄉㄚˋ ㄓㄤˇ	大漲	61
ㄉㄚˋ ㄅㄞˊ	大白	61
ㄉㄚˋ ㄑㄧㄢˊ	大錢	61
ㄊㄧㄢ ㄕˊ	天時	61
ㄋㄩˇ ㄉㄧˋ ㄗˇ	女弟子	61
ㄏㄠˇ ㄒㄧㄠ ㄒㄧˊ	好消息	61
ㄕㄣˇ	嬸	61
ㄕㄣ˙	嬸	61
ㄏㄞˊ ㄦ	孩兒	61
ㄏㄞˊ ㄦˊ	孩兒	61
ㄒㄩㄝˊ ㄏㄠˇ	學好	61
ㄒㄩㄝˊ ㄒㄧㄠˋ ㄌㄧˇ	學校裡	61
ㄒㄩㄝˊ ㄎㄜ ㄋㄥˊ ㄌㄧˋ ㄘㄜˋ ㄧㄢˋ	學科能力測驗	61
ㄐㄧㄚ ㄐㄧㄥˋ	家境	61
ㄕㄜˋ ㄐㄧㄢˋ	射箭	61
ㄐㄧㄤ ㄕㄤˋ	將上	61
ㄕㄠˇ ㄅㄨˋ ㄌㄧㄠˇ	少不了	61
ㄕㄢ ㄓㄨㄤ	山莊	61
ㄕˋ ㄐㄧˊ	市集	61
ㄆㄧㄥˊ ㄒㄧˊ	平息	61
ㄧㄡˋ ㄐㄧㄠˋ	幼教	61
ㄎㄤ ㄋㄧㄥˊ	康寧	61
ㄙ	廝	61
ㄇㄧㄠˋ ㄏㄨㄟˋ	廟會	61
ㄧㄢˊ ㄕㄠ	延燒	61
ㄉㄧˋ ㄒㄩㄥ	弟兄	61
ㄖㄨㄛˋ ㄉㄧㄢˇ	弱點	61
ㄏㄡˋ ㄧˋ	後裔	61
ㄉㄜˊ ㄌㄧˇ	德里	61
ㄧˊ ㄐㄩㄣ	怡君	61
ㄒㄧㄥˋ ㄞˋ	性愛	61
ㄎㄨㄥˇ ㄅㄨˋ ㄉㄜ˙	恐怖的	61
ㄗˋ	恣	61
ㄏㄨㄟˋ ㄆㄨˇ	惠普	61
ㄇㄨˋ ㄋㄧˊ ㄏㄟ	慕尼黑	61
ㄇㄢˋ ㄒㄧㄥˋ ㄅㄧㄥˋ	慢性病	61
ㄔㄥˊ ㄋㄧㄢˊ ㄖㄣˊ	成年人	61
ㄨㄛˇ ㄩㄢˋ	我願	61
ㄓㄢˋ ㄕㄥˋ	戰勝	61
ㄈㄤˊ ㄕˋ	房市	61
ㄉㄚˇ ㄐㄧㄠ ㄉㄠˋ	打交道	61
ㄉㄚˇ ㄉㄨㄥˋ	打動	61
ㄉㄚˇ ㄓㄠ ㄏㄨ	打招呼	61
ㄆㄞ ㄉㄜˊ	拍得	61
ㄧˋ	挹	61
ㄊㄧㄥˇ ㄕㄣ	挺身	61
ㄍㄨㄚˋ ㄕㄤˋ	掛上	61
ㄊㄧˊ ㄑㄧㄣˊ ㄐㄧㄚ	提琴家	61
ㄅㄢ ㄩㄣˋ	搬運	61
ㄐㄧˊ ㄓㄨㄥˋ	擊中	61
ㄈㄤˋ ㄉㄚˋ ㄐㄧㄥˋ	放大鏡	61
ㄈㄤˋ ㄕㄜˋ ㄒㄧㄢˋ	放射線	61
ㄉㄨㄣ ㄏㄨㄚˋ	敦化	61
ㄒㄧㄣ ㄋㄟˋ ㄍㄜˊ	新內閣	61
ㄒㄧㄣ ㄔㄨㄣ	新春	61
ㄒㄧㄣ ㄨㄣˊ ㄐㄧㄝˋ	新聞界	61
ㄉㄨㄢˋ ㄌㄜ˙	斷了	61
ㄐㄧˋ ㄅㄨˊ	既不	61
ㄐㄧˋ ㄅㄨˋ	既不	61
ㄖˋ ㄅㄣˇ ㄉㄨㄟˋ	日本隊	61
ㄏㄠˋ	昊	61
ㄧㄢˋ	晏	61
ㄐㄧㄥ ㄧㄥˊ	晶瑩	61
ㄘㄠˊ ㄘㄠ	曹操	61
ㄗㄨㄟˋ ㄇㄟˇ	最美	61
ㄧㄡˇ ㄒㄧㄣ ㄖㄣˊ	有心人	61
ㄧㄡˇ ㄉㄠˋ ㄌㄧˇ	有道理	61
ㄇㄨˋ ㄍㄨㄚ	木瓜	61
ㄉㄨㄥ ㄇㄣˊ	東門	61
ㄖㄢˇ ㄕㄤˋ	染上	61
ㄐㄧˊ ㄉㄧˋ	極地	61
ㄏㄥˊ ㄕㄢ	橫山	61
ㄍㄨㄟ ㄐㄧㄡˋ	歸咎	61
ㄇㄧㄣˊ ㄐㄧㄚ	民家	61
ㄕㄨㄟˇ ㄏㄨㄢˋ	水患	61
ㄏㄞˇ ㄍㄨㄟ	海龜	61
ㄍㄤˇ ㄨㄢ	港灣	61
ㄧㄢˇ ㄗㄡˋ ㄐㄧㄚ	演奏家	61
ㄨˊ ㄔㄤˊ	無償	61
ㄓㄠˋ ㄌㄧㄤˋ	照亮	61
ㄆㄚˊ ㄑㄧˇ	爬起	61
ㄈㄢˋ ㄍㄨㄟ	犯規	61
ㄒㄧㄚˊ ㄞˋ	狹隘	61
ㄒㄧㄥ ㄒㄧㄥ	猩猩	61
ㄒㄧㄢˋ ㄉㄞˋ ㄨˇ	現代舞	61
ㄒㄩㄢ	瑄	61
ㄌㄧㄡˊ ㄓㄨˋ	留住	61
ㄏㄨㄚˋ ㄊㄨˊ	畫圖	61
ㄆㄧˊ ㄅㄟˋ	疲憊	61
ㄅㄧㄥˋ ㄊㄞˋ	病態	61
ㄐㄧㄝ ㄎㄜˇ	皆可	61
ㄆㄧˊ ㄒㄧㄝˊ	皮鞋	61
ㄎㄢˋ ㄗㄞˋ	看在	61
ㄕˊ ㄑㄧˋ	石器	61
ㄆㄥˋ ㄓㄨㄤˋ	碰撞	61
ㄓˇ ㄧㄡˇ	祇有	61
ㄓㄨˋ ㄧㄥ ㄊㄞˊ	祝英台	61
ㄆㄧㄠˋ ㄕㄨˋ	票數	61
ㄈㄨˊ ㄦˇ ㄇㄛˊ ㄕㄚ	福爾摩沙	61
ㄊㄨˊ ㄐㄧˊ	突擊	61
ㄍㄨㄢˇ ㄌㄧˇ ㄒㄩㄝˊ	管理學	61
ㄔㄡˊ ㄏㄨㄚˋ	籌劃	61
ㄗㄨㄥˋ ㄗˇ	粽子	61
ㄗㄨㄥˋ ㄗ˙	粽子	61
ㄐㄧㄝˊ ㄕˊ	結實	61
ㄐㄧㄥ ㄓㄨㄢˋ	經傳	61
ㄒㄧㄢˋ ㄧˋ ㄩㄢˊ	縣議員	61
ㄗㄨㄥˇ ㄨˋ ㄔㄨˋ	總務處	61
ㄐㄧㄠˇ ㄈㄟˋ	繳費	61
ㄇㄚˋ ㄖㄣˊ	罵人	61
ㄌㄠˇ ㄌㄜ˙	老了	61
ㄦˊ ㄧˇ	而以	61
ㄦˊ ㄊㄧˊ	而提	61
ㄋㄞˋ ㄌㄧˋ	耐力	61
ㄐㄩˋ ㄏㄜˊ	聚合	61
ㄌㄧㄢˊ ㄒㄧˊ	聯席	61
ㄊㄧㄥ ㄌㄞˊ	聽來	61
ㄎㄣˇ ㄧㄚˇ	肯亞	61
ㄅㄟˋ ㄆㄢˋ	背叛	61
ㄏㄨˊ ㄕㄨㄛ	胡說	61
ㄌㄧㄢˇ ㄐㄧㄚˊ	臉頰	61
ㄗˋ ㄧㄥˊ	自營	61
ㄗˋ ㄗㄨˊ	自足	61
ㄓˋ ㄕㄤˋ	至上	61
ㄅㄣˇ	苯	61
ㄧㄥ ㄇㄟˇ	英美	61
ㄘㄞˋ ㄉㄢ	菜單	61
ㄌㄧㄢˊ ㄕㄜˋ	蓮社	61
ㄇㄧㄝˋ	蔑	61
ㄧㄠˋ ㄕㄤ	藥商	61
ㄨㄟˋ ㄕㄥ ㄙㄨㄛˇ	衛生所	61
ㄒㄧ ㄘㄢ	西餐	61
ㄉㄢˋ ㄔㄣˊ	誕辰	61
ㄐㄧㄤˇ ㄊㄞˊ	講台	61
ㄅㄧㄢˋ ㄒㄧㄤˋ	變相	61
ㄗ ㄒㄩㄣˋ ㄙㄨㄛˇ	資訊所	61
ㄓㄤˋ	賬	61
ㄔㄠ ㄖㄢˊ	超然	61
ㄗㄨˊ ㄑㄧㄡˊ ㄉㄨㄟˋ	足球隊	61
ㄓˇ	趾	61
ㄉㄧㄝˊ ㄈㄨˊ	跌幅	61
ㄔㄜ ㄧㄝˋ	車業	61
ㄐㄩㄥˇ	迥	61
ㄊㄨㄥ ㄈㄥ	通風	61
ㄍㄨㄛˋ ㄐㄧㄝˊ	過節	61
ㄧㄠˊ ㄧㄠˊ	遙遙	61
ㄔˊ ㄉㄠˋ	遲到	61
ㄅㄧㄢ ㄐㄧˋ	邊際	61
ㄧˋ	邑	61
ㄩˋ	鈺	61
ㄔㄨˊ	鋤	61
ㄕㄢˇ ㄌㄧㄤˋ	閃亮	61
ㄚ ㄇㄚ	阿媽	61
ㄕㄨㄤ ㄖㄣˊ	雙人	61
ㄒㄧㄢˇ ㄌㄨˋ	顯露	61
ㄍㄠ ㄉㄧˋ	高地	61
ㄍㄠ ㄍㄨㄥ	高工	61
ㄧㄢˇ	魘	61
ㄒㄧㄢ ㄒㄧㄝˇ	鮮血	61
ㄏㄟ ㄕㄡˇ	黑手	61
ㄧ ㄐㄧㄡˇ ㄐㄧㄡˇ ㄑㄧ	一九九七	60
ㄧ ㄅㄠ	一包	60
ㄧˋ ㄅㄠ	一包	60
ㄧ ㄓㄢˋ	一站	60
ㄧˊ ㄓㄢˋ	一站	60
ㄒㄧㄚˋ ㄒㄧㄤ	下鄉	60
ㄅㄨˋ ㄐㄧㄣˇ ㄐㄧㄣˇ	不僅僅	60
ㄅㄨˋ ㄈㄨ	不敷	60
ㄅㄨˊ ㄌㄜˋ	不樂	60
ㄅㄨˋ ㄌㄜˋ	不樂	60
ㄅㄧㄥˋ ㄒㄧㄥˊ	並行	60
ㄓㄨㄥ ㄧˋ	中譯	60
ㄨˇ ㄇㄧㄥˊ	五名	60
ㄨˇ ㄐㄧㄝˋ	五屆	60
ㄕㄜˊ ㄇㄛ˙ ㄉㄧˋ ㄈㄤ	什麼地方	60
ㄕㄜˊ ㄇㄜ˙ ㄉㄧˋ ㄈㄤ	什麼地方	60
ㄕㄣˊ ㄇㄛ˙ ㄉㄧˋ ㄈㄤ	什麼地方	60
ㄕㄣˊ ㄇㄜ˙ ㄉㄧˋ ㄈㄤ	什麼地方	60
ㄒㄧㄡ ㄑㄧˋ	休憩	60
ㄕˇ ㄩㄥˋ ㄌㄩˋ	使用率	60
ㄅㄠˇ ㄒㄧㄢˇ ㄈㄚˇ	保險法	60
ㄐㄧㄝˋ ㄍㄟˇ	借給	60
ㄆㄧㄢ ㄍㄠ	偏高	60
ㄓㄞˋ ㄑㄩㄢˊ	債權	60
ㄌㄧㄤˇ ㄊㄞˊ	兩台	60
ㄌㄧㄤˇ ㄓㄡ	兩週	60
ㄓˋ ㄕˋ	制式	60
ㄑㄧㄢˊ ㄕˋ	前世	60
ㄈㄨˋ ㄌㄧˇ	副理	60
ㄌㄧˋ ㄎㄜˋ	力克	60
ㄓㄨˋ ㄌㄧˋ	助力	60
ㄓㄨˋ ㄍㄨㄥ	助攻	60
ㄑㄩ ㄉㄨㄢˋ	區段	60
ㄕˊ ㄅㄟˋ	十倍	60
ㄕˊ ㄉㄨㄛ ㄍㄜˋ	十多個	60
ㄕˊ ㄉㄨㄛ ㄍㄜ˙	十多個	60
ㄩㄢˊ ㄕㄥ	原生	60
ㄈㄢˇ ㄍㄢˇ	反感	60
ㄎㄜˇ ㄕㄡ	可收	60
ㄎㄜˇ ㄧㄠˋ	可要	60
ㄏㄜˊ ㄕˋ	合式	60
ㄐㄧˊ ㄌㄧˋ	吉利	60
ㄛ ㄛ	喔喔	60
ㄨㄛˋ ㄨㄛˋ	喔喔	60
ㄍㄨㄛˊ ㄉㄨ	國都	60
ㄩㄢˊ ㄉㄜ˙	圓的	60
ㄗㄞˋ ㄋㄟˋ ㄉㄜ˙	在內的	60
ㄩㄢˊ	垣	60
ㄗㄥ ㄐㄧㄚ ㄉㄠˋ	增加到	60
ㄒㄩ	墟	60
ㄨㄞˋ ㄏㄤˊ	外行	60
ㄉㄚˋ ㄇㄧㄥˊ	大名	60
ㄉㄚˋ ㄧㄥ	大英	60
ㄊㄧㄢ ㄌㄧㄤˊ	天良	60
ㄏㄤ	夯	60
ㄠˋ ㄇㄧㄠˋ	奧妙	60
ㄋㄩˇ ㄕㄣˊ	女神	60
ㄊㄚ ㄗˋ ㄐㄧˇ	她自己	60
ㄏㄠˇ ㄍㄢˇ	好感	60
ㄖㄨˊ ㄩㄢˋ	如願	60
ㄒㄩㄝˊ ㄑㄩ	學區	60
ㄒㄩㄝˊ ㄅㄠˋ	學報	60
ㄐㄧˋ ㄓㄨˇ	寄主	60
ㄕˊ ㄨˋ	實物	60
ㄐㄧㄤˋ ㄌㄧㄥˇ	將領	60
ㄐㄧㄢ ㄕˊ	尖石	60
ㄐㄩ ㄍㄠ ㄅㄨˊ ㄒㄧㄚˋ	居高不下	60
ㄐㄩ ㄍㄠ ㄅㄨˋ ㄒㄧㄚˋ	居高不下	60
ㄅㄚ ㄌㄧˇ ㄉㄠˇ	峇里島	60
ㄜˊ	峨	60
ㄕ ㄅㄧㄠˇ	師表	60
ㄉㄞˋ ㄩㄢˊ ㄓㄜˇ	帶原者	60
ㄈㄨˇ ㄏㄨㄟˋ	府會	60
ㄏㄣˇ ㄎㄨㄞˋ ㄉㄜ˙	很快的	60
ㄈㄨˋ ㄈㄚ	復發	60
ㄨㄟˊ ㄒㄧㄥˊ	微型	60
ㄞˋ ㄗ ㄅㄧㄥˋ ㄏㄨㄢˋ	愛滋病患	60
ㄍㄨㄢˋ ㄩㄥˋ	慣用	60
ㄔㄥˊ ㄍㄨㄛˇ ㄓㄢˇ	成果展	60
ㄔㄥˊ ㄌㄨㄥˊ	成龍	60
ㄈㄤˊ ㄕㄜˋ	房舍	60
ㄕㄡˇ ㄒㄩˋ ㄈㄟˋ	手續費	60
ㄉㄚˇ ㄉㄚˇ	打打	60
ㄉㄚˇ ㄆㄢˋ	打拚	60
ㄊㄞˊ ㄑㄧˇ	抬起	60
ㄅㄞˋ ㄋㄧㄢˊ	拜年	60
ㄆㄞˊ ㄔㄥˊ	排成	60
ㄏㄨㄢˋ ㄉㄜˊ	換得	60
ㄏㄨㄢˋ ㄉㄜ˙	換得	60
ㄍㄠˇ ㄉㄧㄥˋ	搞定	60
ㄉㄚ ㄉㄤˇ	搭檔	60
ㄩㄥˇ ㄏㄨˋ	擁護	60
ㄇㄧㄥˊ ㄊㄧㄢ ㄉㄜ˙	明天的	60
ㄔㄚˊ ㄇㄧㄥˊ	查明	60
ㄍㄣ ㄐㄧ	根基	60
ㄊㄧㄠˊ ㄍㄨㄟ	條規	60
ㄏㄥˊ ㄒㄧㄥˊ	橫行	60
ㄓㄥˋ ㄓㄨㄥ	正中	60
ㄓㄥˋ ㄓㄨㄥˋ	正中	60
ㄓㄥˋ ㄨㄣˊ	正文	60
ㄘˇ ㄉㄧˋ	此地	60
ㄇㄟˇ ㄧ ㄘˋ	每一次	60
ㄇㄟˇ ㄧˊ ㄘˋ	每一次	60
ㄕㄨㄟˇ ㄔㄢˇ	水產	60
ㄑㄧㄡˊ ㄔㄤˊ	求償	60
ㄑㄧˋ ㄕㄨㄟˇ	汽水	60
ㄈㄚˇ ㄒㄩㄝˊ ㄩㄢˋ	法學院	60
ㄧㄤˊ ㄖㄣˊ	洋人	60
ㄒㄧˇ ㄌㄧˇ	洗禮	60
ㄏㄞˇ ㄋㄟˋ ㄨㄞˋ	海內外	60
ㄏㄞˇ ㄇㄧㄢˊ	海綿	60
ㄒㄧㄠ ㄕˋ	消逝	60
ㄒㄩㄢˋ	渲	60
ㄊㄤ ㄇㄨˇ	湯姆	60
ㄏㄨㄚˊ ㄕㄨㄟˇ	滑水	60
ㄇㄢˇ ㄊㄧㄢ	滿天	60
ㄧㄤˋ	漾	60
ㄓㄠˋ	炤	60
ㄨˊ ㄙ	無私	60
ㄐㄧㄠ ㄐㄧˊ	焦急	60
ㄓㄠˋ ㄌㄧㄠˋ	照料	60
ㄖㄜˋ ㄑㄧˋ	熱氣	60
ㄧㄡˊ	猷	60
ㄌㄧˇ ㄐㄧㄢ ㄕˋ	理監事	60
ㄇㄚˇ ㄌㄧˋ ㄧㄚˇ	瑪利亞	60
ㄐㄧㄣˇ	瑾	60
ㄕㄣˋ ㄨㄟˊ	甚為	60
ㄊㄧㄢˊ ㄓㄨㄥ	田中	60
ㄐㄧ	畸	60
ㄅㄧㄥˋ ㄌㄧˇ	病理	60
ㄅㄧㄥˋ ㄓㄥˋ	病症	60
ㄈㄚ ㄅㄠˋ ㄑㄧˋ	發報器	60
ㄓㄣ ㄑㄧㄥˊ	真情	60
ㄧㄢˇ ㄏㄨㄚ	眼花	60
ㄓ ㄐㄩㄝˊ	知覺	60
ㄙㄨㄟˋ	祟	60
ㄐㄧㄣˋ ㄌㄧㄥˋ	禁令	60
ㄩˇ	禹	60
ㄗㄨ ㄨ	租屋	60
ㄐㄧ ㄑㄧㄢˋ	積欠	60
ㄌㄧˋ ㄒㄧㄣ	立新	60
ㄐㄧㄥˋ ㄒㄧㄤ	競相	60
ㄓㄨˊ ㄙㄨㄣˇ	竹筍	60
ㄒㄧㄠˋ ㄒㄧㄠˋ	笑笑	60
ㄉㄧˋ ㄌㄧㄡˋ ㄕˊ	第六十	60
ㄉㄧˋ ㄙˋ ㄊㄞˊ	第四台	60
ㄒㄧㄤ ㄗ˙	箱子	60
ㄐㄧㄥ ㄊㄨㄥ	精通	60
ㄐㄧㄥ ㄒㄩㄢˇ	精選	60
ㄏㄨㄥˊ ㄅㄞˊ	紅白	60
ㄔㄨㄣˊ ㄏㄨㄚˋ	純化	60
ㄐㄧㄝˊ ㄢˋ	結案	60
ㄗㄨㄥˇ ㄍㄨㄥ ㄏㄨㄟˋ	總工會	60
ㄕㄥ ㄍㄨㄤ	聲光	60
ㄓˊ ㄧㄝˋ ㄈㄨˋ ㄋㄩˇ	職業婦女	60
ㄍㄨˇ ㄈㄣˋ ㄧㄡˇ ㄒㄧㄢˋ	股份有限	60
ㄍㄨˇ ㄈㄣˋ ㄧㄡˇ ㄒㄧㄢˋ ㄍㄨㄥ ㄙ	股份有限公司	60
ㄋㄥˊ ㄌㄞˊ	能來	60
ㄋㄥˊ ㄑㄩˇ	能取	60
ㄊㄨㄛ ㄧㄥˇ ㄦˊ ㄔㄨ	脫穎而出	60
ㄗˋ ㄔㄥˊ	自成	60
ㄗˋ ㄓ	自知	60
ㄐㄩˇ ㄔㄨ	舉出	60
ㄐㄩˇ ㄓˇ	舉止	60
ㄇㄤˊ ㄍㄨㄛˇ	芒果	60
ㄖㄨㄛˋ ㄨˊ	若無	60
ㄎㄨˇ ㄇㄣˋ	苦悶	60
ㄧㄥ ㄅㄤˋ	英鎊	60
ㄘㄞˋ ㄕˋ	菜市	60
ㄘㄤ ㄧㄥˊ	蒼蠅	60
ㄗㄤˋ ㄨㄣˊ	藏文	60
ㄧˋ ㄕㄨˋ ㄕˇ	藝術史	60
ㄧㄥˊ ㄇㄨˋ ㄕㄤˋ	螢幕上	60
ㄒㄧㄥˊ ㄗㄨㄥ	行蹤	60
ㄓㄨㄤ ㄧㄡˇ	裝有	60
ㄒㄧ ㄅㄛˊ ㄌㄧˋ ㄧㄚˇ	西伯利亞	60
ㄊㄧㄠˊ ㄒㄧㄣ	調薪	60
ㄌㄨㄣˋ ㄓㄜˇ	論者	60
ㄒㄧㄤˋ ㄧㄚˊ	象牙	60
ㄗㄡˇ ㄨㄢˊ	走完	60
ㄑㄧˇ ㄏㄨㄛˇ	起火	60
ㄔㄠ ㄐㄧˊ ㄕˋ ㄔㄤˇ	超級市場	60
ㄔㄜ ㄔㄤˇ	車廠	60
ㄘˊ ㄑㄩˋ	辭去	60
ㄧㄥˊ ㄏㄜˊ	迎合	60
ㄐㄧㄣˋ ㄙˋ	近似	60
ㄓㄜˋ ㄧㄤˋ ㄕˋ	這樣是	60
ㄓㄜˋ ㄌㄧˇ ㄧㄡˇ	這裡有	60
ㄊㄨㄥ ㄑㄧㄣˊ	通勤	60
ㄩㄣˋ ㄉㄠˋ	運到	60
ㄔˊ ㄧˊ	遲疑	60
ㄏㄞˊ ㄋㄥˊ ㄍㄡˋ	還能夠	60
ㄌㄧˇ ㄩㄝ	里約	60
ㄐㄧㄣ ㄗ˙	金子	60
ㄌㄨˋ ㄑㄩˇ ㄌㄩˋ	錄取率	60
ㄔㄤˊ ㄈㄚˇ	長髮	60
ㄎㄞ ㄨㄚ	開挖	60
ㄩㄝˋ ㄊㄧㄥ	閱聽	60
ㄌㄨˋ ㄌㄨˋ	陸陸	60
ㄌㄨˋ ㄌㄨˋ ㄒㄩˋ ㄒㄩˋ	陸陸續續	60
ㄒㄩㄥˊ ㄏㄡˋ	雄厚	60
ㄋㄢˊ ㄎㄢ	難堪	60
ㄘㄢ ㄉㄧㄢˇ	餐點	60
ㄐㄧㄚˋ ㄓㄠˋ	駕照	60
ㄆㄧㄢˋ ㄐㄩˊ	騙局	60
ㄍㄠ ㄙㄨㄥˇ	高聳	60
ㄏㄟ ㄇㄧㄥˊ ㄉㄢ	黑名單	60
ㄧ ㄅㄞˇ ㄐㄧㄡˇ	一百九	59
ㄧ ㄐㄧㄣˋ	一進	59
ㄧˊ ㄐㄧㄣˋ	一進	59
ㄑㄧ ㄊㄧㄢ	七天	59
ㄑㄧ ㄩㄝˋ ㄈㄣˋ	七月份	59
ㄕㄤˋ ㄕㄣ	上身	59
ㄉㄧㄡ ㄌㄜ˙	丟了	59
ㄓㄨㄥ ㄓˇ	中止	59
ㄓㄨㄥ ㄑㄧㄡ ㄐㄧㄝˊ	中秋節	59
ㄓㄨˇ ㄗㄞˇ	主宰	59
ㄦˋ ㄈㄣ ㄓ ㄧ	二分之一	59
ㄦˋ ㄌㄨㄣˊ	二輪	59
ㄨˇ ㄩㄢˊ	五元	59
ㄐㄧㄠ ㄏㄨㄟˋ	交會	59
ㄐㄧㄠ ㄐㄧㄝˋ	交界	59
ㄐㄧㄠ ㄆㄟˋ	交配	59
ㄉㄧ ㄍㄨ	低估	59
ㄓㄨˋ ㄐㄧㄣˋ	住進	59
ㄅㄞˇ	佰	59
ㄅㄠˇ ㄧㄡˋ	保佑	59
ㄉㄠˇ ㄒㄧㄚˋ	倒下	59
ㄗㄨㄛˋ ㄗㄨㄛˋ	做做	59
ㄐㄧㄢˋ ㄒㄧㄥˊ	健行	59
ㄊㄡ ㄑㄧㄝˋ	偷竊	59
ㄔㄨㄥ ㄆㄟˋ	充沛	59
ㄖㄨˋ ㄕㄜˋ	入社	59
ㄌㄧㄡˋ ㄏㄜˊ ㄘㄞˇ	六合彩	59
ㄈㄣ ㄗㄞˋ	分在	59
ㄉㄠˋ ㄒㄧㄠˋ	到校	59
ㄉㄨㄥˋ ㄊㄢˊ	動彈	59
ㄉㄨㄥˋ ㄕㄡˇ ㄕㄨˋ	動手術	59
ㄌㄠˊ ㄉㄨㄥˋ ㄊㄧㄠˊ ㄐㄧㄢˋ	勞動條件	59
ㄎㄡˇ ㄘㄞˊ	口才	59
ㄊㄞˊ ㄘˊ	台詞	59
ㄊㄨㄥˊ ㄑㄧˊ	同期	59
ㄜˋ	呃	59
ㄏㄜˊ ㄈㄥ	和風	59
ㄇㄧㄝ	咩	59
ㄋㄚˇ ㄧㄡˇ	哪有	59
ㄏㄜˋ ㄗㄨˇ	嚇阻	59
ㄧㄣ ㄘˇ ㄦˊ	因此而	59
ㄉㄧˋ ㄘㄥˊ	地層	59
ㄅㄠˋ ㄍㄠˋ ㄕㄨ	報告書	59
ㄓㄨㄤˋ ㄉㄚˋ	壯大	59
ㄉㄚˋ ㄕˇ ㄍㄨㄢˇ	大使館	59
ㄉㄚˋ ㄅㄣˇ	大本	59
ㄉㄚˋ ㄆㄧㄢˋ	大片	59
ㄉㄚˋ ㄐㄧㄝ ㄒㄧㄠˇ ㄒㄧㄤˋ	大街小巷	59
ㄊㄧㄢ ㄕㄨˋ	天數	59
ㄕ ㄇㄧㄥˊ	失明	59
ㄈㄨˋ ㄌㄧㄢˊ	婦聯	59
ㄨㄢˊ ㄔㄥˊ ㄏㄡˋ	完成後	59
ㄎㄜˋ ㄈㄨˊ	客服	59
ㄧㄢˋ ㄏㄨㄟˋ	宴會	59
ㄎㄨㄢ ㄉㄨˋ	寬度	59
ㄓㄨㄢ ㄧㄡˇ	專有	59
ㄓㄨㄢ ㄇㄞˋ ㄉㄧㄢˋ	專賣店	59
ㄕㄢ ㄉㄨㄥˋ	山洞	59
ㄓˋ	峙	59
ㄅㄚ ㄓㄤˇ	巴掌	59
ㄕㄨㄞˋ ㄍㄜ	帥哥	59
ㄉㄞˋ ㄕㄤˋ	帶上	59
ㄉㄞˋ ㄖㄨˋ	帶入	59
ㄒㄧㄣ ㄕㄤˋ	心上	59
ㄎㄨㄞˋ ㄉㄧㄢˇ	快點	59
ㄊㄧㄢˊ	恬	59
ㄒㄧㄤˇ ㄔㄥˊ	想成	59
ㄒㄧㄤˇ ㄐㄧㄣˋ	想盡	59
ㄞˋ ㄏㄠˋ ㄓㄜˇ	愛好者	59
ㄘㄢˇ ㄓㄨㄥˋ	慘重	59
ㄔㄥˊ ㄔㄨㄥˊ	成蟲	59
ㄨㄛˇ ㄕˋ	我試	59
ㄓㄢˋ ㄧˋ	戰役	59
ㄕㄡˇ ㄆㄚˋ	手帕	59
ㄉㄚˇ ㄐㄧㄣˋ	打進	59
ㄔㄥˊ ㄒㄧㄠ	承銷	59
ㄊㄧㄠ ㄑㄧˇ	挑起	59
ㄆㄞˊ ㄌㄧㄢˋ	排練	59
ㄊㄧˊ ㄒㄧㄚˋ	提下	59
ㄧㄠˊ ㄕㄣ	搖身	59
ㄍㄜ ㄑㄧㄢˇ	擱淺	59
ㄈㄤˋ ㄧㄢˇ	放眼	59
ㄓㄥˇ ㄍㄜˋ ㄉㄜ˙	整個的	59
ㄨㄣˊ ㄨㄤˊ	文王	59
ㄆㄤˊ ㄊㄧㄥ	旁聽	59
ㄒㄧㄥ ㄊㄨㄢˊ	星團	59
ㄧㄡˇ ㄧˋ ㄕˋ	有意識	59
ㄨㄟˋ ㄨㄢˊ	未完	59
ㄇㄛˋ ㄋㄧㄢˊ	末年	59
ㄐㄧㄚˋ ㄗ˙	架子	59
ㄅㄛˊ ㄧㄡˊ	柏油	59
ㄔㄚˊ ㄩㄝˋ	查閱	59
ㄌㄜˋ ㄊㄡˋ ㄘㄞˇ	樂透彩	59
ㄧㄤˋ ㄆㄧㄣˇ	樣品	59
ㄑㄧㄠˊ	樵	59
ㄍㄢˇ ㄌㄢˇ ㄑㄧㄡˊ	橄欖球	59
ㄘˋ ㄐㄧˊ	次級	59
ㄒㄧㄝ ㄧㄝˋ	歇業	59
ㄓㄥˋ ㄔㄤˊ ㄏㄨㄚˋ	正常化	59
ㄙㄨㄟˋ ㄖㄨˋ	歲入	59
ㄍㄨㄟ ㄌㄞˊ	歸來	59
ㄡ ㄉㄚˇ	毆打	59
ㄇㄨˇ ㄗˇ	母子	59
ㄅㄧˇ ㄌㄧˋ ㄕˊ	比利時	59
ㄕㄨㄟˇ ㄌㄧˋ ㄕㄨˇ	水利署	59
ㄈㄚˇ ㄕㄤ	法商	59
ㄌㄧㄡˊ ㄏㄨㄟˋ	流會	59
ㄒㄧㄠ ㄈㄟˋ ㄒㄧㄥˋ	消費性	59
ㄩˊ ㄘㄨㄣ	漁村	59
ㄏㄨㄛˇ ㄕㄠ	火燒	59
ㄨˊ ㄧ	無一	59
ㄓㄥ ㄅㄧㄢˋ	爭辯	59
ㄏㄨㄚˋ ㄔㄥˊ	畫成	59
ㄈㄚ ㄆㄧˊ ㄑㄧˋ	發脾氣	59
ㄅㄞˊ ㄔ	白痴	59
ㄅㄞˊ ㄘㄞˋ	白菜	59
ㄐㄧㄣˋ ㄒㄧㄣ	盡心	59
ㄕㄜˋ ㄌㄨㄣˋ	社論	59
ㄒㄧㄡˋ ㄌㄧˋ	秀麗	59
ㄑㄧㄡ ㄐㄧㄝˊ	秋節	59
ㄕㄨㄟˋ ㄐㄩㄢ	稅捐	59
ㄔㄥˊ ㄕˋ ㄕㄜˋ ㄐㄧˋ	程式設計	59
ㄉㄠˋ ㄗㄨㄛˋ	稻作	59
ㄓㄤ ㄐㄧㄝˊ	章節	59
ㄉㄧˋ ㄧ ㄏㄨㄟˊ	第一回	59
ㄌㄨㄥˊ ㄗ˙	籠子	59
ㄗˇ	籽	59
ㄐㄧㄥ ㄒㄧˋ	精細	59
ㄐㄧˋ ㄩㄢˊ	紀元	59
ㄨㄣˋ	紊	59
ㄐㄩㄝˊ ㄐㄧㄚ	絕佳	59
ㄐㄩㄝˊ ㄉㄨㄟˋ ㄉㄜ˙	絕對的	59
ㄐㄧㄥ ㄕㄤ	經商	59
ㄅㄧㄢ ㄅㄢ	編班	59
ㄦˊ ㄧㄡˋ	而又	59
ㄩˋ ㄔㄨˊ	育雛	59
ㄒㄩㄥ ㄏㄨㄞˊ	胸懷	59
ㄨㄛˋ ㄕˋ	臥室	59
ㄎㄨˇ ㄊㄨㄥˋ	苦痛	59
ㄧㄥ ㄩㄥˇ	英勇	59
ㄓㄨ	茱	59
ㄘㄠˇ ㄧㄠˋ	草藥	59
ㄐㄩˊ ㄏㄨㄚ	菊花	59
ㄓㄠˊ ㄇㄧˊ	著迷	59
ㄘㄤ ㄅㄞˊ	蒼白	59
ㄖㄨㄟˇ	蕊	59
ㄗㄠˇ ㄌㄟˋ	藻類	59
ㄑㄧㄥ	蜻	59
ㄨㄟˋ ㄕㄥ ㄓˇ	衛生紙	59
ㄓˋ ㄧㄠˋ	製藥	59
ㄒㄧ ㄏㄨˊ	西湖	59
ㄧㄠˋ ㄍㄨㄥ	要公	59
ㄧㄠˋ ㄇㄧㄥˋ	要命	59
ㄐㄧㄥˇ ㄨㄟˋ	警衛	59
ㄗㄜˊ ㄖㄣˋ ㄍㄢˇ	責任感	59
ㄇㄞˇ ㄑㄧˋ	買氣	59
ㄈㄟˋ ㄌㄧˋ	費力	59
ㄍㄡˋ ㄖㄨˋ	購入	59
ㄔㄜ ㄌㄨㄣˊ	車輪	59
ㄐㄧㄠˇ ㄓ	較之	59
ㄐㄧㄠˋ ㄓ	較之	59
ㄑㄧㄥ ㄏㄨ	輕忽	59
ㄓㄨㄢˇ ㄖㄨˋ	轉入	59
ㄇㄧˊ ㄕ	迷失	59
ㄓㄜˋ ㄓㄨㄥˇ ㄖㄣˊ	這種人	59
ㄓㄜˋ ㄍㄨˇ	這股	59
ㄗㄠˋ ㄔㄨㄢˊ	造船	59
ㄐㄧㄣˋ ㄔㄥˊ	進程	59
ㄍㄨㄛˋ ㄔㄥˊ ㄌㄧˇ	過程裡	59
ㄩㄢˇ ㄐㄧㄣˋ	遠近	59
ㄧ ㄒㄩㄝˊ ㄐㄧㄝˋ	醫學界	59
ㄒㄧㄠ ㄏㄨㄟˇ	銷毀	59
ㄓㄣˋ ㄇㄧㄣˊ	鎮民	59
ㄗㄨㄢ ㄧㄢˊ	鑽研	59
ㄎㄞ ㄆㄠˇ	開跑	59
ㄊㄠˊ ㄗㄨㄟˋ	陶醉	59
ㄧㄤˊ ㄔㄨㄣ	陽春	59
ㄍㄜˊ ㄧㄣ	隔音	59
ㄒㄩㄝˋ ㄅㄞˊ	雪白	59
ㄌㄧㄥˇ ㄨˋ	領悟	59
ㄊㄡˊ ㄉㄚˋ	頭大	59
ㄈㄥ ㄊㄨˇ	風土	59
ㄇㄚˇ ㄎㄜˇ	馬可	59
ㄆㄧㄢˋ ㄖㄣˊ	騙人	59
ㄍㄠ ㄒㄧㄣ	高薪	59
ㄍㄠ ㄒㄩㄥˊ ㄕˋ ㄓㄥˋ ㄈㄨˇ	高雄市政府	59
ㄌㄧˇ	鯉	59
ㄕㄚ ㄩˊ	鯊魚	59
ㄧㄚ ㄆㄧㄢˋ	鴉片	59
ㄧ ㄑㄧㄢ ㄦˋ	一千二	58
ㄧ ㄅㄢˇ	一版	58
ㄧˋ ㄅㄢˇ	一版	58
ㄧ ㄅㄧㄢˋ	一變	58
ㄧˊ ㄅㄧㄢˋ	一變	58
ㄕㄤˋ ㄍㄨㄛˋ	上過	58
ㄒㄧㄚˋ ㄅㄢˋ ㄋㄧㄢˊ	下半年	58
ㄒㄧㄚˋ ㄒㄧㄢˋ	下限	58
ㄅㄨˊ ㄊㄞˋ ㄏㄨㄟˋ	不太會	58
ㄅㄨˋ ㄅㄚˇ	不把	58
ㄉㄧㄡ ㄌㄧㄢˇ	丟臉	58
ㄅㄧㄥˋ ㄎㄜˇ	並可	58
ㄓㄨㄥ ㄔㄤˊ ㄨㄟˇ	中常委	58
ㄓㄨㄥ ㄏㄨㄚˊ ㄓˊ ㄅㄤˋ	中華職棒	58
ㄖㄨˇ ㄈㄤˊ	乳房	58
ㄨˇ ㄑㄧㄢ ㄉㄨㄛ	五千多	58
ㄧㄚˇ ㄇㄚˇ ㄒㄩㄣˋ	亞馬遜	58
ㄐㄧㄠ ㄓ	交織	58
ㄊㄚ ㄈㄤ	他方	58
ㄓㄢˋ ㄧㄡˇ ㄌㄩˋ	佔有率	58
ㄏㄜˊ ㄋㄥˊ	何能	58
ㄒㄧㄡ ㄉㄠˋ	修道	58
ㄈㄥˋ	俸	58
ㄔㄨˊ ㄓˊ	儲值	58
ㄒㄧㄢ ㄊㄧㄢ ㄒㄧㄥˋ	先天性	58
ㄉㄧㄢˇ ㄍㄨˋ	典故	58
ㄅㄧㄥ ㄍㄨㄛˇ ㄕˋ	冰果室	58
ㄈㄣ ㄉㄠˋ	分到	58
ㄈㄣ ㄅㄢ	分班	58
ㄊㄧˋ	剃	58
ㄑㄧㄢˊ ㄖˋ	前日	58
ㄍㄤ ㄔㄨ	剛出	58
ㄐㄧㄚ ㄖㄜˋ	加熱	58
ㄐㄧㄚ ㄓㄨˋ	加註	58
ㄑㄩㄢˋ ㄉㄠˇ	勸導	58
ㄅㄟˇ ㄧ	北醫	58
ㄕˊ ㄧ ㄙㄨㄟˋ	十一歲	58
ㄘㄢ ㄓㄥˋ	參政	58
ㄈㄢˇ ㄇㄧㄢˋ	反面	58
ㄎㄜˇ ㄕˋ ㄧㄡˇ	可是有	58
ㄊㄞˊ ㄨㄢ ㄏㄞˇ ㄒㄧㄚˊ	台灣海峽	58
ㄏㄜˊ ㄏㄨㄛˇ	合夥	58
ㄇㄧㄥˊ ㄒㄩㄝˊ	名學	58
ㄈㄣ	吩	58
ㄆㄧㄣˇ ㄔㄤˊ	品嚐	58
ㄨㄟˋ	喂	58
ㄙˋ ㄘˋ	四次	58
ㄓˊ ㄉㄠˇ	執導	58
ㄉㄨㄛ ㄩㄢˊ ㄒㄧㄥˋ	多元性	58
ㄉㄨㄛ ㄅㄨˋ	多部	58
ㄉㄚˋ ㄑㄧㄢ	大千	58
ㄉㄚˋ ㄏㄨˋ	大戶	58
ㄉㄚˋ ㄒㄧㄥˊ	大行	58
ㄉㄚˋ ㄍㄨㄛˋ	大過	58
ㄅㄣ ㄈㄤˋ	奔放	58
ㄅㄣ ㄆㄠˇ	奔跑	58
ㄏㄠˇ ㄊㄧㄢ ㄑㄧˋ	好天氣	58
ㄗˇ ㄍㄨㄥ ㄐㄧㄥˇ ㄞˊ	子宮頸癌	58
ㄗˇ ㄍㄨㄥ ㄐㄧㄥˇ ㄧㄢˊ	子宮頸癌	58
ㄗˋ ㄩㄢˊ	字元	58
ㄢ ㄈㄨˇ	安撫	58
ㄙㄨㄥˋ ㄉㄞˋ	宋代	58
ㄙㄨㄥˋ ㄔㄠˊ	宋朝	58
ㄉㄧㄥˋ ㄩˊ	定於	58
ㄐㄧㄚ ㄐㄧㄚ ㄏㄨˋ ㄏㄨˋ	家家戶戶	58
ㄕㄣˇ ㄔㄚˊ ㄏㄨㄟˋ	審查會	58
ㄐㄧㄤ ㄉㄨㄟˋ	將對	58
ㄓㄨㄢ ㄓˊ	專職	58
ㄒㄧㄠˇ ㄉㄨㄥ	小東	58
ㄒㄧㄠˇ ㄅㄢ	小班	58
ㄐㄧㄡˋ ㄕㄤˋ	就上	58
ㄐㄧㄡˋ ㄗㄡˇ	就走	58
ㄅㄚ ㄒㄧ ㄖㄣˊ	巴西人	58
ㄋㄧㄢˊ ㄈㄣˋ	年份	58
ㄒㄧㄚˋ ㄇㄣˊ	廈門	58
ㄍㄨㄤˇ ㄒㄧ	廣西	58
ㄉㄧˋ ㄇㄟˋ	弟妹	58
ㄏㄣˇ ㄎㄜˇ ㄒㄧˊ	很可惜	58
ㄏㄡˋ ㄗㄨㄛˋ	後座	58
ㄏㄡˋ ㄌㄨㄥˊ	後龍	58
ㄉㄟˇ ㄒㄧㄚˋ	得下	58
ㄓㄥ ㄓㄠ	徵召	58
ㄓㄥ ㄓㄠˋ	徵召	58
ㄎㄨㄞˋ ㄌㄞˊ	快來	58
ㄐㄧˊ ㄓㄜ˙	急著	58
ㄒㄧㄥˋ ㄒㄧㄤˋ	性向	58
ㄒㄧㄥˋ ㄩˋ	性慾	58
ㄑㄧㄚˋ ㄑㄧㄠˇ	恰巧	58
ㄨㄛˇ ㄉㄥˇ	我等	58
ㄏㄨㄛˋ ㄉㄨㄛ ㄏㄨㄛˋ ㄕㄠˇ	或多或少	58
ㄒㄧˋ ㄇㄚˇ	戲碼	58
ㄊㄡˊ ㄙㄨˋ	投訴	58
ㄔㄡ ㄑㄩˇ	抽取	58
ㄌㄚ ㄔㄜˇ	拉扯	58
ㄊㄧˊ ㄌㄧㄢˋ	提煉	58
ㄓㄥˋ ㄨˋ ㄍㄨㄢ	政務官	58
ㄓㄥˋ ㄓˋ ㄐㄩˊ	政治局	58
ㄓㄥˋ ㄅㄧㄢˋ	政變	58
ㄔㄤˇ ㄎㄞ	敞開	58
ㄓㄥˇ ㄌㄧˇ ㄔㄨ	整理出	58
ㄕㄨˋ ㄅㄞˇ ㄨㄢˋ	數百萬	58
ㄒㄧㄣ ㄒㄧㄣ ㄖㄣˊ ㄌㄟˋ	新新人類	58
ㄒㄧㄣ ㄔㄜ	新車	58
ㄕ ㄐㄧㄚ	施加	58
ㄏㄨㄣ ㄉㄠˇ	昏倒	58
ㄗㄨㄟˋ ㄒㄧˇ ㄏㄨㄢ ㄉㄜ˙	最喜歡的	58
ㄇㄨˋ ㄌㄢˊ	木蘭	58
ㄌㄜˋ ㄊㄧㄢ	樂天	58
ㄑㄧㄠˊ ㄌㄧㄤˊ	橋梁	58
ㄔㄨˊ ㄔㄨㄤ	櫥窗	58
ㄍㄜ ㄒㄧㄥ	歌星	58
ㄓㄥˋ ㄇㄟˋ	正妹	58
ㄌㄧˋ ㄌㄞˊ	歷來	58
ㄌㄧˋ ㄕˇ ㄒㄧˋ	歷史系	58
ㄌㄧˋ ㄌㄧㄢˋ	歷練	58
ㄇㄧㄣˊ ㄓㄥˋ ㄐㄩˊ	民政局	58
ㄐㄧㄤ ㄅㄧㄥˇ ㄎㄨㄣ	江丙坤	58
ㄇㄟˊ ㄔㄨ	沒出	58
ㄓˋ ㄑㄩㄢˊ	治權	58
ㄆㄠˋ ㄔㄚˊ	泡茶	58
ㄧㄤˊ ㄘㄨㄥ	洋蔥	58
ㄒㄧˇ ㄔㄜ	洗車	58
ㄌㄧㄡˊ ㄌㄟˋ	流淚	58
ㄊㄤ ㄩㄢˊ	湯圓	58
ㄌㄧˊ	漓	58
ㄏㄨㄛˇ ㄐㄧㄥˇ	火警	58
ㄨㄟˊ ㄓㄨㄣˇ	為準	58
ㄨˊ ㄌㄧˋ ㄍㄢˇ	無力感	58
ㄨˊ ㄨˋ	無誤	58
ㄒㄩˇ	煦	58
ㄎㄨㄤˊ ㄏㄨㄢ ㄐㄧㄝˊ	狂歡節	58
ㄒㄧㄚˊ ㄧˋ	狹義	58
ㄅㄢ ㄘˋ	班次	58
ㄏㄨㄢˊ ㄐㄧㄥˋ ㄅㄠˇ ㄏㄨˋ	環境保護	58
ㄩㄥˋ ㄗㄨㄛˋ	用作	58
ㄩㄥˋ ㄕˋ	用是	58
ㄈㄚ ㄌㄧㄤˋ	發亮	58
ㄐㄧㄝ ㄕˋ	皆是	58
ㄕㄥˋ ㄔㄢˇ	盛產	58
ㄇㄨˋ ㄐㄧˊ	目擊	58
ㄒㄧㄤ ㄍㄜˊ	相隔	58
ㄎㄢˋ ㄒㄧㄚˋ	看下	58
ㄎㄢˋ ㄓㄨㄥˋ	看重	58
ㄕㄨㄟˋ ㄅㄨˋ ㄓㄠˊ	睡不著	58
ㄞˇ ㄖㄣˊ	矮人	58
ㄕㄜˋ ㄏㄨㄟˋ ㄨㄣˋ ㄊㄧˊ	社會問題	58
ㄇㄧˋ ㄕㄨ ㄓㄤˇ	祕書長	58
ㄓㄨˋ ㄏㄜˋ	祝賀	58
ㄈㄨˊ ㄑㄧˋ	福氣	58
ㄉㄧˋ ㄙㄢ ㄘˋ	第三次	58
ㄙㄨㄢˋ ㄇㄧㄥˋ	算命	58
ㄍㄨㄢˇ ㄩㄥˋ	管用	58
ㄐㄧˋ ㄋㄧㄢˋ ㄅㄟ	紀念碑	58
ㄏㄨㄥˊ ㄕˊ ㄗˋ	紅十字	58
ㄐㄩㄝˊ ㄉㄚˋ ㄅㄨˋ ㄈㄣˋ	絕大部分	58
ㄘㄞˇ	綵	58
ㄌㄢˇ ㄔㄜ	纜車	58
ㄌㄨㄛˊ ㄉㄢ	羅丹	58
ㄌㄨㄛˊ ㄈㄨˊ ㄓㄨˋ	羅福助	58
ㄑㄧˊ	耆	58
ㄋㄞˋ ㄈㄢˊ	耐煩	58
ㄉㄨˋ ㄆㄧˊ	肚皮	58
ㄅㄟ ㄕㄤˋ	背上	58
ㄅㄟˋ ㄕㄤˋ	背上	58
ㄌㄧㄤˊ ㄉㄨㄛ	良多	58
ㄧㄥ ㄊㄜˋ ㄦˇ	英特爾	58
ㄌㄨㄛˋ ㄨˇ	落伍	58
ㄙㄨ ㄓㄣ ㄔㄤ	蘇貞昌	58
ㄊㄧㄥˊ	蜓	58
ㄑㄧㄥ ㄊㄧㄥˊ	蜻蜓	58
ㄒㄧㄥˊ ㄓㄥˋ ㄅㄨˋ ㄇㄣˊ	行政部門	58
ㄘㄞˊ ㄕˋ	裁示	58
ㄒㄧ ㄕˋ	西式	58
ㄒㄩˇ ㄒㄧㄣˋ ㄌㄧㄤˊ	許信良	58
ㄍㄡˋ	詬	58
ㄕㄨㄛ ㄔㄥˊ	說成	58
ㄐㄧㄤˇ ㄧㄢˇ	講演	58
ㄆㄧˋ ㄩˋ	譬喻	58
ㄧˋ ㄔㄤˇ	議場	58
ㄅㄧㄢˋ ㄏㄨㄢˋ	變換	58
ㄓㄨ ㄆㄞˊ	豬排	58
ㄗ ㄓㄥˋ	資政	58
ㄍㄢˇ ㄌㄞˊ	趕來	58
ㄖㄨㄢˇ ㄖㄨㄛˋ	軟弱	58
ㄆㄛˋ ㄅㄨˋ ㄐㄧˊ ㄉㄞˋ	迫不及待	58
ㄊㄨㄟˋ ㄧˋ	退役	58
ㄊㄨㄟˋ ㄅㄨˋ	退步	58
ㄈㄥˊ ㄐㄧㄚˇ	逢甲	58
ㄉㄨㄣˋ	遁	58
ㄧㄡˊ ㄊㄧㄥˇ	遊艇	58
ㄩㄢˇ ㄐㄧㄢˋ	遠見	58
ㄒㄩㄢˇ ㄓㄨㄥˋ	選中	58
ㄍㄨㄛ ㄏㄨㄥˊ ㄓˋ	郭泓志	58
ㄧㄝˇ ㄌㄤˊ	野狼	58
ㄇㄧㄥˊ ㄔㄨㄢˊ	銘傳	58
ㄎㄞ ㄒㄧㄣ ㄉㄜ˙	開心的	58
ㄆㄧˋ ㄐㄧㄢˋ	闢建	58
ㄕㄨㄤ ㄧㄥˊ	雙贏	58
ㄌㄧㄥˊ ㄗㄨˇ ㄐㄧㄢˋ	零組件	58
ㄉㄧㄢˋ ㄒㄧㄣˋ ㄧㄝˋ	電信業	58
ㄈㄟ ㄋㄧˇ	非你	58
ㄌㄧㄥˇ ㄕˋ	領事	58
ㄇㄚˇ ㄧㄡˇ ㄧㄡˇ	馬友友	58
ㄙㄠ ㄉㄨㄥˋ	騷動	58
ㄍㄨˇ ㄓㄜˊ	骨折	58
ㄊㄧˇ ㄩˋ ㄎㄜˋ	體育課	58
ㄍㄠ ㄋㄥˊ	高能	58
ㄍㄨㄟˇ ㄕㄣˊ	鬼神	58
ㄧ ㄌㄨㄣˊ	一輪	57
ㄧˋ ㄌㄨㄣˊ	一輪	57
ㄧ ㄉㄧㄢˇ ㄨˇ	一點五	57
ㄙㄢ ㄐㄧㄝˋ	三屆	57
ㄕㄤˋ ㄒㄧㄚˋ ㄅㄢ	上下班	57
ㄕㄤˋ ㄓㄡ	上周	57
ㄒㄧㄚˋ ㄏㄞˇ	下海	57
ㄅㄨˋ ㄓˊ ㄉㄜˊ	不值得	57
ㄅㄨˋ ㄓˊ ㄉㄜ˙	不值得	57
ㄅㄨˊ ㄑㄧㄝˋ	不切	57
ㄅㄨˋ ㄎㄜˇ ㄅㄧˋ ㄇㄧㄢˇ	不可避免	57
ㄅㄨˋ ㄆㄧㄥˊ ㄉㄥˇ	不平等	57
ㄅㄨˊ ㄨㄟˋ	不畏	57
ㄦˋ ㄓˇ	二指	57
ㄖㄣˊ ㄏㄡˋ	人後	57
ㄖㄣˊ ㄒㄧㄥˋ ㄏㄨㄚˋ	人性化	57
ㄉㄞˋ ㄏㄠˋ	代號	57
ㄉㄧ ㄌㄜ˙	低了	57
ㄉㄧ ㄒㄧㄣ	低薪	57
ㄧ ㄈㄨˋ	依附	57
ㄗㄨㄛˋ ㄅㄨˊ ㄉㄠˋ	做不到	57
ㄊㄧㄥˊ ㄌㄜ˙	停了	57
ㄒㄧㄢ ㄓ	先知	57
ㄒㄧㄢ ㄑㄧㄥˇ	先請	57
ㄍㄨㄥ ㄙㄨˋ	公訴	57
ㄑㄧˊ ㄊㄚ ㄉㄜ˙	其它的	57
ㄐㄧㄢ ㄓˊ	兼職	57
ㄖㄢˇ	冉	57
ㄔㄨ ㄕˋ	出事	57
ㄔㄨ ㄆㄧㄣˇ	出品	57
ㄌㄧˋ ㄎㄨㄥ	利空	57
ㄐㄧㄚ ㄒㄧㄣ	加薪	57
ㄓㄨˋ ㄕㄡˇ	助手	57
ㄓㄨˋ ㄓㄤˇ	助長	57
ㄅㄟˇ ㄇㄣˊ	北門	57
ㄑㄩ ㄍㄨㄥ ㄙㄨㄛˇ	區公所	57
ㄌㄨㄢˇ ㄔㄠˊ	卵巢	57
ㄩㄢˊ ㄧˋ	原意	57
ㄕㄡˋ ㄖㄣˊ	受人	57
ㄕㄡˋ ㄏㄞˋ ㄖㄣˊ	受害人	57
ㄎㄜˇ ㄔˇ	可恥	57
ㄧㄡˋ ㄐㄧㄠˇ	右腳	57
ㄏㄜˊ ㄕˊ	合時	57
ㄊㄨㄥˊ ㄍㄨㄥ	同工	57
ㄋㄚˋ ㄏㄢˇ	吶喊	57
ㄍㄠˋ ㄈㄚ	告發	57
ㄓㄡ ㄣ ㄌㄞˊ	周恩來	57
ㄏㄨ ㄏㄨㄢˋ	呼喚	57
ㄐㄩˇ ㄐㄧㄠˊ	咀嚼	57
ㄐㄩˇ ㄐㄩㄝˊ	咀嚼	57
ㄙ	嘶	57
ㄏㄠˊ	嚎	57
ㄉㄧˋ ㄊㄢ	地攤	57
ㄔㄥˊ ㄑㄧㄤˊ	城牆	57
ㄅㄨˇ ㄌㄧˇ	埔里	57
ㄆㄨˇ ㄌㄧˇ	埔里	57
ㄨㄞˋ ㄐㄧㄠ ㄅㄨˋ ㄓㄤˇ	外交部長	57
ㄨㄞˋ ㄧ	外衣	57
ㄉㄨㄛ ㄍㄠ	多高	57
ㄉㄨㄛˊ ㄍㄠ	多高	57
ㄇㄥˋ ㄐㄧㄥˋ	夢境	57
ㄊㄧㄢ ㄉㄧˊ	天敵	57
ㄊㄠˋ ㄌㄠˊ	套牢	57
ㄏㄠˇ ㄒㄧㄤˋ ㄗㄞˋ	好像在	57
ㄏㄠˇ ㄍㄨㄛˋ	好過	57
ㄖㄨˊ ㄍㄨㄛˇ ㄧㄡˇ ㄖㄣˊ	如果有人	57
ㄧㄢˊ	妍	57
ㄐㄧˊ ㄉㄨˋ	嫉妒	57
ㄐㄧˋ ㄉㄨˋ	嫉妒	57
ㄘㄨㄣˊ ㄒㄧㄚˋ	存下	57
ㄉㄧㄥˋ ㄎㄜˇ ㄧˇ	定可以	57
ㄇㄧˋ ㄑㄧㄝˋ ㄉㄜ˙	密切的	57
ㄕㄣˇ ㄉㄧㄥˋ	審定	57
ㄒㄧㄠˇ ㄊㄡ	小偷	57
ㄒㄧㄠˇ ㄆㄥˊ ㄧㄡˇ ㄇㄣˊ	小朋友們	57
ㄒㄧㄠˇ ㄆㄥˊ ㄧㄡˇ ㄇㄣ˙	小朋友們	57
ㄒㄧㄠˇ ㄕㄨㄛ ㄐㄧㄚ	小說家	57
ㄕㄤˋ ㄧㄡˇ	尚有	57
ㄐㄧㄡˋ ㄐㄧㄤ	就將	57
ㄐㄧㄡˋ ㄐㄧㄣˋ	就進	57
ㄐㄧㄡˋ ㄍㄨㄛˋ	就過	57
ㄨㄟˇ ㄧㄚˊ	尾牙	57
ㄨㄟˇ ㄕㄥ	尾聲	57
ㄨㄟˊ	巍	57
ㄅㄚ ㄏㄚ	巴哈	57
ㄅㄚ ㄋㄚˊ ㄇㄚˇ	巴拿馬	57
ㄔㄤˇ ㄈㄤˊ	廠房	57
ㄓㄤ ㄅㄛˊ ㄧㄚˇ	張博雅	57
ㄅㄧㄠ	彪	57
ㄏㄡˋ ㄑㄩˋ	後去	57
ㄉㄟˇ ㄩㄥˋ	得用	57
ㄘㄨㄥˊ ㄗㄠˇ	從早	57
ㄆㄤˊ	徬	57
ㄆㄤˊ ㄏㄨㄤˊ	徬徨	57
ㄒㄧㄣ ㄒㄧㄝˇ ㄍㄨㄢˇ	心血管	57
ㄏㄣˋ ㄅㄨˋ ㄉㄜˊ	恨不得	57
ㄏㄣˋ ㄅㄨˋ ㄉㄜ˙	恨不得	57
ㄅㄟ ㄊㄨㄥˋ	悲痛	57
ㄍㄢˇ ㄕㄤ	感傷	57
ㄉㄨㄥˇ ㄕˋ	懂事	57
ㄏㄨㄞˊ ㄌㄧˇ	懷裡	57
ㄏㄨㄛˋ ㄗㄞˋ	或在	57
ㄕㄡˇ ㄍㄨㄥ ㄧˋ	手工藝	57
ㄈㄨˊ ㄓㄨˋ	扶助	57
ㄋㄚˊ ㄕㄡˇ	拿手	57
ㄋㄚˊ ㄍㄟˇ	拿給	57
ㄏㄨㄢˋ ㄙㄨㄢˋ	換算	57
ㄉㄚ ㄐㄧ	搭機	57
ㄉㄤˇ ㄓㄨˋ	擋住	57
ㄑㄧㄣˊ	擒	57
ㄐㄧㄡˋ ㄇㄧㄥˋ	救命	57
ㄒㄧㄥ ㄩㄣˊ	星雲	57
ㄕㄨˋ ㄍㄨㄤ	曙光	57
ㄧㄡˇ ㄍㄨㄥ	有功	57
ㄧㄡˇ ㄋㄧㄢˊ	有年	57
ㄧㄡˇ ㄊㄜˋ ㄙㄜˋ	有特色	57
ㄧㄡˇ ㄅㄧㄥˋ	有病	57
ㄧㄡˇ ㄙㄜˋ	有色	57
ㄅㄣˇ ㄆㄧㄢˋ	本片	57
ㄅㄣˇ ㄐㄧㄣ	本金	57
ㄅㄣˇ ㄊㄧˇ	本體	57
ㄌㄧㄣˊ ㄒㄧㄣˋ ㄧˋ	林信義	57
ㄏㄜˊ ㄨˇ	核武	57
ㄗㄞ ㄓㄨㄥˋ	栽種	57
ㄍㄥˇ ㄙㄜˋ	梗塞	57
ㄖㄨㄥˊ ㄒㄧㄥˋ	榮幸	57
ㄌㄜˋ ㄕㄥ	樂生	57
ㄨˇ ㄉㄧˋ	武帝	57
ㄑㄧˊ ㄧˋ	歧異	57
ㄕㄨㄟˇ ㄊㄨㄥˇ	水桶	57
ㄇㄟˊ ㄨㄢˊ	沒完	57
ㄓˋ ㄅㄧㄥˋ	治病	57
ㄌㄧㄡˊ ㄒㄧㄚˋ	流下	57
ㄏㄞˇ ㄉㄠˋ	海道	57
ㄌㄧㄣˊ ㄌㄧˊ	淋漓	57
ㄉㄢˋ ㄉㄜ˙	淡的	57
ㄘㄤ ㄙㄤ	滄桑	57
ㄏㄢˋ ㄔㄥˊ	漢城	57
ㄓㄠˋ ㄌㄧˇ	照理	57
ㄓㄠˋ ㄓㄜ˙	照著	57
ㄖㄜˋ ㄓㄨㄥ	熱中	57
ㄕㄠ ㄌㄨˋ	燒錄	57
ㄆㄞˊ ㄓㄠˋ	牌照	57
ㄨˋ ㄌㄧㄡˊ	物流	57
ㄐㄩㄝˊ	獗	57
ㄇㄟˊ ㄍㄨㄟ ㄏㄨㄚ	玫瑰花	57
ㄌㄧˇ ㄔㄥˊ	理成	57
ㄧˋ ㄒㄧㄤ	異鄉	57
ㄅㄞˊ ㄒㄩㄝˇ ㄍㄨㄥ ㄓㄨˇ	白雪公主	57
ㄆㄧˊ ㄆㄧˊ	皮皮	57
ㄕㄥˋ ㄕˋ	盛事	57
ㄉㄠˋ ㄈㄚˊ	盜伐	57
ㄒㄧㄤˋ ㄑㄧㄣ	相親	57
ㄆㄧㄝ	瞥	57
ㄌㄧˇ ㄅㄞˋ ㄧ	禮拜一	57
ㄔㄥ ㄉㄜ˙ ㄕㄤˋ	稱得上	57
ㄨㄣˇ ㄐㄧㄢˋ	穩健	57
ㄉㄧˋ ㄧ ㄓㄤ	第一張	57
ㄑㄧㄢ ㄉㄧㄥˋ	簽定	57
ㄓㄨㄥ ㄉㄨㄢ ㄐㄧ	終端機	57
ㄐㄧㄝˊ ㄙㄨㄢˋ	結算	57
ㄍㄤ ㄧㄠˋ	綱要	57
ㄗㄨㄢˇ	纂	57
ㄌㄨㄛˊ ㄈㄨˊ ㄍㄨㄥ	羅浮宮	57
ㄎㄠˇ ㄓㄨㄥˋ	考中	57
ㄎㄠˇ ㄓㄥˋ	考證	57
ㄉㄢ ㄨˋ	耽誤	57
ㄗˋ ㄅㄟˋ	自備	57
ㄓˋ ㄧˋ	致意	57
ㄏㄤˊ ㄑㄩㄢˊ	航權	57
ㄏㄜˊ ㄌㄢˊ ㄖㄣˊ	荷蘭人	57
ㄇㄤˇ	莽	57
ㄓㄥ ㄑㄧˋ	蒸汽	57
ㄒㄩ ㄐㄧㄚˇ	虛假	57
ㄒㄧㄥˊ ㄗㄞˋ	行在	57
ㄌㄨㄛˇ ㄌㄡˋ	裸露	57
ㄌㄨㄛˇ ㄌㄨˋ	裸露	57
ㄐㄧˋ ㄌㄨˋ ㄒㄧㄚˋ ㄌㄞˊ	記錄下來	57
ㄈㄤˇ ㄕˋ	訪視	57
ㄕˋ ㄊㄢˋ	試探	57
ㄕ ㄐㄩˋ	詩句	57
ㄕ ㄧˋ	詩意	57
ㄍㄡˋ ㄅㄧㄥˋ	詬病	57
ㄉㄧㄠˋ ㄉㄨㄥˋ	調動	57
ㄧˋ ㄨㄟˊ	譯為	57
ㄇㄠˋ ㄧˋ ㄒㄧㄝˊ ㄉㄧㄥˋ	貿易協定	57
ㄗ ㄍㄨㄢˇ	資管	57
ㄊㄧㄠˋ ㄆㄧㄠˋ	跳票	57
ㄐㄧㄠˋ ㄆㄧㄢˊ ㄧˊ	較便宜	57
ㄑㄧㄥ ㄉㄨˋ	輕度	57
ㄌㄨㄣˊ ㄔㄜ	輪車	57
ㄕㄨ ㄙㄨㄥˋ	輸送	57
ㄧㄥˊ ㄓㄢˋ	迎戰	57
ㄓㄜˋ ㄍㄜˋ ㄘˊ	這個詞	57
ㄓㄜˋ ㄍㄜ˙ ㄘˊ	這個詞	57
ㄓㄜˋ ㄅㄨˋ ㄆㄧㄢˋ ㄗ˙	這部片子	57
ㄌㄧㄢˊ ㄕㄥˋ	連勝	57
ㄧㄡˊ ㄐㄧˋ	遊記	57
ㄕˋ ㄖㄣˋ	適任	57
ㄔˊ ㄗㄠˇ	遲早	57
ㄒㄧㄤ ㄓㄣˋ ㄕˋ	鄉鎮市	57
ㄆㄟˋ ㄐㄧㄠˇ	配角	57
ㄆㄟˋ ㄐㄩㄝˊ	配角	57
ㄒㄧㄥˇ ㄍㄨㄛˋ ㄌㄞˊ	醒過來	57
ㄧ ㄓˋ	醫治	57
ㄧㄝˇ ㄊㄞˊ	野台	57
ㄧㄣˊ ㄏㄤˊ ㄧㄝˋ	銀行業	57
ㄒㄧㄠ ㄕㄡˋ ㄌㄧㄤˋ	銷售量	57
ㄑㄧㄤ	鏘	57
ㄓㄨㄥ ㄕㄥ	鐘聲	57
ㄊㄧㄝˇ ㄙ	鐵絲	57
ㄅㄧˋ ㄕㄤˋ	閉上	57
ㄓㄣˋ ㄒㄧㄢˋ	陣線	57
ㄒㄧㄢˋ ㄩˊ	陷於	57
ㄐㄧˊ ㄕㄨㄟˇ ㄑㄩ	集水區	57
ㄑㄧㄥ ㄔㄨㄣ ㄑㄧˊ	青春期	57
ㄈㄟ ㄉㄢˋ	非但	57
ㄒㄧㄢˇ ㄨㄟˊ ㄐㄧㄥˋ	顯微鏡	57
ㄈㄥ ㄕㄨㄟˇ	風水	57
ㄈㄟ ㄑㄩˋ	飛去	57
ㄇㄛˋ	驀	57
ㄊㄧˇ ㄨㄞˋ	體外	57
ㄏㄟ ㄧㄥˇ	黑影	57
ㄉㄤˇ ㄐㄧˋ	黨紀	57
ㄅㄨˊ ㄗㄨㄛˋ	不作	56
ㄅㄨˋ ㄗㄨㄛˋ	不作	56
ㄍㄞˋ	丐	56
ㄕˋ ㄐㄧㄝˋ ㄒㄧㄥˋ	世界性	56
ㄕˋ ㄐㄧㄝˋ ㄨㄟˋ ㄕㄥ ㄗㄨˇ ㄓ	世界衛生組織	56
ㄅㄧㄥˋ ㄘㄨㄣˊ	並存	56
ㄓㄨㄥ ㄕㄨ	中樞	56
ㄗㄜˋ	仄	56
ㄑㄧˋ ㄊㄨˊ ㄒㄧㄣ	企圖心	56
ㄐㄧㄢˋ ㄅㄠˇ ㄎㄚˇ	健保卡	56
ㄒㄧㄢ ㄑㄩ	先驅	56
ㄍㄨㄤ ㄧㄠˋ	光耀	56
ㄑㄩㄢˊ ㄔㄤˇ	全場	56
ㄑㄩㄢˊ ㄒㄧㄠˋ	全校	56
ㄌㄧㄡˋ ㄐㄧㄚ	六家	56
ㄍㄨㄥˋ ㄈㄢˋ	共犯	56
ㄐㄧㄢ ㄔㄞ	兼差	56
ㄗㄞˋ ㄕㄣˇ	再審	56
ㄉㄨㄥ ㄕㄢ ㄏㄜˊ	冬山河	56
ㄔㄨ ㄌㄧˋ	出力	56
ㄔㄨ ㄍㄨㄛˋ	出過	56
ㄏㄨㄚˊ ㄔㄨㄢˊ	划船	56
ㄑㄧㄢˊ ㄧ ㄓㄣˋ ㄗ˙	前一陣子	56
ㄑㄧㄢˊ ㄒㄧㄤˋ	前項	56
ㄍㄜ ㄌㄧˇ	割禮	56
ㄕˊ ㄙㄢ ㄍㄜˋ	十三個	56
ㄕˊ ㄙㄢ ㄍㄜ˙	十三個	56
ㄕˊ ㄐㄧˇ ㄍㄜˋ	十幾個	56
ㄕˊ ㄐㄧˇ ㄍㄜ˙	十幾個	56
ㄒㄧㄝˊ ㄗㄡˋ ㄑㄩˇ	協奏曲	56
ㄑㄩㄝˋ ㄕㄨㄛ	卻說	56
ㄩㄢˊ ㄕˇ ㄇㄚˇ	原始碼	56
ㄎㄜˇ ㄒㄧˇ	可喜	56
ㄎㄜˇ ㄩˇ	可與	56
ㄔ ㄐㄧㄣˇ	吃緊	56
ㄇㄧㄥˊ ㄏㄠˋ	名號	56
ㄏㄚ ㄌㄧˋ	哈利	56
ㄔㄤˋ ㄔㄨ	唱出	56
ㄒㄧ ㄒㄧ	嘻嘻	56
ㄧㄢˊ ㄓㄥˋ	嚴正	56
ㄙˋ ㄕㄨ	四書	56
ㄊㄨˇ ㄔㄥˊ	土城	56
ㄊㄢ	坍	56
ㄐㄧㄣˇ	堇	56
ㄙㄞ ㄐㄧㄣˋ	塞進	56
ㄑㄧㄢˋ	塹	56
ㄉㄨㄛ ㄌㄞˊ	多來	56
ㄍㄡˋ ㄏㄠˇ	夠好	56
ㄉㄚˋ ㄌㄨˋ ㄌㄥˇ ㄑㄧˋ ㄊㄨㄢˊ	大陸冷氣團	56
ㄏㄠˇ ㄏㄜ	好喝	56
ㄢ ㄖㄣˊ	安人	56
ㄍㄨㄢ ㄉㄧˇ	官邸	56
ㄉㄧㄥˋ ㄒㄧㄥˊ	定型	56
ㄐㄧㄚ ㄊㄧㄥˊ ㄅㄠˋ ㄌㄧˋ	家庭暴力	56
ㄕㄣˇ ㄕˋ	審視	56
ㄎㄨㄢ ㄎㄨㄛˋ	寬闊	56
ㄓㄨㄢ ㄩㄢˊ	專員	56
ㄓㄨㄢ ㄕㄨ	專書	56
ㄕㄠˋ ㄧㄝˊ	少爺	56
ㄕㄢ ㄒㄧㄚˋ	山下	56
ㄕㄢ ㄒㄧㄥˊ	山形	56
ㄕㄢ ㄒㄧㄥˊ ㄒㄧㄢˋ	山形縣	56
ㄑㄧㄢ ㄖㄨˋ ㄕˋ	嵌入式	56
ㄍㄨㄥ ㄓㄨㄢ	工專	56
ㄗㄨㄛˇ ㄘㄜˋ	左側	56
ㄔㄤˊ ㄩㄥˋ ㄉㄜ˙	常用的	56
ㄍㄢˋ ㄩㄢˊ	幹員	56
ㄧㄣˇ ㄖㄣˊ ㄓㄨˋ ㄇㄨˋ	引人注目	56
ㄨㄤˇ ㄨㄤˇ ㄏㄨㄟˋ	往往會	56
ㄏㄣˇ ㄌㄧˋ ㄏㄞˋ	很厲害	56
ㄏㄡˋ ㄩㄢˊ	後援	56
ㄒㄧㄣ ㄌㄨˋ ㄌㄧˋ ㄔㄥˊ	心路歷程	56
ㄎㄨㄞˋ ㄙㄨˋ ㄉㄜ˙	快速的	56
ㄐㄧˊ ㄑㄧㄝˋ	急切	56
ㄞˋ ㄏㄜˊ	愛河	56
ㄨㄛˇ ㄈㄤˋ	我放	56
ㄓㄢˋ ㄅㄟˋ	戰備	56
ㄆㄧ ㄌㄡˋ	披露	56
ㄆㄧ ㄌㄨˋ	披露	56
ㄐㄧㄝˊ ㄩㄣˋ ㄓㄢˋ	捷運站	56
ㄐㄧㄝ ㄓㄤˇ	接掌	56
ㄐㄧㄝ ㄓㄨㄥˇ	接種	56
ㄐㄧㄝ ㄓㄨㄥˋ	接種	56
ㄐㄧㄠˋ ㄧˋ	教義	56
ㄐㄧㄥˋ ㄆㄟˋ	敬佩	56
ㄉㄧˊ ㄉㄨㄟˋ	敵對	56
ㄒㄧㄣ ㄕˋ	新市	56
ㄒㄧㄣ ㄐㄧˋ ㄕㄨˋ	新技術	56
ㄒㄧㄣ ㄈㄚˇ	新法	56
ㄉㄨㄢˋ ㄐㄧㄠ	斷交	56
ㄌㄩˇ ㄉㄧㄢˋ	旅店	56
ㄗㄨㄟˋ ㄓㄤˇ	最長	56
ㄗㄨㄟˋ ㄔㄤˊ	最長	56
ㄏㄨㄟˋ ㄒㄧㄣ	會心	56
ㄩㄝˋ ㄊㄞˊ	月台	56
ㄧㄡˇ ㄈㄤ	有方	56
ㄌㄧㄣˊ ㄒㄧㄥˋ	林姓	56
ㄓ ㄧㄝˋ	枝葉	56
ㄔㄚˊ ㄧㄢˋ	查驗	56
ㄍㄜˊ ㄍㄜˊ	格格	56
ㄊㄧㄠˊ ㄐㄧㄢˋ ㄒㄧㄚˋ	條件下	56
ㄊㄧㄠˊ ㄨㄣˊ	條紋	56
ㄖㄨㄥˊ ㄕㄨˋ	榕樹	56
ㄑㄧㄤ ㄐㄧˊ	槍擊	56
ㄅㄧㄠ ㄉㄧㄢˇ	標點	56
ㄊㄨㄛˇ	橢	56
ㄊㄨㄛˇ ㄩㄢˊ	橢圓	56
ㄓㄥˋ ㄑㄩㄝˋ ㄌㄩˋ	正確率	56
ㄌㄧˋ ㄕˇ ㄅㄛˊ ㄨˋ ㄍㄨㄢˇ	歷史博物館	56
ㄉㄞˋ ㄐㄧㄣˋ	殆盡	56
ㄇㄠˊ ㄜˊ	毛額	56
ㄑㄧˋ ㄑㄧㄡˊ	氣球	56
ㄉㄢˋ	氮	56
ㄐㄧㄤ ㄙㄨ	江蘇	56
ㄐㄩㄝˊ ㄧˋ ㄢˋ	決議案	56
ㄅㄛ ㄧㄣ	波音	56
ㄆㄛ ㄧㄣ	波音	56
ㄓㄜˋ ㄐㄧㄤ	浙江	56
ㄏㄠˋ ㄐㄧㄝˊ	浩劫	56
ㄏㄞˇ ㄒㄩㄣˊ	海巡	56
ㄩㄥˇ ㄐㄧㄣˋ	湧進	56
ㄨㄣ ㄔㄚ	溫差	56
ㄏㄨㄚˊ ㄌㄨㄛˋ	滑落	56
ㄏㄨㄟ ㄔㄣˊ	灰塵	56
ㄏㄨㄟ ㄍㄨ ㄋㄧㄤˊ	灰姑娘	56
ㄏㄨㄟ ㄍㄨ ㄋㄧㄤ˙	灰姑娘	56
ㄨˊ ㄅㄧㄢ	無邊	56
ㄆㄧㄢˋ ㄕˊ	片時	56
ㄌㄠˊ ㄙㄠ	牢騷	56
ㄔㄤ ㄐㄩㄝˊ	猖獗	56
ㄧㄡˊ ㄊㄞˋ ㄖㄣˊ	猶太人	56
ㄉㄨˊ ㄧㄡˇ	獨有	56
ㄌㄧㄝˋ ㄨˋ	獵物	56
ㄌㄧˇ ㄍㄨㄛˋ	理過	56
ㄕㄣˋ ㄓˋ ㄅㄨˊ	甚至不	56
ㄕㄣˋ ㄓˋ ㄅㄨˋ	甚至不	56
ㄕㄥ ㄔㄢˇ ㄒㄧㄢˋ	生產線	56
ㄏㄨㄚˋ ㄇㄟˊ	畫眉	56
ㄈㄚ ㄓㄢˇ ㄍㄨㄢ	發展觀	56
ㄅㄞˊ ㄖˋ	白日	56
ㄅㄞˊ ㄈㄚˇ	白髮	56
ㄅㄞˊ ㄌㄨˋ	白鷺	56
ㄏㄨㄤˊ ㄕˋ	皇室	56
ㄓˊ ㄒㄧㄚˊ ㄕˋ	直轄市	56
ㄒㄧㄤˋ ㄅㄨˋ	相簿	56
ㄎㄨㄤ	眶	56
ㄎㄨㄤˋ	眶	56
ㄊㄧㄠˋ ㄨㄤˋ	眺望	56
ㄓㄥ ㄎㄞ	睜開	56
ㄕㄜˋ ㄏㄨㄟˋ ㄅㄠˇ ㄒㄧㄢˇ	社會保險	56
ㄎㄜ ㄒㄩㄝˊ ㄩㄢˋ	科學院	56
ㄕㄨㄟˋ ㄎㄨㄢˇ	稅款	56
ㄉㄠˋ ㄗ˙	稻子	56
ㄉㄧˋ ㄧ ㄐㄧㄢˋ	第一件	56
ㄔㄡˊ ㄇㄨˋ	籌募	56
ㄌㄞˋ	籟	56
ㄏㄨㄥˊ ㄇㄠˊ	紅毛	56
ㄋㄧㄡˇ ㄩㄝ ㄕˊ ㄅㄠˋ	紐約時報	56
ㄊㄨㄥˇ ㄧ ㄕ	統一獅	56
ㄗㄨㄥˋ ㄖㄢˊ	縱然	56
ㄈㄢˊ ㄧㄢˇ	繁衍	56
ㄓ ㄔㄥˊ	織成	56
ㄐㄧˋ ㄦˊ	繼而	56
ㄇㄟˇ ㄧˋ	美意	56
ㄍㄠ	羔	56
ㄦˊ ㄒㄧㄚˋ	而下	56
ㄏㄨˊ ㄐㄧㄠ	胡椒	56
ㄊㄨㄛ ㄒㄧㄚˋ	脫下	56
ㄈㄨˇ ㄒㄧㄡˇ	腐朽	56
ㄅㄛˊ	舶	56
ㄏㄨㄚ ㄦ	花兒	56
ㄏㄨㄚ ㄦˊ	花兒	56
ㄏㄨㄚ ㄕˊ ㄐㄧㄢ	花時間	56
ㄑㄧㄣˊ	芹	56
ㄒㄩㄣˊ	荀	56
ㄏㄨㄤ ㄈㄟˋ	荒廢	56
ㄘㄨㄟˋ ㄑㄩˇ	萃取	56
ㄨㄟˇ	葦	56
ㄩㄣˋ ㄘㄤˊ	蘊藏	56
ㄒㄧ	蜥	56
ㄏㄤˊ ㄕㄤ	行商	56
ㄒㄧㄥˊ ㄕㄤ	行商	56
ㄓㄨㄤ ㄔㄥˊ	裝成	56
ㄒㄧ ㄧ	西醫	56
ㄔㄨˋ ㄈㄢˋ	觸犯	56
ㄐㄧˋ ㄧˋ ㄌㄧˋ	記憶力	56
ㄐㄧˋ ㄘㄨㄛˋ	記錯	56
ㄕ ㄐㄧㄥ	詩經	56
ㄎㄨㄚ ㄉㄚˋ	誇大	56
ㄧㄡˋ ㄖㄣˊ	誘人	56
ㄓㄥˋ ㄐㄧㄠ	證交	56
ㄈㄥ ㄏㄡˋ	豐厚	56
ㄈㄥ ㄋㄧㄢˊ ㄐㄧˋ	豐年祭	56
ㄇㄞˋ ㄉㄧㄢˇ	賣點	56
ㄧㄥˊ ㄌㄜ˙	贏了	56
ㄔㄠ ㄧㄣ ㄅㄛ	超音波	56
ㄔㄠ ㄧㄣ ㄆㄛ	超音波	56
ㄗㄨˊ ㄑㄧㄡˊ ㄙㄞˋ	足球賽	56
ㄐㄩㄣ ㄐㄧㄢˋ	軍艦	56
ㄑㄧㄥ ㄎㄨㄞˋ	輕快	56
ㄓㄨㄢˇ ㄧㄢˇ	轉眼	56
ㄧㄥˊ ㄇㄧㄢˋ	迎面	56
ㄐㄧㄚ	迦	56
ㄓㄜˋ ㄅㄨˋ ㄉㄧㄢˋ ㄧㄥˇ	這部電影	56
ㄉㄠˋ ㄧˋ	道義	56
ㄨㄟˊ ㄓㄤ	違章	56
ㄌㄧㄣˊ ㄓㄤˇ	鄰長	56
ㄒㄧㄣˋ	釁	56
ㄐㄧㄣ ㄅㄧˋ	金幣	56
ㄐㄧㄣ ㄎㄨㄥˋ	金控	56
ㄐㄧㄣ ㄏㄨㄤˊ ㄙㄜˋ	金黃色	56
ㄊㄨㄥˊ ㄒㄧㄤˋ	銅像	56
ㄊㄧㄝˇ ㄅㄢˇ	鐵板	56
ㄇㄣˊ ㄔㄨㄤ	門窗	56
ㄐㄧㄢˋ ㄉㄨㄢˋ	間斷	56
ㄍㄨㄢ ㄕㄢ	關山	56
ㄔㄣˊ ㄨㄟˇ ㄧㄣ	陳偉殷	56
ㄐㄧㄝ ㄉㄨㄢˋ ㄒㄧㄥˋ	階段性	56
ㄕㄨㄤ ㄉㄚˇ	雙打	56
ㄗㄚˊ ㄈㄟˋ	雜費	56
ㄉㄧㄢˋ ㄌㄧㄡˊ	電流	56
ㄌㄡˋ ㄔㄨ ㄌㄞˊ	露出來	56
ㄩˊ ㄋㄧㄢˊ	餘年	56
ㄒㄧㄤ ㄌㄧㄠˋ	香料	56
ㄇㄚˇ ㄍㄨㄥ	馬公	56
ㄍㄠ ㄆㄧㄥˊ ㄒㄧ	高屏溪	56
ㄍㄠ ㄌㄧˊ	高麗	56
ㄍㄠ ㄌㄧˋ	高麗	56
ㄧ ㄉㄨㄛˇ	一朵	55
ㄧˋ ㄉㄨㄛˇ	一朵	55
ㄧ ㄉㄨㄣˋ	一頓	55
ㄧˊ ㄉㄨㄣˋ	一頓	55
ㄑㄧ ㄖㄣˊ	七人	55
ㄙㄢ ㄇㄧㄥˊ ㄓˋ	三明治	55
ㄕㄤˋ ㄘㄥˊ	上層	55
ㄕㄤˋ ㄘㄜˋ ㄙㄨㄛˇ	上廁所	55
ㄅㄨˊ ㄗㄞˋ ㄔㄤˇ	不在場	55
ㄓㄨㄥ ㄇㄟˇ ㄓㄡ	中美洲	55
ㄐㄧㄡˇ ㄩㄢˇ	久遠	55
ㄓ ㄕˋ	之事	55
ㄍㄢ ㄏㄢˋ	乾旱	55
ㄦˋ ㄦˋ ㄅㄚ ㄕˋ ㄐㄧㄢˋ	二二八事件	55
ㄦˋ ㄕˊ ㄉㄨㄛ ㄋㄧㄢˊ	二十多年	55
ㄐㄧㄠ ㄧㄡˇ	交友	55
ㄒㄧㄤˇ ㄋㄧㄢˊ	享年	55
ㄖㄣˊ ㄒㄧㄥˊ	人形	55
ㄖㄣˊ ㄇㄞˋ	人脈	55
ㄐㄧㄝˋ ㄧˋ	介意	55
ㄐㄧㄝˋ ㄕㄠˋ ㄍㄟˇ	介紹給	55
ㄧˇ ㄗ	以資	55
ㄐㄧˋ	伎	55
ㄒㄧㄡ ㄒㄧㄢˊ ㄏㄨㄛˊ ㄉㄨㄥˋ	休閒活動	55
ㄉㄧ ㄒㄧㄚˋ	低下	55
ㄕˇ ㄖㄢˊ	使然	55
ㄌㄞˊ ㄍㄨㄛˋ	來過	55
ㄕㄤ ㄍㄢˇ	傷感	55
ㄐㄧㄣˇ ㄗㄠˇ	儘早	55
ㄐㄧㄣˋ ㄗㄠˇ	儘早	55
ㄇㄧㄢˇ ㄕˋ	免試	55
ㄦˊ ㄊㄨㄥˊ ㄐㄧㄝˊ	兒童節	55
ㄑㄩㄢˊ ㄅㄨˋ ㄉㄡ ㄕˋ	全部都是	55
ㄅㄚ ㄨㄟˋ	八位	55
ㄅㄚ ㄉㄧㄢˇ ㄉㄤˇ	八點檔	55
ㄍㄨㄥˋ ㄕㄜˋ	共設	55
ㄉㄧㄠ ㄌㄧㄥˊ	凋零	55
ㄒㄧㄥˊ ㄕˋ ㄙㄨˋ ㄙㄨㄥˋ ㄈㄚˇ	刑事訴訟法	55
ㄑㄧㄢˊ ㄌㄧˋ	前例	55
ㄍㄨㄥ ㄔㄣˊ	功臣	55
ㄐㄧㄚ ㄏㄞˋ	加害	55
ㄐㄧㄚ ㄑㄩㄢˊ	加權	55
ㄏㄨㄚˋ ㄒㄧㄥˋ	化性	55
ㄒㄧㄚˊ	匣	55
ㄏㄨㄟˋ ㄌㄧㄡˊ	匯流	55
ㄎㄨㄟˋ	匱	55
ㄕㄥ ㄎㄨㄥ	升空	55
ㄕㄥ ㄐㄧㄤˋ	升降	55
ㄧㄢˋ ㄈㄢˊ	厭煩	55
ㄘㄨㄥˊ ㄕㄨ	叢書	55
ㄓˇ ㄋㄥˊ ㄩㄥˋ	只能用	55
ㄊㄞˊ ㄧㄢˊ	台鹽	55
ㄊㄨㄥˊ ㄍㄨㄛˊ	同國	55
ㄊㄨㄥˊ ㄐㄩ	同居	55
ㄎㄚ ㄈㄟ ㄊㄧㄥ	咖啡廳	55
ㄕㄤ ㄆㄧㄣˇ ㄏㄨㄚˋ	商品化	55
ㄨㄣˋ ㄏㄠˋ	問號	55
ㄨㄥ	嗡	55
ㄏㄨㄟˊ ㄔㄥˊ	回程	55
ㄍㄨㄛˊ ㄨˋ ㄑㄧㄥ	國務卿	55
ㄍㄨㄛˊ ㄙˋ	國四	55
ㄆㄟˊ ㄍㄣ	培根	55
ㄊㄤˊ ㄊㄤˊ	堂堂	55
ㄅㄠˋ ㄔㄡˊ ㄌㄩˋ	報酬率	55
ㄨㄞˋ ㄒㄧㄥˊ	外形	55
ㄧㄝˋ ㄎㄨㄥ	夜空	55
ㄉㄚˋ ㄕㄨ	大叔	55
ㄉㄚˋ ㄕㄨˊ	大叔	55
ㄉㄚˋ ㄕㄡˋ	大受	55
ㄧㄢ	奄	55
ㄅㄣ ㄔˊ	奔馳	55
ㄈㄨˋ ㄔㄢˇ ㄎㄜ	婦產科	55
ㄈㄨˊ	孚	55
ㄉㄧㄥˋ ㄇㄧㄥˊ	定名	55
ㄎㄜˋ ㄍㄨㄢ ㄉㄜ˙	客觀的	55
ㄍㄨㄥ ㄉㄧㄢˋ	宮殿	55
ㄎㄨㄢ ㄔㄤˇ	寬敞	55
ㄓㄨㄢ ㄐㄧㄥ	專精	55
ㄒㄧㄠˇ ㄏㄨㄛˇ	小火	55
ㄒㄧㄠˇ ㄐㄧㄣ	小金	55
ㄕㄠˇ ㄕㄠˇ	少少	55
ㄕㄠˇ ㄕˊ	少時	55
ㄕㄠˋ ㄕˊ	少時	55
ㄕㄢ ㄓㄨㄥ	山中	55
ㄕㄢ ㄐㄧㄠˇ	山腳	55
ㄕㄢ ㄓㄨ	山豬	55
ㄓㄡ ㄓㄤˇ	州長	55
ㄐㄧˇ ㄕㄣ	己身	55
ㄅㄚ ㄌㄨㄛˋ ㄎㄜˋ	巴洛克	55
ㄕˋ ㄕㄡˋ	市售	55
ㄕˋ ㄖㄨㄥˊ	市容	55
ㄕ ㄈㄢˋ ㄉㄚˋ ㄒㄩㄝˊ	師範大學	55
ㄆㄧㄥˊ ㄆㄧㄥˊ	平平	55
ㄐㄧˇ ㄓㄤ	幾張	55
ㄉㄧㄢˋ ㄊㄡˊ	店頭	55
ㄏㄡˋ ㄕㄢ	後山	55
ㄘㄨㄥˊ ㄧㄝˋ ㄖㄣˊ ㄩㄢˊ	從業人員	55
ㄨㄤˋ ㄐㄧˋ ㄌㄜ˙	忘記了	55
ㄓㄨㄥ ㄒㄧㄠˋ ㄉㄨㄥ ㄌㄨˋ	忠孝東路	55
ㄗㄜˇ ㄏㄨㄟˋ	怎會	55
ㄗㄣˇ ㄏㄨㄟˋ	怎會	55
ㄒㄧㄥˋ ㄗ˙	性子	55
ㄏㄥˊ ㄒㄧㄥ	恆星	55
ㄐㄧˋ	悸	55
ㄧˋ ㄒㄧㄤˇ	意想	55
ㄞˋ ㄔ	愛吃	55
ㄔㄥˊ ㄐㄧㄝˋ	懲戒	55
ㄔㄥˊ ㄕㄡˊ ㄉㄜ˙	成熟的	55
ㄔㄥˊ ㄕㄨˊ ㄉㄜ˙	成熟的	55
ㄘㄞˊ ㄑㄩˋ	才去	55
ㄘㄞˊ ㄐㄧㄤˇ	才講	55
ㄕㄨ ㄑㄧㄥˊ	抒情	55
ㄊㄨㄟ ㄉㄠˋ	推到	55
ㄆㄧㄝ ㄎㄞ	撇開	55
ㄓㄨㄤˋ ㄕㄤˋ	撞上	55
ㄔㄜˋ ㄌㄧˊ	撤離	55
ㄐㄩˋ ㄅㄠˋ	據報	55
ㄐㄧㄠˋ ㄧㄤˇ ㄩㄢˋ	教養院	55
ㄒㄧㄝˊ ㄆㄛ	斜坡	55
ㄒㄧㄣ ㄕˋ ㄉㄞˋ	新世代	55
ㄒㄧㄣ ㄔㄨ	新出	55
ㄈㄤ ㄎㄨㄞˋ	方塊	55
ㄐㄧˋ ㄖㄢˊ ㄕˋ	既然是	55
ㄗㄨㄛˊ ㄊㄧㄢ ㄉㄜ˙	昨天的	55
ㄧㄡˇ ㄒㄧ ㄨㄤˋ	有希望	55
ㄈㄨˊ ㄨˋ ㄓㄢˋ	服務站	55
ㄇㄨˋ ㄨ	木屋	55
ㄅㄣˇ ㄊㄨˇ ㄉㄜ˙	本土的	55
ㄅㄣˇ ㄐㄧˋ	本季	55
ㄌㄧˇ ㄠˊ	李敖	55
ㄉㄨㄥ ㄐㄧㄥ ㄉㄨ	東京都	55
ㄅㄢˇ ㄉㄥˋ	板凳	55
ㄎㄨㄤ ㄎㄨㄤ	框框	55
ㄐㄧˊ ㄓˋ	極致	55
ㄌㄡˊ ㄘㄥˊ	樓層	55
ㄅㄧㄠ ㄍㄢ	標竿	55
ㄕㄚ ㄔㄨㄥˊ	殺蟲	55
ㄧˋ ㄖㄢˊ	毅然	55
ㄇㄠˊ ㄅㄧˇ	毛筆	55
ㄇㄠˊ ㄔㄨㄥˊ	毛蟲	55
ㄇㄧㄣˊ ㄧˋ ㄉㄞˋ ㄅㄧㄠˇ	民意代表	55
ㄔㄣˊ ㄉㄧㄢˋ	沈澱	55
ㄏㄜˊ ㄢˋ	河岸	55
ㄌㄧㄡˊ ㄨㄤˊ	流亡	55
ㄌㄧㄡˊ ㄆㄞˋ	流派	55
ㄒㄧㄠ ㄈㄟˋ ㄆㄧㄣˇ	消費品	55
ㄕㄣ ㄓㄣˋ	深圳	55
ㄕㄣ ㄗㄨㄣˋ	深圳	55
ㄕㄣ ㄓ	深知	55
ㄑㄧㄥ ㄕㄨㄤˇ	清爽	55
ㄨㄛˋ	渥	55
ㄏㄨˊ ㄅㄛˊ	湖泊	55
ㄏㄨㄛˇ ㄧㄠˋ	火藥	55
ㄨˊ ㄕˊ	無時	55
ㄇㄟˊ ㄎㄨㄤˋ	煤礦	55
ㄆㄧㄢˋ ㄆㄧㄢˋ	片片	55
ㄊㄜˋ ㄕㄜˋ	特赦	55
ㄈㄢˋ ㄌㄜ˙	犯了	55
ㄕㄡˋ ㄧ	獸醫	55
ㄇㄧㄣˊ	玟	55
ㄨㄣˊ	玟	55
ㄩㄥˋ ㄘˊ	用詞	55
ㄉㄤ ㄕㄤˋ	當上	55
ㄅㄧㄥˋ ㄊㄨㄥˊ	病童	55
ㄑㄩㄢˊ	痊	55
ㄅㄞˊ ㄓˇ	白紙	55
ㄅㄞˊ ㄒㄧㄝˇ	白血	55
ㄧˋ ㄓˋ	益智	55
ㄕㄥˇ ㄧˋ ㄩㄢˊ	省議員	55
ㄎㄢˋ ㄊㄧㄢ	看天	55
ㄎㄢˋ ㄉㄜˊ ㄉㄨㄥˇ	看得懂	55
ㄎㄢˋ ㄉㄜ˙ ㄉㄨㄥˇ	看得懂	55
ㄓㄣ ㄒㄧㄤˇ	真想	55
ㄓㄣ ㄎㄨㄥ	真空	55
ㄐㄧㄝˊ ㄇㄠˊ	睫毛	55
ㄉㄨㄢˇ ㄨㄣˊ	短文	55
ㄕˊ ㄇㄣˊ ㄕㄨㄟˇ ㄎㄨˋ	石門水庫	55
ㄒㄧˋ ㄍㄨˇ	矽谷	55
ㄆㄛˋ ㄏㄨㄞˋ ㄒㄧㄥˋ	破壞性	55
ㄕㄨㄟˋ ㄐㄧㄣ	稅金	55
ㄌㄧˋ ㄈㄚˇ ㄩㄢˋ ㄓㄤˇ	立法院長	55
ㄓㄢˋ ㄌㄧˋ	站立	55
ㄓㄨㄢˋ	篆	55
ㄘㄨˋ	簇	55
ㄔㄡˊ ㄅㄟˋ ㄏㄨㄟˋ	籌備會	55
ㄈㄣˇ ㄇㄛˋ	粉末	55
ㄏㄨㄥˊ ㄏㄨㄥˊ	紅紅	55
ㄙㄨˋ ㄇㄧㄠˊ	素描	55
ㄇㄧㄢˊ ㄇㄧㄢˊ	綿綿	55
ㄌㄨㄛˊ ㄌㄢˊ	羅蘭	55
ㄏㄠˋ ㄗ	耗資	55
ㄐㄩˋ ㄐㄧㄠ	聚焦	55
ㄓˊ ㄍㄨㄥ	職工	55
ㄅㄟˋ ㄇㄧㄢˋ	背面	55
ㄗˋ ㄔㄨㄤˋ	自創	55
ㄗˋ ㄖㄢˊ ㄗ ㄩㄢˊ	自然資源	55
ㄨㄢˋ ㄋㄥˊ	萬能	55
ㄌㄧㄢˊ ㄏㄨㄚ	蓮花	55
ㄉㄤˋ ㄉㄤˋ	蕩蕩	55
ㄧˋ ㄕㄨˋ ㄐㄧㄝˋ	藝術界	55
ㄔㄨˋ ㄎㄨㄥˋ	觸控	55
ㄩˇ ㄏㄨㄟˋ	語彙	55
ㄖㄤˋ ㄍㄟˇ	讓給	55
ㄈㄥ ㄕㄥˋ	豐盛	55
ㄇㄞˋ ㄧㄚ	賣壓	55
ㄍㄢˇ ㄏㄨㄟˊ	趕回	55
ㄊㄧㄠˋ ㄒㄧㄚˋ	跳下	55
ㄗㄨㄥ ㄧㄥˇ	蹤影	55
ㄕㄨ ㄌㄜ˙	輸了	55
ㄅㄧㄢˋ ㄌㄨㄣˋ ㄏㄨㄟˋ	辯論會	55
ㄅㄥˋ	迸	55
ㄕˋ ㄑㄧㄝˋ	適切	55
ㄒㄩㄢˇ ㄅㄚˋ ㄈㄚˇ	選罷法	55
ㄊㄤˊ	醣	55
ㄧ ㄒㄩㄝˊ ㄒㄧˋ	醫學系	55
ㄐㄧㄤˋ ㄧㄡˊ	醬油	55
ㄓㄨㄥˋ ㄐㄧㄣ ㄕㄨˇ	重金屬	55
ㄐㄧㄣ ㄍㄨㄤ	金光	55
ㄐㄧㄣ ㄍㄨㄚ ㄕˊ	金瓜石	55
ㄌㄧㄥˊ ㄇㄨˋ	鈴木	55
ㄑㄩㄢˊ	銓	55
ㄑㄧㄢˊ ㄑㄧˊ ㄔㄣ	錢其琛	55
ㄐㄧㄢˋ ㄖㄨˋ	鍵入	55
ㄐㄧㄢˋ ㄩˊ	鑒於	55
ㄇㄣˊ ㄑㄧㄢˊ	門前	55
ㄇㄣˊ ㄐㄧㄣˋ	門禁	55
ㄎㄞ ㄉㄧㄢˋ	開店	55
ㄐㄧㄝ ㄊㄧ	階梯	55
ㄍㄜˊ ㄋㄧㄢˊ	隔年	55
ㄗㄚˊ ㄘㄠˇ	雜草	55
ㄉㄧㄢˋ ㄌㄢˇ	電纜	55
ㄕㄨㄣˋ ㄓㄜ˙	順著	55
ㄌㄧㄥˇ ㄌㄩㄝˋ	領略	55
ㄈㄥ ㄌㄤˋ	風浪	55
ㄧㄤˇ ㄓㄨ	養豬	55
ㄘㄢ ㄧㄣˇ ㄧㄝˋ	餐飲業	55
ㄇㄚˇ ㄌㄧˋ	馬力	55
ㄐㄧㄥ ㄊㄢˋ	驚嘆	55
ㄍㄠ ㄕㄤˋ	高尚	55
ㄜˋ	鱷	55
ㄇㄟˊ	黴	55
ㄧ ㄐㄧㄡˇ ㄧ	一九一	54
ㄧ ㄕˊ ㄉㄜ˙	一時的	54
ㄧˋ ㄕˊ ㄉㄜ˙	一時的	54
ㄧ ㄙㄠ	一艘	54
ㄧˋ ㄙㄠ	一艘	54
ㄧ ㄊㄨㄥ	一通	54
ㄧˋ ㄊㄨㄥ	一通	54
ㄒㄧㄚˋ ㄨˇ ㄔㄚˊ	下午茶	54
ㄒㄧㄚˋ ㄒㄩㄝˇ	下雪	54
ㄅㄨˊ ㄒㄧㄝˋ	不屑	54
ㄅㄨˋ ㄅㄧˇ	不比	54
ㄅㄨˊ ㄏㄨㄟˋ	不諱	54
ㄓㄨㄥ ㄒㄧㄥˊ	中型	54
ㄋㄞˇ ㄓˋ ㄩˊ	乃至於	54
ㄍㄢ ㄍㄢ ㄐㄧㄥˋ ㄐㄧㄥˋ	乾乾淨淨	54
ㄨˇ ㄏㄨㄚ ㄅㄚ ㄇㄣˊ	五花八門	54
ㄐㄧㄠ ㄉㄠˋ	交到	54
ㄐㄧㄠ ㄓㄢˋ	交戰	54
ㄐㄧㄠ ㄊㄨㄥ ㄅㄨˋ ㄓㄤˇ	交通部長	54
ㄩˊ ㄓㄥˋ ㄒㄧㄢˋ	余政憲	54
ㄑㄧㄠˊ ㄕㄥ	僑生	54
ㄧㄡ ㄩˊ	優於	54
ㄍㄨㄤ ㄧㄣ	光陰	54
ㄌㄧㄤˇ ㄘㄜˋ	兩側	54
ㄅㄚ ㄇㄣˊ	八門	54
ㄌㄧㄡˋ ㄖㄣˊ	六人	54
ㄌㄧㄡˋ ㄉㄨˋ	六度	54
ㄌㄥˇ ㄉㄢˋ	冷淡	54
ㄔㄨ ㄙㄞˋ	出賽	54
ㄑㄧㄝ ㄘㄨㄛ	切磋	54
ㄍㄤ ㄏㄠˇ ㄕˋ	剛好是	54
ㄉㄨㄥˋ ㄍㄢˇ	動感	54
ㄑㄧㄣˊ ㄈㄣˋ	勤奮	54
ㄏㄨㄚˋ ㄏㄜˊ	化合	54
ㄋㄢˊ ㄅㄧㄢ	南邊	54
ㄐㄩˋ ㄉㄧㄢˇ	句點	54
ㄓˇ ㄅㄨˊ ㄍㄨㄛˋ ㄕˋ	只不過是	54
ㄓˇ ㄅㄨˋ ㄍㄨㄛˋ ㄕˋ	只不過是	54
ㄊㄞˊ ㄒㄧㄚˋ	台下	54
ㄊㄞˊ ㄏㄡˋ	台後	54
ㄧㄡˋ ㄘㄜˋ	右側	54
ㄏㄜˊ ㄩˊ	合於	54
ㄏㄜˊ ㄏㄨㄢ	合歡	54
ㄊㄨㄥˊ ㄒㄩㄝˊ ㄇㄣˊ	同學們	54
ㄊㄨㄥˊ ㄒㄩㄝˊ ㄇㄣ˙	同學們	54
ㄊㄨㄥˊ ㄉㄠˋ	同道	54
ㄍㄠˋ ㄅㄞˊ	告白	54
ㄏㄨ ㄐㄧㄠˋ ㄑㄧˋ	呼叫器	54
ㄏㄢˇ ㄔㄨ	喊出	54
ㄏㄜ ㄌㄜ˙	喝了	54
ㄉㄢ ㄒㄧㄤˋ	單向	54
ㄐㄧ	嘰	54
ㄙˋ ㄏㄞˇ	四海	54
ㄍㄨㄛˊ ㄐㄧㄥˋ	國境	54
ㄍㄨㄛˊ ㄈㄨˋ	國富	54
ㄩㄢˊ ㄧˋ	園藝	54
ㄗㄨㄛˋ ㄌㄠˊ	坐牢	54
ㄊㄢˇ ㄖㄢˊ	坦然	54
ㄨㄞˋ ㄐㄧㄠ ㄍㄨㄢ	外交官	54
ㄉㄨㄛ ㄑㄧㄥˊ	多情	54
ㄉㄨㄛ ㄙㄨㄛˇ	多所	54
ㄉㄨㄛ ㄩㄣˊ ㄉㄠˋ ㄑㄧㄥˊ	多雲到晴	54
ㄇㄥˋ ㄧㄢˇ	夢魘	54
ㄉㄚˋ ㄅㄧˇ	大筆	54
ㄊㄧㄢ ㄨㄣˊ ㄒㄩㄝˊ ㄐㄧㄚ	天文學家	54
ㄊㄧㄢ ㄧㄚˊ	天涯	54
ㄊㄞˋ ㄗㄠˇ	太早	54
ㄕ ㄏㄥˊ	失衡	54
ㄒㄩㄢ ㄆㄢˋ	宣判	54
ㄐㄧㄚ ㄘㄞˊ	家財	54
ㄐㄧˋ ㄉㄠˋ	寄到	54
ㄏㄢˊ ㄈㄥ	寒風	54
ㄈㄥ ㄕㄚ	封殺	54
ㄐㄧㄡˋ ㄖㄣˋ	就任	54
ㄐㄧㄡˋ ㄧㄣ ㄨㄟˋ	就因為	54
ㄓㄤˋ ㄉㄢ	帳單	54
ㄋㄧㄢˊ ㄐㄧㄚˋ	年假	54
ㄧㄢˊ ㄏㄨㄢˇ	延緩	54
ㄐㄧㄢˋ ㄕㄜˋ ㄒㄧㄥˋ	建設性	54
ㄧㄣˇ ㄐㄧㄝˋ	引介	54
ㄒㄧㄢˊ ㄩㄝˋ	弦樂	54
ㄉㄢˋ ㄧㄠˋ	彈藥	54
ㄒㄧㄥˊ ㄊㄨㄥˊ	形同	54
ㄈㄨˋ ㄔㄡˊ	復仇	54
ㄎㄨㄞˋ ㄌㄜ˙	快了	54
ㄍㄨㄥ ㄐㄧㄥˋ	恭敬	54
ㄞˋ ㄒㄧˊ	愛惜	54
ㄍㄢˇ ㄩˊ	感於	54
ㄧㄡ ㄩˋ ㄓㄥˋ	憂鬱症	54
ㄌㄧㄢˋ ㄖㄣˊ	戀人	54
ㄘㄞˊ ㄏㄠˇ	才好	54
ㄉㄚˇ ㄖㄠˇ	打擾	54
ㄉㄚˇ ㄊㄨㄥ	打通	54
ㄉㄚˇ ㄌㄧㄤˋ	打量	54
ㄕㄨ ㄈㄚ	抒發	54
ㄊㄧㄠˇ ㄒㄧㄣˋ	挑釁	54
ㄧˋ ㄓㄨˋ	挹注	54
ㄐㄩㄢ ㄒㄧㄢˋ	捐獻	54
ㄘㄨㄟ ㄘㄢˊ	摧殘	54
ㄇㄛˊ ㄉㄥ	摩登	54
ㄕㄡ ㄌㄜ˙	收了	54
ㄕㄡ ㄍㄡˋ ㄐㄧㄚˋ	收購價	54
ㄕㄡ ㄧㄣ ㄐㄧ	收音機	54
ㄍㄨㄥ ㄌㄩㄝˋ	攻略	54
ㄓㄥˋ ㄓˋ ㄒㄧㄥˋ	政治性	54
ㄙㄢˋ ㄌㄨㄛˋ	散落	54
ㄉㄨㄣ ㄘㄨˋ	敦促	54
ㄕㄨˋ ㄜˊ	數額	54
ㄨㄣˊ ㄍㄨㄢ	文官	54
ㄉㄨㄢˋ ㄉㄧㄥˋ	斷定	54
ㄉㄨㄢˋ ㄐㄩㄝˊ	斷絕	54
ㄗㄠˇ ㄢ	早安	54
ㄔㄤˋ ㄊㄨㄥ	暢通	54
ㄅㄠˋ ㄈㄥ	暴風	54
ㄍㄥˋ ㄋㄢˊ	更難	54
ㄗㄨㄟˋ ㄎㄜˇ	最可	54
ㄏㄨㄟˋ ㄐㄧㄢˋ	會見	54
ㄅㄣˇ ㄇㄧㄥˊ	本名	54
ㄅㄣˇ ㄓˊ ㄕㄤˋ	本質上	54
ㄉㄨㄥ ㄕㄢ	東山	54
ㄉㄨㄥ ㄅㄧㄢ	東邊	54
ㄊㄚˋ	榻	54
ㄐㄧ ㄒㄧㄥˊ	機型	54
ㄍㄨㄟˋ ㄗ˙	櫃子	54
ㄓㄥˋ ㄧㄣ	正因	54
ㄓㄥˋ ㄉㄚˋ	正大	54
ㄓㄥˋ ㄓˊ	正直	54
ㄓㄥˋ ㄌㄨˋ	正路	54
ㄏㄜˊ ㄎㄡˇ	河口	54
ㄏㄜˊ ㄉㄠˋ	河道	54
ㄧㄡˊ ㄓㄚˊ	油炸	54
ㄓˋ ㄒㄩㄝˊ	治學	54
ㄧㄤˊ ㄐㄧㄤˋ	洋將	54
ㄏㄨㄛˊ ㄊㄧˇ	活體	54
ㄏㄞˇ ㄌㄤˋ	海浪	54
ㄑㄧㄥ ㄏㄨㄚˊ ㄉㄚˋ ㄒㄩㄝˊ	清華大學	54
ㄘㄜˋ ㄔㄨ	測出	54
ㄇㄟˋ ㄓㄡ	湄洲	54
ㄇㄢˇ ㄗㄞˋ	滿載	54
ㄑㄧ ㄏㄟ	漆黑	54
ㄑㄩˋ ㄏㄟ	漆黑	54
ㄌㄡˋ ㄕㄨㄟˇ	漏水	54
ㄏㄨㄟ ㄇㄧㄢˋ ㄐㄧㄡˋ	灰面鷲	54
ㄈㄥ ㄏㄨㄛˇ	烽火	54
ㄨˊ ㄒㄧㄢˋ ㄉㄜ˙	無限的	54
ㄐㄧㄢ ㄠˊ	煎熬	54
ㄕㄨˊ ㄓ	熟知	54
ㄊㄜˋ ㄧㄡˇ ㄉㄜ˙	特有的	54
ㄑㄧㄢ ㄉㄨㄥˋ	牽動	54
ㄍㄡˇ ㄦˊ	狗兒	54
ㄒㄧㄢˋ ㄐㄧㄣ	獻金	54
ㄇㄚˇ ㄌㄧˋ	瑪莉	54
ㄕㄥ ㄒㄧㄠˋ	生肖	54
ㄉㄤ ㄔㄨ ㄉㄜ˙	當初的	54
ㄅㄧㄥˋ ㄌㄧˋ	病歷	54
ㄊㄢˊ	痰	54
ㄈㄚ ㄉㄧㄢˋ ㄐㄧ	發電機	54
ㄉㄜ˙ ㄒㄧㄣ ㄕㄨ	的新書	54
ㄕㄥˇ ㄉㄜ˙	省的	54
ㄎㄢˋ ㄑㄧㄥ ㄔㄨˇ	看清楚	54
ㄆㄥ	砰	54
ㄙㄨㄟˋ ㄆㄧㄢˋ	碎片	54
ㄌㄧˇ ㄆㄧㄣˇ	禮品	54
ㄐㄧㄚˋ	稼	54
ㄐㄩㄣˋ	竣	54
ㄉㄧˋ ㄐㄧˇ	第幾	54
ㄅㄧˇ ㄔㄨˋ	筆觸	54
ㄐㄧㄢˇ ㄧㄡˋ ㄒㄧㄣ	簡又新	54
ㄈㄣˋ ㄅㄧㄢˋ	糞便	54
ㄒㄧˋ ㄊㄨㄥˇ ㄒㄧㄥˋ	系統性	54
ㄏㄨㄥˊ ㄉㄡˋ	紅豆	54
ㄓㄨㄥ ㄖˋ	終日	54
ㄐㄧㄣˇ ㄅㄥ	緊繃	54
ㄙㄨㄛ ㄧㄥˇ	縮影	54
ㄘㄨㄟˋ ㄌㄩˋ	翠綠	54
ㄦˇ ㄕㄡˊ ㄋㄥˊ ㄒㄧㄤˊ	耳熟能詳	54
ㄦˇ ㄕㄨˊ ㄋㄥˊ ㄒㄧㄤˊ	耳熟能詳	54
ㄕㄥ ㄇㄧㄥˊ	聲名	54
ㄕㄥ ㄕㄥ	聲聲	54
ㄓˊ ㄋㄥˊ	職能	54
ㄖㄡˋ ㄌㄟˋ	肉類	54
ㄒㄧㄝˊ ㄆㄛˋ	脅迫	54
ㄋㄠˇ ㄌㄧˋ	腦力	54
ㄗㄤ	臧	54
ㄗˋ ㄅㄛˊ	自白	54
ㄗˋ ㄅㄞˊ	自白	54
ㄏㄨㄤ ㄌㄧㄤˊ	荒涼	54
ㄧㄠˋ ㄔㄤˇ	藥廠	54
ㄒㄧㄥˊ ㄓㄥˋ ㄩㄢˋ ㄏㄨㄟˋ	行政院會	54
ㄅㄟˋ ㄅㄨˇ	被捕	54
ㄆㄟˊ	裴	54
ㄈㄨˋ ㄒㄧˊ	複習	54
ㄑㄧㄣ ㄕㄥ	親生	54
ㄉㄧㄥˋ ㄌㄧˋ	訂立	54
ㄗㄨˇ ㄓㄡˋ	詛咒	54
ㄨˋ ㄖㄣˋ	誤認	54
ㄉㄧㄠˋ ㄔㄚˊ ㄓㄢˋ	調查站	54
ㄉㄨˊ ㄒㄧㄝˇ	讀寫	54
ㄓㄨ ㄧㄡˊ	豬油	54
ㄔㄜ ㄓㄨㄥˇ	車種	54
ㄌㄨㄣˊ ㄏㄨㄟˊ	輪迴	54
ㄒㄧㄚˊ ㄑㄩ	轄區	54
ㄓㄨㄟ ㄕㄤˋ	追上	54
ㄊㄨㄟˋ ㄒㄩㄝˊ	退學	54
ㄌㄧㄢˊ ㄍㄨㄢˋ	連貫	54
ㄐㄧㄣˋ ㄩㄥˋ	進用	54
ㄐㄧㄣˋ ㄐㄧㄝ	進階	54
ㄏㄞˊ ㄨㄟˋ	還未	54
ㄋㄚˋ ㄐㄩˋ	那句	54
ㄋㄚˇ ㄓ	那隻	54
ㄋㄚˋ ㄓ	那隻	54
ㄒㄧㄤ ㄔㄡˊ	鄉愁	54
ㄧㄝˇ ㄘㄠˇ	野草	54
ㄔㄢˇ	鏟	54
ㄅㄧㄠ	鏢	54
ㄇㄣˊ ㄖㄣˊ	門人	54
ㄎㄞ ㄆㄨˇ ㄉㄨㄣ	開普敦	54
ㄊㄠˊ ㄑㄧˋ	陶器	54
ㄙㄨㄟˊ ㄒㄧㄥˊ	隨行	54
ㄩˇ ㄏㄡˋ	雨後	54
ㄐㄧㄥˋ ㄇㄞˋ	靜脈	54
ㄒㄩㄝ	靴	54
ㄏㄢˊ ㄍㄨㄛˊ ㄉㄨㄟˋ	韓國隊	54
ㄩㄣˋ ㄌㄩˋ	韻律	54
ㄓㄢˋ ㄉㄡˇ	顫抖	54
ㄈㄥ ㄔㄜ	風車	54
ㄕㄡˇ ㄧㄥˋ	首映	54
ㄐㄧㄥ ㄒㄧㄣ	驚心	54
ㄐㄧˋ	驥	54
ㄍㄠ ㄋㄧㄢˊ ㄐㄧˊ	高年級	54
ㄍㄠ ㄤˊ	高昂	54
ㄍㄠ ㄒㄧㄢˋ	高縣	54
ㄩㄢ	鴛	54
ㄏㄟ ㄕˋ	黑市	54
ㄏㄟ ㄙㄜˋ ㄉㄜ˙	黑色的	54
ㄧ ㄌㄟˇ	一壘	53
ㄧˋ ㄌㄟˇ	一壘	53
ㄧ ㄨㄢˇ	一晚	53
ㄧˋ ㄨㄢˇ	一晚	53
ㄧ ㄅㄢ ㄦˊ ㄧㄢˊ	一般而言	53
ㄧˋ ㄅㄢ ㄦˊ ㄧㄢˊ	一般而言	53
ㄕㄤˋ ㄓㄣˋ	上陣	53
ㄒㄧㄚˋ ㄌㄡˊ	下樓	53
ㄅㄨˊ ㄑㄧㄝˋ ㄕˊ ㄐㄧˋ	不切實際	53
ㄅㄨˋ ㄑㄧㄝˋ ㄕˊ ㄐㄧˋ	不切實際	53
ㄅㄨˊ ㄌㄧˋ	不力	53
ㄅㄨˊ ㄉㄨㄟˋ ㄉㄜ˙	不對的	53
ㄅㄨˋ ㄉㄨㄟˋ ㄉㄜ˙	不對的	53
ㄅㄨˋ ㄒㄧㄤ ㄍㄢ	不相干	53
ㄅㄨˊ ㄋㄞˋ ㄈㄢˊ	不耐煩	53
ㄅㄨˋ ㄑㄧˊ	不齊	53
ㄕˋ ㄐㄧㄝˋ ㄍㄨㄢ	世界觀	53
ㄓㄨㄥ ㄧㄥ ㄨㄣˊ	中英文	53
ㄓㄨㄥ ㄧㄝˋ	中葉	53
ㄐㄧㄡˇ ㄕˊ ㄑㄧ	九十七	53
ㄐㄧㄢˋ ㄕㄨˋ	件數	53
ㄑㄧˋ ㄏㄨㄚˋ ㄢˋ	企劃案	53
ㄗㄨㄛˋ ㄢˋ	作案	53
ㄓㄨ	侏	53
ㄅㄧㄢˋ ㄧㄡˇ	便有	53
ㄅㄠˇ ㄋㄨㄢˇ	保暖	53
ㄆㄧㄢ ㄆㄧˋ	偏僻	53
ㄔㄨㄢˊ ㄊㄨㄥˇ ㄨㄣˊ ㄏㄨㄚˋ	傳統文化	53
ㄩㄢˊ ㄕㄨㄞˋ	元帥	53
ㄋㄟˋ ㄒㄧㄤˋ	內向	53
ㄋㄟˋ ㄎㄜ	內科	53
ㄅㄚ ㄅㄞˇ ㄨㄢˋ	八百萬	53
ㄍㄨㄥ ㄍㄨㄥˋ ㄢ ㄑㄩㄢˊ	公共安全	53
ㄍㄨㄥ ㄍㄨㄥˋ ㄧˋ ㄕㄨˋ	公共藝術	53
ㄔㄨ ㄕˋ	出世	53
ㄉㄠˋ ㄉㄧˇ ㄗㄞˋ	到底在	53
ㄈㄨˋ ㄕㄡˇ	副手	53
ㄏㄨㄚˋ ㄕㄤˋ	劃上	53
ㄐㄧㄚ ㄐㄧㄚˋ	加價	53
ㄍㄡ ㄐㄧㄝˊ	勾結	53
ㄅㄟˇ ㄍㄤˇ	北港	53
ㄏㄨㄟˋ ㄖㄨˋ	匯入	53
ㄏㄨㄟˋ ㄕˋ	匯市	53
ㄕˊ ㄙㄢ ㄙㄨㄟˋ	十三歲	53
ㄐㄧˊ ㄒㄧㄥˋ	即興	53
ㄈㄢˇ ㄓㄨㄢˇ	反轉	53
ㄌㄧㄥˋ ㄨㄞˋ ㄧㄡˇ	另外有	53
ㄒㄧㄤˋ ㄒㄧㄚˋ	向下	53
ㄨˊ ㄖㄣˊ	吾人	53
ㄊㄤˊ ㄕㄢ	唐山	53
ㄕㄤ ㄩㄥˋ	商用	53
ㄏㄜ ㄕㄨㄟˇ	喝水	53
ㄙㄤˋ ㄕㄥ	喪生	53
ㄗㄜˊ	嘖	53
ㄧㄢˊ ㄓㄨㄥˋ ㄒㄧㄥˋ	嚴重性	53
ㄍㄨㄛˊ ㄐㄧㄚ ㄧㄣ ㄩㄝˋ ㄊㄧㄥ	國家音樂廳	53
ㄨㄞˋ ㄉㄠˇ	外島	53
ㄉㄨㄛ ㄇㄟˇ	多美	53
ㄉㄨㄛˊ ㄇㄟˇ	多美	53
ㄊㄧㄢ ㄏㄜˊ	天和	53
ㄊㄧㄢ ㄔㄥˊ	天成	53
ㄊㄞˋ ㄆㄧㄥˊ ㄉㄠˇ	太平島	53
ㄋㄞˇ ㄔㄚˊ	奶茶	53
ㄋㄧˇ ㄧㄡˇ	妳有	53
ㄒㄩㄝˊ ㄓˋ	學制	53
ㄕㄡˇ ㄏㄡˋ	守候	53
ㄏㄨㄥˊ ㄨㄟˇ	宏偉	53
ㄐㄧˋ ㄨㄤˋ	寄望	53
ㄐㄧㄤ ㄨㄟˊ	將為	53
ㄐㄧㄤ ㄨㄟˋ	將為	53
ㄒㄧㄠˇ ㄕㄥ	小生	53
ㄗㄨㄛˇ ㄐㄧㄠˇ	左腳	53
ㄆㄧㄥˊ ㄔㄤˊ ㄒㄧㄣ	平常心	53
ㄐㄧˇ ㄅㄨˋ	幾部	53
ㄉㄧˇ ㄒㄧㄢˋ	底線	53
ㄉㄧㄢˋ ㄇㄧㄥˊ	店名	53
ㄑㄧㄤˊ ㄌㄜ˙	強了	53
ㄘㄢˇ ㄐㄩˋ	慘劇	53
ㄧㄡ ㄔㄡˊ	憂愁	53
ㄏㄨㄛˋ ㄎㄜˇ	或可	53
ㄕㄡˇ ㄊㄧˊ	手提	53
ㄕㄡˇ ㄧˋ	手藝	53
ㄘㄞˊ ㄔㄨ	才出	53
ㄉㄚˇ ㄑㄧˇ	打起	53
ㄊㄡˊ ㄅㄧㄠ	投標	53
ㄐㄩ ㄕㄨˋ	拘束	53
ㄓㄣˋ ㄈㄣˋ	振奮	53
ㄊㄠ ㄧㄠ ㄅㄠ	掏腰包	53
ㄆㄞˊ ㄗㄞˋ	排在	53
ㄘㄞˇ ㄋㄚˋ	採納	53
ㄊㄨㄟ ㄊㄜˋ	推特	53
ㄊㄨㄟ ㄍㄟˇ	推給	53
ㄊㄨㄟ ㄔㄣˊ ㄔㄨ ㄒㄧㄣ	推陳出新	53
ㄍㄠˇ ㄘㄨㄛˋ	搞錯	53
ㄐㄧㄠˇ ㄅㄢˋ	攪拌	53
ㄕㄨˋ ㄨㄟˋ ㄒㄧㄤˋ ㄐㄧ	數位相機	53
ㄨㄣˊ ㄓㄞ	文摘	53
ㄒㄧㄣ ㄐㄧㄚ	新家	53
ㄒㄧㄣ ㄘㄨㄣ	新村	53
ㄒㄧㄣ ㄒㄧㄢ ㄉㄜ˙	新鮮的	53
ㄉㄨㄢˋ ㄉㄧㄢˋ	斷電	53
ㄇㄧㄥˊ ㄖㄣˊ	明仁	53
ㄏㄨㄟˋ ㄍㄨㄢˇ	會館	53
ㄧㄡˇ ㄔ	有吃	53
ㄧㄡˇ ㄕ	有失	53
ㄐㄧㄚˋ ㄕㄤˋ	架上	53
ㄅㄤˋ ㄑㄧㄡˊ ㄉㄨㄟˋ	棒球隊	53
ㄓㄥ ㄩㄝˋ	正月	53
ㄍㄨㄟ ㄍㄨㄛˊ	歸國	53
ㄉㄨˊ ㄨˋ	毒物	53
ㄕㄨㄟˇ ㄕㄤˋ	水上	53
ㄕㄨㄟˇ ㄈㄣˋ	水份	53
ㄑㄧㄡˊ ㄉㄜˊ	求得	53
ㄑㄧㄡˊ ㄉㄜ˙	求得	53
ㄒㄧˇ ㄐㄧㄥˋ	洗淨	53
ㄒㄧˇ ㄋㄠˇ	洗腦	53
ㄒㄧˇ ㄌㄧㄢˇ	洗臉	53
ㄏㄞˇ ㄒㄧㄥ	海星	53
ㄑㄧ ㄌㄧㄤˊ	淒涼	53
ㄉㄢˋ ㄉㄚˋ	淡大	53
ㄑㄧㄥ ㄉㄢˋ	清淡	53
ㄑㄧㄥ ㄐㄧㄝˊ ㄉㄨㄟˋ	清潔隊	53
ㄏㄨˊ ㄅㄟˇ	湖北	53
ㄓㄨㄣˇ ㄕˋ	準是	53
ㄒㄧ ㄎㄡˇ	溪口	53
ㄇㄢˇ ㄏㄨㄞˊ	滿懷	53
ㄇㄢˇ ㄑㄧㄥ	滿清	53
ㄧㄢˇ ㄗㄡˋ ㄏㄨㄟˋ	演奏會	53
ㄧㄢˇ ㄧˋ ㄑㄩㄢ	演藝圈	53
ㄋㄨㄥˊ ㄙㄨㄛ	濃縮	53
ㄉㄨˊ	瀆	53
ㄨˊ ㄎㄜˇ ㄋㄞˋ ㄏㄜˊ	無可奈何	53
ㄧˋ	熠	53
ㄋㄧㄡˊ ㄆㄧˊ	牛皮	53
ㄏㄨㄛˋ ㄒㄧ	獲悉	53
ㄩˋ ㄏㄨㄤˊ	玉皇	53
ㄨㄤˊ ㄙ ㄊㄧㄥˊ	王思婷	53
ㄨㄤˊ ㄉㄠˋ	王道	53
ㄨㄢˊ ㄍㄨㄛˋ	玩過	53
ㄑㄧㄡˊ ㄐㄧˋ	球技	53
ㄔㄢˇ ㄍㄨㄢ ㄒㄩㄝˊ	產官學	53
ㄌㄧㄡˊ ㄌㄜ˙	留了	53
ㄏㄨㄚˋ ㄅㄧˇ	畫筆	53
ㄉㄤ ㄨˋ ㄓ ㄐㄧˊ	當務之急	53
ㄉㄤ ㄏㄨㄥˊ	當紅	53
ㄑㄩㄢˊ ㄩˋ	痊癒	53
ㄒㄧㄢˇ	癬	53
ㄒㄩㄢˇ	癬	53
ㄈㄚ ㄕㄡˋ	發售	53
ㄐㄧㄢ ㄐㄧㄣˋ	監禁	53
ㄓㄣ ㄎㄜˇ	真可	53
ㄑㄧˊ	祁	53
ㄕㄣˊ ㄇㄨˋ	神木	53
ㄎㄜ ㄆㄨˇ	科普	53
ㄒㄧ ㄕㄨ	稀疏	53
ㄏㄨㄟˋ	穢	53
ㄍㄨㄢˇ ㄊㄚ	管他	53
ㄑㄧㄢ ㄗˋ	簽字	53
ㄐㄧㄥ ㄕㄣˊ ㄅㄧㄥˋ ㄏㄨㄢˋ	精神病患	53
ㄊㄤˊ ㄔㄤˇ	糖廠	53
ㄑㄧㄡˇ	糗	53
ㄗㄨㄥˇ ㄕˋ ㄏㄨㄟˋ	總是會	53
ㄈㄟˇ ㄘㄨㄟˋ ㄕㄨㄟˇ ㄎㄨˋ	翡翠水庫	53
ㄅㄟˋ ㄒㄧㄣ	背心	53
ㄒㄩㄥ ㄎㄡˇ	胸口	53
ㄙㄞ	腮	53
ㄈㄨ ㄙㄜˋ	膚色	53
ㄔㄡˋ ㄧㄤˇ	臭氧	53
ㄐㄩˇ ㄓㄥˋ	舉證	53
ㄐㄧㄡˋ ㄅㄢˇ	舊版	53
ㄨˇ ㄑㄩˇ	舞曲	53
ㄓ ㄇㄚˊ	芝麻	53
ㄎㄨˇ ㄌㄠˊ	苦勞	53
ㄓㄨˋ ㄗㄨㄛˋ ㄑㄩㄢˊ ㄖㄣˊ	著作權人	53
ㄍㄜˇ ㄌㄚ ㄈㄨˊ	葛拉芙	53
ㄒㄩ ㄖㄨㄛˋ	虛弱	53
ㄕㄨˇ	蜀	53
ㄒㄧㄝˇ ㄒㄧㄥ	血腥	53
ㄒㄧㄥˊ ㄐㄧㄥˋ	行徑	53
ㄒㄧ ㄅㄧㄢ	西邊	53
ㄐㄧㄝˇ ㄍㄡˋ	解構	53
ㄓㄨˋ ㄐㄧㄝˇ	註解	53
ㄉㄨˊ ㄕㄨ ㄖㄣˊ	讀書人	53
ㄑㄧˇ ㄅㄨˊ ㄕˋ	豈不是	53
ㄆㄧㄣˊ ㄈㄚˊ	貧乏	53
ㄏㄨㄛˋ ㄩㄣˋ	貨運	53
ㄍㄨㄢˋ ㄔㄨㄢ	貫穿	53
ㄅㄧㄣ ㄍㄨㄢˇ	賓館	53
ㄕㄨˊ ㄏㄨㄟˊ	贖回	53
ㄓㄡˊ ㄒㄧㄢˋ	軸線	53
ㄓㄨㄢˇ ㄅㄧㄢˋ ㄨㄟˊ	轉變為	53
ㄐㄧㄣˋ ㄉㄞˋ ㄕˇ	近代史	53
ㄊㄨㄟˋ ㄔㄤˇ	退場	53
ㄊㄨㄥ ㄖㄣˊ	通人	53
ㄌㄧㄢˊ ㄙㄨㄛˇ ㄉㄧㄢˋ	連鎖店	53
ㄐㄧㄣˋ ㄕˊ	進食	53
ㄅㄧ ㄆㄛˋ	逼迫	53
ㄧˊ ㄑㄧˋ	遺棄	53
ㄧˊ ㄨˋ	遺物	53
ㄒㄧㄤ ㄓㄤˇ	鄉長	53
ㄆㄟˋ ㄧㄣ	配音	53
ㄔㄨㄥˊ ㄒㄧㄝˇ	重寫	53
ㄐㄧㄣ ㄗˋ ㄊㄚˇ	金字塔	53
ㄎㄥ	鏗	53
ㄎㄞ ㄓㄥ	開徵	53
ㄎㄞ ㄧㄝˋ	開業	53
ㄧㄢ	閹	53
ㄚ ㄆㄛˊ	阿婆	53
ㄚˋ ㄆㄛˊ	阿婆	53
ㄧㄣ ㄉㄠˋ	陰道	53
ㄐㄧˊ ㄒㄩㄣˋ	集訓	53
ㄕㄨㄤ ㄌㄧㄢˊ	雙連	53
ㄋㄢˊ ㄕˋ	難事	53
ㄋㄢˊ ㄊㄠˊ	難逃	53
ㄩˇ ㄐㄧˋ	雨季	53
ㄇㄧㄢˋ ㄅㄢˇ	面板	53
ㄒㄧㄤˇ ㄌㄧㄤˋ	響亮	53
ㄩˋ ㄙㄞˋ	預賽	53
ㄅㄧㄠ ㄔㄜ	飆車	53
ㄕˊ ㄉㄠˋ	食道	53
ㄗㄤ ㄌㄨㄢˋ	髒亂	53
ㄊㄧˇ ㄓㄨㄢ	體專	53
ㄒㄧㄢˇ ㄕㄠˇ	鮮少	53
ㄏㄨㄥˊ ㄐㄧㄢˋ	鴻漸	53
ㄏㄟ ㄒㄧㄣ	黑心	53
ㄧ ㄌㄢˇ	一覽	52
ㄧˋ ㄌㄢˇ	一覽	52
ㄙㄢ ㄊㄞˊ	三台	52
ㄒㄧㄚˋ ㄒㄧㄚˋ	下下	52
ㄒㄧㄚˋ ㄉㄧㄥˋ ㄐㄩㄝˊ ㄒㄧㄣ	下定決心	52
ㄒㄧㄚˋ ㄈㄤˋ	下放	52
ㄅㄧㄥˋ ㄩˇ	並與	52
ㄓㄨㄥ ㄋㄧㄢˊ ㄖㄣˊ	中年人	52
ㄐㄧㄡˇ ㄋㄧㄢˊ ㄧˊ ㄍㄨㄢˋ ㄎㄜˋ ㄔㄥˊ	九年一貫課程	52
ㄨˇ ㄘㄞˇ	五彩	52
ㄖㄣˊ ㄕㄥ	人聲	52
ㄊㄚ ㄔㄨ	他出	52
ㄉㄞˋ ㄅㄧㄠˇ ㄗㄨㄛˋ	代表作	52
ㄙˋ ㄉㄧˋ	似地	52
ㄅㄨˋ ㄍㄠˋ	佈告	52
ㄏㄜˊ ㄐㄧㄝˇ	何解	52
ㄕˇ ㄩㄥˋ ㄑㄩㄢˊ	使用權	52
ㄌㄞˊ ㄋㄧㄢˊ	來年	52
ㄌㄞˊ ㄕㄥ	來生	52
ㄅㄧㄢˋ ㄌㄧˋ ㄕㄤ ㄉㄧㄢˋ	便利商店	52
ㄐㄧㄝˋ ㄑㄧㄢˊ	借錢	52
ㄘㄜˋ ㄇㄧㄢˋ	側面	52
ㄋㄟˋ ㄇㄨˋ	內幕	52
ㄑㄩㄢˊ ㄖㄣˊ	全人	52
ㄌㄧㄤˇ ㄕˋ	兩市	52
ㄗㄞˋ ㄑㄧㄥˇ	再請	52
ㄔㄨ ㄕㄥ	出聲	52
ㄎㄜˋ	剋	52
ㄍㄤ ㄘㄨㄥˊ	剛從	52
ㄐㄧㄚ ㄗㄞˋ	加在	52
ㄅㄟˇ ㄐㄧㄥ ㄕˋ	北京市	52
ㄎㄨㄟˋ ㄈㄚˊ	匱乏	52
ㄕˊ ㄊㄧㄠˊ	十條	52
ㄅㄢˋ ㄕㄥ	半生	52
ㄋㄢˊ ㄍㄨㄚ	南瓜	52
ㄨㄟˊ ㄐㄧˊ	危及	52
ㄩㄢˊ ㄔㄤˇ	原廠	52
ㄩㄢˊ ㄋㄥˊ ㄏㄨㄟˋ	原能會	52
ㄕㄡˋ ㄍㄨˋ	受雇	52
ㄐㄧㄠˋ ㄉㄠˋ	叫道	52
ㄊㄞˊ ㄅㄠ	台胞	52
ㄒㄧㄤˋ ㄕㄢˋ	向善	52
ㄧㄣˊ ㄔㄤˋ	吟唱	52
ㄔㄠˇ ㄋㄠˋ	吵鬧	52
ㄔㄥˊ ㄅㄠˋ	呈報	52
ㄍㄨ	呱	6.351308576902391
ㄍㄨㄚ	呱	52
ㄨㄚ	呱	6.351308576902391
ㄍㄨ ㄌㄨ	咕嚕	52
ㄎㄨ ㄌㄜ˙	哭了	52
ㄙㄨㄛ	嗦	52
ㄙㄨㄛ˙	嗦	52
ㄒㄧㄚˋ ㄉㄠˋ	嚇到	52
ㄩㄢˊ ㄧㄡˊ ㄏㄨㄟˋ	園遊會	52
ㄊㄨˊ ㄐㄧㄢˋ	圖鑑	52
ㄗㄞˋ ㄩㄣˋ	在運	52
ㄐㄩㄣ ㄧ	均一	52
ㄇㄞˊ ㄈㄨˊ	埋伏	52
ㄗㄥ ㄍㄠ	增高	52
ㄉㄨㄛ ㄘㄥˊ	多層	52
ㄧㄝˋ ㄐㄧㄥˇ	夜景	52
ㄉㄚˋ ㄅㄚˋ	大壩	52
ㄉㄚˋ ㄏㄨㄥˊ	大紅	52
ㄉㄚˋ ㄇㄚˋ	大罵	52
ㄉㄚˋ ㄇㄞˋ	大賣	52
ㄊㄧㄢ ㄇㄚˇ	天馬	52
ㄊㄞˋ ㄎㄨㄞˋ	太快	52
ㄑㄧˊ ㄐㄧㄥˇ	奇景	52
ㄋㄞˇ ㄈㄣˇ	奶粉	52
ㄏㄠˇ ㄒㄧㄠˋ ㄉㄜ˙	好笑的	52
ㄨㄟˇ	娓	52
ㄘㄨㄣˊ ㄉㄤˇ	存檔	52
ㄢ ㄉㄨㄥ	安東	52
ㄐㄧㄤ ㄓ	將之	52
ㄓㄨㄢ ㄑㄩ	專區	52
ㄉㄨㄟˋ ㄌㄧㄢˊ	對聯	52
ㄒㄧㄠˇ ㄇㄧˇ	小米	52
ㄨ ㄓㄨˇ	屋主	52
ㄊㄧˋ	屜	52
ㄒㄧㄝˋ	屜	6.351308576902391
ㄕㄢ ㄧㄝˇ	山野	52
ㄍㄨㄥ ㄕㄤ ㄐㄧㄝˋ	工商界	52
ㄍㄨㄥ ㄧˋ ㄆㄧㄣˇ	工藝品	52
ㄅㄨˋ ㄌㄟˊ	布雷	52
ㄋㄧㄢˊ ㄏㄨㄛˋ	年貨	52
ㄍㄢˋ ㄒㄧㄢˋ	幹線	52
ㄉㄧˇ ㄊㄜˋ ㄌㄩˋ	底特律	52
ㄋㄧㄢˋ ㄧ ㄕˋ ㄐㄧˋ	廿一世紀	52
ㄓㄤ ㄐㄧㄚ	張家	52
ㄨㄤˇ ㄨㄤˇ ㄕˋ	往往是	52
ㄏㄣˇ ㄕㄡˊ	很熟	52
ㄏㄣˇ ㄕㄨˊ	很熟	52
ㄏㄡˋ ㄑㄧㄣˊ	後勤	52
ㄏㄡˋ ㄩㄢˋ	後院	52
ㄓˋ ㄒㄧㄤˋ	志向	52
ㄓˋ ㄧㄝˋ	志業	52
ㄨㄤˋ ㄉㄧㄠˋ	忘掉	52
ㄇㄤˊ ㄉㄜ˙	忙的	52
ㄔㄢˋ ㄏㄨㄟˇ	懺悔	52
ㄓㄢˋ ㄅㄞˋ	戰敗	52
ㄏㄨˋ ㄎㄡˇ	戶口	52
ㄘㄞˊ ㄌㄞˊ	才來	52
ㄉㄚˇ ㄕㄤˋ	打上	52
ㄉㄚˇ ㄓㄜˊ ㄎㄡˋ	打折扣	52
ㄐㄧˋ ㄕㄨˋ ㄇㄧㄢˋ	技術面	52
ㄊㄡˊ ㄧㄥˇ ㄆㄧㄢˋ	投影片	52
ㄔㄡ ㄐㄧㄤˇ	抽獎	52
ㄧㄢˇ ㄏㄨˋ	掩護	52
ㄏㄨㄢˋ ㄐㄧ	換機	52
ㄎㄨㄛˋ ㄉㄚˋ ㄉㄠˋ	擴大到	52
ㄐㄧㄡˋ ㄏㄨㄛˇ	救火	52
ㄓㄥˇ ㄐㄧㄢˋ	整建	52
ㄨㄣˊ ㄏㄨㄚˋ ㄅㄨˋ	文化部	52
ㄨㄣˊ ㄎㄜ	文科	52
ㄧㄥˋ ㄒㄧㄤˋ	映像	52
ㄔㄤˋ ㄊㄢˊ	暢談	52
ㄗㄨㄟˋ ㄗㄠˇ ㄉㄜ˙	最早的	52
ㄗㄨㄟˋ ㄋㄥˊ	最能	52
ㄗㄨㄟˋ ㄕˋ ㄏㄜˊ	最適合	52
ㄧㄡˇ ㄌㄧˇ	有禮	52
ㄅㄣˇ ㄒㄧㄠˋ	本校	52
ㄅㄣˇ ㄧㄥˊ	本營	52
ㄉㄨㄥ ㄈㄤ ㄖㄣˊ	東方人	52
ㄊㄠˊ ㄩㄢˊ ㄕˋ	桃園市	52
ㄅㄤˋ ㄑㄧㄡˊ ㄔㄤˇ	棒球場	52
ㄧㄝˋ ㄨˋ ㄩㄢˊ	業務員	52
ㄐㄧˊ ㄐㄩˋ	極具	52
ㄍㄨㄟ ㄏㄨㄢˊ	歸還	52
ㄅㄧˇ ㄕㄨˋ	比數	52
ㄕㄨㄟˇ ㄋㄧㄠˇ	水鳥	52
ㄩㄥˇ ㄩㄢˇ ㄕˋ	永遠是	52
ㄑㄧㄡˊ ㄐㄧㄡˋ	求救	52
ㄨㄣˋ	汶	52
ㄏㄜˊ ㄒㄧˋ	河系	52
ㄓˋ ㄆㄧㄥˊ	治平	52
ㄈㄚˇ ㄒㄧ ㄙ	法西斯	52
ㄅㄛ ㄌㄤˋ	波浪	52
ㄆㄛ ㄌㄤˋ	波浪	52
ㄓㄨˋ ㄉㄧㄥˋ	注定	52
ㄒㄧˇ ㄉㄧˊ	洗滌	52
ㄏㄞˇ ㄌㄧˇ	海裡	52
ㄏㄢˋ ㄗㄨˊ	漢族	52
ㄑㄧㄢˊ ㄧˋ ㄕˋ	潛意識	52
ㄐㄧ ㄗㄥ	激增	52
ㄒㄧㄠ ㄙㄚˇ	瀟灑	52
ㄖㄜˋ ㄌㄟˋ	熱淚	52
ㄧㄥˊ ㄧㄝˋ ㄕㄨㄟˋ	營業稅	52
ㄨㄤˊ ㄍㄨㄥ	王宮	52
ㄕㄥ ㄒㄧㄚˋ ㄌㄞˊ	生下來	52
ㄕㄥ ㄏㄨㄛˊ ㄈㄟˋ	生活費	52
ㄈㄢ ㄑㄧㄝˊ	番茄	52
ㄉㄤ ㄑㄩㄢˊ	當權	52
ㄈㄚ ㄖㄣˊ	發人	52
ㄅㄞˊ ㄊㄨˋ	白兔	52
ㄇㄧㄣˇ	皿	52
ㄉㄠˋ ㄈㄟˇ	盜匪	52
ㄒㄧㄤ ㄒㄧㄥˊ	相形	52
ㄇㄟˊ ㄇㄠˊ	眉毛	52
ㄎㄢˋ ㄅㄨˋ ㄑㄧˇ	看不起	52
ㄎㄢˋ ㄑㄩˋ	看去	52
ㄕㄨㄟˋ ㄓㄠˊ ㄌㄜ˙	睡著了	52
ㄇㄧ	瞇	52
ㄊㄨㄥˊ	瞳	52
ㄓ ㄅㄨˋ ㄓ ㄉㄠˋ	知不知道	52
ㄆㄛˋ ㄔㄨˊ	破除	52
ㄌㄟˇ	磊	52
ㄐㄧㄠ ㄧㄢˊ	礁岩	52
ㄇㄧˋ ㄐㄩㄝˊ	秘訣	52
ㄉㄠˋ ㄘㄠˇ	稻草	52
ㄐㄧ ㄏㄜˊ	稽核	52
ㄓˋ ㄒㄧˊ	窒息	52
ㄌㄧˋ ㄢˋ	立案	52
ㄓㄨˊ ㄋㄢˊ	竹南	52
ㄉㄥˇ ㄏㄠˋ	等號	52
ㄘㄜˋ ㄏㄨㄚˋ	策畫	52
ㄌㄧㄤˊ	粱	52
ㄒㄩㄢˋ	絢	52
ㄌㄠˇ ㄉㄧㄢˋ	老店	52
ㄌㄠˇ ㄧㄥ	老鷹	52
ㄎㄠˇ ㄐㄩㄢˋ	考卷	52
ㄕㄥˋ ㄍㄜ	聖歌	52
ㄆㄧㄣˋ ㄩㄥˋ	聘用	52
ㄆㄧㄥˋ ㄩㄥˋ	聘用	52
ㄩˋ ㄔㄥˊ	育成	52
ㄈㄟˋ ㄧㄢˊ	肺炎	52
ㄐㄧㄠˇ ㄧㄣˋ	腳印	52
ㄗˋ ㄧㄡˊ ㄇㄠˋ ㄧˋ ㄒㄧㄝˊ ㄉㄧㄥˋ	自由貿易協定	52
ㄏㄨㄚ ㄨㄣˊ	花紋	52
ㄧㄥ ㄨㄣˊ ㄗˋ	英文字	52
ㄏㄨㄚˊ ㄋㄢˊ	華南	52
ㄇㄥˊ ㄧㄚˊ	萌芽	52
ㄌㄨㄛˋ ㄐㄧㄠˇ	落腳	52
ㄓㄥ ㄑㄧˋ	蒸氣	52
ㄨˊ	蕪	52
ㄅㄧㄠˇ ㄆㄧˊ	表皮	52
ㄆㄧㄥˊ ㄩˇ	評語	52
ㄕˋ ㄔ	試吃	52
ㄏㄨㄚˋ ㄐㄧ	話機	52
ㄩˇ ㄧˋ	語義	52
ㄕㄨㄟˋ ㄈㄨˊ ㄌㄧˋ	說服力	52
ㄈㄟˋ ㄒㄧㄣ	費心	52
ㄅㄧㄣ ㄕˋ	賓士	52
ㄇㄞˋ ㄗㄨㄛˋ	賣座	52
ㄓˊ ㄉㄧˋ	質地	52
ㄓˊ ㄗˇ	質子	52
ㄕㄥˋ	賸	52
ㄑㄧˇ ㄧㄣ	起因	52
ㄔㄠ ㄑㄧㄤˊ	超強	52
ㄍㄢˇ ㄓㄜ˙	趕著	52
ㄌㄨˋ ㄊㄨˊ	路途	52
ㄐㄧㄢˋ ㄊㄚˋ	踐踏	52
ㄔㄜ ㄊㄧˇ	車體	52
ㄊㄨㄥ ㄉㄧㄢˋ ㄏㄨㄚˋ	通電話	52
ㄐㄧㄣˋ ㄊㄨㄟˋ	進退	52
ㄗㄨㄣ ㄓㄠˋ ㄅㄢˋ ㄌㄧˇ	遵照辦理	52
ㄋㄧㄤˋ ㄐㄧㄡˇ	釀酒	52
ㄓㄨㄥˋ ㄒㄧㄥˊ	重型	52
ㄌㄨˋ ㄗㄞˋ	錄在	52
ㄔㄤˊ ㄖㄣˊ	長人	52
ㄍㄨㄟ	閨	52
ㄌㄨˋ ㄓㄢˋ	陸戰	52
ㄧㄢˋ ㄧㄚ	雁鴨	52
ㄕㄨㄤ ㄐㄧㄠˇ	雙腳	52
ㄎㄠˋ ㄗㄞˋ	靠在	52
ㄇㄧㄢˋ ㄒㄧㄤˋ	面相	52
ㄇㄧㄢˋ ㄓˊ	面質	52
ㄜˋ	顎	52
ㄈㄥ ㄏㄨㄚˋ	風化	52
ㄈㄥ ㄌㄧㄡˊ	風流	52
ㄈㄟ ㄍㄨㄛˋ	飛過	52
ㄒㄧㄤˇ ㄧㄢˋ	饗宴	52
ㄓㄨˋ ㄨㄞˋ	駐外	52
ㄍㄠ ㄙㄢ	高三	52
ㄍㄠ ㄆㄧㄣˊ	高頻	52
ㄈㄥˋ ㄌㄧˊ	鳳梨	52
ㄏㄨㄥˊ ㄏㄞˇ	鴻海	52
ㄌㄨㄥˊ ㄌㄨㄢˊ ㄊㄢˊ	龍鑾潭	52
ㄧ ㄐㄧㄡˇ ㄐㄧㄡˇ ㄐㄧㄡˇ	一九九九	51
ㄧ ㄑㄧㄢ ㄅㄚ	一千八	51
ㄧ ㄩㄝˋ ㄈㄣˋ	一月份	51
ㄧ ㄓ	一枝	51
ㄧˋ ㄓ	一枝	51
ㄧ ㄅㄧˇ	一比	51
ㄧˋ ㄅㄧˇ	一比	51
ㄕㄤˋ ㄏㄨㄟˊ	上回	51
ㄕㄤˋ ㄒㄧㄠˋ	上校	51
ㄒㄧㄚˋ ㄧ ㄅㄨˋ	下一步	51
ㄒㄧㄚˋ ㄧˊ ㄅㄨˋ	下一步	51
ㄅㄨˋ ㄒㄧㄠ	不消	51
ㄕˋ ㄐㄧˋ ㄇㄛˋ	世紀末	51
ㄓㄨㄥ ㄌㄧㄠˊ	中寮	51
ㄉㄢ ㄈㄛˊ	丹佛	51
ㄧㄝˇ ㄒㄩˇ ㄧㄡˇ	也許有	51
ㄐㄧㄠ ㄉㄞˋ	交待	51
ㄖㄣˊ ㄑㄧㄥˊ ㄨㄟˋ	人情味	51
ㄧˇ ㄑㄧㄡˊ	以求	51
ㄉㄧ ㄐㄧˊ	低級	51
ㄗㄨㄛˋ ㄓㄨˇ	作主	51
ㄅㄠˇ ㄒㄧㄢˇ ㄖㄣˊ	保險人	51
ㄅㄠˇ ㄒㄧㄢˇ ㄊㄠˋ	保險套	51
ㄉㄠˋ ㄅㄨˋ ㄖㄨˊ	倒不如	51
ㄗㄨㄛˋ ㄉㄚˋ	做大	51
ㄔㄨㄢˊ ㄏㄨㄟˊ	傳回	51
ㄕㄤ ㄊㄨㄥˋ	傷痛	51
ㄍㄨㄤ ㄊㄡˊ	光頭	51
ㄖㄨˋ ㄨˇ	入伍	51
ㄖㄨˋ ㄍㄨㄢ	入關	51
ㄍㄨㄥ ㄌㄧㄤˊ	公糧	51
ㄌㄧㄡˋ ㄕˋ	六世	51
ㄌㄥˇ ㄏㄢˋ	冷汗	51
ㄋㄧㄥˊ ㄕˋ	凝視	51
ㄔㄨ ㄉㄠˋ	出道	51
ㄔㄨ ㄇㄚˇ	出馬	51
ㄈㄣ ㄒㄧㄠˋ	分校	51
ㄓˋ ㄩㄝ	制約	51
ㄑㄧㄢˊ ㄓㄣˋ	前鎮	51
ㄈㄨˋ ㄗㄨㄥˇ ㄘㄞˊ	副總裁	51
ㄌㄧㄡˊ ㄉㄜˊ ㄏㄨㄚˊ	劉德華	51
ㄉㄨㄥˋ ㄕㄤˇ	動上	51
ㄉㄨㄥˋ ㄅㄨˊ ㄉㄨㄥˋ	動不動	51
ㄒㄧㄝˊ ㄐㄧㄣˋ	協進	51
ㄓㄢˋ ㄌㄜ˙	占了	51
ㄓㄢˋ ㄌㄧㄠˇ	占了	51
ㄧㄣˋ ㄓㄤ	印章	51
ㄩㄢˊ ㄐㄧㄚˋ	原價	51
ㄘㄣ ㄘ	參差	51
ㄌㄧㄥˋ ㄒㄧㄥˊ	另行	51
ㄊㄞˊ ㄧㄣˊ	台銀	51
ㄊㄞˊ ㄐㄧㄝ	台階	51
ㄊㄨㄥˊ ㄉㄧˋ	同地	51
ㄊㄨㄥˊ ㄅㄢ	同班	51
ㄍㄠˋ ㄕˋ	告示	51
ㄓㄡ ㄑㄧˊ	周期	51
ㄏㄜˊ ㄆㄧㄥˊ ㄐㄧㄤˇ	和平獎	51
ㄐㄩㄝˊ	噱	51
ㄒㄩㄝ	噱	51
ㄆㄣ ㄕㄜˋ	噴射	51
ㄍㄨㄛˊ ㄓㄨㄥ ㄒㄧㄠˇ ㄒㄩㄝˊ	國中小學	51
ㄍㄨㄛˊ ㄢ ㄏㄨㄟˋ	國安會	51
ㄍㄨㄛˊ ㄊㄨㄥˇ ㄏㄨㄟˋ	國統會	51
ㄊㄨˇ ㄉㄧˋ ㄍㄨㄥ	土地公	51
ㄉㄨㄛ ㄈㄤ ㄇㄧㄢˋ	多方面	51
ㄉㄨㄛ ㄎㄢˋ	多看	51
ㄉㄚˋ ㄔㄨㄢˊ	大傳	51
ㄉㄚˋ ㄕˋ	大勢	51
ㄉㄚˋ ㄏㄨㄚˋ	大化	51
ㄉㄚˋ ㄊㄞˊ ㄅㄟˇ ㄉㄧˋ ㄑㄩ	大台北地區	51
ㄉㄚˋ ㄍㄞˇ	大改	51
ㄉㄚˋ ㄉㄤˇ	大黨	51
ㄊㄞˋ ㄧㄡˇ	太有	51
ㄗˇ ㄔㄢˇ	子產	51
ㄎㄜˋ ㄐㄧㄚ ㄏㄨㄚˋ	客家話	51
ㄈㄨˋ ㄏㄠˊ	富豪	51
ㄕˊ ㄨˋ ㄕㄤˋ	實務上	51
ㄎㄨㄢ ㄉㄚˋ	寬大	51
ㄏㄨㄢˊ	寰	51
ㄕㄜˋ ㄉㄠˋ	射到	51
ㄓㄨㄢ ㄧㄝˋ ㄏㄨㄚˋ	專業化	51
ㄒㄧㄠˇ ㄅㄠˇ	小寶	51
ㄒㄧㄠˇ ㄍㄡˇ	小狗	51
ㄨ ㄧㄢˊ	屋簷	51
ㄕㄢ ㄑㄧㄡ	山丘	51
ㄕˋ ㄉㄧˋ	市地	51
ㄋㄧㄢˊ ㄘˋ	年次	51
ㄐㄧˇ ㄒㄧㄤˋ	幾項	51
ㄍㄨㄤˇ ㄅㄛ ㄉㄧㄢˋ ㄕˋ	廣播電視	51
ㄍㄨㄤˇ ㄅㄛˋ ㄉㄧㄢˋ ㄕˋ	廣播電視	51
ㄧㄢˊ ㄉㄠˋ	延到	51
ㄕˋ ㄧㄤˋ	式樣	51
ㄑㄧㄤˇ ㄓˋ ㄓˊ ㄒㄧㄥˊ	強制執行	51
ㄑㄧㄤˊ ㄓˋ ㄓˊ ㄒㄧㄥˊ	強制執行	51
ㄘㄞˇ ㄓㄨㄤ	彩妝	51
ㄏㄡˋ ㄅㄢˋ	後半	51
ㄏㄡˋ ㄉㄨㄣˋ	後盾	51
ㄒㄧㄣ ㄢ	心安	51
ㄒㄧㄣ ㄋㄧㄢˋ	心念	51
ㄨㄤˋ ㄏㄨㄞˊ	忘懷	51
ㄩㄢˋ ㄧㄢˊ	怨言	51
ㄏㄨㄤˇ ㄖㄢˊ	恍然	51
ㄧㄥˋ ㄩㄥˋ ㄉㄜ˙	應用的	51
ㄉㄞˋ ㄓㄜ˙	戴著	51
ㄅㄧㄢˇ ㄆㄧㄥˊ	扁平	51
ㄕㄡˇ ㄍㄠˇ	手稿	51
ㄕㄡˇ ㄅㄧˇ	手筆	51
ㄉㄚˇ ㄓㄣ	打針	51
ㄔㄥˊ ㄗㄨ	承租	51
ㄓㄨㄚ ㄑㄧˇ	抓起	51
ㄎㄨㄣˇ	捆	51
ㄅㄨˇ ㄕˊ	捕食	51
ㄙㄠˇ ㄉㄤˋ	掃蕩	51
ㄓㄤˇ ㄍㄨㄢˇ	掌管	51
ㄐㄧㄝ ㄊㄡˊ	接頭	51
ㄊㄨㄟ ㄉㄨㄢˋ	推斷	51
ㄊㄨㄟ ㄙㄨㄢˋ	推算	51
ㄊㄨㄟ ㄎㄞ	推開	51
ㄅㄢ ㄕㄤˋ	搬上	51
ㄔㄜˋ ㄊㄨㄟˋ	撤退	51
ㄅㄛ ㄐㄧㄝ	撥接	51
ㄘㄨㄛ ㄏㄜˊ	撮合	51
ㄘㄨㄛˋ ㄏㄜˊ	撮合	51
ㄕㄡ ㄔㄤˇ	收場	51
ㄍㄞˇ ㄓㄥˋ	改正	51
ㄒㄧㄠˋ ㄈㄚˇ	效法	51
ㄐㄧㄠˋ ㄩˋ ㄒㄧˋ	教育系	51
ㄨㄣˊ ㄍㄠˇ	文稿	51
ㄓㄣ ㄓㄨㄛˊ	斟酌	51
ㄒㄧㄣ ㄌㄞˊ	新來	51
ㄒㄧㄣ ㄋㄧㄢˊ ㄎㄨㄞˋ ㄌㄜˋ	新年快樂	51
ㄕ ㄓㄢˇ	施展	51
ㄇㄧㄥˊ ㄉㄧㄥˋ	明訂	51
ㄧˋ ㄉㄨㄥˇ	易懂	51
ㄕˊ ㄧˊ	時宜	51
ㄏㄨㄤˇ ㄏㄨㄤˇ	晃晃	51
ㄏㄨㄤˇ ㄏㄨㄤˋ	晃晃	51
ㄕㄨ ㄎㄢ	書刊	51
ㄩㄝˋ ㄈㄣˋ	月分	51
ㄧㄡˇ ㄌㄧˋ ㄉㄜ˙	有利的	51
ㄧㄡˇ ㄙㄨㄛˇ ㄅㄨˋ ㄊㄨㄥˊ	有所不同	51
ㄧㄡˇ ㄘˇ	有此	51
ㄈㄤ	枋	51
ㄍㄨㄛˇ ㄖㄨˊ	果如	51
ㄍㄨㄛˇ ㄩˇ	果與	51
ㄓㄨˋ ㄗ˙	柱子	51
ㄇㄧㄢˊ ㄅㄟˋ	棉被	51
ㄐㄧˊ ㄒㄧㄥˋ	極性	51
ㄑㄧㄤ ㄓ	槍枝	51
ㄐㄧㄢˇ ㄉㄧㄠˋ ㄉㄢ ㄨㄟˋ	檢調單位	51
ㄌㄢˊ ㄍㄢ	欄杆	51
ㄓㄥˋ ㄈㄢˇ	正反	51
ㄘˇ ㄖㄣˊ	此人	51
ㄘˇ ㄐㄧㄢ	此間	51
ㄍㄨㄟ ㄍㄨㄥ	歸功	51
ㄘㄢˊ ㄑㄩㄝ	殘缺	51
ㄕㄨㄟˇ ㄘㄞˇ	水彩	51
ㄐㄧㄤ ㄕㄢ	江山	51
ㄊㄞˋ ㄏㄨㄢˋ	汰換	51
ㄒㄧˇ ㄑㄧㄢˊ	洗錢	51
ㄌㄧㄡˊ ㄌㄨㄛˋ	流落	51
ㄌㄧㄡˊ ㄌㄡˋ ㄔㄨ	流露出	51
ㄏㄞˇ ㄢˋ ㄒㄧㄢˋ	海岸線	51
ㄒㄧㄠ ㄑㄧㄢˇ	消遣	51
ㄌㄧㄢˊ	漣	51
ㄇㄢˋ ㄅㄨˋ	漫步	51
ㄓㄤ	漳	51
ㄎㄨㄣ	焜	51
ㄨˊ ㄍㄨˋ	無故	51
ㄓㄨˇ ㄈㄢˋ	煮飯	51
ㄌㄧˊ	犁	51
ㄈㄢˋ ㄢˋ	犯案	51
ㄉㄨˊ ㄓㄢˋ	獨占	51
ㄏㄨㄛˋ ㄅㄢ	獲頒	51
ㄑㄧㄡˊ ㄒㄧㄥ	球星	51
ㄆㄧㄥˊ ㄗ˙	瓶子	51
ㄧㄡˊ	疣	51
ㄈㄚ ㄉㄡˇ	發抖	51
ㄕㄥˇ ㄉㄧㄢˋ	省電	51
ㄕˊ ㄏㄨㄟ	石灰	51
ㄌㄧˋ	礫	51
ㄐㄧˋ ㄔㄨ	祭出	51
ㄐㄧㄣˋ ㄩㄥˋ	禁用	51
ㄍㄠˇ ㄐㄧㄢˋ	稿件	51
ㄓㄨˊ ㄑㄧㄢˋ	竹塹	51
ㄅㄣˋ ㄉㄢˋ	笨蛋	51
ㄉㄧˋ ㄙㄢ ㄑㄧˊ	第三期	51
ㄒㄧˋ ㄈㄣ	細分	51
ㄐㄧㄝˊ ㄌㄨㄣˋ ㄕˋ	結論是	51
ㄙㄨㄟ	綏	51
ㄈㄟ ㄨㄣˊ	緋聞	51
ㄖㄠˋ ㄓㄜ˙	繞著	51
ㄈㄢ ㄍㄨㄣˇ	翻滾	51
ㄌㄧㄠˊ ㄉㄠˋ	聊到	51
ㄊㄧㄥ ㄉㄨㄥˇ	聽懂	51
ㄒㄧㄠˋ ㄒㄧㄤˋ	肖像	51
ㄐㄧㄠˇ ㄉㄧˇ	腳底	51
ㄧㄥ	膺	51
ㄒㄧㄥ ㄍㄨㄛˊ	興國	51
ㄏㄨㄚ ㄉㄧㄠˋ	花掉	51
ㄏㄨㄚ ㄒㄧㄤ	花香	51
ㄇㄠˋ ㄇㄧˋ	茂密	51
ㄓㄨㄤ ㄊㄧㄥˊ ㄖㄨㄟˋ	莊庭瑞	51
ㄓㄨㄤ ㄕㄨˊ ㄑㄧˊ	莊淑旂	51
ㄕㄚ ㄌㄧˋ	莎莉	51
ㄨㄢˋ ㄕˋ	萬事	51
ㄓㄨㄛˊ ㄇㄛˋ	著墨	51
ㄘㄤˊ ㄕㄨ	藏書	51
ㄧㄠˋ ㄕㄨㄟˇ	藥水	51
ㄅㄧㄠˇ ㄕㄨˋ	表述	51
ㄔㄣˋ ㄊㄨㄛ	襯托	51
ㄐㄧㄠˇ ㄇㄛˊ	角膜	51
ㄐㄧㄝˇ ㄕㄨㄛ ㄩㄢˊ	解說員	51
ㄉㄧㄥˋ ㄗㄨㄛˋ	訂做	51
ㄊㄠˇ ㄌㄨㄣˋ ㄑㄩ	討論區	51
ㄈㄤˇ ㄎㄜˋ	訪客	51
ㄕㄜˋ ㄌㄜ˙	設了	51
ㄆㄧㄥˊ ㄉㄧㄥˋ	評定	51
ㄢ	諳	51
ㄐㄧㄤˇ ㄈㄚˇ	講法	51
ㄐㄧㄥˇ ㄊㄢˋ	警探	51
ㄅㄧㄢˋ ㄓˊ	變質	51
ㄉㄡˋ ㄐㄧㄤ	豆漿	51
ㄗㄜˊ ㄅㄟˋ	責備	51
ㄇㄞˋ ㄉㄜ˙	賣得	51
ㄑㄧˇ ㄕˇ	起始	51
ㄔㄠ ㄌㄧㄢˊ ㄐㄧㄝˊ	超連結	51
ㄍㄣ ㄗㄨㄥ	跟蹤	51
ㄊㄧㄠˋ ㄑㄧˇ	跳起	51
ㄖㄨㄢˇ ㄒㄧㄥˋ	軟性	51
ㄌㄚˋ ㄇㄟˋ	辣妹	51
ㄐㄧㄣˋ ㄑㄧˊ ㄋㄟˋ	近期內	51
ㄋㄧˋ ㄔㄚ	逆差	51
ㄌㄧㄢˊ ㄗㄞˋ	連載	51
ㄍㄨㄛˋ ㄅㄞˇ	過百	51
ㄉㄠˋ ㄌㄨˋ ㄕㄤˋ	道路上	51
ㄒㄩㄢˇ ㄔㄨ ㄌㄞˊ	選出來	51
ㄅㄤ ㄐㄧㄠ ㄍㄨㄛˊ	邦交國	51
ㄐㄧㄠ ㄨㄞˋ	郊外	51
ㄒㄧㄤ ㄙㄨㄛˇ	鄉所	51
ㄒㄧㄤ ㄐㄧㄢ	鄉間	51
ㄌㄧㄣˊ ㄌㄧˇ	鄰里	51
ㄒㄧㄥˇ ㄇㄨˋ	醒目	51
ㄔㄡˇ ㄌㄡˋ	醜陋	51
ㄓㄨㄥˋ ㄖㄣˋ	重任	51
ㄔㄨㄥˊ ㄒㄧㄡ	重修	51
ㄌㄧㄤˊ ㄕㄣ	量身	51
ㄆㄨ ㄕㄜˋ	鋪設	51
ㄌㄨˋ ㄉㄠˋ	錄到	51
ㄗㄨㄢ ㄐㄧㄣˋ	鑽進	51
ㄓㄤˇ ㄉㄠˋ	長到	51
ㄔㄤˊ ㄔㄨㄣ	長春	51
ㄎㄞ ㄊㄧㄥˊ	開庭	51
ㄌㄨㄥˊ ㄓㄨㄥˋ	隆重	51
ㄧㄣˇ ㄇㄧˋ	隱密	51
ㄐㄧ ㄖㄡˋ	雞肉	51
ㄋㄢˊ ㄊㄧㄥ	難聽	51
ㄉㄧㄢˋ ㄏㄨㄚˋ ㄒㄧㄢˋ	電話線	51
ㄌㄧㄥˊ ㄇㄧㄣˇ	靈敏	51
ㄑㄧㄠˋ	鞘	51
ㄧㄣ ㄩㄝˋ ㄐㄩˋ	音樂劇	51
ㄨㄢˊ ㄍㄨˋ	頑固	51
ㄧㄢˊ ㄌㄧㄠˋ	顏料	51
ㄧㄢˊ ㄙㄜˋ ㄉㄜ˙	顏色的	51
ㄒㄧㄢˇ ㄐㄧㄢˋ	顯見	51
ㄧㄤˇ ㄏㄨㄛˊ	養活	51
ㄦˇ	餌	51
ㄐㄧㄥ ㄒㄧㄢˇ	驚險	51
ㄍㄨˇ ㄖㄡˋ	骨肉	51
ㄗㄨㄣ	鱒	51
ㄗㄨㄣˋ	鱒	51
ㄌㄨㄢˊ	鸞	51
ㄇㄧㄢˋ ㄒㄧㄢˋ	麵線	51
ㄧ ㄍㄨㄛˊ ㄌㄧㄤˇ ㄓˋ	一國兩制	50
ㄧˋ ㄍㄨㄛˊ ㄌㄧㄤˇ ㄓˋ	一國兩制	50
ㄧ ㄧˋ	一意	50
ㄧˊ ㄧˋ	一意	50
ㄧ ㄆㄞˋ	一派	50
ㄧˊ ㄆㄞˋ	一派	50
ㄕㄤˋ ㄓㄨㄛ	上桌	50
ㄕㄤˋ ㄌㄡˊ	上樓	50
ㄅㄨˋ ㄓㄨㄣˇ	不準	50
ㄅㄨˋ ㄊㄧㄥ	不聽	50
ㄅㄧㄥˋ ㄩㄥˋ	並用	50
ㄧㄚ	丫	50
ㄓㄨㄥ ㄨㄣˊ ㄏㄨㄚˋ	中文化	50
ㄓㄨㄥ ㄐㄧˋ	中繼	50
ㄓㄨㄥ ㄒㄩㄢˇ ㄏㄨㄟˋ	中選會	50
ㄓㄨˇ ㄕˊ	主食	50
ㄓ ㄈㄣ	之分	50
ㄑㄧˇ ㄍㄞˋ	乞丐	50
ㄩㄣˊ ㄩㄣˊ	云云	50
ㄖㄣˊ ㄕㄥ ㄍㄨㄢ	人生觀	50
ㄖㄣˊ ㄏㄨㄛˋ	人禍	50
ㄗˇ ㄒㄧˋ ㄎㄢˋ	仔細看	50
ㄧˇ ㄑㄧㄢˊ ㄕˋ	以前是	50
ㄕㄣ ㄓㄢˇ	伸展	50
ㄅㄨˋ ㄇㄢˇ	佈滿	50
ㄨㄟˋ ㄧˊ	位移	50
ㄏㄜˊ ㄕˋ	何事	50
ㄐㄧㄚ ㄖㄣˊ	佳人	50
ㄅㄧㄢˋ ㄌㄧˋ ㄒㄧㄥˋ	便利性	50
ㄒㄧㄡ ㄐㄧㄢˋ	修建	50
ㄐㄩˋ ㄑㄩㄢˊ	俱全	50
ㄅㄟˋ ㄕㄨˋ	倍數	50
ㄐㄧㄝˋ ㄌㄞˊ	借來	50
ㄔㄨㄢˊ ㄒㄩㄣˋ	傳訊	50
ㄧㄡ ㄕㄥ	優生	50
ㄒㄧㄢ ㄧㄡˇ	先有	50
ㄍㄨㄤ ㄧㄥˇ	光影	50
ㄑㄩㄢˊ ㄌㄧˋ ㄧˇ ㄈㄨˋ	全力以赴	50
ㄑㄩㄢˊ ㄉㄡ ㄕˋ	全都是	50
ㄅㄚ ㄉㄜˊ	八德	50
ㄅㄚ ㄩㄝˋ ㄈㄣˋ	八月份	50
ㄍㄨㄥ ㄍㄨㄥˋ ㄔㄤˇ ㄙㄨㄛˇ	公共場所	50
ㄗㄞˋ ㄑㄧˇ	再起	50
ㄈㄣˋ ㄌㄧㄤˋ	分量	50
ㄘˋ ㄑㄧㄥ	刺青	50
ㄈㄨˋ ㄒㄧㄠˋ ㄓㄤˇ	副校長	50
ㄕㄥ ㄖㄣˋ	勝任	50
ㄏㄨㄚˋ ㄧㄢˋ	化驗	50
ㄅㄟˇ ㄏㄞˇ ㄉㄠˋ	北海道	50
ㄅㄟˇ ㄏㄞˇ ㄉㄠˋ ㄉㄧˋ ㄈㄤ	北海道地方	50
ㄕㄥ ㄉㄥˇ	升等	50
ㄨˇ ㄈㄢˋ	午飯	50
ㄧㄡˇ ㄞˋ	友愛	50
ㄈㄢˇ ㄓ	反之	50
ㄑㄩˇ ㄒㄧㄚˋ	取下	50
ㄑㄩˇ ㄦˊ ㄉㄞˋ ㄓ	取而代之	50
ㄆㄢˋ ㄋㄧˋ	叛逆	50
ㄍㄨˇ ㄔㄥˊ	古城	50
ㄎㄜˇ ㄎㄜˇ	可可	50
ㄊㄞˊ ㄉㄚˋ ㄧ ㄩㄢˋ	台大醫院	50
ㄔ ㄔ	吃吃	50
ㄏㄜˊ ㄧˊ	合宜	50
ㄈㄣ ㄈㄨˋ	吩咐	50
ㄉㄞ ㄉㄞ	呆呆	50
ㄆㄧㄣˇ ㄉㄜˊ	品德	50
ㄑㄧˇ ㄇㄧㄥˊ	啟明	50
ㄊㄢˋ ㄒㄧˊ	嘆息	50
ㄧㄢˊ ㄐㄧㄣˋ	嚴禁	50
ㄙˋ ㄌㄡˊ	四樓	50
ㄍㄨㄛˊ ㄕㄨㄟˋ	國稅	50
ㄗㄞˋ ㄅㄤ	在幫	50
ㄓㄨㄥˇ	塚	50
ㄨㄞˋ ㄇㄠˋ	外貌	50
ㄉㄚˋ ㄧ	大衣	50
ㄊㄞˋ ㄅㄨˊ	太不	50
ㄊㄞˋ ㄅㄨˋ	太不	50
ㄕ ㄇㄧㄢˊ	失眠	50
ㄈㄣˋ ㄌㄧˋ	奮力	50
ㄧㄠˊ ㄐㄧㄚ ㄨㄣˊ	姚嘉文	50
ㄙㄨㄣ ㄨˋ ㄎㄨㄥ	孫悟空	50
ㄉㄧㄥˋ ㄒㄧㄚˋ ㄌㄞˊ	定下來	50
ㄐㄧㄚ ㄧㄝˋ	家業	50
ㄏㄢˊ ㄌㄧㄡˊ	寒流	50
ㄒㄧㄝˇ ㄕㄤˋ	寫上	50
ㄕㄜˋ ㄉㄜ˙	射的	50
ㄕㄜˋ ㄉㄧˋ	射的	50
ㄉㄨㄟˋ ㄌㄧㄡˊ	對流	50
ㄒㄧㄠˇ ㄍㄨ ㄋㄧㄤˊ	小姑娘	50
ㄒㄧㄠˇ ㄍㄨ ㄋㄧㄤ˙	小姑娘	50
ㄒㄧㄠˇ ㄉㄠˇ	小島	50
ㄕㄠˇ ㄒㄩˇ	少許	50
ㄐㄧㄡˋ ㄨㄣˋ	就問	50
ㄔㄚˋ	岔	50
ㄑㄧㄠˇ ㄙ	巧思	50
ㄔㄚ ㄧˋ ㄉㄧㄢˇ	差一點	50
ㄅㄨˋ ㄐㄩˊ	布局	50
ㄉㄞˋ ㄏㄨㄟˊ ㄌㄞˊ	帶回來	50
ㄅㄤ ㄕㄡˇ	幫手	50
ㄋㄧㄢˊ ㄏㄨㄚˋ	年畫	50
ㄐㄧˇ ㄐㄩˋ	幾句	50
ㄐㄧ ㄐㄧㄣˋ	幾近	50
ㄔㄨㄤˊ ㄨㄟˋ	床位	50
ㄒㄩˋ ㄏㄠˋ	序號	50
ㄉㄨˋ ㄖㄣˊ	度人	50
ㄏㄡˋ ㄕˋ	後市	50
ㄉㄜˊ ㄅㄨˊ ㄉㄠˋ	得不到	50
ㄩㄢˋ ㄏㄣˋ	怨恨	50
ㄧㄡ ㄧㄡˊ ㄎㄚˇ	悠遊卡	50
ㄑㄧㄥˊ ㄞˋ	情愛	50
ㄒㄧㄤˇ ㄏㄨㄟˊ	想回	50
ㄨㄟˋ ㄨㄣˋ	慰問	50
ㄨㄛˇ ㄩㄢˋ ㄧˋ	我願意	50
ㄐㄧㄝˋ ㄓˇ	戒指	50
ㄙㄨㄛˇ ㄕㄨˋ	所述	50
ㄕㄡˇ ㄒㄧㄚˋ	手下	50
ㄕㄡˇ ㄓˇ ㄊㄡˊ	手指頭	50
ㄕㄡˇ ㄓˇ ㄊㄡ˙	手指頭	50
ㄉㄚˇ ㄆㄧㄣ	打拼	50
ㄔㄥˊ ㄅㄠ ㄕㄤ	承包商	50
ㄎㄤˋ ㄌㄧˋ	抗力	50
ㄓㄜˊ ㄓㄨㄥ	折衷	50
ㄌㄚ ㄌㄚ	拉拉	50
ㄅㄚˊ ㄉㄧㄠˋ	拔掉	50
ㄞ ㄜˋ	挨餓	50
ㄊㄠ ㄎㄨㄥ	掏空	50
ㄊㄨㄟ ㄕㄡˇ	推手	50
ㄊㄨㄟ ㄧㄢˇ	推演	50
ㄧㄠˊ ㄧㄠˊ ㄊㄡˊ	搖搖頭	50
ㄅㄧㄥˋ	摒	50
ㄓㄨㄤˋ ㄑㄧㄡˊ	撞球	50
ㄅㄞˇ ㄔㄨ	擺出	50
ㄖㄤˇ	攘	50
ㄖㄤˊ	攘	6.351308576902391
ㄊㄢ ㄗ˙	攤子	50
ㄕㄡ ㄧㄤˇ	收養	50
ㄈㄤˋ ㄏㄨㄟˊ	放回	50
ㄐㄧㄠˋ ㄩˋ ㄐㄧㄝˋ	教育界	50
ㄉㄨㄣ ㄏㄨㄤˊ	敦煌	50
ㄑㄧㄠ ㄇㄣˊ	敲門	50
ㄓㄥˇ ㄋㄧㄢˊ	整年	50
ㄕㄨˋ ㄘˋ	數次	50
ㄒㄧㄣ ㄏㄨㄚˊ	新華	50
ㄌㄩˇ ㄇㄟˇ	旅美	50
ㄖˋ ㄩㄥˋ	日用	50
ㄒㄧㄥ ㄒㄧˋ	星系	50
ㄕˋ ㄅㄚ˙	是吧	50
ㄔㄤˋ ㄒㄧㄠ ㄕㄨ	暢銷書	50
ㄓㄢˋ ㄒㄧㄥˊ	暫行	50
ㄧㄡˇ ㄑㄩㄝ	有缺	50
ㄧㄡˇ ㄑㄧㄥˇ	有請	50
ㄑㄧˊ ㄇㄛˋ ㄎㄠˇ	期末考	50
ㄉㄨㄥ ㄕˋ	東市	50
ㄖㄡˊ ㄏㄜˊ	柔和	50
ㄐㄧㄢˇ	柬	50
ㄌㄧㄡˇ ㄧㄝˋ	柳葉	50
ㄌㄧㄤˊ ㄕㄢ	梁山	50
ㄩㄝˋ ㄊㄢˊ	樂壇	50
ㄇㄛˊ ㄏㄨˊ ㄉㄜ˙	模糊的	50
ㄒㄧㄣ ㄒㄧˇ	欣喜	50
ㄕㄨㄟˇ ㄒㄧㄢˋ	水線	50
ㄋㄧˊ ㄕㄚ	泥沙	50
ㄐㄧㄢˇ ㄅㄢˋ	減半	50
ㄍㄤˇ ㄠˋ	港澳	50
ㄒㄩㄢˋ ㄖㄢˇ	渲染	50
ㄇㄧㄝˋ ㄐㄩㄝˊ	滅絕	50
ㄆㄧㄠ ㄈㄨˊ	漂浮	50
ㄏㄢˋ ㄗ˙	漢子	50
ㄒㄧˋ	潟	50
ㄎㄠˇ ㄖㄡˋ	烤肉	50
ㄨˊ ㄙㄨㄛˇ ㄅㄨˊ ㄗㄞˋ	無所不在	50
ㄨˊ ㄙㄨㄛˇ ㄅㄨˋ ㄗㄞˋ	無所不在	50
ㄉㄥ ㄊㄚˇ	燈塔	50
ㄆㄚˊ ㄑㄧˇ ㄌㄞˊ	爬起來	50
ㄓㄨㄤˋ ㄩㄢˊ	狀元	50
ㄎㄨㄤˊ ㄅㄧㄠ	狂飆	50
ㄐㄧㄠˇ	狡	50
ㄨㄢˊ ㄡˇ	玩偶	50
ㄅㄢ ㄕㄤˋ	班上	50
ㄅㄢ ㄍㄨˋ	班固	50
ㄩㄥˋ ㄑㄧˇ ㄌㄞˊ	用起來	50
ㄈㄚ ㄓㄢˇ ㄔㄨ ㄌㄞˊ	發展出來	50
ㄐㄧㄠˇ	皎	50
ㄆㄧˊ ㄘㄠˇ	皮草	50
ㄇㄟˊ ㄊㄡˊ	眉頭	50
ㄎㄢˋ ㄅㄨˋ ㄔㄨ ㄌㄞˊ	看不出來	50
ㄓㄣ ㄧㄠˋ	真要	50
ㄉㄨ ㄈㄨˇ	督府	50
ㄔㄨˋ ㄌㄧˋ	矗立	50
ㄕˊ ㄍㄠ	石膏	50
ㄆㄛˋ ㄐㄧㄡˋ	破舊	50
ㄕㄣˊ ㄒㄩㄝˊ	神學	50
ㄔㄥ ㄗㄨㄛˋ	稱做	50
ㄔㄨㄢ ㄉㄜ˙	穿的	50
ㄊㄨˊ ㄖㄢˊ ㄐㄧㄢ	突然間	50
ㄔㄨㄤ ㄗ˙	窗子	50
ㄓㄢˋ ㄓㄜ˙	站著	50
ㄔㄡˊ ㄅㄢˋ	籌辦	50
ㄘㄨ ㄅㄠˋ	粗暴	50
ㄌㄟˇ ㄌㄟˇ	累累	50
ㄐㄧㄝˊ ㄏㄜˊ	結核	50
ㄗㄨㄥˋ ㄖㄨㄥˊ	縱容	50
ㄐㄧㄠˇ ㄕㄨㄟˋ	繳稅	50
ㄈㄚˊ ㄉㄢ	罰單	50
ㄧˋ ㄩㄥˇ	義勇	50
ㄧˋ ㄋㄧㄢˊ	翌年	50
ㄎㄠˇ ㄍㄨˇ ㄒㄩㄝˊ ㄐㄧㄚ	考古學家	50
ㄋㄞˋ ㄒㄧㄥˋ	耐性	50
ㄊㄧㄥ ㄨㄣˊ	聽聞	50
ㄏㄨˊ ㄑㄧㄣˊ	胡琴	50
ㄒㄩㄥ ㄐㄧㄣ	胸襟	50
ㄐㄧˇ ㄙㄨㄟˇ	脊髓	50
ㄐㄧˇ ㄙㄨㄟˊ	脊髓	50
ㄐㄧˊ ㄙㄨㄟˇ	脊髓	50
ㄉㄢˇ ㄒㄧㄠˇ	膽小	50
ㄌㄧㄣˊ ㄉㄠˋ	臨到	50
ㄌㄧㄣˊ ㄔㄤˇ	臨場	50
ㄗˋ ㄧㄡˊ ㄗˋ ㄗㄞˋ	自由自在	50
ㄗˋ ㄉㄧㄥˋ	自訂	50
ㄕㄨ ㄈㄨˊ ㄉㄜ˙	舒服的	50
ㄧㄥ ㄐㄩㄣˋ	英俊	50
ㄨㄟˋ ㄨˇ ㄧㄥˊ	衛武營	50
ㄔㄨㄥ ㄔㄨ	衝出	50
ㄅㄧㄠˇ ㄓㄤ	表彰	50
ㄅㄨˇ ㄕㄤˋ	補上	50
ㄒㄧ ㄒㄧ	西西	50
ㄊㄠˇ ㄌㄨㄣˋ ㄏㄨㄟˋ	討論會	50
ㄒㄧㄤˊ ㄑㄧㄥˊ	詳情	50
ㄊㄢˊ ㄊㄧㄢ	談天	50
ㄐㄧㄥˇ ㄕˋ	警示	50
ㄉㄡˋ ㄗ˙	豆子	50
ㄈㄥ ㄩㄢˊ	豐原	50
ㄇㄠ ㄇㄧ	貓咪	50
ㄓㄨˇ ㄘㄨㄣˊ	貯存	50
ㄇㄞˇ ㄅㄨˋ ㄑㄧˇ	買不起	50
ㄇㄞˇ ㄈㄤ	買方	50
ㄊㄧㄝ ㄔㄨ	貼出	50
ㄍㄡˋ ㄨˋ ㄓㄨㄥ ㄒㄧㄣ	購物中心	50
ㄔˋ ㄌㄨㄛˇ ㄌㄨㄛˇ	赤裸裸	50
ㄕㄣ ㄔㄤˊ	身長	50
ㄐㄧㄠˋ ㄐㄧㄣˋ	較勁	50
ㄐㄧㄠˋ ㄐㄧㄥˋ	較勁	50
ㄈㄨˇ ㄐㄩˋ	輔具	50
ㄓㄨㄢˇ ㄓㄤˋ	轉帳	50
ㄓㄨㄢˇ ㄕㄨˋ	轉述	50
ㄒㄧㄣ ㄙㄨㄢ	辛酸	50
ㄊㄡˋ ㄌㄡˋ ㄔㄨ	透露出	50
ㄓㄜˋ ㄅㄧˇ ㄑㄧㄢˊ	這筆錢	50
ㄊㄨㄥ ㄐㄧㄢ	通姦	50
ㄊㄨㄥ ㄏㄨㄣ	通婚	50
ㄌㄧㄢˊ ㄏㄨㄢˊ	連環	50
ㄒㄩㄣˋ ㄙㄜˋ	遜色	50
ㄏㄞˊ ㄓㄣ ㄕˋ	還真是	50
ㄅㄧㄢ ㄐㄧㄥˋ	邊境	50
ㄐㄧㄠ ㄧㄡˊ	郊遊	50
ㄆㄟˋ ㄉㄠˋ	配到	50
ㄧㄝˇ ㄕㄡˇ	野手	50
ㄋㄚˋ	鈉	50
ㄧㄣˊ ㄙㄜˋ	銀色	50
ㄑㄧㄢˊ ㄈㄨˋ	錢復	50
ㄩㄝˋ ㄉㄨˊ ㄑㄧˋ	閱讀器	50
ㄏㄜˊ	闔	50
ㄔㄨㄤˇ ㄖㄨˋ	闖入	50
ㄈㄤˊ ㄉㄨˊ	防毒	50
ㄚ ㄙ ㄆㄧ ㄌㄧㄥˊ	阿斯匹靈	50
ㄕㄢˇ	陝	50
ㄙㄨㄟˊ	隋	50
ㄔㄨˊ ㄒㄧㄥˊ	雛形	50
ㄌㄟˊ ㄊㄨㄥˊ	雷同	50
ㄐㄧㄥˋ ㄧˊ	靜宜	50
ㄇㄧㄢˋ ㄐㄧㄠ	面交	50
ㄍㄨˋ ㄇㄧㄥˊ	顧名	50
ㄍㄨˋ ㄇㄧㄥˊ ㄙ ㄧˋ	顧名思義	50
ㄈㄥ ㄒㄧㄤˋ	風向	50
ㄈㄥ ㄏㄨㄚˊ	風華	50
ㄍㄨㄚ	颳	50
ㄆㄧㄠ ㄆㄧㄠ	飄飄	50
ㄧㄤˇ ㄐㄧㄚ	養家	50
ㄧㄤˇ ㄌㄠˇ	養老	50
ㄑㄧˊ ㄌㄡˊ	騎樓	50
ㄍㄨˇ ㄍㄢˋ	骨幹	50
ㄩˊ ㄦ	魚兒	50
ㄩˊ ㄦˊ	魚兒	50
ㄩˊ ㄖㄡˋ	魚肉	50
ㄌㄨˋ ㄍㄨˇ	鹿谷	50
ㄇㄚˊ ㄇㄨˋ	麻木	50
ㄏㄟ ㄏㄞˇ	黑海	50
ㄌㄨㄥˊ ㄋㄧㄢˊ	龍年	50
ㄧ ㄨㄛ	一窩	49
ㄧˋ ㄨㄛ	一窩	49
ㄧ ㄐㄧㄠˇ	一腳	49
ㄧˋ ㄐㄧㄠˇ	一腳	49
ㄑㄧ ㄌㄧㄥˊ ㄋㄧㄢˊ ㄉㄞˋ	七零年代	49
ㄅㄨˊ ㄖㄨˋ	不入	49
ㄅㄨˊ ㄧㄢˋ	不厭	49
ㄅㄨˋ ㄧㄢˋ	不厭	49
ㄅㄨˊ ㄨㄣˋ	不問	49
ㄓㄨㄥ ㄍㄨㄛˊ ㄏㄨㄚˋ	中國話	49
ㄓㄨㄥ ㄓㄥˋ ㄌㄨˋ	中正路	49
ㄓㄨㄥ ㄘㄢ	中餐	49
ㄐㄧㄠ ㄍㄜ	交割	49
ㄐㄧㄠ ㄐㄧˋ	交際	49
ㄖㄣˊ ㄧˋ	仁義	49
ㄖㄥˊ ㄨㄟˋ	仍未	49
ㄧˇ ㄨㄤˇ ㄉㄜ˙	以往的	49
ㄈㄤˇ ㄒㄧㄠˋ	仿效	49
ㄌㄞˊ ㄖˋ	來日	49
ㄌㄧˋ ㄖㄨˊ ㄕㄨㄛ	例如說	49
ㄒㄧㄡ ㄘˊ	修辭	49
ㄧˇ ㄊㄧㄢ	倚天	49
ㄆㄧㄢ ㄞˋ	偏愛	49
ㄐㄧㄣˇ ㄎㄜˇ	僅可	49
ㄍㄨㄤ ㄒㄧㄚˋ	光下	49
ㄎㄜˋ ㄌㄧˋ	克利	49
ㄉㄨㄟˋ ㄒㄧㄢˋ	兌現	49
ㄖㄨˋ ㄍㄨˇ	入股	49
ㄋㄟˋ ㄏㄢˊ	內含	49
ㄈㄣ ㄍㄜˊ	分隔	49
ㄎㄢ ㄗㄞˋ	刊載	49
ㄕㄢ ㄉㄧㄠˋ	刪掉	49
ㄑㄧㄢˊ ㄉㄨㄢ	前端	49
ㄈㄨˋ ㄧㄢˊ ㄐㄧㄡˋ ㄩㄢˊ	副研究員	49
ㄔㄨㄤˋ ㄐㄩˇ	創舉	49
ㄐㄩˋ ㄗㄨㄛˋ ㄐㄧㄚ	劇作家	49
ㄍㄡ ㄑㄧˇ	勾起	49
ㄏㄨㄚˋ ㄏㄜˊ ㄨˋ	化合物	49
ㄕˊ ㄍㄜˋ ㄖㄣˊ	十個人	49
ㄕˊ ㄍㄜ˙ ㄖㄣˊ	十個人	49
ㄅㄢˋ ㄑㄧㄡˊ	半球	49
ㄎㄚˇ ㄓㄨˋ	卡住	49
ㄑㄩㄝˋ ㄋㄥˊ	卻能	49
ㄑㄩˇ ㄕㄥˋ	取勝	49
ㄕㄡˋ ㄗㄨˇ	受阻	49
ㄎㄡˇ ㄈㄨˊ	口服	49
ㄍㄜˋ ㄉㄢ ㄨㄟˋ	各單位	49
ㄍㄜˋ ㄉㄧˋ ㄈㄤ	各地方	49
ㄏㄜˊ ㄈㄚˇ ㄒㄧㄥˋ	合法性	49
ㄏㄜˊ ㄓㄜ˙	合著	49
ㄊㄨㄥˊ ㄏㄨㄚˋ	同化	49
ㄊㄨㄥˊ ㄗㄞˋ	同在	49
ㄊㄨㄥˊ ㄉㄧㄢˇ	同點	49
ㄇㄧㄥˋ ㄓㄨㄥˋ ㄌㄩˋ	命中率	49
ㄕㄤ ㄊㄠˇ	商討	49
ㄏㄜ ㄉㄜ˙	喝的	49
ㄏㄨㄟˊ ㄧˋ ㄌㄨˋ	回憶錄	49
ㄎㄨㄣˋ ㄋㄢˊ ㄉㄨˋ	困難度	49
ㄍㄨㄛˊ ㄐㄧˋ ㄐㄧ ㄔㄤˇ	國際機場	49
ㄗㄞˋ ㄉㄨˊ	在讀	49
ㄐㄧㄢ ㄧㄥˋ	堅硬	49
ㄉㄨㄛ ㄩˊ ㄉㄜ˙	多餘的	49
ㄉㄚˋ ㄗㄨㄥ	大宗	49
ㄉㄚˋ ㄅㄣˇ ㄧㄥˊ	大本營	49
ㄉㄚˋ ㄧㄝˋ	大業	49
ㄉㄚˋ ㄏㄨˊ	大湖	49
ㄊㄧㄢ ㄏㄡˋ ㄍㄨㄥ	天后宮	49
ㄊㄧㄢ ㄨㄣˊ ㄊㄞˊ	天文台	49
ㄊㄞˋ ㄆㄧㄥˊ ㄧㄤˊ ㄍㄨㄟ	太平洋鮭	49
ㄏㄠˇ ㄕㄨㄛ	好說	49
ㄒㄩㄝˊ ㄧˋ	學藝	49
ㄒㄩㄝˊ ㄌㄧㄥˊ	學齡	49
ㄕㄡˇ ㄅㄟˋ	守備	49
ㄨㄢˊ ㄏㄠˇ	完好	49
ㄐㄧㄚ ㄐㄧˋ	家計	49
ㄒㄧㄝˇ ㄈㄚˇ	寫法	49
ㄕㄢ ㄔㄨㄢ	山川	49
ㄧˋ	屹	49
ㄧˇ ㄏㄨㄣ	已婚	49
ㄅㄚ ㄅㄚ	巴巴	49
ㄅㄨˋ ㄌㄤˇ	布朗	49
ㄔㄤˊ ㄎㄢˋ ㄉㄠˋ	常看到	49
ㄉㄧㄢˋ ㄓㄤˇ	店長	49
ㄏㄡˋ ㄊㄡˊ	後頭	49
ㄏㄡˋ ㄊㄡ˙	後頭	49
ㄜˋ ㄍㄨㄟˇ	惡鬼	49
ㄋㄨㄛˋ	懦	49
ㄐㄧˋ ㄕㄨˋ ㄖㄣˊ ㄩㄢˊ	技術人員	49
ㄊㄡˊ ㄍㄨˋ	投顧	49
ㄔㄡ ㄕㄨㄟˇ	抽水	49
ㄋㄧㄡˋ	拗	49
ㄠˋ	拗	49
ㄧㄠˋ	拗	49
ㄔˊ ㄒㄩˋ ㄒㄧㄥˋ	持續性	49
ㄢˋ ㄕˊ	按時	49
ㄒㄧㄚˊ ㄔˊ	挾持	49
ㄒㄧㄝˊ ㄔˊ	挾持	49
ㄆㄞˊ ㄓㄤˇ	排長	49
ㄍㄨㄚˋ ㄓㄜ˙	掛著	49
ㄔㄚ ㄕㄤˋ	插上	49
ㄔㄚ ㄏㄨㄚ	插花	49
ㄅㄛˊ ㄉㄡˋ	搏鬥	49
ㄑㄧㄤˇ ㄍㄨㄥ	搶攻	49
ㄈㄨˇ ㄇㄛ	撫摸	49
ㄕㄡ ㄐㄧㄢˋ	收件	49
ㄍㄨㄥ ㄉㄨㄟˋ	攻隊	49
ㄐㄧㄠˋ ㄊㄧㄠˊ	教條	49
ㄐㄧㄠˋ ㄩˋ ㄍㄞˇ ㄍㄜˊ	教育改革	49
ㄨㄣˊ ㄏㄨㄚˋ ㄐㄧㄝˋ	文化界	49
ㄒㄧㄣ ㄉㄧ	新低	49
ㄉㄨㄢˋ ㄒㄧㄢˋ	斷線	49
ㄉㄨㄢˋ ㄌㄧㄝˋ	斷裂	49
ㄌㄩˇ ㄖˋ	旅日	49
ㄋㄨㄢˇ ㄏㄨㄛ˙	暖和	49
ㄗㄨㄟˋ ㄐㄧㄚ ㄏㄨㄚˋ	最佳化	49
ㄏㄨㄟˋ ㄕㄡˇ	會首	49
ㄈㄨˊ ㄨˋ ㄈㄟˋ	服務費	49
ㄓㄠ ㄏㄨㄟˋ	朝會	49
ㄌㄨㄥˊ	朧	49
ㄅㄣˇ ㄧˋ	本意	49
ㄅㄣˇ ㄖˋ	本日	49
ㄎㄨ ㄗㄠˋ	枯燥	49
ㄒㄧㄠˋ ㄑㄧㄥˋ	校慶	49
ㄊㄧㄠˊ ㄇㄨˋ	條目	49
ㄍㄨˇ	榖	49
ㄘˋ ㄖˋ	次日	49
ㄓㄥˋ ㄔㄤˊ ㄖㄣˊ	正常人	49
ㄧㄤ	殃	49
ㄉㄨˊ ㄧㄣˇ	毒癮	49
ㄇㄧㄣˊ ㄐㄧㄣˋ ㄉㄤˇ ㄐㄧˊ	民進黨籍	49
ㄕㄨㄟˇ ㄐㄧㄥˇ	水井	49
ㄕㄨㄟˇ ㄐㄧㄚˋ	水價	49
ㄕㄨㄟˇ ㄘㄠˊ	水槽	49
ㄔㄣˊ ㄙ	沉思	49
ㄧㄤˊ ㄓㄨㄤ	洋裝	49
ㄒㄧˇ ㄨㄢˇ	洗碗	49
ㄌㄧㄡˊ ㄌㄤˋ ㄏㄢˋ	流浪漢	49
ㄏㄢˊ ㄧㄤˇ	涵養	49
ㄌㄧㄣˊ ㄅㄚ	淋巴	49
ㄩˊ	渝	49
ㄘㄜˋ ㄉㄧㄥˋ	測定	49
ㄏㄨˊ ㄎㄡˇ	湖口	49
ㄒㄧ ㄍㄨˇ	溪谷	49
ㄇㄢˇ ㄇㄢˇ ㄉㄜ˙	滿滿的	49
ㄧ	漪	49
ㄑㄧㄢˊ ㄘㄤˊ	潛藏	49
ㄓㄨㄛˊ ㄕㄨㄟˇ	濁水	49
ㄏㄨㄛˇ ㄖㄜˋ	火熱	49
ㄨˊ ㄊㄧㄠˊ ㄐㄧㄢˋ	無條件	49
ㄨˊ ㄨㄟˋ	無謂	49
ㄨˊ ㄐㄧㄢ	無間	49
ㄨˊ ㄐㄧㄢˋ	無間	49
ㄖㄜˋ ㄅㄧㄥˋ	熱病	49
ㄖㄜˋ ㄕㄣ	熱身	49
ㄋㄧㄡˊ ㄐㄧㄣ	牛津	49
ㄊㄜˋ ㄍㄨㄥ ㄉㄨㄟˋ	特攻隊	49
ㄕㄥ ㄅㄧㄢˋ	生變	49
ㄕㄨ ㄙㄢˋ	疏散	49
ㄕㄨ ㄩㄢˇ	疏遠	49
ㄊㄨㄥˋ ㄎㄨ	痛哭	49
ㄈㄚ ㄉㄠˋ	發到	49
ㄎㄨㄟ	盔	49
ㄒㄧㄤ ㄩㄝ	相約	49
ㄕˋ ㄖㄨㄛˋ	示弱	49
ㄌㄧˇ ㄅㄞˋ ㄨˇ	禮拜五	49
ㄧˊ ㄐㄩ	移居	49
ㄕㄨㄟˋ ㄈㄚˇ	稅法	49
ㄓㄨㄥˋ ㄕㄨˋ	種樹	49
ㄊㄨˊ ㄑㄧˇ	突起	49
ㄓㄨˊ ㄅㄟˇ	竹北	49
ㄉㄧˋ ㄑㄧ ㄕˊ	第七十	49
ㄐㄧㄢˇ ㄇㄧㄥˊ	簡明	49
ㄔㄡˊ ㄐㄧㄢˋ	籌建	49
ㄩㄝ ㄙㄜˋ	約瑟	49
ㄔㄨㄣˊ ㄘㄨㄟˋ ㄕˋ	純粹是	49
ㄙ ㄙ	絲絲	49
ㄗㄨㄥˋ ㄍㄨㄢ	綜觀	49
ㄅㄧㄢ ㄒㄧㄡ	編修	49
ㄕㄢˋ	繕	49
ㄓˋ ㄒㄧㄣˋ	置信	49
ㄧˋ ㄍㄨㄛˊ	義國	49
ㄈㄢ ㄓㄨㄢˇ	翻轉	49
ㄌㄠˇ ㄨㄞˋ	老外	49
ㄕㄥˋ ㄒㄧㄢˊ	聖賢	49
ㄌㄧㄢˊ ㄌㄧˋ	聯立	49
ㄌㄜˋ	肋	49
ㄌㄟˋ	肋	9.93227874803947
ㄩˋ ㄦˊ	育兒	49
ㄋㄥˊ ㄉㄨㄥˋ	能動	49
ㄇㄛˋ ㄓㄚˊ ㄊㄜˋ	莫札特	49
ㄨㄢˋ ㄕㄥˋ ㄐㄧㄝˊ	萬聖節	49
ㄌㄧˋ ㄌㄧㄣˊ	蒞臨	49
ㄙㄨ ㄠˋ	蘇澳	49
ㄧㄣˇ	蚓	49
ㄓㄨˋ	蛀	49
ㄔㄨㄥ ㄐㄧㄣˋ	衝進	49
ㄓㄨㄤ ㄐㄧㄚˇ	裝甲	49
ㄨㄚˋ ㄗ˙	襪子	49
ㄒㄧ ㄢ	西安	49
ㄒㄧ ㄌㄨㄛˊ	西螺	49
ㄐㄧㄢˋ ㄓㄠˊ	見著	49
ㄐㄧㄢˋ ㄌㄧㄤˋ	見諒	49
ㄍㄨㄢ ㄔㄚˊ ㄩㄢˊ	觀察員	49
ㄐㄧㄝˇ ㄈㄤˋ ㄐㄩㄣ	解放軍	49
ㄉㄧㄥˋ ㄨㄟˋ	訂位	49
ㄐㄧˋ ㄅㄨˊ	記不	49
ㄐㄧˋ ㄅㄨˋ	記不	49
ㄕㄜˋ ㄔㄥˊ	設成	49
ㄕˋ ㄊㄧˊ	試題	49
ㄕㄨㄛ ㄑㄧㄥ	說清	49
ㄅㄤˋ	謗	49
ㄗㄢˋ ㄊㄢˋ	讚嘆	49
ㄅㄟˋ ㄉㄨㄛ ㄈㄣ	貝多芬	49
ㄏㄨㄛˋ ㄌㄨㄣˊ	貨輪	49
ㄑㄧˇ ㄐㄧㄢˋ	起見	49
ㄍㄢˇ ㄍㄨㄥ	趕工	49
ㄆㄠˇ ㄉㄧㄠˋ	跑掉	49
ㄍㄣ ㄗㄞˋ	跟在	49
ㄐㄩㄣ ㄍㄨㄛˊ	軍國	49
ㄐㄩㄣ ㄒㄧㄠˋ	軍校	49
ㄗㄞˇ ㄩㄣˋ	載運	49
ㄗㄞˋ ㄩㄣˋ	載運	49
ㄕㄨ ㄒㄧㄝˇ	輸血	49
ㄅㄧㄢˋ ㄓㄥˋ	辯證	49
ㄐㄧㄣˋ ㄏㄞˇ	近海	49
ㄓㄨㄟ ㄕㄚ	追殺	49
ㄊㄠˊ ㄉㄠˋ	逃到	49
ㄧㄡˊ ㄗㄡˇ	遊走	49
ㄩㄣˋ ㄑㄧㄡˊ	運球	49
ㄩㄢˇ ㄉㄚˋ	遠大	49
ㄕˋ ㄓㄨㄥ	適中	49
ㄕˋ ㄌㄧㄤˋ	適量	49
ㄒㄩㄢˇ ㄕㄤˋ	選上	49
ㄒㄩㄢˇ ㄗㄜˊ ㄑㄩㄢˊ	選擇權	49
ㄌㄧㄠˊ ㄎㄨㄛˋ	遼闊	49
ㄧㄡˊ ㄌㄨㄣˊ	郵輪	49
ㄋㄧㄤˋ ㄔㄥˊ	釀成	49
ㄔㄨㄥˊ ㄏㄨㄚˋ ㄑㄩ	重劃區	49
ㄓㄨㄥˋ ㄘㄨㄛˋ	重挫	49
ㄓㄨㄥˋ ㄉㄢˋ	重擔	49
ㄐㄧㄣ ㄔㄥˊ	金城	49
ㄐㄧㄣ ㄕˊ	金石	49
ㄧㄣˊ ㄈㄚˇ	銀髮	49
ㄔㄤˊ ㄌㄨㄥˊ	長龍	49
ㄎㄞ ㄍㄨㄛˊ	開國	49
ㄎㄞ ㄆㄢˊ	開盤	49
ㄎㄞ ㄉㄨㄢ	開端	49
ㄈㄚˊ	閥	49
ㄐㄧㄤˋ ㄒㄧㄚˋ	降下	49
ㄊㄠˊ ㄧㄝˇ	陶冶	49
ㄩˇ ㄌㄧㄣˊ	雨林	49
ㄉㄧㄢˋ ㄕˋ ㄆㄧㄣˊ ㄉㄠˋ	電視頻道	49
ㄉㄧㄢˋ ㄔㄜ	電車	49
ㄨˋ ㄈㄥ	霧峰	49
ㄌㄧㄥˊ ㄒㄧㄥˋ	靈性	49
ㄅㄠˇ ㄇㄢˇ	飽滿	49
ㄇㄚˇ ㄙㄞˋ	馬賽	49
ㄆㄧㄢˋ ㄗ˙	騙子	49
ㄗㄤ ㄏㄨㄚˋ	髒話	49
ㄍㄠ ㄐㄩˇ	高舉	49
ㄇㄛˊ ㄏㄨㄢˋ	魔幻	49
ㄒㄧㄢ ㄏㄨㄥˊ	鮮紅	49
ㄜˋ ㄩˊ	鱷魚	49
ㄋㄧㄠˇ ㄉㄢˋ	鳥蛋	49
ㄐㄧㄡ	鳩	49
ㄏㄨㄤˊ ㄔㄨㄣ ㄇㄧㄥˊ	黃春明	49
ㄧ ㄐㄧˋ	一技	48
ㄧˊ ㄐㄧˋ	一技	48
ㄧ ㄅㄞˇ ㄍㄜ˙	一百個	48
ㄧˋ ㄅㄞˇ ㄍㄜ˙	一百個	48
ㄧ ㄧㄢˊ	一言	48
ㄧˋ ㄧㄢˊ	一言	48
ㄧ ㄊㄧㄠˋ	一跳	48
ㄧˊ ㄊㄧㄠˋ	一跳	48
ㄧ ㄓㄨㄢˇ	一轉	48
ㄧˋ ㄓㄨㄢˇ	一轉	48
ㄙㄢ ㄐㄧㄝˊ	三節	48
ㄙㄢ ㄅㄨˋ ㄑㄩˇ	三部曲	48
ㄕㄤˋ ㄍㄨㄥ	上工	48
ㄒㄧㄚˋ ㄌㄨㄛˋ	下落	48
ㄅㄨˋ ㄒㄩㄣˊ ㄔㄤˊ	不尋常	48
ㄅㄨˊ ㄓㄥˋ ㄔㄤˊ	不正常	48
ㄓㄨㄥ ㄉㄨˋ	中度	48
ㄆㄧㄥ	乒	48
ㄧˇ ㄒㄧ	乙烯	48
ㄐㄧㄡˇ ㄧ ㄧ ㄕˋ ㄐㄧㄢˋ	九一一事件	48
ㄦˋ ㄐㄧˋ	二季	48
ㄦˋ ㄏㄨˊ	二胡	48
ㄨˇ ㄉㄨˋ	五度	48
ㄨˇ ㄒㄧㄤˋ	五項	48
ㄧㄚˇ ㄊㄜˋ ㄌㄢˊ ㄉㄚˋ	亞特蘭大	48
ㄐㄧˊ ㄉㄞˋ	亟待	48
ㄐㄧㄥ ㄔㄥˊ	京城	48
ㄖㄣˊ ㄏㄞˇ	人海	48
ㄖㄣˊ ㄩㄢˊ	人緣	48
ㄖㄣˊ ㄌㄟˋ ㄒㄩㄝˊ ㄐㄧㄚ	人類學家	48
ㄧˇ ㄍㄨㄥ	以供	48
ㄓㄨˋ	佇	48
ㄅㄨˋ ㄐㄧㄥˇ	佈景	48
ㄓㄨˋ ㄙㄨㄛˇ	住所	48
ㄅㄧㄥˋ ㄍㄡˋ	併購	48
ㄐㄧㄝˋ ㄓㄨˋ	借助	48
ㄕㄤ ㄘㄢˊ	傷殘	48
ㄩㄢˊ ㄒㄧㄠ ㄐㄧㄝˊ	元宵節	48
ㄒㄩㄥ ㄕㄡˇ	兇手	48
ㄇㄧㄢˇ ㄒㄧˇ	免洗	48
ㄅㄚ ㄕˊ ㄨㄢˋ	八十萬	48
ㄅㄚ ㄅㄞˇ ㄉㄨㄛ	八百多	48
ㄍㄨㄥ ㄕˋ	公事	48
ㄍㄨㄥ ㄍㄨㄥˋ ㄕㄜˋ ㄕ	公共設施	48
ㄍㄨㄥ ㄆㄧㄥˊ ㄒㄧㄥˋ	公平性	48
ㄌㄧㄡˋ ㄕˋ ㄐㄧˋ	六世紀	48
ㄅㄧㄥ ㄌㄧˋ	兵力	48
ㄉㄧㄢˇ ㄧㄚˇ	典雅	48
ㄈㄣ ㄌㄞˊ	分來	48
ㄈㄣ ㄐㄩˊ ㄓㄤˇ	分局長	48
ㄈㄣ ㄙㄢˋ ㄕˋ	分散式	48
ㄈㄣ ㄌㄧㄡˊ	分流	48
ㄑㄧㄝ ㄔㄥˊ	切成	48
ㄒㄧㄥˊ ㄕˋ ㄐㄩˊ	刑事局	48
ㄗㄜˊ ㄧㄠˋ	則要	48
ㄐㄧㄚ ㄐㄩˋ	加劇	48
ㄅㄛˊ ㄅㄛˊ	勃勃	48
ㄕˊ ㄍㄨㄥ ㄔˇ	十公尺	48
ㄕˊ ㄙˋ ㄍㄜˋ	十四個	48
ㄕˊ ㄙˋ ㄍㄜ˙	十四個	48
ㄕˊ ㄗˋ ㄐㄧㄚˋ	十字架	48
ㄅㄢˋ ㄕㄣ	半身	48
ㄋㄢˊ ㄐㄧㄚ ㄓㄡ	南加州	48
ㄏㄡˋ ㄕˊ	厚實	48
ㄏㄡˋ ㄓㄨㄥˋ	厚重	48
ㄎㄡˇ ㄐㄧㄠˇ	口角	48
ㄊㄞˊ ㄨㄢ ㄌㄧˋ ㄕˇ	台灣歷史	48
ㄕˇ ㄐㄧ	史蹟	48
ㄒㄧㄤˋ ㄒㄩㄝˊ	向學	48
ㄒㄧ ㄖㄨˋ	吸入	48
ㄓㄡ ㄍㄨㄥ	周公	48
ㄇㄧㄥˋ ㄇㄞˋ	命脈	48
ㄏㄜˊ ㄞˇ	和藹	48
ㄨㄟˊ ㄎㄨㄥˇ	唯恐	48
ㄨㄣˋ ㄐㄩㄢˋ ㄉㄧㄠˋ ㄔㄚˊ	問卷調查	48
ㄑㄧˇ ㄔㄥˊ	啟程	48
ㄆㄚ	啪	48
ㄆㄞ	啪	6.351308576902391
ㄋㄢˊ ㄋㄢˊ	喃喃	48
ㄒㄧˇ ㄑㄧˋ	喜氣	48
ㄉㄢ ㄒㄧㄤˋ	單項	48
ㄐㄧㄝ	嗟	48
ㄐㄩㄝ	嗟	6.351308576902391
ㄐㄧㄚ ㄋㄧㄢˊ ㄏㄨㄚˊ ㄏㄨㄟˋ	嘉年華會	48
ㄡˋ	噢	48
ㄩˇ	噢	48
ㄙˋ ㄉㄞˋ	四代	48
ㄏㄨㄟˊ ㄌㄜ˙	回了	48
ㄐㄩㄥˇ	囧	48
ㄎㄨㄣˋ ㄎㄨˇ	困苦	48
ㄍㄨㄛˊ ㄢ ㄐㄩˊ	國安局	48
ㄊㄨㄢˊ ㄐㄩˋ	團聚	48
ㄔㄥˊ ㄏㄨㄤˊ ㄇㄧㄠˋ	城隍廟	48
ㄗㄥ ㄓˊ	增值	48
ㄓㄨㄤˋ ㄌㄧˋ	壯麗	48
ㄨㄞˋ ㄍㄨㄢˇ	外館	48
ㄉㄨㄛ ㄅㄢˋ ㄕˋ	多半是	48
ㄉㄨㄛ ㄏㄨㄚ	多花	48
ㄇㄥˋ ㄉㄠˋ	夢到	48
ㄉㄚˋ ㄌㄧˇ	大禮	48
ㄉㄚˋ ㄒㄩㄝˇ	大雪	48
ㄉㄚˋ ㄈㄥ	大風	48
ㄊㄧㄢ ㄍㄨㄥ	天宮	48
ㄊㄧㄢ ㄐㄧˋ	天際	48
ㄊㄞˋ ㄎㄨㄥ ㄙㄨㄛ	太空梭	48
ㄊㄞˋ ㄓㄨㄥˋ	太重	48
ㄕ ㄉㄧㄠˋ	失掉	48
ㄗㄡˋ ㄒㄧㄠˋ	奏效	48
ㄑㄧˋ ㄏㄜˊ	契合	48
ㄈㄣˋ ㄩㄥˇ	奮勇	48
ㄋㄩˇ ㄒㄧㄥˋ ㄓㄨˇ ㄧˋ	女性主義	48
ㄋㄩˇ ㄊㄨㄥˊ	女童	48
ㄘㄨㄣˊ ㄗㄞˋ ㄓㄜ˙	存在著	48
ㄗ	孜	48
ㄙㄨㄣ ㄓㄨㄥ ㄕㄢ	孫中山	48
ㄙㄨㄣ ㄋㄩˇ	孫女	48
ㄎㄜˋ ㄊㄧˇ	客體	48
ㄅㄠˇ ㄨˋ	寶物	48
ㄉㄨㄟˋ ㄓˋ	對峙	48
ㄒㄧㄠˇ ㄦˊ ㄎㄜ	小兒科	48
ㄒㄧㄠˇ ㄌㄨㄥˊ	小龍	48
ㄕㄠˋ ㄋㄩˇ ㄕˊ ㄉㄞˋ	少女時代	48
ㄕㄨˇ ㄒㄧㄚˋ	屬下	48
ㄎㄢˇ	崁	48
ㄉㄧㄢ	巔	48
ㄓㄡ ㄌㄧˋ	州立	48
ㄍㄨㄥ ㄧㄡˇ	工友	48
ㄍㄨㄥ ㄧㄝˋ ㄩㄥˋ	工業用	48
ㄒㄧㄤˋ ㄋㄨㄥˋ	巷弄	48
ㄒㄧㄤˋ ㄌㄨㄥˋ	巷弄	48
ㄈㄢˊ ㄔㄨㄢˊ	帆船	48
ㄏㄣˇ ㄉㄨㄛ ㄉㄧˋ ㄈㄤ	很多地方	48
ㄌㄩˋ ㄉㄨㄥˋ	律動	48
ㄘㄨㄥˊ ㄒㄧㄚˋ	從下	48
ㄅㄧˋ ㄧㄠˋ ㄕˊ	必要時	48
ㄇㄤˊ ㄇㄤˊ	忙忙	48
ㄔㄨㄥ ㄔㄨㄥ	忡忡	48
ㄜˋ ㄓˊ	惡質	48
ㄒㄧㄤˇ ㄉㄜˊ	想得	48
ㄒㄧㄤˇ ㄉㄜ˙	想得	48
ㄞˋ ㄧㄣ ㄙ ㄊㄢˇ	愛因斯坦	48
ㄏㄨㄤ ㄓㄤ	慌張	48
ㄇㄢˋ ㄆㄠˇ	慢跑	48
ㄑㄧㄥˋ ㄕㄥ	慶生	48
ㄈㄤˊ ㄌㄧˇ	房裡	48
ㄘㄞˊ ㄒㄧㄤˇ	才想	48
ㄉㄚˇ ㄍㄨㄛˋ	打過	48
ㄈㄨˊ ㄔˊ	扶持	48
ㄊㄡˊ ㄗ ㄢˋ	投資案	48
ㄔㄡ ㄊㄧˋ	抽屜	48
ㄊㄧㄠˇ ㄓㄢˋ ㄒㄧㄥˋ	挑戰性	48
ㄨㄚ ㄐㄧㄠˇ	挖角	48
ㄘㄨㄛˋ ㄅㄞˋ	挫敗	48
ㄆㄞˊ ㄏㄠˇ	排好	48
ㄊㄨㄟ ㄧˊ	推移	48
ㄧㄠˊ ㄕㄣ ㄧˊ ㄅㄧㄢˋ	搖身一變	48
ㄍㄠˇ ㄉㄜ˙	搞的	48
ㄐㄧㄥˋ ㄧㄝˋ	敬業	48
ㄨㄣˊ ㄧㄢˊ	文言	48
ㄌㄧㄠˋ ㄓㄨㄥˋ	料中	48
ㄒㄧㄣ ㄨㄣˊ ㄅㄨˋ	新聞部	48
ㄇㄧㄥˊ ㄊㄧˇ	明體	48
ㄗㄨㄛˊ ㄧㄝˋ	昨夜	48
ㄋㄧˋ ㄔㄥ	暱稱	48
ㄕㄨ ㄒㄧㄤ	書香	48
ㄗㄨㄟˋ ㄒㄩ	最需	48
ㄏㄨㄟˋ ㄨˋ	會晤	48
ㄧㄡˇ ㄍㄢˇ ㄩˊ	有感於	48
ㄧㄡˇ ㄌㄞˋ	有賴	48
ㄅㄣˇ ㄏㄤˊ	本行	48
ㄌㄧˇ ㄇㄧㄥˊ ㄌㄧㄤˋ	李明亮	48
ㄘㄨㄣ ㄓㄤˇ	村長	48
ㄉㄨㄥ ㄉㄜˊ	東德	48
ㄌㄧㄣˊ ㄔㄨㄥˊ ㄇㄛˊ	林重謨	48
ㄌㄧㄡˇ ㄔㄥˊ	柳橙	48
ㄒㄧㄠˋ ㄕㄜˋ	校舍	48
ㄐㄧˊ ㄏㄨㄚˋ	極化	48
ㄕㄨˋ ㄌㄧˋ	樹立	48
ㄐㄧ ㄉㄧㄢˋ	機電	48
ㄐㄧㄝˊ	櫛	48
ㄓㄥˋ ㄒㄧㄤˇ	正想	48
ㄇㄠˊ ㄧ	毛衣	48
ㄇㄧㄣˊ ㄑㄧㄥˊ	民情	48
ㄩㄥˇ ㄢ	永安	48
ㄑㄧㄡˊ ㄒㄧㄣ	求新	48
ㄐㄩㄝˊ ㄉㄧㄥˋ ㄒㄧㄥˋ	決定性	48
ㄔㄨㄥ ㄒㄧˇ	沖洗	48
ㄈㄚˇ ㄐㄧㄝˋ	法界	48
ㄋㄧˊ ㄙㄨˋ	泥塑	48
ㄌㄧㄡˊ ㄏㄢˋ	流汗	48
ㄌㄧㄡˊ ㄒㄧㄥˊ ㄒㄧㄥˋ	流行性	48
ㄌㄤˋ ㄏㄨㄚ	浪花	48
ㄏㄞˇ ㄡ	海鷗	48
ㄏㄨㄣˋ ㄗㄚˊ	混雜	48
ㄑㄧㄥ ㄉㄧㄢˇ	清點	48
ㄑㄧㄢˊ ㄖㄨˋ	潛入	48
ㄐㄩˋ	炬	48
ㄐㄩㄥˇ	炯	48
ㄨ ㄌㄞˊ	烏來	48
ㄨ ㄑㄧㄡ	烏坵	48
ㄒㄩㄣ	燻	48
ㄦˇ ㄏㄡˋ	爾後	48
ㄆㄧㄢˋ ㄩˇ	片語	48
ㄇㄨˇ ㄉㄢ	牡丹	48
ㄊㄜˋ ㄓˋ	特製	48
ㄨㄤˊ ㄆㄞˊ	王牌	48
ㄐㄧㄚ	珈	48
ㄕㄥ ㄓㄜ˙	生著	48
ㄊㄧㄢˊ ㄉㄧˋ	田地	48
ㄧˋ ㄉㄨㄥˋ	異動	48
ㄈㄥ ㄌㄜ˙	瘋了	48
ㄈㄚ ㄏㄢˊ	發函	48
ㄅㄞˊ ㄅㄢ	白斑	48
ㄅㄞˇ ㄎㄜ ㄑㄩㄢˊ ㄕㄨ	百科全書	48
ㄓˊ ㄕㄨˇ	直屬	48
ㄓˊ ㄌㄧㄡˊ	直流	48
ㄓˊ ㄧㄢˊ	直言	48
ㄒㄧㄤ ㄔㄥˊ	相成	48
ㄕㄥˇ ㄓㄨˇ ㄒㄧˊ	省主席	48
ㄕㄥˇ ㄌㄩㄝˋ	省略	48
ㄎㄜ	瞌	48
ㄊㄚ	祂	48
ㄌㄧˇ ㄅㄞˋ ㄌㄧㄡˋ	禮拜六	48
ㄉㄠˇ ㄍㄠˋ	禱告	48
ㄔㄥ ㄏㄠˋ	稱號	48
ㄐㄧ ㄒㄩˋ	積蓄	48
ㄐㄧㄥˋ ㄧㄡˇ	竟有	48
ㄙㄨㄢˋ ㄉㄜˊ	算得	48
ㄐㄧㄢˇ ㄌㄡˋ	簡陋	48
ㄩㄝ ㄏㄠˇ	約好	48
ㄏㄨㄥˊ ㄙㄜˋ ㄉㄜ˙	紅色的	48
ㄋㄚˋ ㄇㄣˋ	納悶	48
ㄔㄨㄣˊ ㄐㄧㄥˋ	純淨	48
ㄌㄟˊ ㄌㄜ˙	累了	48
ㄐㄧㄝˊ ㄓㄤˋ	結帳	48
ㄐㄧㄥ ㄨㄣˊ	經文	48
ㄨㄟˊ ㄉㄨㄛ ㄌㄧˋ ㄧㄚˇ	維多利亞	48
ㄨㄤˇ ㄌㄨㄛˊ	網羅	48
ㄐㄧㄣˇ ㄧㄠˋ	緊要	48
ㄌㄠˇ ㄈㄨ	老夫	48
ㄌㄧㄢˊ ㄐㄧㄝˊ	聯結	48
ㄍㄤ ㄇㄣˊ	肛門	48
ㄧˊ ㄉㄠˇ ㄙㄨˋ	胰島素	48
ㄈㄨˇ ㄕˊ	腐蝕	48
ㄒㄧ ㄍㄞˋ	膝蓋	48
ㄗˋ ㄓˋ	自制	48
ㄗˋ ㄊㄧˇ	自體	48
ㄓˋ ㄈㄨˋ	致富	48
ㄘㄠˇ ㄇㄨˋ	草木	48
ㄏㄨㄤ ㄊㄤˊ	荒唐	48
ㄌㄧˋ ㄌㄧˋ	莉莉	48
ㄐㄩˇ ㄍㄨㄤ	莒光	48
ㄐㄧㄝˋ ㄐㄧ	藉機	48
ㄊㄥˊ ㄇㄢˋ	藤蔓	48
ㄧㄥˊ ㄍㄨㄤ ㄇㄨˋ	螢光幕	48
ㄔㄨㄥˊ ㄏㄞˋ	蟲害	48
ㄒㄧㄝˇ ㄏㄢˋ	血汗	48
ㄧ ㄕㄤ	衣裳	48
ㄧ ㄕㄤ˙	衣裳	48
ㄑㄩㄣˊ ㄗ˙	裙子	48
ㄅㄨˇ ㄓㄨˋ ㄐㄧㄣ	補助金	48
ㄔㄨˋ ㄇㄛ	觸摸	48
ㄊㄠˇ ㄌㄨㄣˋ ㄉㄠˋ	討論到	48
ㄕ ㄘˊ	詩詞	48
ㄧㄡˋ ㄉㄠˇ	誘導	48
ㄊㄢˊ ㄅㄨˊ ㄕㄤˋ	談不上	48
ㄇㄡˊ ㄑㄧㄡˊ	謀求	48
ㄐㄧㄤˇ ㄧˋ	講義	48
ㄘㄞˊ ㄨˋ	財物	48
ㄑㄧˇ ㄐㄧㄣˋ	起勁	48
ㄑㄧˇ ㄐㄧㄥˋ	起勁	48
ㄕㄣ ㄕㄡˋ	身受	48
ㄔㄜ ㄇㄣˊ	車門	48
ㄖㄨㄢˇ ㄆㄧㄢˋ	軟片	48
ㄑㄧㄥ ㄑㄧㄠˇ	輕巧	48
ㄓㄨㄢˇ ㄏㄨㄚˋ ㄔㄥˊ	轉化成	48
ㄊㄨㄟˋ ㄓˊ	退職	48
ㄊㄨㄥ ㄒㄧㄥˋ	通性	48
ㄗㄠˋ ㄐㄧㄚˇ	造假	48
ㄍㄨㄛˋ ㄅㄢˋ ㄕㄨˋ	過半數	48
ㄍㄨㄛˋ ㄨㄢˊ	過完	48
ㄏㄞˊ ㄎㄜˇ ㄋㄥˊ	還可能	48
ㄅㄨˋ ㄈㄚ	部發	48
ㄉㄨ ㄍㄥ	都更	48
ㄓㄨㄥˋ ㄊㄡˊ	重頭	48
ㄓㄨㄥˋ ㄊㄡˊ ㄒㄧˋ	重頭戲	48
ㄌㄧㄥˊ ㄕㄥ	鈴聲	48
ㄌㄧˇ	鋰	48
ㄇㄣˊ ㄏㄠˋ	門號	48
ㄎㄞ ㄕˇ ㄧㄠˋ	開始要	48
ㄒㄧㄢˊ ㄒㄧㄚˊ	閒暇	48
ㄐㄧㄢ ㄐㄩˋ	間距	48
ㄍㄨㄢ ㄗㄞˋ	關在	48
ㄧㄣ ㄇㄞˊ	陰霾	48
ㄔㄣˊ ㄌㄩˇ ㄢ	陳履安	48
ㄋㄢˊ ㄍㄨㄢ	難關	48
ㄩˇ ㄙㄢˇ	雨傘	48
ㄌㄧㄥˊ ㄕˊ	零食	48
ㄢ	鞍	48
ㄊㄡˊ ㄅㄢˇ	頭版	48
ㄊㄡˊ ㄐㄧㄠˇ	頭角	48
ㄌㄟˋ ㄍㄨˋ ㄔㄨㄣˊ	類固醇	48
ㄧㄤˇ ㄩˋ	養育	48
ㄍㄠ ㄖㄣˊ	高人	48
ㄍㄠ ㄔㄨˋ	高處	48
ㄩˊ ㄔˊ	魚池	48
ㄏㄨㄤˊ ㄋㄧㄡˊ	黃牛	48
ㄍㄨˇ ㄑㄧˇ	鼓起	48
ㄧ ㄊㄧㄥ	一聽	47
ㄧ ㄊㄧㄥˋ	一聽	47
ㄧˊ ㄊㄧㄥˋ	一聽	47
ㄧˋ ㄊㄧㄥ	一聽	47
ㄙㄢ ㄅㄟˋ	三倍	47
ㄕㄤˋ ㄅㄤˇ	上榜	47
ㄕㄤˋ ㄉㄤˇ	上檔	47
ㄅㄨˊ ㄉㄠˋ ㄉㄜˊ	不道德	47
ㄅㄧㄥˋ ㄧㄡˊ	並由	47
ㄔㄥˊ ㄔㄜ	乘車	47
ㄐㄧㄣ ㄕㄥ	今生	47
ㄑㄧˋ ㄜˊ	企鵝	47
ㄉㄧ ㄕㄥ	低聲	47
ㄓㄨˋ ㄨ	住屋	47
ㄌㄧˋ ㄌㄨㄛˋ	俐落	47
ㄅㄠˇ ㄌㄧㄡˊ ㄑㄩ	保留區	47
ㄒㄧㄣˋ ㄩㄥˋ ㄅㄨˋ	信用部	47
ㄐㄧㄚˇ ㄒㄧㄤˇ	假想	47
ㄊㄡ ㄎㄨㄟ	偷窺	47
ㄐㄧㄠˇ	僥	47
ㄧㄠˊ	僥	47
ㄐㄧㄠˇ ㄒㄧㄥˋ	僥倖	47
ㄧㄡ ㄌㄧㄝˋ	優劣	47
ㄍㄨㄤ ㄌㄧㄣˊ	光臨	47
ㄌㄧㄤˇ ㄅㄞˇ ㄩㄢˊ	兩百元	47
ㄅㄚ ㄌㄧㄥˊ ㄋㄧㄢˊ ㄉㄞˋ	八零年代	47
ㄍㄨㄥ ㄍㄨㄥˋ ㄕˋ ㄨˋ	公共事務	47
ㄍㄨㄥ ㄌㄧˋ ㄒㄩㄝˊ ㄒㄧㄠˋ	公立學校	47
ㄌㄧㄡˋ ㄈㄣ	六分	47
ㄗㄞˋ ㄨㄤˇ	再往	47
ㄌㄧㄥˊ ㄐㄧㄚˋ	凌駕	47
ㄔㄨ ㄓㄢˋ	出戰	47
ㄈㄣ ㄌㄜ˙	分了	47
ㄒㄧㄥˊ ㄈㄚˊ	刑罰	47
ㄔㄨ ㄓㄨㄥ	初衷	47
ㄉㄠˋ ㄏㄨㄟˋ	到會	47
ㄉㄠˋ ㄢˋ	到案	47
ㄕㄨㄚ ㄧㄚˊ	刷牙	47
ㄑㄧㄢˊ ㄨㄢˇ	前晚	47
ㄉㄨㄥˋ ㄖㄣˊ ㄉㄜ˙	動人的	47
ㄏㄨㄚˋ ㄒㄩㄝˊ ㄨˋ ㄓˊ	化學物質	47
ㄅㄧㄢˇ	匾	47
ㄕˊ ㄦˋ ㄓˇ ㄔㄤˊ	十二指腸	47
ㄕㄥ ㄑㄧˊ	升旗	47
ㄋㄢˊ ㄉㄨㄢ	南端	47
ㄧㄣˋ ㄉㄨˋ ㄖㄣˊ	印度人	47
ㄑㄩㄝˋ ㄧㄠˋ	卻要	47
ㄑㄩˋ ㄐㄧㄝ	去接	47
ㄑㄩˇ ㄏㄨㄟˊ	取回	47
ㄍㄨˇ ㄍㄨㄞˋ	古怪	47
ㄊㄞˊ ㄨㄢ ㄧˋ ㄕㄨˋ	台灣藝術	47
ㄊㄨㄥˊ ㄖㄣˊ	同人	47
ㄓㄡ ㄧ	周一	47
ㄓㄡ ㄨˇ	周五	47
ㄉㄢ ㄈㄤ ㄇㄧㄢˋ	單方面	47
ㄏㄞ	嗨	6.351308576902391
ㄏㄞˋ	嗨	47
ㄐㄧㄚ ㄋㄢˊ	嘉南	47
ㄜˋ ㄇㄥˋ	噩夢	47
ㄧㄣ ㄖㄣˊ	因人	47
ㄍㄨㄛˊ ㄑㄧㄤˊ	國強	47
ㄍㄨㄛˊ ㄏㄨㄛˋ	國貨	47
ㄊㄨˇ ㄔㄢˇ	土產	47
ㄉㄧˋ ㄅㄠˇ	地保	47
ㄗㄨㄛˋ ㄉㄠˋ	坐到	47
ㄔㄥˊ ㄇㄣˊ	城門	47
ㄊㄤˊ ㄕㄤˋ	堂上	47
ㄊㄤˊ ㄏㄨㄤˊ	堂皇	47
ㄔㄣˊ ㄞ	塵埃	47
ㄗㄥ ㄕㄥ	增生	47
ㄓㄨㄤˋ ㄋㄧㄢˊ	壯年	47
ㄍㄡˋ ㄉㄚˋ	夠大	47
ㄉㄚˋ ㄕㄤ	大傷	47
ㄉㄚˋ ㄏㄜˊ	大和	47
ㄉㄚˋ ㄎㄨㄞˋ	大塊	47
ㄉㄚˋ ㄏㄨㄛˇ ㄦ	大夥兒	47
ㄉㄚˋ ㄏㄨㄛˇ ㄦˊ	大夥兒	47
ㄉㄚˋ ㄒㄧˋ	大戲	47
ㄕ ㄒㄧㄠˋ	失效	47
ㄋㄞˋ ㄇㄧˇ ㄎㄜ ㄐㄧˋ	奈米科技	47
ㄈㄥˋ ㄇㄧㄥˋ	奉命	47
ㄋㄧㄤˊ ㄗˇ	娘子	47
ㄋㄧㄤˊ ㄗ˙	娘子	47
ㄆㄛˊ ㄐㄧㄚ	婆家	47
ㄇㄟˊ ㄏㄜˊ	媒合	47
ㄒㄧ ㄒㄧˋ	嬉戲	47
ㄗˋ ㄕㄨˋ	字數	47
ㄎㄜˋ ㄇㄢˇ	客滿	47
ㄐㄧㄚ ㄒㄧㄠˇ	家小	47
ㄇㄟˋ	寐	47
ㄓㄨㄢ ㄎㄨㄢˇ	專款	47
ㄉㄨㄟˋ ㄐㄧㄠ	對焦	47
ㄉㄠˇ ㄏㄤˊ	導航	47
ㄒㄧㄠˇ ㄌㄧㄡˊ ㄑㄧㄡˊ	小琉球	47
ㄒㄧㄠˇ ㄕㄥ	小聲	47
ㄕㄢ ㄌㄧˇ	山裡	47
ㄍㄨㄥ ㄗㄨㄛˋ ㄌㄧㄤˋ	工作量	47
ㄅㄨˋ ㄍㄠˋ	布告	47
ㄓㄤˋ ㄆㄥˊ	帳篷	47
ㄉㄞˋ ㄑㄩˋ	帶去	47
ㄋㄧㄢˊ ㄙㄨㄟˋ	年歲	47
ㄧㄡˋ ㄋㄧㄢˊ	幼年	47
ㄈㄟˋ ㄒㄩ	廢墟	47
ㄋㄨㄥˋ ㄔㄨ	弄出	47
ㄏㄣˇ ㄕㄡˋ	很受	47
ㄏㄣˇ ㄉㄨㄢˇ	很短	47
ㄏㄡˋ ㄋㄧㄢˊ	後年	47
ㄐㄧˋ ㄏㄨㄟˋ	忌諱	47
ㄓㄨㄥ ㄩˊ	忠於	47
ㄗˋ ㄧˋ	恣意	47
ㄏㄨ	惚	47
ㄌㄥˋ	愣	47
ㄌㄢˇ ㄖㄣˊ	懶人	47
ㄓㄢˋ ㄌㄨㄢˋ	戰亂	47
ㄓㄠˇ ㄕㄤˋ	找上	47
ㄔㄞ ㄉㄧㄠˋ	拆掉	47
ㄏㄨㄢˋ ㄨㄟˊ	換為	47
ㄔㄨㄞˇ ㄘㄜˋ	揣測	47
ㄙㄨㄣˇ ㄧˋ	損益	47
ㄧㄠˊ ㄧˋ	搖曳	47
ㄐㄩˋ ㄔㄥ	據稱	47
ㄐㄧˇ ㄔㄨ	擠出	47
ㄍㄜ ㄓˋ	擱置	47
ㄓ ㄅㄨˋ	支部	47
ㄓㄥˋ ㄓㄥ	政爭	47
ㄓㄥˇ ㄕㄨˋ	整數	47
ㄔˋ ㄗ	斥資	47
ㄒㄧㄣ ㄈㄚ ㄒㄧㄢˋ	新發現	47
ㄒㄧㄣ ㄨㄣˊ ㄔㄨˋ	新聞處	47
ㄉㄨㄢˋ ㄒㄩˋ	斷續	47
ㄗㄠˇ ㄒㄧㄢ	早先	47
ㄇㄧㄥˊ ㄨㄣˊ ㄍㄨㄟ ㄉㄧㄥˋ	明文規定	47
ㄕˊ ㄒㄧㄣ	時薪	47
ㄑㄧㄥˊ ㄌㄤˇ	晴朗	47
ㄍㄥˋ ㄧㄥ	更應	47
ㄗㄨㄟˋ ㄧㄡ	最優	47
ㄗㄨㄟˋ ㄒㄩ ㄧㄠˋ	最需要	47
ㄧㄡˇ ㄧ ㄊㄠˋ	有一套	47
ㄧㄡˇ ㄧˊ ㄊㄠˋ	有一套	47
ㄇㄥˊ	朦	47
ㄌㄧˇ ㄗㄨㄥˇ ㄊㄨㄥˇ	李總統	47
ㄉㄨㄥ ㄅㄢˋ ㄅㄨˋ	東半部	47
ㄅㄛˊ ㄎㄜˋ ㄌㄞˊ	柏克萊	47
ㄇㄡˇ ㄍㄜ˙ ㄖㄣˊ	某個人	47
ㄧㄤˊ ㄇㄟˊ	楊梅	47
ㄔㄨˇ ㄍㄨㄛˊ	楚國	47
ㄊㄢˊ	檀	47
ㄐㄧㄢˇ ㄧˋ	檢疫	47
ㄘˇ ㄐㄩˇ	此舉	47
ㄨˊ ㄋㄧㄥˊ	毋寧	47
ㄇㄟˇ ㄒㄧㄠˇ ㄕˊ	每小時	47
ㄍㄨㄥˇ	汞	47
ㄏㄨㄥˋ	汞	6.351308576902391
ㄇㄟˊ ㄕㄨㄛ	沒說	47
ㄕㄚ ㄌㄨㄥˊ	沙龍	47
ㄒㄧㄠ ㄑㄩˋ ㄕㄨˋ	消去樹	47
ㄕㄣ ㄆㄚˋ	深怕	47
ㄑㄧㄥ ㄗㄠˇ	清早	47
ㄑㄧㄥ ㄑㄧㄥ ㄔㄨˇ ㄔㄨˇ	清清楚楚	47
ㄐㄧㄢˇ ㄊㄢˋ	減碳	47
ㄐㄧˋ ㄍㄨㄥ	濟公	47
ㄏㄨㄛˇ ㄊㄨㄟˇ	火腿	47
ㄏㄨㄟ ㄒㄧㄣ	灰心	47
ㄨˊ ㄒㄧㄢˋ ㄉㄧㄢˋ ㄕˋ	無線電視	47
ㄧㄢ ㄨˋ	煙霧	47
ㄊㄜˋ ㄧˋ	特意	47
ㄊㄜˋ ㄧˋ	特異	47
ㄉㄨˊ ㄉㄠˋ	獨到	47
ㄏㄨㄛˋ ㄓˋ	獲致	47
ㄒㄧㄢˋ ㄧˋ	現役	47
ㄒㄧˇ	璽	47
ㄍㄨㄚ ㄗˇ	瓜子	47
ㄍㄨㄚ ㄗ˙	瓜子	47
ㄔㄢˇ ㄈㄨˋ	產婦	47
ㄉㄤ ㄒㄩㄢˇ ㄖㄣˊ	當選人	47
ㄧˊ ㄩㄣˊ	疑雲	47
ㄊㄨㄥˋ ㄏㄣˋ	痛恨	47
ㄒㄧㄢˊ	癇	47
ㄈㄚ ㄒㄧㄥˊ ㄖㄣˊ	發行人	47
ㄐㄧㄝ ㄓ	皆知	47
ㄆㄢˊ ㄇㄧㄢˋ	盤面	47
ㄓˊ ㄕㄨㄛ	直說	47
ㄒㄧㄤ ㄈㄨˊ	相符	47
ㄒㄧㄤ ㄉㄥˇ	相等	47
ㄒㄧㄤˋ ㄕㄥ	相聲	47
ㄒㄧㄤ ㄍㄨㄢ ㄒㄧㄥˋ	相關性	47
ㄇㄧㄠˊ ㄓㄨㄣˇ	瞄準	47
ㄆㄛˋ ㄌㄢˋ	破爛	47
ㄘˊ ㄓㄨㄢ	磁磚	47
ㄕㄜˋ ㄏㄨㄟˋ ㄒㄩㄝˊ ㄐㄧㄚ	社會學家	47
ㄓˇ ㄧㄠˋ	祇要	47
ㄎㄜ ㄐㄧˋ ㄧㄝˋ	科技業	47
ㄗㄨ ㄕㄨㄟˋ	租稅	47
ㄖㄣˇ	稔	47
ㄉㄨㄢ ㄔㄨ	端出	47
ㄍㄨㄢˇ ㄩㄝˋ	管樂	47
ㄍㄠ ㄅㄧㄥˇ	糕餅	47
ㄨㄣˋ ㄌㄨㄢˋ	紊亂	47
ㄔㄨˋ	絀	47
ㄐㄧㄝˊ ㄐㄧㄠ	結交	47
ㄐㄧㄝˊ ㄕˊ	結石	47
ㄗㄨㄥˋ ㄧˋ ㄐㄧㄝˊ ㄇㄨˋ	綜藝節目	47
ㄐㄧㄢ	緘	47
ㄗㄨㄥˇ ㄉㄨ ㄈㄨˇ	總督府	47
ㄑㄩㄝ ㄜˊ	缺額	47
ㄇㄟˇ ㄐㄧˊ	美籍	47
ㄓˊ ㄑㄩㄝ	職缺	47
ㄌㄧㄣˊ ㄌㄧㄠˇ	臨了	47
ㄗˋ ㄗㄨㄣ ㄒㄧㄣ	自尊心	47
ㄗˋ ㄐㄧˇ ㄖㄣˊ	自己人	47
ㄗˋ ㄖㄢˊ ㄎㄜ ㄒㄩㄝˊ	自然科學	47
ㄗˋ ㄧㄡˊ ㄧˋ ㄓˋ	自由意志	47
ㄒㄧㄥˋ ㄍㄠ ㄘㄞˇ ㄌㄧㄝˋ	興高采烈	47
ㄓㄡ ㄕㄢ	舟山	47
ㄏㄤˊ ㄅㄢ	航班	47
ㄉㄡˋ	荳	47
ㄕㄚ ㄕˋ ㄅㄧˇ ㄧㄚˇ	莎士比亞	47
ㄙㄡ ㄓㄥˋ	蒐證	47
ㄅㄛˊ ㄅㄛˊ	薄薄	47
ㄔㄨˋ ㄙㄨㄛˇ	處所	47
ㄇㄧˋ ㄈㄥ	蜜蜂	47
ㄒㄧㄝˇ ㄑㄧㄥ	血清	47
ㄔㄨㄥ ㄆㄛˋ	衝破	47
ㄅㄧㄠˇ ㄍㄜ	表哥	47
ㄓㄨㄤ ㄒㄧㄡ	裝修	47
ㄒㄧㄝˋ	褻	47
ㄧㄠˋ ㄓㄥˋ	要政	47
ㄐㄧㄝˇ ㄐㄧㄡˋ	解救	47
ㄘˊ ㄎㄨˋ	詞庫	47
ㄗㄜˊ ㄍㄨㄞˋ	責怪	47
ㄇㄞˇ ㄆㄢˊ	買盤	47
ㄇㄞˇ ㄍㄨㄛˋ	買過	47
ㄗ ㄑㄧㄢˇ	資遣	47
ㄕㄤˇ ㄉㄠˋ	賞到	47
ㄑㄧˇ ㄎㄞ	起開	47
ㄑㄧˇ ㄊㄡˊ	起頭	47
ㄔㄠ ㄏㄨ	超乎	47
ㄐㄩㄣ ㄏㄨㄛˇ	軍火	47
ㄒㄧㄣ ㄒㄧㄣ	辛辛	47
ㄐㄧㄣˋ ㄩˊ	近於	47
ㄊㄠˊ ㄔㄨ	逃出	47
ㄓㄜˋ ㄒㄧㄚˋ	這下	47
ㄍㄨㄛˋ ㄘㄨㄥˊ	過從	47
ㄏㄨㄤˊ ㄌㄨㄣˋ	遑論	47
ㄉㄠˋ ㄖㄣˊ	道人	47
ㄗㄠ ㄩˋ ㄉㄠˋ	遭遇到	47
ㄧˊ ㄏㄢˋ ㄉㄜ˙	遺憾的	47
ㄏㄞˊ ㄅㄨˋ ㄋㄥˊ	還不能	47
ㄧㄡˊ ㄐㄧˋ	郵寄	47
ㄒㄧㄤ ㄩㄢˋ	鄉愿	47
ㄍㄤ ㄑㄧㄣˊ ㄐㄧㄚ	鋼琴家	47
ㄔㄨㄟˊ	錘	47
ㄑㄧㄢˊ ㄘㄞˊ	錢財	47
ㄔㄤˊ ㄈㄤ	長方	47
ㄎㄞ ㄧㄢˇ	開演	47
ㄐㄧㄢˋ ㄉㄧㄝˊ	間諜	47
ㄚ ㄅㄛˊ	阿伯	47
ㄋㄢˊ ㄔ	難吃	47
ㄉㄧㄢˋ ㄑㄧˋ	電氣	47
ㄇㄧㄢˋ ㄕㄚ	面紗	47
ㄇㄧㄢˋ ㄇㄧㄢˋ	面面	47
ㄏㄢˊ ㄍㄨㄛˊ ㄖㄣˊ	韓國人	47
ㄕㄨㄣˋ ㄨㄟˋ	順位	47
ㄈㄥ ㄉㄨˋ	風度	47
ㄊㄠ	饕	47
ㄕㄡˇ ㄗㄨㄛˋ	首座	47
ㄕㄡˇ ㄎㄞ	首開	47
ㄇㄚˇ ㄏㄨ	馬虎	47
ㄇㄚˇ ㄏㄨˇ	馬虎	47
ㄐㄧㄥ ㄏㄨㄤ	驚慌	47
ㄍㄠ ㄕㄠ	高燒	47
ㄍㄠ ㄕㄥ	高聲	47
ㄧㄡˊ	魷	47
ㄒㄧㄢ ㄧㄢˋ	鮮豔	47
ㄧㄤ	鴦	47
ㄑㄧˊ	麒	47
ㄉㄤˇ ㄖㄣˊ	黨人	47
ㄧ ㄕㄨㄣˋ	一瞬	46
ㄧˊ ㄕㄨㄣˋ	一瞬	46
ㄙㄢ ㄓ	三隻	46
ㄕㄤˋ ㄒㄩㄣˊ	上旬	46
ㄕㄤˋ ㄍㄨㄟˋ	上櫃	46
ㄕㄤˋ ㄉㄥˇ	上等	46
ㄅㄨˊ ㄓˋ	不治	46
ㄅㄨˋ ㄧˊ ㄩˊ ㄌㄧˋ	不遺餘力	46
ㄉㄧㄡ ㄒㄧㄚˋ	丟下	46
ㄓㄨㄥ ㄋㄢˊ ㄇㄟˇ	中南美	46
ㄓㄨㄥ ㄩㄥ	中庸	46
ㄓㄨˇ ㄕˋ	主事	46
ㄓㄨˇ ㄉㄚˇ	主打	46
ㄐㄧㄡˇ ㄅㄚ ㄙˋ	九八四	46
ㄧㄝˇ ㄅㄚˋ	也罷	46
ㄏㄨˋ ㄉㄨㄥˋ ㄕˋ	互動式	46
ㄧㄚˇ ㄉㄤ	亞當	46
ㄐㄧㄠ ㄍㄜ˙	交個	46
ㄧˋ ㄖㄢˊ	亦然	46
ㄖㄣˊ ㄕˋ ㄈㄟˋ	人事費	46
ㄉㄢˋ ㄘㄨㄥˊ	但從	46
ㄉㄧ ㄐㄧㄝ	低階	46
ㄏㄜˊ ㄉㄥˇ	何等	46
ㄧ ㄧ ㄅㄨˋ ㄕㄜˇ	依依不捨	46
ㄓㄣ ㄊㄢˋ	偵探	46
ㄊㄡ ㄌㄢˇ	偷懶	46
ㄊㄡ ㄎㄢˋ	偷看	46
ㄒㄩㄥ ㄉㄧˋ ㄉㄨㄟˋ	兄弟隊	46
ㄌㄧㄤˇ ㄐㄧˊ ㄏㄨㄚˋ	兩極化	46
ㄌㄧㄤˇ ㄎㄜ	兩顆	46
ㄅㄚ ㄈㄤ	八方	46
ㄌㄧㄡˋ ㄕˊ ㄋㄧㄢˊ ㄉㄞˋ	六十年代	46
ㄍㄨㄥˋ ㄉㄤˇ	共黨	46
ㄗㄞˋ ㄨㄣˋ	再問	46
ㄗㄞˋ ㄇㄟˊ	再沒	46
ㄈㄣ ㄐㄧㄚ	分家	46
ㄒㄧㄥˊ ㄕˋ ㄗㄨˇ	刑事組	46
ㄓˋ ㄉㄨˋ ㄏㄨㄚˋ	制度化	46
ㄌㄚˊ	剌	46
ㄌㄚˋ	剌	46
ㄐㄧㄚ ㄅㄟˋ	加倍	46
ㄉㄨㄥˋ ㄍㄨㄛˋ	動過	46
ㄒㄧㄝˊ ㄊㄨㄥˊ	協同	46
ㄍㄨˇ ㄎㄜ ㄐㄧㄢˇ	古柯鹼	46
ㄊㄞˊ ㄨㄢ ㄉㄠˇ	台灣島	46
ㄙ ㄍㄞˇ ㄏㄨㄟˋ	司改會	46
ㄊㄨㄥˊ ㄓˊ	同質	46
ㄇㄧㄥˊ ㄒㄧㄠˋ	名校	46
ㄌㄨㄛˋ	咯	46
ㄍㄜˊ	咯	46
ㄏㄨㄥ ㄊㄞˊ	哄抬	46
ㄊㄤˊ ㄕ	唐詩	46
ㄉㄧㄝˊ	喋	46
ㄏㄜ ㄒㄧㄚˋ	喝下	46
ㄌㄠˊ	嘮	46
ㄏㄨㄟˊ ㄉㄚˊ ㄕㄨㄛ	回答說	46
ㄍㄨㄛˊ ㄗˋ	國字	46
ㄍㄨㄛˊ ㄇㄧㄣˊ ㄉㄤˇ ㄐㄧˊ	國民黨籍	46
ㄐㄧ ㄅㄣˇ ㄍㄨㄥ ㄗ	基本工資	46
ㄅㄠˋ ㄑㄧㄥˇ	報請	46
ㄉㄨˇ ㄙㄜˋ	堵塞	46
ㄉㄨㄛ ㄉㄜˊ	多得	46
ㄉㄨㄛ ㄉㄜ˙	多得	46
ㄉㄨㄛ ㄕㄨㄛ	多說	46
ㄉㄚˋ ㄩㄢˊ	大園	46
ㄉㄚˋ ㄉㄚˋ ㄉㄜ˙	大大的	46
ㄉㄚˋ ㄕㄢ	大山	46
ㄉㄚˋ ㄏㄢˋ	大漢	46
ㄉㄚˋ ㄉㄨˋ	大肚	46
ㄉㄚˋ ㄍㄜˊ ㄇㄧㄥˋ	大革命	46
ㄊㄞˋ ㄉㄚˋ ㄉㄜ˙	太大的	46
ㄏㄠˋ ㄉㄨㄥˋ	好動	46
ㄒㄧㄢ	姍	46
ㄕㄢ	姍	46
ㄒㄧㄢˊ	嫻	46
ㄗˇ ㄕˊ	子時	46
ㄙㄨㄣ ㄩㄣˋ ㄒㄩㄢˊ	孫運璿	46
ㄒㄩㄝˊ ㄇㄧㄥˊ	學名	46
ㄉㄧㄥˋ ㄌㄧˇ	定理	46
ㄐㄧㄚ ㄔㄢˇ	家產	46
ㄑㄩ ㄩㄢˊ	屈原	46
ㄕㄢ ㄎㄡˇ	山口	46
ㄕㄢ ㄎㄡˇ ㄒㄧㄢˋ	山口縣	46
ㄔㄚ ㄧˋ ㄒㄧㄥˋ	差異性	46
ㄅㄨˋ ㄌㄚ ㄍㄜˊ	布拉格	46
ㄒㄧ ㄊㄜˋ ㄌㄜˋ	希特勒	46
ㄅㄛˊ	帛	46
ㄕㄨㄞˋ ㄑㄧˋ	帥氣	46
ㄋㄧㄢˊ ㄑㄧㄥ	年青	46
ㄐㄧㄢˋ ㄓㄨˊ ㄧㄝˋ	建築業	46
ㄓㄤ ㄌㄧㄤˊ	張良	46
ㄑㄧㄤˊ ㄍㄨㄛˊ	強國	46
ㄒㄧㄣ ㄌㄧˇ ㄒㄩㄝˊ ㄐㄧㄚ	心理學家	46
ㄋㄧㄢˋ ㄋㄧㄢˋ	念念	46
ㄍㄨㄞˋ ㄕㄡˇ	怪手	46
ㄅㄟ ㄈㄣˋ	悲憤	46
ㄜˋ ㄒㄧˊ	惡習	46
ㄧㄡ ㄒㄧㄣ ㄔㄨㄥ ㄔㄨㄥ	憂心忡忡	46
ㄔㄥˊ ㄒㄧㄥˊ	成型	46
ㄙㄨㄛˇ ㄨㄣˊ	所聞	46
ㄐㄧˋ ㄕㄨˋ ㄒㄩㄝˊ ㄩㄢˋ	技術學院	46
ㄎㄤˋ ㄧㄠˋ	抗藥	46
ㄌㄚ ㄒㄧㄚˋ	拉下	46
ㄆㄞ ㄔㄥˊ	拍成	46
ㄆㄞ ㄕㄡˇ	拍手	46
ㄐㄩㄢˇ ㄑㄧˇ	捲起	46
ㄐㄧㄝˊ ㄐㄧㄥˋ	捷徑	46
ㄐㄧㄝ ㄌㄜ˙	接了	46
ㄔㄨㄞˇ ㄇㄛˊ	揣摩	46
ㄔㄜˋ ㄏㄨㄢˋ	撤換	46
ㄔㄜˋ ㄐㄩㄣ	撤軍	46
ㄈㄨˇ ㄧㄤˇ	撫養	46
ㄅㄞˇ ㄉㄨㄥˋ	擺動	46
ㄓ ㄌㄧㄡˊ	支流	46
ㄈㄤˋ ㄕㄜˋ ㄒㄧㄥˋ	放射性	46
ㄈㄤˋ ㄕㄨㄟˇ	放水	46
ㄅㄞˋ ㄏㄨㄞˋ	敗壞	46
ㄐㄧㄠˋ ㄩˋ ㄐㄩˊ ㄓㄤˇ	教育局長	46
ㄙㄢˋ ㄏㄨㄟˋ	散會	46
ㄒㄧㄣ ㄕˋ ㄐㄧˋ	新世紀	46
ㄒㄧㄣ ㄅㄢˇ ㄅㄣˇ	新版本	46
ㄒㄧㄣ ㄎㄜ ㄐㄧˋ	新科技	46
ㄒㄧㄣ ㄐㄧㄣˋ	新近	46
ㄩˊ ㄕˋ ㄐㄧㄡˋ	於是就	46
ㄖˋ ㄌㄨㄛˋ	日落	46
ㄇㄧㄥˊ ㄆㄞˊ	明牌	46
ㄒㄧ	曦	46
ㄊㄧˋ ㄉㄞˋ ㄆㄧㄣˇ	替代品	46
ㄧㄡˇ ㄖㄣˊ ㄉㄜ˙	有人的	46
ㄧㄡˇ ㄕㄣˊ	有神	46
ㄑㄧˊ ㄇㄢˇ	期滿	46
ㄅㄣˇ ㄧㄥ	本應	46
ㄅㄢˇ ㄗ˙	板子	46
ㄌㄧㄣˊ ㄧㄤˊ ㄍㄤˇ	林洋港	46
ㄇㄛˊ ㄐㄩˋ	模具	46
ㄧㄥ ㄏㄨㄚ ㄍㄡ ㄨㄣˇ ㄍㄨㄟ	櫻花鉤吻鮭	46
ㄘˋ ㄒㄩˋ	次序	46
ㄒㄧㄣ ㄖㄢˊ	欣然	46
ㄍㄜ ㄙㄨㄥˋ	歌頌	46
ㄧㄣ ㄑㄧㄝˋ	殷切	46
ㄉㄨˊ ㄙㄨˋ	毒素	46
ㄑㄧˋ ㄆㄞˋ	氣派	46
ㄒㄧㄝˋ ㄌㄡˋ	洩漏	46
ㄏㄨㄛˊ ㄒㄧㄚˋ ㄑㄩˋ	活下去	46
ㄌㄧㄡˊ ㄒㄧㄥˊ ㄅㄧㄥˋ	流行病	46
ㄏㄞˇ ㄕˋ	海市	46
ㄌㄧㄡ ㄅㄧㄥ	溜冰	46
ㄐㄧㄢ	濺	6.351308576902391
ㄐㄧㄢˋ	濺	46
ㄏㄨㄛˇ ㄒㄧㄢˋ	火線	46
ㄎㄠˇ ㄒㄧㄤ	烤箱	46
ㄓㄠˋ ㄔㄤˊ	照常	46
ㄖㄜˋ ㄊㄥˊ ㄊㄥˊ	熱騰騰	46
ㄑㄧㄤˊ ㄐㄧㄠˇ	牆角	46
ㄋㄧㄡˊ ㄔㄜ	牛車	46
ㄒㄧ ㄌㄧˋ	犀利	46
ㄨㄢˊ ㄉㄠˋ	玩到	46
ㄌㄧˇ ㄈㄚˇ	理髮	46
ㄏㄨㄢˊ ㄐㄧㄥˋ ㄌㄧˇ	環境裡	46
ㄒㄩㄢˊ	璿	46
ㄒㄩㄣˊ	璿	46
ㄕㄥ ㄏㄨㄛˊ ㄏㄨㄚˋ	生活化	46
ㄕㄥ ㄌㄨˋ	生路	46
ㄩㄥˋ ㄉㄧㄠˋ	用掉	46
ㄧㄡˊ ㄓㄨㄥ	由衷	46
ㄕㄣ ㄑㄧㄥˇ ㄉㄠˋ	申請到	46
ㄏㄨㄚˋ ㄅㄨˋ	畫布	46
ㄉㄤˋ ㄉㄧㄠˋ	當掉	46
ㄉㄜ˙ ㄧㄠˋ ㄨˋ	的藥物	46
ㄓˊ ㄕㄥ	直昇	46
ㄐㄧˋ ㄆㄧㄣˇ	祭品	46
ㄙ ㄒㄧㄠˋ	私校	46
ㄙ ㄌㄧˋ ㄒㄩㄝˊ ㄒㄧㄠˋ	私立學校	46
ㄇㄧˋ ㄌㄨˇ	秘魯	46
ㄑㄧㄝˋ ㄑㄩˇ	竊取	46
ㄉㄧˋ ㄨˇ ㄐㄧㄝˋ	第五屆	46
ㄎㄨㄤ	筐	46
ㄐㄧㄢˇ ㄅㄧㄢˋ	簡便	46
ㄐㄧㄢˇ ㄓㄤ	簡章	46
ㄇㄧˇ ㄈㄢˋ	米飯	46
ㄈㄣˇ ㄙㄨㄟˋ	粉碎	46
ㄈㄣˇ ㄏㄨㄥˊ ㄙㄜˋ	粉紅色	46
ㄐㄧㄥ ㄗˇ	精子	46
ㄐㄧㄡ ㄍㄜˇ	糾葛	46
ㄐㄧˋ ㄕˊ	紀實	46
ㄈㄣ ㄖㄠˇ	紛擾	46
ㄊㄨㄥˇ ㄌㄧㄥˇ	統領	46
ㄗㄨㄥˋ ㄏㄜˊ ㄒㄧㄥˋ	綜合性	46
ㄨㄟˊ ㄔˊ ㄗㄞˋ	維持在	46
ㄒㄧㄢˋ ㄒㄧㄥˊ	線型	46
ㄅㄧㄢ ㄓˋ	編製	46
ㄈㄢ ㄒㄧㄡ	翻修	46
ㄌㄠˇ ㄕˋ	老式	46
ㄌㄠˇ ㄕㄨˋ	老樹	46
ㄎㄠˇ ㄨㄢˊ	考完	46
ㄦˊ ㄅㄧˇ	而比	46
ㄦˊ ㄅㄧˋ	而比	46
ㄍㄥ ㄓㄨㄥˋ	耕種	46
ㄏㄠˋ ㄕˊ	耗時	46
ㄦˇ ㄇㄨˋ	耳目	46
ㄙㄨㄥˇ ㄌㄧˋ	聳立	46
ㄖㄡˋ ㄧㄢˇ	肉眼	46
ㄈㄨ ㄑㄧㄢˇ	膚淺	46
ㄗˋ ㄨㄣˋ	自問	46
ㄗˋ ㄖㄨˊ	自如	46
ㄗˋ ㄐㄧˇ ㄗˋ ㄗㄨˊ	自給自足	46
ㄗˋ ㄅㄧˋ	自閉	46
ㄌㄧㄤˊ ㄕㄢˋ	良善	46
ㄏㄨㄚ ㄆㄧㄥˊ	花瓶	46
ㄏㄜˊ ㄏㄨㄚ	荷花	46
ㄌㄨㄛˋ ㄅㄞˋ	落敗	46
ㄈㄢ ㄑㄧㄝˊ	蕃茄	46
ㄒㄩ ㄨㄟˋ	虛偽	46
ㄇㄧˋ ㄩㄝˋ	蜜月	46
ㄖㄨㄥˊ ㄏㄨㄚˋ	融化	46
ㄒㄧㄝˇ ㄧㄡˇ	血友	46
ㄏㄤˊ ㄏㄤˊ	行行	46
ㄒㄧㄥˊ ㄒㄧㄥˊ	行行	46
ㄅㄧㄠˇ ㄉㄚˊ ㄔㄨ ㄌㄞˊ	表達出來	46
ㄊㄢˇ	袒	46
ㄅㄟˋ ㄒㄩㄢˇ	被選	46
ㄉㄧㄥˋ ㄏㄨㄣ	訂婚	46
ㄆㄧㄥˊ ㄌㄨㄣˋ ㄐㄧㄚ	評論家	46
ㄏㄨㄟˇ	誨	46
ㄏㄨㄟˋ	誨	46
ㄕㄨㄛ ㄨㄣˊ	說文	46
ㄎㄜˋ ㄕˊ	課時	46
ㄓㄨ ㄏㄡˊ	諸侯	46
ㄒㄧㄝˋ ㄒㄧㄝˋ ㄋㄧˇ	謝謝你	46
ㄒㄧㄝˋ ㄒㄧㄝ˙ ㄋㄧˇ	謝謝你	46
ㄉㄨˊ ㄨㄢˊ	讀完	46
ㄈㄥ ㄕㄨㄛˋ	豐碩	46
ㄒㄧㄤˋ ㄓㄥ ㄓㄜ˙	象徵著	46
ㄗㄡˇ ㄇㄚˇ	走馬	46
ㄕㄣ ㄕˋ	身世	46
ㄓㄨㄢˇ ㄒㄩㄝˊ	轉學	46
ㄓㄨㄢˇ ㄐㄧㄝ	轉接	46
ㄒㄧㄣ ㄒㄧㄣ ㄎㄨˇ ㄎㄨˇ	辛辛苦苦	46
ㄇㄧˊ ㄨㄤˇ	迷惘	46
ㄇㄧˊ ㄌㄨˋ	迷路	46
ㄊㄠˊ ㄨㄤˊ	逃亡	46
ㄊㄨㄥ ㄍㄠˋ	通告	46
ㄐㄧㄣˋ ㄔㄥˊ	進城	46
ㄑㄧㄢ ㄉㄠˋ	遷到	46
ㄉㄡ ㄑㄩˋ	都去	46
ㄐㄧㄣ ㄎㄚˇ	金卡	46
ㄘㄨㄛˋ ㄐㄩㄝˊ	錯覺	46
ㄍㄨㄛ ㄗ˙	鍋子	46
ㄎㄞ ㄨㄢˊ	開完	46
ㄎㄞ ㄆㄞ	開拍	46
ㄇㄧㄣˇ	閔	46
ㄍㄨㄢ ㄓㄠˋ	關照	46
ㄈㄤˊ ㄕㄨㄟˇ	防水	46
ㄔㄨˊ ㄉㄧㄠˋ	除掉	46
ㄌㄨˋ ㄓㄢˋ ㄉㄨㄟˋ	陸戰隊	46
ㄌㄨㄥˊ ㄌㄨㄥˊ	隆隆	46
ㄇㄧㄢˋ ㄖㄨㄥˊ	面容	46
ㄍㄜˊ ㄇㄧㄥˋ ㄒㄧㄥˋ	革命性	46
ㄕㄨㄣˋ ㄕˋ	順勢	46
ㄩˋ ㄓ	預知	46
ㄜˊ ㄊㄡˊ	額頭	46
ㄜˊ ㄊㄡ˙	額頭	46
ㄧㄢˊ ㄇㄧㄢˋ	顏面	46
ㄙㄡ	颼	46
ㄈㄟ ㄒㄧㄥˊ ㄙㄢˇ	飛行傘	46
ㄊㄧˇ ㄊㄢˊ	體壇	46
ㄍㄠ ㄒㄩㄝˊ ㄌㄧˋ	高學歷	46
ㄍㄠ ㄒㄩㄥˊ ㄖㄣˊ	高雄人	46
ㄍㄠ ㄌㄧˋ ㄘㄞˋ	高麗菜	46
ㄩㄢ ㄧㄤ	鴛鴦	46
ㄩˋ	鷸	46
ㄋㄧㄢˊ ㄊㄨˇ	黏土	46
ㄧ ㄓㄡ	一周	45
ㄧˋ ㄓㄡ	一周	45
ㄧ ㄊㄧㄠˊ ㄌㄨˋ	一條路	45
ㄧˋ ㄊㄧㄠˊ ㄌㄨˋ	一條路	45
ㄙㄢ ㄇㄧㄣˊ ㄓㄨˇ ㄧˋ	三民主義	45
ㄕㄤˋ ㄅㄠˋ	上報	45
ㄕㄤˋ ㄧㄣˇ	上癮	45
ㄒㄧㄚˋ ㄏㄠˇ	下好	45
ㄒㄧㄚˋ ㄅㄚ	下巴	45
ㄒㄧㄚˋ ㄅㄚ˙	下巴	45
ㄒㄧㄚˋ ㄑㄧˊ	下棋	45
ㄅㄨˊ ㄒㄧㄣˋ ㄖㄣˋ	不信任	45
ㄓㄨㄥ ㄒㄧㄚˋ	中下	45
ㄓ ㄐㄧㄡˇ	之久	45
ㄓㄚˋ ㄎㄢˋ	乍看	45
ㄊㄚ ㄇㄣˊ ㄌㄧㄚˇ	他們倆	45
ㄊㄚ ㄇㄣ˙ ㄌㄧㄚˇ	他們倆	45
ㄈㄚ ㄇㄨˋ	伐木	45
ㄈㄚˊ ㄇㄨˋ	伐木	45
ㄉㄠˋ ㄧㄝˇ	倒也	45
ㄉㄠˇ ㄖㄨˋ	倒入	45
ㄉㄠˋ ㄖㄨˋ	倒入	45
ㄉㄠˇ ㄉㄧˋ	倒地	45
ㄉㄠˇ ㄉㄜ˙	倒的	45
ㄔㄤˋ ㄧˋ	倡議	45
ㄌㄨㄣˊ ㄉㄨㄣ ㄕˋ	倫敦市	45
ㄓˊ ㄑㄧㄢˊ	值錢	45
ㄐㄧㄚˇ ㄕˋ	假釋	45
ㄨㄟ	偎	45
ㄡˇ ㄒㄧㄤˋ ㄐㄩˋ	偶像劇	45
ㄕㄤ ㄏㄞˋ ㄉㄠˋ	傷害到	45
ㄒㄧㄢ ㄐㄧㄡˋ	先就	45
ㄒㄧㄢ ㄉㄞˋ	先帶	45
ㄒㄧㄢ ㄑㄧㄣˊ	先秦	45
ㄌㄧㄤˇ ㄐㄧㄢˋ ㄕˋ	兩件事	45
ㄍㄨㄥ ㄍㄨㄥˋ ㄏㄨㄚˋ	公共化	45
ㄍㄨㄥ ㄐㄧㄠˋ ㄖㄣˊ ㄩㄢˊ	公教人員	45
ㄅㄧㄥ ㄕㄢ	冰山	45
ㄌㄥˇ ㄎㄨˋ	冷酷	45
ㄐㄧ	几	45
ㄐㄧˇ	几	6.351308576902391
ㄔㄨ ㄒㄩㄣˊ	出巡	45
ㄔㄨ ㄌㄨㄥˊ	出籠	45
ㄔㄨ ㄔㄠ	出超	45
ㄈㄣ ㄙㄨㄥˋ	分送	45
ㄌㄧㄝˋ ㄓㄨㄢˋ	列傳	45
ㄅㄧㄝˊ ㄔㄨ	別出	45
ㄐㄧㄚ ㄌㄨㄣˊ	加侖	45
ㄒㄧㄝˊ ㄐㄧㄣˋ ㄏㄨㄟˋ	協進會	45
ㄩㄢˊ ㄉㄧㄥˋ	原定	45
ㄍㄨˇ ㄅㄠˇ	古堡	45
ㄊㄞˊ ㄉㄧˋ	台地	45
ㄔ ㄏㄜ	吃喝	45
ㄊㄨㄥˊ ㄨㄟˋ	同位	45
ㄒㄧㄤˋ ㄒㄧㄣ	向心	45
ㄊㄨㄣ ㄕˋ	吞噬	45
ㄏㄢˊ ㄓㄜ˙	含著	45
ㄒㄧ ㄧㄢ	吸煙	45
ㄒㄧ ㄋㄚˋ	吸納	45
ㄕㄡˋ ㄔㄨ	售出	45
ㄨㄟˊ ㄉㄨˊ	唯獨	45
ㄕㄢˋ ㄒㄧㄣ	善心	45
ㄒㄧˇ ㄕˋ	喜事	45
ㄐㄧㄚ ㄏㄨㄟˋ	嘉惠	45
ㄌㄡˊ	嘍	45
ㄙˋ ㄈㄣ ㄓ ㄙㄢ	四分之三	45
ㄙˋ ㄇㄧㄥˊ	四名	45
ㄙˋ ㄩㄝˋ ㄈㄣˋ	四月份	45
ㄙˋ ㄇㄟˇ	四美	45
ㄏㄨㄟˊ ㄒㄧㄤˇ	回響	45
ㄧㄣ ㄘˇ ㄧㄡˇ	因此有	45
ㄍㄨㄛˊ ㄇㄧㄣˊ ㄒㄧㄠˇ ㄒㄩㄝˊ	國民小學	45
ㄍㄨㄛˊ ㄌㄧˋ ㄅㄧㄢ ㄧˋ ㄍㄨㄢˇ	國立編譯館	45
ㄍㄨㄛˊ ㄧ	國醫	45
ㄗㄞˋ ㄨㄟˋ	在位	45
ㄎㄜˇ	坷	45
ㄔㄥˊ ㄒㄧㄤ ㄙㄨㄛˇ	城鄉所	45
ㄓˊ ㄧㄝˋ	執業	45
ㄕㄡˋ ㄙ	壽司	45
ㄉㄨㄛ ㄉㄚˋ ㄉㄜ˙	多大的	45
ㄉㄚˋ ㄅㄨˋ ㄒㄧㄤ ㄊㄨㄥˊ	大不相同	45
ㄉㄚˋ ㄉㄧㄢˇ	大典	45
ㄉㄚˋ ㄒㄧˇ	大喜	45
ㄉㄚˋ ㄨˋ	大悟	45
ㄉㄚˋ ㄕㄡˇ	大手	45
ㄉㄚˋ ㄐㄧㄠˋ	大校	45
ㄉㄚˋ ㄐㄧㄚˇ ㄒㄧ	大甲溪	45
ㄊㄞˋ ㄋㄢˊ	太難	45
ㄐㄧㄚˊ ㄉㄞˋ	夾帶	45
ㄔㄤ ㄐㄧˋ	娼妓	45
ㄐㄧㄝˊ	孑	45
ㄘㄨㄣˊ ㄏㄨㄛˋ	存貨	45
ㄙㄨㄣ ㄌㄧˋ ㄖㄣˊ	孫立人	45
ㄢ ㄖㄢˊ	安然	45
ㄢ ㄒㄧㄤˊ	安詳	45
ㄍㄨㄢ ㄔㄤˇ	官場	45
ㄉㄧㄥˋ ㄘㄨㄣˊ	定存	45
ㄉㄧㄥˋ ㄌㄩˋ	定律	45
ㄕˊ ㄧㄢˋ ㄒㄧㄥˋ	實驗性	45
ㄅㄠˇ ㄕㄢ	寶山	45
ㄓㄨㄢ ㄔㄜ	專車	45
ㄒㄩㄣˊ ㄇㄧˋ	尋覓	45
ㄒㄧㄠˇ ㄌㄜ˙	小了	45
ㄕㄠˇ ㄕㄨˋ ㄖㄣˊ	少數人	45
ㄐㄩ ㄩˊ	居於	45
ㄅㄥ ㄊㄚ	崩塌	45
ㄨㄟˊ	帷	45
ㄔㄤˊ ㄧˇ	常以	45
ㄋㄧㄢˊ ㄕㄡ	年收	45
ㄋㄧㄢˊ ㄍㄠ	年高	45
ㄏㄨㄢˋ ㄉㄥ ㄆㄧㄢˋ	幻燈片	45
ㄈㄨˇ ㄔㄥˊ	府城	45
ㄗㄨㄛˋ ㄌㄨㄛˋ	座落	45
ㄇㄧˇ	弭	45
ㄊㄢˊ ㄑㄧㄣˊ	彈琴	45
ㄓㄤ ㄏㄨㄚˋ ㄕˋ	彰化市	45
ㄧㄥˇ ㄒㄧˋ	影戲	45
ㄨㄤˇ ㄨㄞˋ	往外	45
ㄏㄡˋ ㄉㄨㄢ	後端	45
ㄉㄜˊ ㄧˊ	得宜	45
ㄉㄜˊ ㄔㄥˊ	得成	45
ㄨㄟˊ ㄕㄥ	微生	45
ㄓㄥ ㄓㄠˋ	徵兆	45
ㄓㄥ ㄘㄞˊ	徵才	45
ㄨㄤˋ ㄅㄨˊ	忘不	45
ㄨㄤˋ ㄅㄨˋ	忘不	45
ㄙ ㄒㄩˋ	思緒	45
ㄐㄧˊ ㄒㄩ	急需	45
ㄘㄨㄟˋ	悴	45
ㄜˋ ㄍㄢˇ	惡感	45
ㄧˋ ㄨㄟˋ	意謂	45
ㄞˋ ㄗ ㄅㄧㄥˋ ㄉㄨˊ	愛滋病毒	45
ㄍㄢˇ ㄋㄧㄢˋ	感念	45
ㄧㄥ ㄐㄧㄝˋ	應屆	45
ㄧㄥˋ ㄐㄧㄝˋ	應屆	45
ㄨㄛˇ ㄒㄧㄤˋ	我向	45
ㄨㄛˇ ㄉㄧˋ	我弟	45
ㄒㄧˋ ㄕㄨㄟˇ	戲水	45
ㄉㄚˇ ㄉㄠˇ	打倒	45
ㄉㄚˇ ㄍㄨㄣˇ	打滾	45
ㄉㄚˇ ㄓㄨㄢˋ	打轉	45
ㄔㄥˊ ㄒㄧˊ	承襲	45
ㄌㄚ ㄉㄧㄥ ㄇㄟˇ ㄓㄡ	拉丁美洲	45
ㄊㄨㄛ ㄉㄠˋ	拖到	45
ㄓㄠ ㄌㄞˊ	招來	45
ㄑㄩㄢˊ ㄊㄡˊ	拳頭	45
ㄑㄩㄢˊ ㄊㄡ˙	拳頭	45
ㄓㄨㄛ ㄓㄨˋ	捉住	45
ㄙㄠˇ ㄉㄧˋ	掃地	45
ㄐㄧㄢˇ	揀	45
ㄏㄨㄢˋ ㄖㄣˊ	換人	45
ㄐㄧㄢˇ ㄉㄠˋ	撿到	45
ㄈㄤˋ ㄕㄥ	放生	45
ㄓㄥˋ ㄏㄜˊ	政和	45
ㄓㄥˋ ㄓˋ ㄏㄨㄚˋ	政治化	45
ㄇㄧㄣˇ ㄍㄢˇ ㄉㄜ˙	敏感的	45
ㄐㄧㄡˋ ㄔㄨ	救出	45
ㄐㄧㄠˋ ㄊㄨㄢˊ	教團	45
ㄨㄣˊ ㄒㄩㄝˊ ㄕˇ	文學史	45
ㄙ ㄖㄣˊ	斯人	45
ㄒㄧㄣ ㄅㄧㄥ	新兵	45
ㄒㄧㄣ ㄧ	新衣	45
ㄖˋ ㄓˋ	日誌	45
ㄒㄧㄥ ㄐㄧˋ	星際	45
ㄔㄤˇ	昶	45
ㄆㄨˇ ㄌㄨㄛˊ	普羅	45
ㄓㄢˋ ㄕˊ ㄒㄧㄥˋ	暫時性	45
ㄍㄥˋ ㄉㄧ	更低	45
ㄍㄥˋ ㄇㄟˊ	更沒	45
ㄍㄥˋ ㄒㄩ	更需	45
ㄏㄨㄟˋ ㄨˋ	會務	45
ㄧㄡˇ ㄍㄜ˙ ㄖㄣˊ	有個人	45
ㄌㄧˇ ㄍㄨㄤ ㄧㄠˋ	李光耀	45
ㄕㄨˋ ㄕㄡˇ	束手	45
ㄌㄧㄣˊ ㄩㄢˊ	林園	45
ㄍㄨㄛˇ ㄘㄞˋ	果菜	45
ㄇㄡˇ ㄒㄧㄝ ㄖㄣˊ	某些人	45
ㄒㄧㄠˋ ㄨㄞˋ	校外	45
ㄢˋ ㄑㄧㄥˊ	案情	45
ㄇㄟˊ ㄩˇ	梅雨	45
ㄅㄤˇ ㄕㄡˇ	榜首	45
ㄆㄨˊ ㄙㄨˋ	樸素	45
ㄑㄩㄢˊ ㄏㄥˊ	權衡	45
ㄏㄨㄢ ㄒㄧㄣ	歡欣	45
ㄓㄥˋ ㄓㄥˋ	正正	45
ㄙˇ ㄩˊ	死於	45
ㄕㄚ ㄕㄤ	殺傷	45
ㄏㄨㄟˇ ㄙㄨㄣˇ	毀損	45
ㄇㄧㄣˊ ㄏㄜˊ	民和	45
ㄕㄨㄟˇ ㄗㄨˊ	水族	45
ㄕㄨㄟˇ ㄨㄣ	水溫	45
ㄩㄥˇ ㄩㄢˇ ㄉㄜ˙	永遠的	45
ㄑㄧㄡˊ ㄏㄨㄣ	求婚	45
ㄨ ㄇㄧㄥˊ	污名	45
ㄨ ㄋㄧˊ	污泥	45
ㄈㄚˇ ㄧ	法醫	45
ㄌㄨㄛˋ ㄈㄨ	洛夫	45
ㄏㄞˇ ㄋㄢˊ	海南	45
ㄕㄨㄢˋ	涮	45
ㄉㄢˋ ㄕㄨㄟˇ ㄒㄧㄢˋ	淡水線	45
ㄑㄧㄥ ㄑㄩㄢˊ	清泉	45
ㄑㄧㄥ ㄒㄧㄤ	清香	45
ㄌㄧㄡ ㄌㄧㄡ	溜溜	45
ㄓˋ ㄌㄧㄡˊ	滯留	45
ㄇㄢˇ ㄓㄡ	滿州	45
ㄩˊ ㄈㄨ	漁夫	45
ㄐㄧㄝˊ ㄐㄧㄥˋ	潔淨	45
ㄐㄧㄝˊ ㄅㄞˊ	潔白	45
ㄔㄠˊ ㄕ	潮濕	45
ㄌㄠˊ	澇	45
ㄐㄧ ㄤˊ	激昂	45
ㄕ ㄉㄨˋ	濕度	45
ㄏㄨㄛˇ ㄔㄜ ㄊㄡˊ	火車頭	45
ㄨㄟˊ ㄖㄨㄥˊ	為榮	45
ㄨ ㄧㄚ	烏鴉	45
ㄨˊ ㄉㄨㄢ	無端	45
ㄓㄥ ㄅㄚˋ	爭霸	45
ㄋㄧㄡˊ ㄧㄡˊ	牛油	45
ㄨˋ ㄏㄨㄚˋ	物化	45
ㄊㄜˋ ㄕㄨ ㄒㄧㄥˋ	特殊性	45
ㄑㄧㄢ ㄔㄜˇ	牽扯	45
ㄕ ㄗ˙ ㄗㄨㄛˋ	獅子座	45
ㄩˋ ㄑㄧˋ	玉器	45
ㄓㄣ ㄋㄧˊ	珍妮	45
ㄌㄧˇ ㄒㄩㄝˊ ㄩㄢˋ	理學院	45
ㄕㄥ ㄏㄨㄛˊ ㄏㄨㄢˊ ㄐㄧㄥˋ	生活環境	45
ㄩㄥˋ ㄅㄨˋ ㄓㄠˊ	用不著	45
ㄩㄥˋ ㄐㄧㄣˋ	用盡	45
ㄐㄧㄚˇ ㄓㄨㄤˋ ㄒㄧㄢˋ	甲狀腺	45
ㄏㄨㄚˋ ㄒㄧㄚˋ	畫下	45
ㄈㄚ ㄗˋ	發自	45
ㄈㄚ ㄧㄚˊ	發芽	45
ㄅㄞˊ ㄇㄧˇ	白米	45
ㄅㄞˊ ㄐㄧㄣ	白金	45
ㄓˊ ㄕㄥ ㄐㄧ	直昇機	45
ㄓˊ ㄉㄜ˙	直的	45
ㄒㄧㄤ ㄧ	相依	45
ㄓㄣ ㄐㄧㄚˇ	真假	45
ㄐㄩㄢˋ ㄕㄨˇ	眷屬	45
ㄎㄜ ㄕㄨㄟˋ	瞌睡	45
ㄆㄠˋ ㄊㄞˊ	砲台	45
ㄆㄛˋ ㄏㄨㄛˋ	破獲	45
ㄕㄜˋ ㄍㄨㄥ ㄕ	社工師	45
ㄕㄜˋ ㄏㄨㄟˋ ㄌㄧˇ	社會裡	45
ㄙ ㄕㄨˊ	私塾	45
ㄗㄨ ㄐㄧㄝˋ	租借	45
ㄒㄧ ㄕˋ	稀釋	45
ㄎㄨㄥ ㄒㄧˊ	空襲	45
ㄌㄧˋ ㄉㄜˊ	立德	45
ㄐㄧㄥˋ ㄖㄢˊ ㄕˋ	竟然是	45
ㄒㄧㄠˋ ㄓㄜ˙	笑著	45
ㄅㄧˇ ㄏㄨㄚˋ	筆畫	45
ㄐㄧㄢˇ ㄓˊ ㄕˋ	簡直是	45
ㄊㄨㄢˊ	糰	45
ㄏㄨㄥˊ ㄕˊ ㄗˋ ㄏㄨㄟˋ	紅十字會	45
ㄓˇ ㄅㄧˋ	紙幣	45
ㄓˇ ㄊㄧㄠˊ	紙條	45
ㄗㄨˇ ㄊㄡˊ	組頭	45
ㄨㄟˊ ㄕㄥ ㄙㄨˋ	維生素	45
ㄩㄢˊ ㄑㄧˇ	緣起	45
ㄗㄨㄥˇ ㄙ ㄌㄧㄥˋ	總司令	45
ㄒㄧˊ ㄍㄨㄢˋ ㄒㄧㄥˋ	習慣性	45
ㄌㄠˇ ㄕ ㄈㄨˋ	老師傅	45
ㄦˊ ㄐㄧㄡˋ	而就	45
ㄏㄨˊ ㄌㄨㄢˋ	胡亂	45
ㄋㄥˊ ㄆㄠˇ	能跑	45
ㄊㄨㄛ ㄎㄡˇ	脫口	45
ㄗˋ ㄅㄠˇ	自保	45
ㄉㄨㄛˋ	舵	45
ㄅㄚ ㄌㄜˋ	芭樂	45
ㄏㄨㄚ ㄙㄜˋ	花色	45
ㄖㄨㄛˋ ㄈㄟ	若非	45
ㄔㄚˊ ㄩㄢˊ	茶園	45
ㄘㄞˋ ㄕˋ ㄔㄤˇ	菜市場	45
ㄨㄢˋ ㄏㄨˋ	萬戶	45
ㄍㄞˋ ㄕㄤˋ	蓋上	45
ㄏㄨㄟˋ	薈	45
ㄧㄠˋ ㄕㄢˋ	藥膳	45
ㄗㄠˇ	蚤	45
ㄏㄨㄤˊ ㄔㄨㄥˊ	蝗蟲	45
ㄧㄥˊ ㄏㄨㄛˇ ㄔㄨㄥˊ	螢火蟲	45
ㄏㄤˊ ㄎㄨˋ	行庫	45
ㄓㄨㄥ ㄒㄧㄣ	衷心	45
ㄒㄧ ㄈㄥ	西風	45
ㄧㄠˋ ㄌㄧㄥˇ	要領	45
ㄐㄧㄢˋ ㄨㄣˊ	見聞	45
ㄍㄨㄟ ㄈㄟˋ	規費	45
ㄔㄨˋ ㄕㄡˇ	觸手	45
ㄉㄧㄥˋ ㄌㄜ˙	訂了	45
ㄐㄩㄝˊ ㄑㄧㄠˋ	訣竅	45
ㄏㄨㄚˋ ㄐㄩˋ	話劇	45
ㄓㄢ ㄇㄨˇ ㄙ	詹姆斯	45
ㄔㄥˊ ㄒㄧㄣ	誠心	45
ㄅㄧㄢˋ ㄒㄧㄠˇ	變小	45
ㄍㄨˇ ㄉㄧˋ	谷地	45
ㄒㄧㄤˋ ㄓㄥ ㄒㄧㄥˋ	象徵性	45
ㄍㄨㄥˋ ㄌㄧㄠˊ	貢寮	45
ㄇㄞˇ ㄅㄨˊ ㄉㄠˋ	買不到	45
ㄈㄨˋ ㄕㄨㄟˋ	賦稅	45
ㄌㄞˋ ㄕˋ ㄅㄠˇ	賴士葆	45
ㄗㄡˇ ㄒㄧㄚˋ ㄑㄩˋ	走下去	45
ㄗㄡˇ ㄉㄠˋ	走道	45
ㄕㄣ ㄑㄩ	身軀	45
ㄑㄧㄥ ㄐㄧㄥˇ ㄗㄜˊ	輕井澤	45
ㄑㄧㄥ ㄅㄛˊ	輕薄	45
ㄓㄨㄢˇ ㄓㄢˋ	轉戰	45
ㄋㄨㄥˊ ㄍㄨㄥ	農工	45
ㄐㄧㄣˋ ㄧㄣ	近因	45
ㄓㄜˋ ㄒㄧㄝ ㄑㄧㄢˊ	這些錢	45
ㄧㄡˊ ㄌㄜˋ ㄔㄤˇ	遊樂場	45
ㄐㄧㄡˇ ㄔㄤˇ	酒廠	45
ㄧ ㄌㄧㄠˊ ㄈㄟˋ	醫療費	45
ㄓㄨㄥˋ ㄍㄨㄥ	重工	45
ㄊㄞˋ	鈦	45
ㄊㄨㄥˊ ㄍㄨˇ	銅鼓	45
ㄖㄨㄟˋ ㄐㄧㄢˇ	銳減	45
ㄊㄧㄝˇ ㄇㄣˊ	鐵門	45
ㄔㄤˊ ㄑㄧˊ	長崎	45
ㄔㄤˊ ㄑㄧˊ ㄒㄧㄢˋ	長崎縣	45
ㄔㄤˊ ㄔㄨˋ	長處	45
ㄎㄞ ㄇㄧㄥˊ	開明	45
ㄩㄝˋ ㄌㄢˇ	閱覽	45
ㄈㄨˋ ㄅㄧㄠˇ	附表	45
ㄔㄨˊ ㄑㄩㄢˊ	除權	45
ㄧㄣˇ ㄋㄧˋ	隱匿	45
ㄒㄩㄥˊ ㄨㄟˇ	雄偉	45
ㄕㄨㄤ ㄑㄧㄣ	雙親	45
ㄌㄧㄥˊ ㄕㄡˋ ㄕㄤ	零售商	45
ㄉㄧㄢˋ ㄌㄧㄢˊ ㄔㄜ	電聯車	45
ㄌㄨˋ ㄕㄨㄟˇ	露水	45
ㄌㄡˋ ㄇㄧㄢˋ	露面	45
ㄌㄧㄥˊ ㄍㄨㄤ	靈光	45
ㄑㄧㄥ ㄊㄨㄥˊ	青銅	45
ㄧㄣ ㄒㄩㄣˋ	音訊	45
ㄉㄧㄥˇ ㄉㄨㄢ	頂端	45
ㄕㄨㄣˋ ㄧㄢˇ	順眼	45
ㄕㄨㄣˋ ㄉㄠˋ	順道	45
ㄒㄩ ㄓ	須知	45
ㄜˊ ㄨㄞˋ ㄉㄜ˙	額外的	45
ㄑㄩ ㄕˇ	驅使	45
ㄍㄠ ㄌㄧˋ	高利	45
ㄧㄡˊ ㄩˊ	魷魚	45
ㄒㄧˇ	鰓	45
ㄙㄞ	鰓	45
ㄏㄨㄤˊ ㄓㄠ ㄕㄨㄣˋ	黃昭順	45
ㄧ ㄓㄠˋ	一兆	44
ㄧˊ ㄓㄠˋ	一兆	44
ㄧ ㄩㄢˊ	一員	44
ㄧˋ ㄩㄢˊ	一員	44
ㄧ ㄐㄧˋ ㄓ ㄔㄤˊ	一技之長	44
ㄧˊ ㄐㄧˋ ㄓ ㄔㄤˊ	一技之長	44
ㄧ ㄇㄟˊ	一枚	44
ㄧˋ ㄇㄟˊ	一枚	44
ㄧ ㄅㄞˇ ㄩㄢˊ	一百元	44
ㄧˋ ㄅㄞˇ ㄩㄢˊ	一百元	44
ㄧ ㄉㄧㄢˇ ㄧˋ ㄉㄧ	一點一滴	44
ㄧˋ ㄉㄧㄢˇ ㄧˋ ㄉㄧ	一點一滴	44
ㄑㄧ ㄨㄟˋ	七位	44
ㄑㄧ ㄑㄧㄢ ㄉㄨㄛ	七千多	44
ㄕㄤˋ ㄅㄢˋ ㄋㄧㄢˊ	上半年	44
ㄒㄧㄚˋ ㄐㄧㄤˋ ㄉㄜ˙	下降的	44
ㄅㄨˋ ㄈㄚˊ	不乏	44
ㄅㄨˋ ㄈㄢˊ	不凡	44
ㄅㄨˊ ㄗㄞˋ ㄏㄨ	不在乎	44
ㄅㄨˊ ㄉㄨㄟˋ ㄐㄧㄣˋ	不對勁	44
ㄅㄨˊ ㄉㄨㄟˋ ㄐㄧㄥˋ	不對勁	44
ㄅㄨˋ ㄉㄨㄟˋ ㄐㄧㄣˋ	不對勁	44
ㄅㄨˋ ㄉㄨㄟˋ ㄐㄧㄥˋ	不對勁	44
ㄅㄨˊ ㄊㄜˋ	不特	44
ㄅㄨˊ ㄧˋ	不義	44
ㄅㄨˊ ㄍㄨㄛˋ ㄑㄩˋ	不過去	44
ㄅㄨˋ ㄍㄨㄛˋ ㄑㄩˋ	不過去	44
ㄕˋ ㄕˋ	世事	44
ㄅㄧㄥˋ ㄨㄟˋ	並為	44
ㄓㄨㄥ ㄩㄢˊ ㄐㄧㄝˊ	中元節	44
ㄓㄨㄥ ㄧㄤ ㄑㄧˋ ㄒㄧㄤˋ ㄐㄩˊ	中央氣象局	44
ㄆㄤ	乓	44
ㄧㄝˇ ㄗㄞˋ	也再	44
ㄨˇ ㄐㄧㄠˇ	五角	44
ㄖㄣˊ ㄌㄧˋ ㄗ ㄩㄢˊ	人力資源	44
ㄖㄣˋ ㄏㄜˊ ㄕˋ	任何事	44
ㄒㄧㄡ ㄧㄤˇ	休養	44
ㄘˋ ㄏㄡˋ	伺候	44
ㄙˋ ㄏㄡˋ	伺候	44
ㄏㄜˊ ㄖㄨˊ	何如	44
ㄗㄨㄛˋ ㄉㄚˊ	作答	44
ㄌㄞˊ ㄕˋ	來勢	44
ㄌㄞˊ ㄘˇ	來此	44
ㄒㄧㄣˋ ㄈㄥˋ	信奉	44
ㄐㄧㄚˇ ㄖㄨㄛˋ	假若	44
ㄗㄨㄛˋ ㄑㄧˇ ㄌㄞˊ	做起來	44
ㄊㄧㄥˊ ㄅㄢˋ	停辦	44
ㄊㄧㄥˊ ㄎㄠˋ	停靠	44
ㄑㄧㄥ ㄒㄧㄠ	傾銷	44
ㄋㄟˋ ㄏㄤˊ	內行	44
ㄌㄧㄤˇ ㄇㄧㄢˋ	兩面	44
ㄍㄨㄥ ㄓˊ ㄖㄣˊ ㄩㄢˊ	公職人員	44
ㄌㄧㄡˋ ㄌㄧㄥˊ ㄋㄧㄢˊ ㄉㄞˋ	六零年代	44
ㄑㄧˊ ㄦˋ	其二	44
ㄗㄞˋ ㄇㄟˊ ㄧㄡˇ	再沒有	44
ㄌㄧㄥˊ ㄌㄨㄢˋ	凌亂	44
ㄔㄨ ㄍㄜ˙	出個	44
ㄔㄨ ㄎㄢ	出刊	44
ㄈㄣ ㄊㄢ	分攤	44
ㄈㄣ ㄆㄞˋ	分派	44
ㄅㄧㄝˊ ㄗㄞˋ	別再	44
ㄑㄧㄢˊ ㄧㄣ	前因	44
ㄑㄧㄢˊ ㄑㄧˊ	前期	44
ㄍㄤ ㄍㄤ ㄉㄜ˙	剛剛的	44
ㄔㄨㄤˋ ㄕㄜˋ	創設	44
ㄏㄨㄚˋ ㄒㄧㄚˋ	劃下	44
ㄕˊ ㄐㄧㄚ	十家	44
ㄧㄣˋ ㄉㄧˋ ㄢ	印地安	44
ㄩㄢˊ ㄨㄟˋ	原味	44
ㄩㄢˊ ㄇㄧㄣˊ ㄊㄞˊ	原民台	44
ㄩㄢˊ ㄉㄧㄥˋ	原訂	44
ㄎㄜˇ ㄒㄧㄣˋ ㄉㄨˋ	可信度	44
ㄎㄜˇ ㄧㄡˇ	可有	44
ㄙ ㄌㄧㄥˋ ㄅㄨˋ	司令部	44
ㄏㄜˊ ㄗㄡˋ	合奏	44
ㄐㄧˊ ㄦˇ	吉爾	44
ㄊㄨㄥˊ ㄕㄤˋ	同上	44
ㄊㄨㄥˊ ㄒㄩㄝˊ ㄏㄨㄟˋ	同學會	44
ㄊㄨㄥˊ ㄨㄣˊ	同文	44
ㄇㄧㄥˊ ㄘㄜˋ	名冊	44
ㄇㄧㄥˊ ㄇㄨˋ	名目	44
ㄊㄨㄣ ㄒㄧㄚˋ	吞下	44
ㄨˊ ㄋㄧㄢˋ ㄓㄣ	吳念真	44
ㄏㄨ ㄒㄧ ㄉㄠˋ	呼吸道	44
ㄏㄨㄟˋ	喙	44
ㄉㄢ ㄕˋ	單是	44
ㄙㄤˇ ㄧㄣ	嗓音	44
ㄒㄧㄚˋ ㄏㄨㄞˋ	嚇壞	44
ㄋㄤˊ ㄍㄨㄚ	囊括	44
ㄙˋ ㄕˊ ㄐㄧˇ	四十幾	44
ㄍㄨㄛˊ ㄅㄠˇ ㄐㄧˊ	國寶級	44
ㄉㄧˋ ㄩㄢˊ	地緣	44
ㄐㄩㄣ ㄎㄜˇ	均可	44
ㄐㄧㄢ ㄕˊ	堅實	44
ㄅㄠˋ ㄅㄟˋ	報備	44
ㄉㄚˋ ㄈㄚˇ ㄍㄨㄢ ㄏㄨㄟˋ ㄧˋ	大法官會議	44
ㄉㄚˋ ㄅㄧㄥˇ	大餅	44
ㄕ ㄓˊ	失職	44
ㄋㄩˇ ㄐㄧㄤˋ	女將	44
ㄋㄩˇ ㄈㄤ	女方	44
ㄒㄧㄥˋ ㄕˋ	姓氏	44
ㄨㄟ ㄕˋ ㄐㄧˋ	威士忌	44
ㄆㄧㄠˊ	嫖	44
ㄗ ㄕㄥ	孳生	44
ㄢ ㄉㄨㄣˋ	安頓	44
ㄍㄨㄢ ㄈㄤ ㄉㄜ˙	官方的	44
ㄒㄩㄢ ㄒㄧㄝˋ	宣洩	44
ㄖㄨㄥˊ ㄇㄠˋ	容貌	44
ㄒㄧㄝˇ ㄘㄨㄛˋ	寫錯	44
ㄐㄧㄤ ㄋㄥˊ	將能	44
ㄒㄧㄠˇ ㄈㄨˊ	小幅	44
ㄐㄧㄡˋ ㄒㄧㄚˋ	就下	44
ㄆㄧㄥˊ ㄏㄥˊ ㄉㄧㄢˇ	平衡點	44
ㄍㄢˋ ㄇㄚˊ	幹麼	44
ㄏㄨㄢˋ ㄒㄧㄤˋ	幻象	44
ㄎㄤ ㄉㄜˊ	康德	44
ㄇㄧˊ ㄊㄨㄛˊ	彌陀	44
ㄏㄡˋ ㄕㄜˋ	後設	44
ㄔㄡˊ	惆	44
ㄨㄢˋ	惋	44
ㄜˋ ㄍㄠˇ	惡搞	44
ㄧˋ ㄒㄧㄤˋ	意向	44
ㄧˋ ㄒㄧㄤˇ ㄅㄨˊ ㄉㄠˋ	意想不到	44
ㄘㄢˇ ㄊㄨㄥˋ	慘痛	44
ㄧˋ ㄑㄧˇ	憶起	44
ㄉㄚˇ ㄍㄨˇ	打鼓	44
ㄅㄢˋ ㄔㄥˊ	扮成	44
ㄊㄡˊ ㄕㄨ	投書	44
ㄌㄚ ㄌㄨㄥˇ	拉攏	44
ㄋㄚˊ ㄉㄜ˙	拿的	44
ㄓㄥ ㄊㄨㄛ	掙脫	44
ㄐㄧㄝ ㄉㄧㄢˋ	接電	44
ㄏㄨㄢˋ ㄍㄜ˙	換個	44
ㄧㄠˊ ㄊㄡˊ ㄨㄢˊ	搖頭丸	44
ㄔㄜˋ ㄏㄨㄟˊ	撤回	44
ㄕㄡ ㄑㄧㄢˊ	收錢	44
ㄐㄧㄡˋ ㄕㄨˊ	救贖	44
ㄒㄧㄣ ㄔㄠ	新鈔	44
ㄕㄤˇ	晌	44
ㄕㄨ ㄒㄧㄣˋ	書信	44
ㄕㄨ ㄆㄧㄥˊ	書評	44
ㄏㄨㄟˋ ㄕㄜˋ	會社	44
ㄧㄡˇ ㄅㄟˋ	有備	44
ㄧㄡˇ ㄐㄧㄤˇ	有獎	44
ㄨㄤˋ ㄐㄧㄢˋ	望見	44
ㄔㄚˊ ㄅㄧㄠˇ	查表	44
ㄐㄧㄠˋ ㄅㄣˇ	校本	44
ㄇㄟˊ ㄓㄨˊ	梅竹	44
ㄌㄡˊ ㄈㄤˊ	樓房	44
ㄨˇ ㄕㄨˋ	武術	44
ㄙˇ ㄧㄣ	死因	44
ㄙˇ ㄐㄧㄠˇ	死角	44
ㄕㄚ ㄔㄨㄥˊ ㄐㄧˋ	殺蟲劑	44
ㄇㄧㄣˊ ㄔㄨ	民初	44
ㄑㄧˋ ㄐㄧ	氣機	44
ㄕㄨㄟˇ ㄕㄥ	水生	44
ㄐㄩㄝˊ ㄓㄢˋ	決戰	44
ㄏㄜˊ ㄅㄟˇ	河北	44
ㄧㄡˊ ㄧㄡˊ	油油	44
ㄒㄧㄝˋ ㄇㄧˋ	洩密	44
ㄆㄞˋ ㄕㄤˋ	派上	44
ㄩˋ ㄔㄤˇ	浴場	44
ㄊㄨˊ ㄒㄧㄥˇ ㄓㄜˊ	涂醒哲	44
ㄒㄧㄠ ㄈㄤˊ ㄐㄩˊ	消防局	44
ㄕㄣ ㄑㄧㄢˇ	深淺	44
ㄕㄣ ㄗㄠˋ	深造	44
ㄑㄧㄥ ㄙㄠˇ	清掃	44
ㄐㄧㄢˇ ㄒㄧㄥˊ	減刑	44
ㄇㄧㄠˇ ㄒㄧㄠˇ	渺小	44
ㄏㄨˊ ㄕㄨㄟˇ	湖水	44
ㄏㄨㄚˊ ㄅㄢˇ	滑板	44
ㄏㄨㄛˇ ㄍㄨㄤ	火光	44
ㄏㄨㄛˇ ㄧㄢˋ	火焰	44
ㄨㄟˊ ㄧˊ	為宜	44
ㄨˊ ㄕㄤˋ	無上	44
ㄨˊ ㄌㄧˇ	無理	44
ㄠˊ ㄧㄝˋ	熬夜	44
ㄉㄥ ㄆㄠˋ	燈泡	44
ㄈㄢˋ ㄈㄚˇ	犯法	44
ㄨㄢˊ ㄕㄨㄟˇ	玩水	44
ㄌㄧㄥˊ ㄌㄨㄥˊ	玲瓏	44
ㄎㄜ	珂	44
ㄌㄧˇ ㄌㄨㄣˋ ㄐㄧㄚ	理論家	44
ㄕㄥ ㄏㄨㄛˊ ㄈㄤ ㄕˋ	生活方式	44
ㄕㄥ ㄏㄨㄛˇ	生火	44
ㄌㄧㄡˊ ㄓˋ	留置	44
ㄅㄧˋ ㄧㄝˋ ㄉㄧㄢˇ ㄌㄧˇ	畢業典禮	44
ㄏㄨㄚˋ ㄧ	畫一	44
ㄉㄧㄢ ㄒㄧㄢˊ	癲癇	44
ㄈㄚ ㄑㄧㄡˊ	發球	44
ㄈㄚ ㄕㄥ ㄌㄩˋ	發生率	44
ㄈㄚ ㄈㄥ	發瘋	44
ㄅㄞˊ ㄌㄢˊ	白蘭	44
ㄅㄞˊ ㄏㄨㄚˋ ㄨㄣˊ	白話文	44
ㄅㄞˊ ㄕㄨㄛ	白說	44
ㄏㄨㄤˊ ㄍㄨㄢ	皇冠	44
ㄐㄧㄢ ㄍㄨㄥ	監工	44
ㄆㄢˊ ㄙㄨㄢˋ	盤算	44
ㄒㄧㄤ ㄐㄧㄠ	相交	44
ㄒㄧㄤ ㄐㄩˋ	相聚	44
ㄧㄢˇ ㄎㄢˋ ㄓㄜ˙	眼看著	44
ㄞˇ ㄏㄨㄚˋ	矮化	44
ㄧㄥˋ ㄕˋ	硬是	44
ㄌㄧˋ	礪	44
ㄕㄜˋ ㄏㄨㄟˋ ㄏㄨㄚˋ	社會化	44
ㄕㄣˊ ㄏㄨˋ	神戶	44
ㄒㄧㄤˊ ㄏㄜˊ	祥和	44
ㄐㄧㄣˋ ㄑㄩ	禁區	44
ㄈㄨˊ ㄉㄠˇ	福島	44
ㄔㄨㄤ ㄨㄞˋ	窗外	44
ㄉㄡˋ	竇	44
ㄓㄤ ㄒㄧㄠˋ ㄧㄢˊ	章孝嚴	44
ㄊㄨㄥˊ ㄐㄩㄣ	童軍	44
ㄒㄧㄠˇ	筱	44
ㄍㄜˋ	箇	44
ㄙㄨˋ	粟	44
ㄒㄧˋ ㄍㄨㄢˇ	系館	44
ㄏㄨㄥˊ ㄌㄩˋ	紅綠	44
ㄙㄨˋ ㄧㄡˇ	素有	44
ㄐㄧㄝˊ ㄧㄝˋ	結業	44
ㄐㄧㄥ ㄋㄧㄢˊ	經年	44
ㄒㄧㄢˋ ㄧˋ ㄏㄨㄟˋ	縣議會	44
ㄇㄟˇ ㄓㄢˇ	美展	44
ㄑㄩㄣˊ ㄗㄨˇ	群組	44
ㄌㄠˇ ㄅㄛˊ	老伯	44
ㄌㄠˇ ㄗㄨˇ	老祖	44
ㄌㄧㄢˊ ㄇㄧㄥˊ	聯名	44
ㄩˋ ㄧㄥ ㄐㄧㄚˇ	育嬰假	44
ㄗˋ ㄈㄨˋ	自負	44
ㄒㄧㄥ ㄌㄨㄥˊ	興隆	44
ㄐㄧㄡˋ ㄕˋ	舊式	44
ㄕㄜˋ ㄌㄧˋ	舍利	44
ㄏㄤˊ ㄊㄞˋ	航太	44
ㄅㄛ	菠	44
ㄌㄨㄛˋ ㄒㄩㄢˇ	落選	44
ㄧˋ ㄋㄥˊ	藝能	44
ㄧㄠˋ ㄈㄤ	藥方	44
ㄑㄧㄢˊ ㄒㄧㄣˋ	虔信	44
ㄔㄨˇ ㄙˇ	處死	44
ㄖㄨㄥˊ ㄑㄧㄚˋ	融洽	44
ㄒㄧㄝ	蠍	44
ㄒㄧㄥˊ ㄅㄨˋ ㄊㄨㄥ	行不通	44
ㄒㄧㄥˊ ㄕㄢˋ	行善	44
ㄨㄟˋ ㄕㄥ ㄕㄨˇ ㄓㄤˇ	衛生署長	44
ㄧ ㄓㄨㄛˊ	衣著	44
ㄓㄨㄤ ㄇㄢˇ	裝滿	44
ㄊㄨㄣˋ ㄙㄜˋ	褪色	44
ㄆㄧㄥˊ ㄉㄥˇ	評等	44
ㄕˋ ㄐㄧˋ	試劑	44
ㄕˋ ㄕㄜˋ	試射	44
ㄕ ㄒㄩㄝˊ	詩學	44
ㄍㄞ ㄧˇ	該以	44
ㄊㄢˊ ㄐㄧˊ	談及	44
ㄒㄧㄝˋ ㄧˋ	謝意	44
ㄗㄢˋ ㄩˋ	讚譽	44
ㄈㄥ ㄊㄧㄢˊ	豐田	44
ㄍㄡˋ ㄉㄜˊ	購得	44
ㄗㄡˇ ㄎㄞ	走開	44
ㄑㄧˇ ㄧˋ	起義	44
ㄊㄧㄠˋ ㄍㄠ	跳高	44
ㄏㄨㄞˊ	踝	44
ㄓㄨㄥˇ	踵	44
ㄖㄡˊ	蹂	44
ㄌㄧㄣˋ	躪	44
ㄕㄣ ㄨㄤˊ	身亡	44
ㄐㄩㄣ ㄓㄥˋ	軍政	44
ㄑㄧㄥ ㄒㄧㄣ	輕心	44
ㄅㄢˋ ㄒㄩㄝˊ	辦學	44
ㄅㄧㄢˋ ㄅㄧㄝˊ	辨別	44
ㄓㄜˋ ㄧㄤˋ ㄧˋ ㄌㄞˊ	這樣一來	44
ㄊㄨㄥ ㄏㄤˊ	通航	44
ㄍㄨㄛˋ ㄉㄠˋ	過到	44
ㄉㄚˊ ㄌㄞˋ	達賴	44
ㄉㄡ ㄒㄧㄤˋ	都像	44
ㄓㄨㄥˋ ㄕㄤ ㄓㄨˇ ㄧˋ	重商主義	44
ㄧㄝˇ ㄍㄡˇ	野狗	44
ㄒㄩㄢˋ	鉉	44
ㄊㄨㄥˊ ㄑㄧˋ	銅器	44
ㄔㄤˊ ㄕㄥ	長生	44
ㄎㄞ ㄌㄨㄛˊ	開鑼	44
ㄈㄤˊ ㄖㄣˊ	防人	44
ㄈㄨˋ ㄧㄡˇ	附有	44
ㄔㄨˊ ㄨㄞˋ	除外	44
ㄔㄣˊ ㄧˋ ㄒㄧㄣˋ	陳義信	44
ㄩˇ ㄕˋ	雨勢	44
ㄩㄣˊ ㄇㄣˊ ㄨˇ ㄐㄧˊ	雲門舞集	44
ㄑㄧㄥ ㄋㄧㄢˊ ㄖㄣˊ	青年人	44
ㄌㄧㄥˇ ㄧㄡˇ	領有	44
ㄧㄢˊ ㄑㄧㄥ ㄅㄧㄠ	顏清標	44
ㄅㄧㄠ ㄓㄤˇ	飆漲	44
ㄇㄚˇ ㄍㄠˋ ㄍㄨㄛˊ ㄐㄧㄚ ㄍㄨㄥ ㄩㄢˊ	馬告國家公園	44
ㄐㄧㄥ ㄒㄧㄚˋ	驚嚇	44
ㄍㄠ ㄍㄨ	高估	44
ㄉㄡˋ ㄓˋ	鬥志	44
ㄩˊ ㄓㄨㄥˇ	魚種	44
ㄇㄢˊ ㄩˊ	鰻魚	44
ㄇㄢˋ ㄩˊ	鰻魚	44
ㄇㄞˋ ㄆㄧㄢˋ	麥片	44
ㄇㄚˊ ㄉㄡˋ	麻豆	44
ㄋㄧㄢˊ ㄇㄛˊ	黏膜	44
ㄉㄧㄢˇ ㄩㄝˋ	點閱	44
ㄧ ㄑㄧㄝˋ ㄉㄡ ㄕˋ	一切都是	43
ㄧˊ ㄑㄧㄝˋ ㄉㄡ ㄕˋ	一切都是	43
ㄧ ㄑㄩ	一區	43
ㄧˋ ㄑㄩ	一區	43
ㄧ ㄒㄧㄠˋ	一笑	43
ㄧˊ ㄒㄧㄠˋ	一笑	43
ㄧ ㄎㄜˋ	一課	43
ㄧˊ ㄎㄜˋ	一課	43
ㄙㄢ ㄑㄧㄢ ㄩㄢˊ	三千元	43
ㄕㄤˋ ㄕㄡˇ	上手	43
ㄒㄧㄚˋ ㄉㄚˊ	下達	43
ㄅㄨˋ ㄘㄨㄥˊ	不從	43
ㄅㄨˊ ㄧㄠˋ ㄗㄞˋ	不要在	43
ㄕˋ ㄩㄣˋ	世運	43
ㄑㄧㄡ ㄌㄧㄥˊ	丘陵	43
ㄓㄨㄥ ㄧㄤ ㄉㄜ˙	中央的	43
ㄓㄨㄥ ㄕㄢ ㄅㄟˇ ㄌㄨˋ	中山北路	43
ㄓㄨㄥ ㄔㄤˊ ㄑㄧˊ	中長期	43
ㄓㄨㄥ ㄧㄣ	中音	43
ㄓㄨˇ ㄘˊ	主詞	43
ㄌㄨㄢˋ ㄕˋ	亂世	43
ㄦˋ ㄩㄢˊ	二元	43
ㄖㄣˊ ㄎㄡˇ ㄕㄨˋ	人口數	43
ㄖㄣˊ ㄘㄞˊ	人材	43
ㄖㄣˊ ㄇㄧㄢˋ	人面	43
ㄒㄧㄢ ㄖㄣˊ	仙人	43
ㄉㄞˋ ㄉㄞˋ	代代	43
ㄉㄧ ㄔㄥˊ ㄅㄣˇ	低成本	43
ㄅㄣˋ	体	6.351308576902391
ㄊㄧˇ	体	43
ㄌㄞˊ ㄓㄜˇ	來者	43
ㄧ ㄒㄧ	依稀	43
ㄒㄧㄣˋ ㄈㄨˊ	信服	43
ㄒㄧㄣˋ ㄩㄥˋ ㄓㄨㄤˋ	信用狀	43
ㄉㄠˋ ㄔㄜ	倒車	43
ㄏㄡˋ ㄅㄨˇ	候補	43
ㄐㄧㄚˇ ㄐㄧㄡˇ	假酒	43
ㄘㄨㄟ ㄏㄨㄚˋ	催化	43
ㄔㄨㄢˊ ㄒㄧㄚˋ	傳下	43
ㄕㄤ ㄖㄣˊ	傷人	43
ㄧㄡ ㄉㄥˇ	優等	43
ㄩㄢˊ ㄌㄠˇ	元老	43
ㄒㄧㄢ ㄖㄣˊ	先人	43
ㄒㄧㄢ ㄉㄠˋ	先到	43
ㄒㄧㄢ ㄐㄩㄝˊ	先決	43
ㄍㄨㄤ ㄗㄜˊ	光澤	43
ㄑㄩㄢˊ ㄊㄧㄢ ㄏㄡˋ	全天候	43
ㄌㄧㄤˇ ㄑㄧ	兩棲	43
ㄍㄨㄥ ㄌㄨˋ ㄐㄩˊ	公路局	43
ㄌㄧㄡˋ ㄑㄧㄢ ㄉㄨㄛ	六千多	43
ㄍㄨㄥˋ ㄔㄨˇ	共處	43
ㄇㄠˋ ㄓㄜ˙	冒著	43
ㄌㄧㄣˇ	凜	43
ㄔㄨ ㄕㄨㄟˇ	出水	43
ㄔㄨ ㄩㄢˋ	出院	43
ㄈㄣ ㄕㄣ	分身	43
ㄎㄜ ㄅㄢˇ ㄧㄣˋ ㄒㄧㄤˋ	刻板印象	43
ㄎㄜˋ ㄅㄢˇ ㄧㄣˋ ㄒㄧㄤˋ	刻板印象	43
ㄑㄧㄢˊ ㄇㄠˊ	前茅	43
ㄑㄧㄢˊ ㄩㄢˋ	前院	43
ㄈㄨˋ ㄧˋ ㄓㄤˇ	副議長	43
ㄐㄧㄚ ㄍㄨㄛˋ	加過	43
ㄉㄨㄥˋ ㄐㄧㄥˋ	動靜	43
ㄕㄥˋ ㄉㄜ˙	勝的	43
ㄏㄨㄚˋ ㄕㄥ	化生	43
ㄧㄣˋ ㄔㄨ ㄌㄞˊ	印出來	43
ㄈㄢˇ ㄌㄜ˙	反了	43
ㄐㄩˋ ㄕˋ	句式	43
ㄊㄞˊ ㄐㄧㄥ ㄩㄢˋ	台經院	43
ㄕˇ ㄉㄧˋ ㄈㄣ	史蒂芬	43
ㄕˇ ㄩˇ ㄙㄨㄛˇ	史語所	43
ㄏㄜˊ ㄗㄞˋ ㄧ ㄑㄧˇ	合在一起	43
ㄏㄜˊ ㄗㄞˋ ㄧˋ ㄑㄧˇ	合在一起	43
ㄏㄜˊ ㄕˋ ㄉㄜ˙	合適的	43
ㄊㄨㄥˊ ㄊㄤˊ	同堂	43
ㄈㄟˋ	吠	43
ㄨㄟˋ ㄑㄩㄢˊ ㄌㄨㄥˊ	味全龍	43
ㄏㄜˊ ㄆㄧㄥˊ ㄉㄜ˙	和平的	43
ㄏㄜ ㄗㄨㄟˋ	喝醉	43
ㄆㄣ ㄙㄚˇ	噴灑	43
ㄙˋ ㄐㄧㄝˋ	四屆	43
ㄔㄨㄤ	囪	43
ㄘㄨㄥ	囪	43
ㄍㄨㄛˊ ㄕˋ	國事	43
ㄍㄨㄛˊ ㄌㄧˋ	國力	43
ㄍㄨㄛˊ ㄕˇ	國史	43
ㄍㄨㄛˊ ㄇㄠˋ	國貿	43
ㄍㄨㄛˊ ㄅㄧㄣ	國賓	43
ㄍㄨㄛˊ ㄈㄥ	國風	43
ㄗㄞˋ ㄧ ㄎㄨㄞˋ	在一塊	43
ㄎㄢˇ ㄎㄜˇ	坎坷	43
ㄅㄠˋ ㄗㄞˇ	報載	43
ㄅㄠˋ ㄗㄞˋ	報載	43
ㄊㄧㄢˊ ㄇㄢˇ	填滿	43
ㄅㄧˋ ㄌㄟˇ	壁壘	43
ㄕˋ ㄍㄨㄢ	士官	43
ㄨㄞˋ ㄏㄠˋ	外號	43
ㄉㄚˋ ㄌㄨㄢˋ	大亂	43
ㄉㄚˋ ㄔ ㄧ ㄐㄧㄥ	大吃一驚	43
ㄉㄚˋ ㄔ ㄧˋ ㄐㄧㄥ	大吃一驚	43
ㄉㄚˋ ㄨˇ ㄕㄢ	大武山	43
ㄕ ㄌㄧˋ	失利	43
ㄊㄠˋ ㄕㄤˋ	套上	43
ㄋㄩˇ ㄒㄩˋ	女婿	43
ㄏㄠˇ ㄇㄟˊ	好沒	43
ㄏㄠˇ ㄉㄨˊ	好讀	43
ㄏㄠˋ ㄉㄨˊ	好讀	43
ㄏㄠˇ ㄩㄣˋ	好運	43
ㄧㄠ ㄍㄨㄞˋ	妖怪	43
ㄍㄨ ㄍㄨ	姑姑	43
ㄍㄨ ㄍㄨ˙	姑姑	43
ㄘㄨㄣˊ ㄓㄜˊ	存摺	43
ㄘㄨㄣˊ ㄏㄨㄛˊ ㄌㄩˋ	存活率	43
ㄒㄩㄝˊ ㄕㄥ ㄓㄥˋ	學生證	43
ㄎㄜˋ ㄩˇ	客語	43
ㄐㄧˋ ㄊㄨㄛ	寄託	43
ㄕˊ ㄉㄠˋ	實到	43
ㄕˊ ㄩㄥˋ ㄒㄧㄥˋ	實用性	43
ㄕˊ ㄧㄢˋ ㄉㄜ˙	實驗的	43
ㄉㄨㄟˋ ㄐㄧㄚ	對家	43
ㄒㄧㄠˇ ㄒㄩㄝˊ ㄒㄧㄠˋ	小學校	43
ㄐㄧㄡˋ ㄏㄜˊ	就和	43
ㄑㄩ ㄈㄨˊ	屈服	43
ㄊㄨˊ ㄈㄨ	屠夫	43
ㄉㄞˋ ㄉㄚˋ	帶大	43
ㄋㄧㄢˊ ㄒㄧㄣ	年薪	43
ㄧㄡ ㄈㄨˊ	幽浮	43
ㄧㄡ ㄌㄧㄥˊ	幽靈	43
ㄐㄧˇ ㄐㄧㄢˋ	幾件	43
ㄩㄥ ㄙㄨˊ	庸俗	43
ㄕˋ ㄨㄟˊ	式微	43
ㄏㄡˋ ㄐㄧㄝ	後接	43
ㄉㄜˊ ㄢ	得安	43
ㄨㄤˋ ㄅㄨˋ ㄌㄧㄠˇ	忘不了	43
ㄙㄨㄥˇ	悚	43
ㄑㄧㄠˊ	憔	43
ㄨㄛˇ ㄏㄞˊ ㄅㄨˊ	我還不	43
ㄨㄛˇ ㄏㄞˊ ㄅㄨˋ	我還不	43
ㄓㄢˋ ㄍㄨㄛˊ ㄕˊ ㄉㄞˋ	戰國時代	43
ㄙㄨㄛˇ ㄧㄡˇ ㄓㄜˇ	所有者	43
ㄕㄡˇ ㄋㄚˊ	手拿	43
ㄘㄞˊ ㄋㄥˊ ㄧㄡˇ	才能有	43
ㄉㄚˇ ㄐㄧˊ ㄌㄩˋ	打擊率	43
ㄉㄚˇ ㄈㄚˇ	打法	43
ㄉㄚˇ ㄒㄧㄤˇ	打響	43
ㄎㄡˋ ㄉㄧㄠˋ	扣掉	43
ㄔㄥˊ ㄗㄞˋ	承載	43
ㄉㄧˇ ㄎㄤˋ ㄌㄧˋ	抵抗力	43
ㄌㄚ ㄑㄧˇ	拉起	43
ㄌㄚ ㄍㄠ	拉高	43
ㄆㄠ ㄔㄨ	拋出	43
ㄐㄧㄝˊ	拮	43
ㄓˇ ㄏㄨㄟ ㄐㄧㄚ	指揮家	43
ㄊㄧㄠ ㄔㄨ	挑出	43
ㄆㄥˇ ㄔㄤˇ	捧場	43
ㄉㄧㄠˋ ㄖㄨˋ	掉入	43
ㄍㄨㄚˋ ㄕㄨㄞˋ	掛帥	43
ㄊㄨㄟ ㄒㄧㄤˋ	推向	43
ㄑㄧㄤˇ ㄗㄡˇ	搶走	43
ㄕㄡ ㄍㄡˋ ㄐㄧㄚˋ ㄍㄜˊ	收購價格	43
ㄍㄨㄥ ㄓㄢˋ	攻佔	43
ㄓㄥˋ ㄒㄧㄝˊ	政協	43
ㄓㄥˋ ㄈㄥ	政風	43
ㄓㄥˋ ㄊㄧˇ	政體	43
ㄐㄧㄡˋ ㄕㄥ	救生	43
ㄐㄧㄡˋ ㄋㄢˋ	救難	43
ㄙㄢˇ ㄏㄨˋ	散戶	43
ㄨㄣˊ ㄏㄨㄚˋ ㄐㄧㄠ ㄌㄧㄡˊ	文化交流	43
ㄒㄧㄣ ㄕˊ ㄉㄞˋ	新時代	43
ㄒㄧㄣ ㄅㄧㄢ	新編	43
ㄈㄤ ㄓㄥˋ	方正	43
ㄆㄤˊ ㄅㄞˊ	旁白	43
ㄇㄧㄥˊ ㄇㄛˋ	明末	43
ㄇㄧㄥˊ ㄕㄨㄛ	明說	43
ㄧˋ ㄐㄧㄥ	易經	43
ㄏㄨㄤˋ ㄉㄨㄥˋ	晃動	43
ㄆㄨˇ ㄊㄨㄥ ㄉㄜ˙	普通的	43
ㄆㄨˇ ㄊㄨㄥ ㄏㄨㄚˋ	普通話	43
ㄐㄧㄥˇ ㄎㄨㄤˋ	景況	43
ㄕㄨ ㄅㄠˋ	書報	43
ㄊㄧˋ ㄏㄨㄢˋ	替換	43
ㄏㄨㄟˋ ㄔㄨ ㄌㄞˊ	會出來	43
ㄏㄨㄟˋ ㄕㄤ	會商	43
ㄩㄝˋ ㄔㄨ	月出	43
ㄧㄡˇ ㄨˋ	有誤	43
ㄧㄡˇ ㄔㄜ	有車	43
ㄈㄨˊ ㄨˋ ㄔㄨˋ	服務處	43
ㄅㄣˇ ㄎㄜˇ	本可	43
ㄌㄧˇ ㄩˋ	李玉	43
ㄉㄨㄥ ㄒㄧㄝˊ	東協	43
ㄉㄨㄥ ㄆㄛ	東坡	43
ㄉㄨㄥ ㄧㄤˊ	東洋	43
ㄇㄛˊ ㄈㄢˋ ㄕㄥ	模範生	43
ㄑㄧㄢˋ ㄧˋ	歉意	43
ㄓㄥˋ ㄗㄨㄥ	正宗	43
ㄑㄧˊ ㄐㄧㄢˋ	歧見	43
ㄍㄨㄟ ㄐㄧㄡˋ ㄩˊ	歸咎於	43
ㄇㄨˇ ㄋㄩˇ	母女	43
ㄇㄟˇ ㄓㄤ	每張	43
ㄕㄨㄟˇ ㄊㄨˇ ㄅㄠˇ ㄔˊ	水土保持	43
ㄑㄧㄡˊ ㄓ	求知	43
ㄔㄨㄥ ㄆㄠˋ	沖泡	43
ㄅㄛ ㄊㄠ	波濤	43
ㄅㄛ ㄊㄠˊ	波濤	43
ㄆㄛ ㄊㄠ	波濤	43
ㄆㄛ ㄊㄠˊ	波濤	43
ㄒㄧˇ ㄧ ㄐㄧ	洗衣機	43
ㄈㄨˊ ㄕㄤˋ	浮上	43
ㄩ ㄐㄧ	淤積	43
ㄌㄨㄣˊ ㄒㄧㄢˋ	淪陷	43
ㄏㄨㄣˋ ㄒㄧㄝˇ	混血	43
ㄑㄧㄥ ㄒㄧㄡˋ	清秀	43
ㄑㄧㄥ ㄙㄨㄢˋ	清算	43
ㄑㄧㄥ ㄘㄨㄟˋ	清脆	43
ㄏㄨˊ ㄑㄩ	湖區	43
ㄇㄢˇ ㄈㄣ	滿分	43
ㄍㄨㄢˋ ㄕㄨㄟˇ	灌水	43
ㄨˊ ㄧˋ ㄧˋ	無意義	43
ㄖㄜˋ ㄉㄨˋ	熱度	43
ㄖㄜˋ ㄌㄧㄝˋ ㄉㄜ˙	熱烈的	43
ㄅㄠˋ ㄇㄢˇ	爆滿	43
ㄋㄧㄡˊ ㄉㄨㄣˋ	牛頓	43
ㄒㄧ ㄋㄧㄡˊ ㄐㄧㄠˇ	犀牛角	43
ㄇㄥˇ ㄖㄢˊ	猛然	43
ㄨㄢˊ ㄋㄨㄥˋ	玩弄	43
ㄍㄢ ㄩㄢˋ	甘願	43
ㄕㄥ ㄓˊ ㄑㄧˋ	生殖器	43
ㄕㄥ ㄨㄟˊ	生為	43
ㄧㄡˊ ㄖㄣˊ	由人	43
ㄌㄧㄡˊ ㄧㄡˇ	留有	43
ㄌㄩㄝˋ ㄉㄞˋ	略帶	43
ㄏㄨㄚˋ ㄒㄧㄤˋ	畫像	43
ㄧˊ ㄋㄢˊ	疑難	43
ㄧˊ ㄋㄢˋ	疑難	43
ㄐㄧˊ ㄅㄧㄥˋ ㄍㄨㄢˇ ㄓˋ ㄐㄩˊ	疾病管制局	43
ㄅㄞˊ ㄧㄣˊ	白銀	43
ㄅㄞˇ ㄔㄨ	百出	43
ㄆㄧˊ ㄈㄨ ㄧㄢˊ	皮膚炎	43
ㄐㄧㄢ ㄕˋ ㄑㄧˋ	監視器	43
ㄌㄨˊ ㄙㄨㄛ	盧梭	43
ㄒㄧㄤ ㄈㄨˇ ㄒㄧㄤ ㄔㄥˊ	相輔相成	43
ㄒㄧㄤ ㄌㄧㄣˊ	相鄰	43
ㄎㄢˋ ㄓㄨㄣˇ	看準	43
ㄧㄢˊ ㄒㄧˊ ㄏㄨㄟˋ	研習會	43
ㄆㄛˋ ㄢˋ	破案	43
ㄘˊ ㄔㄤˇ	磁場	43
ㄕㄣˊ ㄊㄞˋ	神態	43
ㄧˊ ㄖㄨˋ	移入	43
ㄐㄧ ㄒㄩㄝˇ	積雪	43
ㄎㄨㄥ ㄐㄧㄤˋ	空降	43
ㄧㄠˇ	窈	43
ㄓㄨˊ ㄍㄢ	竹竿	43
ㄉㄧˋ ㄙㄢ ㄐㄧㄝˋ	第三屆	43
ㄅㄧˇ ㄐㄧˋ ㄅㄣˇ	筆記本	43
ㄅㄧˇ ㄕˋ	筆試	43
ㄐㄧㄣ ㄍㄨˇ	筋骨	43
ㄈㄢˋ ㄅㄣˇ	範本	43
ㄋㄨㄛˋ	糯	43
ㄙㄨㄛˇ ㄒㄧㄥˋ	索性	43
ㄒㄧˋ ㄩˇ	細雨	43
ㄌㄩˋ ㄔㄚˊ	綠茶	43
ㄒㄩˋ ㄩㄝ	續約	43
ㄌㄠˇ ㄈㄨˋ	老婦	43
ㄑㄧˊ ㄌㄠˇ	耆老	43
ㄦˊ ㄌㄨㄣˋ	而論	43
ㄐㄩˋ ㄗㄞˋ	聚在	43
ㄕㄥ ㄉㄞˋ	聲帶	43
ㄕㄥ ㄩˋ	聲譽	43
ㄊㄧㄥ ㄧㄣ ㄩㄝˋ	聽音樂	43
ㄨㄟˋ ㄔㄤˊ	胃腸	43
ㄗˋ ㄍㄨˇ ㄧˇ ㄌㄞˊ	自古以來	43
ㄗˋ ㄩˇ	自語	43
ㄓˋ ㄕㄠˇ ㄕˋ	至少是	43
ㄨˇ ㄊㄧㄥ	舞廳	43
ㄎㄨˇ ㄊㄡˊ	苦頭	43
ㄎㄨˇ ㄊㄡ˙	苦頭	43
ㄇㄧㄥˊ	茗	43
ㄨㄢˋ ㄑㄧㄢ	萬千	43
ㄌㄨㄛˋ ㄌㄨㄛˋ	落落	43
ㄓㄨㄛˊ ㄕㄤˋ	著上	43
ㄐㄩㄣˋ	蕈	43
ㄒㄩㄣˋ	蕈	43
ㄙㄚˋ ㄦˇ	薩爾	43
ㄧㄠˋ ㄐㄩˊ	藥局	43
ㄑㄧㄡ	蚯	43
ㄑㄧㄡ ㄧㄣˇ	蚯蚓	43
ㄒㄧㄝˇ ㄋㄧㄠˋ	血尿	43
ㄒㄧㄝˇ ㄩㄢˊ	血緣	43
ㄏㄤˊ ㄏㄠˋ	行號	43
ㄕㄨㄞ ㄖㄨㄛˋ	衰弱	43
ㄘㄞˊ ㄐㄧㄢˇ	裁減	43
ㄅㄨˇ ㄔㄤˊ ㄐㄧㄣ	補償金	43
ㄈㄨˋ ㄐㄩㄝˊ	複決	43
ㄑㄧㄣˋ ㄐㄧㄚ	親家	43
ㄑㄧㄥˋ ㄐㄧㄚ	親家	43
ㄒㄩㄣˋ ㄌㄧㄢˋ ㄅㄢ	訓練班	43
ㄐㄧˋ ㄑㄧˇ	記起	43
ㄖㄣˋ ㄉㄠˋ	認到	43
ㄕㄨㄛ ㄅㄨˋ ㄔㄨ	說不出	43
ㄉㄧㄠˋ ㄩㄝˋ	調閱	43
ㄑㄧㄥˇ ㄒㄧㄢ	請先	43
ㄑㄧㄥˇ ㄨˋ	請勿	43
ㄇㄧˊ ㄧㄤˋ	謎樣	43
ㄐㄩㄝˊ	譎	43
ㄏㄨˋ ㄕㄣ	護身	43
ㄅㄧㄢˋ ㄉㄚˋ	變大	43
ㄅㄧㄢˋ ㄙㄨˋ	變速	43
ㄗㄢˋ ㄧㄤˊ	讚揚	43
ㄓㄨ ㄊㄡˊ	豬頭	43
ㄈㄟˋ ㄕˊ ㄐㄧㄢ	費時間	43
ㄔˋ ㄐㄧㄠˇ	赤腳	43
ㄌㄨˋ ㄆㄠˇ	路跑	43
ㄊㄧㄠˋ ㄉㄨㄥˋ	跳動	43
ㄐㄧ	躋	43
ㄐㄧˋ	躋	43
ㄈㄨˇ ㄉㄠˇ ㄕˋ	輔導室	43
ㄑㄧㄥ ㄕㄥ	輕聲	43
ㄅㄧㄢˋ	辮	43
ㄩ	迂	43
ㄊㄡˋ ㄇㄧㄥˊ ㄉㄜ˙	透明的	43
ㄐㄧㄣˋ ㄖㄨˋ ㄉㄠˋ	進入到	43
ㄐㄧㄣˋ ㄅㄨˋ ㄉㄤˇ	進步黨	43
ㄧㄡˊ ㄒㄧˋ ㄍㄨㄟ ㄗㄜˊ	遊戲規則	43
ㄍㄨㄛˋ ㄌㄨˋ	過路	43
ㄉㄚˊ ㄖㄣˊ	達人	43
ㄉㄚˊ ㄧˋ	達意	43
ㄉㄧˋ ㄐㄧㄢˇ	遞減	43
ㄋㄚˇ ㄏㄨㄟˋ	那會	43
ㄋㄚˋ ㄏㄨㄟˋ	那會	43
ㄉㄡ ㄅㄨˋ ㄍㄢˇ	都不敢	43
ㄉㄡ ㄧㄡˊ	都由	43
ㄔㄡˇ ㄜˋ	醜惡	43
ㄕˋ ㄈㄤˋ ㄔㄨ	釋放出	43
ㄔㄨㄥˊ ㄨㄣ	重溫	43
ㄐㄧㄣ ㄖㄨㄥˊ ㄍㄨˇ	金融股	43
ㄊㄨㄥˊ ㄅㄢˇ	銅板	43
ㄒㄧㄠ ㄌㄨˋ	銷路	43
ㄔㄨˊ ㄊㄡˊ	鋤頭	43
ㄔㄨˊ ㄊㄡ˙	鋤頭	43
ㄓㄤˇ ㄔㄨ ㄌㄞˊ	長出來	43
ㄓㄤˇ ㄩˊ	長於	43
ㄔㄤˊ ㄩˊ	長於	43
ㄎㄞ ㄩㄢˊ	開源	43
ㄔㄢˇ ㄕˋ	闡釋	43
ㄗㄨˇ ㄉㄨㄢˋ	阻斷	43
ㄐㄧㄤˋ ㄌㄧㄣˊ	降臨	43
ㄔㄨˊ ㄧˇ	除以	43
ㄓ ㄕㄡˇ	隻手	43
ㄗㄚˊ ㄌㄨㄢˋ	雜亂	43
ㄌㄧˊ ㄒㄧㄤ	離鄉	43
ㄋㄢˊ ㄐㄧㄝˇ	難解	43
ㄌㄟˊ ㄩˇ	雷雨	43
ㄉㄧㄢˋ ㄉㄨㄥˋ ㄨㄢˊ ㄐㄩˋ	電動玩具	43
ㄐㄧㄥˋ	靚	43
ㄈㄟ ㄏㄜˊ	非核	43
ㄧㄣ ㄉㄧㄠˋ	音調	43
ㄅㄢ ㄍㄟˇ	頒給	43
ㄌㄧㄥˇ ㄉㄠˇ ㄓㄜˇ	領導者	43
ㄕㄡˇ ㄅㄨˋ	首部	43
ㄇㄚˇ ㄌㄧㄥˊ ㄕㄨˇ	馬鈴薯	43
ㄊㄧˇ ㄍㄢˇ	體感	43
ㄍㄠ ㄆㄧㄠˋ	高票	43
ㄧ ㄉㄧㄥˋ ㄋㄥˊ	一定能	42
ㄧˊ ㄉㄧㄥˋ ㄋㄥˊ	一定能	42
ㄧ ㄉㄚˇ	一打	42
ㄧ ㄉㄚˊ	一打	42
ㄧ ㄙˇ	一死	42
ㄧˋ ㄙˇ	一死	42
ㄧ ㄙㄜˋ	一色	42
ㄧˊ ㄙㄜˋ	一色	42
ㄑㄧ ㄈㄣ	七分	42
ㄙㄢ ㄈㄣ ㄓㄨㄥ	三分鐘	42
ㄙㄢ ㄏㄤˊ	三行	42
ㄒㄧㄚˋ ㄆㄛ	下坡	42
ㄒㄧㄚˋ ㄕㄨˇ	下屬	42
ㄅㄨˋ ㄍㄢ ㄕˋ ㄖㄨㄛˋ	不甘示弱	42
ㄅㄨˋ ㄌㄧㄡˊ	不留	42
ㄅㄨˋ ㄒㄧㄤˊ	不詳	42
ㄓㄨㄥ ㄕˋ	中世	42
ㄓㄨㄥ ㄕㄢ ㄌㄨˋ	中山路	42
ㄓㄨㄥ ㄓㄥˋ ㄐㄧ ㄔㄤˇ	中正機場	42
ㄓㄨㄥ ㄏㄨㄚˊ ㄖˋ ㄅㄠˋ	中華日報	42
ㄐㄧㄡˇ ㄈㄣˋ	九份	42
ㄧㄝˇ ㄒㄩˇ ㄏㄨㄟˋ	也許會	42
ㄦˋ ㄌㄟˇ	二壘	42
ㄦˋ ㄉㄨˊ	二讀	42
ㄏㄨˋ ㄏㄨㄢˋ	互換	42
ㄨˇ ㄈㄥ	五峰	42
ㄨˇ ㄘˋ	五次	42
ㄕˋ ㄕㄣ	仕紳	42
ㄒㄧㄢ ㄋㄩˇ	仙女	42
ㄖㄣˋ ㄒㄧㄥˋ	任性	42
ㄏㄜˊ ㄎㄨˇ	何苦	42
ㄗㄨㄛˋ ㄙㄨㄟˋ	作祟	42
ㄧ ㄘㄨㄣˊ	依存	42
ㄒㄧㄣˋ ㄏㄢˊ	信函	42
ㄒㄧㄣˋ ㄏㄜˊ ㄕㄜˋ	信合社	42
ㄒㄧㄣˋ ㄈㄥ	信封	42
ㄅㄟˋ ㄗㄥ	倍增	42
ㄊㄧㄥˊ ㄎㄢ	停刊	42
ㄔㄨㄢˊ ㄓㄣ ㄐㄧ	傳真機	42
ㄕㄤ ㄏㄨㄢˋ	傷患	42
ㄐㄧㄣˇ ㄓˇ	僅只	42
ㄐㄧㄣˇ ㄘˋ ㄩˊ	僅次於	42
ㄌㄧˋ	儷	42
ㄒㄧㄢ ㄐㄧㄣˋ ㄍㄨㄛˊ ㄐㄧㄚ	先進國家	42
ㄒㄧㄢ ㄎㄞ	先開	42
ㄖㄨˋ ㄓㄨˇ	入主	42
ㄖㄨˋ ㄕㄨㄟˋ	入睡	42
ㄅㄚ ㄈㄣ	八分	42
ㄍㄨㄥ ㄍㄨㄥˋ ㄍㄨㄥ ㄔㄥˊ	公共工程	42
ㄍㄨㄥ ㄆㄧㄥˊ ㄐㄧㄠ ㄧˋ	公平交易	42
ㄍㄨㄢ ㄓㄨㄤˋ	冠狀	42
ㄌㄥˇ ㄇㄣˊ	冷門	42
ㄉㄧㄠ ㄋㄢˊ	刁難	42
ㄈㄣ ㄉㄜˊ	分得	42
ㄑㄧㄝ ㄆㄧㄢˋ	切片	42
ㄈㄨˋ ㄔㄨˋ ㄓㄤˇ	副處長	42
ㄌㄧㄡˊ ㄕㄠˇ ㄑㄧˊ	劉少奇	42
ㄐㄧㄚ ㄓㄨ	加諸	42
ㄏㄨㄚˋ ㄒㄩㄝˊ ㄒㄧˋ	化學系	42
ㄕˊ ㄌㄧㄡˋ ㄕˋ ㄐㄧˋ	十六世紀	42
ㄕㄥ ㄍㄜˊ	升格	42
ㄧㄣˋ ㄉㄜ˙	印的	42
ㄩㄢˊ ㄧㄝˇ	原野	42
ㄘㄢ ㄐㄧㄚ ㄍㄨㄛˊ	參加國	42
ㄕㄡˋ ㄐㄧㄢˇ	受檢	42
ㄕㄡˋ ㄕˋ ㄓㄜˇ	受試者	42
ㄎㄡˇ ㄏㄨㄥˊ	口紅	42
ㄎㄡˇ ㄒㄧㄤ	口香	42
ㄍㄨˇ ㄘㄨㄛˋ	古厝	42
ㄌㄧㄥˋ ㄧ ㄅㄧㄢ	另一邊	42
ㄌㄧㄥˋ ㄧˋ ㄅㄧㄢ	另一邊	42
ㄓˇ ㄎㄢˋ ㄉㄠˋ	只看到	42
ㄓˇ ㄕㄨㄛ	只說	42
ㄓㄠˋ ㄏㄨㄢˋ	召喚	42
ㄎㄜˇ ㄑㄧˊ	可期	42
ㄎㄜˇ ㄈㄥ	可風	42
ㄔ ㄎㄨˇ	吃苦	42
ㄏㄜˊ ㄦˊ ㄨㄟˊ ㄧ	合而為一	42
ㄒㄧㄤˋ ㄑㄧㄢˊ ㄗㄡˇ	向前走	42
ㄉㄞ ㄗ˙	呆子	42
ㄏㄜ ㄏㄨˋ	呵護	42
ㄆㄧㄣˇ ㄔㄤˊ	品嘗	42
ㄋㄚˇ ㄌㄞˊ ㄉㄜ˙	哪來的	42
ㄓㄜˊ ㄌㄧˇ	哲理	42
ㄔㄤˋ ㄑㄧˇ	唱起	42
ㄨㄣˋ ㄏㄡˋ	問候	42
ㄨㄣˋ ㄨㄣˋ ㄎㄢˋ	問問看	42
ㄌㄚˇ ㄇㄚ˙	喇嘛	42
ㄉㄢ ㄑㄩˇ	單曲	42
ㄉㄨ ㄉㄨ	嘟嘟	42
ㄏㄨㄚ ㄌㄚ	嘩啦	42
ㄍㄨㄛˊ ㄏㄨㄟˋ ㄧˋ ㄩㄢˊ	國會議員	42
ㄊㄨˊ ㄕㄨ ㄕˋ	圖書室	42
ㄊㄨˊ ㄉㄤˇ	圖檔	42
ㄊㄤˊ ㄇㄟˋ	堂妹	42
ㄌㄟˇ ㄑㄧㄡˊ	壘球	42
ㄉㄨㄛ ㄔ	多吃	42
ㄉㄨㄛ ㄑㄧˇ	多起	42
ㄇㄥˋ ㄐㄧㄢˋ	夢見	42
ㄉㄚˋ ㄏㄥ	大亨	42
ㄉㄚˋ ㄔㄜ	大車	42
ㄊㄧㄢ ㄅㄠˇ	天保	42
ㄑㄧˊ ㄍㄨㄢ	奇觀	42
ㄋㄩˇ ㄨ	女巫	42
ㄋㄩˇ ㄨˊ	女巫	42
ㄖㄨˊ ㄏㄨㄛˇ ㄖㄨˊ ㄊㄨˊ	如火如荼	42
ㄈㄨ ㄏㄨㄚˋ	孵化	42
ㄓㄞˊ ㄩㄢˋ	宅院	42
ㄢ ㄊㄨˊ ㄕㄥ	安徒生	42
ㄎㄜˋ ㄐㄧ	客機	42
ㄔㄚˊ ㄎㄢˋ	察看	42
ㄕˊ ㄒㄧㄠˇ	實小	42
ㄉㄨㄟˋ ㄕˋ	對事	42
ㄉㄨㄟˋ ㄅㄞˊ	對白	42
ㄒㄧㄠˇ ㄆㄧㄣˇ	小品	42
ㄒㄧㄠˇ ㄐㄧㄚ	小家	42
ㄒㄧㄠˇ ㄑㄧˋ	小氣	42
ㄒㄧㄠˇ ㄓㄨㄥˋ	小眾	42
ㄒㄧㄠˇ ㄅㄨˋ	小部	42
ㄒㄧㄠˇ ㄍㄨㄟˇ	小鬼	42
ㄐㄧㄢ ㄅㄧㄥ	尖兵	42
ㄐㄧㄢ ㄐㄧㄠˋ	尖叫	42
ㄧˋ ㄌㄧˋ	屹立	42
ㄑㄧˊ	岐	42
ㄐㄩˋ ㄕˊ	巨石	42
ㄔㄚ ㄜˊ	差額	42
ㄧˇ ㄉㄚˊ	已達	42
ㄅㄨˋ ㄒㄧ ㄗㄨㄥˇ ㄊㄨㄥˇ	布希總統	42
ㄏㄨㄤˇ	幌	42
ㄆㄧㄥˊ ㄅㄢˇ ㄉㄧㄢˋ ㄋㄠˇ	平板電腦	42
ㄋㄧㄢˊ ㄘㄞˋ	年菜	42
ㄋㄧㄢˊ ㄌㄧˇ	年裡	42
ㄉㄨˋ ㄌㄧㄤˊ	度量	42
ㄉㄨˋ ㄌㄧㄤˋ	度量	42
ㄉㄨㄛˋ ㄌㄧㄤˊ	度量	42
ㄉㄨㄛˋ ㄌㄧㄤˋ	度量	42
ㄎㄤ ㄈㄨˋ	康復	42
ㄧㄢˊ ㄓˋ	延至	42
ㄑㄧㄤˊ ㄏㄢˋ	強悍	42
ㄑㄧㄤˊ ㄑㄩㄢˊ	強權	42
ㄒㄧㄥˊ ㄙㄜˋ	形色	42
ㄏㄣˇ ㄌㄟˋ	很累	42
ㄏㄡˋ ㄧㄡˊ	後由	42
ㄉㄜˊ ㄕㄥˋ	得勝	42
ㄘㄨㄥˊ ㄒㄧㄠˇ ㄉㄠˋ ㄉㄚˋ	從小到大	42
ㄨㄟˊ ㄅㄛˊ	微薄	42
ㄒㄧㄣ ㄊㄨㄥˋ	心痛	42
ㄎㄨㄞˋ ㄉㄠˋ	快到	42
ㄙ ㄒㄧㄤˇ ㄐㄧㄚ	思想家	42
ㄒㄧㄥˋ ㄅㄢˋ ㄌㄩˇ	性伴侶	42
ㄒㄧㄤˇ ㄔㄨ ㄌㄞˊ	想出來	42
ㄩㄥ	慵	42
ㄑㄧㄠˊ ㄘㄨㄟˋ	憔悴	42
ㄒㄩㄢˊ ㄕㄨ	懸殊	42
ㄔㄥˊ ㄕㄨˋ	成數	42
ㄨㄛˇ ㄧㄡˋ ㄅㄨˊ	我又不	42
ㄨㄛˇ ㄧㄡˋ ㄅㄨˋ	我又不	42
ㄓㄢˋ ㄉㄧˋ	戰地	42
ㄏㄨˋ ㄕㄨˋ	戶數	42
ㄙㄨㄛˇ ㄙ	所思	42
ㄙㄨㄛˇ ㄕㄥ	所生	42
ㄉㄚˇ ㄧㄤˊ	打烊	42
ㄎㄤˋ ㄧㄠˋ ㄒㄧㄥˋ	抗藥性	42
ㄓㄜˊ ㄐㄧㄚˋ	折價	42
ㄉㄧˇ ㄉㄤˇ	抵擋	42
ㄌㄚ ㄉㄜ˙	拉的	42
ㄊㄨㄛ ㄌㄚ	拖拉	42
ㄕˋ ㄇㄨˋ	拭目	42
ㄕˋ ㄇㄨˋ ㄧˇ ㄉㄞˋ	拭目以待	42
ㄓˇ ㄓㄥˋ	指正	42
ㄙㄠˇ ㄏㄟ	掃黑	42
ㄉㄧㄠˋ ㄧˇ ㄑㄧㄥ ㄒㄧㄣ	掉以輕心	42
ㄐㄩㄝˊ ㄔㄨ	掘出	42
ㄔㄨㄟˊ	搥	42
ㄓㄨㄢˋ ㄨㄣˊ	撰文	42
ㄐㄧˇ ㄉㄨㄟˋ	擠兌	42
ㄕㄡ ㄕㄡˋ	收受	42
ㄕㄡ ㄈㄟˋ ㄓㄢˋ	收費站	42
ㄕㄡ ㄑㄧˇ	收起	42
ㄍㄞˇ ㄌㄧㄤˊ ㄕˋ	改良式	42
ㄈㄤˋ ㄏㄨㄛˇ	放火	42
ㄈㄤˋ ㄎㄨㄥ	放空	42
ㄓㄥˋ ㄌㄧㄥˋ	政令	42
ㄓㄥˋ ㄨˋ ㄨㄟˇ ㄩㄢˊ	政務委員	42
ㄓㄥˋ ㄈㄨˇ ㄐㄧ ㄍㄡˋ	政府機構	42
ㄓㄥˋ ㄓˋ ㄈㄢˋ	政治犯	42
ㄐㄧㄠ ㄈㄚˇ	教法	42
ㄐㄧㄠˋ ㄈㄚˇ	教法	42
ㄓㄥˇ ㄊㄠˋ	整套	42
ㄓㄥˇ ㄊㄧˇ ㄒㄧㄥˋ	整體性	42
ㄉㄧˊ ㄧˋ	敵意	42
ㄕㄨˋ ㄕˊ ㄧˋ	數十億	42
ㄨㄣˊ ㄢˋ	文案	42
ㄨㄣˊ ㄅㄧˇ	文筆	42
ㄒㄧㄣ ㄓˋ ㄉㄨˋ	新制度	42
ㄒㄧㄣ ㄒㄧㄣ ㄨㄣˊ	新新聞	42
ㄒㄧㄣ ㄔㄣˊ ㄉㄞˋ ㄒㄧㄝˋ	新陳代謝	42
ㄕ ㄓㄣˋ ㄖㄨㄥˊ	施振榮	42
ㄌㄩˇ ㄐㄩ	旅居	42
ㄐㄧˋ ㄉㄜˊ	既得	42
ㄇㄧㄥˊ ㄉㄨˋ	明度	42
ㄒㄧㄥ ㄏㄞˇ	星海	42
ㄐㄧㄣˋ ㄕㄥ	晉升	42
ㄨㄢˇ ㄅㄟˋ	晚輩	42
ㄅㄠˋ ㄩˇ	暴雨	42
ㄗㄨㄟˋ ㄒㄧㄤˇ	最想	42
ㄧㄡˇ ㄙㄨㄣˇ	有損	42
ㄧㄡˇ ㄑㄧˋ	有氣	42
ㄧㄡˇ ㄔㄢˇ	有產	42
ㄧㄡˇ ㄩㄢˊ	有緣	42
ㄇㄥˊ ㄌㄨㄥˊ	朦朧	42
ㄇㄛˋ ㄖˋ	末日	42
ㄉㄨㄥ ㄏㄞˇ ㄢˋ	東海岸	42
ㄉㄨㄥ ㄏㄨㄚˊ	東華	42
ㄌㄧㄣˊ ㄎㄣˇ	林肯	42
ㄍㄜˊ ㄗ˙	格子	42
ㄊㄧㄠˊ ㄇㄚˇ	條碼	42
ㄉㄧˋ	棣	42
ㄍㄨㄢ ㄘㄞˊ	棺材	42
ㄐㄧˊ ㄍㄠ	極高	42
ㄩˊ	榆	42
ㄅㄤˇ ㄧㄤˋ	榜樣	42
ㄐㄧㄢˇ ㄊㄧˇ	檢體	42
ㄓˇ ㄐㄧㄥˋ	止境	42
ㄓㄥˋ ㄧㄣ ㄨㄟˋ	正因為	42
ㄌㄧˋ ㄖㄣˋ	歷任	42
ㄇㄟˇ ㄓㄡ	每周	42
ㄅㄧˇ ㄋㄧˇ	比擬	42
ㄕㄨㄟˇ ㄒㄧㄚˋ	水下	42
ㄕㄨㄟˇ ㄘㄠˇ	水草	42
ㄨ ㄖㄢˇ ㄩㄢˊ	污染源	42
ㄇㄟˊ ㄕㄤˋ	沒上	42
ㄈㄚˇ ㄒㄧㄤˋ	法相	42
ㄈㄢˋ ㄌㄢˋ	泛濫	42
ㄆㄠˋ ㄆㄠˋ	泡泡	42
ㄏㄨㄛˊ ㄉㄜ˙	活得	42
ㄏㄞˇ ㄒㄧㄚˊ ㄌㄧㄤˇ ㄢˋ	海峽兩岸	42
ㄏㄞˇ ㄧㄤˊ ㄕㄥ ㄨˋ	海洋生物	42
ㄐㄧㄣˋ ㄆㄠˋ	浸泡	42
ㄧˋ ㄏㄨㄚˋ	液化	42
ㄧㄝˋ ㄏㄨㄚˋ	液化	42
ㄊㄠˊ ㄐㄧㄣ	淘金	42
ㄕㄣ ㄠˋ	深奧	42
ㄑㄧㄥ ㄏㄢˊ	清寒	42
ㄍㄤˇ ㄅㄧˋ	港幣	42
ㄍㄤˇ ㄉㄨ	港都	42
ㄊㄠ ㄊㄠ	滔滔	42
ㄩˊ ㄖㄣˊ	漁人	42
ㄏㄢˋ ㄔㄠˊ	漢朝	42
ㄇㄥˊ ㄇㄥˊ	濛濛	42
ㄖㄨˊ	濡	42
ㄏㄨㄛˇ ㄐㄧ	火雞	42
ㄗㄞ ㄅㄧㄢˋ	災變	42
ㄓㄚˋ ㄉㄧㄠˋ	炸掉	42
ㄧㄤˊ	烊	42
ㄨˊ ㄔˇ	無恥	42
ㄧㄢ ㄘㄨㄥ	煙囪	42
ㄕㄨˊ ㄕˋ	熟識	42
ㄧㄢˋ	燄	42
ㄓㄥ ㄧˋ ㄒㄧㄥˋ	爭議性	42
ㄋㄧㄡˊ ㄗㄞˇ ㄎㄨˋ	牛仔褲	42
ㄨˋ ㄌㄧˋ	物力	42
ㄊㄜˋ ㄎㄢ	特刊	42
ㄑㄧㄢ ㄌㄧㄢˊ	牽連	42
ㄨㄤˊ ㄍㄨㄥ	王公	42
ㄨㄤˊ ㄕˋ	王室	42
ㄅㄢ ㄔㄜ	班車	42
ㄖㄨㄟˋ ㄈㄤ	瑞芳	42
ㄕㄣˋ ㄕㄠˇ	甚少	42
ㄕㄥ ㄕˋ	生事	42
ㄅㄧˋ ㄕㄥ	畢生	42
ㄈㄚ ㄓㄢˇ ㄨㄟˊ	發展為	42
ㄈㄚ ㄇㄧㄥˊ ㄖㄣˊ	發明人	42
ㄈㄚ ㄕˋ	發誓	42
ㄅㄞˇ ㄏㄨㄛˋ ㄧㄝˋ	百貨業	42
ㄕㄥˇ ㄕˋ	省市	42
ㄎㄢˋ	瞰	42
ㄉㄨㄢˇ ㄒㄧㄠˇ	短小	42
ㄒㄧㄠ	硝	42
ㄕㄨㄟˋ ㄜˊ	稅額	42
ㄐㄧ ㄌㄟˇ	積累	42
ㄎㄨㄥ ㄨ	空屋	42
ㄉㄧˋ ㄙㄢ ㄐㄧㄝˊ	第三節	42
ㄏㄨˊ ㄏㄨˊ	糊糊	42
ㄌㄧㄥˊ	綾	42
ㄐㄧㄣˇ ㄘㄡˋ	緊湊	42
ㄧㄤˊ ㄇㄠˊ	羊毛	42
ㄌㄠˇ ㄌㄠˇ	老老	42
ㄦˊ ㄉㄧㄥˋ	而定	42
ㄧㄝ ㄌㄨˋ ㄙㄚ ㄌㄥˇ	耶路撒冷	42
ㄘㄨㄥ ㄇㄧㄥˊ ㄉㄜ˙	聰明的	42
ㄖㄡˋ ㄓˊ	肉質	42
ㄅㄟˋ ㄧㄥˇ	背影	42
ㄋㄥˊ ㄐㄧㄤˇ	能講	42
ㄧˋ	腋	42
ㄧㄝˋ	腋	42
ㄓㄨㄥˇ ㄓㄤˋ	腫脹	42
ㄊㄤˊ	膛	42
ㄑㄧˊ ㄉㄞˋ ㄒㄧㄝˇ	臍帶血	42
ㄓˋ ㄍㄠ	至高	42
ㄕㄨ ㄏㄨㄢˇ	舒緩	42
ㄐㄧㄚˇ	舺	42
ㄐㄧㄚˊ	舺	42
ㄇㄥˇ	艋	42
ㄖㄨㄟˋ	芮	42
ㄈㄤ ㄒㄧㄤ	芳香	42
ㄧㄥ ㄨㄣˊ ㄅㄢˇ	英文版	42
ㄔㄚˊ ㄏㄨˊ	茶壺	42
ㄨㄢˋ ㄌㄧˋ	萬曆	42
ㄨㄢˋ ㄒㄧㄤˋ	萬象	42
ㄌㄨㄛˋ ㄎㄨㄥ	落空	42
ㄇㄥˊ ㄊㄜˋ	蒙特	42
ㄈㄢ ㄕㄨˇ ㄊㄥˊ	蕃薯藤	42
ㄌㄟˇ ㄙ	蕾絲	42
ㄇㄧㄠˇ	藐	42
ㄧˋ ㄕㄨˋ ㄒㄩㄝˊ ㄩㄢˋ	藝術學院	42
ㄌㄢˊ ㄓㄡ	蘭州	42
ㄔㄨˇ ㄕˋ	處事	42
ㄒㄩ ㄖㄨㄥˊ	虛榮	42
ㄒㄧㄝˇ ㄖㄡˋ	血肉	42
ㄐㄧㄝ ㄐㄧㄥˇ	街景	42
ㄔㄨㄥ ㄍㄨㄛˋ	衝過	42
ㄉㄧㄥˋ ㄏㄨˋ	訂戶	42
ㄊㄠˇ ㄧㄢˋ ㄉㄜ˙	討厭的	42
ㄍㄞ ㄙˇ	該死	42
ㄩˇ ㄌㄧㄠˋ	語料	42
ㄕㄨㄛ ㄐㄧㄠˋ	說教	42
ㄕㄨㄛ ㄑㄧㄥ ㄔㄨˇ	說清楚	42
ㄐㄧㄢˋ	諫	42
ㄐㄧㄥˇ ㄍㄨㄢ	警官	42
ㄅㄧㄢˋ ㄕㄣ	變身	42
ㄕㄨˋ ㄑㄧˇ	豎起	42
ㄈㄥ ㄆㄟˋ	豐沛	42
ㄊㄢ ㄒㄧㄣ	貪心	42
ㄇㄠˋ ㄧˋ ㄕㄤ	貿易商	42
ㄗㄡˇ ㄅㄧㄢˋ	走遍	42
ㄗㄡˇ ㄆㄧㄢˋ	走遍	42
ㄑㄧˇ ㄨˇ	起舞	42
ㄅㄚˊ ㄕㄜˋ	跋涉	42
ㄆㄠˇ ㄨㄢˊ	跑完	42
ㄖㄡˊ ㄌㄧㄣˋ	蹂躪	42
ㄐㄧㄣˋ ㄐㄧˇ ㄋㄧㄢˊ ㄌㄞˊ	近幾年來	42
ㄐㄧㄣˋ ㄐㄩˋ	近距	42
ㄐㄧㄣˋ ㄐㄩˋ ㄌㄧˊ	近距離	42
ㄉㄧˊ ㄏㄨㄚˋ	迪化	42
ㄕㄨˋ ㄕㄨㄛ	述說	42
ㄊㄨㄟˋ ㄙㄨㄛ	退縮	42
ㄓㄜˋ ㄍㄜˋ ㄉㄜ˙	這個的	42
ㄊㄨㄥ ㄔㄥ	通稱	42
ㄓㄡ ㄗㄠ	週遭	42
ㄩˊ ㄑㄧˊ	逾期	42
ㄍㄨㄛˋ ㄗㄠˇ	過早	42
ㄨㄟˊ ㄈㄚˇ ㄉㄜ˙	違法的	42
ㄩㄢˇ ㄉㄨㄢ	遠端	42
ㄧˊ ㄌㄡˋ	遺漏	42
ㄧㄡˊ ㄉㄧˋ	郵遞	42
ㄧㄝˇ ㄘㄢ	野餐	42
ㄐㄧㄣ ㄎㄨˋ	金庫	42
ㄘㄨㄛˋ ㄜˋ	錯愕	42
ㄘㄨㄛˋ ㄗㄨㄥˋ	錯綜	42
ㄉㄨㄛˊ	鐸	42
ㄔㄤˊ ㄑㄧㄥ	長青	42
ㄅㄧˋ ㄇㄣˊ	閉門	42
ㄈㄤˊ ㄉㄠˋ	防盜	42
ㄈㄨˋ ㄗㄥˋ	附贈	42
ㄐㄧㄤˋ ㄨㄣ	降溫	42
ㄉㄡˇ ㄑㄧㄠˋ	陡峭	42
ㄕㄨㄤ ㄘㄥˊ	雙層	42
ㄕㄨㄤ ㄊㄨㄥˇ	雙筒	42
ㄋㄢˊ ㄉㄨㄥˇ	難懂	42
ㄉㄧㄢˋ ㄍㄨㄥ	電工	42
ㄅㄚˋ ㄨㄤˊ	霸王	42
ㄑㄧㄥ ㄍㄨㄤ	青光	42
ㄧㄣ ㄩㄝˋ ㄒㄧˋ	音樂系	42
ㄉㄧㄥˇ ㄓㄜ˙	頂著	42
ㄊㄡˊ ㄐㄧㄤˇ	頭獎	42
ㄕˊ ㄆㄧㄣˇ ㄢ ㄑㄩㄢˊ	食品安全	42
ㄕㄡˇ ㄐㄧㄝˋ	首屆	42
ㄕㄡˇ ㄕˋ	首飾	42
ㄊㄧˇ ㄨㄟˋ	體位	42
ㄊㄧˇ ㄖㄣˋ ㄉㄠˋ	體認到	42
ㄍㄠ ㄉㄥˇ ㄈㄚˇ ㄩㄢˋ	高等法院	42
ㄒㄧㄢ ㄧㄢˋ	鮮艷	42
ㄇㄧㄢˋ ㄊㄧㄠˊ	麵條	42
ㄉㄧㄢˇ ㄉㄧㄢˇ ㄊㄡˊ	點點頭	42
ㄉㄧㄥˇ ㄕㄥˋ	鼎盛	42
ㄧ ㄑㄧˋ	一氣	41
ㄧˊ ㄑㄧˋ	一氣	41
ㄧ ㄨㄛ ㄈㄥ	一窩蜂	41
ㄧˋ ㄨㄛ ㄈㄥ	一窩蜂	41
ㄑㄧ ㄐㄩㄝˊ	七絕	41
ㄕㄤˋ ㄈㄥ	上風	41
ㄒㄧㄚˋ ㄨˇ ㄉㄜ˙	下午的	41
ㄒㄧㄚˋ ㄔㄨㄟˊ	下垂	41
ㄅㄨˋ ㄎㄜˇ ㄕㄡ ㄕˊ	不可收拾	41
ㄅㄨˋ ㄐㄩ	不拘	41
ㄅㄨˋ ㄉㄧˊ	不敵	41
ㄅㄨˋ ㄓㄥ	不爭	41
ㄅㄨˊ ㄌㄨㄛˋ	不落	41
ㄓㄨㄥ ㄍㄨㄛˊ ㄍㄨㄛˊ ㄇㄧㄣˊ ㄉㄤˇ	中國國民黨	41
ㄓㄨㄥ ㄊㄧㄢ	中天	41
ㄓㄨㄥ ㄊㄧㄥˊ	中庭	41
ㄓㄨㄥ ㄧㄥˇ	中影	41
ㄓㄨˇ ㄒㄧㄡ	主修	41
ㄕˋ ㄑㄩㄢˊ	事權	41
ㄏㄨˋ ㄉㄨㄥˋ ㄒㄧㄥˋ	互動性	41
ㄏㄨˋ ㄨㄟˊ	互為	41
ㄨˇ ㄨㄢˋ ㄩㄢˊ	五萬元	41
ㄨˇ ㄐㄧㄣ	五金	41
ㄧㄚˇ ㄙ	亞斯	41
ㄧㄚˇ ㄓㄡ ㄅㄟ	亞洲盃	41
ㄐㄧㄠ ㄏㄨㄢˊ	交還	41
ㄉㄢˋ ㄨˊ	但無	41
ㄉㄧ ㄐㄧㄚˋ ㄍㄜˊ	低價格	41
ㄕˇ ㄐㄧㄣˋ	使勁	41
ㄕˇ ㄐㄧㄥˋ	使勁	41
ㄕˇ ㄩㄥˋ ㄖㄣˊ	使用人	41
ㄑㄧㄠˋ ㄆㄧˊ	俏皮	41
ㄍㄜˋ ㄖㄣˊ ㄏㄨㄚˋ	個人化	41
ㄨㄟˇ ㄖㄣˊ	偉人	41
ㄗㄨㄛˋ ㄗㄨㄛˋ	做作	41
ㄒㄩㄥ ㄉㄧˋ ㄒㄧㄤˋ	兄弟象	41
ㄋㄟˋ ㄐㄧㄢˋ ㄉㄜ˙	內建的	41
ㄑㄩㄢˊ ㄋㄥˊ	全能	41
ㄑㄩㄢˊ ㄇㄧㄢˋ ㄉㄜ˙	全面的	41
ㄌㄧㄡˋ ㄐㄧㄚˇ	六甲	41
ㄍㄨㄢ ㄓㄨㄤˋ ㄉㄨㄥˋ ㄇㄞˋ	冠狀動脈	41
ㄐㄧㄢˇ ㄘㄞˇ	剪綵	41
ㄔㄨㄤˋ ㄗㄠˋ ㄒㄧㄥˋ	創造性	41
ㄐㄧㄢˋ ㄉㄠˋ	劍道	41
ㄉㄨㄥˋ ㄊㄨˇ	動土	41
ㄕˊ ㄐㄧˇ ㄙㄨㄟˋ	十幾歲	41
ㄎㄚˇ ㄉㄞˋ	卡帶	41
ㄨㄟˊ ㄒㄧㄢˇ ㄑㄩㄣˊ	危險群	41
ㄩㄢˊ ㄉㄧㄢˇ	原點	41
ㄘㄢ ㄧˋ ㄩㄢˋ	參議院	41
ㄐㄧˊ ㄩˊ	及於	41
ㄈㄢˇ ㄓˋ	反制	41
ㄈㄢˇ ㄨㄣˋ	反問	41
ㄎㄡˇ ㄐㄧㄥˋ	口徑	41
ㄍㄨˇ ㄉㄨ	古都	41
ㄎㄜˇ ㄇㄛˋ	可沒	41
ㄎㄜˇ ㄇㄟˊ	可沒	41
ㄎㄜˇ ㄋㄥˊ ㄗㄞˋ	可能再	41
ㄔ ㄍㄨㄤ	吃光	41
ㄊㄨㄥˊ ㄕˋ	同是	41
ㄒㄧㄤˋ ㄒㄧㄣ ㄌㄧˋ	向心力	41
ㄓㄡ ㄌㄧㄡˋ	周六	41
ㄆㄧㄣˇ ㄍㄜˊ	品格	41
ㄏㄚ ㄙㄚˋ ㄎㄜˋ ㄖㄣˊ	哈薩克人	41
ㄌㄚ ㄌㄚ ㄉㄨㄟˋ	啦啦隊	41
ㄌㄠˊ ㄉㄠ	嘮叨	41
ㄒㄧㄚˋ ㄙˇ	嚇死	41
ㄑㄧㄡˊ ㄈㄢˋ	囚犯	41
ㄙˋ ㄑㄧㄢ ㄨˇ	四千五	41
ㄙˋ ㄑㄧˊ	四期	41
ㄙˋ ㄨㄟˊ	四維	41
ㄏㄨㄟˊ ㄍㄨㄛˋ ㄊㄡˊ	回過頭	41
ㄍㄨㄛˊ ㄕㄨㄟˋ ㄐㄩˊ	國稅局	41
ㄩㄢˊ ㄩㄢˊ	圓圓	41
ㄊㄨˇ ㄩˇ	土語	41
ㄗㄞˋ ㄌㄧˇ	在理	41
ㄉㄧˋ ㄆㄧㄥˊ	地平	41
ㄉㄧˋ ㄩㄢˋ	地院	41
ㄗㄨㄛˋ ㄌㄨㄛˋ	坐落	41
ㄐㄧ ㄌㄨㄥˊ ㄍㄤˇ	基隆港	41
ㄉㄨㄟ ㄈㄟˊ	堆肥	41
ㄗㄥ ㄉㄚˋ	增大	41
ㄏㄨㄞˋ ㄔㄨˋ	壞處	41
ㄏㄨㄞˋ ㄉㄢˋ	壞蛋	41
ㄉㄚˋ ㄓˊ	大直	41
ㄊㄧㄢ ㄑㄩㄢˊ	天全	41
ㄊㄧㄢ ㄒㄧㄤˊ	天祥	41
ㄊㄞˋ ㄉㄧ	太低	41
ㄊㄞˋ ㄔㄤˊ	太長	41
ㄊㄞˋ ㄧㄤˊ ㄍㄨㄤ	太陽光	41
ㄕ ㄙㄜˋ	失色	41
ㄈㄣˋ ㄓㄢˋ	奮戰	41
ㄏㄠˇ ㄐㄧˇ ㄊㄧㄢ	好幾天	41
ㄏㄠˇ ㄓㄠˇ	好找	41
ㄏㄠˇ ㄔㄚˊ	好茶	41
ㄨㄤˋ ㄒㄧㄤˇ	妄想	41
ㄑㄧㄝˋ	妾	41
ㄗˇ ㄇㄧㄣˊ	子民	41
ㄒㄩㄝˊ ㄊㄤˊ	學堂	41
ㄕㄡˇ ㄓㄨˋ	守住	41
ㄢ ㄑㄩㄢˊ ㄇㄠˋ	安全帽	41
ㄢ ㄇㄧㄢˊ	安眠	41
ㄢ ㄨㄣˇ	安穩	41
ㄐㄧㄚ ㄈㄥ	家風	41
ㄐㄧˋ ㄕㄥ ㄔㄨㄥˊ	寄生蟲	41
ㄉㄨㄟˋ ㄓㄢˋ	對戰	41
ㄒㄧㄠˇ ㄔㄡˇ	小丑	41
ㄒㄧㄠˇ ㄔㄥˊ	小城	41
ㄒㄧㄠˇ ㄓㄨ	小豬	41
ㄒㄧㄠˇ ㄇㄚˇ	小馬	41
ㄐㄧㄡˋ ㄐㄧㄠˋ	就教	41
ㄐㄧㄡˋ ㄒㄩ ㄧㄠ	就需要	41
ㄐㄩˋ ㄒㄧㄥˊ	巨型	41
ㄧˇ ㄍㄨˋ	已故	41
ㄆㄧㄥˊ ㄕˊ	平實	41
ㄋㄧㄢˊ ㄅㄠˋ	年報	41
ㄧㄡ ㄧㄡ	幽幽	41
ㄐㄧˇ ㄔㄤˇ	幾場	41
ㄎㄤ ㄋㄧㄥˊ ㄒㄧㄤˊ	康寧祥	41
ㄧㄣˇ ㄕㄣ	引申	41
ㄉㄢˋ ㄊㄡˊ	彈頭	41
ㄏㄣˇ ㄋㄢˊ ㄕㄨㄛ	很難說	41
ㄘㄨㄥˊ ㄆㄤˊ	從旁	41
ㄒㄩㄣˊ ㄒㄩˋ	循序	41
ㄉㄜˊ ㄌㄜˋ ㄙ ㄉㄥ	德勒斯登	41
ㄒㄧㄣ ㄕㄣˊ	心神	41
ㄒㄧㄣ ㄐㄧㄝˊ	心結	41
ㄓˋ ㄑㄧˋ	志氣	41
ㄎㄨㄞˋ ㄐㄧㄝˊ	快捷	41
ㄆㄚˋ ㄖㄣˊ	怕人	41
ㄐㄧˊ ㄐㄩˋ	急遽	41
ㄑㄧㄥˊ ㄍㄜ	情歌	41
ㄔㄡˊ ㄔㄤˋ	惆悵	41
ㄒㄧˊ ㄈㄨˊ	惜福	41
ㄜˋ ㄇㄧㄥˊ	惡名	41
ㄋㄠˇ ㄖㄣˊ	惱人	41
ㄞˋ ㄓ	愛之	41
ㄔㄥˊ ㄓˋ	懲治	41
ㄔㄥˊ ㄖˋ	成日	41
ㄌㄨˋ	戮	41
ㄓㄢˋ ㄧㄡˇ	戰友	41
ㄌㄧˋ	戾	41
ㄉㄚˇ ㄇㄚˊ ㄐㄧㄤˋ	打麻將	41
ㄔㄜˇ ㄉㄠˋ	扯到	41
ㄈㄨˊ ㄧㄤˇ	扶養	41
ㄅㄚˇ ㄒㄧˋ	把戲	41
ㄓㄜˊ ㄉㄜ˙	折的	41
ㄆㄞ ㄔㄨ ㄌㄞˊ	拍出來	41
ㄌㄧㄥ	拎	41
ㄅㄚˊ ㄔㄨ	拔出	41
ㄊㄨㄛ ㄒㄧㄝˊ	拖鞋	41
ㄓˇ ㄏㄨㄟ ㄅㄨˋ	指揮部	41
ㄅㄨˇ ㄕㄡˇ	捕手	41
ㄐㄧㄝ ㄊㄧˋ	接替	41
ㄊㄧˊ ㄕㄥ ㄉㄠˋ	提升到	41
ㄨㄛˋ ㄉㄜ˙	握的	41
ㄑㄧㄤˇ ㄧㄢˇ	搶眼	41
ㄌㄧㄠˊ ㄌㄨㄢˋ	撩亂	41
ㄕㄢˋ ㄗˋ	擅自	41
ㄖㄠˇ ㄌㄨㄢˋ	擾亂	41
ㄕㄡ ㄌㄧㄢˋ	收斂	41
ㄈㄤˋ ㄌㄧㄡˊ	放流	41
ㄈㄤˋ ㄗㄨㄥˋ	放縱	41
ㄈㄤˋ ㄏㄨㄚˋ	放話	41
ㄐㄧㄠˋ ㄆㄞˋ	教派	41
ㄓㄥˇ ㄏㄜˊ ㄉㄜ˙	整合的	41
ㄨㄣˊ ㄉㄜˊ	文德	41
ㄨㄣˊ ㄨˇ	文武	41
ㄙ ㄨㄣˊ	斯文	41
ㄒㄧㄣ ㄔㄥˊ	新城	41
ㄒㄧㄣ ㄕㄥ ㄇㄧㄥˋ	新生命	41
ㄑㄧˊ ㄐㄧㄢˋ ㄉㄧㄢˋ	旗艦店	41
ㄖˋ ㄈㄤ	日方	41
ㄗㄠˇ ㄉㄠˋ	早到	41
ㄔㄨㄣ ㄙㄨㄣˇ	春筍	41
ㄗㄨㄛˊ ㄊㄧㄢ ㄒㄧㄚˋ ㄨˇ	昨天下午	41
ㄨㄢˇ ㄧㄢˋ	晚宴	41
ㄢˋ ㄢˋ	暗暗	41
ㄊㄢˊ	曇	41
ㄅㄣˇ ㄒㄧㄤˇ	本想	41
ㄅㄣˇ ㄕㄥ	本生	41
ㄌㄧˇ ㄑㄧㄥˋ ㄢ	李慶安	41
ㄑㄧˇ	杞	41
ㄇㄡˇ ㄨㄟˋ	某位	41
ㄏㄜˊ ㄙˋ ㄔㄤˇ	核四廠	41
ㄍㄣ ㄅㄨˋ	根部	41
ㄑㄧˋ ㄊㄨˇ	棄土	41
ㄐㄧˊ ㄆㄧˊ	棘皮	41
ㄋㄢˊ ㄗˇ	楠梓	41
ㄍㄞˋ ㄍㄨㄚ	概括	41
ㄩㄝˋ ㄕㄥ	樂聲	41
ㄈㄢˊ	樊	41
ㄕㄨˋ ㄒㄧㄚˋ	樹下	41
ㄘˋ ㄓ	次之	41
ㄒㄧㄣ ㄒㄧㄣ	欣欣	41
ㄍㄜ ㄐㄩˋ ㄩㄢˋ	歌劇院	41
ㄓㄥˋ ㄓˊ	正值	41
ㄌㄧˋ ㄒㄧㄢˇ	歷險	41
ㄙˇ ㄕㄤ	死傷	41
ㄙˇ ㄏㄡˋ	死後	41
ㄇㄨˇ ㄊㄧˇ	母體	41
ㄇㄟˇ ㄓㄡ ㄧ	每週一	41
ㄉㄨˊ ㄈㄢˋ	毒販	41
ㄕㄨㄟˇ ㄑㄧˋ	水氣	41
ㄑㄧㄡˊ ㄑㄩˇ	求取	41
ㄔㄣˊ ㄔㄣˊ	沉沉	41
ㄔㄨㄥ ㄕㄥˊ	沖繩	41
ㄔㄨㄥ ㄕㄥˊ ㄉㄧˋ ㄈㄤ	沖繩地方	41
ㄔㄨㄥ ㄕㄥˊ ㄒㄧㄢˋ	沖繩縣	41
ㄈㄚˇ ㄑㄩㄢˊ	法權	41
ㄌㄧㄡˊ ㄌㄧˊ	流離	41
ㄩˋ ㄍㄤ	浴缸	41
ㄒㄧㄠ ㄕ ㄉㄜ˙	消失的	41
ㄒㄧㄠ ㄓㄤˇ	消長	41
ㄏㄨㄞˊ ㄋㄢˊ	淮南	41
ㄏㄨㄚˊ ㄉㄨㄥˋ	滑動	41
ㄇㄢˇ ㄈㄨˋ	滿腹	41
ㄇㄢˋ ㄏㄨㄚˋ ㄕㄨ	漫畫書	41
ㄨㄟˊ ㄒㄧㄢ	為先	41
ㄕㄡˊ ㄌㄜ˙	熟了	41
ㄖㄢˊ ㄑㄧˇ	燃起	41
ㄇㄨˋ ㄧㄤˊ	牧羊	41
ㄊㄜˋ ㄕㄨ ㄐㄧㄠˋ ㄩˋ	特殊教育	41
ㄑㄧㄢ ㄓˋ	牽制	41
ㄐㄧㄤˇ ㄓㄨˋ ㄒㄩㄝˊ ㄐㄧㄣ	獎助學金	41
ㄉㄨˊ ㄓㄢˋ	獨佔	41
ㄉㄨˊ ㄌㄧˋ ㄒㄧㄥˋ	獨立性	41
ㄅㄢ ㄉㄧˇ	班底	41
ㄒㄧㄢˋ ㄓˊ	現職	41
ㄒㄧㄢˋ ㄒㄧㄤˋ ㄒㄩㄝˊ	現象學	41
ㄒㄧㄢˋ ㄏㄨㄛˋ	現貨	41
ㄑㄧㄡˊ ㄨㄤˊ	球王	41
ㄩㄥˋ ㄐㄧˋ	用計	41
ㄊㄧㄢˊ ㄌㄧˇ	田裡	41
ㄧㄡˊ ㄘˇ ㄎㄜˇ ㄐㄧㄢˋ	由此可見	41
ㄧˊ ㄧˋ	疑義	41
ㄍㄜ	疙	41
ㄅㄞˊ ㄑㄧˊ	白旗	41
ㄓˊ ㄉㄚˊ	直達	41
ㄒㄧㄤ ㄐㄧㄢ	相間	41
ㄒㄧㄤ ㄐㄧㄢˋ	相間	41
ㄎㄢˋ ㄉㄨㄥˇ	看懂	41
ㄔㄢˊ ㄗㄨㄥ	禪宗	41
ㄎㄜ ㄐㄩˇ	科舉	41
ㄎㄨㄥ ㄒㄧㄣ	空心	41
ㄎㄨㄥ ㄊㄡˊ	空頭	41
ㄎㄨㄥˋ ㄊㄡˊ	空頭	41
ㄉㄧˋ ㄙㄢ ㄒㄧㄤˋ	第三項	41
ㄘㄜˋ ㄐㄧㄣˋ ㄏㄨㄟˋ	策進會	41
ㄐㄧㄝˊ ㄌㄧㄡˊ	節流	41
ㄘㄨ ㄌㄩㄝˋ	粗略	41
ㄩㄝˋ	粵	41
ㄐㄧㄥ ㄓㄢˋ	精湛	41
ㄐㄧㄥ ㄙㄨㄟˇ	精髓	41
ㄐㄧˋ ㄌㄨˋ ㄆㄧㄢˋ ㄌㄧˇ	紀錄片裡	41
ㄏㄨㄥˊ ㄌㄜ˙	紅了	41
ㄖㄣˋ	紉	41
ㄨㄤˇ ㄇㄛˊ	網膜	41
ㄨㄤˇ ㄇㄛˋ	網膜	41
ㄉㄨㄢˋ	緞	41
ㄌㄧㄢˋ ㄑㄧㄡˊ	練球	41
ㄊㄧˊ	緹	41
ㄗㄨㄥˇ ㄕㄨ ㄐㄧˋ	總書記	41
ㄈㄢˊ ㄙㄨㄛˇ	繁瑣	41
ㄇㄟˇ ㄒㄧ	美西	41
ㄒㄧㄡ ㄖㄨˇ	羞辱	41
ㄒㄧㄡ ㄖㄨˋ	羞辱	41
ㄈㄢ ㄍㄨㄛˋ	翻過	41
ㄌㄠˇ ㄒㄩㄥ	老兄	41
ㄌㄠˇ ㄇㄨˇ	老母	41
ㄎㄠˇ ㄔㄤˇ	考場	41
ㄋㄥˊ ㄊㄧㄥ	能聽	41
ㄐㄧㄠˇ ㄐㄧㄚˋ	腳架	41
ㄇㄛˊ ㄅㄞˋ	膜拜	41
ㄗˋ ㄒㄧㄥˇ	自省	41
ㄓˋ ㄅㄧㄥˋ	致病	41
ㄑㄩㄥ	芎	6.351308576902391
ㄑㄩㄥˊ	芎	41
ㄔㄚˊ ㄏㄨㄟˋ	茶會	41
ㄌㄨㄛˋ ㄖˋ	落日	41
ㄌㄨㄛˋ ㄉㄧㄢˇ	落點	41
ㄙㄨ ㄜˋ	蘇俄	41
ㄒㄩ ㄏㄨㄢˋ	虛幻	41
ㄌㄨˇ	虜	41
ㄍㄨㄥ	蚣	41
ㄨˊ	蜈	41
ㄨˊ ㄍㄨㄥ	蜈蚣	41
ㄧˋ	蜴	41
ㄒㄧㄥˊ ㄐㄧㄤ	行將	41
ㄒㄧㄥˊ ㄓㄥˋ ㄐㄩˊ	行政局	41
ㄅㄧㄠˇ ㄒㄧㄤˋ	表象	41
ㄓㄨㄤ ㄆㄟˋ	裝配	41
ㄒㄧ ㄏㄨㄚˋ	西化	41
ㄐㄧˋ	覬	41
ㄐㄧㄝˇ ㄐㄩㄝˊ ㄓ ㄉㄠˋ	解決之道	41
ㄐㄧˋ ㄈㄟˋ	計費	41
ㄐㄧˋ ㄒㄧㄚˋ ㄌㄞˊ	記下來	41
ㄓㄨˋ ㄉㄧㄥˋ	註定	41
ㄒㄧㄤˊ ㄐㄧㄢˋ	詳見	41
ㄩˇ ㄘˊ	語詞	41
ㄕㄨㄛ ㄒㄧㄠˋ	說笑	41
ㄕㄨㄛ ㄘㄨㄛˋ	說錯	41
ㄌㄨㄣˋ ㄐㄧˊ	論及	41
ㄗ ㄧˋ	諮議	41
ㄇㄠ ㄊㄡˊ	貓頭	41
ㄇㄞˇ ㄓㄨˇ	買主	41
ㄍㄡˋ ㄅㄧㄥˋ	購併	41
ㄑㄧˇ ㄐㄩ	起居	41
ㄎㄨㄚˋ ㄖㄨˋ	跨入	41
ㄊㄧㄠˋ ㄅㄢˇ	跳板	41
ㄩㄝˋ ㄕㄥ	躍升	41
ㄕㄣ ㄔㄨㄢ	身穿	41
ㄔㄜ ㄎㄨˋ	車庫	41
ㄐㄩㄣ ㄊㄨㄢˊ	軍團	41
ㄐㄩㄣ ㄐㄧㄥˇ	軍警	41
ㄐㄧㄠˋ ㄕㄠˇ ㄉㄜ˙	較少的	41
ㄐㄧㄣˋ ㄌㄜ˙	近了	41
ㄇㄧˊ ㄕㄤˋ	迷上	41
ㄙㄨㄥˋ ㄌㄜ˙	送了	41
ㄙㄨㄥˋ ㄉㄚˊ	送達	41
ㄓㄜˋ ㄧㄤˋ ㄧㄡˇ	這樣有	41
ㄓㄜˋ ㄓㄣˋ	這陣	41
ㄌㄧㄢˊ ㄗㄞˋ	連在	41
ㄐㄧㄣˋ ㄑㄩˇ	進取	41
ㄅㄧ ㄓㄣ	逼真	41
ㄉㄠˋ ㄍㄨㄤ	道光	41
ㄙㄨㄢ ㄊㄨㄥˋ	酸痛	41
ㄓㄨㄥˋ ㄔㄨㄤˋ	重創	41
ㄧㄝˇ ㄑㄧㄡˊ	野球	41
ㄎㄞ ㄧㄢˇ ㄐㄧㄝˋ	開眼界	41
ㄍㄨㄢ ㄍㄨㄥ	關公	41
ㄍㄨㄢ ㄐㄧㄝˊ ㄧㄢˊ	關節炎	41
ㄗㄨˇ ㄍㄜˊ	阻隔	41
ㄐㄧㄤˋ ㄕㄨㄟˇ	降水	41
ㄧㄤˊ ㄒㄧㄥˋ	陽性	41
ㄒㄩㄥˊ ㄒㄧㄥˋ	雄性	41
ㄐㄧˊ ㄐㄧˊ	集集	41
ㄔㄨˊ ㄐㄧˋ	雛妓	41
ㄌㄧㄥˊ ㄒㄧㄚˋ	零下	41
ㄉㄧㄢˋ ㄗˇ ㄕㄤ ㄨˋ	電子商務	41
ㄏㄨㄛˋ ㄌㄨㄢˋ	霍亂	41
ㄕㄚˋ	霎	41
ㄞˇ	靄	41
ㄑㄧㄥ ㄍㄨㄤ ㄧㄢˇ	青光眼	41
ㄇㄧㄢˋ ㄉㄞˋ	面帶	41
ㄕㄨㄣˋ ㄌㄧˋ ㄉㄜ˙	順利的	41
ㄩˋ ㄈㄨˋ	預付	41
ㄩˋ ㄌㄧㄡˊ	預留	41
ㄊㄡˊ ㄔㄥˊ	頭城	41
ㄩㄢˋ ㄅㄨˊ ㄩㄢˋ	願不願	41
ㄈㄥ ㄊㄡˊ	風頭	41
ㄈㄥ ㄊㄡ˙	風頭	41
ㄈㄟ ㄨㄤˇ	飛往	41
ㄈㄟ ㄆㄢˊ	飛盤	41
ㄍㄨㄢˇ ㄋㄟˋ	館內	41
ㄍㄨㄢˇ ㄩㄢˊ	館員	41
ㄇㄚˇ ㄐㄧㄝ	馬偕	41
ㄇㄚˇ ㄈㄣˋ	馬糞	41
ㄔˊ ㄇㄧㄥˊ	馳名	41
ㄊㄧˇ ㄩˋ ㄔㄤˇ	體育場	41
ㄍㄠ ㄧㄚˇ	高雅	41
ㄧㄢˊ ㄔㄥˊ	鹽埕	41
ㄌㄨˋ	麓	41
ㄇㄞˋ ㄧㄚˊ	麥芽	41
ㄈㄨ	麩	41
ㄇㄚˊ ㄌㄚˋ	麻辣	41
ㄏㄨㄤˊ ㄆㄧㄥˊ ㄧㄤˊ	黃平洋	41
ㄧ ㄌㄧˋ	一例	40
ㄧˊ ㄌㄧˋ	一例	40
ㄧ ㄓˇ	一只	40
ㄧˋ ㄓˇ	一只	40
ㄧ ㄇㄠˊ	一毛	40
ㄧˋ ㄇㄠˊ	一毛	40
ㄧ ㄩˇ	一語	40
ㄧˋ ㄩˇ	一語	40
ㄧ ㄉㄨㄟˋ	一隊	40
ㄧˊ ㄉㄨㄟˋ	一隊	40
ㄑㄧ ㄍㄨˇ	七股	40
ㄙㄢ ㄍㄜ˙ ㄒㄧㄠˇ ㄕˊ	三個小時	40
ㄕㄤˋ ㄧ	上衣	40
ㄒㄧㄚˋ ㄌㄧˇ	下禮	40
ㄒㄧㄚˋ ㄗˋ	下自	40
ㄒㄧㄚˋ ㄧㄠˋ	下藥	40
ㄅㄨˋ ㄉㄨㄛ ㄉㄜ˙	不多的	40
ㄅㄨˋ ㄓㄜˊ	不折	40
ㄅㄨˋ ㄒㄧㄡˇ	不朽	40
ㄅㄨˋ ㄨˊ	不無	40
ㄅㄨˊ ㄕㄣˋ	不甚	40
ㄅㄨˋ ㄍㄣ	不跟	40
ㄕˋ ㄐㄧㄝˋ ㄓㄢˇ ㄨㄤˋ ㄏㄨㄟˋ	世界展望會	40
ㄉㄧㄡ ㄖㄨˋ	丟入	40
ㄅㄧㄥˋ ㄑㄧㄥˇ	並請	40
ㄓㄨㄥ ㄕˋ ㄐㄧˋ	中世紀	40
ㄓㄨㄥ ㄧㄤ ㄐㄧˊ ㄑㄩㄢˊ	中央集權	40
ㄐㄧㄡˇ ㄦˋ ㄧ ㄉㄧˋ ㄓㄣˋ	九二一地震	40
ㄐㄧㄡˇ ㄅㄚ ㄙㄢ	九八三	40
ㄌㄧㄠˇ ㄖㄢˊ	了然	40
ㄦˋ ㄐㄧㄢˋ	二件	40
ㄦˋ ㄏㄨㄟˊ	二回	40
ㄦˋ ㄩㄝˋ ㄈㄣˋ	二月份	40
ㄨˇ ㄕˊ ㄩㄢˊ	五十元	40
ㄨˇ ㄓㄨㄥˇ	五種	40
ㄒㄧㄝ ㄨㄟˊ	些微	40
ㄧㄚˇ ㄓㄡ ㄖㄣˊ	亞洲人	40
ㄖㄣˊ ㄇㄢˇ	人滿	40
ㄖㄣˊ ㄐㄧˋ ㄍㄨㄢ ㄒㄧˋ	人際關係	40
ㄉㄞˋ ㄍㄡ	代溝	40
ㄉㄞˋ ㄅㄢˋ	代辦	40
ㄖㄣˋ ㄆㄧㄥˊ	任憑	40
ㄅㄨˋ ㄍㄠˋ ㄌㄢˊ	佈告欄	40
ㄉㄧ ㄋㄧㄢˊ	低年	40
ㄋㄧˇ ㄌㄠˇ	你老	40
ㄕˇ ㄩㄥˋ ㄌㄧㄤˋ	使用量	40
ㄕˇ ㄓㄜˇ	使者	40
ㄩㄥˇ	俑	40
ㄍㄜˋ ㄊㄡˊ	個頭	40
ㄓㄣ ㄔㄚˊ	偵察	40
ㄊㄡ ㄗㄡˇ	偷走	40
ㄅㄟˋ ㄓㄢˋ	備戰	40
ㄔㄨㄢˊ ㄕㄨㄛ ㄓㄨㄥ	傳說中	40
ㄍㄨㄤ ㄏㄨㄚˊ	光滑	40
ㄍㄨㄤ ㄒㄧㄢ	光鮮	40
ㄦˊ ㄕˊ	兒時	40
ㄖㄨˋ ㄒㄩㄝˊ ㄎㄠˇ	入學考	40
ㄋㄟˋ ㄉㄧㄥˋ	內定	40
ㄋㄟˋ ㄧㄝˇ	內野	40
ㄑㄩㄢˊ ㄍㄨㄛˊ ㄍㄜˋ ㄉㄧˋ	全國各地	40
ㄑㄩㄢˊ ㄑㄧㄡˊ ㄗ ㄒㄩㄣˋ ㄨㄤˇ	全球資訊網	40
ㄌㄧㄤˇ ㄏㄨㄟˊ	兩回	40
ㄍㄨㄥˋ ㄓㄣˋ	共振	40
ㄗㄞˋ ㄕㄤˋ	再上	40
ㄗㄞˋ ㄉㄠˋ	再到	40
ㄔㄨ ㄏㄠˇ	出好	40
ㄈㄣ ㄕˊ	分時	40
ㄈㄣ ㄊㄡˊ	分頭	40
ㄌㄧˋ ㄅㄧˋ	利弊	40
ㄕㄨㄚ ㄒㄧㄣ	刷新	40
ㄑㄧㄢˊ ㄒㄧㄢ	前先	40
ㄑㄧㄢˊ ㄊㄡˊ	前頭	40
ㄑㄧㄢˊ ㄊㄡ˙	前頭	40
ㄔㄨㄤˋ ㄗㄠˋ ㄔㄨ ㄌㄞˊ	創造出來	40
ㄐㄧㄚ ㄇㄧˋ	加密	40
ㄌㄧㄝˋ ㄕˋ	劣勢	40
ㄉㄨㄥˋ ㄑㄧˇ	動起	40
ㄉㄨㄥˋ ㄕㄣ	動身	40
ㄒㄩㄣ ㄓㄤ	勳章	40
ㄑㄩㄢˋ ㄕㄨㄛ	勸說	40
ㄅㄟˇ ㄈㄥ	北風	40
ㄕˊ ㄐㄧˇ ㄨㄢˋ	十幾萬	40
ㄕˊ ㄇㄧㄠˇ	十秒	40
ㄑㄧㄢ ㄍㄨˇ	千古	40
ㄅㄛˊ ㄉㄜˊ	博得	40
ㄐㄧˊ ㄎㄜˋ	即刻	40
ㄧㄢˋ ㄐㄩㄢˋ	厭倦	40
ㄈㄢˇ ㄍㄨㄤ	反光	40
ㄈㄢˇ ㄧㄥˋ ㄔㄨ	反應出	40
ㄈㄢˇ ㄧㄥˋ ㄌㄨˊ	反應爐	40
ㄕㄡˋ ㄓˋ	受制	40
ㄕㄡˋ ㄓㄜ˙	受著	40
ㄎㄡˇ ㄕㄨㄛ	口說	40
ㄎㄡˇ ㄧˋ	口譯	40
ㄓˇ ㄎㄜˇ	只可	40
ㄍㄜˋ ㄌㄧㄥˇ	各領	40
ㄏㄜˊ ㄕˊ ㄧˊ	合時宜	40
ㄊㄨㄥˊ ㄧˋ ㄕㄨ	同意書	40
ㄊㄨㄥˊ ㄌㄧˇ	同理	40
ㄒㄧㄤˋ ㄖˋ ㄎㄨㄟˊ	向日葵	40
ㄓ ㄓ	吱吱	40
ㄗ ㄗ	吱吱	40
ㄕㄣ	呻	40
ㄕㄣ ㄧㄣˊ	呻吟	40
ㄏㄜˊ ㄏㄠˇ	和好	40
ㄊㄨㄛˋ ㄧˋ	唾液	40
ㄊㄨㄛˋ ㄧㄝˋ	唾液	40
ㄕㄤ ㄧㄝˋ ㄧㄣˊ ㄏㄤˊ	商業銀行	40
ㄘㄠˊ	嘈	40
ㄗㄨㄟˇ ㄌㄧˇ	嘴裡	40
ㄒㄩㄝ ㄊㄡˊ	噱頭	40
ㄍㄚˊ ㄇㄚˇ ㄌㄢˊ	噶瑪蘭	40
ㄧㄢˊ ㄎㄜ	嚴苛	40
ㄍㄨㄛˊ ㄌㄧˋ ㄉㄚˋ ㄒㄩㄝˊ	國立大學	40
ㄨㄟˊ ㄉㄨˇ	圍堵	40
ㄨㄟˊ ㄑㄧˊ	圍棋	40
ㄗㄞˋ ㄧㄥˊ	在營	40
ㄉㄧˋ ㄓㄨㄥ ㄏㄞˇ	地中海	40
ㄉㄧˋ ㄑㄩ ㄒㄧㄥˋ	地區性	40
ㄌㄜˋ ㄙㄜˋ ㄌㄧㄤˋ	垃圾量	40
ㄇㄞˊ ㄗㄤˋ	埋葬	40
ㄐㄧㄢ ㄒㄧㄣˋ	堅信	40
ㄨㄞˋ ㄕˋ	外事	40
ㄧㄝˋ ㄧㄥ	夜鶯	40
ㄇㄥˋ ㄓㄨㄥ	夢中	40
ㄉㄚˋ ㄊㄨㄥ	大通	40
ㄊㄧㄢ ㄈㄣˋ	天分	40
ㄊㄧㄢ ㄏㄟ	天黑	40
ㄊㄞˋ ㄑㄧㄤˊ	太強	40
ㄨㄟ ㄈㄥ	威風	40
ㄇㄚ ㄇㄧ	媽咪	40
ㄗˋ ㄔㄨㄢˋ	字串	40
ㄘㄨㄣˊ ㄏㄨˋ	存戶	40
ㄒㄩㄝˊ ㄩㄢˋ	學苑	40
ㄎㄜˋ ㄩㄢˊ	客源	40
ㄙˋ ㄩㄢˋ	寺院	40
ㄐㄧㄤ ㄌㄞˊ ㄉㄜ˙	將來的	40
ㄓㄨㄢ ㄩㄥˋ ㄉㄜ˙	專用的	40
ㄒㄧㄠˇ ㄍㄤˇ	小港	40
ㄒㄧㄠˇ ㄓㄢˋ	小站	40
ㄒㄧㄠˇ ㄏㄨㄥˊ ㄇㄠˋ	小紅帽	40
ㄐㄧㄢ ㄉㄜ˙	尖的	40
ㄐㄧㄡˋ ㄨㄟˋ	就為	40
ㄋㄧˊ ㄌㄨㄛˊ ㄏㄜˊ	尼羅河	40
ㄐㄩ ㄖㄢˊ ㄕˋ	居然是	40
ㄆㄧㄥˊ ㄓㄤˋ	屏障	40
ㄓㄢˇ ㄌㄡˋ	展露	40
ㄓㄢˇ ㄌㄨˋ	展露	40
ㄌㄩˇ ㄘˋ	屢次	40
ㄔㄞ ㄕˋ	差事	40
ㄔㄤˊ ㄕㄜˋ	常設	40
ㄋㄧㄢˊ ㄧㄡˋ	年幼	40
ㄈㄨˇ ㄕㄤˋ	府上	40
ㄍㄨㄤˇ ㄉㄠˇ	廣島	40
ㄍㄨㄤˇ ㄉㄠˇ ㄒㄧㄢˋ	廣島縣	40
ㄋㄨㄥˋ ㄉㄠˋ	弄到	40
ㄓㄤ ㄞˋ ㄐㄧㄚ	張艾嘉	40
ㄑㄧㄤˊ ㄐㄧㄚ	強加	40
ㄑㄧㄤˊ ㄐㄧㄢ	強姦	40
ㄉㄞ ㄏㄨㄟˇ ㄦ	待會兒	40
ㄉㄞ ㄏㄨㄟˇ ㄦˊ	待會兒	40
ㄏㄣˇ ㄆㄚˋ	很怕	40
ㄉㄜˊ ㄔㄥˇ	得逞	40
ㄘㄨㄥˊ ㄐㄧㄣ ㄊㄧㄢ ㄑㄧˇ	從今天起	40
ㄓㄥ ㄅㄧㄥ	徵兵	40
ㄓㄥ ㄨㄣˊ	徵文	40
ㄓˋ ㄊㄨㄥˊ ㄉㄠˋ ㄏㄜˊ	志同道合	40
ㄆㄚˋ ㄙˇ	怕死	40
ㄐㄧˊ ㄓㄣˇ ㄕˋ	急診室	40
ㄐㄧˊ ㄋㄢˋ	急難	40
ㄨㄢˋ ㄒㄧˊ	惋惜	40
ㄨㄟˊ ㄧㄡˇ	惟有	40
ㄩˊ ㄖㄣˊ	愚人	40
ㄇㄢˋ ㄇㄢˋ ㄉㄜ˙	慢慢地	40
ㄇㄢˋ ㄇㄢˋ ㄉㄧˋ	慢慢地	40
ㄧㄥˋ ㄐㄧㄥˇ	應景	40
ㄠˋ ㄋㄠˇ	懊惱	40
ㄒㄩㄢˊ ㄧㄞˊ	懸崖	40
ㄓㄢˋ ㄑㄧㄢˊ	戰前	40
ㄓㄢˋ ㄐㄩˊ	戰局	40
ㄘㄞˊ ㄏㄨㄟˊ	才回	40
ㄎㄤˋ ㄏㄥˊ	抗衡	40
ㄅㄠˋ ㄓㄨˋ	抱住	40
ㄊㄨㄛ ㄉㄧㄠˋ	拖吊	40
ㄊㄨㄛ ㄌㄟˋ	拖累	40
ㄓㄠ ㄕㄡˇ	招手	40
ㄓˇ ㄕㄜˋ	指涉	40
ㄅㄨˇ ㄓㄨㄛ ㄉㄠˋ	捕捉到	40
ㄐㄧㄝ ㄅㄢ ㄖㄣˊ	接班人	40
ㄊㄧˊ ㄈㄤˊ	提防	40
ㄏㄨㄟ ㄕㄡˇ	揮手	40
ㄙㄡ ㄔㄚˊ	搜查	40
ㄅㄛˋ ㄧㄣ	播音	40
ㄆㄨ ㄇㄧㄝˋ	撲滅	40
ㄘㄚ ㄕˋ	擦拭	40
ㄕㄡ ㄍㄨㄥ	收工	40
ㄈㄤˋ ㄇㄢˋ	放慢	40
ㄓㄥˋ ㄕˋ	政事	40
ㄓㄥˋ ㄓˋ ㄒㄧㄢˋ ㄐㄧㄣ	政治獻金	40
ㄐㄧㄥˋ ㄞˋ	敬愛	40
ㄕㄨˇ ㄅㄨˋ ㄑㄧㄥ	數不清	40
ㄨㄣˊ ㄕㄢ ㄑㄩ	文山區	40
ㄕ ㄩˇ	施與	40
ㄕ ㄒㄧㄥˊ ㄒㄧˋ ㄗㄜˊ	施行細則	40
ㄒㄧㄥ ㄎㄨㄥ	星空	40
ㄕㄨ ㄉㄞ	書呆	40
ㄗㄨㄟˋ ㄉㄨㄢˇ	最短	40
ㄗㄨㄟˋ ㄍㄠ ㄉㄧㄢˇ	最高點	40
ㄧㄡˇ ㄍㄨㄤ	有光	40
ㄓㄠ ㄧㄤˊ	朝陽	40
ㄔㄠˊ ㄒㄧㄢ ㄅㄢˋ ㄉㄠˇ	朝鮮半島	40
ㄅㄣˇ ㄕˋ ㄐㄧˋ	本世紀	40
ㄅㄣˇ ㄎㄜˋ	本課	40
ㄉㄨˋ ㄎㄜˇ ㄈㄥ	杜可風	40
ㄉㄨㄥ ㄧㄣˋ ㄉㄨˋ	東印度	40
ㄉㄨㄥ ㄢˋ	東岸	40
ㄉㄨㄥ ㄅㄨˋ ㄉㄧˋ ㄑㄩ	東部地區	40
ㄙㄨㄥ ㄕㄢ ㄐㄧ ㄔㄤˇ	松山機場	40
ㄍㄨㄛˇ ㄧㄣ	果因	40
ㄉㄧˇ	柢	40
ㄌㄧㄤˊ ㄕㄢ ㄅㄛˊ	梁山伯	40
ㄌㄧㄤˊ ㄙㄨˋ ㄖㄨㄥˊ	梁肅戎	40
ㄨˊ	梧	40
ㄈㄢˋ ㄍㄨˇ	梵谷	40
ㄑㄧˋ ㄧㄤˇ	棄養	40
ㄔㄨㄣ	椿	40
ㄕㄨ ㄋㄧㄡˇ	樞紐	40
ㄕㄨˋ ㄆㄧˊ	樹皮	40
ㄒㄧㄤˋ ㄐㄧㄠ	橡膠	40
ㄏㄨㄟˇ ㄏㄨㄞˋ	毀壞	40
ㄅㄧˋ ㄅㄧˋ	比比	40
ㄑㄧˋ ㄙˇ	氣死	40
ㄐㄧㄤ ㄒㄧ	江西	40
ㄈㄚˇ ㄌㄧˇ	法理	40
ㄈㄚˇ ㄇㄣˊ	法門	40
ㄅㄛ ㄉㄨㄢˋ	波段	40
ㄆㄛ ㄉㄨㄢˋ	波段	40
ㄏㄨㄛˊ ㄔㄨ	活出	40
ㄆㄞˋ ㄓㄨˋ	派駐	40
ㄏㄞˇ ㄈㄥ	海風	40
ㄕㄣ ㄩㄢ	深淵	40
ㄐㄧㄢˇ ㄇㄧㄢˇ	減免	40
ㄆㄨˇ	溥	40
ㄇㄧㄝˋ ㄏㄨㄛˇ	滅火	40
ㄗ ㄖㄨㄣˋ	滋潤	40
ㄏㄨㄚˊ ㄐㄧ	滑稽	40
ㄓㄤˇ ㄕˋ	漲勢	40
ㄑㄧㄢˊ ㄈㄨˊ	潛伏	40
ㄒㄧˋ ㄏㄨˊ	潟湖	40
ㄉㄢˋ	澹	40
ㄖㄢˊ ㄧㄡˊ	燃油	40
ㄧㄥˊ ㄧㄤˇ ㄨˇ ㄘㄢ	營養午餐	40
ㄈㄨˋ ㄋㄩˇ	父女	40
ㄕㄥ ㄎㄡˇ	牲口	40
ㄊㄜˋ ㄧㄡ	特優	40
ㄐㄧㄤˇ ㄓㄨㄤˋ	獎狀	40
ㄉㄨˊ ㄔㄨㄤˋ	獨創	40
ㄉㄨˊ ㄒㄧㄥˊ	獨行	40
ㄏㄨㄛˋ ㄓ	獲知	40
ㄌㄧˇ ㄨㄢˊ	理完	40
ㄌㄧˇ ㄎㄜ	理科	40
ㄏㄨㄢˊ ㄓㄨㄤˋ	環狀	40
ㄆㄧㄠˊ	瓢	40
ㄕㄣˋ ㄩˊ	甚於	40
ㄕㄥ ㄨˋ ㄐㄧˋ ㄕㄨˋ	生物技術	40
ㄉㄤ ㄔㄨㄥ	當沖	40
ㄉㄤ ㄓㄨㄥˋ	當眾	40
ㄐㄧㄤ ㄩˋ	疆域	40
ㄧˊ ㄉㄧㄢˇ	疑點	40
ㄌㄧˋ	痢	40
ㄆㄧˊ ㄑㄧㄡˊ	皮球	40
ㄓˊ ㄧㄥˊ	直營	40
ㄒㄧㄤ ㄐㄧㄝˊ ㄏㄜˊ	相結合	40
ㄒㄧㄤ ㄈㄥˊ	相逢	40
ㄎㄢˋ ㄗㄨㄛˋ	看作	40
ㄓㄣ ㄇㄧㄢˋ ㄇㄨˋ	真面目	40
ㄓㄚˇ ㄧㄢˇ	眨眼	40
ㄧㄢˇ ㄑㄧㄡˊ	眼球	40
ㄑㄧㄠˊ ㄅㄨˋ ㄑㄧˇ	瞧不起	40
ㄇㄥˊ	矇	40
ㄉㄧㄠ	碉	40
ㄉㄧㄠ ㄅㄠˇ	碉堡	40
ㄑㄩㄝˋ ㄒㄧㄣˋ	確信	40
ㄎㄜ	磕	40
ㄎㄨㄤˋ ㄑㄩㄢˊ	礦泉	40
ㄕㄣˊ ㄇㄧˋ ㄉㄜ˙	神秘的	40
ㄈㄨˊ ㄌㄧˋ ㄐㄧㄣ	福利金	40
ㄌㄧˇ ㄐㄧㄝˊ	禮節	40
ㄧˊ ㄕ	移師	40
ㄓㄨㄥˋ ㄒㄧㄚˋ	種下	40
ㄔㄨㄢ ㄔㄚ	穿插	40
ㄋㄚˋ ㄌㄧˋ ㄊㄞˊ ㄈㄥ	納莉颱風	40
ㄙㄨˋ ㄌㄞˊ	素來	40
ㄐㄧㄝˊ ㄨㄟˊ	結為	40
ㄐㄧㄥ ㄧㄥˊ ㄑㄩㄢˊ	經營權	40
ㄌㄩˋ ㄧˋ	綠意	40
ㄅㄧㄢ ㄉㄠˇ	編導	40
ㄌㄧㄢˋ ㄔㄨ	練出	40
ㄓ ㄆㄧㄣˇ	織品	40
ㄧˋ ㄉㄚˋ ㄌㄧˋ ㄇㄧㄢˋ	義大利麵	40
ㄧˋ ㄕˋ	義式	40
ㄈㄢ ㄢˋ	翻案	40
ㄌㄠˇ ㄇㄚ	老媽	40
ㄦˊ ㄧㄡˊ	而由	40
ㄆㄧㄣˋ ㄍㄨˋ	聘僱	40
ㄆㄧㄥˋ ㄍㄨˋ	聘僱	40
ㄊㄧㄥ ㄓㄥˋ ㄏㄨㄟˋ	聽證會	40
ㄏㄨˊ ㄕㄨㄛ ㄅㄚ ㄉㄠˋ	胡說八道	40
ㄋㄥˊ ㄗㄨㄛˋ ㄉㄜ˙	能做的	40
ㄋㄥˊ ㄋㄞˋ	能耐	40
ㄊㄨㄛ ㄊㄞ	脫胎	40
ㄐㄧㄠˇ ㄒㄧㄚˋ	腳下	40
ㄈㄨˋ ㄊㄨㄥˋ	腹痛	40
ㄌㄧㄢˇ ㄆㄤˊ	臉龐	40
ㄗˋ ㄨㄟˋ	自慰	40
ㄗˋ ㄆㄞ	自拍	40
ㄗˋ ㄊㄠ ㄧㄠ ㄅㄠ	自掏腰包	40
ㄗˋ ㄖㄢˊ ㄖㄣˊ	自然人	40
ㄗˋ ㄗㄜˊ	自責	40
ㄐㄩˇ ㄖㄣˊ	舉人	40
ㄐㄧㄡˋ ㄕㄨ	舊書	40
ㄊㄧㄢˇ	舔	40
ㄇㄥˇ ㄐㄧㄚˇ	艋舺	40
ㄇㄥˇ ㄐㄧㄚˊ	艋舺	40
ㄅㄚ ㄅㄧˇ	芭比	40
ㄇㄛˋ	茉	40
ㄑㄧˊ	萁	40
ㄨㄛ	萵	40
ㄧˋ ㄕㄨˋ ㄍㄨㄢˇ	藝術館	40
ㄧㄠˋ ㄈㄤˊ	藥房	40
ㄏㄨㄟˇ	虫	40
ㄔㄨㄥˊ	虫	40
ㄌㄧㄝˋ ㄎㄞ	裂開	40
ㄓㄨㄤ ㄓˋ ㄧˋ ㄕㄨˋ	裝置藝術	40
ㄈㄨˋ ㄗㄚˊ ㄒㄧㄥˋ	複雜性	40
ㄒㄧ ㄩㄢˊ	西園	40
ㄧㄠˋ ㄐㄧㄚˋ	要價	40
ㄩˊ	覦	40
ㄐㄧˋ ㄩˊ	覬覦	40
ㄍㄨㄢ ㄍㄨㄤ ㄕˋ ㄧㄝˋ	觀光事業	40
ㄧㄢˊ ㄊㄢˊ	言談	40
ㄕㄢˋ	訕	40
ㄓㄣˇ ㄌㄧㄠˊ	診療	40
ㄆㄧㄥˊ ㄆㄢˋ	評判	40
ㄍㄞ ㄗㄞˋ	該再	40
ㄍㄞ ㄍㄨㄛˊ	該國	40
ㄓㄢ ㄇㄨˇ ㄕˋ	詹姆士	40
ㄏㄨㄤˇ ㄏㄨㄚˋ	謊話	40
ㄐㄧㄤˇ ㄏㄠˇ	講好	40
ㄇㄠ ㄊㄡˊ ㄧㄥ	貓頭鷹	40
ㄇㄞˇ ㄏㄨㄟˊ ㄌㄞˊ	買回來	40
ㄈㄟˋ ㄔㄥˊ	費城	40
ㄏㄜˋ ㄦˇ ㄇㄥˊ	賀爾蒙	40
ㄆㄠˇ ㄑㄧˇ	跑起	40
ㄔㄜ ㄔㄨㄤ	車窗	40
ㄑㄧㄥ ㄕˋ	輕視	40
ㄋㄨㄥˊ ㄍㄥ	農耕	40
ㄊㄧㄠˊ ㄊㄧㄠˊ	迢迢	40
ㄙㄨˋ ㄔㄥˊ	速成	40
ㄐㄧㄣˋ ㄓㄤˋ	進帳	40
ㄍㄨㄛˋ ㄉㄨㄥˋ ㄦˊ	過動兒	40
ㄑㄧㄢ ㄖㄨˋ	遷入	40
ㄒㄩㄢˇ ㄐㄧˊ	選輯	40
ㄑㄧㄡ ㄧˋ	邱毅	40
ㄐㄧㄡˇ ㄗㄨㄟˋ	酒醉	40
ㄏㄢ	酣	40
ㄐㄧㄣ ㄐㄧㄚˋ	金價	40
ㄐㄩˋ ㄜˊ	鉅額	40
ㄧㄣˊ ㄏㄤˊ ㄐㄧㄚ	銀行家	40
ㄔㄤˊ ㄆㄠˇ	長跑	40
ㄑㄩㄝ ㄖㄨˊ	闕如	40
ㄍㄨㄢ ㄓㄨㄥ	關中	40
ㄍㄨㄢ ㄑㄧˇ	關起	40
ㄧㄚˇ ㄉㄧㄢˇ	雅典	40
ㄕㄨㄤ ㄕˊ	雙十	40
ㄇㄧㄢˋ ㄌㄧㄣˊ ㄉㄠˋ	面臨到	40
ㄩㄣˋ ㄨㄟˋ	韻味	40
ㄒㄧㄤˋ ㄌㄧㄢˋ	項鍊	40
ㄩˋ ㄕㄣˇ	預審	40
ㄊㄡˊ ㄗ˙	頭子	40
ㄩㄢˋ ㄅㄨˊ ㄩㄢˋ ㄧˋ	願不願意	40
ㄐㄩˋ	颶	40
ㄈㄟ ㄧㄤˊ	飛揚	40
ㄕˊ ㄓˇ	食指	40
ㄈㄢˋ ㄏㄡˋ	飯後	40
ㄒㄧㄤ ㄏㄨㄛˇ	香火	40
ㄇㄚˇ ㄌㄨㄥˊ	馬龍	40
ㄊㄧˇ ㄧㄢˋ ㄉㄠˋ	體驗到	40
ㄍㄠ ㄒㄧㄚˋ	高下	40
ㄍㄠ ㄦˋ	高二	40
ㄍㄠ ㄏㄢˇ	高喊	40
ㄍㄠ ㄕㄨㄟˇ ㄓㄨㄣˇ	高水準	40
ㄒㄧㄢ ㄇㄟˇ	鮮美	40
ㄏㄟ ㄨㄟˇ ㄩˊ	黑鮪魚	40
ㄢˋ ㄖㄢˊ	黯然	40
ㄍㄨˇ ㄕㄥ	鼓聲	40
ㄅㄧˊ ㄎㄨㄥˇ	鼻孔	40
ㄧ ㄈㄨˋ	一副	39
ㄧˊ ㄈㄨˋ	一副	39
ㄧ ㄈㄥ ㄒㄧㄣˋ	一封信	39
ㄧˋ ㄈㄥ ㄒㄧㄣˋ	一封信	39
ㄧ ㄕˊ ㄓ ㄐㄧㄢ	一時之間	39
ㄧˋ ㄕˊ ㄓ ㄐㄧㄢ	一時之間	39
ㄧ ㄇㄧㄠˇ	一秒	39
ㄧˋ ㄇㄧㄠˇ	一秒	39
ㄧ ㄌㄨˋ ㄕㄤˋ	一路上	39
ㄧˊ ㄌㄨˋ ㄕㄤˋ	一路上	39
ㄒㄧㄚˋ ㄉㄢ	下單	39
ㄅㄨˊ ㄦˋ	不二	39
ㄅㄨˊ ㄒㄧㄝˋ	不懈	39
ㄅㄨˋ ㄒㄧㄚˊ	不暇	39
ㄉㄧㄡ ㄐㄧㄣˋ	丟進	39
ㄅㄧㄥˋ ㄧㄠˋ	並要	39
ㄅㄧㄥˋ ㄌㄨㄣˋ	並論	39
ㄓㄨㄥ ㄕㄢ ㄑㄧㄠˊ	中山橋	39
ㄓㄨㄥ ㄐㄧˊ	中級	39
ㄓㄨˇ ㄨㄣˊ	主文	39
ㄧㄝˇ ㄑㄩˋ	也去	39
ㄨˇ ㄌㄡˊ	五樓	39
ㄧㄚˇ ㄖㄜˋ ㄉㄞˋ	亞熱帶	39
ㄖㄣˊ ㄕˊ	人時	39
ㄖㄣˊ ㄈㄢˋ	人犯	39
ㄉㄞˋ ㄇㄧㄥˊ	代名	39
ㄧˇ ㄏㄡˋ ㄗㄞˋ	以後再	39
ㄧ ㄊㄥˊ	伊藤	39
ㄅㄛˊ ㄐㄩㄝˊ	伯爵	39
ㄅㄢˋ ㄙㄨㄟˊ ㄓㄜ˙	伴隨著	39
ㄗㄨㄛˋ ㄎㄜˋ	作客	39
ㄏㄡˊ ㄒㄧㄠˋ ㄒㄧㄢˊ	侯孝賢	39
ㄉㄠˇ ㄊㄚ	倒塌	39
ㄌㄨㄣˊ ㄈㄟ	倫飛	39
ㄐㄧㄢˋ ㄇㄟˇ	健美	39
ㄅㄟˋ ㄒㄩㄣˊ	備詢	39
ㄑㄧㄠˊ ㄇㄧㄣˊ	僑民	39
ㄐㄧㄤ ㄔˊ	僵持	39
ㄒㄧㄢ ㄐㄧㄤ	先將	39
ㄎㄜˋ ㄌㄧˋ ㄙ ㄊㄧㄥ	克莉絲汀	39
ㄇㄧㄢˇ ㄧˋ ㄌㄧˋ	免疫力	39
ㄅㄧㄥ ㄑㄧˋ	兵器	39
ㄖㄨㄥˇ ㄔㄤˊ	冗長	39
ㄈㄨˋ ㄅㄨˋ ㄓㄤˇ	副部長	39
ㄔㄨㄤˋ ㄓˋ	創制	39
ㄔㄢˇ	剷	39
ㄕㄥˋ ㄩˊ	勝於	39
ㄒㄩㄥ ㄋㄨˊ	匈奴	39
ㄅㄟˇ ㄧ ㄋㄩˇ	北一女	39
ㄕˊ ㄨˇ ㄖㄣˊ	十五人	39
ㄕˊ ㄅㄚ ㄍㄜˋ	十八個	39
ㄕˊ ㄅㄚ ㄍㄜ˙	十八個	39
ㄧㄣˋ ㄉㄧˋ ㄢ	印第安	39
ㄒㄩˋ	卹	39
ㄑㄩㄝˋ ㄅㄨˊ ㄕˋ	卻不是	39
ㄩㄢˊ ㄕˇ ㄉㄜ˙	原始的	39
ㄈㄢˇ ㄆㄢˋ	反叛	39
ㄕㄡˋ ㄩㄥˋ	受用	39
ㄆㄢˋ ㄐㄩㄣ	叛軍	39
ㄘㄨㄥˊ ㄎㄢ	叢刊	39
ㄎㄡˇ ㄉㄞˋ ㄌㄧˇ	口袋裡	39
ㄎㄡˇ ㄒㄧㄤ ㄊㄤˊ	口香糖	39
ㄉㄧㄥ ㄉㄤ	叮噹	39
ㄎㄜˇ ㄑㄧㄣ	可親	39
ㄕˇ ㄉㄚˊ ㄌㄧㄣˊ	史達林	39
ㄧㄡˋ ㄕㄤˋ	右上	39
ㄔ ㄒㄧㄚˋ ㄑㄩˋ	吃下去	39
ㄊㄨㄥˊ ㄑㄩ	同區	39
ㄇㄧㄥˊ ㄓㄨˋ	名著	39
ㄒㄧㄤˋ ㄉㄨˋ	向度	39
ㄗ	咨	39
ㄞ ㄕㄤ	哀傷	39
ㄔㄤˋ ㄑㄧㄤ	唱腔	39
ㄏㄢˇ ㄏㄨㄚˋ	喊話	39
ㄏㄜ ㄨㄢˊ	喝完	39
ㄩˋ ㄨㄟˊ	喻為	39
ㄐㄧㄚ ㄅㄧㄣ	嘉賓	39
ㄨˇ	嘸	39
ㄨˊ	嘸	39
ㄧㄢˊ ㄐㄧㄣˇ ㄉㄜ˙	嚴謹的	39
ㄙˋ ㄉㄨㄢˋ	四段	39
ㄏㄨㄟˊ ㄒㄧㄤˇ ㄑㄧˇ	回想起	39
ㄍㄨㄛˊ ㄐㄧˋ ㄇㄧㄣˊ ㄏㄤˊ ㄗㄨˇ ㄓ	國際民航組織	39
ㄩㄢˊ ㄌㄧㄣˊ	園林	39
ㄩㄢˊ ㄇㄧㄥˊ ㄩㄢˊ	圓明園	39
ㄉㄧˋ ㄐㄧ	地基	39
ㄧㄣˊ	垠	39
ㄅㄠˇ ㄌㄟˇ	堡壘	39
ㄅㄠˋ ㄉㄢ	報單	39
ㄅㄠˋ ㄕㄨㄟˋ	報稅	39
ㄊㄨˊ ㄕㄤˋ	塗上	39
ㄙㄞ ㄇㄢˇ	塞滿	39
ㄨㄞˋ ㄐㄧㄥˇ	外景	39
ㄉㄚˋ ㄋㄟˋ	大內	39
ㄉㄚˋ ㄉㄨㄥˋ	大動	39
ㄉㄚˋ ㄗˋ ㄅㄠˋ	大字報	39
ㄉㄚˋ ㄢ ㄑㄩ	大安區	39
ㄉㄚˋ ㄑㄩㄢˊ	大權	39
ㄉㄚˋ ㄕㄣˊ	大神	39
ㄉㄚˋ ㄌㄨˋ	大路	39
ㄑㄧˊ ㄖㄣˊ	奇人	39
ㄏㄠˇ ㄅㄚˇ	好把	39
ㄏㄠˇ ㄅㄤˋ	好棒	39
ㄖㄨˊ ㄕㄤˋ	如上	39
ㄨㄟˇ ㄩㄢˊ ㄓㄤˇ	委員長	39
ㄓˊ	姪	39
ㄘㄨㄣˊ ㄒㄧㄚˋ ㄌㄞˊ	存下來	39
ㄘㄨㄣˊ ㄉㄧˇ	存底	39
ㄒㄩㄝˊ ㄈㄨˇ	學府	39
ㄒㄩㄝˊ ㄕㄜˋ	學社	39
ㄢ ㄌㄜˋ ㄙˇ	安樂死	39
ㄐㄧㄚ ㄕㄤ	家商	39
ㄒㄧㄝˇ ㄖㄨˋ	寫入	39
ㄒㄧㄝˇ ㄍㄠˇ	寫稿	39
ㄗㄨㄛˇ ㄧˋ	左翼	39
ㄔㄤˊ ㄅㄟˋ	常備	39
ㄔㄤˊ ㄎㄜˋ	常客	39
ㄧㄥˇ ㄐㄩˋ	影劇	39
ㄅㄧˇ ㄢˋ	彼岸	39
ㄏㄡˋ ㄅㄟˋ	後背	39
ㄏㄡˋ ㄍㄣ	後跟	39
ㄏㄡˋ ㄓㄨㄢˇ	後轉	39
ㄏㄡˋ ㄊㄨㄟˋ	後退	39
ㄉㄜˊ ㄆㄧㄠˋ ㄌㄩˋ	得票率	39
ㄈㄨˋ ㄍㄨㄥ	復工	39
ㄗㄜˇ ㄇㄛ˙ ㄏㄨㄟˊ ㄕˋ	怎麼回事	39
ㄗㄜˇ ㄇㄜ˙ ㄏㄨㄟˊ ㄕˋ	怎麼回事	39
ㄗㄣˇ ㄇㄛ˙ ㄏㄨㄟˊ ㄕˋ	怎麼回事	39
ㄗㄣˇ ㄇㄜ˙ ㄏㄨㄟˊ ㄕˋ	怎麼回事	39
ㄒㄧㄥˋ ㄐㄧㄠ ㄧˋ	性交易	39
ㄏㄨㄤˇ ㄏㄨ	恍惚	39
ㄏㄨㄤˇ ㄖㄢˊ ㄉㄚˋ ㄨˋ	恍然大悟	39
ㄣ ㄩㄢˋ	恩怨	39
ㄋㄧㄣˊ ㄏㄠˇ	您好	39
ㄒㄧㄤˇ ㄏㄠˇ	想好	39
ㄏㄨㄤˊ ㄎㄨㄥˇ	惶恐	39
ㄧˋ ㄓˇ	意旨	39
ㄧˋ ㄑㄧˋ	意氣	39
ㄞˋ ㄩㄢˊ	愛媛	39
ㄞˋ ㄩㄢˊ ㄒㄧㄢˋ	愛媛縣	39
ㄞˋ ㄓ	愛知	39
ㄞˋ ㄓ ㄒㄧㄢˋ	愛知縣	39
ㄏㄨㄞˊ ㄓㄨㄥ	懷中	39
ㄐㄩˋ ㄆㄚˋ	懼怕	39
ㄔㄥˊ ㄒㄧㄤˋ	成像	39
ㄔㄥˊ ㄍㄨㄥ ㄉㄚˋ ㄒㄩㄝˊ	成功大學	39
ㄔㄥˊ ㄓㄤ	成章	39
ㄉㄚˇ ㄅㄠ	打包	39
ㄊㄡˊ ㄧㄥˇ ㄐㄧ	投影機	39
ㄊㄞˊ ㄍㄠ	抬高	39
ㄉㄧˇ ㄩˋ	抵禦	39
ㄔㄞ ㄐㄧㄝˇ	拆解	39
ㄋㄧㄢˇ	拈	39
ㄋㄧㄢˊ	拈	39
ㄓㄠ ㄓˋ	招致	39
ㄋㄚˊ ㄆㄛˋ ㄌㄨㄣˊ	拿破崙	39
ㄋㄚˊ ㄑㄧˇ ㄌㄞˊ	拿起來	39
ㄆㄞˊ ㄆㄞˊ	排排	39
ㄆㄞˊ ㄒㄧㄝˋ	排泄	39
ㄍㄠˇ ㄑㄧㄥ	搞清	39
ㄉㄚ ㄐㄧㄢˋ	搭建	39
ㄇㄛ ㄉㄠˋ	摸到	39
ㄙ ㄌㄧㄝˋ	撕裂	39
ㄅㄛ ㄔㄨ	撥出	39
ㄉㄢ ㄉㄤ	擔當	39
ㄈㄤˋ ㄕㄨˇ ㄐㄧㄚˋ	放暑假	39
ㄈㄤˋ ㄒㄧㄥˊ	放行	39
ㄕㄨˋ ㄨㄟˋ ㄉㄧㄢˇ ㄘㄤˊ ㄐㄧˋ ㄏㄨㄚˋ	數位典藏計畫	39
ㄕㄨˋ ㄕˊ ㄨㄢˋ	數十萬	39
ㄅㄢ ㄉㄧㄢˇ	斑點	39
ㄒㄧㄣ ㄍㄨㄤ ㄙㄢ ㄩㄝˋ	新光三越	39
ㄉㄨㄢˋ ㄐㄩˋ	斷句	39
ㄉㄨㄢˋ ㄉㄧㄠˋ	斷掉	39
ㄉㄨㄢˋ ㄧㄢˊ	斷言	39
ㄕ ㄉㄚˇ	施打	39
ㄌㄩˇ ㄒㄧㄥˊ ㄊㄨㄢˊ	旅行團	39
ㄖˋ ㄐㄧˊ	日籍	39
ㄗㄠˇ ㄧ ㄉㄧㄢˇ	早一點	39
ㄗㄠˇ ㄧˋ ㄉㄧㄢˇ	早一點	39
ㄏㄢˋ ㄒㄧㄤˋ	旱象	39
ㄏㄨㄣ ㄢˋ	昏暗	39
ㄒㄧㄣ	昕	39
ㄆㄨˇ ㄅㄧㄢˋ ㄒㄧㄥˋ	普遍性	39
ㄆㄨˇ ㄆㄧㄢˋ ㄒㄧㄥˋ	普遍性	39
ㄑㄩˇ ㄉㄧㄠˋ	曲調	39
ㄕㄨ ㄉㄞ ㄗ˙	書呆子	39
ㄗㄨㄟˋ ㄖㄤˋ	最讓	39
ㄧㄡˇ ㄕㄣ	有身	39
ㄇㄨˋ ㄒㄧㄥ	木星	39
ㄨㄟˋ ㄔㄤˊ	未嘗	39
ㄍㄨㄛˇ ㄗ˙	果子	39
ㄍㄨㄟˋ ㄌㄧㄣˊ	桂林	39
ㄓˊ ㄨˋ ㄖㄣˊ	植物人	39
ㄅㄧㄠ ㄇㄧㄥˊ	標明	39
ㄐㄧ ㄊㄧˇ	機體	39
ㄏㄥˊ ㄒㄧㄤˋ	橫向	39
ㄌㄧˋ ㄘˋ	歷次	39
ㄘㄢˊ ㄆㄛˋ	殘破	39
ㄅㄧㄣˋ ㄧˊ	殯儀	39
ㄅㄧㄣˋ ㄧˊ ㄍㄨㄢˇ	殯儀館	39
ㄕㄚ ㄕㄤ ㄌㄧˋ	殺傷力	39
ㄕㄨㄟˇ ㄉㄠˋ	水稻	39
ㄑㄧㄡˊ ㄓㄣˇ	求診	39
ㄔㄣˊ ㄙ	沈思	39
ㄇㄟˊ ㄍㄨㄛˋ	沒過	39
ㄏㄜˊ ㄕㄤˋ	河上	39
ㄧㄡˊ ㄑㄧ	油漆	39
ㄓˋ ㄅㄣˇ	治本	39
ㄑㄩㄢˊ ㄩㄢˊ	泉源	39
ㄏㄨㄛˊ ㄌㄜ˙	活了	39
ㄏㄞˇ ㄒㄧㄝˊ ㄏㄨㄟˋ	海協會	39
ㄏㄞˇ ㄒㄩㄣˊ ㄕㄨˇ	海巡署	39
ㄒㄧㄠ ㄇㄧˇ	消弭	39
ㄒㄧㄠ ㄈㄤˊ ㄖㄣˊ ㄩㄢˊ	消防人員	39
ㄌㄧㄤˊ ㄕㄨㄤˇ	涼爽	39
ㄌㄧㄣˊ ㄌㄧㄣˊ	淋淋	39
ㄉㄢˋ ㄐㄧˋ	淡季	39
ㄐㄧㄥˋ ㄕㄨㄟˇ	淨水	39
ㄐㄧㄢˇ ㄌㄧㄤˋ	減量	39
ㄧㄢ	湮	39
ㄧㄣ	湮	39
ㄇㄢˇ ㄒㄧㄣ	滿心	39
ㄆㄧㄠˇ ㄅㄞˊ	漂白	39
ㄒㄩㄢˊ	漩	39
ㄒㄩㄢˋ	漩	39
ㄉㄧㄢˋ ㄈㄣˇ	澱粉	39
ㄋㄨㄥˊ ㄇㄧˋ	濃密	39
ㄨㄟˋ ㄓㄜ˙	為著	39
ㄨˊ ㄞˋ	無礙	39
ㄌㄧㄢˋ ㄧㄡˊ	煉油	39
ㄓㄠˋ ㄌㄧˋ	照例	39
ㄓㄨˇ ㄕㄡˊ	煮熟	39
ㄖㄜˋ ㄑㄧㄝˋ	熱切	39
ㄊㄤˋ ㄕㄤ	燙傷	39
ㄅㄠˋ ㄓㄚˋ ㄢˋ	爆炸案	39
ㄒㄧㄚˊ ㄔㄤˊ	狹長	39
ㄅㄛ ㄌㄧˊ ㄔㄨㄤ	玻璃窗	39
ㄒㄧㄢˋ ㄕㄣ ㄕㄨㄛ ㄈㄚˇ	現身說法	39
ㄇㄚˇ ㄌㄧˋ ㄧㄚˇ	瑪麗亞	39
ㄘㄨㄟˇ	璀	39
ㄘㄢˋ	璨	39
ㄕㄥ ㄏㄨㄛˊ ㄆㄧㄣˇ ㄓˊ	生活品質	39
ㄕㄥ ㄨˋ ㄉㄨㄛ ㄧㄤˋ ㄒㄧㄥˋ	生物多樣性	39
ㄕㄥ ㄨˋ ㄊㄧˇ	生物體	39
ㄩㄥˋ ㄍㄨㄤ	用光	39
ㄩㄥˋ ㄗˋ	用字	39
ㄏㄨㄚˋ ㄈㄣ	畫分	39
ㄧˋ ㄨㄟˋ	異位	39
ㄧˋ ㄊㄨㄥˊ	異同	39
ㄉㄤ ㄕˋ	當是	39
ㄉㄤ ㄉㄠˋ	當道	39
ㄊㄥˊ ㄞˋ	疼愛	39
ㄅㄧㄥˋ ㄈㄚ	病發	39
ㄈㄚ ㄧㄤˊ ㄍㄨㄤ ㄉㄚˋ	發揚光大	39
ㄅㄞˇ ㄙㄨㄟˋ	百歲	39
ㄆㄧˊ ㄈㄨ ㄎㄜ	皮膚科	39
ㄓㄡˋ ㄨㄣˊ	皺紋	39
ㄐㄧㄣˋ ㄖㄢˊ	盡然	39
ㄎㄢˋ ㄧˊ ㄎㄢˋ	看一看	39
ㄎㄢ ㄖㄣˊ	看人	39
ㄎㄢˋ ㄖㄣˊ	看人	39
ㄎㄢˋ ㄒㄧˋ	看戲	39
ㄓㄣ ㄕˊ ㄒㄧㄥˋ	真實性	39
ㄧㄢˇ ㄎㄜ	眼科	39
ㄕㄨㄟˋ ㄇㄥˋ	睡夢	39
ㄓ ㄒㄧ	知悉	39
ㄆㄛˋ ㄇㄧㄝˋ	破滅	39
ㄎㄨㄤˋ ㄑㄩㄢˊ ㄕㄨㄟˇ	礦泉水	39
ㄏㄨㄛˋ ㄕㄡˇ	禍首	39
ㄌㄧˇ ㄐㄧˋ	禮記	39
ㄙ ㄒㄧㄣ	私心	39
ㄎㄜ ㄧㄢˊ	科研	39
ㄑㄧㄣˊ ㄍㄨㄛˊ	秦國	39
ㄔㄥˊ ㄒㄩˋ ㄕㄤˋ	程序上	39
ㄐㄧˋ	稷	39
ㄐㄧ ㄇㄨˋ	積木	39
ㄎㄨㄥ ㄕㄡˇ	空手	39
ㄊㄨˊ ㄒㄧㄢˇ ㄔㄨ	突顯出	39
ㄅㄧˇ ㄌㄨˋ	筆錄	39
ㄉㄚˊ ㄉㄨㄟˋ	答對	39
ㄅㄛˊ	箔	39
ㄍㄨㄢˇ ㄗˇ	管子	39
ㄍㄨㄢˇ ㄗ˙	管子	39
ㄑㄧㄢ ㄕ	籤詩	39
ㄇㄧˇ ㄐㄧㄚˋ	米價	39
ㄇㄧˇ ㄌㄢˊ	米蘭	39
ㄈㄣˇ ㄉㄧˇ	粉底	39
ㄘㄨ ㄒㄧㄣ	粗心	39
ㄍㄨㄛˇ	粿	39
ㄩㄣˊ	紜	39
ㄐㄧㄝˊ ㄕˋ	結識	39
ㄓㄢˋ ㄈㄤˋ	綻放	39
ㄇㄧㄢˊ ㄇㄧˋ	綿密	39
ㄅㄧㄢ ㄘㄞˇ	編採	39
ㄅㄧㄢ ㄗㄨㄢˇ	編纂	39
ㄗㄨㄥˇ ㄉㄨㄥˋ ㄩㄢˊ	總動員	39
ㄅㄚˋ ㄇㄧㄢˇ	罷免	39
ㄇㄟˇ ㄕㄨˋ ㄕˇ	美術史	39
ㄈㄢ ㄔㄨ	翻出	39
ㄌㄠˇ ㄧㄡˇ	老友	39
ㄌㄠˇ ㄆㄞˊ	老牌	39
ㄌㄠˇ ㄩㄢˇ	老遠	39
ㄕㄥˋ ㄧㄥ	聖嬰	39
ㄓˊ ㄓㄤˇ	職掌	39
ㄩˋ ㄧㄡˋ	育幼	39
ㄐㄧㄥˋ	脛	39
ㄆㄨˊ	脯	39
ㄈㄨˇ	脯	39
ㄈㄨˋ ㄉㄧˋ	腹地	39
ㄉㄢˇ ㄗ˙	膽子	39
ㄗˋ ㄨㄟˊ	自為	39
ㄗˋ ㄈㄚ ㄒㄧㄥˋ	自發性	39
ㄗˋ ㄍㄠ	自高	39
ㄓˋ ㄕㄢˋ	至善	39
ㄓˋ ㄐㄧㄥˋ	致敬	39
ㄨˇ ㄅㄨˋ	舞步	39
ㄐㄧㄢˋ ㄉㄨㄟˋ	艦隊	39
ㄎㄨˇ ㄒㄧㄠˋ	苦笑	39
ㄘㄠˇ ㄍㄠˇ	草稿	39
ㄅㄟˋ	蓓	39
ㄎㄜ ㄗˇ	蚵仔	39
ㄎㄜ ㄗㄞˇ	蚵仔	39
ㄒㄧ ㄧˋ	蜥蜴	39
ㄒㄧㄚ ㄇㄧˇ	蝦米	39
ㄍㄨˇ	蠱	39
ㄇㄢˊ ㄉㄨㄛ ㄉㄜ˙	蠻多的	39
ㄒㄧㄥˊ ㄓㄥˋ ㄐㄧ ㄍㄨㄢ	行政機關	39
ㄏㄤˊ ㄏㄨㄟˋ	行會	39
ㄒㄧㄥˊ ㄐㄧㄢˇ	行檢	39
ㄨㄟˋ ㄕˋ	衛視	39
ㄔㄨㄥ ㄕㄤˋ	衝上	39
ㄔㄨㄥ ㄈㄥ	衝鋒	39
ㄕㄨㄞ ㄌㄠˇ	衰老	39
ㄕˋ ㄨㄤˇ ㄇㄛˊ	視網膜	39
ㄕˋ ㄨㄤˇ ㄇㄛˋ	視網膜	39
ㄕˋ ㄓㄤˋ ㄕㄥ	視障生	39
ㄧㄢˊ ㄐㄧㄠˋ	言教	39
ㄉㄧㄥˋ ㄏㄨㄛˋ	訂貨	39
ㄒㄩㄣˋ ㄉㄠˇ ㄔㄨˋ	訓導處	39
ㄓㄠˋ	詔	39
ㄕˋ ㄧㄢˊ	誓言	39
ㄧㄡˋ ㄈㄚ	誘發	39
ㄊㄧㄠˊ ㄆㄧˊ	調皮	39
ㄌㄨㄣˋ ㄓㄥˋ	論證	39
ㄋㄨㄛˋ ㄧㄢˊ	諾言	39
ㄐㄧㄥˇ ㄅㄟˋ	警備	39
ㄆㄧㄣˊ ㄇㄧㄣˊ	貧民	39
ㄍㄡˋ ㄇㄞˇ ㄌㄧˋ	購買力	39
ㄗㄡˇ ㄔㄨ ㄑㄩˋ	走出去	39
ㄩㄝˋ ㄓㄢˋ	越戰	39
ㄍㄢˇ ㄎㄨㄞˋ ㄑㄩˋ	趕快去	39
ㄆㄠˇ ㄑㄧˇ ㄌㄞˊ	跑起來	39
ㄓㄨㄢˇ ㄊㄡˊ	轉頭	39
ㄋㄨㄥˊ ㄕㄜˋ	農舍	39
ㄓㄨˊ ㄔㄨ	逐出	39
ㄓㄜˋ ㄅㄨˋ ㄕㄨ	這部書	39
ㄓㄜˋ ㄓㄣˋ ㄗ˙	這陣子	39
ㄗㄠˋ ㄈㄢˇ	造反	39
ㄐㄧㄣˋ ㄕˋ	進士	39
ㄐㄧㄣˋ ㄏㄨㄛˋ	進貨	39
ㄅㄧㄢˋ ㄅㄨˋ	遍佈	39
ㄨㄟˊ ㄩㄝ ㄐㄧㄣ	違約金	39
ㄕˋ ㄓ	適之	39
ㄓㄜ ㄓㄨˋ	遮住	39
ㄏㄨㄢˊ ㄐㄧㄚˋ	還價	39
ㄅㄨˋ ㄒㄧㄚˋ	部下	39
ㄆㄟˋ ㄉㄞˋ	配戴	39
ㄐㄧㄣ ㄕㄨㄟˇ	金水	39
ㄐㄧㄣ ㄈㄚˇ	金髮	39
ㄆㄨ ㄔㄣˊ	鋪陳	39
ㄘㄨㄛˋ ㄌㄨㄢˋ	錯亂	39
ㄎㄞ ㄐㄧㄤˇ	開講	39
ㄌㄢˊ	闌	39
ㄈㄤˊ ㄒㄧㄢˋ	防線	39
ㄐㄧㄤˋ ㄩˇ ㄌㄧㄤˋ	降雨量	39
ㄔㄨˊ ㄗㄨㄟˋ	除罪	39
ㄐㄧˋ ㄩˋ	際遇	39
ㄋㄢˊ ㄧˇ ㄓˋ ㄒㄧㄣˋ	難以置信	39
ㄒㄩㄝˇ ㄅㄚˋ	雪霸	39
ㄌㄧㄥˊ ㄕˊ	零時	39
ㄉㄧㄢˋ ㄔㄨㄢˊ	電傳	39
ㄉㄧㄢˋ ㄏㄨㄚˋ ㄎㄚˇ	電話卡	39
ㄐㄧㄥˋ ㄓˇ	靜止	39
ㄧㄣ ㄓˊ	音質	39
ㄊㄡˊ ㄌㄨˊ	頭顱	39
ㄈㄥ ㄧㄚˇ	風雅	39
ㄈㄟ ㄏㄨㄟˊ	飛回	39
ㄕˊ ㄙㄨˋ	食宿	39
ㄕㄡˇ ㄉㄤ	首當	39
ㄒㄧㄤ ㄧㄢ	香菸	39
ㄊㄧˇ ㄍㄜˊ	體格	39
ㄊㄧˇ ㄧㄠˋ	體要	39
ㄍㄠ ㄒㄧㄥˊ ㄐㄧㄢˋ	高行健	39
ㄍㄠ ㄔㄠ	高超	39
ㄉㄡˋ ㄕˋ	鬥士	39
ㄌㄧˇ ㄩˊ	鯉魚	39
ㄇㄞˋ ㄎㄜˇ	麥可	39
ㄧㄡˇ	黝	39
ㄉㄤˇ ㄨˋ	黨務	39
ㄧ ㄔㄨㄢˋ	一串	38
ㄧˊ ㄔㄨㄢˋ	一串	38
ㄧ ㄖㄣˋ	一任	38
ㄧˊ ㄖㄣˋ	一任	38
ㄧ ㄨㄣˋ	一問	38
ㄧˊ ㄨㄣˋ	一問	38
ㄙㄢ ㄈㄣ ㄑㄧㄡˊ	三分球	38
ㄙㄢ ㄅㄢ	三班	38
ㄙㄢ ㄓㄤ	三章	38
ㄕㄤˋ ㄨㄣˊ	上文	38
ㄕㄤˋ ㄗˋ	上自	38
ㄅㄨˊ ㄧˋ	不亦	38
ㄅㄨˊ ㄉㄧㄥˋ ㄑㄧˊ	不定期	38
ㄅㄨˋ ㄒㄧㄤ ㄖㄨㄥˊ	不相容	38
ㄅㄨˋ ㄓ ㄙㄨㄛˇ ㄘㄨㄛˋ	不知所措	38
ㄅㄨˋ ㄕㄨ	不輸	38
ㄓㄨㄥ ㄕㄤˋ	中上	38
ㄓㄨㄥ ㄓㄥˋ ㄐㄧˋ ㄋㄧㄢˋ	中正紀念	38
ㄓㄨㄥ ㄓㄥˋ ㄐㄧˋ ㄋㄧㄢˋ ㄊㄤˊ	中正紀念堂	38
ㄓㄨㄥˋ ㄎㄣˇ	中肯	38
ㄓㄨㄥ ㄧ ㄕ	中醫師	38
ㄓㄨˇ ㄔㄨˊ	主廚	38
ㄔㄥˊ ㄌㄧㄤˊ	乘涼	38
ㄐㄧㄡˇ ㄨㄟˋ	九位	38
ㄐㄧㄡˇ ㄌㄧㄥˊ ㄋㄧㄢˊ ㄉㄞˋ	九零年代	38
ㄕˋ ㄊㄞˋ	事態	38
ㄦˋ ㄕˋ	二世	38
ㄦˋ ㄅㄢ	二班	38
ㄏㄨˋ ㄒㄧㄣˋ	互信	38
ㄨˇ ㄅㄞˇ ㄩㄢˊ	五百元	38
ㄐㄧㄠ ㄕㄡˇ	交手	38
ㄉㄧ ㄉㄠˋ	低到	38
ㄉㄧ ㄉㄧㄢˇ	低點	38
ㄗㄨㄛˇ ㄓㄥˋ	佐證	38
ㄏㄜˊ ㄉㄧˋ	何地	38
ㄈㄛˊ ㄒㄧㄤˋ	佛像	38
ㄈㄛˊ ㄒㄩㄝˊ	佛學	38
ㄗㄨㄛˋ ㄉㄠˋ	作到	38
ㄗㄨㄛˋ ㄇㄥˋ	作夢	38
ㄗㄨㄛˋ ㄓㄥˋ	作證	38
ㄐㄧㄠˇ	佼	38
ㄅㄠˇ ㄉㄧㄠˋ	保釣	38
ㄅㄠˇ ㄒㄧㄢˇ ㄈㄟˋ	保險費	38
ㄅㄠˇ ㄧㄤˇ ㄆㄧㄣˇ	保養品	38
ㄐㄧㄚˇ ㄒㄧㄤˋ	假象	38
ㄊㄡ ㄍㄨㄥ	偷工	38
ㄔㄨㄢˊ ㄕㄣˊ	傳神	38
ㄑㄧㄠˊ ㄅㄠ	僑胞	38
ㄩㄢˊ ㄑㄧˋ	元氣	38
ㄎㄜˋ ㄓˋ	克制	38
ㄋㄟˋ ㄘㄜˋ	內側	38
ㄋㄟˋ ㄌㄧㄢˋ	內斂	38
ㄋㄟˋ ㄇㄚˇ	內碼	38
ㄌㄧㄤˇ ㄉㄨㄢ	兩端	38
ㄅㄚ ㄕˊ ㄙˋ ㄒㄩㄝˊ ㄋㄧㄢˊ ㄉㄨˋ	八十四學年度	38
ㄅㄚ ㄑㄧㄢ ㄉㄨㄛ	八千多	38
ㄍㄨㄥˋ ㄈㄟˇ	共匪	38
ㄗㄞˋ ㄏㄨㄟˊ ㄌㄞˊ	再回來	38
ㄗㄞˋ ㄒㄧㄤˇ	再想	38
ㄗㄞˋ ㄐㄧㄝ	再接	38
ㄔㄨ ㄍㄨㄢ	出關	38
ㄅㄧㄝˊ ㄑㄩˋ	別去	38
ㄅㄧㄝˊ ㄎㄞ	別開	38
ㄎㄜˋ ㄅㄨˋ ㄖㄨㄥˊ ㄏㄨㄢˇ	刻不容緩	38
ㄍㄤ ㄑㄩˋ	剛去	38
ㄍㄤ ㄏㄠˇ ㄗㄞˋ	剛好在	38
ㄏㄨㄚˋ ㄧ	劃一	38
ㄏㄨㄚˋ ㄔㄥˊ	劃成	38
ㄌㄧˋ ㄕˋ	力士	38
ㄐㄧㄚ ㄔㄥˊ	加成	38
ㄐㄧㄚ ㄔˊ	加持	38
ㄓㄨˋ ㄓㄣˋ	助陣	38
ㄇㄨˋ ㄅㄧㄥ	募兵	38
ㄅㄠ ㄌㄨㄛˊ	包羅	38
ㄋㄢˊ ㄏㄥˊ	南橫	38
ㄕㄡˋ ㄗㄞ	受災	38
ㄐㄩˋ ㄈㄚˇ	句法	38
ㄓˇ ㄧㄣ	只因	38
ㄊㄞˊ ㄅㄟˇ ㄒㄧㄢˋ ㄓㄥˋ ㄈㄨˇ	台北縣政府	38
ㄔ ㄉㄠˋ ㄅㄠˇ	吃到飽	38
ㄏㄜˊ ㄨㄟˊ	合為	38
ㄧㄣˊ ㄩㄥˇ	吟詠	38
ㄏㄢˊ ㄒㄩˋ	含蓄	38
ㄍㄠˋ ㄐㄧㄝˋ	告誡	38
ㄏㄜˊ ㄕㄨˋ	和數	38
ㄒㄧˇ ㄏㄨㄢ ㄕㄤˋ	喜歡上	38
ㄏㄜ ㄉㄠˋ	喝到	38
ㄇㄧㄠ	喵	38
ㄧㄢˊ ㄐㄩㄣˋ	嚴峻	38
ㄑㄩㄢ ㄋㄟˋ	圈內	38
ㄍㄨㄛˊ ㄐㄧˋ ㄅㄧㄠ	國際標	38
ㄊㄨˇ ㄈㄟˇ	土匪	38
ㄗㄞˋ ㄒㄧㄣ ㄉㄜ˙	在新的	38
ㄗㄞˋ ㄓㄠ	在朝	38
ㄗㄞˋ ㄔㄠˊ	在朝	38
ㄉㄧˋ ㄎㄜˊ	地殼	38
ㄉㄧˋ ㄑㄧㄡˊ ㄘㄨㄣ	地球村	38
ㄐㄧ ㄘㄥˊ ㄉㄜ˙	基層的	38
ㄐㄧ ㄅㄨˋ	基部	38
ㄉㄨㄟ ㄇㄢˇ	堆滿	38
ㄎㄨㄞˋ ㄎㄨㄞˋ	塊塊	38
ㄙㄨˋ ㄏㄨㄚˋ ㄐㄧˋ	塑化劑	38
ㄇㄛˋ ㄕㄨㄟˇ	墨水	38
ㄏㄨㄞˋ ㄙˇ	壞死	38
ㄨㄞˋ ㄌㄧˋ	外力	38
ㄉㄨㄛ ㄏㄨㄟˋ	多會	38
ㄉㄨㄛˊ ㄏㄨㄟˋ	多會	38
ㄉㄚˋ ㄎㄚˇ	大卡	38
ㄉㄚˋ ㄩㄢˊ	大圓	38
ㄉㄚˋ ㄅㄨˇ	大埔	38
ㄉㄚˋ ㄆㄨˇ	大埔	38
ㄉㄚˋ ㄐㄧㄤ	大江	38
ㄉㄚˋ ㄌㄧˇ ㄊㄤˊ	大禮堂	38
ㄊㄧㄢ ㄌㄨㄥˊ	天龍	38
ㄑㄧˊ ㄒㄧㄤˇ	奇想	38
ㄉㄨㄛˊ ㄗㄡˇ	奪走	38
ㄋㄩˇ ㄌㄢˊ	女籃	38
ㄏㄠˇ ㄐㄧˇ ㄅㄞˇ	好幾百	38
ㄐㄧㄚˋ ㄉㄠˋ	嫁到	38
ㄎㄨㄥˇ ㄇㄧㄠˋ	孔廟	38
ㄘㄨㄣˊ ㄈㄟˋ	存廢	38
ㄍㄨ ㄐㄧˊ	孤寂	38
ㄒㄩㄝˊ ㄗㄚˊ ㄈㄟˋ	學雜費	38
ㄢ ㄋㄧˊ	安妮	38
ㄐㄧˋ ㄈㄚ	寄發	38
ㄕˊ ㄍㄢˇ	實感	38
ㄓㄨㄢ ㄧㄡˇ ㄇㄧㄥˊ ㄘˊ	專有名詞	38
ㄉㄨㄟˋ ㄉㄨㄟˋ ㄉㄨㄟˋ	對對對	38
ㄉㄨㄟˋ ㄢˋ ㄉㄜ˙	對岸的	38
ㄉㄨㄟˋ ㄒㄧㄠ	對消	38
ㄉㄠˇ ㄓㄥˋ	導正	38
ㄒㄧㄠˇ ㄑㄩ	小區	38
ㄒㄧㄠˇ ㄎㄤ	小康	38
ㄒㄧㄠˇ ㄇㄧㄣˊ	小民	38
ㄒㄧㄠˇ ㄏㄨㄚ	小花	38
ㄒㄧㄠˇ ㄌㄨˋ	小路	38
ㄋㄧˊ ㄎㄜˋ ㄙㄣ	尼克森	38
ㄨㄟˇ ㄆㄢˊ	尾盤	38
ㄉㄧㄠˇ	屌	38
ㄕㄢ ㄍㄠ	山高	38
ㄉㄠˇ ㄇㄧㄣˊ	島民	38
ㄕˋ ㄐㄧㄥˇ	市井	38
ㄆㄧㄥˊ ㄕㄡˇ	平手	38
ㄋㄧㄢˊ ㄧㄝˋ	年夜	38
ㄒㄧㄥˋ ㄎㄨㄟ	幸虧	38
ㄐㄧˇ ㄊㄞˊ	幾台	38
ㄙ ㄕㄚ	廝殺	38
ㄋㄨㄥˋ ㄏㄠˇ	弄好	38
ㄧㄣˇ ㄔㄨ	引出	38
ㄨㄢ ㄨㄢ	彎彎	38
ㄧㄥˇ ㄊㄢˊ	影壇	38
ㄧㄥˇ ㄆㄧㄢˋ ㄌㄧˇ	影片裡	38
ㄨㄤˇ ㄑㄧㄢˊ ㄗㄡˇ	往前走	38
ㄓㄥ ㄕㄡ	征收	38
ㄏㄣˇ ㄏㄠˇ ㄒㄧㄠˋ	很好笑	38
ㄏㄡˋ ㄈㄤˋ	後放	38
ㄏㄡˋ ㄍㄨˋ	後顧	38
ㄨㄟˊ ㄊㄧㄠˊ	微調	38
ㄒㄧㄣ ㄔㄤˊ	心腸	38
ㄅㄧˋ ㄒㄧㄡ ㄎㄜˋ	必修課	38
ㄅㄧˋ ㄒㄩ ㄆㄧㄣˇ	必需品	38
ㄋㄧㄢˋ ㄨㄢˊ	念完	38
ㄐㄧˊ ㄘㄨˋ	急促	38
ㄒㄧㄥˋ ㄌㄧㄥˊ	性靈	38
ㄕˋ	恃	38
ㄩㄝˋ ㄦˇ	悅耳	38
ㄎㄞˇ	愷	38
ㄗㄥ ㄏㄣˋ	憎恨	38
ㄌㄧㄢˊ ㄇㄧㄣˇ	憐憫	38
ㄇㄥˇ	懵	38
ㄇㄥˊ	懵	38
ㄏㄨㄞˊ ㄧㄡˇ	懷有	38
ㄨˋ	戊	38
ㄨㄛˇ ㄧㄝˇ ㄏㄨㄟˋ	我也會	38
ㄨㄛˇ ㄐㄧㄡˋ ㄕㄨㄛ	我就說	38
ㄓㄢˋ ㄐㄧㄢˋ	戰艦	38
ㄙㄨㄛˇ ㄧˇ ㄋㄥˊ	所以能	38
ㄕㄡˇ ㄉㄧㄢˋ	手電	38
ㄉㄚˇ ㄍㄨㄢ ㄙ	打官司	38
ㄉㄚˇ ㄉㄧㄢˋ ㄉㄨㄥˋ	打電動	38
ㄓㄜ ㄊㄥˊ	折騰	38
ㄓㄜˊ ㄊㄥˊ	折騰	38
ㄅㄚˊ ㄏㄜˊ	拔河	38
ㄋㄨㄛˊ ㄩㄥˋ	挪用	38
ㄎㄨㄥˋ ㄍㄨˇ	控股	38
ㄊㄨㄟ ㄍㄨㄤˇ ㄉㄠˋ	推廣到	38
ㄏㄨㄢˋ ㄍㄨㄛˋ	換過	38
ㄍㄠˇ ㄔㄥˊ	搞成	38
ㄅㄢ ㄗㄡˇ	搬走	38
ㄑㄧㄤˇ ㄉㄨㄛˊ	搶奪	38
ㄑㄧㄤˇ ㄕㄡˇ	搶手	38
ㄓㄞ ㄌㄨˋ	摘錄	38
ㄓ ㄋㄚˋ	支那	38
ㄕㄡ ㄧㄚ	收押	38
ㄍㄞˇ ㄊㄧㄢ	改天	38
ㄇㄧㄣˇ ㄐㄧㄝˊ	敏捷	38
ㄐㄧㄠˋ ㄕ ㄐㄧㄝˊ	教師節	38
ㄨㄣˊ ㄏㄨㄚˊ	文華	38
ㄒㄧㄣ ㄍㄨㄤ ㄖㄣˊ ㄕㄡˋ	新光人壽	38
ㄒㄧㄣ ㄏㄨㄚˋ	新化	38
ㄒㄧㄣ ㄢ	新安	38
ㄒㄧㄣ ㄒㄧㄢ ㄍㄢˇ	新鮮感	38
ㄇㄧㄥˊ ㄓㄨ	明珠	38
ㄧˋ ㄉㄧˋ	易地	38
ㄕˊ ㄓㄨㄤ	時裝	38
ㄧㄡˇ ㄉㄧㄢˇ ㄦ	有點兒	38
ㄧㄡˇ ㄉㄧㄢˇ ㄦˊ	有點兒	38
ㄇㄨˋ ㄓㄚˋ ㄒㄧㄢˋ	木柵線	38
ㄘㄨㄣ ㄌㄧˇ	村裡	38
ㄉㄨˋ ㄐㄩㄢ ㄏㄨㄚ	杜鵑花	38
ㄕㄨˋ ㄕㄡˇ ㄨˊ ㄘㄜˋ	束手無策	38
ㄉㄨㄥ ㄉㄨㄥ	東東	38
ㄉㄨㄥ ㄏㄢˋ	東漢	38
ㄌㄧㄣˊ ㄩˇ ㄊㄤˊ	林語堂	38
ㄒㄧㄠˋ ㄍㄨㄟ	校規	38
ㄍㄣ ㄒㄧㄥˋ	根性	38
ㄅㄤˋ ㄒㄧㄝˊ	棒協	38
ㄑㄧㄣ ㄆㄟˋ	欽佩	38
ㄌㄧˋ ㄐㄧㄡˇ	歷久	38
ㄍㄨㄟ ㄩˊ	歸於	38
ㄕㄚ ㄐㄩㄣˋ	殺菌	38
ㄕˋ ㄗㄨˊ	氏族	38
ㄇㄧㄣˊ ㄓㄨˇ ㄍㄨㄛˊ	民主國	38
ㄑㄧˋ ㄍㄨㄥ	氣功	38
ㄕㄨㄟˇ ㄏㄨㄛˋ	水貨	38
ㄇㄟˊ ㄌㄞˊ	沒來	38
ㄔㄨㄥ ㄕㄨㄚ	沖刷	38
ㄇㄧˋ ㄋㄧㄠˋ	泌尿	38
ㄏㄞˇ ㄉㄠˇ	海島	38
ㄒㄧㄠ ㄌㄜ˙	消了	38
ㄒㄧㄠ ㄈㄤˊ ㄕㄨˇ	消防署	38
ㄕㄣ ㄑㄧㄥˊ	深情	38
ㄇㄧㄠˇ	淼	38
ㄑㄧㄥ ㄊㄧㄥˊ	清廷	38
ㄨㄣ ㄑㄧㄥˊ	溫情	38
ㄏㄨㄚˊ ㄒㄧㄤˊ ㄧˋ	滑翔翼	38
ㄒㄩㄢˊ ㄨㄛ	漩渦	38
ㄓㄤˇ ㄉㄠˋ	漲到	38
ㄍㄨㄢˋ ㄌㄢˊ	灌籃	38
ㄓㄚˋ ㄉㄜ˙	炸的	38
ㄨㄟˊ ㄌㄧˋ	為力	38
ㄏㄢˋ	焊	38
ㄨˊ ㄔㄨˋ	無處	38
ㄨˊ ㄑㄩˋ	無趣	38
ㄖㄜˋ ㄔㄥˊ	熱誠	38
ㄊㄜˋ ㄅㄠˋ	特報	38
ㄊㄜˋ ㄉㄧㄥˋ ㄑㄩ	特定區	38
ㄐㄧㄤˇ ㄔㄥˊ	獎懲	38
ㄩˋ ㄏㄨㄤˊ ㄉㄚˋ ㄉㄧˋ	玉皇大帝	38
ㄨㄤˊ ㄨㄟˊ	王維	38
ㄨㄢˇ	琬	38
ㄋㄢˊ ㄈㄤ	男方	38
ㄌㄧㄡˊ ㄑㄧㄥˊ	留情	38
ㄏㄨㄚˋ ㄈㄚˇ	畫法	38
ㄏㄨㄚˋ ㄆㄧㄢˋ	畫片	38
ㄏㄨㄚˋ ㄈㄥ	畫風	38
ㄉㄤ ㄒㄧㄣ	當心	38
ㄉㄤ ㄊㄡˊ	當頭	38
ㄉㄤ ㄊㄡ˙	當頭	38
ㄕㄨ ㄉㄠˇ	疏導	38
ㄍㄜ ㄉㄚ	疙瘩	38
ㄆㄧˇ ㄗ˙	痞子	38
ㄉㄚ	瘩	38
ㄉㄚˊ	瘩	38
ㄈㄚ ㄩㄢˊ ㄉㄧˋ	發源地	38
ㄅㄞˇ ㄕˊ	百十	38
ㄐㄧㄝ ㄧㄡˇ	皆有	38
ㄆㄧˊ ㄧㄥˇ ㄒㄧˋ	皮影戲	38
ㄆㄣˊ ㄗㄞ	盆栽	38
ㄧㄥˊ ㄌㄧˋ	盈利	38
ㄒㄧㄤ ㄊㄧˊ ㄅㄧㄥˋ ㄌㄨㄣˋ	相提並論	38
ㄓㄣ ㄓㄨˇ	真主	38
ㄓㄣ ㄏㄨㄚˋ	真話	38
ㄧㄢˇ ㄑㄩㄢ	眼圈	38
ㄧㄢˇ ㄏㄨㄚ ㄌㄧㄠˊ ㄌㄨㄢˋ	眼花撩亂	38
ㄉㄨㄢˇ ㄔㄥˊ	短程	38
ㄕˊ ㄧㄥ	石英	38
ㄆㄛˋ ㄙㄨㄣˇ	破損	38
ㄎㄨㄤˋ ㄨˋ	礦物	38
ㄕㄜˋ ㄐㄧㄠˋ ㄍㄨㄢˇ	社教館	38
ㄕㄜˋ ㄏㄨㄟˋ ㄒㄧㄥˋ	社會性	38
ㄕㄜˋ ㄏㄨㄟˋ ㄍㄨㄢ	社會觀	38
ㄎㄜ ㄓㄢˇ	科展	38
ㄗㄨ ㄍㄟˇ	租給	38
ㄓㄨㄥˋ ㄏㄨㄚ	種花	38
ㄎㄨㄥ ㄔㄨㄢˊ	空船	38
ㄎㄨㄥˋ ㄒㄧˋ	空隙	38
ㄨㄚ	窪	38
ㄌㄧˋ ㄑㄧˇ ㄌㄞˊ	立起來	38
ㄐㄧㄥˋ ㄓㄨˊ	競逐	38
ㄐㄧˊ	笈	38
ㄉㄧˋ ㄧ ㄕㄡˇ	第一手	38
ㄉㄧˋ ㄧ ㄐㄧˊ	第一集	38
ㄆㄧㄢ ㄓㄤ	篇章	38
ㄐㄧㄢˇ ㄧㄠˋ	簡要	38
ㄋㄨㄛˋ ㄇㄧˇ	糯米	38
ㄏㄨㄥˊ ㄕㄠ	紅燒	38
ㄒㄧˋ ㄇㄧㄥˊ ㄊㄧˇ	細明體	38
ㄊㄨㄥˇ ㄐㄧˋ ㄒㄩㄝˊ	統計學	38
ㄇㄧㄢˊ ㄧㄤˊ	綿羊	38
ㄐㄧㄣˇ ㄆㄛˋ	緊迫	38
ㄌㄨㄛˊ ㄉㄨㄥ ㄓㄣˋ	羅東鎮	38
ㄇㄟˇ ㄩˇ	美語	38
ㄐㄧㄢˇ	翦	38
ㄌㄠˇ ㄊㄧㄢ ㄧㄝˊ	老天爺	38
ㄎㄠˇ ㄐㄩˋ	考據	38
ㄐㄩˋ ㄘㄢ	聚餐	38
ㄨㄣˊ ㄉㄠˋ	聞道	38
ㄕㄥ ㄙㄜˋ	聲色	38
ㄢ ㄐㄧ	胺基	38
ㄋㄥˊ ㄒㄧㄝˇ	能寫	38
ㄋㄥˊ ㄓ	能知	38
ㄧˋ	臆	38
ㄗˋ ㄍㄜ˙	自個	38
ㄗˋ ㄓˋ ㄑㄩ	自治區	38
ㄔㄡˋ ㄨㄟˋ	臭味	38
ㄨˇ ㄕ	舞獅	38
ㄓˇ	芷	38
ㄏㄨㄚˊ ㄕㄨㄛˋ	華碩	38
ㄨㄢˋ ㄍㄨㄛˊ	萬國	38
ㄔㄨˇ ㄌㄧˇ ㄏㄠˇ	處理好	38
ㄨㄢ	蜿	38
ㄨㄢˇ	蜿	38
ㄧㄚˊ	衙	38
ㄓㄨㄤ ㄔㄨㄢˊ	裝船	38
ㄒㄧ ㄘㄜˋ	西側	38
ㄧㄠˋ ㄉㄧˋ	要地	38
ㄍㄨㄢ ㄓˇ	觀止	38
ㄐㄧㄝˇ ㄩㄝ	解約	38
ㄧㄢˊ ㄘˊ	言詞	38
ㄜˊ	訛	38
ㄕ ㄨㄣˊ ㄐㄧˊ	詩文集	38
ㄍㄞ ㄒㄧㄤˋ	該項	38
ㄨˋ ㄩㄥˋ	誤用	38
ㄉㄧㄠˋ ㄉㄠˋ	調到	38
ㄊㄧㄠˊ ㄎㄨㄥˋ	調控	38
ㄉㄧㄠˋ ㄐㄧㄥˇ ㄌㄧㄥˇ	調景嶺	38
ㄑㄧㄥˇ ㄇㄧㄥˋ	請命	38
ㄐㄧㄤˇ ㄕㄡˋ	講授	38
ㄐㄧㄤˇ ㄆㄧㄥˊ	講評	38
ㄇㄧㄡˋ ㄨˋ	謬誤	38
ㄏㄨˋ ㄏㄤˊ	護航	38
ㄅㄧㄢˋ ㄏㄠˇ	變好	38
ㄍㄨㄟˋ ㄓㄨㄥˋ	貴重	38
ㄌㄨˋ	賂	38
ㄕㄤˇ ㄋㄧㄠˇ	賞鳥	38
ㄇㄞˋ ㄨㄢˊ	賣完	38
ㄗㄡˇ ㄏㄨㄛˇ	走火	38
ㄗㄨˊ ㄐㄧㄢˋ	足見	38
ㄆㄠˇ ㄉㄜ˙	跑得	38
ㄐㄧㄠ	跤	38
ㄐㄩㄣ ㄅㄟˋ	軍備	38
ㄌㄨㄣˊ ㄔㄨㄢˊ	輪船	38
ㄈㄨˊ ㄕㄜˋ ㄨ	輻射屋	38
ㄏㄨㄥ ㄓㄚˋ ㄐㄧ	轟炸機	38
ㄍㄨ ㄓㄣˋ ㄈㄨˇ	辜振甫	38
ㄊㄨㄟˋ ㄏㄨㄛˋ	退貨	38
ㄐㄧㄥˋ ㄒㄧㄥˊ	逕行	38
ㄌㄧㄢˊ ㄔㄥˊ	連成	38
ㄐㄧㄣˋ ㄎㄡˇ ㄕㄤ	進口商	38
ㄩㄣˋ ㄕㄨ ㄨㄤˇ	運輸網	38
ㄍㄨㄛˋ ㄍㄨㄛˋ	過過	38
ㄓㄜ ㄅㄧˋ	遮蔽	38
ㄅㄧˋ ㄈㄥ	避風	38
ㄧㄡˊ ㄔㄞ	郵差	38
ㄉㄨ ㄕˋ ㄏㄨㄚˋ	都市化	38
ㄉㄡ ㄨㄟˋ	都為	38
ㄇㄟˊ	酶	38
ㄧㄝˇ ㄓㄨ	野豬	38
ㄐㄧㄣ ㄋㄧㄡˊ	金牛	38
ㄐㄧㄣ ㄙ	金絲	38
ㄐㄧㄣ ㄓㄨㄥ	金鐘	38
ㄓㄨˋ ㄗㄠˋ	鑄造	38
ㄐㄧㄢˋ ㄅㄧㄝˊ	鑑別	38
ㄒㄧㄢˋ ㄉㄧㄢˋ	限電	38
ㄌㄨˋ ㄎㄜˋ	陸客	38
ㄌㄨㄥˊ ㄑㄧˇ	隆起	38
ㄙㄨㄟˊ ㄊㄨㄥˊ	隨同	38
ㄧㄣˇ ㄒㄧㄥˊ ㄧㄢˇ ㄐㄧㄥˋ	隱形眼鏡	38
ㄩˇ ㄏㄡˋ ㄔㄨㄣ ㄙㄨㄣˇ	雨後春筍	38
ㄉㄧㄢˋ ㄐㄧㄝˇ	電解	38
ㄈㄟ ㄖㄣˊ	非人	38
ㄖㄣˋ ㄒㄧㄥˋ	韌性	38
ㄊㄡˊ ㄊㄥˊ	頭疼	38
ㄊㄡˊ ㄏㄠˋ	頭號	38
ㄐㄩˋ ㄈㄥ	颶風	38
ㄈㄟ ㄔㄜ	飛車	38
ㄈㄟ ㄩˊ	飛魚	38
ㄕㄡˇ ㄉㄤ ㄑㄧˊ ㄔㄨㄥ	首當其衝	38
ㄩˋ	馭	38
ㄓㄨˋ ㄗㄨˊ	駐足	38
ㄐㄧㄥ ㄉㄨㄥˋ	驚動	38
ㄐㄧㄥ ㄧㄢˋ	驚艷	38
ㄍㄠ ㄌㄧㄤˊ	高粱	38
ㄒㄧㄢ ㄏㄨㄛˊ	鮮活	38
ㄏㄟ ㄅㄢˇ	黑板	38
ㄏㄟ ㄏㄟ	黑黑	38
ㄉㄧㄢˇ ㄑㄧㄢˊ	點錢	38
ㄅㄧˊ ㄊㄡˊ	鼻頭	38
ㄧ ㄍㄜˋ ㄅㄢˋ	一個半	37
ㄧˋ ㄍㄜ˙ ㄅㄢˋ	一個半	37
ㄧ ㄧㄤˋ ㄧㄡˇ	一樣有	37
ㄧˊ ㄧㄤˋ ㄧㄡˇ	一樣有	37
ㄧ ㄑㄧㄡˊ	一球	37
ㄧˋ ㄑㄧㄡˊ	一球	37
ㄧ ㄐㄧㄥ	一經	37
ㄧˋ ㄐㄧㄥ	一經	37
ㄙㄢ ㄌㄧㄢˊ	三連	37
ㄕㄤˋ ㄎㄡˇ	上口	37
ㄕㄤˋ ㄏㄞˇ ㄕˋ	上海市	37
ㄕㄤˋ ㄌㄧˇ	上禮	37
ㄕㄤˋ ㄔㄨㄢˊ	上船	37
ㄒㄧㄚˋ ㄍㄨㄥ	下工	37
ㄅㄨˋ ㄊㄧㄥˊ ㄉㄜ˙	不停地	37
ㄅㄨˋ ㄊㄧㄥˊ ㄉㄧˋ	不停地	37
ㄅㄨˋ ㄓㄜˊ ㄅㄨˊ ㄎㄡˋ	不折不扣	37
ㄅㄨˋ ㄓㄜˊ ㄅㄨˋ ㄎㄡˋ	不折不扣	37
ㄕˋ ㄐㄧㄝˋ ㄖㄣˊ	世界人	37
ㄓㄨㄥ ㄔㄥˊ	中程	37
ㄓㄨˇ ㄖㄣˊ ㄨㄥ	主人翁	37
ㄈㄚˊ ㄨㄟˋ	乏味	37
ㄐㄧㄡˇ ㄍㄜ˙ ㄩㄝˋ	九個月	37
ㄐㄧㄡˇ ㄈㄣ	九分	37
ㄐㄧㄡˇ ㄓㄡ	九州	37
ㄐㄧㄡˇ ㄓㄡ ㄉㄧˋ ㄈㄤ	九州地方	37
ㄨˇ ㄉㄞˋ	五代	37
ㄐㄧㄠ ㄏㄨㄢˋ ㄧˋ ㄐㄧㄢˋ	交換意見	37
ㄖㄣˊ ㄒㄧㄤˋ	人像	37
ㄖㄣˊ ㄨㄛˇ	人我	37
ㄖㄣˊ ㄨㄟˊ ㄉㄜ˙	人為的	37
ㄖㄣˊ ㄕㄣ ㄍㄨㄥ ㄐㄧˊ	人身攻擊	37
ㄊㄚ ㄅㄨˊ ㄏㄨㄟˋ	他不會	37
ㄊㄚ ㄍㄨㄛˋ	他過	37
ㄉㄞˋ ㄇㄚˇ	代碼	37
ㄒㄧㄡ ㄒㄩㄝˊ	休學	37
ㄙˋ ㄕˋ	似是	37
ㄓㄨˋ ㄓˇ	住址	37
ㄏㄜˊ ㄈㄤˊ	何妨	37
ㄗㄨㄛˋ ㄒㄧㄤˇ	作響	37
ㄌㄞˊ ㄊㄞˊ ㄈㄤˇ ㄨㄣˋ	來台訪問	37
ㄌㄞˊ ㄎㄜˋ	來客	37
ㄒㄧㄣˋ ㄩˋ	信譽	37
ㄍㄜˋ ㄅㄧㄝˊ ㄉㄜ˙	個別的	37
ㄐㄧㄝˋ ㄓㄨㄥˋ	借重	37
ㄖㄨㄛˋ	偌	37
ㄖㄨㄛˋ ㄉㄚˋ	偌大	37
ㄆㄨˊ ㄖㄣˊ	僕人	37
ㄩㄣˇ ㄋㄨㄛˋ	允諾	37
ㄒㄧㄢ ㄐㄧ	先機	37
ㄒㄧㄢ ㄖㄤˋ	先讓	37
ㄍㄨㄤ ㄑㄩㄢ	光圈	37
ㄍㄨㄤ ㄆㄨˇ	光譜	37
ㄌㄧㄤˇ ㄐㄩˋ	兩句	37
ㄍㄨㄥ ㄌㄧˊ	公厘	37
ㄍㄨㄥ ㄌㄧˊ	公釐	37
ㄌㄧㄡˋ ㄕˊ ㄐㄧˇ	六十幾	37
ㄌㄧㄡˋ ㄇㄧㄥˊ	六名	37
ㄍㄨㄥˋ ㄈㄣ	共分	37
ㄍㄨㄥˋ ㄐㄩㄣ	共軍	37
ㄐㄩˋ ㄇㄧㄥˊ	具名	37
ㄗㄞˋ ㄉㄚˇ	再打	37
ㄅㄧㄥ ㄒㄩㄝˇ	冰雪	37
ㄌㄥˇ ㄘㄤˊ	冷藏	37
ㄌㄧㄥˊ ㄌㄧˋ	凌厲	37
ㄎㄞˇ ㄒㄩㄢˊ	凱旋	37
ㄔㄨ ㄅㄢˇ ㄐㄧㄝˋ	出版界	37
ㄈㄣ ㄉㄧㄢˋ	分店	37
ㄈㄣ ㄐㄧ	分機	37
ㄈㄣ ㄍㄨㄢˇ	分館	37
ㄒㄧㄥˊ ㄗㄜˊ	刑責	37
ㄈㄨˋ ㄉㄨㄥˇ	副董	37
ㄔㄨㄤˋ ㄔㄨ	創出	37
ㄕˋ ㄗㄞˋ ㄅㄧˋ ㄒㄧㄥˊ	勢在必行	37
ㄅㄟˇ ㄦˋ ㄍㄠ	北二高	37
ㄕˊ ㄌㄧㄡˋ ㄍㄜˋ	十六個	37
ㄕˊ ㄌㄧㄡˋ ㄍㄜ˙	十六個	37
ㄕˊ ㄗˋ ㄌㄨˋ	十字路	37
ㄅㄢˋ ㄎㄨㄥ	半空	37
ㄩㄢˊ ㄗˇ ㄉㄢˋ	原子彈	37
ㄑㄩˋ ㄒㄧㄤˋ	去向	37
ㄘㄢ ㄓㄨㄛˊ	參酌	37
ㄈㄢˇ ㄔㄤˊ	反常	37
ㄈㄢˇ ㄦˊ ㄏㄨㄟˋ	反而會	37
ㄎㄡˇ ㄊㄡˊ ㄔㄢˊ	口頭禪	37
ㄕˇ ㄕ	史詩	37
ㄔ ㄧㄠˋ	吃藥	37
ㄍㄜˋ ㄑㄩ	各區	37
ㄊㄨㄥˊ ㄒㄧㄚˋ	同下	37
ㄒㄧ ㄐㄧㄣ	吸金	37
ㄔㄨㄟ ㄋㄧㄡˊ	吹牛	37
ㄒㄧㄚˊ	呷	37
ㄆㄠˊ	咆	37
ㄍㄚ ㄌㄧˇ	咖哩	37
ㄎㄚ ㄌㄧˇ	咖哩	37
ㄞ ㄑㄧㄡˊ	哀求	37
ㄋㄚˇ ㄆㄚˋ	哪怕	37
ㄙㄨㄛ	唆	37
ㄨㄣˋ ㄐㄧㄣ	問津	37
ㄑㄧˇ ㄕˋ	啟事	37
ㄉㄢ ㄕㄨㄛ	單說	37
ㄓㄚ	喳	37
ㄔㄚ	喳	6.351308576902391
ㄙㄤˇ ㄗ˙	嗓子	37
ㄐㄧㄣˋ	噤	37
ㄆㄣ ㄕㄨㄟˇ	噴水	37
ㄩㄢˊ ㄓㄨˋ	圓柱	37
ㄏㄨㄢˊ	圜	37
ㄩㄢˊ	圜	37
ㄊㄢˇ ㄔㄥˊ	坦誠	37
ㄔㄥˊ ㄑㄩ ㄅㄨˋ	城區部	37
ㄊㄨˊ ㄇㄛˇ	塗抹	37
ㄐㄧㄥˋ ㄉㄧˋ	境地	37
ㄇㄨˋ ㄩㄢˊ	墓園	37
ㄇㄨˋ ㄉㄧˋ	墓地	37
ㄨㄞˋ ㄕㄤ	外傷	37
ㄉㄨㄛ ㄉㄠˋ	多到	37
ㄉㄨㄛ ㄖˋ	多日	37
ㄉㄚˋ ㄉㄨㄥ	大東	37
ㄉㄚˋ ㄓㄨㄥˋ ㄩㄣˋ ㄕㄨ ㄍㄨㄥ ㄐㄩˋ	大眾運輸工具	37
ㄉㄚˋ ㄨㄢˇ	大碗	37
ㄉㄚˋ ㄌㄟˋ	大類	37
ㄊㄞˋ ㄐㄧˊ ㄑㄩㄢˊ	太極拳	37
ㄊㄞˋ ㄅㄞˊ	太白	37
ㄊㄞˋ ㄎㄨㄥ ㄔㄨㄢˊ	太空船	37
ㄈㄥˋ ㄊㄧㄢ	奉天	37
ㄈㄥˋ ㄧㄤˋ	奉養	37
ㄋㄩˇ ㄧㄥ	女嬰	37
ㄋㄩˇ ㄒㄩㄝˊ ㄕㄥ	女學生	37
ㄋㄩˇ ㄑㄧㄤˊ ㄖㄣˊ	女強人	37
ㄕˇ ㄇㄛˋ	始末	37
ㄕˇ ㄗㄨˇ	始祖	37
ㄨㄟ ㄧㄢˊ	威嚴	37
ㄈㄨˋ ㄧㄡˋ	婦幼	37
ㄐㄧㄠ ㄒㄧㄠˇ	嬌小	37
ㄘㄨㄣˊ ㄓㄥˋ	存證	37
ㄒㄩㄝˊ ㄇㄣˊ	學門	37
ㄢ ㄉㄨㄥ ㄋㄧˊ	安東尼	37
ㄢ ㄕㄣ	安身	37
ㄍㄨㄢ ㄋㄥˊ	官能	37
ㄒㄩㄢ ㄓㄢˋ	宣戰	37
ㄐㄧㄚ ㄔㄨㄢˊ	家傳	37
ㄐㄧㄚ ㄕㄨˋ	家數	37
ㄕˊ ㄓˊ ㄕㄤˋ	實質上	37
ㄎㄨㄢ ㄕㄨˋ	寬恕	37
ㄓㄨㄢ ㄧㄝˋ ㄖㄣˊ ㄕˋ	專業人士	37
ㄒㄧㄠˇ ㄖㄣˊ ㄨˋ	小人物	37
ㄒㄧㄠˇ ㄉㄨㄥˋ	小動	37
ㄋㄧㄠˋ ㄙㄨㄢ	尿酸	37
ㄓㄢˇ ㄑㄧˊ	展期	37
ㄍㄨㄥ ㄎㄜ	工科	37
ㄒㄧㄤˋ ㄎㄡˇ	巷口	37
ㄒㄧㄤˋ ㄉㄠˋ	巷道	37
ㄕˋ ㄐㄧㄥˇ ㄐㄩˊ	市警局	37
ㄉㄞˋ ㄉㄨㄟˋ	帶隊	37
ㄅㄤ ㄅㄤ	幫幫	37
ㄒㄧㄥˋ ㄦˊ	幸而	37
ㄐㄧˇ ㄕˊ ㄨㄢˋ	幾十萬	37
ㄐㄧˇ ㄅㄞˇ ㄨㄢˋ	幾百萬	37
ㄐㄧˇ ㄓ	幾隻	37
ㄉㄧㄢˋ ㄆㄨˋ	店鋪	37
ㄍㄨㄤˇ ㄉㄨˋ	廣度	37
ㄊㄧㄥ ㄓㄤˇ	廳長	37
ㄓㄤ ㄓㄠ ㄒㄩㄥˊ	張昭雄	37
ㄏㄡˋ ㄍㄨˋ ㄓ ㄧㄡ	後顧之憂	37
ㄘㄨㄥˊ ㄒㄧㄣ	從新	37
ㄔㄜˋ ㄉㄧˇ ㄉㄜ˙	徹底的	37
ㄒㄧㄣ ㄏㄨㄞˊ	心懷	37
ㄒㄧㄣ ㄍㄢ ㄑㄧㄥˊ ㄩㄢˋ	心甘情願	37
ㄅㄧˋ ㄉㄟˇ	必得	37
ㄎㄨㄞˋ ㄔㄜ	快車	37
ㄋㄨˋ ㄑㄧˋ	怒氣	37
ㄧˋ ㄓˋ ㄌㄧˋ	意志力	37
ㄨㄟˋ ㄐㄧㄝˋ	慰藉	37
ㄧㄥˋ ㄓㄠ	應召	37
ㄧㄥˋ ㄓㄠˋ	應召	37
ㄧㄥˋ ㄩㄥˋ ㄉㄠˋ	應用到	37
ㄧㄥˋ ㄎㄠˇ	應考	37
ㄧㄥˋ ㄩㄣˋ	應運	37
ㄨㄛˇ ㄖㄣˊ	我人	37
ㄓㄢˋ ㄑㄩ	戰區	37
ㄉㄚˇ ㄉㄧㄠˋ	打掉	37
ㄉㄚˇ ㄍㄡˇ	打狗	37
ㄓㄠˇ ㄔㄨ ㄌㄞˊ	找出來	37
ㄐㄧˋ ㄍㄨㄥ	技工	37
ㄐㄧˋ ㄓˊ ㄐㄧㄠˋ ㄩˋ	技職教育	37
ㄔㄠ ㄒㄧㄝˇ	抄寫	37
ㄓㄜˊ ㄉㄧㄝˊ	折疊	37
ㄌㄚ ㄈㄚˇ ㄧㄝˋ	拉法葉	37
ㄌㄚ ㄆㄧㄠˋ	拉票	37
ㄐㄩ ㄋㄧˋ	拘泥	37
ㄓˇ ㄨㄤˋ	指望	37
ㄌㄧㄝˋ	捩	37
ㄐㄧㄝ ㄏㄨㄟˊ	接回	37
ㄐㄧㄝ ㄕㄥ	接生	37
ㄐㄧㄝ ㄐㄧㄣˋ ㄉㄜ˙	接近的	37
ㄊㄨㄟ ㄉㄜ˙	推的	37
ㄊㄧˊ ㄒㄧㄣ	提心	37
ㄏㄨㄢˋ ㄈㄚ	換發	37
ㄙㄡ ㄐㄧㄡˋ	搜救	37
ㄇㄛˊ ㄌㄨㄛˋ ㄍㄜ	摩洛哥	37
ㄈㄨˇ ㄒㄩˋ	撫卹	37
ㄘㄠ ㄧㄢˇ	操演	37
ㄅㄛˋ	擘	37
ㄐㄧˇ ㄧㄚ	擠壓	37
ㄕㄡ ㄈㄚ	收發	37
ㄍㄨㄥ ㄉㄨˊ	攻讀	37
ㄓㄥˋ ㄓˋ ㄒㄧˋ	政治系	37
ㄐㄧㄠˋ ㄊㄧㄥˊ	教廷	37
ㄐㄧㄠ ㄍㄟˇ	教給	37
ㄐㄧㄠˋ ㄌㄧㄢˋ ㄊㄨㄢˊ	教練團	37
ㄑㄧㄠ ㄉㄚˇ	敲打	37
ㄓㄥˇ ㄅㄧㄥˋ	整併	37
ㄨㄣˊ ㄇㄤˊ	文盲	37
ㄒㄧㄣ ㄓㄨˊ ㄎㄜ ㄒㄩㄝˊ ㄩㄢˊ ㄑㄩ	新竹科學園區	37
ㄒㄧㄣ ㄓㄨㄤ	新裝	37
ㄇㄧㄥˊ ㄒㄧㄣˋ ㄆㄧㄢˋ	明信片	37
ㄔㄨㄣ ㄖˋ	春日	37
ㄕˊ ㄓㄥˋ	時政	37
ㄆㄨˇ ㄒㄩㄢˇ	普選	37
ㄐㄧㄥˇ ㄇㄟˇ	景美	37
ㄑㄩˇ ㄈㄥ	曲風	37
ㄗㄨㄟˋ ㄑㄧㄤˊ ㄉㄜ˙	最強的	37
ㄏㄨㄟˋ ㄧˋ ㄊㄧㄥ	會議廳	37
ㄩㄝˋ ㄎㄠˇ	月考	37
ㄧㄡˇ ㄧ ㄒㄧㄝ ㄖㄣˊ	有一些人	37
ㄧㄡˇ ㄧˋ ㄒㄧㄝ ㄖㄣˊ	有一些人	37
ㄧㄡˇ ㄇㄚˇ	有馬	37
ㄈㄨˊ ㄒㄧㄥˊ	服刑	37
ㄨㄟˋ ㄔㄨ	未出	37
ㄇㄛˋ ㄉㄞˋ	末代	37
ㄌㄧㄣˊ ㄗ˙	林子	37
ㄎㄨ ㄨㄟˇ	枯萎	37
ㄧㄡˋ	柚	37
ㄔㄚˊ ㄔㄚˊ	查察	37
ㄒㄩˇ ㄒㄩˇ	栩栩	37
ㄑㄧˋ ㄑㄩㄢˊ	棄權	37
ㄎㄞˇ ㄇㄛˊ	楷模	37
ㄩㄝˋ ㄓㄤ	樂章	37
ㄌㄜˋ ㄍㄨㄢ ㄑㄧˊ ㄔㄥˊ	樂觀其成	37
ㄅㄧㄠ ㄉㄧㄢˇ ㄈㄨˊ ㄏㄠˋ	標點符號	37
ㄍㄢˇ ㄌㄢˇ ㄑㄧㄡˊ ㄙㄞˋ	橄欖球賽	37
ㄐㄧ ㄓˋ	機智	37
ㄏㄥˊ ㄍㄨㄢˋ	橫貫	37
ㄓˇ ㄊㄨㄥˋ	止痛	37
ㄘˇ ㄔㄨˋ	此處	37
ㄅㄧㄣˋ ㄗㄤˋ	殯葬	37
ㄕㄚ ㄔㄨ	殺出	37
ㄇㄟˇ ㄓㄨㄥˇ	每種	37
ㄑㄧˋ ㄍㄞˋ	氣概	37
ㄕㄨㄟˇ ㄔㄜ	水車	37
ㄨㄤ ㄨㄤ	汪汪	37
ㄐㄩㄝˊ ㄉㄧㄥˋ ㄑㄩㄢˊ	決定權	37
ㄔㄨㄥ ㄔㄨㄥ	沖沖	37
ㄈㄚˇ ㄐㄧㄚ	法家	37
ㄅㄛ ㄊㄜˋ ㄌㄢˊ	波特蘭	37
ㄆㄛ ㄊㄜˋ ㄌㄢˊ	波特蘭	37
ㄌㄧㄡˊ ㄕˋ	流逝	37
ㄏㄠˋ ㄉㄤˋ	浩蕩	37
ㄏㄞˇ ㄌㄨˋ	海陸	37
ㄌㄧㄣˊ ㄌㄧˊ ㄐㄧㄣˋ ㄓˋ	淋漓盡致	37
ㄕㄣ ㄖㄨˋ ㄊㄢˋ ㄊㄠˇ	深入探討	37
ㄕㄣ ㄔㄣˊ	深沈	37
ㄕㄣ ㄍㄥ	深耕	37
ㄑㄧㄥ ㄐㄧㄥˋ	清靜	37
ㄏㄨㄣˊ ㄖㄢˊ	渾然	37
ㄏㄨㄣˊ ㄕㄣ ㄐㄧㄝˇ ㄕㄨˋ	渾身解數	37
ㄩㄥˇ ㄒㄧㄢˋ	湧現	37
ㄊㄤ ㄧㄠˋ ㄇㄧㄥˊ	湯曜明	37
ㄊㄤ ㄊㄡˊ	湯頭	37
ㄊㄤ ㄊㄡ˙	湯頭	37
ㄗ ㄧㄤˇ	滋養	37
ㄐㄧㄢˋ ㄗㄥ	漸增	37
ㄨ ㄩㄣˊ	烏雲	37
ㄨˊ ㄏㄞˋ	無害	37
ㄉㄥ ㄜˊ	燈蛾	37
ㄧㄥˊ ㄧㄝˋ ㄩㄢˊ	營業員	37
ㄧㄠˊ	爻	37
ㄌㄠˊ ㄌㄠˊ	牢牢	37
ㄉㄧˇ	牴	37
ㄊㄜˋ ㄕˇ	特使	37
ㄊㄜˋ ㄌㄧˋ	特例	37
ㄊㄜˋ ㄨˋ	特務	37
ㄩˋ ㄌㄢˊ	玉蘭	37
ㄆㄨˊ	璞	37
ㄨㄚˇ ㄊㄜˋ	瓦特	37
ㄕㄥ ㄖˋ ㄎㄨㄞˋ ㄌㄜˋ	生日快樂	37
ㄉㄤ ㄓㄣ	當真	37
ㄅㄧㄥˋ ㄧㄣ	病因	37
ㄅㄧㄥˋ ㄙˇ	病死	37
ㄅㄞˊ ㄋㄟˋ ㄓㄤˋ	白內障	37
ㄐㄧㄣˋ ㄓˋ	盡致	37
ㄐㄧㄢ ㄊㄧㄥ	監聽	37
ㄒㄧㄤ ㄈㄢˇ ㄉㄜ˙	相反地	37
ㄇㄡˊ	眸	37
ㄍㄨㄢ	矜	37
ㄐㄧㄣ	矜	37
ㄕˊ ㄅㄟ	石碑	37
ㄌㄧˇ ㄩㄝˋ	禮樂	37
ㄌㄧˇ ㄩˋ	禮遇	37
ㄐㄧ ㄐㄧˊ ㄒㄧㄥˋ	積極性	37
ㄔㄨㄢ ㄉㄞˋ	穿戴	37
ㄑㄩㄥˊ ㄎㄨㄣˋ	窮困	37
ㄍㄨㄢˇ ㄌㄧˇ ㄖㄣˊ	管理人	37
ㄔㄡˊ ㄨㄟˇ ㄏㄨㄟˋ	籌委會	37
ㄓˇ ㄒㄧㄤ	紙箱	37
ㄒㄧˋ ㄒㄧㄠˇ	細小	37
ㄐㄩㄢˋ	絹	37
ㄐㄧㄥ ㄔㄤˊ ㄒㄧㄥˋ	經常性	37
ㄩㄢˊ ㄧㄡˊ	緣由	37
ㄅㄧㄢ ㄑㄩˇ	編曲	37
ㄐㄧˋ ㄇㄨˇ	繼母	37
ㄔㄢˊ ㄇㄧㄢˊ	纏綿	37
ㄇㄟˇ ㄌㄧㄢˊ ㄕㄜˋ	美聯社	37
ㄇㄟˇ ㄩˋ	美譽	37
ㄍㄠ ㄧㄤˊ	羔羊	37
ㄧˋ	翊	37
ㄌㄠˇ ㄇㄚˇ	老馬	37
ㄎㄠˇ ㄒㄩㄢˇ	考選	37
ㄊㄧㄥ ㄘㄨㄥˊ	聽從	37
ㄊㄨㄛ ㄌㄨㄛˋ	脫落	37
ㄨㄛˋ ㄈㄤˊ	臥房	37
ㄗˋ ㄖㄢˊ ㄏㄨㄟˋ	自然會	37
ㄗˋ ㄧㄥˊ ㄕㄤ	自營商	37
ㄓˋ ㄒㄧㄝˋ	致謝	37
ㄓˋ ㄗㄥˋ	致贈	37
ㄏㄨㄚ ㄉㄥ	花燈	37
ㄇㄠˋ ㄌㄧㄣˊ	茂林	37
ㄘㄠˇ ㄘㄠˇ	草草	37
ㄇㄛˋ ㄈㄟ	莫非	37
ㄘㄞˋ ㄧㄠˊ	菜餚	37
ㄘㄞˋ ㄋㄧㄠˇ	菜鳥	37
ㄓㄨㄛˊ ㄌㄧˋ	著力	37
ㄍㄞˋ ㄏㄠˇ	蓋好	37
ㄒㄧㄣ ㄔㄨㄢˊ	薪傳	37
ㄒㄩㄣ ㄊㄠˊ	薰陶	37
ㄩㄣˋ ㄏㄢˊ	蘊含	37
ㄔㄨˇ ㄕˋ	處世	37
ㄉㄢˋ ㄏㄨㄤˊ	蛋黃	37
ㄒㄧㄥˊ ㄉㄜˊ	行得	37
ㄅㄧㄠˇ ㄒㄧㄢˋ ㄓㄨˇ ㄧˋ	表現主義	37
ㄧㄠˋ ㄕˋ	要事	37
ㄧㄠˋ ㄏㄜ	要喝	37
ㄧㄠˋ ㄙㄞˋ	要塞	37
ㄐㄧㄢˋ ㄔㄤˊ	見長	37
ㄐㄩㄝˊ ㄔㄚˊ	覺察	37
ㄒㄩˇ ㄎㄜˇ ㄓㄥˋ	許可證	37
ㄙㄨˋ ㄎㄨˇ	訴苦	37
ㄖㄣˋ ㄌㄜ˙	認了	37
ㄋㄩㄝˋ	謔	37
ㄐㄧㄤˇ ㄑㄧㄥ ㄔㄨˇ	講清楚	37
ㄏㄨˋ ㄓㄨㄢ	護專	37
ㄏㄨˋ ㄙㄨㄥˋ	護送	37
ㄇㄞˇ ㄉㄢ	買單	37
ㄊㄧㄝ ㄍㄨㄛˋ	貼過	37
ㄏㄨㄟˋ ㄌㄨˋ	賄賂	37
ㄗ ㄌㄧㄠˋ ㄍㄨㄢˇ	資料館	37
ㄇㄞˋ ㄈㄤ	賣方	37
ㄌㄞˋ ㄩˊ	賴於	37
ㄑㄧˇ ㄊㄧㄠˋ	起跳	37
ㄔㄠ ㄊㄨㄛ	超脫	37
ㄊㄚˋ ㄑㄧㄥ	踏青	37
ㄐㄩㄣ ㄐㄧ	軍機	37
ㄐㄩㄣ ㄩㄥˋ	軍用	37
ㄐㄩㄣ ㄓㄨㄥˇ	軍種	37
ㄧˋ	軼	37
ㄓㄨㄢˇ ㄐㄧˋ	轉寄	37
ㄓㄨㄢˇ ㄕㄡˇ	轉手	37
ㄓㄨㄢˇ ㄌㄧㄝˋ	轉捩	37
ㄉㄧˊ ㄏㄨㄚˋ ㄐㄧㄝ	迪化街	37
ㄉㄡˋ ㄑㄩˋ	逗趣	37
ㄓㄡ ㄋㄧㄢˊ ㄑㄧㄥˋ	週年慶	37
ㄓㄡ ㄓㄨㄢˇ	週轉	37
ㄧㄡˊ ㄌㄜˋ ㄑㄧˋ	遊樂器	37
ㄩㄣˋ ㄒㄧㄠ	運銷	37
ㄍㄨㄛˋ ㄘㄨㄛˋ	過錯	37
ㄉㄠˋ ㄇㄧㄥˊ	道明	37
ㄩㄢˇ ㄔㄠ ㄍㄨㄛˋ	遠超過	37
ㄕˋ ㄩˊ	適於	37
ㄋㄚˋ ㄐㄧㄢˋ	那件	37
ㄋㄚˇ ㄅㄢ	那般	37
ㄋㄚˋ ㄅㄢ	那般	37
ㄕˋ ㄐㄧㄚ	釋迦	37
ㄌㄧˇ ㄇㄧㄣˊ	里民	37
ㄓㄨㄥˋ ㄈㄚˊ	重罰	37
ㄧㄝˇ ㄈㄤˋ	野放	37
ㄌㄧㄤˋ ㄈㄢˋ	量販	37
ㄐㄧㄣ ㄒㄧㄤˋ ㄐㄧㄤˇ	金像獎	37
ㄧㄣˊ ㄏㄜˊ ㄒㄧˋ	銀河系	37
ㄖㄨㄟˋ ㄌㄧˋ	銳利	37
ㄘㄨㄛˋ ㄕ	錯失	37
ㄎㄥ ㄑㄧㄤ	鏗鏘	37
ㄓㄨㄛˊ	鐲	37
ㄓㄤˇ ㄇㄢˇ	長滿	37
ㄇㄣˊ ㄋㄨㄛˋ	門諾	37
ㄕㄢˇ ㄍㄨㄛˋ	閃過	37
ㄕㄢˇ ㄉㄧㄢˋ	閃電	37
ㄎㄞ ㄆㄧㄠˋ	開票	37
ㄐㄧㄢˋ ㄏㄨㄛˋ	間或	37
ㄍㄜˊ ㄒㄧㄚˋ	閣下	37
ㄍㄨㄢ ㄒㄧˋ ㄉㄠˋ	關係到	37
ㄓㄣˋ ㄌㄧㄝˋ	陣列	37
ㄙㄨㄟˊ ㄒㄧㄣ ㄙㄨㄛˇ ㄩˋ	隨心所欲	37
ㄌㄧˋ ㄕㄨˇ ㄩˊ	隸屬於	37
ㄉㄧㄠ ㄎㄜ ㄐㄧㄚ	雕刻家	37
ㄉㄧㄠ ㄎㄜˋ ㄐㄧㄚ	雕刻家	37
ㄉㄧㄢˋ ㄙㄨㄢˋ	電算	37
ㄈㄟ ㄧㄡˇ	非有	37
ㄏㄢˊ ㄨㄣˊ	韓文	37
ㄕㄨㄣˋ ㄎㄡˇ	順口	37
ㄆㄛˇ ㄉㄨㄛ	頗多	37
ㄌㄧㄥˇ ㄏㄨㄟˋ	領會	37
ㄊㄡˊ ㄩㄣ	頭暈	37
ㄒㄧㄢˇ ㄕˋ ㄎㄚˇ	顯示卡	37
ㄈㄥ ㄏㄜˊ	風和	37
ㄈㄥ ㄈㄢˋ	風範	37
ㄈㄥ ㄙㄠ	風騷	37
ㄈㄟ ㄕㄤˋ	飛上	37
ㄈㄟ ㄎㄨㄞˋ	飛快	37
ㄋㄟˇ	餒	37
ㄕㄡˇ ㄈㄨˇ	首府	37
ㄔㄥˇ	騁	37
ㄍㄠ ㄈㄥ ㄒㄧㄢˇ	高風險	37
ㄌㄨˇ ㄅㄢ	魯班	37
ㄎㄨㄣ	鯤	37
ㄏㄨㄥˊ ㄍㄡ	鴻溝	37
ㄏㄨㄤˊ ㄈㄥ	黃蜂	37
ㄕㄨˇ	黍	37
ㄉㄤˇ ㄍㄨㄛˊ	黨國	37
ㄓㄞ ㄐㄧㄝˋ	齋戒	37
ㄧ ㄒㄧㄥ	一星	36
ㄧˋ ㄒㄧㄥ	一星	36
ㄧ ㄕㄨㄣˋ ㄐㄧㄢ	一瞬間	36
ㄧˊ ㄕㄨㄣˋ ㄐㄧㄢ	一瞬間	36
ㄧ ㄍㄨㄢ	一關	36
ㄧˋ ㄍㄨㄢ	一關	36
ㄧ ㄘㄢ	一餐	36
ㄧˋ ㄘㄢ	一餐	36
ㄑㄧ ㄒㄧㄥ	七星	36
ㄙㄢ ㄍㄥ	三更	36
ㄙㄢ ㄐㄧㄥ	三更	36
ㄒㄧㄚˋ ㄈㄚ	下發	36
ㄒㄧㄚˋ ㄒㄧㄢˋ	下陷	36
ㄅㄨˋ ㄧ	不依	36
ㄅㄨˋ ㄏㄜˊ	不和	36
ㄅㄨˊ ㄉㄞˋ	不帶	36
ㄅㄨˊ ㄎㄨㄟˋ	不愧	36
ㄅㄨˋ ㄓ ㄩㄢˊ	不支援	36
ㄅㄨˋ ㄌㄧㄤˊ ㄉㄜ˙	不良的	36
ㄓㄨㄥ ㄧㄤ ㄕㄢ ㄇㄞˋ	中央山脈	36
ㄓㄨˇ ㄇㄞˋ	主脈	36
ㄓ ㄐㄧˋ	之計	36
ㄆㄧㄥ ㄆㄤ	乒乓	36
ㄐㄧㄡˇ ㄊㄧㄢ	九天	36
ㄐㄧ	乩	36
ㄨˇ ㄍㄜ˙ ㄖㄣˊ	五個人	36
ㄨˇ ㄅㄢ	五班	36
ㄨˇ ㄧㄢˊ	五言	36
ㄐㄧㄠ ㄅㄠˇ	交保	36
ㄐㄧㄠ ㄧˋ ㄈㄚˇ	交易法	36
ㄒㄧㄤˇ ㄌㄜˋ	享樂	36
ㄌㄧㄤˋ ㄍㄨㄤ	亮光	36
ㄖㄣˊ ㄉㄞˋ	人代	36
ㄖㄣˊ ㄑㄧㄢˊ	人前	36
ㄖㄣˊ ㄇㄧㄣˊ ㄊㄨㄢˊ ㄊㄧˇ	人民團體	36
ㄊㄚ ㄨˋ	他物	36
ㄐㄧㄚ	伽	7.297184386314713
ㄑㄧㄝˊ	伽	36
ㄏㄜˊ ㄑㄩˋ ㄏㄜˊ ㄘㄨㄥˊ	何去何從	36
ㄗㄨㄛˋ ㄍㄨㄞˋ	作怪	36
ㄕˇ ㄩㄥˋ ㄉㄠˋ	使用到	36
ㄌㄧˋ ㄓㄥˋ	例證	36
ㄅㄠˇ ㄌㄧˋ ㄌㄨㄥˊ	保麗龍	36
ㄒㄧㄡ ㄒㄧˊ	修習	36
ㄔㄤˋ ㄉㄠˇ ㄓㄜˇ	倡導者	36
ㄊㄧㄥˊ ㄅㄛˊ	停泊	36
ㄊㄡ ㄍㄨㄥ ㄐㄧㄢˇ ㄌㄧㄠˋ	偷工減料	36
ㄍㄨˋ ㄩㄢˊ	僱員	36
ㄧㄡ ㄑㄩㄝ ㄉㄧㄢˇ	優缺點	36
ㄩㄢˊ ㄓˋ	元智	36
ㄒㄧㄢ ㄎㄠˇ	先考	36
ㄑㄩㄢˊ ㄇㄧㄥˊ	全名	36
ㄌㄧㄤˇ ㄅㄞˇ ㄅㄚ	兩百八	36
ㄋㄧㄥˊ ㄍㄨˋ	凝固	36
ㄈㄢˊ ㄖㄣˊ	凡人	36
ㄠ ㄊㄨˊ	凹凸	36
ㄔㄨ ㄕˋ	出示	36
ㄈㄣ ㄈㄣ	分分	36
ㄒㄧㄥˊ ㄢˋ	刑案	36
ㄌㄧㄝˋ ㄋㄧㄥˊ	列寧	36
ㄓˋ ㄏㄥˊ	制衡	36
ㄈㄨˋ ㄏㄨㄟˋ ㄓㄤˇ	副會長	36
ㄍㄜ ㄔㄥˊ	割成	36
ㄐㄧㄚ ㄕㄡ	加收	36
ㄐㄧㄚ ㄍㄠ	加高	36
ㄩㄥˇ ㄉㄨㄛˊ	勇奪	36
ㄌㄜˋ ㄌㄧㄥˋ	勒令	36
ㄌㄟ ㄌㄧㄥˋ	勒令	36
ㄌㄜˋ ㄕㄨˊ	勒贖	36
ㄌㄠˊ ㄌㄟˋ	勞累	36
ㄘㄨㄥ ㄘㄨㄥ ㄇㄤˊ ㄇㄤˊ	匆匆忙忙	36
ㄏㄨㄚˋ ㄗㄨㄛˋ	化作	36
ㄅㄟˇ ㄙㄨㄥˋ	北宋	36
ㄏㄨㄟˋ ㄐㄩˋ	匯聚	36
ㄅㄢˋ ㄊㄨˊ	半途	36
ㄅㄟ ㄨㄟˊ	卑微	36
ㄩㄢˊ ㄗˇ ㄋㄥˊ	原子能	36
ㄑㄩˇ ㄐㄧㄥ	取經	36
ㄑㄩˇ ㄧˋ	取義	36
ㄎㄡˇ ㄎㄡˇ	口口	36
ㄍㄨˇ ㄆㄨˊ	古樸	36
ㄓˇ ㄨㄟˊ	只為	36
ㄓˇ ㄨㄟˋ	只為	36
ㄐㄧㄠˋ ㄇㄞˋ	叫賣	36
ㄊㄞˊ ㄨㄢ ㄏㄨㄚˋ	台灣話	36
ㄊㄨㄥˊ ㄇㄧㄥˊ	同名	36
ㄇㄧㄥˊ ㄒㄧㄚˋ	名下	36
ㄔㄨㄟ ㄌㄞˊ	吹來	36
ㄍㄠˋ ㄅㄧㄝˊ ㄕˋ	告別式	36
ㄓㄡ ㄑㄩㄢˊ	周全	36
ㄓㄡ ㄖˋ	周日	36
ㄓㄡ ㄧˋ	周易	36
ㄨㄣˋ ㄑㄧˇ	問起	36
ㄕㄢˋ ㄕˋ	善事	36
ㄉㄢ ㄒㄧㄥˊ	單行	36
ㄅㄧˋ	嗶	36
ㄧㄢˊ ㄈㄚˇ	嚴法	36
ㄙˋ ㄑㄧˇ	四起	36
ㄨㄟˊ ㄐㄧㄣ	圍巾	36
ㄗㄞˋ ㄧㄝˋ	在業	36
ㄉㄧˋ ㄕˋ	地勢	36
ㄇㄞˊ ㄊㄡˊ	埋頭	36
ㄓˊ ㄅㄧˇ	執筆	36
ㄐㄧ ㄉㄧㄠˋ	基調	36
ㄗㄥ ㄐㄧㄢˇ	增減	36
ㄨㄞˋ ㄌㄞˊ ㄉㄜ˙	外來的	36
ㄨㄞˋ ㄏㄨㄟˋ ㄘㄨㄣˊ ㄉㄧˇ	外匯存底	36
ㄨㄞˋ ㄉㄞˋ	外帶	36
ㄨㄞˋ ㄇㄥˊ ㄍㄨˇ	外蒙古	36
ㄧㄝˋ ㄒㄧㄥˊ	夜行	36
ㄉㄚˋ ㄒㄧㄥˊ ㄑㄧˋ ㄧㄝˋ	大型企業	36
ㄉㄚˋ ㄐㄧㄝˇ	大姊	36
ㄉㄚˋ ㄆㄞˊ ㄔㄤˊ ㄌㄨㄥˊ	大排長龍	36
ㄕㄜ ㄏㄨㄚˊ	奢華	36
ㄨㄟˇ ㄨㄢˇ	委婉	36
ㄨㄢˇ ㄐㄩˋ	婉拒	36
ㄘㄨㄣˊ ㄨㄤˊ	存亡	36
ㄒㄧㄠˋ ㄉㄠˋ	孝道	36
ㄒㄩㄝˊ ㄨˋ ㄓㄤˇ	學務長	36
ㄒㄩㄝˊ ㄍㄨㄢˇ	學館	36
ㄧㄣˊ	寅	36
ㄔㄚˊ ㄐㄩㄝˊ ㄉㄠˋ	察覺到	36
ㄅㄠˇ ㄊㄜˋ ㄆㄧㄥˊ	寶特瓶	36
ㄗㄨㄣ ㄍㄨㄟˋ	尊貴	36
ㄒㄧㄠˇ ㄇㄟˋ ㄇㄟˋ	小妹妹	36
ㄒㄧㄠˇ ㄉㄨㄥ ㄒㄧ	小東西	36
ㄒㄧㄠˇ ㄨㄤˊ	小王	36
ㄕㄠˋ ㄌㄧㄣˊ	少林	36
ㄐㄧㄡˋ ㄉㄤ	就當	36
ㄐㄩˋ ㄈㄨˊ	巨幅	36
ㄋㄧㄢˊ ㄕˋ	年事	36
ㄋㄧㄢˊ ㄇㄞˋ	年邁	36
ㄐㄧˇ ㄍㄜ˙ ㄗˋ	幾個字	36
ㄐㄧˇ ㄧˋ	幾億	36
ㄉㄧˇ ㄉㄧㄥˋ	底定	36
ㄉㄧˇ ㄆㄢˊ	底盤	36
ㄢ	庵	36
ㄕㄨˋ ㄇㄧㄣˊ	庶民	36
ㄈㄟˋ ㄑㄧˋ	廢氣	36
ㄓㄤ ㄉㄜˊ ㄆㄟˊ	張德培	36
ㄓㄤ ㄓㄨㄥ ㄇㄡˊ	張忠謀	36
ㄑㄧㄤˊ ㄈㄥ	強風	36
ㄇㄧˊ ㄙㄚ	彌撒	36
ㄏㄣˇ ㄇㄟˊ	很沒	36
ㄧㄤˊ	徉	36
ㄏㄡˋ ㄩㄢˊ ㄏㄨㄟˋ	後援會	36
ㄊㄨˊ ㄉㄧˋ	徒弟	36
ㄨㄟˊ ㄅㄛ ㄌㄨˊ	微波爐	36
ㄨㄟˊ ㄆㄛ ㄌㄨˊ	微波爐	36
ㄨㄟˊ ㄕㄥ ㄨˋ	微生物	36
ㄏㄨㄟ ㄓㄤ	徽章	36
ㄐㄧˊ ㄓㄨㄢˇ	急轉	36
ㄜˋ ㄍㄨㄛˇ	惡果	36
ㄒㄧㄤˇ ㄒㄧㄤˇ ㄎㄢˋ	想想看	36
ㄧㄥ ㄉㄠˋ	應到	36
ㄧㄥˋ ㄕㄥ	應聲	36
ㄧㄥˋ ㄩㄣˋ ㄦˊ ㄕㄥ	應運而生	36
ㄨㄛˇ ㄍㄨㄛˋ	我過	36
ㄓㄢˋ ㄎㄨㄤˋ	戰況	36
ㄓㄚ ㄍㄣ	扎根	36
ㄉㄚˇ ㄌㄞˊ	打來	36
ㄉㄚˇ ㄆㄞˊ	打牌	36
ㄊㄨㄛ ㄈㄨˊ	托福	36
ㄆㄠ ㄎㄞ	拋開	36
ㄊㄨㄛˋ ㄏㄨㄤ	拓荒	36
ㄆㄧㄣ ㄘㄡˋ	拼湊	36
ㄔˊ ㄆㄧㄥˊ	持平	36
ㄓˇ ㄇㄧㄥˊ	指名	36
ㄓˇ ㄐㄧㄢ	指尖	36
ㄅㄨˇ ㄏㄨㄛˋ	捕獲	36
ㄆㄞˊ ㄖㄨˋ	排入	36
ㄐㄧㄝ ㄕㄡˋ ㄉㄨˋ	接受度	36
ㄐㄧㄝ ㄅㄤˋ	接棒	36
ㄊㄨㄟ ㄐㄧˇ	推擠	36
ㄗㄡˋ	揍	36
ㄅㄢ ㄐㄧㄣˋ	搬進	36
ㄅㄛˋ ㄙㄨㄥˋ	播送	36
ㄘㄠ ㄒㄧㄣ	操心	36
ㄉㄢ ㄍㄤ	擔綱	36
ㄕㄡ ㄨㄟˇ	收尾	36
ㄍㄞˇ ㄉㄧㄠˋ	改掉	36
ㄇㄧㄣˇ ㄍㄢˇ ㄉㄨˋ	敏感度	36
ㄐㄧㄠˋ ㄗㄨㄥ	教宗	36
ㄐㄧㄠˋ ㄈㄨˋ	教父	36
ㄐㄧㄠ ㄎㄜˋ	教課	36
ㄍㄢˇ ㄅㄨˊ	敢不	36
ㄍㄢˇ ㄅㄨˋ	敢不	36
ㄓㄥˇ ㄍㄜˋ ㄖㄣˊ	整個人	36
ㄓㄥˇ ㄍㄜ˙ ㄖㄣˊ	整個人	36
ㄨㄣˊ ㄒㄩㄝˊ ㄩㄢˋ	文學院	36
ㄒㄧㄣ ㄗㄨㄛˋ ㄆㄧㄣˇ	新作品	36
ㄒㄧㄣ ㄌㄧˋ	新力	36
ㄒㄧㄣ ㄔㄥˊ ㄌㄧˋ	新成立	36
ㄒㄧㄣ ㄨㄣˊ ㄇㄟˊ ㄊㄧˇ	新聞媒體	36
ㄒㄧㄣ ㄨㄣˊ ㄐㄩˊ ㄓㄤˇ	新聞局長	36
ㄉㄨㄢˋ ㄉㄨㄢˋ	斷斷	36
ㄈㄤ ㄓˋ	方志	36
ㄗㄠˇ ㄓ	早知	36
ㄕˊ ㄐㄩˊ	時局	36
ㄓˋ ㄌㄧˋ	智力	36
ㄅㄠˋ ㄗㄠˋ	暴躁	36
ㄍㄥˋ ㄗㄞˋ	更在	36
ㄍㄥˋ ㄇㄟˊ ㄧㄡˇ	更沒有	36
ㄍㄥˋ ㄔㄤˇ	更長	36
ㄗㄨㄟˋ ㄑㄧㄢˊ	最前	36
ㄏㄨㄟˋ ㄓㄣˇ	會診	36
ㄔㄠˊ ㄕㄥˋ	朝聖	36
ㄇㄨˋ ㄌㄧㄣˊ	木林	36
ㄅㄣˇ ㄈㄣˋ	本分	36
ㄅㄣˇ ㄅㄣˇ	本本	36
ㄌㄧˇ ㄕ ㄎㄜ	李師科	36
ㄐㄧㄢˇ ㄅㄨˇ ㄓㄞˋ	柬埔寨	36
ㄐㄧㄢˇ ㄆㄨˇ ㄓㄞˋ	柬埔寨	36
ㄏㄜˊ ㄉㄨㄟˋ	核對	36
ㄇㄟˊ ㄗ˙	梅子	36
ㄑㄧˋ ㄓˋ	棄置	36
ㄐㄧㄢˇ ㄏㄜˊ	檢核	36
ㄓㄥˋ ㄇㄧㄥˊ	正名	36
ㄓㄥˋ ㄅㄢˇ	正版	36
ㄘㄢˊ ㄈㄟˋ	殘廢	36
ㄘㄢˊ ㄅㄠˋ	殘暴	36
ㄇㄠˊ ㄇㄠˊ ㄔㄨㄥˊ	毛毛蟲	36
ㄇㄧㄣˊ ㄓㄨˇ ㄐㄧㄣˋ ㄅㄨˋ ㄉㄤˇ	民主進步黨	36
ㄕㄨㄟˇ ㄌㄧˋ ㄏㄨㄟˋ	水利會	36
ㄕㄨㄟˇ ㄉㄧ	水滴	36
ㄐㄩㄝˊ ㄕㄥˋ	決勝	36
ㄈㄚˇ ㄌㄤˊ	法郎	36
ㄈㄚˋ ㄌㄤˊ	法郎	36
ㄙㄚˇ	洒	36
ㄌㄧㄡˊ ㄌㄧˋ	流利	36
ㄌㄧㄡˊ ㄒㄧㄥ ㄩˇ	流星雨	36
ㄌㄧㄡˊ ㄔㄢˇ	流產	36
ㄏㄠˋ ㄏㄠˋ	浩浩	36
ㄏㄞˇ ㄅㄠˋ	海豹	36
ㄏㄞˇ ㄌㄨㄥˊ	海龍	36
ㄏㄢˊ ㄧˋ	涵義	36
ㄏㄜˊ	涸	36
ㄏㄠˋ	涸	36
ㄌㄨㄣˊ ㄌㄨㄛˋ	淪落	36
ㄌㄧㄢˊ ㄧ	漣漪	36
ㄕㄨˋ	漱	36
ㄏㄨㄛˇ ㄔㄞˊ	火柴	36
ㄌㄧㄝˋ ㄕˋ	烈士	36
ㄨˊ ㄐㄧㄚˋ	無價	36
ㄨˊ ㄨㄟˋ	無味	36
ㄨˊ ㄍㄨㄞˋ	無怪	36
ㄨˊ ㄒㄧㄝˊ	無邪	36
ㄨˊ ㄗㄨˇ	無阻	36
ㄨˊ ㄐㄧˋ	無際	36
ㄓㄠˋ ㄍㄨˋ ㄉㄠˋ	照顧到	36
ㄈㄢˊ ㄇㄣˋ	煩悶	36
ㄒㄩㄥˊ ㄒㄩㄥˊ	熊熊	36
ㄕㄠ ㄔㄨ	燒出	36
ㄉㄧㄝ ㄉㄧㄝ	爹爹	36
ㄆㄧㄢˋ ㄨㄟˇ	片尾	36
ㄎㄨㄤˊ ㄈㄥ	狂風	36
ㄉㄨˊ ㄇㄨˋ	獨木	36
ㄔㄢˇ ㄕㄥ ㄑㄧˋ	產生器	36
ㄩㄥˋ ㄑㄧㄥˊ	用情	36
ㄧˋ ㄎㄡˇ ㄊㄨㄥˊ ㄕㄥ	異口同聲	36
ㄅㄧㄥˋ ㄐㄩㄣˋ	病菌	36
ㄐㄧˊ	瘠	36
ㄩˋ ㄏㄜˊ	癒合	36
ㄅㄞˊ ㄌㄠˇ ㄕㄨˇ	白老鼠	36
ㄅㄞˊ ㄈㄢˋ	白飯	36
ㄉㄜ˙ ㄒㄧㄣ ㄗㄨㄛˋ	的新作	36
ㄐㄧㄣˋ ㄉㄠˋ	盡到	36
ㄆㄢˊ ㄓㄥˇ	盤整	36
ㄒㄧㄤ ㄏㄨㄟˋ	相會	36
ㄒㄧㄤ ㄉㄤ ㄔㄥˊ ㄉㄨˋ	相當程度	36
ㄎㄢˋ ㄖㄜˋ ㄋㄠˋ	看熱鬧	36
ㄎㄢˋ ㄊㄡˊ	看頭	36
ㄎㄢˋ ㄊㄡ˙	看頭	36
ㄧㄢˇ ㄓㄥ ㄓㄥ	眼睜睜	36
ㄓㄨㄥˋ ㄧˋ ㄩㄢˊ	眾議員	36
ㄒㄧㄚ ㄗ˙	瞎子	36
ㄇㄠˊ ㄊㄡˊ	矛頭	36
ㄉㄨㄢˇ ㄓㄢˋ ㄉㄜ˙	短暫的	36
ㄕˊ ㄘㄞˊ	石材	36
ㄧㄢˊ ㄉㄨˊ	研讀	36
ㄘˊ ㄆㄧㄢˋ	磁片	36
ㄗㄨˇ ㄕ	祖師	36
ㄈㄨˊ ㄉㄜˊ	福德	36
ㄈㄨˊ ㄌㄨˋ	福祿	36
ㄧˊ ㄓˋ	移至	36
ㄓㄨㄥˇ ㄉㄧˋ	種地	36
ㄓㄨㄥˋ ㄘㄞˋ	種菜	36
ㄎㄨㄥ ㄔㄨㄤ ㄑㄧˊ	空窗期	36
ㄊㄨˊ ㄨˋ	突兀	36
ㄉㄧˋ ㄧ ㄖㄣˊ	第一人	36
ㄉㄧˋ ㄧ ㄆㄧㄢ	第一篇	36
ㄅㄧˇ ㄗ	筆資	36
ㄍㄨㄢˇ ㄓㄨㄥˋ	管仲	36
ㄐㄧㄡ ㄐㄧㄝˊ	糾結	36
ㄏㄨㄥˊ ㄔㄣˊ	紅塵	36
ㄏㄨㄥˊ ㄏㄨㄚ	紅花	36
ㄈㄣ ㄩㄣˊ	紛紜	36
ㄓㄨㄥ ㄋㄧㄢˊ	終年	36
ㄌㄨㄛˋ ㄧˋ	絡繹	36
ㄙ ㄨㄤˇ	絲網	36
ㄑㄩㄝ ㄏㄢˋ	缺憾	36
ㄗㄨㄟˋ ㄜˋ ㄍㄢˇ	罪惡感	36
ㄌㄨㄛˊ ㄏㄢˋ	羅漢	36
ㄇㄟˇ ㄍㄨˇ	美股	36
ㄒㄧㄡ ㄔˇ	羞恥	36
ㄆㄧㄢ ㄆㄧㄢ	翩翩	36
ㄍㄥ ㄉㄧˋ	耕地	36
ㄌㄧㄢˊ ㄅㄛ	聯播	36
ㄌㄧㄢˊ ㄅㄛˋ	聯播	36
ㄋㄧㄝˋ	聶	36
ㄊㄧㄥ ㄔㄨ	聽出	36
ㄍㄨˇ ㄓㄤˇ	股長	36
ㄢ ㄐㄧ ㄙㄨㄢ	胺基酸	36
ㄊㄨㄛ ㄔㄨ	脫出	36
ㄊㄨㄛ ㄐㄧㄝˊ	脫節	36
ㄋㄠˇ ㄇㄛˋ ㄧㄢˊ	腦膜炎	36
ㄈㄨˋ ㄒㄧㄝˋ	腹瀉	36
ㄉㄢˇ ㄌㄧㄤˋ	膽量	36
ㄌㄧㄣˊ ㄓㄨㄥ	臨終	36
ㄗˋ ㄅㄚˊ	自拔	36
ㄐㄩˇ ㄗㄨˊ	舉足	36
ㄐㄩˇ ㄗㄨˊ ㄑㄧㄥ ㄓㄨㄥˋ	舉足輕重	36
ㄕㄨ ㄔㄤˋ	舒暢	36
ㄩˋ ㄊㄡˊ	芋頭	36
ㄩˋ ㄊㄡ˙	芋頭	36
ㄏㄨㄚ ㄩㄥˋ	花用	36
ㄐㄩˋ	苣	36
ㄧㄥ ㄌㄧˇ	英里	36
ㄌㄧˋ	荔	36
ㄆㄨˊ ㄊㄧˊ	菩提	36
ㄏㄨㄚˊ ㄒㄧㄚˋ	華夏	36
ㄓㄨˋ ㄗㄨㄛˋ ㄨˋ	著作物	36
ㄍㄞˋ ㄓㄨˋ	蓋住	36
ㄨㄟˋ ㄌㄢˊ	蔚藍	36
ㄅㄤˋ	蚌	36
ㄧㄢˊ	蜒	36
ㄒㄧㄥˊ ㄓㄥˋ ㄔㄨˇ ㄈㄣˋ	行政處分	36
ㄐㄧㄝ ㄈㄤ	街坊	36
ㄅㄧㄠˇ ㄧˋ	表意	36
ㄕㄨㄞ ㄊㄨㄟˋ ㄉㄜ˙	衰退的	36
ㄒㄧ ㄧㄠˋ	西藥	36
ㄐㄩㄝˊ ㄔㄨ	覺出	36
ㄐㄧㄝˇ ㄍㄨˋ	解僱	36
ㄐㄧㄝˇ ㄎㄜˇ	解渴	36
ㄔㄨˋ ㄉㄨㄥˋ	觸動	36
ㄉㄧㄥˋ ㄓˋ	訂製	36
ㄐㄧˋ ㄙㄨㄢˋ ㄔㄨ	計算出	36
ㄒㄩㄣˋ ㄌㄧㄢˋ ㄔㄨ	訓練出	36
ㄒㄩˇ ㄍㄨㄛˊ	許國	36
ㄕˋ ㄒㄧㄤˇ	試想	36
ㄕㄨㄛ ㄔㄨㄢ	說穿	36
ㄉㄧㄠˋ ㄔㄚˊ ㄧㄢˊ ㄐㄧㄡˋ	調查研究	36
ㄑㄧㄥˇ ㄢˋ	請按	36
ㄒㄧㄝˋ ㄒㄧㄝˋ ㄋㄧㄣˊ	謝謝您	36
ㄒㄧㄝˋ ㄒㄧㄝ˙ ㄋㄧㄣˊ	謝謝您	36
ㄅㄧㄢˋ ㄔㄨ	變出	36
ㄔㄣˋ	讖	36
ㄔㄠ ㄑㄧㄢˊ	超前	36
ㄊㄧㄠˋ ㄎㄨㄥ	跳空	36
ㄊㄧㄠˋ ㄑㄧˇ ㄌㄞˊ	跳起來	36
ㄊㄧㄠˋ ㄐㄧㄣˋ	跳進	36
ㄉㄨㄛˇ ㄉㄠˋ	躲到	36
ㄒㄩㄢ ㄖㄢˊ ㄉㄚˋ ㄅㄛ	軒然大波	36
ㄒㄩㄢ ㄖㄢˊ ㄉㄚˋ ㄆㄛ	軒然大波	36
ㄑㄧㄥ ㄖㄡˊ	輕柔	36
ㄕㄨ ㄉㄧㄠˋ	輸掉	36
ㄇㄧˊ ㄌㄧˊ	迷離	36
ㄊㄡˋ ㄔㄜˋ	透徹	36
ㄊㄡˋ ㄊㄡˋ	透透	36
ㄉㄡˋ ㄌㄧㄡˊ	逗留	36
ㄊㄨㄥ ㄕˋ	通事	36
ㄌㄧㄢˊ ㄉㄨㄥˋ	連動	36
ㄌㄧㄢˊ ㄅㄞˋ	連敗	36
ㄐㄧㄣˋ ㄒㄧㄤ	進香	36
ㄧㄡˊ ㄌㄧˋ	遊歷	36
ㄍㄨㄛˋ ㄉㄨㄥ	過冬	36
ㄩㄢˇ ㄑㄩˋ	遠去	36
ㄓㄜ ㄧㄢˇ	遮掩	36
ㄅㄧˋ ㄕㄨˇ	避暑	36
ㄧㄠ ㄑㄧㄥˇ ㄙㄞˋ	邀請賽	36
ㄋㄚˇ ㄎㄜ	那顆	36
ㄋㄚˋ ㄎㄜ	那顆	36
ㄒㄧㄝˊ ㄜˋ ㄉㄜ˙	邪惡的	36
ㄉㄡ ㄉㄠˋ	都到	36
ㄓㄥˋ ㄍㄨㄛˊ	鄭國	36
ㄔㄨㄥˊ ㄗㄡˋ	重奏	36
ㄉㄧㄥ ㄗ˙	釘子	36
ㄔㄨㄢˋ	釧	36
ㄧㄣˊ ㄆㄞˊ	銀牌	36
ㄓㄨㄥ ㄑㄧㄥˊ	鍾情	36
ㄊㄧㄝˇ ㄉㄧㄥˋ	鐵定	36
ㄔㄤˊ ㄍㄥ ㄧ ㄩㄢˋ	長庚醫院	36
ㄎㄞ ㄊㄨㄥ	開通	36
ㄈㄤˊ ㄉㄢˋ	防彈	36
ㄚ ㄇㄧㄥˊ	阿明	36
ㄆㄟˊ ㄓㄜ˙	陪著	36
ㄙㄨㄟˊ ㄎㄡˇ	隨口	36
ㄓ ㄕㄣ	隻身	36
ㄒㄩㄝˇ ㄏㄨㄚ	雪花	36
ㄩㄣˊ ㄘㄥˊ	雲層	36
ㄩㄣˊ ㄌㄧㄤˋ	雲量	36
ㄌㄡˋ ㄌㄧㄢˇ	露臉	36
ㄌㄨˋ ㄌㄧㄢˇ	露臉	36
ㄅㄚˋ ㄑㄩㄢˊ	霸權	36
ㄑㄧㄥ ㄔㄨㄣ ㄉㄡˋ	青春痘	36
ㄑㄧㄥ ㄏㄞˇ	青海	36
ㄇㄧㄢˋ ㄜˊ	面額	36
ㄩˋ ㄅㄟˋ ㄐㄧㄣ	預備金	36
ㄩˋ ㄉㄧㄥˋ ㄉㄧˋ	預定地	36
ㄌㄧㄥˇ ㄕˋ ㄍㄨㄢˇ	領事館	36
ㄌㄧㄥˇ ㄉㄞˋ	領帶	36
ㄊㄨㄟˊ ㄈㄟˋ	頹廢	36
ㄈㄥ ㄓㄨㄥ	風中	36
ㄧㄤˇ ㄌㄜˋ ㄉㄨㄛ	養樂多	36
ㄕㄡˇ ㄅㄛ	首播	36
ㄕㄡˇ ㄖˋ	首日	36
ㄇㄚˇ ㄙㄞˋ ㄎㄜˋ	馬賽克	36
ㄏㄞˋ ㄖㄣˊ	駭人	36
ㄐㄧㄥ ㄧˋ	驚異	36
ㄍㄨˇ ㄓˊ	骨質	36
ㄍㄠ ㄍㄠ ㄒㄧㄥˋ ㄒㄧㄥˋ	高高興興	36
ㄙㄨㄥ ㄉㄨㄥˋ	鬆動	36
ㄍㄨㄟˇ ㄍㄨㄞˋ	鬼怪	36
ㄑㄧˊ	鰭	36
ㄈㄥˋ ㄕㄢ ㄕˋ	鳳山市	36
ㄌㄧㄥˊ	鴒	36
ㄧㄥ	鸚	36
ㄇㄧㄢˋ ㄉㄧㄢˋ	麵店	36
ㄉㄧㄢˇ ㄏㄨㄛˇ	點火	36
ㄉㄧㄢˇ ㄉㄧㄢˇ ㄉㄧ ㄉㄧ	點點滴滴	36
ㄑㄧˊ ㄍㄨㄛˊ	齊國	36
ㄧ ㄎㄨㄞˋ ㄎㄨㄞˋ	一塊塊	35
ㄧˊ ㄎㄨㄞˋ ㄎㄨㄞˋ	一塊塊	35
ㄧ ㄐㄩˊ	一局	35
ㄧˋ ㄐㄩˊ	一局	35
ㄧ ㄒㄧˊ ㄓ ㄉㄧˋ	一席之地	35
ㄧˋ ㄒㄧˊ ㄓ ㄉㄧˋ	一席之地	35
ㄧ ㄕㄢˋ	一扇	35
ㄧˊ ㄕㄢˋ	一扇	35
ㄧ ㄕㄨˇ	一數	35
ㄧˋ ㄕㄨˇ	一數	35
ㄧ ㄎㄜ	一科	35
ㄧˋ ㄎㄜ	一科	35
ㄧ ㄔㄡˊ	一籌	35
ㄧˋ ㄔㄡˊ	一籌	35
ㄙㄢ ㄍㄜ˙ ㄗˋ	三個字	35
ㄙㄢ ㄔㄤˇ	三場	35
ㄙㄢ ㄓ	三芝	35
ㄒㄧㄚˋ ㄓ	下肢	35
ㄅㄨˋ ㄏㄜˊ ㄕˊ ㄧˊ	不合時宜	35
ㄅㄨˋ ㄕ ㄨㄟˊ	不失為	35
ㄅㄨˊ ㄐㄧㄣˋ ㄖㄢˊ	不盡然	35
ㄅㄧㄥˋ ㄐㄧㄢ	並肩	35
ㄓㄨㄥ ㄍㄨㄛˊ ㄏㄞˇ	中國海	35
ㄓㄨㄥ ㄕㄥ ㄉㄞˋ	中生代	35
ㄓㄨㄥˋ ㄩㄥˋ	中用	35
ㄈㄥ	丰	35
ㄓㄨˇ ㄓˋ	主治	35
ㄐㄧㄡˇ ㄦˊ ㄐㄧㄡˇ ㄓ	久而久之	35
ㄧㄝˇ ㄏㄨㄟˋ ㄗㄞˋ	也會在	35
ㄕˋ ㄧㄝˋ ㄅㄨˋ	事業部	35
ㄨˇ ㄩㄝˋ ㄈㄣˋ	五月份	35
ㄐㄧㄠ ㄏㄨㄢˋ ㄐㄧ	交換機	35
ㄐㄧㄠ ㄊㄨㄥ ㄢ ㄑㄩㄢˊ	交通安全	35
ㄌㄧㄤˋ ㄑㄧˇ	亮起	35
ㄖㄣˊ ㄏㄜˊ	仁和	35
ㄐㄧㄣ ㄖㄣˊ	今人	35
ㄉㄞˋ ㄇㄧㄥˊ ㄘˊ	代名詞	35
ㄨㄟˋ ㄋㄥˊ	位能	35
ㄉㄧ ㄋㄧㄢˊ ㄐㄧˊ	低年級	35
ㄈㄛˊ ㄍㄨㄤ	佛光	35
ㄈㄛˊ ㄐㄧㄥ	佛經	35
ㄌㄞˊ ㄏㄢˊ	來函	35
ㄌㄞˊ ㄊㄧˇ	來體	35
ㄙㄨˊ ㄩˇ	俗語	35
ㄅㄠˇ ㄕㄡˇ ㄓㄨˇ ㄧˋ	保守主義	35
ㄅㄠˇ ㄌㄧㄡˊ ㄉㄧˋ	保留地	35
ㄅㄠˇ ㄓㄨㄥˋ	保重	35
ㄒㄧㄡ ㄏㄨˋ	修護	35
ㄔㄨㄢˊ ㄐㄧㄠˋ ㄕˋ	傳教士	35
ㄔㄨˊ ㄘㄤˊ	儲藏	35
ㄔㄨㄥ ㄇㄢˇ ㄓㄜ˙	充滿著	35
ㄒㄧㄢ ㄑㄧˊ	先期	35
ㄍㄨㄤ ㄋㄧㄢˊ	光年	35
ㄖㄨˋ ㄧㄝˋ	入夜	35
ㄌㄧㄤˇ ㄈㄣ	兩分	35
ㄌㄧㄤˇ ㄒㄧㄠˇ ㄕˊ	兩小時	35
ㄌㄧㄤˇ ㄉㄨˋ	兩度	35
ㄌㄧㄤˇ ㄕㄡˇ	兩手	35
ㄌㄧㄤˇ ㄈㄤ ㄇㄧㄢˋ	兩方面	35
ㄅㄚ ㄌㄧˇ	八里	35
ㄍㄨㄥ ㄌㄧˇ	公理	35
ㄐㄧㄢ ㄖㄨㄥˊ	兼容	35
ㄈㄣ ㄐㄩˋ	分句	35
ㄈㄣˋ ㄨㄞˋ	分外	35
ㄈㄣ ㄑㄩㄢˊ	分權	35
ㄈㄣ ㄐㄧㄝˋ	分界	35
ㄌㄧㄝˋ ㄌㄜ˙	列了	35
ㄌㄧㄝˋ ㄔㄨ ㄌㄞˊ	列出來	35
ㄔㄨ ㄙㄢ	初三	35
ㄅㄧㄝˊ ㄒㄧㄤˇ	別想	35
ㄍㄤ ㄍㄤ ㄏㄠˇ	剛剛好	35
ㄔㄨㄤˋ ㄕˇ ㄖㄣˊ	創始人	35
ㄏㄨㄚˋ ㄉㄧㄥˋ	劃定	35
ㄐㄧㄚ ㄍㄜ˙	加個	35
ㄐㄧㄚ ㄅㄢ ㄈㄟˋ	加班費	35
ㄓㄨˋ ㄒㄩㄝˊ ㄉㄞˋ ㄎㄨㄢˇ	助學貸款	35
ㄏㄨㄟˋ ㄉㄨㄟˋ	匯兌	35
ㄏㄨㄟˋ ㄔㄨ	匯出	35
ㄑㄩ ㄑㄩ	區區	35
ㄕˊ ㄑㄧ ㄍㄜˋ	十七個	35
ㄕˊ ㄑㄧ ㄍㄜ˙	十七個	35
ㄕˊ ㄍㄨㄥ ㄌㄧˇ	十公里	35
ㄨㄟˊ ㄐㄧˊ	危急	35
ㄨㄟˊ ㄌㄡˊ	危樓	35
ㄩㄢˊ ㄅㄢˇ	原版	35
ㄑㄩˇ ㄩㄝˋ	取悅	35
ㄕㄡˋ ㄔㄨㄤˋ	受創	35
ㄓˇ ㄕˋ ㄧㄡˇ	只是有	35
ㄐㄩㄣ ㄨㄤˊ	君王	35
ㄔㄨㄟ ㄗㄡˋ	吹奏	35
ㄨㄣˇ ㄏㄜˊ	吻合	35
ㄌㄩˇ ㄇㄧㄥˊ ㄘˋ	呂明賜	35
ㄕㄤ ㄊㄢˊ	商談	35
ㄔㄨㄛˋ	啜	35
ㄔ	嗤	35
ㄙˋ ㄍㄜ˙ ㄖㄣˊ	四個人	35
ㄍㄨㄛˊ ㄐㄧㄚ ㄎㄜ ㄒㄩㄝˊ	國家科學	35
ㄍㄨㄛˊ ㄐㄧˋ ㄅㄧㄠ ㄓㄨㄣˇ	國際標準	35
ㄊㄨˊ ㄓㄨㄥ	圖中	35
ㄉㄧˋ ㄒㄧㄚˋ ㄏㄨㄚˋ	地下化	35
ㄉㄧˋ ㄒㄧㄚˋ ㄊㄧㄝˇ	地下鐵	35
ㄉㄧˋ ㄉㄨㄢˋ	地段	35
ㄒㄧㄥˊ ㄏㄠˋ	型號	35
ㄓˊ ㄨㄟˇ ㄏㄨㄟˋ	執委會	35
ㄐㄧㄢ ㄧˋ	堅毅	35
ㄅㄠˋ ㄍㄠˋ ㄢˋ	報告案	35
ㄅㄠˋ ㄉㄚˊ	報答	35
ㄙㄞˋ ㄋㄟˋ ㄐㄧㄚ ㄦˇ	塞內加爾	35
ㄓㄨㄟˋ ㄌㄨㄛˋ	墜落	35
ㄩㄥ	壅	35
ㄩㄥˇ	壅	35
ㄨㄞˋ ㄒㄧㄤˋ	外相	35
ㄉㄨㄛ ㄩㄢˊ ㄨㄣˊ ㄏㄨㄚˋ	多元文化	35
ㄉㄨㄛ ㄎㄨㄥ	多空	35
ㄉㄚˋ ㄧㄤˊ	大洋	35
ㄉㄚˋ ㄌㄧㄡˊ	大流	35
ㄉㄚˋ ㄍㄨㄛ	大鍋	35
ㄊㄧㄢ ㄈㄣˋ	天份	35
ㄊㄞˋ ㄎㄨㄥ ㄓㄢˋ	太空站	35
ㄈㄨ ㄑㄧ ㄌㄧㄤˇ	夫妻倆	35
ㄑㄧˊ ㄏㄨㄢˋ	奇幻	35
ㄉㄨㄛˊ ㄇㄨˋ	奪目	35
ㄕˇ ㄏㄨㄤˊ	始皇	35
ㄔㄤˊ	嫦	35
ㄧㄥ ㄧㄡˋ ㄦˊ	嬰幼兒	35
ㄒㄩㄝˊ ㄨˋ ㄔㄨˋ	學務處	35
ㄒㄩㄝˊ ㄧㄤˇ	學養	35
ㄉㄧㄥˋ ㄜˊ	定額	35
ㄒㄧㄠ ㄧㄝˋ	宵夜	35
ㄐㄧˋ ㄒㄧㄣˋ	寄信	35
ㄔㄨㄥˇ ㄞˋ	寵愛	35
ㄓㄨㄢ ㄘㄞˊ	專才	35
ㄓㄨㄢ ㄐㄧ	專機	35
ㄉㄨㄟˋ ㄋㄟˋ	對內	35
ㄒㄧㄠˇ ㄦˊ ㄇㄚˊ ㄅㄧˋ	小兒麻痺	35
ㄒㄧㄠˇ ㄊㄧˊ ㄑㄧㄣˊ ㄐㄧㄚ	小提琴家	35
ㄒㄧㄠˇ ㄊㄨㄟˇ	小腿	35
ㄒㄧㄠˇ ㄒㄧ ㄩㄢˊ	小西園	35
ㄧㄡˊ ㄑㄧㄥ	尤清	35
ㄨㄤ	尪	35
ㄋㄧㄠˋ ㄅㄨˋ	尿布	35
ㄐㄩˊ ㄅㄨˋ ㄒㄧㄥˋ	局部性	35
ㄑㄩ ㄖㄨˇ	屈辱	35
ㄑㄩ ㄖㄨˋ	屈辱	35
ㄕㄢ ㄔㄚˊ	山茶	35
ㄕㄢ ㄈㄥ	山風	35
ㄔㄨㄥˊ ㄐㄧㄥˋ	崇敬	35
ㄒㄩㄣˊ ㄌㄧˇ	巡禮	35
ㄉㄞˋ ㄏㄨㄟˊ ㄑㄩˋ	帶回去	35
ㄅㄧㄥˋ	并	35
ㄧㄡ ㄢˋ	幽暗	35
ㄐㄧˇ ㄕˊ	幾時	35
ㄐㄧˇ ㄇㄧㄠˇ	幾秒	35
ㄧㄢˊ ㄑㄧˊ	延期	35
ㄐㄧㄢˋ ㄐㄧㄠ	建交	35
ㄓㄤ ㄙㄢ	張三	35
ㄊㄢˊ ㄗㄡˋ	彈奏	35
ㄏㄨㄟˋ ㄅㄧㄢ	彙編	35
ㄒㄧㄥˊ ㄧㄥˇ	形影	35
ㄉㄞˋ ㄇㄧㄥˋ	待命	35
ㄏㄡˋ ㄕㄤˋ	後上	35
ㄉㄜˊ ㄌㄧˋ	得力	35
ㄘㄨㄥˊ ㄧㄢˊ	從嚴	35
ㄨㄟˊ ㄌㄧㄤˋ	微量	35
ㄒㄧㄣ ㄑㄧㄝˋ	心切	35
ㄒㄧㄣ ㄆㄧㄥˊ ㄑㄧˋ ㄏㄜˊ	心平氣和	35
ㄎㄨㄞˋ ㄎㄨㄞˋ ㄌㄜˋ ㄌㄜˋ	快快樂樂	35
ㄒㄧㄤˇ ㄎㄢˋ ㄎㄢˋ	想看看	35
ㄏㄨㄤˊ ㄏㄨㄤˊ	惶惶	35
ㄍㄢˇ ㄖㄢˇ ㄉㄠˋ	感染到	35
ㄧㄡ ㄕㄤ	憂傷	35
ㄧㄥˋ ㄩㄥˋ ㄩˊ	應用於	35
ㄔㄥˊ ㄧ	成衣	35
ㄎㄢ	戡	35
ㄓㄢˋ ㄉㄡˋ ㄐㄧ	戰鬥機	35
ㄈㄤˊ ㄇㄣˊ	房門	35
ㄘㄞˊ ㄉㄜˊ	才得	35
ㄘㄞˊ ㄑㄧˋ	才氣	35
ㄉㄚˇ ㄑㄧㄤ	打槍	35
ㄓㄨㄚ ㄑㄩˋ	抓去	35
ㄊㄡˊ ㄆㄧㄠˋ ㄑㄩㄢˊ	投票權	35
ㄌㄚ ㄓㄨˋ	拉住	35
ㄋㄚˊ ㄅㄨˊ ㄉㄠˋ	拿不到	35
ㄢˋ ㄒㄧㄚˋ ㄑㄩˋ	按下去	35
ㄨㄚ ㄔㄨ ㄌㄞˊ	挖出來	35
ㄐㄩ	据	6.351308576902391
ㄐㄩˋ	据	35
ㄊㄢˋ ㄒㄩㄣˊ	探尋	35
ㄐㄧㄝ ㄏㄜˊ	接合	35
ㄐㄧㄝ ㄉㄧˋ	接地	35
ㄔㄚ ㄊㄡˊ	插頭	35
ㄏㄨㄟ ㄙㄚˇ	揮灑	35
ㄍㄠˇ ㄑㄧㄥ ㄔㄨˇ	搞清楚	35
ㄔㄥ ㄍㄢ	撐竿	35
ㄅㄛ ㄍㄟˇ	撥給	35
ㄈㄨˇ ㄨㄟˋ	撫慰	35
ㄅㄛˋ ㄓㄨㄥˇ	播種	35
ㄕㄜˋ ㄧㄥˇ ㄆㄥˊ	攝影棚	35
ㄓㄥˋ ㄊㄨㄢˊ	政團	35
ㄓㄥˋ ㄐㄧㄝˋ	政界	35
ㄅㄞˋ ㄙㄨˋ	敗訴	35
ㄐㄧㄠˋ ㄨˋ ㄔㄨˋ	教務處	35
ㄐㄧㄠ ㄒㄩㄝˊ ㄈㄚˇ	教學法	35
ㄐㄧㄠˋ ㄒㄩㄝˊ ㄈㄚˇ	教學法	35
ㄨㄣˊ ㄐㄩˋ	文句	35
ㄈㄨˇ ㄊㄡˊ	斧頭	35
ㄈㄨˇ ㄊㄡ˙	斧頭	35
ㄒㄧㄣ ㄈㄚ ㄓㄢˇ	新發展	35
ㄕˊ ㄕˊ ㄎㄜˋ ㄎㄜˋ	時時刻刻	35
ㄕˊ ㄒㄧㄥ	時興	35
ㄑㄧㄥˊ ㄊㄧㄢ	晴天	35
ㄓㄢˋ ㄑㄧㄝˇ	暫且	35
ㄅㄠˋ ㄌㄧˋ	暴利	35
ㄍㄥˋ ㄩㄢˇ	更遠	35
ㄧㄡˇ ㄌㄧˋ ㄎㄜˇ ㄊㄨˊ	有利可圖	35
ㄧㄡˇ ㄧㄤˋ	有樣	35
ㄓㄠ ㄑㄧˋ	朝氣	35
ㄨㄟˋ ㄨㄢˊ ㄔㄥˊ	未完成	35
ㄨㄟˋ ㄏㄨㄛˋ	未獲	35
ㄅㄣˇ ㄓㄡ	本周	35
ㄓㄨ ㄌㄧˋ ㄌㄨㄣˊ	朱立倫	35
ㄌㄧㄣˊ ㄏㄞˇ	林海	35
ㄓ ㄊㄡˊ	枝頭	35
ㄍㄢ ㄐㄩˊ	柑橘	35
ㄎㄜ ㄨㄣˊ ㄓㄜˊ	柯文哲	35
ㄑㄩㄝˋ	榷	35
ㄌㄡˊ ㄅㄢˇ	樓板	35
ㄅㄧㄠ ㄕㄡˋ	標售	35
ㄅㄧㄠ ㄢˋ	標案	35
ㄕㄨˋ ㄘㄨㄥˊ	樹叢	35
ㄐㄧㄢˇ ㄊㄠˇ ㄏㄨㄟˋ	檢討會	35
ㄑㄧㄢˋ ㄐㄧㄚ	欠佳	35
ㄏㄨㄢ ㄩˊ	歡愉	35
ㄨˇ ㄨㄤˊ	武王	35
ㄧㄣ ㄑㄧㄣˊ	殷勤	35
ㄕㄚ ㄐㄧㄚˋ	殺價	35
ㄉㄨˊ ㄧㄠˋ	毒藥	35
ㄅㄧˇ ㄐㄧㄠˋ ㄉㄜ˙	比較的	35
ㄏㄠˊ ㄇㄧˇ	毫米	35
ㄓㄢ	氈	35
ㄇㄧㄣˊ ㄍㄨㄥ	民工	35
ㄇㄧㄣˊ ㄩㄢˋ	民怨	35
ㄇㄧㄣˊ ㄩㄥˋ	民用	35
ㄑㄧˋ ㄧㄚ	氣壓	35
ㄈㄚˇ ㄌㄚ	法拉	35
ㄏㄨㄥˊ ㄑㄧˊ ㄔㄤ	洪奇昌	35
ㄏㄨㄛˊ ㄏㄨㄛˊ	活活	35
ㄆㄞˋ ㄕㄤˋ ㄩㄥˋ ㄔㄤˇ	派上用場	35
ㄌㄧㄡˊ ㄒㄧㄥˊ ㄍㄜ	流行歌	35
ㄨˊ	浯	35
ㄏㄞˇ ㄍㄤˇ	海港	35
ㄧˋ ㄊㄞˋ	液態	35
ㄧㄝˋ ㄊㄞˋ	液態	35
ㄑㄧㄥ ㄧ ㄙㄜˋ	清一色	35
ㄑㄧㄥ ㄍㄨㄥ	清宮	35
ㄐㄧㄢˇ ㄧㄚ	減壓	35
ㄉㄨˋ ㄏㄞˇ	渡海	35
ㄨㄟˋ	渭	35
ㄧㄢˇ ㄓㄜ˙	演著	35
ㄋㄨㄥˊ ㄧㄢ	濃煙	35
ㄌㄢˋ ㄎㄣˇ	濫墾	35
ㄨˊ ㄙㄨㄛˇ ㄕˋ ㄘㄨㄥˊ	無所適從	35
ㄨˊ ㄨㄤˋ	無望	35
ㄨˊ ㄋㄥˊ ㄨㄟˊ ㄌㄧˋ	無能為力	35
ㄕㄢ ㄉㄨㄥˋ	煽動	35
ㄧㄥˊ ㄌㄧˋ ㄕˋ ㄧㄝˋ	營利事業	35
ㄧㄥˊ ㄕㄥ	營生	35
ㄓㄨˊ ㄍㄨㄤ	燭光	35
ㄐㄧㄣˋ	燼	35
ㄓㄥ ㄑㄧˋ	爭氣	35
ㄆㄧㄢˋ ㄕㄤ	片商	35
ㄅㄢˇ ㄕㄨㄟˋ	版稅	35
ㄨˋ ㄩˇ	物語	35
ㄨㄟˇ	猥	35
ㄒㄧㄢˋ ㄕㄣ	獻身	35
ㄒㄩㄢˊ ㄐㄧ	玄機	35
ㄨㄢˊ ㄨㄟˋ	玩味	35
ㄨㄢˋ ㄨㄟˋ	玩味	35
ㄨㄢˊ ㄉㄜ˙	玩得	35
ㄅㄢ ㄈㄟˋ	班費	35
ㄒㄧㄢˋ ㄒㄧㄥˊ ㄈㄚˇ	現行法	35
ㄑㄧㄡˊ ㄧ	球衣	35
ㄓㄨㄛˊ ㄇㄛˊ	琢磨	35
ㄌㄧㄣˊ ㄌㄤˊ	琳瑯	35
ㄕㄥ ㄨˋ ㄒㄧˋ	生物系	35
ㄔㄢˇ ㄒㄧㄚˋ	產下	35
ㄉㄥ ㄔㄨ	登出	35
ㄈㄚ ㄓㄢˇ ㄐㄩˊ	發展局	35
ㄅㄞˇ ㄉㄨˋ	百度	35
ㄇㄥˊ ㄍㄨㄛˊ	盟國	35
ㄐㄧㄣˋ ㄒㄧㄥˋ	盡興	35
ㄓˊ ㄔㄤˊ	直腸	35
ㄒㄧㄤ ㄓㄨˋ	相助	35
ㄒㄧㄤ ㄍㄨㄢ ㄅㄨˋ ㄏㄨㄟˋ	相關部會	35
ㄎㄢˋ ㄘㄨㄛˋ	看錯	35
ㄓ ㄕˋ	知事	35
ㄉㄨㄢˇ ㄎㄨˋ	短褲	35
ㄉㄨㄢˇ ㄕˋ	短視	35
ㄧㄢˊ ㄒㄧˊ ㄅㄢ	研習班	35
ㄆㄛˋ ㄧㄣ	破音	35
ㄈㄨˊ ㄕㄡˋ	福壽	35
ㄈㄨˊ ㄕㄢ	福山	35
ㄈㄨˊ ㄌㄨㄥˊ	福隆	35
ㄊㄨ ㄊㄡˊ	禿頭	35
ㄓㄢˋ ㄨㄣˇ	站穩	35
ㄐㄧㄥˋ ㄓㄥ ㄓㄜˇ	競爭者	35
ㄓㄨˊ ㄌㄧㄢˊ ㄅㄤ	竹聯幫	35
ㄅㄚ	笆	35
ㄉㄧˋ ㄧ ㄐㄧˋ	第一季	35
ㄉㄧˋ ㄦˋ ㄇㄧㄥˊ	第二名	35
ㄙㄨㄢˋ ㄑㄧˇ	算起	35
ㄍㄨㄢˇ ㄒㄧㄢˊ	管弦	35
ㄊㄥˊ	籐	35
ㄩˋ ㄑㄧㄥˇ	籲請	35
ㄇㄧˇ ㄍㄠ	米糕	35
ㄒㄧˋ ㄊㄨㄥˇ ㄏㄨㄚˋ	系統化	35
ㄒㄧˋ ㄔㄤˊ	細長	35
ㄐㄧㄝˊ ㄅㄢˋ	結伴	35
ㄐㄩㄝˊ ㄐㄧ	絕跡	35
ㄐㄧㄥ ㄗㄠˋ	經造	35
ㄌㄩˋ ㄌㄩˋ	綠綠	35
ㄅㄧㄢ ㄐㄧˊ ㄅㄨˋ	編輯部	35
ㄨㄟˇ ㄌㄞˊ	緯來	35
ㄗㄨㄥˇ ㄉㄜ˙	總得	35
ㄈㄚˊ ㄑㄧㄡˊ	罰球	35
ㄌㄨㄛˊ ㄨㄣˊ ㄐㄧㄚ	羅文嘉	35
ㄇㄟˇ ㄔㄠ	美鈔	35
ㄈㄢ ㄈㄨˋ	翻覆	35
ㄅㄟˋ ㄙㄨㄥˋ	背誦	35
ㄈㄨˇ ㄏㄨㄚˋ	腐化	35
ㄓˋ ㄕㄥˋ	致勝	35
ㄔㄨㄢˊ ㄕㄣ	船身	35
ㄐㄧㄢ ㄎㄨㄣˋ	艱困	35
ㄈㄣ ㄈㄤ	芬芳	35
ㄏㄨㄚ ㄔㄜ	花車	35
ㄎㄨˇ ㄌㄧㄢˋ	苦練	35
ㄇㄠˋ ㄕㄥˋ	茂盛	35
ㄇㄠˊ ㄨ	茅屋	35
ㄇㄠˊ ㄘㄠˇ	茅草	35
ㄔㄚˊ ㄐㄩˋ	茶具	35
ㄘㄠˇ ㄒㄧㄝˊ	草鞋	35
ㄐㄧㄢˋ	荐	35
ㄏㄨㄚˊ ㄋㄚˋ	華納	35
ㄨㄢˋ ㄕㄡˋ	萬壽	35
ㄨㄛ ㄐㄩˋ	萵苣	35
ㄌㄨㄛˋ ㄇㄛˋ	落寞	35
ㄌㄨㄛˋ ㄉㄜˊ	落得	35
ㄓㄥ ㄈㄚ	蒸發	35
ㄍㄞˋ ㄓㄤ	蓋章	35
ㄍㄞˋ ㄑㄧˇ	蓋起	35
ㄌㄧㄢˊ ㄨˋ	蓮霧	35
ㄨㄢ ㄧㄢˊ	蜿蜒	35
ㄒㄧㄝˇ ㄢˋ	血案	35
ㄒㄧㄥˊ ㄓㄥˋ ㄑㄩ ㄩˋ	行政區域	35
ㄅㄟˋ ㄆㄧㄢˋ	被騙	35
ㄌㄧㄝˋ ㄏㄣˊ	裂痕	35
ㄒㄧ ㄨㄣˊ	西文	35
ㄒㄧ ㄧㄡˇ	西有	35
ㄒㄧ ㄅㄢ ㄧㄚˊ ㄨㄣˊ	西班牙文	35
ㄒㄧ ㄌㄨˋ	西路	35
ㄐㄧㄢˋ ㄖㄣˊ ㄐㄧㄢˋ ㄓˋ	見仁見智	35
ㄍㄨㄢ ㄓㄠˋ	觀照	35
ㄐㄧㄝˇ ㄆㄧㄣˋ	解聘	35
ㄐㄧㄝˇ ㄆㄧㄥˋ	解聘	35
ㄉㄧㄥˋ ㄨㄟˊ	訂為	35
ㄈㄤˇ ㄨㄣˋ ㄍㄠˇ	訪問稿	35
ㄓㄚˋ ㄘㄞˊ	詐財	35
ㄍㄨㄟˇ ㄐㄩㄝˊ	詭譎	35
ㄍㄞ ㄉㄧˋ	該地	35
ㄍㄞ ㄧㄡˊ	該由	35
ㄍㄞ ㄙㄨㄢˋ	該算	35
ㄎㄜˋ ㄏㄡˋ	課後	35
ㄎㄜˋ ㄨㄣˊ	課文	35
ㄊㄧㄠˊ ㄓˋ	調製	35
ㄑㄧㄥˇ ㄗㄞˋ	請在	35
ㄑㄧㄥˇ ㄢ	請安	35
ㄇㄧˋ	謐	35
ㄧˋ ㄉㄧㄥˋ	議定	35
ㄈㄥ ㄔㄢˇ	豐產	35
ㄈㄢˋ ㄉㄨˊ	販毒	35
ㄍㄨㄟˋ ㄖㄣˊ	貴人	35
ㄕㄣ ㄐㄧㄥ	身經	35
ㄔㄜ ㄐㄧㄚˋ	車駕	35
ㄖㄨㄢˇ ㄏㄨㄚˋ	軟化	35
ㄌㄨㄣˊ ㄗ˙	輪子	35
ㄕㄨ ㄑㄧㄡˊ	輸球	35
ㄍㄨ ㄈㄨˋ	辜負	35
ㄐㄩㄥˇ ㄧˋ	迥異	35
ㄇㄧˊ ㄇㄧˊ	迷迷	35
ㄓㄨㄟ ㄙ	追思	35
ㄙㄨㄥˋ ㄖㄨˋ	送入	35
ㄊㄠˊ ㄆㄠˇ	逃跑	35
ㄊㄠˊ ㄋㄢˋ	逃難	35
ㄊㄨㄥ ㄕˇ	通史	35
ㄊㄨㄥ ㄒㄩㄣˋ ㄕㄜˋ	通訊社	35
ㄌㄧㄢˊ ㄓㄤˇ	連長	35
ㄐㄧㄣˋ ㄒㄧㄥˊ ㄉㄠˋ	進行到	35
ㄧㄡˊ ㄧˋ	遊藝	35
ㄩㄣˋ ㄉㄨㄥˋ ㄒㄩㄢˇ ㄕㄡˇ	運動選手	35
ㄒㄧㄚˊ ㄌㄧㄥˊ	遐齡	35
ㄧㄠˊ ㄎㄨㄥˋ ㄑㄧˋ	遙控器	35
ㄩㄢˇ ㄕㄢ	遠山	35
ㄇㄞˋ ㄚ ㄇㄧˋ	邁阿密	35
ㄉㄨ ㄕˋ ㄖㄣˊ	都市人	35
ㄑㄧㄡˊ	酋	35
ㄐㄧㄡˇ ㄅㄟ	酒杯	35
ㄐㄧㄤˋ ㄓ	醬汁	35
ㄌㄧㄤˊ ㄉㄠˋ	量到	35
ㄐㄧㄣ ㄎㄨㄞˋ	金塊	35
ㄐㄧㄣ ㄎㄨㄤˋ	金礦	35
ㄓㄣ ㄓ	針織	35
ㄧㄣˊ ㄗ˙	銀子	35
ㄊㄨㄥˊ ㄆㄞˊ	銅牌	35
ㄇㄟˇ	鎂	35
ㄓㄣˋ ㄉㄧㄥˋ	鎮定	35
ㄊㄧㄝˇ ㄇㄚˇ	鐵馬	35
ㄅㄧㄠ	鑣	35
ㄎㄞ ㄐㄧㄣˋ	開進	35
ㄎㄨㄛˋ ㄧㄝˋ ㄌㄧㄣˊ	闊葉林	35
ㄍㄨㄢ ㄉㄨㄥ	關東	35
ㄍㄨㄢ ㄉㄨㄥ ㄉㄧˋ ㄈㄤ	關東地方	35
ㄗㄨˇ ㄐㄩㄝˊ	阻絕	35
ㄩㄢˋ ㄇㄣˊ	院門	35
ㄔㄣˊ ㄕㄜˋ	陳設	35
ㄐㄧˊ ㄧㄡˊ	集郵	35
ㄘ ㄒㄩㄥˊ	雌雄	35
ㄘˊ ㄒㄩㄥˊ	雌雄	35
ㄌㄧㄥˊ ㄙㄨㄟˋ	零碎	35
ㄉㄧㄢˋ ㄘˊ ㄅㄛ	電磁波	35
ㄉㄧㄢˋ ㄘˊ ㄆㄛ	電磁波	35
ㄉㄧㄢˋ ㄕˋ ㄨㄤˇ	電視網	35
ㄉㄧㄢˋ ㄏㄨㄚˋ ㄏㄠˋ ㄇㄚˇ	電話號碼	35
ㄉㄧㄢˋ ㄌㄧˊ	電離	35
ㄌㄨˋ ㄊㄡˊ	露頭	35
ㄒㄧㄤˋ ㄩˇ	項羽	35
ㄊㄡˊ ㄑㄧㄢˊ ㄒㄧ	頭前溪	35
ㄍㄨˋ ㄐㄧˋ	顧忌	35
ㄈㄥ ㄑㄩˋ	風趣	35
ㄧㄤˇ ㄈㄨˋ	養父	35
ㄘㄢ ㄈㄟˋ	餐費	35
ㄇㄚˇ ㄒㄧˋ	馬戲	35
ㄊㄧˇ ㄒㄧㄥˊ	體形	35
ㄊㄧˇ ㄇㄧㄢˋ	體面	35
ㄍㄠ ㄨㄟˋ	高位	35
ㄍㄠ ㄍㄠ ㄗㄞˋ ㄕㄤˋ	高高在上	35
ㄇㄛˊ ㄕㄨˋ ㄕ	魔術師	35
ㄩˊ ㄑㄩㄣˊ	魚群	35
ㄋㄧㄠˇ ㄏㄨㄟˋ	鳥會	35
ㄉㄧㄠ	鵰	35
ㄧ ㄩㄢˊ ㄏㄨㄚˋ	一元化	34
ㄧˋ ㄩㄢˊ ㄏㄨㄚˋ	一元化	34
ㄧ ㄑㄧㄥ	一清	34
ㄧˋ ㄑㄧㄥ	一清	34
ㄙㄢ ㄓㄤ	三張	34
ㄙㄢ ㄉㄥˇ	三等	34
ㄕㄤˋ ㄒㄧㄤˋ	上相	34
ㄒㄧㄚˋ ㄊㄨˊ	下圖	34
ㄒㄧㄚˋ ㄕㄣ	下身	34
ㄕˋ ㄐㄧㄝˋ ㄐㄧˋ ㄌㄨˋ	世界紀錄	34
ㄅㄧㄥˋ ㄅㄨˊ ㄗㄞˋ	並不在	34
ㄓㄨㄥ ㄐㄧㄢ	中堅	34
ㄓㄨㄥ ㄎㄜ ㄩㄢˋ	中科院	34
ㄓㄨˇ ㄐㄧㄤˋ	主將	34
ㄓㄨˇ ㄍㄢˋ	主幹	34
ㄓ ㄓㄨˇ	之主	34
ㄓ ㄨˊ	之無	34
ㄧㄝˇ ㄒㄧㄤˋ	也像	34
ㄖㄨˇ ㄌㄠˋ	乳酪	34
ㄖㄨˇ ㄌㄨㄛˋ	乳酪	34
ㄨˇ ㄒㄧㄢˋ	五線	34
ㄨˇ ㄧㄢˊ ㄌㄧㄡˋ ㄙㄜˋ	五顏六色	34
ㄖㄣˊ ㄘˊ	仁慈	34
ㄊㄚ ㄕㄤˋ	他上	34
ㄉㄞˋ ㄅㄧㄠˇ ㄖㄣˊ	代表人	34
ㄧˇ ㄒㄧ	以西	34
ㄕㄣ ㄓㄤ	伸張	34
ㄏㄜˊ ㄓㄜˇ	何者	34
ㄋㄧˇ ㄓㄠˇ	你找	34
ㄌㄞˊ ㄨㄣˊ	來文	34
ㄧˋ	俋	34
ㄒㄧㄡ ㄧㄝˋ	修業	34
ㄐㄧㄚˇ ㄖㄨˊ ㄕㄨㄛ	假如說	34
ㄗㄨㄛˋ ㄘㄞˋ	做菜	34
ㄠˋ ㄇㄢˋ	傲慢	34
ㄒㄧㄤˋ ㄧㄤˋ	像樣	34
ㄔㄨㄥ ㄑㄧˊ ㄌㄧㄤˋ	充其量	34
ㄖㄨˋ ㄉㄤˇ	入黨	34
ㄋㄟˋ ㄇㄛˊ	內膜	34
ㄑㄩㄢˊ ㄑㄩㄢˊ	全權	34
ㄑㄩㄢˊ ㄜˊ	全額	34
ㄌㄧㄤˇ ㄓ	兩支	34
ㄅㄚ ㄉㄨˋ	八度	34
ㄍㄨㄥ ㄕㄜˋ	公設	34
ㄌㄧㄡˋ ㄩㄝˋ ㄈㄣˋ	六月份	34
ㄌㄧㄡˋ ㄘˋ	六次	34
ㄑㄧˊ ㄘˋ ㄕˋ	其次是	34
ㄌㄥˇ ㄒㄧㄠˋ	冷笑	34
ㄔㄨ ㄔㄨ	出出	34
ㄔㄨ ㄍㄨㄟˇ	出軌	34
ㄏㄢˊ ㄙㄨㄥˋ	函送	34
ㄈㄣ ㄘㄨㄣˋ	分寸	34
ㄈㄣ ㄍㄨㄥ ㄏㄜˊ ㄗㄨㄛˋ	分工合作	34
ㄈㄣ ㄒㄧㄣ	分心	34
ㄒㄧㄥˊ ㄑㄧˊ	刑期	34
ㄌㄧㄝˋ ㄑㄧㄤˊ	列強	34
ㄎㄜ ㄏㄨㄚˋ	刻畫	34
ㄎㄜˋ ㄏㄨㄚˋ	刻畫	34
ㄈㄨˋ ㄙㄨㄛˇ ㄓㄤˇ	副所長	34
ㄌㄧˋ ㄉㄧㄢˇ	力點	34
ㄐㄧㄚ ㄐㄧㄢˇ	加減	34
ㄐㄧㄚ ㄨㄣ	加溫	34
ㄐㄧㄚ ㄇㄥˊ ㄉㄧㄢˋ	加盟店	34
ㄉㄨㄥˋ ㄏㄨㄚˋ ㄆㄧㄢˋ	動畫片	34
ㄌㄧˋ ㄒㄧㄣ ㄐㄧ ㄐㄧㄣ ㄏㄨㄟˋ	勵馨基金會	34
ㄕˊ ㄗˋ ㄌㄨˋ ㄎㄡˇ	十字路口	34
ㄕˊ ㄕㄨˋ	十數	34
ㄅㄢˋ ㄔㄤˇ	半場	34
ㄩㄢˊ ㄅㄣˇ ㄗㄞˋ	原本在	34
ㄩㄢˊ ㄇㄠˋ	原貌	34
ㄈㄢˇ ㄆㄨ	反撲	34
ㄕㄡˋ ㄘㄨㄛˋ	受挫	34
ㄎㄡˇ ㄓㄠˋ	口罩	34
ㄍㄨˇ ㄉㄧㄢˇ ㄧㄣ ㄩㄝˋ	古典音樂	34
ㄓˇ ㄗㄨㄛˋ	只做	34
ㄓˇ ㄊㄧㄥ	只聽	34
ㄓˇ ㄧㄠˋ ㄋㄥˊ	只要能	34
ㄎㄜˇ ㄉㄨˊ	可讀	34
ㄊㄞˊ ㄔㄜ	台車	34
ㄍㄜˋ ㄅㄧㄝˊ	各別	34
ㄒㄧㄤˋ ㄒㄧㄥˋ	向性	34
ㄨˊ ㄕㄨˊ ㄓㄣ	吳淑珍	34
ㄉㄨㄛˋ	咄	34
ㄏㄜˊ ㄋㄢˊ	和南	34
ㄕㄤ ㄒㄩㄝˊ ㄩㄢˋ	商學院	34
ㄕㄤ ㄑㄩㄝˋ	商榷	34
ㄕㄢˋ ㄐㄧㄚ	善加	34
ㄕㄢˋ ㄒㄧㄥˊ	善行	34
ㄎㄜˋ	嗑	34
ㄏㄜˊ	嗑	6.351308576902391
ㄧㄝ	噎	34
ㄍㄨㄛˊ ㄩˇ ㄖˋ ㄅㄠˋ	國語日報	34
ㄍㄨㄛˊ ㄐㄧˋ ㄈㄚˇ	國際法	34
ㄊㄨˇ ㄒㄧㄥˋ	土性	34
ㄗㄞˋ ㄊㄞˊ ㄒㄧㄝˊ ㄏㄨㄟˋ	在台協會	34
ㄉㄧˋ ㄈㄤ ㄒㄧㄣ ㄨㄣˊ	地方新聞	34
ㄗㄨㄛˋ ㄔㄜ	坐車	34
ㄔㄨㄟˊ ㄙˇ	垂死	34
ㄇㄛˋ ㄐㄧㄥˋ	墨鏡	34
ㄨㄞˋ ㄅㄧˋ	外幣	34
ㄙㄨˋ	夙	34
ㄉㄨㄛ ㄐㄧㄠˇ	多角	34
ㄉㄨㄛ ㄉㄧㄢˇ	多點	34
ㄏㄨㄛˇ ㄊㄨㄥˊ	夥同	34
ㄉㄚˋ ㄊㄨㄥˊ ㄒㄧㄠˇ ㄧˋ	大同小異	34
ㄉㄚˋ ㄊㄨˊ ㄕㄚ	大屠殺	34
ㄉㄚˋ ㄞˋ	大愛	34
ㄉㄚˋ ㄇㄨˇ ㄓˇ	大拇指	34
ㄉㄚˋ ㄧˋ	大義	34
ㄉㄚˋ ㄉㄧㄝˊ	大跌	34
ㄊㄧㄢ ㄌㄨㄣˊ	天倫	34
ㄊㄧㄢ ㄨㄢˊ	天完	34
ㄊㄧㄢ ㄖˋ	天日	34
ㄅㄣ ㄒㄧㄤˋ	奔向	34
ㄏㄠˋ ㄎㄜˋ	好客	34
ㄏㄠˇ ㄕㄥ	好生	34
ㄏㄠˋ ㄕㄥ	好生	34
ㄨㄟˇ ㄅㄢˋ	委辦	34
ㄆㄧˋ	媲	34
ㄔㄤˊ ㄜˊ	嫦娥	34
ㄗˋ ㄇㄧㄢˋ	字面	34
ㄖㄨˊ	孺	34
ㄖㄨˋ	孺	34
ㄕㄡˇ ㄔㄥˊ	守成	34
ㄕㄡˇ ㄏㄨˋ ㄕㄣˊ	守護神	34
ㄏㄨㄥˊ ㄍㄨㄛˊ	宏國	34
ㄎㄜˋ ㄈㄤˊ	客房	34
ㄏㄞˋ ㄔㄨㄥˊ	害蟲	34
ㄐㄧㄚ ㄕˋ	家世	34
ㄐㄧㄚ ㄗ˙	家子	34
ㄕㄜˋ ㄕㄡˇ	射手	34
ㄓㄨㄢ ㄍㄨㄥ	專攻	34
ㄓㄨㄢ ㄧㄝˋ ㄒㄧㄥˋ	專業性	34
ㄉㄨㄟˋ ㄨㄛˇ ㄕㄨㄛ	對我說	34
ㄒㄧㄠˇ ㄍㄨㄥ ㄓㄨˇ	小公主	34
ㄒㄧㄠˇ ㄅㄠˋ	小報	34
ㄒㄧㄠˇ ㄉㄧㄢˋ	小店	34
ㄕㄢ ㄈㄥ	山峰	34
ㄔㄨㄥˊ ㄕㄤˋ	崇尚	34
ㄉㄧㄢ ㄈㄥ	巔峰	34
ㄨ ㄕ	巫師	34
ㄨˊ ㄕ	巫師	34
ㄕ ㄒㄩㄥ	師兄	34
ㄒㄧˊ ㄐㄩㄢˇ	席捲	34
ㄆㄧㄥˊ ㄏㄨㄚˊ	平滑	34
ㄍㄢˋ ㄏㄨㄛˊ	幹活	34
ㄖㄨㄛˋ ㄕˋ ㄊㄨㄢˊ ㄊㄧˇ	弱勢團體	34
ㄨㄢ ㄧㄠ	彎腰	34
ㄒㄧㄥˊ ㄒㄧㄥˊ ㄙㄜˋ ㄙㄜˋ	形形色色	34
ㄧㄥˇ ㄔㄥˊ	影城	34
ㄐㄧㄥˋ ㄙㄞˋ	徑賽	34
ㄓˋ ㄑㄩˋ	志趣	34
ㄧㄤˋ	恙	34
ㄇㄣ ㄖㄜˋ	悶熱	34
ㄇㄣˋ ㄖㄜˋ	悶熱	34
ㄞˋ ㄨㄢˊ	愛玩	34
ㄍㄢˇ ㄓ	感知	34
ㄕㄣˋ ㄒㄩㄢˇ	慎選	34
ㄍㄨㄢˋ ㄩˊ	慣於	34
ㄐㄧㄝˋ ㄧㄢ	戒菸	34
ㄓㄢˋ ㄓㄢˋ ㄐㄧㄥ ㄐㄧㄥ	戰戰兢兢	34
ㄘㄞˊ ㄎㄢˋ ㄉㄠˋ	才看到	34
ㄉㄚˇ ㄍㄜ˙	打個	34
ㄉㄚˇ ㄔㄨ ㄌㄞˊ	打出來	34
ㄉㄚˇ ㄗㄨㄛˋ	打坐	34
ㄉㄚˇ ㄕㄡˇ	打手	34
ㄅㄚˇ ㄔˊ	把持	34
ㄅㄚˇ ㄨㄢˊ	把玩	34
ㄅㄚˇ ㄨㄢˋ	把玩	34
ㄓㄨㄚ ㄔㄨ	抓出	34
ㄔㄡ ㄎㄨㄥˋ	抽空	34
ㄔㄡ ㄒㄧㄝˇ	抽血	34
ㄌㄚ ㄉㄚˋ	拉大	34
ㄌㄚ ㄓㄜ˙	拉著	34
ㄓˇ ㄓㄜ˙	指著	34
ㄘㄨㄛˋ ㄓㄜˊ ㄍㄢˇ	挫折感	34
ㄅㄨˇ ㄕㄚ	捕殺	34
ㄙㄠˇ ㄇㄨˋ	掃墓	34
ㄙㄠˇ ㄇㄧㄠˊ ㄑㄧˋ	掃描器	34
ㄑㄧㄚ	掐	34
ㄧㄤˊ ㄇㄧㄥˊ	揚名	34
ㄏㄨㄟ ㄨˇ	揮舞	34
ㄓㄨㄤˋ ㄙˇ	撞死	34
ㄊㄚˋ	撻	34
ㄊㄢ ㄎㄞ	攤開	34
ㄍㄞˇ ㄍㄨㄢ	改觀	34
ㄓㄥˋ ㄍㄞˇ	政改	34
ㄐㄧㄥˋ ㄓㄨㄥˋ	敬重	34
ㄓㄥˇ ㄒㄧㄥˊ	整型	34
ㄒㄧㄣ ㄔㄠˊ ㄌㄧㄡˊ	新潮流	34
ㄒㄧㄣ ㄕㄥ ㄅㄠˋ	新生報	34
ㄈㄤ ㄈㄚˇ ㄌㄨㄣˋ	方法論	34
ㄑㄧˊ ㄗ˙	旗子	34
ㄖˋ ㄓㄨㄥ	日中	34
ㄖˋ ㄌㄧˋ	日立	34
ㄏㄨㄣ ㄏㄨㄣ	昏昏	34
ㄒㄧㄥ ㄔㄣˊ	星辰	34
ㄧㄥˋ ㄗㄞˋ	映在	34
ㄕˊ ㄖㄣˊ	時人	34
ㄆㄨˇ ㄎㄠˇ	普考	34
ㄓㄢˋ ㄕˊ ㄉㄜ˙	暫時的	34
ㄅㄠˋ ㄉㄧㄝˊ	暴跌	34
ㄍㄥˋ ㄐㄧㄚ ㄉㄜ˙	更加的	34
ㄇㄢˋ ㄏㄚ ㄉㄨㄣˋ	曼哈頓	34
ㄏㄨㄟˋ ㄈㄟˋ	會費	34
ㄩㄝˋ ㄙㄜˋ	月色	34
ㄧㄡˇ ㄕˋ ㄑㄧㄥˊ	有事情	34
ㄧㄡˇ ㄎㄡˇ	有口	34
ㄧㄡˇ ㄉㄨˊ	有讀	34
ㄨㄟˋ ㄔㄥˊ ㄋㄧㄢˊ	未成年	34
ㄨㄟˋ ㄩˇ ㄔㄡˊ ㄇㄡˊ	未雨綢繆	34
ㄌㄧˇ ㄢ	李安	34
ㄌㄧˇ ㄅㄞˊ	李白	34
ㄘㄨㄣ ㄌㄧˇ	村里	34
ㄉㄨˋ ㄈㄨˇ	杜甫	34
ㄉㄨㄥ ㄕˋ	東勢	34
ㄌㄧㄣˊ ㄓㄥˋ ㄐㄧㄝˊ	林正杰	34
ㄍㄨㄛˇ ㄋㄨㄥˊ	果農	34
ㄎㄨ ㄐㄧㄝˊ	枯竭	34
ㄐㄧㄚ	枷	34
ㄇㄡˇ ㄊㄧㄢ	某天	34
ㄒㄧㄠˋ ㄅㄣˇ ㄅㄨˋ	校本部	34
ㄢˋ ㄋㄟˋ	案內	34
ㄐㄧㄝˊ	桔	34
ㄐㄩˊ	桔	6.351308576902391
ㄍㄞˋ ㄌㄨㄣˋ	概論	34
ㄩㄝˋ ㄍㄨㄥ	樂工	34
ㄐㄩˊ ㄙㄜˋ	橘色	34
ㄐㄧ ㄧㄠˋ	機要	34
ㄘˋ ㄕㄥ	次生	34
ㄏㄨㄢ ㄉㄨˋ	歡度	34
ㄓㄥˋ ㄑㄧㄠˇ	正巧	34
ㄓㄥˋ ㄊㄧˇ	正體	34
ㄘˇ ㄑㄧˇ ㄅㄧˇ ㄌㄨㄛˋ	此起彼落	34
ㄌㄧˋ ㄐㄧㄝˋ	歷屆	34
ㄉㄨˊ ㄑㄧˋ	毒氣	34
ㄅㄧˇ ㄕㄤˋ	比上	34
ㄇㄧㄣˊ ㄕㄜˋ	民社	34
ㄑㄧˋ ㄌㄜ˙	氣了	34
ㄑㄧˋ ㄆㄠˋ	氣泡	34
ㄑㄧˋ ㄆㄛˋ	氣魄	34
ㄕㄨㄟˇ ㄑㄧㄡˊ	水球	34
ㄕㄨㄟˇ ㄐㄧㄠˇ	水餃	34
ㄩㄥˇ ㄎㄤ	永康	34
ㄑㄧㄡˊ ㄅㄧㄢˋ	求變	34
ㄐㄩㄝˊ ㄉㄡˋ	決鬥	34
ㄕㄣˇ ㄈㄨˋ ㄒㄩㄥˊ	沈富雄	34
ㄔㄣˊ ㄐㄧ	沈積	34
ㄧㄡˊ ㄌㄨㄣˊ	油輪	34
ㄐㄧㄣ ㄐㄧㄣ ㄌㄜˋ ㄉㄠˋ	津津樂道	34
ㄏㄨㄛˊ ㄒㄧㄤˋ	活像	34
ㄌㄧㄡˊ ㄒㄧㄥˊ ㄧㄣ ㄩㄝˋ	流行音樂	34
ㄑㄧㄢˇ ㄅㄛˊ	淺薄	34
ㄑㄧㄢˇ ㄅㄠˊ	淺薄	34
ㄑㄧㄥ ㄔㄤˊ	清償	34
ㄐㄧㄢˇ ㄈㄟˊ ㄧㄠˋ	減肥藥	34
ㄩㄥˇ ㄔㄨ	湧出	34
ㄧㄢˇ ㄏㄨㄛˊ	演活	34
ㄔㄢˊ	潺	34
ㄐㄧ ㄕㄤˇ	激賞	34
ㄏㄨㄛˇ ㄑㄧˋ	火氣	34
ㄏㄨㄛˇ ㄌㄨㄥˊ	火龍	34
ㄨ ㄕㄢ ㄊㄡˊ	烏山頭	34
ㄨ ㄩˊ	烏魚	34
ㄨˊ ㄐㄧㄚ ㄎㄜˇ ㄍㄨㄟ	無家可歸	34
ㄨˊ ㄓㄥˋ ㄈㄨˇ ㄓㄨˇ ㄧˋ	無政府主義	34
ㄨˊ ㄕˊ ㄨˊ ㄎㄜˋ	無時無刻	34
ㄨˊ ㄨㄟˊ	無為	34
ㄨˊ ㄒㄧㄢˋ ㄨㄤˇ ㄌㄨˋ	無線網路	34
ㄨˊ ㄐㄧㄝˇ	無解	34
ㄖㄜˋ ㄌㄧˋ	熱力	34
ㄅㄠˋ ㄌㄧㄝˋ	爆裂	34
ㄧㄚˊ ㄕㄨㄚ	牙刷	34
ㄊㄜˋ ㄒㄩˇ	特許	34
ㄙㄨㄛˇ ㄕˋ	瑣事	34
ㄕㄥ ㄧˋ ㄖㄣˊ	生意人	34
ㄕㄥ ㄨˋ ㄒㄩㄝˊ ㄐㄧㄚ	生物學家	34
ㄔㄢˇ ㄕㄥ ㄔㄨ	產生出	34
ㄌㄧㄡˊ ㄒㄧㄣ	留心	34
ㄌㄧㄡˊ ㄋㄧㄢˋ	留念	34
ㄒㄩˋ ㄇㄨˋ	畜牧	34
ㄔㄨˋ ㄕㄥ	畜生	34
ㄉㄤ ㄍㄨㄢ	當關	34
ㄐㄧ ㄒㄧㄥˊ	畸形	34
ㄊㄨㄥˋ ㄔㄨˇ	痛楚	34
ㄊㄨㄥˋ ㄈㄥ	痛風	34
ㄙㄨㄢ	痠	34
ㄨㄣ	瘟	34
ㄈㄚ ㄎㄢ	發刊	34
ㄈㄚ ㄐㄧㄢˋ	發見	34
ㄈㄚ ㄧㄢˊ ㄑㄩㄢˊ	發言權	34
ㄅㄞˊ ㄅㄧㄥ ㄅㄧㄥ	白冰冰	34
ㄅㄞˊ ㄏㄜˊ	白河	34
ㄧˋ ㄔㄨˋ	益處	34
ㄉㄧㄥ ㄓㄜ˙	盯著	34
ㄇㄤˊ ㄅㄠ	盲胞	34
ㄎㄢˋ ㄅㄨˊ ㄒㄧㄚˋ ㄑㄩˋ	看不下去	34
ㄎㄢˋ ㄑㄧˊ	看齊	34
ㄧㄢˊ ㄇㄛˊ	研磨	34
ㄧㄢˊ ㄓˋ	研製	34
ㄑㄩㄝˋ ㄉㄧㄥˋ ㄕˋ	確定是	34
ㄆㄢˊ	磐	34
ㄕㄜˋ ㄏㄨㄟˋ ㄍㄞˇ ㄍㄜˊ	社會改革	34
ㄗㄨˇ ㄈㄨˋ ㄇㄨˇ	祖父母	34
ㄑㄧㄡ ㄐㄧㄣˇ	秋瑾	34
ㄑㄧㄡ ㄇㄠˋ ㄩㄢˊ	秋茂園	34
ㄎㄜ ㄐㄧˋ ㄅㄨˋ	科技部	34
ㄑㄧㄣˊ ㄨㄤˊ	秦王	34
ㄓㄨㄥˋ ㄧㄣ	種因	34
ㄇㄨˋ ㄙ ㄌㄧㄣˊ	穆斯林	34
ㄎㄨㄥ ㄎㄨㄤˋ	空曠	34
ㄊㄧㄠˇ	窕	34
ㄎㄜ	窠	34
ㄑㄧㄝˋ ㄗㄟˊ	竊賊	34
ㄉㄧˋ ㄙㄢ ㄇㄧㄥˊ	第三名	34
ㄉㄧˋ ㄦˋ ㄏㄨㄟˊ	第二回	34
ㄉㄧˋ ㄅㄚ ㄕˊ	第八十	34
ㄉㄧˋ ㄙˋ ㄐㄧㄝˋ	第四屆	34
ㄘㄜˋ ㄌㄩㄝˋ ㄒㄧㄥˋ	策略性	34
ㄐㄧㄥ ㄧㄡˊ	精油	34
ㄇㄧˊ	糜	34
ㄏㄨㄥˊ ㄌㄡˊ ㄇㄥˋ	紅樓夢	34
ㄏㄨㄥˊ ㄌㄩˋ ㄉㄥ	紅綠燈	34
ㄏㄨㄥˊ ㄓㄨㄥˇ	紅腫	34
ㄐㄧㄥ ㄌㄧˋ ㄍㄨㄛˋ	經歷過	34
ㄐㄧㄥ ㄐㄧˋ ㄒㄧˋ	經濟系	34
ㄐㄧㄣˇ ㄌㄧㄣˊ	緊鄰	34
ㄅㄧㄢ ㄗㄨˇ	編組	34
ㄗㄨㄥˇ ㄖㄣˊ ㄎㄡˇ	總人口	34
ㄗㄨㄥˇ ㄕˋ ㄗㄞˋ	總是在	34
ㄗㄨㄥˇ ㄐㄧㄣ ㄜˊ	總金額	34
ㄈㄢˊ ㄗㄚˊ	繁雜	34
ㄠˊ	翱	34
ㄎㄠˇ ㄑㄩˇ	考取	34
ㄏㄠˋ ㄉㄧㄢˋ	耗電	34
ㄩˋ ㄧㄡˋ ㄩㄢˋ	育幼院	34
ㄏㄨˊ ㄓˋ ㄑㄧㄤˊ	胡志強	34
ㄊㄨㄛ ㄅㄨˋ ㄌㄧㄠˇ	脫不了	34
ㄊㄨㄛ ㄊㄞ ㄏㄨㄢˋ ㄍㄨˇ	脫胎換骨	34
ㄐㄧㄠ ㄉㄞˋ	膠帶	34
ㄎㄨㄞˋ	膾	34
ㄗˋ ㄩㄢˋ ㄒㄧㄥˋ	自願性	34
ㄐㄧㄡˋ ㄕˊ	舊時	34
ㄌㄧㄤˊ ㄐㄧ	良機	34
ㄐㄧㄢ ㄐㄩˋ	艱鉅	34
ㄅㄚ ㄌㄟˇ ㄨˇ ㄊㄨㄢˊ	芭蕾舞團	34
ㄅㄚ ㄌㄟˊ ㄨˇ ㄊㄨㄢˊ	芭蕾舞團	34
ㄎㄨˇ ㄌㄠˊ ㄨㄤˇ	苦勞網	34
ㄧㄥ ㄩˇ ㄒㄧˋ	英語系	34
ㄔㄚˊ ㄅㄟ	茶杯	34
ㄧㄡˇ	莠	6.351308576902391
ㄧㄡˋ	莠	34
ㄏㄨˇ ㄍㄨˇ	虎骨	34
ㄏㄠˋ ㄓˋ	號誌	34
ㄅㄨˇ ㄔㄤˊ ㄈㄟˋ	補償費	34
ㄒㄧ ㄅㄢ ㄧㄚˊ ㄩˇ	西班牙語	34
ㄈㄨˋ ㄔㄜˋ	覆轍	34
ㄕˋ ㄗㄨㄛˋ	視作	34
ㄐㄧㄝˇ ㄐㄧㄣˋ	解禁	34
ㄏㄨㄟ	詼	34
ㄏㄨㄟ ㄒㄧㄝˊ	詼諧	34
ㄉㄧㄠˋ ㄖㄣˋ	調任	34
ㄉㄧㄠˋ ㄕㄥ	調升	34
ㄊㄢˊ ㄒㄧㄠˋ	談笑	34
ㄓㄥˋ ㄑㄩㄢˋ ㄐㄧㄠ ㄧˋ	證券交易	34
ㄕㄨˋ ㄌㄧˋ	豎立	34
ㄘㄞˊ ㄨˋ ㄅㄨˋ	財務部	34
ㄏㄨㄛˋ ㄩㄢˊ	貨源	34
ㄗㄜˊ ㄇㄚˋ	責罵	34
ㄊㄧㄝ ㄉㄠˋ	貼到	34
ㄅㄧㄣ ㄎㄜˋ	賓客	34
ㄑㄧˇ ㄒㄧㄢ	起先	34
ㄔㄠ ㄉㄠˇ	超導	34
ㄍㄢˇ ㄨㄤˇ	趕往	34
ㄍㄢˇ ㄇㄤˊ	趕忙	34
ㄓㄠˋ ㄕㄠˋ ㄎㄤ	趙少康	34
ㄌㄨˋ ㄎㄨㄤˋ	路況	34
ㄌㄨˋ ㄅㄧㄢ ㄊㄢ	路邊攤	34
ㄊㄧㄠˋ ㄕㄤˋ	跳上	34
ㄊㄧㄠˋ ㄘㄠˊ	跳槽	34
ㄊㄧㄠˋ ㄗㄠˇ	跳蚤	34
ㄊㄚˋ	蹋	34
ㄔㄡˊ	躊	34
ㄕㄣ ㄐㄧㄠˋ	身教	34
ㄈㄨˇ ㄉㄠˇ ㄩㄢˊ	輔導員	34
ㄓㄨㄢˇ ㄌㄞˊ	轉來	34
ㄓㄨㄢˇ ㄐㄧㄣˋ	轉進	34
ㄋㄨㄥˊ ㄒㄩㄝˊ	農學	34
ㄋㄨㄥˊ ㄓㄥˋ	農政	34
ㄋㄧˋ ㄒㄧㄤˋ	逆向	34
ㄊㄡˋ ㄇㄧㄥˊ ㄉㄨˋ	透明度	34
ㄙㄨˋ ㄕˊ ㄉㄧㄢˋ	速食店	34
ㄌㄧㄢˊ ㄧㄝˋ	連夜	34
ㄧㄡˊ ㄒㄩㄝˊ	遊學	34
ㄩㄣˋ ㄌㄧㄤˋ	運量	34
ㄍㄨㄛˋ ㄨㄣˋ	過問	34
ㄉㄠˋ ㄅㄧㄝˊ	道別	34
ㄩㄢˇ ㄊㄧㄠˋ	遠眺	34
ㄒㄩㄢˇ ㄇㄟˇ	選美	34
ㄧˊ ㄌㄧㄡˊ ㄒㄧㄚˋ	遺留下	34
ㄙㄨㄟˋ	邃	34
ㄐㄧㄡˇ ㄏㄡˋ	酒後	34
ㄔㄡˊ ㄌㄠˊ	酬勞	34
ㄧ ㄎㄜ	醫科	34
ㄓㄨㄥˋ ㄉㄧˋ	重地	34
ㄔㄨㄥˊ ㄙㄨˋ	重塑	34
ㄔㄨㄥˊ ㄐㄧㄢˋ	重見	34
ㄓㄨㄥˋ ㄗㄜˊ	重責	34
ㄇㄣˊ ㄇㄧㄢˋ	門面	34
ㄕㄢˇ ㄧㄠˋ	閃耀	34
ㄎㄞ ㄏㄨㄚˋ	開化	34
ㄎㄞ ㄐㄩㄢˋ	開卷	34
ㄎㄞ ㄕㄢ	開山	34
ㄎㄞ ㄇㄨˋ ㄉㄧㄢˇ ㄌㄧˇ	開幕典禮	34
ㄎㄞ ㄇㄨˋ ㄕˋ	開幕式	34
ㄎㄞ ㄏㄨˋ	開戶	34
ㄎㄞ ㄎㄞ	開開	34
ㄩㄝˋ ㄐㄩㄢˋ	閱卷	34
ㄈㄨˋ ㄊㄨˊ	附圖	34
ㄈㄨˋ ㄓㄨㄛˊ	附著	34
ㄒㄧㄢˋ ㄩㄥˋ	限用	34
ㄒㄧㄢˋ ㄜˊ	限額	34
ㄕㄢˇ ㄒㄧ	陝西	34
ㄔㄨˊ ㄈㄟ ㄧㄡˇ	除非有	34
ㄔㄣˊ ㄐㄧㄣ ㄈㄥ	陳金鋒	34
ㄌㄨˋ ㄏㄞˇ	陸海	34
ㄒㄩㄥˊ ㄒㄧㄣ	雄心	34
ㄧㄚˇ ㄐㄧㄚ ㄉㄚˊ	雅加達	34
ㄌㄧˊ ㄅㄧㄝˊ	離別	34
ㄩˇ ㄧ	雨衣	34
ㄩㄣˊ ㄨˋ	雲霧	34
ㄉㄧㄢˋ ㄐㄧˊ	電擊	34
ㄋㄧˊ	霓	34
ㄧㄣ ㄩˋ	音域	34
ㄉㄧㄥˇ ㄌㄡˊ	頂樓	34
ㄩˋ ㄕㄜˋ ㄉㄜ˙	預設的	34
ㄅㄢ ㄅㄨˋ	頒布	34
ㄊㄡˊ ㄊㄨㄥˋ ㄉㄜ˙	頭痛的	34
ㄊㄡˊ ㄒㄩˋ	頭緒	34
ㄈㄟ ㄔㄨ	飛出	34
ㄈㄟ ㄢ ㄏㄨㄟˋ	飛安會	34
ㄐㄧ ㄏㄨㄤ	飢荒	34
ㄒㄧㄤ ㄎㄜˋ	香客	34
ㄆㄧㄢˋ ㄌㄜ˙	騙了	34
ㄍㄠ ㄐㄧㄢˇ ㄕㄨˇ	高檢署	34
ㄍㄠ ㄕㄣ	高深	34
ㄍㄠ ㄍㄣ	高跟	34
ㄒㄧㄢ ㄋㄞˇ	鮮奶	34
ㄋㄧㄠˇ ㄙㄨㄥ	鳥松	34
ㄇㄨˋ	鶩	34
ㄨˋ	鶩	34
ㄐㄧˊ	鶺	34
ㄑㄧˊ ㄐㄩˋ ㄧˋ ㄊㄤˊ	齊聚一堂	34
ㄧ ㄒㄧㄣˋ	一信	33
ㄧ ㄓㄠ	一招	33
ㄧˋ ㄓㄠ	一招	33
ㄧ ㄆㄧㄢˋ ㄆㄧㄢˋ	一片片	33
ㄧˊ ㄆㄧㄢˋ ㄆㄧㄢˋ	一片片	33
ㄧ ㄨㄢˋ ㄌㄧㄡˋ	一萬六	33
ㄧ ㄒㄧㄥˊ ㄖㄣˊ	一行人	33
ㄧˋ ㄒㄧㄥˊ ㄖㄣˊ	一行人	33
ㄧ ㄕㄢˇ	一閃	33
ㄧˋ ㄕㄢˇ	一閃	33
ㄧ ㄩˊ	一隅	33
ㄧˋ ㄩˊ	一隅	33
ㄑㄧ ㄇㄧㄥˊ	七名	33
ㄙㄢ ㄩㄢˊ	三元	33
ㄙㄢ ㄙ	三思	33
ㄙㄢˋ ㄙ	三思	33
ㄙㄢ ㄨㄢˋ ㄉㄨㄛ	三萬多	33
ㄕㄤˋ ㄧˋ	上億	33
ㄕㄤˋ ㄉㄜˊ	上得	33
ㄕㄤˋ ㄉㄜ˙	上得	33
ㄒㄧㄚˋ ㄌㄧㄡˊ	下流	33
ㄅㄨˋ ㄌㄧㄠˇ ㄌㄧㄠˇ ㄓ	不了了之	33
ㄅㄨˋ ㄋㄧㄥˊ	不寧	33
ㄅㄨˋ ㄑㄧㄠˇ	不巧	33
ㄅㄨˋ ㄧㄡˊ ㄗˋ ㄓㄨˇ	不由自主	33
ㄅㄨˋ ㄐㄧㄢˇ ㄉㄢ	不簡單	33
ㄅㄨˋ ㄑㄧㄥ	不輕	33
ㄅㄨˊ ㄍㄨㄛˋ ㄌㄞˊ	不過來	33
ㄅㄨˋ ㄍㄨㄛˋ ㄌㄞˊ	不過來	33
ㄕˋ ㄐㄧㄝˋ ㄐㄧㄥ ㄐㄧˋ	世界經濟	33
ㄓㄨㄥ ㄧㄤ ㄉㄚˋ ㄒㄩㄝˊ	中央大學	33
ㄓㄨㄥ ㄏㄨㄢˊ	中環	33
ㄓㄨˇ ㄎㄜˋ	主客	33
ㄐㄧㄡˇ ㄍㄜ	九歌	33
ㄧㄝˇ ㄉㄠˋ	也到	33
ㄖㄨˇ ㄙㄨㄢ	乳酸	33
ㄦˋ ㄓㄜˇ	二者	33
ㄏㄨˋ ㄌㄧˋ	互利	33
ㄨˇ ㄐㄧㄚ	五家	33
ㄨˇ ㄒㄧㄥ ㄐㄧˊ	五星級	33
ㄨˇ ㄙㄜˋ	五色	33
ㄍㄣˋ	亙	33
ㄍㄥˋ	亙	33
ㄖㄣˊ ㄐㄧㄚ ㄕㄨㄛ	人家說	33
ㄖㄣˊ ㄓˋ	人治	33
ㄖㄣˊ ㄞˋ ㄌㄨˋ	仁愛路	33
ㄧㄤˇ ㄨㄤˋ	仰望	33
ㄒㄧㄡ ㄎㄜˋ	休克	33
ㄉㄧ ㄉㄧ	低低	33
ㄉㄧ ㄒㄧㄠˋ ㄌㄩˋ	低效率	33
ㄈㄛˊ ㄌㄨㄛˊ ㄌㄧˇ ㄉㄚˊ	佛羅里達	33
ㄗㄨㄛˋ ㄉㄨㄟˋ	作對	33
ㄌㄞˊ ㄧㄡˊ	來由	33
ㄕˋ ㄨㄟˋ	侍衛	33
ㄓㄨ ㄖㄨˊ	侏儒	33
ㄍㄜˋ ㄅㄚˇ	個把	33
ㄨㄛ	倭	33
ㄊㄧㄥˊ ㄧㄝˋ	停業	33
ㄊㄡ ㄔ	偷吃	33
ㄖㄨˊ ㄒㄩㄝˊ	儒學	33
ㄍㄨㄤ ㄗˇ	光子	33
ㄍㄨㄤ ㄍㄨˋ	光顧	33
ㄇㄧㄢˇ ㄓˊ	免職	33
ㄦˊ ㄊㄨㄥˊ ㄅㄠˇ ㄏㄨˋ	兒童保護	33
ㄋㄟˋ ㄔㄨ	內出	33
ㄋㄟˋ ㄒㄧㄠ	內銷	33
ㄑㄩㄢˊ ㄍㄨㄛˊ ㄐㄧㄠˋ ㄕ ㄏㄨㄟˋ	全國教師會	33
ㄑㄩㄢˊ ㄇㄠˋ	全貌	33
ㄌㄧㄤˇ ㄨㄢˋ ㄉㄨㄛ	兩萬多	33
ㄍㄨㄥ ㄅㄠˇ	公保	33
ㄍㄨㄥ ㄇㄧㄣˊ ㄧㄥˊ	公民營	33
ㄍㄨㄥ ㄐㄧ	公雞	33
ㄗㄞˋ ㄒㄧㄚˋ	再下	33
ㄗㄞˋ ㄕㄥ ㄓˇ	再生紙	33
ㄅㄧㄥ ㄎㄨㄞˋ	冰塊	33
ㄔㄨ ㄉㄠˋ	出到	33
ㄔㄨ ㄕㄣˊ	出神	33
ㄈㄣ ㄐㄩ	分居	33
ㄈㄣ ㄆㄟˋ ㄍㄟˇ	分配給	33
ㄔㄨ ㄍㄠˇ	初稿	33
ㄉㄠˋ ㄊㄡˊ ㄌㄞˊ	到頭來	33
ㄑㄧㄢˊ ㄨㄣˊ	前文	33
ㄑㄧㄢˊ ㄔㄥˊ	前程	33
ㄐㄧㄢˇ ㄉㄠ	剪刀	33
ㄈㄨˋ ㄉㄨㄥˇ ㄕˋ ㄓㄤˇ	副董事長	33
ㄔㄨㄤˋ ㄊㄡˊ	創投	33
ㄔㄢˇ ㄔㄨˊ	剷除	33
ㄌㄧˋ ㄔㄤˇ	力場	33
ㄐㄧㄚ ㄍㄞˋ	加蓋	33
ㄕㄥˋ ㄙㄨˋ	勝訴	33
ㄌㄠˊ ㄈㄤ	勞方	33
ㄅㄠ ㄍㄟˇ	包給	33
ㄏㄨㄚˋ ㄌㄧㄠˊ	化療	33
ㄕˊ ㄉㄨㄛ ㄙㄨㄟˋ	十多歲	33
ㄕˊ ㄑㄧˊ	十期	33
ㄕˊ ㄅㄨˋ	十部	33
ㄅㄢˋ ㄩㄢˊ	半圓	33
ㄅㄢˋ ㄐㄧㄥˋ	半徑	33
ㄅㄢˋ ㄔㄥˊ ㄆㄧㄣˇ	半成品	33
ㄓㄨㄛˊ ㄓㄨˋ	卓著	33
ㄋㄢˊ ㄢˋ	南岸	33
ㄋㄢˊ ㄍㄤˇ ㄑㄩ	南港區	33
ㄇㄠˇ ㄗㄨˊ	卯足	33
ㄩㄢˊ ㄗˇ ㄅㄧˇ	原子筆	33
ㄎㄡˇ ㄐㄧˊ	口吃	33
ㄍㄨˇ ㄐㄧ	古跡	33
ㄐㄩˋ ㄒㄧㄥˊ	句型	33
ㄊㄞˊ ㄑㄧˋ	台汽	33
ㄏㄜˊ ㄉㄨˋ	合度	33
ㄏㄜˊ ㄗㄨˇ	合組	33
ㄉㄧㄠˋ ㄑㄧㄠˊ	吊橋	33
ㄊㄨㄥˊ ㄨㄟˋ ㄙㄨˋ	同位素	33
ㄊㄨㄥˊ ㄓˊ ㄒㄧㄥˋ	同質性	33
ㄊㄨㄥˊ ㄧㄣ ㄘˊ	同音詞	33
ㄨˊ ㄋㄞˇ ㄖㄣˊ	吳乃仁	33
ㄆㄠˊ ㄒㄧㄠ	咆哮	33
ㄏㄜˊ ㄕㄥ	和聲	33
ㄧˊ	咦	33
ㄏㄚ ㄌㄧˋ ㄅㄛ ㄊㄜˋ	哈利波特	33
ㄏㄚ ㄌㄧˋ ㄆㄛ ㄊㄜˋ	哈利波特	33
ㄆㄣ ㄑㄩㄢˊ	噴泉	33
ㄙˋ ㄏㄜˊ	四合	33
ㄙˋ ㄐㄧㄝˊ	四節	33
ㄙˋ ㄅㄨˋ	四部	33
ㄉㄧˋ ㄈㄤ ㄗˋ ㄓˋ	地方自治	33
ㄐㄩㄣ ㄓˊ	均質	33
ㄨㄞˋ ㄨㄣˊ ㄒㄧˋ	外文系	33
ㄉㄨㄛ ㄒㄧㄝˋ	多謝	33
ㄉㄨㄛ ㄇㄧㄢˋ	多面	33
ㄧㄝˋ ㄙㄜˋ	夜色	33
ㄉㄚˋ ㄊㄨㄥˇ	大統	33
ㄊㄧㄢ ㄊㄧˇ	天體	33
ㄊㄞˋ ㄍㄨˇ	太古	33
ㄊㄞˋ ㄩㄢˇ	太遠	33
ㄒㄧ	奚	33
ㄋㄩˇ ㄍㄨㄥ	女工	33
ㄏㄠˇ ㄕㄨ	好書	33
ㄏㄠˇ ㄋㄢˊ	好難	33
ㄕㄨ	姝	33
ㄨㄢˇ ㄖㄨㄥˊ	婉容	33
ㄆㄧˋ ㄇㄟˇ	媲美	33
ㄨˇ	嫵	33
ㄇㄥˋ ㄐㄧㄚ ㄌㄚ	孟加拉	33
ㄍㄨ ㄎㄨˇ	孤苦	33
ㄢ ㄎㄤ	安康	33
ㄉㄧㄥˋ ㄇㄧㄥˊ ㄨㄟˊ	定名為	33
ㄎㄜˋ ㄔㄤˇ	客場	33
ㄏㄞˋ ㄙˇ	害死	33
ㄐㄧㄚ ㄔㄨˋ	家畜	33
ㄒㄧㄝˇ ㄒㄧㄝˇ	寫寫	33
ㄅㄠˇ ㄎㄨˋ	寶庫	33
ㄒㄩㄣˊ ㄏㄨㄛˋ	尋獲	33
ㄉㄨㄟˋ ㄓㄥˋ ㄒㄧㄚˋ ㄧㄠˋ	對症下藥	33
ㄒㄧㄠˇ ㄏㄨㄛˇ	小伙	33
ㄒㄧㄠˇ ㄏㄨㄛˇ ㄗ˙	小伙子	33
ㄒㄧㄠˇ ㄍㄨㄛˊ	小國	33
ㄒㄧㄠˇ ㄎㄜˋ ㄔㄜ	小客車	33
ㄒㄧㄠˇ ㄑㄧㄠˇ	小巧	33
ㄒㄧㄠˇ ㄧㄡˇ	小有	33
ㄕㄠˋ ㄈㄨˋ	少婦	33
ㄐㄧㄡˋ ㄔ	就吃	33
ㄐㄧㄡˋ ㄒㄩˋ	就緒	33
ㄐㄩ ㄓㄨㄥ	居中	33
ㄕㄢ ㄓㄞˋ	山寨	33
ㄕㄢ ㄇㄠ	山貓	33
ㄐㄧˊ	岌	33
ㄉㄧˋ ㄍㄨㄛˊ ㄓㄨˇ ㄧˋ	帝國主義	33
ㄆㄧㄥˊ ㄈㄣ	平分	33
ㄆㄧㄥˊ ㄐㄩㄣ ㄓˊ	平均值	33
ㄉㄨˋ ㄕㄨˋ	度數	33
ㄐㄧㄢˋ ㄢ	建安	33
ㄐㄧㄢˋ ㄧㄝˋ	建業	33
ㄋㄨㄥˋ ㄘㄨㄛˋ	弄錯	33
ㄑㄧㄤˊ ㄖㄨㄛˋ	強弱	33
ㄏㄡˋ ㄉㄨㄢˋ	後段	33
ㄏㄡˋ ㄕㄥ	後生	33
ㄏㄡˋ ㄐㄧˋ	後記	33
ㄘㄨㄥˊ ㄕㄨˇ	從屬	33
ㄘㄨㄥˊ ㄇㄟˊ ㄧㄡˇ	從沒有	33
ㄨㄤˋ ㄨㄛˇ	忘我	33
ㄎㄨㄥˇ ㄅㄨˋ ㄓㄨˇ ㄧˋ	恐怖主義	33
ㄒㄧㄤˇ ㄉㄚˇ	想打	33
ㄒㄧㄤˇ ㄎㄞ	想開	33
ㄏㄨㄤ ㄌㄨㄢˋ	慌亂	33
ㄧㄡ ㄏㄨㄢˋ	憂患	33
ㄆㄧㄥˊ ㄕㄜˊ ㄇㄛ˙	憑什麼	33
ㄆㄧㄥˊ ㄕㄜˊ ㄇㄜ˙	憑什麼	33
ㄆㄧㄥˊ ㄕㄣˊ ㄇㄛ˙	憑什麼	33
ㄆㄧㄥˊ ㄕㄣˊ ㄇㄜ˙	憑什麼	33
ㄉㄢˋ	憚	33
ㄔㄥˊ ㄈㄥ	成風	33
ㄉㄚˇ ㄅㄤˋ ㄑㄧㄡˊ	打棒球	33
ㄉㄚˇ ㄎㄜ ㄕㄨㄟˋ	打瞌睡	33
ㄌㄚ ㄉㄜˊ	拉德	33
ㄆㄠ ㄓㄨㄢ	拋磚	33
ㄊㄨㄛ ㄎㄨㄚˇ	拖垮	33
ㄐㄩ ㄌㄧㄡˊ	拘留	33
ㄌㄩㄝˋ ㄍㄨㄛˋ	掠過	33
ㄊㄧˊ ㄑㄧˇ ㄍㄨㄥ ㄙㄨˋ	提起公訴	33
ㄔㄚ ㄑㄩˇ	插曲	33
ㄏㄨㄢˋ ㄍㄢ	換肝	33
ㄧㄠˊ ㄌㄢˊ	搖籃	33
ㄉㄠˇ ㄉㄢˋ	搗蛋	33
ㄌㄠ ㄑㄧˇ	撈起	33
ㄐㄩˋ ㄔㄨㄢˊ	據傳	33
ㄓ ㄓㄨˋ	支柱	33
ㄍㄞˇ ㄔㄥ	改稱	33
ㄍㄨˋ ㄍㄨㄥ ㄅㄛˊ ㄨˋ ㄩㄢˋ	故宮博物院	33
ㄕㄨˋ ㄒㄩㄝˊ ㄐㄧㄚ	數學家	33
ㄅㄢ ㄨㄣˊ	斑紋	33
ㄅㄢ ㄇㄚˇ	斑馬	33
ㄒㄧㄣ ㄘㄨㄛˋ ㄕ	新措施	33
ㄒㄧㄣ ㄍㄜ	新歌	33
ㄉㄨㄢˋ ㄊㄡˊ	斷頭	33
ㄈㄤ ㄒㄧㄤˋ ㄆㄢˊ	方向盤	33
ㄈㄤ ㄋㄥˊ	方能	33
ㄐㄧˋ ㄉㄜˊ ㄌㄧˋ ㄧˋ	既得利益	33
ㄖˋ ㄧㄚˇ ㄏㄤˊ	日亞航	33
ㄎㄨㄣ ㄇㄧㄥˊ	昆明	33
ㄇㄧㄥˊ ㄏㄨㄚˊ ㄩㄢˊ	明華園	33
ㄢˋ ㄕㄚ	暗殺	33
ㄍㄥˋ ㄧㄥ ㄍㄞ	更應該	33
ㄍㄥˋ ㄇㄟˇ	更美	33
ㄗㄨㄟˋ ㄉㄚˋ ㄏㄨㄚˋ	最大化	33
ㄧㄡˇ ㄏㄠˇ ㄉㄜ˙	有好的	33
ㄧㄡˇ ㄎㄜˋ	有客	33
ㄧㄡˇ ㄓㄠ ㄧ ㄖˋ	有朝一日	33
ㄧㄡˇ ㄓㄠ ㄧˊ ㄖˋ	有朝一日	33
ㄌㄤˇ ㄙㄨㄥˋ	朗誦	33
ㄇㄨˋ ㄍㄨㄥ	木工	33
ㄅㄣˇ ㄊㄨˇ ㄒㄧㄥˋ	本土性	33
ㄅㄣˇ ㄕㄥˇ ㄖㄣˊ	本省人	33
ㄌㄧˇ ㄐㄧㄚ ㄊㄨㄥˊ	李家同	33
ㄉㄨㄥ ㄘㄜˋ	東側	33
ㄙㄨㄥ ㄕㄨˋ	松樹	33
ㄐㄧㄚˋ ㄕˋ	架式	33
ㄒㄧㄠˋ ㄧㄡˇ ㄏㄨㄟˋ	校友會	33
ㄐㄧㄠˋ ㄉㄨㄟˋ	校對	33
ㄍㄜˊ ㄧㄢˊ	格言	33
ㄊㄠˊ ㄏㄨㄚ ㄩㄢˊ	桃花源	33
ㄍㄨㄣˋ ㄗ˙	棍子	33
ㄗㄨㄥ ㄙㄜˋ	棕色	33
ㄩㄝˋ ㄧㄣ	樂音	33
ㄊㄨㄛˇ ㄩㄢˊ ㄒㄧㄥˊ	橢圓形	33
ㄓㄥˋ ㄅㄧˇ	正比	33
ㄌㄧˋ ㄌㄧˋ	歷歷	33
ㄏㄨㄟˇ ㄉㄧㄠˋ	毀掉	33
ㄇㄨˇ ㄑㄧㄣ ㄐㄧㄝˊ	母親節	33
ㄇㄨˇ ㄐㄧ	母雞	33
ㄇㄟˇ ㄐㄧㄢˋ	每件	33
ㄉㄨˊ ㄏㄞˋ	毒害	33
ㄇㄧㄣˊ ㄘㄨㄟˋ	民粹	33
ㄕㄨㄟˇ ㄌㄧˋ ㄈㄚ ㄉㄧㄢˋ	水力發電	33
ㄕㄨㄟˇ ㄆㄠˋ	水泡	33
ㄕㄨㄟˇ ㄌㄨˋ	水路	33
ㄐㄧㄤ ㄏㄨˋ	江戶	33
ㄑㄧㄣˋ	沁	33
ㄕㄣˋ	沁	6.351308576902391
ㄇㄟˊ ㄋㄚˊ	沒拿	33
ㄔㄨㄥ ㄊㄧㄢ	沖天	33
ㄔㄨㄥ ㄉㄢˋ	沖淡	33
ㄧㄢˊ ㄍㄜˊ	沿革	33
ㄊㄞˋ ㄕˋ	泰式	33
ㄒㄧˇ ㄨㄢˊ	洗完	33
ㄒㄩㄥ ㄒㄩㄥ	洶洶	33
ㄏㄨㄛˊ ㄑㄧˊ	活期	33
ㄈㄨˊ ㄑㄧㄢˊ	浮潛	33
ㄈㄨˊ ㄌㄢˋ	浮濫	33
ㄈㄨˊ ㄓㄨㄥˇ	浮腫	33
ㄏㄞˇ ㄋㄢˊ ㄉㄠˇ	海南島	33
ㄏㄞˇ ㄎㄡˇ	海口	33
ㄌㄧㄤˊ ㄎㄨㄞˋ	涼快	33
ㄊㄧㄢ ㄍㄡˋ	添購	33
ㄖㄨㄥˊ ㄐㄧㄝˇ	溶解	33
ㄇㄧㄝˋ ㄨㄤˊ	滅亡	33
ㄏㄢˋ ㄍㄨㄤ ㄧㄢˇ ㄒㄧˊ	漢光演習	33
ㄠˋ ㄉㄚˋ ㄌㄧˋ ㄧㄚˇ	澳大利亞	33
ㄠˋ ㄉㄚˋ ㄌㄧˋ ㄧㄚˋ	澳大利亞	33
ㄐㄩㄣˋ	濬	33
ㄏㄨㄟ ㄙㄜˋ ㄉㄜ˙	灰色的	33
ㄨㄟˋ ㄉㄜ˙ ㄕˋ	為的是	33
ㄨㄟˊ ㄈㄨˇ	為輔	33
ㄓㄥ	烝	33
ㄨˊ ㄑㄧㄢˊ	無前	33
ㄨˊ ㄧㄣˊ	無垠	33
ㄨˊ ㄩㄢˇ ㄈㄨˊ ㄐㄧㄝˋ	無遠弗屆	33
ㄧㄥˊ ㄗㄠˋ ㄧㄝˋ	營造業	33
ㄧㄥˊ ㄧㄤˇ ㄕ	營養師	33
ㄧㄥˊ ㄧㄤˇ ㄙㄨˋ	營養素	33
ㄅㄠˋ ㄔㄨ	爆出	33
ㄓㄥ ㄒㄧㄢ	爭先	33
ㄉㄧˇ ㄔㄨˋ	牴觸	33
ㄊㄜˋ ㄒㄧㄝˇ	特寫	33
ㄑㄧㄢ ㄕㄡˇ	牽手	33
ㄍㄨㄤˇ	獷	33
ㄒㄧㄢˋ ㄕㄤˋ	獻上	33
ㄨㄢˊ ㄧㄡˊ ㄒㄧˋ	玩遊戲	33
ㄒㄧㄢˋ ㄕˋ	現世	33
ㄏㄨˇ	琥	33
ㄘㄨㄟˇ ㄘㄢˋ	璀璨	33
ㄍㄢ ㄉㄧˋ	甘地	33
ㄊㄧㄢˊ ㄨㄟˋ	甜味	33
ㄕㄥ ㄇㄧㄥˋ ㄎㄜ ㄒㄩㄝˊ	生命科學	33
ㄐㄧㄚˇ ㄍㄨˇ	甲骨	33
ㄧˋ ㄉㄧˋ	異地	33
ㄧˋ ㄗㄨˊ	異族	33
ㄅㄧㄥˋ ㄔㄨㄥˊ	病蟲	33
ㄍㄨㄟˇ	癸	33
ㄅㄞˊ ㄕㄨˇ	白薯	33
ㄅㄞˇ ㄅㄟˋ	百倍	33
ㄆㄧˊ ㄍㄜˊ	皮革	33
ㄇㄥˊ ㄧㄡˇ	盟友	33
ㄐㄧㄢ ㄔㄚˊ ㄨㄟˇ ㄩㄢˊ	監察委員	33
ㄎㄢ ㄐㄧㄚ	看家	33
ㄎㄢˋ ㄉㄜˊ ㄐㄧㄢˋ	看得見	33
ㄎㄢˋ ㄉㄜ˙ ㄐㄧㄢˋ	看得見	33
ㄧㄢˇ ㄌㄧㄢˊ	眼簾	33
ㄓㄨㄥˋ ㄕㄨˋ	眾數	33
ㄓ ㄅㄣˇ	知本	33
ㄞˇ ㄒㄧㄠˇ	矮小	33
ㄉㄧㄢˇ	碘	33
ㄅㄧˋ ㄌㄩˋ	碧綠	33
ㄑㄩㄝˋ ㄓ	確知	33
ㄘㄨㄛ ㄕㄤ	磋商	33
ㄏㄨㄤˊ	磺	33
ㄌㄧˇ ㄅㄞˋ ㄊㄧㄢ	禮拜天	33
ㄧㄠˇ ㄊㄧㄠˇ	窈窕	33
ㄉㄨㄢ ㄓㄥˋ	端正	33
ㄓㄨˊ ㄉㄨㄥ ㄓㄣˋ	竹東鎮	33
ㄉㄧˋ ㄙˋ ㄍㄜ˙	第四個	33
ㄙㄨㄢˋ ㄑㄧˇ ㄌㄞˊ	算起來	33
ㄍㄨㄢˇ ㄐㄧㄚ	管家	33
ㄔㄡˊ ㄏㄨㄚˋ	籌畫	33
ㄐㄧㄥ ㄍㄨㄤ	精光	33
ㄔㄨㄣˊ ㄕㄡˊ	純熟	33
ㄙㄨㄛˇ ㄆㄟˊ	索賠	33
ㄗㄨˇ ㄏㄜˊ ㄔㄥˊ	組合成	33
ㄐㄧㄝˊ ㄐㄧˊ	結集	33
ㄐㄩㄝˊ ㄎㄡˇ	絕口	33
ㄌㄩˋ ㄉㄤˇ	綠黨	33
ㄅㄧㄢ ㄓㄨㄢˋ	編撰	33
ㄨㄟˇ ㄉㄨˋ	緯度	33
ㄧㄥˊ	縈	33
ㄈㄢˊ ㄓㄨㄥˋ	繁重	33
ㄓ ㄅㄨˋ	織布	33
ㄔㄢˊ ㄕㄣ	纏身	33
ㄑㄧㄤ	羌	33
ㄌㄧㄥˊ ㄧㄤˊ	羚羊	33
ㄈㄢ ㄅㄢˇ	翻版	33
ㄌㄠˇ ㄇㄟˇ	老美	33
ㄦˊ ㄐㄧㄤ	而將	33
ㄦˊ ㄌㄧˋ	而立	33
ㄍㄨˇ ㄕㄨˋ	股數	33
ㄅㄟ ㄉㄜ˙	背的	33
ㄅㄟˋ ㄉㄜ˙	背的	33
ㄆㄤˋ ㄗ˙	胖子	33
ㄧㄣˋ	胤	33
ㄧˊ ㄗㄤˋ	胰臟	33
ㄇㄛˋ ㄔㄨㄥ	脈衝	33
ㄇㄞˋ ㄔㄨㄥ	脈衝	33
ㄗˋ ㄧˇ ㄨㄟˊ ㄕˋ	自以為是	33
ㄗˋ ㄌㄧˋ ㄐㄧㄡˋ ㄐㄧˋ	自力救濟	33
ㄗˋ ㄐㄩ	自居	33
ㄓˋ ㄘˇ	至此	33
ㄩˇ ㄍㄨㄥˋ	與共	33
ㄑㄩㄥ ㄌㄧㄣˊ	芎林	33
ㄏㄨㄚ ㄕˋ	花式	33
ㄏㄨㄚ ㄏㄞˇ	花海	33
ㄎㄨˇ ㄍㄨㄥ	苦工	33
ㄎㄨˇ ㄩˊ	苦於	33
ㄇㄛˋ ㄌㄧˋ	茉莉	33
ㄓㄨㄤ ㄩㄢˊ	莊園	33
ㄐㄧㄝˋ ㄓㄨˋ	藉助	33
ㄧˋ ㄕㄨˋ ㄒㄧㄥˋ	藝術性	33
ㄧㄠˋ ㄨㄢˊ	藥丸	33
ㄌㄨˊ ㄨㄟˇ	蘆葦	33
ㄏㄨˇ ㄨㄟˇ	虎尾	33
ㄒㄩ ㄒㄧㄣ	虛心	33
ㄔㄢˊ ㄌㄧㄢˊ	蟬聯	33
ㄕㄨㄞ ㄅㄧㄢˋ	衰變	33
ㄅㄨˇ ㄒㄧㄠˋ	補校	33
ㄓㄨㄤ ㄑㄧˇ	裝起	33
ㄓˋ ㄗㄠˋ ㄔㄤˇ	製造廠	33
ㄧㄠ ㄍㄨㄥ	要功	33
ㄐㄧㄢˋ ㄍㄨㄤ	見光	33
ㄐㄧˋ ㄕㄨˋ	記述	33
ㄕ ㄊㄢˊ	詩壇	33
ㄔㄥˊ ㄓˋ	誠摯	33
ㄕㄨㄟˋ ㄊㄧㄝˇ	說帖	33
ㄎㄜˋ ㄩˊ	課餘	33
ㄉㄧㄠˋ ㄔㄚˊ ㄅㄧㄠˇ	調查表	33
ㄊㄧㄠˊ ㄌㄧˇ	調理	33
ㄓㄨ ㄍㄜˇ ㄌㄧㄤˋ	諸葛亮	33
ㄓㄥˋ ㄑㄧˊ ㄏㄨㄟˋ	證期會	33
ㄍㄨㄢˋ ㄊㄨㄥ	貫通	33
ㄇㄞˋ ㄧㄣˊ	賣淫	33
ㄗㄥˋ ㄩˇ	贈與	33
ㄗㄡˇ ㄌㄞˊ ㄗㄡˇ ㄑㄩˋ	走來走去	33
ㄗㄡˇ ㄏㄨㄥˊ	走紅	33
ㄎㄨㄚˋ ㄍㄨㄛˋ	跨過	33
ㄊㄧㄠˋ ㄊㄧㄠˋ	跳跳	33
ㄔㄨˊ	躇	33
ㄐㄧ ㄕㄣ	躋身	33
ㄔㄜ ㄋㄟˋ	車內	33
ㄔㄜ ㄙㄨˋ	車速	33
ㄌㄨㄣˊ ㄈㄢ	輪番	33
ㄌㄨˋ	轆	33
ㄓㄨㄢˇ ㄌㄟˋ ㄉㄧㄢˇ	轉捩點	33
ㄓㄨㄢˇ ㄌㄧㄝˋ ㄉㄧㄢˇ	轉捩點	33
ㄓㄨㄢˇ ㄙㄨㄥˋ	轉送	33
ㄏㄨㄥ ㄌㄨㄥˊ	轟隆	33
ㄇㄧˊ ㄨˋ	迷霧	33
ㄓㄨㄟ ㄉㄠˋ	追悼	33
ㄙㄨㄥˋ ㄒㄧㄡ	送修	33
ㄅㄧㄢˋ ㄅㄨˋ	遍布	33
ㄅㄧㄢˋ ㄧㄝˇ	遍野	33
ㄆㄧㄢˋ ㄧㄝˇ	遍野	33
ㄍㄨㄛˋ ㄏㄨㄛˊ	過活	33
ㄉㄠˋ ㄌㄞˊ	道來	33
ㄉㄠˋ ㄔㄤˇ	道場	33
ㄉㄠˋ ㄊㄨㄥˇ	道統	33
ㄧㄠˊ ㄘㄜˋ	遙測	33
ㄗㄠ ㄈㄥˊ	遭逢	33
ㄒㄩㄢˇ ㄐㄧˊ	選集	33
ㄏㄞˊ ㄅㄨˊ ㄏㄨㄟˋ	還不會	33
ㄏㄞˊ ㄅㄨˋ ㄏㄨㄟˋ	還不會	33
ㄅㄧㄢ ㄗㄡˇ	邊走	33
ㄏㄠˇ ㄌㄨㄥˊ ㄅㄧㄣ	郝龍斌	33
ㄧㄡˊ ㄍㄡˋ	郵購	33
ㄉㄡ ㄏㄞˊ ㄅㄨˊ	都還不	33
ㄉㄡ ㄏㄞˊ ㄅㄨˋ	都還不	33
ㄒㄧㄠˋ ㄇㄨˇ	酵母	33
ㄔㄡˇ ㄏㄨㄚˋ	醜化	33
ㄧ ㄅㄧㄥˋ	醫病	33
ㄔㄨㄥˊ ㄈㄨˋ ㄉㄜ˙	重複的	33
ㄔㄨㄥˊ ㄎㄞ ㄐㄧ	重開機	33
ㄧㄝˇ ㄐㄧ	野雞	33
ㄐㄧㄣ ㄋㄧㄡˊ ㄗㄨㄛˋ	金牛座	33
ㄍㄞˋ ㄓˊ	鈣質	33
ㄧㄣˊ ㄈㄚˇ ㄗㄨˊ	銀髮族	33
ㄙㄨㄛˇ ㄓㄨˋ	鎖住	33
ㄔㄤˊ ㄐㄧㄢˋ	長劍	33
ㄔㄤˊ ㄍㄨㄣˋ	長棍	33
ㄔㄤˊ ㄒㄧㄢˋ	長線	33
ㄔㄤˊ ㄍㄨㄛˋ	長過	33
ㄇㄣˊ ㄕㄣˊ	門神	33
ㄍㄨㄢ ㄐㄧㄢˋ ㄕˊ ㄎㄜˋ	關鍵時刻	33
ㄍㄨㄢ ㄐㄧㄢˋ ㄘˊ	關鍵詞	33
ㄓㄣˋ ㄨㄤˊ	陣亡	33
ㄔㄣˊ ㄩˋ ㄒㄧㄡˋ	陳郁秀	33
ㄌㄨˋ ㄕㄤˋ	陸上	33
ㄧㄣˇ ㄒㄧㄥˋ	隱性	33
ㄐㄧˊ ㄙ ㄍㄨㄤˇ ㄧˋ	集思廣益	33
ㄌㄧˊ ㄒㄧㄢˋ	離線	33
ㄉㄧㄢˋ ㄧㄥˇ ㄐㄧㄝˋ	電影界	33
ㄉㄧㄢˋ ㄒㄧㄢˋ ㄍㄢˇ	電線桿	33
ㄕㄠˊ	韶	33
ㄅㄢ ㄅㄨˋ	頒佈	33
ㄌㄧㄥˇ ㄏㄨㄟˊ	領回	33
ㄊㄡˊ ㄏㄨㄣ	頭昏	33
ㄊㄡˊ ㄉㄥˇ	頭等	33
ㄊㄡˊ ㄊㄡˊ	頭頭	33
ㄊㄡˊ ㄊㄡ˙	頭頭	33
ㄧㄢˊ ㄩㄢ	顏淵	33
ㄒㄧㄢˇ ㄦˊ ㄧˋ ㄐㄧㄢˋ	顯而易見	33
ㄈㄥ ㄑㄧㄣˊ	風琴	33
ㄈㄟ ㄉㄧㄝˊ	飛碟	33
ㄩˊ ㄖㄣˊ	餘人	33
ㄐㄩ	駒	33
ㄐㄧㄥ ㄐㄩㄝˊ	驚覺	33
ㄍㄨˇ ㄉㄨㄥˇ	骨董	33
ㄍㄠ ㄉㄥˇ ㄐㄧㄠˋ ㄩˋ	高等教育	33
ㄍㄠ ㄍㄨㄛˋ	高過	33
ㄍㄠ ㄈㄟ	高飛	33
ㄙㄨㄥ ㄙㄢˇ	鬆散	33
ㄅㄧㄣˋ	鬢	33
ㄋㄧㄠˇ ㄖㄣˊ	鳥人	33
ㄐㄧˊ ㄌㄧㄥˊ	鶺鴒	33
ㄏㄨㄤˊ ㄎㄜˋ ㄌㄧㄣˊ	黃克林	33
ㄏㄨㄤˊ ㄅㄨˇ	黃埔	33
ㄏㄨㄤˊ ㄆㄨˇ	黃埔	33
ㄇㄛˋ ㄐㄩˋ	默劇	33
ㄧ ㄐㄩˋ	一具	32
ㄧˊ ㄐㄩˋ	一具	32
ㄧ ㄍㄞˇ	一改	32
ㄧˋ ㄍㄞˇ	一改	32
ㄧ ㄨˊ ㄙㄨㄛˇ ㄓ	一無所知	32
ㄧˋ ㄨˊ ㄙㄨㄛˇ ㄓ	一無所知	32
ㄧ ㄉㄨㄢ	一端	32
ㄧˋ ㄉㄨㄢ	一端	32
ㄧ ㄐㄩˇ ㄧˊ ㄉㄨㄥˋ	一舉一動	32
ㄧˋ ㄐㄩˇ ㄧˊ ㄉㄨㄥˋ	一舉一動	32
ㄧ ㄨㄢˋ ㄩㄢˊ	一萬元	32
ㄧˊ ㄨㄢˋ ㄩㄢˊ	一萬元	32
ㄧ ㄕˋ	一試	32
ㄧˊ ㄕˋ	一試	32
ㄧ ㄗㄡˇ	一走	32
ㄧˋ ㄗㄡˇ	一走	32
ㄧ ㄑㄧˇ ㄉㄠˋ	一起到	32
ㄧˋ ㄑㄧˇ ㄉㄠˋ	一起到	32
ㄧ ㄓㄣ	一針	32
ㄧˋ ㄓㄣ	一針	32
ㄧ ㄔㄤˊ	一長	32
ㄧˋ ㄔㄤˊ	一長	32
ㄙㄢ ㄅㄠˇ	三寶	32
ㄕㄤˋ ㄆㄧˊ	上皮	32
ㄒㄧㄚˋ ㄓㄡ	下周	32
ㄅㄨˋ ㄐㄧˊ ㄍㄜˊ	不及格	32
ㄅㄨˋ ㄎㄜˇ ㄐㄧˊ	不可及	32
ㄅㄨˊ ㄊㄞˋ ㄋㄥˊ	不太能	32
ㄅㄨˋ ㄕㄨˇ ㄩˊ	不屬於	32
ㄅㄨˋ ㄌㄠˇ	不老	32
ㄅㄨˊ ㄒㄩㄣˋ	不遜	32
ㄅㄨˊ ㄒㄧㄡˋ ㄍㄤ	不鏽鋼	32
ㄅㄨˋ ㄓㄤˇ	不長	32
ㄅㄨˋ ㄔㄤˊ	不長	32
ㄅㄨˋ ㄌㄧㄥˊ	不靈	32
ㄓㄨㄥ ㄕˇ	中使	32
ㄓㄨㄥ ㄍㄨㄛˊ ㄔㄥˊ	中國城	32
ㄨㄢˊ ㄗ˙	丸子	32
ㄦˋ ㄙㄢ ㄕˊ	二三十	32
ㄦˋ ㄍㄜ˙ ㄩㄝˋ	二個月	32
ㄦˋ ㄘˋ ㄕˋ ㄐㄧㄝˋ ㄉㄚˋ ㄓㄢˋ	二次世界大戰	32
ㄨˇ ㄑㄧˊ	五期	32
ㄨˇ ㄓㄡ	五週	32
ㄊㄚ ㄈㄤˋ	他放	32
ㄊㄚ ㄒㄧㄤ	他鄉	32
ㄧˇ ㄉㄨㄥ	以東	32
ㄒㄧㄡ ㄕˋ ㄉㄨㄣˋ	休士頓	32
ㄏㄨㄛˇ ㄕˊ	伙食	32
ㄨㄟˋ ㄔㄨˇ	位處	32
ㄉㄧ ㄉㄤˇ	低檔	32
ㄏㄜˊ ㄌㄞˊ	何來	32
ㄏㄜˊ ㄩㄥˋ	何用	32
ㄈㄛˊ ㄉㄧㄢˇ	佛典	32
ㄈㄛˊ ㄐㄧㄚ	佛家	32
ㄍㄨㄥ ㄅㄨˊ ㄧㄥˋ ㄑㄧㄡˊ	供不應求	32
ㄘㄤ ㄘㄨˋ	倉促	32
ㄓˊ ㄅㄢ	值班	32
ㄗㄨㄛˋ ㄉㄨㄟˋ	做對	32
ㄐㄧㄢˋ ㄅㄠˇ ㄈㄚˇ	健保法	32
ㄕㄤ ㄅㄧㄥˋ	傷病	32
ㄧˋ ㄨㄢˋ	億萬	32
ㄧㄡ ㄌㄧㄤˊ ㄉㄜ˙	優良的	32
ㄒㄩㄥ ㄇㄟˋ	兄妹	32
ㄍㄨㄤ ㄏㄜˊ	光合	32
ㄇㄧㄢˇ ㄒㄧˇ ㄘㄢ ㄐㄩˋ	免洗餐具	32
ㄋㄟˋ ㄑㄧㄥˊ	內情	32
ㄑㄩㄢˊ ㄔㄤˊ	全長	32
ㄌㄧㄤˇ ㄩㄢˋ	兩院	32
ㄍㄨㄥ ㄇㄨˋ	公墓	32
ㄍㄨㄥ ㄆㄛˊ	公婆	32
ㄍㄨㄥ ㄉㄜˊ	公德	32
ㄌㄧㄡˋ ㄒㄧㄤˋ	六項	32
ㄍㄨㄥˋ ㄧˋ	共議	32
ㄑㄧˊ ㄋㄟˋ	其內	32
ㄑㄧˊ ㄨㄟˊ	其為	32
ㄑㄧˊ ㄨㄟˋ	其為	32
ㄇㄠˋ ㄐㄧㄣˋ	冒進	32
ㄌㄥˇ ㄌㄨㄛˋ	冷落	32
ㄌㄧㄝˋ	冽	32
ㄔㄨ ㄕㄤˋ	出上	32
ㄈㄣ ㄐㄧㄣˋ	分進	32
ㄈㄣ ㄎㄞ ㄌㄞˊ	分開來	32
ㄑㄧㄝˋ ㄐㄧㄝˊ	切結	32
ㄌㄧㄝˋ ㄍㄨㄛˊ	列國	32
ㄍㄜ ㄘㄠˇ	割草	32
ㄉㄨㄥˋ ㄑㄧㄥˊ	動情	32
ㄉㄨㄥˋ ㄊㄧㄥ	動聽	32
ㄉㄨㄥˋ ㄑㄧˇ ㄌㄞˊ	動起來	32
ㄎㄢ ㄔㄚˊ	勘察	32
ㄌㄧˋ ㄓˋ	勵志	32
ㄑㄩㄢˋ ㄍㄠˋ	勸告	32
ㄍㄡ ㄒㄩㄢˇ	勾選	32
ㄅㄠ ㄌㄨㄛˊ ㄨㄢˋ ㄒㄧㄤˋ	包羅萬象	32
ㄅㄟˇ ㄆㄨˇ	北埔	32
ㄅㄢˋ ㄕㄤˇ	半晌	32
ㄅㄢˋ ㄌㄨˋ	半路	32
ㄒㄧㄝˊ ㄌㄧˇ	協理	32
ㄋㄢˊ ㄍㄢ	南竿	32
ㄋㄢˊ ㄧㄤˊ	南陽	32
ㄕㄡˋ ㄐㄧㄥ	受精	32
ㄕㄡˋ ㄗˋ	受自	32
ㄎㄡˇ ㄉㄠˋ	口到	32
ㄓˇ ㄍㄨㄢˇ	只管	32
ㄕˇ ㄨˊ ㄑㄧㄢˊ ㄌㄧˋ	史無前例	32
ㄔ ㄈㄚˇ	吃法	32
ㄔ ㄒㄧㄤ	吃香	32
ㄊㄨㄥˊ ㄌㄜˋ	同樂	32
ㄇㄧㄥˊ ㄔㄢˇ	名產	32
ㄇㄧㄥˊ ㄧ	名醫	32
ㄏㄢˊ ㄗㄞˋ	含在	32
ㄏㄢˊ ㄧˋ	含義	32
ㄒㄧ ㄍㄨㄢˇ	吸管	32
ㄓㄡ ㄉㄠˋ	周到	32
ㄞ ㄉㄠˋ	哀悼	32
ㄎㄨ ㄕㄥ	哭聲	32
ㄐㄧ	唧	6.351308576902391
ㄐㄧˊ	唧	32
ㄨㄟˊ ㄇㄟˇ	唯美	32
ㄑㄧˋ ㄇㄧㄣˇ	器皿	32
ㄆㄣ ㄆㄣ	噴噴	32
ㄑㄧㄡˊ ㄐㄧㄣˋ	囚禁	32
ㄙˋ ㄕㄜˋ	四射	32
ㄧㄣ ㄖㄣˊ ㄦˊ ㄧˋ	因人而異	32
ㄧㄣ ㄩㄢˊ ㄐㄧˋ ㄏㄨㄟˋ	因緣際會	32
ㄍㄨㄛˊ ㄅㄣˇ	國本	32
ㄍㄨㄛˊ ㄐㄧˋ ㄨˇ ㄊㄞˊ	國際舞台	32
ㄩㄢˊ ㄑㄩㄢ	圓圈	32
ㄊㄨˇ ㄧㄣˊ	土銀	32
ㄐㄩㄝˊ	堀	32
ㄉㄨㄟ ㄑㄧˋ	堆砌	32
ㄅㄠˋ ㄔㄡˊ	報仇	32
ㄊㄧㄢˊ ㄖㄨˋ	填入	32
ㄗㄥ ㄐㄧㄢˋ	增建	32
ㄏㄨㄛˋ	壑	32
ㄨㄞˋ ㄒㄧㄢˋ	外縣	32
ㄨㄞˋ ㄅㄧㄢ	外邊	32
ㄨㄞˋ ㄕˊ	外食	32
ㄉㄨㄛ ㄈㄣ	多分	32
ㄉㄨㄛ ㄈㄣˋ	多分	32
ㄉㄨㄛ ㄉㄨㄛ ㄕㄠˇ ㄕㄠˇ	多多少少	32
ㄉㄨㄛ ㄘㄞˇ	多彩	32
ㄉㄚˋ ㄉㄠ	大刀	32
ㄉㄚˋ ㄨㄛˇ	大我	32
ㄉㄚˋ ㄩㄝˋ	大月	32
ㄉㄚˋ ㄅㄨˋ	大步	32
ㄉㄚˋ ㄏㄜˊ	大河	32
ㄉㄚˋ ㄓㄨㄥˋ ㄔㄨㄢˊ ㄅㄛ	大眾傳播	32
ㄉㄚˋ ㄓㄨㄥˋ ㄔㄨㄢˊ ㄅㄛˋ	大眾傳播	32
ㄉㄚˋ ㄧㄠˋ	大要	32
ㄉㄚˋ ㄌㄧˇ	大里	32
ㄊㄧㄢ ㄔㄨㄤ	天窗	32
ㄊㄧㄢ ㄒㄧㄝ	天蠍	32
ㄕ ㄔㄤˊ	失常	32
ㄕ ㄑㄧㄝˋ	失竊	32
ㄐㄧㄚˊ ㄎㄜˋ	夾克	32
ㄉㄧㄢˋ ㄐㄧ	奠基	32
ㄈㄣˋ ㄑㄧˇ	奮起	32
ㄊㄚ ㄌㄞˊ	她來	32
ㄗˇ ㄕㄨˋ	子樹	32
ㄘㄨㄣˊ ㄖㄨˋ	存入	32
ㄒㄩㄝˊ ㄧㄡˇ	學友	32
ㄧˊ ㄖㄣˊ	宜人	32
ㄐㄧㄚ ㄊㄧㄥˊ ㄓㄨˇ ㄈㄨˋ	家庭主婦	32
ㄐㄧㄚ ㄕㄨ	家書	32
ㄐㄧˋ ㄏㄨㄟˊ	寄回	32
ㄓㄨㄢ ㄊㄧˊ ㄧㄢˊ ㄐㄧㄡˋ	專題研究	32
ㄉㄨㄟˋ ㄕㄨˋ	對數	32
ㄉㄨㄟˋ ㄇㄧㄢˋ ㄉㄜ˙	對面的	32
ㄒㄧㄠˇ ㄒㄧㄥˊ ㄍㄨˇ	小型股	32
ㄒㄧㄠˇ ㄅㄢˇ	小板	32
ㄐㄧㄡˋ ㄐㄧㄤˇ	就講	32
ㄐㄩ ㄌㄧㄡˊ ㄑㄩㄢˊ	居留權	32
ㄐㄧㄝˋ ㄑㄧˊ	屆期	32
ㄕㄨˇ ㄕˊ	屬實	32
ㄕㄢ ㄋㄢˊ	山南	32
ㄢˋ ㄅㄧㄢ	岸邊	32
ㄔㄨㄢ ㄆㄨˇ	川普	32
ㄔㄨㄢ ㄌㄧㄡˊ	川流	32
ㄍㄨㄥ ㄐㄩˋ ㄕㄨ	工具書	32
ㄍㄨㄥ ㄈㄤˊ	工房	32
ㄐㄩˋ ㄐㄧˊ	巨集	32
ㄧˇ ㄐㄧㄤ	已將	32
ㄅㄨˋ ㄍㄠˋ ㄌㄢˊ	布告欄	32
ㄕ ㄊㄨㄢˊ	師團	32
ㄓㄤˋ ㄇㄧㄢˋ	帳面	32
ㄅㄧˋ ㄓˊ	幣值	32
ㄆㄧㄥˊ ㄏㄨㄢˇ	平緩	32
ㄏㄨㄢˋ ㄐㄩㄝˊ	幻覺	32
ㄐㄧˇ ㄉㄨˋ	幾度	32
ㄐㄧˇ ㄅㄣˇ	幾本	32
ㄋㄨㄥˋ ㄔㄥˊ	弄成	32
ㄓㄤ ㄏㄨㄟˋ ㄇㄟˋ	張惠妹	32
ㄨㄤˇ ㄒㄧˊ	往昔	32
ㄨㄤˇ ㄕㄥ	往生	32
ㄏㄡˋ ㄓˋ	後製	32
ㄨㄟˊ ㄈㄨˊ	微幅	32
ㄒㄧㄣ ㄧˊ	心儀	32
ㄒㄧㄣ ㄙㄨㄢ	心酸	32
ㄅㄧˋ ㄏㄨㄟˋ	必會	32
ㄖㄣˇ ㄓㄨˋ	忍住	32
ㄐㄧˊ ㄕˋ	急事	32
ㄅㄟˋ	悖	32
ㄋㄧㄣˊ ㄧㄠˋ	您要	32
ㄑㄧㄝˋ	愜	32
ㄍㄢˇ ㄧㄢˊ	感言	32
ㄌㄧˋ	慄	32
ㄨㄛˇ ㄧㄠ ㄑㄧㄡˊ	我要求	32
ㄐㄧㄝˋ ㄅㄟˋ	戒備	32
ㄓㄢˋ ㄐㄧㄤˋ	戰將	32
ㄉㄚˇ ㄏㄨㄛˇ	打火	32
ㄉㄚˇ ㄓㄜ˙	打著	32
ㄉㄚˇ ㄧㄥˊ	打贏	32
ㄎㄡˋ ㄧㄚ	扣押	32
ㄆㄧ ㄆㄧㄥˊ ㄓㄜˇ	批評者	32
ㄔㄥˊ ㄅㄢˋ ㄖㄣˊ	承辦人	32
ㄆㄠ ㄓㄨㄢ ㄧㄣˇ ㄩˋ	拋磚引玉	32
ㄓㄠ ㄎㄠˇ	招考	32
ㄆㄧㄣ ㄊㄧㄝ	拼貼	32
ㄋㄚˊ ㄌㄞˊ ㄗㄨㄛˋ	拿來做	32
ㄢˋ ㄌㄜ˙	按了	32
ㄓㄣˋ ㄗㄨㄛˋ	振作	32
ㄋㄚˋ	捺	32
ㄓㄤˇ ㄕㄤˋ	掌上	32
ㄍㄨㄚˋ ㄍㄡ	掛勾	32
ㄊㄨㄟ ㄒㄩㄢˇ	推選	32
ㄊㄧˊ ㄌㄜ˙	提了	32
ㄧㄤˊ ㄑㄧˇ	揚起	32
ㄕㄨㄞ ㄉㄠˇ	摔倒	32
ㄙㄚ ㄐㄧㄠ	撒嬌	32
ㄐㄧㄠˇ ㄏㄨㄛˋ	攪和	32
ㄐㄧㄠˇ ㄏㄨㄛ˙	攪和	32
ㄍㄞˇ ㄏㄨㄟˊ	改回	32
ㄍㄞˇ ㄏㄤˊ	改行	32
ㄈㄤˋ ㄇㄨˋ	放牧	32
ㄓㄥˋ ㄓˋ ㄒㄩㄝˊ	政治學	32
ㄐㄧㄡˋ ㄏㄨㄟˊ	救回	32
ㄐㄧㄠˋ ㄩㄢˊ	教員	32
ㄙㄢˋ ㄑㄩˋ	散去	32
ㄨㄣˊ ㄏㄨㄚˋ ㄖㄣˊ	文化人	32
ㄨㄣˊ ㄏㄨㄚˋ ㄉㄚˋ ㄒㄩㄝˊ	文化大學	32
ㄉㄡˇ ㄌㄧㄡˋ	斗六	32
ㄙ ㄌㄚ ㄈㄨ	斯拉夫	32
ㄈㄤ ㄩㄢˊ	方圓	32
ㄈㄤ ㄈㄤ	方方	32
ㄈㄤ ㄨㄟˊ	方為	32
ㄖˋ ㄒㄧㄣ ㄩㄝˋ ㄧˋ	日新月異	32
ㄖˋ ㄖˋ ㄒㄧㄣ	日日新	32
ㄊㄢˊ ㄏㄨㄚ	曇花	32
ㄑㄩ ㄑㄩ	曲曲	32
ㄑㄩˇ ㄑㄩˇ	曲曲	32
ㄕㄨ ㄍㄨㄟˋ	書櫃	32
ㄗㄥ ㄗ˙	曾子	32
ㄊㄧˋ ㄅㄨˇ	替補	32
ㄩㄝˋ ㄉㄧˇ ㄓˇ	月底止	32
ㄩㄝˋ ㄌㄧˋ	月曆	32
ㄧㄡˇ ㄌㄠˊ	有勞	32
ㄧㄡˇ ㄌㄧㄥˊ	有靈	32
ㄓㄠ ㄖˋ	朝日	32
ㄇㄨˋ ㄐㄧㄤˋ	木匠	32
ㄌㄧˇ ㄩㄝ ㄙㄜˋ	李約瑟	32
ㄍㄨㄛˇ ㄐㄧㄤˋ	果醬	32
ㄐㄧˊ ㄆㄧˊ ㄉㄨㄥˋ ㄨˋ	棘皮動物	32
ㄐㄧˊ ㄑㄩㄢˊ	極權	32
ㄑㄧㄤ ㄒㄧㄝˋ	槍械	32
ㄑㄧㄤ ㄐㄩㄝˊ	槍決	32
ㄑㄧㄠˊ ㄉㄨㄣ	橋墩	32
ㄐㄧ ㄕㄣ	機身	32
ㄑㄧㄢˋ ㄎㄨㄢˇ	欠款	32
ㄡ ㄓㄡ ㄍㄨㄛˊ ㄐㄧㄚ	歐洲國家	32
ㄐㄧㄢ	殲	32
ㄕㄚ ㄕㄣ	殺身	32
ㄅㄧˇ ㄉㄚˋ	比大	32
ㄇㄠˊ ㄈㄚˇ	毛髮	32
ㄇㄧㄣˊ ㄓㄨˇ ㄓㄥˋ ㄓˋ	民主政治	32
ㄇㄧㄣˊ ㄧˋ ㄉㄧㄠˋ ㄔㄚˊ	民意調查	32
ㄇㄧㄣˊ ㄈㄥ	民風	32
ㄕㄨㄟˇ ㄔㄤˇ	水廠	32
ㄕㄨㄟˇ ㄉㄥ	水燈	32
ㄕㄨㄟˇ ㄒㄧˋ	水系	32
ㄩㄥˇ ㄅㄨˊ	永不	32
ㄩㄥˇ ㄅㄨˋ	永不	32
ㄑㄧㄡˊ ㄩㄢˊ	求援	32
ㄒㄩㄣˋ	汛	32
ㄔˊ ㄕㄤˋ	池上	32
ㄧㄡˊ ㄌㄧㄠˋ	油料	32
ㄓㄨˋ ㄧˋ ㄕˋ ㄒㄧㄤˋ	注意事項	32
ㄩㄥˇ ㄓㄨㄤ	泳裝	32
ㄧㄤˊ ㄨㄚˊ ㄨㄚˊ	洋娃娃	32
ㄧㄤˊ ㄨㄚˊ ㄨㄚ˙	洋娃娃	32
ㄏㄨㄛˊ ㄍㄞ	活該	32
ㄌㄧㄡˊ ㄍㄨㄛˋ	流過	32
ㄏㄠˋ ㄉㄚˋ	浩大	32
ㄏㄞˇ ㄇㄚˇ	海馬	32
ㄐㄧㄥˋ ㄊㄨˇ	淨土	32
ㄉㄨˋ ㄌㄨㄣˊ	渡輪	32
ㄨㄣ ㄏㄜˊ ㄉㄜ˙	溫和的	32
ㄇㄢˇ ㄇㄧㄢˋ	滿面	32
ㄌㄡˋ ㄉㄧㄠˋ	漏掉	32
ㄇㄢˋ ㄊㄧㄢ	漫天	32
ㄐㄧㄢˋ ㄐㄧㄢˋ ㄉㄜ˙	漸漸的	32
ㄌㄧㄠˊ	潦	32
ㄌㄧㄢˊ	濂	32
ㄏㄨㄛˇ ㄕˋ	火勢	32
ㄨㄟˊ ㄠˋ	為傲	32
ㄨㄟˋ ㄞˋ	為愛	32
ㄨˊ ㄐㄧˇ	無幾	32
ㄨˊ ㄑㄧˊ ㄊㄨˊ ㄒㄧㄥˊ	無期徒刑	32
ㄧㄢ ㄉㄨˊ	煙毒	32
ㄕㄨㄤˇ ㄎㄨㄞˋ	爽快	32
ㄨˋ ㄔㄢˇ	物產	32
ㄑㄧㄢ ㄧㄣˇ	牽引	32
ㄉㄨˊ ㄐㄩˋ	獨具	32
ㄉㄨˊ ㄐㄧㄠˇ	獨角	32
ㄉㄨˊ ㄐㄩㄝˊ	獨角	32
ㄒㄧㄢˋ ㄔㄨ	獻出	32
ㄩˋ ㄕˊ	玉石	32
ㄑㄧㄡˊ ㄆㄞ	球拍	32
ㄕㄥ ㄘㄨㄣˊ ㄎㄨㄥ ㄐㄧㄢ	生存空間	32
ㄕㄥ ㄕㄥ ㄅㄨˋ ㄒㄧˊ	生生不息	32
ㄩㄥˋ ㄨㄟˊ	用為	32
ㄌㄧㄡˊ ㄘㄨㄣˊ	留存	32
ㄒㄩˋ ㄔㄢˇ	畜產	32
ㄐㄧㄤ ㄐㄧㄝˋ	疆界	32
ㄅㄧㄥˋ ㄔㄨㄥˊ ㄏㄞˋ	病蟲害	32
ㄐㄧㄥˋ	痙	32
ㄕㄡˋ ㄕㄡˋ	瘦瘦	32
ㄈㄚ ㄒㄧㄣˋ	發信	32
ㄈㄚ ㄅㄧㄠˇ ㄕㄥ ㄇㄧㄥˊ	發表聲明	32
ㄅㄞˊ ㄇㄚˇ	白馬	32
ㄅㄞˇ ㄈㄣ ㄓ ㄧ ㄅㄞˇ	百分之一百	32
ㄉㄠˋ ㄩㄥˋ	盜用	32
ㄓˊ ㄌㄧˋ	直立	32
ㄎㄢˋ ㄏㄨㄚ	看花	32
ㄓㄣ ㄒㄧㄤˋ	真像	32
ㄧㄢˇ ㄎㄨㄤ	眼眶	32
ㄕㄨㄣˋ ㄒㄧˊ	瞬息	32
ㄓ ㄏㄨㄟˋ	知會	32
ㄓ ㄋㄥˊ	知能	32
ㄆㄠˋ ㄏㄨㄛˇ	砲火	32
ㄕㄜˋ ㄏㄨㄟˋ ㄍㄨㄥ ㄗㄨㄛˋ	社會工作	32
ㄕㄣˊ ㄐㄧㄥ ㄅㄧㄥˋ	神經病	32
ㄈㄨˊ ㄌㄧˋ ㄕㄜˋ	福利社	32
ㄌㄧˇ ㄅㄞˋ ㄦˋ	禮拜二	32
ㄒㄧㄡˋ ㄘㄞˊ	秀才	32
ㄧˊ ㄓˊ ㄉㄠˋ	移植到	32
ㄎㄨㄥ ㄊㄢˊ	空談	32
ㄎㄨㄥˋ ㄒㄧㄢˊ	空閒	32
ㄌㄧˋ ㄗㄨˊ ㄉㄧㄢˇ	立足點	32
ㄐㄧㄥˋ ㄓㄥ ㄒㄧㄥˋ	競爭性	32
ㄅㄧˇ ㄈㄚˇ	筆法	32
ㄉㄥˇ ㄊㄨㄥˊ ㄩˊ	等同於	32
ㄩㄣˊ	筠	32
ㄙㄨㄢˋ ㄙㄨㄢˋ	算算	32
ㄐㄧㄢˇ ㄉㄢ ㄕㄨㄛ	簡單說	32
ㄌㄢˊ ㄑㄧㄡˊ ㄉㄨㄟˋ	籃球隊	32
ㄌㄢˊ ㄙㄞˋ	籃賽	32
ㄐㄧˋ ㄕˋ	紀事	32
ㄏㄨㄥˊ ㄌㄧˋ	紅利	32
ㄓㄨㄥ ㄐㄧㄤ	終將	32
ㄗㄨˇ ㄩㄢˊ	組員	32
ㄐㄧㄝˊ ㄩˊ	結餘	32
ㄊㄨㄥˇ ㄓˋ	統制	32
ㄐㄧㄥ ㄕㄡˋ	經受	32
ㄌㄩˋ ㄧㄥˊ	綠營	32
ㄨㄤˇ ㄒㄧㄝˊ	網協	32
ㄨㄤˇ ㄎㄚ	網咖	32
ㄐㄧㄣˇ ㄅㄧˋ	緊閉	32
ㄇㄧㄢˇ ㄏㄨㄞˊ	緬懷	32
ㄈㄥˋ ㄒㄧˋ	縫隙	32
ㄙㄨㄛ ㄉㄠˋ	縮到	32
ㄗㄨㄥˋ ㄏㄨㄛˇ	縱火	32
ㄏㄨㄟˋ ㄔㄨ	繪出	32
ㄗㄨㄟˋ ㄖㄣˊ	罪人	32
ㄓˋ ㄓㄨㄥ	置中	32
ㄓˋ ㄧˊ	置疑	32
ㄒㄧ	羲	32
ㄌㄠˇ ㄗˋ ㄏㄠˋ	老字號	32
ㄦˊ ㄑㄧˇ	而起	32
ㄕㄥˋ ㄌㄨˋ ㄧˋ	聖路易	32
ㄐㄩˋ ㄐㄩ	聚居	32
ㄌㄧㄢˊ ㄑㄧㄣˊ	聯勤	32
ㄌㄧㄢˊ ㄏㄜˊ ㄅㄠˋ ㄒㄧˋ	聯合報系	32
ㄊㄧㄥ ㄉㄜˊ ㄉㄨㄥˇ	聽得懂	32
ㄓㄠˋ ㄧㄣ	肇因	32
ㄅㄟ ㄓㄜ˙	背著	32
ㄅㄟˋ ㄓㄜ˙	背著	32
ㄍㄜ	胳	32
ㄐㄧˇ ㄓㄨㄟ ㄉㄨㄥˋ ㄨˋ	脊椎動物	32
ㄐㄧˊ ㄓㄨㄟ ㄉㄨㄥˋ ㄨˋ	脊椎動物	32
ㄩˊ	腴	32
ㄔㄤˊ ㄧㄢˊ	腸炎	32
ㄎㄨㄞˋ ㄓˋ	膾炙	32
ㄎㄨㄞˋ ㄓˋ ㄖㄣˊ ㄎㄡˇ	膾炙人口	32
ㄗˋ ㄍㄜˇ ㄦ	自個兒	32
ㄗˋ ㄍㄜˇ ㄦˊ	自個兒	32
ㄗˋ ㄍㄜ˙ ㄦ	自個兒	32
ㄗˋ ㄍㄜ˙ ㄦˊ	自個兒	32
ㄏㄤˊ ㄉㄠˋ	航道	32
ㄎㄨˇ ㄙㄜˋ	苦澀	32
ㄏㄨㄤ ㄨˊ	荒蕪	32
ㄘㄞˋ ㄩㄢˊ	菜園	32
ㄌㄨㄛˋ ㄕˊ	落石	32
ㄇㄧㄠˇ ㄕˋ	藐視	32
ㄔㄨˇ ㄌㄧˇ ㄐㄧ	處理機	32
ㄖㄨˊ	蠕	32
ㄖㄨㄢˇ	蠕	32
ㄒㄧㄥˊ ㄌㄜˋ	行樂	32
ㄏㄤˊ ㄍㄨㄟ	行規	32
ㄨㄟˋ ㄉㄨㄟˋ	衛隊	32
ㄧ ㄕㄢ	衣衫	32
ㄅㄧㄠˇ ㄌㄡˋ	表露	32
ㄅㄧㄠˇ ㄌㄨˋ	表露	32
ㄅㄟˋ ㄨㄛ	被窩	32
ㄒㄧ ㄏㄨㄚˋ	西畫	32
ㄑㄧㄣ ㄏㄜˊ ㄌㄧˋ	親和力	32
ㄐㄩㄝˊ ㄉㄜ˙ ㄏㄣˇ ㄧㄡˇ	覺得很有	32
ㄍㄨㄢ ㄔㄚˊ ㄐㄧㄚ	觀察家	32
ㄐㄧˋ ㄑㄩˇ	記取	32
ㄕˋ ㄊㄧㄥ	試聽	32
ㄨ	誣	6.351308576902391
ㄨˊ	誣	32
ㄕㄨㄛ ㄕㄨ	說書	32
ㄊㄧㄠˊ ㄐㄧˋ	調劑	32
ㄐㄧㄤˇ ㄊㄧˊ	講題	32
ㄑㄧㄠˊ	譙	32
ㄐㄧㄥˇ ㄔㄜ	警車	32
ㄏㄨˋ ㄕㄣ ㄈㄨˊ	護身符	32
ㄅㄧㄢˋ ㄏㄨㄞˋ	變壞	32
ㄓㄨ ㄓ	豬隻	32
ㄓㄣˋ	賑	32
ㄕㄥˋ ㄩˊ	賸餘	32
ㄙㄞˋ ㄔㄤˇ	賽場	32
ㄔㄠ ㄒㄧㄢˋ ㄕˊ	超現實	32
ㄩㄝˋ ㄧㄝˇ	越野	32
ㄑㄩ ㄓ ㄖㄨㄛˋ ㄨˋ	趨之若鶩	32
ㄉㄧㄝˊ ㄊㄧㄥˊ	跌停	32
ㄐㄩˋ	踞	32
ㄉㄨㄛˋ	踱	32
ㄕㄣ ㄒㄧㄣ ㄐㄧㄢˋ ㄎㄤ	身心健康	32
ㄖㄨㄢˇ ㄊㄧˇ ㄧㄝˋ	軟體業	32
ㄗㄞˋ ㄎㄜˋ	載客	32
ㄓㄨㄢˇ ㄔㄨ	轉出	32
ㄒㄧㄣ ㄏㄞˋ	辛亥	32
ㄅㄧㄢˋ ㄗ˙	辮子	32
ㄓㄜˋ ㄊㄤˋ	這趟	32
ㄓㄜˋ ㄇㄛ˙ ㄉㄜ˙	這麼的	32
ㄓㄜˋ ㄇㄜ˙ ㄉㄜ˙	這麼的	32
ㄊㄨㄥ ㄑㄧˋ ㄈㄢˋ	通緝犯	32
ㄉㄠˋ ㄏㄤˊ	道行	32
ㄦˇ	邇	32
ㄅㄨˋ ㄕㄡˇ	部首	32
ㄆㄟˋ ㄙㄜˋ	配色	32
ㄐㄧㄡˇ ㄆㄧㄣˇ	酒品	32
ㄐㄧㄡˇ ㄐㄧㄚˋ	酒駕	32
ㄕˋ ㄨㄣˊ	釋文	32
ㄓㄨㄥˋ ㄅㄧㄥˋ	重病	32
ㄌㄧㄤˋ ㄘˊ	量詞	32
ㄌㄧㄤˊ ㄅㄧㄢˋ	量變	32
ㄐㄧㄣ ㄏㄜˊ	金和	32
ㄐㄧㄣ ㄏㄨㄚˊ	金華	32
ㄊㄧㄝˇ ㄍㄨㄟˇ	鐵軌	32
ㄅㄧˋ ㄗㄨㄟˇ	閉嘴	32
ㄒㄧㄢˊ ㄏㄨㄚˋ	閒話	32
ㄔㄨㄤˇ ㄐㄧㄣˋ	闖進	32
ㄍㄨㄢ ㄒㄧˋ ㄖㄣˊ	關係人	32
ㄈㄨˋ ㄐㄧㄚ ㄐㄧㄚˋ ㄓˊ	附加價值	32
ㄔㄣˊ ㄕ ㄇㄥˋ	陳師孟	32
ㄒㄧㄢˇ ㄜˋ	險惡	32
ㄧㄚˇ ㄏㄨˇ	雅虎	32
ㄕㄨㄤ ㄗˇ ㄗㄨㄛˋ	雙子座	32
ㄩㄣˊ ㄅㄠˋ	雲豹	32
ㄩㄣˊ ㄐㄧˊ	雲集	32
ㄉㄧㄢˋ ㄒㄧㄣˋ ㄈㄚˇ	電信法	32
ㄉㄧㄢˋ ㄕˋ ㄒㄧㄣ ㄨㄣˊ	電視新聞	32
ㄕㄚˋ ㄕˊ	霎時	32
ㄎㄠˋ ㄗˋ ㄐㄧˇ	靠自己	32
ㄇㄧㄢˋ ㄙㄜˋ	面色	32
ㄕㄨㄣˋ ㄘㄨㄥˊ	順從	32
ㄌㄧㄥˇ ㄧㄤˇ	領養	32
ㄊㄡˊ ㄌㄨˋ	頭路	32
ㄈㄥ ㄒㄩㄝˇ	風雪	32
ㄆㄧㄠ ㄧㄤˊ	飄揚	32
ㄈㄟ ㄌㄞˊ ㄈㄟ ㄑㄩˋ	飛來飛去	32
ㄙˋ ㄓㄨˇ	飼主	32
ㄐㄧㄥ ㄏㄨ	驚呼	32
ㄧˋ	驛	32
ㄍㄠ ㄍㄨㄢ	高官	32
ㄋㄧㄠˇ ㄓㄨㄥˇ	鳥種	32
ㄧㄚ ㄖㄡˋ	鴨肉	32
ㄏㄟ ㄗˋ	黑字	32
ㄉㄧㄢˇ ㄦˋ ㄨˇ	點二五	32
ㄢˋ ㄉㄢˋ	黯淡	32
ㄑㄧˊ ㄕㄥ	齊聲	32
ㄌㄨㄥˊ ㄨㄤˊ	龍王	32
ㄧ ㄧˋ ㄩㄢˊ	一億元	31
ㄧˊ ㄧˋ ㄩㄢˊ	一億元	31
ㄧ ㄅㄚ ㄌㄧㄡˋ	一八六	31
ㄧ ㄆㄧㄣˇ	一品	31
ㄧˋ ㄆㄧㄣˇ	一品	31
ㄧ ㄒㄧˋ	一夕	31
ㄧˊ ㄒㄧˋ	一夕	31
ㄧ ㄊㄧㄢ ㄊㄧㄢ	一天天	31
ㄧˋ ㄊㄧㄢ ㄊㄧㄢ	一天天	31
ㄉㄧㄥ ㄕㄡˇ ㄓㄨㄥ	丁守中	31
ㄙㄢ ㄘㄥˊ	三層	31
ㄙㄢ ㄧˋ	三義	31
ㄙㄢ ㄓㄡ	三週	31
ㄕㄤˋ ㄧ ㄘㄥˊ	上一層	31
ㄕㄤˋ ㄒㄧㄚˋ ㄒㄩㄝˊ	上下學	31
ㄕㄤˋ ㄉㄚˋ ㄒㄩㄝˊ	上大學	31
ㄒㄧㄚˋ ㄗㄞˋ	下在	31
ㄒㄧㄚˋ ㄘㄥˊ	下層	31
ㄅㄨˊ ㄌㄧㄣˋ	不吝	31
ㄅㄨˋ ㄑㄧˊ	不期	31
ㄅㄨˋ ㄨㄟˊ ㄍㄨㄛˋ	不為過	31
ㄅㄨˋ ㄓ ㄇㄧㄥˊ	不知名	31
ㄅㄨˋ ㄑㄩㄝ	不缺	31
ㄅㄨˊ ㄐㄧㄣˋ ㄑㄩˋ	不進去	31
ㄑㄧㄝˇ ㄎㄢˋ	且看	31
ㄓㄨㄥ ㄑㄩ	中區	31
ㄓㄨㄥ ㄍㄨㄛˊ ㄕˋ	中國式	31
ㄓㄨㄥ ㄧㄤ ㄐㄧㄢˋ ㄅㄠˇ ㄐㄩˊ	中央健保局	31
ㄓㄨㄥ ㄧㄤ ㄉㄤˇ ㄅㄨˋ	中央黨部	31
ㄓㄨㄥˋ ㄕㄨˇ	中暑	31
ㄓㄨㄥ ㄏㄨㄚˊ ㄖㄣˊ ㄇㄧㄣˊ	中華人民	31
ㄓㄨㄥ ㄏㄨㄚˊ ㄌㄨˋ	中華路	31
ㄓㄨˇ ㄔㄤˋ	主唱	31
ㄓㄨˇ ㄕㄣˇ	主審	31
ㄓ ㄐㄧㄠ	之交	31
ㄐㄧㄡˇ ㄧ ㄅㄚ	九一八	31
ㄖㄨˇ ㄌㄟˋ	乳類	31
ㄌㄧㄠˇ ㄉㄜˊ	了得	31
ㄌㄧㄠˇ ㄉㄜ˙	了得	31
ㄌㄧㄠˇ ㄐㄧㄝˊ	了結	31
ㄕˋ ㄓㄥˋ	事證	31
ㄦˋ ㄌㄧㄢˊ	二連	31
ㄐㄧㄠ ㄍㄢˇ	交感	31
ㄐㄧㄠ ㄒㄧㄤˇ ㄑㄩˇ	交響曲	31
ㄌㄧㄤˋ ㄌㄜ˙	亮了	31
ㄖㄣˊ ㄕˋ ㄒㄧㄥˊ ㄓㄥˋ	人事行政	31
ㄖㄣˊ ㄅㄛ ㄑㄧㄝˋ	仁波切	31
ㄖㄣˊ ㄆㄛ ㄑㄧㄝˋ	仁波切	31
ㄐㄧㄣ ㄕˋ	今世	31
ㄖㄥˊ ㄏㄨㄟˋ	仍會	31
ㄊㄚ ㄇㄚ ㄉㄜ˙	他媽的	31
ㄗㄨㄛˋ ㄒㄧㄡˋ	作秀	31
ㄗㄨㄛˋ ㄕ	作詩	31
ㄐㄧㄚ ㄐㄧㄝˊ	佳節	31
ㄕˇ ㄐㄧㄝˊ	使節	31
ㄌㄞˊ ㄌㄨㄥˊ ㄑㄩˋ ㄇㄛˋ	來龍去脈	31
ㄌㄞˊ ㄌㄨㄥˊ ㄑㄩˋ ㄇㄞˋ	來龍去脈	31
ㄌㄧˋ ㄏㄨㄟˋ	例會	31
ㄍㄨㄥ ㄔㄥ	供稱	31
ㄅㄧㄢˋ ㄇㄧˋ	便秘	31
ㄒㄧㄡ ㄉㄠˋ ㄩㄢˋ	修道院	31
ㄘㄤ ㄔㄨˊ	倉儲	31
ㄉㄠˇ ㄉㄧㄠˋ	倒掉	31
ㄉㄠˋ ㄉㄧㄠˋ	倒掉	31
ㄉㄠˋ ㄓˋ	倒置	31
ㄏㄡˋ ㄐㄧ	候機	31
ㄐㄧㄝˋ ㄔㄨ	借出	31
ㄓˊ ㄉㄜˊ ㄧ ㄊㄧˊ	值得一提	31
ㄓˊ ㄉㄜˊ ㄧˋ ㄊㄧˊ	值得一提	31
ㄓˊ ㄉㄜ˙ ㄧ ㄊㄧˊ	值得一提	31
ㄓˊ ㄉㄜ˙ ㄧˋ ㄊㄧˊ	值得一提	31
ㄗㄨㄛˋ ㄒㄧㄚˋ ㄑㄩˋ	做下去	31
ㄐㄧㄚˋ ㄇㄚˇ	價碼	31
ㄍㄨㄤ ㄊㄨ	光禿	31
ㄖㄨˋ ㄒㄩㄝˊ ㄎㄠˇ ㄕˋ	入學考試	31
ㄖㄨˋ ㄐㄧㄠˋ	入教	31
ㄋㄟˋ ㄗㄤˋ	內臟	31
ㄑㄩㄢˊ ㄎㄠˋ	全靠	31
ㄌㄧㄤˇ ㄌㄧㄤˇ	兩兩	31
ㄌㄧㄤˇ ㄒㄧㄤ	兩相	31
ㄌㄧㄤˇ ㄊㄡˊ	兩頭	31
ㄅㄚ ㄗˋ	八字	31
ㄅㄚ ㄍㄨˇ	八股	31
ㄍㄨㄥ ㄍㄨㄥˋ ㄓㄥˋ ㄘㄜˋ	公共政策	31
ㄍㄨㄥ ㄔㄤ	公娼	31
ㄍㄨㄥ ㄉㄜˊ ㄒㄧㄣ	公德心	31
ㄍㄨㄥˋ ㄊㄨㄥˊ ㄉㄧㄢˇ	共同點	31
ㄗㄞˋ ㄕˋ	再試	31
ㄇㄧㄥˊ ㄒㄧㄤˇ	冥想	31
ㄊㄨˊ ㄒㄧㄢˇ ㄔㄨ	凸顯出	31
ㄔㄨ ㄏㄨ ㄧˋ ㄌㄧㄠˋ	出乎意料	31
ㄔㄨ ㄎㄡˇ ㄑㄩ	出口區	31
ㄔㄨ ㄊㄨㄛ	出脫	31
ㄈㄣˋ ㄋㄟˋ	分內	31
ㄑㄧㄝˋ ㄏㄜˊ	切合	31
ㄔㄨ ㄒㄩㄝˊ ㄓㄜˇ	初學者	31
ㄔㄨ ㄑㄧˊ ㄉㄜ˙	初期的	31
ㄅㄧㄝˊ ㄌㄞˊ	別來	31
ㄅㄧㄝˊ ㄓㄣ	別針	31
ㄅㄠˋ	刨	31
ㄆㄠˊ	刨	6.351308576902391
ㄔㄚˋ ㄋㄚˋ ㄐㄧㄢ	剎那間	31
ㄊㄧ ㄔㄨˊ	剔除	31
ㄐㄧㄢˇ ㄒㄧㄚˋ	剪下	31
ㄐㄧㄢˇ ㄅㄠˋ	剪報	31
ㄐㄧㄣˋ ㄦ	勁兒	31
ㄐㄧㄣˋ ㄦˊ	勁兒	31
ㄐㄧㄥˋ ㄦ	勁兒	31
ㄐㄧㄥˋ ㄦˊ	勁兒	31
ㄉㄨㄥˋ ㄊㄢˊ ㄅㄨˋ ㄉㄜˊ	動彈不得	31
ㄌㄠˊ ㄎㄨˇ	勞苦	31
ㄑㄩㄢˋ ㄊㄨㄟˋ	勸退	31
ㄅㄠ ㄅㄧˋ	包庇	31
ㄏㄨㄚˋ ㄇㄧㄥˊ	化名	31
ㄏㄨㄚˋ ㄔㄨˇ	化處	31
ㄏㄨㄚˋ ㄔㄨˋ	化處	31
ㄕˊ ㄐㄧㄡˇ ㄍㄜˋ	十九個	31
ㄕˊ ㄐㄧㄡˇ ㄍㄜ˙	十九個	31
ㄕˊ ㄊㄞˊ	十台	31
ㄕˊ ㄐㄧㄝˋ	十屆	31
ㄑㄧㄢ ㄐㄧㄣ	千金	31
ㄕㄥ ㄖㄣˋ	升任	31
ㄕㄥ ㄓˋ	升至	31
ㄨˇ ㄐㄧㄠˋ	午覺	31
ㄅㄢˋ ㄉㄧㄢˇ	半點	31
ㄓㄨㄛˊ ㄌㄧˋ	卓立	31
ㄋㄢˊ ㄏㄨㄚˊ	南華	31
ㄋㄢˊ ㄈㄥ	南風	31
ㄧㄣˋ ㄒㄧㄥˊ	印行	31
ㄑㄩㄝˋ ㄅㄨˋ ㄋㄥˊ	卻不能	31
ㄘㄢ ㄐㄧㄚ ㄓㄜˇ	參加者	31
ㄘㄢ ㄓㄢˋ	參戰	31
ㄈㄢˇ ㄒㄧㄠˋ ㄍㄨㄛˇ	反效果	31
ㄕㄡˋ ㄗㄨㄟˋ	受罪	31
ㄓˇ ㄉㄨㄟˋ	只對	31
ㄐㄧㄠˋ ㄔㄨ	叫出	31
ㄎㄜˇ ㄗㄨㄛˋ	可作	31
ㄎㄜˇ ㄉㄨㄛ	可多	31
ㄎㄜˇ ㄩㄥˋ ㄉㄜ˙	可用的	31
ㄊㄞˊ ㄨㄢ ㄕ ㄈㄢˋ	台灣師範	31
ㄊㄞˊ ㄨㄢ ㄕ ㄈㄢˋ ㄉㄚˋ ㄒㄩㄝˊ	台灣師範大學	31
ㄕˇ ㄅㄛˊ ㄍㄨㄢˇ	史博館	31
ㄙ ㄈㄚˇ ㄍㄨㄢ	司法官	31
ㄙ ㄈㄚˇ ㄅㄨˋ	司法部	31
ㄏㄜˊ ㄕㄤˋ	合上	31
ㄏㄜˊ ㄈㄚ	合發	31
ㄊㄨㄥˊ ㄌㄧㄠˊ	同僚	31
ㄊㄨㄥˊ ㄔㄨ	同出	31
ㄇㄧㄥˊ ㄏㄨㄚˋ	名畫	31
ㄒㄧㄤˋ ㄓㄜ˙	向著	31
ㄏㄢˊ ㄧˋ	含意	31
ㄔㄨㄟ ㄑㄧˇ	吹起	31
ㄍㄠˋ ㄘˊ	告辭	31
ㄧㄡ	呦	31
ㄓㄡ ㄓˋ ㄆㄧㄥˊ	周治平	31
ㄏㄜˊ ㄑㄧㄣ	和親	31
ㄒㄧㄡ	咻	31
ㄒㄩˇ	咻	6.351308576902391
ㄑㄧㄠˊ ㄓˋ ㄧㄚˇ	喬治亞	31
ㄘㄠˊ ㄗㄚˊ	嘈雜	31
ㄔㄤˊ ㄉㄠˋ	嚐到	31
ㄙˋ ㄍㄨㄛˊ	四國	31
ㄙˋ ㄍㄨㄛˊ ㄉㄧˋ ㄈㄤ	四國地方	31
ㄙˋ ㄅㄢ	四班	31
ㄙˋ ㄇㄧㄢˋ ㄅㄚ ㄈㄤ	四面八方	31
ㄧㄣ ㄉㄧˋ	因地	31
ㄍㄨㄛˊ ㄈㄨˋ ㄐㄧˋ ㄋㄧㄢˋ	國父紀念	31
ㄍㄨㄛˊ ㄈㄨˋ ㄐㄧˋ ㄋㄧㄢˋ ㄍㄨㄢˇ	國父紀念館	31
ㄍㄨㄛˊ ㄈㄚ ㄏㄨㄟˋ	國發會	31
ㄩㄢˊ ㄖㄨㄥˊ	圓融	31
ㄆㄟˊ ㄧㄤˇ ㄔㄨ ㄌㄞˊ	培養出來	31
ㄅㄠˋ ㄧㄝˋ	報業	31
ㄇㄨˋ ㄅㄟ	墓碑	31
ㄧㄚ ㄉㄠˇ ㄒㄧㄥˋ	壓倒性	31
ㄉㄨㄛ ㄒㄩㄢˇ	多選	31
ㄉㄨㄛ ㄅㄧㄢ	多邊	31
ㄉㄚˋ ㄊㄨㄥˊ ㄑㄩ	大同區	31
ㄉㄚˋ ㄒㄧㄝˇ	大寫	31
ㄉㄚˋ ㄐㄩˊ	大局	31
ㄉㄚˋ ㄆㄥˊ ㄨㄢ	大鵬灣	31
ㄊㄧㄢ ㄕˇ ㄉㄨㄟˋ	天使隊	31
ㄊㄧㄢ ㄕㄣˊ	天神	31
ㄊㄞˋ ㄍㄨㄥ	太公	31
ㄊㄞˋ ㄉㄨㄢˇ	太短	31
ㄕ ㄔㄨㄢˊ	失傳	31
ㄕ ㄓㄣ	失真	31
ㄋㄩˇ ㄓㄨㄤ	女裝	31
ㄏㄠˇ ㄙㄜˋ	好色	31
ㄏㄠˋ ㄙㄜˋ	好色	31
ㄙㄨㄛ	娑	31
ㄧㄢ	嫣	31
ㄨˇ ㄇㄟˋ	嫵媚	31
ㄔㄢˊ	嬋	31
ㄗˋ ㄉㄤˇ	字檔	31
ㄘㄨㄣˊ ㄌㄧㄡˊ	存留	31
ㄘㄨㄣˊ ㄑㄧㄢˊ	存錢	31
ㄍㄨ ㄦˊ ㄩㄢˋ	孤兒院	31
ㄎㄜˋ ㄓˋ	客製	31
ㄐㄧㄚ ㄐㄩ	家居	31
ㄐㄧˋ ㄐㄩ	寄居	31
ㄐㄧˋ ㄙㄨㄥˋ	寄送	31
ㄇㄧˋ ㄒㄧ ㄍㄣ	密西根	31
ㄈㄨˋ ㄕㄢ	富山	31
ㄈㄨˋ ㄕㄢ ㄒㄧㄢˋ	富山縣	31
ㄈㄨˋ ㄌㄧˋ	富麗	31
ㄐㄧㄤ ㄗㄨㄛˋ	將作	31
ㄐㄧㄤ ㄐㄧㄡˋ	將就	31
ㄐㄧㄤ ㄐㄧㄝˋ	將屆	31
ㄓㄨㄢ ㄧㄝˋ ㄓ ㄕˋ	專業知識	31
ㄉㄠˇ ㄔㄨ	導出	31
ㄕㄤˋ ㄨˊ	尚無	31
ㄐㄩˊ ㄅㄨˋ ㄉㄧˋ ㄑㄩ	局部地區	31
ㄑㄧˊ ㄑㄩ	崎嶇	31
ㄑㄩ	嶇	31
ㄒㄩㄣˊ ㄏㄨㄟˊ ㄧㄢˇ ㄔㄨ	巡迴演出	31
ㄉㄞˋ ㄗˇ	帶子	31
ㄉㄞˋ ㄗ˙	帶子	31
ㄆㄧㄥˊ ㄧˋ	平易	31
ㄋㄧㄢˊ ㄗㄥ ㄌㄩˋ	年增率	31
ㄧㄡˋ ㄒㄧㄠˇ	幼小	31
ㄉㄧˇ ㄌㄧˇ	底里	31
ㄈㄟˋ ㄉㄧㄠˋ	廢掉	31
ㄍㄨㄤˇ ㄉㄨㄥ ㄏㄨㄚˋ	廣東話	31
ㄍㄨㄤˇ ㄉㄧㄢˋ ㄈㄚˇ	廣電法	31
ㄐㄧㄢˋ ㄉㄧˋ	建地	31
ㄐㄧㄢˋ ㄔㄤˇ	建廠	31
ㄋㄨㄥˋ ㄏㄨㄞˋ	弄壞	31
ㄉㄧㄠˋ ㄍㄨㄟˇ	弔詭	31
ㄓㄤ ㄖㄨㄥˊ ㄈㄚ	張榮發	31
ㄏㄨㄟˋ ㄐㄧˊ	彙集	31
ㄆㄥˊ ㄏㄨㄞˊ ㄋㄢˊ	彭淮南	31
ㄉㄞ ㄌㄜ˙	待了	31
ㄏㄣˇ ㄓˊ	很直	31
ㄏㄡˋ ㄕˋ	後事	31
ㄉㄜˊ ㄊㄧㄢ ㄉㄨˊ ㄏㄡˋ	得天獨厚	31
ㄘㄨㄥˊ ㄐㄩㄣ	從軍	31
ㄒㄧㄣ ㄌㄧˇ ㄓㄨㄣˇ ㄅㄟˋ	心理準備	31
ㄒㄧㄣ ㄧㄢˇ	心眼	31
ㄒㄧㄣ ㄒㄩ	心虛	31
ㄗㄜˇ ㄇㄛ˙ ㄌㄜ˙	怎麼了	31
ㄗㄜˇ ㄇㄜ˙ ㄌㄜ˙	怎麼了	31
ㄗㄣˇ ㄇㄛ˙ ㄌㄜ˙	怎麼了	31
ㄗㄣˇ ㄇㄜ˙ ㄌㄜ˙	怎麼了	31
ㄎㄨㄥˇ ㄆㄚˋ ㄕˋ	恐怕是	31
ㄎㄜˋ	恪	31
ㄑㄩㄝˋ	恪	31
ㄧㄡ ㄗㄞ	悠哉	31
ㄑㄧㄥˊ ㄨㄤˇ	情網	31
ㄒㄧㄤˇ ㄐㄧㄤˇ	想講	31
ㄞˋ ㄍㄨㄛˊ ㄓㄜˇ	愛國者	31
ㄑㄧㄝˋ ㄧˋ	愜意	31
ㄨㄟˋ ㄢ ㄈㄨˋ	慰安婦	31
ㄧㄥˋ ㄕㄡˇ	應手	31
ㄒㄩㄢˊ ㄈㄨˊ	懸浮	31
ㄔㄥˊ ㄧㄠˋ	成藥	31
ㄨㄛˇ ㄋㄥˊ ㄍㄡˋ	我能夠	31
ㄒㄧˋ ㄐㄩˋ ㄩㄢˋ	戲劇院	31
ㄈㄟ	扉	31
ㄊㄡˊ ㄢˋ	投案	31
ㄉㄧˇ ㄒㄧㄠ	抵銷	31
ㄇㄛˇ ㄆㄧㄢˋ	抹片	31
ㄔㄡ ㄔㄚˊ	抽查	31
ㄆㄞ ㄇㄞˋ ㄏㄨㄟˋ	拍賣會	31
ㄓˇ ㄨㄟˊ	指為	31
ㄊㄧㄥˇ ㄐㄧㄣˋ	挺進	31
ㄙㄠˇ ㄉㄨˊ	掃毒	31
ㄍㄨㄚˋ ㄉㄧㄠˋ	掛掉	31
ㄘㄞˇ ㄍㄨㄤ	採光	31
ㄊㄨㄟ ㄐㄩˇ	推舉	31
ㄏㄨㄟ ㄓ ㄅㄨˊ ㄑㄩˋ	揮之不去	31
ㄏㄨㄟ ㄓ ㄅㄨˋ ㄑㄩˋ	揮之不去	31
ㄏㄨㄟ ㄅㄧㄝˊ	揮別	31
ㄐㄧㄢˇ ㄕˊ	撿拾	31
ㄐㄩˋ ㄒㄧ	據悉	31
ㄐㄩˋ ㄘˇ	據此	31
ㄕㄡ ㄌㄩˋ	收率	31
ㄓㄥˋ ㄨˋ ㄘˋ ㄓㄤˇ	政務次長	31
ㄐㄧㄡˋ ㄕˋ	救世	31
ㄐㄧㄡˋ ㄒㄧㄥ	救星	31
ㄐㄧㄠˋ ㄕ ㄈㄚˇ	教師法	31
ㄐㄧㄠˋ ㄑㄩㄢˊ	教權	31
ㄓㄥˇ ㄏㄜˊ ㄒㄧㄥˋ	整合性	31
ㄓㄥˇ ㄉㄧˋ	整地	31
ㄓㄥˇ ㄒㄧㄥˊ	整形	31
ㄨㄣˊ ㄗˋ ㄉㄤˇ	文字檔	31
ㄔˋ ㄗㄜˊ	斥責	31
ㄒㄧㄣ ㄕˋ ㄐㄧㄝˋ	新世界	31
ㄒㄧㄣ ㄓㄨㄢ ㄐㄧˊ	新專輯	31
ㄒㄧㄣ ㄒㄧㄠ ㄒㄧˊ	新消息	31
ㄒㄧㄣ ㄧㄢˊ ㄈㄚ	新研發	31
ㄒㄧㄣ ㄨㄣˊ ㄊㄞˊ	新聞台	31
ㄒㄧㄣ ㄖㄨㄟˋ	新銳	31
ㄉㄨㄢˋ ㄖㄢˊ	斷然	31
ㄌㄩˇ ㄕㄜˋ	旅社	31
ㄒㄩㄢˊ ㄐㄧˊ	旋即	31
ㄏㄢˋ ㄗㄞ	旱災	31
ㄤˊ ㄍㄨㄟˋ ㄉㄜ˙	昂貴的	31
ㄕㄥ ㄏㄨㄚˊ	昇華	31
ㄇㄧㄥˊ ㄇㄧㄥˊ ㄕˋ	明明是	31
ㄕˊ ㄔㄚ	時差	31
ㄆㄨˇ ㄐㄧˊ ㄌㄩˋ	普及率	31
ㄆㄨˇ ㄊㄨㄥ ㄖㄣˊ	普通人	31
ㄩㄣ ㄉㄠˇ	暈倒	31
ㄇㄢˋ ㄅㄛ	曼波	31
ㄇㄢˋ ㄆㄛ	曼波	31
ㄗㄨㄟˋ ㄗㄠ	最糟	31
ㄏㄨㄟˋ ㄏㄨㄚˋ	會話	31
ㄧㄡˇ ㄕˊ ㄏㄨㄟˋ	有時會	31
ㄧㄡˇ ㄇㄨˋ ㄍㄨㄥˋ ㄉㄨˇ	有目共睹	31
ㄧㄡˇ ㄒㄧㄢˊ	有閒	31
ㄈㄨˊ ㄌㄜ˙	服了	31
ㄈㄨˊ ㄨˋ ㄒㄧㄥˋ	服務性	31
ㄓㄠ ㄒㄧˋ	朝夕	31
ㄇㄨˋ ㄓㄡ	木舟	31
ㄇㄨˋ ㄗㄠˋ	木造	31
ㄨㄟˋ ㄕㄡˋ	未受	31
ㄌㄧˇ ㄑㄧㄥˋ ㄏㄨㄚˊ	李慶華	31
ㄐㄧㄚˋ ㄌㄜ˙	架了	31
ㄖㄢˇ ㄌㄧㄠˋ	染料	31
ㄒㄩˇ ㄒㄩˇ ㄖㄨˊ ㄕㄥ	栩栩如生	31
ㄏㄜˊ ㄗㄞ	核災	31
ㄧㄢˊ	檐	31
ㄧㄣˊ	檐	6.351308576902391
ㄓㄠˋ	櫂	31
ㄑㄩㄢˊ ㄧㄠˋ	權要	31
ㄓˇ ㄒㄧㄝˇ	止血	31
ㄙㄨㄟˋ ㄇㄛˋ	歲末	31
ㄘㄢˊ ㄩˊ	殘餘	31
ㄇㄟˇ ㄅㄨˋ	每部	31
ㄅㄧˇ ㄐㄧㄠˇ ㄑㄧˇ ㄌㄞˊ	比較起來	31
ㄅㄧˇ ㄐㄧㄠˋ ㄑㄧˇ ㄌㄞˊ	比較起來	31
ㄕㄨㄟˇ ㄒㄧㄢ	水仙	31
ㄕㄨㄟˇ ㄎㄡˇ	水口	31
ㄕㄨㄟˇ ㄅㄚˋ	水壩	31
ㄕㄨㄟˇ ㄒㄧㄥˋ	水性	31
ㄕㄨㄟˇ ㄌㄨㄥˊ ㄊㄡˊ	水龍頭	31
ㄕㄨㄟˇ ㄌㄨㄥˊ ㄊㄡ˙	水龍頭	31
ㄐㄧˊ ㄑㄩˇ	汲取	31
ㄕㄚ ㄕˋ	沙士	31
ㄏㄜˊ ㄅㄧㄣ	河濱	31
ㄧㄡˊ ㄨ	油污	31
ㄓˋ ㄙㄨㄛˇ	治所	31
ㄓˋ ㄕㄨㄟˇ	治水	31
ㄧㄢˊ ㄐㄧㄝ	沿街	31
ㄅㄛ ㄓㄜˊ	波折	31
ㄆㄛ ㄓㄜˊ	波折	31
ㄒㄧˇ ㄧ ㄈㄨˊ	洗衣服	31
ㄐㄧㄣ ㄐㄧㄣ ㄧㄡˇ ㄨㄟˋ	津津有味	31
ㄏㄨㄛˊ ㄉㄨㄥˋ ㄌㄧˋ	活動力	31
ㄏㄨㄛˊ ㄙㄞ	活塞	31
ㄌㄧㄡˊ ㄓㄨㄢˇ	流轉	31
ㄏㄠˋ ㄖㄢˊ	浩然	31
ㄈㄨˊ ㄑㄧˇ	浮起	31
ㄏㄞˇ ㄔㄢˇ	海產	31
ㄒㄧㄢˊ	涎	31
ㄏㄨㄣˋ ㄗㄞˋ	混在	31
ㄊㄧㄢ ㄌㄜ˙	添了	31
ㄐㄧㄢˇ ㄙㄨˋ	減速	31
ㄎㄜˇ ㄑㄧㄡˊ	渴求	31
ㄏㄨˊ ㄇㄧㄢˋ	湖面	31
ㄨㄣ ㄒㄩㄣˊ	溫馴	31
ㄌㄨˇ ㄨㄟˋ	滷味	31
ㄏㄢˋ ㄊㄤˊ	漢唐	31
ㄇㄢˋ ㄨˊ	漫無	31
ㄔㄥˊ ㄑㄧㄥ ㄏㄨˊ	澄清湖	31
ㄔㄜˋ ㄉㄧˇ	澈底	31
ㄆㄥˊ ㄏㄨˊ ㄖㄣˊ	澎湖人	31
ㄓㄨㄛˊ ㄕㄨㄟˇ ㄒㄧ	濁水溪	31
ㄏㄨㄛˇ ㄅㄚˇ	火把	31
ㄏㄨㄛˇ ㄏㄨㄥˊ	火紅	31
ㄌㄧㄝˋ ㄖˋ	烈日	31
ㄨˊ ㄎㄨㄟˋ	無愧	31
ㄨˊ ㄒㄧㄚˊ	無暇	31
ㄨˊ ㄓˇ ㄐㄧㄥˋ	無止境	31
ㄐㄧㄢ ㄅㄧㄥˇ	煎餅	31
ㄖㄜˋ ㄍㄡˇ	熱狗	31
ㄓㄥ ㄍㄨㄤ	爭光	31
ㄋㄧㄡˊ ㄊㄡˊ	牛頭	31
ㄇㄨˇ ㄧㄤˊ	牡羊	31
ㄨˋ ㄌㄧㄠˋ	物料	31
ㄒㄧ ㄕㄥ ㄆㄧㄣˇ	犧牲品	31
ㄐㄧㄤˇ ㄌㄧˋ ㄐㄧㄣ	獎勵金	31
ㄉㄨˊ ㄇㄨˋ ㄓㄡ	獨木舟	31
ㄒㄧㄢˋ ㄉㄞˋ ㄓㄨˇ ㄧˋ	現代主義	31
ㄑㄧㄡˊ ㄅㄤˋ	球棒	31
ㄕㄥ ㄒㄧㄢ	生鮮	31
ㄋㄢˊ ㄗˇ ㄏㄢˋ	男子漢	31
ㄌㄩㄝˋ ㄨㄟˊ	略為	31
ㄧˊ ㄋㄢˊ ㄗㄚˊ ㄓㄥˋ	疑難雜症	31
ㄅㄧㄥˋ ㄗㄠˋ	病灶	31
ㄉㄥ ㄐㄧ	登基	31
ㄉㄥ ㄐㄧ	登機	31
ㄈㄚ ㄖㄜˋ	發熱	31
ㄅㄞˊ ㄌㄢˊ ㄉㄧˋ	白蘭地	31
ㄅㄞˊ ㄒㄧㄝˇ ㄑㄧㄡˊ	白血球	31
ㄅㄞˇ ㄅㄢ	百般	31
ㄅㄞˇ ㄌㄧˇ	百里	31
ㄏㄠˋ	皓	31
ㄧˋ ㄈㄚ	益發	31
ㄒㄧㄤˋ ㄇㄠˋ	相貌	31
ㄎㄢˋ ㄇㄢˋ ㄏㄨㄚˋ	看漫畫	31
ㄎㄢˋ ㄧ ㄕㄥ	看醫生	31
ㄓㄣ ㄉㄧˋ	真諦	31
ㄎㄨㄟˊ	睽	31
ㄉㄨㄢˇ ㄑㄧˊ ㄉㄜ˙	短期的	31
ㄕˊ ㄌㄧㄡˊ	石榴	31
ㄧㄢˊ ㄐㄧㄡˋ ㄔㄨ	研究出	31
ㄕㄣˊ ㄓˋ	神智	31
ㄕㄣˊ ㄑㄧˊ	神祇	31
ㄐㄧㄣ ㄅㄨˋ ㄑㄧˇ	禁不起	31
ㄈㄨˊ ㄐㄧㄢˋ ㄕㄥˇ	福建省	31
ㄑㄩㄥ	穹	31
ㄑㄩㄥˊ	穹	31
ㄎㄨㄥ ㄔㄨ	空出	31
ㄎㄨㄥˋ ㄔㄨ	空出	31
ㄓㄨˊ ㄍㄨㄥ	竹工	31
ㄉㄧˋ ㄧ ㄐㄧㄢˋ ㄕˋ	第一件事	31
ㄅㄧˇ ㄓˊ	筆直	31
ㄓㄨˊ	筑	31
ㄉㄨˇ ㄉㄧㄥˋ	篤定	31
ㄌㄧˊ ㄅㄚ	籬笆	31
ㄌㄨㄛˊ	籮	31
ㄩㄝ ㄌㄩㄝˋ	約略	31
ㄏㄨㄥˊ ㄑㄩㄝˋ	紅雀	31
ㄔㄨㄣˊ ㄓㄨㄥˇ	純種	31
ㄐㄧㄝˊ ㄒㄧㄚˋ	結下	31
ㄐㄧㄝˊ ㄩˇ	結語	31
ㄌㄨㄛˋ ㄧˋ ㄅㄨˋ ㄐㄩㄝˊ	絡繹不絕	31
ㄩㄢˊ ㄈㄣˋ	緣份	31
ㄗㄨㄥˇ ㄕˋ ㄧㄡˇ	總是有	31
ㄑㄩㄝ ㄏㄨㄛˋ	缺貨	31
ㄇㄟˇ ㄓㄨㄥ ㄅㄨˋ ㄗㄨˊ	美中不足	31
ㄌㄧㄢˊ ㄓㄢˇ	聯展	31
ㄕㄥ ㄩㄝˋ ㄐㄧㄚ	聲樂家	31
ㄖㄡˋ ㄙ	肉絲	31
ㄨㄟˋ ㄞˊ	胃癌	31
ㄒㄩ	胥	31
ㄈㄨˇ ㄌㄢˋ	腐爛	31
ㄈㄨˇ	腑	31
ㄑㄧㄤ ㄉㄧㄠˋ	腔調	31
ㄋㄠˇ ㄘㄢˊ	腦殘	31
ㄋㄠˇ ㄕㄣˊ ㄐㄧㄥ	腦神經	31
ㄧㄠ ㄉㄞˋ	腰帶	31
ㄐㄧㄢˋ	腱	31
ㄗˋ ㄓㄨˋ ㄘㄢ	自助餐	31
ㄗˋ ㄕˋ	自是	31
ㄗˋ ㄍㄥ	自耕	31
ㄓˋ ㄉㄨㄛ	至多	31
ㄒㄧㄥ ㄕㄨㄞ	興衰	31
ㄒㄧㄥ ㄋㄨㄥˊ	興農	31
ㄐㄩˇ ㄌㄧˋ ㄌㄞˊ ㄕㄨㄛ	舉例來說	31
ㄔㄨㄢˊ ㄅㄛˊ	船舶	31
ㄏㄨㄚ ㄓ	花枝	31
ㄎㄨˇ ㄕㄨㄟˇ	苦水	31
ㄘㄞˋ ㄊㄨㄥˊ ㄖㄨㄥˊ	蔡同榮	31
ㄘㄞˋ ㄏㄨㄤˊ ㄌㄤˊ	蔡煌瑯	31
ㄈㄢˊ ㄌㄧˊ	藩籬	31
ㄒㄩ ㄍㄡˋ ㄉㄜ˙	虛構的	31
ㄕ	虱	31
ㄨㄣˊ ㄔㄨㄥˊ	蚊蟲	31
ㄓㄨˋ ㄧㄚˊ	蛀牙	31
ㄓㄨㄥ	螽	31
ㄒㄧㄥˊ ㄓㄥˋ ㄉㄢ ㄨㄟˋ	行政單位	31
ㄅㄧㄠˇ ㄘㄥˊ	表層	31
ㄅㄟˋ ㄗ˙	被子	31
ㄓㄨㄤ ㄖㄨˋ	裝入	31
ㄓㄨㄤ ㄑㄧˇ ㄌㄞˊ	裝起來	31
ㄓㄨㄤ ㄕˋ ㄆㄧㄣˇ	裝飾品	31
ㄒㄧ ㄩˋ	西域	31
ㄒㄧ ㄏㄞˇ	西海	31
ㄐㄧㄢˋ ㄖㄣˊ	見人	31
ㄑㄧㄣ ㄨㄣˇ	親吻	31
ㄐㄧㄝˇ ㄈㄚˇ	解法	31
ㄊㄠˇ ㄐㄧㄚˋ	討價	31
ㄊㄠˇ ㄕㄥ ㄏㄨㄛˊ	討生活	31
ㄕㄜˋ ㄒㄧㄚˋ	設下	31
ㄐㄧㄝˊ	詰	31
ㄉㄧㄠˋ ㄒㄧㄥˋ	調性	31
ㄉㄧㄠˋ ㄔㄚˊ ㄩㄢˊ	調查員	31
ㄇㄧˊ ㄩˇ	謎語	31
ㄐㄧㄥˇ ㄨㄤˇ	警網	31
ㄅㄧㄢˋ ㄓㄨㄥˇ	變種	31
ㄖㄤˋ ㄔㄨ	讓出	31
ㄅㄟˋ ㄌㄟˋ	貝類	31
ㄘㄞˊ ㄕㄨㄟˋ	財稅	31
ㄗ ㄅㄣˇ ㄓㄨˇ ㄧˋ ㄓˋ ㄉㄨˋ	資本主義制度	31
ㄉㄨˇ ㄎㄜˋ	賭客	31
ㄔˋ ㄗˇ	赤子	31
ㄏㄜˋ ㄙ	赫斯	31
ㄗㄡˇ ㄕ	走失	31
ㄗㄡˇ ㄉㄜˊ	走得	31
ㄗㄡˇ ㄉㄜ˙	走得	31
ㄑㄧˇ ㄩㄢˊ ㄩˊ	起源於	31
ㄔㄠ ㄜˊ	超額	31
ㄑㄩ ㄏㄨㄢˇ	趨緩	31
ㄊㄞˊ	跆	31
ㄊㄞˊ ㄑㄩㄢˊ	跆拳	31
ㄊㄧㄠˋ ㄌㄡˊ	跳樓	31
ㄔㄨㄞˋ	踹	31
ㄔㄡˊ ㄔㄨˊ	躊躇	31
ㄕㄣ ㄈㄣˋ ㄓㄥˋ	身份證	31
ㄕㄣ ㄈㄚˇ	身法	31
ㄊㄤˇ ㄓㄜ˙	躺著	31
ㄐㄩㄣ ㄌㄧˋ	軍力	31
ㄐㄩㄣ ㄧ	軍醫	31
ㄗㄞˋ ㄧㄡˇ	載有	31
ㄑㄧㄥ ㄅㄧㄢˋ	輕便	31
ㄆㄛˋ ㄗㄞˋ	迫在	31
ㄇㄧˊ ㄌㄧㄢˋ	迷戀	31
ㄓㄨㄟ ㄐㄧㄚ ㄩˋ ㄙㄨㄢˋ	追加預算	31
ㄊㄨㄟˋ ㄕㄨㄟˋ	退稅	31
ㄊㄨㄟˋ ㄏㄨㄢˊ	退還	31
ㄋㄧˋ ㄕˋ	逆勢	31
ㄊㄡˋ ㄌㄜ˙	透了	31
ㄊㄨㄥ ㄌㄜ˙	通了	31
ㄗㄠˋ ㄓˇ	造紙	31
ㄌㄧㄢˊ ㄘˊ	連詞	31
ㄎㄨㄟˊ	逵	31
ㄩㄣˋ ㄏㄨㄟˊ	運回	31
ㄩㄣˋ ㄕㄨ ㄒㄧˋ ㄊㄨㄥˇ	運輸系統	31
ㄍㄨㄛˋ ㄑㄧˋ	過氣	31
ㄉㄠˋ ㄈㄚˇ	道法	31
ㄩㄢˇ ㄓㄥ	遠征	31
ㄑㄧㄢ ㄐㄧㄡˋ	遷就	31
ㄧˊ ㄕㄨ	遺書	31
ㄋㄚˋ ㄐㄩˋ ㄏㄨㄚˋ	那句話	31
ㄋㄚˋ ㄐㄧˇ ㄍㄜ˙	那幾個	31
ㄍㄨㄛ ㄨㄟˊ ㄈㄢˊ	郭為藩	31
ㄉㄡ ㄕㄡˋ ㄉㄠˋ	都受到	31
ㄒㄧㄤ ㄒㄧㄚˋ ㄖㄣˊ	鄉下人	31
ㄐㄧㄡˇ ㄐㄧㄚ	酒家	31
ㄐㄧㄡˇ ㄌㄟˋ	酒類	31
ㄧㄝˇ ㄏㄨㄛˇ	野火	31
ㄍㄤ ㄅㄧˇ	鋼筆	31
ㄓㄨㄥ ㄞˋ	鍾愛	31
ㄉㄥ	鐙	31
ㄔㄤˊ ㄈㄤ ㄒㄧㄥˊ	長方形	31
ㄎㄞ ㄈㄤˋ ㄕˋ ㄐㄧㄠˋ ㄩˋ	開放式教育	31
ㄎㄞ ㄌㄧˋ	開立	31
ㄍㄨㄢ ㄐㄧㄣˇ	關緊	31
ㄙㄨㄟˊ ㄕㄣ ㄒㄧ ㄉㄞˋ	隨身攜帶	31
ㄒㄧㄢˇ ㄕㄥˋ	險勝	31
ㄧㄣˇ ㄕˋ	隱士	31
ㄧㄣˇ ㄐㄩ	隱居	31
ㄌㄧˊ ㄒㄧㄣ	離心	31
ㄋㄢˊ ㄋㄞˋ	難耐	31
ㄋㄢˊ ㄔㄨˇ	難處	31
ㄋㄢˊ ㄔㄨˋ	難處	31
ㄉㄧㄢˋ ㄗˇ ㄧㄝˋ	電子業	31
ㄉㄧㄢˋ ㄗˇ ㄉㄤˇ	電子檔	31
ㄉㄧㄢˋ ㄐㄧ ㄒㄧˋ	電機系	31
ㄉㄧㄢˋ ㄆㄧㄥˊ	電瓶	31
ㄉㄧㄢˋ ㄕˋ ㄍㄨㄤˇ ㄍㄠˋ	電視廣告	31
ㄉㄧㄢˋ ㄌㄧˊ ㄘㄥˊ	電離層	31
ㄒㄧㄝˊ ㄐㄧㄤˋ	鞋匠	31
ㄏㄢˊ ㄩˋ	韓愈	31
ㄕㄨㄣˋ ㄔㄚ	順差	31
ㄌㄧㄥˇ ㄓㄜ˙	領著	31
ㄓㄢˋ ㄉㄨㄥˋ	顫動	31
ㄈㄥ ㄔㄣˊ	風塵	31
ㄈㄥ ㄌㄧㄥˊ	風鈴	31
ㄈㄢˋ ㄘㄞˋ	飯菜	31
ㄧㄤˇ ㄈㄣˋ	養分	31
ㄕㄡˇ ㄌㄧˋ	首例	31
ㄕㄡˇ ㄌㄧㄥˇ	首領	31
ㄇㄚˇ ㄆㄧ	馬匹	31
ㄔˊ ㄔㄥˇ	馳騁	31
ㄐㄧˋ ㄅㄧㄥ	騎兵	31
ㄑㄧˊ ㄅㄧㄥ	騎兵	31
ㄇㄛˋ ㄉㄧˋ	驀地	31
ㄍㄠ ㄨㄟˊ ㄒㄧㄢˇ ㄑㄩㄣˊ	高危險群	31
ㄍㄠ ㄐㄧㄠˋ ㄙ	高教司	31
ㄍㄠ ㄏㄨㄚˋ ㄓˊ	高畫質	31
ㄍㄠ ㄍㄣ ㄒㄧㄝˊ	高跟鞋	31
ㄍㄠ ㄍㄠ ㄆㄧㄥˊ	高高屏	31
ㄇㄧㄢˋ ㄐㄧㄣ	麵筋	31
ㄋㄧㄢˊ ㄗㄞˋ	黏在	31
ㄔˇ ㄌㄨㄣˊ	齒輪	31
ㄎㄣˇ	齦	31
ㄧㄣˊ	齦	31
ㄌㄨㄥˊ ㄧㄥˋ ㄊㄞˊ	龍應台	31
ㄌㄨㄥˊ ㄒㄧㄚ	龍蝦	31
ㄧ ㄒㄧㄝ ㄉㄜ˙	一些的	30
ㄧˋ ㄒㄧㄝ ㄉㄜ˙	一些的	30
ㄧ ㄉㄠ	一刀	30
ㄧˋ ㄉㄠ	一刀	30
ㄧ ㄑㄧㄢ ㄩㄢˊ	一千元	30
ㄧˋ ㄑㄧㄢ ㄩㄢˊ	一千元	30
ㄧ ㄎㄨㄞˋ ㄑㄧㄢˊ	一塊錢	30
ㄧˊ ㄎㄨㄞˋ ㄑㄧㄢˊ	一塊錢	30
ㄧ ㄊㄧㄠˊ ㄊㄧㄠˊ	一條條	30
ㄧˋ ㄊㄧㄠˊ ㄊㄧㄠˊ	一條條	30
ㄧ ㄆㄢˊ	一盤	30
ㄧˋ ㄆㄢˊ	一盤	30
ㄧ ㄔㄨㄥˊ	一重	30
ㄧˋ ㄔㄨㄥˊ	一重	30
ㄉㄧㄥ ㄒㄧㄤ	丁香	30
ㄑㄧ ㄧㄢˊ	七言	30
ㄙㄢ ㄐㄧㄢˋ	三件	30
ㄙㄢ ㄧˋ ㄩㄢˊ	三億元	30
ㄙㄢ ㄑㄧㄢ ㄎㄨㄞˋ	三千塊	30
ㄙㄢ ㄨㄢˋ ㄩㄢˊ	三萬元	30
ㄕㄤˋ ㄨㄟˋ	上尉	30
ㄒㄧㄚˋ ㄍㄨㄛˋ	下過	30
ㄒㄧㄚˋ ㄇㄚˇ	下馬	30
ㄅㄨˋ ㄉㄧ	不低	30
ㄅㄨˋ ㄑㄧㄢˊ	不前	30
ㄅㄨˋ ㄓㄡ	不周	30
ㄅㄨˋ ㄇㄢˇ ㄉㄜ˙	不滿的	30
ㄅㄨˋ ㄓㄣ	不真	30
ㄅㄨˋ ㄗㄨˊ ㄉㄠˋ	不足道	30
ㄓㄨㄥ ㄉㄧ ㄕㄡ ㄖㄨˋ	中低收入	30
ㄓㄨㄥ ㄔㄤˇ	中場	30
ㄓㄨㄥ ㄗˇ	中子	30
ㄓㄨㄥ ㄒㄧㄠˋ	中校	30
ㄓㄨㄥ ㄅㄨˋ ㄉㄧˋ ㄑㄩ	中部地區	30
ㄓㄨˇ ㄉㄨㄥˋ ㄉㄜ˙	主動的	30
ㄓㄨˇ ㄐㄧㄢˋ	主見	30
ㄔㄥˊ ㄧˇ	乘以	30
ㄍㄢ ㄏㄜˊ	乾涸	30
ㄌㄨㄢˋ ㄉㄧㄡ	亂丟	30
ㄕˋ ㄌㄧˇ	事理	30
ㄕˋ ㄧㄡˊ	事由	30
ㄨˇ ㄘㄞˇ ㄅㄧㄣ ㄈㄣ	五彩繽紛	30
ㄨˇ ㄌㄧㄥˊ ㄋㄧㄢˊ ㄉㄞˋ	五零年代	30
ㄐㄧㄠ ㄅㄤˋ	交棒	30
ㄖㄣˊ ㄇㄚˇ ㄗㄨㄛˋ	人馬座	30
ㄖㄣˊ ㄓㄜˇ	仁者	30
ㄊㄚ ㄒㄧㄢ	他先	30
ㄒㄧㄢ ㄐㄧㄥˋ	仙境	30
ㄉㄞˋ ㄕㄨ	代書	30
ㄧˇ ㄨˋ ㄧˋ ㄨˋ	以物易物	30
ㄑㄧˋ ㄏㄨㄚˋ ㄕㄨ	企劃書	30
ㄅㄛˊ ㄌㄠˊ	伯勞	30
ㄌㄞˊ ㄕˋ	來世	30
ㄌㄞˊ ㄓㄠˋ	來照	30
ㄑㄧㄣ ㄓㄢˋ	侵佔	30
ㄈㄨˊ ㄌㄨˇ	俘虜	30
ㄅㄠˇ ㄇㄨˇ	保姆	30
ㄒㄧㄡ ㄐㄧㄢˇ	修剪	30
ㄒㄧㄡ ㄓㄨˊ	修築	30
ㄧˇ ㄌㄞˋ	倚賴	30
ㄆㄧㄢ ㄓㄨㄥˋ ㄩˊ	偏重於	30
ㄕㄤ ㄉㄠˋ	傷到	30
ㄧㄡ ㄒㄧㄢ ㄕㄨㄣˋ ㄒㄩˋ	優先順序	30
ㄍㄨㄤ ㄙㄨˋ	光速	30
ㄖㄨˋ ㄕˊ	入時	30
ㄑㄩㄢˊ ㄏㄨㄟˋ	全會	30
ㄍㄨㄥ ㄎㄨㄢˇ	公款	30
ㄍㄨㄥ ㄈㄚˇ	公法	30
ㄌㄧㄡˋ ㄅㄢ	六班	30
ㄑㄧˊ ㄕˊ	其時	30
ㄗㄞˋ ㄗㄞˋ	再再	30
ㄗㄞˋ ㄊㄠˇ	再討	30
ㄍㄨㄢˋ ㄐㄩㄣ ㄙㄞˋ	冠軍賽	30
ㄅㄧㄥ ㄌㄧㄤˊ	冰涼	30
ㄌㄥˇ ㄑㄧˋ ㄐㄧ	冷氣機	30
ㄋㄧㄥˊ ㄐㄧㄝˊ	凝結	30
ㄔㄨ ㄑㄧㄣˊ	出勤	30
ㄔㄨ ㄒㄧˊ	出息	30
ㄔㄨ ㄒㄧ˙	出息	30
ㄔㄨ ㄨˇ	初五	30
ㄌㄧˋ ㄊㄚ	利他	30
ㄑㄧㄢˊ ㄅㄢˋ	前半	30
ㄊㄧ ㄊㄡˋ	剔透	30
ㄈㄨˋ ㄓㄨˇ ㄖㄣˋ ㄨㄟˇ ㄩㄢˊ	副主任委員	30
ㄐㄧㄠˇ	剿	30
ㄔㄠ	剿	30
ㄐㄧㄚ ㄨㄟˊ	加為	30
ㄉㄨㄥˋ ㄋㄠˇ	動腦	30
ㄅㄟˇ ㄔㄥˊ	北城	30
ㄅㄟˇ ㄢˋ	北岸	30
ㄅㄟˇ ㄍㄢ	北竿	30
ㄎㄨㄤ	匡	30
ㄕˊ ㄐㄧㄢˋ	十件	30
ㄕˊ ㄓㄨㄥˇ	十種	30
ㄕˊ ㄒㄧㄤˋ	十項	30
ㄑㄧㄢ ㄑㄧㄢ	千千	30
ㄅㄢˋ ㄙˇ	半死	30
ㄒㄧㄝˊ ㄗㄨㄛˋ	協作	30
ㄜˋ ㄩㄣˋ	厄運	30
ㄩㄢˊ ㄉㄨㄥˋ ㄌㄧˋ	原動力	30
ㄩㄢˊ ㄨㄟˇ	原委	30
ㄕㄡˋ ㄇㄧㄥˋ	受命	30
ㄎㄡˇ ㄑㄧㄤ ㄞˊ	口腔癌	30
ㄓˇ ㄧㄣ ㄨㄟˋ	只因為	30
ㄓˇ ㄐㄧˋ	只記	30
ㄓˇ ㄎㄠˋ	只靠	30
ㄎㄜˇ ㄉㄚˋ	可大	30
ㄊㄞˊ ㄉㄨㄥ ㄕˋ	台東市	30
ㄧㄡˋ ㄓㄨㄢˇ	右轉	30
ㄔ ㄕㄤˋ	吃上	30
ㄊㄨㄥˊ ㄖˋ	同日	30
ㄊㄨˇ ㄌㄨˋ	吐露	30
ㄎㄥ	吭	30
ㄏㄤˊ	吭	6.351308576902391
ㄔㄠˇ ㄒㄧㄥˇ	吵醒	30
ㄓㄡ ㄧㄡˊ	周遊	30
ㄏㄨ ㄏㄢˇ	呼喊	30
ㄏㄜˊ ㄏㄨㄢˇ	和緩	30
ㄓㄡˋ ㄇㄚˋ	咒罵	30
ㄞ ㄌㄜˋ	哀樂	30
ㄞ ㄩㄝˋ	哀樂	30
ㄅㄨˇ ㄖㄨˇ ㄌㄟˋ	哺乳類	30
ㄔㄤˋ ㄓㄜ˙	唱著	30
ㄕㄤ ㄨˋ ㄅㄨˋ	商務部	30
ㄕㄤ ㄔㄨㄢˊ	商船	30
ㄐㄧㄡ	啾	30
ㄒㄧˇ ㄧㄢˋ	喜宴	30
ㄒㄧˇ ㄌㄜˋ	喜樂	30
ㄙㄜˋ	嗇	30
ㄊㄢˋ ㄑㄧˋ	嘆氣	30
ㄏㄨㄟˊ ㄕㄡ ㄌㄩˋ	回收率	30
ㄎㄨㄣˋ ㄋㄢˊ ㄔㄨㄥˊ ㄔㄨㄥˊ	困難重重	30
ㄎㄨㄣˋ ㄉㄨㄣˋ	困頓	30
ㄩㄢˊ ㄇㄥˋ	圓夢	30
ㄗㄞˋ ㄉㄧˋ ㄖㄣˊ	在地人	30
ㄗㄞˋ ㄒㄩㄝˊ ㄕㄥ	在學生	30
ㄉㄧˋ ㄖㄜˋ	地熱	30
ㄐㄩㄣ ㄧˇ	均已	30
ㄎㄢˇ ㄔㄥˊ	坎城	30
ㄗㄨㄛˋ ㄌㄜ˙	坐了	30
ㄊㄢˇ ㄅㄞˊ ㄕㄨㄛ	坦白說	30
ㄔㄥˊ ㄅㄤ	城邦	30
ㄉㄨㄟ ㄉㄧㄝˊ	堆疊	30
ㄙㄜˋ ㄋㄚˋ ㄏㄜˊ	塞納河	30
ㄗㄥ ㄔㄢˇ	增產	30
ㄩㄥ ㄙㄜˋ	壅塞	30
ㄨㄞˋ ㄉㄧㄢˋ ㄅㄠˋ ㄉㄠˇ	外電報導	30
ㄉㄨㄛ ㄌㄨㄣˊ ㄉㄨㄛ	多倫多	30
ㄉㄨㄛ ㄗˋ	多字	30
ㄉㄨㄛ ㄉㄨㄢ	多端	30
ㄇㄥˋ ㄒㄧㄤ	夢鄉	30
ㄉㄚˋ ㄔㄨㄢ	大川	30
ㄉㄚˋ ㄓㄤ	大張	30
ㄉㄚˋ ㄈㄤ ㄒㄧㄤˋ	大方向	30
ㄉㄚˋ ㄆㄠˋ	大砲	30
ㄉㄚˋ ㄓㄨㄢˇ	大轉	30
ㄉㄚˋ ㄉㄡ ㄕˋ	大都是	30
ㄊㄧㄢ ㄖㄢˊ ㄉㄜ˙	天然的	30
ㄊㄧㄢ ㄗ	天資	30
ㄕ ㄧㄝˋ ㄓㄜˇ	失業者	30
ㄑㄧˊ ㄑㄧˊ	奇奇	30
ㄑㄧˊ ㄐㄧˋ	奇技	30
ㄠˋ ㄇㄧˋ	奧秘	30
ㄏㄠˇ ㄌㄞˊ	好來	30
ㄨㄟˇ ㄩㄢˊ ㄏㄨㄟˋ ㄧˋ	委員會議	30
ㄗˋ ㄕㄨ	字書	30
ㄐㄧˋ ㄎㄢ	季刊	30
ㄢ ㄨㄟˊ	安危	30
ㄢ ㄏㄜˊ	安和	30
ㄢ ㄑㄧㄣ ㄅㄢ	安親班	30
ㄨㄢˊ ㄓㄥˇ ㄒㄧㄥˋ	完整性	30
ㄍㄨㄢ ㄒㄧㄠˋ	官校	30
ㄎㄜˋ ㄨㄟˇ ㄏㄨㄟˋ	客委會	30
ㄍㄨㄥ ㄑㄧˊ	宮崎	30
ㄍㄨㄥ ㄑㄧˊ ㄒㄧㄢˋ	宮崎縣	30
ㄐㄧㄚ ㄉㄤˋ	家當	30
ㄇㄧˋ ㄅㄨˋ ㄎㄜˇ ㄈㄣ	密不可分	30
ㄇㄧˋ ㄅㄨˋ	密佈	30
ㄩˋ ㄧˋ	寓意	30
ㄍㄨㄚˇ ㄈㄨˋ	寡婦	30
ㄒㄧㄝˇ ㄓㄣ ㄐㄧˊ	寫真集	30
ㄐㄧㄤ ㄌㄞˊ ㄏㄨㄟˋ	將來會	30
ㄐㄧㄤ ㄖㄨˊ	將如	30
ㄓㄨㄢ ㄉㄨㄢˋ	專斷	30
ㄒㄩㄣˊ ㄈㄤˇ	尋訪	30
ㄉㄨㄟˋ ㄉㄧㄠˋ	對調	30
ㄉㄨㄟˋ ㄘㄨㄛˋ	對錯	30
ㄒㄧㄠˇ ㄗˋ	小字	30
ㄒㄧㄠˇ ㄐㄧㄚ ㄊㄧㄥˊ	小家庭	30
ㄒㄧㄠˇ ㄩㄝˋ	小月	30
ㄒㄧㄠˇ ㄒㄩㄥˊ	小熊	30
ㄒㄧㄠˇ ㄉㄠˋ	小道	30
ㄐㄧㄢ ㄕˊ ㄒㄧㄤ	尖石鄉	30
ㄐㄧㄡˋ ㄧㄡˊ	就由	30
ㄐㄩ ㄖㄢˊ ㄧㄡˇ	居然有	30
ㄓㄢˇ ㄌㄢˇ ㄍㄨㄢˇ	展覽館	30
ㄙㄨㄥ	崧	30
ㄩㄝˋ	嶽	30
ㄗㄨㄛˇ ㄓㄨㄢˇ	左轉	30
ㄔㄚ ㄘㄨㄛˋ	差錯	30
ㄅㄨˋ ㄕ	布施	30
ㄒㄧ ㄦˇ	希爾	30
ㄕ ㄓㄨㄢ	師專	30
ㄉㄞˋ ㄉㄧㄢˇ	帶點	30
ㄔㄤˊ ㄋㄧㄢˊ	常年	30
ㄔㄤˊ ㄎㄞ	常開	30
ㄋㄧㄢˊ ㄔㄢˇ	年產	30
ㄍㄢˋ ㄕˋ ㄓㄤˇ	幹事長	30
ㄏㄨㄢˋ ㄇㄧㄝˋ	幻滅	30
ㄧㄡ ㄍㄨˇ	幽谷	30
ㄐㄧˇ ㄎㄨㄞˋ	幾塊	30
ㄎㄤ ㄌㄜˋ	康樂	30
ㄐㄧㄢˋ ㄓˋ	建制	30
ㄧˋ	弋	30
ㄑㄧㄤˊ ㄐㄧㄢˋ	強健	30
ㄨㄤˇ ㄋㄢˊ	往南	30
ㄏㄣˇ ㄑㄧㄤˊ ㄉㄜ˙	很強的	30
ㄏㄣˇ ㄒㄧˋ	很細	30
ㄒㄩˊ ㄓˋ ㄇㄛˊ	徐志摩	30
ㄊㄨˊ ㄖㄢˊ	徒然	30
ㄉㄜˊ ㄒㄧㄣ ㄧㄥˋ ㄕㄡˇ	得心應手	30
ㄒㄩㄣˊ ㄒㄧㄢˋ	循線	30
ㄓㄥ ㄉㄜˊ	徵得	30
ㄒㄧㄣ ㄘㄞˊ	心裁	30
ㄋㄧㄢˋ ㄗㄞˋ	念在	30
ㄑㄧㄚˋ ㄉㄠˋ ㄏㄠˇ ㄔㄨˋ	恰到好處	30
ㄒㄧㄤˇ ㄅㄨˋ ㄔㄨ	想不出	30
ㄩˊ ㄇㄟˋ	愚昧	30
ㄞˋ ㄇㄟˇ	愛美	30
ㄩㄥ ㄌㄢˇ	慵懶	30
ㄆㄧㄥˊ ㄎㄨㄥ	憑空	30
ㄔㄥˊ ㄕㄨㄛ	成說	30
ㄓㄢˋ ㄍㄨㄛˇ	戰果	30
ㄕㄡˇ ㄓㄡˇ	手肘	30
ㄕㄡˇ ㄊㄡˊ	手頭	30
ㄉㄚˇ ㄏㄨㄟˊ	打回	30
ㄊㄨㄛ ㄩㄣˋ	托運	30
ㄊㄡˊ ㄑㄧㄡˊ	投球	30
ㄆㄧ ㄕㄤˋ	披上	30
ㄉㄧˇ ㄒㄧㄠ	抵消	30
ㄔㄡ ㄓㄨㄥˋ	抽中	30
ㄌㄚ ㄐㄩˋ	拉鋸	30
ㄐㄧㄝˊ ㄐㄩ	拮据	30
ㄐㄧㄝˊ ㄐㄩˋ	拮据	30
ㄓˇ ㄈㄚˇ	指法	30
ㄅㄨˇ ㄩˊ	捕魚	30
ㄕㄡˋ ㄑㄩㄢˊ ㄍㄟˇ	授權給	30
ㄆㄞˊ ㄊㄚ	排他	30
ㄊㄢˋ ㄒㄩㄣˊ	探詢	30
ㄊㄨㄟ ㄕㄤˋ	推上	30
ㄊㄨㄟ ㄅㄛ ㄓㄨˋ ㄌㄢˊ	推波助瀾	30
ㄊㄨㄟ ㄆㄛ ㄓㄨˋ ㄌㄢˊ	推波助瀾	30
ㄊㄨㄟ ㄆㄞˋ	推派	30
ㄊㄨㄟ ㄐㄧㄢˋ	推荐	30
ㄊㄧˊ ㄕㄣˊ	提神	30
ㄧㄠˊ ㄍㄨㄣˇ ㄩㄝˋ	搖滾樂	30
ㄍㄠˇ ㄔㄨ	搞出	30
ㄆㄨ ㄎㄜˋ	撲克	30
ㄗㄜˊ ㄧㄠˋ	擇要	30
ㄐㄧˊ ㄌㄨㄛˋ	擊落	30
ㄐㄧˇ ㄉㄠˋ	擠到	30
ㄐㄧˇ ㄐㄧㄣˋ	擠進	30
ㄕㄡ ㄅㄧㄢ	收編	30
ㄕㄡ ㄇㄞˇ	收買	30
ㄕㄡ ㄌㄨˋ ㄗㄞˋ	收錄在	30
ㄓㄥˋ ㄓˋ ㄉㄚˋ ㄒㄩㄝˊ	政治大學	30
ㄍㄨˋ ㄦˊ	故而	30
ㄐㄧㄠˋ ㄨˋ ㄓㄤˇ	教務長	30
ㄐㄧㄠ ㄐㄧㄠ	教教	30
ㄓㄥˇ ㄐㄧㄢˋ	整件	30
ㄨㄣˊ ㄒㄩㄝˊ ㄗㄨㄛˋ ㄆㄧㄣˇ	文學作品	30
ㄨㄣˊ ㄈㄥ	文風	30
ㄉㄨㄢˋ ㄉㄨㄢˋ ㄒㄩˋ ㄒㄩˋ	斷斷續續	30
ㄕ ㄅㄠˋ	施暴	30
ㄖˋ ㄌㄧˋ	日曆	30
ㄖˋ ㄩㄥˋ ㄆㄧㄣˇ	日用品	30
ㄇㄧㄥˊ ㄒㄧˋ	明細	30
ㄏㄨㄣ ㄔㄣˊ	昏沉	30
ㄧㄥˋ ㄖㄨˋ	映入	30
ㄧㄥˋ ㄓㄠˋ	映照	30
ㄔㄨㄣ ㄍㄨㄤ	春光	30
ㄔㄨㄣ ㄒㄩㄣˋ	春訓	30
ㄓㄠ ㄓㄤ	昭彰	30
ㄕˊ ㄔㄣˊ	時辰	30
ㄅㄠˋ ㄓㄥˋ	暴政	30
ㄅㄠˋ ㄅㄧˋ	暴斃	30
ㄍㄥˋ ㄐㄧㄚ	更佳	30
ㄍㄥˋ ㄒㄧㄤˋ	更像	30
ㄇㄢˋ ㄌㄧˋ	曼麗	30
ㄏㄨㄟˋ ㄍㄨㄟ	會規	30
ㄧㄡˇ ㄍㄢˇ ㄦˊ ㄈㄚ	有感而發	30
ㄧㄡˇ ㄍㄨˇ	有股	30
ㄧㄡˇ ㄕˋ	有識	30
ㄧㄡˇ ㄐㄧㄡˇ	有酒	30
ㄧㄡˇ ㄊㄡˊ	有頭	30
ㄇㄨˋ ㄘㄨㄣ	木村	30
ㄉㄨㄥ ㄒㄧ ㄈㄤ	東西方	30
ㄓ ㄍㄢˋ	枝幹	30
ㄖㄢˇ ㄔㄥˊ	染成	30
ㄖㄢˇ ㄈㄚˇ	染髮	30
ㄒㄧㄠˋ ㄉㄨㄟˋ	校隊	30
ㄇㄟˊ ㄓㄨˊ ㄙㄞˋ	梅竹賽	30
ㄙㄣ ㄌㄧㄣˊ ㄌㄧˇ	森林裡	30
ㄩㄝˋ ㄈㄥ	樂風	30
ㄌㄩˊ	櫚	30
ㄧㄥ ㄊㄠˊ	櫻桃	30
ㄎㄨㄢˇ ㄉㄞˋ	款待	30
ㄍㄜ ㄦˊ	歌兒	30
ㄓㄥˋ ㄧˋ ㄍㄢˇ	正義感	30
ㄨˇ ㄏㄢˋ	武漢	30
ㄏㄠˊ ㄨˊ ㄧˊ ㄨㄣˋ	毫無疑問	30
ㄇㄧㄣˊ ㄨㄟˊ	民為	30
ㄕㄨㄟˇ ㄨㄣˊ	水文	30
ㄑㄧㄡˊ ㄓㄥˋ	求證	30
ㄈㄢˋ	汎	30
ㄔㄣˊ ㄇㄧˊ	沈迷	30
ㄏㄜˊ ㄅㄧㄢ	河邊	30
ㄈㄚˇ ㄅㄧˋ	法幣	30
ㄈㄚˇ ㄧˋ	法意	30
ㄊㄞˋ ㄢ	泰安	30
ㄌㄧㄡˊ ㄧㄢˊ	流言	30
ㄏㄞˇ ㄌㄨㄛˋ ㄧㄣ	海洛因	30
ㄏㄞˇ ㄌㄧㄡˊ	海流	30
ㄏㄞˇ ㄐㄧㄠˇ	海角	30
ㄕㄜˋ ㄗㄨˊ	涉足	30
ㄕㄣ ㄏㄞˇ	深海	30
ㄊㄧㄢ ㄐㄧㄚ ㄨˋ	添加物	30
ㄑㄧㄥ ㄌㄧㄢˊ	清廉	30
ㄑㄧㄥ ㄓㄣ ㄙˋ	清真寺	30
ㄘㄜˋ ㄓㄢˋ	測站	30
ㄆㄞˋ	湃	30
ㄓㄨㄣˇ ㄐㄩㄝˊ ㄙㄞˋ	準決賽	30
ㄇㄢˇ ㄩㄝˋ	滿月	30
ㄐㄧㄝˊ ㄒㄧ	潔西	30
ㄐㄧㄝˊ ㄒㄧ ㄎㄚˇ	潔西卡	30
ㄐㄧㄠ ㄕㄨㄟˇ	澆水	30
ㄐㄧ ㄈㄣˋ	激憤	30
ㄐㄧ ㄙㄨˋ	激素	30
ㄋㄨㄥˊ ㄋㄨㄥˊ ㄉㄜ˙	濃濃的	30
ㄕㄣˇ	瀋	30
ㄏㄨㄛˇ ㄅㄠˋ	火爆	30
ㄨˊ ㄙㄨㄣˇ	無損	30
ㄨˊ ㄑㄩㄥˊ ㄉㄜ˙	無窮的	30
ㄧㄢ ㄐㄧㄡˇ	煙酒	30
ㄕㄠ ㄏㄨㄟˇ	燒毀	30
ㄆㄧㄢˋ ㄗ˙ ㄌㄧˇ	片子裡	30
ㄋㄧㄡˊ ㄓ	牛隻	30
ㄊㄜˋ ㄐㄧˊ	特輯	30
ㄉㄨˊ ㄊㄜˋ ㄒㄧㄥˋ	獨特性	30
ㄨㄤˊ ㄨㄟˋ	王位	30
ㄌㄧㄣˊ ㄌㄤˊ ㄇㄢˇ ㄇㄨˋ	琳瑯滿目	30
ㄑㄩㄥˊ ㄧㄠˊ	瓊瑤	30
ㄕㄥ ㄇㄧㄥˋ ㄒㄧㄢˋ	生命線	30
ㄕㄥ ㄋㄧㄢˊ	生年	30
ㄕㄥ ㄏㄨㄛˊ ㄕˇ	生活史	30
ㄩㄥˋ ㄑㄩˋ	用去	30
ㄩㄥˋ ㄨˇ	用武	30
ㄐㄧㄚˇ ㄅㄢˇ	甲板	30
ㄋㄢˊ ㄍㄠ ㄧㄣ	男高音	30
ㄌㄧㄡˊ ㄌㄧㄢˋ	留戀	30
ㄅㄧㄥˋ ㄩㄢˊ	病原	30
ㄈㄥ ㄗ˙	瘋子	30
ㄉㄥ ㄍㄠ	登高	30
ㄅㄞˊ ㄕㄡˇ	白手	30
ㄐㄧㄝ ㄨㄟˊ	皆為	30
ㄏㄨㄤˊ ㄇㄧㄣˊ	皇民	30
ㄒㄧ	皙	30
ㄆㄧˊ ㄇㄠˊ	皮毛	30
ㄐㄧㄢ ㄓˋ	監製	30
ㄓˊ ㄔㄤˊ ㄞˊ	直腸癌	30
ㄓˊ ㄔㄤˊ ㄧㄢˊ	直腸癌	30
ㄓˊ ㄊㄨㄥ	直通	30
ㄒㄧㄤ ㄔㄣˋ	相稱	30
ㄒㄧㄤ ㄔㄥ	相稱	30
ㄒㄧㄤ ㄔㄥˋ	相稱	30
ㄧㄢˇ ㄧㄥˇ	眼影	30
ㄓㄥ ㄧㄢˇ	睜眼	30
ㄕㄨㄟˋ ㄗㄞˋ	睡在	30
ㄘㄞˇ	睬	30
ㄓ ㄧㄣ	知音	30
ㄉㄨㄢˇ ㄔㄨˋ	短絀	30
ㄕˊ ㄓㄨˋ	石柱	30
ㄌㄧㄡˊ ㄙㄨㄢ	硫酸	30
ㄆㄥˋ ㄇㄧㄢˋ	碰面	30
ㄓ	祗	30
ㄌㄧˇ ㄐㄧㄠˋ	禮教	30
ㄑㄧㄡ ㄈㄥ	秋風	30
ㄑㄧㄣˊ ㄕˇ ㄏㄨㄤˊ	秦始皇	30
ㄔㄥˋ ㄓˊ	稱職	30
ㄔㄥ ㄅㄚˋ	稱霸	30
ㄓㄞˇ ㄉㄜ˙	窄的	30
ㄓㄢˋ ㄉㄠˋ	站到	30
ㄊㄨㄥˊ ㄒㄧㄣ	童心	30
ㄊㄨㄥˊ ㄏㄨㄚˋ ㄍㄨˋ ㄕˋ	童話故事	30
ㄉㄧˋ ㄦˋ ㄒㄧㄤˋ	第二項	30
ㄐㄧㄝˊ ㄑㄧˋ	節氣	30
ㄐㄧㄢˇ ㄉㄢ ㄐㄧㄤˇ	簡單講	30
ㄐㄧㄢˇ ㄌㄩㄝˋ	簡略	30
ㄌㄢˊ ㄗ˙	籃子	30
ㄇㄧˇ ㄌㄧˋ	米粒	30
ㄐㄧㄥ ㄏㄨㄚˊ ㄑㄩ	精華區	30
ㄐㄧㄥ ㄆㄧˋ	精闢	30
ㄐㄧˋ ㄉㄜˊ ㄐㄧㄢˋ	紀德艦	30
ㄏㄨㄥˊ ㄑㄧˊ	紅旗	30
ㄏㄨㄥˊ ㄗㄠˇ	紅棗	30
ㄔㄨㄣˊ ㄉㄨˋ	純度	30
ㄙㄨˋ ㄕˊ	素食	30
ㄐㄧㄝˊ ㄕㄜˋ	結社	30
ㄐㄩㄝˊ ㄩㄢˊ	絕緣	30
ㄊㄨㄥˇ ㄔㄥ	統稱	30
ㄐㄧㄣˇ ㄍㄣ	緊跟	30
ㄒㄧㄢˋ ㄐㄧㄥˋ	縣境	30
ㄈㄥˊ ㄓˋ	縫製	30
ㄗㄨㄥˇ ㄓˊ	總值	30
ㄗㄨㄥˇ ㄓㄠ ㄐㄧˊ ㄖㄣˊ	總召集人	30
ㄗㄨㄥˇ ㄗㄨㄥˇ	總總	30
ㄧˊ	羡	30
ㄑㄩㄣˊ ㄘㄜˋ ㄏㄨㄟˋ	群策會	30
ㄈㄢ ㄉㄠˋ	翻到	30
ㄈㄢ ㄌㄧㄢˇ	翻臉	30
ㄌㄠˇ ㄓㄨㄥ	老中	30
ㄌㄠˇ ㄅㄣˇ	老本	30
ㄎㄠˇ ㄍㄨㄢ	考官	30
ㄦˊ ㄑㄧㄝˇ ㄉㄡ	而且都	30
ㄍㄥ ㄋㄨㄥˊ	耕農	30
ㄏㄠˋ ㄐㄧㄣˋ	耗盡	30
ㄐㄩˋ ㄍㄨㄤ	聚光	30
ㄨㄣˊ ㄒㄩㄣˋ	聞訊	30
ㄙㄨㄥˇ ㄉㄨㄥˋ	聳動	30
ㄓˊ ㄅㄤˋ ㄌㄧㄢˊ ㄇㄥˊ	職棒聯盟	30
ㄓˊ ㄧㄝˋ ㄍㄨㄥ ㄏㄨㄟˋ	職業工會	30
ㄖㄡˋ ㄆㄧㄢˋ	肉片	30
ㄒㄩㄥ ㄊㄤˊ	胸膛	30
ㄇㄞˋ ㄅㄛˊ	脈搏	30
ㄒㄧㄡ	脩	30
ㄊㄨㄛ ㄌㄜ˙	脫了	30
ㄕㄣˋ ㄕㄤˋ ㄒㄧㄢˋ	腎上腺	30
ㄐㄧㄠˇ ㄅㄨˋ ㄕㄥ	腳步聲	30
ㄋㄨㄥˊ	膿	30
ㄌㄧㄣˊ ㄐㄧㄝˋ	臨界	30
ㄗˋ ㄉㄠˋ	自到	30
ㄗˋ ㄧㄡˋ	自幼	30
ㄗˋ ㄓˋ ㄕˋ	自治市	30
ㄗˋ ㄧㄡˊ ㄕˋ	自由式	30
ㄗˋ ㄗㄨˇ	自組	30
ㄗˋ ㄒㄩˇ	自許	30
ㄗˋ ㄖㄣˋ ㄨㄟˊ	自認為	30
ㄐㄧㄡˋ ㄓˇ	舊址	30
ㄕㄨ ㄕˋ ㄉㄜ˙	舒適的	30
ㄨˇ ㄉㄠˋ ㄐㄧㄚ	舞蹈家	30
ㄇㄤˊ ㄘㄠˇ	芒草	30
ㄏㄨㄚ ㄌㄨˋ	花露	30
ㄎㄨˇ ㄍㄢˋ	苦幹	30
ㄧㄥ ㄕˋ	英式	30
ㄔㄚˊ ㄕㄨㄟˇ	茶水	30
ㄅㄛ ㄘㄞˋ	菠菜	30
ㄌㄨㄛˋ ㄩˊ	落於	30
ㄓㄨㄛˊ ㄉㄧˋ	著地	30
ㄓㄨˋ ㄕㄨ	著書	30
ㄧˋ ㄊㄢˊ	藝壇	30
ㄧㄠˋ ㄨㄟˋ	藥味	30
ㄉㄢˋ ㄅㄧㄥˇ	蛋餅	30
ㄌㄚˋ ㄒㄧㄤˋ	蠟像	30
ㄒㄧㄝˇ ㄑㄧˋ	血氣	30
ㄒㄧㄝˇ ㄌㄟˋ	血淚	30
ㄒㄧㄥˊ ㄉㄠˋ ㄕㄨˋ	行道樹	30
ㄏㄤˊ ㄐㄧㄢ	行間	30
ㄕㄨˋ ㄕˋ	術士	30
ㄨㄟˋ ㄩˋ	衛浴	30
ㄓㄨㄤ ㄐㄧㄣˋ	裝進	30
ㄒㄧ ㄈㄤ ㄍㄨㄛˊ ㄐㄧㄚ	西方國家	30
ㄧㄠˋ ㄨˋ	要務	30
ㄧㄠˋ ㄈㄢˋ	要犯	30
ㄑㄧㄣ ㄩㄢˊ	親緣	30
ㄑㄧㄣ ㄌㄧㄣˊ	親臨	30
ㄍㄨㄢ ㄓㄢ	觀瞻	30
ㄐㄧㄝˇ ㄖㄣˊ	解人	30
ㄊㄠˇ ㄖㄣˊ	討人	30
ㄊㄠˇ ㄐㄧㄚˋ ㄏㄨㄢˊ ㄐㄧㄚˋ	討價還價	30
ㄒㄩˇ ㄒㄧㄚˋ	許下	30
ㄒㄧㄤˊ ㄕㄨˋ	詳述	30
ㄑㄧㄥˇ ㄕˋ	請示	30
ㄅㄧㄢˋ ㄍㄥ ㄨㄟˊ	變更為	30
ㄅㄧㄢˋ ㄗㄠˋ	變造	30
ㄧㄢˋ ㄧㄤˊ	豔陽	30
ㄘㄞˊ ㄅㄠˋ	財報	30
ㄆㄧㄣˊ ㄐㄧˊ	貧瘠	30
ㄆㄧㄣˊ ㄎㄨˇ	貧苦	30
ㄍㄨㄟˋ ㄓㄡ	貴州	30
ㄗ ㄒㄩㄣˋ ㄎㄜ ㄒㄩㄝˊ	資訊科學	30
ㄏㄜˋ ㄦˇ	赫爾	30
ㄗㄡˇ ㄘㄨㄛˋ	走錯	30
ㄗㄨˊ ㄑㄧㄡˊ ㄔㄤˇ	足球場	30
ㄉㄧㄝˊ ㄌㄨㄛˋ	跌落	30
ㄊㄧ ㄔㄨ	踢出	30
ㄘㄞˇ ㄉㄠˋ	踩到	30
ㄊㄤˇ ㄒㄧㄚˋ	躺下	30
ㄑㄩ ㄊㄧˇ	軀體	30
ㄔㄜ ㄌㄧㄡˊ	車流	30
ㄔㄜ ㄕㄣ	車身	30
ㄐㄩㄣ ㄈㄚˇ	軍法	30
ㄑㄧㄥ ㄧㄥˊ	輕盈	30
ㄌㄨㄣˊ ㄓˊ	輪值	30
ㄓㄨㄢˇ ㄐㄧㄠ	轉交	30
ㄓㄨㄢˇ ㄐㄧㄝˋ	轉介	30
ㄘˊ ㄕˋ	辭世	30
ㄧㄥˊ ㄒㄧㄤˋ	迎向	30
ㄇㄧˊ ㄖㄣˊ ㄉㄜ˙	迷人的	30
ㄇㄧˊ ㄘㄤˊ	迷藏	30
ㄓㄨㄟ ㄑㄧˋ	追緝	30
ㄓㄨㄟ ㄊㄠˇ	追討	30
ㄓㄜˋ ㄐㄧㄚ ㄉㄧㄢˋ	這家店	30
ㄗㄠˋ ㄑㄧㄠˊ	造橋	30
ㄌㄧㄢˊ ㄒㄩˋ ㄒㄧㄥˋ	連續性	30
ㄉㄞˇ ㄉㄠˋ	逮到	30
ㄐㄧㄣˋ ㄇㄣˊ	進門	30
ㄅㄧ ㄖㄣˊ	逼人	30
ㄧㄡˊ ㄖㄣˊ	遊人	30
ㄉㄠˋ ㄒㄧㄝˋ	道謝	30
ㄉㄧˋ ㄐㄧㄠ	遞交	30
ㄑㄧㄢ ㄔㄨ	遷出	30
ㄧㄠ ㄑㄧㄥˇ ㄏㄢˊ	邀請函	30
ㄋㄚˋ ㄇㄛ˙ ㄐㄧㄡˇ	那麼久	30
ㄋㄚˋ ㄇㄜ˙ ㄐㄧㄡˇ	那麼久	30
ㄍㄨㄛ ㄨㄢˇ ㄖㄨㄥˊ	郭婉容	30
ㄉㄨ ㄔㄥˊ	都城	30
ㄆㄟˋ ㄧㄡˇ	配有	30
ㄔㄨㄥˊ ㄍㄨㄢˋ	重灌	30
ㄐㄧㄣ ㄅㄠˇ	金寶	30
ㄐㄧㄣ ㄖㄨㄥˊ ㄎㄚˇ	金融卡	30
ㄍㄨ	鈷	30
ㄍㄨˇ	鈷	6.351308576902391
ㄧㄣˊ ㄅㄞˊ	銀白	30
ㄒㄧㄠ ㄕㄡˋ ㄜˊ	銷售額	30
ㄈㄥ ㄌㄧˋ	鋒利	30
ㄘㄨㄛˋ ㄗㄨㄥˋ ㄈㄨˋ ㄗㄚˊ	錯綜複雜	30
ㄊㄧㄝˇ ㄖㄣˊ	鐵人	30
ㄊㄧㄝˇ ㄔㄨㄤ	鐵窗	30
ㄌㄨㄛˊ ㄍㄨˇ	鑼鼓	30
ㄔㄤˊ ㄑㄧˊ ㄒㄧㄥˋ	長期性	30
ㄎㄞ ㄉㄠˇ	開導	30
ㄐㄧㄤˋ ㄒㄧˊ	降息	30
ㄔㄨˊ ㄗㄨㄟˋ ㄏㄨㄚˋ	除罪化	30
ㄔㄨˊ ㄈㄟ ㄕˋ	除非是	30
ㄕㄨㄤ ㄧㄢˇ ㄆㄧˊ	雙眼皮	30
ㄕㄨㄤ ㄍㄨㄟˇ	雙軌	30
ㄐㄧ ㄨㄟˇ	雞尾	30
ㄐㄧ ㄊㄤ	雞湯	30
ㄐㄧ ㄊㄨㄟˇ	雞腿	30
ㄌㄟˊ ㄕㄜˋ ㄍㄨㄤ	雷射光	30
ㄉㄧㄢˋ ㄉㄨˋ	電鍍	30
ㄅㄚˋ ㄑㄧˋ	霸氣	30
ㄐㄧㄥˋ ㄇㄧˋ	靜謐	30
ㄅㄧㄢ ㄗ˙	鞭子	30
ㄧㄣ ㄅㄧㄠ	音標	30
ㄆㄛˇ ㄐㄩˋ	頗具	30
ㄒㄧㄢˇ ㄌㄡˋ ㄔㄨ	顯露出	30
ㄧㄣˇ ㄆㄧㄣˇ	飲品	30
ㄐㄧㄠˇ ㄗ˙	餃子	30
ㄕㄡˇ ㄊㄨㄟ	首推	30
ㄒㄧㄤ ㄊㄧㄢˊ	香甜	30
ㄇㄚˇ ㄎㄜˋ ㄙ ㄓㄨˇ ㄧˋ	馬克斯主義	30
ㄇㄚˇ ㄍㄨㄛˊ	馬國	30
ㄓㄨˋ ㄏㄨㄚˊ	駐華	30
ㄓㄨˋ ㄐㄩㄣ	駐軍	30
ㄑㄩ ㄍㄢˇ	驅趕	30
ㄍㄨˇ ㄆㄞˊ	骨牌	30
ㄍㄠ ㄑㄧㄤˊ	高強	30
ㄍㄠ ㄆㄨˇ ㄎㄠˇ	高普考	30
ㄍㄠ ㄑㄧㄡˊ	高球	30
ㄇㄛˊ ㄌㄧˋ	魔力	30
ㄒㄧㄢˊ ㄘㄞˋ	鹹菜	30
ㄇㄚˊ ㄕㄥˇ	麻省	30
ㄏㄨㄤˊ ㄉㄧㄝˊ ㄘㄨㄟˋ ㄍㄨˇ	黃蝶翠谷	30
ㄏㄨㄤˊ ㄐㄧㄣ ㄏㄞˇ ㄢˋ	黃金海岸	30
ㄌㄨㄥˊ ㄧㄢˇ	龍眼	30
ㄧ ㄌㄢˇ ㄅㄧㄠˇ	一覽表	29
ㄧˋ ㄌㄢˇ ㄅㄧㄠˇ	一覽表	29
ㄧ ㄉㄨˊ	一讀	29
ㄧˋ ㄉㄨˊ	一讀	29
ㄑㄧ ㄒㄧˋ	七夕	29
ㄙㄢ ㄕㄤ ㄧㄣˊ	三商銀	29
ㄙㄢ ㄗˋ	三字	29
ㄙㄢ ㄌㄨㄣˊ	三輪	29
ㄙㄢ ㄐㄧˊ	三集	29
ㄕㄤˋ ㄍㄨㄢ	上官	29
ㄕㄤˋ ㄇㄚˇ	上馬	29
ㄒㄧㄚˋ ㄔㄨˊ	下廚	29
ㄒㄧㄚˋ ㄓㄨˋ	下注	29
ㄅㄨˋ ㄧㄚˇ ㄩˊ	不亞於	29
ㄅㄨˊ ㄌㄧˋ ㄉㄜ˙	不利的	29
ㄅㄨˋ ㄌㄧˋ ㄉㄜ˙	不利的	29
ㄅㄨˊ ㄩㄣˋ ㄓㄥˋ	不孕症	29
ㄅㄨˋ ㄐㄧˊ	不急	29
ㄅㄨˋ ㄍㄢˇ	不感	29
ㄅㄨˋ ㄓ ㄑㄧㄥˊ	不知情	29
ㄅㄨˊ ㄏㄨㄟˋ ㄧㄢˊ	不諱言	29
ㄅㄨˊ ㄌㄞˋ	不賴	29
ㄅㄧㄥˇ ㄓㄨㄥˇ	丙種	29
ㄔㄥˊ	丞	29
ㄓㄨㄥ ㄨㄟˋ ㄕㄨˋ	中位數	29
ㄓㄨˇ ㄉㄠˇ ㄑㄩㄢˊ	主導權	29
ㄕˋ ㄕˊ ㄕㄤˋ ㄗㄞˋ	事實上在	29
ㄕˋ ㄧㄝˋ ㄓㄨˇ	事業主	29
ㄦˋ ㄉㄥˇ	二等	29
ㄨˇ ㄍㄜ˙ ㄩㄝˋ	五個月	29
ㄨˇ ㄕˊ ㄐㄧˇ	五十幾	29
ㄨˇ ㄎㄨㄞˋ	五塊	29
ㄧㄚˇ ㄉㄨㄥ	亞東	29
ㄧㄚˇ ㄧˋ	亞裔	29
ㄐㄧˊ ㄒㄩ	亟需	29
ㄖㄣˊ ㄕˋ ㄐㄧㄢ	人世間	29
ㄖㄣˊ ㄍㄨㄥ ㄏㄨˊ	人工湖	29
ㄖㄣˊ ㄕㄜˋ ㄩㄢˋ	人社院	29
ㄖㄥˊ ㄖㄢˊ ㄏㄨㄟˋ	仍然會	29
ㄖㄥˊ ㄋㄥˊ	仍能	29
ㄊㄚ ㄌㄧㄚˇ	他倆	29
ㄧˇ ㄕˋ	以示	29
ㄖㄣˋ ㄖㄣˊ	任人	29
ㄒㄧㄡ ㄏㄨㄟˋ	休會	29
ㄍㄨ ㄐㄧㄚˋ	估價	29
ㄏㄜˊ ㄨㄟˊ	何為	29
ㄏㄜˊ ㄨㄟˋ	何為	29
ㄈㄛˊ ㄐㄧㄠˋ ㄊㄨˊ	佛教徒	29
ㄅㄧㄥˋ ㄊㄨㄣ	併吞	29
ㄑㄧㄣ ㄓㄢˋ	侵占	29
ㄅㄠˇ ㄏㄨˋ ㄓㄜˇ	保護者	29
ㄒㄧㄡ ㄕㄢˋ	修繕	29
ㄒㄧㄥˋ ㄇㄧㄢˇ	倖免	29
ㄐㄧㄚˇ ㄇㄧㄥˊ	假名	29
ㄐㄧㄚˇ ㄧㄚˊ	假牙	29
ㄊㄧㄥˊ ㄑㄩㄢˊ	停權	29
ㄐㄧㄢˋ ㄓㄣˇ	健診	29
ㄐㄧㄢˋ ㄕㄣ ㄈㄤˊ	健身房	29
ㄓㄣ ㄆㄛˋ	偵破	29
ㄡˇ ㄈㄚ	偶發	29
ㄘㄨㄟ ㄘㄨˋ	催促	29
ㄔㄨㄢˊ ㄉㄠˇ	傳導	29
ㄑㄧㄥ ㄙㄨˋ	傾訴	29
ㄐㄧㄣˇ ㄐㄧㄣˇ ㄕˋ	僅僅是	29
ㄩㄢˊ ㄉㄞˋ	元代	29
ㄋㄟˋ ㄈㄣ	內分	29
ㄑㄩㄢˊ ㄎㄢˋ	全看	29
ㄌㄧㄤˇ ㄒㄧㄚˋ	兩下	29
ㄌㄧㄤˇ ㄎㄡˇ	兩口	29
ㄌㄧㄤˇ ㄎㄨㄞˋ	兩塊	29
ㄌㄧㄤˇ ㄆㄧㄠˋ	兩票	29
ㄅㄚ ㄒㄧㄠˇ	八小	29
ㄅㄚ ㄒㄧㄠˇ ㄕˊ	八小時	29
ㄅㄚ ㄐㄧㄠˇ	八角	29
ㄌㄧㄡˋ ㄓㄨㄥˇ	六種	29
ㄍㄨㄥˋ ㄗㄨˇ	共組	29
ㄗㄞˋ ㄒㄧㄤˋ	再向	29
ㄔㄨ ㄐㄧㄚˋ	出價	29
ㄈㄣ ㄕㄨㄟˇ	分水	29
ㄈㄣ ㄕㄥ	分生	29
ㄍㄨㄚ ㄇㄨˋ ㄒㄧㄤ ㄎㄢˋ	刮目相看	29
ㄘˋ ㄒㄧㄡˋ	刺繡	29
ㄎㄜ ㄏㄨㄚˋ	刻劃	29
ㄎㄜˋ ㄏㄨㄚˋ	刻劃	29
ㄍㄤ ㄍㄤ ㄕˋ	剛剛是	29
ㄅㄛ ㄆㄧˊ	剝皮	29
ㄈㄨˋ ㄕˋ ㄓㄤˇ	副市長	29
ㄈㄨˋ ㄅㄣˇ	副本	29
ㄐㄩˋ ㄒㄧㄠˋ	劇校	29
ㄐㄧㄢˋ ㄑㄧㄠˊ	劍橋	29
ㄌㄧˋ ㄗㄨㄛˋ	力作	29
ㄩㄥˇ ㄨㄤˇ	勇往	29
ㄕㄥˋ ㄌㄩˋ	勝率	29
ㄌㄠˊ ㄐㄧㄢˋ ㄅㄠˇ	勞健保	29
ㄌㄠˊ ㄉㄨㄥˋ ㄓㄜˇ	勞動者	29
ㄌㄠˊ ㄨˋ	勞務	29
ㄘㄨㄥ ㄘㄨˋ	匆促	29
ㄅㄟˇ ㄧㄚˇ	北亞	29
ㄅㄟˇ ㄧㄚˋ	北亞	29
ㄅㄟˇ ㄊㄡˊ ㄑㄩ	北投區	29
ㄅㄟˇ ㄒㄧㄣ	北新	29
ㄑㄩ ㄏㄨㄚˋ	區劃	29
ㄕˊ ㄍㄨㄥ ㄈㄣ	十公分	29
ㄑㄧㄢ ㄑㄧㄡ	千秋	29
ㄒㄧㄝˊ ㄩㄝ	協約	29
ㄋㄢˊ ㄅㄢˋ	南半	29
ㄋㄢˊ ㄙㄨㄥˋ	南宋	29
ㄋㄢˊ ㄊㄡˊ ㄕˋ	南投市	29
ㄅㄛˊ ㄒㄩㄝˊ	博學	29
ㄧㄣˋ ㄒㄧㄤˋ ㄆㄞˋ	印象派	29
ㄩㄢˊ ㄍㄠˇ	原稿	29
ㄘㄢ ㄅㄞˋ	參拜	29
ㄈㄢˇ ㄉㄨㄟˋ ㄓㄜˇ	反對者	29
ㄑㄩˇ ㄒㄧㄠˋ	取笑	29
ㄍㄨˇ ㄐㄧˊ	古籍	29
ㄓˇ ㄊㄧˊ	只提	29
ㄊㄞˊ ㄑㄧㄢˊ	台前	29
ㄔˋ	叱	29
ㄕˇ ㄐㄧㄚ	史家	29
ㄕˇ ㄕㄨ	史書	29
ㄧㄡˋ ㄒㄧㄚˋ	右下	29
ㄔ ㄅㄨˋ ㄒㄧㄠ	吃不消	29
ㄔ ㄙㄨˋ	吃素	29
ㄇㄧㄥˊ ㄌㄧㄝˋ ㄑㄧㄢˊ ㄇㄠˊ	名列前茅	29
ㄌㄧㄣˋ ㄙㄜˋ	吝嗇	29
ㄨˊ ㄉㄚˋ ㄧㄡˊ	吳大猷	29
ㄨˊ ㄒㄧㄥ	吳興	29
ㄔㄠˇ ㄗㄚˊ	吵雜	29
ㄏㄨ ㄒㄧㄠˋ	呼嘯	29
ㄏㄜˋ ㄕ	和詩	29
ㄓˇ	咫	29
ㄔㄤˋ ㄌㄜ˙	唱了	29
ㄕㄤ ㄏㄠˋ	商號	29
ㄨㄣˋ ㄏㄠˇ	問好	29
ㄨㄣˋ ㄏㄨㄚˋ	問話	29
ㄏㄜˋ ㄘㄞˇ	喝采	29
ㄗㄨㄟˇ ㄐㄧㄠˇ	嘴角	29
ㄒㄧㄚˋ ㄧˊ ㄊㄧㄠˋ	嚇一跳	29
ㄙˋ ㄒㄧㄚˋ	四下	29
ㄋㄢ	囝	29
ㄐㄧㄢˇ	囝	29
ㄎㄨㄣˋ ㄐㄩㄥˇ	困窘	29
ㄍㄨㄛˊ ㄒㄧㄝˊ	國協	29
ㄍㄨㄛˊ ㄐㄩㄣ	國君	29
ㄍㄨㄛˊ ㄐㄧㄚ ㄓㄨˇ ㄒㄧˊ	國家主席	29
ㄍㄨㄛˊ ㄈㄤˊ ㄨㄟˇ ㄩㄢˊ	國防委員	29
ㄨㄟˊ ㄓㄜ˙	圍著	29
ㄗㄞˋ ㄅㄧㄢ	在編	29
ㄓˊ ㄑㄧㄣˊ	執勤	29
ㄆㄟˊ ㄩˋ ㄔㄨ	培育出	29
ㄐㄧ ㄗㄨㄛˋ	基座	29
ㄊㄤˊ ㄍㄜ	堂哥	29
ㄧㄢˋ	堰	29
ㄔㄤˇ ㄐㄧˋ	場記	29
ㄙㄞˋ ㄕㄤˋ	塞尚	29
ㄕㄨˊ ㄕ	塾師	29
ㄗㄥ ㄐㄧㄚ ㄨㄟˊ	增加為	29
ㄇㄛˋ ㄗˇ	墨子	29
ㄧㄚ ㄒㄧㄚˋ	壓下	29
ㄏㄠˊ	壕	29
ㄖㄣˊ	壬	29
ㄒㄧㄚˋ ㄨㄚˊ	夏娃	29
ㄨㄞˋ ㄕㄥ	外生	29
ㄨㄞˋ ㄕㄨㄤ ㄒㄧ	外雙溪	29
ㄉㄨㄛ ㄓ	多汁	29
ㄧㄝˋ ㄕㄣ	夜深	29
ㄉㄚˋ ㄅㄨˋ ㄌㄧㄠˇ	大不了	29
ㄉㄚˋ ㄐㄧㄚ	大加	29
ㄉㄚˋ ㄌㄧㄠˊ	大寮	29
ㄉㄚˋ ㄕㄡˇ ㄅㄧˇ	大手筆	29
ㄉㄚˋ ㄉㄚˇ ㄓㄜˊ ㄎㄡˋ	大打折扣	29
ㄉㄚˋ ㄓㄨㄥˋ ㄏㄨㄚˋ	大眾化	29
ㄉㄚˋ ㄎㄞ ㄧㄢˇ ㄐㄧㄝˋ	大開眼界	29
ㄑㄧˊ ㄇㄟˇ	奇美	29
ㄧˋ ㄧˋ	奕奕	29
ㄋㄩˇ ㄍㄠ ㄧㄣ	女高音	29
ㄋㄧㄡ	妞	29
ㄧㄣ ㄩㄢˊ	姻緣	29
ㄨㄟ ㄌㄧㄢˊ ㄙ	威廉斯	29
ㄈㄨˋ ㄌㄧㄢˊ ㄏㄨㄟˋ	婦聯會	29
ㄗˇ ㄓㄤ	子張	29
ㄎㄨㄥˇ ㄑㄩㄝˋ	孔雀	29
ㄘㄨㄣˊ ㄧˊ	存疑	29
ㄒㄧㄠˋ ㄒㄧㄥˊ	孝行	29
ㄒㄧㄠˋ ㄒㄧㄥˋ	孝行	29
ㄐㄧˋ ㄐㄩㄣ	季軍	29
ㄙㄨㄣ ㄑㄩㄢˊ	孫權	29
ㄒㄩㄝˊ ㄨㄤˇ	學網	29
ㄉㄧㄥˋ ㄉㄧㄠˋ	定調	29
ㄧㄢˋ ㄒㄧˊ	宴席	29
ㄐㄧㄚ ㄈㄨˊ ㄓㄨㄥ ㄒㄧㄣ	家扶中心	29
ㄈㄨˋ ㄕㄤ	富商	29
ㄈㄨˋ ㄩˊ	富於	29
ㄐㄧㄤˋ ㄒㄧㄤˋ	將相	29
ㄉㄨㄟˋ ㄉㄚˇ	對打	29
ㄒㄧㄠˇ ㄅㄠ	小包	29
ㄒㄧㄠˇ ㄔ ㄉㄧㄢˋ	小吃店	29
ㄒㄧㄠˇ ㄐㄧㄤˋ	小將	29
ㄒㄧㄠˇ ㄑㄩㄢˊ	小泉	29
ㄒㄧㄠˇ ㄐㄧㄝˊ	小節	29
ㄒㄧㄠˇ ㄉㄧㄠˋ	小調	29
ㄐㄧㄡˋ ㄨㄟˋ	就位	29
ㄌㄩˇ ㄌㄧˋ ㄅㄧㄠˇ	履歷表	29
ㄧㄢˊ ㄐㄧㄤ	岩漿	29
ㄑㄧㄠˋ ㄅㄧˋ	峭壁	29
ㄍㄨㄥ ㄑㄧˊ	工期	29
ㄍㄨㄥ ㄌㄧㄢˊ	工聯	29
ㄕˋ ㄉㄧㄠˋ	市調	29
ㄕˋ ㄐㄧㄠ	市郊	29
ㄅㄨˋ ㄡˇ	布偶	29
ㄈㄢ ㄅㄨˋ	帆布	29
ㄈㄢˊ ㄅㄨˋ	帆布	29
ㄔㄤˊ ㄑㄩˋ	常去	29
ㄔㄤˊ ㄌㄧˇ	常理	29
ㄉㄨˋ ㄖˋ	度日	29
ㄊㄧㄥˊ ㄕㄤˋ	庭上	29
ㄓㄤ ㄉㄚˋ ㄑㄧㄢ	張大千	29
ㄓㄤ ㄐㄧˋ	張繼	29
ㄓㄤ ㄇㄧㄥˊ ㄑㄧㄥ	張銘清	29
ㄒㄧㄥˊ ㄕˋ ㄕㄤˋ	形式上	29
ㄏㄡˋ ㄅㄧˋ	後壁	29
ㄓㄥ ㄐㄧˊ	徵集	29
ㄉㄜˊ ㄒㄧㄥˋ	德性	29
ㄉㄜˊ ㄒㄧㄥˋ	德行	29
ㄒㄧㄣ ㄐㄧˊ	心急	29
ㄖㄣˇ ㄨˊ ㄎㄜˇ ㄖㄣˇ	忍無可忍	29
ㄎㄨㄞˋ ㄅㄚˇ	快把	29
ㄋㄧㄢˋ ㄌㄜ˙	念了	29
ㄙ ㄌㄨˋ	思路	29
ㄣ ㄕ	恩師	29
ㄩㄝˋ ㄇㄨˋ	悅目	29
ㄧㄡ ㄧㄤˊ	悠揚	29
ㄑㄧㄥˊ ㄒㄩˋ ㄏㄨㄚˋ	情緒化	29
ㄜˋ ㄔㄡˋ	惡臭	29
ㄒㄧㄤˇ ㄐㄧㄣˋ	想進	29
ㄘㄜˋ	惻	29
ㄞˋ ㄏㄣˋ	愛恨	29
ㄓㄜˊ	懾	29
ㄨㄛˇ ㄇㄣˊ ㄌㄧㄚˇ	我們倆	29
ㄨㄛˇ ㄇㄣ˙ ㄌㄧㄚˇ	我們倆	29
ㄑㄧㄤˊ	戕	29
ㄙㄨㄛˇ ㄗㄨㄛˋ ㄙㄨㄛˇ ㄨㄟˊ	所作所為	29
ㄕㄡˇ ㄒㄧㄣ	手心	29
ㄘㄞˊ ㄉㄠˋ	才到	29
ㄘㄞˊ ㄒㄩㄝˊ	才學	29
ㄉㄚˇ ㄍㄨㄤˇ ㄍㄠˋ	打廣告	29
ㄉㄚˇ ㄕㄨˋ	打數	29
ㄅㄢˋ ㄧㄢˇ ㄓㄜ˙	扮演著	29
ㄓㄠˇ ㄏㄨㄟˊ ㄌㄞˊ	找回來	29
ㄔㄥˊ ㄅㄠˇ	承保	29
ㄓㄨㄚ ㄒㄧㄚˋ	抓下	29
ㄊㄡˊ ㄅㄧˋ	投幣	29
ㄊㄡˊ ㄐㄧ ㄍㄨˇ	投機股	29
ㄆㄞ ㄒㄧˋ	拍戲	29
ㄅㄚˊ ㄑㄧˇ	拔起	29
ㄓˇ ㄗㄞˋ	指在	29
ㄊㄧㄥˇ ㄕㄣ ㄦˊ ㄔㄨ	挺身而出	29
ㄓㄨㄛ ㄇㄧˊ ㄘㄤˊ	捉迷藏	29
ㄞˊ	捱	29
ㄐㄩㄢˇ ㄈㄥ	捲風	29
ㄔㄨㄟˊ	捶	29
ㄓㄤˇ ㄑㄩㄢˊ	掌權	29
ㄆㄞˊ ㄑㄧˋ	排氣	29
ㄘㄞˇ ㄎㄨㄤˋ	採礦	29
ㄐㄧㄝ ㄊㄨㄥ	接通	29
ㄊㄨㄟ ㄔㄜ	推車	29
ㄊㄧˊ ㄒㄧ	提攜	29
ㄔㄚ ㄐㄧㄣˋ	插進	29
ㄍㄠˇ ㄅㄨˋ ㄉㄨㄥˇ	搞不懂	29
ㄇㄛˊ ㄊㄧㄢ	摩天	29
ㄔㄢ ㄗㄚˊ	摻雜	29
ㄏㄢˋ ㄉㄨㄥˋ	撼動	29
ㄐㄩˋ ㄕˊ	據實	29
ㄌㄩㄢˊ	攣	29
ㄍㄞˇ ㄎㄡˇ	改口	29
ㄈㄤˋ ㄈㄥ	放風	29
ㄕㄨˋ ㄒㄩㄝˊ ㄒㄧˋ	數學系	29
ㄨㄣˊ ㄏㄨㄚˋ ㄕˋ ㄧㄝˋ	文化事業	29
ㄒㄧㄣ ㄇㄟˊ ㄊㄧˇ	新媒體	29
ㄒㄧㄣ ㄓㄨˊ ㄒㄧㄢˋ ㄕˋ	新竹縣市	29
ㄖˋ ㄐㄧㄢ ㄅㄨˋ	日間部	29
ㄨㄤˋ ㄅㄠˋ	旺報	29
ㄇㄧㄥˊ ㄓㄜˊ	明哲	29
ㄇㄧㄥˊ ㄇㄟˋ	明媚	29
ㄇㄧㄥˊ ㄒㄧㄢˇ ㄉㄧ˙	明顯地	29
ㄕˊ ㄒㄩˋ	時序	29
ㄨㄢˇ ㄒㄧㄚˊ	晚霞	29
ㄑㄧㄥˊ ㄎㄨㄥ	晴空	29
ㄢˋ ㄗˋ	暗自	29
ㄔㄤˋ ㄧㄡˊ	暢遊	29
ㄓㄢˋ ㄉㄧㄥˋ	暫定	29
ㄍㄥˋ ㄕㄤˋ	更上	29
ㄍㄥ ㄋㄧㄢˊ	更年	29
ㄕㄨ ㄅㄠ ㄌㄧˇ	書包裡	29
ㄏㄨㄟˋ ㄕˋ	會試	29
ㄧㄡˇ ㄈㄨˊ	有福	29
ㄧㄡˇ ㄊㄢˊ	有談	29
ㄧㄡˇ ㄋㄢˋ	有難	29
ㄔㄠˊ ㄉㄞˋ	朝代	29
ㄅㄣˇ ㄒㄧㄤˋ	本相	29
ㄘㄨㄣ ㄖㄣˊ	村人	29
ㄉㄨㄥ ㄓ	東芝	29
ㄈㄤ ㄌㄧㄠˊ	枋寮	29
ㄌㄧㄣˊ ㄒㄧㄢˋ ㄊㄤˊ	林獻堂	29
ㄅㄛˊ ㄌㄚ ㄊㄨˊ	柏拉圖	29
ㄔㄚˊ ㄎㄡˋ	查扣	29
ㄎㄜ ㄉㄚˊ	柯達	29
ㄔㄞˊ ㄑㄧˋ ㄦˇ ㄈㄨ ㄖㄣˊ	柴契爾夫人	29
ㄏㄜˊ ㄙㄢ	核三	29
ㄍㄣ ㄓˋ	根治	29
ㄗㄞ ㄓˊ	栽植	29
ㄌㄧˊ ㄕㄢ	梨山	29
ㄧㄝˊ ㄌㄧㄣˊ	椰林	29
ㄕㄨˋ ㄇㄧㄠˊ	樹苗	29
ㄅㄨˋ ㄅㄧㄥ	步兵	29
ㄘㄢˊ ㄘㄨㄣˊ	殘存	29
ㄏㄠˊ ㄎㄜˋ	毫克	29
ㄇㄧㄣˊ ㄓㄨˇ ㄍㄨㄛˊ ㄐㄧㄚ	民主國家	29
ㄔㄣˊ ㄉㄧㄢˋ	沉澱	29
ㄇㄟˊ ㄅㄟˋ	沒被	29
ㄧㄡˊ ㄋㄧˋ	油膩	29
ㄈㄚˇ ㄍㄨˇ	法鼓	29
ㄋㄧˊ ㄅㄚ	泥巴	29
ㄊㄞˋ ㄍㄨㄛˊ ㄖㄣˊ	泰國人	29
ㄌㄧㄡˊ ㄉㄨㄥˋ ㄒㄧㄥˋ	流動性	29
ㄌㄧㄡˊ ㄌㄧㄢˊ ㄨㄤˋ ㄈㄢˇ	流連忘返	29
ㄏㄠˋ ㄏㄠˋ ㄉㄤˋ ㄉㄤˋ	浩浩蕩蕩	29
ㄈㄨˊ ㄔㄨ	浮出	29
ㄏㄞˇ ㄧㄢˋ	海燕	29
ㄊㄤˇ	淌	29
ㄧㄣˊ ㄑㄧㄠˇ	淫巧	29
ㄕㄣ ㄔㄣˊ	深沉	29
ㄕㄣ ㄙㄜˋ	深色	29
ㄕㄣ ㄙㄨㄟˋ	深邃	29
ㄑㄧㄢˇ ㄊㄢˊ	淺談	29
ㄐㄧㄢˇ ㄒㄧㄣ	減薪	29
ㄊㄨㄢ	湍	29
ㄩㄢˊ ㄩㄢˊ ㄅㄨˋ ㄐㄩㄝˊ	源源不絕	29
ㄨㄣ ㄖㄜˋ	溫熱	29
ㄨㄣ ㄅㄠˇ	溫飽	29
ㄨㄣ ㄒㄧㄣ ㄉㄜ˙	溫馨的	29
ㄏㄨˇ	滸	29
ㄧㄢˇ ㄗㄡˋ ㄈㄚˇ	演奏法	29
ㄇㄢˋ ㄇㄢˋ	漫漫	29
ㄆㄥ ㄆㄞˋ	澎湃	29
ㄏㄨㄛˇ ㄏㄨㄚˋ	火化	29
ㄗㄞ ㄏㄨㄛˋ	災禍	29
ㄓㄚˊ ㄐㄧㄤˋ	炸醬	29
ㄏㄨㄥ ㄍㄢ	烘乾	29
ㄨˊ ㄍㄨㄞˋ ㄏㄨ	無怪乎	29
ㄨˊ ㄩˊ	無虞	29
ㄐㄧㄠ ㄊㄤˊ	焦糖	29
ㄏㄨㄢˋ ㄈㄚ	煥發	29
ㄕㄡˊ ㄖㄣˊ	熟人	29
ㄒㄧ	熹	29
ㄆㄚˊ ㄔㄨㄥˊ	爬蟲	29
ㄓㄥ ㄉㄨㄢ	爭端	29
ㄨˋ ㄓㄨˇ	物主	29
ㄈㄢˋ ㄊㄞˊ	犯台	29
ㄘㄞ ㄧˊ	猜疑	29
ㄨㄤˊ ㄉㄢ	王丹	29
ㄑㄧㄡˊ ㄨㄤˇ	球網	29
ㄌㄧˇ ㄓˊ ㄑㄧˋ ㄓㄨㄤˋ	理直氣壯	29
ㄕㄣˋ ㄓˋ ㄏㄨㄟˋ	甚至會	29
ㄕㄥ ㄊㄞˋ ㄅㄠˇ ㄏㄨˋ ㄑㄩ	生態保護區	29
ㄕㄥ ㄊㄞˋ ㄒㄩㄝˊ	生態學	29
ㄕㄥ ㄔㄢˇ ㄔㄨ	生產出	29
ㄕㄥ ㄔㄢˇ ㄍㄨㄛˋ ㄔㄥˊ	生產過程	29
ㄅㄧˋ ㄧㄝˋ ㄓㄥˋ ㄕㄨ	畢業證書	29
ㄧˋ ㄑㄩˇ ㄊㄨㄥˊ ㄍㄨㄥ	異曲同工	29
ㄅㄚ ㄏㄣˊ	疤痕	29
ㄅㄧㄥˋ ㄌㄜ˙	病了	29
ㄅㄧㄝˇ	癟	29
ㄈㄚ ㄉㄞ	發呆	29
ㄈㄚ ㄇㄟˊ	發霉	29
ㄕㄥˋ ㄔㄨㄢˊ	盛傳	29
ㄆㄢˊ ㄔㄚˊ	盤查	29
ㄆㄢˊ ㄉㄧㄢˇ	盤點	29
ㄇㄨˋ ㄉㄥˋ ㄎㄡˇ ㄉㄞ	目瞪口呆	29
ㄓˊ ㄈㄟ	直飛	29
ㄒㄧㄤ ㄐㄩˋ	相距	29
ㄓㄣ ㄒㄧ	真希	29
ㄓㄨㄥˋ ㄧˋ ㄩㄢˋ	眾議院	29
ㄌㄧㄠˇ ㄐㄧㄝˇ ㄉㄠˋ	瞭解到	29
ㄇㄠˊ ㄉㄨㄣˋ ㄉㄜ˙	矛盾的	29
ㄓ ㄒㄧㄠˇ	知曉	29
ㄓ ㄗㄨˊ	知足	29
ㄉㄨㄢˇ ㄉㄨㄢˇ ㄉㄜ˙	短短的	29
ㄕㄚ ㄕˊ ㄔㄜ	砂石車	29
ㄆㄛˋ ㄊㄧㄢ ㄏㄨㄤ	破天荒	29
ㄎㄨㄤˋ ㄧㄝˋ	礦業	29
ㄕㄣˊ ㄊㄨㄥˊ	神童	29
ㄕㄣˊ ㄘㄞˇ	神采	29
ㄆㄧㄠˋ ㄏㄠˋ	票號	29
ㄈㄨˊ ㄙ	福斯	29
ㄙ ㄗˋ	私自	29
ㄕㄨㄟˋ ㄐㄩㄢ ㄔㄨˋ	稅捐處	29
ㄓㄨㄥˋ ㄊㄧㄢˊ	種田	29
ㄎㄨㄥ ㄒㄧㄤˇ	空想	29
ㄌㄧˋ ㄇㄧㄥˋ	立命	29
ㄌㄧˋ ㄉㄧˋ	立地	29
ㄐㄧㄥˋ ㄖㄢˊ ㄧㄡˇ	竟然有	29
ㄊㄨㄥˊ ㄗˇ	童子	29
ㄉㄧˋ ㄧ ㄓㄨㄥˇ	第一種	29
ㄉㄧˋ ㄙˋ ㄐㄧˋ	第四季	29
ㄉㄧˋ ㄙˋ ㄐㄧㄝˊ	第四節	29
ㄑㄧㄢˊ	箝	29
ㄍㄨㄢˇ ㄖㄣˊ	管人	29
ㄍㄨㄢˇ ㄕㄨˋ	管束	29
ㄔㄡˊ ㄎㄨㄢˇ	籌款	29
ㄘㄨ ㄍㄨㄤˇ	粗獷	29
ㄏㄨㄥˊ ㄌㄨㄛˊ ㄅㄛ	紅蘿蔔	29
ㄏㄨㄥˊ ㄌㄨㄛˊ ㄅㄛ˙	紅蘿蔔	29
ㄈㄤˇ ㄓ ㄧㄝˋ	紡織業	29
ㄐㄩㄝˊ ㄓㄠ	絕招	29
ㄨㄟˊ ㄒㄧㄣ	維新	29
ㄒㄧㄢˋ ㄕㄤˋ ㄉㄜ˙	線上的	29
ㄅㄧㄢ ㄓㄜˇ	編者	29
ㄌㄧㄢˋ ㄔㄥˊ	練成	29
ㄓ ㄍㄨㄥ	織工	29
ㄏㄨㄟˋ ㄅㄣˇ	繪本	29
ㄇㄟˇ ㄇㄠˋ	美貌	29
ㄧˋ ㄇㄧㄣˊ ㄧㄝˊ	義民爺	29
ㄌㄠˇ ㄈㄨ ㄗˇ	老夫子	29
ㄌㄠˇ ㄈㄨ ㄗ˙	老夫子	29
ㄌㄠˇ ㄕˊ ㄏㄨㄚˋ	老實話	29
ㄦˊ ㄑㄧㄝˇ ㄏㄨㄟˋ	而且會	29
ㄅㄚˋ	耙	6.351308576902391
ㄆㄚˊ	耙	29
ㄦˇ ㄩˇ	耳語	29
ㄍㄥˇ ㄍㄥˇ	耿耿	29
ㄌㄧㄠˊ ㄌㄧㄠˊ ㄊㄧㄢ	聊聊天	29
ㄕㄥˋ ㄉㄢˋ ㄌㄠˇ ㄖㄣˊ	聖誕老人	29
ㄓˊ ㄕㄡˇ	職守	29
ㄊㄧㄥ ㄉㄜˊ ㄉㄠˋ	聽得到	29
ㄊㄧㄥ ㄐㄧㄤˇ	聽講	29
ㄖㄡˋ ㄩㄢˊ	肉圓	29
ㄎㄣˇ ㄉㄧㄥˋ ㄏㄨㄟˋ	肯定會	29
ㄧㄠˊ	肴	29
ㄈㄟˋ ㄐㄧㄝˊ ㄏㄜˊ	肺結核	29
ㄒㄩㄥ ㄆㄨˇ	胸脯	29
ㄒㄩㄥ ㄆㄨˊ	胸脯	29
ㄋㄥˊ ㄩㄢˊ ㄅㄨˋ	能源部	29
ㄓㄨㄥˇ ㄉㄚˋ	腫大	29
ㄨㄛˋ ㄔㄨㄤˊ	臥床	29
ㄗˋ ㄗㄨㄛˋ	自作	29
ㄗˋ ㄓㄨㄥˋ	自重	29
ㄓˋ ㄨㄟˊ	至為	29
ㄐㄩˇ ㄓㄨㄥˋ	舉重	29
ㄅㄚ ㄐㄧㄠ	芭蕉	29
ㄏㄨㄚ ㄓㄠ	花招	29
ㄏㄨㄚ ㄇㄨˋ ㄌㄢˊ	花木蘭	29
ㄏㄨㄚ ㄉㄧㄢˇ	花點	29
ㄔㄚˊ ㄕㄢ	茶山	29
ㄔㄚˊ ㄍㄨㄢˇ	茶館	29
ㄒㄩㄣˊ ㄗˇ	荀子	29
ㄌㄧㄥˊ ㄍㄨㄚ ㄋㄧㄡˊ	菱蝸牛	29
ㄌㄨㄛˋ ㄨㄤˇ	落網	29
ㄗㄤˋ ㄌㄧˇ	葬禮	29
ㄒㄩˋ ㄧˋ	蓄意	29
ㄘㄤˊ ㄋㄧˋ	藏匿	29
ㄌㄨˊ ㄓㄡ	蘆洲	29
ㄙㄨ ㄉㄨㄥ ㄆㄛ	蘇東坡	29
ㄔㄨˇ ㄌㄧˇ ㄨㄢˊ	處理完	29
ㄒㄧㄝˇ ㄧㄡˇ ㄅㄧㄥˋ	血友病	29
ㄒㄧㄝˇ ㄒㄧㄠˇ ㄅㄢˇ	血小板	29
ㄒㄧㄥˊ ㄉㄨㄥˋ ㄌㄧˋ	行動力	29
ㄔㄨㄥ ㄌㄤˋ	衝浪	29
ㄇㄟˋ	袂	29
ㄅㄟˋ ㄅㄠˇ ㄒㄧㄢˇ ㄖㄣˊ	被保險人	29
ㄋㄧㄠˇ	裊	29
ㄓˋ ㄅㄧㄥ	製冰	29
ㄓˋ ㄗㄠˋ ㄔㄨ ㄌㄞˊ	製造出來	29
ㄈㄨˋ ㄕㄨˋ	複數	29
ㄐㄧㄝˇ ㄉㄨˊ	解毒	29
ㄐㄧˋ ㄗㄞˋ	記在	29
ㄐㄧˋ ㄓㄤˋ	記帳	29
ㄕˋ ㄒㄧㄥˊ	試行	29
ㄖㄣˋ ㄍㄨˇ	認股	29
ㄩˇ ㄉㄧㄠˋ	語調	29
ㄊㄧㄠˊ ㄏㄨㄟˊ	調回	29
ㄉㄧㄠˋ ㄗ˙	調子	29
ㄉㄧㄠˋ ㄆㄞˋ	調派	29
ㄑㄧㄥˇ ㄩㄥˋ	請用	29
ㄑㄧㄥˇ ㄧˋ	請益	29
ㄓㄥˋ ㄐㄧㄠ ㄙㄨㄛˇ	證交所	29
ㄅㄧㄢˋ ㄏㄨㄢˋ	變幻	29
ㄅㄧㄢˋ ㄇㄞˋ	變賣	29
ㄅㄧㄢˋ ㄉㄧㄢˋ	變電	29
ㄇㄠ ㄨㄤˊ	貓王	29
ㄆㄧㄣˊ ㄈㄨˋ ㄔㄚ ㄐㄩˋ	貧富差距	29
ㄗㄜˊ ㄔㄥˊ	責成	29
ㄇㄞˇ ㄘㄞˋ	買菜	29
ㄧˊ	貽	29
ㄗ ㄧㄡ ㄕㄥ	資優生	29
ㄕㄤˇ ㄒㄧㄣ	賞心	29
ㄓˊ ㄅㄧㄢˋ	質變	29
ㄓㄨㄢˋ ㄉㄜˊ	賺得	29
ㄙㄞˋ ㄒㄧㄚˋ ㄗㄨˊ	賽夏族	29
ㄑㄧˇ ㄌㄧˋ	起立	29
ㄑㄧˇ ㄙㄜˋ	起色	29
ㄑㄧˇ ㄆㄠˇ ㄉㄧㄢˇ	起跑點	29
ㄍㄢˇ ㄑㄩˋ	趕去	29
ㄍㄢˇ ㄌㄨˋ	趕路	29
ㄆㄠˇ ㄔㄨ ㄑㄩˋ	跑出去	29
ㄍㄣ ㄍㄨㄛˋ	跟過	29
ㄎㄨㄚˋ ㄉㄤˇ	跨黨	29
ㄑㄧㄤ	蹌	29
ㄑㄧㄤˋ	蹌	29
ㄉㄨㄣ ㄉㄧㄢˇ	蹲點	29
ㄕㄣ ㄊㄧˇ ㄌㄧˋ ㄒㄧㄥˊ	身體力行	29
ㄉㄨㄛˇ ㄐㄧㄣˋ	躲進	29
ㄐㄩㄣ ㄍㄨㄛˊ ㄓㄨˇ ㄧˋ	軍國主義	29
ㄐㄧㄠˋ ㄐㄧㄚ	較佳	29
ㄓㄨㄢˇ ㄑㄩˋ	轉去	29
ㄓㄨㄢˇ ㄒㄧㄥˊ ㄓㄥˋ ㄧˋ	轉型正義	29
ㄋㄨㄥˊ ㄒㄩㄝˊ ㄩㄢˋ	農學院	29
ㄋㄨㄥˊ ㄌㄧㄣˊ	農林	29
ㄋㄨㄥˊ ㄧㄝˋ ㄐㄩˊ	農業局	29
ㄓㄨㄟ ㄅㄨˇ	追捕	29
ㄊㄨㄟˋ ㄔㄠˊ	退潮	29
ㄓㄜˋ ㄏㄨㄟˊ ㄕˋ	這回事	29
ㄊㄨㄥ ㄕㄤ	通商	29
ㄌㄧㄢˊ ㄊㄧㄢ	連天	29
ㄌㄧㄢˊ ㄊㄨㄥ	連通	29
ㄉㄞˇ ㄏㄨㄛˋ	逮獲	29
ㄩㄣˋ ㄕㄨ ㄧㄝˋ	運輸業	29
ㄍㄨㄛˋ ㄌㄞˊ ㄖㄣˊ	過來人	29
ㄍㄨㄛˋ ㄎㄜˋ	過客	29
ㄜˋ ㄗㄨˇ	遏阻	29
ㄉㄚˊ ㄇㄛˊ	達摩	29
ㄉㄧˋ ㄔㄨ	遞出	29
ㄏㄨㄢˊ ㄨㄛˇ	還我	29
ㄏㄞˊ ㄕˋ ㄋㄥˊ	還是能	29
ㄅㄧㄢ ㄐㄧㄤ	邊疆	29
ㄋㄚˇ ㄋㄥˊ	那能	29
ㄒㄧㄤ ㄉㄞˋ	鄉代	29
ㄔㄡˊ ㄩㄥ	酬庸	29
ㄔㄨㄥˊ ㄎㄠˇ	重考	29
ㄐㄧㄣ ㄇㄣˊ ㄒㄧㄢˋ	金門縣	29
ㄌㄨˋ ㄧㄣ ㄕˋ	錄音室	29
ㄊㄧㄝˇ ㄆㄧˊ	鐵皮	29
ㄇㄣˊ ㄕㄤˋ	門上	29
ㄇㄣˊ ㄒㄧㄚˋ	門下	29
ㄕㄢˇ ㄍㄨㄤ ㄉㄥ	閃光燈	29
ㄎㄞ ㄏㄨㄞˊ	開懷	29
ㄎㄞ ㄈㄚ ㄓㄨㄥ ㄍㄨㄛˊ ㄐㄧㄚ	開發中國家	29
ㄎㄞ ㄒㄩㄣˋ	開訓	29
ㄔㄢˇ ㄇㄧㄥˊ	闡明	29
ㄈㄤˊ ㄅㄟˋ	防備	29
ㄈㄤˊ ㄓㄢˋ	防戰	29
ㄈㄤˊ ㄉㄜ˙	防的	29
ㄚ ㄇㄧˊ ㄊㄨㄛˊ ㄈㄛˊ	阿彌陀佛	29
ㄜ ㄇㄧˊ ㄊㄨㄛˊ ㄈㄛˊ	阿彌陀佛	29
ㄒㄧㄢˋ ㄕˊ	限時	29
ㄌㄨˋ ㄍㄨㄤ	陸光	29
ㄓ ㄧㄢˇ	隻眼	29
ㄐㄧˊ ㄔㄥˊ	集成	29
ㄐㄩㄢˋ	雋	29
ㄐㄩㄣˋ	雋	29
ㄐㄧ ㄨㄟˇ ㄐㄧㄡˇ	雞尾酒	29
ㄌㄧㄥˊ ㄓ	靈芝	29
ㄈㄟ ㄧㄠˋ	非要	29
ㄩˋ ㄕㄡˋ ㄨ	預售屋	29
ㄊㄡˊ ㄈㄣˋ	頭份	29
ㄈㄥ ㄨˋ	風物	29
ㄈㄟ ㄊㄧㄢ	飛天	29
ㄒㄧㄤ ㄧㄡˊ	香油	29
ㄇㄚˇ ㄨㄟˇ	馬尾	29
ㄇㄚˇ ㄍㄨㄢ	馬關	29
ㄐㄧㄥ ㄧㄢˋ	驚豔	29
ㄊㄧˇ ㄩˋ ㄒㄧˋ	體育系	29
ㄍㄠ ㄔㄤˋ	高唱	29
ㄍㄠ ㄍㄜ	高歌	29
ㄈㄥˋ ㄏㄨㄤˊ ㄔㄥˊ	鳳凰城	29
ㄇㄧㄥˊ ㄐㄧㄠˋ	鳴叫	29
ㄩㄢ	鳶	29
ㄐㄧㄢˇ ㄐㄧ ㄉㄨㄟˋ	鹼基對	29
ㄇㄞˋ ㄕㄡ	麥收	29
ㄇㄧㄢˋ ㄊㄨㄢˊ	麵糰	29
ㄇㄚˊ ㄏㄨㄤˊ	麻黃	29
ㄏㄨㄤˊ ㄇㄟˊ	黃梅	29
ㄌㄨㄥˊ ㄐㄩㄢˇ ㄈㄥ	龍捲風	29
ㄧ ㄅㄨˋ ㄒㄧㄠˇ ㄒㄧㄣ	一不小心	28
ㄧˊ ㄅㄨˋ ㄒㄧㄠˇ ㄒㄧㄣ	一不小心	28
ㄧ ㄐㄧˇ	一己	28
ㄧˋ ㄐㄧˇ	一己	28
ㄧ ㄧㄥˋ	一應	28
ㄧˊ ㄧㄥˋ	一應	28
ㄧ ㄓㄡ ㄋㄧㄢˊ	一週年	28
ㄧˋ ㄓㄡ ㄋㄧㄢˊ	一週年	28
ㄧ ㄊㄧˊ	一題	28
ㄧˋ ㄊㄧˊ	一題	28
ㄧ ㄉㄧㄢˇ ㄅㄢˋ	一點半	28
ㄧˋ ㄉㄧㄢˇ ㄅㄢˋ	一點半	28
ㄑㄧ ㄉㄨˋ	七度	28
ㄕㄤˋ ㄎㄜˋ ㄕˊ	上課時	28
ㄕㄤˋ ㄒㄧㄤ	上香	28
ㄒㄧㄚˋ ㄊㄧㄢˊ	下田	28
ㄅㄨˊ ㄧˋ ㄌㄜˋ ㄏㄨ	不亦樂乎	28
ㄅㄨˋ ㄧˋ ㄌㄜˋ ㄏㄨ	不亦樂乎	28
ㄅㄨˊ ㄗㄞˋ ㄒㄩ ㄧㄠˋ	不再需要	28
ㄅㄨˋ ㄕㄥ ㄇㄟˊ ㄐㄩˇ	不勝枚舉	28
ㄅㄨˊ ㄇㄧㄠˋ	不妙	28
ㄅㄨˋ ㄑㄧㄡˊ	不求	28
ㄅㄨˋ ㄍㄨㄢˇ ㄗㄜˇ ㄇㄛ˙	不管怎麼	28
ㄅㄨˋ ㄍㄨㄢˇ ㄗㄜˇ ㄇㄜ˙	不管怎麼	28
ㄅㄨˋ ㄍㄨㄢˇ ㄗㄣˇ ㄇㄛ˙	不管怎麼	28
ㄅㄨˋ ㄍㄨㄢˇ ㄗㄣˇ ㄇㄜ˙	不管怎麼	28
ㄅㄨˊ ㄖㄨㄛˋ	不若	28
ㄓㄨㄥ ㄍㄨㄛˊ ㄨㄣˊ ㄏㄨㄚˋ	中國文化	28
ㄓㄨㄥ ㄧㄤ ㄖˋ ㄅㄠˋ	中央日報	28
ㄓㄨㄥ ㄒㄧㄠˇ ㄒㄩㄝˊ ㄕㄥ	中小學生	28
ㄓㄨㄥ ㄏㄥˊ	中橫	28
ㄓㄨㄥ ㄡ	中歐	28
ㄓㄨˇ ㄓˇ	主旨	28
ㄐㄧㄡˇ ㄉㄚˋ	九大	28
ㄦˋ ㄖㄣˊ ㄒㄧ	二仁溪	28
ㄦˋ ㄌㄨˋ	二路	28
ㄦˋ ㄔㄨㄥˊ	二重	28
ㄨˇ ㄑㄧㄢ ㄩㄢˊ	五千元	28
ㄧㄚˇ ㄓㄡ ㄍㄨㄛˊ ㄐㄧㄚ	亞洲國家	28
ㄧㄚˇ ㄓㄡ ㄉㄧˋ ㄑㄩ	亞洲地區	28
ㄎㄤˋ ㄈㄣˋ	亢奮	28
ㄕㄜˊ ㄇㄛ˙ ㄏㄨㄚˋ	什麼話	28
ㄕㄜˊ ㄇㄜ˙ ㄏㄨㄚˋ	什麼話	28
ㄕㄣˊ ㄇㄛ˙ ㄏㄨㄚˋ	什麼話	28
ㄕㄣˊ ㄇㄜ˙ ㄏㄨㄚˋ	什麼話	28
ㄐㄧㄣ ㄊㄧㄢ ㄏㄨㄟˋ	今天會	28
ㄉㄞˋ ㄎㄜˋ	代課	28
ㄧˇ ㄕㄣ ㄗㄨㄛˋ ㄗㄜˊ	以身作則	28
ㄑㄧˋ ㄧㄝˋ ㄏㄨㄚˋ	企業化	28
ㄙˋ ㄐㄧ	伺機	28
ㄩˊ ㄍㄨㄤ ㄓㄨㄥ	余光中	28
ㄗㄨㄛˋ ㄍㄨㄥ	作工	28
ㄗㄨㄛˋ ㄧㄝˋ ㄧㄠˋ ㄉㄧㄢˇ	作業要點	28
ㄅㄧㄥˋ ㄔㄥˊ	併成	28
ㄕˇ ㄏㄨㄢˋ	使喚	28
ㄌㄞˊ ㄕˋ ㄒㄩㄥ ㄒㄩㄥ	來勢洶洶	28
ㄐㄩㄣˋ ㄐㄧㄝˊ	俊傑	28
ㄅㄠˇ ㄒㄧㄢˇ ㄐㄧㄣ	保險金	28
ㄒㄧㄣˋ ㄧˋ ㄑㄩ	信義區	28
ㄅㄟˋ ㄕㄡˋ	倍受	28
ㄒㄧㄥˋ ㄘㄨㄣˊ	倖存	28
ㄒㄧㄢ ㄗㄨㄥˇ ㄊㄨㄥˇ	先總統	28
ㄍㄨㄤ ㄉㄨˋ	光度	28
ㄦˊ ㄊㄨㄥˊ ㄖㄣˊ ㄑㄩㄢˊ	兒童人權	28
ㄖㄨˋ ㄍㄜˊ	入閣	28
ㄅㄚ ㄒㄧㄢ	八仙	28
ㄅㄚ ㄊㄧㄢ	八天	28
ㄅㄚ ㄊㄨㄥ	八通	28
ㄍㄨㄥ ㄉㄧˋ	公地	28
ㄍㄨㄥˋ ㄉㄨㄟˋ	共對	28
ㄅㄧㄥ ㄊㄨㄢˊ	兵團	28
ㄅㄧㄥ ㄕㄨㄟˇ	冰水	28
ㄌㄥˇ ㄑㄧㄥ ㄑㄧㄥ	冷清清	28
ㄋㄧㄥˊ ㄒㄧㄝˇ	凝血	28
ㄔㄨ ㄓㄥ	出征	28
ㄔㄨ ㄕㄥ ㄉㄧˋ	出生地	28
ㄈㄣ ㄍㄨㄛˊ	分國	28
ㄈㄣ ㄅㄟˋ	分貝	28
ㄈㄣ ㄧㄝˋ	分頁	28
ㄑㄧㄝ ㄎㄞ	切開	28
ㄒㄧㄥˊ ㄐㄧㄥˇ ㄉㄨㄟˋ	刑警隊	28
ㄆㄢˋ ㄉㄨㄢˋ ㄌㄧˋ	判斷力	28
ㄅㄧㄝˊ ㄌㄜ˙	別了	28
ㄏㄨㄚˋ ㄈㄣ ㄨㄟˊ	劃分為	28
ㄌㄧㄡˊ ㄐㄧㄚ ㄌㄧㄥˊ	劉嘉玲	28
ㄐㄧㄢˋ ㄎㄜˋ	劍客	28
ㄐㄧㄚ ㄐㄧˇ	加給	28
ㄓㄨˋ ㄉㄨㄥˋ ㄘˊ	助動詞	28
ㄌㄠˊ ㄍㄞˇ	勞改	28
ㄇㄨˋ ㄉㄜˊ	募得	28
ㄅㄠ ㄗ˙	包子	28
ㄅㄧㄢˇ ㄜˊ	匾額	28
ㄋㄢˊ ㄊㄨㄣˊ	南屯	28
ㄎㄚˇ ㄨㄟˋ	卡位	28
ㄐㄧˊ ㄕˊ ㄒㄧㄣ ㄨㄣˊ	即時新聞	28
ㄘㄣ ㄘ ㄅㄨˋ ㄑㄧˊ	參差不齊	28
ㄐㄧˊ ㄓˋ	及至	28
ㄈㄢˇ ㄒㄧㄤˋ	反向	28
ㄈㄢˇ ㄨˋ ㄓˊ	反物質	28
ㄈㄢˇ ㄈㄥ	反諷	28
ㄈㄢˇ ㄈㄥˋ	反諷	28
ㄍㄨˇ ㄕㄨ	古書	28
ㄍㄨˇ ㄈㄥ	古風	28
ㄓˇ ㄒㄧㄢˋ	只限	28
ㄊㄞˊ ㄐㄧㄣ	台斤	28
ㄕˇ ㄇㄧˋ ㄙ	史密斯	28
ㄍㄜˋ ㄎㄜ	各科	28
ㄐㄧˊ ㄆㄨˇ ㄙㄞˋ	吉普賽	28
ㄊㄨㄥˊ ㄒㄧㄣ ㄒㄧㄝˊ ㄌㄧˋ	同心協力	28
ㄊㄨˇ ㄈㄢ	吐番	28
ㄏㄜˊ ㄆㄧㄥˊ ㄉㄠˇ	和平島	28
ㄏㄜˊ ㄓㄜ˙	和著	28
ㄏㄜˊ ㄧㄣ	和音	28
ㄎㄚ ㄈㄟ ㄨ	咖啡屋	28
ㄏㄚ ㄈㄛˊ ㄉㄚˋ ㄒㄩㄝˊ	哈佛大學	28
ㄞ ㄧㄚ	哎呀	28
ㄋㄚˇ ㄒㄧㄝ ㄖㄣˊ	哪些人	28
ㄔㄤˋ ㄆㄧㄢˋ ㄏㄤˊ	唱片行	28
ㄋㄧㄢˋ ㄨㄢˊ	唸完	28
ㄒㄧˇ ㄋㄨˋ	喜怒	28
ㄒㄧˇ ㄐㄧㄡˇ	喜酒	28
ㄒㄩㄢ ㄊㄥˊ	喧騰	28
ㄙㄤ ㄌㄧˇ	喪禮	28
ㄍㄨㄛˊ ㄏㄠˋ	國號	28
ㄍㄨㄛˊ ㄩˇ ㄨㄣˊ	國語文	28
ㄍㄨㄛˊ ㄩˇ ㄎㄜ	國語科	28
ㄍㄨㄛˊ ㄈㄤˊ ㄨㄟˇ ㄩㄢˊ ㄏㄨㄟˋ	國防委員會	28
ㄍㄨㄛˊ ㄐㄧˋ ㄇㄠˋ ㄧˋ	國際貿易	28
ㄗㄞˋ ㄊㄠˊ	在逃	28
ㄉㄧˋ ㄌㄧˇ ㄨㄟˋ ㄓˋ	地理位置	28
ㄊㄢˇ ㄕㄨㄞˋ	坦率	28
ㄓˊ ㄓㄥˋ ㄓㄜˇ	執政者	28
ㄊㄧㄢˊ ㄔㄨㄥ	填充	28
ㄧㄚ ㄉㄠˋ	壓到	28
ㄧㄚ ㄗㄞˋ	壓在	28
ㄏㄨㄞˋ ㄏㄨㄚˋ	壞話	28
ㄨㄞˋ ㄆㄛˊ ㄐㄧㄚ	外婆家	28
ㄨㄞˋ ㄏㄨㄢˊ	外環	28
ㄨㄞˋ ㄇㄠˋ ㄒㄧㄝˊ ㄏㄨㄟˋ	外貿協會	28
ㄉㄨㄛ ㄕㄡˇ	多首	28
ㄉㄚˋ ㄖㄣˊ ㄨˋ	大人物	28
ㄉㄚˋ ㄐㄧㄢ ㄕㄢ	大尖山	28
ㄉㄚˋ ㄆㄞˊ	大牌	28
ㄉㄚˋ ㄌㄩㄝˋ	大略	28
ㄉㄚˋ ㄐㄧㄥ	大經	28
ㄉㄚˋ ㄒㄧㄢˋ	大限	28
ㄉㄚˋ ㄋㄢˋ	大難	28
ㄊㄧㄢ ㄑㄧㄠˊ	天橋	28
ㄊㄞˋ ㄧㄤˊ ㄋㄥˊ ㄅㄢˇ	太陽能板	28
ㄑㄧˊ ㄐㄧˋ ㄧㄣˊ ㄑㄧㄠˇ	奇技淫巧	28
ㄈㄥˋ ㄒㄧㄥˊ	奉行	28
ㄗㄡˋ ㄔㄨ	奏出	28
ㄏㄠˇ ㄏㄨㄟˋ	好會	28
ㄖㄨˊ ㄩˇ	如雨	28
ㄋㄧˇ ㄗˋ ㄐㄧˇ	妳自己	28
ㄋㄧㄤˊ ㄋㄧㄤˊ	娘娘	28
ㄋㄧㄤˊ ㄋㄧㄤ˙	娘娘	28
ㄉㄧˋ	娣	28
ㄗˇ ㄉㄞˋ	子代	28
ㄐㄩㄝˊ	孓	28
ㄘㄨㄣˊ ㄒㄧㄣ	存心	28
ㄒㄧㄠˋ ㄗˇ	孝子	28
ㄇㄥˋ ㄇㄞˇ	孟買	28
ㄐㄧˋ ㄐㄧㄝˊ ㄒㄧㄥˋ	季節性	28
ㄈㄨ ㄉㄢˋ	孵蛋	28
ㄒㄩㄝˊ ㄕㄨˋ ㄒㄧㄥˋ	學術性	28
ㄕㄡˇ ㄏㄥˊ	守恆	28
ㄕㄡˇ ㄇㄣˊ	守門	28
ㄢ ㄊㄞˋ	安泰	28
ㄍㄨㄢ ㄆㄞˋ	官派	28
ㄏㄨㄢˋ	宦	28
ㄐㄧㄚ ㄑㄧㄣˊ	家禽	28
ㄐㄧˋ ㄧㄤˇ	寄養	28
ㄕˊ ㄨˊ	實無	28
ㄕˊ ㄒㄧㄤˋ	實相	28
ㄒㄩㄣˊ ㄉㄜˊ	尋得	28
ㄒㄧㄠˇ ㄨˇ	小五	28
ㄒㄧㄠˇ ㄍㄨㄥ	小工	28
ㄒㄧㄠˇ ㄉㄨㄢˋ	小段	28
ㄕㄠˇ ㄧ ㄉㄧㄢˇ	少一點	28
ㄐㄧㄡˋ ㄔㄨ ㄌㄞˊ	就出來	28
ㄋㄧˊ ㄐㄧㄚ ㄌㄚ ㄍㄨㄚ	尼加拉瓜	28
ㄆㄧㄥˊ ㄈㄥ	屏風	28
ㄓㄢˇ ㄌㄢˇ ㄏㄨㄟˋ	展覽會	28
ㄘㄥˊ ㄐㄧˊ ㄉㄜ˙	層級的	28
ㄕㄢ ㄈㄨˊ ㄕㄜˋ	山服社	28
ㄉㄠˇ ㄍㄨㄛˊ	島國	28
ㄍㄨㄥ ㄐㄧㄤˋ	工匠	28
ㄍㄨㄥ ㄧㄝˋ ㄍㄨㄛˊ	工業國	28
ㄅㄚ ㄌㄚ ㄍㄨㄟ	巴拉圭	28
ㄒㄧ ㄐㄧˋ	希冀	28
ㄕ ㄕˋ	師事	28
ㄔㄤˊ ㄑㄧㄥˊ	常情	28
ㄋㄧㄢˊ ㄓㄨㄥ ㄐㄧㄤˇ ㄐㄧㄣ	年終獎金	28
ㄋㄧㄢˊ ㄐㄧㄢˋ	年鑑	28
ㄧㄡˋ ㄇㄧㄠˊ	幼苗	28
ㄧㄡ ㄇㄣˊ	幽門	28
ㄉㄧㄢˋ ㄓㄨˇ	店主	28
ㄅㄧˋ ㄅㄧㄥˋ	弊病	28
ㄧㄣˇ ㄧㄢˊ	引言	28
ㄓㄤ ㄌㄜ˙	張了	28
ㄆㄥˊ ㄇㄧㄥˊ ㄇㄧㄣˇ	彭明敏	28
ㄨㄤˇ ㄅㄟˇ	往北	28
ㄏㄣˇ ㄏㄨㄟˋ	很會	28
ㄉㄜˊ ㄐㄧㄡˋ	得救	28
ㄉㄜˊ ㄐㄧㄤˇ ㄖㄣˊ	得獎人	28
ㄔㄤˊ	徜	28
ㄔㄤˊ ㄧㄤˊ	徜徉	28
ㄨㄟˊ ㄇㄧˇ	微米	28
ㄒㄧㄣ ㄈㄢˊ	心煩	28
ㄒㄧㄣ ㄐㄧㄥ	心經	28
ㄒㄧㄣ ㄒㄧㄝˇ ㄌㄞˊ ㄔㄠˊ	心血來潮	28
ㄐㄧˊ ㄐㄩˋ	急劇	28
ㄩㄢˋ ㄊㄧㄢ	怨天	28
ㄍㄨㄞˋ ㄅㄨˋ ㄉㄜˊ	怪不得	28
ㄍㄨㄞˋ ㄅㄨˋ ㄉㄜ˙	怪不得	28
ㄍㄨㄞˋ ㄖㄣˊ	怪人	28
ㄏㄥˊ ㄒㄧㄣ	恆心	28
ㄎㄨㄥˇ ㄆㄚˋ ㄏㄨㄟˋ	恐怕會	28
ㄅㄟ ㄎㄨˇ	悲苦	28
ㄜˋ ㄇㄧㄥˊ ㄓㄠ ㄓㄤ	惡名昭彰	28
ㄒㄧㄤˇ ㄉㄤ ㄖㄢˊ	想當然	28
ㄇㄨˋ ㄇㄧㄥˊ	慕名	28
ㄧㄥ ㄅㄨˋ ㄧㄥ ㄍㄞ	應不應該	28
ㄧㄥ ㄧㄡˇ ㄐㄧㄣˋ ㄧㄡˇ	應有盡有	28
ㄇㄥˇ ㄉㄨㄥˇ	懵懂	28
ㄔㄥˊ ㄗㄞ	成災	28
ㄕㄢˋ ㄗ˙	扇子	28
ㄉㄚˇ ㄑㄩˋ	打趣	28
ㄈㄨˊ ㄕㄡˇ	扶手	28
ㄈㄨˊ ㄓˊ	扶植	28
ㄆㄧ ㄉㄜ˙	批的	28
ㄓㄨㄚ ㄎㄨㄤˊ	抓狂	28
ㄊㄡˊ ㄔㄨ	投出	28
ㄓㄜˊ ㄉㄨㄢˋ	折斷	28
ㄆㄧ ㄙㄚˋ	披薩	28
ㄇㄛˇ ㄕㄚ	抹煞	28
ㄇㄛˇ ㄕㄚˋ	抹煞	28
ㄌㄚ ㄕㄤˋ	拉上	28
ㄌㄚ ㄐㄧㄣˋ	拉進	28
ㄕㄨㄢ	拴	28
ㄔˊ ㄎㄚˇ ㄖㄣˊ	持卡人	28
ㄢˋ ㄓㄜ˙	按著	28
ㄋㄧㄝ ㄗㄠˋ	捏造	28
ㄆㄞˊ ㄕㄨㄟˇ ㄍㄡ	排水溝	28
ㄐㄧㄝ ㄉㄧㄢˇ	接點	28
ㄊㄨㄟ ㄑㄧㄠ	推敲	28
ㄧㄢˇ ㄊㄧˇ	掩體	28
ㄏㄨㄢˋ ㄏㄨㄟˊ	換回	28
ㄍㄠˇ ㄉㄨㄥˇ	搞懂	28
ㄇㄛˊ ㄊㄨㄛ ㄌㄨㄛˊ ㄌㄚ	摩托羅拉	28
ㄙㄚ ㄏㄨㄤˇ	撒謊	28
ㄎㄨㄛˋ ㄧㄣ	擴音	28
ㄐㄩㄝˊ	攫	28
ㄕㄡ ㄖㄨㄥˊ ㄙㄨㄛˇ	收容所	28
ㄈㄤˋ ㄓㄨˊ	放逐	28
ㄐㄧㄡˋ ㄖㄣˊ	救人	28
ㄙㄢˋ ㄙㄢˋ	散散	28
ㄨㄣˊ ㄒㄩㄢˇ	文選	28
ㄅㄢ ㄅㄢ	斑斑	28
ㄉㄨㄢˋ ㄘˊ	斷詞	28
ㄕ ㄈㄟˊ	施肥	28
ㄌㄩˇ ㄖㄣˊ	旅人	28
ㄖˋ ㄓㄠˋ	日照	28
ㄧˋ ㄒㄩㄝˊ	易學	28
ㄨㄢˇ ㄉㄧㄢˇ	晚點	28
ㄔㄥˊ	晟	28
ㄩㄣ ㄒㄩㄢˋ	暈眩	28
ㄗㄨㄟˋ ㄕㄤˋ	最上	28
ㄗㄨㄟˋ ㄆㄚˋ	最怕	28
ㄗㄨㄟˋ ㄍㄨㄟˋ	最貴	28
ㄏㄨㄟˋ ㄊㄤˊ	會堂	28
ㄩㄝˋ ㄇㄟˊ	月眉	28
ㄩㄝˋ ㄏㄨㄚˊ	月華	28
ㄌㄤˇ ㄉㄨˊ	朗讀	28
ㄑㄧˊ ㄇㄧㄢˇ	期勉	28
ㄅㄣˇ ㄇㄛˋ	本末	28
ㄅㄣˇ ㄙㄜˋ	本色	28
ㄓㄨ ㄩㄢˊ ㄓㄤ	朱元璋	28
ㄓㄨ ㄗㄨㄥ ㄑㄧㄥˋ	朱宗慶	28
ㄇㄟˊ ㄐㄩˇ	枚舉	28
ㄓˊ	桎	28
ㄓˋ	桎	28
ㄓˋ ㄍㄨˋ	桎梏	28
ㄍㄨˋ	梏	28
ㄒㄧㄠ	梟	28
ㄗㄨㄥ ㄌㄩˇ	棕櫚	28
ㄗㄨㄥ ㄌㄩˊ	棕櫚	28
ㄐㄧˊ ㄉㄧㄢˇ	極點	28
ㄅㄤˇ ㄉㄢ	榜單	28
ㄍㄤˋ ㄍㄢˇ	槓桿	28
ㄇㄛˊ ㄅㄢˇ	模版	28
ㄑㄧㄠˊ ㄈㄨ	樵夫	28
ㄓㄥˋ ㄉㄨㄟˋ	正對	28
ㄓㄥˋ ㄑㄧˋ	正氣	28
ㄓㄥˋ ㄑㄩㄝˋ ㄒㄧㄥˋ	正確性	28
ㄓㄥˋ ㄇㄣˊ	正門	28
ㄌㄧˋ ㄒㄧㄢˇ ㄐㄧˋ	歷險記	28
ㄇㄟˇ ㄍㄨㄥ ㄐㄧㄣ	每公斤	28
ㄅㄧˇ ㄇㄟˇ	比美	28
ㄇㄧㄣˊ ㄓㄨˇ ㄩㄣˋ ㄉㄨㄥˋ	民主運動	28
ㄕㄨㄟˇ ㄆㄧㄥˊ ㄗㄨㄛˋ	水瓶座	28
ㄕㄨㄟˇ ㄊㄧㄢˊ	水田	28
ㄐㄧㄤ ㄍㄨㄛˊ ㄑㄧㄥˋ	江國慶	28
ㄔㄣˊ ㄐㄧˊ	沉寂	28
ㄕㄚ ㄉㄧˋ	沙地	28
ㄏㄜˊ ㄋㄢˊ ㄕㄥˇ	河南省	28
ㄅㄛ ㄨㄣˊ	波紋	28
ㄆㄛ ㄨㄣˊ	波紋	28
ㄅㄛ ㄔㄤˊ	波長	28
ㄆㄛ ㄔㄤˊ	波長	28
ㄓㄨˋ ㄧㄣ ㄈㄨˊ ㄏㄠˋ	注音符號	28
ㄒㄧˇ ㄉㄧㄠˋ	洗掉	28
ㄏㄨㄥˊ ㄌㄧㄡˊ	洪流	28
ㄏㄨㄛˊ ㄍㄨㄛˋ	活過	28
ㄌㄧㄡˊ ㄇㄧㄣˊ	流民	28
ㄌㄧㄡˊ ㄒㄧㄥˊ ㄒㄧㄥˋ ㄍㄢˇ	流行性感	28
ㄌㄧㄡˊ ㄒㄧㄥˊ ㄒㄧㄥˋ ㄍㄢˇ ㄇㄠˋ	流行性感冒	28
ㄈㄨˊ ㄧㄡˊ	浮游	28
ㄈㄨˊ ㄉㄧㄠ	浮雕	28
ㄏㄞˇ ㄕㄢ	海山	28
ㄒㄧㄠ ㄇㄛˊ	消磨	28
ㄌㄧㄤˊ ㄈㄥ	涼風	28
ㄉㄢˋ ㄉㄢˋ ㄉㄜ˙	淡淡的	28
ㄊㄧㄢ ㄉㄧㄥ	添丁	28
ㄐㄧㄢˇ ㄔㄢˇ	減產	28
ㄧㄡˊ ㄅㄧㄠ	游標	28
ㄊㄤ ㄔˊ	湯匙	28
ㄍㄨㄣˇ ㄉㄨㄥˋ	滾動	28
ㄇㄢˇ ㄊㄧㄢ ㄈㄟ	滿天飛	28
ㄩˊ ㄏㄨㄛˋ	漁獲	28
ㄧㄢˇ ㄧˋ	演繹	28
ㄑㄧㄢˊ ㄊㄠˊ	潛逃	28
ㄐㄧˋ ㄕˋ	濟事	28
ㄏㄨㄛˇ ㄐㄩˋ	火炬	28
ㄏㄨㄛˇ ㄌㄨㄥˊ ㄍㄨㄛˇ	火龍果	28
ㄏㄨㄟ ㄅㄞˊ	灰白	28
ㄨㄟˋ ㄏㄜˊ ㄅㄨˊ	為何不	28
ㄨㄟˋ ㄏㄜˊ ㄅㄨˋ	為何不	28
ㄨㄟˊ ㄧㄝˋ	為業	28
ㄨ ㄏㄟ	烏黑	28
ㄆㄥ ㄓㄨˇ	烹煮	28
ㄨˊ ㄨㄛˇ	無我	28
ㄨˊ ㄧˊ ㄕˋ	無疑是	28
ㄨˊ ㄧˋ	無益	28
ㄨˊ ㄒㄧㄢˋ ㄓˋ	無限制	28
ㄐㄧㄠ ㄗㄠˋ	焦躁	28
ㄖㄨㄥˊ ㄧㄢˊ	熔岩	28
ㄕㄠ ㄔㄥˊ	燒成	28
ㄧㄥˊ ㄗㄠˋ ㄔㄨ	營造出	28
ㄅㄠˋ ㄆㄛˋ	爆破	28
ㄌㄨˊ ㄗ˙	爐子	28
ㄆㄞˊ ㄌㄡˊ	牌樓	28
ㄇㄨˇ ㄧㄤˊ ㄗㄨㄛˋ	牡羊座	28
ㄊㄜˋ ㄉㄚˋ	特大	28
ㄊㄜˋ ㄍㄠˇ	特稿	28
ㄊㄜˋ ㄇㄞˋ	特賣	28
ㄈㄢˋ ㄒㄧㄚˋ	犯下	28
ㄕㄨㄞˋ ㄓˊ	率直	28
ㄨㄤˊ ㄅㄚ	王八	28
ㄐㄧㄡˇ	玖	28
ㄑㄧㄡˊ ㄙㄨˋ	球速	28
ㄌㄧㄣˊ ㄌㄤˊ	琳琅	28
ㄏㄨㄢˊ ㄐㄧㄥˋ ㄆㄧㄣˇ ㄓˊ	環境品質	28
ㄏㄨㄢˊ ㄌㄧㄡˊ	環流	28
ㄕㄥ ㄌㄧˋ	生利	28
ㄕㄥ ㄧㄥˋ	生硬	28
ㄩㄥˋ ㄅㄨˊ ㄉㄠˋ	用不到	28
ㄊㄧㄢˊ ㄧㄝˇ ㄉㄧㄠˋ ㄔㄚˊ	田野調查	28
ㄐㄧㄚˇ ㄉㄥˇ	甲等	28
ㄋㄢˊ ㄊㄨㄥˊ	男童	28
ㄨㄟˋ ㄙㄨㄛ	畏縮	28
ㄧˋ ㄏㄨㄚˋ	異化	28
ㄉㄤ ㄍㄨㄢ	當官	28
ㄐㄧㄥˋ ㄌㄩㄢˊ	痙攣	28
ㄘㄨㄟˋ	瘁	28
ㄅㄞˊ ㄐㄩ ㄧˋ	白居易	28
ㄅㄞˇ ㄌㄠˇ	百老	28
ㄧㄥˊ ㄎㄨㄟ	盈虧	28
ㄓˊ ㄗㄡˇ	直走	28
ㄕㄥˇ ㄈㄣˋ	省份	28
ㄕㄥˇ ㄊㄧˇ	省體	28
ㄓㄣ ㄖㄨˊ	真如	28
ㄊㄨㄥˊ ㄎㄨㄥˇ	瞳孔	28
ㄎㄢˇ ㄒㄧㄚˋ	砍下	28
ㄆㄥˋ ㄐㄧㄢˋ	碰見	28
ㄑㄩㄝˋ ㄑㄧㄝˋ ㄉㄜ˙	確切的	28
ㄋㄧㄢˇ	碾	28
ㄕㄜˋ ㄗˇ	社子	28
ㄐㄧˋ ㄗㄨˇ	祭祖	28
ㄎㄜ ㄐㄧㄠˋ	科教	28
ㄧˊ ㄓㄨㄢˇ ㄉㄠˋ	移轉到	28
ㄊㄨˊ ㄖㄨˊ ㄑㄧˊ ㄌㄞˊ	突如其來	28
ㄨㄛ ㄌㄧˇ	窩裡	28
ㄎㄨㄟ ㄊㄢˋ	窺探	28
ㄐㄧㄥˋ ㄗㄞˋ	竟在	28
ㄉㄨㄢ ㄋㄧˊ	端倪	28
ㄉㄧˋ ㄧ ㄓㄤ	第一章	28
ㄉㄧˋ ㄙㄢ ㄓㄤ	第三章	28
ㄕˋ	筮	28
ㄙㄨㄢˋ ㄔㄨ ㄌㄞˊ	算出來	28
ㄑㄧㄢˊ ㄓˋ	箝制	28
ㄍㄨㄢˇ ㄌㄧˇ ㄈㄟˋ	管理費	28
ㄐㄧㄝˊ ㄐㄧㄢˇ	節儉	28
ㄐㄧㄝˊ ㄋㄥˊ ㄐㄧㄢˇ ㄊㄢˋ	節能減碳	28
ㄑㄧㄢ ㄓㄤ	簽章	28
ㄏㄨㄥˊ ㄐㄧㄡˇ	紅酒	28
ㄙㄨㄛˇ ㄇㄚˇ ㄌㄧˋ ㄧㄚˇ	索馬利亞	28
ㄙㄨㄛˇ ㄇㄚˇ ㄌㄧˋ ㄧㄚˋ	索馬利亞	28
ㄐㄧㄝˊ ㄅㄧㄥ	結冰	28
ㄉㄧˋ ㄐㄧㄝˊ	締結	28
ㄓㄡˋ	縐	28
ㄒㄧㄢˋ ㄧㄡˇ	縣有	28
ㄗㄨㄥˇ ㄇㄨˋ	總目	28
ㄗㄨㄥˇ ㄓˊ ㄒㄩㄣˊ	總質詢	28
ㄐㄧ ㄧㄡ ㄍㄨˇ	績優股	28
ㄍㄨㄢˋ ㄗ˙	罐子	28
ㄇㄟˇ ㄖˋ	美日	28
ㄑㄩㄣˊ ㄕㄢ	群山	28
ㄧˋ	羿	28
ㄧˋ ㄖˋ	翌日	28
ㄎㄠˇ ㄌㄜ˙	考了	28
ㄓˊ ㄅㄤˋ ㄉㄨㄟˋ	職棒隊	28
ㄖㄡˋ ㄗㄠˋ	肉燥	28
ㄈㄟˊ ㄉㄜ˙	肥的	28
ㄈㄟˋ ㄅㄨˋ	肺部	28
ㄨㄟˋ ㄙㄨㄢ	胃酸	28
ㄆㄤˋ ㄆㄤˋ	胖胖	28
ㄏㄨˊ ㄊㄠˊ	胡桃	28
ㄊㄨㄛ ㄒㄩˋ	脫序	28
ㄧˋ ㄘㄜˋ	臆測	28
ㄌㄧㄣˊ ㄇㄛˊ	臨摹	28
ㄗˋ ㄒㄧㄡ	自修	28
ㄗˋ ㄇㄧㄥˋ	自命	28
ㄗˋ ㄑㄧㄤˊ ㄏㄠˋ	自強號	28
ㄗˋ ㄑㄧˋ	自棄	28
ㄗˋ ㄉㄧㄠˋ	自調	28
ㄗˋ ㄊㄧㄠˊ	自調	28
ㄗˋ ㄕㄡˇ	自首	28
ㄨˇ ㄉㄨㄥˋ	舞動	28
ㄏㄨㄚ ㄐㄧˋ	花季	28
ㄏㄨㄚ ㄌㄨˋ ㄕㄨㄟˇ	花露水	28
ㄍㄨㄢ	莞	28
ㄍㄨㄢˇ	莞	28
ㄨㄢ	莞	28
ㄨㄢˇ	莞	28
ㄇㄛˋ ㄌㄚ ㄎㄜˋ	莫拉克	28
ㄏㄨㄚˊ ㄐㄧㄤ	華江	28
ㄨㄢˋ ㄑㄩㄢˊ	萬全	28
ㄌㄨㄛˋ ㄅㄤˇ	落榜	28
ㄓㄠˊ ㄏㄨㄛˇ	著火	28
ㄒㄩˋ ㄕㄨㄟˇ ㄌㄧㄤˋ	蓄水量	28
ㄏㄨˇ ㄏㄨˇ	虎虎	28
ㄇㄥˇ	蜢	28
ㄓˊ	蟄	28
ㄔㄨㄥˊ ㄗ˙	蟲子	28
ㄌㄚˋ ㄅㄧˇ	蠟筆	28
ㄔㄨㄣˇ ㄔㄨㄣˇ	蠢蠢	28
ㄒㄧㄝˇ ㄒㄧㄥˋ	血性	28
ㄒㄧㄥˊ ㄌㄧˇ ㄒㄧㄤ	行李箱	28
ㄒㄧㄥˊ ㄑㄧㄝˋ	行竊	28
ㄕㄨㄞ ㄅㄞˋ	衰敗	28
ㄅㄟˋ ㄉㄨㄥˋ ㄉㄜ˙	被動的	28
ㄓㄨㄤ ㄔㄨ	裝出	28
ㄒㄧ ㄧㄡˊ	西遊	28
ㄕˋ ㄐㄧㄝˋ	視界	28
ㄑㄧㄣ ㄖㄜˋ	親熱	28
ㄍㄨㄢ ㄍㄨㄤ ㄑㄩ	觀光區	28
ㄐㄧㄝˇ ㄇㄚˇ	解碼	28
ㄐㄧˋ ㄌㄧㄤˋ	計量	28
ㄓㄨˋ ㄒㄧㄠ	註銷	28
ㄘˊ ㄩˇ	詞語	28
ㄖㄣˋ ㄇㄧㄥˋ	認命	28
ㄕㄨㄛ ㄕˊ ㄏㄨㄚˋ	說實話	28
ㄉㄧㄠˋ ㄔㄨ	調出	28
ㄊㄧㄠˊ ㄈㄨˊ	調幅	28
ㄑㄧㄥˇ ㄏㄨㄟˊ	請回	28
ㄑㄧㄥˇ ㄑㄧㄚˋ	請洽	28
ㄌㄨㄣˋ ㄓㄨˋ	論著	28
ㄇㄢˊ	謾	28
ㄓㄥˋ ㄑㄩㄢˋ ㄐㄧㄠ ㄧˋ ㄙㄨㄛˇ	證券交易所	28
ㄓㄥˋ ㄇㄧㄥˊ ㄕㄨ	證明書	28
ㄧˋ ㄇㄧㄥˊ	譯名	28
ㄉㄨˊ ㄔㄨ	讀出	28
ㄅㄧㄢˋ ㄧㄚ	變壓	28
ㄅㄧㄢˋ ㄧㄚ ㄑㄧˋ	變壓器	28
ㄅㄧㄢˋ ㄐㄩˊ	變局	28
ㄒㄧㄤˋ ㄒㄧㄥˊ	象形	28
ㄈㄨˋ ㄗㄞˇ	負載	28
ㄈㄨˋ ㄗㄞˋ	負載	28
ㄍㄨㄟˋ ㄍㄨㄛˊ	貴國	28
ㄗ ㄍㄨㄥ	資工	28
ㄗ ㄌㄧㄠˋ ㄉㄤˇ	資料檔	28
ㄆㄟˊ ㄔㄤˊ ㄐㄧㄣ	賠償金	28
ㄑㄧˇ ㄕˋ	起事	28
ㄑㄧˇ ㄩㄥˋ	起用	28
ㄑㄧˇ ㄌㄨㄛˋ	起落	28
ㄍㄢˇ ㄈㄨˋ	趕赴	28
ㄉㄧㄝˊ ㄉㄠˋ	跌到	28
ㄌㄨˋ ㄊㄡˋ ㄕㄜˋ	路透社	28
ㄒㄧ	蹊	28
ㄘㄥˋ	蹭	28
ㄕㄣ ㄌㄧˋ ㄑㄧˊ ㄐㄧㄥˋ	身歷其境	28
ㄖㄨㄢˇ ㄖㄨㄢˇ	軟軟	28
ㄐㄧㄠˋ ㄌㄧㄤˋ	較量	28
ㄈㄨˇ ㄉㄠˇ ㄗㄨˇ	輔導組	28
ㄓㄨㄢˇ ㄕㄨㄣˋ	轉瞬	28
ㄓㄨㄢˇ ㄇㄞˋ	轉賣	28
ㄅㄢˋ ㄍㄨㄥ ㄓㄨㄛ	辦公桌	28
ㄋㄨㄥˊ ㄧㄡˇ	農友	28
ㄐㄧㄣˋ ㄑㄧㄣ	近親	28
ㄙㄨㄥˋ ㄍㄨㄛˋ	送過	28
ㄊㄠˊ ㄊㄨㄛ	逃脫	28
ㄋㄧˋ ㄐㄧㄥˋ	逆境	28
ㄊㄡˋ ㄑㄧˋ	透氣	28
ㄓㄨˊ ㄗˋ	逐字	28
ㄊㄨㄥ ㄒㄧㄠ	通宵	28
ㄊㄨㄥ ㄔㄤˊ ㄗㄞˋ	通常在	28
ㄗㄠˋ ㄏㄨㄚˋ	造化	28
ㄗㄠˋ ㄗˋ	造字	28
ㄓㄡ ㄒㄧㄡ ㄦˋ ㄖˋ	週休二日	28
ㄐㄧㄣˋ ㄕㄨㄟˇ	進水	28
ㄐㄧㄣˋ ㄐㄧㄣˋ	進進	28
ㄧㄡˊ ㄒㄧˋ ㄐㄧ	遊戲機	28
ㄉㄚˊ ㄌㄞˋ ㄌㄚˇ ㄇㄚ	達賴喇嘛	28
ㄉㄚˊ ㄌㄞˋ ㄌㄚˇ ㄇㄚ˙	達賴喇嘛	28
ㄩㄢˇ ㄔㄥˊ	遠程	28
ㄗㄠ ㄖㄣˊ	遭人	28
ㄗㄠ ㄕㄡˋ ㄉㄠˋ	遭受到	28
ㄒㄩㄢˇ ㄐㄩˇ ㄑㄩㄢˊ	選舉權	28
ㄏㄨㄢˊ ㄑㄧㄥ	還清	28
ㄌㄤˊ ㄐㄧㄥˋ ㄕㄢ	郎靜山	28
ㄉㄨ ㄕˋ ㄐㄧˋ ㄏㄨㄚˋ	都市計畫	28
ㄓㄥˋ ㄏㄜˊ	鄭和	28
ㄕˋ ㄍㄨˇ	釋股	28
ㄔㄨㄥˊ ㄕˊ	重拾	28
ㄔㄨㄥˊ ㄊㄧˊ	重提	28
ㄔㄨㄥˊ ㄈㄥˊ	重逢	28
ㄌㄧㄤˊ ㄔㄨ	量出	28
ㄓㄣ ㄎㄨㄥˇ	針孔	28
ㄔㄞ	釵	28
ㄐㄧㄚˇ	鉀	28
ㄑㄧㄢˊ	鉗	28
ㄧㄣˊ ㄏㄤˊ ㄘㄨㄣˊ ㄎㄨㄢˇ	銀行存款	28
ㄊㄨㄥˊ ㄌㄨㄛˊ	銅鑼	28
ㄌㄨˋ ㄩㄥˋ	錄用	28
ㄑㄧㄢˊ ㄓㄨㄤ	錢莊	28
ㄍㄨˋ	錮	28
ㄊㄧㄝˇ ㄉㄚˊ ㄋㄧˊ	鐵達尼	28
ㄔㄤˊ ㄉㄧˊ	長笛	28
ㄔㄤˊ ㄏㄨㄥˊ	長紅	28
ㄕㄢˇ ㄉㄨㄥˋ	閃動	28
ㄕㄢˇ ㄕㄢˇ ㄈㄚ ㄍㄨㄤ	閃閃發光	28
ㄎㄞ ㄉㄨㄥˋ	開動	28
ㄎㄞ ㄈㄚ ㄔㄨ ㄌㄞˊ	開發出來	28
ㄎㄞ ㄨㄟˋ	開胃	28
ㄎㄞ ㄌㄨˋ	開路	28
ㄔㄨㄤˇ ㄍㄨㄢ	闖關	28
ㄚ ㄅㄧㄥ ㄍㄜ	阿兵哥	28
ㄚ ㄌㄚ ㄙ ㄐㄧㄚ	阿拉斯加	28
ㄐㄧㄤˋ ㄌㄜ˙	降了	28
ㄒㄧㄤˊ ㄌㄜ˙	降了	28
ㄔㄨˊ ㄕ	除濕	28
ㄧㄣ ㄙㄣ	陰森	28
ㄔㄣˊ ㄊㄧㄥˊ ㄈㄟ	陳亭妃	28
ㄌㄨㄥˇ	隴	28
ㄧㄚˇ ㄖㄣˊ	雅人	28
ㄙㄨㄟ ㄕˋ	雖是	28
ㄩˇ ㄓㄨㄥ	雨中	28
ㄓㄣˋ ㄋㄨˋ	震怒	28
ㄌㄡˋ ㄊㄡˊ ㄐㄧㄠˇ	露頭角	28
ㄌㄨˋ ㄊㄡˊ ㄐㄧㄠˇ	露頭角	28
ㄈㄟ ㄏㄜˊ ㄐㄧㄚ ㄩㄢˊ	非核家園	28
ㄏㄢˊ ㄓㄢˋ	韓戰	28
ㄧㄣ ㄓㄨㄣˇ	音準	28
ㄉㄧㄥˇ ㄏㄠˇ	頂好	28
ㄩˋ ㄍㄨㄢ	預官	28
ㄧˊ ㄏㄜˊ ㄩㄢˊ	頤和園	28
ㄈㄥ ㄕㄚ	風沙	28
ㄈㄢˋ ㄓㄨㄛ	飯桌	28
ㄒㄧㄤ ㄆㄣ ㄆㄣ	香噴噴	28
ㄑㄧˊ ㄔㄥˊ	騎乘	28
ㄐㄧㄥ ㄎㄨㄥˇ	驚恐	28
ㄗㄡˋ ㄖㄢˊ	驟然	28
ㄍㄨˇ ㄏㄨㄟ	骨灰	28
ㄍㄠ ㄇㄧˋ	高密	28
ㄍㄠ ㄒㄧㄠˋ	高校	28
ㄍㄠ ㄎㄠˇ	高考	28
ㄋㄠˋ ㄓㄨㄥ	鬧鐘	28
ㄅㄠˋ ㄩˊ	鮑魚	28
ㄈㄥˋ ㄈㄟ ㄈㄟ	鳳飛飛	28
ㄙ	鷥	28
ㄇㄞˋ ㄧㄚˊ ㄊㄤˊ	麥芽糖	28
ㄏㄟ ㄕㄜˋ ㄏㄨㄟˋ	黑社會	28
ㄉㄧㄢˇ ㄑㄧˇ	點起	28
ㄉㄧㄢˇ ㄍㄨㄛˋ	點過	28
ㄅㄧˊ ㄊㄧˋ	鼻涕	28
ㄧ ㄆㄞ	一拍	27
ㄧˋ ㄆㄞ	一拍	27
ㄧ ㄑㄩˇ	一曲	27
ㄧˋ ㄑㄩˇ	一曲	27
ㄧ ㄈㄚ ㄅㄨˋ ㄎㄜˇ	一發不可	27
ㄧˋ ㄈㄚ ㄅㄨˋ ㄎㄜˇ	一發不可	27
ㄧ ㄈㄚ ㄅㄨˋ ㄎㄜˇ ㄕㄡ ㄕˊ	一發不可收拾	27
ㄧˋ ㄈㄚ ㄅㄨˋ ㄎㄜˇ ㄕㄡ ㄕˊ	一發不可收拾	27
ㄧ ㄔㄨˋ ㄐㄧˊ ㄈㄚ	一觸即發	27
ㄧˊ ㄔㄨˋ ㄐㄧˊ ㄈㄚ	一觸即發	27
ㄙㄢ ㄎㄨㄞˋ	三塊	27
ㄙㄢ ㄐㄧˋ	三季	27
ㄙㄢ ㄌㄤˊ	三郎	27
ㄕㄤˋ ㄕㄨ	上書	27
ㄅㄨˊ ㄓㄨㄥˋ	不中	27
ㄅㄨˋ ㄒㄩㄝˊ	不學	27
ㄅㄨˋ ㄑㄩ	不屈	27
ㄅㄨˋ ㄉㄜˊ ㄦˊ ㄓ	不得而知	27
ㄅㄨˋ ㄗㄜˊ	不擇	27
ㄅㄨˋ ㄘˊ	不辭	27
ㄆㄧ	丕	27
ㄅㄧㄥˋ ㄆㄞˊ	並排	27
ㄓㄨㄥ ㄈㄣ	中分	27
ㄓㄨㄥ ㄉㄨㄢˋ	中段	27
ㄓㄨㄥ ㄧㄡˊ	中游	27
ㄈㄚˊ ㄌㄧˋ	乏力	27
ㄧㄝˇ ㄙˋ	也似	27
ㄕˋ ㄧㄝˋ ㄉㄢ ㄨㄟˋ	事業單位	27
ㄨˇ ㄐㄧㄥ	五經	27
ㄐㄧㄠ ㄖㄨㄥˊ	交融	27
ㄐㄧㄠ ㄏㄨㄢˊ ㄍㄟˇ	交還給	27
ㄆㄨ	仆	27
ㄉㄞˋ ㄗˇ	代子	27
ㄙˋ ㄘㄥˊ	似曾	27
ㄉㄧ ㄆㄧㄣˊ	低頻	27
ㄈㄛˊ ㄌㄤˇ ㄇㄧㄥˊ ㄍㄜ	佛朗明哥	27
ㄗㄨㄛˋ ㄔㄨ ㄌㄞˊ	作出來	27
ㄋㄧˇ ㄞˋ	你愛	27
ㄑㄧㄣ ㄌㄩㄝˋ ㄓㄜˇ	侵略者	27
ㄙㄨˊ ㄏㄨㄚˋ	俗話	27
ㄈㄨˇ ㄎㄢˋ	俯瞰	27
ㄆㄧㄢ ㄈㄤ	偏方	27
ㄆㄧㄢ ㄕˊ	偏食	27
ㄗㄨㄛˋ ㄓㄨˇ	做主	27
ㄗㄨㄛˋ ㄍㄨㄥ	做功	27
ㄔㄨㄢˊ ㄒㄧㄚˋ ㄌㄞˊ	傳下來	27
ㄔㄨㄢˊ ㄗㄨㄥ ㄐㄧㄝ ㄉㄞˋ	傳宗接代	27
ㄔㄨㄢˊ ㄒㄧˊ	傳習	27
ㄔㄨㄢˊ ㄒㄧㄠ	傳銷	27
ㄓㄞˋ ㄑㄩㄢˊ ㄖㄣˊ	債權人	27
ㄩㄢˊ ㄆㄟˊ	元培	27
ㄒㄧㄢ ㄏㄨㄟˊ	先回	27
ㄒㄧㄢ ㄒㄧㄢˊ	先賢	27
ㄍㄨㄤ ㄏㄜˊ ㄗㄨㄛˋ ㄩㄥˋ	光合作用	27
ㄍㄨㄤ ㄕㄨˋ	光束	27
ㄦˊ ㄙㄨㄣ	兒孫	27
ㄖㄨˋ ㄌㄧˋ	入力	27
ㄖㄨˋ ㄇㄛˊ	入魔	27
ㄑㄩㄢˊ ㄖˋ	全日	27
ㄌㄧㄤˇ ㄑㄩㄢˊ	兩全	27
ㄌㄧㄤˇ ㄨㄢˋ ㄨˇ	兩萬五	27
ㄌㄧㄤˇ ㄗㄠˋ	兩造	27
ㄍㄨㄥ ㄘㄜˋ	公廁	27
ㄍㄨㄥ ㄓㄨ ㄩˊ ㄕˋ	公諸於世	27
ㄍㄨㄥ ㄓㄥˋ	公證	27
ㄍㄨㄥˋ ㄒㄧㄥˋ	共性	27
ㄍㄨㄥˋ ㄨˇ	共舞	27
ㄐㄧˋ ㄨㄤˋ	冀望	27
ㄗㄞˋ ㄧㄝˇ ㄇㄟˊ ㄧㄡˇ	再也沒有	27
ㄗㄞˋ ㄧㄢˊ	再延	27
ㄗㄞˋ ㄅㄨˇ	再補	27
ㄇㄠˋ ㄔㄨ ㄌㄞˊ	冒出來	27
ㄔㄨ ㄔㄤˇ	出廠	27
ㄈㄣ ㄉㄨㄢˋ	分段	27
ㄆㄢˋ ㄅㄧㄝˊ	判別	27
ㄆㄢˋ ㄉㄨㄢˋ ㄐㄩˋ	判斷句	27
ㄘˋ ㄕㄚ	刺殺	27
ㄘˋ ㄦˇ	刺耳	27
ㄉㄨㄛˋ	剁	27
ㄍㄜ ㄖㄤˋ	割讓	27
ㄐㄧㄚ ㄓ	加之	27
ㄩㄥˇ ㄨㄤˇ ㄓˊ ㄑㄧㄢˊ	勇往直前	27
ㄑㄩㄢˋ ㄗㄨˇ	勸阻	27
ㄅㄠ ㄑㄧˇ	包起	27
ㄕˊ ㄨˇ ㄊㄧㄢ	十五天	27
ㄕㄥ ㄍㄨㄢ	升官	27
ㄅㄢˋ ㄕㄢ	半山	27
ㄅㄢˋ ㄩㄝˋ	半月	27
ㄌㄨㄢˇ ㄔㄠˊ ㄞˊ	卵巢癌	27
ㄌㄨㄢˇ ㄔㄠˊ ㄧㄢˊ	卵巢癌	27
ㄎㄡˇ ㄎㄡˇ ㄕㄥ ㄕㄥ	口口聲聲	27
ㄍㄨˇ ㄍㄨㄛˊ	古國	27
ㄍㄨˇ ㄕˊ ㄏㄡˋ	古時候	27
ㄓˇ ㄐㄧˋ ㄉㄜˊ	只記得	27
ㄐㄧㄠˋ ㄎㄨˇ	叫苦	27
ㄐㄧㄠˋ ㄑㄧˇ	叫起	27
ㄎㄜˇ ㄇㄧㄢˇ	可免	27
ㄎㄜˇ ㄕˋ ㄧㄠˋ	可是要	27
ㄎㄜˇ ㄐㄧㄢˋ ㄉㄜ˙	可見的	27
ㄊㄞˊ ㄅㄟˇ ㄑㄩ	台北區	27
ㄧㄡˋ ㄐㄧㄢˋ	右鍵	27
ㄏㄜˊ ㄏㄨㄢ ㄕㄢ	合歡山	27
ㄐㄧˊ ㄆㄨˇ ㄔㄜ	吉普車	27
ㄊㄨㄥˊ ㄇㄥˊ	同盟	27
ㄇㄧㄥˊ ㄌㄧㄡˊ	名流	27
ㄇㄧㄥˊ ㄍㄨㄟˋ	名貴	27
ㄌㄩˇ ㄕˋ ㄔㄨㄣ ㄑㄧㄡ	呂氏春秋	27
ㄓㄡ ㄒㄩㄢˊ	周旋	27
ㄇㄧㄥˋ ㄨㄟˊ	命為	27
ㄧㄠˇ ㄧㄚˊ	咬牙	27
ㄧㄢ ㄏㄡˊ	咽喉	27
ㄞ ㄔㄡˊ	哀愁	27
ㄍㄜ ㄉㄜˊ	哥德	27
ㄕㄤ ㄧˋ	商議	27
ㄨㄣˋ ㄐㄧˊ	問及	27
ㄑㄧˇ ㄘㄨㄥ	啟聰	27
ㄒㄧˇ ㄑㄧㄥˋ	喜慶	27
ㄉㄢ ㄖˋ	單日	27
ㄉㄢ ㄧㄢˇ	單眼	27
ㄒㄧㄡˋ ㄐㄩㄝˊ	嗅覺	27
ㄐㄧㄚ ㄐㄧㄥˋ	嘉靖	27
ㄊㄧˋ	嚏	27
ㄒㄧㄤˋ ㄉㄠˇ	嚮導	27
ㄖㄤˇ ㄖㄤˇ	嚷嚷	27
ㄏㄨㄟˊ ㄨㄣˊ	回文	27
ㄍㄨㄛˊ ㄇㄧㄣˊ ㄉㄚˋ ㄏㄨㄟˋ	國民大會	27
ㄍㄨㄛˊ ㄕㄨˋ	國術	27
ㄨㄟˊ ㄔㄥˊ	圍成	27
ㄊㄨˊ ㄐㄧㄝˇ	圖解	27
ㄊㄨˇ ㄈㄥ	土風	27
ㄗㄞˋ ㄔㄤˋ	在唱	27
ㄆㄛ ㄉㄠˋ	坡道	27
ㄆㄧㄥˊ ㄌㄧㄣˊ	坪林	27
ㄒㄧㄥˊ ㄌㄨˋ	型錄	27
ㄐㄧ ㄉㄨ ㄊㄨˊ	基督徒	27
ㄅㄠˋ ㄍㄨㄛˊ	報國	27
ㄔㄤˇ ㄓㄨˇ	場主	27
ㄔㄤˇ ㄍㄨㄟ	場規	27
ㄊㄨˊ ㄌㄧㄠˋ	塗料	27
ㄙㄞ ㄖㄨˋ	塞入	27
ㄔˊ	墀	27
ㄨㄞˋ ㄒㄧㄢˋ ㄕˋ	外縣市	27
ㄉㄨㄛ ㄒㄧㄤˋ	多相	27
ㄉㄨㄛ ㄍㄨㄛˋ	多過	27
ㄧㄝˋ ㄕㄥ ㄏㄨㄛˊ	夜生活	27
ㄉㄚˋ ㄑㄩㄢˊ	大全	27
ㄉㄚˋ ㄩㄢˊ	大原	27
ㄉㄚˋ ㄍㄨㄢ	大官	27
ㄉㄚˋ ㄔㄨˊ	大廚	27
ㄉㄚˋ ㄌㄧㄢˊ	大連	27
ㄉㄚˋ ㄘㄨㄛˋ	大錯	27
ㄉㄚˋ ㄈㄢˋ ㄉㄧㄢˋ	大飯店	27
ㄊㄧㄢ ㄅㄧㄢ	天邊	27
ㄊㄧㄢ ㄇㄚˇ ㄒㄧㄥˊ ㄎㄨㄥ	天馬行空	27
ㄊㄞˋ ㄏㄠˇ ㄌㄜ˙	太好了	27
ㄈㄨ ㄒㄩˋ	夫婿	27
ㄏㄨㄢˋ	奐	27
ㄕㄜ ㄨㄤˋ	奢望	27
ㄈㄣˋ ㄈㄚ	奮發	27
ㄋㄩˇ ㄅㄢˋ	女伴	27
ㄏㄠˇ ㄑㄧㄡˊ	好球	27
ㄋㄧˇ ㄗㄞˋ	妳在	27
ㄍㄨ ㄇㄚ	姑媽	27
ㄨㄟˇ ㄧˇ	委以	27
ㄐㄧㄝˊ	婕	27
ㄕㄨㄤ	孀	27
ㄗˇ ㄒㄧㄚˋ	子夏	27
ㄒㄩㄝˊ ㄑㄩˋ	學去	27
ㄢ ㄒㄧˊ	安息	27
ㄨㄢˊ ㄉㄢˋ	完蛋	27
ㄉㄧㄥˋ ㄅㄣˇ	定本	27
ㄧㄡˋ	宥	27
ㄍㄨㄥ ㄑㄧˊ ㄐㄩㄣˋ	宮崎駿	27
ㄇㄧˋ ㄇㄧˋ ㄇㄚˊ ㄇㄚˊ	密密麻麻	27
ㄈㄨˋ ㄕㄨˋ	富庶	27
ㄌㄧㄠˊ ㄌㄧㄠˊ	寥寥	27
ㄒㄧㄝˇ ㄕㄥ	寫生	27
ㄅㄠˇ ㄐㄧㄢˋ	寶劍	27
ㄈㄥ ㄍㄤˇ	封港	27
ㄈㄥ ㄏㄠˋ	封號	27
ㄉㄨㄟˋ ㄎㄤˋ ㄙㄞˋ	對抗賽	27
ㄉㄨㄟˋ ㄕˊ	對時	27
ㄉㄨㄟˋ ㄍㄨㄛˋ	對過	27
ㄒㄧㄠˇ ㄎㄜˇ	小可	27
ㄒㄧㄠˇ ㄘㄠˇ	小草	27
ㄒㄧㄠˇ ㄘㄞˋ	小菜	27
ㄒㄧㄠˇ ㄑㄧㄢˊ	小錢	27
ㄐㄧㄡˋ ㄓㄨㄥ	就中	27
ㄕㄢ ㄌㄨㄢˊ	山巒	27
ㄕㄢ ㄅㄠ	山胞	27
ㄕㄢ ㄧㄠ	山腰	27
ㄉㄠˇ ㄋㄟˋ	島內	27
ㄍㄨㄥ ㄕˋ	工事	27
ㄍㄨㄥ ㄗㄨㄛˋ ㄏㄨㄟˋ	工作會	27
ㄍㄨㄥ ㄔㄤˇ	工場	27
ㄐㄧˇ ㄐㄧㄢˋ	己見	27
ㄕˋ ㄔㄤˇ ㄐㄧ ㄓˋ	市場機制	27
ㄊㄤˇ	帑	27
ㄅㄛˊ ㄌㄧㄡˊ	帛琉	27
ㄉㄞˋ ㄓㄨㄤˋ	帶狀	27
ㄔㄤˊ ㄅㄟˋ ㄅㄧㄥ	常備兵	27
ㄆㄧㄥˊ ㄒㄧㄣ	平心	27
ㄆㄧㄥˊ ㄕㄨㄣˋ	平順	27
ㄋㄧㄢˊ ㄈㄟˋ	年費	27
ㄉㄧˇ ㄐㄧㄚˋ	底價	27
ㄎㄤ ㄋㄞˇ ㄦˇ	康乃爾	27
ㄔㄨˊ ㄗ˙	廚子	27
ㄐㄧㄢˋ ㄌㄧˋ ㄑㄧˇ ㄌㄞˊ	建立起來	27
ㄐㄧㄢˋ ㄧˋ ㄕㄨ	建議書	27
ㄖㄨㄛˋ ㄓㄜˇ	弱者	27
ㄓㄤ ㄍㄨㄛˊ ㄖㄨㄥˊ	張國榮	27
ㄅㄧㄝˋ	彆	27
ㄘㄞˇ ㄏㄨㄚˋ	彩畫	27
ㄘㄞˇ ㄐㄧㄣ	彩金	27
ㄏㄡˋ ㄒㄧㄚˋ	後下	27
ㄏㄡˋ ㄓㄨˇ	後主	27
ㄏㄡˋ ㄌㄞˊ ㄐㄩ ㄕㄤˋ	後來居上	27
ㄏㄡˋ ㄨㄟˊ	後為	27
ㄉㄜˊ ㄉㄠˋ	得道	27
ㄨㄟˊ ㄅㄨˋ ㄗㄨˊ ㄉㄠˋ	微不足道	27
ㄨㄟˊ ㄒㄧˋ	微細	27
ㄔㄜˋ ㄧㄝˋ	徹夜	27
ㄒㄧㄣ ㄓㄠˋ	心照	27
ㄒㄧㄣ ㄐㄧ ㄍㄥˇ ㄙㄜˋ	心肌梗塞	27
ㄒㄧㄣ ㄍㄢ	心肝	27
ㄅㄧˋ ㄖㄢˊ ㄉㄜ˙	必然的	27
ㄓㄨㄥ ㄔㄥˊ ㄉㄨˋ	忠誠度	27
ㄋㄧㄢˋ ㄋㄧㄢˋ ㄅㄨˊ ㄨㄤˋ	念念不忘	27
ㄈㄣˋ ㄈㄣˋ	忿忿	27
ㄆㄚˋ ㄆㄚˋ	怕怕	27
ㄙ ㄅㄧㄢˋ	思辨	27
ㄍㄨㄞˋ ㄌㄜ˙	怪了	27
ㄑㄧㄠˇ ㄖㄢˊ	悄然	27
ㄊㄧˋ	悌	27
ㄨㄟˊ ㄧ	惟一	27
ㄜˋ ㄗㄨㄛˋ ㄐㄩˋ	惡作劇	27
ㄒㄧㄤˇ ㄨㄤˋ	想望	27
ㄞˋ ㄇㄨˋ	愛慕	27
ㄞˋ ㄉㄧˊ ㄕㄥ	愛迪生	27
ㄧㄥˋ ㄓㄢˋ	應戰	27
ㄨㄛˇ ㄇㄚ˙	我嗎	27
ㄨㄛˇ ㄒㄧㄤˇ ㄗㄞˋ	我想在	27
ㄨㄛˇ ㄓㄜˋ ㄓㄨㄥˇ	我這種	27
ㄎㄢ ㄌㄨㄢˋ	戡亂	27
ㄅㄧㄢˇ ㄅㄛˊ	扁柏	27
ㄅㄧㄢˇ ㄅㄞˇ	扁柏	27
ㄕㄡˇ ㄅㄚˇ	手把	27
ㄕㄡˇ ㄅㄚˋ	手把	27
ㄉㄚˇ ㄖㄣˊ	打人	27
ㄉㄚˇ ㄒㄧㄠ	打消	27
ㄉㄚˇ ㄈㄢ	打翻	27
ㄔㄜˇ ㄕㄤˋ	扯上	27
ㄈㄨˊ ㄌㄨㄣˊ ㄕㄜˋ	扶輪社	27
ㄔㄥˊ ㄉㄜˊ	承德	27
ㄐㄧˋ ㄓㄨㄢ	技專	27
ㄐㄧˋ ㄓㄥˋ	技正	27
ㄓㄨㄚ ㄑㄩˇ	抓取	27
ㄊㄡˊ ㄓㄨˋ ㄓㄢˋ	投注站	27
ㄓㄜˊ ㄐㄧㄡˋ	折舊	27
ㄓㄜˊ ㄔㄨㄥ	折衝	27
ㄧㄚ ㄩㄣˋ	押韻	27
ㄆㄞ ㄏㄠˇ	拍好	27
ㄅㄚˊ ㄧㄚˊ	拔牙	27
ㄓㄠ ㄉㄞˋ ㄙㄨㄛˇ	招待所	27
ㄕˊ ㄑㄧˇ	拾起	27
ㄓㄨㄛ ㄇㄛ	捉摸	27
ㄕㄡˋ ㄩˇ	授與	27
ㄘㄞˇ ㄇㄞˇ	採買	27
ㄐㄧㄝ ㄦˋ ㄌㄧㄢˊ ㄙㄢ	接二連三	27
ㄏㄨㄢˋ ㄏㄤˊ	換行	27
ㄙㄡ ㄔㄨ	搜出	27
ㄉㄚ ㄔㄨㄢˊ	搭船	27
ㄉㄚ ㄑㄧˇ	搭起	27
ㄑㄧㄤˇ ㄒㄧㄡ	搶修	27
ㄇㄛ ㄘㄞˇ	摸彩	27
ㄔㄜˋ ㄔㄨˊ	撤除	27
ㄘㄠ ㄕㄡˇ	操守	27
ㄎㄨㄛˋ ㄓㄢˇ ㄉㄠˋ	擴展到	27
ㄆㄢ ㄉㄥ	攀登	27
ㄓ ㄌㄧㄥˇ	支領	27
ㄕㄡ ㄒㄩㄣˋ	收訊	27
ㄈㄤˋ ㄍㄜ˙	放個	27
ㄈㄤˋ ㄕㄥ	放聲	27
ㄍㄨˋ ㄐㄩ	故居	27
ㄒㄧㄠˋ ㄓㄨㄥ	效忠	27
ㄐㄧㄠˋ ㄧㄡˇ	教友	27
ㄙㄢˋ ㄎㄞ	散開	27
ㄓㄥˇ ㄅㄨˋ	整部	27
ㄒㄧㄣ ㄅㄨˇ ㄓㄣˋ	新埔鎮	27
ㄒㄧㄣ ㄆㄨˇ ㄓㄣˋ	新埔鎮	27
ㄒㄧㄣ ㄙㄨˋ	新宿	27
ㄒㄧㄣ ㄨㄣˊ ㄒㄩㄝˊ	新文學	27
ㄒㄧㄣ ㄏㄨㄚˊ ㄕㄜˋ	新華社	27
ㄒㄧㄣ ㄊㄧˇ	新體	27
ㄉㄨㄢˋ ㄓㄤ ㄑㄩˇ ㄧˋ	斷章取義	27
ㄉㄨㄢˋ ㄕˊ	斷食	27
ㄈㄤ ㄒㄧㄥ ㄨㄟˋ ㄞˋ	方興未艾	27
ㄗㄨˊ ㄧˋ	族裔	27
ㄗㄠˇ ㄧㄡˇ	早有	27
ㄗㄠˇ ㄔㄢˇ	早產	27
ㄢˋ ㄘㄤˊ	暗藏	27
ㄅㄠˋ ㄈㄚ	暴發	27
ㄊㄢˊ ㄏㄨㄚ ㄧ ㄒㄧㄢˋ	曇花一現	27
ㄊㄢˊ ㄏㄨㄚ ㄧˊ ㄒㄧㄢˋ	曇花一現	27
ㄏㄨㄟˋ ㄕ	會師	27
ㄧㄡˇ ㄢˋ	有案	27
ㄧㄡˇ ㄞˋ	有礙	27
ㄇㄨˋ ㄋㄞˇ ㄧ	木乃伊	27
ㄇㄨˋ ㄡˇ	木偶	27
ㄅㄣˇ ㄑㄩ	本區	27
ㄅㄣˇ ㄊㄞˊ	本台	27
ㄅㄣˇ ㄆㄧㄢ	本篇	27
ㄓㄨ ㄩㄝ ㄒㄧㄣˋ	朱約信	27
ㄉㄨㄛˇ ㄉㄨㄛˇ	朵朵	27
ㄉㄨㄥ ㄅㄟˇ ㄧㄚˇ	東北亞	27
ㄙㄨㄥ ㄌㄧㄣˊ	松林	27
ㄐㄧㄚ ㄙㄨㄛˇ	枷鎖	27
ㄖㄡˊ ㄑㄧㄥˊ	柔情	27
ㄓㄨ ㄕˋ ㄏㄨㄟˋ ㄕㄜˋ	株式會社	27
ㄍㄜˊ ㄨㄟˋ	格位	27
ㄊㄧㄠˊ ㄌㄧˇ	條理	27
ㄙㄣ ㄅㄚ	森巴	27
ㄍㄡˋ ㄐㄧㄢˋ	構建	27
ㄐㄧㄣˇ	槿	27
ㄩㄝˋ ㄆㄨˇ	樂譜	27
ㄇㄛˊ ㄋㄧˇ ㄑㄧˋ	模擬器	27
ㄧㄤˋ ㄦˊ	樣兒	27
ㄑㄧㄠˊ ㄕㄤˋ	橋上	27
ㄐㄧ ㄓㄤˇ	機長	27
ㄏㄥˊ ㄍㄨㄢˋ ㄍㄨㄥ ㄌㄨˋ	橫貫公路	27
ㄒㄧㄝ ㄙ ㄉㄧˇ ㄌㄧˇ	歇斯底里	27
ㄨˇ ㄙㄨㄥ	武松	27
ㄘㄢˊ ㄕㄚ	殘殺	27
ㄐㄧㄤ	殭	27
ㄇㄟˇ ㄏㄨㄟˊ	每回	27
ㄅㄧˇ ㄐㄧㄚˋ	比價	27
ㄅㄧˋ ㄅㄧˋ ㄐㄧㄝ ㄕˋ	比比皆是	27
ㄇㄧㄣˊ ㄗㄨˊ ㄓㄨˇ ㄧˋ	民族主義	27
ㄑㄧˋ ㄉㄨˋ	氣度	27
ㄕㄨㄟˇ ㄏㄨˇ	水滸	27
ㄕㄨㄟˇ ㄓㄨㄥˇ	水腫	27
ㄨㄤ ㄧㄤˊ	汪洋	27
ㄔㄣˊ ㄇㄣˋ	沈悶	27
ㄔㄣˊ ㄓㄨㄛˊ	沉著	27
ㄔㄣˊ ㄇㄧˊ	沉迷	27
ㄇㄟˊ ㄨㄢˊ ㄇㄟˊ ㄌㄧㄠˇ	沒完沒了	27
ㄓˋ ㄅㄧㄠ	治標	27
ㄧㄢˊ ㄒㄧˊ	沿襲	27
ㄈㄚˇ ㄕˋ	法式	27
ㄈㄚˋ ㄕˋ	法式	27
ㄈㄚˇ ㄍㄨˇ ㄕㄢ	法鼓山	27
ㄒㄧㄝˋ ㄌㄡˋ	洩露	27
ㄒㄧㄝˋ ㄌㄨˋ	洩露	27
ㄆㄞˋ ㄉㄠˋ	派到	27
ㄏㄠˋ ㄏㄢˋ	浩瀚	27
ㄏㄞˇ ㄊㄤˊ	海棠	27
ㄏㄞˇ ㄕㄥ	海生	27
ㄒㄧㄠ ㄒㄧˊ ㄌㄞˊ ㄩㄢˊ	消息來源	27
ㄐㄧㄥˋ ㄓˊ	淨值	27
ㄑㄧㄥ ㄐㄧㄤ	清江	27
ㄑㄧㄥ ㄐㄧㄝˊ ㄐㄧˋ	清潔劑	27
ㄑㄧㄥ ㄉㄧㄢˇ ㄖㄣˊ ㄕㄨˋ	清點人數	27
ㄨㄣ ㄍㄜ ㄏㄨㄚˊ	溫哥華	27
ㄐㄧㄢˋ	澗	27
ㄋㄥˋ	濘	27
ㄋㄧㄥˋ	濘	27
ㄏㄨㄛˇ ㄌㄨˊ	火爐	27
ㄏㄨㄟ ㄒㄩㄥˊ	灰熊	27
ㄔㄠˇ ㄈㄢˋ	炒飯	27
ㄌㄧㄝˋ ㄏㄨㄛˇ	烈火	27
ㄏㄨㄥ ㄆㄟˊ	烘培	27
ㄨˊ ㄇㄧㄥˊ	無明	27
ㄨˊ ㄩㄥˋ ㄉㄜ˙	無用的	27
ㄨˊ ㄌㄧˇ	無禮	27
ㄨˊ ㄍㄨㄢ ㄉㄜ˙	無關的	27
ㄓㄠˋ ㄔㄨ	照出	27
ㄓㄠˋ ㄗˋ	照自	27
ㄏㄨㄟˋ	燴	27
ㄧㄚˊ ㄎㄜ	牙科	27
ㄊㄜˋ ㄅㄧㄝˊ ㄐㄧㄤˇ	特別獎	27
ㄊㄜˋ ㄌㄚ ㄨㄟˊ ㄈㄨ	特拉維夫	27
ㄌㄤˊ ㄅㄟˋ	狼狽	27
ㄅㄟˋ	狽	27
ㄘㄞ ㄓㄨㄥˋ	猜中	27
ㄌㄧㄝˋ ㄕㄚ	獵殺	27
ㄨㄢˊ ㄦˊ	玩兒	27
ㄒㄩㄣˊ	珣	27
ㄒㄧㄢˋ ㄒㄧㄥˊ	現形	27
ㄌㄧㄣˊ ㄌㄤˊ ㄇㄢˇ ㄇㄨˋ	琳琅滿目	27
ㄒㄩㄢˊ	璇	27
ㄍㄢ ㄋㄞˇ ㄉㄧˊ	甘迺迪	27
ㄕㄣˋ ㄦˊ	甚而	27
ㄌㄧㄡˊ ㄉㄞˋ	留待	27
ㄏㄨㄚˋ ㄖㄣˊ	畫人	27
ㄉㄤ ㄐㄧˊ	當即	27
ㄊㄨㄥˋ ㄆㄧ	痛批	27
ㄅㄞˊ ㄈㄟˋ	白費	27
ㄐㄧㄣˋ ㄗㄜˊ	盡責	27
ㄇㄤˊ ㄕㄥ	盲生	27
ㄓˊ ㄌㄨㄛˋ	直落	27
ㄒㄧㄤ ㄑㄩˋ	相去	27
ㄉㄢ	眈	27
ㄎㄢˋ ㄕㄤˋ ㄑㄩˋ	看上去	27
ㄉㄨㄢˇ ㄆㄧㄢ ㄒㄧㄠˇ ㄕㄨㄛ	短篇小說	27
ㄕˊ ㄑㄧㄤˊ	石牆	27
ㄆㄛˋ ㄎㄡˇ	破口	27
ㄘˊ ㄉㄧㄝˊ ㄐㄧ	磁碟機	27
ㄕㄣˊ ㄐㄧㄥ ㄓˊ	神經質	27
ㄆㄧㄠˋ ㄐㄩˋ	票據	27
ㄆㄧㄠˋ ㄩㄢˊ	票源	27
ㄆㄧㄠˋ ㄓㄥˋ	票證	27
ㄐㄧㄣ ㄅㄨˊ ㄓㄨˋ	禁不住	27
ㄔㄢˊ ㄐㄧㄚ	禪家	27
ㄊㄨ ㄊㄨ	禿禿	27
ㄎㄜ ㄅㄢ	科班	27
ㄧㄤ ㄇㄧㄠˊ	秧苗	27
ㄧˊ ㄐㄧㄠ	移交	27
ㄔㄨㄢ ㄘˋ	穿刺	27
ㄌㄧˋ ㄧㄝˋ	立業	27
ㄒㄧㄠˋ ㄉㄠˋ	笑道	27
ㄉㄧˋ ㄦˋ ㄔㄨㄣ	第二春	27
ㄉㄧˋ ㄦˋ ㄓㄤ	第二章	27
ㄙㄨㄢˋ ㄐㄧㄣˋ	算進	27
ㄐㄧㄢˇ ㄊㄧˇ ㄗˋ	簡體字	27
ㄐㄧㄥ ㄔㄨㄥˊ	精蟲	27
ㄈㄣ ㄌㄨㄢˋ	紛亂	27
ㄒㄧˋ ㄕㄨˇ	細數	27
ㄙ ㄔㄡˊ	絲綢	27
ㄎㄨㄣˇ	綑	27
ㄓㄣˇ	縝	27
ㄓ ㄋㄩˇ	織女	27
ㄖㄠˋ ㄗㄞˋ	繞在	27
ㄖㄠˋ ㄒㄧㄥˊ	繞行	27
ㄒㄧㄡˋ ㄑㄧㄡˊ	繡球	27
ㄐㄧˋ ㄖㄣˋ	繼任	27
ㄕㄨˇ ㄇㄧㄥˊ	署名	27
ㄕㄨˋ ㄇㄧㄥˊ	署名	27
ㄇㄟˇ ㄇㄧㄥˊ	美名	27
ㄇㄟˇ ㄉㄨㄥ	美東	27
ㄑㄩㄣˊ ㄐㄧˊ	群集	27
ㄠˊ ㄒㄧㄤˊ	翱翔	27
ㄈㄢ ㄧˋ ㄨㄟˊ	翻譯為	27
ㄌㄠˇ ㄧㄠ	老么	27
ㄎㄠˇ ㄍㄨㄛˋ	考過	27
ㄦˊ ㄅㄨˊ ㄏㄨㄟˋ	而不會	27
ㄦˊ ㄩˇ	而與	27
ㄏㄠˋ ㄙㄨㄣˇ	耗損	27
ㄧㄝ ㄌㄨˇ	耶魯	27
ㄓˊ ㄒㄧㄠˋ	職校	27
ㄍㄨˇ ㄌㄧˋ	股利	27
ㄈㄟˊ ㄨㄛˋ	肥沃	27
ㄎㄣˇ ㄉㄧㄥˋ ㄕˋ	肯定是	27
ㄨㄟˋ ㄎㄨㄟˋ ㄧㄤˊ	胃潰瘍	27
ㄅㄟˋ ㄌㄧˊ	背離	27
ㄋㄠˇ ㄓㄨㄥˋ ㄈㄥ	腦中風	27
ㄈㄨ ㄓˊ	膚質	27
ㄌㄧㄢˇ ㄆㄣˊ	臉盆	27
ㄌㄧㄢˇ ㄏㄨㄥˊ	臉紅	27
ㄗˋ ㄑㄧㄡˊ	自求	27
ㄗˋ ㄅㄧˋ ㄓㄥˋ	自閉症	27
ㄓˋ ㄉㄚˋ	至大	27
ㄓˋ ㄑㄧㄢˋ	致歉	27
ㄐㄧㄡˋ ㄧㄡˇ ㄉㄜ˙	舊有的	27
ㄘㄠˇ	艸	27
ㄑㄧㄢ	芊	27
ㄏㄨㄚ ㄒㄧㄣ	花心	27
ㄏㄨㄚ ㄅㄧㄢ	花邊	27
ㄔㄨˊ	芻	27
ㄔㄚˊ ㄕㄨˋ	茶樹	27
ㄔㄚˊ ㄏㄨㄚ	茶花	27
ㄘㄠˇ ㄔㄨㄤˋ	草創	27
ㄐㄧㄥ ㄐㄧˊ	荊棘	27
ㄑㄧ	萋	27
ㄧㄝˋ ㄕㄨˋ	葉樹	27
ㄓㄨˋ ㄓㄜˇ	著者	27
ㄓㄨˋ ㄕㄨˋ	著述	27
ㄇㄥˊ ㄕㄤˋ	蒙上	27
ㄇㄥˊ ㄕㄡˋ	蒙受	27
ㄐㄩㄝˊ	蕨	27
ㄗㄤˋ ㄖㄣˊ	藏人	27
ㄧㄠˋ ㄒㄩㄝˊ	藥學	27
ㄌㄧㄣˋ	藺	27
ㄈㄥ ㄇㄧˋ	蜂蜜	27
ㄖㄨㄥˊ ㄏㄨㄟˋ	融會	27
ㄒㄧㄥˊ ㄓ ㄧㄡˇ ㄋㄧㄢˊ	行之有年	27
ㄒㄧㄥˊ ㄕˋ ㄌㄧˋ	行事曆	27
ㄒㄧㄥˊ ㄓㄥˋ ㄇㄧㄥˋ ㄌㄧㄥˋ	行政命令	27
ㄒㄧㄥˊ ㄓㄥˋ ㄈㄚˇ ㄩㄢˋ	行政法院	27
ㄨㄟˋ ㄇㄧㄢˇ	衛冕	27
ㄧ ㄑㄩㄣˊ	衣裙	27
ㄧ ㄕˊ	衣食	27
ㄅㄧㄠˇ ㄉㄧˋ	表弟	27
ㄒㄧㄡˋ ㄗ˙	袖子	27
ㄅㄟˋ ㄈㄚˊ	被罰	27
ㄌㄧㄝˋ ㄈㄥˋ	裂縫	27
ㄅㄨˇ ㄓㄥˋ	補正	27
ㄓㄨㄤ ㄐㄧ	裝機	27
ㄓㄨㄤ ㄗㄞˇ	裝載	27
ㄓㄨㄤ ㄗㄞˋ	裝載	27
ㄌㄧˇ ㄨㄞˋ	裡外	27
ㄧㄠˋ ㄏㄞˋ	要害	27
ㄧㄠˋ ㄔㄨㄥ	要衝	27
ㄕˋ ㄐㄧㄠˇ	視角	27
ㄐㄧˋ ㄈㄣ	記分	27
ㄈㄤˇ ㄔㄚˊ	訪查	27
ㄕㄜˋ ㄏㄠˇ	設好	27
ㄆㄧㄥˊ ㄕㄣˇ ㄨㄟˇ ㄩㄢˊ	評審委員	27
ㄘˊ ㄑㄩˇ	詞曲	27
ㄕˋ ㄍㄨㄢˇ	試管	27
ㄖㄣˋ ㄍㄡˋ	認購	27
ㄎㄜˋ ㄓㄨㄛ	課桌	27
ㄊㄧㄠˊ ㄨㄟˋ ㄌㄧㄠˋ	調味料	27
ㄊㄧㄠˊ ㄔㄨˇ	調處	27
ㄊㄢˊ ㄍㄨㄛˋ	談過	27
ㄑㄧㄢ ㄅㄟ	謙卑	27
ㄐㄧㄤˇ ㄊㄤˊ	講堂	27
ㄐㄧㄤˇ ㄌㄧˇ	講理	27
ㄇㄢˊ ㄇㄚˋ	謾罵	27
ㄇㄢˋ ㄇㄚˋ	謾罵	27
ㄓㄥˋ ㄧㄢˊ	證嚴	27
ㄧˋ ㄨㄣˊ	譯文	27
ㄗㄢˋ ㄊㄢˋ	讚歎	27
ㄉㄡˋ ㄏㄨㄚ	豆花	27
ㄏㄠˊ ㄕㄨㄤˇ	豪爽	27
ㄈㄨˋ ㄔㄥˊ ㄓㄤˇ	負成長	27
ㄗ ㄒㄩㄣˋ ㄓㄢˋ	資訊站	27
ㄕㄤˇ ㄕˋ	賞識	27
ㄆㄟˊ ㄕㄤˋ	賠上	27
ㄙㄞˋ ㄇㄚˇ	賽馬	27
ㄗㄥˋ ㄍㄟˇ	贈給	27
ㄗㄡˇ ㄐㄧㄣˋ ㄑㄩˋ	走進去	27
ㄩㄝˋ ㄐㄧㄝˋ	越界	27
ㄍㄢˇ ㄎㄨㄞˋ ㄌㄞˊ	趕快來	27
ㄊㄧㄠˋ ㄖㄨˋ	跳入	27
ㄕㄣ ㄐㄧㄚ	身家	27
ㄔㄜ ㄐㄧㄚˋ	車架	27
ㄐㄩㄣ ㄑㄩ	軍區	27
ㄐㄩㄣ ㄑㄧㄥˊ	軍情	27
ㄏㄨㄟ ㄧㄥˋ	輝映	27
ㄓㄨㄢˇ ㄐㄧㄠˇ	轉角	27
ㄅㄧㄢˋ ㄔㄥ	辯稱	27
ㄧㄥˊ ㄅㄧㄣ	迎賓	27
ㄈㄢˇ ㄐㄧㄚ	返家	27
ㄇㄧˊ ㄇㄧˊ ㄏㄨˊ ㄏㄨˊ	迷迷糊糊	27
ㄓㄨㄟ ㄉㄠˋ	追到	27
ㄙㄨㄥˋ ㄏㄨㄛˋ	送貨	27
ㄊㄡˋ ㄓㄜ˙	透著	27
ㄓㄜˋ ㄑㄧˊ	這期	27
ㄊㄨㄥ ㄉㄠˋ	通到	27
ㄊㄨㄥ ㄧㄡˇ	通有	27
ㄕˋ ㄑㄩˋ	逝去	27
ㄌㄧㄢˊ ㄅㄨˊ ㄕㄤˋ	連不上	27
ㄌㄧㄢˊ ㄈㄚ	連發	27
ㄍㄨㄛˋ ㄅㄨˊ ㄑㄩˋ	過不去	27
ㄍㄨㄛˋ ㄅㄨˋ ㄑㄩˋ	過不去	27
ㄍㄨㄛˋ ㄧㄢˇ	過眼	27
ㄩㄢˇ ㄧㄤˊ	遠洋	27
ㄑㄧㄢˇ ㄙㄨㄥˋ	遣送	27
ㄠˊ	遨	27
ㄧˊ ㄕㄨㄤ	遺孀	27
ㄧˊ ㄗㄥˋ	遺贈	27
ㄏㄞˊ ㄎㄢˋ ㄉㄠˋ	還看到	27
ㄉㄨ ㄒㄧㄣ	都心	27
ㄌㄧㄣˊ ㄍㄨㄛˊ	鄰國	27
ㄌㄧㄣˊ ㄐㄧㄚ	鄰家	27
ㄊㄨㄥˊ	酮	27
ㄧ ㄕㄨˋ	醫術	27
ㄔㄨㄥˊ ㄑㄧˇ	重啟	27
ㄓㄨㄥˋ ㄩㄥˋ	重用	27
ㄐㄧㄣ ㄖㄨㄥˊ ㄕˋ ㄔㄤˇ	金融市場	27
ㄓㄣ ㄊㄡˊ	針頭	27
ㄐㄩˋ ㄔˇ	鋸齒	27
ㄍㄤ ㄅㄢˇ	鋼板	27
ㄓㄥ	錚	27
ㄉㄧㄥˋ	錠	27
ㄍㄜˊ	鎘	27
ㄓㄣˋ ㄐㄧㄥˋ	鎮靜	27
ㄐㄧㄥˋ ㄆㄧㄢˋ	鏡片	27
ㄊㄧㄝˇ ㄑㄧˋ	鐵器	27
ㄊㄧㄝˇ ㄔㄨㄟˊ	鐵鎚	27
ㄓㄤˇ ㄕㄤˋ	長上	27
ㄔㄤˊ ㄉㄚˇ	長打	27
ㄇㄣˊ ㄗ˙	門子	27
ㄎㄞ ㄕㄤˋ	開上	27
ㄎㄞ ㄩㄢˊ	開元	27
ㄎㄞ ㄍㄨㄢˇ	開館	27
ㄒㄧㄢˊ ㄕˋ	閒事	27
ㄍㄨㄢ ㄌㄧㄢˊ ㄒㄧㄥˋ	關聯性	27
ㄍㄨㄢ ㄌㄧㄢˊ ㄒㄧㄥˋ	關連性	27
ㄈㄨˋ ㄏㄜˋ	附和	27
ㄔㄣˊ ㄋㄧㄢˊ	陳年	27
ㄘ ㄒㄧㄥˋ	雌性	27
ㄘˊ ㄒㄧㄥˋ	雌性	27
ㄗㄚˊ ㄧㄣ	雜音	27
ㄋㄢˊ ㄧˋ	難易	27
ㄒㄩㄝˇ ㄅㄚˋ ㄍㄨㄛˊ ㄐㄧㄚ ㄍㄨㄥ ㄩㄢˊ	雪霸國家公園	27
ㄌㄧㄥˊ ㄕㄡˋ ㄉㄧㄢˋ	零售店	27
ㄌㄟˊ ㄋㄧㄠˇ	雷鳥	27
ㄉㄧㄢˋ ㄉㄨㄥˋ ㄔㄜ	電動車	27
ㄉㄧㄢˋ ㄗˇ ㄧㄡˊ ㄐㄧㄢˋ ㄒㄧㄣˋ ㄒㄧㄤ	電子郵件信箱	27
ㄉㄧㄢˋ ㄧㄥˇ ㄌㄧˇ	電影裡	27
ㄉㄧㄢˋ ㄋㄠˇ ㄧㄝˋ	電腦業	27
ㄉㄧㄢˋ ㄋㄠˇ ㄅㄧㄥˋ ㄉㄨˊ	電腦病毒	27
ㄨˋ ㄕㄜˋ	霧社	27
ㄅㄚˋ ㄉㄠˋ	霸道	27
ㄌㄧㄥˊ ㄉㄢ	靈丹	27
ㄑㄧㄥ ㄘㄨㄟˋ	青翠	27
ㄈㄟ ㄨㄛˇ	非我	27
ㄈㄟ ㄐㄧㄥ	非經	27
ㄏㄢˊ ㄐㄩˋ	韓劇	27
ㄉㄧㄥˇ ㄒㄧㄣ	頂新	27
ㄒㄧㄢˇ ㄒㄧㄢˋ ㄔㄨ ㄌㄞˊ	顯現出來	27
ㄒㄧㄢˇ ㄧㄢˇ	顯眼	27
ㄈㄟ ㄌㄧˋ ㄆㄨˇ	飛利浦	27
ㄧㄤˇ ㄐㄧ	養雞	27
ㄕㄡˇ ㄏㄤˊ	首航	27
ㄇㄚˇ ㄌㄨˋ ㄕㄤˋ	馬路上	27
ㄇㄚˇ ㄌㄧˇ ㄌㄢˊ	馬里蘭	27
ㄇㄚˇ ㄧㄚˇ	馬雅	27
ㄅㄛˊ ㄔˋ	駁斥	27
ㄆㄧㄢˊ	駢	27
ㄑㄧㄢ	騫	27
ㄍㄨˇ ㄐㄧㄚˋ	骨架	27
ㄊㄧˇ ㄩˋ ㄨㄟˇ ㄩㄢˊ ㄏㄨㄟˋ	體育委員會	27
ㄍㄠ ㄍㄢˋ	高幹	27
ㄍㄠ ㄙ	高斯	27
ㄙㄨㄥ ㄙㄨㄥ	鬆鬆	27
ㄇㄛˊ ㄖㄣˊ	魔人	27
ㄌㄨˇ ㄎㄞˇ ㄗㄨˊ	魯凱族	27
ㄏㄨㄤˊ ㄉㄠˋ	黃道	27
ㄏㄟ ㄔㄠˊ	黑潮	27
ㄏㄟ ㄒㄧㄤ	黑箱	27
ㄉㄧㄢˇ ㄉㄥ	點燈	27
ㄌㄨㄥˊ ㄈㄚ ㄊㄤˊ	龍發堂	27
ㄧ ㄗㄞˋ	一在	26
ㄧˊ ㄗㄞˋ	一在	26
ㄧ ㄒㄧㄤ	一廂	26
ㄧˋ ㄒㄧㄤ	一廂	26
ㄧ ㄧㄥ ㄐㄩˋ ㄑㄩㄢˊ	一應俱全	26
ㄧ ㄧㄥˋ ㄐㄩˋ ㄑㄩㄢˊ	一應俱全	26
ㄧˊ ㄧㄥ ㄐㄩˋ ㄑㄩㄢˊ	一應俱全	26
ㄧˊ ㄧㄥˋ ㄐㄩˋ ㄑㄩㄢˊ	一應俱全	26
ㄧˋ ㄧㄥ ㄐㄩˋ ㄑㄩㄢˊ	一應俱全	26
ㄧˋ ㄧㄥˋ ㄐㄩˋ ㄑㄩㄢˊ	一應俱全	26
ㄧ ㄔㄥˊ ㄅㄨˊ ㄅㄧㄢˋ	一成不變	26
ㄧ ㄔㄥˊ ㄅㄨˋ ㄅㄧㄢˋ	一成不變	26
ㄧˋ ㄔㄥˊ ㄅㄨˊ ㄅㄧㄢˋ	一成不變	26
ㄧ ㄏㄨˋ	一戶	26
ㄧˊ ㄏㄨˋ	一戶	26
ㄧ ㄑㄧˊ ㄉㄠˋ ㄗㄨㄛˋ	一期稻作	26
ㄧˋ ㄑㄧˊ ㄉㄠˋ ㄗㄨㄛˋ	一期稻作	26
ㄧ ㄅㄞˇ ㄎㄨㄞˋ	一百塊	26
ㄧˋ ㄅㄞˇ ㄎㄨㄞˋ	一百塊	26
ㄧ ㄙㄨㄢˋ	一算	26
ㄧˊ ㄙㄨㄢˋ	一算	26
ㄧ ㄉㄞˋ	一袋	26
ㄧˊ ㄉㄞˋ	一袋	26
ㄑㄧ ㄐㄧㄚ ㄨㄢ ㄒㄧ	七家灣溪	26
ㄙㄢ ㄩㄝˋ ㄈㄣˋ	三月份	26
ㄙㄢ ㄈㄚˇ	三法	26
ㄙㄢ ㄐㄧㄠˇ	三腳	26
ㄙㄢ ㄘㄢ	三餐	26
ㄕㄤˋ ㄌㄜ˙ ㄋㄧㄢˊ ㄐㄧˋ	上了年紀	26
ㄕㄤˋ ㄒㄧㄥˊ	上行	26
ㄕㄤˋ ㄑㄧˇ	上起	26
ㄕㄤˋ ㄍㄨㄟˇ ㄉㄠˋ	上軌道	26
ㄕㄤˋ ㄉㄚˊ	上達	26
ㄒㄧㄚˋ ㄏㄨㄟˊ	下回	26
ㄒㄧㄚˋ ㄩˇ ㄊㄧㄢ	下雨天	26
ㄅㄨˋ ㄖㄣˊ	不仁	26
ㄅㄨˊ ㄏㄨㄛˋ	不惑	26
ㄅㄨˊ ㄐㄧㄥˋ	不敬	26
ㄅㄨˋ ㄒㄧㄤˊ	不祥	26
ㄅㄨˊ ㄆㄟˋ	不配	26
ㄓㄨㄥ ㄋㄢˊ ㄅㄨˋ ㄉㄧˋ ㄑㄩ	中南部地區	26
ㄓㄨㄥ ㄌㄧㄡˊ	中流	26
ㄔㄥˊ ㄐㄧ	乘機	26
ㄦˋ ㄨㄢˋ ㄨˇ ㄑㄧㄢ	二萬五千	26
ㄦˋ ㄐㄧˊ	二集	26
ㄨˇ ㄍㄨㄢ	五官	26
ㄨˇ ㄨㄢˇ	五晚	26
ㄐㄧㄠ ㄕㄤˋ	交上	26
ㄐㄧㄠ ㄈㄥ	交鋒	26
ㄖㄣˊ ㄒㄧㄚˋ	人下	26
ㄖㄣˊ ㄒㄩㄥ	仁兄	26
ㄊㄚ ㄔㄨˋ	他處	26
ㄉㄞˋ ㄕㄨˋ	代數	26
ㄉㄞˋ ㄅㄨˋ	代步	26
ㄉㄞˋ ㄩㄥˋ	代用	26
ㄉㄞˋ ㄌㄧㄥˇ	代領	26
ㄈㄤˇ ㄓㄠˋ	仿照	26
ㄒㄧㄡ ㄓˇ	休止	26
ㄒㄧㄡ ㄒㄧㄢˊ ㄉㄜ˙	休閒的	26
ㄉㄧㄢˋ	佃	26
ㄓㄨˋ ㄌㄧˋ	佇立	26
ㄨㄟˋ ㄩㄢˊ ㄗㄨˇ	位元組	26
ㄓㄨˋ ㄖㄣˊ	住人	26
ㄧˋ	佚	26
ㄋㄧˇ ㄐㄧㄤ	你將	26
ㄎㄢˇ ㄎㄢˇ ㄦˊ ㄊㄢˊ	侃侃而談	26
ㄌㄞˊ ㄢ	來安	26
ㄍㄨㄥ ㄐㄧˇ ㄓˋ	供給制	26
ㄒㄧㄡ ㄕㄣ	修身	26
ㄐㄩㄢˋ ㄉㄞˋ	倦怠	26
ㄆㄧㄢ ㄌㄧˊ	偏離	26
ㄗㄨㄛˋ ㄍㄨㄢ	做官	26
ㄊㄧㄥˊ ㄓㄨˋ	停住	26
ㄐㄧㄢˋ ㄎㄤ ㄕˊ ㄆㄧㄣˇ	健康食品	26
ㄅㄟˋ ㄓㄨˋ	備註	26
ㄔㄨㄢˊ ㄖㄣˊ	傳人	26
ㄔㄨㄢˊ ㄅㄛ ㄑㄩㄢˊ	傳播權	26
ㄔㄨㄢˊ ㄅㄛˋ ㄑㄩㄢˊ	傳播權	26
ㄔㄨㄢˊ ㄑㄧㄡˊ	傳球	26
ㄔㄨㄢˊ ㄊㄨㄥˇ ㄧˋ ㄕㄨˋ	傳統藝術	26
ㄔㄨㄥ ㄈㄣˋ ㄊㄧㄠˊ ㄐㄧㄢˋ	充分條件	26
ㄒㄧㄢ ㄕㄥ	先聲	26
ㄍㄨㄤ ㄌㄞˊ	光來	26
ㄍㄨㄤ ㄓㄠˋ	光照	26
ㄇㄧㄢˇ ㄑㄩˋ	免去	26
ㄦˊ ㄊㄨㄥˊ ㄈㄨˊ ㄌㄧˋ	兒童福利	26
ㄖㄨˋ ㄍㄤˇ	入港	26
ㄑㄩㄢˊ ㄇㄧㄢˋ ㄕˊ ㄕ	全面實施	26
ㄌㄧㄤˇ ㄙㄨㄟˋ	兩歲	26
ㄍㄨㄥ ㄙ ㄈㄚˇ	公司法	26
ㄍㄨㄥ ㄐㄧㄚ ㄐㄧ ㄍㄨㄢ	公家機關	26
ㄍㄨㄥ ㄊㄤˇ	公帑	26
ㄍㄨㄥ ㄢˋ	公案	26
ㄌㄧㄡˋ ㄑㄧˊ	六期	26
ㄌㄧㄡˋ ㄨㄢˋ ㄩㄢˊ	六萬元	26
ㄌㄧㄡˋ ㄍㄨㄟ	六龜	26
ㄍㄨㄥˋ ㄔㄨㄤˋ	共創	26
ㄅㄧㄥ ㄓˋ	兵制	26
ㄗㄞˋ ㄩˇ	再與	26
ㄋㄧㄥˊ ㄕㄣˊ	凝神	26
ㄈㄢˊ ㄈㄨ	凡夫	26
ㄔㄨ ㄑㄩˋ ㄨㄢˊ	出去玩	26
ㄔㄨ ㄊㄧㄥˊ	出庭	26
ㄔㄨ ㄒㄧㄥˊ	出行	26
ㄈㄣ ㄗˇ ㄕㄥ ㄨˋ	分子生物	26
ㄔㄨ ㄒㄧㄚˋ	初夏	26
ㄅㄧㄝˊ ㄏㄠˋ	別號	26
ㄘˋ ㄐㄧ ㄒㄧㄥˋ	刺激性	26
ㄑㄧㄢˊ ㄑㄧ	前妻	26
ㄑㄧㄢˊ ㄕㄥ	前生	26
ㄔㄨㄤˋ ㄗㄨㄛˋ ㄔㄨ	創作出	26
ㄐㄧㄚ ㄉㄜˊ ㄇㄢˇ ㄉㄨ	加德滿都	26
ㄐㄧㄚ ㄙㄨˋ ㄑㄧˋ	加速器	26
ㄉㄨㄥˋ ㄉㄨㄥˋ	動動	26
ㄉㄨㄥˋ ㄖㄨㄥˊ	動容	26
ㄕㄥˋ ㄙㄨㄢˋ	勝算	26
ㄕˋ ㄐㄧㄤ	勢將	26
ㄅㄠ ㄏㄢˊ	包涵	26
ㄏㄨㄚˋ ㄒㄩㄝˊ ㄆㄧㄣˇ	化學品	26
ㄅㄟˇ ㄉㄡˇ	北斗	26
ㄕˊ ㄅㄢ	十班	26
ㄕˊ ㄩˊ ㄨㄢˋ	十餘萬	26
ㄑㄧㄢ ㄈㄣ ㄓ ㄧ	千分之一	26
ㄅㄢˋ ㄎㄞ	半開	26
ㄋㄢˊ ㄘㄜˋ	南側	26
ㄅㄛˊ ㄕˋ ㄒㄩㄝˊ ㄨㄟˋ	博士學位	26
ㄓㄢˋ ㄧㄡˇ ㄌㄩˋ	占有率	26
ㄧㄣˋ ㄏㄨㄚ	印花	26
ㄕㄡˋ ㄌㄧˋ	受力	26
ㄓˇ ㄔㄚ	只差	26
ㄐㄧㄠˋ ㄌㄜ˙	叫了	26
ㄐㄧㄠˋ ㄒㄧㄥˇ	叫醒	26
ㄎㄜˇ ㄙㄨˋ	可塑	26
ㄎㄜˇ ㄐㄧㄢˋ ㄧ ㄅㄢ	可見一斑	26
ㄎㄜˇ ㄐㄧㄢˋ ㄧˋ ㄅㄢ	可見一斑	26
ㄔ ㄏㄜ ㄨㄢˊ ㄌㄜˋ	吃喝玩樂	26
ㄔ ㄐㄧㄣˋ	吃進	26
ㄍㄜˋ ㄕㄜˋ	各社	26
ㄧㄠ	吆	26
ㄊㄨㄥˊ ㄑㄧㄥˊ ㄒㄧㄣ	同情心	26
ㄊㄨㄥˊ ㄧㄣ ㄗˋ	同音字	26
ㄇㄧㄥˊ ㄊㄤˊ	名堂	26
ㄇㄧㄥˊ ㄕ	名師	26
ㄇㄧㄥˊ ㄅㄧㄠˇ	名表	26
ㄊㄨˇ ㄙ	吐司	26
ㄔㄥˊ ㄒㄧㄢˋ	呈獻	26
ㄓㄡ ㄋㄧㄢˊ ㄑㄧㄥˋ	周年慶	26
ㄨㄟˋ ㄐㄩㄝˊ	味覺	26
ㄏㄜˊ ㄊㄢˊ	和談	26
ㄆㄧㄣˇ ㄒㄧㄥˋ	品性	26
ㄍㄜ ㄙ ㄉㄚˋ ㄌㄧˊ ㄐㄧㄚ	哥斯大黎加	26
ㄓㄜˊ ㄒㄩㄝˊ ㄕˇ	哲學史	26
ㄉㄧㄝˊ ㄒㄧㄝˇ	喋血	26
ㄒㄩㄢ ㄏㄨㄚˊ	喧嘩	26
ㄒㄩㄢ ㄋㄠˋ	喧鬧	26
ㄙㄤˋ ㄇㄧㄥˋ	喪命	26
ㄉㄢ ㄖㄣˊ	單人	26
ㄆㄣ ㄊㄧˋ	噴嚏	26
ㄧㄣ ㄍㄨˋ	因故	26
ㄎㄨㄣˋ ㄗㄞˋ	困在	26
ㄧㄡˋ	囿	26
ㄍㄨㄛˊ ㄉㄧㄥˋ	國定	26
ㄍㄨㄛˊ ㄑㄧㄥˋ ㄖˋ	國慶日	26
ㄍㄨㄛˊ ㄐㄧˋ ㄕˋ ㄔㄤˇ	國際市場	26
ㄍㄨㄛˊ ㄊㄧˇ	國體	26
ㄗㄞˋ ㄨㄢˇ ㄕㄤˋ	在晚上	26
ㄊㄢ ㄈㄤ	坍方	26
ㄗㄨㄛˋ ㄑㄧˇ	坐起	26
ㄌㄜˋ ㄙㄜˋ ㄉㄞˋ	垃圾袋	26
ㄇㄞˊ ㄒㄧㄚˋ	埋下	26
ㄇㄞˊ ㄇㄛˋ	埋沒	26
ㄔㄥˊ ㄌㄧˇ	城裡	26
ㄅㄠˋ ㄓㄤ ㄗㄚˊ ㄓˋ	報章雜誌	26
ㄔㄣˊ ㄊㄨˇ	塵土	26
ㄧㄚ ㄓㄡˊ	壓軸	26
ㄕˋ ㄖㄣˊ	士人	26
ㄕㄡˋ ㄒㄧㄥ	壽星	26
ㄨㄞˋ ㄉㄧˋ ㄖㄣˊ	外地人	26
ㄨㄞˋ ㄊㄞˋ ㄎㄨㄥ	外太空	26
ㄉㄨㄛ ㄧㄤˋ ㄉㄜ˙	多樣的	26
ㄉㄨㄛ ㄔㄢˇ	多產	26
ㄉㄨㄛ ㄏㄨㄚˋ	多話	26
ㄉㄨㄛ ㄋㄢˋ	多難	26
ㄧㄝˋ ㄧㄝˋ	夜夜	26
ㄉㄚˋ ㄧㄚˇ	大亞	26
ㄉㄚˋ ㄎㄡˇ	大口	26
ㄉㄚˋ ㄙㄠˇ ㄔㄨˊ	大掃除	26
ㄉㄚˋ ㄏㄢˊ	大汗	26
ㄉㄚˋ ㄅㄢ	大班	26
ㄉㄚˋ ㄒㄧㄥ	大興	26
ㄉㄚˋ ㄌㄨˋ ㄓㄥˋ ㄘㄜˋ	大陸政策	26
ㄉㄚˋ ㄐㄧㄥ ㄒㄧㄠˇ ㄍㄨㄞˋ	大驚小怪	26
ㄉㄚˋ ㄩˊ	大魚	26
ㄊㄧㄢ ㄍㄨㄤ	天光	26
ㄊㄧㄢ ㄚ˙	天啊	26
ㄊㄧㄢ ㄌㄞˋ	天籟	26
ㄊㄧㄢ ㄒㄧㄝ ㄗㄨㄛˋ	天蠍座	26
ㄈㄨ ㄐㄧㄚ	夫家	26
ㄧㄠ ㄓㄜˊ	夭折	26
ㄧㄠˇ ㄓㄜˊ	夭折	26
ㄐㄧㄚˊ ㄗㄞˋ	夾在	26
ㄈㄥˋ ㄨㄟˊ	奉為	26
ㄊㄚ ㄒㄧㄤˇ	她想	26
ㄏㄠˇ ㄧ ㄍㄜ˙	好一個	26
ㄏㄠˇ ㄧˊ ㄍㄜ˙	好一個	26
ㄏㄠˇ ㄒㄧㄠˇ	好小	26
ㄖㄨˊ ㄓ ㄏㄜˊ	如之何	26
ㄖㄨˊ ㄌㄞˊ	如來	26
ㄖㄨˊ ㄊㄨˊ	如圖	26
ㄋㄧˇ ㄏㄨㄟˋ	妳會	26
ㄑㄧ ㄦˊ	妻兒	26
ㄨㄟˇ ㄋㄟˋ ㄖㄨㄟˋ ㄌㄚ	委內瑞拉	26
ㄨㄟ ㄒㄧㄣˋ	威信	26
ㄨㄟˇ ㄨㄟˇ	娓娓	26
ㄇㄧㄢˇ	娩	26
ㄨㄢˇ	娩	26
ㄍㄨ ㄉㄠˇ	孤島	26
ㄒㄩㄝˊ ㄉㄧˋ ㄇㄟˋ	學弟妹	26
ㄨㄢˊ ㄐㄧㄝˊ	完結	26
ㄎㄜˋ ㄓˋ ㄏㄨㄚˋ	客製化	26
ㄗㄞˇ ㄓˋ	宰制	26
ㄐㄧㄚ ㄓㄨˋ	家住	26
ㄙㄨˋ ㄓㄨˇ	宿主	26
ㄕˊ ㄕˋ	實事	26
ㄕˊ ㄗㄜˊ	實則	26
ㄕˊ ㄏㄨㄟˋ	實惠	26
ㄈㄥ ㄍㄨㄢ	封關	26
ㄕㄜˋ ㄕㄚ	射殺	26
ㄕㄜˋ ㄇㄣˊ	射門	26
ㄓㄨㄢ ㄌㄧˋ ㄈㄚˇ	專利法	26
ㄗㄨㄣ ㄕ	尊師	26
ㄒㄩㄣˊ ㄨㄟˋ	尋味	26
ㄉㄨㄟˋ ㄊㄡˊ	對頭	26
ㄉㄨㄟˋ ㄊㄡ˙	對頭	26
ㄒㄧㄠˇ ㄅㄠˇ ㄅㄠˇ	小寶寶	26
ㄒㄧㄠˇ ㄅㄠˇ ㄅㄠ˙	小寶寶	26
ㄒㄧㄠˇ ㄈㄟ ㄒㄧㄚˊ	小飛俠	26
ㄕㄢ ㄙㄨ	山蘇	26
ㄕㄢ ㄉㄠˋ	山道	26
ㄅㄥ ㄆㄢˊ	崩盤	26
ㄗㄨㄛˇ ㄒㄧㄚˋ	左下	26
ㄗㄨㄛˇ ㄢˋ	左岸	26
ㄑㄧㄠˇ ㄕㄡˇ	巧手	26
ㄔㄚ ㄅㄨˋ ㄉㄨㄛ ㄉㄜ˙	差不多的	26
ㄅㄨˋ ㄉㄧㄥ	布丁	26
ㄉㄞˋ ㄑㄧˇ	帶起	26
ㄔㄤˊ ㄐㄧㄤˇ	常講	26
ㄆㄧㄥˊ ㄓㄥˇ	平整	26
ㄐㄧˇ ㄑㄧㄢ ㄨㄢˋ	幾千萬	26
ㄉㄧˇ ㄒㄧㄢˋ	底限	26
ㄧㄣˇ ㄉㄠˋ	引到	26
ㄑㄧㄤˊ ㄉㄧˊ	強敵	26
ㄑㄧㄤˇ ㄑㄧㄡˊ	強求	26
ㄑㄧㄤˊ ㄑㄧㄡˊ	強求	26
ㄊㄢˊ ㄌㄧˋ	彈力	26
ㄉㄢˋ ㄓㄨ	彈珠	26
ㄊㄢˊ ㄏㄨㄤˊ	彈簧	26
ㄧㄥˇ ㄕㄜˋ	影射	26
ㄘㄨˊ	徂	26
ㄉㄞ ㄍㄨㄛˋ	待過	26
ㄏㄣˇ ㄉㄚˋ ㄉㄜ˙ ㄅㄤ ㄓㄨˋ	很大的幫助	26
ㄏㄣˇ ㄅㄠˋ ㄑㄧㄢˋ	很抱歉	26
ㄏㄣˇ ㄒㄧㄣ	很新	26
ㄒㄩˊ ㄒㄩˊ	徐徐	26
ㄒㄩˊ ㄕㄥ ㄇㄧㄥˊ	徐生明	26
ㄘㄨㄥˊ ㄎㄨㄢ	從寬	26
ㄌㄞˊ	徠	26
ㄉㄜˊ ㄩˇ	德語	26
ㄉㄜˊ ㄐㄩㄣ	德軍	26
ㄒㄧㄣ ㄐㄧ	心機	26
ㄒㄧㄣ ㄇㄢˇ ㄧˋ ㄗㄨˊ	心滿意足	26
ㄖㄣˇ ㄊㄨㄥˋ	忍痛	26
ㄓㄨㄥ ㄓㄣ	忠貞	26
ㄋㄨˋ ㄏㄡˇ	怒吼	26
ㄙ ㄌㄧㄤˊ	思量	26
ㄐㄧˊ ㄗㄠˋ	急躁	26
ㄩㄢˋ ㄕㄥ	怨聲	26
ㄏㄥˊ	恒	26
ㄜˋ ㄖㄣˊ	惡人	26
ㄍㄢˇ ㄧㄥˋ ㄑㄧˋ	感應器	26
ㄔㄨㄤˋ	愴	26
ㄘˊ ㄞˋ	慈愛	26
ㄑㄧㄥˋ ㄩㄢˊ	慶元	26
ㄈㄣˋ ㄎㄞˇ	憤慨	26
ㄈㄣˋ ㄎㄞˋ	憤慨	26
ㄧㄥˋ ㄌㄧˋ	應力	26
ㄧㄥˋ ㄓㄠ ㄓㄢˋ	應召站	26
ㄧㄥˋ ㄓㄠˋ ㄓㄢˋ	應召站	26
ㄧㄥˋ ㄐㄧˊ	應急	26
ㄧㄥˋ ㄕˊ	應時	26
ㄋㄨㄛˋ ㄖㄨㄛˋ	懦弱	26
ㄍㄜ ㄅㄧˋ	戈壁	26
ㄔㄥˊ ㄈㄛˊ	成佛	26
ㄔㄥˊ ㄇㄟˇ	成美	26
ㄒㄧˋ ㄐㄩˋ ㄒㄧˋ	戲劇系	26
ㄏㄨˋ ㄊㄡˊ	戶頭	26
ㄕㄡˇ ㄍㄢˇ	手感	26
ㄘㄞˊ ㄉㄨㄛ	才多	26
ㄉㄚˇ ㄎㄚˇ	打卡	26
ㄎㄤˊ ㄑㄧˇ	扛起	26
ㄊㄨㄛˋ ㄏㄨㄤ ㄓㄜˇ	拓荒者	26
ㄓㄠ ㄐㄧㄚˋ	招架	26
ㄆㄧㄣ ㄊㄨˊ	拼圖	26
ㄋㄚˊ ㄍㄜ˙	拿個	26
ㄔˊ ㄧㄡˇ ㄖㄣˊ	持有人	26
ㄓˇ ㄇㄧㄥˊ	指明	26
ㄨㄚ ㄎㄨㄥ	挖空	26
ㄐㄩㄢˇ ㄊㄨˇ ㄔㄨㄥˊ ㄌㄞˊ	捲土重來	26
ㄊㄢˋ ㄑㄧㄡˊ	探求	26
ㄐㄧㄝ ㄑㄩˋ	接去	26
ㄐㄧㄝ ㄐㄧ	接機	26
ㄐㄧㄝ ㄑㄧˇ	接起	26
ㄐㄧㄝ ㄓㄨㄥˇ	接踵	26
ㄊㄨㄟ ㄐㄧㄝˋ	推介	26
ㄐㄩˊ	掬	26
ㄊㄧˊ ㄅㄚˊ	提拔	26
ㄏㄨㄢˋ ㄕㄡˇ	換手	26
ㄏㄨㄟ ㄌㄜ˙	揮了	26
ㄅㄢ ㄏㄨㄟˊ	搬回	26
ㄉㄚ ㄗㄞˋ	搭載	26
ㄑㄧㄤˇ ㄉㄠˋ	搶到	26
ㄉㄤˇ ㄅㄨˊ ㄓㄨˋ	擋不住	26
ㄘㄚ ㄕㄣ	擦身	26
ㄅㄞˇ ㄇㄧㄥˊ	擺明	26
ㄕㄡ ㄏㄨㄥˊ	收紅	26
ㄍㄨㄥ ㄐㄧㄢ	攻堅	26
ㄈㄤˋ ㄓˋ ㄗㄞˋ	放置在	26
ㄓㄥˋ ㄓˋ ㄐㄧㄥ ㄐㄧˋ	政治經濟	26
ㄒㄩˋ ㄌㄧˋ ㄧㄚˇ	敘利亞	26
ㄐㄧㄠ ㄌㄜ˙	教了	26
ㄐㄧㄠˋ ㄕˋ ㄌㄧˇ	教室裡	26
ㄐㄧㄠˋ ㄎㄜ ㄨㄣˊ	教科文	26
ㄐㄧㄠˋ ㄩˋ ㄐㄧㄚ	教育家	26
ㄕㄨˇ ㄧ ㄕㄨˇ ㄦˋ	數一數二	26
ㄨㄣˊ ㄏㄠˊ	文豪	26
ㄅㄢ ㄅㄛˊ	斑駁	26
ㄓㄢˇ ㄏㄨㄛˋ	斬獲	26
ㄒㄧㄣ ㄧˊ ㄇㄧㄣˊ	新移民	26
ㄒㄧㄣ ㄍㄨㄟˋ	新貴	26
ㄈㄤ ㄓㄤˋ	方丈	26
ㄕ ㄈㄤˋ	施放	26
ㄕ ㄩㄥˋ	施用	26
ㄖˋ ㄅㄣˇ ㄌㄧㄠˋ ㄌㄧˇ	日本料理	26
ㄖˋ ㄔㄥˊ	日程	26
ㄗㄠˇ ㄔㄨ	早出	26
ㄇㄧㄥˊ ㄎㄨㄞˋ	明快	26
ㄇㄧㄥˊ ㄑㄧㄥ	明清	26
ㄇㄧㄥˊ ㄓ ㄉㄠˋ	明知道	26
ㄔㄨㄣ ㄐㄧㄝˊ ㄐㄧㄚˋ ㄑㄧˊ	春節假期	26
ㄔㄤˋ ㄎㄨㄞˋ	暢快	26
ㄅㄠˋ ㄌㄨㄢˋ	暴亂	26
ㄅㄠˋ ㄒㄧㄥˋ	暴行	26
ㄆㄨˋ ㄌㄨˋ ㄔㄨ	暴露出	26
ㄗㄨㄟˋ ㄔㄨ ㄉㄜ˙	最初的	26
ㄗㄨㄟˋ ㄌㄠˇ	最老	26
ㄗㄨㄟˋ ㄑㄧㄥ	最輕	26
ㄩㄝˋ ㄧㄚˊ	月牙	26
ㄧㄡˇ ㄙㄨˋ	有素	26
ㄧㄡˇ ㄕㄥ ㄧㄡˇ ㄙㄜˋ	有聲有色	26
ㄨㄟˋ ㄓ ㄕㄨˋ	未知數	26
ㄅㄣˇ ㄌㄞˊ ㄉㄜ˙	本來的	26
ㄅㄣˇ ㄉㄧˋ ㄖㄣˊ	本地人	26
ㄅㄣˇ ㄗ˙	本子	26
ㄅㄣˇ ㄧㄝˋ	本業	26
ㄓㄨ ㄗˇ	朱子	26
ㄉㄨㄥ ㄋㄢˊ ㄧㄚˇ ㄍㄨㄛˊ	東南亞國	26
ㄉㄨㄥ ㄋㄢˊ ㄧㄚˋ ㄍㄨㄛˊ	東南亞國	26
ㄉㄨㄥ ㄏㄜˊ	東河	26
ㄉㄨㄥ ㄐㄧㄣˋ	東進	26
ㄅㄢˇ ㄑㄧㄠˊ ㄕˋ	板橋市	26
ㄌㄧㄣˊ ㄒㄧㄤˋ	林相	26
ㄌㄧㄣˊ ㄅㄧㄢ	林邊	26
ㄎㄨ ㄙˇ	枯死	26
ㄍㄜˊ ㄍㄜˊ ㄅㄨˊ ㄖㄨˋ	格格不入	26
ㄍㄜˊ ㄍㄜˊ ㄅㄨˋ ㄖㄨˋ	格格不入	26
ㄊㄠˊ ㄗ˙	桃子	26
ㄑㄧˊ ㄆㄢˊ	棋盤	26
ㄓˊ ㄕㄨˋ	植樹	26
ㄐㄧˊ ㄌㄜˋ	極樂	26
ㄍㄞˋ ㄕㄨˋ	概述	26
ㄖㄨㄥˊ ㄏㄨㄚˊ	榮華	26
ㄑㄧㄤ ㄕㄡˇ	槍手	26
ㄩㄝˋ ㄕㄡˇ	樂手	26
ㄩㄝˋ ㄍㄜ	樂歌	26
ㄌㄜˋ ㄨˇ	樂舞	26
ㄩㄝˋ ㄨˇ	樂舞	26
ㄅㄧㄠ ㄓㄨㄣˇ ㄐㄩˊ	標準局	26
ㄕㄨˋ ㄧㄣˋ	樹蔭	26
ㄐㄧ ㄐㄩˋ	機具	26
ㄏㄥˊ ㄙㄠˇ	橫掃	26
ㄡ ㄅㄚ ㄙㄤ	歐巴桑	26
ㄓㄥˋ ㄎㄜˇ	正可	26
ㄓㄥˋ ㄈㄨˋ	正負	26
ㄨˇ ㄉㄨㄢˋ	武斷	26
ㄍㄨㄟ ㄐㄧㄝˊ	歸結	26
ㄕㄨ ㄅㄨˋ ㄓ	殊不知	26
ㄆㄧˊ	毗	26
ㄇㄧㄣˊ ㄐㄧㄣˋ ㄉㄤˇ ㄩㄢˊ	民進黨員	26
ㄇㄧㄣˊ ㄩㄣˋ ㄖㄣˊ ㄕˋ	民運人士	26
ㄑㄧˋ ㄘㄥˊ	氣層	26
ㄑㄧˋ ㄉㄜ˙	氣得	26
ㄢ	氨	26
ㄕㄨㄟˇ ㄕㄥ	水聲	26
ㄩㄥˇ ㄑㄧㄥ	永清	26
ㄩㄥˇ ㄕㄥ	永生	26
ㄑㄧㄡˊ ㄖㄣˊ	求人	26
ㄑㄧㄡˊ ㄏㄜˊ	求和	26
ㄑㄧㄡˊ ㄐㄧㄠˋ	求教	26
ㄅㄧㄢˋ	汴	26
ㄔㄣˊ ㄐㄧˊ	沈寂	26
ㄔㄣˊ ㄐㄧㄣˋ	沉浸	26
ㄧㄡˊ ㄇㄛˋ	油墨	26
ㄧㄡˊ ㄔㄤˇ	油廠	26
ㄓㄢ ㄕㄤˋ	沾上	26
ㄓㄨˋ ㄧㄣ ㄨㄣˊ	注音文	26
ㄒㄧˇ ㄕㄡˇ ㄐㄧㄢ	洗手間	26
ㄒㄧˇ ㄧ ㄈㄣˇ	洗衣粉	26
ㄌㄧㄡˊ ㄓㄜ˙	流著	26
ㄏㄞˇ ㄈㄤˊ	海防	26
ㄌㄟˋ ㄓㄨ	淚珠	26
ㄕㄣ ㄐㄧㄡˋ	深究	26
ㄕㄣ ㄅㄧㄠˇ	深表	26
ㄑㄧㄥ ㄇㄧㄥˊ ㄐㄧㄝˊ	清明節	26
ㄑㄧㄥ ㄔㄨㄣˊ	清純	26
ㄑㄧㄥ ㄉㄠˋ	清道	26
ㄐㄧㄢˇ ㄑㄩˋ	減去	26
ㄉㄨˋ ㄔㄨㄢˊ	渡船	26
ㄘㄡˋ ㄑㄧㄠˇ	湊巧	26
ㄊㄤ ㄓ	湯汁	26
ㄘㄤ ㄌㄤˊ	滄浪	26
ㄘㄤ ㄌㄤˋ	滄浪	26
ㄏㄢˋ ㄐㄧㄢ	漢奸	26
ㄐㄧㄢ ㄉㄧˋ	漸地	26
ㄕㄣˇ ㄧㄤˊ	瀋陽	26
ㄍㄨㄢˋ ㄇㄨˋ ㄘㄨㄥˊ	灌木叢	26
ㄏㄨㄛˇ ㄉㄨㄟ	火堆	26
ㄧㄢˊ ㄏㄨㄤˊ	炎黃	26
ㄎㄤˋ	炕	26
ㄨㄟˊ ㄨˇ	為伍	26
ㄨㄟˋ ㄐㄧㄚ ㄊㄧㄥˊ	為家庭	26
ㄨㄟˊ ㄏㄨㄢˋ	為患	26
ㄨㄟˊ ㄈㄨˋ	為父	26
ㄈㄣˊ ㄕㄠ	焚燒	26
ㄨˊ ㄉㄨㄥˋ ㄩˊ ㄓㄨㄥ	無動於衷	26
ㄨˊ ㄒㄧㄥˊ ㄓㄨㄥ	無形中	26
ㄈㄢˊ ㄗㄠˋ	煩躁	26
ㄕㄢ ㄑㄧㄥˊ	煽情	26
ㄒㄧˊ ㄇㄧㄝˋ	熄滅	26
ㄕㄨˊ ㄕㄨㄟˋ	熟睡	26
ㄕㄡˊ ㄖㄣˇ	熟稔	26
ㄖㄜˋ ㄕㄨㄟˇ ㄑㄧˋ	熱水器	26
ㄈㄨˋ ㄑㄧㄣ ㄐㄧㄝˊ	父親節	26
ㄈㄢˋ ㄗㄨㄟˋ ㄌㄩˋ	犯罪率	26
ㄍㄡˇ ㄖㄡˋ	狗肉	26
ㄇㄥˇ ㄕㄡˋ	猛獸	26
ㄐㄧㄤˇ ㄆㄞˊ	獎牌	26
ㄉㄨˊ ㄌㄧˋ	獨力	26
ㄏㄨㄛˋ ㄐㄧㄡˋ	獲救	26
ㄓㄣ ㄆㄧㄣˇ	珍品	26
ㄇㄚˇ ㄉㄢ ㄋㄚˋ	瑪丹娜	26
ㄅㄧˋ ㄩˋ	璧玉	26
ㄏㄨㄢˊ ㄐㄧㄥˋ ㄨㄟˋ ㄕㄥ	環境衛生	26
ㄆㄧㄥˊ ㄓㄨㄤ	瓶裝	26
ㄕㄥ ㄓˊ ㄔㄞˊ ㄧㄡˊ	生質柴油	26
ㄐㄧㄚˇ ㄅㄢ	甲班	26
ㄌㄩㄝˋ ㄧㄡˇ	略有	26
ㄏㄨㄚˋ ㄉㄠˋ	畫到	26
ㄕㄨ ㄙㄨㄥ	疏鬆	26
ㄧˊ ㄒㄧㄣ	疑心	26
ㄅㄧㄥˋ ㄕˇ	病史	26
ㄕㄡˋ ㄒㄧㄠˇ	瘦小	26
ㄅㄞˇ ㄈㄣ ㄓ ㄐㄧㄡˇ ㄕˊ ㄨˇ	百分之九十五	26
ㄆㄧˊ ㄐㄧㄚˊ	皮夾	26
ㄐㄧㄣˋ ㄕㄢˋ	盡善	26
ㄐㄧㄣˋ ㄍㄨㄢˇ	盡管	26
ㄌㄨˊ ㄅㄨˋ	盧布	26
ㄓˊ ㄒㄧㄚˋ	直下	26
ㄕㄥˇ ㄉㄠˋ	省道	26
ㄎㄢˋ ㄊㄨˊ	看圖	26
ㄎㄢ ㄕㄡˇ ㄙㄨㄛˇ	看守所	26
ㄓㄣ ㄕㄣˊ	真神	26
ㄧㄢˇ ㄐㄧㄠˇ	眼角	26
ㄕㄨㄣˋ ㄒㄧˊ ㄨㄢˋ ㄅㄧㄢˋ	瞬息萬變	26
ㄎㄢˇ ㄌㄜ˙	砍了	26
ㄆㄛˋ ㄉㄨㄥˋ	破洞	26
ㄆㄛˋ ㄧㄣ ㄗˋ	破音字	26
ㄌㄧㄣˊ ㄙㄨㄢ	磷酸	26
ㄎㄨㄤˋ ㄎㄥ	礦坑	26
ㄑㄧㄡ ㄩˇ	秋雨	26
ㄇㄧˋ ㄈㄤ	秘方	26
ㄇㄧˋ ㄕㄨ ㄕˋ	秘書室	26
ㄑㄧㄣˊ ㄏㄢˋ	秦漢	26
ㄔㄥˊ ㄕˋ ㄕㄜˋ ㄐㄧˋ ㄕ	程式設計師	26
ㄔㄥ ㄉㄠˋ	稱道	26
ㄐㄧ ㄉㄠˋ	積到	26
ㄐㄧ ㄊㄧˇ	積體	26
ㄐㄧ ㄊㄧˇ ㄉㄧㄢˋ ㄌㄨˋ	積體電路	26
ㄔㄨㄢ ㄧ	穿衣	26
ㄓˋ ㄞˋ	窒礙	26
ㄎㄜ ㄐㄧㄡˋ	窠臼	26
ㄑㄩㄥˊ ㄎㄨˇ	窮苦	26
ㄌㄧˋ ㄓㄥˋ	立正	26
ㄐㄧㄝˊ ㄐㄧㄣˋ	竭盡	26
ㄉㄥˇ ㄅㄨˋ ㄐㄧˊ	等不及	26
ㄙㄨㄢˋ ㄗㄨㄛˋ	算做	26
ㄍㄨㄢˇ ㄌㄧˇ ㄒㄩㄝˊ ㄩㄢˋ	管理學院	26
ㄐㄧㄝˊ ㄇㄨˋ ㄅㄨˋ	節目部	26
ㄌㄡˇ	簍	26
ㄌㄡ˙	簍	6.351308576902391
ㄘㄨ ㄌㄨˇ	粗魯	26
ㄐㄧˊ ㄕㄨˋ	級數	26
ㄕㄠˋ ㄒㄧㄥ	紹興	26
ㄒㄩㄢˋ ㄌㄧˋ	絢麗	26
ㄅㄤˇ ㄈㄟˇ	綁匪	26
ㄅㄤˇ ㄗㄞˋ	綁在	26
ㄐㄧㄥ ㄨㄟˇ	經緯	26
ㄌㄩˋ ㄙㄜˋ ㄏㄜˊ ㄆㄧㄥˊ	綠色和平	26
ㄨㄤˇ ㄑㄧㄡˊ ㄔㄤˇ	網球場	26
ㄅㄧㄢ ㄕㄣˇ	編審	26
ㄌㄧㄠˊ	繚	26
ㄖㄠˋ ㄉㄠˋ	繞道	26
ㄌㄟˊ	纍	26
ㄇㄟˇ ㄍㄨㄛˊ ㄐㄧˊ	美國籍	26
ㄎㄠˇ ㄒㄩㄢˇ ㄅㄨˋ	考選部	26
ㄦˊ ㄅㄚˇ	而把	26
ㄕㄥˋ ㄉㄢˋ ㄕㄨˋ	聖誕樹	26
ㄌㄧㄢˊ ㄌㄨㄛˋ ㄖㄣˊ	聯絡人	26
ㄖㄡˋ ㄊㄤ	肉湯	26
ㄈㄟˊ ㄖㄡˋ	肥肉	26
ㄩˋ ㄌㄜˋ ㄓㄨㄥ ㄒㄧㄣ	育樂中心	26
ㄏㄨˊ ㄊㄨㄥˊ	胡同	26
ㄍㄨㄤ	胱	26
ㄐㄧㄠˇ ㄊㄚˋ ㄕˊ ㄉㄧˋ	腳踏實地	26
ㄔㄤˊ ㄗ˙	腸子	26
ㄌㄧㄢˇ ㄆㄨˇ	臉譜	26
ㄗˋ ㄌㄧˋ	自利	26
ㄗˋ ㄕㄥ	自生	26
ㄗˋ ㄧㄡˊ ㄇㄠˋ ㄧˋ ㄑㄩ	自由貿易區	26
ㄗˋ ㄐㄧㄣ	自禁	26
ㄗˋ ㄕㄨˋ	自述	26
ㄓˋ ㄩˊ ㄕㄨㄛ	至於說	26
ㄞˋ ㄌㄨㄣˊ	艾倫	26
ㄒㄧㄣ	芯	26
ㄒㄧㄣˋ	芯	26
ㄏㄨㄚ ㄑㄧˊ ㄧㄣˊ ㄏㄤˊ	花旗銀行	26
ㄏㄨㄚ ㄎㄞ	花開	26
ㄎㄨˇ ㄓㄨㄥ	苦衷	26
ㄘㄠˇ ㄊㄨˊ	草圖	26
ㄏㄨㄤ ㄉㄧˋ	荒地	26
ㄏㄨㄚˊ ㄇㄟˇ	華美	26
ㄓㄠˊ ㄌㄨㄛˋ	著落	26
ㄓㄨㄛˊ ㄌㄨㄛˋ	著落	26
ㄆㄨˊ ㄊㄠˊ ㄧㄚˊ ㄖㄣˊ	葡萄牙人	26
ㄙㄨㄢˋ ㄊㄡˊ	蒜頭	26
ㄘㄤ ㄘㄤ	蒼蒼	26
ㄏㄨˇ ㄊㄡˊ	虎頭	26
ㄔㄨˋ ㄋㄩˇ ㄗㄨㄛˋ	處女座	26
ㄒㄩ ㄕˊ	虛實	26
ㄏㄠˋ ㄨㄟˊ	號為	26
ㄕ ㄇㄨˋ ㄩˊ	虱目魚	26
ㄕㄜˊ ㄆㄧˊ	蛇皮	26
ㄔㄨㄣˇ ㄔㄨㄣˇ ㄩˋ ㄉㄨㄥˋ	蠢蠢欲動	26
ㄨㄟˋ ㄅㄧㄥ	衛兵	26
ㄨㄟˋ ㄐㄧㄠˋ	衛教	26
ㄨㄟˋ ㄒㄧㄥ ㄉㄧㄢˋ ㄕˋ	衛星電視	26
ㄧㄠˋ ㄇㄧㄣˊ	要民	26
ㄧㄠˋ ㄉㄠˋ	要道	26
ㄧㄠˋ ㄒㄧㄤˋ	要項	26
ㄐㄧㄢˋ ㄉㄧˋ	見地	26
ㄑㄧㄣ ㄨㄤˊ	親王	26
ㄍㄨㄢ ㄕˋ ㄧㄣ	觀世音	26
ㄔㄨˋ ㄇㄨˋ	觸目	26
ㄧㄢˊ ㄏㄜˊ	言和	26
ㄒㄩㄣˋ ㄩˋ	訓育	26
ㄐㄧˋ ㄧㄢˊ	記言	26
ㄘˊ ㄐㄩˋ	詞句	26
ㄕˋ ㄙㄨㄢˋ	試算	26
ㄎㄨㄚ ㄐㄧㄤˇ	誇獎	26
ㄩˇ ㄓㄨㄥˋ ㄒㄧㄣ ㄔㄤˊ	語重心長	26
ㄨˋ ㄖㄣˋ ㄨㄟˊ	誤認為	26
ㄕㄨㄛ ㄘˊ	說辭	26
ㄊㄧㄠˊ ㄎㄢˇ	調侃	26
ㄌㄨㄣˋ ㄨㄣˊ ㄐㄧˊ	論文集	26
ㄐㄧㄤˇ ㄑㄧˇ ㄌㄞˊ	講起來	26
ㄇㄧㄡˋ ㄌㄨㄣˋ	謬論	26
ㄏㄨㄚˊ	譁	26
ㄅㄧㄢˋ ㄏㄨㄚˋ ㄉㄨㄛ ㄉㄨㄢ	變化多端	26
ㄅㄧㄢˋ ㄍㄨㄛˋ	變過	26
ㄗㄢˋ ㄒㄩˇ	讚許	26
ㄇㄠˋ ㄇㄟˇ	貌美	26
ㄈㄢˋ ㄇㄞˋ ㄐㄧ	販賣機	26
ㄊㄢ ㄊㄨˊ	貪圖	26
ㄊㄧㄝ ㄅㄨˇ	貼補	26
ㄕㄤˇ ㄒㄧㄣ ㄩㄝˋ ㄇㄨˋ	賞心悅目	26
ㄕㄤˇ ㄩㄝˋ	賞月	26
ㄒㄧㄢˊ ㄓㄜˊ	賢哲	26
ㄈㄨˋ ㄩˇ	賦與	26
ㄗㄡˇ ㄓㄜ˙	走著	26
ㄑㄧˇ ㄓㄨㄥˋ	起重	26
ㄩㄝˋ ㄉㄧ	越低	26
ㄗㄨˊ ㄙㄞˋ	足賽	26
ㄊㄞˊ ㄑㄩㄢˊ ㄉㄠˋ	跆拳道	26
ㄅㄛˇ	跛	26
ㄍㄣ ㄑㄩˋ	跟去	26
ㄌㄨˋ ㄗ˙	路子	26
ㄌㄧㄤˊ	踉	26
ㄌㄧㄤˋ	踉	26
ㄊㄚˋ ㄅㄢˇ	踏板	26
ㄩˊ	踰	26
ㄔㄜ ㄌㄧˇ	車裡	26
ㄐㄩㄣ ㄈㄚˊ	軍閥	26
ㄑㄧㄥ ㄧㄡˊ	輕油	26
ㄑㄧㄥ ㄑㄧㄥ ㄉㄜ˙	輕輕的	26
ㄓㄨㄢˇ ㄐㄧㄚˋ	轉嫁	26
ㄓㄨㄢˇ ㄉㄚˊ	轉達	26
ㄧㄥˊ ㄈㄥ	迎風	26
ㄐㄧㄣˋ ㄎㄨㄤˋ	近況	26
ㄙㄨㄥˋ ㄔㄨ ㄑㄩˋ	送出去	26
ㄓㄜˋ ㄒㄧㄝ ㄉㄜ˙	這些的	26
ㄊㄨㄥ ㄓˋ	通志	26
ㄊㄨㄥ ㄒㄧㄥˊ ㄓㄥˋ	通行證	26
ㄌㄧㄢˊ ㄖˋ ㄌㄞˊ	連日來	26
ㄧㄡˊ ㄩㄢˊ	遊園	26
ㄧㄡˊ ㄑㄧˋ ㄑㄩ	遊憩區	26
ㄧㄡˊ ㄌㄜˋ ㄩㄢˊ	遊樂園	26
ㄧㄡˊ ㄉㄤˋ	遊蕩	26
ㄉㄚˊ ㄨㄣˊ ㄒㄧ	達文西	26
ㄩㄢˇ ㄍㄨˇ	遠古	26
ㄔˊ ㄉㄨㄣˋ	遲鈍	26
ㄧˊ ㄌㄧㄡˊ ㄒㄧㄚˋ ㄌㄞˊ	遺留下來	26
ㄅㄧˋ ㄩㄣˋ ㄧㄠˋ	避孕藥	26
ㄏㄨㄢˊ ㄎㄨㄢˇ	還款	26
ㄋㄚˇ ㄑㄩㄣˊ	那群	26
ㄋㄚˋ ㄑㄩㄣˊ	那群	26
ㄍㄨㄛ ㄧㄠˊ ㄑㄧˊ	郭瑤琪	26
ㄙㄨㄢ ㄘㄞˋ	酸菜	26
ㄔㄨㄥˊ ㄓㄣˋ	重振	26
ㄓㄨㄥˋ ㄧㄠˋ ㄍㄨㄢ ㄐㄧㄢˋ	重要關鍵	26
ㄧㄝˇ ㄊㄨˋ	野兔	26
ㄌㄧㄤˋ ㄈㄢˋ ㄉㄧㄢˋ	量販店	26
ㄐㄧㄣ ㄕㄚ	金沙	26
ㄐㄧㄣ ㄙㄨㄟˋ ㄐㄧㄤˇ	金穗獎	26
ㄧㄣˊ ㄌㄡˊ	銀樓	26
ㄓㄨㄥ ㄅㄞˇ	鐘擺	26
ㄐㄧㄢˋ ㄕㄤˇ	鑑賞	26
ㄒㄧㄤ ㄑㄧㄢ	鑲嵌	26
ㄔㄤˊ ㄧˇ	長尾	26
ㄔㄤˊ ㄨㄟˇ	長尾	26
ㄔㄤˊ ㄊㄧㄠˊ	長條	26
ㄔㄤˊ ㄆㄠˊ	長袍	26
ㄓㄤˇ ㄐㄧㄣˋ	長進	26
ㄎㄞ ㄅㄢ	開班	26
ㄎㄞ ㄌㄨㄛˊ	開羅	26
ㄎㄞ ㄗㄠˊ	開鑿	26
ㄐㄧㄢˋ ㄒㄧㄝ	間歇	26
ㄚ ㄌㄚ ㄅㄛˊ ㄖㄣˊ	阿拉伯人	26
ㄚ ㄌㄚ ㄈㄚˇ ㄊㄜˋ	阿拉法特	26
ㄓㄣˋ ㄊㄨㄥˋ	陣痛	26
ㄔㄨˊ ㄘㄠˇ	除草	26
ㄧㄣ ㄐㄧㄥ	陰莖	26
ㄧㄣ ㄇㄡˊ ㄌㄨㄣˋ	陰謀論	26
ㄧㄣ ㄩˇ	陰雨	26
ㄔㄣˊ ㄨㄟˊ ㄊㄧㄥˊ	陳為廷	26
ㄒㄧˊ	隰	26
ㄧㄣˇ ㄩㄝ ㄩㄝ	隱約約	26
ㄧㄣˇ ㄧㄣˇ ㄩㄝ ㄩㄝ	隱隱約約	26
ㄓ ㄗˋ	隻字	26
ㄑㄩㄝˋ ㄩㄝˋ	雀躍	26
ㄕㄨㄤ ㄩˊ	雙魚	26
ㄋㄢˊ ㄈㄣ	難分	26
ㄉㄧㄢˋ ㄗˇ ㄒㄧㄣˋ ㄒㄧㄤ	電子信箱	26
ㄉㄧㄢˋ ㄏㄨㄚˋ ㄐㄧ	電話機	26
ㄋㄧˊ ㄏㄨㄥˊ	霓虹	26
ㄌㄧㄥˊ ㄑㄧㄠˇ	靈巧	26
ㄌㄧㄥˊ ㄐㄧ	靈機	26
ㄑㄧㄥ ㄌㄩˋ	青綠	26
ㄑㄧㄥ ㄙㄜˋ	青色	26
ㄇㄧㄢˋ ㄅㄨˋ	面部	26
ㄨㄟˊ ㄅㄛˊ	韋伯	26
ㄏㄢˊ ㄈㄟ	韓非	26
ㄧㄣ ㄙㄨˋ	音速	26
ㄨㄢˊ ㄑㄧㄤˊ	頑強	26
ㄅㄢ ㄗㄥˋ	頒贈	26
ㄊㄧˊ ㄨㄞˋ	題外	26
ㄍㄨˋ ㄅㄨˋ ㄉㄜˊ	顧不得	26
ㄍㄨˋ ㄅㄨˋ ㄉㄜ˙	顧不得	26
ㄒㄧㄢˇ ㄧㄥˇ	顯影	26
ㄕˊ ㄆㄧㄣˇ ㄧㄝˋ	食品業	26
ㄇㄚˇ ㄦ	馬兒	26
ㄇㄚˇ ㄦˊ	馬兒	26
ㄇㄚˇ ㄎㄜˇ ㄅㄛ ㄌㄨㄛˊ	馬可波羅	26
ㄇㄚˇ ㄎㄜˇ ㄆㄛ ㄌㄨㄛˊ	馬可波羅	26
ㄐㄧㄚˋ ㄩˋ	駕馭	26
ㄐㄧㄥ ㄐㄧㄠˋ	驚叫	26
ㄌㄧˊ	驪	26
ㄊㄧˇ ㄔㄚˊ	體察	26
ㄊㄧˇ ㄈㄚˇ	體法	26
ㄍㄠ ㄊㄚˇ	高塔	26
ㄍㄠ ㄆㄧㄥˊ ㄉㄧˋ ㄑㄩ	高屏地區	26
ㄍㄠ ㄌㄡˊ ㄉㄚˋ ㄒㄧㄚˋ	高樓大廈	26
ㄍㄠ ㄌㄡˊ ㄉㄚˋ ㄕㄚˋ	高樓大廈	26
ㄍㄠ ㄓㄠˋ	高照	26
ㄩˋ ㄇㄣˋ	鬱悶	26
ㄇㄛˊ ㄨㄤˊ	魔王	26
ㄩˊ ㄐㄧㄠ	魚礁	26
ㄉㄧㄢˇ ㄒㄧㄚˋ	點下	26
ㄉㄧㄥˇ ㄌㄧˋ	鼎力	26
ㄍㄨˇ ㄉㄨㄥˋ	鼓動	26
ㄍㄨˇ ㄩㄝˋ	鼓樂	26
ㄧ ㄘㄜˋ	一側	25
ㄧˊ ㄘㄜˋ	一側	25
ㄧ ㄑㄩˋ	一去	25
ㄧˊ ㄑㄩˋ	一去	25
ㄧ ㄉㄚˋ ㄆㄧㄢˋ	一大片	25
ㄧˊ ㄉㄚˋ ㄆㄧㄢˋ	一大片	25
ㄧ ㄒㄧㄤ ㄑㄧㄥˊ ㄩㄢˋ	一廂情願	25
ㄧˋ ㄒㄧㄤ ㄑㄧㄥˊ ㄩㄢˋ	一廂情願	25
ㄧ ㄈㄤˋ	一放	25
ㄧˊ ㄈㄤˋ	一放	25
ㄧ ㄓㄨ	一株	25
ㄧˋ ㄓㄨ	一株	25
ㄧ ㄧㄤˋ ㄏㄨㄟˋ	一樣會	25
ㄧˊ ㄧㄤˋ ㄏㄨㄟˋ	一樣會	25
ㄧ ㄐㄧˊ ㄓㄨˇ ㄍㄨㄢˇ	一級主管	25
ㄧ ㄊㄨㄥˇ	一統	25
ㄧˋ ㄊㄨㄥˇ	一統	25
ㄑㄧ ㄘˋ	七次	25
ㄙㄢ ㄅㄨˋ ㄨˇ ㄕˊ	三不五時	25
ㄙㄢ ㄕㄤ ㄏㄨˇ	三商虎	25
ㄙㄢ ㄨㄢˋ ㄨˇ	三萬五	25
ㄕㄤˋ ㄔㄥˊ	上乘	25
ㄕㄤˋ ㄕㄥˋ	上乘	25
ㄕㄤˋ ㄐㄧㄠ	上交	25
ㄕㄤˋ ㄉㄧㄠˋ	上吊	25
ㄕㄤˋ ㄓㄨㄤ	上裝	25
ㄒㄧㄚˋ ㄨㄢˊ	下完	25
ㄒㄧㄚˋ ㄉㄤˇ	下檔	25
ㄅㄨˊ ㄔˋ	不啻	25
ㄅㄨˊ ㄩㄝˋ	不悅	25
ㄅㄨˋ ㄔㄥˊ ㄍㄨㄥ	不成功	25
ㄅㄨˊ ㄐㄧˋ	不濟	25
ㄅㄨˋ ㄌㄧㄠˇ ㄐㄧㄝˇ	不瞭解	25
ㄅㄨˊ ㄒㄧㄢˋ ㄩˊ	不限於	25
ㄕˋ ㄗㄨˊ ㄙㄞˋ	世足賽	25
ㄕˋ ㄩㄣˋ ㄏㄨㄟˋ	世運會	25
ㄅㄧㄥˋ ㄋㄥˊ	並能	25
ㄧㄚ ㄊㄡˊ	丫頭	25
ㄧㄚ ㄊㄡ˙	丫頭	25
ㄓㄨㄥ ㄋㄢˊ ㄇㄟˇ ㄓㄡ	中南美洲	25
ㄓㄨㄥ ㄌㄧˋ ㄕˋ	中壢市	25
ㄓㄨㄥ ㄒㄧㄠˇ ㄒㄩㄝˊ ㄒㄧㄠˋ	中小學校	25
ㄓㄨㄥ ㄕㄢ ㄑㄩ	中山區	25
ㄉㄢ ㄋㄧˊ ㄦˇ	丹尼爾	25
ㄓㄨˇ ㄅㄢˋ ㄑㄩㄢˊ	主辦權	25
ㄓ ㄓㄢˋ	之戰	25
ㄧㄝˇ ㄅㄨˊ ㄗㄞˋ	也不在	25
ㄧㄝˇ ㄅㄨˋ ㄗㄞˋ	也不在	25
ㄌㄨㄢˋ ㄍㄠˇ	亂搞	25
ㄌㄨㄢˋ ㄆㄠˇ	亂跑	25
ㄕˋ ㄌㄧˋ	事例	25
ㄕˋ ㄅㄢˋ ㄍㄨㄥ ㄅㄟˋ	事半功倍	25
ㄨˇ ㄈㄥ ㄒㄧㄤ	五峰鄉	25
ㄨˇ ㄅㄞˇ ㄙㄢ	五百三	25
ㄐㄧㄥˇ ㄖㄢˊ	井然	25
ㄧㄚˇ ㄌㄧˋ ㄕㄢ ㄉㄚˋ	亞歷山大	25
ㄧㄚˇ ㄩㄣˋ ㄏㄨㄟˋ	亞運會	25
ㄐㄧㄠ ㄊㄨㄥ ㄉㄚˋ ㄒㄩㄝˊ	交通大學	25
ㄖㄣˊ ㄉㄧㄥˋ	人定	25
ㄖㄣˊ ㄉㄜˊ	仁德	25
ㄐㄧㄣ ㄓㄠ	今朝	25
ㄖㄥˊ ㄖㄢˊ ㄗㄞˋ	仍然在	25
ㄊㄚ ㄒㄧㄚˋ	他下	25
ㄈㄨˊ ㄊㄜˋ	伏特	25
ㄅㄛˊ ㄍㄨㄥ	伯公	25
ㄍㄨ ㄌㄧㄤˊ	估量	25
ㄍㄨ ㄌㄧㄤˋ	估量	25
ㄗㄨㄛˋ ㄆㄧㄣˇ ㄐㄧˊ	作品集	25
ㄐㄧㄚ ㄏㄨㄚˋ	佳話	25
ㄌㄞˊ ㄌㄨˋ	來路	25
ㄧ ㄘˋ	依次	25
ㄅㄧㄢˋ ㄋㄥˊ	便能	25
ㄜˊ ㄌㄨㄛˊ ㄙ ㄖㄣˊ	俄羅斯人	25
ㄜˋ ㄌㄨㄛˊ ㄙ ㄖㄣˊ	俄羅斯人	25
ㄅㄠˇ ㄨㄣ	保溫	25
ㄐㄩㄝˊ	倔	25
ㄐㄩㄝˋ	倔	25
ㄊㄧㄥˊ ㄐㄧ	停機	25
ㄔㄨㄢˊ ㄕˋ	傳世	25
ㄔㄨㄢˊ ㄖㄢˇ ㄍㄟˇ	傳染給	25
ㄔㄨㄢˊ ㄉㄚˊ ㄔㄨ	傳達出	25
ㄕㄚˇ ㄧㄢˇ	傻眼	25
ㄍㄨㄤ ㄊㄨ ㄊㄨ	光禿禿	25
ㄋㄟˋ ㄏㄨˊ ㄑㄩ	內湖區	25
ㄋㄟˋ ㄕˋ ㄐㄧㄥˋ	內視鏡	25
ㄑㄩㄢˊ ㄕㄥˋ	全盛	25
ㄑㄩㄢˊ ㄒㄧㄢˋ	全縣	25
ㄑㄩㄢˊ ㄉㄨㄟˋ	全隊	25
ㄌㄧㄤˇ ㄉㄠˋ	兩道	25
ㄅㄚ ㄊㄨㄥ ㄍㄨㄢ	八通關	25
ㄍㄨㄥ ㄍㄨㄥˋ ㄑㄧˋ ㄔㄜ	公共汽車	25
ㄍㄨㄥ ㄎㄞ ㄒㄧㄣˋ	公開信	25
ㄅㄧㄥ ㄍㄨㄥ	兵工	25
ㄘㄜˋ ㄗ˙	冊子	25
ㄅㄧㄥ ㄉㄨㄥˋ	冰凍	25
ㄒㄩㄥ ㄕㄡˇ	凶手	25
ㄔㄨ ㄖㄣˊ ㄊㄡˊ ㄉㄧˋ	出人頭地	25
ㄔㄨ ㄓㄨㄥˋ	出眾	25
ㄔㄨ ㄕㄜˋ ㄏㄨㄟˋ	出社會	25
ㄈㄣ ㄇㄧㄢˇ	分娩	25
ㄈㄣ ㄇㄧˋ ㄨˋ	分泌物	25
ㄔㄨ ㄦˋ	初二	25
ㄔㄨ ㄌㄧㄢˋ	初戀	25
ㄔㄨ ㄎㄞ	初開	25
ㄅㄧㄝˊ ㄔㄨ ㄒㄧㄣ ㄘㄞˊ	別出心裁	25
ㄅㄧㄝˊ ㄓˋ	別致	25
ㄓˋ ㄓㄨˋ	制住	25
ㄘˋ ㄧㄢˇ	刺眼	25
ㄐㄧㄢˇ ㄘㄞˊ	剪裁	25
ㄐㄧㄢˇ ㄊㄧㄝ	剪貼	25
ㄔㄨㄤˋ ㄒㄧㄠˋ	創校	25
ㄆㄧㄠˋ	剽	25
ㄌㄧˋ ㄅㄠˇ	力保	25
ㄐㄧㄚ ㄈㄚ	加發	25
ㄐㄧㄚ ㄙㄨˋ ㄉㄨˋ	加速度	25
ㄨˋ ㄋㄨㄥˊ	務農	25
ㄌㄠˊ ㄅㄠˇ ㄐㄩˊ	勞保局	25
ㄕˋ ㄌㄧˋ	勢利	25
ㄆㄨˊ	匍	25
ㄕˊ ㄑㄩㄢˊ	十全	25
ㄑㄧㄢ ㄅㄧㄢˋ ㄨㄢˋ ㄏㄨㄚˋ	千變萬化	25
ㄨˇ ㄘㄢ ㄈㄟˋ	午餐費	25
ㄋㄢˊ ㄊㄞˋ ㄆㄧㄥˊ ㄧㄤˊ	南太平洋	25
ㄋㄢˊ ㄐㄧㄣˋ	南進	25
ㄓㄢˋ ㄌㄧㄥˇ	占領	25
ㄧㄣˋ ㄧㄡˇ	印有	25
ㄒㄧㄝˋ ㄗㄜˊ	卸責	25
ㄩㄢˊ ㄨㄟˊ	原為	25
ㄩㄢˊ ㄓㄨㄤˋ	原狀	25
ㄧㄡˋ ㄑㄩˋ	又去	25
ㄈㄢˇ ㄈㄢˇ	反反	25
ㄕㄡˋ ㄐㄧㄠˋ ㄩˋ	受教育	25
ㄎㄡˇ ㄔㄨ	口出	25
ㄓˇ ㄋㄥˊ ㄎㄢˋ	只能看	25
ㄓㄠˋ ㄐㄧㄢˋ	召見	25
ㄎㄜˇ ㄧㄝˇ	可也	25
ㄎㄜˇ ㄒㄧˊ ㄉㄜ˙ ㄕˋ	可惜的是	25
ㄎㄜˇ ㄐㄧㄥˋ	可敬	25
ㄊㄞˊ ㄨㄢ ㄒㄧㄣ ㄕㄥ ㄅㄠˋ	台灣新生報	25
ㄊㄞˊ ㄨㄢ ㄕㄥˇ ㄓㄥˋ ㄈㄨˇ	台灣省政府	25
ㄊㄞˊ ㄉㄧㄢˋ ㄍㄨㄥ ㄙ	台電公司	25
ㄕˇ ㄍㄨㄢˇ	史館	25
ㄍㄜˋ ㄙㄜˋ	各色	25
ㄍㄜˋ ㄔㄨˋ	各處	25
ㄍㄜˋ ㄕㄨㄛ	各說	25
ㄍㄜˋ ㄅㄨˋ ㄇㄣˊ	各部門	25
ㄧㄠ ㄏㄜˋ	吆喝	25
ㄏㄜˊ ㄕˊ	合十	25
ㄏㄜˊ ㄧㄢˇ	合演	25
ㄏㄜˊ ㄗㄨㄥ	合縱	25
ㄏㄜˊ ㄗㄨㄥˋ	合縱	25
ㄏㄜˊ ㄍㄡˋ	合購	25
ㄐㄧˊ ㄒㄩㄥ	吉凶	25
ㄊㄨㄥˊ ㄌㄧˇ ㄒㄧㄣ	同理心	25
ㄊㄨㄥˊ ㄕㄥ	同生	25
ㄒㄧ ㄉㄜ˙	吸的	25
ㄉㄞ ㄌㄜ˙	呆了	25
ㄍㄠˋ ㄔㄥˊ	告成	25
ㄓㄡ ㄓㄨㄢˇ	周轉	25
ㄇㄧ ㄇㄧ	咪咪	25
ㄓˇ ㄔˇ	咫尺	25
ㄧㄠˇ ㄖㄣˊ	咬人	25
ㄔㄨㄣˊ ㄍㄠ	唇膏	25
ㄒㄧ	唏	25
ㄊㄨㄛˋ ㄑㄧˋ	唾棄	25
ㄔˋ	啻	25
ㄒㄧˇ ㄅㄨˋ ㄒㄧˇ ㄏㄨㄢ	喜不喜歡	25
ㄉㄢ ㄉㄚˇ ㄉㄨˊ ㄉㄡˋ	單打獨鬥	25
ㄔㄤˊ ㄉㄠˋ	嘗到	25
ㄧㄢˊ ㄔㄥˊ	嚴懲	25
ㄌㄨㄛ ㄙㄨㄛ˙	囉嗦	25
ㄙˋ ㄔㄤˇ	四場	25
ㄙˋ ㄨㄢˋ ㄉㄨㄛ	四萬多	25
ㄙˋ ㄔㄨㄥˊ	四重	25
ㄑㄩㄢ ㄊㄠˋ	圈套	25
ㄍㄨㄛˊ ㄍㄨㄤ ㄕˊ ㄏㄨㄚˋ	國光石化	25
ㄍㄨㄛˊ ㄐㄧㄚ ㄊㄨˊ ㄕㄨ ㄍㄨㄢˇ	國家圖書館	25
ㄍㄨㄛˊ ㄇㄣˊ	國門	25
ㄨㄟˊ ㄓㄨˋ	圍住	25
ㄨㄟˊ ㄑㄧˇ	圍起	25
ㄊㄨˊ ㄓˇ	圖紙	25
ㄊㄨˊ ㄗ	圖資	25
ㄐㄩㄣ ㄈㄣ	均分	25
ㄊㄢˇ ㄧㄢˊ	坦言	25
ㄌㄜˋ ㄙㄜˋ ㄉㄨㄟ	垃圾堆	25
ㄌㄜˋ ㄙㄜˋ ㄔㄜ	垃圾車	25
ㄔㄥˊ ㄏㄨㄤˊ ㄧㄝˊ	城隍爺	25
ㄆㄟˊ ㄓˊ	培植	25
ㄐㄧ ㄅㄣˇ ㄍㄨㄥ	基本功	25
ㄐㄧㄢ ㄖㄣˇ	堅忍	25
ㄅㄠˋ ㄧˇ	報以	25
ㄗㄥ ㄓˊ ㄕㄨㄟˋ	增值稅	25
ㄧㄚ ㄙㄨㄟˋ	壓歲	25
ㄧㄚ ㄙㄨㄟˋ ㄑㄧㄢˊ	壓歲錢	25
ㄧㄚ ㄉㄧㄢˋ	壓電	25
ㄨㄞˋ ㄧㄝˇ ㄕㄡˇ	外野手	25
ㄉㄨㄛ ㄉㄜˊ	多德	25
ㄉㄨㄛ ㄨˊ	多無	25
ㄉㄨㄛ ㄩˇ	多與	25
ㄉㄨㄛ ㄎㄨㄟ	多虧	25
ㄉㄨㄛ ㄎㄞ	多開	25
ㄉㄨㄛˊ ㄎㄞ	多開	25
ㄉㄚˋ ㄎㄚˇ ㄔㄜ	大卡車	25
ㄉㄚˋ ㄊㄨㄢˊ	大團	25
ㄉㄚˋ ㄐㄧㄝˇ	大姐	25
ㄉㄚˋ ㄙㄠˇ	大嫂	25
ㄉㄚˋ ㄊㄨㄣˊ ㄕㄢ	大屯山	25
ㄉㄚˋ ㄋㄧㄢˊ ㄔㄨ ㄧ	大年初一	25
ㄉㄚˋ ㄈㄥ	大豐	25
ㄉㄚˋ ㄅㄢˋ	大辦	25
ㄉㄚˋ ㄌㄨㄥˊ	大龍	25
ㄊㄧㄢ ㄧˋ	天意	25
ㄊㄧㄢ ㄈㄤˋ	天放	25
ㄊㄧㄢ ㄔㄠˊ	天朝	25
ㄊㄧㄢ ㄉㄠˋ	天道	25
ㄕ ㄌㄧㄢˋ	失戀	25
ㄕ ㄕㄡˇ	失手	25
ㄕ ㄐㄧㄣˋ	失禁	25
ㄗㄡˋ ㄩㄝˋ	奏樂	25
ㄊㄠˋ ㄓㄨㄤ ㄖㄨㄢˇ ㄊㄧˇ	套裝軟體	25
ㄇㄟˋ ㄈㄨ	妹夫	25
ㄑㄧ ㄒㄧㄠˇ	妻小	25
ㄌㄡˊ	婁	25
ㄌㄩˇ	婁	25
ㄨㄢˇ ㄓㄨㄢˇ	婉轉	25
ㄈㄨˋ ㄋㄩˇ ㄐㄧㄝˊ	婦女節	25
ㄇㄟˊ ㄊㄧˇ ㄙㄨˋ ㄧㄤˇ	媒體素養	25
ㄐㄧㄚˋ ㄓㄨㄤ	嫁妝	25
ㄎㄨㄥˇ ㄇㄧㄥˊ	孔明	25
ㄗˋ ㄏㄨㄟˋ	字彙	25
ㄗˋ ㄌㄧˇ ㄏㄤˊ ㄐㄧㄢ	字裡行間	25
ㄗˋ ㄐㄧ	字跡	25
ㄕㄡˇ ㄗㄜˊ	守則	25
ㄢ ㄑㄩㄢˊ ㄉㄞˋ	安全帶	25
ㄢ ㄆㄞˊ ㄏㄠˇ	安排好	25
ㄐㄧㄚ ㄓㄨㄢ	家專	25
ㄈㄨˋ ㄑㄧㄤˊ	富強	25
ㄒㄧㄝˇ ㄒㄧㄚˋ ㄌㄞˊ	寫下來	25
ㄎㄨㄢ ㄩˋ	寬裕	25
ㄐㄧㄤ ㄓˋ	將至	25
ㄓㄨㄢ ㄉㄧㄢˋ	專電	25
ㄉㄨㄟˋ ㄅㄠˇ	對保	25
ㄉㄠˇ ㄧㄢˊ	導言	25
ㄒㄧㄠˇ ㄇㄠ	小貓	25
ㄕㄤˋ ㄑㄧㄝˇ	尚且	25
ㄕ	尸	25
ㄋㄧㄠˋ ㄉㄠˋ	尿道	25
ㄌㄩˇ ㄌㄩˇ	屢屢	25
ㄕㄢ ㄇㄨˇ	山姆	25
ㄓㄢˇ ㄌㄡˋ ㄊㄡˊ ㄐㄧㄠˇ	嶄露頭角	25
ㄓㄢˇ ㄌㄨˋ ㄊㄡˊ ㄐㄧㄠˇ	嶄露頭角	25
ㄍㄨㄥ ㄓㄥˇ	工整	25
ㄍㄨㄥ ㄧㄝˋ ㄐㄧˋ ㄕㄨˋ	工業技術	25
ㄗㄨㄛˇ ㄅㄧㄢ ㄉㄜ˙	左邊的	25
ㄑㄧㄠˇ ㄩˋ	巧遇	25
ㄔㄤˊ ㄧㄣ	常因	25
ㄈㄨˊ ㄩㄢˊ	幅員	25
ㄇㄨˋ ㄑㄧㄢˊ	幕前	25
ㄆㄧㄥˊ ㄗㄜˋ	平仄	25
ㄍㄢˋ ㄐㄧㄣˋ	幹勁	25
ㄍㄢˋ ㄐㄧㄥˋ	幹勁	25
ㄏㄨㄢˋ ㄐㄧㄥˋ	幻境	25
ㄗㄨㄛˋ ㄘㄤ	座艙	25
ㄇㄧㄠˋ ㄔㄥˊ	廟埕	25
ㄍㄨㄤˇ ㄧˋ ㄉㄜ˙	廣義的	25
ㄅㄧㄢˋ	弁	25
ㄑㄧㄤˊ ㄦˊ ㄧㄡˇ ㄌㄧˋ	強而有力	25
ㄑㄧㄤˊ ㄒㄧㄤˋ	強項	25
ㄒㄧㄥˊ ㄇㄠˋ	形貌	25
ㄉㄞˋ ㄖㄣˊ	待人	25
ㄏㄡˋ ㄑㄧˇ	後起	25
ㄉㄜˊ ㄕㄡˇ	得手	25
ㄉㄜˊ ㄈㄚˇ	得法	25
ㄒㄩㄣˊ ㄒㄩˋ ㄐㄧㄢˋ ㄐㄧㄣˋ	循序漸進	25
ㄒㄧㄣ ㄒㄧㄢˊ	心弦	25
ㄌㄥˋ ㄌㄥˋ	怔怔	25
ㄓㄥ ㄓㄥ	怔怔	25
ㄙ ㄌㄩˋ	思慮	25
ㄐㄧˊ ㄩㄥˋ	急用	25
ㄒㄧㄥˋ ㄓ ㄓˋ	性知識	25
ㄔˇ ㄖㄨˇ	恥辱	25
ㄔˇ ㄖㄨˋ	恥辱	25
ㄑㄧㄚˋ ㄖㄨˊ	恰如	25
ㄅㄟ ㄓㄨㄤˋ	悲壯	25
ㄍㄢˇ ㄊㄢˋ	感歎	25
ㄑㄧㄥˋ ㄏㄜˋ	慶賀	25
ㄆㄧㄥˊ ㄉㄧㄠˋ	憑弔	25
ㄎㄣˇ ㄑㄧㄝˋ	懇切	25
ㄒㄩㄢˊ ㄉㄧㄠˋ	懸吊	25
ㄔㄥˊ ㄕㄡˊ ㄉㄨˋ	成熟度	25
ㄔㄥˊ ㄕㄨˊ ㄉㄨˋ	成熟度	25
ㄘㄞˊ ㄧˋ ㄅㄢ	才藝班	25
ㄉㄚˇ ㄌㄨㄢˋ	打亂	25
ㄉㄚˇ ㄐㄧㄝˊ	打劫	25
ㄉㄚˇ ㄐㄧˊ ㄩㄝˋ ㄑㄧˋ	打擊樂器	25
ㄉㄚˇ ㄘㄨㄛˋ ㄗˋ	打錯字	25
ㄊㄡˊ ㄒㄧㄤˋ	投向	25
ㄎㄤˋ ㄐㄩㄣˋ	抗菌	25
ㄇㄛˇ ㄕㄚ	抹殺	25
ㄔㄡ ㄐㄧㄣ	抽筋	25
ㄅㄚˊ ㄔㄨˊ	拔除	25
ㄓㄠ ㄕˋ	招式	25
ㄋㄚˊ ㄏㄨㄟˊ ㄌㄞˊ	拿回來	25
ㄢˋ ㄧ ㄒㄧㄚˋ	按一下	25
ㄢˋ ㄧˊ ㄒㄧㄚˋ	按一下	25
ㄨㄚ ㄊㄨˇ	挖土	25
ㄓㄣˋ ㄓㄣˋ	振振	25
ㄊㄧㄥˇ ㄓˊ	挺直	25
ㄒㄧㄢ ㄎㄞ	掀開	25
ㄆㄞˊ ㄌㄨㄢˇ	排卵	25
ㄍㄨㄚˋ ㄏㄠˋ ㄈㄟˋ	掛號費	25
ㄐㄧㄝ ㄑㄧˇ ㄌㄞˊ	接起來	25
ㄊㄨㄟ ㄒㄧㄝˋ	推卸	25
ㄊㄧˊ ㄎㄨㄢˇ ㄐㄧ	提款機	25
ㄊㄧˊ ㄅㄧˇ	提筆	25
ㄔㄚ ㄊㄨˊ	插圖	25
ㄔㄚ ㄕㄡˇ	插手	25
ㄏㄨㄢˋ ㄒㄧㄚˋ	換下	25
ㄏㄨㄢˋ ㄍㄨㄥ	換工	25
ㄐㄧㄡ ㄔㄨ	揪出	25
ㄐㄧㄝ ㄎㄞ ㄒㄩˋ ㄇㄨˋ	揭開序幕	25
ㄙㄚˇ ㄒㄧㄚˋ	撒下	25
ㄘㄚ ㄕㄣ ㄦˊ ㄍㄨㄛˋ	擦身而過	25
ㄓ ㄑㄧˋ ㄍㄨㄢˇ	支氣管	25
ㄓ ㄒㄧㄢˋ	支線	25
ㄍㄨˋ ㄕˋ ㄕㄨ	故事書	25
ㄍㄨˋ ㄧˋ ㄉㄜ˙	故意的	25
ㄍㄢˇ ㄑㄩˋ	敢去	25
ㄍㄢˇ ㄩˊ	敢於	25
ㄉㄨㄣ ㄏㄡˋ	敦厚	25
ㄉㄧˊ ㄈㄤ	敵方	25
ㄉㄧˊ ㄐㄩㄣ	敵軍	25
ㄐㄧㄣ ㄐㄧㄣ	斤斤	25
ㄒㄧㄣ ㄍㄨㄥ ㄋㄥˊ	新功能	25
ㄒㄧㄣ ㄒㄧㄥ	新星	25
ㄒㄧㄣ ㄐㄧ ㄑㄧˋ	新機器	25
ㄒㄧㄣ ㄐㄧㄥ	新經	25
ㄕ ㄕㄜˇ	施捨	25
ㄗㄨˊ ㄆㄨˇ	族譜	25
ㄐㄧˋ ㄔㄥˊ	既成	25
ㄔㄤ ㄇㄧㄥˊ	昌明	25
ㄇㄧㄥˊ ㄌㄧㄥˋ	明令	25
ㄒㄧㄥ ㄊㄧˇ	星體	25
ㄔㄨㄣ ㄍㄨㄥ	春宮	25
ㄕˊ ㄎㄜˋ ㄅㄧㄠˇ	時刻表	25
ㄨㄢˇ ㄈㄥ	晚風	25
ㄓˋ ㄋㄤˊ	智囊	25
ㄌㄧㄤˋ	晾	25
ㄏㄜˊ	曷	25
ㄗㄨㄟˋ ㄗㄨㄟˋ	最最	25
ㄧㄡˇ ㄔㄨ ㄖㄨˋ	有出入	25
ㄧㄡˇ ㄐㄧ ㄨˋ	有機物	25
ㄧㄡˇ ㄕㄥ ㄓ ㄋㄧㄢˊ	有生之年	25
ㄧㄡˇ ㄐㄧㄢˋ ㄩˊ ㄘˇ	有鑑於此	25
ㄧㄡˇ ㄌㄧㄥˊ	有零	25
ㄇㄨˋ ㄊㄢˋ	木炭	25
ㄇㄨˋ ㄓˋ	木製	25
ㄨㄟˋ ㄍㄨㄛˇ	未果	25
ㄅㄣˇ ㄧˋ ㄅㄧˇ	本益比	25
ㄅㄣˇ ㄌㄨㄣˋ	本論	25
ㄙㄨㄥ ㄅㄣˇ	松本	25
ㄙㄨㄥ ㄅㄛˊ	松柏	25
ㄙㄨㄥ ㄅㄞˇ	松柏	25
ㄌㄧㄣˊ ㄒㄧㄚˋ	林下	25
ㄌㄧㄣˊ ㄋㄟˋ	林內	25
ㄌㄧㄣˊ ㄏㄞˇ ㄧㄣ	林海音	25
ㄍㄨㄛˇ ㄉㄨㄢˋ	果斷	25
ㄍㄨㄛˇ ㄙㄨㄢ	果酸	25
ㄔㄚˊ ㄑㄧㄥ	查清	25
ㄔㄚˊ ㄌㄧˇ	查理	25
ㄓㄚˋ ㄌㄢˊ	柵欄	25
ㄏㄜˊ ㄎㄜˇ	核可	25
ㄍㄣ ㄐㄩˋ ㄉㄧˋ	根據地	25
ㄑㄧˋ ㄊㄨˇ ㄔㄤˇ	棄土場	25
ㄅㄤˋ ㄗ˙	棒子	25
ㄐㄧˊ ㄐㄧㄚ	極佳	25
ㄑㄧㄤ ㄅㄧˋ	槍斃	25
ㄌㄜˋ ㄊㄨˇ	樂土	25
ㄑㄧㄠˊ ㄒㄧㄚˋ	橋下	25
ㄐㄧ ㄉㄨㄥˋ ㄒㄧㄥˋ	機動性	25
ㄐㄧ ㄌㄧㄥˊ	機靈	25
ㄉㄤˇ ㄑㄧˊ	檔期	25
ㄏㄨㄢ ㄙㄨㄥˋ	歡送	25
ㄓㄥˋ ㄈㄤ	正方	25
ㄓㄥˋ ㄔㄨˇ ㄩˊ	正處於	25
ㄓㄥˋ ㄊㄨˊ	正途	25
ㄍㄨㄟ ㄍㄨㄥ ㄩˊ	歸功於	25
ㄙˇ ㄍㄨㄤ	死光	25
ㄙˇ ㄕㄣˊ	死神	25
ㄇㄟˇ ㄇㄧㄠˇ	每秒	25
ㄊㄢˇ ㄗ˙	毯子	25
ㄇㄧㄣˊ ㄅㄠˋ	民報	25
ㄩㄥˇ ㄆㄧㄥˊ	永平	25
ㄩㄥˇ ㄌㄧˋ	永曆	25
ㄓ ㄧˋ	汁液	25
ㄓ ㄧㄝˋ	汁液	25
ㄑㄧㄡˊ ㄡˇ	求偶	25
ㄇㄧˋ	汨	25
ㄇㄟˊ ㄕㄜˊ ㄇㄛ˙	沒甚麼	25
ㄇㄟˊ ㄕㄜˊ ㄇㄜ˙	沒甚麼	25
ㄇㄟˊ ㄕㄣˊ ㄇㄛ˙	沒甚麼	25
ㄇㄟˊ ㄕㄣˊ ㄇㄜ˙	沒甚麼	25
ㄇㄟˊ ㄐㄧˋ	沒記	25
ㄇㄟˊ ㄐㄧㄣˋ	沒進	25
ㄕㄚ ㄔㄣˊ	沙塵	25
ㄕㄚ ㄗ˙	沙子	25
ㄏㄜˊ ㄆㄢˋ	河畔	25
ㄧㄡˊ ㄖㄢˊ	油然	25
ㄈㄚˇ ㄅㄠˇ	法寶	25
ㄈㄚˇ ㄌㄢˊ ㄒㄧ	法蘭西	25
ㄈㄢˋ ㄓㄥˋ ㄓˋ ㄏㄨㄚˋ	泛政治化	25
ㄅㄛ ㄍㄨㄤ	波光	25
ㄆㄛ ㄍㄨㄤ	波光	25
ㄏㄨㄛˊ ㄒㄧㄢˋ	活現	25
ㄌㄧㄡˊ ㄉㄨㄥˋ ㄌㄩˋ	流動率	25
ㄈㄨˊ ㄉㄧㄢˇ	浮點	25
ㄐㄧㄣˋ ㄗㄞˋ	浸在	25
ㄌㄧㄤˊ ㄊㄧㄥˊ	涼亭	25
ㄙㄨㄥ	淞	25
ㄉㄢˋ ㄐㄧㄤ ㄉㄚˋ ㄒㄩㄝˊ	淡江大學	25
ㄉㄢˋ ㄏㄨㄤˊ	淡黃	25
ㄑㄧㄢˇ ㄒㄧㄢˇ	淺顯	25
ㄑㄧㄥ ㄌㄜ˙	清了	25
ㄐㄧㄢˇ ㄓˋ	減至	25
ㄩㄥˇ ㄑㄧˇ	湧起	25
ㄨㄣ ㄔㄨㄤˊ	溫床	25
ㄨㄣ ㄉㄨˋ ㄐㄧˋ	溫度計	25
ㄕ ㄉㄨˋ	溼度	25
ㄗ ㄕㄥ	滋生	25
ㄏㄨㄚˊ ㄊㄧ	滑梯	25
ㄇㄢˇ ㄌㄧㄢˇ	滿臉	25
ㄇㄢˇ ㄐㄧㄝ	滿街	25
ㄏㄢˋ ㄕㄥ	漢聲	25
ㄏㄢˋ ㄩˇ ㄆㄧㄣ ㄧㄣ	漢語拼音	25
ㄔㄠˊ ㄕ	潮溼	25
ㄐㄧˇ ㄐㄧˇ	濟濟	25
ㄏㄨㄛˇ ㄑㄧㄤˊ	火牆	25
ㄏㄨㄟ ㄢˋ	灰暗	25
ㄧㄢˊ ㄧㄢˊ	炎炎	25
ㄔㄠˇ ㄇㄧㄢˋ	炒麵	25
ㄨㄟˋ ㄐㄧˇ	為己	25
ㄨㄟˊ ㄓㄥˋ	為證	25
ㄌㄠˋ ㄧㄣˋ	烙印	25
ㄨˊ ㄓㄨㄥ ㄕㄥ ㄧㄡˇ	無中生有	25
ㄨˊ ㄎㄜˇ ㄅㄧˋ ㄇㄧㄢˇ	無可避免	25
ㄨˊ ㄧㄤˋ	無恙	25
ㄨˊ ㄕˋ ㄩˊ	無視於	25
ㄌㄧㄢˋ ㄧㄡˊ ㄔㄤˇ	煉油廠	25
ㄓㄠˋ ㄐㄧㄡˋ	照舊	25
ㄅㄠˋ ㄌㄧㄠˋ	爆料	25
ㄆㄧㄢˋ ㄊㄡˊ	片頭	25
ㄧㄚˊ ㄧㄣˊ	牙齦	25
ㄐㄩ	狙	25
ㄏㄣˇ ㄒㄧㄣ	狠心	25
ㄇㄥˇ ㄐㄧㄣˋ	猛進	25
ㄧㄡˊ ㄩˋ ㄅㄨˋ ㄐㄩㄝˊ	猶豫不決	25
ㄨㄢˊ ㄅㄢˋ	玩伴	25
ㄅㄛ ㄌㄧˊ ㄆㄧㄥˊ	玻璃瓶	25
ㄑㄧㄡˊ ㄩㄣˋ	球運	25
ㄏㄨㄢˊ ㄏㄨㄢˊ	環環	25
ㄨㄥˋ	甕	25
ㄕㄥ ㄘㄞˋ	生菜	25
ㄩㄥˋ ㄕˋ	用事	25
ㄩㄥˋ ㄈㄟˋ	用費	25
ㄐㄧㄚˇ ㄨˇ	甲午	25
ㄕㄣ ㄑㄧㄥˇ ㄕㄨ	申請書	25
ㄌㄧㄡˊ ㄇㄟˇ	留美	25
ㄏㄨㄚˋ ㄕˋ	畫室	25
ㄉㄤ ㄒㄧㄢ	當先	25
ㄉㄤ ㄦ	當兒	25
ㄉㄤ ㄦˊ	當兒	25
ㄉㄤ ㄓㄜ˙	當著	25
ㄆㄧˊ ㄖㄨㄢˇ	疲軟	25
ㄊㄥˊ ㄒㄧˊ	疼惜	25
ㄅㄧㄥˋ ㄨㄟˊ	病危	25
ㄌㄧˋ ㄐㄧˊ	痢疾	25
ㄈㄚ ㄨㄟ	發威	25
ㄈㄚ ㄍㄨㄛˋ	發過	25
ㄅㄞˇ ㄌㄠˇ ㄏㄨㄟˋ	百老匯	25
ㄐㄧㄢ ㄩㄢˋ	監院	25
ㄓˊ ㄒㄧˋ	直系	25
ㄓˊ ㄒㄩㄢˇ	直選	25
ㄒㄧㄤ ㄐㄧㄝ	相接	25
ㄓㄣ ㄨㄟˋ	真偽	25
ㄓㄣ ㄓˋ	真摯	25
ㄓㄣ ㄋㄢˊ	真難	25
ㄧㄢˇ ㄈㄨˊ	眼福	25
ㄓㄨㄥˋ ㄨㄤˋ	眾望	25
ㄓㄨㄥˋ ㄕㄨㄛ ㄈㄣ ㄩㄣˊ	眾說紛紜	25
ㄓ ㄌㄧㄠˇ	知了	25
ㄓ ㄕˋ ㄒㄧㄥˋ	知識性	25
ㄆㄥˋ ㄆㄥˋ	碰碰	25
ㄔㄚˊ	碴	25
ㄑㄧㄥˋ	磬	25
ㄎㄨㄤˋ ㄔㄤˇ	礦場	25
ㄕˋ ㄧˋ ㄊㄨˊ	示意圖	25
ㄕㄣˊ ㄖㄣˊ	神人	25
ㄕㄣˊ ㄌㄧㄥˊ	神靈	25
ㄌㄧˇ ㄏㄜˊ	禮盒	25
ㄌㄧˇ ㄖㄤˋ	禮讓	25
ㄗㄨ ㄔㄜ	租車	25
ㄧˊ ㄔㄨ	移出	25
ㄎㄨㄥ ㄉㄚˋ	空大	25
ㄑㄧㄝˋ ㄊㄧㄥ	竊聽	25
ㄐㄧㄝˊ ㄌㄧˋ	竭力	25
ㄉㄨㄢ ㄕㄤˋ	端上	25
ㄅㄣˋ ㄓㄨㄥˋ	笨重	25
ㄉㄧˋ ㄧ ㄊㄧㄠˊ	第一條	25
ㄉㄧˋ ㄧ ㄌㄧㄡˊ	第一流	25
ㄉㄧˋ ㄙㄢ ㄓㄜˇ	第三者	25
ㄍㄨ	箍	25
ㄙㄨㄢˋ ㄕㄤˋ	算上	25
ㄍㄨㄢˇ ㄌㄧˇ ㄓㄜˇ	管理者	25
ㄐㄧㄢˇ ㄔㄥ ㄨㄟˊ	簡稱為	25
ㄌㄢˊ ㄑㄧㄡˊ ㄔㄤˇ	籃球場	25
ㄇㄧˇ ㄕˊ	米食	25
ㄌㄧㄣˊ	粼	25
ㄐㄧㄥ ㄑㄧㄠˇ	精巧	25
ㄏㄨㄥˊ ㄅㄧㄠ ㄇㄧˇ ㄐㄧㄡˇ	紅標米酒	25
ㄏㄨㄥˊ ㄒㄧㄢˋ	紅線	25
ㄏㄨㄥˊ ㄧㄝˋ	紅葉	25
ㄨㄣˊ ㄌㄧˇ	紋理	25
ㄋㄚˋ ㄉㄡˋ	納豆	25
ㄔㄨㄣˊ ㄓㄥˋ	純正	25
ㄈㄣ ㄈㄟ	紛飛	25
ㄒㄧˋ ㄒㄧㄤˇ	細想	25
ㄒㄧˋ ㄇㄨˋ	細目	25
ㄓㄨㄥ ㄌㄧㄠˇ	終了	25
ㄒㄧㄢˊ ㄩㄝˋ	絃樂	25
ㄙ ㄉㄞˋ	絲帶	25
ㄐㄧㄥ ㄐㄧˋ ㄏㄨㄛˊ ㄉㄨㄥˋ	經濟活動	25
ㄐㄧㄥ ㄐㄧˋ ㄇㄧㄢˋ	經濟面	25
ㄐㄧㄥ ㄐㄧㄝˇ	經解	25
ㄌㄩˋ ㄎㄚˇ	綠卡	25
ㄐㄧㄢ ㄇㄛˋ	緘默	25
ㄏㄨㄢˇ ㄐㄧㄝˇ	緩解	25
ㄓㄣˇ ㄇㄧˋ	縝密	25
ㄗㄨㄥˇ ㄖㄣˊ ㄕㄨˋ	總人數	25
ㄖㄠˋ ㄐㄧㄥˋ	繞境	25
ㄕㄥˊ ㄙㄨㄛˇ	繩索	25
ㄌㄨㄛˊ ㄙㄨˋ	羅素	25
ㄇㄟˇ ㄖㄨㄥˊ ㄕ	美容師	25
ㄇㄟˇ ㄕㄨˋ ㄐㄧㄚ	美術家	25
ㄧˋ ㄨˋ ㄐㄧㄠˋ ㄩˋ	義務教育	25
ㄧˋ ㄧㄢˇ	義演	25
ㄧˋ ㄌㄧˇ	義理	25
ㄒㄧˊ ㄊㄧˊ	習題	25
ㄌㄠˇ ㄉㄚˋ ㄍㄜ	老大哥	25
ㄌㄠˇ ㄗㄨˇ ㄗㄨㄥ	老祖宗	25
ㄎㄠˇ ㄆㄥˊ	考棚	25
ㄦˊ ㄅㄨˋ ㄋㄥˊ	而不能	25
ㄦˊ ㄨㄞˋ	而外	25
ㄋㄞˋ ㄐㄧㄡˇ	耐久	25
ㄕㄥ ㄇㄧㄥˊ ㄉㄚˋ ㄗㄠˋ	聲名大噪	25
ㄕㄥ ㄅㄨˋ	聲部	25
ㄅㄟˋ ㄉㄠˋ ㄦˊ ㄔˊ	背道而馳	25
ㄧㄠ ㄅㄨˋ	腰部	25
ㄐㄧㄠˇ ㄏㄨㄞˊ	腳踝	25
ㄅㄛˊ	膊	25
ㄐㄧㄠ ㄋㄤˊ	膠囊	25
ㄊㄨㄣˊ ㄅㄨˋ	臀部	25
ㄨㄛˋ ㄉㄧˇ	臥底	25
ㄗˋ ㄖㄢˊ ㄐㄧㄥˇ ㄍㄨㄢ	自然景觀	25
ㄗˋ ㄅㄧㄢ	自編	25
ㄗˋ ㄍㄥ ㄋㄨㄥˊ	自耕農	25
ㄗˋ ㄒㄧㄥˊ ㄐㄩㄝˊ ㄉㄧㄥˋ	自行決定	25
ㄒㄧㄥˋ ㄨㄟˋ	興味	25
ㄔㄨㄢˊ ㄍㄨㄥ ㄙ	船公司	25
ㄈㄨˊ ㄖㄨㄥˊ	芙蓉	25
ㄩㄢˋ ㄌㄧˇ	苑裡	25
ㄇㄧㄠˊ ㄊㄡˊ	苗頭	25
ㄇㄧㄠˊ ㄊㄡ˙	苗頭	25
ㄎㄨˇ ㄍㄨㄚ	苦瓜	25
ㄘㄠˇ ㄅㄣˇ	草本	25
ㄏㄨㄚˊ ㄉㄜˊ	華德	25
ㄏㄨㄚˊ ㄦˇ ㄐㄧㄝ ㄖˋ ㄅㄠˋ	華爾街日報	25
ㄈㄟ ㄍㄨㄛˊ	菲國	25
ㄇㄥˊ ㄕㄥ	萌生	25
ㄨㄢˋ ㄗˋ	萬字	25
ㄆㄥˊ ㄌㄞˊ	蓬萊	25
ㄉㄤˋ ㄖㄢˊ	蕩然	25
ㄑㄧㄤˊ	薔	25
ㄌㄧㄣˋ ㄒㄧㄤ ㄖㄨˊ	藺相如	25
ㄍㄜˊ	蛤	25
ㄏㄚˊ	蛤	25
ㄔㄨㄥˊ ㄌㄟˋ	蟲類	25
ㄒㄧㄝˇ ㄐㄧㄤ	血漿	25
ㄒㄧㄝˇ ㄏㄨㄥˊ	血紅	25
ㄒㄧㄥˊ ㄑㄧㄤˇ	行搶	25
ㄒㄧㄥˊ ㄧ	行醫	25
ㄕㄨㄞ ㄐㄧㄢˇ	衰減	25
ㄓㄨㄤ ㄉㄠˋ	裝到	25
ㄓˋ ㄐㄧˋ	製劑	25
ㄠˇ	襖	25
ㄉㄤ	襠	25
ㄒㄧ ㄒㄧㄤˋ	西向	25
ㄒㄧ ㄗˇ	西子	25
ㄒㄧ ㄕ	西施	25
ㄧㄠˋ ㄨㄣˊ	要聞	25
ㄧㄠˋ ㄓˊ	要職	25
ㄐㄧㄢˋ ㄊㄧㄢ	見天	25
ㄐㄧㄢˋ ㄉㄧˇ	見底	25
ㄑㄧㄣ ㄕㄢˋ	親善	25
ㄑㄩˋ	覷	25
ㄍㄨㄢ ㄧㄥˇ	觀影	25
ㄔㄨˋ ㄈㄚ	觸發	25
ㄉㄧㄥˋ ㄗㄞˋ	訂在	25
ㄊㄠˇ ㄓㄞˋ	討債	25
ㄕㄜˋ ㄐㄧˋ ㄊㄨˊ	設計圖	25
ㄕㄜˋ ㄐㄧˋ ㄓㄜˇ	設計者	25
ㄕˋ ㄎㄢˋ ㄎㄢˋ	試看看	25
ㄕˋ ㄇㄞˋ	試賣	25
ㄕㄟˊ ㄖㄣˊ	誰人	25
ㄑㄧㄥˇ ㄖㄨˋ	請入	25
ㄑㄧㄥˇ ㄔㄨ	請出	25
ㄌㄨㄣˋ ㄐㄩˋ	論據	25
ㄌㄨㄣˋ ㄉㄨㄢˋ	論斷	25
ㄐㄧㄤˇ ㄒㄧˊ ㄏㄨㄟˋ	講習會	25
ㄧˋ ㄓㄨˋ	譯註	25
ㄏㄨˋ ㄌㄧˇ ㄕ	護理師	25
ㄏㄨˋ ㄈㄨ	護膚	25
ㄈㄥ ㄇㄢˇ	豐滿	25
ㄧㄢˋ ㄌㄧˋ	豔麗	25
ㄒㄧㄤˋ ㄑㄧˊ	象棋	25
ㄇㄞˇ ㄒㄧㄚˋ ㄌㄞˊ	買下來	25
ㄇㄞˇ ㄍㄟˇ	買給	25
ㄇㄞˋ ㄋㄨㄥˋ	賣弄	25
ㄔˋ ㄗˇ ㄓ ㄒㄧㄣ	赤子之心	25
ㄗㄡˇ ㄊㄡˋ ㄊㄡˋ	走透透	25
ㄑㄧˇ ㄧˋ	起意	25
ㄑㄧˇ ㄘㄠˇ	起草	25
ㄑㄧˇ ㄩㄣˊ ㄐㄧˋ	起雲劑	25
ㄑㄩ ㄐㄧㄣˋ	趨近	25
ㄐㄩˋ ㄐㄧㄣ	距今	25
ㄎㄨㄚˋ ㄏㄞˇ	跨海	25
ㄎㄨㄚˋ ㄐㄧㄣˋ	跨進	25
ㄉㄨㄣ ㄒㄧㄚˋ	蹲下	25
ㄑㄧㄠ ㄎㄜˋ	蹺課	25
ㄕㄣ ㄊㄧˇ ㄐㄧㄢˋ ㄎㄤ	身體健康	25
ㄧˋ ㄕˋ	軼事	25
ㄑㄧㄥ ㄍㄨㄟˇ	輕軌	25
ㄏㄨㄥ ㄏㄨㄥ	轟轟	25
ㄘˊ ㄉㄧㄠˋ	辭掉	25
ㄧㄥˊ ㄒㄧㄣ	迎新	25
ㄏㄨㄟˊ ㄒㄩㄢˊ	迴旋	25
ㄓㄨㄟ ㄐㄧˊ	追擊	25
ㄊㄠˊ ㄕㄨㄟˋ	逃稅	25
ㄊㄡˋ ㄔㄨ	透出	25
ㄊㄨㄥ ㄏㄨㄥˊ	通紅	25
ㄌㄧㄢˊ ㄋㄧㄢˊ	連年	25
ㄌㄧㄢˊ ㄇㄧㄢˊ	連綿	25
ㄐㄧㄣˋ ㄐㄧㄣˋ ㄔㄨ ㄔㄨ	進進出出	25
ㄧㄡˊ ㄇㄨˋ	遊牧	25
ㄍㄨㄛˋ ㄕㄡˇ	過手	25
ㄍㄨㄛˋ ㄕㄨㄟˇ	過水	25
ㄓㄜ ㄍㄞˋ	遮蓋	25
ㄒㄩㄢˇ ㄅㄚˊ ㄙㄞˋ	選拔賽	25
ㄒㄩㄢˇ ㄈㄥ	選風	25
ㄒㄧㄝˋ	邂	25
ㄋㄚˋ ㄈㄣˋ	那份	25
ㄋㄚˋ ㄍㄜˋ ㄗˋ	那個字	25
ㄋㄚˋ ㄍㄜ˙ ㄗˋ	那個字	25
ㄅㄨˋ ㄏㄨㄟˋ ㄕㄡˇ ㄓㄤˇ	部會首長	25
ㄒㄧㄤ ㄌㄧˇ	鄉里	25
ㄒㄧㄤ ㄓㄣˋ ㄕˋ ㄓㄤˇ	鄉鎮市長	25
ㄙㄨㄢ ㄙㄨㄢ	酸酸	25
ㄧ ㄌㄧㄠˊ ㄊㄨㄢˊ	醫療團	25
ㄓㄨㄥˋ ㄒㄧㄥˊ	重刑	25
ㄔㄨㄥˊ ㄑㄧㄥˋ ㄋㄢˊ ㄌㄨˋ	重慶南路	25
ㄓㄨㄥˋ ㄓㄨㄤ	重裝	25
ㄧㄝˇ ㄕㄡˋ ㄆㄞˋ	野獸派	25
ㄒㄧㄣ	鋅	25
ㄑㄧㄢˊ ㄨㄟˊ ㄐㄩㄢ	錢薇娟	25
ㄩㄥ	鏞	25
ㄓㄨㄥ ㄅㄧㄠˇ	鐘錶	25
ㄊㄧㄝˇ ㄍㄨㄥ	鐵工	25
ㄗㄨㄢˋ ㄐㄧㄝˋ	鑽戒	25
ㄔㄤˊ ㄐㄧㄚˋ	長假	25
ㄎㄞ ㄉㄧˋ	開地	25
ㄎㄞ ㄨㄤˇ	開往	25
ㄎㄞ ㄈㄤˋ ㄒㄧㄥˋ	開放性	25
ㄎㄞ ㄈㄚ ㄕㄤ	開發商	25
ㄒㄧㄢˊ ㄍㄨㄤˋ	閒逛	25
ㄈㄨˋ ㄗㄞˋ	附在	25
ㄧㄣˇ ㄏㄨㄟˋ	隱晦	25
ㄐㄧˊ ㄙㄢˋ	集散	25
ㄍㄨˋ ㄖㄣˊ	雇人	25
ㄌㄧˊ ㄉㄧˋ	離地	25
ㄌㄧˊ ㄑㄧˊ	離奇	25
ㄋㄢˊ ㄉㄜˊ ㄧˊ ㄐㄧㄢˋ	難得一見	25
ㄋㄢˊ ㄋㄥˊ ㄎㄜˇ ㄍㄨㄟˋ	難能可貴	25
ㄌㄧㄥˊ ㄑㄧㄢˊ	零錢	25
ㄉㄧㄢˋ ㄋㄠˇ ㄐㄧㄠˋ ㄕˋ	電腦教室	25
ㄑㄧㄥ ㄉㄠˇ	青島	25
ㄐㄧㄥˋ ㄒㄧㄚˋ ㄒㄧㄣ	靜下心	25
ㄈㄟ ㄔㄤˊ ㄕㄤˋ ㄙㄨˋ	非常上訴	25
ㄉㄧㄥˇ ㄉㄧㄢˇ	頂點	25
ㄨㄢˊ ㄊㄨㄥˊ	頑童	25
ㄧㄢˊ ㄕㄨㄟˇ ㄌㄨㄥˊ	顏水龍	25
ㄉㄧㄢ ㄈㄥ	顛峰	25
ㄈㄟ ㄩㄝˋ	飛越	25
ㄕˊ ㄨˋ ㄌㄧㄢˋ	食物鏈	25
ㄧㄤˇ ㄓˊ ㄧㄝˋ	養殖業	25
ㄒㄧㄤ ㄍㄤˇ ㄐㄧㄠˇ	香港腳	25
ㄇㄚˇ ㄌㄞˊ ㄖㄣˊ	馬來人	25
ㄇㄚˇ ㄐㄧㄚ	馬家	25
ㄑㄧˊ ㄐㄧㄠˇ ㄊㄚˋ ㄔㄜ	騎腳踏車	25
ㄑㄩ ㄔㄜ	驅車	25
ㄐㄧㄥ ㄏㄨㄣˊ	驚魂	25
ㄍㄨˇ ㄗ˙	骨子	25
ㄊㄧˇ ㄊㄞˋ	體態	25
ㄍㄠ ㄐㄧㄚˋ ㄨㄟˋ	高價位	25
ㄍㄠ ㄍㄨㄚˋ	高掛	25
ㄙㄨㄥ ㄒㄧㄝˋ	鬆懈	25
ㄌㄧㄝˋ	鬣	25
ㄋㄠˋ ㄔㄨ	鬧出	25
ㄩˊ ㄍㄤ	魚缸	25
ㄧㄡˇ ㄏㄟ	黝黑	25
ㄉㄤˇ ㄉㄞˋ ㄅㄧㄠˇ	黨代表	25
ㄌㄨㄥˊ ㄓㄡ	龍舟	25
ㄧ ㄒㄧㄣ ㄧ ㄧˋ	一心一意	24
ㄧ ㄒㄧㄣ ㄧˊ ㄧˋ	一心一意	24
ㄧˋ ㄒㄧㄣ ㄧ ㄧˋ	一心一意	24
ㄧˋ ㄒㄧㄣ ㄧˊ ㄧˋ	一心一意	24
ㄧ ㄓㄨㄤ	一樁	24
ㄧˋ ㄓㄨㄤ	一樁	24
ㄧ ㄧㄤˋ ㄎㄜˇ ㄧˇ	一樣可以	24
ㄧˊ ㄧㄤˋ ㄎㄜˇ ㄧˇ	一樣可以	24
ㄧ ㄇㄨˋ ㄌㄧㄠˇ ㄖㄢˊ	一目了然	24
ㄧˊ ㄇㄨˋ ㄌㄧㄠˇ ㄖㄢˊ	一目了然	24
ㄧ ㄌㄧˋ	一粒	24
ㄧˊ ㄌㄧˋ	一粒	24
ㄧ ㄨㄢˋ ㄧ	一萬一	24
ㄧ ㄨㄢˋ ㄦˋ	一萬二	24
ㄧ ㄕㄡˇ ㄍㄜ	一首歌	24
ㄧˋ ㄕㄡˇ ㄍㄜ	一首歌	24
ㄑㄧ ㄘㄞˇ	七彩	24
ㄙㄢ ㄐㄧㄢˋ ㄎㄜˋ	三劍客	24
ㄙㄢ ㄇㄧㄠˇ	三秒	24
ㄙㄢ ㄐㄧㄠˇ ㄩㄥˇ	三角湧	24
ㄕㄤˋ ㄩㄢˊ	上原	24
ㄕㄤˋ ㄐㄧㄝ	上接	24
ㄕㄤˋ ㄍㄨㄢ	上關	24
ㄒㄧㄚˋ ㄅㄨˋ	下部	24
ㄅㄨˊ ㄒㄧㄚˋ ㄌㄞˊ	不下來	24
ㄅㄨˋ ㄧㄝˇ	不也	24
ㄅㄨˋ ㄉㄠˇ	不倒	24
ㄅㄨˋ ㄌㄨㄣˊ	不倫	24
ㄅㄨˊ ㄧㄢˋ ㄑㄧˊ ㄈㄢˊ	不厭其煩	24
ㄅㄨˋ ㄧㄢˋ ㄑㄧˊ ㄈㄢˊ	不厭其煩	24
ㄅㄨˋ ㄐㄧㄤ	不將	24
ㄅㄨˊ ㄩˋ	不欲	24
ㄅㄨˊ ㄊㄨㄥˋ	不痛	24
ㄅㄨˋ ㄒㄧㄤ ㄕㄤˋ ㄒㄧㄚˋ	不相上下	24
ㄅㄨˊ ㄗˋ ㄐㄧㄣ	不自禁	24
ㄅㄨˊ ㄗˋ ㄐㄧㄣˋ	不自禁	24
ㄅㄨˋ ㄊㄧㄠˊ	不調	24
ㄅㄨˋ ㄧㄚˇ	不雅	24
ㄕˋ ㄨㄞˋ	世外	24
ㄅㄧㄥˋ ㄊㄨㄥˊ	並同	24
ㄅㄧㄥˋ ㄉㄜˊ	並得	24
ㄓㄨㄥ ㄏㄜˊ ㄕˋ	中和市	24
ㄓㄨㄥ ㄘㄠˇ ㄧㄠˋ	中草藥	24
ㄓㄨˇ ㄏㄜˊ	主和	24
ㄓㄨˇ ㄌㄧㄡˊ ㄆㄞˋ	主流派	24
ㄓ ㄌㄜˋ	之樂	24
ㄈㄚˊ ㄖㄣˊ ㄨㄣˋ ㄐㄧㄣ	乏人問津	24
ㄐㄧㄡˇ ㄦˋ ㄧ ㄉㄚˋ ㄉㄧˋ ㄓㄣˋ	九二一大地震	24
ㄐㄧㄡˇ ㄕˊ ㄐㄧˇ	九十幾	24
ㄧㄝˇ ㄒㄧㄤˋ	也向	24
ㄍㄢ ㄌㄜ˙	乾了	24
ㄑㄧㄢˊ ㄎㄨㄣ	乾坤	24
ㄕˋ ㄓㄨˇ	事主	24
ㄕˋ ㄕˊ ㄓㄥˋ ㄇㄧㄥˊ	事實證明	24
ㄕˋ ㄐㄧ	事跡	24
ㄦˋ ㄓㄨㄢ	二專	24
ㄏㄨˋ ㄓㄨˋ ㄗㄨˇ	互助組	24
ㄏㄨˋ ㄧㄡˇ	互有	24
ㄨˇ ㄐㄧㄢˋ	五件	24
ㄨˇ ㄑㄧㄥ	五輕	24
ㄨˇ ㄓㄡ ㄋㄧㄢˊ	五週年	24
ㄨˇ ㄉㄧㄢˇ ㄨˇ	五點五	24
ㄐㄧㄠ ㄐㄩㄢˋ	交卷	24
ㄌㄧㄤˋ ㄓㄜ˙	亮著	24
ㄖㄣˊ ㄕˋ ㄔㄨˋ	人事處	24
ㄖㄣˊ ㄕˋ ㄒㄧㄥˊ ㄓㄥˋ ㄐㄩˊ	人事行政局	24
ㄖㄣˊ ㄕ	人師	24
ㄖㄣˊ ㄖㄡˋ	人肉	24
ㄖㄣˊ ㄐㄧㄢˋ	人見	24
ㄖㄣˊ ㄐㄧ	人跡	24
ㄉㄞˋ ㄒㄧㄥˊ	代行	24
ㄖㄣˋ ㄓˊ ㄩˊ	任職於	24
ㄈㄤˇ ㄇㄠˋ ㄆㄧㄣˇ	仿冒品	24
ㄐㄧˋ ㄌㄧㄤˇ	伎倆	24
ㄈㄨˊ ㄗㄞˋ	伏在	24
ㄒㄧㄡ ㄒㄧˊ ㄕˋ	休息室	24
ㄒㄧㄡ ㄌㄩˇ ㄔㄜ	休旅車	24
ㄒㄧㄡ ㄒㄧㄢˊ	休閑	24
ㄕㄣ ㄐㄧㄣˋ	伸進	24
ㄊㄨㄛˊ	佗	24
ㄩㄥˋ ㄖㄣˊ	佣人	24
ㄐㄧㄚ ㄌㄧˇ	佳里	24
ㄐㄧㄚ ㄧㄠˊ	佳餚	24
ㄌㄞˊ ㄌㄧˋ	來歷	24
ㄒㄧㄣˋ ㄖㄣˋ ㄉㄜ˙	信任的	24
ㄒㄧㄡ ㄔㄤˊ	修長	24
ㄐㄧㄚˇ ㄐㄧㄝˋ	假借	24
ㄒㄧㄝˊ ㄊㄨㄥˊ	偕同	24
ㄊㄧㄥˊ ㄔㄢˇ	停產	24
ㄘㄜˋ ㄇㄨˋ	側目	24
ㄘㄜˋ ㄅㄧㄢ	側邊	24
ㄊㄡ ㄉㄨˋ ㄎㄜˋ	偷渡客	24
ㄔㄨㄢˊ ㄅㄛ ㄐㄧㄝˋ	傳播界	24
ㄔㄨㄢˊ ㄅㄛˋ ㄐㄧㄝˋ	傳播界	24
ㄕㄚˇ ㄗ˙	傻子	24
ㄧㄡ ㄨㄛˋ	優渥	24
ㄇㄧㄢˇ ㄧˋ ㄒㄧˋ ㄊㄨㄥˇ	免疫系統	24
ㄖㄨˋ ㄏㄞˇ	入海	24
ㄑㄩㄢˊ ㄇㄧㄣˊ ㄩㄣˋ ㄉㄨㄥˋ	全民運動	24
ㄌㄧㄤˇ ㄉㄞˋ	兩代	24
ㄌㄧㄤˇ ㄅㄞˇ ㄑㄧ	兩百七	24
ㄌㄧㄤˇ ㄐㄧㄢ	兩間	24
ㄅㄚ ㄐㄧㄚ	八家	24
ㄗㄞˋ ㄆㄟˋ	再配	24
ㄅㄧㄥ ㄅㄤˋ	冰棒	24
ㄌㄥˇ ㄧㄢˇ	冷眼	24
ㄌㄧㄥˊ ㄅㄛ	凌波	24
ㄌㄧㄥˊ ㄆㄛ	凌波	24
ㄔㄨ ㄒㄧㄚˋ	出下	24
ㄈㄣ ㄕㄨㄟˇ ㄌㄧㄥˇ	分水嶺	24
ㄈㄣ ㄕㄜˋ	分社	24
ㄈㄣ ㄌㄧˊ ㄔㄨ	分離出	24
ㄑㄧㄝˋ ㄐㄧˋ	切記	24
ㄒㄧㄥˊ ㄑㄧㄡˊ	刑求	24
ㄒㄧㄥˊ ㄈㄢˋ	刑犯	24
ㄔㄨ ㄕˊ	初時	24
ㄌㄧˋ ㄐㄧˇ	利己	24
ㄌㄧˋ ㄉㄜˊ	利得	24
ㄑㄧㄢˊ ㄙㄢ ㄇㄧㄥˊ	前三名	24
ㄑㄧㄢˊ ㄕㄠˋ	前哨	24
ㄕㄚ ㄔㄜ	剎車	24
ㄍㄤ ㄍㄨㄛˇ	剛果	24
ㄅㄛ ㄌㄨㄛˋ	剝落	24
ㄐㄧㄢˇ ㄓˇ	剪紙	24
ㄔㄨㄤˋ ㄕˋ ㄐㄧ ㄐㄧㄣ ㄏㄨㄟˋ	創世基金會	24
ㄏㄨㄚˋ ㄑㄧㄥ	劃清	24
ㄎㄨㄞˋ	劊	24
ㄌㄧˋ ㄓㄨˇ	力主	24
ㄐㄧㄚ ㄖㄣˊ	加人	24
ㄐㄧㄚ ㄐㄧㄣˋ ㄑㄩˋ	加進去	24
ㄉㄨㄥˋ ㄒㄧㄣ	動心	24
ㄒㄩㄣ	勛	24
ㄕㄠˊ	勺	24
ㄕㄨㄛˋ	勺	24
ㄅㄟˇ ㄧˋ	北藝	24
ㄕˊ ㄑㄧ ㄖㄣˊ	十七人	24
ㄕˊ ㄦˋ ㄖㄣˊ	十二人	24
ㄕˊ ㄍㄜˋ ㄩㄝˋ	十個月	24
ㄕˊ ㄍㄜ˙ ㄩㄝˋ	十個月	24
ㄋㄢˊ ㄍㄨㄛˊ	南國	24
ㄋㄢˊ ㄌㄧㄠˊ	南寮	24
ㄅㄛˊ ㄉㄚˋ	博大	24
ㄓㄢˋ ㄐㄩˋ	占據	24
ㄧㄣˋ ㄉㄧˋ ㄢ ㄖㄣˊ	印地安人	24
ㄕㄨˊ ㄍㄨㄥ	叔公	24
ㄕㄡˋ ㄋㄢˋ ㄓㄜˇ	受難者	24
ㄍㄨˇ ㄊㄧㄥˊ	古亭	24
ㄍㄨˇ ㄐㄧㄣ ㄓㄨㄥ ㄨㄞˋ	古今中外	24
ㄍㄨˇ ㄨㄣˊ ㄕㄤˋ ㄕㄨ	古文尚書	24
ㄍㄨˇ ㄗㄠˇ ㄨㄟˋ	古早味	24
ㄓˇ ㄈㄚ	只發	24
ㄐㄧㄠˋ ㄑㄧˇ ㄌㄞˊ	叫起來	24
ㄎㄜˇ ㄅㄟ ㄉㄜ˙	可悲的	24
ㄎㄜˇ ㄨㄤˋ ㄗㄞˋ	可望在	24
ㄊㄞˊ ㄕˋ	台式	24
ㄕˇ ㄍㄨㄢ	史官	24
ㄕˇ ㄕˊ	史實	24
ㄧㄡˋ ㄧˋ	右翼	24
ㄏㄜˊ ㄗㄨㄛˋ ㄏㄨㄚˋ	合作化	24
ㄏㄜˊ ㄧㄥˇ	合影	24
ㄏㄜˊ ㄧˋ	合意	24
ㄏㄜˊ ㄌㄧㄡˊ	合流	24
ㄊㄨㄥˊ ㄈㄣ	同分	24
ㄇㄧㄥˊ ㄑㄩˇ	名曲	24
ㄒㄧㄤˋ ㄖㄣˊ	向人	24
ㄒㄧㄤˋ ㄧㄤˊ	向陽	24
ㄊㄨㄣ ㄕˊ	吞食	24
ㄕㄨㄣˇ	吮	24
ㄨˊ ㄔㄥˊ ㄨㄣˊ	吳成文	24
ㄔㄠˇ ㄉㄠˋ	吵到	24
ㄔㄨㄟ ㄈㄥ	吹風	24
ㄓㄡ ㄓ	周知	24
ㄏㄜˊ ㄕㄢˋ	和善	24
ㄏㄜˊ ㄇㄨˋ	和睦	24
ㄎㄚ ㄈㄟ ㄧㄣ	咖啡因	24
ㄩㄢˊ ㄨㄞˋ	員外	24
ㄩㄢˊ ㄕㄢ	員山	24
ㄅㄨˇ ㄖㄨˇ ㄉㄨㄥˋ ㄨˋ	哺乳動物	24
ㄔㄤˋ ㄏㄜˋ	唱和	24
ㄨㄣˋ ㄍㄜˋ	問個	24
ㄏㄜ ㄏㄜ	喝喝	24
ㄇㄚˇ ㄈㄟ	嗎啡	24
ㄗㄜˊ ㄗㄜˊ	嘖嘖	24
ㄌㄧㄠˊ	嘹	24
ㄔㄤˊ ㄔㄤˊ	嚐嚐	24
ㄧㄢˊ ㄎㄨˋ	嚴酷	24
ㄙˋ ㄓㄤ	四章	24
ㄧㄣ ㄍㄨㄛˇ ㄍㄨㄢ ㄒㄧˋ	因果關係	24
ㄧㄣ ㄅㄧㄥˋ	因病	24
ㄍㄨㄛˊ ㄐㄧㄚ ㄌㄧˋ ㄧˋ	國家利益	24
ㄍㄨㄛˊ ㄐㄧㄚ ㄉㄨㄟˋ	國家隊	24
ㄍㄨㄛˊ ㄧㄡˇ ㄏㄨㄚˋ	國有化	24
ㄍㄨㄛˊ ㄩㄣˋ	國運	24
ㄍㄨㄛˊ ㄧㄣ	國音	24
ㄩㄢˊ ㄉㄧㄥ	園丁	24
ㄉㄧˋ ㄆㄧㄥˊ ㄒㄧㄢˋ	地平線	24
ㄉㄧˋ ㄉㄧˇ	地底	24
ㄗㄨㄛˋ ㄉㄜ˙	坐的	24
ㄎㄥ ㄉㄨㄥˋ	坑洞	24
ㄅㄨˇ ㄒㄧㄣ	埔心	24
ㄆㄨˇ ㄒㄧㄣ	埔心	24
ㄅㄠˋ ㄈㄟˋ	報廢	24
ㄙㄨˋ ㄒㄧㄤˋ	塑像	24
ㄙㄨˋ ㄒㄧㄥˋ	塑性	24
ㄊㄚˇ ㄌㄧˋ ㄅㄢ	塔利班	24
ㄓㄨㄟˋ ㄏㄨㄟˇ	墜毀	24
ㄧㄚ ㄓㄚˋ	壓榨	24
ㄕˋ ㄕㄣ	士紳	24
ㄨㄞˋ ㄘㄜˋ	外側	24
ㄨㄞˋ ㄆㄧˊ	外皮	24
ㄨㄞˋ ㄐㄧˊ ㄖㄣˊ ㄕˋ	外籍人士	24
ㄇㄥˋ ㄌㄧˇ	夢裡	24
ㄉㄚˋ ㄅㄧㄥ	大兵	24
ㄉㄚˋ ㄒㄧㄥˊ ㄑㄧˊ ㄉㄠˋ	大行其道	24
ㄉㄚˋ ㄐㄧˋ	大計	24
ㄉㄚˋ ㄉㄧㄠˋ	大調	24
ㄉㄚˋ ㄊㄢˊ	大談	24
ㄉㄚˋ ㄒㄩㄥˊ	大雄	24
ㄉㄚˋ ㄒㄧㄤˋ	大項	24
ㄊㄧㄢ ㄆㄧㄥˊ ㄗㄨㄛˋ	天秤座	24
ㄊㄧㄢ ㄔㄥˋ ㄗㄨㄛˋ	天秤座	24
ㄊㄧㄢ ㄐㄧㄥ ㄉㄧˋ ㄧˋ	天經地義	24
ㄕ ㄉㄤˋ	失當	24
ㄋㄞˋ ㄐㄧˊ ㄌㄧˋ ㄧㄚˇ	奈及利亞	24
ㄋㄞˋ ㄐㄧˊ ㄌㄧˋ ㄧㄚˋ	奈及利亞	24
ㄏㄠˇ ㄒㄧˇ ㄏㄨㄢ	好喜歡	24
ㄏㄠˇ ㄐㄧˇ ㄕˊ	好幾十	24
ㄏㄠˇ ㄉㄞˇ	好歹	24
ㄖㄨˊ ㄏㄜˊ ㄕˋ ㄏㄠˇ	如何是好	24
ㄊㄨㄛˇ ㄕˋ	妥適	24
ㄨㄟ ㄧˊ	威儀	24
ㄆㄛˊ ㄙㄨㄛ	婆娑	24
ㄇㄚ ㄗㄨˇ ㄇㄧㄠˋ	媽祖廟	24
ㄩㄣˋ ㄩˋ ㄔㄨ	孕育出	24
ㄗˋ ㄗˋ	字字	24
ㄘㄨㄣˊ ㄒㄩˋ	存續	24
ㄍㄨ ㄏㄨㄣˊ	孤魂	24
ㄗㄞˇ ㄕㄚ	宰殺	24
ㄈㄨˋ ㄗㄨˊ	富足	24
ㄩˋ ㄐㄧㄠˋ ㄩˊ ㄌㄜˋ	寓教於樂	24
ㄒㄧㄝˇ ㄧˋ	寫意	24
ㄒㄧㄝˇ ㄕㄨ	寫書	24
ㄒㄧㄝˇ ㄧㄡˇ	寫有	24
ㄎㄨㄢ ㄆㄧㄣˊ ㄨㄤˇ ㄌㄨˋ	寬頻網路	24
ㄈㄥ ㄨㄟˊ	封為	24
ㄓㄨㄢ ㄎㄢ	專刊	24
ㄓㄨㄢ ㄓㄥˋ	專政	24
ㄗㄨㄣ ㄔㄥ	尊稱	24
ㄉㄠˇ ㄏㄨㄛˇ	導火	24
ㄉㄠˇ ㄏㄨˋ	導護	24
ㄒㄧㄠˇ ㄅㄧㄥ	小兵	24
ㄒㄧㄠˇ ㄏㄞˊ ㄦ	小孩兒	24
ㄒㄧㄠˇ ㄏㄞˊ ㄦˊ	小孩兒	24
ㄒㄧㄠˇ ㄨㄛˇ	小我	24
ㄒㄧㄠˇ ㄅㄨˋ ㄈㄣˋ	小部分	24
ㄒㄧㄠˇ ㄉㄨㄟˋ	小隊	24
ㄕㄠˇ ㄉㄜˊ	少得	24
ㄕㄠˋ ㄋㄢˊ	少男	24
ㄐㄩ ㄕˋ	居士	24
ㄨ ㄐㄧˇ	屋脊	24
ㄨ ㄐㄧˊ	屋脊	24
ㄕㄢ ㄧㄢˊ	山岩	24
ㄕㄢ ㄌㄧㄥˇ	山嶺	24
ㄩㄝˋ ㄈㄟ	岳飛	24
ㄢˋ ㄕㄤˋ	岸上	24
ㄅㄥ ㄏㄨㄞˋ	崩壞	24
ㄒㄩㄣˊ ㄔㄚˊ	巡查	24
ㄒㄩㄣˊ ㄈㄤˊ	巡防	24
ㄍㄨㄥ ㄗㄨㄛˋ ㄒㄧㄠˇ ㄗㄨˇ	工作小組	24
ㄗㄨㄛˇ ㄕㄤˋ	左上	24
ㄗㄨㄛˇ ㄌㄧㄣˊ ㄧㄡˋ ㄕㄜˋ	左鄰右舍	24
ㄔㄚ ㄐㄧㄚˋ	差價	24
ㄧˇ ㄎㄞ ㄈㄚ	已開發	24
ㄒㄧˊ ㄉㄧˋ	席地	24
ㄓㄤˋ ㄇㄨˋ	帳目	24
ㄉㄞˋ ㄔㄨ ㄌㄞˊ	帶出來	24
ㄔㄤˊ ㄌㄞˊ	常來	24
ㄔㄤˊ ㄉㄚˇ	常打	24
ㄔㄤˊ ㄊㄧㄥ ㄉㄠˋ	常聽到	24
ㄇㄨˋ ㄈㄨˇ	幕府	24
ㄆㄧㄥˊ ㄕㄥ	平生	24
ㄆㄧㄥˊ ㄌㄨˋ	平路	24
ㄋㄧㄢˊ ㄐㄧㄣˇ	年僅	24
ㄋㄧㄢˊ ㄕㄡ ㄖㄨˋ	年收入	24
ㄋㄧㄢˊ ㄌㄧˇ	年禮	24
ㄐㄧˇ ㄐㄩˋ ㄏㄨㄚˋ	幾句話	24
ㄐㄧˇ ㄐㄧㄢ	幾間	24
ㄐㄧˇ ㄎㄜ	幾顆	24
ㄗㄨㄛˋ ㄔㄜ	座車	24
ㄎㄨˋ ㄈㄤˊ	庫房	24
ㄊㄧㄥˊ ㄓㄤˇ	庭長	24
ㄖㄨㄛˋ ㄒㄧㄠˇ	弱小	24
ㄑㄧㄤˊ ㄒㄧㄣ	強心	24
ㄏㄣˇ ㄍㄢ	很乾	24
ㄏㄣˇ ㄋㄢˊ ㄩㄥˋ	很難用	24
ㄏㄡˋ ㄅㄧˋ ㄏㄨˊ	後壁湖	24
ㄊㄨˊ ㄕㄡˇ	徒手	24
ㄊㄨˊ ㄅㄨˋ ㄑㄩ	徒步區	24
ㄉㄜˊ ㄐㄧㄤˇ ㄓㄜˇ	得獎者	24
ㄘㄨㄥˊ ㄨˊ	從無	24
ㄨㄟˊ ㄏㄨ ㄑㄧˊ ㄨㄟˊ	微乎其微	24
ㄨㄟˊ ㄈㄣ	微分	24
ㄒㄧㄣ ㄒㄩㄝˊ	心學	24
ㄓㄨㄥ ㄔㄣˊ	忠臣	24
ㄎㄨㄞˋ ㄅㄨˋ	快步	24
ㄋㄧㄢˋ ㄉㄠˋ	念到	24
ㄏㄨ ㄖㄢˊ ㄐㄧㄢ	忽然間	24
ㄒㄧㄥˋ ㄑㄧˋ	性器	24
ㄩㄢˋ ㄊㄧㄢ ㄧㄡˊ ㄖㄣˊ	怨天尤人	24
ㄏㄥˊ ㄔㄨㄣ ㄅㄢˋ ㄉㄠˇ	恆春半島	24
ㄣ ㄏㄨㄟˋ	恩惠	24
ㄑㄧㄥˊ ㄩˋ	情欲	24
ㄒㄧㄤˇ ㄕㄨㄟˋ	想睡	24
ㄍㄢˇ ㄊㄨㄥˊ ㄕㄣ ㄕㄡˋ	感同身受	24
ㄘˊ ㄇㄨˇ	慈母	24
ㄘˊ ㄒㄧㄤˊ	慈祥	24
ㄘㄢˇ ㄐㄧㄠˋ	慘叫	24
ㄧㄡ ㄏㄨㄢˋ ㄧˋ ㄕˋ	憂患意識	24
ㄌㄢˇ ㄖㄣˊ ㄅㄠ	懶人包	24
ㄔㄥˊ ㄕˋ	成事	24
ㄔㄥˊ ㄒㄧㄣ	成心	24
ㄨㄛˇ ㄧㄝˇ ㄗㄞˋ	我也在	24
ㄨㄛˇ ㄏㄨㄟˊ ㄑㄩˋ	我回去	24
ㄑㄧ ㄑㄧ	戚戚	24
ㄓㄢˋ ㄌㄧˋ ㄆㄧㄣˇ	戰利品	24
ㄒㄧˋ ㄐㄩˋ ㄏㄨㄚˋ	戲劇化	24
ㄙㄨㄛˇ ㄏㄠˋ	所好	24
ㄕㄡˇ ㄇㄤˊ ㄐㄧㄠˇ ㄌㄨㄢˋ	手忙腳亂	24
ㄕㄡˇ ㄉㄧㄢˋ ㄊㄨㄥˇ	手電筒	24
ㄘㄞˊ ㄓˋ	才智	24
ㄘㄞˊ ㄇㄟˊ	才沒	24
ㄉㄚˇ ㄒㄧㄚˋ ㄑㄩˋ	打下去	24
ㄉㄚˇ ㄏㄠˇ	打好	24
ㄉㄚˇ ㄗㄚˊ	打雜	24
ㄎㄡˋ ㄉㄧˇ	扣抵	24
ㄎㄡˋ ㄌㄧㄡˊ	扣留	24
ㄅㄢ ㄏㄨㄟˊ	扳回	24
ㄊㄡˊ ㄌㄢˊ	投籃	24
ㄊㄡˊ ㄐㄧㄣˋ	投進	24
ㄎㄤˋ ㄏㄢˋ	抗旱	24
ㄊㄞˊ ㄍㄤˋ	抬槓	24
ㄓㄨˇ	拄	24
ㄌㄚ ㄔㄨ ㄌㄞˊ	拉出來	24
ㄌㄚ ㄉㄨˋ ㄗ˙	拉肚子	24
ㄆㄞ ㄒㄧㄚˋ ㄌㄞˊ	拍下來	24
ㄊㄨㄛ ㄌㄜ˙	拖了	24
ㄋㄚˊ ㄍㄨㄛˋ	拿過	24
ㄓˇ ㄖㄣˋ	指認	24
ㄢˋ ㄅㄨˋ ㄐㄧㄡˋ ㄅㄢ	按部就班	24
ㄅㄨˇ ㄌㄠ	捕撈	24
ㄕㄡˋ ㄊㄨˊ	授徒	24
ㄉㄧㄠˋ ㄐㄧㄣˋ	掉進	24
ㄆㄞˊ ㄈㄤˋ ㄌㄧㄤˋ	排放量	24
ㄍㄨㄚˋ ㄍㄡ	掛鉤	24
ㄐㄧㄝ ㄐㄧㄝ	接接	24
ㄐㄧㄝ ㄒㄧㄢˋ	接線	24
ㄐㄧㄝ ㄐㄧㄣˋ	接進	24
ㄊㄨㄟ ㄉㄠˇ	推倒	24
ㄔㄚ ㄗㄨㄛˋ	插座	24
ㄔㄚ ㄧㄤ	插秧	24
ㄧㄤˊ ㄑㄧˋ	揚棄	24
ㄔㄨˋ	搐	24
ㄑㄧㄤˇ ㄍㄨ	搶孤	24
ㄉㄢˋ ㄗ˙	擔子	24
ㄘㄚ ㄍㄢ	擦乾	24
ㄗㄢˇ	攢	24
ㄘㄨㄢˊ	攢	24
ㄕㄡ ㄑㄧˇ ㄌㄞˊ	收起來	24
ㄍㄞˇ ㄊㄡˊ ㄏㄨㄢˋ ㄇㄧㄢˋ	改頭換面	24
ㄍㄨㄥ ㄈㄤˊ ㄓㄢˋ	攻防戰	24
ㄈㄤˋ ㄈㄥ ㄓㄥ	放風箏	24
ㄅㄞˋ ㄐㄧㄚ	敗家	24
ㄐㄧㄠˋ ㄢˋ	教案	24
ㄨㄛˋ	斡	24
ㄐㄧㄣ ㄐㄧㄣ ㄐㄧˋ ㄐㄧㄠˋ	斤斤計較	24
ㄒㄧㄣ ㄒㄧ ㄨㄤˋ	新希望	24
ㄒㄧㄣ ㄧㄥˊ	新營	24
ㄒㄧㄣ ㄨㄣˊ ㄐㄧˋ ㄓㄜˇ	新聞記者	24
ㄒㄧㄣ ㄧㄥ ㄍㄜˊ ㄌㄢˊ	新英格蘭	24
ㄩˊ ㄑㄧ	於七	24
ㄔㄨㄣ ㄏㄨㄟ	春暉	24
ㄔㄨㄣ ㄩˇ	春雨	24
ㄕˊ ㄧㄡˇ ㄙㄨㄛˇ ㄨㄣˊ	時有所聞	24
ㄎㄨㄤˋ ㄉㄚˊ	曠達	24
ㄍㄥ ㄋㄧㄢˊ ㄑㄧˊ	更年期	24
ㄗㄨㄟˋ ㄉㄧ ㄐㄧㄚˋ	最低價	24
ㄗㄨㄟˋ ㄍㄠ ㄈㄥ	最高峰	24
ㄗㄨㄟˋ ㄍㄠ ㄔㄠˊ	最高潮	24
ㄩㄝˋ ㄧㄝˋ	月夜	24
ㄧㄡˇ ㄕㄤ	有傷	24
ㄧㄡˇ ㄔㄥˊ ㄐㄧㄡˋ	有成就	24
ㄧㄡˇ ㄅㄚˇ ㄨㄛˋ	有把握	24
ㄧㄡˇ ㄧㄤˇ	有氧	24
ㄈㄨˊ ㄓㄨㄤ ㄒㄧㄡˋ	服裝秀	24
ㄅㄣˇ ㄐㄧㄝˊ	本節	24
ㄉㄨㄥ ㄐㄧㄚ	東家	24
ㄉㄨㄥ ㄧˊ	東移	24
ㄐㄧㄚˋ ㄓㄢˋ	架站	24
ㄔㄚˊ ㄨㄢˊ	查完	24
ㄔㄚˊ ㄐㄧㄣˋ	查禁	24
ㄔㄚˊ ㄔㄨˇ	查處	24
ㄍㄣ ㄕㄣ ㄉㄧˋ ㄍㄨˋ	根深蒂固	24
ㄐㄧㄝˊ	桀	24
ㄓㄨㄛ ㄇㄧㄢˋ ㄕㄤˋ	桌面上	24
ㄓˊ ㄓㄨ	植株	24
ㄍㄞˋ ㄋㄧㄢˋ ㄍㄨˇ	概念股	24
ㄔㄨㄟˊ ㄗ˙	槌子	24
ㄌㄜˋ ㄘˇ ㄅㄨˋ ㄆㄧˊ	樂此不疲	24
ㄐㄧ ㄎㄜˊ	機殼	24
ㄘˋ ㄕㄥ ㄌㄧㄣˊ	次生林	24
ㄍㄜ ㄨˇ ㄐㄩˋ	歌舞劇	24
ㄡ ㄧㄚˇ	歐亞	24
ㄡ ㄕˋ	歐式	24
ㄓㄥˋ ㄏㄠˇ ㄕˋ	正好是	24
ㄓㄥˋ ㄆㄞˋ	正派	24
ㄓㄥˋ ㄉㄤ ㄉㄜ˙	正當的	24
ㄨˇ ㄌㄧㄣˊ	武林	24
ㄙˇ ㄒㄧㄣ	死心	24
ㄕㄚ ㄐㄧ	殺雞	24
ㄏㄨㄟˇ ㄇㄧㄝˋ ㄒㄧㄥˋ	毀滅性	24
ㄇㄟˇ ㄨㄢˇ	每晚	24
ㄉㄨˊ ㄕㄜˊ	毒蛇	24
ㄑㄧˋ ㄌㄥˇ	氣冷	24
ㄑㄧˋ ㄓㄨㄤˋ	氣狀	24
ㄕㄨㄟˇ ㄔㄨˇ ㄌㄧˇ	水處理	24
ㄕㄨㄟˇ ㄔㄨˋ ㄌㄧˇ	水處理	24
ㄕㄨㄟˇ ㄈㄟˋ	水費	24
ㄑㄧㄡˊ ㄘㄞˊ	求才	24
ㄒㄩㄣˋ ㄑㄧˊ	汛期	24
ㄨ ㄖㄢˇ ㄨˋ	污染物	24
ㄐㄩㄝˊ ㄧˋ ㄨㄣˊ	決議文	24
ㄔㄣˊ ㄐㄧㄣˋ	沈浸	24
ㄔㄣˊ ㄕㄨㄟˋ	沈睡	24
ㄔㄣˊ ㄗㄨㄟˋ	沈醉	24
ㄇㄟˊ ㄎㄨㄥˋ	沒空	24
ㄇㄟˊ ㄅㄧㄢˋ	沒變	24
ㄏㄜˊ ㄍㄨˇ	河谷	24
ㄈㄚˋ ㄩˇ	法語	24
ㄒㄧㄠ	洨	24
ㄒㄧㄠˊ	洨	24
ㄑㄧㄚˋ ㄕㄤ	洽商	24
ㄆㄞˋ ㄅㄧㄥ	派兵	24
ㄏㄞˇ ㄌㄨㄣˊ	海倫	24
ㄏㄞˇ ㄅㄨˇ	海埔	24
ㄏㄞˇ ㄆㄨˇ	海埔	24
ㄏㄞˇ ㄗㄠˇ	海藻	24
ㄏㄞˇ ㄉㄧㄠˋ	海釣	24
ㄒㄧㄠ ㄕㄨˇ	消暑	24
ㄕㄣ ㄖㄨˋ ㄑㄧㄢˇ ㄔㄨ	深入淺出	24
ㄑㄧㄥ ㄌㄧㄡˊ	清流	24
ㄑㄩˊ ㄉㄠˋ	渠道	24
ㄉㄨˋ ㄉㄠˋ	渡到	24
ㄧㄡˊ ㄐㄧˊ ㄉㄨㄟˋ	游擊隊	24
ㄊㄤ ㄅㄠ	湯包	24
ㄓㄨㄣˇ ㄑㄩㄝˋ ㄉㄨˋ	準確度	24
ㄌㄧㄡ ㄗㄡˇ	溜走	24
ㄧˋ ㄔㄨ	溢出	24
ㄨㄣ ㄕㄨㄟˇ	溫水	24
ㄖㄨㄥˊ ㄧˋ	溶液	24
ㄖㄨㄥˊ ㄧㄝˋ	溶液	24
ㄊㄠ ㄊㄠ ㄅㄨˋ ㄐㄩㄝˊ	滔滔不絕	24
ㄉㄧ ㄕㄨㄟˇ	滴水	24
ㄌㄡˋ ㄧㄡˊ	漏油	24
ㄧㄢˇ ㄧˋ	演義	24
ㄨㄟˊ ㄕㄚˊ	為啥	24
ㄨㄟˊ ㄏㄞˋ	為害	24
ㄨ ㄖˋ	烏日	24
ㄨˊ ㄌㄨˋ	無路	24
ㄨˊ ㄑㄧㄢ ㄑㄧˋ ㄧㄡˊ	無鉛汽油	24
ㄧㄢ ㄉㄡˇ	煙斗	24
ㄓㄨˇ ㄈㄟˋ	煮沸	24
ㄖㄜˋ ㄖㄜˋ	熱熱	24
ㄕㄨㄤˇ ㄌㄤˇ	爽朗	24
ㄆㄧㄢˋ ㄔㄤˇ	片場	24
ㄆㄧㄢˋ ㄔㄤˊ	片長	24
ㄨˋ ㄓˊ ㄕㄥ ㄏㄨㄛˊ	物質生活	24
ㄊㄜˋ ㄆㄞˋ	特派	24
ㄑㄧㄢ ㄔㄜˇ ㄉㄠˋ	牽扯到	24
ㄈㄟˋ	狒	24
ㄇㄥˇ ㄏㄨˇ	猛虎	24
ㄘㄞ ㄘㄞ	猜猜	24
ㄐㄧㄤˇ ㄅㄟ	獎盃	24
ㄐㄧㄤˇ ㄕㄤˇ	獎賞	24
ㄉㄨˊ ㄐㄧㄚ ㄅㄠˋ ㄉㄠˇ	獨家報導	24
ㄉㄨˊ ㄘㄞˊ ㄓㄜˇ	獨裁者	24
ㄏㄨㄛˋ ㄕˋ	獲釋	24
ㄓㄣ ㄍㄨˇ ㄉㄜˊ	珍古德	24
ㄒㄧㄢˋ ㄖㄣˋ ㄉㄜ˙	現任的	24
ㄍㄨㄟ ㄌㄧˋ	瑰麗	24
ㄐㄧ	璣	24
ㄕㄥ ㄆㄚˋ	生怕	24
ㄕㄥ ㄌㄧˊ	生離	24
ㄙㄨ ㄒㄧㄥˇ	甦醒	24
ㄊㄧㄢˊ ㄐㄧㄥˋ ㄙㄞˋ	田徑賽	24
ㄐㄧㄚˇ ㄗˇ	甲子	24
ㄌㄧㄡˊ ㄉㄠˋ	留到	24
ㄏㄨㄚˋ ㄨㄟˊ	畫為	24
ㄧˋ ㄨˋ	異物	24
ㄉㄤ ㄍㄨㄛˊ	當國	24
ㄕㄨ ㄩˊ	疏於	24
ㄕㄨ ㄌㄡˋ	疏漏	24
ㄆㄧˊ ㄌㄟˋ	疲累	24
ㄉㄥ ㄗㄞˋ	登在	24
ㄈㄚ ㄒㄧㄚˋ	發下	24
ㄅㄞˊ ㄅㄨˋ	白布	24
ㄆㄧˊ ㄈㄨ ㄅㄧㄥˋ	皮膚病	24
ㄇㄨˋ ㄒㄩㄢˋ	目眩	24
ㄓˊ ㄍㄨㄢ	直觀	24
ㄒㄧㄤ ㄅㄢˋ	相伴	24
ㄒㄧㄤ ㄒㄧㄤˋ	相向	24
ㄒㄧㄤ ㄧˋ	相異	24
ㄒㄧㄤ ㄐㄧㄣˋ ㄉㄜ˙	相近的	24
ㄕㄥˇ ㄌㄧˋ	省力	24
ㄕㄥˇ ㄔㄥˊ	省城	24
ㄕㄥˇ ㄕˊ	省時	24
ㄎㄢˋ ㄗㄨㄛˋ	看做	24
ㄎㄢˋ ㄑㄧㄡˊ	看球	24
ㄓㄣ ㄑㄧㄝˋ	真切	24
ㄧㄢˇ ㄒㄧㄢˋ	眼線	24
ㄑㄧㄠˊ ㄐㄧㄢˋ	瞧見	24
ㄉㄨㄢˇ ㄐㄩˋ	短劇	24
ㄕˊ ㄎㄜ	石刻	24
ㄕˊ ㄎㄜˋ	石刻	24
ㄆㄛˋ ㄓㄢˋ	破綻	24
ㄅㄧˋ ㄩˋ	碧玉	24
ㄆㄥˋ ㄓㄠˊ	碰著	24
ㄐㄧㄠ ㄒㄧ	礁溪	24
ㄕㄣˊ ㄉㄧㄢˋ	神殿	24
ㄕㄣˊ ㄉㄥ	神燈	24
ㄐㄧㄣˋ ㄍㄨˋ	禁錮	24
ㄌㄧˇ ㄑㄩㄢˋ	禮券	24
ㄎㄜ ㄒㄩㄝˊ ㄐㄧˋ ㄕㄨˋ	科學技術	24
ㄎㄜ ㄒㄩㄝˊ ㄐㄧㄝˋ	科學界	24
ㄗㄨ ㄏㄨˋ	租戶	24
ㄓㄨㄥˇ ㄕㄨˋ	種數	24
ㄍㄠˇ ㄈㄟˋ	稿費	24
ㄍㄨˇ ㄨˋ	穀物	24
ㄨㄣˇ ㄓㄨˋ	穩住	24
ㄎㄨㄥ ㄌㄜ˙	空了	24
ㄊㄨˊ ㄆㄛˋ ㄒㄧㄥˋ	突破性	24
ㄓㄢˋ ㄌㄜ˙	站了	24
ㄓㄤ ㄒㄧㄠˋ ㄘˊ	章孝慈	24
ㄉㄧˋ ㄙㄢ ㄕˊ ㄙˋ	第三十四	24
ㄉㄥˇ ㄐㄧㄚˋ	等價	24
ㄐㄧㄠˇ	筊	24
ㄌㄢˊ ㄑㄧㄡˊ ㄙㄞˋ	籃球賽	24
ㄌㄢˊ ㄉㄨㄟˋ	籃隊	24
ㄌㄨㄥˊ ㄌㄨㄛˋ	籠絡	24
ㄌㄧˋ ㄌㄧˋ	粒粒	24
ㄐㄧㄥ ㄌㄧㄤˊ	精良	24
ㄗㄠ ㄊㄚˋ	糟蹋	24
ㄋㄧㄡˇ ㄗㄜˊ ㄒㄧ	紐澤西	24
ㄐㄧˊ ㄖㄣˋ	級任	24
ㄗˇ ㄅㄢ	紫斑	24
ㄌㄟˋ ㄙˇ	累死	24
ㄌㄟˇ ㄐㄧ ㄉㄠˋ	累積到	24
ㄐㄧㄠˇ ㄊㄨㄥˋ	絞痛	24
ㄅㄤˇ ㄆㄧㄠˋ	綁票	24
ㄐㄧㄥ ㄕㄨ	經書	24
ㄐㄧㄥ ㄐㄧˋ ㄨㄟˊ ㄐㄧ	經濟危機	24
ㄐㄧㄥ ㄐㄧˋ ㄍㄨㄥ ㄙ	經紀公司	24
ㄌㄩˋ ㄧㄡˊ ㄧㄡˊ	綠油油	24
ㄨㄟˊ ㄐㄧˊ ㄋㄧˊ ㄧㄚˇ	維吉尼亞	24
ㄨㄤˇ ㄌㄨˋ ㄒㄧˋ ㄊㄨㄥˇ	網路系統	24
ㄑㄧˋ ㄙ	緝私	24
ㄩㄢˊ ㄈㄣˋ	緣分	24
ㄅㄧㄢ ㄗㄠˋ	編造	24
ㄒㄧㄢˋ ㄔㄥˊ	縣城	24
ㄒㄧㄢˋ ㄓˋ	縣誌	24
ㄙㄨㄛ ㄔㄥˊ	縮成	24
ㄗㄨㄥˇ ㄏㄜˊ	總合	24
ㄗㄨㄥˇ ㄍㄨㄟ	總歸	24
ㄗㄨㄥˇ ㄍㄨㄢˇ	總管	24
ㄔㄢˊ ㄖㄠˋ	纏繞	24
ㄔㄢˊ ㄉㄡˋ	纏鬥	24
ㄌㄢˇ ㄒㄧㄢˋ	纜線	24
ㄗㄨㄟˋ ㄎㄨㄟˊ	罪魁	24
ㄌㄨㄛˊ ㄌㄧㄝˋ	羅列	24
ㄉㄧˊ	翟	24
ㄓㄞˊ	翟	24
ㄧˋ	翳	24
ㄌㄠˇ ㄈㄨˇ	老父	24
ㄌㄠˇ ㄈㄨˋ	老父	24
ㄌㄠˇ ㄗㄨㄥˇ	老總	24
ㄌㄠˇ ㄊㄡˊ ㄦ	老頭兒	24
ㄌㄠˇ ㄊㄡˊ ㄦˊ	老頭兒	24
ㄌㄠˇ ㄊㄡˊ ㄗ˙	老頭子	24
ㄋㄞˋ ㄩㄥˋ	耐用	24
ㄕㄥˋ ㄧㄥ ㄒㄧㄢˋ ㄒㄧㄤˋ	聖嬰現象	24
ㄕㄥ ㄅㄛ	聲波	24
ㄕㄥ ㄆㄛ	聲波	24
ㄙㄨㄥˇ ㄙㄨㄥˇ	聳聳	24
ㄓˊ ㄙ	職司	24
ㄩˋ	聿	24
ㄖㄡˋ ㄍㄥ	肉羹	24
ㄍㄨˇ ㄧㄡˇ ㄕㄜˋ	股友社	24
ㄕㄣˋ ㄅㄧㄥˋ	腎病	24
ㄐㄧㄠˇ ㄓˇ	腳趾	24
ㄗˋ ㄉㄨㄥˋ ㄗˋ ㄈㄚ	自動自發	24
ㄗˋ ㄍㄠˋ ㄈㄣˋ ㄩㄥˇ	自告奮勇	24
ㄔㄡˋ ㄧㄤˇ ㄘㄥˊ	臭氧層	24
ㄓˋ ㄐㄧˊ	至極	24
ㄓˋ ㄧㄠˋ	至要	24
ㄐㄧㄡˋ ㄔˇ	臼齒	24
ㄧㄠˇ	舀	24
ㄨㄞˇ	舀	6.351308576902391
ㄩˇ ㄕˊ ㄐㄩˋ ㄐㄧㄣˋ	與時俱進	24
ㄅㄛ ㄖㄜˇ	般若	24
ㄔㄨㄢˊ ㄉㄨㄟˋ	船隊	24
ㄌㄧㄤˊ ㄐㄧㄡˇ	良久	24
ㄌㄧㄤˊ ㄕ	良師	24
ㄏㄨㄚ ㄑㄧㄠˋ	花俏	24
ㄏㄨㄚ ㄕˋ	花市	24
ㄏㄨㄚ ㄅㄨˋ	花布	24
ㄏㄨㄚ ㄍㄨㄛˇ	花果	24
ㄏㄨㄚ ㄒㄩˋ	花絮	24
ㄏㄨㄚ ㄏㄨㄚ ㄍㄨㄥ ㄗˇ	花花公子	24
ㄏㄨㄚ ㄔㄚˊ	花茶	24
ㄇㄧㄠˊ ㄆㄨˇ	苗圃	24
ㄔㄚˊ ㄋㄨㄥˊ	茶農	24
ㄏㄜˊ ㄧㄝˋ	荷葉	24
ㄏㄜˊ ㄇㄚˇ	荷馬	24
ㄓㄨㄤ ㄓㄨㄥˋ	莊重	24
ㄏㄨㄚˊ ㄍㄨㄥ	華工	24
ㄨㄢˋ ㄎㄜˋ ㄌㄨㄥˊ	萬客隆	24
ㄌㄨㄛˋ ㄆㄛˋ	落魄	24
ㄕㄣ	蔘	24
ㄘㄞˋ ㄩㄢˊ ㄆㄟˊ	蔡元培	24
ㄘㄤˊ ㄑㄧˇ	藏起	24
ㄧˋ ㄕㄨˋ ㄐㄧˋ	藝術季	24
ㄙㄨ ㄧㄡˇ ㄆㄥˊ	蘇有朋	24
ㄙㄨ ㄈㄟ ㄧㄚˇ	蘇菲亞	24
ㄔㄨˋ ㄋㄩˇ ㄗㄨㄛˋ	處女作	24
ㄓㄨ ㄨㄤˇ	蛛網	24
ㄈㄥ ㄩㄥˇ	蜂擁	24
ㄓㄨㄥ ㄙ	螽斯	24
ㄉㄨˋ	蠹	24
ㄧ ㄎㄨˋ	衣褲	24
ㄈㄨˋ ㄏㄜˊ ㄘˊ	複合詞	24
ㄒㄧ ㄏㄢˋ	西漢	24
ㄒㄧ ㄈㄟ	西非	24
ㄍㄨㄢ ㄧㄣ ㄕㄢ	觀音山	24
ㄐㄧㄠˇ ㄏㄨㄚˋ	角化	24
ㄔㄨˋ ㄈㄚˇ	觸法	24
ㄐㄧˋ ㄧˋ ㄧㄡˊ ㄒㄧㄣ	記憶猶新	24
ㄐㄧˋ ㄍㄨㄛˋ	記過	24
ㄕㄜˋ ㄉㄧㄥˋ ㄉㄤˇ	設定檔	24
ㄒㄩˇ ㄉㄨㄛ ㄍㄨㄛˊ ㄐㄧㄚ	許多國家	24
ㄏㄜ	訶	24
ㄓㄨˋ ㄐㄧˋ	註記	24
ㄏㄨㄚˋ ㄕㄨㄛ ㄏㄨㄟˊ ㄌㄞˊ	話說回來	24
ㄕㄨㄛ ㄍㄟˇ	說給	24
ㄎㄜˋ ㄓㄨㄛ ㄧˇ	課桌椅	24
ㄊㄧㄠˊ ㄉㄧ	調低	24
ㄊㄧㄠˊ ㄐㄧㄠˋ	調教	24
ㄒㄧㄝˊ ㄧㄣ	諧音	24
ㄐㄧㄤˇ ㄒㄩㄝˊ	講學	24
ㄐㄧㄤˇ ㄘㄨㄛˋ	講錯	24
ㄒㄧㄝˋ ㄔㄤˊ ㄏㄥ	謝長亨	24
ㄓㄥˋ ㄑㄩㄢˋ ㄕㄤ	證券商	24
ㄧˋ ㄐㄩㄝˊ	議決	24
ㄉㄨˊ ㄖㄨˋ	讀入	24
ㄉㄨˊ ㄑㄧˇ ㄌㄞˊ	讀起來	24
ㄅㄧㄢˋ ㄙㄜˋ ㄌㄨㄥˊ	變色龍	24
ㄨㄢ	豌	24
ㄨㄢ ㄉㄡˋ	豌豆	24
ㄏㄠˊ ㄇㄞˋ	豪邁	24
ㄘㄞˊ ㄕㄣˊ	財神	24
ㄗ	貲	24
ㄇㄠˋ ㄧˋ ㄋㄧˋ ㄔㄚ	貿易逆差	24
ㄗ ㄧㄡ ㄅㄢ	資優班	24
ㄗ ㄢ	資安	24
ㄘˋ ㄍㄟˇ	賜給	24
ㄙˋ ㄍㄟˇ	賜給	24
ㄇㄞˋ ㄔㄨ ㄑㄩˋ	賣出去	24
ㄇㄞˋ ㄑㄧㄢˊ	賣錢	24
ㄑㄧˇ ㄕㄡˇ	起手	24
ㄔㄠ ㄋㄥˊ ㄌㄧˋ	超能力	24
ㄩㄝˋ ㄈㄚ	越發	24
ㄆㄠˇ ㄌㄞˊ ㄆㄠˇ ㄑㄩˋ	跑來跑去	24
ㄊㄧㄠˋ ㄩㄢˇ	跳遠	24
ㄊㄧ ㄉㄠˋ	踢到	24
ㄐㄩㄣ ㄕˋ	軍士	24
ㄐㄩㄣ ㄇㄧㄣˊ	軍民	24
ㄓㄨㄢˇ ㄊㄞˊ	轉台	24
ㄅㄧㄢˋ ㄐㄧㄝˇ	辯解	24
ㄩ ㄏㄨㄟˊ	迂迴	24
ㄉㄞˋ	迨	24
ㄏㄡˋ	逅	24
ㄋㄧˋ ㄌㄧㄡˊ	逆流	24
ㄌㄧㄢˊ ㄐㄧㄤ ㄒㄧㄢˋ	連江縣	24
ㄓㄡ ㄋㄧㄢˊ ㄐㄧˋ ㄋㄧㄢˋ	週年紀念	24
ㄍㄨㄛˋ ㄅㄨˋ ㄌㄧㄠˇ	過不了	24
ㄍㄨㄛˋ ㄌㄧㄤˇ ㄊㄧㄢ	過兩天	24
ㄍㄨㄛˋ ㄉㄨˋ ㄑㄧˊ	過渡期	24
ㄒㄧㄝˋ ㄍㄡˋ	邂逅	24
ㄒㄧㄝˋ ㄏㄡˋ	邂逅	24
ㄋㄚˇ ㄕㄡˇ	那首	24
ㄋㄚˋ ㄕㄡˇ	那首	24
ㄧㄡˊ ㄗ	郵資	24
ㄉㄡ ㄕㄤˋ	都上	24
ㄉㄡ ㄅㄨˊ ㄗㄞˋ	都不在	24
ㄉㄡ ㄏㄨㄟˊ	都回	24
ㄉㄡ ㄧㄣ	都因	24
ㄑㄧㄡˊ ㄓㄤˇ	酋長	24
ㄐㄧㄡˇ ㄆㄧㄥˊ	酒瓶	24
ㄐㄧㄡˇ ㄍㄨㄢˇ	酒館	24
ㄗㄨㄟˋ ㄐㄧㄡˇ	醉酒	24
ㄐㄧㄣ ㄊㄧㄠˊ	金條	24
ㄐㄧㄣ ㄐㄧ	金雞	24
ㄐㄧㄣ ㄩˊ	金魚	24
ㄑㄩㄢˊ ㄒㄩˋ	銓敘	24
ㄈㄥ ㄊㄡˊ	鋒頭	24
ㄈㄥ ㄊㄡ˙	鋒頭	24
ㄌㄨˋ ㄧㄥˇ ㄐㄧ	錄影機	24
ㄑㄧㄢˊ ㄅㄧˋ	錢幣	24
ㄓㄨㄥ ㄉㄧㄢˇ	鐘點	24
ㄊㄧㄝˇ ㄆㄧㄠˋ	鐵票	24
ㄊㄧㄝˇ ㄙ ㄨㄤˇ	鐵絲網	24
ㄔㄤˊ ㄔㄤˊ ㄉㄜ˙	長長的	24
ㄎㄞ ㄗㄞˋ	開在	24
ㄎㄞ ㄍㄤˇ	開港	24
ㄍㄜˊ ㄌㄡˊ	閣樓	24
ㄔㄨㄤˇ ㄔㄨ	闖出	24
ㄍㄨㄢ ㄏㄨ	關乎	24
ㄍㄨㄢ ㄗ˙	關子	24
ㄍㄨㄢ ㄐㄧㄣˋ	關進	24
ㄈㄤˊ ㄏㄨㄛˇ ㄑㄧㄤˊ	防火牆	24
ㄈㄤˊ ㄈㄥ	防風	24
ㄈㄨˋ ㄓㄨㄥ	附中	24
ㄈㄨˋ ㄏㄨㄟˋ	附會	24
ㄔㄨˊ ㄎㄞ	除開	24
ㄌㄨˋ ㄑㄧㄠˊ	陸橋	24
ㄧㄤˊ ㄙㄢˇ	陽傘	24
ㄧㄚˇ ㄏㄨㄟˋ	雅惠	24
ㄐㄧˊ ㄐㄧㄝˊ ㄔㄥˊ	集結成	24
ㄍㄨˋ ㄩㄢˊ	雇員	24
ㄕㄨㄤ ㄅㄟˋ	雙臂	24
ㄗㄚˊ ㄨˋ	雜物	24
ㄌㄧˊ ㄧˋ	離異	24
ㄌㄧˊ ㄒㄧㄤ ㄅㄟˋ ㄐㄧㄥˇ	離鄉背井	24
ㄋㄢˊ ㄩˊ	難於	24
ㄩˇ ㄕㄥ	雨聲	24
ㄌㄟˊ ㄓㄣˋ ㄩˇ	雷陣雨	24
ㄉㄧㄢˋ ㄗˇ ㄐㄧ	電子雞	24
ㄉㄧㄢˋ ㄏㄨㄚˋ ㄈㄟˋ	電話費	24
ㄒㄩ ㄑㄧㄡˊ ㄇㄧㄢˋ	需求面	24
ㄓㄣˋ ㄗㄞ	震災	24
ㄑㄧㄥ ㄕㄠˋ ㄅㄤˋ	青少棒	24
ㄈㄟ ㄊㄨㄥˊ	非同	24
ㄎㄠˋ ㄌㄨㄥˇ	靠攏	24
ㄧㄤ	鞅	24
ㄧㄤˇ	鞅	24
ㄧㄣ ㄩㄝˋ ㄐㄧㄝˋ	音樂界	24
ㄌㄧㄥˇ ㄊㄡˊ	領頭	24
ㄊㄡˊ ㄊㄧㄠˊ ㄒㄧㄣ ㄨㄣˊ	頭條新聞	24
ㄌㄟˋ ㄙˋ ㄩˊ	類似於	24
ㄍㄨˋ ㄏㄠˇ	顧好	24
ㄈㄥ ㄙㄨˋ	風速	24
ㄆㄧㄠ ㄧㄤˊ	飄洋	24
ㄈㄟ ㄗㄡˇ	飛走	24
ㄈㄟ ㄑㄧˇ	飛起	24
ㄈㄟ ㄋㄧㄠˇ	飛鳥	24
ㄧㄤˇ ㄍㄨㄥ ㄔㄨˋ	養工處	24
ㄐㄧㄣˇ	饉	24
ㄇㄚˇ ㄉㄧㄥ	馬丁	24
ㄇㄚˇ ㄒㄧˋ ㄊㄨㄢˊ	馬戲團	24
ㄇㄚˇ ㄗㄨˇ ㄉㄧˋ ㄑㄩ	馬祖地區	24
ㄓㄨˋ ㄕㄡˇ	駐守	24
ㄊㄨㄛˊ ㄅㄟˋ	駝背	24
ㄇㄛˋ ㄖㄢˊ	驀然	24
ㄌㄡˊ	髏	24
ㄍㄠ ㄙㄥ	高僧	24
ㄍㄠ ㄊㄞˊ	高台	24
ㄍㄠ ㄏㄨ	高呼	24
ㄍㄠ ㄅㄧㄠ	高標	24
ㄩˊ ㄆㄧㄢˋ	魚片	24
ㄩˊ ㄌㄧㄣˊ	魚鱗	24
ㄌㄨˇ ㄍㄨㄛˊ	魯國	24
ㄜˊ ㄌㄨㄢˊ ㄅㄧˊ	鵝鑾鼻	24
ㄨˇ	鵡	24
ㄌㄨˋ ㄙ	鷺鷥	24
ㄧㄥ ㄨˇ	鸚鵡	24
ㄧㄢˊ ㄉㄨˋ	鹽度	24
ㄇㄚˊ ㄧㄡˊ	麻油	24
ㄏㄨㄤˊ ㄆㄨˇ	黃浦	24
ㄏㄨㄤˊ ㄏㄞˇ	黃海	24
ㄏㄢ	鼾	24
ㄑㄧˊ ㄅㄞˊ ㄕˊ	齊白石	24
ㄌㄨㄥˊ ㄈㄥˋ	龍鳳	24
ㄧ ㄅㄚ ㄨˇ	一八五	23
ㄧ ㄌㄧㄡˋ ㄙㄢ	一六三	23
ㄧ ㄋㄧㄢˊ ㄙˋ ㄐㄧˋ	一年四季	23
ㄧˋ ㄋㄧㄢˊ ㄙˋ ㄐㄧˋ	一年四季	23
ㄧ ㄉㄨˇ	一睹	23
ㄧˋ ㄉㄨˇ	一睹	23
ㄧ ㄒㄧㄤ	一箱	23
ㄧˋ ㄒㄧㄤ	一箱	23
ㄧ ㄌㄧㄢˇ	一臉	23
ㄧˋ ㄌㄧㄢˇ	一臉	23
ㄧ ㄌㄨㄛˋ ㄑㄧㄢ ㄓㄤˋ	一落千丈	23
ㄧˊ ㄌㄨㄛˋ ㄑㄧㄢ ㄓㄤˋ	一落千丈	23
ㄙㄢ ㄗㄨㄥˇ	三總	23
ㄕㄤˋ ㄕㄤˋ ㄒㄧㄚˋ ㄒㄧㄚˋ	上上下下	23
ㄒㄧㄚˋ ㄉㄠˋ	下到	23
ㄒㄧㄚˋ ㄔㄨㄤˊ	下床	23
ㄒㄧㄚˋ ㄧˋ ㄕˋ	下意識	23
ㄒㄧㄚˋ ㄅㄧㄠ	下標	23
ㄒㄧㄚˋ ㄨㄤˇ	下網	23
ㄅㄨˋ ㄔㄨ ㄑㄩˋ	不出去	23
ㄅㄨˊ ㄒㄧㄠˋ	不孝	23
ㄅㄨˋ ㄏㄨㄤ	不慌	23
ㄅㄨˊ ㄏㄨㄟˋ ㄅㄨˊ	不會不	23
ㄅㄨˊ ㄏㄨㄟˋ ㄅㄨˋ	不會不	23
ㄅㄨˋ ㄩˇ	不與	23
ㄅㄨˋ ㄍㄨㄟ ㄗㄜˊ	不規則	23
ㄅㄨˋ ㄗ	不貲	23
ㄅㄨˋ ㄗㄡˇ	不走	23
ㄕˋ ㄨㄞˋ ㄊㄠˊ ㄩㄢˊ	世外桃源	23
ㄕˋ ㄗㄨㄥ	世宗	23
ㄕˋ ㄐㄧㄝˋ ㄅㄟ	世界杯	23
ㄅㄧㄥˋ ㄘㄨㄥˊ	並從	23
ㄓㄨㄥ ㄍㄨㄥˋ ㄓㄨㄥ ㄧㄤ	中共中央	23
ㄓㄨㄥ ㄋㄢˊ ㄏㄞˇ	中南海	23
ㄓㄨㄥ ㄍㄨㄛˊ ㄨㄣˊ ㄒㄩㄝˊ	中國文學	23
ㄓㄨㄥ ㄆㄧㄥˊ	中平	23
ㄓㄨㄥ ㄓㄥˋ ㄑㄩ	中正區	23
ㄔㄨㄢˋ ㄔㄥˊ	串成	23
ㄓㄨˇ ㄒㄧㄢˊ	主嫌	23
ㄑㄧˇ ㄊㄠˇ	乞討	23
ㄍㄢ ㄒㄧㄢˇ	乾癬	23
ㄌㄨㄢˋ ㄒㄧㄝˇ	亂寫	23
ㄌㄨㄢˋ ㄉㄧㄠˋ	亂掉	23
ㄨˇ ㄕˊ ㄎㄨㄞˋ	五十塊	23
ㄨˇ ㄈㄨˊ	五福	23
ㄐㄧㄥˇ ㄕㄤˋ	井上	23
ㄖㄣˊ ㄦ	人兒	23
ㄖㄣˊ ㄦˊ	人兒	23
ㄖㄣˊ ㄗˇ	人子	23
ㄖㄣˊ ㄒㄧㄣ ㄏㄨㄤˊ ㄏㄨㄤˊ	人心惶惶	23
ㄐㄧㄣ ㄗㄠˇ	今早	23
ㄉㄞˋ ㄌㄧˇ ㄩㄣˋ ㄇㄨˇ	代理孕母	23
ㄑㄧˋ ㄆㄢˋ	企盼	23
ㄒㄧㄡ ㄙ	休斯	23
ㄉㄧ ㄎㄨㄥ	低空	23
ㄓㄨˋ ㄒㄧㄚˋ	住下	23
ㄓㄨˋ ㄉㄧˋ	住地	23
ㄓㄨˋ ㄙㄨˋ ㄕㄥ	住宿生	23
ㄗㄨㄛˋ ㄅㄚˋ	作罷	23
ㄧㄤˊ	佯	23
ㄌㄞˊ ㄒㄧㄚˋ	來下	23
ㄌㄧˋ ㄐㄧㄚˋ	例假	23
ㄧ ㄨㄟ	依偎	23
ㄧ ㄨㄟˋ	依偎	23
ㄐㄩㄣˋ ㄍㄨㄛˊ	俊國	23
ㄈㄨˇ ㄕˋ	俯視	23
ㄐㄧㄝˋ ㄩㄝˋ	借閱	23
ㄓˊ ㄉㄜˊ ㄧˋ ㄊㄧˊ ㄉㄜ˙ ㄕˋ	值得一提的是	23
ㄐㄧㄚˇ ㄗㄨㄛˋ	假作	23
ㄐㄧㄚˇ ㄕㄢ	假山	23
ㄆㄧㄢ ㄓˊ	偏執	23
ㄗㄨㄛˋ ㄕˋ ㄑㄧㄥˊ	做事情	23
ㄍㄨㄟ	傀	23
ㄎㄨㄟˇ	傀	23
ㄅㄟˋ ㄕㄡˋ ㄓㄨˇ ㄇㄨˋ	備受矚目	23
ㄅㄟˋ ㄍㄢˇ	備感	23
ㄅㄟˋ ㄔㄚˊ	備查	23
ㄘㄨㄟ ㄏㄨㄚˋ ㄐㄧˋ	催化劑	23
ㄔㄨㄢˊ ㄉㄠˋ	傳道	23
ㄑㄧㄠˊ ㄐㄩ	僑居	23
ㄖㄨˊ ㄓㄜˇ	儒者	23
ㄒㄩㄥ ㄓㄤˇ	兄長	23
ㄔㄨㄥ ㄑㄧˋ	充氣	23
ㄒㄧㄢ ㄒㄧㄝˇ	先寫	23
ㄒㄧㄢ ㄐㄧㄤˇ	先講	23
ㄍㄨㄤ ㄘㄞˇ	光采	23
ㄦˊ ㄊㄨㄥˊ ㄨㄣˊ ㄒㄩㄝˊ	兒童文學	23
ㄖㄨˋ ㄉㄨㄥ	入冬	23
ㄋㄟˋ ㄓㄨㄥ	內中	23
ㄋㄟˋ ㄐㄧㄥ	內經	23
ㄌㄧㄤˇ ㄏㄨㄟˊ ㄕˋ	兩回事	23
ㄅㄚ ㄑㄧˊ	八期	23
ㄍㄨㄥ ㄩㄢˊ ㄌㄨˋ	公園路	23
ㄍㄨㄥ ㄐㄩㄝˊ	公爵	23
ㄍㄨㄥ ㄎㄞ ㄏㄨㄚˋ	公開化	23
ㄌㄧㄡˋ ㄐㄧㄝˋ	六屆	23
ㄇㄠˋ ㄩㄥˋ	冒用	23
ㄠ ㄒㄧㄢˋ	凹陷	23
ㄔㄨ ㄊㄧˊ	出題	23
ㄈㄣ ㄗㄨㄛˋ	分做	23
ㄈㄣ ㄆㄧ	分批	23
ㄈㄣ ㄨㄣˊ	分文	23
ㄈㄣ ㄇㄧㄠˇ	分秒	23
ㄈㄣ ㄏㄨㄥˊ	分紅	23
ㄈㄣ ㄉㄨㄟˋ	分隊	23
ㄈㄣ ㄐㄧˋ	分際	23
ㄔㄨ ㄕㄥ	初生	23
ㄅㄧㄝˊ ㄕㄤˋ	別上	23
ㄅㄧㄝˊ ㄐㄧㄠˋ	別教	23
ㄅㄧㄝˊ ㄎㄢˋ	別看	23
ㄌㄧˋ ㄩㄥˋ ㄌㄩˋ	利用率	23
ㄎㄜˋ ㄎㄨˇ	刻苦	23
ㄎㄜ ㄅㄛˊ	刻薄	23
ㄎㄜˋ ㄅㄛˊ	刻薄	23
ㄈㄨˋ ㄕㄣˇ	副審	23
ㄌㄧˋ ㄊㄨˊ	力圖	23
ㄌㄧˋ ㄋㄥˊ	力能	23
ㄍㄨㄥ ㄅㄨˋ ㄎㄜˇ ㄇㄛˋ	功不可沒	23
ㄐㄧㄚ ㄕㄤˋ ㄑㄩˋ	加上去	23
ㄐㄧㄚ ㄉㄨㄛ	加多	23
ㄐㄧㄚ ㄔㄤˊ	加長	23
ㄉㄨㄥˋ ㄨˋ ㄒㄧㄥˋ	動物性	23
ㄅㄠ ㄑㄧˇ ㄌㄞˊ	包起來	23
ㄅㄧˇ	匕	23
ㄅㄟˇ ㄧˊ	北宜	23
ㄅㄟˇ ㄏㄞˇ ㄢˋ	北海岸	23
ㄅㄟˇ ㄇㄟˇ ㄓㄡ	北美洲	23
ㄗㄚ	匝	23
ㄕˊ ㄧ ㄖㄣˊ	十一人	23
ㄕˊ ㄦˋ ㄈㄣ	十二分	23
ㄕˊ ㄎㄨㄞˋ ㄑㄧㄢˊ	十塊錢	23
ㄋㄢˊ ㄙ ㄌㄚ ㄈㄨ	南斯拉夫	23
ㄋㄢˊ ㄇㄣˊ	南門	23
ㄑㄩㄝˋ ㄏㄨㄟˋ	卻會	23
ㄑㄩㄝˋ ㄅㄨˋ	卻步	23
ㄩㄢˊ ㄗˇ ㄋㄥˊ ㄨㄟˇ ㄩㄢˊ ㄏㄨㄟˋ	原子能委員會	23
ㄑㄩˋ ㄌㄧㄡˊ	去留	23
ㄑㄩˇ ㄈㄚˇ	取法	23
ㄕㄡˋ ㄐㄧㄠˋ ㄑㄩㄢˊ	受教權	23
ㄎㄡˇ ㄗ˙	口子	23
ㄓˇ ㄏㄨㄚ	只花	23
ㄐㄧㄠˋ ㄗㄨㄛˋ	叫座	23
ㄎㄜˇ ㄔㄥˊ	可乘	23
ㄊㄞˊ ㄨㄢ ㄉㄨˊ ㄌㄧˋ	台灣獨立	23
ㄏㄜˊ ㄓㄨㄥˋ	合眾	23
ㄏㄜˊ ㄕㄥ	合聲	23
ㄊㄨㄥˊ ㄔㄨㄤ	同窗	23
ㄇㄧㄥˊ ㄈㄨˋ ㄑㄧˊ ㄕˊ	名副其實	23
ㄊㄨˇ ㄒㄧㄝˇ	吐血	23
ㄊㄨˋ ㄒㄧㄝˇ	吐血	23
ㄊㄨㄣ ㄧㄢˋ	吞嚥	23
ㄨˊ ㄩˇ ㄙㄣ	吳宇森	23
ㄓㄡ ㄒㄧㄤˊ	周詳	23
ㄏㄚ ㄌㄟˊ	哈雷	23
ㄎㄨ ㄎㄨ	哭哭	23
ㄕㄢˋ ㄏㄨㄚˋ	善化	23
ㄏㄢˇ ㄐㄧㄚˋ	喊價	23
ㄏㄜˋ ㄑㄧˇ	喝起	23
ㄨㄥ ㄨㄥ	嗡嗡	23
ㄊㄢˋ ㄨㄟˊ ㄍㄨㄢ ㄓˇ	嘆為觀止	23
ㄔㄠˊ ㄋㄨㄥˋ	嘲弄	23
ㄧㄢˊ ㄐㄧㄚ	嚴加	23
ㄧㄢˊ ㄘˊ	嚴詞	23
ㄒㄧㄠ ㄓㄤ	囂張	23
ㄙˋ ㄍㄜˋ ㄗˋ	四個字	23
ㄙˋ ㄍㄜ˙ ㄗˋ	四個字	23
ㄙˋ ㄏㄜˊ ㄩㄢˋ	四合院	23
ㄧㄣ ㄨㄟˋ ㄏㄨㄟˋ	因為會	23
ㄍㄨㄛˊ ㄇㄧㄣˊ ㄙㄨㄛˇ ㄉㄜˊ	國民所得	23
ㄍㄨㄛˊ ㄇㄧㄣˊ ㄓㄥˋ ㄈㄨˇ	國民政府	23
ㄨㄟˊ ㄌㄨˊ	圍爐	23
ㄊㄨˇ ㄓˋ	土製	23
ㄉㄧˋ ㄊㄨˊ ㄕㄤˋ	地圖上	23
ㄗㄨㄛˋ ㄗㄨㄛˋ	坐坐	23
ㄊㄢˇ ㄅㄞˊ ㄐㄧㄤˇ	坦白講	23
ㄓˊ ㄒㄧㄥˊ ㄉㄤˇ	執行檔	23
ㄧˋ	埸	23
ㄐㄧ ㄉㄧˇ	基底	23
ㄐㄧ ㄅㄣˇ ㄒㄩㄝˊ ㄌㄧˋ ㄘㄜˋ ㄧㄢˋ	基本學力測驗	23
ㄐㄧ ㄕˊ	基石	23
ㄎㄨㄞˋ ㄓㄨㄤˋ	塊狀	23
ㄙㄨˋ ㄗㄠˋ ㄔㄨ	塑造出	23
ㄕˋ ㄌㄧㄣˊ ㄑㄩ	士林區	23
ㄨㄞˋ ㄨˋ	外務	23
ㄨㄞˋ ㄅㄧㄣ	外賓	23
ㄧㄝˋ ㄅㄢ	夜班	23
ㄧㄝˋ ㄗㄨㄥˇ ㄏㄨㄟˋ	夜總會	23
ㄉㄚˋ ㄐㄧˊ	大吉	23
ㄉㄚˋ ㄇㄚ	大媽	23
ㄉㄚˋ ㄊㄧˊ ㄑㄧㄣˊ ㄐㄧㄚ	大提琴家	23
ㄉㄚˋ ㄇㄛˋ	大漠	23
ㄉㄚˋ ㄩㄥˋ	大用	23
ㄉㄚˋ ㄕˊ	大石	23
ㄉㄚˋ ㄏㄠˋ	大號	23
ㄉㄚˋ ㄍㄨㄢ ㄩㄢˊ	大觀園	23
ㄊㄧㄢ ㄧㄡˋ	天佑	23
ㄊㄧㄢ ㄉㄧˇ	天底	23
ㄊㄧㄢ ㄉㄧˇ ㄒㄧㄚˋ	天底下	23
ㄑㄧˊ ㄐㄧ	奇跡	23
ㄅㄣ ㄊㄥˊ	奔騰	23
ㄉㄨㄛˊ ㄒㄧㄚˋ	奪下	23
ㄉㄨㄛˊ ㄏㄨㄟˊ	奪回	23
ㄏㄠˇ ㄍㄠ	好高	23
ㄖㄨˊ ㄕㄨˇ	如數	23
ㄖㄨˊ ㄕㄨˋ	如數	23
ㄨㄟ ㄨˇ	威武	23
ㄆㄛˊ ㄒㄧˊ	婆媳	23
ㄙㄠˇ ㄙㄠˇ	嫂嫂	23
ㄙㄠˇ ㄙㄠ˙	嫂嫂	23
ㄎㄨㄥˇ ㄖㄨㄥˊ	孔融	23
ㄘㄨㄣˊ ㄓㄜ˙	存著	23
ㄍㄨ ㄉㄨˊ ㄉㄜ˙	孤獨的	23
ㄒㄩㄝˊ ㄒㄧㄠˋ ㄌㄧˇ ㄇㄧㄢˋ	學校裡面	23
ㄒㄩㄝˊ ㄐㄧˊ	學籍	23
ㄢ ㄑㄩㄢˊ ㄐㄧㄢˇ ㄔㄚˊ	安全檢查	23
ㄢ ㄐㄩ	安居	23
ㄢ ㄇㄧㄢˊ ㄧㄠˋ	安眠藥	23
ㄗㄨㄥ ㄐㄧㄠˋ ㄒㄧㄣˋ ㄧㄤˇ	宗教信仰	23
ㄗㄨㄥ ㄕㄥˋ	宗聖	23
ㄉㄧㄥˋ ㄕㄣˊ	定神	23
ㄉㄧㄥˋ ㄧㄢˋ	定讞	23
ㄧˊ ㄌㄢˊ ㄖㄣˊ	宜蘭人	23
ㄕˋ ㄋㄟˋ ㄩㄝˋ	室內樂	23
ㄐㄧㄚ ㄕㄢ	家山	23
ㄇㄧˋ ㄑㄧㄝˋ ㄓㄨˋ ㄧˋ	密切注意	23
ㄇㄧˋ ㄐㄧㄝˊ	密結	23
ㄕˊ ㄉㄢˋ	實彈	23
ㄒㄧㄝˇ ㄌㄞˊ	寫來	23
ㄒㄧㄝˇ ㄐㄧㄣˋ	寫進	23
ㄈㄥ ㄘㄨㄣˊ	封存	23
ㄒㄩㄣˊ ㄍㄣ	尋根	23
ㄉㄠˇ ㄏㄨㄛˇ ㄒㄧㄢˋ	導火線	23
ㄒㄧㄠˇ ㄘㄜˋ	小冊	23
ㄒㄧㄠˇ ㄕㄨ	小書	23
ㄒㄧㄠˇ ㄌㄨㄥˊ	小籠	23
ㄕㄠˇ ㄓ ㄧㄡˋ ㄕㄠˇ	少之又少	23
ㄕㄠˋ ㄐㄧㄤˋ	少將	23
ㄐㄧㄡˋ ㄍㄨㄛˋ ㄑㄩˋ	就過去	23
ㄎㄠ	尻	23
ㄐㄩˊ ㄒㄧㄢˋ ㄩˊ	局限於	23
ㄕㄢ ㄔㄥˊ	山城	23
ㄕㄢ ㄓㄨㄤ	山庄	23
ㄕㄢ ㄕㄨㄟˇ ㄏㄨㄚˋ	山水畫	23
ㄙㄨㄥ	嵩	23
ㄍㄨㄥ ㄑㄧㄢˊ	工錢	23
ㄗㄨㄛˇ ㄊㄡˊ	左投	23
ㄐㄩˋ ㄒㄧㄝˋ	巨蟹	23
ㄅㄚ ㄌㄜˋ ㄙ ㄊㄢˇ ㄖㄣˊ	巴勒斯坦人	23
ㄅㄚ ㄉㄢˋ ㄉㄠˇ	巴淡島	23
ㄕˋ ㄔㄤˇ ㄌㄧˇ	市場裡	23
ㄅㄨˋ ㄇㄨˋ	布幕	23
ㄔㄤˊ ㄖㄣˋ	常任	23
ㄔㄤˊ ㄒㄧㄤˇ	常想	23
ㄆㄧㄥˊ ㄐㄩˋ	平劇	23
ㄆㄧㄥˊ ㄉㄧˇ	平底	23
ㄋㄧㄢˊ ㄐㄧㄥˇ	年景	23
ㄧㄡ ㄐㄧㄥˋ	幽靜	23
ㄐㄧˇ ㄐㄧㄥ	幾經	23
ㄉㄧˇ ㄗ˙	底子	23
ㄉㄧㄢˋ ㄌㄧˇ ㄉㄜ˙	店裡的	23
ㄐㄧㄢˋ ㄊㄞˊ	建台	23
ㄐㄧㄢˋ ㄑㄧˇ	建起	23
ㄧㄣˇ ㄗ˙	引子	23
ㄅㄧˇ ㄘˇ ㄓ ㄐㄧㄢ	彼此之間	23
ㄏㄣˇ ㄎㄨˋ	很酷	23
ㄏㄡˋ ㄌㄨㄥˊ ㄒㄧ	後龍溪	23
ㄘㄨㄥˊ ㄑㄧㄢˊ ㄉㄜ˙	從前的	23
ㄒㄧㄣ ㄏㄨㄤ	心慌	23
ㄒㄧㄣ ㄌㄧˇ ㄊㄡˊ	心裡頭	23
ㄅㄧˋ ㄐㄧㄥ	必經	23
ㄎㄨㄞˋ ㄓㄨㄢˇ	快轉	23
ㄈㄣˋ ㄈㄣˋ ㄅㄨˋ ㄆㄧㄥˊ	忿忿不平	23
ㄗㄜˇ ㄅㄨˊ	怎不	23
ㄗㄜˇ ㄅㄨˋ	怎不	23
ㄗㄣˇ ㄅㄨˊ	怎不	23
ㄗㄣˇ ㄅㄨˋ	怎不	23
ㄗㄜˇ ㄉㄜ˙	怎的	23
ㄗㄣˇ ㄉㄜ˙	怎的	23
ㄧˊ ㄖㄢˊ	怡然	23
ㄐㄧˊ ㄉㄞˋ	急待	23
ㄐㄧˊ ㄌㄧㄡˊ	急流	23
ㄎㄨㄥˇ ㄐㄩˋ ㄍㄢˇ	恐懼感	23
ㄩㄥˇ	恿	23
ㄋㄧㄣˊ ㄕㄨㄛ	您說	23
ㄑㄧㄥˊ ㄌㄧˇ	情理	23
ㄒㄧㄤˇ ㄊㄨㄥ	想通	23
ㄞˋ ㄉㄜˊ ㄏㄨㄚˊ	愛德華	23
ㄍㄢˇ ㄏㄨㄚˋ	感化	23
ㄊㄨㄥˋ	慟	23
ㄍㄨㄢˋ ㄧㄡˇ	慣有	23
ㄙㄨㄥˇ	慫	23
ㄈㄣˋ ㄈㄣˋ	憤憤	23
ㄒㄧㄢˋ ㄓㄤ	憲章	23
ㄔㄥˊ ㄓˋ ㄉㄠˋ ㄈㄟˇ ㄊㄧㄠˊ ㄌㄧˋ	懲治盜匪條例	23
ㄏㄨㄞˊ ㄋㄧㄢˋ ㄉㄜ˙	懷念的	23
ㄔㄥˊ ㄨㄣˋ ㄊㄧˊ	成問題	23
ㄐㄧㄝˋ ㄌㄩˋ	戒律	23
ㄐㄧㄝˋ ㄧㄢ	戒煙	23
ㄉㄞˋ ㄠˋ ㄒㄧㄣ	戴奧辛	23
ㄕㄡˇ ㄕㄨ	手書	23
ㄕㄡˇ ㄅㄨˋ	手部	23
ㄘㄞˊ ㄍㄣ	才跟	23
ㄊㄨㄛ ㄦˇ ㄙ ㄊㄞˋ	托爾斯泰	23
ㄜˋ ㄧㄠˋ	扼要	23
ㄔㄥˊ ㄐㄧˋ	承繼	23
ㄓㄨㄚ ㄐㄧㄣˇ	抓緊	23
ㄉㄧˇ ㄔㄨˋ	抵觸	23
ㄔㄡ ㄔㄨˋ	抽搐	23
ㄔㄡ ㄧㄡˊ ㄧㄢ ㄐㄧ	抽油煙機	23
ㄌㄚ ㄉㄧㄥ ㄨㄣˊ	拉丁文	23
ㄓㄠ ㄌㄞˊ	招徠	23
ㄑㄩㄢˊ ㄐㄧˊ	拳擊	23
ㄓˇ ㄉㄠˇ ㄐㄧㄠˋ ㄕㄡˋ	指導教授	23
ㄢˋ ㄉㄠˋ	按到	23
ㄓㄤˇ ㄕㄤˋ ㄒㄧㄥˊ	掌上型	23
ㄓㄤˇ ㄨㄛˋ ㄗㄞˋ	掌握在	23
ㄍㄨㄚˋ ㄇㄧㄥˊ	掛名	23
ㄍㄨㄚˋ ㄉㄜ˙	掛的	23
ㄊㄢˋ ㄉㄧˇ	探底	23
ㄎㄨㄥˋ ㄓˋ ㄑㄩㄢˊ	控制權	23
ㄊㄨㄟ ㄉㄠˇ	推導	23
ㄧㄠˊ ㄧㄠˊ ㄏㄨㄤˋ ㄏㄨㄤˋ	搖搖晃晃	23
ㄑㄧㄤˇ ㄢˋ	搶案	23
ㄅㄧㄥˋ ㄑㄧˋ	摒棄	23
ㄕㄨㄞ ㄒㄧㄚˋ	摔下	23
ㄗㄨㄣˇ	撙	23
ㄗㄨㄣˇ ㄐㄧㄝˊ	撙節	23
ㄆㄨ ㄎㄜˋ ㄆㄞˊ	撲克牌	23
ㄗㄜˊ ㄑㄧˊ	擇期	23
ㄘㄠ ㄌㄧㄢˋ	操練	23
ㄅㄞˇ ㄕㄤˋ	擺上	23
ㄅㄞˇ ㄈㄤˋ	擺放	23
ㄙㄡˇ	擻	23
ㄕㄡ ㄎㄨㄢˇ	收款	23
ㄈㄤˋ ㄆㄧˋ	放屁	23
ㄈㄤˋ ㄉㄧㄠˋ	放掉	23
ㄙㄢˋ ㄌㄨㄢˋ	散亂	23
ㄐㄧㄥˋ ㄨㄟˋ	敬畏	23
ㄐㄧㄥˋ ㄐㄧㄡˇ	敬酒	23
ㄓㄥˇ ㄐㄧㄢˋ ㄕˋ	整件事	23
ㄨㄛˋ ㄒㄩㄢˊ	斡旋	23
ㄒㄧㄣ ㄖㄣˋ ㄉㄜ˙	新任的	23
ㄒㄧㄣ ㄔㄨㄥˇ	新寵	23
ㄒㄧㄣ ㄍㄢˋ ㄒㄧㄢˋ	新幹線	23
ㄒㄧㄣ ㄊㄨㄟ ㄔㄨ	新推出	23
ㄒㄧㄣ ㄈㄤ ㄈㄚˇ	新方法	23
ㄒㄧㄣ ㄨㄣˊ ㄗˋ ㄧㄡˊ	新聞自由	23
ㄒㄧㄣ ㄈㄥ	新豐	23
ㄉㄨㄢˋ ㄧㄞˊ	斷崖	23
ㄕ ㄐㄧㄠˋ	施教	23
ㄖˋ ㄅㄣˇ ㄏㄞˇ	日本海	23
ㄗㄠˇ ㄅㄠˋ	早報	23
ㄗㄠˇ ㄈㄢˋ	早飯	23
ㄇㄧㄥˊ ㄌㄧˇ	明理	23
ㄇㄧㄥˊ ㄧㄢˇ ㄖㄣˊ	明眼人	23
ㄏㄨㄣ ㄕㄨㄟˋ	昏睡	23
ㄧˋ ㄩˇ	易與	23
ㄧㄥˋ ㄓㄜ˙	映著	23
ㄕˋ ㄕㄚˊ	是啥	23
ㄨㄢˇ ㄐㄧㄣˋ	晚近	23
ㄅㄠˋ ㄊㄨˊ	暴徒	23
ㄗㄥ ㄙㄨㄣ	曾孫	23
ㄗㄥ ㄨㄣˊ ㄒㄧ	曾文溪	23
ㄗㄨㄟˋ ㄏㄡˋ ㄇㄧㄢˋ	最後面	23
ㄩㄝˋ ㄗ˙	月子	23
ㄧㄡˇ ㄏㄣˇ ㄉㄚˋ ㄉㄜ˙ ㄅㄤ ㄓㄨˋ	有很大的幫助	23
ㄈㄨˊ ㄨˋ ㄊㄞˊ	服務台	23
ㄌㄤˇ ㄌㄤˇ	朗朗	23
ㄇㄨˋ ㄎㄜ	木刻	23
ㄇㄨˋ ㄎㄜˋ	木刻	23
ㄅㄣˇ ㄌㄞˊ ㄧㄡˇ	本來有	23
ㄅㄣˇ ㄌㄧˋ	本利	23
ㄅㄣˇ ㄌㄟˇ	本壘	23
ㄅㄣˇ ㄙㄨㄛˇ	本所	23
ㄅㄣˇ ㄓㄢˋ	本站	23
ㄅㄣˇ ㄓˊ	本職	23
ㄉㄨㄥ ㄈㄥ	東風	23
ㄔㄨˇ	杵	23
ㄌㄧㄣˊ ㄏㄨㄞˊ ㄇㄧㄣˊ	林懷民	23
ㄌㄧㄣˊ ㄌㄧㄥˊ ㄙㄢ	林陵三	23
ㄇㄡˇ ㄐㄧㄚ	某家	23
ㄌㄧㄡˇ ㄕㄨˋ	柳樹	23
ㄕㄨㄢ ㄙㄞ	栓塞	23
ㄍㄣ ㄔㄨˊ	根除	23
ㄍㄨㄟˋ ㄍㄨㄢ	桂冠	23
ㄍㄨㄟˋ ㄍㄨㄢˋ	桂冠	23
ㄓㄨㄛ ㄅㄨˋ	桌布	23
ㄌㄧㄤˊ ㄔㄠˊ ㄨㄟˇ	梁朝偉	23
ㄇㄟˊ ㄦˇ	梅爾	23
ㄊㄧㄠˊ ㄗ˙	條子	23
ㄅㄤˋ ㄑㄧㄡˊ ㄙㄞˋ	棒球賽	23
ㄌㄧㄡˊ ㄉㄢˋ	榴彈	23
ㄐㄧㄤˇ	槳	23
ㄅㄧㄠ ㄔㄨ	標出	23
ㄇㄛˊ ㄅㄢˇ	模板	23
ㄐㄧㄢˇ ㄈㄨˋ	檢附	23
ㄑㄩㄢˊ ㄧˊ	權宜	23
ㄑㄩㄢˊ ㄓㄨㄤˋ	權狀	23
ㄓㄥˋ ㄕˋ ㄓㄢˇ ㄎㄞ	正式展開	23
ㄓㄥˋ ㄎㄞ	正開	23
ㄘˇ ㄕㄨ	此書	23
ㄅㄨˋ ㄌㄩˇ	步履	23
ㄉㄨㄢˋ ㄕˋ	段式	23
ㄎㄜˊ ㄗ˙	殼子	23
ㄇㄟˇ ㄈㄣ	每分	23
ㄅㄧˇ ㄉㄜˊ	比得	23
ㄇㄧㄣˊ ㄕˋ ㄙㄨˋ ㄙㄨㄥˋ	民事訴訟	23
ㄑㄧˋ ㄋㄟˇ	氣餒	23
ㄕㄨㄟˇ ㄊㄤˊ	水塘	23
ㄩㄥˇ ㄌㄜˋ	永樂	23
ㄐㄩㄝˊ ㄉㄨㄢˋ	決斷	23
ㄕㄚ ㄇㄣˊ	沙門	23
ㄏㄜˊ ㄅㄧㄣ ㄍㄨㄥ ㄩㄢˊ	河濱公園	23
ㄌㄨㄛˋ ㄎㄜˋ ㄈㄟ ㄌㄜˋ	洛克菲勒	23
ㄉㄨㄥˋ ㄒㄧ	洞悉	23
ㄓㄡ ㄐㄧˋ	洲際	23
ㄏㄨㄛˊ ㄒㄧㄚˋ ㄌㄞˊ	活下來	23
ㄏㄨㄛˊ ㄖㄣˊ	活人	23
ㄌㄧㄡˊ ㄒㄧㄥˊ ㄩˇ	流行語	23
ㄌㄧㄡˊ ㄉㄧㄢˋ	流電	23
ㄌㄤˋ ㄖㄣˊ	浪人	23
ㄏㄞˇ ㄌㄨˋ	海路	23
ㄐㄧㄣˋ ㄧㄣˊ	浸淫	23
ㄋㄧㄝˋ	涅	23
ㄕㄣ ㄉㄜˊ	深得	23
ㄕㄣ ㄉㄜ˙	深得	23
ㄑㄧㄥ ㄧㄡ	清幽	23
ㄑㄧㄥ ㄐㄧㄝˊ ㄍㄨㄥ	清潔工	23
ㄐㄧㄢˇ ㄙㄨㄣˇ	減損	23
ㄉㄨˋ ㄐㄧㄚˋ ㄘㄨㄣ	渡假村	23
ㄍㄤˇ ㄅㄨˋ	港埠	23
ㄇㄧㄠˇ ㄇㄤˊ	渺茫	23
ㄩㄥˇ ㄕㄤˋ	湧上	23
ㄩㄢˊ ㄌㄧㄡˊ	源流	23
ㄍㄡ ㄑㄩˊ	溝渠	23
ㄧㄢˇ ㄐㄧㄤˇ ㄏㄨㄟˋ	演講會	23
ㄖㄨㄣˋ ㄏㄨㄚˊ	潤滑	23
ㄋㄨㄥˊ ㄓㄨㄥˋ	濃重	23
ㄌㄧˋ ㄑㄧㄥ	瀝青	23
ㄏㄨㄛˇ ㄧㄠˋ ㄨㄟˋ	火藥味	23
ㄏㄨㄟ ㄐㄧㄣˋ	灰燼	23
ㄧㄢˊ ㄒㄧㄚˋ	炎夏	23
ㄧㄢˊ ㄖㄜˋ ㄉㄜ˙	炎熱的	23
ㄓㄚˋ ㄧㄠˋ	炸藥	23
ㄨ ㄌㄨㄥˊ ㄔㄚˊ	烏龍茶	23
ㄨˊ ㄎㄜˇ ㄏㄡˋ ㄈㄟ	無可厚非	23
ㄨˊ ㄩㄥ	無庸	23
ㄨˊ ㄒㄧㄥˋ	無性	23
ㄨˊ ㄐㄩㄣˋ	無菌	23
ㄨˊ ㄌㄧㄤˋ	無量	23
ㄇㄟˊ ㄧㄡˊ	煤油	23
ㄓㄠˋ ㄉㄨˋ	照度	23
ㄓㄠˋ ㄌㄧˇ ㄕㄨㄛ	照理說	23
ㄔˋ ㄖㄜˋ	熾熱	23
ㄕㄠ ㄙˇ	燒死	23
ㄏㄨㄟˇ	燬	23
ㄈㄨˋ ㄌㄠˇ	父老	23
ㄋㄧㄡˊ ㄨㄟˇ	牛尾	23
ㄕㄥ ㄔㄨˋ	牲畜	23
ㄎㄨㄤˊ ㄧㄝˇ	狂野	23
ㄉㄨˊ ㄕㄥ	獨生	23
ㄉㄨˊ ㄓㄨㄥ	獨鍾	23
ㄒㄧㄢˋ ㄧˋ	獻藝	23
ㄨㄤˊ ㄅㄠˇ ㄔㄨㄢ	王寶釧	23
ㄨㄤˊ ㄅㄠˇ ㄔㄨㄢˋ	王寶釧	23
ㄨㄤˊ ㄏㄨㄟˋ ㄓㄣ	王惠珍	23
ㄌㄧˇ ㄒㄧㄤˇ ㄓㄨˇ ㄧˋ	理想主義	23
ㄌㄧˇ ㄐㄧㄢ ㄕˋ ㄏㄨㄟˋ	理監事會	23
ㄌㄧˇ ㄘㄞˇ	理睬	23
ㄘㄨㄥˊ	琮	23
ㄏㄨㄢˊ ㄐㄧㄥˋ ㄐㄧㄠˋ ㄩˋ	環境教育	23
ㄏㄨㄢˊ ㄐㄧㄥˋ ㄨ ㄖㄢˇ	環境污染	23
ㄊㄧㄢˊ ㄊㄧㄢˊ ㄉㄜ˙	甜甜的	23
ㄕㄥ ㄏㄨㄛˊ ㄐㄧㄥ ㄧㄢˋ	生活經驗	23
ㄕㄥ ㄨˋ ㄗ ㄒㄩㄣˋ	生物資訊	23
ㄌㄩㄝˋ ㄍㄨㄛˋ	略過	23
ㄏㄨㄚˋ ㄔㄨ ㄌㄞˊ	畫出來	23
ㄧˋ ㄕㄨˋ	異數	23
ㄧˊ ㄨㄟˊ	疑為	23
ㄐㄩ	疽	23
ㄅㄧㄥˋ ㄩㄢˋ	病院	23
ㄊㄨㄥˋ ㄇㄚˋ	痛罵	23
ㄕㄡˋ ㄔㄤˊ	瘦長	23
ㄉㄥ ㄗㄞˇ	登載	23
ㄉㄥ ㄗㄞˋ	登載	23
ㄈㄚ ㄏㄨㄥˊ	發紅	23
ㄈㄚ ㄒㄧㄥˊ ㄌㄧㄤˋ	發行量	23
ㄈㄚ ㄅㄧㄠˇ ㄧˋ ㄐㄧㄢˋ	發表意見	23
ㄅㄞˊ ㄖㄜˋ	白熱	23
ㄅㄞˊ ㄩˋ	白玉	23
ㄅㄞˊ ㄐㄧㄡˇ	白酒	23
ㄉㄧˊ ㄑㄩㄝˋ ㄏㄨㄟˋ	的確會	23
ㄐㄧㄠˇ ㄐㄧㄝˊ	皎潔	23
ㄓㄨㄥ	盅	23
ㄐㄧㄣˋ ㄕ	盡失	23
ㄐㄧㄣˋ ㄓˊ	盡職	23
ㄕㄥˇ ㄑㄩˋ	省去	23
ㄎㄢˋ ㄧㄥˇ ㄆㄧㄢˋ	看影片	23
ㄎㄢˋ ㄧㄤˋ ㄗ˙	看樣子	23
ㄎㄢˋ ㄊㄡˋ	看透	23
ㄓㄣ ㄓㄣ	真真	23
ㄐㄩㄢˋ ㄌㄧㄢˋ	眷戀	23
ㄎㄨㄣˋ	睏	23
ㄕㄨㄟˋ ㄑㄩˋ	睡去	23
ㄕㄨㄟˋ ㄒㄧㄥˇ	睡醒	23
ㄍㄠ	睪	23
ㄎㄨㄟˊ ㄨㄟˊ	睽違	23
ㄉㄧˇ	砥	23
ㄆㄠˋ ㄏㄨㄥ	砲轟	23
ㄆㄛˋ ㄍㄨㄥ	破功	23
ㄧㄢˋ	硯	23
ㄓㄨㄢ ㄑㄧㄤˊ	磚牆	23
ㄓㄨㄢ ㄊㄡˊ	磚頭	23
ㄓㄨㄢ ㄊㄡ˙	磚頭	23
ㄇㄛˊ ㄔㄥˊ	磨成	23
ㄐㄧㄠ ㄕˊ	礁石	23
ㄞˋ ㄋㄢˊ	礙難	23
ㄕㄜˋ ㄑㄩ ㄌㄧˇ	社區裡	23
ㄕㄣˊ ㄇㄧˋ ㄉㄜ˙	神祕的	23
ㄒㄧㄡˋ ㄇㄟˇ	秀美	23
ㄇㄧˋ ㄐㄧˊ	秘笈	23
ㄗㄨ ㄩㄝ	租約	23
ㄧˊ ㄇㄧㄣˊ ㄉㄠˋ	移民到	23
ㄕㄠ ㄒㄧㄢˊ	稍嫌	23
ㄎㄨㄥ ㄨˊ	空無	23
ㄎㄨㄥ ㄐㄧㄢ ㄌㄧˇ	空間裡	23
ㄔㄨㄢ ㄉㄜ˙	穿得	23
ㄓㄢˋ ㄓㄨˋ	站住	23
ㄊㄨㄥˊ ㄓˋ	童稚	23
ㄊㄨㄥˊ ㄧㄠˊ	童謠	23
ㄉㄨㄢ ㄒㄧㄤˊ	端詳	23
ㄓㄨˊ ㄕㄢ	竹山	23
ㄒㄧㄠˋ ㄔㄥ	笑稱	23
ㄉㄧˋ ㄧ ㄉㄨㄢˋ	第一段	23
ㄉㄥˇ ㄕㄤˋ	等上	23
ㄐㄧㄝˊ ㄆㄞ	節拍	23
ㄐㄧㄝˊ ㄌㄨˋ	節錄	23
ㄐㄧㄢˇ ㄉㄨㄢˇ ㄉㄜ˙	簡短的	23
ㄒㄧㄠ	簫	23
ㄌㄢˊ ㄒㄧㄝˊ	籃協	23
ㄈㄣˇ ㄅㄧˇ	粉筆	23
ㄘㄨ ㄓㄨㄤˋ	粗壯	23
ㄐㄧㄥ ㄧˋ	精液	23
ㄐㄧㄥ ㄧㄝˋ	精液	23
ㄔㄨㄣˊ ㄐㄧㄣ	純金	23
ㄕㄚ ㄇㄠˋ	紗帽	23
ㄓˇ ㄆㄧㄢˋ	紙片	23
ㄒㄧˋ ㄩˇ	細語	23
ㄓㄨㄥ ㄓˋ	終至	23
ㄐㄧㄝˊ ㄑㄧˇ ㄌㄞˊ	結起來	23
ㄐㄩㄝˊ ㄉㄧˋ	絕地	23
ㄐㄩㄝˊ ㄐㄧˋ	絕技	23
ㄐㄩㄝˊ ㄕˊ	絕食	23
ㄖㄨㄥˊ ㄇㄠˊ	絨毛	23
ㄌㄩˋ ㄕㄨㄟˇ	綠水	23
ㄌㄨㄣˊ	綸	23
ㄍㄨㄢ	綸	23
ㄐㄧㄣˇ ㄌㄨㄛˊ ㄇㄧˋ ㄍㄨˇ	緊鑼密鼓	23
ㄒㄧㄢˋ ㄨㄟˋ ㄕㄥ ㄐㄩˊ	縣衛生局	23
ㄈㄥˊ ㄏㄜˊ	縫合	23
ㄐㄧㄠˇ ㄏㄨㄟˊ	繳回	23
ㄒㄩˋ ㄆㄧㄣˋ	續聘	23
ㄒㄩˋ ㄆㄧㄥˋ	續聘	23
ㄇㄟˇ ㄍㄨㄛˊ ㄗㄞˋ ㄊㄞˊ ㄒㄧㄝˊ ㄏㄨㄟˋ	美國在台協會	23
ㄇㄟˇ ㄇㄥˋ	美夢	23
ㄇㄟˇ ㄖㄨㄥˊ ㄩㄢˋ	美容院	23
ㄑㄩㄣˊ ㄒㄧㄠˇ	群小	23
ㄑㄩㄣˊ ㄌㄨㄛˋ	群落	23
ㄩˇ ㄏㄨㄚˋ	羽化	23
ㄒㄧˊ ㄐㄧㄣˋ ㄆㄧㄥˊ	習近平	23
ㄌㄠˇ ㄕㄥ	老生	23
ㄎㄠˇ ㄆㄧㄥˊ	考評	23
ㄎㄠˇ ㄌㄧㄤˊ ㄉㄠˋ	考量到	23
ㄦˊ ㄅㄧˋ	而必	23
ㄋㄞˋ ㄖㄣˊ ㄒㄩㄣˊ ㄨㄟˋ	耐人尋味	23
ㄏㄠˋ ㄉㄧㄠˋ	耗掉	23
ㄨㄣˊ ㄖㄣˊ	聞人	23
ㄌㄧㄢˊ ㄏㄨㄢ	聯歡	23
ㄕㄥ ㄒㄧˊ	聲息	23
ㄖㄡˋ ㄓ	肉汁	23
ㄆㄤˋ ㄉㄜ˙	胖的	23
ㄕㄣˋ ㄗㄤˋ ㄅㄧㄥˋ	腎臟病	23
ㄋㄠˇ ㄎㄜ	腦科	23
ㄐㄧㄠˇ ㄑㄧˋ	腳氣	23
ㄐㄧㄠˇ ㄑㄧˋ ㄅㄧㄥˋ	腳氣病	23
ㄈㄨˋ ㄑㄧㄤ	腹腔	23
ㄌㄧㄢˇ ㄉㄢˋ	臉蛋	23
ㄌㄚˋ ㄔㄤˊ	臘腸	23
ㄗˋ ㄈㄨˋ	自付	23
ㄗˋ ㄒㄩˋ	自序	23
ㄗˋ ㄓㄠˇ	自找	23
ㄗˋ ㄓˋ ㄏㄨㄟˋ	自治會	23
ㄗˋ ㄇㄢˇ	自滿	23
ㄗˋ ㄒㄧㄤ	自相	23
ㄗˋ ㄓㄨㄢˇ	自轉	23
ㄗˋ ㄓㄨㄢˋ	自轉	23
ㄔㄡˋ ㄉㄡˋ ㄈㄨˇ	臭豆腐	23
ㄓˋ ㄓㄨㄥ	至中	23
ㄒㄧㄥˋ ㄓˋ ㄅㄛˊ ㄅㄛˊ	興致勃勃	23
ㄆㄨ ㄕㄜˋ	舖設	23
ㄆㄨˋ ㄕㄜˋ	舖設	23
ㄔㄨㄢˊ ㄊㄧˇ	船體	23
ㄧㄢˋ ㄌㄧˋ	艷麗	23
ㄧㄥ ㄌㄨㄣˊ	英倫	23
ㄕㄚ ㄌㄚ	莎拉	23
ㄏㄨㄚˊ ㄍㄨㄛˊ	華國	23
ㄧㄢ ㄏㄞˋ	菸害	23
ㄨㄢˋ ㄅㄛˊ	萬博	23
ㄌㄨㄛˋ ㄒㄧㄚˋ ㄌㄞˊ	落下來	23
ㄒㄩˋ ㄐㄧ	蓄積	23
ㄍㄞˋ ㄈㄤˊ ㄗ˙	蓋房子	23
ㄇㄢˋ ㄘㄠˇ	蔓草	23
ㄧˋ ㄓㄨㄢ	藝專	23
ㄧㄠˋ ㄌㄧˇ	藥理	23
ㄙㄨ ㄧㄥˊ ㄍㄨㄟˋ	蘇盈貴	23
ㄒㄩ ㄋㄧˇ ㄕˊ ㄐㄧㄥˋ	虛擬實境	23
ㄏㄠˋ ㄗ˙	號子	23
ㄒㄧㄝˇ ㄒㄧㄥˊ	血型	23
ㄒㄧㄝˇ ㄌㄧㄣˊ ㄌㄧㄣˊ	血淋淋	23
ㄒㄧㄝˇ ㄙㄜˋ	血色	23
ㄒㄧㄥˊ ㄍㄨㄥ	行宮	23
ㄒㄧㄥˊ ㄉㄜ˙ ㄊㄨㄥ	行得通	23
ㄒㄧㄥˊ ㄓㄥˋ ㄩㄢˋ ㄒㄧㄣ ㄨㄣˊ ㄐㄩˊ	行政院新聞局	23
ㄒㄧㄥˊ ㄕㄨ	行書	23
ㄒㄧㄥˊ ㄑㄧˊ	行期	23
ㄒㄧㄥˊ ㄏㄨㄟˋ	行賄	23
ㄐㄧㄝ ㄎㄡˇ	街口	23
ㄔㄨㄥ ㄔㄨㄥ	衝衝	23
ㄅㄧㄠˇ ㄧㄢˇ ㄙㄞˋ	表演賽	23
ㄉㄞˋ ㄕㄨˇ	袋鼠	23
ㄅㄧㄠˇ	裱	23
ㄍㄨㄚˋ	褂	23
ㄐㄧㄢˋ ㄍㄨㄢˋ	見慣	23
ㄕˋ ㄦˊ ㄅㄨˊ ㄐㄧㄢˋ	視而不見	23
ㄕˋ ㄦˊ ㄅㄨˋ ㄐㄧㄢˋ	視而不見	23
ㄍㄨㄢ ㄓㄨㄥˋ ㄒㄧˊ	觀眾席	23
ㄐㄧㄠˇ ㄊㄡˊ	角頭	23
ㄕㄤ	觴	23
ㄧˋ	詣	23
ㄕ ㄕㄨ	詩書	23
ㄔㄚˋ	詫	23
ㄍㄞ ㄐㄧㄚ	該加	23
ㄍㄞ ㄏㄨㄟˊ	該回	23
ㄕㄨㄛ ㄅㄨˊ ㄕㄤˋ	說不上	23
ㄕㄨㄛ ㄅㄞˊ	說白	23
ㄓㄨㄣ	諄	23
ㄌㄨㄣˋ ㄕㄨㄛ	論說	23
ㄌㄨㄣˋ ㄅㄧㄢˋ	論辯	23
ㄋㄨㄛˋ ㄅㄟˋ ㄦˇ ㄨㄣˊ ㄒㄩㄝˊ ㄐㄧㄤˇ	諾貝爾文學獎	23
ㄇㄧˊ ㄉㄧˇ	謎底	23
ㄧˋ ㄕˋ ㄌㄨˋ	議事錄	23
ㄉㄨˊ ㄅㄣˇ	讀本	23
ㄅㄧㄢˋ ㄉㄧㄢˋ ㄙㄨㄛˇ	變電所	23
ㄧㄢˋ	讞	23
ㄏㄨㄛˋ ㄇㄧㄢˇ	豁免	23
ㄑㄧˇ ㄋㄥˊ	豈能	23
ㄓㄨ ㄐㄧㄠˇ	豬腳	23
ㄅㄟˋ ㄙ	貝斯	23
ㄅㄟˋ ㄌㄧˇ ㄙ	貝里斯	23
ㄘㄞˊ ㄓㄥˋ ㄐㄩˊ	財政局	23
ㄇㄞˇ ㄕㄨ	買書	23
ㄅㄧㄣ ㄓㄡ	賓州	23
ㄕㄤˇ ㄒㄧ	賞析	23
ㄍㄥ	賡	23
ㄇㄞˋ ㄔㄠ	賣超	23
ㄉㄨˇ ㄅㄛˊ ㄒㄧㄥˋ	賭博性	23
ㄏㄜˋ ㄏㄜˋ	赫赫	23
ㄗㄡˇ ㄏㄨㄛˇ ㄖㄨˋ ㄇㄛˊ	走火入魔	23
ㄔㄠ ㄉㄧ	超低	23
ㄑㄩˋ ㄕˋ	趣事	23
ㄑㄩˋ ㄨㄟˋ ㄒㄧㄥˋ	趣味性	23
ㄍㄣ ㄅㄨˊ ㄕㄤˋ	跟不上	23
ㄌㄨˋ ㄅㄧㄠ	路標	23
ㄩㄝˋ ㄩㄝˋ ㄩˋ ㄕˋ	躍躍欲試	23
ㄐㄩㄣ ㄈㄨˊ	軍服	23
ㄐㄩㄣ ㄧㄥˊ	軍營	23
ㄓㄡˊ ㄒㄧㄣ	軸心	23
ㄈㄨˇ ㄖㄣˊ ㄉㄚˋ ㄒㄩㄝˊ	輔仁大學	23
ㄑㄧㄥ ㄇㄧㄝˋ	輕蔑	23
ㄌㄨㄣˊ ㄅㄢ	輪班	23
ㄕㄨ ㄧㄥˊ	輸贏	23
ㄈㄨˊ ㄕㄜˋ ㄌㄧㄤˋ	輻射量	23
ㄩㄢˊ	轅	23
ㄘˊ ㄔㄥˊ	辭呈	23
ㄏㄨㄟˊ ㄌㄨˋ	迴路	23
ㄓㄨㄟ ㄙㄨㄟˊ ㄓㄜˇ	追隨者	23
ㄊㄨㄟˋ ㄉㄠˋ	退到	23
ㄊㄨㄟˋ ㄈㄨˇ ㄏㄨㄟˋ	退輔會	23
ㄙㄨㄥˋ ㄒㄧㄥˊ	送行	23
ㄓㄜˋ ㄐㄧˊ	這集	23
ㄓㄜˋ ㄇㄛ˙ ㄧㄤˋ	這麼樣	23
ㄓㄜˋ ㄇㄜ˙ ㄧㄤˋ	這麼樣	23
ㄊㄨㄥ ㄌㄧㄤˋ	通量	23
ㄌㄧㄢˊ ㄩˋ ㄏㄨㄟ	連玉輝	23
ㄌㄧㄢˊ ㄊㄧˇ	連體	23
ㄓㄡ ㄒㄧㄢˋ	週線	23
ㄍㄨㄛˋ ㄕㄠˇ	過少	23
ㄍㄨㄛˋ ㄏㄨˋ	過戶	23
ㄉㄚˊ ㄌㄚ ㄙ	達拉斯	23
ㄧㄠˊ ㄅㄨˋ ㄎㄜˇ ㄐㄧˊ	遙不可及	23
ㄕˋ ㄅㄨˊ ㄕˋ ㄏㄜˊ	適不適合	23
ㄒㄩㄢˇ ㄗㄜˊ ㄊㄧˊ	選擇題	23
ㄌㄧㄠˊ ㄋㄧㄥˊ	遼寧	23
ㄅㄧˋ ㄏㄨㄟˋ	避諱	23
ㄏㄞˊ ㄙㄨㄢˋ ㄕˋ	還算是	23
ㄅㄧㄢ ㄗㄨㄛˋ	邊做	23
ㄓㄥˋ ㄋㄢˊ ㄖㄨㄥˊ	鄭南榕	23
ㄐㄧㄡˇ ㄕㄤ	酒商	23
ㄓˇ	酯	23
ㄎㄨˋ ㄖㄜˋ	酷熱	23
ㄌㄧˇ ㄤˊ	里昂	23
ㄧㄝˇ ㄓㄢˋ	野戰	23
ㄧㄝˇ ㄘㄞˋ	野菜	23
ㄌㄡˋ	鏤	23
ㄌㄧㄢˊ	鐮	23
ㄊㄧㄝˇ ㄅㄢˇ ㄕㄠ	鐵板燒	23
ㄊㄧㄝˇ ㄉㄚˊ ㄋㄧˊ ㄏㄠˋ	鐵達尼號	23
ㄔㄤˊ ㄎㄨˋ	長褲	23
ㄔㄤˊ ㄕㄨㄣˋ	長順	23
ㄇㄣˊ ㄌㄨˋ	門路	23
ㄎㄞ ㄕˋ	開市	23
ㄎㄞ ㄍㄠ	開高	23
ㄇㄧㄣˇ ㄋㄢˊ ㄏㄨㄚˋ	閩南話	23
ㄈㄨˋ	阜	23
ㄈㄤˊ ㄓㄣˋ	防震	23
ㄈㄤˊ ㄊㄞˊ	防颱	23
ㄚ ㄦˇ ㄅㄟ ㄙ	阿爾卑斯	23
ㄐㄧㄤˋ ㄐㄧˊ	降級	23
ㄒㄧㄢˋ ㄓˋ ㄐㄧˊ	限制級	23
ㄓˋ	陟	23
ㄓㄣˋ ㄈㄥ	陣風	23
ㄔㄣˊ ㄑㄧˊ ㄇㄞˋ	陳其邁	23
ㄔㄣˊ ㄑㄧㄥˊ ㄕㄨ	陳情書	23
ㄍㄜˊ ㄖㄜˋ	隔熱	23
ㄙㄨㄟˊ ㄙㄨˊ	隨俗	23
ㄙㄨㄟˊ ㄕˊ ㄙㄨㄟˊ ㄉㄧˋ	隨時隨地	23
ㄙㄨㄟˊ ㄈㄥ	隨風	23
ㄓㄨㄣˇ	隼	23
ㄧㄚˇ ㄧㄢˊ	雅言	23
ㄕㄨㄤ ㄗˇ ㄒㄧㄥ	雙子星	23
ㄌㄧˊ ㄙㄢˋ	離散	23
ㄋㄢˊ ㄉㄧㄢˇ	難點	23
ㄒㄩㄝˇ ㄕㄤˋ	雪上	23
ㄒㄩㄝˇ ㄕㄤˋ ㄐㄧㄚ ㄕㄨㄤ	雪上加霜	23
ㄒㄩㄝˇ ㄑㄧㄡˊ	雪球	23
ㄩㄣˊ ㄘㄞˇ	雲彩	23
ㄌㄧㄥˊ ㄕㄡˋ ㄧㄝˋ	零售業	23
ㄉㄧㄢˋ ㄐㄧㄥˋ	電競	23
ㄏㄨㄛˋ ㄅㄨˋ ㄙ	霍布斯	23
ㄋㄧˊ ㄏㄨㄥˊ ㄉㄥ	霓虹燈	23
ㄌㄧㄥˊ ㄐㄧ ㄧ ㄉㄨㄥˋ	靈機一動	23
ㄑㄧㄥ ㄩㄣˊ	青雲	23
ㄅㄧㄢ ㄉㄚˇ	鞭打	23
ㄧㄣ ㄏㄜˊ	音和	23
ㄧㄣ ㄧˋ	音譯	23
ㄌㄧㄥˇ ㄩˋ ㄌㄧˇ	領域裡	23
ㄊㄡˊ ㄘㄞˇ	頭彩	23
ㄙㄚˋ	颯	23
ㄕˊ ㄎㄜˋ	食客	23
ㄔˋ	飭	23
ㄧㄤˇ ㄈㄨˋ ㄇㄨˇ	養父母	23
ㄧㄤˇ ㄌㄠˇ ㄩㄢˋ	養老院	23
ㄌㄧㄡˋ	餾	23
ㄐㄧ ㄏㄨㄤ	饑荒	23
ㄕㄡˇ ㄐㄧㄢˋ	首見	23
ㄇㄚˇ ㄋㄧˊ ㄌㄚ	馬尼拉	23
ㄉㄨㄛˋ	馱	6.351308576902391
ㄊㄨㄛˊ	馱	23
ㄒㄩㄣˊ ㄈㄨˊ	馴服	23
ㄑㄩ ㄌㄧˊ	驅離	23
ㄊㄧˇ ㄧˋ	體液	23
ㄊㄧˇ ㄧㄝˋ	體液	23
ㄍㄠ ㄎㄤˋ	高亢	23
ㄍㄠ ㄑㄧㄠˊ	高橋	23
ㄍㄠ ㄐㄧㄝˇ ㄒㄧ ㄉㄨˋ	高解析度	23
ㄍㄠ ㄧ	高醫	23
ㄙㄨㄥ ㄖㄨㄢˇ	鬆軟	23
ㄋㄠˋ ㄐㄩˋ	鬧劇	23
ㄎㄨㄟˊ ㄅㄟˇ ㄎㄜˋ	魁北克	23
ㄕˊ	鰣	23
ㄕˊ ㄩˊ	鰣魚	23
ㄠˊ	鰲	23
ㄌㄨˊ	鱸	23
ㄋㄧㄠˇ ㄕㄡˋ	鳥獸	23
ㄒㄧㄠ	鴞	23
ㄇㄧㄢˋ ㄕˊ	麵食	23
ㄏㄟ ㄙㄜˋ ㄙㄨˋ	黑色素	23
ㄉㄧㄢˇ ㄈㄚ	點發	23
ㄉㄧㄢˇ ㄓㄠˊ	點著	23
ㄉㄧㄥˇ ㄉㄧㄥˇ	鼎鼎	23
ㄑㄧˊ ㄊㄡˊ	齊頭	23
ㄎㄢ	龕	23
ㄍㄨㄟ ㄕㄢ ㄉㄠˇ	龜山島	23
ㄧ ㄒㄧㄤˋ ㄕˋ	一向是	22
ㄧˊ ㄒㄧㄤˋ ㄕˋ	一向是	22
ㄧ ㄙㄠˇ	一掃	22
ㄧˋ ㄙㄠˇ	一掃	22
ㄧ ㄐㄧㄣ	一斤	22
ㄧˋ ㄐㄧㄣ	一斤	22
ㄧ ㄨㄤˋ ㄨˊ ㄐㄧˋ	一望無際	22
ㄧˊ ㄨㄤˋ ㄨˊ ㄐㄧˋ	一望無際	22
ㄧ ㄓㄠ	一朝	22
ㄧˋ ㄓㄠ	一朝	22
ㄧ ㄇㄠˊ ㄑㄧㄢˊ	一毛錢	22
ㄧˋ ㄇㄠˊ ㄑㄧㄢˊ	一毛錢	22
ㄧ ㄏㄜˊ	一盒	22
ㄧˋ ㄏㄜˊ	一盒	22
ㄧ ㄧㄠˋ	一要	22
ㄧˊ ㄧㄠˋ	一要	22
ㄧ ㄔㄜ	一車	22
ㄧˋ ㄔㄜ	一車	22
ㄙㄢ ㄈㄤ ㄇㄧㄢˋ	三方面	22
ㄙㄢ ㄌㄨㄣˊ ㄔㄜ	三輪車	22
ㄕㄤˋ ㄒㄧㄚˋ ㄨㄣˊ	上下文	22
ㄕㄤˋ ㄕㄥ	上昇	22
ㄕㄤˋ ㄐㄧ	上機	22
ㄕㄤˋ ㄧㄢˇ	上眼	22
ㄕㄤˋ ㄕㄡˇ	上首	22
ㄒㄧㄚˋ ㄉㄧˋ	下地	22
ㄒㄧㄚˋ ㄕˋ	下士	22
ㄒㄧㄚˋ ㄋㄧㄢˊ	下年	22
ㄒㄧㄚˋ ㄕㄨˋ	下述	22
ㄅㄨˋ ㄍㄨㄤ ㄕˋ	不光是	22
ㄅㄨˊ ㄌㄧˋ ㄩˊ	不利於	22
ㄅㄨˊ ㄗㄞˋ ㄧˋ	不在意	22
ㄅㄨˋ ㄗㄞˋ ㄧˋ	不在意	22
ㄅㄨˋ ㄇㄤˊ	不忙	22
ㄅㄨˋ ㄏㄨㄤ ㄅㄨˋ ㄇㄤˊ	不慌不忙	22
ㄅㄨˊ ㄍㄨㄢˋ	不慣	22
ㄅㄨˋ ㄗㄜˊ ㄕㄡˇ ㄉㄨㄢˋ	不擇手段	22
ㄅㄨˊ ㄘㄜˋ	不測	22
ㄓㄨㄥ ㄧㄚˇ	中亞	22
ㄓㄨㄥ ㄧㄚˋ	中亞	22
ㄓㄨㄥ ㄓㄨㄢ	中專	22
ㄓㄨㄥ ㄒㄧㄢˋ	中線	22
ㄓㄨㄥ ㄒㄧ ㄅㄨˋ	中西部	22
ㄓㄨㄥ ㄐㄧㄢ ㄆㄞˋ	中間派	22
ㄓㄨㄥ ㄉㄨㄟˋ	中隊	22
ㄔㄨㄢˋ ㄌㄧㄡˊ	串流	22
ㄆㄧㄥ ㄆㄤ ㄑㄧㄡˊ	乒乓球	22
ㄖㄨˇ ㄊㄡˊ	乳頭	22
ㄕˋ ㄊㄧˇ	事體	22
ㄨˇ ㄘㄥˊ	五層	22
ㄨˇ ㄅㄨˋ	五部	22
ㄒㄧㄤˇ ㄩˋ	享譽	22
ㄖㄣˊ ㄕˋ ㄢˋ	人事案	22
ㄖㄣˊ ㄆㄧㄣˇ	人品	22
ㄖㄣˊ ㄕㄢ ㄖㄣˊ ㄏㄞˇ	人山人海	22
ㄔㄡˊ ㄖㄣˊ	仇人	22
ㄐㄧㄝˋ ㄕㄡˋ	介壽	22
ㄈㄨˋ ㄓ ㄑㄩㄝ ㄖㄨˊ	付之闕如	22
ㄧㄤˇ ㄇㄨˋ	仰慕	22
ㄈㄣˋ ㄋㄟˋ	份內	22
ㄅㄛˊ ㄣ	伯恩	22
ㄌㄧㄥˊ ㄌㄧˋ	伶俐	22
ㄙˋ ㄘㄥˊ ㄒㄧㄤ ㄕˋ	似曾相識	22
ㄨㄟˋ ㄅㄧㄠ	位標	22
ㄩˊ ㄔㄣˊ ㄩㄝˋ ㄧㄥ	余陳月瑛	22
ㄗㄨㄛˋ ㄐㄧㄚˇ	作假	22
ㄐㄧㄚ ㄧㄣ	佳音	22
ㄕˋ ㄋㄩˇ	侍女	22
ㄧ ㄐㄧㄡˋ ㄕˋ	依舊是	22
ㄑㄧㄣ ㄌㄩㄝˋ ㄒㄧㄥˋ	侵略性	22
ㄜˊ ㄨㄣˊ	俄文	22
ㄜˋ ㄨㄣˊ	俄文	22
ㄙㄨˊ ㄏㄨㄚˋ	俗化	22
ㄅㄠˇ ㄅㄧㄠ	保鏢	22
ㄅㄠˇ ㄅㄧㄠ	保鑣	22
ㄒㄧㄣˋ ㄖㄣˋ ㄍㄢˇ	信任感	22
ㄒㄧㄣˋ ㄕㄡˇ	信手	22
ㄢˇ	俺	22
ㄅㄟˋ ㄍㄢˇ	倍感	22
ㄉㄠˋ ㄕㄨˇ ㄐㄧˋ ㄕˊ	倒數計時	22
ㄉㄠˇ ㄍㄨㄛˋ	倒過	22
ㄐㄩㄝˊ ㄐㄧㄤˋ	倔強	22
ㄆㄧㄢ ㄐㄧ	偏激	22
ㄊㄧㄥˊ ㄩㄥˋ	停用	22
ㄐㄧㄢˋ ㄐㄧㄤˋ	健將	22
ㄎㄨㄟˇ ㄌㄟˇ	傀儡	22
ㄠˋ ㄖㄣˊ	傲人	22
ㄔㄨㄢˊ ㄉㄨㄥˋ	傳動	22
ㄕㄤ ㄏㄢˊ	傷寒	22
ㄕㄤ ㄅㄟ	傷悲	22
ㄒㄧㄤˋ ㄏㄨㄚˋ	像話	22
ㄌㄟˇ	儡	22
ㄧㄡ ㄒㄧㄢ ㄑㄩㄢˊ	優先權	22
ㄧㄡ ㄌㄨㄛˋ ㄖㄨˇ	優酪乳	22
ㄒㄧㄢ ㄕㄤˋ	先上	22
ㄒㄧㄢ ㄈㄨˋ	先父	22
ㄎㄜˋ ㄦˇ	克爾	22
ㄎㄜˋ ㄌㄧˇ ㄇㄨˇ ㄌㄧㄣˊ	克里姆林	22
ㄎㄜˋ ㄌㄧˇ ㄇㄨˇ ㄌㄧㄣˊ ㄍㄨㄥ	克里姆林宮	22
ㄦˊ ㄊㄨㄥˊ ㄐㄧㄝˊ ㄇㄨˋ	兒童節目	22
ㄦˊ ㄔㄚˊ	兒茶	22
ㄋㄟˋ ㄈㄣ ㄇㄧˋ	內分泌	22
ㄋㄟˋ ㄗㄞˋ ㄉㄜ˙	內在的	22
ㄋㄟˋ ㄒㄩㄝˊ	內學	22
ㄋㄟˋ ㄐㄧㄡˋ	內疚	22
ㄋㄟˋ ㄒㄧㄢˋ ㄐㄧㄠ ㄧˋ	內線交易	22
ㄋㄟˋ ㄇㄥˊ	內蒙	22
ㄑㄩㄢˊ ㄍㄨㄛˊ ㄖㄣˊ ㄇㄧㄣˊ	全國人民	22
ㄅㄧㄥ ㄍㄨㄥ ㄔㄤˇ	兵工廠	22
ㄗㄞˋ ㄎㄢˋ ㄎㄢˋ	再看看	22
ㄗㄞˋ ㄐㄧㄥ ㄍㄨㄛˋ	再經過	22
ㄔㄨ ㄨㄣˊ	出文	22
ㄔㄨ ㄑㄧˋ	出氣	22
ㄔㄨ ㄅㄢˇ ㄈㄚˇ	出版法	22
ㄔㄨ ㄗˋ ㄩˊ	出自於	22
ㄈㄣ ㄓˋ	分治	22
ㄈㄣ ㄉㄤˇ	分黨	22
ㄌㄧㄝˋ ㄉㄠˇ	列島	22
ㄆㄢˋ ㄌㄧˋ	判例	22
ㄍㄨㄚ ㄍㄨㄚ ㄌㄜˋ	刮刮樂	22
ㄎㄜ ㄧㄣˋ	刻印	22
ㄎㄜˋ ㄧㄣˋ	刻印	22
ㄎㄜ ㄗㄞˋ	刻在	22
ㄎㄜˋ ㄗㄞˋ	刻在	22
ㄑㄧㄢˊ ㄈㄨ	前夫	22
ㄑㄧㄢˊ ㄙㄨㄛˇ ㄨㄟˋ ㄐㄧㄢˋ	前所未見	22
ㄑㄧㄢˊ ㄉㄨㄢˋ	前段	22
ㄍㄤ ㄍㄨㄛˋ	剛過	22
ㄍㄨㄥ ㄇㄧㄥˊ	功名	22
ㄉㄨㄥˋ ㄉㄜˊ	動得	22
ㄉㄨㄥˋ ㄇㄢˋ	動漫	22
ㄌㄠˊ ㄍㄨㄥ ㄅㄠˇ ㄒㄧㄢˇ	勞工保險	22
ㄕˋ ㄅㄧˋ ㄏㄨㄟˋ	勢必會	22
ㄑㄩㄢˋ ㄇㄨˋ	勸募	22
ㄈㄨˊ	匐	22
ㄅㄟˇ ㄐㄧㄥ ㄖㄣˊ	北京人	22
ㄅㄟˇ ㄕ	北師	22
ㄑㄩ ㄓㄤˇ	區長	22
ㄕˊ ㄙㄢ ㄖㄣˊ	十三人	22
ㄕˊ ㄨˇ ㄩㄢˊ	十五元	22
ㄕˊ ㄘˋ	十次	22
ㄕˊ ㄌㄧˇ	十里	22
ㄑㄧㄢ ㄒㄧ ㄋㄧㄢˊ	千禧年	22
ㄑㄧㄢ ㄒㄧˇ ㄋㄧㄢˊ	千禧年	22
ㄑㄧㄢ ㄒㄧㄣ ㄨㄢˋ ㄎㄨˇ	千辛萬苦	22
ㄋㄢˊ ㄧ	南一	22
ㄐㄧˊ ㄨㄟˋ	即位	22
ㄌㄧˊ ㄇㄧˇ	厘米	22
ㄩㄢˊ ㄗㄨㄛˋ ㄓㄜˇ	原作者	22
ㄩㄢˊ ㄓˇ	原址	22
ㄩㄢˊ ㄨˋ	原物	22
ㄩㄢˊ ㄒㄧㄤ ㄖㄣˊ	原鄉人	22
ㄩㄢˊ ㄧㄣ	原音	22
ㄈㄢˇ ㄇㄟˇ	反美	22
ㄕㄡˋ ㄗㄞ ㄏㄨˋ	受災戶	22
ㄎㄡˇ ㄐㄧㄠ	口交	22
ㄎㄡˇ ㄔㄡˋ	口臭	22
ㄎㄡˇ ㄕㄜˊ	口舌	22
ㄎㄡˇ ㄌㄧˇ	口裡	22
ㄍㄨˇ ㄉㄧㄢˇ ㄩㄝˋ	古典樂	22
ㄍㄨˇ ㄓㄞˊ	古宅	22
ㄌㄧㄥˋ ㄨㄞˋ ㄧ ㄏㄨㄟˊ ㄕˋ	另外一回事	22
ㄐㄧㄠˋ ㄓㄜ˙	叫著	22
ㄉㄧㄥ ㄧㄠˇ	叮咬	22
ㄎㄜˇ ㄕㄤˋ	可上	22
ㄎㄜˇ ㄙㄨˋ ㄒㄧㄥˋ	可塑性	22
ㄎㄜˇ ㄩˊ	可於	22
ㄊㄞˊ ㄈㄟˊ	台肥	22
ㄊㄞˊ ㄒㄧ	台西	22
ㄉㄧㄠ	叼	22
ㄒㄩ	吁	22
ㄔ ㄔㄨ	吃出	22
ㄔ ㄗㄠˇ ㄘㄢ	吃早餐	22
ㄍㄜˋ ㄨㄟˋ ㄉㄜ˙	各位的	22
ㄍㄜˋ ㄗㄨˊ	各族	22
ㄍㄜˋ ㄗˋ ㄨㄟˊ ㄓㄥˋ	各自為政	22
ㄏㄜˊ ㄅㄨˋ ㄏㄜˊ	合不合	22
ㄏㄜˊ ㄔㄨ	合出	22
ㄏㄜˊ ㄆㄞ	合拍	22
ㄊㄨㄥˊ ㄧㄤˋ ㄗㄞˋ	同樣在	22
ㄊㄨㄥˊ ㄧˋ	同義	22
ㄊㄨㄥˊ ㄉㄧㄠˋ	同調	22
ㄇㄧㄥˊ ㄗㄨㄟˇ	名嘴	22
ㄓㄚˋ	吒	22
ㄒㄧ ㄕㄨㄟˇ	吸水	22
ㄒㄧ ㄐㄧㄥ	吸睛	22
ㄉㄞ ㄅㄢˇ	呆板	22
ㄞˊ ㄅㄢˇ	呆板	22
ㄓㄡ ㄌㄧˇ	周禮	22
ㄏㄜˊ ㄌㄜ˙	和了	22
ㄏㄜˊ ㄏㄜˊ	和合	22
ㄏㄜˊ ㄒㄧㄥ	和興	22
ㄎㄚ ㄈㄟ ㄐㄧ	咖啡機	22
ㄉㄨㄥ ㄉㄨㄥ	咚咚	22
ㄧㄠˇ ㄒㄧㄚˋ	咬下	22
ㄎㄨ ㄙㄨˋ	哭訴	22
ㄕㄡˋ ㄏㄨㄛˋ	售貨	22
ㄑㄧˇ ㄏㄤˊ	啟航	22
ㄑㄧˇ ㄔˇ	啟齒	22
ㄏㄢˇ ㄓㄜ˙	喊著	22
ㄒㄧˇ ㄋㄨˋ ㄞ ㄌㄜˋ	喜怒哀樂	22
ㄏㄜˋ ㄑㄧˇ ㄌㄞˊ	喝起來	22
ㄙㄤˋ ㄓˋ	喪志	22
ㄉㄢ ㄅㄛˊ	單薄	22
ㄉㄢ ㄧㄣ	單音	22
ㄨ ㄨ	嗚嗚	22
ㄉㄤ ㄉㄤ	噹噹	22
ㄙˋ ㄓㄡ	四週	22
ㄏㄨㄟˊ ㄏㄜˊ	回紇	22
ㄍㄨˋ ㄕㄡˇ	固守	22
ㄍㄨㄛˊ ㄕˋ ㄌㄨㄣˋ ㄊㄢˊ	國是論壇	22
ㄍㄨㄛˊ ㄘㄜˋ ㄍㄨˋ ㄨㄣˋ	國策顧問	22
ㄊㄨˊ ㄨㄣˊ ㄅㄧㄥˋ ㄇㄠˋ	圖文並茂	22
ㄊㄨˊ ㄓㄤ	圖章	22
ㄊㄨˇ ㄙ	土司	22
ㄊㄨˇ ㄉㄨㄟ	土堆	22
ㄊㄨˇ ㄈㄥ ㄨˇ	土風舞	22
ㄗㄨㄛˋ ㄇㄢˇ	坐滿	22
ㄇㄞˊ ㄘㄤˊ	埋藏	22
ㄔㄤˇ ㄔㄤˇ	場場	22
ㄔㄤˊ ㄔㄤˇ	場場	22
ㄉㄨˇ ㄓㄨˋ	堵住	22
ㄙㄞˋ ㄦˇ ㄊㄧˊ ㄎㄜˋ	塞爾提克	22
ㄔㄣˊ ㄈㄥ	塵封	22
ㄓㄨㄟˋ ㄖㄨˋ	墜入	22
ㄓㄨㄤˋ ㄐㄩˇ	壯舉	22
ㄉㄨㄛ ㄕㄠˇ ㄘˋ	多少次	22
ㄉㄨㄛ ㄍㄨㄢˇ	多管	22
ㄍㄡˋ ㄅㄨˊ ㄍㄡˋ	夠不夠	22
ㄉㄚˋ ㄒㄧㄢ	大仙	22
ㄉㄚˋ ㄈㄣ	大分	22
ㄉㄚˋ ㄈㄣˋ	大分	22
ㄉㄚˋ ㄈㄣˋ ㄒㄧㄢˋ	大分縣	22
ㄉㄚˋ ㄢ ㄒㄧ	大安溪	22
ㄉㄚˋ ㄕ ㄐㄧˊ	大師級	22
ㄉㄚˋ ㄐㄧㄢˋ	大建	22
ㄉㄚˋ ㄉㄧˊ	大敵	22
ㄉㄚˋ ㄍㄤˇ	大港	22
ㄉㄚˋ ㄩㄝ ㄗㄞˋ	大約在	22
ㄉㄚˋ ㄉㄨㄟˋ ㄓㄤˇ	大隊長	22
ㄊㄧㄢ ㄖㄤˇ	天壤	22
ㄊㄧㄢ ㄍㄨㄥ	天工	22
ㄊㄧㄢ ㄒㄧㄤˋ	天象	22
ㄊㄞˋ ㄏㄡˋ	太后	22
ㄊㄞˋ ㄧㄤˊ ㄒㄧˋ	太陽系	22
ㄕ ㄏㄜˊ	失和	22
ㄐㄧㄚˊ ㄐㄧˊ	夾擊	22
ㄐㄧㄚˊ ㄈㄥˋ	夾縫	22
ㄠˋ ㄩㄢˊ	奧援	22
ㄠˋ ㄇㄧˋ	奧祕	22
ㄋㄩˇ ㄏㄞˊ ㄦ	女孩兒	22
ㄋㄩˇ ㄏㄞˊ ㄦˊ	女孩兒	22
ㄏㄠˇ ㄧ ㄏㄨㄟˇ	好一會	22
ㄏㄠˇ ㄒㄧㄤˋ ㄏㄨㄟˋ	好像會	22
ㄏㄠˇ ㄒㄩㄥ ㄉㄧˋ	好兄弟	22
ㄨㄟ ㄙ ㄎㄤ ㄒㄧㄣ	威斯康辛	22
ㄈㄨˋ ㄋㄩˇ ㄒㄧㄣ ㄓ	婦女新知	22
ㄗˇ ㄉㄧˋ ㄅㄧㄥ	子弟兵	22
ㄐㄧㄝˊ ㄐㄩㄝˊ	孑孓	22
ㄈㄨ ㄔㄨ	孵出	22
ㄢ ㄋㄢˊ	安南	22
ㄢ ㄕㄣ ㄌㄧˋ ㄇㄧㄥˋ	安身立命	22
ㄍㄨㄢ ㄖㄣˊ	官人	22
ㄍㄨㄢ ㄈㄨˇ	官府	22
ㄧㄢˋ ㄎㄜˋ	宴客	22
ㄖㄨㄥˊ ㄧㄢˊ	容顏	22
ㄇㄧˋ ㄈㄥ	密封	22
ㄕˊ ㄒㄧㄤˋ	實像	22
ㄕˊ ㄒㄩ	實需	22
ㄕㄣˇ ㄔㄚˊ ㄏㄨㄟˋ ㄧˋ	審查會議	22
ㄓㄨㄢ ㄒㄧㄠˋ	專校	22
ㄉㄠˇ ㄉㄢˋ	導彈	22
ㄉㄠˇ ㄉㄧㄢˋ	導電	22
ㄒㄧㄠˇ ㄦˋ	小二	22
ㄒㄧㄠˇ ㄎㄨㄞˋ	小塊	22
ㄒㄧㄠˇ ㄧㄚ	小鴨	22
ㄕㄤˋ ㄎㄜˇ	尚可	22
ㄐㄧㄡˋ ㄓㄨˋ	就住	22
ㄕㄢ ㄑㄩㄣˊ	山群	22
ㄕㄢ ㄧㄠˋ	山藥	22
ㄕㄢ ㄓㄨ ㄎㄨ	山豬窟	22
ㄎㄨㄣ ㄑㄩˇ	崑曲	22
ㄅㄥ ㄐㄧㄝˇ	崩解	22
ㄔㄠˊ ㄒㄩㄝˋ	巢穴	22
ㄍㄨㄥ ㄗㄨㄛˋ ㄉㄨㄟˋ	工作隊	22
ㄐㄩˋ ㄊㄡˊ	巨頭	22
ㄨ ㄕㄨˋ	巫術	22
ㄨˊ ㄕㄨˋ	巫術	22
ㄅㄚ ㄈㄚ ㄌㄧˋ ㄧㄚˇ	巴伐利亞	22
ㄅㄚ ㄈㄚˊ ㄌㄧˋ ㄧㄚˇ	巴伐利亞	22
ㄕˋ ㄕㄤˋ	市上	22
ㄅㄨˋ ㄇㄢˇ	布滿	22
ㄆㄚˋ ㄐㄧㄣ ㄙㄣ	帕金森	22
ㄆㄧㄥˊ ㄌㄜ˙	平了	22
ㄆㄧㄥˊ ㄧˋ ㄐㄧㄣˋ ㄖㄣˊ	平易近人	22
ㄆㄧㄥˊ ㄅㄞˊ	平白	22
ㄋㄧㄢˊ ㄍㄠ	年糕	22
ㄏㄨㄢˋ ㄏㄨㄚˋ	幻化	22
ㄧㄡ ㄇㄛˋ ㄍㄢˇ	幽默感	22
ㄐㄧˇ ㄇㄧㄥˊ	幾名	22
ㄐㄧˇ ㄒㄩˇ	幾許	22
ㄉㄨˋ ㄨㄞˋ	度外	22
ㄔㄤˇ ㄓˇ	廠址	22
ㄈㄟˋ ㄑㄧˋ ㄉㄜ˙	廢棄的	22
ㄈㄟˋ ㄊㄧㄝˇ	廢鐵	22
ㄍㄨㄤˇ ㄍㄠˋ ㄈㄟˋ	廣告費	22
ㄧㄢˊ ㄓㄢˇ	延展	22
ㄋㄨㄥˋ ㄑㄧㄥ	弄清	22
ㄧㄣˇ ㄖㄣˊ ㄖㄨˋ ㄕㄥˋ	引人入勝	22
ㄖㄨㄛˋ ㄕˋ	弱視	22
ㄓㄤ ㄐㄩㄣˋ ㄏㄨㄥˊ	張俊宏	22
ㄑㄧㄤˊ ㄧㄡˇ ㄌㄧˋ	強有力	22
ㄊㄨㄥˊ	彤	22
ㄅㄧㄣ ㄅㄧㄣ	彬彬	22
ㄧㄥˇ ㄧㄣˋ ㄉㄧㄢˋ	影印店	22
ㄏㄡˋ ㄒㄧㄢˋ ㄉㄞˋ ㄓㄨˇ ㄧˋ	後現代主義	22
ㄏㄡˋ ㄓ	後知	22
ㄉㄜˊ ㄊㄧˇ	得體	22
ㄈㄨˋ ㄍㄨㄛˊ	復國	22
ㄨㄟˊ ㄌㄧˋ	微粒	22
ㄓㄥ ㄩㄥˋ	徵用	22
ㄒㄧㄣ ㄈㄨˊ	心服	22
ㄐㄧˋ ㄉㄢˋ	忌憚	22
ㄓˋ ㄔㄥˊ	志成	22
ㄓㄨㄥ	忪	22
ㄙㄨㄥ	忪	22
ㄋㄧㄢˋ ㄈㄛˊ	念佛	22
ㄆㄚˋ ㄕㄜˊ ㄇㄛ˙	怕什麼	22
ㄆㄚˋ ㄕㄜˊ ㄇㄜ˙	怕什麼	22
ㄆㄚˋ ㄕㄣˊ ㄇㄛ˙	怕什麼	22
ㄆㄚˋ ㄕㄣˊ ㄇㄜ˙	怕什麼	22
ㄙ ㄒㄧㄤ	思鄉	22
ㄆㄥ	怦	22
ㄍㄨㄥ ㄨㄟˊ	恭維	22
ㄧㄡ ㄖㄢˊ	悠然	22
ㄋㄧㄣˊ ㄇㄣˊ	您們	22
ㄋㄧㄣˊ ㄇㄣ˙	您們	22
ㄑㄧㄥˊ ㄈㄨˋ	情婦	22
ㄜˋ ㄒㄧㄥˋ ㄒㄩㄣˊ ㄏㄨㄢˊ	惡性循環	22
ㄜˋ ㄉㄨˊ	惡毒	22
ㄒㄧㄤˇ ㄗㄡˇ	想走	22
ㄒㄧㄥ ㄙㄨㄥ	惺忪	22
ㄧˋ ㄧㄡˊ ㄨㄟˋ ㄐㄧㄣˋ	意猶未盡	22
ㄍㄢˇ ㄖㄢˇ ㄌㄧˋ	感染力	22
ㄘㄢˇ ㄌㄧㄝˋ	慘烈	22
ㄙㄨㄥˇ ㄩㄥˇ	慫恿	22
ㄎㄣˇ ㄑㄧㄡˊ	懇求	22
ㄧㄥ ㄍㄞ ㄋㄥˊ	應該能	22
ㄔㄥˊ ㄖㄣˊ	成仁	22
ㄔㄥˊ ㄉㄢ	成單	22
ㄨㄛˇ ㄌㄧㄚˇ	我倆	22
ㄨㄛˇ ㄇㄚ ㄇㄚ	我媽媽	22
ㄨㄛˇ ㄞˋ ㄋㄧˇ	我愛你	22
ㄑㄧㄤˊ ㄏㄞˋ	戕害	22
ㄓㄢˋ ㄒㄧㄢˋ	戰線	22
ㄉㄞˋ ㄨㄟˊ	戴維	22
ㄈㄤˊ ㄐㄧㄢ ㄌㄧˇ	房間裡	22
ㄙㄨㄛˇ ㄧˇ ㄖㄢˊ	所以然	22
ㄕㄡˇ ㄑㄧˋ	手氣	22
ㄉㄚˇ ㄉㄨˇ	打賭	22
ㄉㄚˇ ㄑㄧˇ ㄌㄞˊ	打起來	22
ㄔㄜˇ ㄔㄨ	扯出	22
ㄊㄡˊ ㄅㄣ	投奔	22
ㄊㄡˊ ㄆㄧㄠˋ ㄌㄩˋ	投票率	22
ㄉㄡˇ ㄙㄡˇ	抖擻	22
ㄓㄜˊ ㄐㄧㄚˋ ㄑㄩㄢˋ	折價券	22
ㄅㄠˋ ㄑㄧˇ	抱起	22
ㄉㄧˇ ㄕㄤˋ	抵上	22
ㄔㄞ ㄓㄤˋ	拆帳	22
ㄆㄠ ㄒㄧㄚˋ	拋下	22
ㄊㄨㄛ ㄧˋ	拖曳	22
ㄕˊ ㄏㄨㄤ	拾荒	22
ㄓˇ ㄖˋ	指日	22
ㄐㄧㄝˊ ㄅㄠˋ	捷報	22
ㄉㄧㄠˋ ㄗㄞˋ	掉在	22
ㄓㄤˇ ㄨㄛˋ ㄓㄨˋ	掌握住	22
ㄆㄞˊ ㄒㄧㄝˋ ㄨˋ	排泄物	22
ㄐㄧㄝ ㄕㄡˋ ㄉㄠˋ	接受到	22
ㄊㄨㄟ ㄒㄧㄠ ㄩㄢˊ	推銷員	22
ㄘㄨㄛˋ ㄕㄡˇ	措手	22
ㄏㄨㄢˋ ㄓㄨㄤ	換裝	22
ㄙㄨㄣˇ ㄏㄞˋ ㄆㄟˊ ㄔㄤˊ	損害賠償	22
ㄔㄥ ㄑㄧˇ	撐起	22
ㄔㄜˋ ㄓˊ	撤職	22
ㄆㄨ ㄕㄚ	撲殺	22
ㄐㄧㄢˇ ㄑㄧˇ	撿起	22
ㄌㄟˊ	擂	22
ㄌㄟˋ	擂	22
ㄐㄩˋ ㄕㄨㄛ ㄧㄡˇ	據說有	22
ㄅㄞˇ ㄆㄧㄥˊ	擺平	22
ㄕㄜˋ ㄓˋ	攝製	22
ㄐㄩㄝˊ ㄑㄩˇ	攫取	22
ㄓ ㄐㄧㄚˋ	支架	22
ㄕㄡ ㄌㄞˊ	收來	22
ㄕㄡ ㄏㄨㄟˊ ㄌㄞˊ	收回來	22
ㄕㄡ ㄕˋ	收市	22
ㄕㄡ ㄌㄧㄡˊ	收留	22
ㄈㄤˋ ㄕㄤˋ ㄑㄩˋ	放上去	22
ㄈㄤˋ ㄙˋ	放肆	22
ㄈㄤˋ ㄐㄧㄣˋ ㄌㄞˊ	放進來	22
ㄈㄤˋ ㄌㄧㄥˇ	放領	22
ㄐㄧㄠˋ ㄩˋ ㄒㄧㄥˋ	教育性	22
ㄙㄢˋ ㄕ	散失	22
ㄉㄨㄣ ㄏㄨㄚˋ ㄋㄢˊ ㄌㄨˋ	敦化南路	22
ㄓㄥˇ ㄅㄣˇ	整本	22
ㄕㄨˋ ㄨㄟˋ ㄕˋ	數位式	22
ㄕㄨˇ ㄌㄨㄛˋ	數落	22
ㄨㄣˊ ㄕˋ	文士	22
ㄨㄣˊ ㄘㄞˊ	文才	22
ㄨㄣˊ ㄧㄢˊ ㄨㄣˊ	文言文	22
ㄉㄡˇ ㄗ˙	斗子	22
ㄒㄧㄣ ㄓㄨˇ	新主	22
ㄒㄧㄣ ㄕˋ ㄓㄣˋ	新市鎮	22
ㄒㄧㄣ ㄐㄧˋ ㄩㄢˊ	新紀元	22
ㄒㄧㄣ ㄉㄧㄢˋ ㄧㄥˇ	新電影	22
ㄉㄨㄢˋ ㄕㄨㄟˇ	斷水	22
ㄈㄤ ㄅㄧㄢˋ ㄒㄧㄥˋ	方便性	22
ㄌㄩˇ ㄧㄡˊ ㄐㄩˊ	旅遊局	22
ㄐㄧˋ ㄧˇ	既已	22
ㄖˋ ㄍㄨㄤ ㄉㄥ	日光燈	22
ㄖˋ ㄐㄧ ㄩㄝˋ ㄌㄟˇ	日積月累	22
ㄩㄣˊ	昀	22
ㄤˊ ㄧㄤˊ	昂揚	22
ㄗㄨㄛˊ ㄊㄧㄢ ㄕㄤˋ ㄨˇ	昨天上午	22
ㄕˊ ㄓㄨㄥ	時中	22
ㄕˊ ㄅㄠˋ ㄧㄥ	時報鷹	22
ㄕˊ ㄓㄣ	時針	22
ㄔㄣˊ ㄍㄨㄤ	晨光	22
ㄅㄠˋ ㄈㄥ ㄩˇ	暴風雨	22
ㄕㄞˋ ㄊㄞˋ ㄧㄤˊ	曬太陽	22
ㄍㄥˋ ㄎㄨㄢ	更寬	22
ㄍㄥˋ ㄐㄧㄤ	更將	22
ㄕㄨ ㄋㄟˋ	書內	22
ㄗㄨㄟˋ ㄒㄧㄚˋ	最下	22
ㄗㄨㄟˋ ㄒㄧㄣ ㄒㄧㄠ ㄒㄧˊ	最新消息	22
ㄧㄡˇ ㄧˋ ㄩˊ	有益於	22
ㄧㄡˇ ㄕㄥ ㄕㄨ	有聲書	22
ㄧㄡˇ ㄓㄨㄢˋ	有賺	22
ㄨㄤˋ ㄨㄞˋ	望外	22
ㄔㄠˊ ㄊㄧㄢ	朝天	22
ㄅㄣˇ ㄨㄛˇ	本我	22
ㄓㄚˊ ㄐㄧˋ	札記	22
ㄌㄧˇ ㄩㄥˇ ㄆㄧㄥˊ	李永萍	22
ㄅㄧㄠ	杓	22
ㄕㄠˊ	杓	22
ㄉㄨㄥ ㄕㄚ ㄉㄠˇ	東沙島	22
ㄌㄧㄣˊ ㄉㄠˋ	林道	22
ㄍㄨㄛˇ ㄆㄧˊ	果皮	22
ㄍㄨㄛˇ ㄊㄨㄛˊ	果陀	22
ㄖㄡˊ ㄒㄧㄥˋ	柔性	22
ㄔㄞˊ ㄏㄨㄛˇ	柴火	22
ㄏㄜˊ ㄙㄢ ㄔㄤˇ	核三廠	22
ㄏㄜˊ ㄋㄥˊ ㄈㄚ ㄉㄧㄢˋ	核能發電	22
ㄧㄤˊ ㄏㄨˇ ㄔㄥˊ	楊虎城	22
ㄐㄧˊ ㄏㄠˇ	極好	22
ㄐㄧˊ ㄐㄧㄣˋ	極盡	22
ㄅㄤˇ ㄕㄤˋ	榜上	22
ㄌㄜˋ ㄧㄝˋ	樂業	22
ㄅㄧㄠ ㄐㄧㄚˋ	標價	22
ㄅㄧㄠ ㄏㄨㄟˋ	標會	22
ㄐㄩˊ ㄏㄨㄥˊ	橘紅	22
ㄐㄧ ㄒㄧㄝˋ ㄕˋ	機械式	22
ㄐㄧㄢˇ ㄔㄚˊ ㄗㄨㄥˇ ㄓㄤˇ	檢察總長	22
ㄌㄨㄢˊ	欒	22
ㄘˋ ㄉㄧˋ	次第	22
ㄑㄧ ㄨˇ	欺侮	22
ㄍㄜ ㄗˇ ㄒㄧˋ ㄊㄨㄢˊ	歌仔戲團	22
ㄍㄜ ㄗㄞˇ ㄒㄧˋ ㄊㄨㄢˊ	歌仔戲團	22
ㄌㄧㄢˋ	歛	22
ㄓㄥˋ ㄏㄜˊ	正和	22
ㄓㄥˋ ㄅㄣˇ	正本	22
ㄌㄧˋ ㄕˇ ㄧˋ ㄧˋ	歷史意義	22
ㄍㄨㄟ ㄍㄣ	歸根	22
ㄙˇ ㄓㄨㄥ	死忠	22
ㄙˇ ㄙˇ	死死	22
ㄕㄚ ㄌㄨˋ	殺戮	22
ㄅㄧˇ ㄖㄣˊ	比人	22
ㄇㄠˊ ㄊㄢˇ	毛毯	22
ㄈㄨˊ	氟	22
ㄑㄧˋ ㄒㄧㄤˋ ㄩˋ ㄅㄠˋ	氣象預報	22
ㄕㄨㄟˇ ㄏㄨˊ	水壺	22
ㄕㄨㄟˇ ㄏㄨˇ ㄓㄨㄢˋ	水滸傳	22
ㄕㄨㄟˇ ㄓㄨ	水珠	22
ㄑㄧㄡˊ ㄑㄩㄢˊ	求全	22
ㄑㄧㄡˊ ㄑㄧㄢ	求籤	22
ㄑㄧㄡˊ ㄐㄧㄝˇ	求解	22
ㄐㄧㄤ ㄕㄨㄟˇ	江水	22
ㄐㄧㄤ ㄏㄢˋ	江漢	22
ㄇㄟˊ ㄉㄚˇ	沒打	22
ㄕㄚ ㄑㄧㄡ	沙丘	22
ㄕㄚ ㄧㄚˇ	沙啞	22
ㄕㄚ ㄕㄚ	沙沙	22
ㄕㄚ ㄓㄡ	沙洲	22
ㄊㄨㄛˊ	沱	22
ㄏㄜˊ ㄊㄧˊ	河堤	22
ㄏㄜˊ ㄇㄧㄢˋ	河面	22
ㄧㄡˊ ㄊㄧㄠˊ	油條	22
ㄧㄤˊ ㄧㄤˊ ㄙㄚˇ ㄙㄚˇ	洋洋灑灑	22
ㄒㄧˇ ㄐㄧㄝˊ	洗劫	22
ㄒㄧㄝˋ ㄉㄜ˙	洩的	22
ㄏㄨㄥˊ ㄒㄧㄡˋ ㄓㄨˋ	洪秀柱	22
ㄆㄞˋ ㄅㄧㄝˊ	派別	22
ㄌㄧㄡˊ ㄔㄨ ㄌㄞˊ	流出來	22
ㄌㄧㄡˊ ㄘㄨㄢˋ	流竄	22
ㄌㄧㄡˊ ㄒㄧㄥˊ ㄩㄝˋ	流行樂	22
ㄌㄧㄡˊ ㄙㄨˋ	流速	22
ㄏㄞˇ ㄎㄨㄛˋ ㄊㄧㄢ ㄎㄨㄥ	海闊天空	22
ㄕㄜˋ ㄐㄧˊ ㄉㄜ˙	涉及的	22
ㄕㄜˋ ㄌㄧㄝˋ	涉獵	22
ㄌㄧㄤˊ ㄧˋ	涼意	22
ㄉㄢˋ ㄨㄤˋ	淡忘	22
ㄕㄣ ㄌㄢˊ	深藍	22
ㄧㄢ ㄙˇ	淹死	22
ㄑㄧㄥ ㄐㄧㄝˊ ㄉㄨㄟˋ ㄩㄢˊ	清潔隊員	22
ㄑㄧㄥ ㄉㄨㄣˋ	清燉	22
ㄑㄧㄥ ㄔㄚˊ	清茶	22
ㄑㄧㄥ ㄈㄥ	清風	22
ㄍㄤˇ ㄆㄧㄢˋ	港片	22
ㄘㄡˋ ㄖㄜˋ ㄋㄠˋ	湊熱鬧	22
ㄧㄢ ㄇㄧㄝˋ	湮滅	22
ㄓㄨㄣˇ ㄑㄩㄝˋ ㄒㄧㄥˋ	準確性	22
ㄇㄢˇ ㄓㄡ	滿洲	22
ㄇㄢˇ ㄗㄨˊ ㄍㄢˇ	滿足感	22
ㄌㄨˋ	漉	22
ㄌㄡˋ ㄑㄧˋ	漏氣	22
ㄕㄨˋ ㄎㄡˇ	漱口	22
ㄐㄧㄢˋ ㄐㄧㄢˇ	漸減	22
ㄑㄧㄢˊ ㄒㄧㄣ	潛心	22
ㄕ ㄖㄨㄣˋ	濕潤	22
ㄐㄧˇ ㄋㄢˊ	濟南	22
ㄌㄢˋ ㄑㄧㄥˊ	濫情	22
ㄙㄚˇ ㄊㄨㄛ	灑脫	22
ㄔㄠˇ ㄖㄜˋ	炒熱	22
ㄓㄚˊ ㄐㄧㄤˋ ㄇㄧㄢˋ	炸醬麵	22
ㄓㄚˋ ㄐㄧㄤˋ ㄇㄧㄢˋ	炸醬麵	22
ㄨˊ ㄓㄨˇ	無主	22
ㄨˊ ㄍㄨㄥ	無功	22
ㄨˊ ㄩㄢˋ ㄨˊ ㄏㄨㄟˇ	無怨無悔	22
ㄨˊ ㄅㄨˇ	無補	22
ㄓㄠˋ ㄅㄧㄠˇ	照表	22
ㄓㄠˋ ㄍㄨㄛˋ	照過	22
ㄅㄠ	煲	22
ㄧㄝˋ	燁	22
ㄕㄠ ㄅㄧㄥˇ	燒餅	22
ㄧㄥˊ ㄗㄠˋ ㄕㄤ	營造商	22
ㄧㄥˊ ㄗㄠˋ ㄔㄤˇ	營造廠	22
ㄅㄠˋ ㄒㄧㄠˋ	爆笑	22
ㄓㄠˇ ㄗ˙	爪子	22
ㄓㄨㄚˇ ㄗ˙	爪子	22
ㄆㄧㄢˋ ㄉㄨㄢˋ	片斷	22
ㄉㄨˊ	牘	22
ㄧㄚˊ ㄇㄞˇ ㄐㄧㄚ	牙買加	22
ㄨˋ ㄌㄧˇ ㄙㄨㄛˇ	物理所	22
ㄉㄨˊ	犢	22
ㄎㄨㄤˊ ㄒㄧㄤˇ	狂想	22
ㄘㄞ ㄉㄠˋ	猜到	22
ㄉㄞ	獃	22
ㄋㄧㄥˊ	獰	22
ㄒㄧㄢˋ ㄏㄨㄚ	獻花	22
ㄕㄨㄞˋ ㄊㄨㄥˊ	率同	22
ㄨㄤˊ ㄕㄥˋ ㄨㄟˇ	王勝偉	22
ㄓㄨ ㄗ˙	珠子	22
ㄒㄧㄢˋ ㄉㄞˋ ㄕ	現代詩	22
ㄏㄨˇ ㄆㄛˋ	琥珀	22
ㄈㄚˋ	琺	22
ㄏㄨㄢˊ ㄍㄨˋ	環顧	22
ㄊㄧㄢˊ ㄊㄧㄢˊ ㄑㄩㄢ	甜甜圈	22
ㄕㄥ ㄏㄨㄛˊ ㄒㄧˊ ㄍㄨㄢˋ	生活習慣	22
ㄕㄥ ㄨˋ ㄗㄨˇ	生物組	22
ㄕㄥ ㄒㄧㄡˋ	生鏽	22
ㄔㄢˇ ㄏㄡˋ	產後	22
ㄔㄢˇ ㄧㄝˋ ㄉㄠˋ ㄌㄨˋ	產業道路	22
ㄊㄧㄢˊ ㄏㄨㄥˊ ㄇㄠˋ	田弘茂	22
ㄐㄧㄚˇ ㄍㄨˇ ㄨㄣˊ	甲骨文	22
ㄋㄢˊ ㄌㄢˊ	男籃	22
ㄌㄩㄝˋ ㄨㄟˊ	略微	22
ㄏㄨㄚˋ ㄏㄨㄟˋ	畫會	22
ㄧˋ ㄐㄩㄣ ㄊㄨˊ ㄑㄧˇ	異軍突起	22
ㄐㄧˊ ㄏㄨ	疾呼	22
ㄉㄥ ㄅㄠˋ	登報	22
ㄈㄚ ㄏㄨㄟ ㄔㄨ	發揮出	22
ㄈㄚ ㄉㄧㄢˋ ㄌㄧㄤˋ	發電量	22
ㄅㄞˊ ㄕㄚ	白沙	22
ㄅㄞˊ ㄖㄜˋ ㄏㄨㄚˋ	白熱化	22
ㄅㄞˇ ㄏㄨㄚ	百花	22
ㄏㄨㄤˊ ㄇㄧㄣˊ ㄏㄨㄚˋ	皇民化	22
ㄆㄧˊ ㄉㄞˋ	皮帶	22
ㄏㄜˊ ㄓㄨㄤ	盒裝	22
ㄕㄥˋ ㄧㄢˋ	盛宴	22
ㄐㄧㄢ ㄗㄠˋ	監造	22
ㄓˊ ㄨㄤˇ	直往	22
ㄓˊ ㄓㄨㄟ	直追	22
ㄕㄥˇ ㄒㄧㄚˋ ㄌㄞˊ	省下來	22
ㄇㄟˊ ㄐㄧㄝˊ	眉睫	22
ㄓㄣ ㄕㄢˋ ㄇㄟˇ	真善美	22
ㄧㄢˇ ㄕㄡˊ	眼熟	22
ㄧㄢˇ ㄕㄨˊ	眼熟	22
ㄓㄨㄥˋ ㄙㄨㄛˇ ㄓㄨˇ ㄇㄨˋ	眾所矚目	22
ㄉㄨ ㄒㄩㄝˊ	督學	22
ㄉㄨ ㄔㄚˊ	督察	22
ㄉㄨㄢˇ ㄕㄠˇ	短少	22
ㄕㄚ ㄊㄤˊ	砂糖	22
ㄙㄨㄟˋ ㄕˊ	碎石	22
ㄆㄥˋ ㄑㄧㄠˇ	碰巧	22
ㄕㄣˊ ㄓㄡ	神州	22
ㄕㄣˊ ㄐㄧㄥ ㄒㄧˋ	神經系	22
ㄕㄣˊ ㄐㄧㄥ ㄒㄧˋ ㄅㄠ	神經細胞	22
ㄕㄣˊ ㄓˊ	神職	22
ㄈㄨˊ ㄒㄧㄥ	福星	22
ㄗㄨ ㄈㄟˋ	租費	22
ㄧˊ ㄨㄤˇ	移往	22
ㄓˋ ㄑㄧˋ	稚氣	22
ㄅㄧㄥˇ	稟	22
ㄉㄠˋ ㄙㄨㄟˋ	稻穗	22
ㄐㄧ ㄓㄥ	稽徵	22
ㄐㄧ ㄧㄚ	積壓	22
ㄎㄨㄥ ㄧㄡˇ	空有	22
ㄊㄨˊ ㄨㄟˊ	突圍	22
ㄐㄧㄠˋ	窖	22
ㄎㄨㄟ ㄕˋ	窺視	22
ㄌㄧˋ ㄑㄩㄣˊ	立群	22
ㄓㄢˋ ㄆㄞˊ	站牌	22
ㄓㄨˊ ㄧㄝˋ	竹葉	22
ㄅㄣˋ ㄓㄨㄛˊ	笨拙	22
ㄉㄧˋ ㄙㄢ ㄕˊ ㄙㄢ	第三十三	22
ㄉㄧˋ ㄙㄢ ㄐㄧˋ	第三季	22
ㄉㄧˋ ㄨˇ ㄊㄧㄠˊ	第五條	22
ㄉㄚ ㄉㄚ	答答	22
ㄍㄜˋ ㄓㄨㄥ	箇中	22
ㄓㄣ	箴	22
ㄐㄧㄝˊ ㄩㄝ ㄋㄥˊ ㄩㄢˊ	節約能源	22
ㄐㄧㄝˊ ㄕˊ	節食	22
ㄔㄡˊ ㄐㄧˊ	籌集	22
ㄇㄧˇ ㄌㄠˇ ㄕㄨˇ	米老鼠	22
ㄐㄧㄥ ㄉㄨˋ	精度	22
ㄐㄧㄥ ㄉㄚˇ ㄒㄧˋ ㄙㄨㄢˋ	精打細算	22
ㄐㄧㄥ ㄩˊ	精於	22
ㄎㄤ	糠	22
ㄌㄧㄤˊ ㄕˊ ㄐㄩˊ	糧食局	22
ㄏㄨㄥˊ ㄐㄩㄣ	紅軍	22
ㄏㄜˊ	紇	22
ㄓˇ ㄉㄞˋ	紙袋	22
ㄓˇ ㄈㄥ ㄔㄜ	紙風車	22
ㄌㄟˇ ㄩㄝˋ	累月	22
ㄌㄟˇ ㄐㄧ ㄒㄧㄚˋ ㄌㄞˊ	累積下來	22
ㄌㄟˊ ㄓㄨㄟˋ	累贅	22
ㄒㄧˋ ㄇㄧˋ	細密	22
ㄗㄨˇ ㄍㄨㄥ ㄏㄨㄟˋ	組工會	22
ㄗㄨˇ ㄍㄜˊ	組閣	22
ㄐㄧㄝˊ ㄉㄨㄟˋ	結隊	22
ㄐㄩㄝˊ ㄅㄨˊ ㄏㄨㄟˋ	絕不會	22
ㄐㄧㄥ ㄏㄜˊ ㄏㄨㄟˋ	經合會	22
ㄐㄧㄥ ㄕㄡˇ	經手	22
ㄐㄧㄥ ㄈㄟˋ ㄅㄨˋ ㄗㄨˊ	經費不足	22
ㄑㄧˋ ㄉㄨˊ	緝毒	22
ㄓ ㄔㄨ	織出	22
ㄧㄥ	纓	22
ㄧㄤˊ ㄇㄛˊ	羊膜	22
ㄧㄤˊ ㄇㄛˋ	羊膜	22
ㄇㄟˇ ㄑㄧˊ ㄇㄧㄥˊ	美其名	22
ㄇㄟˇ ㄕˊ ㄐㄧㄝˊ	美食節	22
ㄐㄧㄝˊ	羯	22
ㄩˇ ㄊㄧㄢˊ	羽田	22
ㄨㄥ ㄐㄧㄣ ㄓㄨ	翁金珠	22
ㄈㄢ ㄈㄢ	翻翻	22
ㄌㄠˇ ㄕㄨˇ ㄏㄨㄟˋ	老鼠會	22
ㄎㄠˇ ㄕˋ ㄩㄢˋ ㄓㄤˇ	考試院長	22
ㄦˇ ㄇㄨˋ ㄧ ㄒㄧㄣ	耳目一新	22
ㄦˇ ㄇㄨˋ ㄧˋ ㄒㄧㄣ	耳目一新	22
ㄦˇ ㄅㄧㄢ	耳邊	22
ㄦˇ ㄇㄧㄥˊ	耳鳴	22
ㄕㄥ ㄅㄠˇ	聲寶	22
ㄙㄨㄥˇ ㄐㄧㄢ	聳肩	22
ㄓˊ ㄧㄝˋ ㄅㄧㄥˋ	職業病	22
ㄊㄧㄥ ㄅㄨˊ ㄉㄠˋ	聽不到	22
ㄊㄧㄥ ㄅㄨˋ ㄉㄠˋ	聽不到	22
ㄊㄧㄥ ㄕㄨㄛ ㄧㄡˇ	聽說有	22
ㄖㄡˋ ㄕㄣ	肉身	22
ㄖㄡˋ ㄕˊ	肉食	22
ㄍㄨˇ ㄉㄨㄥ ㄏㄨㄟˋ	股東會	22
ㄋㄠˇ ㄌㄧㄡˊ	腦瘤	22
ㄈㄨˋ ㄇㄧㄢˋ	腹面	22
ㄌㄧㄣˊ ㄒㄧㄥˊ	臨行	22
ㄗˋ ㄌㄧˋ ㄍㄥ ㄕㄥ	自力更生	22
ㄗˋ ㄑㄩˇ	自取	22
ㄗˋ ㄕˇ	自始	22
ㄗˋ ㄍㄢˇ	自感	22
ㄗˋ ㄅㄠˋ ㄗˋ ㄑㄧˋ	自暴自棄	22
ㄗˋ ㄧㄡˊ ㄐㄧ	自由基	22
ㄗˋ ㄧㄢˊ ㄗˋ ㄩˇ	自言自語	22
ㄗˋ ㄒㄩㄢˇ	自選	22
ㄔㄡˋ ㄔㄨㄥˊ	臭蟲	22
ㄩˇ ㄏㄨㄟˋ ㄖㄣˊ ㄕˋ	與會人士	22
ㄩˇ ㄘˇ ㄊㄨㄥˊ ㄕˊ	與此同時	22
ㄐㄩˇ ㄍㄨㄛˊ	舉國	22
ㄐㄧㄡˋ ㄗㄨㄛˋ	舊作	22
ㄨˇ ㄅㄧˋ	舞弊	22
ㄏㄤˊ ㄎㄨㄥ ㄧㄝˋ	航空業	22
ㄏㄨㄚ ㄅㄛˊ	花博	22
ㄏㄨㄚ ㄌㄧㄢˊ ㄕˋ	花蓮市	22
ㄧㄥ ㄘㄞˊ	英才	22
ㄘㄠˇ ㄖㄣˊ	草人	22
ㄏㄨㄤ ㄉㄢˋ	荒誕	22
ㄆㄨˊ	莆	22
ㄈㄨˇ	莆	22
ㄏㄨㄚˊ ㄕㄚ	華沙	22
ㄧㄢ ㄘㄠˇ	菸草	22
ㄓㄨㄛˊ ㄧㄢˇ ㄉㄧㄢˇ	著眼點	22
ㄓㄨㄛˊ ㄌㄨˋ	著陸	22
ㄓㄥ ㄌㄧㄡˋ	蒸餾	22
ㄍㄞˋ ㄗ˙	蓋子	22
ㄇㄧㄝˋ ㄕˋ	蔑視	22
ㄒㄧㄣ ㄏㄨㄛˇ	薪火	22
ㄇㄛˊ	蘑	22
ㄓㄨ ㄙ ㄇㄚˇ ㄐㄧ	蛛絲馬跡	22
ㄒㄧㄚ ㄗ˙	蝦子	22
ㄖㄨㄥˊ ㄑㄩㄢˋ	融券	22
ㄖㄨㄥˊ ㄖㄨㄥˊ	融融	22
ㄇㄢˊ ㄧㄡˇ ㄑㄩˋ	蠻有趣	22
ㄇㄢˊ ㄏㄥˋ	蠻橫	22
ㄒㄧㄝˇ ㄇㄞˋ	血脈	22
ㄏㄤˊ ㄕㄨˋ	行數	22
ㄒㄧㄥˊ ㄗㄨㄥ ㄅㄨˋ ㄇㄧㄥˊ	行蹤不明	22
ㄒㄧㄥˊ ㄉㄨ	行都	22
ㄧㄚˊ ㄇㄣˊ	衙門	22
ㄔㄨㄥ ㄐㄧㄣˋ	衝勁	22
ㄔㄨㄥ ㄐㄧㄥˋ	衝勁	22
ㄧ ㄒㄧㄡˋ	衣袖	22
ㄖㄨˋ	褥	22
ㄒㄧ ㄔㄨ	西出	22
ㄐㄧㄢˋ ㄊㄧㄢ ㄖˋ	見天日	22
ㄐㄧㄢˋ ㄐㄧㄢˋ	見見	22
ㄔㄨˋ ㄇㄟˊ	觸媒	22
ㄧㄢˊ ㄘˊ	言辭	22
ㄉㄧㄥˋ ㄓㄥˋ	訂正	22
ㄐㄧˋ ㄇㄧㄥˊ	記名	22
ㄒㄩˇ ㄩㄢˋ	許願	22
ㄕˋ ㄅㄠˋ	試爆	22
ㄕ ㄘㄠˇ	詩草	22
ㄖㄣˋ ㄔㄨ ㄌㄞˊ	認出來	22
ㄖㄣˋ ㄕㄨ	認輸	22
ㄨˋ ㄕˊ	誤食	22
ㄈㄟˇ	誹	22
ㄊㄢˊ ㄒㄧㄣ	談心	22
ㄐㄧㄥˇ ㄅㄠˋ ㄑㄧˋ	警報器	22
ㄐㄧㄥˇ ㄔㄚˊ ㄐㄧ ㄍㄨㄢ	警察機關	22
ㄧˋ ㄌㄨㄣˋ ㄈㄣ ㄈㄣ	議論紛紛	22
ㄉㄨˊ ㄎㄚˇ	讀卡	22
ㄅㄧㄢˋ ㄔㄥˊ ㄕㄨㄛ	變成說	22
ㄓㄨ ㄍㄜ	豬哥	22
ㄏㄨㄛˋ ㄎㄨㄢˇ	貨款	22
ㄏㄨㄛˋ ㄨˋ ㄕㄨㄟˋ	貨物稅	22
ㄈㄟˋ ㄐㄧㄣˋ	費盡	22
ㄗ ㄒㄩㄣˋ ㄍㄨㄥ ㄧㄝˋ	資訊工業	22
ㄗ ㄒㄩㄣˋ ㄐㄧˋ ㄕㄨˋ	資訊技術	22
ㄆㄟˊ ㄅㄣˇ	賠本	22
ㄗㄡˇ ㄒㄧㄚˋ ㄆㄛ	走下坡	22
ㄐㄧㄡ	赳	22
ㄐㄧㄡˇ	赳	22
ㄔㄠ ㄕˊ	超時	22
ㄩㄝˋ ㄧㄤˊ	越洋	22
ㄗㄨˊ ㄅㄨˋ	足部	22
ㄕㄢ	跚	22
ㄍㄣ ㄍㄨㄛˋ ㄑㄩˋ	跟過去	22
ㄌㄨˋ ㄐㄧ	路基	22
ㄌㄨˋ ㄧˋ ㄙ	路易斯	22
ㄆㄢˊ	蹣	22
ㄇㄢˊ	蹣	22
ㄆㄢˊ ㄕㄢ	蹣跚	22
ㄇㄢˊ ㄕㄢ	蹣跚	22
ㄕㄣ ㄒㄧㄥˊ	身形	22
ㄉㄨㄛˇ ㄍㄨㄛˋ	躲過	22
ㄔㄜ ㄈㄟˋ	車費	22
ㄐㄩㄣ ㄓㄥˋ ㄈㄨˇ	軍政府	22
ㄈㄨˇ ㄒㄧˋ	輔系	22
ㄓㄨㄢˇ ㄍㄠˋ	轉告	22
ㄓㄨㄢˇ ㄍㄨㄛˋ ㄌㄞˊ	轉過來	22
ㄅㄢˋ ㄍㄨㄥ ㄊㄧㄥ	辦公廳	22
ㄧㄥˊ ㄊㄡˊ	迎頭	22
ㄐㄧㄣˋ ㄌㄧˋ	近利	22
ㄏㄨㄟˊ ㄌㄤˊ	迴廊	22
ㄇㄧˊ ㄊㄨˊ	迷途	22
ㄓㄨㄟ ㄌㄞˊ	追來	22
ㄓㄨㄟ ㄏㄨㄟˊ	追回	22
ㄊㄨㄟˋ ㄆㄧㄠˋ	退票	22
ㄊㄨㄟˋ ㄔㄨˊ	退除	22
ㄊㄨㄟˋ ㄔㄨˊ ㄧˋ	退除役	22
ㄓㄜˋ ㄧㄤˋ ㄗㄞˋ	這樣在	22
ㄊㄨㄥ ㄆㄥˊ ㄌㄩˋ	通膨率	22
ㄊㄨㄥ ㄌㄧㄥˊ	通靈	22
ㄉㄠˋ ㄒㄧㄣ	道心	22
ㄉㄚˊ ㄌㄧˇ	達理	22
ㄨㄟˊ ㄓㄤ ㄐㄧㄢˋ ㄓㄨˊ	違章建築	22
ㄌㄧㄡˊ	遛	22
ㄉㄧˋ ㄅㄨˇ	遞補	22
ㄩㄢˇ ㄉㄠˋ	遠道	22
ㄠˊ ㄧㄡˊ	遨遊	22
ㄗㄠ ㄧㄤ	遭殃	22
ㄗㄨㄣ ㄒㄧㄥˊ	遵行	22
ㄒㄩㄢˇ ㄖㄨˋ	選入	22
ㄒㄩㄢˇ ㄨˋ	選務	22
ㄧˊ ㄔㄨㄢˊ ㄒㄧㄥˋ	遺傳性	22
ㄧˊ ㄏㄞˊ	遺骸	22
ㄅㄧˋ ㄏㄨㄛˋ	避禍	22
ㄏㄨㄢˊ ㄓㄞˋ	還債	22
ㄅㄧㄢ ㄗㄞˋ	邊在	22
ㄅㄧㄢ ㄉㄚˇ	邊打	22
ㄑㄧㄡ ㄧˋ ㄖㄣˊ	邱義仁	22
ㄅㄟˋ	邶	22
ㄙㄨㄢ ㄨㄟˋ	酸味	22
ㄧ ㄩㄢˋ ㄌㄧˇ	醫院裡	22
ㄔㄨㄥˊ ㄉㄠˋ	重到	22
ㄓㄨㄥˋ ㄈㄨˋ	重負	22
ㄧㄝˇ ㄉㄧˋ	野地	22
ㄌㄧㄤˊ ㄅㄧㄠˇ	量表	22
ㄐㄧㄣ ㄌㄢˊ	金蘭	22
ㄎㄡˋ	釦	22
ㄘㄨㄛˋ	銼	22
ㄆㄨ ㄕㄤˋ	鋪上	22
ㄅㄧㄠˇ ㄇㄧㄢˋ	錶面	22
ㄙㄨㄛˇ ㄑㄧˇ	鎖起	22
ㄗㄨㄢ ㄔㄨ	鑽出	22
ㄓㄤˇ ㄋㄩˇ	長女	22
ㄔㄤˊ ㄗㄨˊ	長足	22
ㄕㄢˇ ㄅㄧˋ	閃避	22
ㄎㄞ ㄔㄨㄤˋ ㄔㄨ	開創出	22
ㄎㄞ ㄧˋ	開議	22
ㄍㄨㄢ ㄒㄧ ㄓㄣˋ	關西鎮	22
ㄍㄨㄢ ㄑㄧˇ ㄌㄞˊ	關起來	22
ㄊㄨㄛˊ ㄌㄨㄛˊ	陀螺	22
ㄓㄣˋ ㄉㄧˋ	陣地	22
ㄔㄣˊ ㄊㄤˊ ㄕㄢ	陳唐山	22
ㄔㄣˊ ㄐㄧㄢˋ ㄋㄧㄢˊ	陳建年	22
ㄔㄣˊ ㄐㄧㄡˋ	陳舊	22
ㄌㄨˋ ㄕㄥ	陸生	22
ㄍㄜˊ ㄖˋ	隔日	22
ㄍㄜˊ ㄎㄞ	隔開	22
ㄒㄧㄢˇ ㄐㄩㄣˋ	險峻	22
ㄧㄣˇ ㄅㄧˋ	隱蔽	22
ㄧㄣˇ ㄕㄣ	隱身	22
ㄌㄧˊ ㄏㄜˊ	離合	22
ㄋㄢˊ ㄅㄠˇ	難保	22
ㄋㄢˊ ㄨㄟˊ ㄑㄧㄥˊ	難為情	22
ㄩㄣˊ ㄌㄧㄣˊ ㄒㄧㄢˋ ㄓㄥˋ ㄈㄨˇ	雲林縣政府	22
ㄉㄧㄢˋ ㄌㄧˋ ㄍㄨㄥ ㄙ	電力公司	22
ㄉㄧㄢˋ ㄗˇ ㄍㄨˇ	電子股	22
ㄉㄧㄢˋ ㄐㄧˊ	電極	22
ㄉㄧㄢˋ ㄋㄥˊ	電能	22
ㄉㄧㄢˋ ㄋㄠˇ ㄓㄢˇ	電腦展	22
ㄉㄧㄢˋ ㄈㄥ ㄕㄢˋ	電風扇	22
ㄕㄚˋ ㄕˊ ㄐㄧㄢ	霎時間	22
ㄌㄧㄥˊ ㄧˋ	靈異	22
ㄑㄧㄥ ㄐㄧㄠ	青椒	22
ㄑㄧㄥ ㄊㄨㄥˊ ㄑㄧˋ	青銅器	22
ㄐㄧㄥˋ ㄑㄧㄠ ㄑㄧㄠ	靜悄悄	22
ㄐㄧㄥˋ ㄑㄧㄠˇ ㄑㄧㄠˇ	靜悄悄	22
ㄇㄧㄢˋ ㄇㄨˋ ㄑㄩㄢˊ ㄈㄟ	面目全非	22
ㄏㄢˊ ㄒㄧㄣˋ	韓信	22
ㄧㄣ ㄩㄝˋ ㄒㄧㄥˋ	音樂性	22
ㄕㄨㄣˋ ㄙㄨㄟˋ	順遂	22
ㄌㄧㄥˇ ㄏㄤˊ	領航	22
ㄊㄧˊ ㄎㄨˋ	題庫	22
ㄊㄧˊ ㄧˋ	題意	22
ㄌㄟˋ ㄊㄨㄟ	類推	22
ㄍㄨˋ ㄐㄧㄚ	顧家	22
ㄒㄧㄢˇ ㄌㄧㄥˊ	顯靈	22
ㄈㄥ ㄈㄚ	風發	22
ㄆㄧㄠ ㄧㄤˊ ㄍㄨㄛˋ ㄏㄞˇ	飄洋過海	22
ㄈㄟ ㄌㄜ˙	飛了	22
ㄈㄟ ㄩㄝˋ	飛躍	22
ㄕˊ ㄌㄧㄤˊ	食糧	22
ㄜˋ ㄌㄜ˙	餓了	22
ㄐㄧㄢˋ	餞	22
ㄨㄟˋ ㄅㄠˇ	餵飽	22
ㄐㄧ ㄜˋ	饑餓	22
ㄖㄠˊ ㄧㄥˇ ㄑㄧˊ	饒穎奇	22
ㄖㄠˊ ㄕㄜˊ	饒舌	22
ㄑㄧˊ ㄕㄤˋ	騎上	22
ㄑㄧˊ ㄐㄧ ㄔㄜ	騎機車	22
ㄍㄨˇ ㄊㄚˇ	骨塔	22
ㄊㄧˇ ㄩㄥˋ	體用	22
ㄍㄠ ㄘㄥˊ ㄘˋ	高層次	22
ㄍㄠ ㄊㄤ	高湯	22
ㄗㄨㄥ	鬃	22
ㄇㄛˊ ㄐㄧㄥˋ	魔鏡	22
ㄩˊ ㄇㄧㄠˊ	魚苗	22
ㄑㄧㄡ	鰍	22
ㄅㄧㄝ	鱉	22
ㄈㄥˋ ㄕㄢ ㄒㄧ	鳳山溪	22
ㄇㄞˋ ㄊㄧㄢˊ	麥田	22
ㄇㄧㄢˋ ㄅㄠ ㄉㄧㄢˋ	麵包店	22
ㄇㄚˊ ㄕㄥˇ ㄌㄧˇ ㄍㄨㄥ	麻省理工	22
ㄏㄨㄤˊ ㄓㄨˇ ㄨㄣˊ	黃主文	22
ㄏㄨㄤˊ ㄊㄨˇ	黃土	22
ㄏㄨㄤˊ ㄏㄨㄚ	黃花	22
ㄏㄨㄤˊ ㄉㄥ ㄏㄨㄟ	黃鐙輝	22
ㄏㄨㄤˊ ㄧㄥ	黃鶯	22
ㄋㄧㄢˊ ㄧˋ	黏液	22
ㄋㄧㄢˊ ㄧㄝˋ	黏液	22
ㄏㄟ ㄑㄧ	黑漆	22
ㄉㄞˋ ㄢ ㄋㄚˋ	黛安娜	22
ㄔㄨˋ	黜	22
ㄉㄧㄢˇ ㄅㄛˋ	點播	22
ㄉㄧㄢˇ ㄓㄣˋ	點陣	22
ㄉㄧㄢˇ ㄘㄢ	點餐	22
ㄌㄨㄥˊ ㄇㄣˊ	龍門	22
ㄧ ㄧ ㄐㄧㄡˇ	一一九	21
ㄧ ㄌㄧㄤˇ ㄅㄞˇ	一兩百	21
ㄧ ㄅㄚ ㄙˋ	一八四	21
ㄧ ㄌㄧㄡˋ ㄧ	一六一	21
ㄧ ㄘㄜˋ	一冊	21
ㄧˊ ㄘㄜˋ	一冊	21
ㄧ ㄑㄧㄢ ㄐㄧㄡˇ	一千九	21
ㄧ ㄑㄧㄢ ㄍㄜ˙	一千個	21
ㄧˋ ㄑㄧㄢ ㄍㄜ˙	一千個	21
ㄧ ㄊㄤˊ ㄎㄜˋ	一堂課	21
ㄧˋ ㄊㄤˊ ㄎㄜˋ	一堂課	21
ㄧ ㄉㄨㄟˋ ㄧ	一對一	21
ㄧ ㄒㄧㄥ ㄑㄧˊ	一星期	21
ㄧˋ ㄒㄧㄥ ㄑㄧˊ	一星期	21
ㄧ ㄓ ㄉㄨˊ ㄒㄧㄡˋ	一枝獨秀	21
ㄧˋ ㄓ ㄉㄨˊ ㄒㄧㄡˋ	一枝獨秀	21
ㄧ ㄓㄨㄛ	一桌	21
ㄧˋ ㄓㄨㄛ	一桌	21
ㄧ ㄊㄧㄠˊ ㄒㄧㄢˋ	一條線	21
ㄧˋ ㄊㄧㄠˊ ㄒㄧㄢˋ	一條線	21
ㄧ ㄎㄜ ㄕㄨˋ	一棵樹	21
ㄧˋ ㄎㄜ ㄕㄨˋ	一棵樹	21
ㄧ ㄧㄤˇ	一氧	21
ㄧˋ ㄧㄤˇ	一氧	21
ㄧ ㄨˊ ㄙㄨㄛˇ ㄧㄡˇ	一無所有	21
ㄧˋ ㄨˊ ㄙㄨㄛˇ ㄧㄡˇ	一無所有	21
ㄧ ㄕˋ ㄊㄨㄥˊ ㄖㄣˊ	一視同仁	21
ㄧˊ ㄕˋ ㄊㄨㄥˊ ㄖㄣˊ	一視同仁	21
ㄧ ㄐㄩㄣ	一軍	21
ㄧˋ ㄐㄩㄣ	一軍	21
ㄧ ㄓ ㄕㄡˇ	一隻手	21
ㄧˋ ㄓ ㄕㄡˇ	一隻手	21
ㄙㄢ ㄒㄧㄚˋ	三下	21
ㄙㄢ ㄧㄢˊ ㄌㄧㄤˇ ㄩˇ	三言兩語	21
ㄙㄢ ㄐㄧㄝ	三階	21
ㄕㄤˋ ㄒㄧㄚˋ ㄧㄡˊ	上下游	21
ㄕㄤˋ ㄨㄟˋ	上位	21
ㄕㄤˋ ㄑㄧㄢ ㄨㄢˋ	上千萬	21
ㄕㄤˋ ㄆㄛ	上坡	21
ㄕㄤˋ ㄏㄨㄛˇ	上火	21
ㄕㄤˋ ㄓㄣ	上真	21
ㄕㄤˋ ㄘㄜˋ	上策	21
ㄕㄤˋ ㄅㄨˋ	上部	21
ㄕㄤˋ ㄙㄨㄛˇ	上鎖	21
ㄒㄧㄚˋ ㄔㄥˊ	下成	21
ㄒㄧㄚˋ ㄅㄧㄠˇ	下表	21
ㄒㄧㄚˋ ㄍㄨㄟˋ	下跪	21
ㄅㄨˋ ㄖㄣˊ ㄉㄠˋ	不人道	21
ㄅㄨˋ ㄔㄚ	不差	21
ㄅㄨˋ ㄏㄨㄞˊ	不懷	21
ㄅㄨˊ ㄌㄨㄛˋ ㄖㄣˊ ㄏㄡˋ	不落人後	21
ㄅㄨˋ ㄒㄧㄥˊ ㄌㄜ˙	不行了	21
ㄕˋ ㄕˋ	世世	21
ㄕˋ ㄐㄧㄝˋ ㄏㄜˊ ㄆㄧㄥˊ	世界和平	21
ㄉㄧㄡ ㄗㄞˋ	丟在	21
ㄓㄨㄥ ㄊㄞˊ ㄨㄢ	中台灣	21
ㄓㄨㄥ ㄍㄤˇ ㄒㄧ	中港溪	21
ㄓㄨㄥ ㄎㄨㄥ	中空	21
ㄓㄨㄥ ㄌㄧˋ ㄉㄜ˙	中立的	21
ㄓ ㄧㄡˇ	之友	21
ㄓ ㄐㄩˇ	之舉	21
ㄐㄧㄡˇ ㄅㄞˇ ㄉㄨㄛ	九百多	21
ㄕˋ ㄨˋ ㄈㄟˋ	事務費	21
ㄕˋ ㄐㄧ	事機	21
ㄦˋ ㄌㄧㄣˊ	二林	21
ㄦˋ ㄅㄞˇ ㄦˋ	二百二	21
ㄨˇ ㄍㄨㄤ ㄕˊ ㄙㄜˋ	五光十色	21
ㄨˇ ㄊㄞˊ	五台	21
ㄨˇ ㄅㄞˇ ㄎㄨㄞˋ	五百塊	21
ㄨㄤˊ ㄍㄨㄛˊ	亡國	21
ㄐㄧㄠ ㄧˊ	交誼	21
ㄧˋ ㄊㄨㄥˊ	亦同	21
ㄌㄧㄤˋ ㄐㄧㄥ ㄐㄧㄥ	亮晶晶	21
ㄖㄣˊ ㄗㄠˋ ㄩˇ	人造雨	21
ㄐㄧㄣ ㄒㄧㄚˋ	今夏	21
ㄊㄚ ㄍㄨㄛˋ ㄑㄩˋ	他過去	21
ㄒㄧㄢ ㄖㄣˊ ㄓㄤˇ	仙人掌	21
ㄧ ㄙ ㄌㄢˊ ㄐㄧㄠˋ	伊斯蘭教	21
ㄧ ㄌㄧˋ ㄕㄚ ㄅㄞˊ	伊莉莎白	21
ㄕㄣ ㄔㄨ ㄌㄞˊ	伸出來	21
ㄓㄨˋ ㄉㄠˋ	住到	21
ㄈㄛˊ ㄕㄢ	佛山	21
ㄕˇ ㄩㄥˋ ㄈㄟˋ	使用費	21
ㄌㄞˊ ㄓㄜ˙	來著	21
ㄍㄨㄥ ㄗㄨㄛˋ	供作	21
ㄍㄨㄥˋ ㄗㄨㄛˋ	供作	21
ㄍㄨㄥ ㄔㄨ	供出	21
ㄍㄨㄥ ㄘˊ	供詞	21
ㄍㄨㄥˋ ㄧㄤˇ	供養	21
ㄍㄨㄥˋ ㄧㄤˋ	供養	21
ㄌㄧˇ	俚	21
ㄅㄠˇ ㄌㄧㄡˊ ㄒㄧㄚˋ ㄌㄞˊ	保留下來	21
ㄒㄧㄣˋ ㄧˋ ㄌㄨˋ	信義路	21
ㄒㄧㄡ ㄉㄧㄥˋ	修定	21
ㄨㄛ ㄎㄡˋ	倭寇	21
ㄧㄢˇ	偃	21
ㄆㄧㄢ ㄅㄨˊ	偏不	21
ㄆㄧㄢ ㄅㄨˋ	偏不	21
ㄗㄨㄛˋ ㄐㄧㄡˇ ㄌㄜ˙	做久了	21
ㄊㄧㄥˊ ㄊㄧˊ	停蹄	21
ㄊㄡ ㄉㄜ˙	偷的	21
ㄔㄨㄢˊ ㄐㄧㄚ	傳家	21
ㄔㄨㄢˊ ㄨㄟˊ	傳為	21
ㄕㄤ ㄈㄥ	傷風	21
ㄑㄧㄥ ㄓㄨˋ	傾注	21
ㄑㄧㄠˊ ㄐㄧㄝˋ	僑界	21
ㄙㄥ ㄌㄩˇ	僧侶	21
ㄧˊ ㄅㄧㄠˇ	儀表	21
ㄔㄤˊ ㄈㄨˋ	償付	21
ㄒㄧㄢ ㄌㄜ˙	先了	21
ㄒㄧㄢ ㄒㄧㄤˇ	先想	21
ㄒㄧㄢ ㄓㄠˇ	先找	21
ㄒㄧㄢ ㄩˊ	先於	21
ㄎㄜˋ ㄋㄢˊ	克難	21
ㄎㄜˋ ㄋㄢˋ	克難	21
ㄋㄟˋ ㄧㄥˋ	內應	21
ㄋㄟˋ ㄈㄨˋ	內附	21
ㄑㄩㄢˊ ㄧˋ	全意	21
ㄌㄧㄤˇ ㄓㄡ	兩周	21
ㄌㄧㄤˇ ㄆㄞˋ	兩派	21
ㄌㄧㄤˇ ㄑㄧˇ	兩起	21
ㄌㄧㄤˇ ㄅㄧㄢ ㄉㄜ˙	兩邊的	21
ㄌㄧㄤˇ ㄉㄨㄟˋ	兩隊	21
ㄅㄚ ㄕˊ ㄐㄧˇ	八十幾	21
ㄅㄚ ㄍㄨㄛˊ	八國	21
ㄍㄨㄥ ㄧㄤˊ	公羊	21
ㄍㄨㄥ ㄈㄟˋ ㄕㄥ	公費生	21
ㄍㄨㄥ ㄔㄜ ㄓㄢˋ	公車站	21
ㄌㄧㄡˋ ㄐㄧㄥ	六經	21
ㄌㄧㄡˋ ㄅㄨˋ	六部	21
ㄅㄧㄥ ㄧㄥˊ	兵營	21
ㄗㄞˋ ㄏㄨㄟˊ ㄉㄠˋ	再回到	21
ㄩㄢ ㄩˋ	冤獄	21
ㄅㄧㄥ ㄏㄜˊ ㄑㄧˊ	冰河期	21
ㄌㄥˇ ㄅㄧㄥ ㄅㄧㄥ	冷冰冰	21
ㄌㄥˇ ㄑㄧˋ ㄈㄤˊ	冷氣房	21
ㄎㄞˇ ㄙㄚˋ ㄌㄧㄣˊ	凱薩琳	21
ㄔㄨ ㄎㄡˇ ㄕㄤ	出口商	21
ㄔㄨ ㄐㄧㄚˋ	出嫁	21
ㄔㄨ ㄓㄠ	出招	21
ㄔㄨ ㄕㄥ ㄌㄩˋ	出生率	21
ㄉㄠ ㄎㄡˇ	刀口	21
ㄈㄣ ㄏㄠˋ	分號	21
ㄈㄣ ㄓㄨㄤ	分裝	21
ㄈㄣ ㄧㄝˇ	分野	21
ㄑㄧㄝ ㄉㄠˋ	切到	21
ㄅㄧㄝˊ ㄧㄡˊ	別由	21
ㄌㄧˋ ㄅㄧˇ ㄧㄚˇ	利比亞	21
ㄌㄧˋ ㄅㄧˇ ㄧㄚˋ	利比亞	21
ㄉㄠˋ ㄉㄧˇ ㄏㄨㄟˋ	到底會	21
ㄗㄜˊ ㄨˊ	則無	21
ㄑㄧㄢˊ ㄑㄧㄢˊ ㄏㄡˋ ㄏㄡˋ	前前後後	21
ㄑㄧㄢˊ ㄩㄢˋ ㄓㄤˇ	前院長	21
ㄐㄧㄢˇ ㄉㄧㄠˋ	剪掉	21
ㄎㄨㄞˋ ㄗ˙ ㄕㄡˇ	劊子手	21
ㄍㄨㄥ ㄉㄜˊ ㄏㄨㄟˋ	功德會	21
ㄍㄨㄥ ㄍㄨㄛˋ	功過	21
ㄐㄧㄚ ㄉㄧㄢˇ	加點	21
ㄩㄥˇ ㄓㄜˇ	勇者	21
ㄌㄠˊ ㄉㄨㄥˋ ㄈㄚˇ	勞動法	21
ㄅㄧˇ ㄕㄡˇ	匕首	21
ㄏㄨㄚˋ ㄗㄨㄛˋ	化做	21
ㄅㄟˇ ㄉㄞˋ ㄏㄜˊ	北戴河	21
ㄕˊ ㄉㄨㄛ ㄖㄣˊ	十多人	21
ㄕˊ ㄐㄧㄝˊ	十節	21
ㄕˊ ㄙㄜˋ	十色	21
ㄨˇ ㄒㄧㄡ	午休	21
ㄨˇ ㄢ	午安	21
ㄅㄢˋ ㄍㄜ˙ ㄒㄧㄠˇ ㄕˊ	半個小時	21
ㄋㄢˊ ㄉㄧㄥ ㄍㄜˊ ㄦˇ	南丁格爾	21
ㄋㄢˊ ㄦˋ ㄍㄠ	南二高	21
ㄋㄢˊ ㄖㄣˊ ㄕㄢ	南仁山	21
ㄋㄢˊ ㄍㄨㄥ	南宮	21
ㄎㄚˇ ㄌㄨˋ ㄌㄧˇ	卡路里	21
ㄎㄚˇ ㄇㄣˊ	卡門	21
ㄧㄣˋ ㄉㄨˋ ㄐㄧㄠˋ	印度教	21
ㄧㄣˋ ㄕㄨ ㄍㄨㄢˇ	印書館	21
ㄏㄡˋ ㄨㄤˋ	厚望	21
ㄑㄩˋ ㄏㄢˊ	去函	21
ㄧㄡˇ ㄧˊ ㄙㄞˋ	友誼賽	21
ㄈㄢˇ ㄉㄠˋ ㄕˋ	反倒是	21
ㄕㄡˋ ㄘㄜˋ	受測	21
ㄎㄡˇ ㄎㄜˇ	口渴	21
ㄎㄡˇ ㄑㄧㄣˊ	口琴	21
ㄓˇ ㄨㄟˋ ㄌㄜ˙	只為了	21
ㄓˇ ㄇㄞˋ	只賣	21
ㄓㄠˋ ㄇㄨˋ	召募	21
ㄎㄜˇ ㄒㄧㄤˇ ㄦˊ ㄓ	可想而知	21
ㄎㄜˇ ㄕˋ ㄏㄨㄟˋ	可是會	21
ㄎㄜˇ ㄉㄤ	可當	21
ㄎㄜˇ ㄐㄧㄣˋ	可進	21
ㄎㄜˇ ㄙㄨㄟˊ	可隨	21
ㄊㄞˊ ㄓㄨㄥ ㄍㄤˇ	台中港	21
ㄊㄞˊ ㄅㄟˇ ㄔㄥˊ	台北城	21
ㄊㄞˊ ㄌㄧㄢˊ ㄉㄤˇ	台聯黨	21
ㄙ ㄈㄚˇ ㄐㄧㄝˋ	司法界	21
ㄙ ㄎㄨㄥ	司空	21
ㄔ ㄘㄠˇ	吃草	21
ㄍㄜˋ ㄋㄧㄢˊ	各年	21
ㄍㄜˋ ㄕㄨㄛ ㄍㄜˋ ㄏㄨㄚˋ	各說各話	21
ㄏㄜˊ ㄉㄠˋ	合到	21
ㄏㄜˊ ㄑㄧㄥˊ	合情	21
ㄇㄧㄥˊ ㄗ˙	名子	21
ㄇㄧㄥˊ ㄕˊ	名實	21
ㄏㄡˋ ㄧˋ	后羿	21
ㄏㄡˋ ㄌㄧˇ	后里	21
ㄊㄨˇ ㄔㄨ ㄌㄞˊ	吐出來	21
ㄊㄨㄣ ㄒㄧㄚˋ ㄑㄩˋ	吞下去	21
ㄊㄨㄣ ㄊㄨㄣ	吞吞	21
ㄊㄨㄣ ㄕㄥ	吞聲	21
ㄏㄢˊ ㄒㄧㄠˋ	含笑	21
ㄨˊ ㄍㄨㄛˊ	吳國	21
ㄨˊ ㄒㄧㄥ ㄍㄨㄛˊ	吳興國	21
ㄔㄠˇ ㄔㄠˇ	吵吵	21
ㄔㄨㄟ ㄒㄩ	吹噓	21
ㄓㄡ ㄙㄢ	周三	21
ㄓㄡ ㄒㄧㄡ ㄦˋ ㄖˋ	周休二日	21
ㄏㄨ ㄓ	呼之	21
ㄓㄚˋ	咋	21
ㄗㄜˊ	咋	21
ㄎㄚ ㄈㄟ ㄉㄡˋ	咖啡豆	21
ㄒㄧㄢˊ ㄈㄥ	咸豐	21
ㄆㄧㄣˇ ㄒㄧㄥˋ	品行	21
ㄉㄨㄛ	哆	21
ㄋㄚˇ ㄨㄟˋ	哪位	21
ㄋㄚˇ ㄊㄧㄢ	哪天	21
ㄎㄨ ㄋㄠˋ	哭鬧	21
ㄍㄥˇ	哽	21
ㄕㄡˋ ㄏㄨㄛˋ ㄩㄢˊ	售貨員	21
ㄔㄤˋ ㄔㄤˋ	唱唱	21
ㄕㄤ ㄓㄢˇ	商展	21
ㄑㄧˇ ㄉㄧˊ	啟迪	21
ㄒㄧˇ ㄍㄢˇ	喜感	21
ㄒㄧˇ ㄒㄩㄣˋ	喜訊	21
ㄒㄩㄢ ㄒㄧㄠ	喧囂	21
ㄙㄤˋ ㄡˇ	喪偶	21
ㄉㄢ ㄐㄩˋ	單據	21
ㄏㄟ ㄏㄟ	嘿嘿	21
ㄘㄚ	嚓	21
ㄧㄢˊ ㄈㄤˊ	嚴防	21
ㄙˋ ㄕˋ	四世	21
ㄏㄨㄟˊ ㄐㄧㄠˋ ㄊㄨˊ	回教徒	21
ㄏㄨㄟˊ ㄔㄨㄣ	回春	21
ㄏㄨㄟˊ ㄌㄨㄥˊ	回籠	21
ㄧㄣ ㄍㄨㄥ	因公	21
ㄋㄢ	囡	21
ㄍㄨˋ ㄊㄞˋ	固態	21
ㄍㄨˋ ㄖㄢˊ ㄕˋ	固然是	21
ㄍㄨㄛˊ ㄕˋ	國勢	21
ㄍㄨㄛˊ ㄇㄧㄥˊ	國名	21
ㄍㄨㄛˊ ㄐㄧㄚ ㄐㄧ ㄇㄧˋ	國家機密	21
ㄍㄨㄛˊ ㄐㄧㄠˋ ㄙ	國教司	21
ㄍㄨㄛˊ ㄕㄨ	國書	21
ㄍㄨㄛˊ ㄇㄧㄣˊ ㄓㄨㄥ ㄒㄧㄠˇ ㄒㄩㄝˊ	國民中小學	21
ㄍㄨㄛˊ ㄍㄠ ㄓㄨㄥ	國高中	21
ㄩㄢˊ ㄓㄤˇ	園長	21
ㄩㄢˊ ㄓㄨㄛ	圓桌	21
ㄩㄢˊ ㄓㄨㄟ	圓錐	21
ㄊㄨˊ ㄕˋ	圖式	21
ㄊㄨˇ ㄕㄥ	土生	21
ㄗㄞˋ ㄨㄤˋ	在望	21
ㄗㄞˋ ㄅㄨˇ	在補	21
ㄉㄧˋ ㄩˋ ㄒㄧㄥˋ	地域性	21
ㄉㄧˋ ㄓㄨㄢ	地磚	21
ㄔㄨㄟˊ ㄉㄧㄠˋ	垂釣	21
ㄎㄨㄚˇ ㄊㄞˊ	垮台	21
ㄓˊ ㄕˋ	執事	21
ㄐㄧ ㄧㄣ ㄒㄧㄥˊ	基因型	21
ㄐㄧㄢ ㄔㄥ	堅稱	21
ㄐㄧㄢ ㄖㄣˋ	堅韌	21
ㄅㄠˋ ㄅㄠˋ	報報	21
ㄅㄠˋ ㄍㄨㄢ	報關	21
ㄅㄧˋ ㄅㄠˋ	壁報	21
ㄕˋ ㄉㄚˋ ㄈㄨ	士大夫	21
ㄕˋ ㄉㄞˋ ㄈㄨ	士大夫	21
ㄕˋ ㄉㄞˋ ㄈㄨ˙	士大夫	21
ㄨㄞˋ ㄙㄨㄣ	外孫	21
ㄨㄞˋ ㄩㄢˊ	外援	21
ㄉㄨㄛ ㄕㄠˇ ㄍㄜ˙	多少個	21
ㄉㄨㄛ ㄒㄧㄤˇ	多想	21
ㄉㄨㄛˊ ㄒㄧㄤˇ	多想	21
ㄉㄨㄛ ㄘㄞˊ ㄉㄨㄛ ㄧˋ	多才多藝	21
ㄉㄨㄛ ㄇㄧㄥˊ ㄍㄜ	多明哥	21
ㄧㄝˋ ㄊㄢˊ	夜譚	21
ㄍㄡˋ ㄨㄟˊ	夠為	21
ㄇㄥˋ ㄇㄟˋ	夢寐	21
ㄇㄥˋ ㄇㄟˋ ㄧˇ ㄑㄧㄡˊ	夢寐以求	21
ㄉㄚˋ ㄒㄧㄡ	大修	21
ㄉㄚˋ ㄐㄧㄚ ㄌㄜˋ	大家樂	21
ㄉㄚˋ ㄓㄨㄢ ㄕㄥ	大專生	21
ㄉㄚˋ ㄔㄞ	大差	21
ㄉㄚˋ ㄅㄟ	大悲	21
ㄉㄚˋ ㄑㄧˋ ㄘㄥˊ	大氣層	21
ㄉㄚˋ ㄔㄤˊ ㄞˊ	大腸癌	21
ㄉㄚˋ ㄔㄤˊ ㄧㄢˊ	大腸癌	21
ㄉㄚˋ ㄙㄨㄢˋ	大蒜	21
ㄉㄚˋ ㄏㄨㄚˋ	大話	21
ㄉㄚˋ ㄐㄧㄣ	大金	21
ㄉㄚˋ ㄇㄞˋ	大麥	21
ㄊㄧㄢ ㄖㄤˇ ㄓ ㄅㄧㄝˊ	天壤之別	21
ㄊㄧㄢ ㄗㄜˊ	天擇	21
ㄊㄧㄢ ㄈㄤ ㄧㄝˋ ㄊㄢˊ	天方夜譚	21
ㄊㄧㄢ ㄇㄧㄥˊ	天明	21
ㄊㄧㄢ ㄖㄢˊ ㄌㄧㄣˊ	天然林	21
ㄕ ㄒㄧㄡ	失修	21
ㄕ ㄒㄩㄝˊ	失學	21
ㄕ ㄧˋ	失意	21
ㄕ ㄕㄥ	失聲	21
ㄕ ㄒㄧㄝˇ	失血	21
ㄑㄧˊ ㄅㄧㄥ	奇兵	21
ㄑㄧˋ ㄩㄝ ㄕㄨ	契約書	21
ㄕㄜ ㄔˇ ㄆㄧㄣˇ	奢侈品	21
ㄠˋ ㄎㄜˋ ㄌㄢˊ	奧克蘭	21
ㄋㄩˇ ㄗㄨㄛˋ ㄐㄧㄚ	女作家	21
ㄋㄩˇ ㄊㄨㄥˊ ㄓˋ	女同志	21
ㄏㄠˇ ㄓㄨˇ ㄧˋ	好主意	21
ㄏㄠˇ ㄌㄜ˙ ㄇㄚ˙	好了嗎	21
ㄏㄠˋ ㄑㄧㄤˊ	好強	21
ㄏㄠˇ ㄒㄧㄣ ㄖㄣˊ	好心人	21
ㄏㄠˋ ㄓㄢˋ	好戰	21
ㄏㄠˇ ㄆㄞˊ	好排	21
ㄖㄨˊ ㄔㄨ ㄧ ㄔㄜˋ	如出一轍	21
ㄖㄨˊ ㄔㄨ ㄧˊ ㄔㄜˋ	如出一轍	21
ㄐㄧˋ ㄩㄢˋ	妓院	21
ㄅㄧㄠˇ	婊	21
ㄗˇ ㄎㄡˇ	子口	21
ㄒㄩㄝˊ ㄌㄧㄥˊ ㄑㄧㄢˊ	學齡前	21
ㄢ ㄉㄨㄥ ㄋㄧˊ ㄠˋ	安東尼奧	21
ㄨㄢˊ ㄨㄢˊ ㄑㄩㄢˊ ㄑㄩㄢˊ	完完全全	21
ㄗㄨㄥ ㄕ	宗師	21
ㄍㄨㄢ ㄍㄨˇ	官股	21
ㄉㄧㄥˋ ㄍㄠˇ	定稿	21
ㄐㄧˋ ㄩˇ	寄予	21
ㄇㄧˋ ㄅㄧˋ	密閉	21
ㄈㄨˋ ㄕˋ ㄕㄢ	富士山	21
ㄈㄨˋ ㄅㄧˇ	富比	21
ㄋㄧㄥˊ ㄒㄧㄚˋ	寧夏	21
ㄉㄠˇ ㄍㄨㄢˇ	導管	21
ㄒㄧㄠˇ ㄔ ㄊㄢ	小吃攤	21
ㄒㄧㄠˇ ㄑㄩㄢ	小圈	21
ㄒㄧㄠˇ ㄉㄧˋ ㄉㄧˋ	小弟弟	21
ㄒㄧㄠˇ ㄕㄡˇ	小手	21
ㄒㄧㄠˇ ㄈㄤ	小方	21
ㄒㄧㄠˇ ㄒㄧ	小溪	21
ㄒㄧㄠˇ ㄉㄜ˙ ㄕˊ ㄏㄡˋ	小的時候	21
ㄒㄧㄠˇ ㄍㄨㄟ ㄇㄛˊ	小規模	21
ㄐㄧㄡˋ ㄗㄨㄛˋ	就坐	21
ㄐㄧㄡˋ ㄞˋ	就愛	21
ㄨㄟˇ ㄙㄨㄟˊ	尾隨	21
ㄨ ㄨㄚˇ	屋瓦	21
ㄓㄢˇ ㄕˋ ㄔㄨ	展示出	21
ㄓㄢˇ ㄔˋ	展翅	21
ㄍㄨㄥ ㄖˋ	工日	21
ㄍㄨㄥ ㄧㄝˋ ㄐㄧㄝˋ	工業界	21
ㄍㄨㄥ ㄧㄝˋ ㄅㄨˋ	工業部	21
ㄍㄨㄥ ㄋㄨㄥˊ	工農	21
ㄐㄩˋ ㄒㄧㄝˋ ㄗㄨㄛˋ	巨蟹座	21
ㄔㄚ ㄐㄧㄣˋ	差勁	21
ㄔㄚ ㄐㄧㄥˋ	差勁	21
ㄔㄚˋ ㄐㄧㄣˋ	差勁	21
ㄔㄚˋ ㄐㄧㄥˋ	差勁	21
ㄕˋ ㄐㄧㄥˇ ㄒㄧㄠˇ ㄇㄧㄣˊ	市井小民	21
ㄌㄧㄢˊ	帘	21
ㄆㄧㄥˊ ㄉㄧㄥˋ	平定	21
ㄆㄧㄥˊ ㄈㄤˊ	平房	21
ㄆㄧㄥˊ ㄓㄥˋ	平正	21
ㄧㄡˋ ㄕˊ	幼時	21
ㄐㄧˇ ㄒㄧㄠˇ ㄕˊ	幾小時	21
ㄔㄨㄤˊ ㄊㄡˊ	床頭	21
ㄒㄩˋ ㄨㄣˊ	序文	21
ㄔㄤˇ ㄓㄤˇ	廠長	21
ㄍㄨㄤˇ ㄉㄨㄥ ㄕㄥˇ	廣東省	21
ㄧㄢˊ ㄔㄤˊ ㄒㄧㄢˋ	延長線	21
ㄐㄧㄢˋ ㄍㄨㄥ	建功	21
ㄐㄧㄢˋ ㄓㄨˊ ㄕㄜˋ ㄐㄧˋ	建築設計	21
ㄐㄧㄢˋ ㄕㄜˋ ㄊㄧㄥ	建設廳	21
ㄋㄨㄥˋ ㄗㄤ	弄髒	21
ㄧㄣˇ ㄧˇ ㄨㄟˊ ㄠˋ	引以為傲	21
ㄓㄤ ㄒㄧㄢ	張先	21
ㄓㄤ ㄌㄨㄛˊ	張羅	21
ㄊㄢˊ ㄔㄨ	彈出	21
ㄊㄢˊ ㄊㄧㄠˋ	彈跳	21
ㄒㄧㄥˊ ㄒㄧㄤˋ	形像	21
ㄧㄥˇ ㄒㄧㄥ	影星	21
ㄅㄧˇ ㄕˊ	彼時	21
ㄏㄣˇ ㄍㄡˋ	很夠	21
ㄏㄣˇ ㄋㄢˊ ㄉㄜ˙	很難的	21
ㄏㄡˋ ㄐㄧㄣˋ	後勁	21
ㄏㄡˋ ㄐㄧㄥˋ	後勁	21
ㄏㄡˋ ㄔㄜ	後車	21
ㄏㄡˋ ㄙㄨㄥˋ	後送	21
ㄉㄟˇ ㄒㄧㄚˋ ㄑㄩˋ	得下去	21
ㄉㄜˊ ㄅㄨˋ ㄔㄤˊ ㄕ	得不償失	21
ㄘㄨㄥˊ ㄗㄠˇ ㄉㄠˋ ㄨㄢˇ	從早到晚	21
ㄈㄨˋ ㄒㄩㄝˊ	復學	21
ㄨㄟˊ ㄒㄧㄝˇ ㄍㄨㄢˇ	微血管	21
ㄓㄥ ㄒㄧㄣˋ	徵信	21
ㄒㄧㄣ ㄒㄧㄣ	心心	21
ㄒㄧㄣ ㄌㄧˇ ㄒㄧˋ	心理系	21
ㄒㄧㄣ ㄙㄨㄟˋ	心碎	21
ㄒㄧㄣ ㄙㄨㄢˋ	心算	21
ㄒㄧㄣ ㄒㄩˋ	心緒	21
ㄓㄨㄥ ㄒㄧㄣ	忠心	21
ㄗㄜˇ ㄉㄜ˙	怎地	21
ㄗㄣˇ ㄉㄜ˙	怎地	21
ㄉㄞˋ ㄉㄨㄛˋ	怠惰	21
ㄅㄟ ㄍㄜ	悲歌	21
ㄉㄠˋ ㄋㄧㄢˋ	悼念	21
ㄑㄧ ㄘㄢˇ	悽慘	21
ㄜˋ ㄧㄢˊ	惡言	21
ㄒㄧㄤˇ ㄐㄧㄣˋ ㄅㄢˋ ㄈㄚˇ	想盡辦法	21
ㄏㄨㄤˊ ㄏㄨㄛˋ	惶惑	21
ㄞˋ ㄙˇ	愛死	21
ㄍㄢˇ ㄆㄟˋ	感佩	21
ㄍㄢˇ ㄒㄧㄥˋ ㄉㄜ˙	感性的	21
ㄘㄢˇ ㄉㄢˋ	慘淡	21
ㄘㄢˇ ㄅㄞˊ	慘白	21
ㄒㄧㄝˋ ㄉㄞˋ	懈怠	21
ㄧㄥ ㄈㄡˇ	應否	21
ㄇㄠˋ	懋	21
ㄒㄩ	戌	21
ㄔㄥˊ ㄉㄨㄟ	成堆	21
ㄔㄥˊ ㄨ	成屋	21
ㄔㄥˊ ㄊㄧˇ	成體	21
ㄐㄧˇ	戟	21
ㄐㄧㄝˊ ㄉㄨㄢˋ	截斷	21
ㄒㄧˋ ㄋㄩㄝˋ	戲謔	21
ㄕㄡˇ ㄅㄟˋ	手背	21
ㄓㄚ ㄕˊ	扎實	21
ㄉㄚˇ ㄈㄣ	打分	21
ㄉㄚˇ ㄊㄧㄝˇ	打鐵	21
ㄉㄚˇ ㄉㄡˋ	打鬥	21
ㄓㄠˇ ㄓㄠˇ ㄎㄢˋ	找找看	21
ㄓㄠˇ ㄔㄚˊ	找碴	21
ㄐㄧˋ ㄕㄨˋ ㄩㄢˊ	技術員	21
ㄅㄚˇ ㄐㄧㄚ	把家	21
ㄧˋ ㄩˋ	抑鬱	21
ㄕㄨ ㄐㄧㄝˇ	抒解	21
ㄓㄨㄚ ㄒㄧㄚˋ ㄌㄞˊ	抓下來	21
ㄓㄨㄚ ㄌㄞˊ	抓來	21
ㄊㄡˊ ㄎㄠˋ	投靠	21
ㄎㄤˋ ㄌㄠˇ	抗老	21
ㄓㄜˊ ㄕㄜˋ	折射	21
ㄔㄞ ㄎㄞ ㄌㄞˊ	拆開來	21
ㄆㄞ ㄗ˙	拍子	21
ㄓㄠ ㄕㄨˋ	招數	21
ㄆㄧㄣ ㄈㄚˇ	拼法	21
ㄋㄚˊ ㄉㄜ˙	拿得	21
ㄓˇ ㄔㄣˊ	指陳	21
ㄢˋ ㄊㄨˊ	按圖	21
ㄨㄚ ㄐㄩㄝˊ ㄔㄨ	挖掘出	21
ㄓㄨㄛ ㄐㄧㄣ ㄐㄧㄢˋ ㄓㄡˇ	捉襟見肘	21
ㄓㄨㄛ ㄐㄧㄣ ㄒㄧㄢˋ ㄓㄡˇ	捉襟見肘	21
ㄆㄥˇ ㄈㄨˋ	捧腹	21
ㄕㄡˋ ㄕㄡˋ	授受	21
ㄓㄤˇ ㄉㄨㄛˋ	掌舵	21
ㄆㄞˊ ㄕㄤˋ	排上	21
ㄆㄞˊ ㄉㄠˋ	排到	21
ㄆㄞˊ ㄕㄢ ㄉㄠˇ ㄏㄞˇ	排山倒海	21
ㄎㄨㄥˋ ㄓˋ ㄑㄧˋ	控制器	21
ㄖㄡˊ ㄏㄜˊ	揉合	21
ㄇㄧㄠˊ ㄏㄨㄟˋ ㄔㄨ	描繪出	21
ㄊㄧˊ ㄒㄧㄣ ㄉㄧㄠˋ ㄉㄢˇ	提心吊膽	21
ㄊㄧˊ ㄓㄜ˙	提著	21
ㄏㄨㄢˋ ㄙㄨㄢˋ ㄔㄥˊ	換算成	21
ㄩㄢˊ ㄩㄥˋ	援用	21
ㄧㄠˊ ㄉㄨㄥˋ	搖動	21
ㄙㄡ ㄙㄨㄛˇ ㄆㄧㄠˋ	搜索票	21
ㄍㄠˇ ㄏㄠˇ	搞好	21
ㄉㄚ ㄕㄢˋ	搭訕	21
ㄔㄜˋ ㄑㄧㄠˊ	撤僑	21
ㄅㄛ ㄏㄠˋ	撥號	21
ㄕㄢˋ ㄔㄤˊ ㄉㄜ˙	擅長的	21
ㄆㄢ ㄧㄢˊ	攀岩	21
ㄈㄤˋ ㄅㄨˊ ㄒㄧㄚˋ	放不下	21
ㄈㄤˋ ㄍㄨㄤ	放光	21
ㄓㄥˋ ㄌㄨㄣˋ	政論	21
ㄐㄧㄡˋ ㄏㄨㄟˊ ㄌㄞˊ	救回來	21
ㄅㄞˋ ㄅㄟˇ	敗北	21
ㄐㄧㄠˋ ㄏㄨㄟˇ	教誨	21
ㄐㄧㄠˋ ㄏㄨㄟˋ	教誨	21
ㄙㄢˋ ㄕㄜˋ	散射	21
ㄙㄢˋ ㄐㄩ	散居	21
ㄓㄥˇ ㄅㄢˇ	整版	21
ㄨㄣˊ ㄏㄨㄚˋ ㄉㄚˋ ㄍㄜˊ ㄇㄧㄥˋ	文化大革命	21
ㄨㄣˊ ㄔㄤ	文昌	21
ㄒㄧㄣ ㄨ	新屋	21
ㄒㄧㄣ ㄕㄥ ㄋㄢˊ ㄌㄨˋ	新生南路	21
ㄒㄧㄣ ㄏㄨㄛˋ	新貨	21
ㄒㄧㄣ ㄑㄩ ㄕˋ	新趨勢	21
ㄒㄧㄣ ㄉㄧㄢˋ ㄋㄠˇ	新電腦	21
ㄕ ㄩˇ	施予	21
ㄐㄧˋ ㄨㄤˇ	既往	21
ㄖˋ ㄕㄤ	日商	21
ㄗㄠˇ ㄌㄜ˙	早了	21
ㄗㄠˇ ㄨˇ ㄘㄢ	早午餐	21
ㄗㄠˇ ㄕㄡˊ	早熟	21
ㄤˊ ㄕㄡˇ	昂首	21
ㄇㄧㄥˊ ㄕˇ	明史	21
ㄔㄨㄣ ㄐㄧㄚˋ	春假	21
ㄕˊ ㄑㄩ	時區	21
ㄨㄢˇ ㄕㄨㄟˋ	晚睡	21
ㄓㄡˋ ㄧㄝˋ	晝夜	21
ㄨˋ ㄊㄢˊ	晤談	21
ㄆㄨˇ ㄕˋ	普世	21
ㄐㄧㄥ ㄆㄧㄢˋ ㄗㄨˇ	晶片組	21
ㄐㄧㄥ ㄧㄥˊ ㄊㄧ ㄊㄡˋ	晶瑩剔透	21
ㄐㄧㄥ ㄧㄥˊ ㄊㄧˋ ㄊㄡˋ	晶瑩剔透	21
ㄒㄩㄢ	暄	21
ㄋㄨㄢˇ ㄑㄧˋ	暖氣	21
ㄎㄨㄤˋ ㄧㄝˇ	曠野	21
ㄑㄩˇ ㄧˋ	曲藝	21
ㄍㄥˋ ㄏㄨㄟˋ	更會	21
ㄍㄥ ㄉㄧㄝˊ	更迭	21
ㄗㄨㄟˋ ㄇㄢˋ	最慢	21
ㄏㄨㄟˋ ㄧㄡˇ	會友	21
ㄧㄡˇ ㄐㄧ ㄊㄧˇ	有機體	21
ㄧㄡˇ ㄒㄧㄢˋ ㄍㄨㄤˇ ㄅㄛ	有線廣播	21
ㄧㄡˇ ㄒㄧㄢˋ ㄍㄨㄤˇ ㄅㄛˋ	有線廣播	21
ㄧㄡˇ ㄐㄧㄠˇ	有腳	21
ㄧㄡˇ ㄧㄢˊ	有言	21
ㄧㄡˇ ㄕˋ ㄓ ㄕˋ	有識之士	21
ㄈㄨˊ ㄕˋ	服侍	21
ㄇㄨˋ ㄑㄧㄣˊ	木琴	21
ㄨㄟˋ ㄗㄞˋ	未再	21
ㄇㄛˋ ㄐㄧㄝˊ	末節	21
ㄉㄨㄥ ㄋㄢˊ ㄈㄤ	東南方	21
ㄉㄨㄥ ㄋㄢˊ ㄅㄨˋ	東南部	21
ㄉㄨㄥ ㄈㄤ ㄉㄜ˙	東方的	21
ㄍㄨㄛˇ ㄨˊ	果無	21
ㄓ ㄊㄧㄠˊ	枝條	21
ㄐㄧㄚˋ ㄕˋ	架勢	21
ㄐㄧㄚˋ ㄑㄧㄠˊ	架橋	21
ㄖㄡˊ ㄉㄠˋ	柔道	21
ㄒㄧㄠˋ ㄎㄢ	校刊	21
ㄒㄧㄠˋ ㄔㄜ	校車	21
ㄑㄧˊ ㄗˇ	棋子	21
ㄑㄧˊ ㄗ˙	棋子	21
ㄙㄣ ㄌㄧㄣˊ ㄧㄡˊ ㄌㄜˋ ㄑㄩ	森林遊樂區	21
ㄈㄥ ㄧㄝˋ	楓葉	21
ㄑㄧㄤ ㄕㄚ	槍殺	21
ㄌㄜˋ ㄕˋ	樂事	21
ㄐㄧ ㄕ	機師	21
ㄐㄧ ㄒㄧㄝˋ ㄏㄨㄚˋ	機械化	21
ㄐㄧ ㄩㄣˋ	機運	21
ㄊㄢˊ ㄒㄧㄤ	檀香	21
ㄔㄨˊ ㄍㄨㄟˋ	櫥櫃	21
ㄑㄩㄢˊ ㄨㄟ ㄒㄧㄥˋ	權威性	21
ㄑㄧ ㄌㄧㄥˊ	欺凌	21
ㄓㄥˋ ㄕˋ ㄅㄢˇ	正式版	21
ㄓㄥˋ ㄐㄧㄠˋ	正教	21
ㄓㄥˋ ㄉㄠˋ	正道	21
ㄨㄞ ㄨㄞ	歪歪	21
ㄌㄧˋ ㄕˇ ㄒㄧㄣ ㄍㄠ	歷史新高	21
ㄍㄨㄟ ㄙㄨˋ	歸宿	21
ㄙˇ ㄅㄧㄝˊ	死別	21
ㄧㄣ ㄕˊ	殷實	21
ㄏㄨㄟˇ ㄅㄤˋ	毀謗	21
ㄇㄨˇ ㄈㄚˇ	母法	21
ㄇㄨˇ ㄒㄧˋ	母系	21
ㄇㄟˇ ㄧ ㄐㄧㄢˋ	每一件	21
ㄇㄟˇ ㄧˊ ㄐㄧㄢˋ	每一件	21
ㄇㄟˇ ㄒㄧㄚˋ ㄩˋ ㄎㄨㄤˋ	每下愈況	21
ㄅㄧˇ ㄍㄨㄛˋ	比過	21
ㄅㄧˋ ㄌㄧㄣˊ	比鄰	21
ㄇㄧㄣˊ ㄅㄧㄥ	民兵	21
ㄇㄧㄣˊ ㄗㄨˊ ㄒㄧㄥˋ	民族性	21
ㄇㄧㄣˊ ㄓˋ	民智	21
ㄑㄧˋ ㄌㄧˋ	氣力	21
ㄕㄨㄟˇ ㄍㄨㄥ	水工	21
ㄕㄨㄟˇ ㄉㄧˇ	水底	21
ㄕㄨㄟˇ ㄋㄧㄡˊ ㄔㄥˊ	水牛城	21
ㄕㄨㄟˇ ㄅㄧˇ	水筆	21
ㄩㄥˇ ㄔㄨㄣ	永春	21
ㄇㄟˊ ㄒㄧㄚˋ	沒下	21
ㄇㄟˊ ㄕˋ ㄌㄜ˙	沒事了	21
ㄇㄟˊ ㄓㄜˊ	沒輒	21
ㄏㄜˊ ㄒㄧ	河西	21
ㄧㄡˊ ㄊㄧㄢˊ	油田	21
ㄓㄢ ㄖㄢˇ	沾染	21
ㄧㄢˊ ㄌㄨˋ	沿路	21
ㄆㄠˋ ㄕㄨㄟˇ	泡水	21
ㄆㄠˋ ㄈㄨˊ	泡芙	21
ㄋㄧˊ ㄋㄧㄥˋ	泥濘	21
ㄧㄤˊ ㄌㄧㄡˊ	洋流	21
ㄧㄤˊ ㄍㄨ	洋菇	21
ㄒㄧˇ ㄉㄜ˙	洗的	21
ㄒㄧˇ ㄈㄚˇ ㄐㄧㄥ	洗髮精	21
ㄏㄨㄛˊ ㄒㄧㄥˋ ㄊㄢˋ	活性碳	21
ㄒㄧㄠ ㄊㄨㄟˋ	消退	21
ㄒㄧ	淅	21
ㄑㄧㄢˇ ㄙㄜˋ	淺色	21
ㄑㄧㄢˇ ㄐㄧㄢˋ	淺見	21
ㄑㄧㄥ ㄘㄤ	清倉	21
ㄐㄧㄢˇ ㄐㄧㄚˋ	減價	21
ㄘㄜˋ ㄗˋ	測字	21
ㄍㄤˇ ㄒㄧㄥ	港星	21
ㄧㄡˊ ㄧˊ	游移	21
ㄧㄡˊ ㄌㄧˊ	游離	21
ㄒㄧ ㄏㄜˊ	溪河	21
ㄨㄣ ㄍㄨˋ	溫故	21
ㄘㄤ ㄏㄞˇ	滄海	21
ㄆㄧㄠˋ ㄆㄧㄠˋ	漂漂	21
ㄌㄡˋ ㄔㄨ	漏出	21
ㄧㄢˇ ㄕˋ	演示	21
ㄏㄢˋ ㄨˇ ㄉㄧˋ	漢武帝	21
ㄓㄤ ㄓㄡ	漳州	21
ㄐㄧㄢˋ ㄉㄨㄥˋ ㄖㄣˊ	漸凍人	21
ㄐㄧㄢˋ ㄘˋ	漸次	21
ㄑㄧㄢˇ ㄧˊ ㄇㄛˋ ㄏㄨㄚˋ	潛移默化	21
ㄑㄧㄢˊ ㄧˊ ㄇㄛˋ ㄏㄨㄚˋ	潛移默化	21
ㄐㄧ ㄈㄚ ㄔㄨ	激發出	21
ㄋㄨㄥˊ ㄌㄧㄝˋ	濃烈	21
ㄌㄢˋ ㄕㄤ	濫觴	21
ㄏㄨㄛˇ ㄕㄤˋ	火上	21
ㄆㄠˋ ㄓㄨˊ	炮竹	21
ㄓㄚˋ ㄐㄧ	炸雞	21
ㄨㄟˋ ㄅㄚˇ	為把	21
ㄨˊ ㄈㄤˊ	無妨	21
ㄨˊ ㄧˋ ㄕˋ	無意識	21
ㄨˊ ㄧˋ ㄐㄧㄢ	無意間	21
ㄨˊ ㄐㄩ ㄨˊ ㄕㄨˋ	無拘無束	21
ㄨˊ ㄩㄢˊ ㄨˊ ㄍㄨˋ	無緣無故	21
ㄨˊ ㄐㄧˇ ㄓㄨㄟ ㄉㄨㄥˋ ㄨˋ	無脊椎動物	21
ㄨˊ ㄍㄨ ㄉㄜ˙	無辜的	21
ㄨˊ ㄍㄨㄢ ㄐㄧㄣˇ ㄧㄠˋ	無關緊要	21
ㄨˊ ㄕㄨㄤ	無雙	21
ㄓㄠˋ ㄧㄥˋ	照應	21
ㄓㄠˋ ㄧㄠˋ	照耀	21
ㄩˋ	熨	21
ㄩㄣˋ	熨	21
ㄉㄥ ㄐㄧㄝˊ	燈節	21
ㄕㄠ ㄎㄠˇ	燒烤	21
ㄕㄠ ㄈㄢˋ	燒飯	21
ㄧㄢˋ ㄨㄛ	燕窩	21
ㄓㄥ ㄒㄧㄢ ㄎㄨㄥˇ ㄏㄡˋ	爭先恐後	21
ㄋㄧㄡˊ ㄧˇ ㄅㄚ	牛尾巴	21
ㄋㄧㄡˊ ㄨㄟˇ ㄅㄚ	牛尾巴	21
ㄇㄡˊ ㄌㄧˋ	牟利	21
ㄈㄢˋ ㄗㄨㄟˋ ㄒㄧㄥˊ ㄨㄟˊ	犯罪行為	21
ㄎㄨㄤˊ ㄔㄠˊ	狂潮	21
ㄍㄡˇ ㄆㄧˋ	狗屁	21
ㄨㄟˇ ㄒㄧㄝˋ	猥褻	21
ㄨㄤˊ ㄐㄧㄚ ㄨㄟˋ	王家衛	21
ㄨㄤˊ ㄒㄧㄥˋ ㄋㄢˊ	王幸男	21
ㄓㄣ ㄅㄠˇ	珍寶	21
ㄓㄣ ㄕˋ	珍視	21
ㄓㄨ ㄐㄧㄤ	珠江	21
ㄒㄧㄢˋ ㄉㄞˋ ㄍㄢˇ	現代感	21
ㄑㄧㄡˊ ㄒㄧㄥˊ	球形	21
ㄈㄚˇ ㄌㄤˊ	琺瑯	21
ㄈㄚˋ ㄌㄤˊ	琺瑯	21
ㄈㄢˊ	璠	21
ㄏㄨㄢˊ ㄏㄨㄢˊ ㄒㄧㄤ ㄎㄡˋ	環環相扣	21
ㄍㄢ ㄎㄨˇ	甘苦	21
ㄕㄥ ㄗˋ	生字	21
ㄕㄥ ㄓˊ ㄐㄧㄡˇ ㄐㄧㄥ	生質酒精	21
ㄕㄥ ㄕㄣ	生身	21
ㄔㄢˇ ㄐㄧㄚˋ	產假	21
ㄩㄥˋ ㄉㄨˋ	用度	21
ㄩㄥˋ ㄓˇ	用紙	21
ㄐㄧㄚˇ ㄔㄨㄣˊ	甲醇	21
ㄋㄢˊ ㄧㄥ	男嬰	21
ㄏㄨㄚˋ ㄘㄜˋ	畫冊	21
ㄉㄤ ㄍㄨㄟ	當歸	21
ㄆㄧˊ ㄈㄚˊ	疲乏	21
ㄓㄤˋ	瘴	21
ㄌㄧㄠˊ ㄕㄤ	療傷	21
ㄔ ㄉㄞ	癡呆	21
ㄈㄚ ㄧㄤˇ	發癢	21
ㄅㄞˊ ㄒㄧㄢ ㄩㄥˇ	白先勇	21
ㄅㄞˊ ㄒㄧ	白皙	21
ㄅㄞˊ ㄓㄨㄥˇ	白種	21
ㄅㄞˊ ㄏㄨㄚ	白花	21
ㄅㄞˊ ㄉㄢˋ ㄅㄞˊ	白蛋白	21
ㄅㄞˊ ㄧ	白衣	21
ㄅㄞˇ ㄕˋ	百事	21
ㄆㄧˊ ㄖㄡˋ	皮肉	21
ㄕㄥˋ ㄑㄧㄥˊ	盛情	21
ㄐㄧㄣˋ ㄕˋ	盡是	21
ㄐㄧㄢ ㄩˋ ㄌㄧˇ	監獄裡	21
ㄌㄨˊ ㄒㄧㄡ ㄧ	盧修一	21
ㄒㄧㄤˋ ㄓㄨㄥˋ	相中	21
ㄒㄧㄤ ㄈㄤˇ	相仿	21
ㄒㄧㄤ ㄏㄜˊ	相合	21
ㄒㄧㄤ ㄖㄨㄥˊ ㄉㄜ˙	相容的	21
ㄒㄧㄤ ㄓ	相知	21
ㄇㄟˊ ㄇㄨˋ	眉目	21
ㄓㄣ ㄐㄧ	真跡	21
ㄧㄢˇ ㄧㄠˋ	眼藥	21
ㄔㄣ	瞋	21
ㄇㄧㄥˊ	瞑	21
ㄓ ㄒㄧㄣ	知心	21
ㄉㄨㄢˇ ㄆㄠˇ	短跑	21
ㄕˊ ㄇㄛˋ	石墨	21
ㄎㄢˇ ㄔㄞˊ	砍柴	21
ㄕㄣ	砷	21
ㄧㄥˋ ㄕㄥ ㄕㄥ	硬生生	21
ㄧㄥˋ ㄓㄜ˙	硬著	21
ㄨㄢˇ ㄎㄨㄞˋ	碗筷	21
ㄕㄨㄛˋ ㄍㄨㄛˇ	碩果	21
ㄘˊ ㄊㄧㄝˇ	磁鐵	21
ㄎㄨㄤˋ ㄨˋ ㄓˊ	礦物質	21
ㄕㄜˋ ㄏㄨㄟˋ ㄒㄧㄣ ㄨㄣˊ	社會新聞	21
ㄕㄜˋ ㄏㄨㄟˋ ㄓㄥˋ ㄧˋ	社會正義	21
ㄇㄧˋ ㄐㄩㄝˊ	祕訣	21
ㄐㄧㄣˋ ㄕㄨ	禁書	21
ㄈㄨˊ ㄍㄤ	福岡	21
ㄈㄨˊ ㄍㄤ ㄒㄧㄢˋ	福岡縣	21
ㄔㄢˊ ㄒㄧㄡ	禪修	21
ㄙ ㄌㄧˋ	私利	21
ㄙ ㄐㄧㄚ	私家	21
ㄙ ㄩˇ	私語	21
ㄎㄜ ㄒㄩㄝˊ ㄓ ㄕˋ	科學知識	21
ㄉㄠˋ ㄔㄥˊ	稻埕	21
ㄨㄣˇ ㄓㄨㄥˋ	穩重	21
ㄎㄨㄥˋ ㄍㄜˊ	空格	21
ㄨㄛ ㄊㄡˊ	窩頭	21
ㄎㄨㄟ ㄐㄧㄢˋ	窺見	21
ㄌㄧˋ ㄕㄥ	立生	21
ㄓㄨˊ ㄐㄧㄝˊ	竹節	21
ㄒㄧㄠˋ ㄙˇ	笑死	21
ㄒㄧㄠˋ ㄉㄧㄢˇ	笑點	21
ㄉㄧˋ ㄙㄢ ㄊㄧㄠˊ	第三條	21
ㄉㄧˋ ㄦˋ ㄕˊ ㄨˇ	第二十五	21
ㄉㄥˇ ㄓˊ	等值	21
ㄉㄥˇ ㄍㄠ	等高	21
ㄧㄢˊ	筵	21
ㄐㄧㄢˋ ㄊㄡˊ	箭頭	21
ㄇㄧˇ ㄎㄞ ㄌㄤˇ ㄐㄧ ㄌㄨㄛˊ	米開朗基羅	21
ㄈㄣˇ ㄕㄨㄚ	粉刷	21
ㄘㄨ ㄒㄧˋ	粗細	21
ㄓㄡˋ	紂	21
ㄌㄟˇ ㄐㄧㄣˋ	累進	21
ㄗㄨˇ ㄉㄨㄟˋ	組隊	21
ㄅㄢˋ ㄉㄠˇ	絆倒	21
ㄐㄩㄝˊ ㄉㄚˋ ㄅㄨˋ ㄈㄣˋ	絕大部份	21
ㄐㄩㄝˊ ㄨˊ ㄐㄧㄣˇ ㄧㄡˇ	絕無僅有	21
ㄍㄟˇ ㄕㄨㄟˇ	給水	21
ㄐㄧˇ ㄕㄨㄟˇ	給水	21
ㄐㄧㄥ ㄒㄧㄣ	經心	21
ㄐㄧㄥ ㄌㄨㄛˋ	經絡	21
ㄅㄧㄢ ㄖㄨˋ	編入	21
ㄏㄨㄢˇ ㄅㄨˋ	緩步	21
ㄏㄨㄢˇ ㄔㄨㄥ ㄑㄧˊ	緩衝期	21
ㄗㄨㄥˇ ㄅㄨˋ ㄋㄥˊ	總不能	21
ㄗㄨㄥˇ ㄐㄧ	總機	21
ㄐㄧˋ ㄒㄩˋ ㄅㄨˊ ㄉㄨㄢˋ	繼續不斷	21
ㄒㄩˋ ㄐㄧㄚˋ	續假	21
ㄔㄢˊ ㄙㄨㄥˋ	纏訟	21
ㄗㄨㄟˋ ㄍㄨㄛˋ	罪過	21
ㄗㄨㄟˋ ㄎㄨㄟˊ ㄏㄨㄛˋ ㄕㄡˇ	罪魁禍首	21
ㄌㄨㄛˊ ㄉㄚˋ ㄧㄡˋ	羅大佑	21
ㄒㄧㄡ ㄎㄨㄟˋ	羞愧	21
ㄑㄩㄣˊ ㄒㄧㄥ	群星	21
ㄑㄩㄣˊ ㄐㄧㄥ	群經	21
ㄑㄩㄣˊ ㄒㄩㄥˊ	群雄	21
ㄩˇ ㄇㄠˊ ㄑㄧㄡˊ	羽毛球	21
ㄒㄧˊ ㄗㄨㄛˋ	習作	21
ㄒㄧˊ ㄩˊ	習於	21
ㄈㄢ ㄊㄧㄢ	翻天	21
ㄌㄠˇ ㄅㄢˋ	老伴	21
ㄌㄠˇ ㄔㄥˊ	老成	21
ㄌㄠˇ ㄗㄠˇ	老早	21
ㄌㄠˇ ㄨㄥ	老翁	21
ㄌㄠˇ ㄓㄜˇ	老者	21
ㄌㄠˇ ㄋㄧㄠˇ	老鳥	21
ㄎㄠˇ ㄉㄠˋ	考到	21
ㄎㄠˇ ㄑㄩ	考區	21
ㄕㄥˋ ㄉㄧˋ ㄧㄚˊ ㄍㄜ	聖地牙哥	21
ㄌㄧㄢˊ ㄧㄥˊ	聯營	21
ㄖㄡˋ ㄗㄨㄥˋ	肉粽	21
ㄐㄧㄢ ㄊㄡˊ	肩頭	21
ㄊㄨㄛ ㄧ	脫衣	21
ㄊㄨㄛ ㄕㄣ	脫身	21
ㄒㄧㄥ ㄨㄟˋ	腥味	21
ㄋㄠˇ ㄕˋ	腦室	21
ㄆㄤˊ ㄍㄨㄤ	膀胱	21
ㄆㄥˊ ㄉㄚˋ	膨大	21
ㄌㄧㄢˇ ㄆㄧˊ	臉皮	21
ㄌㄧㄣˊ ㄨㄟˊ	臨危	21
ㄗˋ ㄉㄨㄥˋ ㄐㄧ	自動機	21
ㄗˋ ㄑㄧ	自欺	21
ㄗˋ ㄅㄠˋ	自爆	21
ㄗˋ ㄒㄧˊ	自習	21
ㄓˋ ㄑㄧㄣ	至親	21
ㄓˋ ㄇㄧㄥˋ ㄕㄤ	致命傷	21
ㄒㄧㄥ ㄨㄤˋ	興旺	21
ㄏㄤˊ ㄒㄧㄤˋ	航向	21
ㄎㄨˇ ㄓㄢˋ	苦戰	21
ㄎㄨˇ ㄉㄨˊ	苦讀	21
ㄧㄥ ㄔˇ	英尺	21
ㄘㄞˋ ㄧㄝˋ	菜葉	21
ㄧㄢ ㄐㄧㄡˇ ㄍㄨㄥ ㄇㄞˋ	菸酒公賣	21
ㄨㄢˋ ㄌㄧㄥˊ ㄉㄢ	萬靈丹	21
ㄌㄠˋ ㄆㄠˇ	落跑	21
ㄘㄤ ㄇㄤˊ	蒼茫	21
ㄍㄞˋ ㄑㄧˇ ㄌㄞˊ	蓋起來	21
ㄌㄧㄠˇ	蓼	21
ㄌㄨˋ	蓼	21
ㄇㄢˋ ㄧㄢˊ ㄉㄠˋ	蔓延到	21
ㄐㄧㄤˇ ㄨㄟˇ ㄍㄨㄛˊ	蔣緯國	21
ㄌㄢˊ ㄅㄣˇ	藍本	21
ㄘㄤˊ ㄕㄣ	藏身	21
ㄌㄨˊ ㄍㄡ ㄑㄧㄠˊ	蘆溝橋	21
ㄙㄨ ㄉㄢ	蘇丹	21
ㄑㄧㄢˊ ㄔㄥˊ ㄉㄜ˙	虔誠的	21
ㄓˋ	蛭	21
ㄇㄢˊ ㄏㄨㄤ	蠻荒	21
ㄒㄧㄥˊ ㄋㄤˊ	行囊	21
ㄐㄧㄝ ㄐㄧㄠˇ	街角	21
ㄧ ㄍㄨㄟˋ	衣櫃	21
ㄑㄧㄡˊ ㄏㄞˇ ㄓㄥˋ	裘海正	21
ㄔㄨˇ	褚	21
ㄒㄧ ㄊㄧㄢ	西天	21
ㄒㄧ ㄗˇ ㄨㄢ	西子灣	21
ㄒㄧ ㄕㄢ	西山	21
ㄒㄧ ㄅㄢ ㄧㄚˊ ㄖㄣˊ	西班牙人	21
ㄊㄢˊ	覃	21
ㄐㄧㄢˋ ㄍㄨㄞˋ	見怪	21
ㄍㄨㄢ ㄔㄚˊ ㄓㄢˋ	觀察站	21
ㄔㄨˋ ㄍㄢˇ	觸感	21
ㄔㄨˋ ㄉㄧㄢˋ	觸電	21
ㄧㄢˊ ㄒㄧㄚˋ	言下	21
ㄒㄩㄣˋ ㄏㄨㄚˋ	訓話	21
ㄊㄨㄛ ㄈㄨˋ	託付	21
ㄐㄧˋ ㄌㄨˋ ㄉㄠˋ	記錄到	21
ㄙㄨㄥˋ ㄢˋ	訟案	21
ㄈㄤˇ ㄖˋ	訪日	21
ㄕ ㄕˇ	詩史	21
ㄒㄧㄤˊ ㄐㄧㄚ	詳加	21
ㄎㄨㄚ ㄧㄠˋ	誇耀	21
ㄕˋ ㄕ	誓師	21
ㄩˇ ㄌㄨˋ	語錄	21
ㄔㄥˊ ㄖㄢˊ	誠然	21
ㄨˋ ㄖㄨˋ	誤入	21
ㄕㄨㄛ ㄏㄠˇ ㄌㄜ˙	說好了	21
ㄕㄨㄛ ㄐㄧㄥ	說經	21
ㄎㄜˋ ㄇㄨˋ	課目	21
ㄊㄢˊ ㄊㄨˇ	談吐	21
ㄓㄨ ㄗˇ	諸子	21
ㄐㄧ ㄈㄥˋ	譏諷	21
ㄕˋ ㄅㄧㄝˊ ㄓㄥˋ	識別證	21
ㄐㄧㄥˇ ㄔㄚˊ ㄉㄨㄟˋ	警察隊	21
ㄧˋ ㄧㄣ	譯音	21
ㄧˋ ㄔㄨˇ	議處	21
ㄏㄨˋ ㄆㄢˊ	護盤	21
ㄉㄨˊ ㄎㄚˇ ㄐㄧ	讀卡機	21
ㄅㄧㄢˋ ㄊㄨㄥ	變通	21
ㄔㄣˋ ㄩˇ	讖語	21
ㄈㄥ ㄈㄨˋ ㄒㄧㄥˋ	豐富性	21
ㄏㄨㄢˋ	豢	21
ㄏㄨㄢˋ ㄧㄤˇ	豢養	21
ㄘㄞˊ ㄐㄧㄣ	財金	21
ㄍㄨㄟˋ ㄍㄨㄥ ㄙ	貴公司	21
ㄇㄞˇ ㄔㄨㄣ	買春	21
ㄗ ㄌㄧㄠˋ ㄕˋ	資料室	21
ㄗ ㄓˊ	資質	21
ㄕㄤˇ ㄏㄨㄚ	賞花	21
ㄌㄞˋ ㄑㄧㄥ ㄉㄜˊ	賴清德	21
ㄕㄨˊ ㄗㄨㄟˋ	贖罪	21
ㄑㄧˇ ㄙˇ ㄏㄨㄟˊ ㄕㄥ	起死回生	21
ㄔㄠ ㄖㄣˊ ㄑㄧˋ	超人氣	21
ㄔㄠ ㄙㄨˋ	超速	21
ㄆㄠˇ ㄆㄧㄢˋ	跑遍	21
ㄍㄣ ㄉㄨㄟˋ	跟對	21
ㄉㄨㄛˇ ㄎㄞ	躲開	21
ㄨㄢˇ	輓	21
ㄑㄧㄥ ㄑㄧㄥ ㄙㄨㄥ ㄙㄨㄥ	輕輕鬆鬆	21
ㄓㄨㄢˇ ㄔㄥˊ	轉乘	21
ㄓㄨㄢˇ ㄌㄞˊ ㄓㄨㄢˇ ㄑㄩˋ	轉來轉去	21
ㄓㄨㄢˇ ㄕㄡˋ	轉售	21
ㄅㄢˋ ㄍㄨㄥ ㄕˋ ㄌㄧˇ	辦公室裡	21
ㄋㄨㄥˊ ㄌㄧˋ ㄑㄧ ㄩㄝˋ	農曆七月	21
ㄈㄢˇ ㄉㄧˇ	返抵	21
ㄏㄨㄟˊ ㄍㄨㄟ	迴歸	21
ㄊㄨㄟˋ ㄕㄠ	退燒	21
ㄊㄠˊ ㄇㄧㄥˋ	逃命	21
ㄊㄠˊ ㄐㄧㄚ	逃家	21
ㄩˋ ㄋㄢˋ	遇難	21
ㄧㄡˊ ㄧˋ ㄔㄤˇ	遊藝場	21
ㄩㄣˋ ㄕˋ	運勢	21
ㄩㄣˋ ㄇㄧㄥˋ	運命	21
ㄩㄣˋ ㄗㄞˇ	運載	21
ㄧㄠˊ ㄧㄠˊ ㄨˊ ㄑㄧˊ	遙遙無期	21
ㄉㄧˋ ㄙㄨㄥˋ	遞送	21
ㄩㄢˇ ㄐㄩˋ ㄐㄧㄠ ㄒㄩㄝˊ	遠距教學	21
ㄩㄢˇ ㄐㄩˋ ㄐㄧㄠˋ ㄒㄩㄝˊ	遠距教學	21
ㄩㄢˇ ㄐㄧㄣˋ ㄔˊ ㄇㄧㄥˊ	遠近馳名	21
ㄧˊ ㄑㄩㄝ	遺缺	21
ㄏㄞˊ ㄓˇ ㄕˋ	還只是	21
ㄒㄧㄝˊ ㄐㄧㄠˋ	邪教	21
ㄅㄨˋ ㄌㄨㄛˋ ㄌㄧˇ	部落裡	21
ㄒㄩㄣ	醺	21
ㄋㄧㄤˋ ㄗㄠˋ	釀造	21
ㄕˋ ㄈㄤˋ ㄔㄨ ㄌㄞˊ	釋放出來	21
ㄓㄨㄥˋ ㄍㄨㄥ ㄧㄝˋ	重工業	21
ㄔㄨㄥˊ ㄈㄚ	重發	21
ㄔㄨㄥˊ ㄉㄨˊ	重讀	21
ㄧㄝˇ ㄌㄧㄡˇ	野柳	21
ㄌㄧㄤˊ ㄕㄣ ㄉㄧㄥˋ ㄗㄨㄛˋ	量身訂做	21
ㄐㄧㄣ ㄖㄨㄥˊ ㄐㄧㄝˋ	金融界	21
ㄐㄧㄣ ㄉㄨ	金都	21
ㄐㄧㄣ ㄓㄨㄥ ㄐㄧㄤˇ	金鐘獎	21
ㄓㄠ	釗	21
ㄒㄧㄠ ㄌㄧㄤˋ	銷量	21
ㄆㄨ ㄇㄧㄢˋ	鋪面	21
ㄌㄨˋ ㄧㄣ ㄐㄧ	錄音機	21
ㄉㄨˋ ㄐㄧㄣ	鍍金	21
ㄇㄟˇ ㄍㄨㄤ	鎂光	21
ㄇㄟˇ ㄍㄨㄤ ㄉㄥ	鎂光燈	21
ㄙㄨㄛˇ ㄑㄧˇ ㄌㄞˊ	鎖起來	21
ㄔㄤˊ ㄓㄥ	長征	21
ㄔㄤˊ ㄒㄧㄡˋ	長袖	21
ㄇㄣˊ ㄕㄥ	門生	21
ㄇㄣˊ ㄓㄣˇ ㄅㄨˋ	門診部	21
ㄎㄞ ㄗㄨㄥ	開宗	21
ㄎㄞ ㄈㄥ	開封	21
ㄎㄞ ㄏㄨㄛˇ	開火	21
ㄎㄞ ㄑㄧˇ	開起	21
ㄐㄧㄢˋ ㄗㄚˊ	間雜	21
ㄍㄨㄢ ㄍㄨㄢ	關關	21
ㄈㄤˊ ㄈㄨˇ	防腐	21
ㄚ ㄍㄨㄥ ㄉㄧㄢˋ	阿公店	21
ㄐㄧㄤˋ ㄒㄧㄚˋ ㄌㄞˊ	降下來	21
ㄩㄢˋ ㄗˇ ㄌㄧˇ	院子裡	21
ㄧㄣ ㄧㄤˊ ㄐㄧㄚ	陰陽家	21
ㄔㄣˊ ㄔㄨㄥ	陳冲	21
ㄔㄣˊ ㄒㄩㄝˊ ㄕㄥˋ	陳學聖	21
ㄧㄤˊ ㄍㄨㄤ ㄈㄚˇ ㄢˋ	陽光法案	21
ㄉㄧㄠ ㄓㄨㄛˊ	雕琢	21
ㄕㄨㄤ ㄔㄥˊ	雙城	21
ㄕㄨㄤ ㄩˊ ㄗㄨㄛˋ	雙魚座	21
ㄔㄨˊ ㄒㄧㄥˊ	雛型	21
ㄐㄧ ㄍㄨˇ	雞骨	21
ㄌㄧˊ ㄙㄠ	離騷	21
ㄋㄢˊ ㄔㄢˇ	難產	21
ㄋㄢˊ ㄍㄨㄛˋ ㄉㄜ˙	難過的	21
ㄩㄣˊ ㄧㄥ	雲英	21
ㄩㄣˊ ㄒㄧㄠ	雲霄	21
ㄌㄧㄥˊ ㄍㄨㄥ	零工	21
ㄌㄧㄥˊ ㄙㄢˇ	零散	21
ㄌㄧㄥˊ ㄙㄢˋ	零散	21
ㄉㄧㄢˋ ㄉㄨㄥˋ ㄐㄧ	電動機	21
ㄉㄧㄢˋ ㄔㄤˇ	電場	21
ㄓㄣˋ ㄉㄢˋ	震旦	21
ㄐㄧㄥˋ ㄇㄛˋ	靜默	21
ㄅㄧㄢ ㄘㄜˋ	鞭策	21
ㄕㄨㄣˋ ㄑㄧˊ ㄗˋ ㄖㄢˊ	順其自然	21
ㄊㄡˊ ㄔㄡˊ	頭籌	21
ㄒㄧㄢˇ ㄇㄧㄥˊ	顯名	21
ㄈㄥ ㄩㄣˊ ㄖㄣˊ ㄨˋ	風雲人物	21
ㄆㄧㄠ ㄌㄞˊ	飄來	21
ㄆㄧㄠ ㄈㄨˊ	飄浮	21
ㄈㄟ ㄐㄧㄣˋ	飛進	21
ㄐㄧ ㄐㄧㄣˇ	饑饉	21
ㄔㄢˊ	饞	21
ㄕㄡˇ ㄑㄩ ㄧ ㄓˇ	首屈一指	21
ㄕㄡˇ ㄑㄩ ㄧˋ ㄓˇ	首屈一指	21
ㄕㄡˇ ㄋㄠˇ	首腦	21
ㄇㄚˇ ㄕㄨˋ	馬術	21
ㄇㄚˇ ㄌㄧˇ ㄌㄢˊ ㄓㄡ	馬里蘭州	21
ㄇㄚˇ ㄢ	馬鞍	21
ㄒㄩㄣˊ ㄌㄨˋ	馴鹿	21
ㄎㄨ	骷	21
ㄍㄠ ㄕ ㄧㄝˋ ㄌㄩˋ	高失業率	21
ㄍㄠ ㄉㄠˇ ㄨ	高島屋	21
ㄍㄠ ㄐㄧㄚˋ ㄑㄧㄠˊ	高架橋	21
ㄍㄠ ㄙㄨˋ ㄊㄧㄝˇ ㄌㄨˋ	高速鐵路	21
ㄉㄡˋ ㄋㄧㄡˊ	鬥牛	21
ㄋㄠˋ ㄑㄩ	鬧區	21
ㄏㄨㄥˋ	鬨	21
ㄇㄛˊ ㄓㄡˋ	魔咒	21
ㄒㄧㄢ ㄋㄣˋ	鮮嫩	21
ㄧㄚ ㄉㄢˋ	鴨蛋	21
ㄏㄨㄤˊ ㄆㄨˇ ㄐㄧㄤ	黃浦江	21
ㄏㄟ ㄏㄢˊ	黑函	21
ㄇㄛˋ ㄏㄨㄚˋ	默化	21
ㄉㄤˇ ㄨㄞˋ	黨外	21
ㄉㄤˇ ㄎㄨㄟˊ	黨魁	21
ㄑㄩˇ	齲	21
ㄌㄨㄥˊ ㄑㄩㄢˊ	龍泉	21
ㄧ ㄈㄨ	一夫	20
ㄧˋ ㄈㄨ	一夫	20
ㄧ ㄘㄥˊ ㄌㄡˊ	一層樓	20
ㄧˋ ㄘㄥˊ ㄌㄡˊ	一層樓	20
ㄧ ㄆㄠˋ	一炮	20
ㄧˊ ㄆㄠˋ	一炮	20
ㄧ ㄦˊ ㄗㄞˋ	一而再	20
ㄧˋ ㄦˊ ㄗㄞˋ	一而再	20
ㄧ ㄇㄧㄢˋ ㄉㄠˇ	一面倒	20
ㄧˊ ㄇㄧㄢˋ ㄉㄠˇ	一面倒	20
ㄙㄢ ㄉㄨㄛ	三多	20
ㄙㄢ ㄗˋ ㄐㄧㄥ	三字經	20
ㄙㄢ ㄓ	三支	20
ㄙㄢ ㄨㄢˋ ㄎㄨㄞˋ	三萬塊	20
ㄙㄢ ㄉㄧㄢˇ ㄅㄢˋ	三點半	20
ㄕㄤˋ ㄕㄨㄟˇ	上水	20
ㄕㄤˋ ㄏㄞˇ ㄖㄣˊ	上海人	20
ㄕㄤˋ ㄌㄧㄢˊ	上聯	20
ㄒㄧㄚˋ ㄔㄨ	下出	20
ㄒㄧㄚˋ ㄍㄨㄥ ㄈㄨ	下功夫	20
ㄒㄧㄚˋ ㄍㄨㄥ ㄈㄨ˙	下功夫	20
ㄒㄧㄚˋ ㄑㄧˇ	下起	20
ㄅㄨˊ ㄦˋ ㄈㄚˇ ㄇㄣˊ	不二法門	20
ㄅㄨˋ ㄦˋ ㄈㄚˇ ㄇㄣˊ	不二法門	20
ㄅㄨˊ ㄐㄧㄝˋ ㄧˋ	不介意	20
ㄅㄨˋ ㄐㄧㄝˋ ㄧˋ	不介意	20
ㄅㄨˋ ㄆㄧㄢ	不偏	20
ㄅㄨˋ ㄕㄤ	不傷	20
ㄅㄨˊ ㄗㄞˋ ㄕㄠˇ ㄕㄨˋ	不在少數	20
ㄅㄨˋ ㄆㄧㄥˊ ㄏㄥˊ	不平衡	20
ㄅㄨˋ ㄨㄢˊ	不玩	20
ㄅㄨˋ ㄐㄩㄝˊ ㄩˊ ㄦˇ	不絕於耳	20
ㄅㄨˋ ㄩˊ	不虞	20
ㄅㄨˊ ㄐㄧˋ ㄑㄧˊ ㄕㄨˋ	不計其數	20
ㄅㄨˋ ㄇㄡˊ ㄦˊ ㄏㄜˊ	不謀而合	20
ㄅㄨˊ ㄊㄨㄟˋ	不退	20
ㄕˋ ㄅㄛˊ ㄏㄨㄟˋ	世博會	20
ㄉㄧㄡ ㄉㄜ˙	丟的	20
ㄓㄨㄥ ㄒㄧㄚˋ ㄧㄡˊ	中下游	20
ㄓㄨㄥ ㄘㄨㄣ	中村	20
ㄓㄨㄥ ㄓㄢˋ	中站	20
ㄓㄨˇ ㄌㄧˋ ㄍㄨˇ	主力股	20
ㄓㄨˇ ㄈㄨˋ ㄌㄧㄢˊ ㄇㄥˊ	主婦聯盟	20
ㄍㄨㄞ ㄍㄨㄞ ㄉㄜ˙	乖乖的	20
ㄍㄨㄞ ㄑㄧㄠˇ	乖巧	20
ㄔㄥˊ ㄕㄤˋ	乘上	20
ㄐㄧㄡˇ ㄎㄨㄥˇ	九孔	20
ㄐㄧㄡˇ ㄐㄧㄝˋ	九屆	20
ㄖㄨˇ ㄧˋ	乳液	20
ㄖㄨˇ ㄧㄝˋ	乳液	20
ㄦˋ ㄗˇ	二子	20
ㄏㄨˋ ㄐㄧㄠ	互交	20
ㄨˇ ㄕˋ	五世	20
ㄨˇ ㄌㄧㄡˋ ㄕˊ	五六十	20
ㄨˇ ㄈㄚ	五發	20
ㄨˇ ㄗㄤˋ	五臟	20
ㄧㄚˇ ㄓㄡ ㄑㄩ	亞洲區	20
ㄨㄤˊ ㄧㄤˊ ㄅㄨˇ ㄌㄠˊ	亡羊補牢	20
ㄐㄧㄠ ㄌㄜ˙	交了	20
ㄐㄧㄠ ㄐㄧㄚ	交加	20
ㄐㄧㄠ ㄨㄟˇ	交尾	20
ㄐㄧㄠ ㄍㄨㄥ	交工	20
ㄐㄧㄠ ㄊㄨㄥ ㄕˋ ㄍㄨˋ	交通事故	20
ㄌㄧㄤˋ ㄌㄧㄤˋ ㄉㄜ˙	亮亮的	20
ㄖㄣˊ ㄌㄧˋ ㄅㄨˋ ㄗㄨˊ	人力不足	20
ㄖㄣˊ ㄍㄨㄥ ㄓˋ ㄏㄨㄟˋ	人工智慧	20
ㄖㄣˊ ㄍㄜˊ ㄑㄩㄢˊ	人格權	20
ㄖㄣˊ ㄩˊ	人魚	20
ㄖㄣˊ ㄕㄡˋ	仁壽	20
ㄐㄧㄣ ㄒㄧˊ	今昔	20
ㄉㄞˋ ㄩˇ	代與	20
ㄉㄞˋ ㄅㄧㄠˇ ㄉㄚˋ ㄏㄨㄟˋ	代表大會	20
ㄅㄛˊ ㄇㄨˇ	伯母	20
ㄅㄢˋ ㄕㄡˇ ㄌㄧˇ	伴手禮	20
ㄕㄣ ㄔㄨ ㄩㄢˊ ㄕㄡˇ	伸出援手	20
ㄉㄧ ㄉㄧˋ	低地	20
ㄏㄜˊ ㄍㄨˋ	何故	20
ㄈㄛˊ ㄍㄨㄤ ㄕㄢ	佛光山	20
ㄈㄛˊ ㄐㄧㄠˋ ㄐㄧㄝˋ	佛教界	20
ㄈㄛˊ ㄌㄨㄛˊ ㄌㄧˇ ㄉㄚˊ ㄓㄡ	佛羅里達州	20
ㄗㄨㄛˋ ㄕㄥ	作聲	20
ㄅㄧㄥˋ ㄨㄟˊ	併為	20
ㄌㄞˊ ㄧˋ	來意	20
ㄌㄧˋ ㄐㄩˋ	例句	20
ㄧ ㄧㄤˋ	依樣	20
ㄑㄧㄣ ㄖㄠˇ	侵擾	20
ㄅㄠˇ ㄘㄨㄣˊ ㄒㄧㄚˋ ㄌㄞˊ	保存下來	20
ㄅㄠˇ ㄔˊ ㄗㄞˋ	保持在	20
ㄍㄜˋ ㄒㄧㄥˋ ㄏㄨㄚˋ	個性化	20
ㄍㄜˋ ㄌㄧˇ	個裡	20
ㄉㄠˇ ㄍㄨㄛˋ ㄌㄞˊ	倒過來	20
ㄆㄧㄢ ㄊㄢˇ	偏袒	20
ㄗㄨㄛˋ ㄍㄨㄥ ㄎㄜˋ	做功課	20
ㄊㄧㄥˊ ㄅㄢˇ	停板	20
ㄊㄧㄥˊ ㄔㄜ ㄓㄥˋ	停車證	20
ㄐㄧㄢˋ ㄎㄤ ㄐㄧㄢˇ ㄔㄚˊ	健康檢查	20
ㄘㄜˋ ㄇㄣˊ	側門	20
ㄓㄣ ㄘㄜˋ ㄉㄠˋ	偵測到	20
ㄅㄟˋ ㄗㄞˋ	備載	20
ㄐㄧㄚ ㄐㄩˋ	傢俱	20
ㄩㄢˊ ㄔㄠˊ	元朝	20
ㄒㄩㄥ ㄉㄧˋ ㄐㄧㄝˇ ㄇㄟˋ	兄弟姊妹	20
ㄒㄩㄥ ㄉㄧˋ ㄗˇ ㄇㄟˋ	兄弟姊妹	20
ㄍㄨㄤ ㄗㄞˋ	光在	20
ㄍㄨㄤ ㄏㄨㄟˋ	光會	20
ㄉㄡ ㄈㄥ	兜風	20
ㄖㄨˋ ㄨㄟˋ	入味	20
ㄋㄟˋ ㄌㄨㄢˋ	內亂	20
ㄑㄩㄢˊ ㄑㄩ	全區	20
ㄑㄩㄢˊ ㄉㄥˇ	全等	20
ㄑㄩㄢˊ ㄎㄞ	全開	20
ㄌㄧㄤˇ ㄈㄣ ㄓㄨㄥ	兩分鐘	20
ㄌㄧㄤˇ ㄍㄨㄛˊ ㄌㄨㄣˋ	兩國論	20
ㄌㄧㄤˇ ㄐㄧㄝˋ	兩屆	20
ㄅㄚ ㄕˊ ㄑㄧ ㄒㄩㄝˊ ㄋㄧㄢˊ ㄉㄨˋ	八十七學年度	20
ㄅㄚ ㄉㄡˇ ㄗ˙	八斗子	20
ㄍㄨㄥ ㄩㄢˊ ㄌㄧㄤˇ ㄑㄧㄢ ㄋㄧㄢˊ	公元兩千年	20
ㄍㄨㄥ ㄍㄨㄥˋ ㄨㄟˋ ㄕㄥ	公共衛生	20
ㄍㄨㄥ ㄓㄥˋ ㄒㄧㄥˋ	公正性	20
ㄌㄧㄡˋ ㄌㄡˊ	六樓	20
ㄅㄧㄥ ㄐㄧㄚ	兵家	20
ㄑㄧˊ ㄌㄞˊ ㄧㄡˇ ㄗˋ	其來有自	20
ㄉㄧㄢˇ ㄐㄧˊ	典籍	20
ㄐㄧㄢ ㄧㄥˊ	兼營	20
ㄗㄞˋ ㄧ	再依	20
ㄗㄞˋ ㄔㄨ ㄒㄧㄢˋ	再出現	20
ㄗㄞˋ ㄏㄠˇ	再好	20
ㄉㄨㄥ ㄖˋ	冬日	20
ㄌㄥˇ ㄋㄨㄢˇ	冷暖	20
ㄋㄧㄥˊ ㄐㄩˋ ㄌㄧˋ	凝聚力	20
ㄔㄨ ㄐㄧㄝˋ	出借	20
ㄔㄨ ㄅㄢˇ ㄧㄝˋ ㄓㄜˇ	出版業者	20
ㄏㄢˊ ㄐㄧㄢˋ	函件	20
ㄏㄢˊ ㄕˋ	函式	20
ㄉㄠ ㄒㄧㄝˋ	刀械	20
ㄈㄣ ㄓˋ	分至	20
ㄑㄧㄝˋ ㄐㄧˋ	切忌	20
ㄑㄧㄝˋ ㄐㄧㄝˊ ㄕㄨ	切結書	20
ㄌㄧㄝˋ ㄉㄨㄟˋ	列隊	20
ㄔㄨ ㄔㄨㄣ	初春	20
ㄅㄧㄝˊ ㄩㄥˋ	別用	20
ㄉㄠˋ ㄑㄧˊ	到齊	20
ㄎㄜ ㄔㄨ	刻出	20
ㄎㄜˋ ㄔㄨ	刻出	20
ㄑㄧㄢˊ ㄇㄣˊ	前門	20
ㄆㄡ ㄈㄨˋ	剖腹	20
ㄆㄡˇ ㄈㄨˋ	剖腹	20
ㄍㄤ ㄏㄨㄟˊ	剛回	20
ㄍㄤ ㄑㄧㄤˊ	剛強	20
ㄅㄛ ㄌㄧˊ	剝離	20
ㄈㄨˋ ㄗㄨˇ ㄓㄤˇ	副組長	20
ㄔㄨㄤˋ ㄗㄨㄛˋ ㄐㄧㄤˇ	創作獎	20
ㄏㄨㄚˋ ㄕˊ ㄉㄞˋ	劃時代	20
ㄌㄧㄡˊ ㄅㄟˋ	劉備	20
ㄐㄧㄚ ㄏㄞˋ ㄖㄣˊ	加害人	20
ㄐㄧㄚ ㄓㄡ ㄉㄚˋ ㄒㄩㄝˊ	加州大學	20
ㄅㄠ ㄒㄧㄤ	包廂	20
ㄅㄟˇ ㄩㄝ	北約	20
ㄅㄟˇ ㄈㄟ	北非	20
ㄈㄟˇ ㄉㄧㄝˊ	匪諜	20
ㄕˊ ㄓㄡ	十周	20
ㄑㄧㄢ ㄐㄧㄣ	千斤	20
ㄅㄢˋ ㄍㄨㄢ ㄈㄤ	半官方	20
ㄅㄢˋ ㄅㄧㄢ	半邊	20
ㄒㄧㄝˊ ㄏㄜˊ	協和	20
ㄐㄧˊ ㄒㄧˊ	即席	20
ㄏㄡˋ ㄕㄥ	厚生	20
ㄩㄢˊ ㄧㄤˋ	原樣	20
ㄩㄢˊ ㄕㄥ ㄉㄞˋ	原聲帶	20
ㄑㄩˋ ㄋㄧㄢˊ ㄉㄨˋ	去年度	20
ㄑㄩˋ ㄓˊ	去職	20
ㄈㄢˇ ㄉㄨㄟˋ ㄆㄞˋ	反對派	20
ㄑㄩˇ ㄒㄧㄣˋ	取信	20
ㄆㄢˋ ㄌㄨㄢˋ ㄗㄨㄟˋ	叛亂罪	20
ㄎㄡˇ ㄔˇ	口齒	20
ㄍㄨˇ ㄧˋ	古意	20
ㄌㄧㄥˋ ㄈㄤ ㄇㄧㄢˋ	另方面	20
ㄎㄡˋ ㄧㄥˋ	叩應	20
ㄓˇ ㄏㄨㄟˋ ㄗㄞˋ	只會在	20
ㄎㄜˇ ㄅㄧㄝˊ	可別	20
ㄎㄜˇ ㄒㄧㄢˋ	可限	20
ㄎㄜˇ ㄎㄠˋ ㄒㄧㄥˋ	可靠性	20
ㄊㄞˊ ㄅㄟˇ ㄒㄧㄢˋ ㄕˋ	台北縣市	20
ㄊㄞˊ ㄈㄥˋ	台鳳	20
ㄙ ㄎㄨㄥ ㄐㄧㄢˋ ㄍㄨㄢˋ	司空見慣	20
ㄔ ㄅㄨˊ ㄉㄠˋ	吃不到	20
ㄔ ㄐㄧㄣˋ	吃盡	20
ㄔ ㄓㄨㄥˋ	吃重	20
ㄍㄜˋ ㄉㄧˋ ㄑㄩ	各地區	20
ㄍㄜˋ ㄉㄜ˙	各的	20
ㄉㄧㄠˋ ㄔㄜ	吊車	20
ㄊㄨㄥˊ ㄢ	同安	20
ㄊㄨㄥˊ ㄌㄨˋ	同路	20
ㄒㄧㄤˋ ㄋㄟˋ	向內	20
ㄓㄡˋ ㄩˇ	咒語	20
ㄍㄜ ㄌㄨㄣˊ ㄅㄨˋ	哥倫布	20
ㄊㄤˊ ㄖㄣˊ	唐人	20
ㄊㄤˊ ㄌㄠˇ ㄧㄚ	唐老鴨	20
ㄔㄤˋ ㄉㄠˋ	唱到	20
ㄕㄤ ㄉㄞˋ	商代	20
ㄕㄤ ㄉㄧㄢˋ ㄐㄧㄝ	商店街	20
ㄏㄢˇ ㄊㄧㄥˊ	喊停	20
ㄉㄢ ㄉㄨˊ ㄉㄜ˙	單獨的	20
ㄔㄣ	嗔	20
ㄉㄧˊ	嘀	20
ㄨㄟˊ	囗	20
ㄙˋ ㄓ	四支	20
ㄙˋ ㄐㄧˊ	四集	20
ㄏㄨㄟˊ ㄓㄨㄥ	回中	20
ㄏㄨㄟˊ ㄧㄣ	回音	20
ㄏㄨˊ	囫	20
ㄍㄨˋ ㄊㄧˇ	固體	20
ㄍㄨㄛˊ ㄐㄧㄚ ㄒㄧˋ ㄐㄩˋ ㄩㄢˋ	國家戲劇院	20
ㄍㄨㄛˊ ㄊㄜˋ	國特	20
ㄍㄨㄛˊ ㄐㄧˋ ㄙㄞˋ	國際賽	20
ㄨㄟˊ ㄗㄨㄛˋ	圍坐	20
ㄊㄨㄢˊ ㄅㄞˋ	團拜	20
ㄊㄨˇ ㄖㄣˊ	土人	20
ㄊㄨˇ ㄇㄨˋ ㄒㄧˋ	土木系	20
ㄊㄨˇ ㄓˊ	土質	20
ㄊㄨˇ ㄐㄧ	土雞	20
ㄉㄧˋ ㄒㄧㄣ	地心	20
ㄉㄧˋ ㄑㄩㄢˊ	地權	20
ㄉㄧˋ ㄊㄢˇ ㄕˋ	地毯式	20
ㄉㄧˋ ㄇㄠˋ	地貌	20
ㄗㄨㄛˋ ㄗ	坐姿	20
ㄔㄥˊ ㄔˊ	城池	20
ㄐㄧ ㄧㄣ ㄊㄧˇ	基因體	20
ㄐㄧ ㄘㄜˋ	基測	20
ㄎㄢ ㄔㄥ ㄕˋ	堪稱是	20
ㄅㄠˋ ㄇㄧㄥˊ ㄈㄟˋ	報名費	20
ㄅㄠˋ ㄒㄧˇ	報喜	20
ㄅㄠˋ ㄒㄧㄠ	報銷	20
ㄐㄧㄥˋ ㄩˋ	境遇	20
ㄗㄥ ㄓˊ	增殖	20
ㄇㄛˋ ㄒㄧ ㄍㄜ ㄖㄣˊ	墨西哥人	20
ㄧㄚ ㄍㄣ	壓根	20
ㄨㄞˋ ㄏㄤˊ ㄖㄣˊ	外行人	20
ㄉㄨㄛ ㄑㄩˋ	多去	20
ㄉㄨㄛ ㄒㄧㄣ	多心	20
ㄉㄨㄛ ㄐㄧㄠˇ ㄏㄨㄚˋ	多角化	20
ㄉㄨㄛ ㄐㄧㄣ	多金	20
ㄍㄡˋ ㄉㄠˋ	夠到	20
ㄍㄡˋ ㄓㄨㄥˋ	夠重	20
ㄉㄚˋ ㄔㄨㄢˊ ㄒㄧˋ	大傳系	20
ㄉㄚˋ ㄉㄠ ㄎㄨㄛˋ ㄈㄨˇ	大刀闊斧	20
ㄉㄚˋ ㄏㄨㄟˋ ㄊㄤˊ	大會堂	20
ㄉㄚˋ ㄉㄧㄢˋ	大殿	20
ㄉㄚˋ ㄏㄨㄤˊ	大黃	20
ㄊㄧㄢ ㄅㄢˋ	天半	20
ㄊㄞˋ ㄗㄨㄥ	太宗	20
ㄧㄤ ㄏㄤˊ ㄗㄨㄥˇ ㄘㄞˊ	央行總裁	20
ㄕ ㄏㄨㄛˇ	失火	20
ㄧㄢ ㄧㄢ	奄奄	20
ㄅㄣ ㄇㄧㄥˋ	奔命	20
ㄉㄨㄛˊ ㄑㄩˇ	奪取	20
ㄋㄩˇ ㄦˊ ㄑㄧㄤˊ	女兒牆	20
ㄋㄞˇ ㄆㄧㄥˊ	奶瓶	20
ㄏㄠˇ ㄕㄡˋ	好受	20
ㄏㄠˇ ㄆㄧㄢˋ	好片	20
ㄧㄠ ㄇㄛˊ	妖魔	20
ㄕˇ ㄋㄥˊ	始能	20
ㄐㄧㄢ ㄕㄚ	姦殺	20
ㄓˊ ㄦˊ	姪兒	20
ㄈㄨˋ ㄎㄜ	婦科	20
ㄇㄟˊ ㄊㄧˇ ㄕˋ ㄉㄨˊ	媒體識讀	20
ㄇㄢˋ	嫚	20
ㄗˋ ㄇㄚˇ	字碼	20
ㄒㄩㄝˊ ㄐㄧㄝˇ	學姊	20
ㄕㄡˇ ㄗㄞˋ	守在	20
ㄢ ㄉㄜˊ ㄙㄣ	安德森	20
ㄢ ㄧˋ	安逸	20
ㄏㄨㄥˊ ㄉㄚˋ	宏大	20
ㄍㄨㄢ ㄌㄧˋ	官吏	20
ㄉㄧㄥˋ ㄕㄨˋ	定數	20
ㄉㄧㄥˋ ㄍㄟˇ	定給	20
ㄕˋ ㄨㄞˋ	室外	20
ㄍㄨㄥ ㄌㄧˇ	宮裡	20
ㄐㄧㄚ ㄩˋ ㄏㄨˋ ㄒㄧㄠˇ	家喻戶曉	20
ㄐㄧㄚ ㄈㄨˋ	家父	20
ㄖㄨㄥˊ ㄏㄨㄛˋ	容或	20
ㄈㄨˋ ㄕˋ ㄎㄤ	富士康	20
ㄅㄠˇ ㄊㄚˇ	寶塔	20
ㄕㄜˋ ㄓㄨㄥˋ	射中	20
ㄐㄧㄤ ㄍㄨㄛˋ	將過	20
ㄉㄨㄟˋ ㄉㄜ˙ ㄑㄧˇ	對得起	20
ㄉㄨㄟˋ ㄓㄠˋ ㄅㄧㄠˇ	對照表	20
ㄉㄨㄟˋ ㄓㄣˋ	對陣	20
ㄒㄧㄠˇ ㄇㄨˋ ㄨ	小木屋	20
ㄒㄧㄠˇ ㄕㄨㄟˇ	小水	20
ㄒㄧㄠˇ ㄧㄤˊ	小羊	20
ㄒㄧㄠˇ ㄐㄧˋ	小記	20
ㄒㄧㄠˇ ㄕㄨㄛ ㄌㄧˇ	小說裡	20
ㄒㄧㄠˇ ㄈㄟˋ	小費	20
ㄕㄠˇ ㄔ	少吃	20
ㄕㄠˇ ㄕㄨㄛ	少說	20
ㄐㄧㄡˋ ㄑㄧㄣˇ	就寢	20
ㄐㄧㄡˋ ㄩˇ	就與	20
ㄐㄩ ㄌㄧㄡˊ ㄓㄥˋ	居留證	20
ㄨ ㄗ˙ ㄌㄧˇ	屋子裡	20
ㄓㄢˇ ㄧㄢˊ	展延	20
ㄕㄢ ㄅㄥ	山崩	20
ㄕㄢ ㄇㄧㄣˊ	山民	20
ㄕㄢ ㄍㄡ	山溝	20
ㄅㄥ ㄌㄨㄛˋ	崩落	20
ㄒㄩㄣˊ ㄧˋ	巡弋	20
ㄐㄩˋ ㄅㄛˋ	巨擘	20
ㄅㄚ ㄐㄧㄝˊ	巴結	20
ㄕˋ ㄓㄥˋ ㄊㄧㄥ	市政廳	20
ㄕ ㄊㄨˊ	師徒	20
ㄓㄤˋ ㄆㄥˊ	帳棚	20
ㄉㄞˋ ㄩˊ	帶魚	20
ㄋㄧㄢˊ ㄒㄧˊ	年息	20
ㄏㄨㄢˋ ㄧㄥˇ	幻影	20
ㄐㄧˇ ㄏㄜˊ ㄒㄩㄝˊ	幾何學	20
ㄉㄧˇ ㄘㄥˊ ㄉㄜ˙	底層的	20
ㄉㄨˋ ㄌㄧㄤˊ ㄏㄥˊ	度量衡	20
ㄉㄨˋ ㄌㄧㄤˋ ㄏㄥˊ	度量衡	20
ㄎㄤ ㄓㄨㄤ	康莊	20
ㄔㄨˊ ㄐㄩˋ	廚具	20
ㄍㄨㄤˇ ㄅㄛ ㄍㄨㄥ ㄙ	廣播公司	20
ㄍㄨㄤˇ ㄅㄛˋ ㄍㄨㄥ ㄙ	廣播公司	20
ㄧㄢˊ ㄆㄧㄣˋ	延聘	20
ㄧㄢˊ ㄆㄧㄥˋ	延聘	20
ㄐㄧㄢˋ ㄐㄧㄠˋ ㄏㄜˊ ㄗㄨㄛˋ	建教合作	20
ㄧㄣˇ ㄌㄧㄡˊ	引流	20
ㄓㄤ ㄗㄨㄟˇ	張嘴	20
ㄓㄤ ㄨㄤˋ	張望	20
ㄑㄧㄤˊ ㄉㄚˇ	強打	20
ㄅㄧㄝˋ ㄋㄧㄡˇ	彆扭	20
ㄘㄞˇ ㄇㄧˊ	彩迷	20
ㄧㄥˇ ㄏㄡˋ	影后	20
ㄧㄥˇ ㄓㄢˇ ㄌㄧˇ	影展裡	20
ㄉㄞˋ ㄎㄜˋ	待客	20
ㄏㄣˇ ㄗㄠ ㄍㄠ	很糟糕	20
ㄏㄡˋ ㄅㄧㄢ	後邊	20
ㄒㄧㄣ ㄒㄧㄥˋ	心性	20
ㄅㄧˋ ㄓㄥ	必爭	20
ㄖㄣˇ ㄑㄧˋ ㄊㄨㄣ ㄕㄥ	忍氣吞聲	20
ㄊㄢˇ	忐	20
ㄓㄨㄥ ㄕˊ ㄉㄜ˙	忠實的	20
ㄎㄨㄞˋ ㄧ ㄉㄧㄢˇ	快一點	20
ㄎㄨㄞˋ ㄧˋ ㄉㄧㄢˇ	快一點	20
ㄋㄨˋ ㄏㄨㄛˇ	怒火	20
ㄐㄧˊ ㄒㄧㄥˋ ㄗ˙	急性子	20
ㄒㄧㄥˋ ㄐㄧˊ	性急	20
ㄏㄥˊ ㄐㄧㄡˇ	恆久	20
ㄎㄨㄥˇ ㄅㄨˋ ㄆㄧㄢˋ	恐怖片	20
ㄏㄨㄟ ㄈㄨˋ ㄉㄠˋ	恢復到	20
ㄣ ㄘˋ	恩賜	20
ㄣ ㄙˋ	恩賜	20
ㄉㄨㄥˋ	恫	20
ㄊㄨㄥ	恫	20
ㄑㄧㄠˇ ㄑㄧㄠˇ ㄉㄜ˙	悄悄的	20
ㄑㄧㄠˇ ㄑㄧㄠˇ ㄉㄧˋ	悄悄的	20
ㄅㄟ ㄇㄧㄣˇ	悲憫	20
ㄋㄠˇ ㄖㄣˊ ㄉㄜ˙	惱人的	20
ㄒㄧㄤˇ ㄉㄠˋ ㄕㄨㄛ	想到說	20
ㄒㄧㄤˇ ㄕㄨㄛ ㄉㄜ˙	想說的	20
ㄖㄜˇ ㄌㄞˊ	惹來	20
ㄍㄢˇ ㄖㄣˊ ㄉㄜ˙	感人的	20
ㄍㄢˇ ㄣ ㄐㄧㄝˊ	感恩節	20
ㄎㄞˇ ㄊㄢˋ	慨嘆	20
ㄎㄞˋ ㄊㄢˋ	慨嘆	20
ㄅㄧㄝ	憋	20
ㄧㄥˋ ㄏㄜˋ	應和	20
ㄧㄥˋ ㄩㄥˋ ㄖㄨㄢˇ ㄊㄧˇ	應用軟體	20
ㄏㄨㄞˊ ㄍㄨˇ	懷古	20
ㄒㄩㄢˊ ㄕㄤˇ	懸賞	20
ㄔㄥˊ ㄑㄩㄣˊ ㄐㄧㄝˊ ㄉㄨㄟˋ	成群結隊	20
ㄔㄥˊ ㄍㄨㄟ	成規	20
ㄨㄛˇ ㄒㄧㄤˇ ㄑㄩˋ	我想去	20
ㄨㄛˇ ㄍㄨㄛˋ ㄑㄩˋ	我過去	20
ㄓㄢˋ ㄑㄧㄥˊ	戰情	20
ㄙㄨㄛˇ ㄐㄧㄢˋ ㄙㄨㄛˇ ㄨㄣˊ	所見所聞	20
ㄕㄡˇ ㄐㄧˋ	手記	20
ㄉㄚˇ ㄈㄣ ㄕㄨˋ	打分數	20
ㄉㄚˇ ㄉㄧˇ	打底	20
ㄉㄚˇ ㄔㄥˊ ㄧ ㄆㄧㄢˋ	打成一片	20
ㄉㄚˇ ㄔㄥˊ ㄧˊ ㄆㄧㄢˋ	打成一片	20
ㄉㄚˇ ㄌㄟˊ	打雷	20
ㄆㄧ ㄆㄢˋ ㄒㄧㄥˋ	批判性	20
ㄔㄥˊ ㄇㄥˊ	承蒙	20
ㄊㄡˊ ㄌㄜ˙	投了	20
ㄎㄤˋ ㄧㄤˇ ㄏㄨㄚˋ	抗氧化	20
ㄅㄠˋ ㄅㄨˋ ㄆㄧㄥˊ	抱不平	20
ㄅㄠˋ ㄔˊ ㄓㄜ˙	抱持著	20
ㄌㄚ ㄒㄧㄚˋ ㄌㄞˊ	拉下來	20
ㄊㄨㄛ ㄔㄨ	拖出	20
ㄅㄞˋ ㄕ	拜師	20
ㄢˋ ㄩㄝˋ	按月	20
ㄊㄧㄥˇ ㄒㄩㄥ	挺胸	20
ㄓㄨㄛ ㄋㄨㄥˋ	捉弄	20
ㄕㄜˇ ㄉㄜˊ	捨得	20
ㄕㄜˇ ㄉㄜ˙	捨得	20
ㄆㄞˊ ㄎㄞ	排開	20
ㄍㄨㄚˋ ㄇㄢˇ	掛滿	20
ㄘㄞˇ ㄒㄧㄣˋ	採信	20
ㄊㄢ ㄔㄨ	探出	20
ㄊㄢˋ ㄔㄨ	探出	20
ㄊㄨㄟ ㄓㄣ	推甄	20
ㄊㄨㄟ ㄐㄧㄢˋ ㄒㄧㄣˋ	推薦信	20
ㄘㄨㄛˋ ㄕㄡˇ ㄅㄨˋ ㄐㄧˊ	措手不及	20
ㄨㄛˋ ㄓㄜ˙	握著	20
ㄙㄨㄣˇ ㄏㄨㄟˇ	損毀	20
ㄅㄧㄥˋ ㄔㄨˊ	摒除	20
ㄌㄠ ㄉㄠˋ	撈到	20
ㄅㄛˋ ㄒㄧㄚˋ	播下	20
ㄆㄨ ㄇㄢˇ	撲滿	20
ㄊㄚˋ ㄈㄚ	撻伐	20
ㄐㄧㄢˇ ㄏㄨㄟˊ	撿回	20
ㄩㄥˇ ㄉㄞˋ	擁戴	20
ㄐㄧˊ ㄊㄨㄟˋ	擊退	20
ㄋㄧˇ ㄖㄣˊ	擬人	20
ㄕㄡ ㄒㄧㄣˋ	收信	20
ㄕㄡ ㄈㄨˋ	收復	20
ㄍㄞˇ ㄉㄠˋ	改到	20
ㄍㄞˇ ㄗㄠˋ ㄔㄥˊ	改造成	20
ㄍㄨㄥ ㄕㄡˇ	攻守	20
ㄈㄤˋ ㄋㄧㄡˊ	放牛	20
ㄓㄥˋ ㄘㄜˋ ㄒㄧㄥˋ	政策性	20
ㄐㄧㄡˋ ㄐㄧㄡˋ	救救	20
ㄐㄧㄡˋ ㄓˋ	救治	20
ㄅㄧˋ ㄍㄨㄛˊ	敝國	20
ㄒㄧㄣ ㄧ ㄅㄛ	新一波	20
ㄒㄧㄣ ㄧ ㄆㄛ	新一波	20
ㄒㄧㄣ ㄧˋ ㄅㄛ	新一波	20
ㄒㄧㄣ ㄧˋ ㄆㄛ	新一波	20
ㄒㄧㄣ ㄍㄨㄥ ㄙ	新公司	20
ㄒㄧㄣ ㄊㄧㄢ	新天	20
ㄒㄧㄣ ㄓㄠ	新招	20
ㄒㄧㄣ ㄏㄨㄢ	新歡	20
ㄒㄧㄣ ㄒㄧˋ ㄇㄧㄥˊ ㄊㄧˇ	新細明體	20
ㄕ ㄐㄧˋ ㄑㄧㄥ	施寄青	20
ㄌㄩˇ ㄧㄡˊ ㄊㄨㄢˊ	旅遊團	20
ㄑㄧˊ ㄐㄧㄣ ㄑㄩ	旗津區	20
ㄖˋ ㄕㄨˋ	日數	20
ㄖˋ ㄅㄣˇ ㄩˇ	日本語	20
ㄖˋ ㄔㄢˇ	日產	20
ㄖˋ ㄅㄧㄠˇ	日表	20
ㄨㄤˋ ㄨㄤˋ	旺旺	20
ㄇㄧㄥˊ ㄋㄧˊ ㄙㄨ ㄉㄚˊ	明尼蘇達	20
ㄇㄧㄥˊ ㄓㄥˋ	明政	20
ㄒㄧㄥ ㄓㄨㄤˋ	星狀	20
ㄕˊ ㄕˋ	時勢	20
ㄐㄧㄥˇ ㄧㄤˇ	景仰	20
ㄑㄧㄥˊ ㄉㄠˋ ㄉㄨㄛ ㄩㄣˊ	晴到多雲	20
ㄓㄢˋ ㄒㄧㄥˊ ㄊㄧㄠˊ ㄌㄧˋ	暫行條例	20
ㄅㄠˋ ㄐㄩㄣ	暴君	20
ㄍㄥˋ ㄅㄨˋ ㄋㄥˊ	更不能	20
ㄍㄥˋ ㄧˇ	更以	20
ㄗㄥ ㄨㄣˊ ㄕㄨㄟˇ ㄎㄨˋ	曾文水庫	20
ㄗㄨㄟˋ ㄉㄧ ㄨㄣ	最低溫	20
ㄧㄡˇ ㄙ	有司	20
ㄧㄡˇ ㄈㄡˇ	有否	20
ㄧㄡˇ ㄘㄞˊ	有才	20
ㄧㄡˇ ㄎㄜˋ	有課	20
ㄈㄨˊ ㄖㄣˊ	服人	20
ㄨㄤˋ ㄉㄠˋ	望到	20
ㄇㄨˋ ㄦˇ	木耳	20
ㄨㄟˋ ㄏㄨㄣ ㄈㄨ	未婚夫	20
ㄇㄛˋ ㄕㄠ	末梢	20
ㄅㄣˇ ㄎㄜ	本科	20
ㄅㄣˇ ㄐㄧˋ	本紀	20
ㄓㄨ ㄒㄧ	朱熹	20
ㄉㄨㄥ ㄉㄠˇ ㄒㄧ ㄨㄞ	東倒西歪	20
ㄉㄨㄥ ㄨˊ ㄉㄚˋ ㄒㄩㄝˊ	東吳大學	20
ㄉㄨㄥ ㄈㄟ	東非	20
ㄌㄧㄣˊ ㄧˋ ㄒㄩㄥˊ	林義雄	20
ㄎㄨ ㄕㄨㄟˇ	枯水	20
ㄐㄧㄚˋ ㄎㄨㄥ	架空	20
ㄐㄧㄚˋ ㄑㄧˇ	架起	20
ㄔㄚˊ ㄅㄨˊ ㄉㄠˋ	查不到	20
ㄔㄚˊ ㄔㄨ ㄌㄞˊ	查出來	20
ㄔㄚˊ ㄈㄥ	查封	20
ㄔㄞˊ ㄎㄜˇ ㄈㄨ ㄙ ㄐㄧ	柴可夫斯基	20
ㄏㄜˊ ㄒㄧㄠ	核銷	20
ㄨㄟˊ	桅	20
ㄇㄟˊ ㄍㄜˊ ㄌㄞˊ ㄣ	梅格萊恩	20
ㄇㄟˊ ㄩˇ ㄐㄧˋ	梅雨季	20
ㄅㄤ	梆	20
ㄔㄨˇ ㄘˊ	楚辭	20
ㄆㄢˊ	槃	20
ㄩㄝˋ ㄆㄧㄥˊ	樂評	20
ㄅㄧㄠ ㄕㄤˋ	標上	20
ㄓㄤ ㄕㄨˋ	樟樹	20
ㄧㄤˋ ㄅㄢˇ	樣板	20
ㄐㄧ ㄘㄤ	機艙	20
ㄐㄧㄢˇ ㄔㄚˊ ㄕㄨˇ	檢察署	20
ㄐㄧㄢˇ ㄔㄚˊ ㄍㄨㄢ	檢查官	20
ㄊㄞˊ ㄉㄥ	檯燈	20
ㄘˋ ㄗˇ	次子	20
ㄒㄧㄣ ㄒㄧㄣ ㄒㄧㄤˋ ㄖㄨㄥˊ	欣欣向榮	20
ㄓㄥˋ ㄨˇ	正午	20
ㄓㄥˋ ㄧㄢˊ	正言	20
ㄓㄥˋ ㄍㄨㄟˇ	正軌	20
ㄓㄥˋ ㄍㄨㄛˋ	正過	20
ㄓㄥˋ ㄧㄣ	正音	20
ㄌㄧˋ ㄐㄧㄡˇ ㄅㄨˋ ㄕㄨㄞ	歷久不衰	20
ㄕㄚ ㄉㄠˋ	殺到	20
ㄇㄟˇ ㄒㄧㄤˋ	每項	20
ㄉㄨˊ ㄙˇ	毒死	20
ㄅㄧˇ ㄈㄣ	比分	20
ㄇㄠˊ ㄓㄨ	毛豬	20
ㄑㄧㄥ ㄑㄧˋ	氫氣	20
ㄕㄨㄟˇ ㄏㄨㄛˇ	水火	20
ㄕㄨㄟˇ ㄧㄣˊ	水銀	20
ㄩㄥˇ ㄏㄜˊ ㄕˋ	永和市	20
ㄏㄢˋ ㄌㄧㄡˊ	汗流	20
ㄐㄧㄤ ㄙㄨ ㄕㄥˇ	江蘇省	20
ㄐㄧㄤ ㄇㄧㄢˋ	江面	20
ㄐㄧˊ ㄐㄧˊ	汲汲	20
ㄐㄩㄝˊ ㄌㄧㄝˋ	決裂	20
ㄔㄣˊ ㄇㄛˋ	沉沒	20
ㄇㄟˊ ㄒㄩㄝˊ	沒學	20
ㄇㄟˊ ㄧˋ ㄙ	沒意思	20
ㄇㄟˊ ㄧˋ ㄙˋ	沒意思	20
ㄇㄟˊ ㄧˋ ㄙ˙	沒意思	20
ㄇㄟˊ ㄈㄚˊ ㄗ˙	沒法子	20
ㄇㄟˊ ㄨㄢˊ	沒玩	20
ㄧㄡˊ ㄊㄨㄥˇ	油桶	20
ㄈㄚˇ ㄕˋ	法事	20
ㄈㄚˇ ㄌㄢˊ ㄎㄜˋ	法蘭克	20
ㄈㄚˇ ㄕㄨˋ	法術	20
ㄈㄢˋ ㄓㄡ	泛舟	20
ㄅㄛ ㄌㄢˊ	波瀾	20
ㄆㄛ ㄌㄢˊ	波瀾	20
ㄅㄛ ㄌㄨㄛˊ ㄉㄧˊ ㄏㄞˇ	波羅的海	20
ㄆㄛ ㄌㄨㄛˊ ㄉㄧˊ ㄏㄞˇ	波羅的海	20
ㄋㄧˊ ㄑㄧㄡ	泥鰍	20
ㄇㄧㄣˇ	泯	20
ㄒㄩㄣˊ	洵	20
ㄏㄨㄛˊ ㄉㄠˋ	活到	20
ㄏㄨㄛˊ ㄌㄨˋ	活路	20
ㄆㄞˋ ㄑㄩˋ	派去	20
ㄏㄞˇ ㄍㄨㄛˊ	海國	20
ㄒㄧㄠ ㄈㄤˊ ㄩㄢˊ	消防員	20
ㄐㄩㄢ	涓	20
ㄌㄧㄣˊ ㄉㄜ˙	淋的	20
ㄕㄣ ㄙ ㄕㄡˊ ㄌㄩˋ	深思熟慮	20
ㄏㄨㄣˊ ㄓㄨㄛˊ	混濁	20
ㄏㄨㄣˊ ㄉㄢˋ	混蛋	20
ㄏㄨㄣˋ ㄉㄢˋ	混蛋	20
ㄑㄧㄥ ㄍㄠ	清高	20
ㄆㄤ	滂	20
ㄏㄨㄚˊ ㄉㄠˇ	滑倒	20
ㄇㄢˇ ㄊㄤˊ	滿堂	20
ㄧㄢˇ ㄍㄨㄛˋ	演過	20
ㄗㄠˇ ㄊㄤˊ	澡堂	20
ㄐㄧˋ ㄎㄨㄣˋ	濟困	20
ㄅㄧㄣ ㄌㄧㄣˊ ㄐㄩㄝˊ ㄓㄨㄥˇ	瀕臨絕種	20
ㄏㄨㄛˇ ㄑㄧㄡˊ	火球	20
ㄏㄨㄛˇ ㄗㄤˋ	火葬	20
ㄆㄠˊ ㄓˋ	炮製	20
ㄓㄚˋ ㄏㄨㄟˇ	炸毀	20
ㄨㄟˊ ㄕㄢˋ	為善	20
ㄨㄟˊ ㄍㄨㄢ	為官	20
ㄏㄨㄥ ㄏㄨㄥ	烘烘	20
ㄈㄣˊ ㄏㄨㄟˇ	焚毀	20
ㄨˊ ㄕㄤ	無傷	20
ㄨˊ ㄏㄡˋ	無後	20
ㄨˊ ㄧㄡ ㄨˊ ㄌㄩˋ	無憂無慮	20
ㄨˊ ㄙㄨㄛˇ ㄕˋ ㄕˋ	無所事事	20
ㄨˊ ㄒㄧㄣ ㄐㄧㄚˋ	無薪假	20
ㄨˊ ㄐㄧㄢ ㄉㄠˋ	無間道	20
ㄌㄧㄢˋ ㄉㄢ	煉丹	20
ㄩˋ	煜	20
ㄏㄨㄢˋ ㄖㄢˊ	煥然	20
ㄕㄡˊ ㄌㄩˋ	熟慮	20
ㄖㄜˋ ㄌㄤˋ	熱浪	20
ㄕㄠ ㄇㄞˋ	燒賣	20
ㄓㄥ ㄇㄧㄥˊ	爭鳴	20
ㄑㄧㄤˊ ㄅㄧˋ ㄕㄤˋ	牆壁上	20
ㄌㄠˊ ㄈㄤˊ	牢房	20
ㄨˋ ㄐㄧㄚˋ ㄓˇ ㄕㄨˋ	物價指數	20
ㄨˋ ㄇㄟˇ ㄐㄧㄚˋ ㄌㄧㄢˊ	物美價廉	20
ㄑㄧㄢ ㄍㄨㄚˋ	牽掛	20
ㄐㄩ ㄐㄧˊ	狙擊	20
ㄕ ㄗ˙ ㄏㄨㄟˋ	獅子會	20
ㄉㄨˊ ㄗㄨㄛˋ	獨坐	20
ㄉㄨˊ ㄕㄨˋ ㄧ ㄍㄜˊ	獨樹一格	20
ㄉㄨˊ ㄕㄨˋ ㄧˋ ㄍㄜˊ	獨樹一格	20
ㄉㄨˊ ㄇㄣˊ	獨門	20
ㄌㄧㄝˋ ㄧㄥ	獵鷹	20
ㄩˋ ㄌㄢˊ ㄏㄨㄚ	玉蘭花	20
ㄨㄤˊ ㄐㄧㄢˋ ㄒㄩㄢ	王建煊	20
ㄓㄣ ㄓㄨㄥˋ	珍重	20
ㄅㄢ ㄗ˙	班子	20
ㄒㄧㄢˋ ㄉㄞˋ ㄒㄧㄥˋ	現代性	20
ㄑㄧㄡˊ ㄐㄩㄣˋ	球菌	20
ㄑㄧㄡˊ ㄒㄧㄝˊ	球鞋	20
ㄌㄧˇ ㄐㄧㄚ	理家	20
ㄌㄧˇ ㄉㄤ	理當	20
ㄍㄨㄟ ㄅㄠˇ	瑰寶	20
ㄍㄨㄚ ㄈㄣ	瓜分	20
ㄕㄥ ㄏㄨㄛˊ ㄕㄨㄟˇ ㄓㄨㄣˇ	生活水準	20
ㄕㄥ ㄎㄜ ㄒㄧˋ	生科系	20
ㄔㄢˇ ㄕㄥ ㄔㄨ ㄌㄞˊ	產生出來	20
ㄕㄥ	甥	20
ㄋㄢˊ ㄦˊ	男兒	20
ㄐㄧㄝˋ ㄕㄡˇ	界首	20
ㄌㄧㄡˊ ㄕㄡˇ	留守	20
ㄩˊ	畬	20
ㄧˋ ㄑㄩ	疫區	20
ㄅㄧㄥˋ ㄓㄥ	病徵	20
ㄋㄩㄝˋ	瘧	20
ㄉㄥ ㄎㄜ	登科	20
ㄈㄚ ㄕㄜˋ ㄑㄧˋ	發射器	20
ㄈㄚ ㄎㄨㄤˊ	發狂	20
ㄈㄚ ㄖㄨㄢˇ	發軟	20
ㄅㄞˇ ㄊㄞˋ	百態	20
ㄆㄧˊ ㄓ	皮脂	20
ㄕㄥˋ ㄓㄨㄤ	盛裝	20
ㄉㄤˋ ㄧㄤˋ	盪漾	20
ㄇㄨˋ ㄅㄨˋ ㄒㄧㄚˊ ㄐㄧˇ	目不暇給	20
ㄓˊ ㄧˋ	直譯	20
ㄒㄧㄤ ㄊㄡˊ	相投	20
ㄉㄨㄣˇ	盹	20
ㄉㄨㄣˋ	盹	20
ㄎㄢˋ ㄅㄠˋ	看報	20
ㄎㄢˋ ㄒㄧㄤˋ	看相	20
ㄎㄢˋ ㄔㄨㄢ	看穿	20
ㄎㄢ ㄍㄨㄢˇ	看管	20
ㄎㄢ ㄇㄣˊ	看門	20
ㄇㄡˊ ㄗ˙	眸子	20
ㄧㄢˇ ㄧㄠˋ ㄕㄨㄟˇ	眼藥水	20
ㄕㄨㄟˋ ㄨˇ ㄐㄧㄠˋ	睡午覺	20
ㄕㄨㄟˋ ㄧ	睡衣	20
ㄖㄨㄟˋ ㄓㄜˊ	睿哲	20
ㄔㄡˇ	瞅	20
ㄆㄧㄝ ㄐㄧㄢˋ	瞥見	20
ㄓㄢ ㄧㄤˇ	瞻仰	20
ㄕˊ ㄇㄛˋ	石磨	20
ㄧㄢˊ ㄐㄧㄡˋ ㄩㄢˋ ㄌㄨˋ	研究院路	20
ㄆㄛˋ ㄌㄧˋ	破例	20
ㄆㄛˋ ㄉㄧㄠˋ	破掉	20
ㄧㄥˋ ㄍㄢˋ	硬幹	20
ㄧㄥˋ ㄒㄧㄥˋ	硬性	20
ㄧㄥˋ ㄓㄜ˙ ㄊㄡˊ ㄆㄧˊ	硬著頭皮	20
ㄉㄧㄥˋ	碇	20
ㄕㄨㄛˋ ㄍㄨㄛˇ ㄐㄧㄣˇ ㄘㄨㄣˊ	碩果僅存	20
ㄆㄥˋ ㄅㄧˋ	碰壁	20
ㄕㄜˋ ㄏㄨㄟˋ ㄇㄧㄣˊ ㄓㄨˇ	社會民主	20
ㄗㄨˇ ㄐㄧˊ	祖籍	20
ㄕㄣˊ ㄐㄧㄥ ㄎㄜ	神經科	20
ㄕㄣˊ ㄐㄧㄥ ㄒㄧˋ ㄊㄨㄥˇ	神經系統	20
ㄐㄧㄣˋ ㄧㄢ	禁煙	20
ㄈㄨˊ ㄕㄡˋ ㄌㄨㄛˊ	福壽螺	20
ㄌㄧˇ ㄅㄞˋ ㄙㄢ	禮拜三	20
ㄌㄧˇ ㄅㄞˋ ㄙˋ	禮拜四	20
ㄙ ㄕㄥ ㄏㄨㄛˊ	私生活	20
ㄑㄧㄡ ㄖˋ	秋日	20
ㄎㄜ ㄒㄩㄝˊ ㄏㄨㄚˋ	科學化	20
ㄇㄧˋ ㄕㄨ ㄔㄨˋ	秘書處	20
ㄔㄥˊ ㄕˋ ㄩˇ ㄧㄢˊ	程式語言	20
ㄎㄨㄥˋ ㄒㄧㄚˋ	空下	20
ㄎㄨㄥˋ ㄑㄩㄝ	空缺	20
ㄎㄨㄥ ㄓㄨㄢˇ	空轉	20
ㄌㄨㄥˊ	窿	20
ㄌㄧˋ ㄔㄥˊ	立成	20
ㄓㄤ ㄩˊ	章魚	20
ㄐㄩㄣˋ ㄍㄨㄥ	竣工	20
ㄈㄨˊ ㄓㄡˋ	符咒	20
ㄉㄧˋ ㄙㄢ ㄏㄤˊ	第三行	20
ㄉㄧˋ ㄦˋ ㄊㄧㄠˊ	第二條	20
ㄉㄧˋ ㄕˊ ㄐㄧㄝˋ	第十屆	20
ㄉㄧˋ ㄙˋ ㄓㄤ	第四章	20
ㄅㄧˇ ㄇㄧㄥˊ	筆名	20
ㄉㄚˊ ㄅㄧㄢˋ	答辯	20
ㄐㄧ	箕	20
ㄐㄧㄥ ㄕˊ	精實	20
ㄐㄧㄥ ㄓㄨㄣˇ ㄉㄜ˙	精準的	20
ㄐㄧˋ ㄋㄧㄢˋ ㄘㄜˋ	紀念冊	20
ㄩㄝ ㄕㄨˋ ㄌㄧˋ	約束力	20
ㄨㄣˊ ㄌㄨˋ	紋路	20
ㄒㄧˋ ㄕㄨㄛ	細說	20
ㄐㄧㄝˊ ㄩㄢˊ	結緣	20
ㄅㄤˇ ㄓㄨˋ	綁住	20
ㄐㄧㄥ ㄑㄧˊ	經期	20
ㄅㄧㄢ ㄉㄧㄥˋ	編定	20
ㄌㄧㄢˋ ㄍㄨㄥ	練功	20
ㄌㄧㄢˋ ㄔㄤˋ	練唱	20
ㄗㄨㄥˇ ㄔㄥˊ	總成	20
ㄗㄨㄥˇ ㄘˊ	總辭	20
ㄐㄧˋ ㄔㄥˊ ㄖㄣˊ	繼承人	20
ㄑㄩㄝ ㄧㄤˇ	缺氧	20
ㄑㄧㄥˋ	罄	20
ㄓㄠˋ ㄗㄞˋ	罩在	20
ㄓˋ ㄈㄤˋ	置放	20
ㄒㄧˊ ㄧˇ ㄨㄟˊ ㄔㄤˊ	習以為常	20
ㄒㄧˊ ㄍㄨㄢˋ ㄩˊ	習慣於	20
ㄌㄠˇ ㄉㄧㄝ	老爹	20
ㄌㄠˇ ㄅㄧㄥˋ	老病	20
ㄌㄠˇ ㄒㄧㄤ	老鄉	20
ㄦˊ ㄉㄞˋ	而帶	20
ㄋㄞˋ ㄌㄠˊ	耐勞	20
ㄍㄥ ㄒㄧㄣ	耕莘	20
ㄦˇ ㄨㄣˊ	耳聞	20
ㄉㄢ ㄍㄜ	耽擱	20
ㄌㄧㄢˊ ㄓㄠ ㄏㄨㄟˋ	聯招會	20
ㄕㄥ ㄧㄡ	聲優	20
ㄊㄧㄥ ㄊㄧㄥ ㄎㄢˋ	聽聽看	20
ㄙㄨˋ ㄇㄨˋ	肅穆	20
ㄐㄧㄢ ㄕㄤˋ	肩上	20
ㄏㄨˊ ㄧㄠˋ ㄅㄤ	胡耀邦	20
ㄋㄥˊ ㄌㄧㄡˊ	能留	20
ㄔㄨㄣˊ	脣	20
ㄊㄨㄛ ㄍㄨㄤ	脫光	20
ㄊㄨㄛ ㄎㄡˇ ㄦˊ ㄔㄨ	脫口而出	20
ㄊㄨㄛ ㄕㄨㄟˇ	脫水	20
ㄋㄠˇ ㄒㄧㄝˇ ㄍㄨㄢˇ	腦血管	20
ㄐㄧㄠ ㄓㄨㄛˊ	膠著	20
ㄉㄢˇ ㄕˋ	膽識	20
ㄗˋ ㄨㄛˇ ㄐㄧㄝˋ ㄕㄠˋ	自我介紹	20
ㄗˋ ㄌㄧˇ	自理	20
ㄨˇ ㄉㄠˋ ㄕㄜˋ	舞蹈社	20
ㄈㄤˇ	舫	20
ㄐㄧㄝˋ ㄇㄛˋ	芥末	20
ㄏㄨㄚ ㄑㄧˊ	花期	20
ㄏㄨㄚ ㄇㄧˋ	花蜜	20
ㄧㄥ ㄇㄧㄥˊ	英明	20
ㄔㄚˊ ㄧˋ	茶藝	20
ㄐㄧㄚˊ	莢	20
ㄏㄨㄚˊ ㄓㄨㄥ	華中	20
ㄏㄨㄚˊ ㄕㄥ	華生	20
ㄈㄟ ㄌㄧˋ ㄆㄨˇ	菲利普	20
ㄨㄢˋ ㄧㄡˇ	萬有	20
ㄇㄥˊ ㄇㄧㄢˋ	蒙面	20
ㄨㄟˋ ㄖㄢˊ	蔚然	20
ㄐㄧㄤˇ ㄓㄨㄥ ㄓㄥˋ	蔣中正	20
ㄑㄧㄤˊ ㄨㄟˊ	薔薇	20
ㄌㄢˊ ㄉㄥ	藍燈	20
ㄘㄤˊ ㄑㄧˇ ㄌㄞˊ	藏起來	20
ㄧㄠˋ ㄉㄧㄢˋ	藥店	20
ㄙㄡˇ	藪	20
ㄌㄨˊ ㄓㄨˊ	蘆竹	20
ㄙㄨ ㄨˇ	蘇武	20
ㄒㄧㄢˇ	蘚	20
ㄎㄨㄟ ㄅㄣˇ	虧本	20
ㄕㄜˊ ㄌㄟˋ	蛇類	20
ㄉㄢˋ ㄐㄩㄢˇ	蛋捲	20
ㄖㄨㄥˊ ㄊㄨㄥ	融通	20
ㄖㄨˊ ㄉㄨㄥˋ	蠕動	20
ㄖㄨㄢˇ ㄉㄨㄥˋ	蠕動	20
ㄧ ㄔㄨˊ	衣櫥	20
ㄧ ㄐㄧㄣ	衣襟	20
ㄅㄧㄠˇ ㄕㄨㄞˋ	表率	20
ㄅㄧㄠˇ ㄅㄞˊ	表白	20
ㄒㄧㄡˋ ㄓㄣ	袖珍	20
ㄘㄞˊ ㄉㄧㄠˋ	裁掉	20
ㄓˋ ㄒㄧㄝˊ	製鞋	20
ㄒㄧ ㄒㄧㄚˋ	西下	20
ㄒㄧ ㄩˇ	西嶼	20
ㄒㄧ ㄧㄡˊ ㄐㄧˋ	西遊記	20
ㄒㄧ ㄘㄢ ㄊㄧㄥ	西餐廳	20
ㄧㄠˋ ㄩㄥˋ ㄉㄜ˙	要用的	20
ㄧㄠˋ ㄔㄨㄢ	要穿	20
ㄈㄨˋ ㄍㄞˋ ㄌㄩˋ	覆蓋率	20
ㄐㄧㄢˋ ㄅㄨˋ ㄉㄜˊ	見不得	20
ㄍㄨㄟ ㄍㄨㄟ ㄐㄩˇ ㄐㄩˇ	規規矩矩	20
ㄑㄧㄣ ㄎㄡˇ	親口	20
ㄐㄧㄝˇ ㄇㄧˋ	解密	20
ㄐㄧㄝˇ ㄕˋ ㄔㄥˊ	解釋成	20
ㄊㄠˇ ㄈㄢˋ	討飯	20
ㄐㄧˋ ㄒㄧㄥˋ	記性	20
ㄐㄧˋ ㄓㄜ˙	記著	20
ㄕˋ ㄔㄨ	試出	20
ㄕˋ ㄨㄣˋ	試問	20
ㄍㄞ ㄋㄧㄢˊ	該年	20
ㄍㄞ ㄉㄚˇ	該打	20
ㄓㄨ	誅	20
ㄖㄣˋ ㄗㄨㄟˋ	認罪	20
ㄉㄧㄠˋ ㄌㄞˊ	調來	20
ㄐㄧㄤˇ ㄍㄟˇ	講給	20
ㄏㄨˋ ㄨㄟˋ	護衛	20
ㄅㄧㄢˋ ㄍㄨˋ	變故	20
ㄍㄨˇ ㄍㄨㄢ	谷關	20
ㄈㄥ ㄧㄥˊ	豐盈	20
ㄒㄧㄤˋ ㄧㄚˊ ㄊㄚˇ	象牙塔	20
ㄏㄠˊ ㄑㄧˋ	豪氣	20
ㄓㄨ ㄆㄧˊ	豬皮	20
ㄈㄨˋ ㄓㄨㄥˋ	負重	20
ㄗㄜˊ ㄋㄢˋ	責難	20
ㄇㄞˇ ㄧ ㄙㄨㄥˋ ㄧ	買一送一	20
ㄇㄞˇ ㄉㄜ˙ ㄑㄧˇ	買得起	20
ㄇㄞˇ ㄔㄠ	買超	20
ㄊㄧㄝ ㄧㄡˇ	貼有	20
ㄗ ㄍㄜˊ ㄎㄠˇ	資格考	20
ㄇㄞˋ ㄔㄨㄣ	賣春	20
ㄇㄞˋ ㄕㄣ	賣身	20
ㄓˊ ㄆㄨˊ	質樸	20
ㄙㄞˋ ㄏㄨㄟˋ	賽會	20
ㄗㄡˇ ㄐㄧㄣˋ ㄌㄞˊ	走進來	20
ㄑㄧˇ ㄧㄣ ㄩˊ	起因於	20
ㄑㄧˇ ㄍㄨㄥ	起工	20
ㄔㄣˋ ㄕˋ	趁勢	20
ㄔㄣˋ ㄗㄠˇ	趁早	20
ㄆㄠˇ ㄍㄨㄛˋ ㄌㄞˊ	跑過來	20
ㄆㄠˇ ㄍㄨㄛˋ ㄑㄩˋ	跑過去	20
ㄍㄨㄟˋ ㄒㄧㄚˋ	跪下	20
ㄌㄨˋ ㄇㄧㄥˊ	路名	20
ㄊㄧㄠˋ ㄐㄧ	跳機	20
ㄌㄧㄤˋ ㄑㄧㄤˋ	踉蹌	20
ㄐㄩㄝˇ	蹶	20
ㄐㄩㄝˊ	蹶	20
ㄔㄜ ㄑㄧㄢˊ	車前	20
ㄔㄜ ㄉㄧㄥˇ	車頂	20
ㄔㄜ ㄇㄚˇ ㄈㄟˋ	車馬費	20
ㄐㄩㄣ ㄕˋ ㄒㄩㄣˋ ㄌㄧㄢˋ	軍事訓練	20
ㄐㄩㄣ ㄌㄩˇ	軍旅	20
ㄖㄨㄢˇ ㄐㄧㄣˋ	軟禁	20
ㄖㄨㄢˇ ㄍㄨˇ	軟骨	20
ㄈㄨˇ ㄗㄨㄛˇ	輔佐	20
ㄑㄧㄥ ㄎㄨㄞˋ ㄉㄜ˙	輕快的	20
ㄅㄟˋ ㄔㄨ	輩出	20
ㄓㄨㄢˇ ㄒㄧㄥˊ ㄔㄥˊ	轉型成	20
ㄓㄨㄢˇ ㄩㄣˋ ㄓㄢˋ	轉運站	20
ㄋㄨㄥˊ ㄊㄧㄢˊ ㄕㄨㄟˇ ㄌㄧˋ	農田水利	20
ㄐㄧㄣˋ ㄐㄧㄠ	近郊	20
ㄓㄨㄟ ㄙㄨˋ	追訴	20
ㄊㄨㄟˋ ㄧ	退一	20
ㄊㄨㄟˋ ㄈㄟˋ	退費	20
ㄊㄨㄟˋ ㄧㄣˇ	退隱	20
ㄓㄨˊ ㄊㄧㄠˊ	逐條	20
ㄐㄧㄥˋ ㄗˋ	逕自	20
ㄓㄜˋ ㄧ ㄏㄤˊ	這一行	20
ㄓㄜˋ ㄓㄨㄥˇ ㄏㄨㄚˋ	這種話	20
ㄊㄨㄥ ㄕˋ ㄎㄜˋ	通識課	20
ㄗㄠˋ ㄨˋ ㄓㄨˇ	造物主	20
ㄓㄡ ㄐㄧˋ	週記	20
ㄐㄧㄣˋ ㄎㄡˇ ㄏㄨㄛˋ	進口貨	20
ㄩㄣˋ ㄉㄨㄥˋ ㄌㄧㄤˋ	運動量	20
ㄅㄧㄢˋ ㄉㄧˋ	遍地	20
ㄆㄧㄢˋ ㄉㄧˋ	遍地	20
ㄍㄨㄛˋ ㄧˋ	過意	20
ㄍㄨㄛˋ ㄇㄧㄣˇ ㄒㄧㄥˋ	過敏性	20
ㄍㄨㄛˋ ㄏㄨㄛˇ	過火	20
ㄉㄠˋ ㄑㄩㄥˊ	道瓊	20
ㄉㄚˊ ㄍㄨㄢ	達觀	20
ㄩㄢˇ ㄒㄧㄥˊ	遠行	20
ㄗㄨㄣ ㄘㄨㄥˊ	遵從	20
ㄑㄧㄢ ㄧˊ ㄉㄠˋ	遷移到	20
ㄋㄚˇ ㄅㄣˇ ㄕㄨ	那本書	20
ㄋㄚˋ ㄅㄣˇ ㄕㄨ	那本書	20
ㄋㄚˋ ㄓㄨㄥˇ ㄖㄣˊ	那種人	20
ㄅㄤ ㄍㄨㄛˊ	邦國	20
ㄅㄨˋ ㄓㄤˇ ㄐㄧˊ	部長級	20
ㄉㄡ ㄓㄨㄤ	都裝	20
ㄒㄧㄤ ㄋㄨㄥˊ ㄏㄨㄟˋ	鄉農會	20
ㄌㄧㄣˊ ㄖㄣˊ	鄰人	20
ㄐㄧㄡˇ ㄍㄨㄟˇ	酒鬼	20
ㄙㄨㄢ ㄐㄧㄢˇ	酸鹼	20
ㄔㄨㄥˊ ㄉㄠˋ ㄈㄨˋ ㄔㄜˋ	重蹈覆轍	20
ㄌㄧˊ ㄇㄧˇ	釐米	20
ㄐㄧㄣ ㄅㄧㄢ	金邊	20
ㄈㄨˇ ㄕㄢ ㄕˋ	釜山市	20
ㄓㄣ ㄒㄧㄢˋ	針線	20
ㄊㄨㄥˊ ㄅㄢˇ	銅版	20
ㄑㄧˊ	錡	20
ㄑㄧㄠ	鍬	20
ㄙㄨㄛˇ ㄕㄤˋ	鎖上	20
ㄑㄧㄤ	鎗	20
ㄍㄠˇ	鎬	20
ㄏㄠˋ	鎬	20
ㄓㄨㄥ ㄌㄡˊ	鐘樓	20
ㄊㄧㄝˇ ㄔˇ	鐵齒	20
ㄔㄤˊ ㄇㄧㄥˋ	長命	20
ㄔㄤˊ ㄘㄨㄣˊ	長存	20
ㄔㄤˊ ㄌㄧㄡˊ	長流	20
ㄔㄤˊ ㄊㄢˊ	長談	20
ㄅㄧˋ ㄙㄨㄛˇ	閉鎖	20
ㄎㄞ ㄊㄡˊ ㄉㄜ˙	開頭的	20
ㄚ ㄇㄟˇ ㄗㄨˊ ㄖㄣˊ	阿美族人	20
ㄐㄧㄤˋ ㄉㄧ ㄉㄠˋ	降低到	20
ㄔㄣˊ ㄧˊ ㄢ	陳怡安	20
ㄍㄜˊ ㄑㄧㄤˊ	隔牆	20
ㄙㄨㄟˊ ㄩㄢˊ	隨緣	20
ㄒㄩㄥˊ ㄓㄨㄤˋ	雄壯	20
ㄧㄚˇ ㄇㄟˇ ㄗㄨˊ	雅美族	20
ㄐㄧˊ ㄏㄨㄛˋ	集貨	20
ㄕㄨㄤ ㄇㄧㄢˋ	雙面	20
ㄗㄚˊ ㄒㄩㄣˋ	雜訊	20
ㄋㄢˋ ㄇㄧㄣˊ ㄧㄥˊ	難民營	20
ㄋㄢˊ ㄧㄢˊ	難言	20
ㄒㄩㄝˇ ㄓㄨㄥ	雪中	20
ㄌㄧㄥˊ ㄌㄨㄢˋ	零亂	20
ㄉㄧㄢˋ ㄗˇ ㄔㄨㄥˇ ㄨˋ	電子寵物	20
ㄉㄧㄢˋ ㄖㄨㄥˊ	電容	20
ㄉㄧㄢˋ ㄑㄧㄚˋ	電洽	20
ㄉㄧㄢˋ ㄨㄢˊ ㄉㄧㄢˋ	電玩店	20
ㄒㄩ ㄩㄥˋ	需用	20
ㄨˋ ㄑㄧˋ	霧氣	20
ㄌㄧㄥˊ ㄏㄨㄣˊ ㄖㄣˊ ㄨˋ	靈魂人物	20
ㄈㄟ ㄈㄚˇ ㄉㄜ˙	非法的	20
ㄈㄟ ㄧˋ	非議	20
ㄎㄠˋ ㄕㄢ	靠山	20
ㄇㄧㄢˋ ㄏㄨㄥˊ	面紅	20
ㄒㄩㄝ ㄗ˙	靴子	20
ㄑㄧㄠˋ ㄔˋ	鞘翅	20
ㄏㄢˊ ㄈㄟ ㄗˇ	韓非子	20
ㄩˋ ㄓㄨˋ	預祝	20
ㄩˋ ㄍㄡˋ	預購	20
ㄌㄧㄥˇ ㄨˋ ㄉㄠˋ	領悟到	20
ㄙㄡ ㄙㄡ	颼颼	20
ㄈㄢˋ ㄍㄨㄢˇ	飯館	20
ㄩˊ ㄕㄥ	餘生	20
ㄕㄡˇ ㄗㄨㄥ	首宗	20
ㄇㄚˇ ㄅㄨˋ ㄊㄧㄥˊ ㄊㄧˊ	馬不停蹄	20
ㄓㄨˋ ㄈㄤˊ	駐防	20
ㄐㄧㄚˋ ㄕˇ ㄩㄢˊ	駕駛員	20
ㄍㄨˇ ㄗ˙ ㄌㄧˇ	骨子裡	20
ㄎㄨ ㄌㄡˊ	骷髏	20
ㄍㄠ ㄐㄧˊ ㄉㄜ˙	高級的	20
ㄍㄠ ㄒㄩㄥˊ ㄒㄧㄢˋ ㄕˋ	高雄縣市	20
ㄩˋ ㄩˋ	鬱鬱	20
ㄍㄨㄟˇ ㄏㄨㄚˋ	鬼話	20
ㄇㄛˊ ㄋㄩˇ	魔女	20
ㄇㄛˊ ㄐㄧㄝˊ	魔羯	20
ㄇㄛˊ ㄐㄧㄝˊ ㄗㄨㄛˋ	魔羯座	20
ㄇㄞˋ ㄗ˙	麥子	20
ㄏㄨㄤˊ ㄉㄧˋ	黃帝	20
ㄏㄨㄤˊ ㄓㄤ	黃樟	20
ㄏㄨㄤˊ ㄓㄤ ㄙㄨˋ	黃樟素	20
ㄏㄨㄤˊ ㄆㄞˊ	黃牌	20
ㄏㄨㄤˊ ㄉㄡˋ	黃豆	20
ㄏㄨㄤˊ ㄋㄧㄠˇ	黃鳥	20
ㄋㄧㄢˊ ㄊㄧㄝ	黏貼	20
ㄏㄟ ㄅㄢ	黑斑	20
ㄏㄟ ㄧㄢ	黑煙	20
ㄏㄟ ㄋㄧㄡˊ	黑牛	20
ㄉㄧㄢˇ ㄇㄧㄥˊ	點明	20
ㄇㄟˊ ㄐㄩㄣˋ	黴菌	20
ㄧ ㄅㄚ ㄑㄧ	一八七	19
ㄧ ㄅㄚ ㄅㄚ	一八八	19
ㄧ ㄉㄤˇ	一檔	19
ㄧˋ ㄉㄤˇ	一檔	19
ㄧ ㄑㄩㄣˊ ㄑㄩㄣˊ	一群群	19
ㄧˋ ㄑㄩㄣˊ ㄑㄩㄣˊ	一群群	19
ㄧ ㄨㄢˋ ㄖㄣˊ	一萬人	19
ㄧˊ ㄨㄢˋ ㄖㄣˊ	一萬人	19
ㄧ ㄅㄟˋ	一被	19
ㄧˊ ㄅㄟˋ	一被	19
ㄧ ㄓㄣ ㄐㄧㄢˋ ㄒㄧㄝˇ	一針見血	19
ㄧˋ ㄓㄣ ㄐㄧㄢˋ ㄒㄧㄝˇ	一針見血	19
ㄑㄧ ㄙˋ ㄑㄧ	七四七	19
ㄙㄢ ㄑㄧㄢ ㄖㄣˊ	三千人	19
ㄙㄢ ㄒㄧㄠˇ ㄕˊ	三小時	19
ㄙㄢ ㄉㄨˋ ㄎㄨㄥ ㄐㄧㄢ	三度空間	19
ㄙㄢ ㄅㄨˋ	三步	19
ㄙㄢ ㄇㄧㄣˊ ㄑㄩ	三民區	19
ㄕㄤˋ ㄧ ㄉㄞˋ	上一代	19
ㄕㄤˋ ㄧˊ ㄉㄞˋ	上一代	19
ㄕㄤˋ ㄖˋ	上日	19
ㄕㄤˋ ㄑㄧㄥ	上清	19
ㄕㄤˋ ㄅㄢ ㄕˊ ㄐㄧㄢ	上班時間	19
ㄕㄤˋ ㄙㄜˋ	上色	19
ㄕㄤˋ ㄧㄝˇ	上野	19
ㄒㄧㄚˋ ㄊㄨㄥˊ	下同	19
ㄒㄧㄚˋ ㄅㄧˇ	下筆	19
ㄒㄧㄚˋ ㄒㄧㄢˋ	下線	19
ㄒㄧㄚˋ ㄌㄧㄢˊ	下聯	19
ㄒㄧㄚˋ ㄅㄧㄢ	下邊	19
ㄅㄨˋ ㄧ ㄏㄨㄟˇ	不一會	19
ㄅㄨˋ ㄧˇ ㄨㄟˊ ㄧˋ	不以為意	19
ㄅㄨˋ ㄐㄧㄣˇ ㄐㄧㄣˇ ㄕˋ	不僅僅是	19
ㄅㄨˊ ㄎㄜˋ	不克	19
ㄅㄨˋ ㄎㄜˋ	不克	19
ㄅㄨˋ ㄈㄣ ㄑㄩ ㄌㄧˋ ㄨㄟˇ	不分區立委	19
ㄅㄨˊ ㄏㄨㄞˋ	不壞	19
ㄅㄨˋ ㄗㄜˇ ㄇㄛ˙ ㄧㄤˋ	不怎麼樣	19
ㄅㄨˋ ㄗㄜˇ ㄇㄜ˙ ㄧㄤˋ	不怎麼樣	19
ㄅㄨˋ ㄗㄣˇ ㄇㄛ˙ ㄧㄤˋ	不怎麼樣	19
ㄅㄨˋ ㄗㄣˇ ㄇㄜ˙ ㄧㄤˋ	不怎麼樣	19
ㄅㄨˊ ㄕˋ ㄉㄜ˙	不是的	19
ㄅㄨˋ ㄕˋ ㄉㄜ˙	不是的	19
ㄅㄨˊ ㄓㄥˋ ㄉㄤ	不正當	19
ㄅㄨˋ ㄍㄨㄢˇ ㄗㄜˇ ㄧㄤˋ	不管怎樣	19
ㄅㄨˋ ㄍㄨㄢˇ ㄗㄣˇ ㄧㄤˋ	不管怎樣	19
ㄅㄨˋ ㄗㄨˊ ㄨㄟˊ ㄑㄧˊ	不足為奇	19
ㄅㄨˋ ㄔˇ	不齒	19
ㄕˋ ㄒㄧㄣ ㄉㄚˋ ㄒㄩㄝˊ	世新大學	19
ㄅㄧㄥˋ ㄑㄧㄝˇ ㄧㄡˇ	並且有	19
ㄅㄧㄥˋ ㄧㄠ	並邀	19
ㄓㄨㄥ ㄍㄨㄛˊ ㄏㄨㄚˋ	中國畫	19
ㄓㄨㄥ ㄕㄢ ㄋㄢˊ ㄌㄨˋ	中山南路	19
ㄓㄨㄥ ㄕˊ ㄨㄢˇ ㄅㄠˋ	中時晚報	19
ㄓㄨㄥ ㄧㄥˊ	中營	19
ㄓㄨㄥ ㄒㄧㄥ ㄉㄚˋ ㄒㄩㄝˊ	中興大學	19
ㄓㄨㄥ ㄘㄞˋ	中菜	19
ㄓㄨㄥ ㄏㄨㄚˊ ㄐㄧㄥ ㄐㄧˋ	中華經濟	19
ㄓㄨㄥ ㄧㄠˋ ㄕㄤ	中藥商	19
ㄓㄨㄥ ㄧㄠˋ ㄘㄞˊ	中藥材	19
ㄓㄨㄥ ㄧˋ ㄅㄣˇ	中譯本	19
ㄓㄨˇ ㄖㄣˊ ㄍㄨㄥ	主人公	19
ㄓㄨˇ ㄘㄞˋ	主菜	19
ㄐㄧㄡˇ ㄨㄟˊ	久違	19
ㄐㄧㄡˇ ㄅㄢ	九班	19
ㄐㄧ ㄊㄨㄥˊ	乩童	19
ㄖㄨˇ ㄊㄤˊ	乳糖	19
ㄖㄨˇ ㄙㄨㄢ ㄐㄩㄣˋ	乳酸菌	19
ㄖㄨˇ ㄔˇ	乳齒	19
ㄌㄨㄢˋ ㄐㄧㄤˇ	亂講	19
ㄌㄧㄠˇ ㄉㄨㄢˋ	了斷	19
ㄏㄨˋ ㄅㄨˊ	互不	19
ㄏㄨˋ ㄅㄨˋ	互不	19
ㄨˇ ㄨㄟˋ	五味	19
ㄨˇ ㄓˇ	五指	19
ㄧㄚˇ ㄒㄧˋ ㄧㄚˇ	亞細亞	19
ㄧㄚˇ ㄌㄧˇ ㄙ ㄉㄨㄛ ㄉㄜˊ	亞里斯多德	19
ㄨㄤˊ ㄓㄜˇ	亡者	19
ㄐㄧㄠ ㄏㄨˋ ㄗㄨㄛˋ ㄩㄥˋ	交互作用	19
ㄖㄣˊ ㄕˋ ㄨˋ	人事物	19
ㄖㄣˊ ㄡˇ	人偶	19
ㄖㄣˊ ㄉㄧˋ	人地	19
ㄖㄣˊ ㄌㄟˋ ㄒㄩㄝˊ ㄓㄜˇ	人類學者	19
ㄖㄣˊ ㄞˋ ㄧ ㄩㄢˋ	仁愛醫院	19
ㄐㄧㄝˋ ㄓˊ	介質	19
ㄊㄚ ㄓㄨㄥˇ	他種	19
ㄌㄧㄥˋ ㄗㄨㄣ	令尊	19
ㄏㄨㄛˇ ㄐㄧˋ	伙計	19
ㄏㄨㄛˇ ㄕˊ ㄈㄟˋ	伙食費	19
ㄉㄧ ㄞˇ	低矮	19
ㄏㄜˊ ㄎㄨㄤˋ ㄕˋ	何況是	19
ㄗㄨㄛˋ ㄊㄞˋ	作態	19
ㄓˊ	侄	19
ㄐㄩㄣˋ ㄒㄧㄡˋ	俊秀	19
ㄒㄧㄣˋ ㄐㄧㄠˋ	信教	19
ㄒㄧㄣˋ ㄧㄤˊ	信陽	19
ㄒㄧㄡ ㄒㄧㄢˋ ㄢˋ	修憲案	19
ㄒㄧㄡ ㄓㄥˇ	修整	19
ㄒㄧㄡ ㄌㄧㄢˋ	修煉	19
ㄒㄧㄡ ㄌㄨˋ	修路	19
ㄕㄨˋ	倏	19
ㄏㄡˋ ㄔㄜ	候車	19
ㄧˇ ㄎㄠˋ	倚靠	19
ㄐㄧㄝˋ ㄌㄜ˙	借了	19
ㄐㄧㄚˇ ㄕㄜˋ ㄕˋ	假設是	19
ㄗㄨㄛˋ ㄎㄜˋ	做客	19
ㄊㄧㄥˊ ㄔㄜ ㄍㄜˊ	停車格	19
ㄐㄧㄢˋ ㄨㄤˋ	健忘	19
ㄐㄧㄝˊ ㄎㄜˋ ㄙㄣ	傑克森	19
ㄘㄨㄟ ㄊㄠˇ	催討	19
ㄔㄨㄢˊ ㄅㄛ ㄇㄟˊ ㄊㄧˇ	傳播媒體	19
ㄔㄨㄢˊ ㄅㄛˋ ㄇㄟˊ ㄊㄧˇ	傳播媒體	19
ㄑㄧㄠˊ ㄨˋ	僑務	19
ㄔㄨˊ ㄕㄨㄟˇ	儲水	19
ㄒㄧㄢ ㄗㄨˇ	先祖	19
ㄎㄜˋ ㄌㄞˊ ㄙ ㄌㄜˋ	克萊斯勒	19
ㄎㄜˋ ㄌㄧˇ ㄈㄨ ㄌㄢˊ	克里夫蘭	19
ㄦˊ ㄍㄜ	兒歌	19
ㄐㄧㄥ ㄐㄧㄥ ㄧㄝˋ ㄧㄝˋ	兢兢業業	19
ㄖㄨˋ ㄧㄢˇ	入眼	19
ㄋㄟˋ ㄓㄨˇ	內主	19
ㄋㄟˋ ㄆㄨˇ	內埔	19
ㄋㄟˋ ㄒㄧㄣ ㄕˋ ㄐㄧㄝˋ	內心世界	19
ㄋㄟˋ ㄉㄡˋ	內鬥	19
ㄑㄩㄢˊ ㄌㄧˋ ㄓ ㄔˊ	全力支持	19
ㄑㄩㄢˊ ㄆㄧㄢˋ	全片	19
ㄌㄧㄤˇ ㄑㄧㄢ ㄎㄨㄞˋ	兩千塊	19
ㄌㄧㄤˇ ㄒㄧㄥˋ ㄆㄧㄥˊ ㄉㄥˇ ㄐㄧㄠˋ ㄩˋ	兩性平等教育	19
ㄌㄧㄤˇ ㄅㄞˇ ㄎㄨㄞˋ	兩百塊	19
ㄌㄧㄤˇ ㄐㄧˊ	兩集	19
ㄅㄚ ㄊㄞˊ	八台	19
ㄅㄚ ㄐㄧㄝˋ	八屆	19
ㄅㄚ ㄉㄜˊ ㄌㄨˋ	八德路	19
ㄅㄚ ㄅㄨˋ	八部	19
ㄍㄨㄥ ㄇㄧㄣˊ ㄑㄩㄢˊ	公民權	19
ㄌㄧㄡˋ ㄒㄧㄠˇ	六小	19
ㄌㄧㄡˋ ㄒㄧㄠˇ ㄕˊ	六小時	19
ㄌㄧㄡˋ ㄔㄠˊ	六朝	19
ㄌㄧㄡˋ ㄓㄤ	六章	19
ㄌㄧㄡˋ ㄓ	六隻	19
ㄐㄩˋ ㄊㄧˇ ㄏㄨㄚˋ	具體化	19
ㄗㄞˋ ㄏㄨㄣ	再婚	19
ㄗㄞˋ ㄅㄢˇ	再版	19
ㄉㄨㄥ ㄍㄨㄚ	冬瓜	19
ㄧㄝˇ ㄐㄧㄣ	冶金	19
ㄋㄧㄥˊ ㄓㄨㄥˋ	凝重	19
ㄈㄣ ㄑㄧˊ ㄈㄨˋ ㄎㄨㄢˇ	分期付款	19
ㄈㄣ ㄉㄤˋ	分當	19
ㄈㄣ ㄕˊ	分食	19
ㄏㄨㄚˊ ㄅㄨˋ ㄌㄞˊ	划不來	19
ㄌㄧˋ ㄧㄡˋ	利誘	19
ㄘˋ ㄕㄤ	刺傷	19
ㄑㄧㄢˊ ㄓㄠˋ	前兆	19
ㄍㄤ ㄕˋ	剛試	19
ㄕㄥˋ ㄒㄧㄚˋ ㄌㄞˊ	剩下來	19
ㄕㄥˋ ㄉㄜ˙	剩的	19
ㄐㄧㄢˇ ㄔㄥˊ	剪成	19
ㄍㄜ ㄒㄧㄚˋ	割下	19
ㄐㄩˋ ㄓㄠˋ	劇照	19
ㄌㄧㄡˊ ㄒㄧㄠˇ ㄖㄨˊ	劉小如	19
ㄐㄧㄚ ㄉㄨㄟˋ	加對	19
ㄐㄧㄚ ㄧㄡˇ	加有	19
ㄐㄧㄚ ㄆㄞˋ	加派	19
ㄌㄧㄝˋ ㄓˊ	劣質	19
ㄉㄨㄥˋ ㄋㄠˇ ㄐㄧㄣ	動腦筋	19
ㄌㄠˊ ㄌㄨㄣˊ ㄙ	勞倫斯	19
ㄌㄠˊ ㄗ ㄐㄧㄡ ㄈㄣ	勞資糾紛	19
ㄇㄨˋ ㄅㄧㄥ ㄓˋ	募兵制	19
ㄅㄠ ㄕㄤˋ	包上	19
ㄅㄟˇ ㄐㄧㄥ ㄉㄤ ㄐㄩˊ	北京當局	19
ㄅㄟˇ ㄔㄠˊ	北朝	19
ㄅㄟˇ ㄐㄧㄝ	北街	19
ㄒㄧㄚˊ ㄗ˙	匣子	19
ㄈㄟˇ ㄧˊ ㄙㄨㄛˇ ㄙ	匪夷所思	19
ㄈㄟˇ ㄑㄧㄢˇ	匪淺	19
ㄕˊ ㄙㄢ ㄏㄤˊ	十三行	19
ㄕˊ ㄦˋ ㄩㄝˋ ㄈㄣˋ	十二月份	19
ㄕˊ ㄒㄧㄠˇ ㄕˊ	十小時	19
ㄑㄧㄢ ㄌㄧˇ ㄊㄧㄠˊ ㄊㄧㄠˊ	千里迢迢	19
ㄨˇ ㄑㄧㄢˊ	午前	19
ㄨˇ ㄕˊ	午時	19
ㄋㄢˊ ㄈㄤ ㄠˋ	南方澳	19
ㄋㄢˊ ㄏㄨㄟˊ	南迴	19
ㄎㄚˇ ㄙ ㄔㄨˇ	卡斯楚	19
ㄧㄣˋ ㄉㄨˋ ㄧㄤˊ	印度洋	19
ㄧㄣˋ ㄐㄧˋ	印記	19
ㄩㄢˊ ㄖㄣˋ	原任	19
ㄩㄢˊ ㄗˇ ㄏㄜˊ	原子核	19
ㄩㄢˊ ㄨㄣˊ ㄕㄨ	原文書	19
ㄘㄢ ㄅㄢˋ	參半	19
ㄘㄢ ㄩㄢˋ	參院	19
ㄕㄨˊ ㄈㄨˋ	叔父	19
ㄑㄩˇ ㄋㄨㄢˇ	取暖	19
ㄍㄨˇ ㄅㄢˇ	古板	19
ㄓˇ ㄔ	只吃	19
ㄎㄜˇ ㄒㄧㄢ	可先	19
ㄎㄜˇ ㄐㄧㄚ	可加	19
ㄎㄜˇ ㄏㄣˋ	可恨	19
ㄎㄜˇ ㄙㄨㄢˋ	可算	19
ㄊㄞˊ ㄋㄢˊ ㄉㄧˋ ㄈㄤ ㄈㄚˇ ㄩㄢˋ	台南地方法院	19
ㄊㄞˊ ㄨㄢ ㄍㄠ ㄉㄥˇ ㄈㄚˇ ㄩㄢˋ	台灣高等法院	19
ㄧㄡˋ ㄕㄤˋ ㄐㄧㄠˇ	右上角	19
ㄊㄨㄥˊ ㄧㄝˋ ㄍㄨㄥ ㄏㄨㄟˋ	同業公會	19
ㄊㄨㄥˊ ㄓˋ	同治	19
ㄊㄨㄥˊ ㄅㄟˋ	同輩	19
ㄇㄧㄥˊ ㄆㄧㄣˇ	名品	19
ㄊㄨㄣ ㄊㄨˇ	吞吐	19
ㄨˊ ㄧˇ ㄈㄥ	吳乙峰	19
ㄏㄡˇ ㄐㄧㄠˋ	吼叫	19
ㄓㄡ ㄇㄧˋ	周密	19
ㄍㄨ ㄍㄨ	呱呱	19
ㄍㄨㄚ ㄍㄨㄚ	呱呱	19
ㄨㄚ ㄨㄚ	呱呱	19
ㄗㄜˊ ㄕㄜˊ	咋舌	19
ㄏㄜˊ ㄏㄜˊ	和和	19
ㄏㄜˊ ㄞˇ ㄎㄜˇ ㄑㄧㄣ	和藹可親	19
ㄞ ㄩㄢˋ	哀怨	19
ㄏㄚ ㄨㄟˊ	哈維	19
ㄍㄜ ㄉㄜˊ ㄕˋ	哥德式	19
ㄋㄚˇ ㄌㄧˇ ㄉㄜ˙	哪裡的	19
ㄔㄤˋ ㄉㄜ˙	唱得	19
ㄕㄤ ㄑㄧㄥˊ	商情	19
ㄕㄤ ㄧㄝˋ ㄐㄧㄝˋ	商業界	19
ㄕㄤ ㄕㄜˋ	商社	19
ㄕㄢˋ ㄅㄧㄢˋ	善變	19
ㄒㄧㄡˋ ㄔㄨ	嗅出	19
ㄔ ㄓ ㄧˇ ㄅㄧˊ	嗤之以鼻	19
ㄉㄧㄚ	嗲	19
ㄆㄣ ㄈㄚ	噴發	19
ㄆㄣ ㄨˋ	噴霧	19
ㄧㄢˊ ㄔㄤˊ ㄕㄡˋ	嚴長壽	19
ㄓㄨˇ ㄈㄨˋ	囑咐	19
ㄙˋ ㄐㄧㄢˋ	四件	19
ㄙˋ ㄔㄨㄢ ㄕㄥˇ	四川省	19
ㄙˋ ㄓㄤ	四張	19
ㄙˋ ㄓ	四隻	19
ㄏㄨㄟˊ ㄊㄡˊ ㄌㄨˋ	回頭路	19
ㄍㄨㄛˊ ㄒㄧㄥˋ	國姓	19
ㄍㄨㄛˊ ㄨㄟ	國威	19
ㄍㄨㄛˊ ㄓㄞˊ ㄔㄨˋ	國宅處	19
ㄍㄨㄛˊ ㄇㄧㄣˊ ㄕㄥ ㄔㄢˇ	國民生產	19
ㄍㄨㄛˊ ㄏㄨㄚ	國花	19
ㄍㄨㄛˊ ㄇㄠˋ ㄐㄩˊ	國貿局	19
ㄊㄨˊ ㄒㄧㄤˋ	圖象	19
ㄊㄨˇ ㄈㄤ	土方	19
ㄊㄨˇ ㄌㄧˇ	土裡	19
ㄗㄞˋ ㄑㄧㄥˇ	在請	19
ㄉㄧˋ ㄒㄧㄚˋ ㄉㄠˋ	地下道	19
ㄉㄧˋ ㄌㄧˇ ㄒㄩㄝˊ	地理學	19
ㄉㄧˋ ㄆㄧˊ	地皮	19
ㄉㄧˋ ㄇㄧㄢˋ ㄕㄤˋ	地面上	19
ㄅㄢˇ	坂	19
ㄗㄨㄛˋ ㄩㄝˋ ㄗ˙	坐月子	19
ㄓˊ ㄓㄤˇ	執掌	19
ㄓˊ ㄐㄧㄠˋ	執教	19
ㄆㄟˊ ㄒㄩㄣˋ ㄅㄢ	培訓班	19
ㄅㄠˋ ㄔㄨ	報出	19
ㄙㄨˋ ㄗㄠˋ ㄔㄥˊ	塑造成	19
ㄇㄛˋ ㄐㄧㄚ	墨家	19
ㄇㄛˋ ㄦˇ ㄅㄣˇ	墨爾本	19
ㄉㄨㄛ ㄉㄚˇ	多打	19
ㄉㄨㄛ ㄕㄨˋ ㄕˋ	多數是	19
ㄉㄨㄛ ㄌㄨˋ	多氯	19
ㄉㄨㄛ ㄌㄩˋ	多氯	19
ㄉㄨㄛ ㄓㄤˇ	多長	19
ㄉㄨㄛ ㄔㄤˊ	多長	19
ㄉㄚˋ ㄔㄨㄢˋ	大串	19
ㄉㄚˋ ㄢ ㄙㄣ ㄌㄧㄣˊ ㄍㄨㄥ ㄩㄢˊ	大安森林公園	19
ㄉㄚˋ ㄒㄧㄠˇ ㄅㄧㄢˋ	大小便	19
ㄉㄚˋ ㄉㄜˊ	大德	19
ㄉㄚˋ ㄅㄚˇ	大把	19
ㄉㄚˋ ㄕㄨ	大書	19
ㄉㄚˋ ㄑㄧㄥ ㄗㄠˇ	大清早	19
ㄉㄚˋ ㄨㄢˊ	大玩	19
ㄉㄚˋ ㄍㄨˇ	大股	19
ㄉㄚˋ ㄏㄨㄚˊ	大華	19
ㄉㄚˋ ㄈㄥ ㄕㄡ	大豐收	19
ㄉㄚˋ ㄉㄨ ㄕˋ	大都市	19
ㄉㄚˋ ㄒㄩㄝˇ ㄕㄢ	大雪山	19
ㄊㄧㄢ ㄖㄢˊ ㄗ ㄩㄢˊ	天然資源	19
ㄊㄧㄢ ㄔㄤˊ	天長	19
ㄊㄞˋ ㄩㄢˊ	太原	19
ㄕ ㄅㄞˋ ㄓㄜˇ	失敗者	19
ㄑㄧˊ ㄊㄜˋ ㄉㄜ˙	奇特的	19
ㄑㄧˊ ㄩˋ	奇遇	19
ㄈㄥˋ ㄑㄩㄢˋ	奉勸	19
ㄊㄠˋ ㄗㄞˋ	套在	19
ㄠˋ ㄍㄨˇ ㄙ ㄉㄨ	奧古斯都	19
ㄠˋ ㄌㄧㄣˊ ㄆㄧ ㄧㄚˇ	奧林匹亞	19
ㄋㄩˇ ㄒㄧㄠˋ	女校	19
ㄋㄩˇ ㄧㄢˇ ㄩㄢˊ	女演員	19
ㄊㄚ ㄅㄨˊ ㄕˋ	她不是	19
ㄊㄚ ㄔㄨ	她出	19
ㄏㄠˇ ㄉㄚˇ	好打	19
ㄏㄠˇ ㄇㄟˇ	好美	19
ㄇㄧㄠˋ ㄩㄥˋ	妙用	19
ㄩˊ	妤	19
ㄐㄧㄝˇ ㄈㄨ	姊夫	19
ㄧㄠˊ ㄇㄧㄥˊ	姚明	19
ㄨㄟ ㄦˇ ㄙ	威爾斯	19
ㄏㄨㄣ ㄨㄞˋ	婚外	19
ㄇㄟˊ ㄖㄣˊ	媒人	19
ㄧㄥ ㄏㄞˊ	嬰孩	19
ㄗˇ ㄇㄨˋ	子目	19
ㄗˋ ㄊㄧㄠˊ	字條	19
ㄗ ㄗ	孜孜	19
ㄒㄧㄠˋ ㄒㄧㄣ	孝心	19
ㄒㄩㄝˊ ㄕㄨˋ ㄨㄤˇ ㄌㄨˋ	學術網路	19
ㄩˇ ㄓㄡˋ ㄍㄨㄢ	宇宙觀	19
ㄕㄡˇ ㄨㄟˋ	守衛	19
ㄢ ㄈㄣˋ	安分	19
ㄢ ㄩˊ	安於	19
ㄢ ㄒㄧㄤ	安鄉	19
ㄗㄨㄥ ㄑㄧㄣ	宗親	19
ㄉㄧㄥˋ ㄕˇ	定使	19
ㄉㄧㄥˋ ㄒㄧㄤˋ	定向	19
ㄉㄧㄥˋ ㄐㄧㄣ	定金	19
ㄧㄢˋ ㄑㄧㄥˇ	宴請	19
ㄐㄧㄚ ㄊㄧㄥˊ ㄕˋ	家庭式	19
ㄐㄧㄚ ㄈㄚˇ	家法	19
ㄙㄨˋ ㄧㄝˋ	宿業	19
ㄏㄢˊ ㄕㄢ	寒山	19
ㄕˊ ㄅㄧㄥ	實兵	19
ㄕˊ ㄒㄧˊ ㄕㄥ	實習生	19
ㄓㄨㄢ ㄧ	專一	19
ㄒㄩㄣˊ ㄔㄨ	尋出	19
ㄒㄩㄣˊ ㄏㄨㄟˊ	尋回	19
ㄉㄨㄟˋ ㄨㄟˋ	對位	19
ㄒㄧㄠˇ ㄔㄤˊ	小腸	19
ㄒㄧㄠˇ ㄈㄨˋ	小腹	19
ㄕㄠˋ ㄋㄧㄢˊ ㄗㄨˇ	少年組	19
ㄐㄧㄡˋ ㄆㄚˋ	就怕	19
ㄐㄧㄡˋ ㄧㄝˋ ㄈㄨˇ ㄉㄠˇ	就業輔導	19
ㄋㄧˊ ㄎㄜˋ ㄉㄨㄟˋ	尼克隊	19
ㄋㄧㄠˋ ㄋㄧㄠˋ	尿尿	19
ㄐㄩˊ ㄨㄞˋ	局外	19
ㄓㄢˇ ㄕˋ ㄏㄨㄟˋ	展示會	19
ㄊㄨˊ ㄗㄞˇ	屠宰	19
ㄕㄢ ㄅㄣˇ	山本	19
ㄕㄢ ㄑㄩㄢˊ	山泉	19
ㄕㄢ ㄏㄞˇ	山海	19
ㄔㄨㄢ ㄌㄧㄡˊ ㄅㄨˋ ㄒㄧˊ	川流不息	19
ㄍㄨㄥ ㄗㄨㄛˋ ㄊㄨㄢˊ	工作團	19
ㄍㄨㄥ ㄗㄨㄛˋ ㄊㄧㄢ	工作天	19
ㄗㄨㄛˇ ㄆㄧㄝˇ ㄗ˙	左撇子	19
ㄐㄩˋ ㄅㄧㄢˋ	巨變	19
ㄧˇ ㄉㄠˋ	已到	19
ㄅㄚ ㄅㄧˇ	巴比	19
ㄒㄩㄣˋ	巽	19
ㄕˋ ㄓㄢˋ ㄌㄩˋ	市占率	19
ㄕ ㄔㄥˊ	師承	19
ㄕ ㄧㄝˊ	師爺	19
ㄔㄤˊ ㄅㄟˋ ㄅㄧㄥ ㄧˋ	常備兵役	19
ㄔㄤˊ ㄨˋ ㄌㄧˇ ㄕˋ	常務理事	19
ㄔㄨㄤˊ ㄔㄨㄤˊ	幢幢	19
ㄅㄤ ㄅㄤ ㄇㄤˊ	幫幫忙	19
ㄋㄧㄢˊ ㄈㄣˋ	年分	19
ㄋㄧㄢˊ ㄈㄨˋ ㄧ ㄋㄧㄢˊ	年復一年	19
ㄋㄧㄢˊ ㄈㄨˋ ㄧˋ ㄋㄧㄢˊ	年復一年	19
ㄍㄢˋ ㄉㄠˋ	幹道	19
ㄧㄡ ㄕㄣ	幽深	19
ㄧㄡ ㄇㄛˋ ㄉㄜ˙	幽默的	19
ㄅㄧˋ ㄏㄨˋ ㄙㄨㄛˇ	庇護所	19
ㄉㄧˇ ㄌㄧˇ	底裡	19
ㄉㄧㄢˋ ㄆㄨˋ	店舖	19
ㄩˇ	庾	19
ㄈㄟˋ ㄔㄞˊ	廢柴	19
ㄊㄧㄥ ㄊㄤˊ	廳堂	19
ㄧㄢˊ ㄒㄩˋ ㄒㄧㄥˋ	延續性	19
ㄐㄧㄢˋ ㄐㄩㄣ	建軍	19
ㄋㄧㄢˋ ㄕˋ ㄐㄧˋ	廿世紀	19
ㄧㄣˇ ㄖㄢˊ	引燃	19
ㄧㄣˇ ㄉㄠˋ	引道	19
ㄑㄧㄤˊ ㄅㄤˋ	強棒	19
ㄨㄢ ㄨㄢ ㄑㄩ ㄑㄩ	彎彎曲曲	19
ㄧㄥˇ ㄉㄧˋ	影帝	19
ㄨㄤˇ ㄉㄨㄥ	往東	19
ㄌㄩˋ ㄕ ㄕˋ ㄨˋ	律師事務	19
ㄌㄩˋ ㄕ	律詩	19
ㄏㄡˋ ㄈㄣ	後分	19
ㄏㄡˋ ㄍㄨㄥ	後宮	19
ㄏㄡˋ ㄊㄨㄟˇ	後腿	19
ㄊㄨˊ ㄗㄥ	徒增	19
ㄒㄧㄣ ㄨㄛ	心窩	19
ㄅㄧˋ ㄕˋ	必是	19
ㄓㄨㄥ ㄌㄧㄝˋ	忠烈	19
ㄋㄧㄢˋ ㄐㄧㄥ	念經	19
ㄋㄧㄢˋ ㄍㄨㄛˋ	念過	19
ㄈㄣˋ ㄋㄨˋ	忿怒	19
ㄒㄧㄥˋ ㄑㄧˋ ㄍㄨㄢ	性器官	19
ㄔㄨˋ	怵	19
ㄣ ㄞˋ	恩愛	19
ㄏㄨㄟˇ ㄏㄣˋ	悔恨	19
ㄙㄨㄥˇ ㄖㄢˊ	悚然	19
ㄐㄧˋ ㄉㄨㄥˋ	悸動	19
ㄑㄧㄥˊ ㄅㄨˊ ㄗˋ ㄐㄧㄣ	情不自禁	19
ㄑㄧㄥˊ ㄅㄨˋ ㄗˋ ㄐㄧㄣ	情不自禁	19
ㄨㄟˊ ㄎㄨㄥˇ	惟恐	19
ㄜˋ ㄍㄨㄣˋ	惡棍	19
ㄓㄨㄟˋ	惴	19
ㄩˊ ㄖㄣˊ ㄐㄧㄝˊ	愚人節	19
ㄞˋ ㄕㄥ	愛生	19
ㄘㄢˇ ㄅㄨˋ ㄖㄣˇ ㄉㄨˇ	慘不忍睹	19
ㄇㄢˋ ㄙㄨˋ	慢速	19
ㄑㄧㄥˋ ㄍㄨㄥ	慶功	19
ㄑㄧㄥˋ ㄕㄥ ㄏㄨㄟˋ	慶生會	19
ㄒㄧㄢˋ ㄅㄧㄥ ㄉㄨㄟˋ	憲兵隊	19
ㄏㄢˋ ㄕˋ	憾事	19
ㄎㄣˇ ㄑㄧㄥˇ	懇請	19
ㄧㄥˋ ㄕˋ	應試	19
ㄌㄢˇ ㄙㄢˇ	懶散	19
ㄌㄢˇ ㄙㄢˋ	懶散	19
ㄌㄢˇ ㄧㄤˊ ㄧㄤˊ	懶洋洋	19
ㄨㄛˇ ㄍㄢˇ ㄕㄨㄛ	我敢說	19
ㄨㄛˇ ㄐㄩㄣ	我軍	19
ㄐㄧㄝˋ ㄧㄢˊ ㄕˊ ㄑㄧˊ	戒嚴時期	19
ㄐㄧㄝˊ ㄓ	截肢	19
ㄓㄢˋ ㄈㄨˊ	戰俘	19
ㄓㄢˋ ㄈㄢˋ	戰犯	19
ㄓㄢˋ ㄕㄣˊ	戰神	19
ㄈㄤˊ ㄔㄢˇ	房產	19
ㄅㄧㄢˇ ㄑㄩㄝˋ	扁鵲	19
ㄕㄢˋ ㄒㄧㄥˊ	扇形	19
ㄕㄡˇ ㄑㄧㄡˊ	手球	19
ㄘㄞˊ ㄐㄧㄤ	才將	19
ㄉㄚˇ ㄆㄣ ㄊㄧˋ	打噴嚏	19
ㄉㄚˇ ㄕㄨㄟˇ	打水	19
ㄉㄚˇ ㄏㄨㄛˇ ㄐㄧ	打火機	19
ㄉㄚˇ ㄇㄚˋ	打罵	19
ㄋㄧㄡˇ ㄉㄨㄥˋ	扭動	19
ㄓㄠˇ ㄑㄧㄢˊ	找錢	19
ㄓㄨㄚ ㄏㄨㄟˊ ㄌㄞˊ	抓回來	19
ㄓㄜˊ ㄏㄜˊ	折合	19
ㄅㄠˋ ㄧㄡˇ	抱有	19
ㄔㄡ ㄉㄧㄠˋ	抽掉	19
ㄔㄡ ㄕㄨㄟˇ ㄓㄢˋ	抽水站	19
ㄔㄡ ㄙ	抽絲	19
ㄔㄞ ㄒㄧㄚˋ	拆下	19
ㄔㄞ ㄒㄧㄝˋ	拆卸	19
ㄌㄚ ㄔㄜ	拉車	19
ㄍㄨㄞˇ ㄓㄤˋ	拐杖	19
ㄍㄨㄚ ㄏㄠˋ	括號	19
ㄍㄨㄥˇ ㄕㄡˇ	拱手	19
ㄆㄧㄣ ㄉㄜ˙	拼的	19
ㄋㄚˊ ㄒㄧㄚˋ ㄌㄞˊ	拿下來	19
ㄓˇ ㄖˋ ㄎㄜˇ ㄉㄞˋ	指日可待	19
ㄢˋ ㄊㄨˊ ㄙㄨㄛˇ ㄐㄧˋ	按圖索驥	19
ㄊㄧㄠ ㄒㄩㄢˇ ㄔㄨ	挑選出	19
ㄨㄚ ㄉㄠˋ	挖到	19
ㄞ ㄏㄨˋ	挨戶	19
ㄊㄧㄥˇ ㄐㄩˇ	挺舉	19
ㄙㄠˋ ㄅㄚˇ	掃把	19
ㄙㄠˇ ㄏㄨㄤˊ	掃黃	19
ㄌㄨㄣ	掄	6.351308576902391
ㄌㄨㄣˊ	掄	19
ㄆㄞˊ ㄐㄧㄝˇ	排解	19
ㄊㄢˋ ㄊㄡˊ	探頭	19
ㄔㄜˋ	掣	19
ㄐㄧㄝ ㄓㄜ˙ ㄕˋ	接著是	19
ㄊㄨㄟ ㄉㄧㄥˋ	推定	19
ㄊㄨㄟ ㄐㄧㄢˋ ㄍㄟˇ	推薦給	19
ㄊㄧˊ ㄧㄠˋ	提要	19
ㄧㄠˊ ㄧㄠˊ ㄩˋ ㄓㄨㄟˋ	搖搖欲墜	19
ㄕㄢ	搧	19
ㄑㄧㄤˇ ㄊㄢ	搶灘	19
ㄑㄧㄤˇ ㄐㄧㄣˋ	搶進	19
ㄇㄛˊ ㄙ	摩斯	19
ㄇㄛˊ ㄇㄣˊ	摩門	19
ㄔㄥ ㄓㄜ˙	撐著	19
ㄙ ㄒㄧㄚˋ	撕下	19
ㄅㄛ ㄎㄞ	撥開	19
ㄓㄨㄢˋ ㄍㄠˇ	撰稿	19
ㄐㄧˊ ㄅㄧˋ	擊斃	19
ㄐㄧˊ ㄍㄨˇ	擊鼓	19
ㄋㄧㄥˇ	擰	6.351308576902391
ㄋㄧㄥˊ	擰	19
ㄓ ㄌㄧˊ	支離	19
ㄕㄡ ㄐㄧㄚˋ	收假	19
ㄕㄡ ㄐㄧㄣˋ	收進	19
ㄍㄞˇ ㄐㄧㄚˋ	改嫁	19
ㄍㄞˇ ㄏㄨㄢˋ	改換	19
ㄈㄤˋ ㄉㄧㄢˇ	放點	19
ㄇㄧㄣˇ ㄍㄢˇ ㄒㄧㄥˋ	敏感性	19
ㄐㄧㄠˋ ㄐㄩˋ	教具	19
ㄐㄧㄠˋ ㄎㄜ ㄨㄣˊ ㄗㄨˇ ㄓ	教科文組織	19
ㄐㄧㄠ ㄍㄨㄛˋ	教過	19
ㄓㄥˇ ㄆㄧㄢˋ	整片	19
ㄓㄥˇ ㄍㄨㄛˋ	整過	19
ㄕㄨˋ ㄧˇ ㄨㄢˋ ㄐㄧˋ	數以萬計	19
ㄨㄣˊ ㄒㄩㄝˊ ㄒㄧˋ	文學系	19
ㄨㄣˊ ㄒㄧㄢˋ ㄏㄨㄟˋ	文獻會	19
ㄌㄧㄠˋ ㄌㄧㄤˊ	料量	19
ㄒㄧㄣ ㄑㄧˋ ㄒㄧㄤˋ	新氣象	19
ㄒㄧㄣ ㄧㄚˊ	新芽	19
ㄒㄧㄣ ㄊㄡˊ ㄎㄜˊ	新頭殼	19
ㄒㄧㄣ ㄈㄥ ㄇㄠˋ	新風貌	19
ㄈㄤ ㄊㄤˊ	方糖	19
ㄈㄤ ㄓㄣˋ	方陣	19
ㄕ ㄓㄥˋ ㄅㄠˋ ㄍㄠˋ	施政報告	19
ㄑㄧˊ ㄆㄠˊ	旗袍	19
ㄖˋ ㄗ˙ ㄌㄧˇ	日子裡	19
ㄖˋ ㄖˋ ㄔㄨㄣ	日日春	19
ㄕㄥ ㄑㄧˇ	昇起	19
ㄇㄧㄥˊ ㄖˋ ㄓ ㄒㄧㄥ	明日之星	19
ㄇㄧㄥˊ ㄢˋ	明暗	19
ㄇㄧㄥˊ ㄇㄨˋ	明目	19
ㄧˋ ㄓㄨㄢˋ	易傳	19
ㄔㄨㄣ ㄕㄨˋ	春樹	19
ㄕˋ ㄌㄧㄥˋ ㄨㄞˋ ㄧ ㄏㄨㄟˊ ㄕˋ	是另外一回事	19
ㄕˊ ㄉㄧㄢˇ	時點	19
ㄐㄧㄥˇ ㄉㄜˊ	景德	19
ㄢˋ ㄏㄨㄥˊ	暗紅	19
ㄍㄥˋ ㄓˊ	更直	19
ㄕㄨ ㄨ	書屋	19
ㄕㄨ ㄈㄚˇ ㄐㄧㄚ	書法家	19
ㄗㄥ ㄗㄨˇ	曾祖	19
ㄗㄨㄟˋ ㄐㄧㄡˇ ㄉㄜ˙	最久的	19
ㄗㄨㄟˋ ㄑㄧㄢˊ ㄇㄧㄢˋ	最前面	19
ㄩㄝˋ ㄗㄨ ㄈㄟˋ	月租費	19
ㄧㄡˇ ㄌㄧˇ ㄇㄠˋ	有禮貌	19
ㄈㄨˊ ㄨˋ ㄕㄜˋ	服務社	19
ㄇㄨˋ ㄇㄚˊ ㄏㄨㄤˊ	木麻黃	19
ㄨㄟˋ ㄙㄨㄟˋ	未遂	19
ㄅㄣˇ ㄇㄛˋ ㄉㄠˇ ㄓˋ	本末倒置	19
ㄅㄣˇ ㄇㄛˋ ㄉㄠˋ ㄓˋ	本末倒置	19
ㄅㄣˇ ㄕㄥˇ ㄐㄧˊ	本省籍	19
ㄅㄣˇ ㄓㄤ	本章	19
ㄘㄨㄣ ㄕㄤˋ ㄔㄨㄣ ㄕㄨˋ	村上春樹	19
ㄉㄨˋ ㄌㄢˊ ㄉㄨㄛˇ	杜蘭朵	19
ㄉㄨㄥ ㄉㄧˋ ㄕˋ	東帝士	19
ㄉㄨㄥ ㄒㄧ ㄒㄧㄤˋ	東西向	19
ㄌㄧㄣˊ ㄙㄣ	林森	19
ㄌㄧㄣˊ ㄑㄧㄥ ㄒㄧㄚˊ	林青霞	19
ㄍㄨㄛˇ ㄒㄧㄤ	果香	19
ㄎㄨ ㄕㄨㄟˇ ㄑㄧˊ	枯水期	19
ㄖㄢˇ ㄈㄚˇ ㄐㄧˋ	染髮劑	19
ㄖㄡˊ ㄖㄨㄛˋ	柔弱	19
ㄧㄡˋ ㄗ˙	柚子	19
ㄊㄠˊ ㄩㄢˊ	桃猿	19
ㄓㄨㄛ ㄕㄤˋ ㄒㄧㄥˊ	桌上型	19
ㄕㄨ ㄌㄧˇ	梳理	19
ㄍㄞˋ ㄌㄩㄝˋ	概略	19
ㄒㄧㄝˋ	榭	19
ㄏㄨㄞˊ	槐	19
ㄧㄠˋ ㄑㄩㄣˊ	樂群	19
ㄇㄛˊ ㄋㄧˇ ㄎㄠˇ	模擬考	19
ㄕㄨˋ ㄍㄣ	樹根	19
ㄕㄨˋ ㄕㄠ	樹梢	19
ㄐㄧ ㄒㄧㄝˋ ㄒㄧˋ	機械系	19
ㄘˋ ㄨㄣˊ ㄏㄨㄚˋ	次文化	19
ㄘˋ ㄅㄧˇ	次比	19
ㄑㄧ ㄖㄣˊ	欺人	19
ㄑㄧ ㄧㄚ	欺壓	19
ㄓㄥˋ ㄈㄨˋ ㄧˋ ㄓㄤˇ	正副議長	19
ㄓㄥˋ ㄒㄩ	正需	19
ㄓㄥˋ ㄊㄧˇ ㄓㄨㄥ ㄨㄣˊ	正體中文	19
ㄨˇ ㄧˋ	武藝	19
ㄨㄞ ㄒㄧㄝˊ	歪斜	19
ㄍㄨㄟ ㄕㄨˇ ㄩˊ	歸屬於	19
ㄍㄨㄟ ㄌㄨˋ	歸路	19
ㄙˇ ㄒㄧㄥˊ ㄈㄢˋ	死刑犯	19
ㄙˇ ㄉㄧˋ	死地	19
ㄒㄩㄣˋ ㄗㄤˋ	殉葬	19
ㄕㄨ ㄧˋ	殊異	19
ㄩㄣˇ	殞	19
ㄐㄧㄤ ㄕ	殭屍	19
ㄇㄟˇ ㄈㄣ ㄓㄨㄥ	每分鐘	19
ㄇㄟˇ ㄍㄨˇ	每股	19
ㄇㄠˊ ㄌㄧˋ	毛利	19
ㄇㄠˊ ㄆㄧˊ	毛皮	19
ㄑㄧˋ ㄉㄠˋ	氣到	19
ㄑㄧˋ ㄗㄞˋ	氣在	19
ㄑㄧˋ ㄕㄥˋ	氣盛	19
ㄕㄨㄟˇ ㄅㄧㄥ	水兵	19
ㄕㄨㄟˇ ㄊㄚˇ	水塔	19
ㄕㄨㄟˇ ㄓㄨˋ	水柱	19
ㄕㄨㄟˇ ㄅㄛ	水波	19
ㄕㄨㄟˇ ㄆㄛ	水波	19
ㄩㄥˇ ㄒㄩˋ ㄉㄜ˙	永續的	19
ㄑㄧㄡˊ ㄔㄨ	求出	19
ㄨ ㄓㄨㄛˊ	污濁	19
ㄅㄧㄢˋ ㄐㄧㄥ	汴京	19
ㄔㄣˊ ㄇㄣˋ	沉悶	19
ㄔㄣˊ ㄐㄧㄥˋ	沉靜	19
ㄇㄟˊ ㄏㄨㄟˊ	沒回	19
ㄇㄟˊ ㄕˋ	沒試	19
ㄔㄨㄥ ㄐㄧ	沖積	19
ㄔㄨㄥ ㄗㄡˇ	沖走	19
ㄕㄚ ㄌㄚ ㄧㄡˊ	沙拉油	19
ㄕㄚ ㄌㄧㄣˊ	沙林	19
ㄧㄡˊ ㄌㄧㄤˋ	油亮	19
ㄈㄚˇ ㄨㄞˋ	法外	19
ㄈㄚˇ ㄊㄨㄥˇ	法統	19
ㄈㄢˋ ㄑㄧˇ	泛起	19
ㄊㄞˋ ㄖㄢˊ	泰然	19
ㄏㄨㄛˊ ㄈㄛˊ	活佛	19
ㄏㄞˇ ㄆㄧㄥˊ ㄇㄧㄢˋ	海平面	19
ㄒㄧㄠ ㄏㄨㄚˋ ㄉㄠˋ	消化道	19
ㄌㄧㄣˊ ㄩˋ	淋浴	19
ㄏㄨㄣˋ ㄨㄟˊ	混為	19
ㄑㄧㄥ ㄉㄠˋ ㄈㄨ	清道夫	19
ㄧㄡˊ ㄌㄞˊ	游來	19
ㄏㄨˊ ㄅㄟˇ ㄕㄥˇ	湖北省	19
ㄌㄧㄡ ㄏㄨㄚˊ	溜滑	19
ㄕㄣˋ ㄖㄨˋ	滲入	19
ㄇㄢˇ ㄉㄨㄛ ㄉㄜ˙	滿多的	19
ㄌㄡˋ ㄨㄤˇ	漏網	19
ㄌㄨˋ	潞	19
ㄔㄠˊ ㄓㄡ	潮州	19
ㄔㄠˊ ㄒㄧˋ	潮汐	19
ㄐㄧ ㄓㄢˋ	激戰	19
ㄅㄧㄣ ㄏㄞˇ ㄍㄨㄥ ㄌㄨˋ	濱海公路	19
ㄊㄢ ㄕㄤˋ	灘上	19
ㄨㄢ ㄌㄧㄡˊ	灣流	19
ㄏㄨㄛˇ ㄧㄢˋ	火燄	19
ㄏㄨㄛˇ ㄙㄨˋ	火速	19
ㄨㄟˋ ㄌㄧˋ	為利	19
ㄨㄟˊ ㄕ	為師	19
ㄨ ㄌㄚ ㄍㄨㄟ	烏拉圭	19
ㄨㄢˊ	烷	19
ㄨˊ ㄧㄥˇ ㄨˊ ㄗㄨㄥ	無影無蹤	19
ㄨˊ ㄐㄧ	無稽	19
ㄨˊ ㄙㄜˋ	無色	19
ㄨˊ ㄌㄞˋ	無賴	19
ㄨˊ ㄈㄥ	無風	19
ㄏㄨㄢˋ ㄖㄢˊ ㄧ ㄒㄧㄣ	煥然一新	19
ㄈㄢˊ ㄑㄧㄥˇ	煩請	19
ㄓㄨˇ ㄏㄠˇ	煮好	19
ㄖㄜˋ ㄩㄢˊ	熱源	19
ㄖㄜˋ ㄋㄠˋ ㄍㄨㄣˇ ㄍㄨㄣˇ	熱鬧滾滾	19
ㄌㄧㄠˊ	燎	19
ㄌㄧㄠˋ	燎	19
ㄧㄢˋ ㄔㄠˊ	燕巢	19
ㄊㄤˋ ㄕㄡˇ	燙手	19
ㄧㄥˊ ㄐㄧㄢˋ ㄧㄝˋ	營建業	19
ㄧㄥˊ ㄏㄨㄛˇ	營火	19
ㄅㄠˋ ㄌㄧㄝˋ ㄨˋ	爆裂物	19
ㄎㄨㄤˋ	爌	19
ㄧㄠˊ ㄘˊ	爻辭	19
ㄧㄚˊ ㄍㄠ	牙膏	19
ㄧㄚˊ ㄧ ㄕ	牙醫師	19
ㄋㄧㄡˊ ㄌㄧㄥˊ	牛羚	19
ㄌㄠˊ ㄌㄨㄥˊ	牢籠	19
ㄔㄤ ㄎㄨㄤˊ	猖狂	19
ㄇㄥˇ ㄌㄧˋ	猛力	19
ㄘㄞ ㄔㄨ	猜出	19
ㄘㄞ ㄐㄧˋ	猜忌	19
ㄘㄞ ㄇㄧˊ	猜謎	19
ㄏㄨㄛˋ ㄌㄧˋ ㄌㄩˋ	獲利率	19
ㄌㄧㄝˋ ㄏㄨˋ	獵戶	19
ㄨㄤˊ ㄕˋ	王事	19
ㄨㄤˊ ㄈㄨˇ	王府	19
ㄨㄢˊ ㄐㄩˋ ㄉㄧㄢˋ	玩具店	19
ㄨㄢˊ ㄔㄨ	玩出	19
ㄨㄢˊ ㄨˋ	玩物	19
ㄨㄢˊ ㄨㄢˊ ㄎㄢˋ	玩玩看	19
ㄑㄧㄡˊ ㄔㄤˇ ㄕㄤˋ	球場上	19
ㄑㄧㄡˊ ㄓㄨㄤˋ	球狀	19
ㄑㄧㄡˊ ㄆㄧㄥˊ	球評	19
ㄑㄧㄡˊ ㄇㄣˊ	球門	19
ㄑㄧㄣˊ ㄒㄧㄢˊ	琴弦	19
ㄏㄨㄢˊ ㄅㄠˋ	環抱	19
ㄍㄢ ㄊㄧㄢˊ	甘甜	19
ㄕㄣˋ ㄑㄧㄝˇ	甚且	19
ㄕㄥ ㄈㄣˋ	生分	19
ㄕㄥ ㄊㄨˇ	生土	19
ㄕㄥ ㄧˊ	生疑	19
ㄋㄢˊ ㄊㄨㄥˊ ㄓˋ	男同志	19
ㄋㄢˊ ㄓㄨㄤ	男裝	19
ㄌㄧㄡˊ ㄅㄞˊ	留白	19
ㄧˋ ㄨㄟˋ	異味	19
ㄧˋ ㄓㄨㄤˋ	異狀	19
ㄧˋ ㄓˊ	異質	19
ㄉㄤ ㄖㄢˊ ㄗㄞˋ	當然在	19
ㄆㄧˊ ㄩˊ ㄅㄣ ㄇㄧㄥˋ	疲於奔命	19
ㄐㄧˊ ㄎㄨˇ	疾苦	19
ㄅㄧㄥˋ ㄎㄨㄤˋ	病況	19
ㄕㄚ	痧	19
ㄋㄩㄝˋ ㄐㄧˊ	瘧疾	19
ㄉㄥ ㄍㄨㄤˇ ㄍㄠˋ	登廣告	19
ㄈㄚ ㄕˋ	發市	19
ㄈㄚ ㄌㄠˊ ㄙㄠ	發牢騷	19
ㄈㄚ ㄐㄧ	發跡	19
ㄅㄞˊ ㄕㄨㄟˇ	白水	19
ㄅㄞˊ ㄧㄢˇ	白眼	19
ㄅㄞˊ ㄇㄚˇ ㄨㄤˊ ㄗˇ	白馬王子	19
ㄅㄞˇ ㄎㄨㄞˋ ㄑㄧㄢˊ	百塊錢	19
ㄅㄞˇ ㄓㄢˋ	百戰	19
ㄐㄧㄝ ㄉㄚˋ ㄏㄨㄢ ㄒㄧˇ	皆大歡喜	19
ㄆㄧˊ ㄓˊ	皮質	19
ㄧˋ ㄧㄡˇ	益友	19
ㄕㄥˋ ㄕˋ	盛世	19
ㄉㄠˋ ㄌㄟˇ	盜壘	19
ㄇㄥˊ ㄓㄨˇ	盟主	19
ㄐㄧㄢ ㄌㄧˇ ㄔㄨˋ	監理處	19
ㄐㄧㄢ ㄏㄨˋ ㄖㄣˊ	監護人	19
ㄇㄨˋ ㄙㄨㄥˋ	目送	19
ㄒㄧㄤ ㄒㄧㄤˋ	相像	19
ㄒㄧㄤ ㄗㄨㄛˇ	相左	19
ㄒㄧㄤ ㄉㄧˇ	相抵	19
ㄒㄧㄤ ㄨㄤˋ	相望	19
ㄒㄧㄤ ㄑㄧㄣ ㄒㄧㄤ ㄞˋ	相親相愛	19
ㄎㄢˋ ㄒㄧㄚˋ ㄑㄩˋ	看下去	19
ㄓㄣ ㄅㄨˋ ㄕㄠˇ	真不少	19
ㄓㄨㄥˋ ㄩㄢˋ	眾院	19
ㄕㄨㄟˋ ㄉㄠˋ	睡到	19
ㄕㄨㄟˋ ㄑㄧㄢˊ	睡前	19
ㄕㄨㄟˋ ㄇㄟˇ ㄖㄣˊ	睡美人	19
ㄇㄨˋ ㄌㄧㄣˊ	睦鄰	19
ㄓ ㄖㄣˊ	知人	19
ㄓ ㄔˇ	知恥	19
ㄐㄧㄠˇ ㄨㄤˇ	矯枉	19
ㄕˊ ㄐㄧㄝ	石階	19
ㄘˊ ㄉㄧㄝˊ ㄆㄧㄢˋ	磁碟片	19
ㄘˊ ㄍㄨㄟˇ	磁軌	19
ㄇㄛˊ ㄙㄨㄣˇ	磨損	19
ㄇㄛˊ ㄇㄧㄝˋ	磨滅	19
ㄎㄨㄤˋ ㄔㄢˇ	礦產	19
ㄕㄣˊ ㄧ	神醫	19
ㄕㄣˊ ㄌㄨㄥˊ	神龍	19
ㄐㄧㄣˋ ㄓˋ	禁制	19
ㄩˋ ㄏㄢˊ	禦寒	19
ㄔㄢˊ ㄒㄩㄝˊ	禪學	19
ㄒㄧㄡˋ ㄍㄨ ㄌㄨㄢˊ ㄒㄧ	秀姑巒溪	19
ㄎㄜ ㄐㄧˋ	科際	19
ㄧˊ ㄉㄨㄥˋ ㄉㄠˋ	移動到	19
ㄒㄧ ㄏㄢˇ	稀罕	19
ㄒㄧ ㄏㄢˋ	稀罕	19
ㄕㄨㄟˋ ㄑㄧㄢˊ ㄧㄥˊ ㄩˊ	稅前盈餘	19
ㄔㄥˊ ㄕㄜˋ	程設	19
ㄕㄠ ㄨㄟˊ	稍為	19
ㄉㄠˋ ㄒㄧㄤ	稻香	19
ㄐㄧ ㄘㄨㄣˊ	積存	19
ㄎㄨㄥ ㄉㄤˋ	空蕩	19
ㄎㄨㄥ ㄇㄣˊ	空門	19
ㄎㄨㄥ ㄐㄧㄢ ㄍㄢˇ	空間感	19
ㄊㄨˊ ㄈㄟ ㄇㄥˇ ㄐㄧㄣˋ	突飛猛進	19
ㄔㄨㄤ ㄌㄧㄢˊ	窗簾	19
ㄐㄧㄥˋ ㄏㄨㄟˋ	竟會	19
ㄐㄧㄥˋ ㄒㄩㄢˇ ㄏㄨㄛˊ ㄉㄨㄥˋ	競選活動	19
ㄒㄧㄠˋ ㄒㄧ ㄒㄧ	笑嘻嘻	19
ㄉㄧˊ ㄕㄥ	笛聲	19
ㄉㄧˋ ㄦˋ ㄕˊ ㄦˋ	第二十二	19
ㄉㄧˋ ㄦˋ ㄕˊ ㄙˋ	第二十四	19
ㄉㄥˇ ㄏㄨㄟˇ	等會	19
ㄍㄨㄢˇ ㄌㄧˇ ㄑㄩㄢˊ	管理權	19
ㄍㄨㄢˇ ㄒㄧㄢˊ	管絃	19
ㄐㄧㄝˊ ㄩㄝ ㄩㄥˋ ㄕㄨㄟˇ	節約用水	19
ㄐㄧㄢˇ ㄖㄣˋ	簡任	19
ㄐㄧㄢˇ ㄩㄝ	簡約	19
ㄐㄧㄢˇ ㄒㄧˊ ㄐㄧㄝ	簡錫偕	19
ㄌㄨㄛˊ ㄎㄨㄤ	籮筐	19
ㄘㄨ ㄉㄚˋ	粗大	19
ㄘㄨ ㄑㄧㄢˇ	粗淺	19
ㄘㄨ ㄏㄨㄚˋ	粗話	19
ㄐㄧㄡ ㄔㄚˊ	糾察	19
ㄩㄝ ㄔㄥˊ	約成	19
ㄓㄨㄥ ㄑㄧˊ ㄧˋ ㄕㄥ	終其一生	19
ㄐㄩㄝˊ ㄇㄧㄠˋ	絕妙	19
ㄐㄩㄝˊ ㄅㄢˇ	絕版	19
ㄒㄩㄢˋ ㄌㄢˋ	絢爛	19
ㄊㄨㄥˇ ㄧ ㄈㄚ ㄆㄧㄠˋ	統一發票	19
ㄙ ㄏㄠˊ ㄅㄨˊ	絲毫不	19
ㄙ ㄏㄠˊ ㄅㄨˋ	絲毫不	19
ㄌㄧㄢˋ ㄉㄠˋ	練到	19
ㄗㄨㄥˇ ㄔㄤˇ	總廠	19
ㄗㄨㄥˇ ㄊㄨㄥˇ ㄓˋ	總統制	19
ㄌㄨㄛˊ ㄅㄛˊ ㄊㄜˋ	羅伯特	19
ㄌㄨㄛˊ ㄇㄢˋ ㄕˇ	羅曼史	19
ㄌㄨㄛˊ ㄇㄢˋ ㄉㄧˋ ㄎㄜˋ	羅曼蒂克	19
ㄇㄟˇ ㄈㄚˇ	美髮	19
ㄇㄟˇ ㄌㄧˋ ㄉㄠˇ ㄕˋ ㄐㄧㄢˋ	美麗島事件	19
ㄧˋ ㄉㄚˋ ㄌㄧˋ ㄖㄣˊ	義大利人	19
ㄧˋ ㄒㄩㄝˊ	義學	19
ㄧˋ ㄐㄩˇ	義舉	19
ㄈㄢ ㄊㄥˊ	翻騰	19
ㄦˇ ㄏㄨㄢˊ	耳環	19
ㄕㄥˋ ㄢ ㄉㄨㄥ ㄋㄧˊ ㄠˋ	聖安東尼奧	19
ㄕㄥˋ ㄓㄢˋ	聖戰	19
ㄕㄥˋ ㄇㄨˇ ㄇㄚˇ ㄌㄧˋ ㄧㄚˇ	聖母瑪麗亞	19
ㄐㄩˋ ㄗㄞˋ ㄧ ㄑㄧˇ	聚在一起	19
ㄐㄩˋ ㄗㄞˋ ㄧˋ ㄑㄧˇ	聚在一起	19
ㄐㄩˋ ㄐㄧㄥ ㄏㄨㄟˋ ㄕㄣˊ	聚精會神	19
ㄌㄧㄢˊ ㄏㄜˊ ㄗㄨㄛˋ ㄓㄢˋ	聯合作戰	19
ㄈㄟˊ ㄉㄚˋ	肥大	19
ㄅㄟˋ ㄊㄨㄥˋ	背痛	19
ㄅㄟ ㄑㄧˇ	背起	19
ㄅㄟˋ ㄑㄧˇ	背起	19
ㄏㄨˊ ㄌㄨㄛˊ ㄅㄛ	胡蘿蔔	19
ㄏㄨˊ ㄌㄨㄛˊ ㄅㄛ˙	胡蘿蔔	19
ㄏㄨˊ ㄋㄠˋ	胡鬧	19
ㄋㄥˊ ㄇㄧㄢˇ	能免	19
ㄋㄥˊ ㄐㄧㄝˊ	能結	19
ㄊㄨㄛ ㄙㄨˊ	脫俗	19
ㄊㄨㄛ ㄕㄡˇ	脫手	19
ㄊㄨㄛ ㄉㄧㄠˋ	脫掉	19
ㄉㄢˇ ㄍㄢˇ	膽敢	19
ㄔㄣˊ ㄇㄧㄣˊ	臣民	19
ㄌㄧㄣˊ ㄕˊ ㄒㄧㄥˋ	臨時性	19
ㄌㄧㄣˊ ㄐㄧㄝˋ ㄉㄧㄢˇ	臨界點	19
ㄗˋ ㄔㄠˊ	自嘲	19
ㄗˋ ㄉㄜˊ ㄑㄧˊ ㄌㄜˋ	自得其樂	19
ㄗˋ ㄞˋ	自愛	19
ㄗˋ ㄑㄧㄡˊ ㄉㄨㄛ ㄈㄨˊ	自求多福	19
ㄗˋ ㄖㄢˊ ㄓㄨˇ ㄧˋ	自然主義	19
ㄗˋ ㄖㄢˊ ㄕˋ	自然是	19
ㄗˋ ㄔㄢˇ	自產	19
ㄗˋ ㄧㄡˊ ㄐㄧㄥˋ ㄓㄥ	自由競爭	19
ㄗˋ ㄔㄥ ㄨㄟˊ	自稱為	19
ㄗˋ ㄒㄩˇ	自詡	19
ㄐㄩˇ ㄐㄧㄚ	舉家	19
ㄐㄧㄡˋ ㄖˋ	舊日	19
ㄔㄨㄢˊ ㄨˋ	船務	19
ㄐㄧㄢˋ ㄊㄧㄥˇ	艦艇	19
ㄆㄥˊ	芃	19
ㄏㄨㄚ ㄆㄨˇ	花圃	19
ㄏㄨㄚ ㄕㄥ ㄊㄤˊ	花生糖	19
ㄏㄨㄚ ㄐㄧㄝˊ	花結	19
ㄏㄨㄚ ㄋㄧㄠˇ	花鳥	19
ㄈㄤ ㄒㄧㄣ	芳心	19
ㄎㄨˇ ㄙ	苦思	19
ㄔㄚˊ ㄉㄠˋ	茶道	19
ㄖㄨㄥˊ ㄖㄨㄥˊ	茸茸	19
ㄏㄨㄚˊ ㄊㄨㄛˊ	華佗	19
ㄏㄨㄚˋ ㄊㄨㄛˊ	華佗	19
ㄏㄨㄚˊ ㄒㄧㄣ	華新	19
ㄧㄢ ㄧㄝˋ	菸葉	19
ㄌㄞˊ ㄊㄜˋ	萊特	19
ㄨㄢˋ ㄈㄣ ㄓ ㄧ	萬分之一	19
ㄌㄨㄛˋ ㄕㄨㄟˇ	落水	19
ㄌㄨㄛˋ ㄌㄟˋ	落淚	19
ㄏㄨㄣ	葷	19
ㄘㄤ ㄊㄧㄢ	蒼天	19
ㄘㄤ ㄌㄠˇ	蒼老	19
ㄘㄞˋ ㄇㄧㄥˊ ㄌㄧㄤˋ	蔡明亮	19
ㄧㄠˋ ㄩㄥˋ	藥用	19
ㄧㄠˋ ㄘㄠˇ	藥草	19
ㄒㄩ ㄕㄜˋ	虛設	19
ㄊㄤˊ	螳	19
ㄇㄢˊ ㄋㄧㄡˊ	蠻牛	19
ㄒㄧㄝˇ ㄞˊ	血癌	19
ㄒㄧㄝˇ ㄧㄢˊ	血癌	19
ㄒㄧㄝˇ ㄐㄧ	血跡	19
ㄒㄧㄥˊ ㄉㄨㄥˋ ㄅㄨˊ ㄅㄧㄢˋ	行動不便	19
ㄒㄧㄥˊ ㄓㄥˋ ㄑㄩㄢˊ	行政權	19
ㄒㄧㄥˊ ㄓㄥˋ ㄙㄨˋ ㄙㄨㄥˋ	行政訴訟	19
ㄒㄧㄥˊ ㄩㄣˋ	行運	19
ㄒㄧㄥˊ ㄍㄨㄢˇ	行館	19
ㄅㄧㄠˇ ㄌㄧˇ	表裡	19
ㄕㄨㄞ ㄌㄨㄛˋ	衰落	19
ㄅㄟˋ ㄅㄤˇ	被綁	19
ㄈㄨˋ ㄙㄞˋ	複賽	19
ㄈㄨˋ ㄗㄚˊ ㄉㄨˋ	複雜度	19
ㄒㄧㄤ ㄌㄧˇ	襄理	19
ㄒㄧ ㄏㄞˇ ㄢˋ	西海岸	19
ㄒㄧ ㄉㄧㄢˇ	西點	19
ㄐㄧㄢˋ ㄅㄠˋ	見報	19
ㄍㄨㄟ ㄍㄜˊ ㄏㄨㄚˋ	規格化	19
ㄑㄧㄣ ㄅㄧˇ	親筆	19
ㄍㄨㄢ ㄔㄚˊ ㄌㄧˋ	觀察力	19
ㄐㄧㄠˇ ㄓˊ	角質	19
ㄐㄧㄝˇ ㄊㄧˊ	解題	19
ㄉㄧㄥˋ ㄒㄧㄚˋ	訂下	19
ㄉㄧㄥˋ ㄆㄧㄠˋ	訂票	19
ㄐㄧˋ ㄔㄡˊ	計酬	19
ㄒㄩㄣˋ ㄌㄧㄢˋ ㄧㄡˇ ㄙㄨˋ	訓練有素	19
ㄐㄧˋ ㄕㄤˋ	記上	19
ㄒㄩˇ ㄕㄨㄟˇ ㄉㄜˊ	許水德	19
ㄒㄩˇ	詡	19
ㄔㄚˋ ㄧˋ	詫異	19
ㄍㄞ ㄗˋ	該自	19
ㄖㄣˋ ㄊㄨㄥˊ ㄎㄚˇ	認同卡	19
ㄕㄨㄛ ㄕㄤˋ	說上	19
ㄊㄧㄠˊ ㄐㄧㄚˋ	調價	19
ㄒㄧㄝˊ ㄊㄧㄠˊ	諧調	19
ㄧㄢˋ ㄩˇ	諺語	19
ㄒㄧㄝˋ ㄊㄧㄢ	謝天	19
ㄐㄧㄥˇ ㄐㄧㄝˋ	警界	19
ㄐㄧㄥˇ ㄐㄩㄝˊ ㄉㄠˋ	警覺到	19
ㄉㄨˊ ㄌㄞˊ	讀來	19
ㄏㄨㄛˋ ㄓㄣ ㄐㄧㄚˋ ㄕˊ	貨真價實	19
ㄈㄢˋ ㄗ˙	販子	19
ㄊㄢ ㄉㄨˊ	貪瀆	19
ㄗ ㄐㄧㄣ ㄌㄞˊ ㄩㄢˊ	資金來源	19
ㄓˊ ㄌㄧㄠˋ	質料	19
ㄗㄤ ㄔㄜ	贓車	19
ㄕㄜˋ ㄇㄧㄢˇ	赦免	19
ㄑㄧˇ ㄍㄥ	起更	19
ㄑㄧˇ ㄐㄧㄤˋ	起降	19
ㄔㄠ ㄧㄣ ㄙㄨˋ	超音速	19
ㄩㄝˋ ㄌㄞˊ ㄩㄝˋ ㄏㄠˇ	越來越好	19
ㄉㄧㄝˊ ㄉㄧㄝˊ	跌跌	19
ㄌㄨˋ ㄓㄨˊ	路竹	19
ㄌㄨˋ ㄈㄟˋ	路費	19
ㄊㄧㄠˋ ㄒㄧㄚˋ ㄌㄞˊ	跳下來	19
ㄊㄚˋ ㄅㄨˋ	踏步	19
ㄎㄜ	軻	19
ㄑㄧㄥ ㄑㄩˇ	輕取	19
ㄑㄧㄥ ㄕㄨㄞˋ	輕率	19
ㄓㄨㄢˇ ㄓˊ	轉職	19
ㄅㄧㄢˋ ㄕˋ ㄒㄧˋ ㄊㄨㄥˇ	辨識系統	19
ㄒㄩㄣˋ ㄙㄨˋ ㄉㄜ˙	迅速的	19
ㄧㄥˊ ㄕㄤˋ	迎上	19
ㄧㄥˊ ㄖㄣˋ ㄦˊ ㄐㄧㄝˇ	迎刃而解	19
ㄉㄧˊ ㄙ ㄋㄞˋ	迪斯耐	19
ㄏㄨㄟˊ ㄉㄤˋ	迴盪	19
ㄓㄨㄟ ㄐㄧㄚˋ	追價	19
ㄓㄨㄟ ㄙㄨㄛˇ	追索	19
ㄊㄨㄟˋ ㄐㄩ	退居	19
ㄊㄨㄟˋ ㄏㄡˋ	退後	19
ㄊㄡˋ ㄍㄨㄤ	透光	19
ㄊㄨˊ ㄐㄧㄥ	途經	19
ㄓㄜˋ ㄇㄛ˙ ㄧ ㄌㄞˊ	這麼一來	19
ㄓㄜˋ ㄇㄛ˙ ㄧˋ ㄌㄞˊ	這麼一來	19
ㄓㄜˋ ㄇㄜ˙ ㄧ ㄌㄞˊ	這麼一來	19
ㄓㄜˋ ㄇㄜ˙ ㄧˋ ㄌㄞˊ	這麼一來	19
ㄊㄨㄥ ㄌㄧˋ	通力	19
ㄊㄨㄥ ㄐㄧㄢ ㄗㄨㄟˋ	通姦罪	19
ㄊㄨㄥ ㄖㄨㄥˊ	通融	19
ㄗㄠˋ ㄐㄧㄥˇ	造景	19
ㄐㄧㄣˋ ㄘㄢ	進餐	19
ㄍㄨㄛˋ ㄔㄨ	過出	19
ㄍㄨㄛˋ ㄕㄥ ㄏㄨㄛˊ	過生活	19
ㄍㄨㄛˋ ㄇㄣˊ	過門	19
ㄒㄧㄚˊ ㄒㄧㄤˇ	遐想	19
ㄩㄢˇ ㄏㄤˊ	遠航	19
ㄩㄢˇ ㄗㄡˇ	遠走	19
ㄕˋ ㄏㄨㄣ	適婚	19
ㄏㄨㄢˊ ㄑㄧㄢˊ	還錢	19
ㄅㄧㄢ ㄩㄢˊ ㄉㄜ˙	邊緣的	19
ㄋㄚˇ ㄆㄧㄢˋ	那片	19
ㄋㄚˋ ㄆㄧㄢˋ	那片	19
ㄩˋ ㄉㄚˊ ㄈㄨ	郁達夫	19
ㄍㄨㄛ ㄊㄞˊ ㄇㄧㄥˊ	郭台銘	19
ㄒㄧㄤ ㄧㄝˇ	鄉野	19
ㄓㄥˋ ㄨㄣˊ ㄘㄢˋ	鄭文燦	19
ㄒㄧㄥˇ ㄕ	醒獅	19
ㄊㄤˊ ㄌㄟˋ	醣類	19
ㄕˋ ㄐㄧㄚ ㄇㄡˊ ㄋㄧˊ	釋迦牟尼	19
ㄔㄨㄥˊ ㄈㄨˋ ㄕˇ ㄩㄥˋ	重複使用	19
ㄔㄨㄥˊ ㄧㄤˊ	重陽	19
ㄐㄧㄣ ㄐㄧㄤˇ	金獎	19
ㄐㄧㄣ ㄕㄣ	金身	19
ㄐㄧㄣ ㄓㄣ ㄏㄨㄚ	金針花	19
ㄓㄣ ㄧㄝˋ	針葉	19
ㄧㄡˊ	鈾	19
ㄧㄡˋ	鈾	19
ㄊㄨㄥˊ ㄍㄨㄢˇ	銅管	19
ㄑㄩㄢˊ ㄒㄩˋ ㄅㄨˋ	銓敘部	19
ㄐㄧㄣˇ ㄒㄧㄡˋ	錦繡	19
ㄘㄨㄛˋ ㄌㄨㄛˋ	錯落	19
ㄊㄧㄝˇ ㄊㄚˇ	鐵塔	19
ㄔㄤˊ ㄧㄝˋ	長夜	19
ㄎㄞ ㄉㄠˋ ㄔㄜ	開倒車	19
ㄎㄞ ㄑㄩˋ	開去	19
ㄎㄞ ㄉㄢ	開單	19
ㄎㄞ ㄨˋ	開悟	19
ㄎㄞ ㄔㄨㄣ	開春	19
ㄐㄧㄢˋ ㄐㄧㄝ ㄉㄜ˙	間接的	19
ㄨㄟˊ	闈	19
ㄍㄨㄢ ㄋㄟˋ	關內	19
ㄈㄤˊ ㄉㄢˋ ㄧ	防彈衣	19
ㄈㄤˊ ㄕㄣ	防身	19
ㄚ ㄌㄚ ㄅㄛˊ ㄨㄣˊ	阿拉伯文	19
ㄚ ㄗ ㄏㄞˇ ㄇㄛˋ	阿茲海默	19
ㄚˋ ㄗ ㄏㄞˇ ㄇㄛˋ	阿茲海默	19
ㄚ ㄗ ㄏㄞˇ ㄇㄛˋ ㄓㄥˋ	阿茲海默症	19
ㄔㄨˊ ㄕ ㄐㄧ	除濕機	19
ㄙㄨㄟˊ ㄘㄨㄥˊ	隨從	19
ㄙㄨㄟˊ ㄅㄧˇ	隨筆	19
ㄉㄧㄠ ㄙㄨˋ ㄐㄧㄚ	雕塑家	19
ㄕㄨㄤ ㄕˊ ㄐㄧㄝˊ	雙十節	19
ㄐㄧ ㄆㄞˊ	雞排	19
ㄌㄧˊ ㄅㄨˋ ㄌㄧㄠˇ	離不了	19
ㄋㄢˊ ㄇㄧㄢˇ ㄏㄨㄟˋ	難免會	19
ㄉㄧㄢˋ ㄋㄠˇ ㄔㄥˊ ㄕˋ	電腦程式	19
ㄉㄧㄢˋ ㄐㄧㄝˇ ㄓˊ	電解質	19
ㄓㄣˋ ㄊㄧㄢ	震天	19
ㄅㄚˋ ㄓㄢˋ	霸佔	19
ㄑㄧㄥ ㄘˊ	青瓷	19
ㄐㄧㄥˋ ㄍㄨㄛˊ ㄕㄣˊ ㄕㄜˋ	靖國神社	19
ㄇㄧㄢˋ ㄓㄠˋ	面罩	19
ㄏㄢˊ ㄏㄨㄢˊ	韓圜	19
ㄧㄝˋ ㄕㄨˋ	頁數	19
ㄕㄨㄣˋ ㄌㄧˇ ㄔㄥˊ ㄓㄤ	順理成章	19
ㄩˋ ㄍㄠˋ ㄆㄧㄢˋ	預告片	19
ㄩˋ ㄍㄢˇ	預感	19
ㄌㄧㄥˇ ㄐㄧㄠˋ	領教	19
ㄊㄡˊ ㄎㄨㄟ	頭盔	19
ㄊㄧˊ ㄒㄧㄥˊ	題型	19
ㄒㄧㄢˇ ㄖㄢˊ ㄧㄡˇ	顯然有	19
ㄈㄥ ㄩㄝˋ	風月	19
ㄈㄥ ㄗㄨˇ	風阻	19
ㄊㄞˊ ㄈㄥ ㄊㄧㄢ	颱風天	19
ㄆㄧㄠ ㄇㄧㄠˇ	飄渺	19
ㄈㄟ ㄔˊ	飛馳	19
ㄈㄟ ㄕㄨˇ	飛鼠	19
ㄕˊ ㄧㄢˊ	食鹽	19
ㄩˊ ㄒㄧㄚˊ	餘暇	19
ㄙㄡ	餿	19
ㄕㄡˇ ㄒㄩㄢˇ	首選	19
ㄓㄨˋ ㄓㄚˊ	駐紮	19
ㄓㄨˋ ㄗㄚ	駐紮	19
ㄐㄧㄥ ㄊㄧㄢ ㄉㄨㄥˋ ㄉㄧˋ	驚天動地	19
ㄐㄧㄥ ㄙㄨㄥˇ	驚悚	19
ㄐㄧㄥ ㄏㄨㄤˊ	驚惶	19
ㄍㄨˇ ㄓˊ ㄕㄨ ㄙㄨㄥ	骨質疏鬆	19
ㄍㄠ ㄇㄧㄢˊ	高棉	19
ㄍㄠ ㄌㄨˊ	高爐	19
ㄍㄠ ㄐㄧˊ ㄕㄜˋ	高級社	19
ㄍㄠ ㄐㄧㄢˋ	高見	19
ㄍㄠ ㄩㄢˋ	高院	19
ㄙㄨㄥ ㄎㄞ	鬆開	19
ㄏㄨˊ ㄒㄩ	鬍鬚	19
ㄍㄨㄟˇ ㄨ	鬼屋	19
ㄩˊ ㄒㄧㄚ	魚蝦	19
ㄒㄧㄢˇ ㄨㄟˊ ㄖㄣˊ ㄓ	鮮為人知	19
ㄊㄨㄛˊ	鴕	19
ㄜˊ ㄖㄡˋ	鵝肉	19
ㄏㄨㄤˊ ㄇㄟˊ ㄉㄧㄠˋ	黃梅調	19
ㄋㄧㄢˊ ㄓㄨㄛˊ	黏著	19
ㄏㄟ ㄧㄚ ㄧㄚ	黑壓壓	19
ㄏㄟ ㄒㄧㄥ ㄒㄧㄥ	黑猩猩	19
ㄏㄟ ㄇㄠ	黑貓	19
ㄅㄧˊ ㄧㄢ	鼻煙	19
ㄌㄨㄥˊ ㄐㄧㄥˇ	龍井	19
ㄌㄨㄥˊ ㄇㄠ	龍貓	19
ㄍㄨㄟ ㄐㄧㄚˇ	龜甲	19
ㄧ ㄗㄨㄛˋ	一做	18
ㄧˊ ㄗㄨㄛˋ	一做	18
ㄧ ㄅㄚ ㄙㄢ	一八三	18
ㄧ ㄉㄚˋ ㄅㄢˋ	一大半	18
ㄧ ㄆㄧˋ ㄍㄨˇ	一屁股	18
ㄧˊ ㄆㄧˋ ㄍㄨˇ	一屁股	18
ㄧ ㄇㄨˋ ㄇㄨˋ	一幕幕	18
ㄧˊ ㄇㄨˋ ㄇㄨˋ	一幕幕	18
ㄧ ㄊㄨㄟ	一推	18
ㄧˋ ㄊㄨㄟ	一推	18
ㄧ ㄕㄨˋ	一束	18
ㄧˊ ㄕㄨˋ	一束	18
ㄧ ㄉㄨㄢˋ ㄏㄨㄚˋ	一段話	18
ㄧˊ ㄉㄨㄢˋ ㄏㄨㄚˋ	一段話	18
ㄧ ㄆㄠˋ ㄦˊ ㄏㄨㄥˊ	一炮而紅	18
ㄧˊ ㄆㄠˋ ㄦˊ ㄏㄨㄥˊ	一炮而紅	18
ㄧ ㄎㄢˋ ㄉㄠˋ	一看到	18
ㄧˊ ㄎㄢˋ ㄉㄠˋ	一看到	18
ㄧ ㄐㄧㄠˋ	一覺	18
ㄧˊ ㄐㄧㄠˋ	一覺	18
ㄧ ㄐㄧㄤˇ	一講	18
ㄧˋ ㄐㄧㄤˇ	一講	18
ㄧ ㄇㄚˇ	一馬	18
ㄧˋ ㄇㄚˇ	一馬	18
ㄧ ㄉㄤˇ	一黨	18
ㄧˋ ㄉㄤˇ	一黨	18
ㄑㄧ ㄈㄣ ㄓㄨㄥ	七分鐘	18
ㄑㄧ ㄕˊ ㄐㄧˇ	七十幾	18
ㄙㄢ ㄙˋ ㄕˊ	三四十	18
ㄙㄢ ㄍㄥ ㄅㄢˋ ㄧㄝˋ	三更半夜	18
ㄙㄢ ㄐㄧㄥ ㄅㄢˋ ㄧㄝˋ	三更半夜	18
ㄙㄢ ㄩㄝˋ ㄔㄨ	三月初	18
ㄙㄢ ㄐㄧㄠˇ ㄓㄡ	三角洲	18
ㄙㄢ ㄓㄡ ㄋㄧㄢˊ	三週年	18
ㄕㄤˋ ㄌㄧㄝˋ	上列	18
ㄕㄤˋ ㄋㄧㄢˊ	上年	18
ㄕㄤˋ ㄆㄞˊ	上排	18
ㄕㄤˋ ㄆㄧㄢˋ	上片	18
ㄕㄤˋ ㄘㄞˋ	上菜	18
ㄕㄤˋ ㄅㄧㄢˋ	上變	18
ㄒㄧㄚˋ ㄉㄨˋ	下肚	18
ㄒㄧㄚˋ ㄜˋ	下顎	18
ㄅㄨˋ ㄊㄧㄥˊ ㄉㄜ˙	不停的	18
ㄅㄨˊ ㄕㄡˋ ㄏㄨㄢ ㄧㄥˊ	不受歡迎	18
ㄅㄨˋ ㄎㄜˇ ㄎㄞ ㄐㄧㄠ	不可開交	18
ㄅㄨˋ ㄍㄨㄟ ㄌㄨˋ	不歸路	18
ㄅㄨˋ ㄇㄠˊ	不毛	18
ㄅㄨˋ ㄉㄨˊ	不獨	18
ㄅㄨˊ ㄩㄥˋ ㄑㄧㄢˊ	不用錢	18
ㄅㄨˋ ㄐㄧㄥ ㄒㄧㄣ	不經心	18
ㄅㄨˊ ㄧㄠˋ ㄐㄧㄣˇ	不要緊	18
ㄅㄨˊ ㄐㄧㄣˋ	不近	18
ㄅㄨˋ ㄐㄧㄣˋ	不近	18
ㄕˋ ㄍㄨˋ	世故	18
ㄕˋ ㄕㄨㄛ	世說	18
ㄓㄨㄥ ㄕㄨ ㄕㄣˊ ㄐㄧㄥ	中樞神經	18
ㄓㄨㄥ ㄓㄡ	中洲	18
ㄓㄨㄥ ㄐㄧˋ ㄓㄢˋ	中繼站	18
ㄓㄨㄥ ㄉㄠˋ	中道	18
ㄉㄢ ㄑㄧㄥ	丹青	18
ㄓㄨˇ ㄒㄧˊ ㄊㄞˊ	主席台	18
ㄓㄚˋ ㄎㄢˋ ㄓ ㄒㄧㄚˋ	乍看之下	18
ㄈㄚˊ ㄕㄢˋ	乏善	18
ㄈㄚˊ ㄕㄢˋ ㄎㄜˇ ㄔㄣˊ	乏善可陳	18
ㄐㄧㄡˇ ㄌㄨㄥˊ	九龍	18
ㄧㄝˇ ㄒㄩˇ ㄗㄞˋ	也許在	18
ㄍㄢ ㄌㄧㄤˊ	乾糧	18
ㄌㄨㄢˋ ㄌㄞˊ	亂來	18
ㄌㄨㄢˋ ㄕㄨㄛ	亂說	18
ㄕˋ ㄍㄜˊ	事隔	18
ㄦˋ ㄐㄧㄚˇ	二甲	18
ㄩˊ ㄈㄟ	于飛	18
ㄨˇ ㄐㄧㄝˊ	五節	18
ㄨˇ ㄍㄨˇ	五股	18
ㄨˇ ㄐㄧㄠˇ ㄉㄚˋ ㄒㄧㄚˋ	五角大廈	18
ㄨˇ ㄐㄧㄠˇ ㄉㄚˋ ㄕㄚˋ	五角大廈	18
ㄧˋ ㄐㄧㄤ	亦將	18
ㄐㄧㄥ ㄕ	京師	18
ㄖㄣˊ ㄖㄣˊ ㄗˋ ㄨㄟˊ	人人自危	18
ㄖㄣˊ ㄐㄩㄣ	人君	18
ㄖㄣˊ ㄑㄩㄢˊ ㄒㄩㄢ ㄧㄢˊ	人權宣言	18
ㄖㄣˊ ㄧㄢ	人煙	18
ㄉㄞˋ ㄍㄨㄥ ㄔㄤˇ	代工廠	18
ㄧˇ ㄨㄟˊ ㄏㄨㄟˋ	以為會	18
ㄈㄨ	伕	18
ㄕㄣ ㄙㄨㄛ	伸縮	18
ㄉㄢˋ ㄕㄨ	但書	18
ㄉㄧ ㄌㄧㄝˋ	低劣	18
ㄉㄧ ㄧㄚ	低壓	18
ㄉㄧ ㄔㄣˊ	低沈	18
ㄉㄧ ㄨㄚ	低窪	18
ㄓㄨˋ ㄉㄨ ㄐㄩˊ	住都局	18
ㄗㄨㄛˋ ㄅㄠˇ	作保	18
ㄕˇ ㄊㄨˊ	使徒	18
ㄕˋ ㄈㄥˋ	侍奉	18
ㄍㄨㄥ ㄍㄠˇ	供稿	18
ㄧ ㄍㄨㄟ	依歸	18
ㄐㄩˊ ㄒㄧㄢˋ ㄩˊ	侷限於	18
ㄅㄧㄢˋ ㄔㄜ	便車	18
ㄅㄧㄢˋ ㄈㄢˋ	便飯	18
ㄒㄧˋ ㄨㄟˊ	係為	18
ㄅㄠˇ ㄏㄨˋ ㄖㄣˊ	保護人	18
ㄅㄠˇ ㄏㄨˋ ㄙㄜˋ	保護色	18
ㄒㄧㄣˋ ㄊㄧㄠˊ	信條	18
ㄘㄤ ㄏㄨㄤˊ	倉皇	18
ㄉㄠˋ ㄅㄨˊ ㄕˋ	倒不是	18
ㄉㄠˋ ㄅㄨˋ ㄕˋ	倒不是	18
ㄉㄠˇ ㄔㄨ	倒出	18
ㄉㄠˋ ㄌㄧㄡˊ	倒流	18
ㄓˊ ㄑㄧㄣˊ	值勤	18
ㄐㄧㄚˇ ㄧˋ	假意	18
ㄐㄧㄚˇ ㄕㄨㄛ	假說	18
ㄊㄧㄥˊ ㄅㄛ	停播	18
ㄊㄧㄥˊ ㄅㄛˋ	停播	18
ㄓㄣ ㄔㄚˊ ㄐㄧ	偵察機	18
ㄔㄨㄢˊ ㄏㄨㄢˋ	傳喚	18
ㄔㄨㄢˊ ㄖㄢˇ ㄒㄧㄥˋ	傳染性	18
ㄕㄤ ㄕˋ	傷勢	18
ㄑㄧㄠˊ ㄨㄟˇ ㄏㄨㄟˋ	僑委會	18
ㄙㄥ ㄖㄣˊ	僧人	18
ㄒㄧㄢ ㄒㄧㄤˋ	先向	18
ㄒㄧㄢ ㄉㄚˇ	先打	18
ㄒㄧㄢ ㄌㄧㄝˋ	先烈	18
ㄋㄟˋ ㄏㄞˇ	內海	18
ㄋㄟˋ ㄌㄧˇ	內裡	18
ㄑㄩㄢˊ ㄊㄠˋ	全套	18
ㄑㄩㄢˊ ㄧㄡˇ	全有	18
ㄑㄩㄢˊ ㄗˋ ㄉㄨㄥˋ	全自動	18
ㄑㄩㄢˊ ㄐㄩㄣ	全軍	18
ㄌㄧㄤˇ ㄈㄣˋ	兩份	18
ㄌㄧㄤˇ ㄘㄥˊ	兩層	18
ㄌㄧㄤˇ ㄩㄥˋ	兩用	18
ㄌㄧㄤˇ ㄐㄧㄝ	兩階	18
ㄅㄚ ㄅㄢ	八班	18
ㄅㄚ ㄍㄨˇ ㄨㄣˊ	八股文	18
ㄍㄨㄥ ㄍㄨㄛˊ	公國	18
ㄍㄨㄥ ㄨㄣˊ ㄕㄨ	公文書	18
ㄍㄨㄥ ㄇㄧㄣˊ ㄕㄜˋ ㄏㄨㄟˋ	公民社會	18
ㄍㄨㄥ ㄐㄧˋ	公祭	18
ㄍㄨㄥ ㄕㄨˇ	公署	18
ㄌㄧㄡˋ ㄐㄧㄢˋ	六件	18
ㄌㄧㄡˋ ㄍㄨㄛˊ	六國	18
ㄍㄨㄥˋ ㄉㄨˋ	共度	18
ㄍㄨㄥˋ ㄊㄨㄥ ㄉㄧㄢˇ	共通點	18
ㄍㄨㄥˋ ㄐㄧㄣˋ	共進	18
ㄑㄧˊ ㄩˊ ㄉㄜ˙	其餘的	18
ㄅㄧㄥ ㄊㄧㄢ ㄒㄩㄝˇ ㄉㄧˋ	冰天雪地	18
ㄔㄨ ㄕˇ	出使	18
ㄔㄨ ㄖㄨˋ ㄎㄡˇ	出入口	18
ㄔㄨ ㄏㄞˇ ㄎㄡˇ	出海口	18
ㄔㄨ ㄈㄥ ㄊㄡˊ	出風頭	18
ㄔㄨ ㄈㄥ ㄊㄡ˙	出風頭	18
ㄈㄣ ㄅㄨˋ ㄑㄧㄥ	分不清	18
ㄈㄣ ㄕㄨˇ	分屬	18
ㄈㄣ ㄓㄨˋ ㄙㄨㄛˇ	分駐所	18
ㄎㄢ ㄒㄧㄥˊ	刊行	18
ㄅㄧㄝˊ ㄐㄧㄚ	別加	18
ㄅㄧㄝˊ ㄐㄧㄤ	別將	18
ㄅㄧㄝˊ ㄎㄞ ㄕㄥ ㄇㄧㄢˋ	別開生面	18
ㄎㄜˋ ㄒㄧㄥ	剋星	18
ㄑㄧㄢˊ ㄗㄨㄛˋ	前作	18
ㄑㄧㄢˊ ㄒㄧㄥˊ ㄓㄥˋ ㄩㄢˋ ㄓㄤˇ	前行政院長	18
ㄑㄧㄢˊ ㄓㄣˋ ㄑㄩ	前鎮區	18
ㄐㄧㄢˇ ㄔㄨ	剪出	18
ㄍㄜ ㄕㄜˇ	割捨	18
ㄔㄨㄤˋ ㄎㄢ ㄏㄠˋ	創刊號	18
ㄔㄨㄤˋ ㄐㄧㄢˋ	創見	18
ㄏㄨㄚˋ ㄍㄨㄟ	劃歸	18
ㄌㄧˋ ㄉㄨˋ	力度	18
ㄌㄧˋ ㄆㄞˊ	力排	18
ㄐㄧㄚ ㄐㄧㄚ	加加	18
ㄐㄧㄚ ㄧㄚ	加壓	18
ㄐㄧㄚ ㄅㄚˇ	加把	18
ㄐㄧㄚ ㄗㄨㄥˇ	加總	18
ㄓㄨˋ ㄒㄧㄥˋ	助興	18
ㄐㄧㄝˊ ㄐㄧ	劫機	18
ㄐㄧㄣˋ ㄌㄩˇ	勁旅	18
ㄐㄧㄥˋ ㄌㄩˇ	勁旅	18
ㄩㄥˇ ㄇㄥˇ	勇猛	18
ㄉㄨㄥˋ ㄨˋ ㄒㄩㄝˊ	動物學	18
ㄆㄨˊ ㄈㄨˊ	匍匐	18
ㄅㄟˇ ㄕㄢ	北山	18
ㄋㄧˋ ㄐㄧ	匿跡	18
ㄕˊ ㄓㄡ ㄋㄧㄢˊ	十周年	18
ㄕˊ ㄙˋ ㄈㄣ	十四分	18
ㄑㄧㄢ ㄑㄧㄢ ㄨㄢˋ ㄨㄢˋ	千千萬萬	18
ㄑㄧㄢ ㄈㄤ ㄅㄞˇ ㄐㄧˋ	千方百計	18
ㄑㄧㄢ ㄆㄧㄢ ㄧ ㄌㄩˋ	千篇一律	18
ㄑㄧㄢ ㄆㄧㄢ ㄧˊ ㄌㄩˋ	千篇一律	18
ㄑㄧㄢ ㄧㄢˊ	千言	18
ㄕㄥ ㄍㄜˊ ㄨㄟˊ	升格為	18
ㄅㄢˋ ㄐㄧㄚˋ	半價	18
ㄅㄢˋ ㄕㄨㄞ ㄑㄧˊ	半衰期	18
ㄅㄢˋ ㄊㄨˊ ㄦˊ ㄈㄟˋ	半途而廢	18
ㄒㄧㄝˊ ㄧˋ ㄕㄨ	協議書	18
ㄧㄣˋ ㄕㄤˋ	印上	18
ㄩㄢˊ ㄗㄜˊ ㄒㄧㄥˋ	原則性	18
ㄩㄢˊ ㄕˇ ㄌㄧㄣˊ	原始林	18
ㄩㄢˊ ㄔㄨˋ	原處	18
ㄈㄢˇ ㄔㄚ	反差	18
ㄈㄢˇ ㄏㄨㄟˇ	反悔	18
ㄈㄢˇ ㄍㄨㄛˋ ㄌㄞˊ ㄕㄨㄛ	反過來說	18
ㄕㄡˋ ㄩㄣˋ	受孕	18
ㄕㄡˋ ㄐㄧㄣˋ	受盡	18
ㄕㄡˋ ㄆㄧㄣˋ	受聘	18
ㄕㄡˋ ㄆㄧㄥˋ	受聘	18
ㄎㄡˇ ㄅㄞˊ	口白	18
ㄎㄡˇ ㄌㄧㄤˊ	口糧	18
ㄎㄡˇ ㄊㄧˊ ㄧˋ	口蹄疫	18
ㄍㄨˇ ㄇㄨˋ	古墓	18
ㄓˇ ㄆㄚˋ	只怕	18
ㄓˇ ㄑㄧㄡˊ	只求	18
ㄓˇ ㄉㄤ	只當	18
ㄓˇ ㄒㄧㄢˋ ㄩˊ	只限於	18
ㄐㄧㄠˋ ㄏㄢˇ	叫喊	18
ㄎㄜˇ ㄐㄧㄢˋ ㄍㄨㄤ	可見光	18
ㄊㄞˊ ㄍㄨㄥˋ	台共	18
ㄊㄞˊ ㄋㄢˊ ㄖㄣˊ	台南人	18
ㄊㄞˊ ㄢ	台安	18
ㄙ ㄈㄚˇ ㄉㄨˊ ㄌㄧˋ	司法獨立	18
ㄔ ㄌㄞˊ	吃來	18
ㄔ ㄕˊ	吃食	18
ㄏㄜˊ ㄗㄨㄛˋ ㄐㄧㄣ ㄎㄨˋ	合作金庫	18
ㄏㄜˊ ㄓㄨㄥˋ ㄍㄨㄛˊ	合眾國	18
ㄊㄨㄥˊ ㄏㄨㄛˇ	同夥	18
ㄊㄨㄥˊ ㄒㄧㄣ ㄩㄢˊ	同心圓	18
ㄊㄨㄥˊ ㄅㄨˋ ㄉㄜ˙	同步的	18
ㄇㄧㄥˊ ㄓㄨˇ	名主	18
ㄇㄧㄥˊ ㄨㄤˋ	名望	18
ㄊㄨˇ ㄑㄧˋ	吐氣	18
ㄒㄧㄤˋ ㄅㄟˇ	向北	18
ㄒㄧㄤˋ ㄊㄧㄢ	向天	18
ㄒㄧㄤˋ ㄏㄡˋ	向後	18
ㄒㄧ ㄉㄨˊ ㄓㄜˇ	吸毒者	18
ㄍㄠˋ ㄓㄨㄤˋ	告狀	18
ㄍㄠˋ ㄙㄨˋ ㄖㄣˊ	告訴人	18
ㄍㄨ ㄍㄨ	咕咕	18
ㄧ	咿	18
ㄞ ㄏㄠˊ	哀號	18
ㄞ ㄧㄠ	哎喲	18
ㄕㄠˋ ㄗ˙	哨子	18
ㄍㄥˇ ㄧㄝˋ	哽咽	18
ㄕㄤ ㄔㄥˊ	商城	18
ㄕㄤ ㄧㄝˋ ㄙ	商業司	18
ㄕㄤ ㄏㄤˊ	商行	18
ㄨㄣˋ ㄖㄣˊ	問人	18
ㄨㄣˋ ㄌㄨˋ	問路	18
ㄑㄧˇ ㄓˋ ㄅㄢ	啟智班	18
ㄔㄨㄢˇ ㄑㄧˋ	喘氣	18
ㄒㄧˇ ㄑㄧˋ ㄧㄤˊ ㄧㄤˊ	喜氣洋洋	18
ㄙㄤ ㄕˋ	喪事	18
ㄉㄢ ㄩㄝˋ	單月	18
ㄉㄧˊ ㄍㄨ	嘀咕	18
ㄐㄧㄚ ㄑㄧㄥˋ	嘉慶	18
ㄗㄨㄟˇ ㄆㄠˋ	嘴砲	18
ㄌㄧㄠˊ ㄌㄧㄤˋ	嘹亮	18
ㄒㄧㄚˋ ㄆㄠˇ	嚇跑	18
ㄧㄢˊ ㄕㄡˇ	嚴守	18
ㄙˋ ㄐㄧˊ	四級	18
ㄙˋ ㄐㄧㄠˇ	四角	18
ㄙˋ ㄊㄨㄥ	四通	18
ㄏㄨㄟˊ ㄐㄩㄝˊ	回絕	18
ㄧㄣ ㄘㄞˊ	因材	18
ㄏㄨˊ ㄌㄨㄣˊ	囫圇	18
ㄌㄨㄣˊ	圇	18
ㄍㄨㄛˊ ㄐㄧㄚ ㄐㄧ ㄑㄧˋ	國家機器	18
ㄍㄨㄛˊ ㄧㄥˊ ㄏㄨㄟˋ	國營會	18
ㄍㄨㄛˊ ㄐㄧˋ ㄏㄨㄛˋ ㄅㄧˋ ㄐㄧ ㄐㄧㄣ	國際貨幣基金	18
ㄨㄟˊ ㄖㄠˋ ㄓㄜ˙	圍繞著	18
ㄊㄨˇ ㄍㄞˇ	土改	18
ㄗㄞˋ ㄉㄧˋ ㄏㄨㄚˋ	在地化	18
ㄉㄧˋ ㄒㄧㄚˋ ㄑㄧㄢˊ ㄓㄨㄤ	地下錢莊	18
ㄉㄧˋ ㄒㄩㄝˊ	地學	18
ㄉㄧˋ ㄓㄥˋ ㄔㄨˋ	地政處	18
ㄗㄨㄛˋ ㄓㄣˋ	坐鎮	18
ㄔㄨㄟˊ ㄒㄧㄢˊ	垂涎	18
ㄇㄞˊ ㄕㄜˋ	埋設	18
ㄇㄞˊ ㄕㄡˇ	埋首	18
ㄔㄥˊ ㄒㄧㄤ ㄔㄚ ㄐㄩˋ	城鄉差距	18
ㄓˊ ㄇㄧˊ	執迷	18
ㄐㄧ ㄧㄣ ㄍㄨㄥ ㄔㄥˊ	基因工程	18
ㄉㄨㄟ ㄈㄤˋ	堆放	18
ㄎㄢ ㄩㄥˋ	堪用	18
ㄅㄠˋ ㄩㄢˋ	報怨	18
ㄊㄧㄢˊ ㄧㄚ	填鴨	18
ㄐㄧㄥˋ ㄨㄞˋ ㄧˊ ㄖㄨˋ	境外移入	18
ㄈㄣˊ ㄔㄤˇ	墳場	18
ㄓㄨㄤˋ ㄓˋ	壯志	18
ㄨㄞˋ ㄐㄧㄠ ㄍㄨㄢ ㄒㄧˋ	外交關係	18
ㄨㄞˋ ㄓㄞˋ	外債	18
ㄨㄞˋ ㄗㄨˊ	外族	18
ㄉㄨㄛ ㄐㄧㄠ	多交	18
ㄉㄨㄛ ㄐㄧㄝ	多接	18
ㄉㄨㄛ ㄕㄡ	多收	18
ㄉㄨㄛ ㄅㄧˇ	多比	18
ㄉㄨㄛ ㄌㄨˋ ㄌㄧㄢˊ ㄅㄣˇ	多氯聯苯	18
ㄉㄨㄛ ㄌㄩˋ ㄌㄧㄢˊ ㄅㄣˇ	多氯聯苯	18
ㄉㄨㄛ ㄧˊ	多疑	18
ㄧㄝˋ ㄅㄢˋ	夜半	18
ㄧㄝˋ ㄇㄨˋ	夜幕	18
ㄉㄚˋ ㄓㄤˋ ㄈㄨ	大丈夫	18
ㄉㄚˋ ㄍㄨㄥ ㄍㄠˋ ㄔㄥˊ	大功告成	18
ㄉㄚˋ ㄑㄧˋ	大器	18
ㄉㄚˋ ㄓㄤ ㄑㄧˊ ㄍㄨˇ	大張旗鼓	18
ㄉㄚˋ ㄔㄨㄣ	大春	18
ㄉㄚˋ ㄧㄝˋ ㄍㄠ ㄉㄠˇ ㄨ	大葉高島屋	18
ㄊㄧㄢ ㄒㄧㄚˋ ㄗㄚˊ ㄓˋ	天下雜誌	18
ㄊㄧㄢ ㄓㄨˇ ㄊㄤˊ	天主堂	18
ㄊㄧㄢ ㄢ ㄇㄣˊ ㄍㄨㄤˇ ㄔㄤˇ	天安門廣場	18
ㄊㄧㄢ ㄊㄧ	天梯	18
ㄧㄤ ㄊㄨˊ	央圖	18
ㄑㄧˊ ㄒㄧㄥˊ ㄍㄨㄞˋ ㄓㄨㄤˋ	奇形怪狀	18
ㄕㄜ ㄔˇ ㄕㄨㄟˋ	奢侈稅	18
ㄉㄨㄛˊ ㄎㄨㄟˊ	奪魁	18
ㄋㄨˊ ㄧˋ	奴役	18
ㄊㄚ ㄉㄠˋ	她到	18
ㄊㄚ ㄖㄣˋ ㄨㄟˊ	她認為	18
ㄏㄠˇ ㄗㄞˋ	好再	18
ㄏㄠˇ ㄇㄞˇ	好買	18
ㄖㄨˊ ㄕˊ	如實	18
ㄖㄨˊ ㄘˋ	如次	18
ㄨㄟ ㄋㄧˊ ㄙ ㄧㄥˇ ㄓㄢˇ	威尼斯影展	18
ㄆㄛˊ ㄒㄧㄣ	婆心	18
ㄒㄧㄢˊ ㄕㄡˊ	嫻熟	18
ㄗˋ ㄏㄨㄚˋ	字畫	18
ㄢ ㄑㄩㄢˊ ㄗㄨㄛˋ ㄧˇ	安全座椅	18
ㄙㄨㄥˋ ㄍㄨㄛˊ	宋國	18
ㄨㄢˊ ㄕˋ	完事	18
ㄨㄢˊ ㄖㄣˊ	完人	18
ㄉㄧㄥˋ ㄔㄨ ㄌㄞˊ	定出來	18
ㄎㄜˋ ㄓㄢˋ	客棧	18
ㄕˋ ㄨㄣ	室溫	18
ㄐㄧㄚ ㄊㄧㄥˊ ㄐㄧㄠˋ ㄩˋ	家庭教育	18
ㄐㄧㄚ ㄊㄧㄥˊ ㄌㄧˇ	家庭裡	18
ㄐㄧㄚ ㄓㄨㄤ	家莊	18
ㄇㄧˋ ㄦˇ ㄨㄚˇ ㄐㄧ	密爾瓦基	18
ㄕˊ ㄒㄩㄝˊ	實學	18
ㄒㄧㄝˇ ㄉㄧㄢˇ	寫點	18
ㄗㄨㄣ ㄔㄨㄥˊ	尊崇	18
ㄉㄨㄟˋ ㄊㄧㄢ	對天	18
ㄒㄧㄠˇ ㄨㄢˊ ㄗ˙	小丸子	18
ㄒㄧㄠˇ ㄉㄠ	小刀	18
ㄒㄧㄠˇ ㄉㄧㄥ ㄉㄤ	小叮噹	18
ㄒㄧㄠˇ ㄇㄨˇ ㄓˇ	小拇指	18
ㄒㄧㄠˇ ㄕㄨˋ	小數	18
ㄒㄧㄠˇ ㄇㄠˊ	小毛	18
ㄕㄠˋ ㄉㄨㄥ	少東	18
ㄐㄧㄢ ㄕㄚ ㄐㄩˇ	尖沙咀	18
ㄐㄧㄡˋ ㄕˋ	就事	18
ㄨㄟˇ ㄉㄨㄢ	尾端	18
ㄆㄧㄥˊ ㄉㄨㄥ ㄕˋ	屏東市	18
ㄕㄨˇ ㄉㄧˋ	屬地	18
ㄕㄢ ㄌㄨˋ	山麓	18
ㄜˊ ㄇㄟˊ	峨眉	18
ㄓㄡ ㄐㄧˋ	州際	18
ㄗㄨㄛˇ ㄑㄧㄥ	左傾	18
ㄨ ㄕㄢ	巫山	18
ㄨˊ ㄕㄢ	巫山	18
ㄅㄨˋ ㄒㄧㄝˊ	布鞋	18
ㄕ ㄉㄠˋ	師道	18
ㄓㄥˋ	幀	18
ㄆㄧㄥˊ ㄊㄧㄢ	平添	18
ㄆㄧㄥˊ ㄑㄧˇ	平起	18
ㄋㄧㄢˊ ㄩㄝˋ	年月	18
ㄧㄡˋ ㄕ	幼獅	18
ㄐㄧˇ ㄒㄧㄚˋ	幾下	18
ㄐㄧˇ ㄅㄟˋ	幾倍	18
ㄍㄨㄤˇ ㄍㄠˋ ㄍㄨㄥ ㄙ	廣告公司	18
ㄍㄨㄤˇ ㄍㄠˋ ㄆㄧㄢˋ	廣告片	18
ㄧㄢˊ ㄒㄩˋ ㄉㄠˋ	延續到	18
ㄐㄧㄢˋ ㄕㄜˋ ㄔㄥˊ	建設成	18
ㄋㄨㄥˋ ㄔㄨ ㄌㄞˊ	弄出來	18
ㄋㄨㄥˋ ㄑㄧㄥ ㄔㄨˇ	弄清楚	18
ㄧㄣˇ ㄖㄣˊ ㄓㄨˋ ㄧˋ	引人注意	18
ㄧㄣˇ ㄨㄟˊ	引為	18
ㄏㄨˊ ㄒㄧㄥˊ	弧形	18
ㄓㄤ ㄒㄩㄝˊ ㄧㄡˇ	張學友	18
ㄓㄤ ㄒㄩㄝˊ ㄌㄧㄤˊ	張學良	18
ㄓㄤ ㄈㄟ	張飛	18
ㄨㄢ ㄒㄧㄚˋ	彎下	18
ㄒㄧㄥˊ ㄓˋ	形制	18
ㄅㄧˇ ㄘˇ ㄐㄧㄢ	彼此間	18
ㄓㄥ ㄓㄢˋ	征戰	18
ㄏㄡˋ ㄔㄣˊ	後塵	18
ㄏㄡˋ ㄗㄡˇ	後走	18
ㄏㄡˋ ㄅㄟˋ	後輩	18
ㄊㄨˊ ㄌㄠˊ	徒勞	18
ㄉㄜˊ ㄕˊ	得時	18
ㄘㄨㄥˊ ㄕㄤ	從商	18
ㄘㄨㄥˊ ㄑㄩㄝ	從缺	18
ㄘㄨㄥˊ ㄊㄡˊ ㄎㄞ ㄕˇ	從頭開始	18
ㄈㄨˋ ㄩㄢˊ	復元	18
ㄨㄟˊ ㄔㄨˇ ㄌㄧˇ ㄑㄧˋ	微處理器	18
ㄨㄟˊ ㄍㄨㄢ	微觀	18
ㄉㄜˊ ㄓㄥˋ	德政	18
ㄒㄧㄣ ㄉㄧˇ	心底	18
ㄒㄧㄣ ㄅㄧㄥˋ	心病	18
ㄒㄧㄣ ㄐㄧㄠˇ ㄊㄨㄥˋ	心絞痛	18
ㄖㄣˇ ㄓㄜˇ	忍者	18
ㄊㄢˇ ㄊㄜˋ	忐忑	18
ㄊㄜˋ	忑	18
ㄓˋ ㄕˋ	志士	18
ㄇㄤˊ ㄌㄨㄢˋ	忙亂	18
ㄓㄨㄥ ㄏㄡˋ	忠厚	18
ㄋㄧㄢˋ ㄔㄥˊ	念成	18
ㄗㄜˇ ㄇㄛ˙ ㄓㄜ˙	怎麼著	18
ㄗㄜˇ ㄇㄜ˙ ㄓㄜ˙	怎麼著	18
ㄗㄣˇ ㄇㄛ˙ ㄓㄜ˙	怎麼著	18
ㄗㄣˇ ㄇㄜ˙ ㄓㄜ˙	怎麼著	18
ㄙ ㄨㄟˊ	思惟	18
ㄒㄧㄥˋ ㄅㄧㄝˊ ㄐㄧㄠˋ ㄩˋ	性別教育	18
ㄒㄧㄥˋ ㄕㄥ ㄏㄨㄛˊ	性生活	18
ㄔˇ ㄒㄧㄠˋ	恥笑	18
ㄒㄧ ㄕㄨˇ	悉數	18
ㄒㄧ ㄕㄨˋ	悉數	18
ㄑㄧㄥˊ ㄅㄧㄢˋ	情變	18
ㄑㄧㄥˊ ㄌㄤˊ	情郎	18
ㄜˋ ㄕˋ ㄌㄧˋ	惡勢力	18
ㄉㄧㄢˋ	惦	18
ㄒㄧㄤˇ ㄅㄨˋ ㄑㄧˇ ㄌㄞˊ	想不起來	18
ㄖㄜˇ ㄔㄨ	惹出	18
ㄞˋ ㄉㄞˋ	愛戴	18
ㄞˋ ㄒㄧㄢˋ	愛現	18
ㄍㄢˇ ㄓㄠˋ	感召	18
ㄙㄨˋ	愫	18
ㄒㄧㄢˋ ㄍㄞˇ	憲改	18
ㄔㄥˊ ㄋㄧㄢˊ ㄌㄧˇ	成年禮	18
ㄐㄧㄝˋ ㄐㄧˊ ㄩㄥˋ ㄖㄣˇ	戒急用忍	18
ㄒㄧˋ ㄊㄞˊ	戲台	18
ㄈㄤˊ ㄔㄜ	房車	18
ㄏㄨˋ	扈	18
ㄕㄡˇ ㄉㄠˋ	手到	18
ㄕㄡˇ ㄅㄧㄠˇ	手表	18
ㄕㄡˇ ㄗㄨˊ ㄨˊ ㄘㄨㄛˋ	手足無措	18
ㄘㄞˊ ㄕㄤˋ	才上	18
ㄘㄞˊ ㄋㄩˇ	才女	18
ㄘㄞˊ ㄩㄥˋ	才用	18
ㄘㄞˊ ㄇㄞˇ	才買	18
ㄉㄚˇ ㄊㄧㄢ ㄒㄧㄚˋ	打天下	18
ㄉㄚˇ ㄩˊ	打魚	18
ㄔㄥˊ ㄒㄧㄠ ㄖㄣˊ	承銷人	18
ㄅㄚˇ ㄊㄡˊ	把頭	18
ㄅㄚˇ ㄊㄡ˙	把頭	18
ㄓㄨㄚ ㄑㄧˇ ㄌㄞˊ	抓起來	18
ㄊㄞˊ ㄔㄨ	抬出	18
ㄇㄛˇ ㄅㄨˋ	抹布	18
ㄔㄞ ㄈㄥ	拆封	18
ㄌㄚ ㄌㄜ˙	拉了	18
ㄌㄚ ㄅㄚ ㄊㄜˋ	拉巴特	18
ㄅㄚˊ ㄊㄨㄟˇ	拔腿	18
ㄓㄠ ㄖㄜˇ	招惹	18
ㄅㄞˋ ㄌㄨㄣˊ	拜倫	18
ㄍㄨㄥˇ ㄇㄣˊ	拱門	18
ㄔˊ ㄓㄥˋ	持正	18
ㄓˇ ㄓˇ ㄉㄧㄢˇ ㄉㄧㄢˇ	指指點點	18
ㄓˇ ㄓㄥˋ	指證	18
ㄢˋ ㄓㄨˋ	按住	18
ㄊㄧㄠˇ ㄉㄥ	挑燈	18
ㄨㄚ ㄊㄨˇ ㄐㄧ	挖土機	18
ㄞ ㄉㄚˇ	挨打	18
ㄨㄢˇ ㄌㄧㄡˊ	挽留	18
ㄆㄥˇ ㄓㄜ˙	捧著	18
ㄆㄞˊ ㄔㄤˇ	排場	18
ㄘㄞˇ ㄉㄜ˙	採的	18
ㄐㄧㄝ ㄒㄧㄚˋ ㄑㄩˋ	接下去	18
ㄐㄧㄝ ㄧㄥˋ	接應	18
ㄎㄨㄥˋ ㄓˋ ㄌㄧˋ	控制力	18
ㄊㄨㄟ ㄊㄨㄛ	推託	18
ㄊㄧˊ ㄕㄥ ㄨㄟˊ	提升為	18
ㄊㄧˊ ㄌㄧㄥˇ	提領	18
ㄔㄚ ㄗㄞˋ	插在	18
ㄧㄤˊ ㄓㄡ	揚州	18
ㄏㄨㄟ ㄉㄨㄥˋ	揮動	18
ㄏㄨㄟ ㄏㄢˋ	揮汗	18
ㄙㄨㄣˇ ㄏㄠˋ	損耗	18
ㄍㄠˇ ㄑㄧˇ	搞起	18
ㄕㄨㄞ ㄐㄧㄠˇ	摔角	18
ㄋㄧㄝˋ	摰	18
ㄇㄛ ㄩˊ	摸魚	18
ㄓㄜˊ ㄉㄧㄝˊ	摺疊	18
ㄔㄜˋ ㄗ	撤資	18
ㄈㄨˇ ㄒㄩˋ ㄐㄧㄣ	撫卹金	18
ㄈㄨˇ ㄆㄧㄥˊ	撫平	18
ㄈㄨˇ ㄩˋ	撫育	18
ㄑㄧㄠ	撬	18
ㄑㄧㄠˋ	撬	6.351308576902391
ㄆㄨ ㄕㄨㄛˋ	撲朔	18
ㄆㄨ ㄅㄧˊ	撲鼻	18
ㄐㄧˊ ㄑㄧㄡˊ	擊球	18
ㄘㄠ ㄆㄢˊ	操盤	18
ㄑㄧㄥˊ ㄊㄧㄢ	擎天	18
ㄉㄢ ㄈㄨˋ ㄑㄧˇ	擔負起	18
ㄐㄧˇ ㄉㄧㄠˋ	擠掉	18
ㄅㄞˇ ㄕˋ	擺飾	18
ㄖㄠˇ ㄉㄨㄥˋ	擾動	18
ㄔㄢ	攙	18
ㄓ ㄌㄧˊ ㄆㄛˋ ㄙㄨㄟˋ	支離破碎	18
ㄕㄡ ㄒㄧㄚˋ	收下	18
ㄕㄡ ㄗㄞˋ	收在	18
ㄍㄞˇ ㄆㄢˋ	改判	18
ㄍㄞˇ ㄍㄜˊ ㄆㄞˋ	改革派	18
ㄅㄞˋ ㄓㄢˋ	敗戰	18
ㄐㄧㄠˋ ㄍㄞˇ ㄏㄨㄟˋ	教改會	18
ㄐㄧㄠˋ ㄏㄨㄤˊ	教皇	18
ㄍㄢˇ ㄅㄨˋ ㄍㄢˇ	敢不敢	18
ㄐㄧㄥˋ ㄦˊ ㄩㄢˋ ㄓ	敬而遠之	18
ㄓㄥˇ ㄉㄠˋ	整到	18
ㄓㄥˇ ㄌㄧˇ ㄔㄨ ㄌㄞˊ	整理出來	18
ㄕㄨˋ ㄑㄧㄢ ㄨㄢˋ	數千萬	18
ㄨㄣˊ ㄗㄜˊ	文則	18
ㄈㄟˇ ㄖㄢˊ	斐然	18
ㄓㄢˇ ㄉㄧㄥ ㄐㄧㄝˊ ㄊㄧㄝˇ	斬釘截鐵	18
ㄙ ㄉㄜˊ ㄍㄜ ㄦˇ ㄇㄛˊ	斯德哥爾摩	18
ㄒㄧㄣ ㄑㄧˋ ㄐㄧ	新契機	18
ㄒㄧㄣ ㄍㄨㄥ ㄗㄨㄛˋ	新工作	18
ㄒㄧㄣ ㄉㄧㄢˋ ㄒㄧ	新店溪	18
ㄒㄧㄣ ㄈㄤˊ	新房	18
ㄒㄧㄣ ㄈㄚ ㄇㄧㄥˊ	新發明	18
ㄈㄤ ㄍㄜˊ	方格	18
ㄗㄨˊ ㄑㄩㄣˊ ㄖㄨㄥˊ ㄏㄜˊ	族群融合	18
ㄐㄧˋ ㄘㄨㄣˊ	既存	18
ㄐㄧˋ ㄋㄥˊ	既能	18
ㄖˋ ㄕㄞˋ	日曬	18
ㄗㄠˇ ㄘㄢ ㄉㄧㄢˋ	早餐店	18
ㄇㄧㄥˊ ㄨㄤˊ	明王	18
ㄇㄧㄥˊ ㄕˋ	明示	18
ㄒㄧㄥ ㄩㄝˋ	星月	18
ㄔㄣˊ ㄐㄧㄢ	晨間	18
ㄐㄧㄥˇ ㄉㄜˊ ㄓㄣˋ	景德鎮	18
ㄐㄧㄥˇ ㄓˋ	景緻	18
ㄓˋ ㄕˋ	智識	18
ㄅㄠˋ ㄇㄧㄣˊ	暴民	18
ㄍㄥ ㄊㄧˋ	更替	18
ㄕㄨ ㄉㄢ	書單	18
ㄕㄨ ㄏㄡˋ	書後	18
ㄕㄨ ㄇㄧㄢˋ ㄗ ㄌㄧㄠˋ	書面資料	18
ㄇㄢˋ ㄉㄜˊ ㄌㄚ	曼德拉	18
ㄗㄨㄟˋ ㄏㄨㄞˋ	最壞	18
ㄏㄨㄟˋ ㄎㄜˋ	會客	18
ㄏㄨㄟˋ ㄐㄧˊ	會集	18
ㄩㄝˋ ㄕˊ	月蝕	18
ㄧㄡˇ ㄉㄜˊ	有德	18
ㄧㄡˇ ㄏㄥˊ	有恆	18
ㄧㄡˇ ㄒㄧㄠˋ ㄑㄧˊ	有效期	18
ㄧㄡˇ ㄨㄤˋ	有望	18
ㄨㄤˋ ㄦˊ	望而	18
ㄇㄨˋ ㄇㄧㄢˊ	木棉	18
ㄅㄣˇ ㄊㄧㄢˊ	本田	18
ㄅㄣˇ ㄉㄤ	本當	18
ㄅㄣˇ ㄔㄨˋ	本處	18
ㄆㄨˊ ㄗˇ	朴子	18
ㄌㄧˇ ㄧㄥ ㄞˋ	李英愛	18
ㄉㄨㄥ ㄐㄧㄣˋ	東晉	18
ㄉㄨㄥ ㄍㄤˇ ㄒㄧ	東港溪	18
ㄙㄨㄥ ㄐㄧㄤ	松江	18
ㄒㄧ ㄔㄨ	析出	18
ㄌㄧㄣˊ ㄌㄧㄣˊ ㄗㄨㄥˇ ㄗㄨㄥˇ	林林總總	18
ㄍㄨㄞˇ	枴	18
ㄔㄚˊ ㄉㄨㄟˋ	查對	18
ㄒㄧㄠˋ ㄩˋ	校譽	18
ㄇㄧㄢˊ ㄓˇ	棉紙	18
ㄇㄧㄢˊ ㄏㄨㄚ ㄊㄤˊ	棉花糖	18
ㄑㄧˊ ㄙㄞˋ	棋賽	18
ㄙㄣ ㄧㄢˊ	森嚴	18
ㄧˇ ㄅㄟˋ	椅背	18
ㄧㄝˊ ㄗ˙ ㄕㄨˋ	椰子樹	18
ㄈㄥ ㄍㄤˇ	楓港	18
ㄧㄝˋ ㄅㄠˋ	業報	18
ㄕㄨㄣˇ	楯	18
ㄐㄧˊ ㄉㄧ	極低	18
ㄌㄧㄡˊ ㄌㄧㄢˊ	榴槤	18
ㄌㄧㄢˊ	槤	18
ㄌㄜˋ ㄗㄞˋ ㄑㄧˊ ㄓㄨㄥ	樂在其中	18
ㄅㄧㄠ ㄓㄨㄣˇ ㄨˇ	標準舞	18
ㄍㄢˇ ㄌㄢˇ ㄧㄡˊ	橄欖油	18
ㄏㄥˊ ㄩㄝˋ	橫越	18
ㄏㄨㄢ ㄒㄧㄣ	歡心	18
ㄓˇ ㄓㄨˋ	止住	18
ㄓˇ ㄉㄧㄝˊ	止跌	18
ㄓㄥˋ ㄒㄩ ㄧㄠˋ	正需要	18
ㄓㄥˋ ㄉㄧㄢˇ	正點	18
ㄘˇ ㄆㄧㄢ	此篇	18
ㄅㄨˋ ㄑㄧㄤ	步槍	18
ㄙㄨㄟˋ ㄐㄧˋ	歲計	18
ㄍㄨㄟ ㄖㄨˋ	歸入	18
ㄙˇ ㄇㄧㄥˋ	死命	18
ㄙˇ ㄑㄧㄡˊ	死囚	18
ㄘㄢˊ ㄏㄞˋ	殘害	18
ㄘㄢˊ ㄓㄤˋ ㄖㄣˊ ㄕˋ	殘障人士	18
ㄕㄚ ㄊㄡˊ	殺頭	18
ㄇㄨˇ ㄍㄨㄥ ㄙ	母公司	18
ㄇㄟˇ ㄊㄨㄥˇ	每桶	18
ㄅㄧˇ ㄑㄧㄡ	比丘	18
ㄅㄧˇ ㄉㄜˊ ㄕㄤˋ	比得上	18
ㄇㄧㄣˊ ㄈㄤˊ	民房	18
ㄑㄧˋ ㄅㄠˋ	氣爆	18
ㄑㄧˋ ㄍㄨㄢˇ ㄧㄢˊ	氣管炎	18
ㄕㄨㄟˇ ㄗㄨˊ ㄍㄨㄢˇ	水族館	18
ㄕㄨㄟˇ ㄇㄨˇ	水母	18
ㄕㄨㄟˇ ㄕㄥ ㄓˊ ㄨˋ	水生植物	18
ㄕㄨㄟˇ ㄏㄨㄚ	水花	18
ㄕㄨㄟˇ ㄧㄚ	水鴨	18
ㄑㄧㄡˊ ㄑㄧㄥˊ	求情	18
ㄑㄧㄡˊ ㄞˋ	求愛	18
ㄑㄧㄡˊ ㄕㄣˊ	求神	18
ㄑㄧㄡˊ ㄔㄨˇ	求處	18
ㄐㄩㄝˊ ㄕㄥˋ ㄈㄨˋ	決勝負	18
ㄐㄩㄝˊ ㄐㄧˋ	決計	18
ㄧˊ	沂	18
ㄇㄟˊ ㄐㄧㄡˋ	沒救	18
ㄊㄚˋ	沓	18
ㄔㄨㄥ ㄊㄧㄢ ㄆㄠˋ	沖天炮	18
ㄕㄚ ㄔㄚˊ	沙茶	18
ㄧㄡˊ ㄘㄞˇ	油彩	18
ㄧㄡˊ ㄉㄥ	油燈	18
ㄍㄨ	沽	18
ㄈㄚˇ ㄌㄧˋ	法力	18
ㄈㄚˇ ㄑㄧˋ	法器	18
ㄈㄚˇ ㄉㄨˋ	法度	18
ㄈㄚˇ ㄨㄤˇ	法網	18
ㄆㄠˋ ㄉㄜ˙	泡的	18
ㄋㄧˊ ㄓㄠˇ	泥沼	18
ㄆㄢˋ	泮	18
ㄊㄞˋ ㄨˋ ㄕˋ ㄏㄜˊ	泰晤士河	18
ㄧㄤˊ ㄏㄤˊ	洋行	18
ㄒㄧˇ ㄕㄨㄚ	洗刷	18
ㄌㄨㄛˋ ㄧㄤˊ	洛陽	18
ㄒㄧㄝˋ ㄑㄧˋ	洩氣	18
ㄏㄨㄛˊ ㄑㄧˇ	活起	18
ㄏㄞˇ ㄍㄡ	海溝	18
ㄏㄞˇ ㄆㄣˊ	海盆	18
ㄏㄞˇ ㄇㄧㄢˊ ㄓㄨㄤˋ	海綿狀	18
ㄏㄞˇ ㄒㄧㄤˋ	海象	18
ㄐㄧㄚˊ	浹	18
ㄒㄧㄠ ㄙㄢˋ	消散	18
ㄒㄧㄠ ㄐㄧˊ ㄉㄜ˙	消極的	18
ㄒㄧㄠ ㄗㄞ	消災	18
ㄒㄧㄠ ㄧㄢˊ	消炎	18
ㄒㄧㄠ ㄈㄤˊ ㄕㄨㄢ	消防栓	18
ㄧˋ ㄐㄧㄥ ㄒㄧㄢˇ ㄕˋ ㄑㄧˋ	液晶顯示器	18
ㄧㄝˋ ㄐㄧㄥ ㄒㄧㄢˇ ㄕˋ ㄑㄧˋ	液晶顯示器	18
ㄌㄧㄣˊ ㄅㄚ ㄒㄧㄢˋ	淋巴腺	18
ㄕㄣ ㄍㄨˇ	深谷	18
ㄩㄢ ㄅㄛˊ	淵博	18
ㄏㄨㄣˋ ㄖㄨˋ	混入	18
ㄑㄧㄥ ㄔㄤˇ	清場	18
ㄑㄧㄥ ㄈㄨˊ	清福	18
ㄘㄡˋ ㄔㄨ	湊出	18
ㄏㄨˊ ㄖㄣˊ ㄉㄨㄟˋ	湖人隊	18
ㄧˋ ㄐㄧㄚˋ	溢價	18
ㄨㄣ ㄑㄩㄢˊ ㄑㄩ	溫泉區	18
ㄙㄨˋ ㄩㄢˊ	溯源	18
ㄋㄧˋ ㄅㄧˋ	溺斃	18
ㄆㄤ ㄊㄨㄛˊ	滂沱	18
ㄉㄧㄢ	滇	18
ㄍㄨㄣˇ ㄉㄧˋ	滾地	18
ㄇㄢˇ ㄕㄢ	滿山	18
ㄩˊ ㄔㄤˇ	漁場	18
ㄇㄛˋ ㄅㄨˋ ㄍㄨㄢ ㄒㄧㄣ	漠不關心	18
ㄑㄧㄢˊ ㄊㄧㄥˇ	潛艇	18
ㄐㄧ ㄋㄨˋ	激怒	18
ㄋㄨㄥˊ ㄨˋ	濃霧	18
ㄓㄨㄛˊ	濯	18
ㄌㄩˋ ㄓˇ	濾紙	18
ㄏㄨㄛˇ ㄇㄠˋ ㄙㄢ ㄓㄤˋ	火冒三丈	18
ㄏㄨㄛˇ ㄇㄧㄠˊ	火苗	18
ㄏㄨㄟ ㄏㄟ	灰黑	18
ㄓㄨㄛˊ ㄕㄤ	灼傷	18
ㄨㄟˊ ㄙㄨㄛˇ ㄩˋ ㄨㄟˊ	為所欲為	18
ㄨ ㄗㄟˊ	烏賊	18
ㄏㄨㄥ ㄊㄨㄛ	烘托	18
ㄨˊ ㄧˋ ㄓㄨㄥ	無意中	18
ㄨˊ ㄔㄥˊ	無成	18
ㄨˊ ㄓˇ ㄐㄧㄣˋ	無止盡	18
ㄨˊ ㄓㄠˋ	無照	18
ㄨˊ ㄨㄟˋ	無畏	18
ㄨˊ ㄐㄧㄤ	無疆	18
ㄨˊ ㄐㄧˊ ㄦˊ ㄓㄨㄥ	無疾而終	18
ㄨˊ ㄧㄢˊ ㄧˇ ㄉㄨㄟˋ	無言以對	18
ㄖㄢˊ ㄗㄜˊ	然則	18
ㄠˊ ㄍㄨㄛˋ	熬過	18
ㄕㄠ ㄖㄡˋ	燒肉	18
ㄧㄥˊ ㄌㄧˋ ㄒㄧㄥˋ	營利性	18
ㄅㄠˋ ㄓㄚˋ ㄒㄧㄥˋ	爆炸性	18
ㄌㄨˊ ㄗㄠˋ	爐灶	18
ㄆㄚˊ ㄔㄨ	爬出	18
ㄆㄚˊ ㄕㄥ	爬升	18
ㄆㄚˊ ㄔㄨㄥˊ ㄌㄟˋ	爬蟲類	18
ㄓㄥ ㄅㄚˋ ㄓㄢˋ	爭霸戰	18
ㄕㄨㄤˇ ㄎㄡˇ	爽口	18
ㄆㄞˊ ㄈㄤ	牌坊	18
ㄌㄠˊ ㄩˋ	牢獄	18
ㄌㄠˊ ㄐㄧˋ	牢記	18
ㄑㄧㄢ ㄓㄜ˙	牽著	18
ㄒㄧ ㄐㄧㄠˇ	犀角	18
ㄎㄨㄤˊ ㄨㄤˋ	狂妄	18
ㄏㄨˊ ㄧˊ	狐疑	18
ㄍㄡˇ ㄐㄧㄠˋ	狗叫	18
ㄧ	猗	18
ㄉㄨˊ ㄒㄧㄤˇ	獨享	18
ㄉㄨˊ ㄔㄤˋ	獨唱	18
ㄉㄨˊ ㄐㄧㄠˇ ㄕㄡˋ	獨角獸	18
ㄌㄧㄝˋ ㄑㄩˇ	獵取	18
ㄨㄤˊ ㄅㄚ ㄉㄢˋ	王八蛋	18
ㄑㄧㄡˊ ㄊㄧˇ	球體	18
ㄌㄧˇ ㄉㄠˋ	理到	18
ㄏㄨㄢˊ ㄐㄧㄥˋ ㄅㄠˇ ㄩˋ	環境保育	18
ㄏㄨㄢˊ ㄐㄧㄥˋ ㄧㄥˇ ㄒㄧㄤˇ ㄆㄧㄥˊ ㄍㄨ	環境影響評估	18
ㄕㄥ ㄌㄧˋ ㄐㄩㄣ	生力軍	18
ㄕㄥ ㄒㄧㄝˊ	生協	18
ㄕㄥ ㄇㄧㄥˋ ㄕˇ	生命史	18
ㄕㄥ ㄇㄧㄥˋ ㄊㄧˇ	生命體	18
ㄕㄥ ㄒㄧˊ	生息	18
ㄕㄥ ㄏㄨㄛˊ ㄩㄥˋ ㄆㄧㄣˇ	生活用品	18
ㄕㄥ ㄘㄞˊ	生財	18
ㄕㄥ ㄌㄧˊ ㄙˇ ㄅㄧㄝˊ	生離死別	18
ㄐㄧㄚˇ ㄒㄧㄢ	甲仙	18
ㄕㄣ ㄇㄧㄥˊ	申明	18
ㄏㄨㄚˋ ㄍㄨㄥ	畫工	18
ㄏㄨㄚˋ ㄎㄨㄤ	畫框	18
ㄧˋ ㄐㄧˇ	異己	18
ㄆㄧˊ ㄖㄨㄛˋ	疲弱	18
ㄊㄨㄥˋ ㄔˋ	痛斥	18
ㄊㄨㄥˋ ㄊㄨㄥˋ	痛痛	18
ㄇㄚˊ	痲	18
ㄕㄡˋ ㄖㄨㄛˋ	瘦弱	18
ㄉㄥ ㄕˊ	登時	18
ㄈㄚ ㄋㄨˋ	發怒	18
ㄈㄚ ㄨㄟˊ	發為	18
ㄈㄚ ㄋㄢˋ	發難	18
ㄅㄞˊ ㄏㄨㄚˋ	白化	18
ㄅㄞˊ ㄕㄡˇ ㄑㄧˇ ㄐㄧㄚ	白手起家	18
ㄅㄞˊ ㄈㄣˇ	白粉	18
ㄅㄞˇ ㄈㄣ ㄓ ㄑㄧ ㄕˊ ㄨˇ	百分之七十五	18
ㄉㄜ˙ ㄒㄧㄠˋ ㄩㄥˋ	的效用	18
ㄐㄧㄣˋ ㄑㄩㄢˊ ㄌㄧˋ	盡全力	18
ㄍㄨㄢˋ	盥	18
ㄍㄨㄢˋ ㄒㄧˇ	盥洗	18
ㄌㄨˊ ㄅㄧˇ	盧比	18
ㄓˊ ㄅㄛ	直撥	18
ㄓㄣ ㄆㄧˊ	真皮	18
ㄓㄣ ㄧˋ	真義	18
ㄧㄢˇ ㄅㄨˋ	眼部	18
ㄍㄠ ㄨㄢˊ	睪丸	18
ㄍㄠˇ ㄨㄢˊ	睪丸	18
ㄖㄨㄟˋ ㄓˋ	睿智	18
ㄓ ㄇㄧㄥˊ ㄖㄣˊ ㄕˋ	知名人士	18
ㄎㄢˇ ㄕㄨˋ	砍樹	18
ㄓㄣ	砧	18
ㄆㄛˋ ㄎㄡˇ ㄉㄚˋ ㄇㄚˋ	破口大罵	18
ㄆㄛˋ ㄏㄨㄞˋ ㄌㄧˋ	破壞力	18
ㄌㄧㄡˊ ㄏㄨㄤˊ	硫磺	18
ㄕㄨㄛˋ ㄉㄚˋ	碩大	18
ㄆㄥˋ ㄩㄣˋ ㄑㄧˋ	碰運氣	18
ㄓㄨㄢ ㄎㄨㄞˋ	磚塊	18
ㄓㄨㄢ ㄨㄚˇ	磚瓦	18
ㄕㄜˋ ㄏㄨㄟˋ ㄉㄧˋ ㄨㄟˋ	社會地位	18
ㄕㄜˋ ㄏㄨㄟˋ ㄒㄧㄢˋ ㄒㄧㄤˋ	社會現象	18
ㄕㄣˊ ㄌㄧˋ	神力	18
ㄌㄧˇ ㄙㄨˊ	禮俗	18
ㄑㄧㄣˊ ㄌㄧㄡˊ ㄍㄢˇ	禽流感	18
ㄙ ㄇㄧˋ ㄉㄜ˙	私密的	18
ㄎㄜ ㄍㄨㄥ ㄍㄨㄢˇ	科工館	18
ㄧˊ ㄨㄟˋ	移位	18
ㄔㄡˊ ㄇㄧˋ	稠密	18
ㄎㄨㄥ ㄓㄨㄥ ㄒㄧㄠˇ ㄐㄧㄝˇ	空中小姐	18
ㄎㄨㄥ ㄔㄥˊ	空城	18
ㄔㄨㄢ ㄧ ㄈㄨˊ	穿衣服	18
ㄔㄨㄢ ㄓㄣ	穿針	18
ㄎㄨ ㄌㄨㄥˊ	窟窿	18
ㄑㄩㄥˊ ㄐㄧㄣˋ	窮盡	18
ㄌㄧˋ ㄉㄧㄥˋ	立定	18
ㄓㄢˋ ㄉㄜ˙	站得	18
ㄐㄧㄥˋ ㄧㄠˋ	竟要	18
ㄓㄤ ㄈㄚˇ	章法	18
ㄉㄨㄢ ㄓㄨㄤ	端莊	18
ㄉㄧˋ ㄧ ㄧㄝˋ	第一頁	18
ㄉㄧˋ ㄙˋ ㄊㄧㄠˊ	第四條	18
ㄐㄧㄢ	箋	18
ㄙㄨㄢˋ ㄒㄩㄝˊ	算學	18
ㄙㄨㄢˋ ㄓㄤˋ	算帳	18
ㄍㄨㄢˇ ㄑㄩ	管區	18
ㄓㄨㄢˋ ㄎㄜ	篆刻	18
ㄓㄨㄢˋ ㄎㄜˋ	篆刻	18
ㄓㄨˊ ㄔㄥˊ	築成	18
ㄐㄧㄢˇ ㄊㄧˇ ㄓㄨㄥ ㄨㄣˊ	簡體中文	18
ㄅㄛˇ	簸	18
ㄅㄛˋ	簸	18
ㄌㄨㄥˊ ㄊㄨㄥˇ	籠統	18
ㄈㄣˇ ㄩㄢˊ	粉圓	18
ㄈㄣˇ ㄕˋ	粉飾	18
ㄐㄧㄥ ㄕㄣˊ ㄉㄡˇ ㄙㄡˇ	精神抖擻	18
ㄏㄨˊ ㄌㄧˇ ㄏㄨˊ ㄊㄨˊ	糊裡糊塗	18
ㄏㄨㄥˊ ㄖㄨㄣˋ	紅潤	18
ㄏㄨㄥˊ ㄅㄞˊ ㄐㄧ	紅白機	18
ㄔㄨㄣˊ ㄕㄨˇ	純屬	18
ㄔㄨㄣˊ ㄅㄞˊ	純白	18
ㄕㄚ ㄇㄠˋ ㄕㄢ	紗帽山	18
ㄓˇ ㄕㄤˋ ㄊㄢˊ ㄅㄧㄥ	紙上談兵	18
ㄗㄨˇ ㄑㄩˇ	組曲	18
ㄐㄧㄝˊ ㄒㄩㄣˋ	結訓	18
ㄐㄩㄝˊ ㄒㄧㄤˇ	絕響	18
ㄐㄧㄥ ㄕˇ	經史	18
ㄐㄧㄥ ㄕ	經師	18
ㄐㄧㄥ ㄉㄜ˙ ㄑㄧˇ	經得起	18
ㄌㄩˋ ㄓㄡ	綠洲	18
ㄨㄤˇ ㄌㄨˋ ㄎㄚˇ	網路卡	18
ㄏㄨㄢˇ ㄐㄧˊ	緩急	18
ㄗㄨㄥˋ ㄒㄧㄤˋ	縱向	18
ㄗㄨㄥˋ ㄍㄨㄢ	縱觀	18
ㄗㄨㄥˋ ㄍㄨˇ	縱谷	18
ㄗㄨㄥ ㄍㄨㄢˋ	縱貫	18
ㄗㄨㄥˇ ㄐㄧㄤˇ ㄐㄧㄣ	總獎金	18
ㄗㄨㄥˇ ㄦˊ ㄧㄢˊ ㄓ	總而言之	18
ㄗㄨㄥˇ ㄅㄢˋ	總辦	18
ㄈㄢˊ ㄒㄧㄥ	繁星	18
ㄌㄧㄠˊ ㄖㄠˋ	繚繞	18
ㄔㄢˊ ㄗㄨˊ	纏足	18
ㄓˋ ㄓ ㄅㄨˋ ㄌㄧˇ	置之不理	18
ㄌㄨㄛˊ ㄓ	羅織	18
ㄇㄟˇ ㄈㄣ	美分	18
ㄇㄟˇ ㄌㄠˊ	美勞	18
ㄑㄩㄣˊ ㄐㄩ	群居	18
ㄑㄧㄠˋ ㄑㄧˇ	翹起	18
ㄈㄢ ㄌㄞˊ	翻來	18
ㄈㄢ ㄔㄨ ㄌㄞˊ	翻出來	18
ㄌㄠˇ ㄊㄞˊ	老台	18
ㄌㄠˇ ㄆㄛˊ ㄆㄛˊ	老婆婆	18
ㄎㄠˇ ㄍㄨˇ ㄊㄧˊ	考古題	18
ㄎㄠˇ ㄉㄜˊ	考得	18
ㄎㄠˇ ㄉㄜ˙	考得	18
ㄎㄠˇ ㄐㄧㄡˋ	考究	18
ㄦˊ ㄖㄨˋ	而入	18
ㄨㄣˊ ㄑㄧˇ ㄌㄞˊ	聞起來	18
ㄌㄧㄢˊ ㄔㄥˊ	聯成	18
ㄙㄨㄥˇ ㄙㄨㄥˇ ㄐㄧㄢ	聳聳肩	18
ㄍㄨˇ ㄗㄞ	股災	18
ㄈㄟˋ ㄅㄧㄥˋ	肺病	18
ㄨㄟˋ ㄅㄧㄥˋ	胃病	18
ㄊㄞ ㄙˇ ㄈㄨˋ ㄓㄨㄥ	胎死腹中	18
ㄊㄞ ㄆㄢˊ	胎盤	18
ㄏㄨˊ ㄈㄛˊ	胡佛	18
ㄋㄥˊ ㄕˋ	能事	18
ㄋㄥˊ ㄉㄨˊ	能讀	18
ㄊㄨㄛ ㄆㄧˊ	脫皮	18
ㄋㄠˇ ㄅㄛ	腦波	18
ㄋㄠˇ ㄆㄛ	腦波	18
ㄈㄨˋ ㄢˋ	腹案	18
ㄅㄧˋ ㄅㄤˇ	臂膀	18
ㄗˋ ㄅㄟ ㄍㄢˇ	自卑感	18
ㄗˋ ㄩˊ	自娛	18
ㄗˋ ㄒㄩㄣˊ	自尋	18
ㄗˋ ㄒㄧㄣ	自新	18
ㄗˋ ㄈㄣˊ	自焚	18
ㄗˋ ㄖㄢˊ ㄍㄨㄢ	自然觀	18
ㄗˋ ㄧㄡˊ ㄑㄧㄡˊ	自由球	18
ㄗˋ ㄔㄥ ㄕˋ	自稱是	18
ㄗˋ ㄈㄟˋ ㄕㄥ	自費生	18
ㄗˋ ㄅㄢˋ	自辦	18
ㄓˋ ㄞˊ ㄨˋ	致癌物	18
ㄓˋ ㄧㄢˊ ㄨˋ	致癌物	18
ㄓˋ ㄘˊ	致辭	18
ㄓˋ ㄉㄧㄢˋ	致電	18
ㄩˇ ㄋㄚˋ ㄍㄨㄛˊ	與那國	18
ㄐㄧㄡˋ ㄕˋ	舊事	18
ㄏㄤˊ ㄔㄥˊ	航程	18
ㄅㄛˊ ㄌㄞˊ ㄆㄧㄣˇ	舶來品	18
ㄔㄨㄢˊ ㄘㄤ	船艙	18
ㄔㄨㄢˊ ㄋㄢˋ	船難	18
ㄔㄨㄢˊ ㄊㄡˊ	船頭	18
ㄐㄧㄢ ㄙㄜˋ	艱澀	18
ㄏㄨㄚ ㄕㄨˋ	花樹	18
ㄏㄨㄚ ㄌㄧㄢˇ	花臉	18
ㄏㄨㄚ ㄇㄠ	花貓	18
ㄎㄨˇ ㄎㄡˇ	苦口	18
ㄎㄨˇ ㄖˋ ㄗ˙	苦日子	18
ㄧㄥ ㄐㄩㄣ	英軍	18
ㄇㄠˊ ㄘㄠˇ ㄨ	茅草屋	18
ㄌㄧˋ ㄓ	荔枝	18
ㄨㄢˋ ㄅㄟˋ	萬倍	18
ㄨㄢˋ ㄏㄨㄚˊ ㄑㄩ	萬華區	18
ㄨㄢˋ ㄌㄧˇ ㄔㄤˊ ㄔㄥˊ	萬里長城	18
ㄌㄨㄛˋ ㄉㄧˋ ㄕㄥ ㄍㄣ	落地生根	18
ㄌㄨㄛˋ ㄏㄨㄚ	落花	18
ㄆㄨˊ ㄊㄠˊ ㄊㄤˊ	葡萄糖	18
ㄒㄧˊ	蓆	18
ㄘㄞˋ ㄖㄨㄟˋ ㄩㄝˋ	蔡瑞月	18
ㄉㄤˋ ㄖㄢˊ ㄨˊ ㄘㄨㄣˊ	蕩然無存	18
ㄕㄨˇ ㄊㄧㄠˊ	薯條	18
ㄌㄢˊ ㄑㄩㄝˋ	藍鵲	18
ㄗㄤˋ ㄔㄨㄢˊ ㄈㄛˊ ㄐㄧㄠˋ	藏傳佛教	18
ㄏㄨㄥˊ ㄗㄨㄣˋ	虹鱒	18
ㄊㄤˊ ㄌㄤˊ	螳螂	18
ㄌㄨㄛˊ ㄙ ㄉㄧㄥ	螺絲釘	18
ㄒㄧㄥˊ ㄓㄥˋ ㄒㄧㄠˋ ㄌㄩˋ	行政效率	18
ㄨㄟˋ ㄍㄨㄛˊ	衛國	18
ㄧ ㄕˋ	衣飾	18
ㄅㄧㄠˇ ㄔㄨ	表出	18
ㄅㄧㄠˇ ㄌㄧㄝˋ	表列	18
ㄅㄟˋ ㄕㄚ	被殺	18
ㄅㄟˋ ㄅㄧ	被逼	18
ㄌㄧㄝˋ ㄔㄥˊ	裂成	18
ㄓㄨㄤ ㄗㄨㄛˋ	裝作	18
ㄓˋ ㄗㄨㄛˋ	製做	18
ㄒㄧ ㄅㄟˇ ㄈㄤ	西北方	18
ㄒㄧ ㄋㄢˊ ㄅㄨˋ	西南部	18
ㄒㄧ ㄌㄚ ㄧㄚˇ	西拉雅	18
ㄧㄠˋ ㄩㄢˊ	要員	18
ㄧㄠˋ ㄉㄜˊ	要得	18
ㄧㄠˋ ㄉㄜ˙	要得	18
ㄧㄠˋ ㄍㄞˇ ㄉㄜ˙	要改的	18
ㄧㄠˋ ㄓˇ	要旨	18
ㄈㄨˋ ㄇㄛˋ	覆沒	18
ㄐㄧㄢˋ ㄍㄨㄞˋ ㄅㄨˊ ㄍㄨㄞˋ	見怪不怪	18
ㄍㄨㄢ ㄌㄧˇ	觀禮	18
ㄔㄨˋ ㄐㄩㄝˊ	觸覺	18
ㄧㄢˊ ㄐㄧˊ	言及	18
ㄊㄠˇ ㄈㄚ	討伐	18
ㄐㄧㄝˊ	訐	18
ㄒㄩㄣˋ ㄌㄧㄢˋ ㄔㄨ ㄌㄞˊ	訓練出來	18
ㄕㄜˋ ㄕㄣ ㄔㄨˇ ㄉㄧˋ	設身處地	18
ㄓㄣˇ ㄔㄚˊ	診察	18
ㄓㄨˋ ㄐㄧㄠˇ	註腳	18
ㄕˋ ㄐㄧㄠ	試教	18
ㄕ ㄆㄧㄢ	詩篇	18
ㄏㄨㄚˋ ㄅㄣˇ	話本	18
ㄏㄨㄚˋ ㄊㄨㄥˇ	話筒	18
ㄓㄢ ㄊㄧㄢ ㄧㄡˋ	詹天佑	18
ㄧㄡˋ ㄅㄨˇ	誘捕	18
ㄕㄨㄛ ㄅㄨˊ ㄍㄨㄛˋ	說不過	18
ㄕㄨㄛ ㄅㄨˋ ㄍㄨㄛˋ	說不過	18
ㄕㄨㄛ ㄕˊ ㄗㄞˋ ㄉㄜ˙	說實在的	18
ㄊㄧㄠˊ ㄖㄣˊ	調人	18
ㄊㄢˊ ㄊㄨㄛˇ	談妥	18
ㄌㄨㄣˋ ㄉㄧㄥˋ	論定	18
ㄒㄩㄢ	諼	18
ㄋㄨㄛˋ ㄅㄟˋ ㄦˇ ㄏㄜˊ ㄆㄧㄥˊ ㄐㄧㄤˇ	諾貝爾和平獎	18
ㄇㄡˊ ㄌㄩㄝˋ	謀略	18
ㄇㄡˊ ㄇㄧㄢˋ	謀面	18
ㄊㄥˊ	謄	18
ㄐㄧ ㄒㄧㄠˋ	譏笑	18
ㄕˋ ㄉㄜˊ	識得	18
ㄐㄧㄥˇ ㄔㄚˊ ㄐㄩˊ ㄓㄤˇ	警察局長	18
ㄅㄧㄢˋ ㄏㄨㄚˋ ㄑㄧㄡˊ	變化球	18
ㄍㄨˇ ㄍㄜ	谷歌	18
ㄏㄨㄛˋ ㄖㄢˊ	豁然	18
ㄏㄨㄛˋ ㄉㄚˊ	豁達	18
ㄑㄧˇ ㄈㄟ	豈非	18
ㄊㄢ ㄔ	貪吃	18
ㄗㄜˊ ㄨˊ ㄆㄤˊ ㄉㄞˋ	責無旁貸	18
ㄍㄨㄟˋ ㄈㄨˋ	貴婦	18
ㄇㄞˇ ㄉㄧㄢˇ	買點	18
ㄈㄟˋ ㄉㄧㄢˋ	費電	18
ㄊㄧㄝ ㄇㄢˇ	貼滿	18
ㄊㄧㄝ ㄕㄣ	貼身	18
ㄉㄨˇ ㄑㄧㄢˊ	賭錢	18
ㄙㄞˋ ㄓˋ	賽制	18
ㄗㄤ ㄨˋ	贓物	18
ㄕㄨˊ ㄐㄧㄣ	贖金	18
ㄏㄜˋ ㄦˇ ㄒㄧㄣ ㄐㄧ	赫爾辛基	18
ㄗㄡˇ ㄖㄣˊ	走人	18
ㄑㄧˇ ㄉㄨㄥˋ	起動	18
ㄔㄠ ㄅㄤˋ	超棒	18
ㄩㄝˋ ㄋㄢˊ ㄖㄣˊ	越南人	18
ㄍㄢˇ ㄐㄧˊ	趕集	18
ㄉㄧㄝˊ ㄕˋ	跌勢	18
ㄍㄣ ㄐㄧㄢ	跟監	18
ㄗㄠˋ ㄩˋ ㄓㄥˋ	躁鬱症	18
ㄩㄝˋ ㄕㄥ ㄨㄟˊ	躍升為	18
ㄕㄣ ㄊㄧˇ ㄕㄤˋ	身體上	18
ㄍㄨㄟˇ ㄩˋ	軌域	18
ㄐㄩㄣ ㄒㄩㄣˋ ㄎㄜˋ	軍訓課	18
ㄗㄞˋ ㄉㄠˋ	載到	18
ㄓㄨㄢˇ ㄕˋ	轉世	18
ㄅㄢˋ ㄍㄨㄥ ㄉㄚˋ ㄌㄡˊ	辦公大樓	18
ㄖㄨˇ ㄇㄚˋ	辱罵	18
ㄖㄨˋ ㄇㄚˋ	辱罵	18
ㄋㄨㄥˊ ㄧㄝˋ ㄑㄩ	農業區	18
ㄧㄥˊ ㄔㄨㄣ	迎春	18
ㄇㄧˊ ㄘㄞˇ	迷彩	18
ㄓㄨㄟ ㄧˋ	追憶	18
ㄊㄨㄟˋ ㄒㄧㄚˋ	退下	18
ㄙㄨㄥˋ ㄖㄣˊ	送人	18
ㄙㄨㄥˋ ㄌㄧˇ	送禮	18
ㄊㄡˋ ㄓ	透支	18
ㄓㄜˋ ㄒㄧㄚˋ ㄗ˙	這下子	18
ㄓㄜˋ ㄍㄜ˙ ㄅㄧㄥˋ	這個病	18
ㄓㄜˋ ㄆㄧㄢ ㄉㄜ˙	這篇的	18
ㄊㄨㄥ ㄓ ㄉㄢ	通知單	18
ㄊㄨㄥ ㄉㄧㄢˇ	通點	18
ㄗㄠˋ ㄧˋ	造詣	18
ㄌㄧㄢˊ ㄏㄨㄟˊ	連回	18
ㄌㄧㄢˊ ㄕㄥ	連生	18
ㄐㄧㄣˋ ㄍㄤˇ	進港	18
ㄐㄧㄣˋ ㄅㄧ	進逼	18
ㄩㄣˋ ㄉㄨㄥˋ ㄐㄧㄚ	運動家	18
ㄉㄠˋ ㄉㄜˊ ㄍㄨㄢ	道德觀	18
ㄉㄚˊ ㄉㄚˊ	達達	18
ㄕˋ ㄘㄞˊ	適才	18
ㄧˊ ㄔㄨㄢˊ ㄒㄩㄝˊ	遺傳學	18
ㄅㄧˋ ㄏㄢˊ	避寒	18
ㄏㄨㄢˊ ㄅㄣˇ	還本	18
ㄊㄞˊ	邰	18
ㄉㄡ ㄅㄨˋ ㄏㄠˇ	都不好	18
ㄉㄡ ㄔㄨ ㄌㄞˊ	都出來	18
ㄒㄧㄤ ㄧㄣ	鄉音	18
ㄎㄨˋ ㄙˋ	酷似	18
ㄙㄨㄢ ㄒㄧㄥˋ	酸性	18
ㄙㄨㄢ ㄊㄧㄢˊ	酸甜	18
ㄊㄧˊ	醍	18
ㄧ ㄧㄠˋ ㄈㄟˋ	醫藥費	18
ㄐㄧㄠˋ	醮	18
ㄕˋ ㄏㄨㄞˊ	釋懷	18
ㄓㄨㄥˋ ㄌㄧˋ ㄔㄤˇ	重力場	18
ㄔㄨㄥˊ ㄔㄤˋ	重唱	18
ㄓㄨㄥˋ ㄨˋ	重物	18
ㄓㄨㄥˋ ㄗㄜˊ ㄉㄚˋ ㄖㄣˋ	重責大任	18
ㄓㄨㄥˋ ㄧㄣ	重音	18
ㄧㄝˇ ㄒㄧㄥˋ	野性	18
ㄧㄝˇ ㄅㄞˇ ㄏㄜˊ	野百合	18
ㄧㄝˇ ㄏㄨㄚ	野花	18
ㄐㄧㄣ ㄉㄚˋ ㄓㄨㄥ	金大中	18
ㄐㄧㄣ ㄩˋ	金玉	18
ㄐㄧㄣ ㄓˇ	金紙	18
ㄐㄧㄣ ㄙ ㄏㄡˊ	金絲猴	18
ㄐㄧㄣ ㄧㄠˋ	金鑰	18
ㄔㄤˊ ㄆㄧㄢ ㄒㄧㄠˇ ㄕㄨㄛ	長篇小說	18
ㄔㄤˊ ㄓㄜ˙	長著	18
ㄔㄤˊ ㄐㄧㄥˇ ㄌㄨˋ	長頸鹿	18
ㄕㄨㄢ	閂	18
ㄎㄞ ㄒㄧㄤ	開箱	18
ㄎㄞ ㄗㄡˇ	開走	18
ㄒㄧㄢˊ ㄊㄢˊ	閒談	18
ㄒㄧㄢˊ ㄧㄡˊ	閒遊	18
ㄒㄧㄢˊ ㄑㄧㄢˊ	閒錢	18
ㄓㄚˊ ㄉㄠˋ	閘道	18
ㄇㄧㄣˇ ㄋㄢˊ ㄖㄣˊ	閩南人	18
ㄧㄢˊ ㄨㄤˊ	閻王	18
ㄍㄨㄢ ㄐㄧㄢˋ ㄉㄧㄢˇ	關鍵點	18
ㄩㄢˋ ㄌㄨㄛˋ	院落	18
ㄧㄣ ㄍㄡ	陰溝	18
ㄧㄣ ㄘㄨㄛˋ ㄧㄤˊ ㄔㄚ	陰錯陽差	18
ㄔㄣˊ ㄨㄟˊ ㄓㄠ	陳維昭	18
ㄊㄠˊ ㄅㄞˇ ㄔㄨㄢ	陶百川	18
ㄒㄧㄢˋ ㄏㄞˋ	陷害	18
ㄧㄤˊ ㄇㄧㄥˊ ㄉㄚˋ ㄒㄩㄝˊ	陽明大學	18
ㄓㄤˋ ㄞˋ ㄨˋ	障礙物	18
ㄒㄧㄢˇ ㄒㄧㄝ	險些	18
ㄧㄣˇ ㄇㄛˋ	隱沒	18
ㄐㄧ ㄇㄠˊ	雞毛	18
ㄩˇ ㄉㄧㄢˇ	雨點	18
ㄒㄩㄝˇ ㄖㄣˊ	雪人	18
ㄩㄣˊ ㄧㄢ	雲煙	18
ㄌㄟˊ ㄋㄨㄛˋ	雷諾	18
ㄏㄨㄛˋ ㄦˇ	霍爾	18
ㄈㄟ	霏	18
ㄌㄧㄥˊ ㄊㄤˊ	靈堂	18
ㄑㄧㄥ ㄋㄧㄢˊ ㄊㄨㄢˊ	青年團	18
ㄑㄧㄥ ㄘㄠˇ ㄏㄨˊ	青草湖	18
ㄐㄧㄥˋ ㄒㄧㄣ	靜心	18
ㄐㄧㄥˋ ㄇㄟˇ	靜美	18
ㄐㄧㄥˋ ㄍㄨㄢ	靜觀	18
ㄈㄟ ㄓㄡ ㄖㄣˊ	非洲人	18
ㄎㄠˋ ㄢˋ	靠岸	18
ㄇㄧㄢˋ ㄓˊ	面值	18
ㄇㄧㄢˋ ㄖㄨˊ	面如	18
ㄇㄧㄢˇ	靦	18
ㄊㄧㄢˇ	靦	18
ㄒㄧㄤˇ ㄕㄥ	響聲	18
ㄑㄧㄥˇ ㄎㄜˋ	頃刻	18
ㄌㄧㄥˇ ㄒㄧㄢˊ	領銜	18
ㄊㄡˊ ㄐㄧㄣ	頭巾	18
ㄏㄢˋ	頷	18
ㄊㄧˊ ㄐㄧㄝˇ	題解	18
ㄍㄨˋ ㄑㄩㄢˊ	顧全	18
ㄍㄨˋ ㄨㄣˋ ㄍㄨㄥ ㄙ	顧問公司	18
ㄒㄧㄢˇ ㄕˋ ㄔㄨ ㄌㄞˊ	顯示出來	18
ㄈㄥ ㄊㄧㄠˊ ㄩˇ ㄕㄨㄣˋ	風調雨順	18
ㄈㄥ ㄕㄨㄤ	風霜	18
ㄈㄟ ㄉㄧˇ	飛抵	18
ㄕˊ ㄖㄣˊ	食人	18
ㄧㄤˇ ㄉㄚˋ	養大	18
ㄧㄤˇ ㄒㄧㄥˋ	養性	18
ㄧㄤˇ ㄓㄨ ㄏㄨˋ	養豬戶	18
ㄩˊ ㄎㄨㄢˇ	餘款	18
ㄊㄠ ㄎㄜˋ	饕客	18
ㄇㄚˇ ㄦˇ ㄉㄧˋ ㄈㄨ	馬爾地夫	18
ㄇㄚˇ ㄅㄟˋ	馬背	18
ㄏㄞˋ ㄌㄤˋ	駭浪	18
ㄆㄧㄢˋ ㄨㄛˇ	騙我	18
ㄐㄧㄥ ㄒㄧㄣ ㄉㄨㄥˋ ㄆㄛˋ	驚心動魄	18
ㄍㄠ ㄌㄧㄥˊ ㄈㄥ	高凌風	18
ㄍㄠ ㄧㄚ ㄉㄧㄢˋ	高壓電	18
ㄍㄠ ㄐㄧㄡˋ	高就	18
ㄍㄠ ㄇㄠˋ	高帽	18
ㄍㄠ ㄉㄜ˙	高得	18
ㄍㄠ ㄏㄞˇ ㄅㄚˊ	高海拔	18
ㄍㄠ ㄋㄨㄥˊ ㄉㄨˋ	高濃度	18
ㄍㄠ ㄉㄧㄠˋ	高調	18
ㄉㄡˋ ㄓˋ	鬥智	18
ㄐㄧˇ	魕	18
ㄋㄧㄠˇ ㄩˇ	鳥語	18
ㄊㄨㄛˊ ㄋㄧㄠˇ	鴕鳥	18
ㄅㄟ	鵯	18
ㄐㄧㄢˇ ㄒㄧㄥˋ	鹼性	18
ㄑㄧˊ ㄌㄧㄣˊ	麒麟	18
ㄏㄨㄤˊ ㄍㄨㄛˊ ㄔㄤ	黃國昌	18
ㄏㄨㄤˊ ㄎㄨㄣ ㄏㄨㄟ	黃昆輝	18
ㄏㄨㄤˊ ㄕㄚ	黃沙	18
ㄏㄨㄤˊ ㄍㄨㄚ	黃瓜	18
ㄏㄨㄤˊ ㄕˊ	黃石	18
ㄏㄟ ㄍㄨㄤ	黑光	18
ㄏㄟ ㄢˋ ㄇㄧㄢˋ	黑暗面	18
ㄉㄧㄢˇ ㄏㄨㄚˋ	點化	18
ㄉㄧㄢˇ ㄐㄧㄤˋ	點將	18
ㄉㄧㄢˇ ㄌㄧㄥˊ ㄨˇ	點零五	18
ㄌㄨㄥˊ ㄐㄧㄤ	龍江	18
ㄐㄩㄣ ㄌㄧㄝˋ	龜裂	18
ㄧ ㄑㄧㄢ ㄎㄨㄞˋ	一千塊	17
ㄧˋ ㄑㄧㄢ ㄎㄨㄞˋ	一千塊	17
ㄧ ㄇㄧㄥˋ	一命	17
ㄧˊ ㄇㄧㄥˋ	一命	17
ㄧ ㄅㄠˋ	一報	17
ㄧˊ ㄅㄠˋ	一報	17
ㄧ ㄘㄥˊ ㄘㄥˊ	一層層	17
ㄧˋ ㄘㄥˊ ㄘㄥˊ	一層層	17
ㄧ ㄔㄨㄤˊ	一幢	17
ㄧ ㄗㄠˇ ㄐㄧㄡˋ	一早就	17
ㄧˋ ㄗㄠˇ ㄐㄧㄡˋ	一早就	17
ㄧ ㄊㄨㄥˇ	一桶	17
ㄧˋ ㄊㄨㄥˇ	一桶	17
ㄧ ㄅㄤˋ	一棒	17
ㄧˊ ㄅㄤˋ	一棒	17
ㄧ ㄘˋ ㄘˋ	一次次	17
ㄧˊ ㄘˋ ㄘˋ	一次次	17
ㄧ ㄑㄧㄥ ㄦˋ ㄔㄨˇ	一清二楚	17
ㄧˋ ㄑㄧㄥ ㄦˋ ㄔㄨˇ	一清二楚	17
ㄧ ㄨˋ	一物	17
ㄧˊ ㄨˋ	一物	17
ㄧ ㄉㄧㄝˊ	一疊	17
ㄧˋ ㄉㄧㄝˊ	一疊	17
ㄧ ㄊㄞ	一胎	17
ㄧˋ ㄊㄞ	一胎	17
ㄧ ㄧㄝˋ	一葉	17
ㄧˊ ㄧㄝˋ	一葉	17
ㄧ ㄐㄧㄢˋ ㄓㄨㄥ ㄑㄧㄥˊ	一見鍾情	17
ㄧˊ ㄐㄧㄢˋ ㄓㄨㄥ ㄑㄧㄥˊ	一見鍾情	17
ㄧ ㄌㄧㄥˊ ㄧ	一零一	17
ㄑㄧ ㄒㄧㄥ ㄕㄢ	七星山	17
ㄓㄤˋ ㄇㄨˇ	丈母	17
ㄙㄢ ㄕˊ ㄋㄧㄢˊ ㄉㄞˋ	三十年代	17
ㄙㄢ ㄔˇ	三尺	17
ㄕㄤˋ ㄍㄨˇ	上古	17
ㄕㄤˋ ㄙㄨˋ	上溯	17
ㄒㄧㄚˋ ㄊㄚˋ	下榻	17
ㄒㄧㄚˋ ㄊㄡˊ	下頭	17
ㄒㄧㄚˋ ㄊㄡ˙	下頭	17
ㄅㄨˊ ㄒㄧㄤˋ ㄏㄨㄚˋ	不像話	17
ㄅㄨˊ ㄗㄞˋ ㄏㄨㄚˋ ㄒㄧㄚˋ	不在話下	17
ㄅㄨˋ ㄗㄞˋ ㄏㄨㄚˋ ㄒㄧㄚˋ	不在話下	17
ㄅㄨˋ ㄎㄢ ㄕㄜˋ ㄒㄧㄤˇ	不堪設想	17
ㄅㄨˊ ㄎㄜˋ ㄑㄧˋ	不客氣	17
ㄅㄨˋ ㄋㄚˊ	不拿	17
ㄅㄨˋ ㄓ ㄙㄨㄛˇ ㄩㄣˊ	不知所云	17
ㄅㄨˋ ㄧˊ	不移	17
ㄅㄨˋ ㄒㄧ ㄑㄧˊ	不稀奇	17
ㄅㄨˋ ㄍㄨㄢˇ ㄕㄜˊ ㄇㄛ˙	不管什麼	17
ㄅㄨˋ ㄍㄨㄢˇ ㄕㄜˊ ㄇㄜ˙	不管什麼	17
ㄅㄨˋ ㄍㄨㄢˇ ㄕㄣˊ ㄇㄛ˙	不管什麼	17
ㄅㄨˋ ㄍㄨㄢˇ ㄕㄣˊ ㄇㄜ˙	不管什麼	17
ㄅㄨˋ ㄨㄣˊ ㄅㄨˊ ㄨㄣˋ	不聞不問	17
ㄅㄨˊ ㄍㄨˋ ㄧ ㄑㄧㄝˋ	不顧一切	17
ㄅㄨˊ ㄍㄨˋ ㄧˊ ㄑㄧㄝˋ	不顧一切	17
ㄅㄨˋ ㄍㄨˋ ㄧ ㄑㄧㄝˋ	不顧一切	17
ㄕˋ ㄐㄩˊ	世局	17
ㄕˋ ㄒㄧˊ	世襲	17
ㄕˋ ㄇㄠˋ ㄓㄨㄥ ㄒㄧㄣ	世貿中心	17
ㄕˋ ㄇㄠˋ ㄉㄚˋ ㄌㄡˊ	世貿大樓	17
ㄓㄨㄥ ㄋㄢˊ ㄅㄢˋ ㄉㄠˇ	中南半島	17
ㄓㄨㄥ ㄒㄧㄣ ㄉㄧㄢˇ	中心點	17
ㄓㄨㄥ ㄨㄣˊ ㄉㄚˋ ㄒㄩㄝˊ	中文大學	17
ㄓㄨㄥ ㄨㄣˊ ㄕㄨ ㄖㄨˋ ㄈㄚˇ	中文輸入法	17
ㄓㄨㄥ ㄖˋ ㄓㄢˋ ㄓㄥ	中日戰爭	17
ㄓㄨㄥ ㄏㄨㄚˊ ㄇㄧㄣˊ ㄍㄨㄛˊ ㄒㄧㄢˋ ㄈㄚˇ	中華民國憲法	17
ㄓㄨㄥ ㄏㄨㄚˊ ㄓˊ ㄅㄤˋ ㄌㄧㄢˊ ㄇㄥˊ	中華職棒聯盟	17
ㄓㄨˇ ㄅㄧˇ	主筆	17
ㄓ ㄞˋ	之愛	17
ㄓ ㄌㄧㄡˊ	之流	17
ㄔㄥˊ ㄔㄨㄢˊ	乘船	17
ㄔㄥˊ ㄈㄥ	乘風	17
ㄐㄧㄡˇ ㄙㄢ ㄌㄧㄡˋ	九三六	17
ㄖㄨˇ ㄋㄧㄡˊ	乳牛	17
ㄦˋ ㄕㄡˇ ㄧㄢ	二手菸	17
ㄨˇ ㄑㄧㄢ ㄖㄣˊ	五千人	17
ㄨˇ ㄅㄞˇ ㄍㄜˋ	五百個	17
ㄨˇ ㄅㄞˇ ㄍㄜ˙	五百個	17
ㄨˇ ㄐㄧˊ	五級	17
ㄨˇ ㄨㄢˋ ㄖㄣˊ	五萬人	17
ㄧㄚˇ ㄓㄡ ㄍㄜˋ ㄍㄨㄛˊ	亞洲各國	17
ㄧㄚˇ ㄇㄟˇ	亞美	17
ㄐㄧˊ ㄩˋ	亟欲	17
ㄐㄧㄠ ㄊㄨㄥ ㄈㄟˋ	交通費	17
ㄐㄧㄠ ㄊㄨㄥ ㄔㄜ	交通車	17
ㄖㄣˊ ㄌㄨㄣˊ	人倫	17
ㄖㄣˊ ㄕㄣ	人蔘	17
ㄖㄣˊ ㄊㄧˇ ㄍㄨㄥ ㄒㄩㄝˊ	人體工學	17
ㄖㄣˊ ㄨˇ	仁武	17
ㄐㄧㄣ ㄇㄧㄥˊ	今明	17
ㄊㄚ ㄐㄧㄡˋ ㄕㄨㄛ	他就說	17
ㄈㄨˋ ㄌㄜ˙	付了	17
ㄉㄞˋ ㄏㄨㄢˋ	代換	17
ㄧˇ ㄐㄧㄣˋ	以近	17
ㄒㄧㄡ ㄒㄧˊ ㄓㄢˋ	休息站	17
ㄙˋ ㄕˋ ㄦˊ ㄈㄟ	似是而非	17
ㄉㄧ ㄉㄨˋ	低度	17
ㄉㄧ ㄧㄣ ㄍㄨㄢˇ	低音管	17
ㄩˊ ㄧㄥ ㄕˊ	余英時	17
ㄈㄛˊ ㄇㄣˊ	佛門	17
ㄗㄨㄛˋ ㄧㄝˋ ㄩㄢˊ	作業員	17
ㄕˋ ㄓㄜˇ	侍者	17
ㄧ ㄌㄧㄢˋ	依戀	17
ㄐㄩˊ ㄘㄨˋ	侷促	17
ㄅㄧㄢˋ ㄅㄧㄢˋ	便便	17
ㄅㄧㄢˋ ㄑㄩˋ	便去	17
ㄆㄧㄢˊ ㄧˊ ㄏㄨㄛˋ	便宜貨	17
ㄘㄨˋ ㄑㄧㄥˇ	促請	17
ㄑㄧㄠˋ ㄌㄧˋ	俏麗	17
ㄅㄠˇ ㄕㄡˇ ㄉㄤˇ	保守黨	17
ㄆㄞˊ	俳	17
ㄍㄜˋ ㄨㄟˋ ㄕㄨˋ	個位數	17
ㄉㄠˋ ㄧㄥˇ	倒影	17
ㄉㄠˇ ㄇㄟˊ	倒霉	17
ㄊㄧㄥˊ ㄓㄢˋ	停戰	17
ㄊㄧㄥˊ ㄈㄟ	停飛	17
ㄔㄨㄢˊ ㄑㄧˊ ㄒㄧㄥˋ	傳奇性	17
ㄑㄧㄥ ㄒㄧㄣ	傾心	17
ㄧㄡ ㄏㄡˋ	優厚	17
ㄧㄡ ㄩㄝˋ ㄍㄢˇ	優越感	17
ㄧㄡ ㄒㄧㄢˊ	優閒	17
ㄧㄡ ㄧㄚˇ ㄉㄜ˙	優雅的	17
ㄔㄨˊ ㄅㄟˋ ㄐㄧㄣ	儲備金	17
ㄒㄩㄥ ㄉㄧˋ ㄏㄨㄟˋ	兄弟會	17
ㄒㄩㄥ ㄇㄥˇ	兇猛	17
ㄒㄧㄢ ㄆㄞ	先拍	17
ㄍㄨㄤ ㄎㄠˋ	光靠	17
ㄉㄡ ㄕㄡˋ	兜售	17
ㄖㄨˋ ㄔㄤˇ ㄑㄩㄢˋ	入場券	17
ㄋㄟˋ ㄍㄡ ㄒㄧ	內溝溪	17
ㄋㄟˋ ㄆㄧˊ	內皮	17
ㄑㄩㄢˊ ㄈㄨˋ	全副	17
ㄑㄩㄢˊ ㄒㄧㄣ ㄑㄩㄢˊ ㄧˋ	全心全意	17
ㄑㄩㄢˊ ㄅㄢ	全班	17
ㄑㄩㄢˊ ㄕㄣˊ	全神	17
ㄌㄧㄤˇ ㄍㄨㄤˇ	兩廣	17
ㄅㄚ ㄕˊ ㄅㄚ ㄒㄩㄝˊ ㄋㄧㄢˊ ㄉㄨˋ	八十八學年度	17
ㄅㄚ ㄑㄧㄤˊ	八強	17
ㄅㄚ ㄊㄨㄥ ㄍㄨㄢ ㄍㄨˇ ㄉㄠˋ	八通關古道	17
ㄍㄨㄥ ㄩㄣˇ	公允	17
ㄌㄧㄡˋ ㄨㄢˋ ㄉㄨㄛ	六萬多	17
ㄌㄧㄡˋ ㄉㄧㄢˇ ㄅㄢˋ	六點半	17
ㄍㄨㄥˋ ㄇㄧㄢˇ	共勉	17
ㄍㄨㄥˋ ㄊㄨˊ	共圖	17
ㄍㄨㄥˋ ㄊㄨㄥ ㄒㄧㄥˋ	共通性	17
ㄅㄧㄥ ㄈㄚˇ	兵法	17
ㄗㄞˋ ㄅㄨˋ ㄖㄢˊ	再不然	17
ㄗㄞˋ ㄏㄨㄟˊ ㄊㄡˊ	再回頭	17
ㄗㄞˋ ㄦˊ ㄙㄢ	再而三	17
ㄇㄠˋ ㄔㄨㄥ	冒充	17
ㄇㄠˋ ㄈㄢˋ	冒犯	17
ㄩㄢ ㄢˋ	冤案	17
ㄩㄢ ㄏㄨㄣˊ	冤魂	17
ㄇㄧㄥˊ ㄇㄧㄥˊ	冥冥	17
ㄌㄥˇ ㄌㄥˇ ㄑㄧㄥ ㄑㄧㄥ	冷冷清清	17
ㄌㄥˇ ㄈㄥ	冷風	17
ㄉㄨㄥˋ ㄓㄤˇ	凍漲	17
ㄉㄥˋ ㄗ˙	凳子	17
ㄠ ㄊㄨˊ ㄅㄨˋ ㄆㄧㄥˊ	凹凸不平	17
ㄔㄨ ㄔㄜ	出車	17
ㄈㄣ ㄗˇ ㄕㄥ ㄨˋ ㄒㄩㄝˊ	分子生物學	17
ㄈㄣ ㄈㄥ	分封	17
ㄈㄣ ㄒㄧ ㄐㄧㄚ	分析家	17
ㄈㄣ ㄕㄨㄛ	分說	17
ㄑㄧㄝˋ ㄑㄧㄝˋ	切切	17
ㄑㄧㄝ ㄍㄜ ㄔㄥˊ	切割成	17
ㄒㄧㄥˊ ㄕˋ ㄗㄨˇ ㄓㄤˇ	刑事組長	17
ㄆㄢˋ ㄐㄩㄝˊ ㄕㄨ	判決書	17
ㄅㄧㄝˊ ㄍㄨㄛˊ	別國	17
ㄅㄧㄝˊ ㄗˋ	別字	17
ㄅㄧㄝˊ ㄘㄨㄥˊ	別從	17
ㄅㄧㄝˊ ㄑㄧㄥˇ	別請	17
ㄌㄧˋ ㄧㄚˇ ㄉㄜˊ	利雅德	17
ㄕㄢ ㄔㄨˊ ㄌㄜ˙	刪除了	17
ㄉㄠˋ ㄉㄠˋ	到到	17
ㄉㄠˋ ㄓㄢˋ	到站	17
ㄘˋ ㄊㄨㄥˋ	刺痛	17
ㄑㄧㄢˊ ㄔㄜ	前車	17
ㄑㄧㄢˊ ㄜˊ	前額	17
ㄅㄛ ㄒㄧㄚˋ	剝下	17
ㄈㄨˋ ㄔㄥˊ ㄕˋ	副程式	17
ㄐㄩˋ ㄊㄨㄥˋ	劇痛	17
ㄐㄩˋ ㄅㄧㄢˋ	劇變	17
ㄐㄧㄚ ㄌㄜˋ ㄅㄧˇ	加勒比	17
ㄐㄧㄚ ㄍㄨㄚˋ	加掛	17
ㄕㄠˋ	劭	17
ㄇㄧㄢˇ ㄌㄧˋ	勉力	17
ㄕㄥˋ ㄊㄡˊ	勝投	17
ㄌㄠˊ ㄉㄨㄥˋ ㄐㄧ ㄓㄨㄣˇ	勞動基準	17
ㄌㄠˊ ㄒㄧㄣ	勞心	17
ㄑㄧㄣˊ ㄐㄧㄢˇ	勤儉	17
ㄑㄧㄣˊ ㄌㄧㄢˋ	勤練	17
ㄅㄟˇ ㄐㄧㄥ ㄉㄚˋ ㄒㄩㄝˊ	北京大學	17
ㄅㄟˇ ㄉㄨㄢ	北端	17
ㄕˊ ㄦˋ ㄊㄧㄢ	十二天	17
ㄕˊ ㄑㄩㄢˊ ㄕˊ ㄇㄟˇ	十全十美	17
ㄕˊ ㄅㄚ ㄖㄣˊ	十八人	17
ㄕˊ ㄍㄨㄥ ㄐㄧㄣ	十公斤	17
ㄕˊ ㄌㄧㄡˋ ㄖㄣˊ	十六人	17
ㄕˊ ㄙˋ ㄖㄣˊ	十四人	17
ㄕˊ ㄆㄧㄢ	十篇	17
ㄨˇ ㄕㄨㄟˋ	午睡	17
ㄋㄢˊ ㄉㄠˋ	南到	17
ㄋㄢˊ ㄠˋ	南澳	17
ㄋㄢˊ ㄇㄧㄢˋ	南面	17
ㄧㄣˋ ㄉㄧˋ ㄢ ㄖㄣˊ	印第安人	17
ㄩㄢˊ ㄔㄨㄤˋ ㄒㄧㄥˋ	原創性	17
ㄩㄢˊ ㄈㄥ	原封	17
ㄩㄢˊ ㄈㄥ ㄅㄨˊ ㄉㄨㄥˋ	原封不動	17
ㄩㄢˊ ㄒㄧㄥˊ	原形	17
ㄩㄢˊ ㄨˋ ㄌㄧㄠˋ	原物料	17
ㄩㄢˊ ㄗㄨㄟˋ	原罪	17
ㄩㄢˊ ㄙㄜˋ	原色	17
ㄧㄢˋ ㄕˋ	厭世	17
ㄌㄧˋ ㄕㄥ	厲聲	17
ㄘㄢ ㄍㄨㄢ ㄓㄜˇ	參觀者	17
ㄑㄩˇ ㄅㄠˇ	取保	17
ㄑㄩˇ ㄐㄧㄥˇ	取景	17
ㄑㄩˇ ㄗㄡˇ	取走	17
ㄕㄡˋ ㄊㄨㄛ	受託	17
ㄎㄡˇ ㄔㄨㄢˊ	口傳	17
ㄎㄡˇ ㄕㄠˋ	口哨	17
ㄎㄡˇ ㄅㄨˋ	口部	17
ㄍㄨˇ ㄒㄧ ㄌㄚˋ	古希臘	17
ㄍㄨˇ ㄕ	古詩	17
ㄌㄧㄥˋ ㄧ ㄘˋ	另一次	17
ㄌㄧㄥˋ ㄧˊ ㄘˋ	另一次	17
ㄌㄧㄥˋ ㄧ ㄇㄧㄢˋ	另一面	17
ㄌㄧㄥˋ ㄧˊ ㄇㄧㄢˋ	另一面	17
ㄓˇ ㄘㄨㄥˊ	只從	17
ㄓˇ ㄌㄧㄡˊ	只留	17
ㄓˇ ㄎㄞ	只開	17
ㄓˇ ㄍㄨˋ	只顧	17
ㄐㄧㄠˋ ㄇㄚˋ	叫罵	17
ㄐㄧㄠˋ ㄎㄨˇ ㄌㄧㄢˊ ㄊㄧㄢ	叫苦連天	17
ㄎㄜˇ ㄅㄨˋ ㄋㄥˊ	可不能	17
ㄎㄜˇ ㄈㄤˋ	可放	17
ㄎㄜˇ ㄐㄧㄡˋ	可救	17
ㄊㄞˊ ㄐㄧ	台基	17
ㄊㄞˊ ㄉㄧㄢˋ ㄉㄨㄟˋ	台電隊	17
ㄕˇ ㄉㄢ ㄈㄛˊ	史丹佛	17
ㄕˇ ㄆㄧ ㄅㄛˊ	史匹柏	17
ㄙ ㄧˊ	司儀	17
ㄙ ㄈㄚˇ ㄓˋ ㄉㄨˋ	司法制度	17
ㄙ ㄈㄚˇ ㄐㄧ ㄍㄨㄢ	司法機關	17
ㄔ ㄇㄧㄢˋ	吃麵	17
ㄍㄜˋ ㄒㄧˋ	各系	17
ㄏㄜˊ ㄗㄨㄛˋ	合做	17
ㄐㄧˊ ㄆㄨˇ ㄙㄞˋ ㄖㄣˊ	吉普賽人	17
ㄐㄧˊ ㄉㄚˊ	吉達	17
ㄊㄨㄥˊ ㄅㄨˋ ㄊㄨㄥˊ ㄧˋ	同不同意	17
ㄊㄨㄥˊ ㄑㄩˋ	同去	17
ㄊㄨㄥˊ ㄆㄠˊ	同袍	17
ㄊㄨㄥˊ ㄐㄧㄣˋ	同進	17
ㄇㄧㄥˊ ㄦ	名兒	17
ㄇㄧㄥˊ ㄦˊ	名兒	17
ㄒㄧㄤˋ ㄌㄞˊ ㄕˋ	向來是	17
ㄒㄧㄤˋ ㄋㄢˊ	向南	17
ㄒㄧㄤˋ ㄗㄨㄛˇ	向左	17
ㄐㄩㄣ ㄔㄣˊ	君臣	17
ㄧㄣˊ ㄙㄨㄥˋ	吟誦	17
ㄒㄧ ㄐㄧㄣˋ	吸進	17
ㄔㄨㄟ ㄉㄠˋ	吹到	17
ㄔㄨㄟ ㄆㄥˇ	吹捧	17
ㄨㄟˋ ㄐㄧㄥ	味精	17
ㄏㄜˊ ㄆㄧㄥˊ ㄉㄨㄥ ㄌㄨˋ	和平東路	17
ㄞ ㄍㄜ	哀歌	17
ㄆㄧㄣˇ ㄔㄨㄢ	品川	17
ㄉㄨㄛ ㄙㄨㄛ	哆嗦	17
ㄏㄚ ㄦˇ ㄅㄧㄣ	哈爾濱	17
ㄎㄨ ㄔㄨ	哭出	17
ㄓㄜˊ ㄖㄣˊ	哲人	17
ㄊㄤˊ ㄊㄞˋ ㄗㄨㄥ	唐太宗	17
ㄔㄤˋ ㄘˊ	唱詞	17
ㄓㄨㄛˊ ㄕˊ	啄食	17
ㄕㄤ ㄨˋ ㄘㄤ	商務艙	17
ㄕㄤ ㄍㄤˇ	商港	17
ㄕㄤ ㄑㄧㄥˇ	商請	17
ㄕㄤ ㄉㄨㄟˋ	商隊	17
ㄨㄣˋ ㄒㄧㄣ	問心	17
ㄧㄚˇ ㄎㄡˇ	啞口	17
ㄕㄢˋ ㄉㄞˋ	善待	17
ㄉㄧㄝˊ ㄒㄧㄝˇ ㄢˋ	喋血案	17
ㄑㄧㄠˊ ㄇㄨˋ	喬木	17
ㄉㄢ ㄐㄧ	單機	17
ㄉㄢ ㄔㄨㄣˊ ㄏㄨㄚˋ	單純化	17
ㄉㄢ ㄕㄣ ㄏㄢˋ	單身漢	17
ㄗㄜˊ ㄗㄜˊ ㄔㄥ ㄑㄧˊ	嘖嘖稱奇	17
ㄗㄨㄟˇ ㄌㄧㄢˇ	嘴臉	17
ㄙˋ ㄕˊ ㄉㄨㄛ ㄋㄧㄢˊ	四十多年	17
ㄙˋ ㄅㄧˋ	四壁	17
ㄏㄨㄟˊ ㄏㄨㄟˊ	回回	17
ㄏㄨㄟˊ ㄍㄨㄛ	回鍋	17
ㄏㄨㄟˊ ㄎㄨㄟˋ ㄍㄟˇ	回饋給	17
ㄍㄨㄛˊ ㄋㄟˋ ㄕㄥ ㄔㄢˇ	國內生產	17
ㄨㄟˊ ㄐㄧㄠˇ	圍剿	17
ㄊㄨˇ ㄒㄧㄥ	土星	17
ㄊㄨˇ ㄈㄚˇ	土法	17
ㄊㄨˇ ㄉㄡˋ	土豆	17
ㄗㄞˋ ㄢˋ	在案	17
ㄗㄞˋ ㄓˊ ㄐㄧㄣˋ ㄒㄧㄡ	在職進修	17
ㄉㄧˋ ㄉㄧˇ ㄒㄧㄚˋ	地底下	17
ㄉㄧˋ ㄈㄤ ㄕㄨㄟˋ	地方稅	17
ㄐㄩㄣ ㄉㄥˇ	均等	17
ㄗㄨㄛˋ ㄌㄧˋ	坐立	17
ㄗㄨㄛˋ ㄑㄧˇ ㄌㄞˊ	坐起來	17
ㄇㄞˊ ㄊㄡˊ ㄎㄨˇ ㄍㄢˋ	埋頭苦幹	17
ㄔㄥˊ ㄓㄨㄥ	城中	17
ㄐㄧ ㄧㄣ ㄊㄨˊ ㄅㄧㄢˋ	基因突變	17
ㄐㄧ ㄅㄣˇ ㄩㄢˊ ㄗㄜˊ	基本原則	17
ㄜˋ	堊	17
ㄨˋ	堊	17
ㄊㄧㄢˊ ㄅㄠˇ	填飽	17
ㄇㄛˋ ㄌㄩˋ	墨綠	17
ㄧㄚ ㄎㄜˋ ㄌㄧˋ	壓克力	17
ㄧㄚ ㄆㄛˋ ㄍㄢˇ	壓迫感	17
ㄏㄠˊ ㄍㄡ	壕溝	17
ㄓㄨㄤˋ ㄌㄧㄝˋ	壯烈	17
ㄨㄞˋ ㄏㄨㄢˋ	外患	17
ㄨㄞˋ ㄓㄠˇ	外找	17
ㄨㄞˋ ㄈㄤˋ	外放	17
ㄨㄞˋ ㄗㄨˇ	外祖	17
ㄉㄨㄛ ㄐㄧㄠ	多教	17
ㄉㄨㄛ ㄩㄢˇ	多遠	17
ㄉㄨㄛˊ ㄩㄢˇ	多遠	17
ㄧㄝˋ ㄔㄜ	夜車	17
ㄍㄡˋ ㄉㄚˇ	夠打	17
ㄉㄚˋ ㄅㄠ	大包	17
ㄉㄚˋ ㄕㄡˋ ㄏㄨㄢ ㄧㄥˊ	大受歡迎	17
ㄉㄚˋ ㄒㄩㄝˊ ㄒㄧㄠˋ ㄩㄢˋ	大學校院	17
ㄉㄚˋ ㄒㄩㄝˊ ㄌㄧㄢˊ ㄎㄠˇ	大學聯考	17
ㄉㄚˋ ㄒㄧㄚˊ ㄍㄨˇ	大峽谷	17
ㄉㄚˋ ㄅㄞˋ	大敗	17
ㄉㄚˋ ㄕㄨˋ	大數	17
ㄉㄚˋ ㄅㄧˇ	大比	17
ㄉㄚˋ ㄒㄧ ㄓㄣˋ	大溪鎮	17
ㄉㄚˋ ㄑㄩㄣˊ	大群	17
ㄉㄚˋ ㄩㄢˇ ㄅㄞˇ	大遠百	17
ㄊㄧㄢ ㄏㄢˊ	天寒	17
ㄊㄧㄢ ㄕ	天師	17
ㄊㄧㄢ ㄌㄧˇ	天理	17
ㄊㄞˋ ㄎㄨˇ	太苦	17
ㄕ ㄘㄨㄛˋ	失措	17
ㄑㄧˊ ㄘㄞˊ	奇才	17
ㄉㄧㄢˋ ㄒㄧㄚˋ	奠下	17
ㄠˋ ㄎㄜˋ ㄌㄚ ㄏㄜˊ ㄇㄚˇ	奧克拉荷馬	17
ㄉㄨㄛˊ ㄑㄩˋ	奪去	17
ㄋㄩˇ ㄘㄜˋ	女廁	17
ㄏㄠˋ ㄨˋ	好惡	17
ㄓㄨㄤ ㄉㄧㄢˇ	妝點	17
ㄑㄩˇ ㄑㄧ	娶妻	17
ㄆㄛˊ ㄗ˙	婆子	17
ㄨㄢˇ ㄩㄝ	婉約	17
ㄅㄧˋ	婢	17
ㄒㄧㄢˊ ㄑㄧˋ	嫌棄	17
ㄕㄣˇ ㄕㄣˇ	嬸嬸	17
ㄕㄣˇ ㄕㄣ˙	嬸嬸	17
ㄇㄥˋ ㄐㄧㄤ ㄋㄩˇ	孟姜女	17
ㄍㄨ ㄐㄩㄣ	孤軍	17
ㄕㄡˇ ㄨㄤˋ	守望	17
ㄕㄡˇ ㄐㄧㄡˋ	守舊	17
ㄢ ㄗㄤˋ	安葬	17
ㄏㄨㄥˊ ㄉㄚˊ	宏達	17
ㄍㄨㄢ ㄓˊ	官職	17
ㄉㄧㄥˋ ㄓㄨˋ	定住	17
ㄉㄧㄥˋ ㄌㄧㄤˋ ㄕˋ	定量式	17
ㄉㄧㄥˋ ㄔㄤˊ	定長	17
ㄎㄜˋ ㄘㄥˊ	客層	17
ㄎㄜˋ ㄔㄨㄢˊ	客船	17
ㄒㄩㄢ ㄔㄨㄢˊ ㄅㄨˋ	宣傳部	17
ㄗㄞˇ ㄒㄧㄤˋ	宰相	17
ㄐㄧㄚ ㄔㄤˊ ㄅㄧㄢˋ ㄈㄢˋ	家常便飯	17
ㄙㄨˋ ㄨㄤˇ	宿網	17
ㄐㄧˋ ㄐㄩ ㄒㄧㄝˋ	寄居蟹	17
ㄈㄨˋ ㄌㄧˋ ㄊㄤˊ ㄏㄨㄤˊ	富麗堂皇	17
ㄍㄨㄚˇ ㄧㄢˊ	寡言	17
ㄕˊ ㄕˊ ㄗㄞˋ ㄗㄞˋ	實實在在	17
ㄋㄧㄥˊ ㄅㄛ	寧波	17
ㄋㄧㄥˊ ㄆㄛ	寧波	17
ㄕㄣˇ ㄆㄢˋ ㄓㄤˇ	審判長	17
ㄔㄨㄥˇ ㄦˊ	寵兒	17
ㄅㄠˇ ㄒㄧㄤ	寶箱	17
ㄘㄨㄣˋ ㄐㄧㄣ	寸金	17
ㄈㄥ ㄨㄤˊ	封王	17
ㄕㄜˋ ㄒㄧㄚˋ	射下	17
ㄐㄧㄤ ㄉㄜˊ	將得	17
ㄐㄧㄤ ㄉㄟˇ	將得	17
ㄉㄨㄟˋ ㄓˊ	對質	17
ㄉㄨㄟˋ ㄍㄨㄛˋ ㄑㄩˋ	對過去	17
ㄉㄠˇ ㄇㄤˊ ㄓㄨㄢ	導盲磚	17
ㄒㄧㄠˇ ㄐㄩㄢˇ	小卷	17
ㄒㄧㄠˇ ㄑㄩㄢ ㄑㄩㄢ	小圈圈	17
ㄒㄧㄠˇ ㄩㄢˊ	小圓	17
ㄒㄧㄠˇ ㄏㄨㄛˇ ㄗ˙	小夥子	17
ㄒㄧㄠˇ ㄒㄧㄝˇ	小寫	17
ㄒㄧㄠˇ ㄕㄨˋ	小樹	17
ㄒㄧㄠˇ ㄓㄤˇ	小漲	17
ㄒㄧㄠˇ ㄌㄠˇ ㄕ	小老師	17
ㄒㄧㄠˇ ㄉㄧㄢˇ	小點	17
ㄕㄠˇ ㄕㄤˋ	少上	17
ㄕㄠˋ ㄗㄨㄛˇ	少佐	17
ㄕㄠˋ ㄅㄤˋ ㄉㄨㄟˋ	少棒隊	17
ㄐㄧㄡˋ ㄗㄨㄛˋ	就作	17
ㄨㄟˇ ㄅㄨˋ	尾部	17
ㄋㄧㄠˋ ㄕ ㄐㄧㄣˋ	尿失禁	17
ㄐㄩ ㄙㄨㄛˇ	居所	17
ㄐㄩ ㄐㄧㄢ	居間	17
ㄆㄧㄥˊ ㄒㄧㄢˋ	屏縣	17
ㄓㄢˇ ㄆㄧㄣˇ	展品	17
ㄌㄩˇ ㄩㄝ	履約	17
ㄐㄧㄚˇ	岬	17
ㄩㄝˋ ㄈㄨˋ	岳父	17
ㄐㄩㄣˋ ㄌㄧㄥˇ	峻嶺	17
ㄨㄟˊ ㄜˊ	巍峨	17
ㄨㄟˊ ㄨㄟˊ	巍巍	17
ㄍㄨㄥ ㄅㄧㄥ	工兵	17
ㄍㄨㄥ ㄧㄝˋ ㄍㄜˊ ㄇㄧㄥˋ	工業革命	17
ㄍㄨㄥ ㄔㄥˊ ㄔㄨˋ	工程處	17
ㄗㄨㄛˇ ㄧㄡˋ ㄨㄟˊ ㄋㄢˊ	左右為難	17
ㄐㄩˋ ㄌㄤˋ	巨浪	17
ㄅㄚ ㄌㄨㄛˋ ㄎㄜˋ ㄕˋ	巴洛克式	17
ㄕˋ ㄉㄧㄢˋ	市電	17
ㄕˋ ㄉㄤˇ ㄅㄨˋ	市黨部	17
ㄅㄨˋ ㄌㄨˇ ㄙㄞˋ ㄦˇ	布魯塞爾	17
ㄉㄧˋ ㄓˋ	帝雉	17
ㄕ ㄇㄨˇ	師母	17
ㄈㄨˊ ㄕㄜˋ	幅射	17
ㄆㄧㄥˊ ㄐㄧㄠ ㄉㄠˋ	平交道	17
ㄆㄧㄥˊ ㄒㄧㄣ ㄐㄧㄥˋ ㄑㄧˋ	平心靜氣	17
ㄆㄧㄥˊ ㄆㄢˊ	平盤	17
ㄆㄧㄥˊ ㄇㄧㄢˋ ㄉㄜ˙	平面的	17
ㄋㄧㄢˊ ㄐㄧㄡˇ	年久	17
ㄐㄧˇ ㄅㄨˋ	幾步	17
ㄌㄤˊ ㄉㄠˋ	廊道	17
ㄔㄤˇ ㄐㄧㄚ	廠家	17
ㄔㄤˇ ㄈㄤ	廠方	17
ㄓㄤ ㄉㄚˋ ㄔㄨㄣ	張大春	17
ㄧㄥˇ ㄧㄣˋ ㄐㄧ	影印機	17
ㄧㄥˇ ㄑㄩㄢ	影圈	17
ㄨㄤˇ ㄧㄡˋ	往右	17
ㄉㄞˋ ㄐㄧ	待機	17
ㄌㄩˋ ㄕ ㄕˋ ㄨˋ ㄙㄨㄛˇ	律師事務所	17
ㄌㄩˋ ㄈㄚˇ	律法	17
ㄏㄡˋ ㄉㄞˋ ㄗˇ ㄙㄨㄣ	後代子孫	17
ㄏㄡˋ ㄍㄨㄛˋ	後過	17
ㄉㄜˊ ㄓˋ	得志	17
ㄉㄜˊ ㄆㄧㄠˋ ㄕㄨˋ	得票數	17
ㄒㄧㄣ ㄓˋ	心志	17
ㄒㄧㄣ ㄧㄡˇ ㄑㄧ ㄑㄧ	心有戚戚	17
ㄅㄧˋ ㄙˇ	必死	17
ㄨㄤˋ ㄑㄧㄥˊ	忘情	17
ㄎㄨㄞˋ ㄕㄤˋ	快上	17
ㄎㄨㄞˋ ㄏㄨㄟˊ	快回	17
ㄎㄨㄞˋ ㄉㄚˇ	快打	17
ㄎㄨㄞˋ ㄅㄟˋ	快被	17
ㄎㄨㄞˋ ㄒㄩㄣˋ	快訊	17
ㄎㄨㄞˋ ㄙㄨˋ ㄉㄠˋ ㄌㄨˋ	快速道路	17
ㄐㄧˊ ㄑㄧˇ ㄓˊ ㄓㄨㄟ	急起直追	17
ㄒㄧㄥˋ ㄑㄩˋ	性趣	17
ㄣ ㄖㄣˊ	恩人	17
ㄉㄨㄥˋ ㄏㄜˋ	恫嚇	17
ㄊㄧㄢˊ ㄐㄧㄥˋ	恬靜	17
ㄨˋ ㄉㄠˋ	悟道	17
ㄔㄤˋ ㄨㄤˇ	悵惘	17
ㄇㄣ ㄇㄣ	悶悶	17
ㄇㄣ ㄇㄣˋ	悶悶	17
ㄑㄧㄥˊ ㄧㄡˇ ㄉㄨˊ ㄓㄨㄥ	情有獨鍾	17
ㄜˋ ㄒㄧㄥˋ	惡行	17
ㄒㄧㄤˇ ㄐㄧㄝ	想接	17
ㄒㄧㄥ ㄒㄧㄥ	惺惺	17
ㄔㄡˊ ㄇㄟˊ ㄎㄨˇ ㄌㄧㄢˇ	愁眉苦臉	17
ㄧˋ ㄒㄧㄚˋ	意下	17
ㄧˋ ㄨㄞˋ ㄕˋ ㄐㄧㄢˋ	意外事件	17
ㄧˋ ㄏㄨㄟˋ	意會	17
ㄞˋ ㄑㄧ	愛妻	17
ㄞˋ ㄌㄧㄢˋ	愛戀	17
ㄞˋ ㄔㄜ	愛車	17
ㄘㄢˇ ㄅㄞˋ	慘敗	17
ㄏㄨㄟˋ ㄧㄢˇ	慧眼	17
ㄨㄟˋ ㄌㄠˋ	慰勞	17
ㄧㄥˋ ㄩㄣˇ	應允	17
ㄠˋ ㄏㄨㄟˇ	懊悔	17
ㄒㄧˋ ㄋㄨㄥˋ	戲弄	17
ㄒㄧˋ ㄅㄢ	戲班	17
ㄔㄨㄛ ㄆㄛˋ	戳破	17
ㄈㄤˊ ㄓㄨㄥˋ	房仲	17
ㄕㄡˇ ㄋㄚˊ ㄓㄜ˙	手拿著	17
ㄕㄡˇ ㄨˇ ㄗㄨˊ ㄉㄠˋ	手舞足蹈	17
ㄘㄞˊ ㄇㄟˊ ㄧㄡˇ	才沒有	17
ㄉㄚˇ ㄕㄤ	打傷	17
ㄉㄚˇ ㄏㄨ	打呼	17
ㄉㄚˇ ㄗㄠˋ ㄔㄨ	打造出	17
ㄉㄚˇ ㄊㄡˊ	打頭	17
ㄎㄡˋ ㄔㄨˊ ㄜˊ	扣除額	17
ㄔㄜˇ ㄌㄧㄥˊ	扯鈴	17
ㄈㄨˊ ㄓㄜ˙	扶著	17
ㄓㄨㄚ ㄓㄜ˙	抓著	17
ㄊㄡˊ ㄉㄠˋ	投到	17
ㄊㄡˊ ㄊㄞ	投胎	17
ㄊㄡˊ ㄗ ㄜˊ	投資額	17
ㄊㄡˊ ㄗㄨˊ	投足	17
ㄇㄛˇ ㄔㄚˊ	抹茶	17
ㄧㄚ ㄐㄧㄣ	押金	17
ㄆㄠ ㄕㄡˋ	拋售	17
ㄅㄢˋ ㄇㄧㄢˋ	拌麵	17
ㄅㄚˊ ㄒㄧㄚˋ	拔下	17
ㄊㄨㄛ ㄓㄜ˙	拖著	17
ㄓㄠ ㄏㄨㄣˊ	招魂	17
ㄆㄧㄣ ㄐㄧㄥ ㄐㄧˋ	拼經濟	17
ㄓˇ ㄕˋ ㄆㄞˊ	指示牌	17
ㄓˇ ㄓㄣ	指針	17
ㄢˋ ㄇㄛˊ ㄕ	按摩師	17
ㄊㄧㄠˇ ㄉㄡˋ	挑逗	17
ㄨㄚ ㄉㄨㄥˋ	挖洞	17
ㄕㄡˋ ㄍㄟˇ	授給	17
ㄆㄞˊ ㄊㄚ ㄒㄧㄥˋ	排他性	17
ㄆㄞˊ ㄡˇ	排偶	17
ㄊㄢˋ ㄒㄧㄢˇ ㄐㄧㄚ	探險家	17
ㄐㄧㄝ ㄌㄧˋ ㄙㄞˋ	接力賽	17
ㄊㄨㄟ ㄌㄧˋ	推力	17
ㄊㄨㄟ ㄓㄜ˙	推著	17
ㄩˊ	揄	17
ㄏㄨㄢˋ ㄏㄨㄢˋ	換換	17
ㄙㄠ ㄧㄤˇ	搔癢	17
ㄉㄠˇ ㄌㄨㄢˋ	搗亂	17
ㄍㄠˇ ㄍㄨㄞˋ	搞怪	17
ㄅㄢ ㄔㄨ ㄌㄞˊ	搬出來	17
ㄇㄛˊ ㄦˇ	摩爾	17
ㄇㄛ ㄏㄟ	摸黑	17
ㄔㄥ ㄧㄠ	撐腰	17
ㄆㄨ ㄕㄨㄛˋ ㄇㄧˊ ㄌㄧˊ	撲朔迷離	17
ㄆㄨ ㄊㄨㄥ	撲通	17
ㄩㄥˇ ㄙㄜˋ	擁塞	17
ㄌㄨˇ ㄖㄣˊ ㄌㄜˋ ㄕㄨˊ	擄人勒贖	17
ㄐㄧˇ ㄗㄞˋ	擠在	17
ㄎㄨㄛˋ ㄧㄣ ㄑㄧˋ	擴音器	17
ㄆㄢ ㄕㄤˋ	攀上	17
ㄌㄢˊ ㄓㄨˋ	攔住	17
ㄕㄜˋ ㄧㄥˇ ㄐㄧˋ ㄓㄜˇ	攝影記者	17
ㄍㄞˇ ㄉㄠˋ	改道	17
ㄍㄞˇ ㄍㄜˊ ㄈㄚˇ	改革法	17
ㄈㄤˋ ㄉㄧ	放低	17
ㄓㄥˋ ㄑㄧㄥˊ	政情	17
ㄓㄥˋ ㄐㄧㄠˋ	政教	17
ㄓㄥˋ ㄧㄠˋ	政要	17
ㄍㄨˋ ㄍㄨㄛˊ	故國	17
ㄐㄧㄡˋ ㄏㄨㄛˊ	救活	17
ㄔˋ	敕	17
ㄙㄢˇ ㄓㄨㄤ	散裝	17
ㄐㄧㄥˋ ㄕㄤˋ	敬上	17
ㄑㄧㄠ ㄓㄚˋ	敲詐	17
ㄕㄨˋ ㄧˇ ㄅㄞˇ ㄨㄢˋ ㄐㄧˋ	數以百萬計	17
ㄅㄧˋ ㄇㄧㄥˋ	斃命	17
ㄨㄣˊ ㄏㄨㄚˋ ㄕˇ	文化史	17
ㄨㄣˊ ㄇㄧㄥˊ ㄅㄧㄥˋ	文明病	17
ㄨㄣˊ ㄕㄨ ㄔㄨˇ ㄌㄧˇ	文書處理	17
ㄨㄣˊ ㄕㄨ ㄔㄨˋ ㄌㄧˇ	文書處理	17
ㄨㄣˊ ㄘˊ	文詞	17
ㄨㄣˊ ㄧㄚˇ	文雅	17
ㄅㄢ ㄐㄧㄡ	斑鳩	17
ㄌㄢˊ	斕	17
ㄉㄡˇ ㄌㄧˋ	斗笠	17
ㄌㄧㄠˋ ㄒㄧㄤˇ	料想	17
ㄈㄤ ㄘㄨㄥˊ	方從	17
ㄕ ㄌㄧˋ	施力	17
ㄖˋ ㄐㄧㄡˇ	日久	17
ㄖˋ ㄈㄨˋ ㄧ ㄖˋ	日復一日	17
ㄖˋ ㄈㄨˋ ㄧˊ ㄖˋ	日復一日	17
ㄖˋ ㄅㄣˇ ㄏㄨㄚˋ	日本話	17
ㄖˋ ㄦˇ ㄇㄢˋ	日耳曼	17
ㄖˋ ㄒㄧㄣ	日薪	17
ㄗㄠˇ ㄒㄧㄝ	早些	17
ㄕㄥ ㄆㄧㄥˊ	昇平	17
ㄕㄥ ㄍㄠ	昇高	17
ㄇㄧㄥˊ ㄦˊ	明兒	17
ㄇㄧㄥˊ ㄏㄡˋ ㄊㄧㄢ	明後天	17
ㄇㄧㄥˊ ㄉㄠˋ	明道	17
ㄔㄨㄣ ㄌㄧㄢˊ	春聯	17
ㄕˊ ㄒㄧㄥˊ	時行	17
ㄕˊ ㄒㄧㄢˋ	時限	17
ㄐㄧㄣˋ ㄐㄧㄢˋ	晉見	17
ㄏㄨㄟˋ ㄢˋ	晦暗	17
ㄓˋ ㄏㄨㄟˋ ㄘㄞˊ ㄔㄢˇ ㄐㄩˊ	智慧財產局	17
ㄇㄨˋ ㄙㄜˋ	暮色	17
ㄕㄞˋ ㄍㄢ	曬乾	17
ㄍㄥˋ ㄐㄧㄣˇ	更緊	17
ㄍㄥ ㄧ	更衣	17
ㄘㄠˊ ㄐㄧㄣˇ ㄏㄨㄟ	曹錦輝	17
ㄗㄨㄟˋ ㄐㄧㄣˋ ㄐㄧˇ ㄊㄧㄢ	最近幾天	17
ㄗㄨㄟˋ ㄩㄢˇ	最遠	17
ㄧㄡˇ ㄐㄧㄣˋ	有勁	17
ㄧㄡˇ ㄐㄧㄥˋ	有勁	17
ㄈㄨˊ ㄅㄧㄥ ㄧˋ	服兵役	17
ㄨㄤˋ ㄒㄧㄤ	望鄉	17
ㄓㄠ ㄖˋ ㄒㄧㄣ ㄨㄣˊ	朝日新聞	17
ㄨㄟˋ ㄕㄤˋ	未上	17
ㄨㄟˋ ㄏㄨㄣ ㄑㄧ	未婚妻	17
ㄨㄟˋ ㄐㄧㄝ	未接	17
ㄅㄣˇ ㄩㄢˊ	本源	17
ㄅㄣˇ ㄕㄜˋ	本社	17
ㄅㄣˇ ㄆㄧㄠˋ	本票	17
ㄌㄧˇ ㄅㄧㄥˇ ㄏㄨㄟ	李炳輝	17
ㄙㄨㄥ ㄐㄧㄥˇ	松井	17
ㄌㄧㄣˊ ㄒㄩㄝˊ	林學	17
ㄖㄢˇ ㄓㄥˇ	染整	17
ㄖㄡˊ ㄇㄟˇ	柔美	17
ㄖㄡˊ ㄕㄨㄣˋ	柔順	17
ㄔㄚˊ ㄉㄜˊ	查得	17
ㄔㄚˊ ㄓㄠˋ	查照	17
ㄏㄜˊ ㄙㄨㄢˋ	核算	17
ㄊㄠˊ ㄌㄧˇ	桃李	17
ㄙㄣ ㄙㄣ	森森	17
ㄧㄤˊ ㄔㄠˊ ㄒㄧㄤˊ	楊朝祥	17
ㄖㄨㄥˊ ㄍㄨㄥ ㄉㄨㄟˋ	榮工隊	17
ㄖㄨㄥˊ ㄉㄥ	榮登	17
ㄍㄡˋ ㄐㄧㄢˋ	構件	17
ㄑㄧㄤ ㄍㄢˇ	槍桿	17
ㄑㄧㄤ ㄕㄥ	槍聲	17
ㄅㄧㄠ ㄓㄨㄣˇ ㄔㄚ	標準差	17
ㄐㄩˊ ㄏㄨㄥˊ ㄙㄜˋ	橘紅色	17
ㄐㄧ ㄨˋ	機務	17
ㄐㄧ ㄧㄡˊ	機油	17
ㄏㄥˊ ㄕㄢ ㄒㄧㄤ	橫山鄉	17
ㄐㄧㄢˇ ㄔㄚˊ ㄓㄤˇ	檢察長	17
ㄅㄧㄣ ㄔㄥˊ	檳城	17
ㄘˋ ㄌㄤˊ	次郎	17
ㄍㄜ ㄩㄥˇ	歌詠	17
ㄡ ㄇㄟˇ ㄍㄨㄛˊ ㄐㄧㄚ	歐美國家	17
ㄓㄥˋ ㄖㄣˊ	正人	17
ㄓㄥˋ ㄎㄜˇ ㄧˇ	正可以	17
ㄓㄥˋ ㄩㄥˋ	正用	17
ㄓㄥˋ ㄓㄠˊ	正著	17
ㄑㄧˊ ㄊㄨˊ	歧途	17
ㄧㄣ ㄕㄤ	殷商	17
ㄧㄣ ㄧㄣ	殷殷	17
ㄕㄚ ㄉㄧ	殺低	17
ㄇㄨˇ ㄋㄞˇ	母奶	17
ㄇㄨˇ ㄐㄧㄢˋ	母艦	17
ㄇㄟˇ ㄐㄧㄚ	每家	17
ㄉㄨˊ ㄕㄡˇ	毒手	17
ㄅㄧˋ ㄍㄨㄛˊ	比國	17
ㄅㄧˇ ㄙㄚˋ	比薩	17
ㄐㄧㄢˋ	毽	17
ㄇㄧㄣˊ ㄗㄨˊ ㄌㄨˋ	民族路	17
ㄑㄧˋ ㄙㄜˋ	氣色	17
ㄕㄨㄟˇ ㄓㄢˋ	水戰	17
ㄕㄨㄟˇ ㄒㄧㄝˋ ㄅㄨˋ ㄊㄨㄥ	水洩不通	17
ㄕㄨㄟˇ ㄓㄤˇ ㄔㄨㄢˊ ㄍㄠ	水漲船高	17
ㄕㄨㄟˇ ㄓˋ	水蛭	17
ㄕㄢˋ	汕	17
ㄏㄢˋ ㄌㄧㄡˊ ㄐㄧㄚˊ ㄅㄟˋ	汗流浹背	17
ㄐㄧㄤ ㄓㄜˋ	江浙	17
ㄔㄣˊ ㄌㄨㄣˊ	沈淪	17
ㄇㄟˊ ㄉㄨㄥˋ	沒動	17
ㄇㄟˊ ㄋㄚˊ ㄉㄠˋ	沒拿到	17
ㄕㄚ ㄕˊ	沙石	17
ㄧㄡˊ ㄒㄧㄤ	油箱	17
ㄧㄡˊ ㄇㄣˊ	油門	17
ㄧㄡˊ ㄅㄧㄥˇ	油餅	17
ㄓˋ ㄕˋ	治事	17
ㄧㄢˊ ㄐㄧㄤ	沿江	17
ㄈㄚˇ ㄆㄞ ㄨ	法拍屋	17
ㄈㄚˇ ㄒㄧ ㄙ ㄓㄨˇ ㄧˋ	法西斯主義	17
ㄆㄠˋ ㄘㄞˋ	泡菜	17
ㄓㄨˋ ㄕㄨ	注疏	17
ㄓㄨˋ ㄕㄨˋ	注疏	17
ㄧㄤˊ ㄌㄡˊ	洋樓	17
ㄒㄧˇ ㄕㄣˋ	洗腎	17
ㄉㄨㄥˋ ㄔㄚˊ	洞察	17
ㄉㄨㄥˋ ㄉㄨㄥˋ	洞洞	17
ㄏㄨㄥˊ ㄈㄨˊ	洪福	17
ㄏㄨㄛˊ ㄉㄨㄥˋ ㄌㄧㄤˋ	活動量	17
ㄏㄨㄛˊ ㄒㄧㄥˋ ㄏㄨㄚˋ	活性化	17
ㄆㄞˋ ㄌㄞˊ	派來	17
ㄌㄧㄡˊ ㄐㄧㄣˋ	流進	17
ㄐㄩㄣˋ	浚	17
ㄈㄨˊ ㄩㄣˊ	浮雲	17
ㄏㄞˇ ㄔㄨㄤˊ	海床	17
ㄏㄞˇ ㄉㄜˊ ㄅㄠˇ	海德堡	17
ㄏㄞˇ ㄈㄚˇ	海法	17
ㄏㄞˇ ㄕˊ	海蝕	17
ㄐㄧㄚˊ ㄅㄟˋ	浹背	17
ㄒㄧㄠ ㄅㄠˇ ㄈㄚˇ	消保法	17
ㄕㄨㄚ ㄕㄨㄚ ㄍㄨㄛ	涮涮鍋	17
ㄕㄨㄢˋ ㄕㄨㄢˋ ㄍㄨㄛ	涮涮鍋	17
ㄌㄧㄤˊ ㄅㄢˋ	涼拌	17
ㄉㄢˋ ㄔㄨ	淡出	17
ㄐㄧㄥˋ ㄌㄧˋ	淨利	17
ㄕㄣ ㄎㄥ	深坑	17
ㄏㄨㄣˋ ㄌㄜ˙	混了	17
ㄏㄨㄣˋ ㄨㄟˊ ㄧ ㄊㄢˊ	混為一談	17
ㄑㄧㄢˇ ㄌㄢˊ	淺藍	17
ㄑㄧㄥ ㄊㄧㄢˊ	清甜	17
ㄑㄧㄥ ㄓㄥ	清蒸	17
ㄏㄨㄢˋ	渙	17
ㄓㄨˇ	渚	17
ㄐㄧㄢˇ ㄉㄧㄠˋ	減掉	17
ㄧㄡˊ ㄗㄡˇ	游走	17
ㄏㄨㄣˊ ㄏㄡˋ	渾厚	17
ㄓㄨㄣˇ ㄅㄟˋ ㄏㄠˇ ㄉㄜ˙	準備好的	17
ㄌㄧㄡ ㄔㄨ	溜出	17
ㄒㄧ ㄏㄨˊ	溪湖	17
ㄨㄣ ㄘㄨㄣˊ	溫存	17
ㄨㄣ ㄐㄧㄚ ㄅㄠˇ	溫家寶	17
ㄓㄣ	溱	17
ㄖㄨㄥˊ ㄖㄨˋ	溶入	17
ㄇㄢˇ ㄎㄡˇ	滿口	17
ㄩˊ ㄨㄤˇ	漁網	17
ㄏㄢˋ ㄏㄨㄚˋ	漢化	17
ㄌㄧㄠˊ ㄉㄠˇ	潦倒	17
ㄌㄩˋ ㄍㄨㄛˋ	濾過	17
ㄍㄨㄢˋ ㄌㄨˋ	灌錄	17
ㄧㄢˊ ㄓㄥˋ	炎症	17
ㄆㄠˋ ㄏㄨㄛˇ	炮火	17
ㄆㄠˋ ㄏㄨㄥ	炮轟	17
ㄨˊ ㄑㄧˊ ㄅㄨˋ ㄧㄡˇ	無奇不有	17
ㄨˊ ㄑㄩㄢˊ	無權	17
ㄨˊ ㄒㄧㄚˊ	無瑕	17
ㄨˊ ㄩˇ ㄌㄨㄣˊ ㄅㄧˇ	無與倫比	17
ㄨˊ ㄉㄠˋ	無道	17
ㄐㄧㄠ ㄐㄩˋ	焦距	17
ㄐㄧㄠ ㄏㄟ	焦黑	17
ㄓㄠˋ ㄖㄣˊ	照人	17
ㄓㄠˋ ㄉㄠˋ	照到	17
ㄖㄢˊ ㄇㄟˊ	燃煤	17
ㄕㄣ	燊	17
ㄕㄠ ㄒㄧㄤ	燒香	17
ㄅㄠˋ ㄓㄚˋ ㄕㄥ	爆炸聲	17
ㄓㄠˇ ㄨㄚ	爪哇	17
ㄅㄢˇ ㄒㄧㄥˊ	版型	17
ㄆㄞˊ ㄨㄟˋ	牌位	17
ㄋㄧㄡˊ ㄖㄨˇ	牛乳	17
ㄋㄧㄡˊ ㄕˇ	牛屎	17
ㄍㄨˇ	牯	17
ㄊㄜˋ ㄅㄧㄝˊ ㄈㄚˇ	特別法	17
ㄊㄜˋ ㄘˇ	特此	17
ㄎㄨㄤˊ ㄅㄣ	狂奔	17
ㄘㄨˋ ㄖㄢˊ	猝然	17
ㄕ ㄗ˙ ㄕㄢ	獅子山	17
ㄉㄨˊ ㄗˇ	獨子	17
ㄉㄨˊ ㄗ	獨資	17
ㄕㄨㄞˋ ㄒㄧㄥˋ	率性	17
ㄨㄤˊ ㄗㄨㄛˋ	王座	17
ㄨㄤˊ ㄕㄨㄟˇ	王水	17
ㄨㄢˊ ㄨˋ ㄙㄤˋ ㄓˋ	玩物喪志	17
ㄨㄢˋ ㄨˋ ㄙㄤˋ ㄓˋ	玩物喪志	17
ㄨㄢˊ ㄑㄧˇ	玩起	17
ㄓㄣ ㄑㄧˊ	珍奇	17
ㄑㄧㄡˊ ㄉㄢˋ ㄅㄞˊ	球蛋白	17
ㄑㄧㄡˊ ㄌㄟˋ	球類	17
ㄌㄧˇ ㄒㄧㄤˇ ㄏㄨㄚˋ	理想化	17
ㄌㄧˇ ㄆㄟˊ ㄐㄧㄣ	理賠金	17
ㄍㄨㄚ ㄉㄧˋ ㄇㄚˇ ㄌㄚ	瓜地馬拉	17
ㄆㄧㄠˊ ㄔㄨㄥˊ	瓢蟲	17
ㄨㄚˇ ㄙ ㄌㄨˊ	瓦斯爐	17
ㄆㄧㄥˊ ㄍㄨㄢˋ	瓶罐	17
ㄆㄧㄥˊ ㄍㄞˋ	瓶蓋	17
ㄕㄥ ㄏㄠˇ	生好	17
ㄕㄥ ㄏㄨㄛˊ ㄒㄧㄥˊ ㄊㄞˋ	生活型態	17
ㄕㄥ ㄨˋ ㄐㄧㄥ ㄆㄧㄢˋ	生物晶片	17
ㄕㄥ ㄕㄨ	生疏	17
ㄕㄥ ㄕˊ	生食	17
ㄩㄥˋ ㄉㄜ˙ ㄓㄠˊ	用得著	17
ㄅㄥˊ	甭	17
ㄧㄡˊ ㄘˇ ㄎㄜˇ ㄓ	由此可知	17
ㄐㄧㄚˇ ㄧˇ	甲乙	17
ㄐㄧㄚˇ ㄔㄨㄥˊ	甲蟲	17
ㄕㄣ ㄙㄨˋ ㄢˋ	申訴案	17
ㄕㄣ ㄑㄧㄥˇ ㄅㄧㄠˇ	申請表	17
ㄌㄧㄡˊ ㄕㄣˊ	留神	17
ㄈㄢ ㄕㄨˇ	番薯	17
ㄧˋ ㄘㄞˇ	異彩	17
ㄕㄨ ㄊㄨㄥ	疏通	17
ㄧˊ ㄈㄢˋ	疑犯	17
ㄅㄧㄥˋ ㄇㄛˊ	病魔	17
ㄊㄨㄥˋ ㄉㄧㄥˋ ㄙ ㄊㄨㄥˋ	痛定思痛	17
ㄙㄨㄢ ㄊㄨㄥˋ	痠痛	17
ㄨㄟˇ	痿	17
ㄔ ㄑㄧㄥˊ	癡情	17
ㄧㄤˇ ㄧㄤˇ	癢癢	17
ㄅㄞˊ ㄓㄡˋ	白晝	17
ㄅㄞˊ ㄒㄧㄢˋ ㄅㄢ ㄨㄣˊ	白線斑蚊	17
ㄅㄞˊ ㄧˇ	白蟻	17
ㄅㄞˊ ㄐㄧㄥ	白鯨	17
ㄅㄞˇ ㄈㄣ ㄓ ㄅㄚ ㄕˊ ㄨˇ	百分之八十五	17
ㄅㄞˇ ㄐㄧㄚ ㄓㄥ ㄇㄧㄥˊ	百家爭鳴	17
ㄅㄞˇ ㄅㄨˋ	百步	17
ㄆㄢˊ ㄐㄩˋ	盤據	17
ㄓˊ ㄕㄨㄞˋ	直率	17
ㄒㄧㄤ ㄒㄧㄥˊ ㄓ ㄒㄧㄚˋ	相形之下	17
ㄒㄧㄤ ㄉㄞˋ	相待	17
ㄕㄥˇ ㄌㄜ˙	省了	17
ㄕㄥˇ ㄕˋ ㄓㄥˋ ㄈㄨˇ	省市政府	17
ㄕㄥˇ ㄕˋ ㄓㄤˇ	省市長	17
ㄎㄢˋ ㄅㄨˊ ㄍㄨㄛˋ	看不過	17
ㄎㄢˋ ㄅㄨˋ ㄍㄨㄛˋ	看不過	17
ㄎㄢˋ ㄆㄛˋ	看破	17
ㄓㄣ ㄏㄨㄟˋ	真會	17
ㄐㄩˋ	瞿	17
ㄑㄩ	瞿	17
ㄑㄩˊ	瞿	17
ㄓ ㄇㄧㄥˋ	知命	17
ㄓ ㄑㄧㄥ	知青	17
ㄉㄨㄢˇ ㄈㄚˇ	短髮	17
ㄒㄧˋ ㄐㄧㄠ	矽膠	17
ㄑㄧˋ ㄔㄥˊ	砌成	17
ㄎㄢˇ ㄉㄠˇ	砍倒	17
ㄆㄛˋ ㄇㄧㄠˋ	破廟	17
ㄆㄛˋ ㄐㄧˋ ㄌㄨˋ	破紀錄	17
ㄧㄥˋ ㄏㄨㄚˋ ㄓㄥˋ	硬化症	17
ㄙㄨㄟˋ ㄒㄧㄝˋ	碎屑	17
ㄨㄢˇ ㄆㄢˊ	碗盤	17
ㄊㄢˋ ㄙㄨㄢ	碳酸	17
ㄕㄜˋ ㄉㄚˋ	社大	17
ㄕㄜˋ ㄏㄨㄟˋ ㄐㄧㄥ ㄐㄧˋ	社會經濟	17
ㄇㄧˋ ㄈㄤ	祕方	17
ㄗㄨˇ ㄔㄨㄢˊ	祖傳	17
ㄗㄨㄛˋ	祚	17
ㄕㄣˊ ㄒㄩㄝˊ ㄩㄢˋ	神學院	17
ㄕㄣˊ ㄐㄧ	神蹟	17
ㄕㄣˊ ㄎㄢ	神龕	17
ㄐㄧㄣˋ ㄕˊ	禁食	17
ㄈㄨˊ ㄏㄨㄚˊ	福華	17
ㄑㄧㄣˊ ㄕㄡˋ	禽獸	17
ㄒㄧㄡˋ ㄈㄥ	秀峰	17
ㄎㄜ ㄅㄧㄝˊ	科別	17
ㄎㄜ ㄌㄨㄛˊ ㄌㄚ ㄉㄨㄛ	科羅拉多	17
ㄎㄜ ㄎㄠˇ	科考	17
ㄧˊ ㄇㄧㄣˊ ㄈㄚˇ	移民法	17
ㄕㄠ ㄐㄧㄚ	稍加	17
ㄔㄥ ㄨㄟˋ	稱謂	17
ㄎㄨㄥ ㄑㄧㄣˊ	空勤	17
ㄎㄨㄥ ㄌㄧㄥˊ	空靈	17
ㄔㄨㄢ ㄏㄠˇ	穿好	17
ㄔㄨㄢ ㄒㄧㄝˊ	穿鞋	17
ㄔㄨㄤ ㄊㄞˊ	窗台	17
ㄓㄢˋ ㄉㄧㄥˋ	站定	17
ㄓㄢˋ ㄎㄞ	站開	17
ㄐㄧㄥˋ ㄋㄥˊ	竟能	17
ㄓㄨˊ	竺	17
ㄒㄧㄠˋ ㄉㄜ˙	笑得	17
ㄒㄧㄠˋ ㄧˋ	笑意	17
ㄒㄧㄠˋ ㄑㄧˇ	笑起	17
ㄒㄧㄠˋ ㄑㄧˇ ㄌㄞˊ	笑起來	17
ㄈㄨˊ ㄇㄚˇ	符碼	17
ㄉㄧˋ ㄙㄢ ㄕˊ ㄌㄧㄡˋ	第三十六	17
ㄉㄧˋ ㄦˋ ㄐㄧˊ	第二集	17
ㄉㄧˋ ㄨˇ ㄍㄜ˙	第五個	17
ㄉㄧˋ ㄨˇ ㄓㄤ	第五章	17
ㄉㄥˇ ㄌㄧㄤˋ	等量	17
ㄈㄚˊ	筏	17
ㄉㄚˊ ㄘㄨㄛˋ	答錯	17
ㄍㄨㄢˇ ㄕˋ	管事	17
ㄍㄨㄢˇ ㄉㄠˋ	管到	17
ㄍㄨㄢˇ ㄒㄧㄢˊ ㄕˋ	管閒事	17
ㄉㄨˇ ㄒㄧㄣˋ	篤信	17
ㄑㄧㄢ ㄉㄠˋ	簽到	17
ㄈㄣˇ ㄕㄣ ㄙㄨㄟˋ ㄍㄨˇ	粉身碎骨	17
ㄘㄨ ㄙㄨˊ	粗俗	17
ㄐㄧㄥ ㄆㄧㄣˇ ㄉㄧㄢˋ	精品店	17
ㄐㄧㄥ ㄒㄧㄣ ㄕㄜˋ ㄐㄧˋ	精心設計	17
ㄐㄧㄥ ㄓˋ	精製	17
ㄐㄧㄥ ㄖㄨㄟˋ	精銳	17
ㄩㄝ ㄏㄢˋ ㄋㄧˊ ㄙ ㄅㄠˇ	約翰尼斯堡	17
ㄏㄨㄥˊ ㄅㄢ	紅斑	17
ㄏㄨㄥˊ ㄏㄞˇ	紅海	17
ㄔㄨㄣˊ ㄐㄧㄝˊ ㄉㄜ˙	純潔的	17
ㄔㄨㄣˊ ㄧˋ	純益	17
ㄔㄨㄣˊ ㄇㄟˇ	純美	17
ㄓˇ ㄏㄜˊ	紙盒	17
ㄓˇ ㄓˊ	紙質	17
ㄐㄧㄝˊ ㄔㄨ	結出	17
ㄐㄩㄝˊ ㄐㄩˋ	絕句	17
ㄐㄧㄠˇ ㄐㄧㄣˋ	絞盡	17
ㄊㄨㄥˇ ㄓㄢˋ	統戰	17
ㄐㄧㄥ ㄅㄨˋ ㄑㄧˇ	經不起	17
ㄐㄧㄥ ㄐㄧˋ ㄕˇ	經濟史	17
ㄐㄧㄥ ㄐㄧˋ ㄕㄤ	經紀商	17
ㄨㄤˇ ㄌㄨˋ ㄢ ㄑㄩㄢˊ	網路安全	17
ㄐㄧㄣˇ ㄨㄛˋ	緊握	17
ㄐㄧㄣˇ ㄊㄧㄝ	緊貼	17
ㄒㄧㄢˋ ㄉㄠˋ	線道	17
ㄅㄧㄢ ㄔㄨ	編出	17
ㄒㄩˋ ㄗㄨ	續租	17
ㄒㄧㄢ ㄒㄧˋ	纖細	17
ㄑㄩㄝ ㄧ	缺一	17
ㄓˋ ㄖㄨˋ ㄒㄧㄥˋ	置入性	17
ㄓˋ ㄏㄨㄟˋ	置喙	17
ㄓˋ ㄨˋ	置物	17
ㄓˋ ㄔㄢˇ	置產	17
ㄌㄧˊ ㄞˊ	罹癌	17
ㄌㄧˊ ㄧㄢˊ	罹癌	17
ㄌㄨㄛˊ ㄙ ㄈㄨˊ ㄌㄨˋ	羅斯福路	17
ㄇㄟˇ ㄐㄧㄚ	美加	17
ㄇㄟˇ ㄩˋ	美玉	17
ㄒㄧㄡ ㄙㄜˋ	羞澀	17
ㄑㄩㄣˊ ㄑㄧˇ	群起	17
ㄌㄠˇ ㄑㄩˋ	老去	17
ㄌㄠˇ ㄉㄧˋ	老弟	17
ㄌㄠˇ ㄕㄡˇ	老手	17
ㄎㄠˇ ㄔㄚˊ ㄊㄨㄢˊ	考察團	17
ㄧㄝ ㄉㄢˋ ㄧㄝˋ	耶誕夜	17
ㄕㄥˋ ㄒㄧㄣ	聖心	17
ㄕㄥˋ ㄉㄢˋ ㄧㄝˋ	聖誕夜	17
ㄌㄧㄢˊ ㄈㄚ ㄎㄜ	聯發科	17
ㄓˊ ㄔㄥ	職稱	17
ㄙˋ ㄨˊ ㄐㄧˋ ㄉㄢˋ	肆無忌憚	17
ㄉㄨˋ ㄗ˙ ㄌㄧˇ	肚子裡	17
ㄈㄟˊ ㄌㄜ˙	肥了	17
ㄈㄟˋ ㄑㄧˋ ㄓㄨㄥˇ	肺氣腫	17
ㄎㄨㄚˋ	胯	17
ㄒㄩㄥ ㄑㄧㄤ	胸腔	17
ㄊㄨㄛ ㄊㄠˊ	脫逃	17
ㄊㄨㄛ ㄒㄧㄝˊ	脫鞋	17
ㄧˋ ㄒㄧㄚˋ	腋下	17
ㄧㄝˋ ㄒㄧㄚˋ	腋下	17
ㄋㄠˇ ㄓ	腦汁	17
ㄙㄠ	臊	6.351308576902391
ㄙㄠˋ	臊	17
ㄌㄧㄣˊ ㄐㄧㄣˋ	臨近	17
ㄗˋ ㄉㄧㄥˋ	自定	17
ㄗˋ ㄩㄢˋ	自怨	17
ㄗˋ ㄖㄢˊ ㄨˋ	自然物	17
ㄗˋ ㄧㄡˊ ㄑㄩㄢˊ	自由權	17
ㄗˋ ㄔㄨˇ	自處	17
ㄐㄩˇ ㄕˋ ㄨㄣˊ ㄇㄧㄥˊ	舉世聞名	17
ㄐㄩˇ ㄅㄢˋ ㄏㄨㄛˊ ㄉㄨㄥˋ	舉辦活動	17
ㄐㄧㄡˋ ㄓˋ	舊制	17
ㄕㄨ ㄓㄢˇ	舒展	17
ㄓ ㄕㄢ	芝山	17
ㄑㄧㄣˊ ㄘㄞˋ	芹菜	17
ㄌㄧㄥˊ ㄧㄚˇ ㄑㄩ	苓雅區	17
ㄎㄜ ㄎㄜˋ	苛刻	17
ㄖㄨㄛˋ ㄨㄤˋ	若望	17
ㄖㄨㄛˋ ㄨˊ ㄑㄧˊ ㄕˋ	若無其事	17
ㄎㄨˇ ㄨˊ	苦無	17
ㄧㄥ ㄏㄢˋ	英漢	17
ㄧㄥ ㄧˋ	英譯	17
ㄑㄧㄝˊ ㄗ˙	茄子	17
ㄔㄚˊ ㄅㄠ	茶包	17
ㄘㄠˇ ㄊㄨㄣˊ ㄓㄣˋ	草屯鎮	17
ㄘㄠˇ ㄆㄧˊ	草皮	17
ㄆㄨˊ ㄊㄧㄢˊ	莆田	17
ㄐㄧㄥ ㄏㄨㄚˊ	菁華	17
ㄘㄞˋ ㄆㄨˇ	菜圃	17
ㄏㄨㄚˊ ㄍㄤ	華岡	17
ㄧㄢ ㄐㄧㄡˇ ㄍㄨㄥ ㄇㄞˋ ㄐㄩˊ	菸酒公賣局	17
ㄨㄢˋ ㄐㄧㄚ	萬家	17
ㄧㄝˋ ㄐㄧㄣ ㄔㄨㄢ	葉金川	17
ㄓㄨㄛˊ ㄙㄜˋ	著色	17
ㄓㄨㄛˊ ㄓㄨㄥˋ ㄩˊ	著重於	17
ㄉㄨㄥˇ ㄕˋ ㄐㄧ ㄐㄧㄣ ㄏㄨㄟˋ	董氏基金會	17
ㄇㄥˊ ㄅㄧˋ	蒙蔽	17
ㄆㄥˊ ㄊㄡˊ	蓬頭	17
ㄆㄥˊ ㄙㄨㄥ	蓬鬆	17
ㄘㄞˋ ㄧ ㄌㄧㄣˊ	蔡依林	17
ㄎㄡˋ	蔻	17
ㄐㄧㄝˋ ㄍㄨˋ	藉故	17
ㄗㄤˋ ㄗㄨˊ	藏族	17
ㄧㄠˋ ㄕˋ ㄈㄚˇ	藥事法	17
ㄧㄠˋ ㄒㄧㄠˋ	藥效	17
ㄇㄛˊ ㄍㄨ	蘑菇	17
ㄌㄢˊ ㄧㄤˊ ㄒㄧ	蘭陽溪	17
ㄔㄨˇ ㄐㄩㄝˊ	處決	17
ㄇㄧˋ ㄈㄣˇ	蜜粉	17
ㄔㄨㄥˊ ㄊㄧˇ	蟲體	17
ㄒㄧㄥˊ ㄒㄧㄥˊ	行刑	17
ㄒㄧㄥˊ ㄋㄧㄢˊ	行年	17
ㄒㄧㄥˊ ㄓㄥˋ ㄩㄢˋ ㄓㄨˇ ㄐㄧˋ ㄔㄨˋ	行政院主計處	17
ㄏㄤˊ ㄊㄡˊ	行頭	17
ㄨㄟˋ ㄕㄥ ㄔㄨˋ	衛生處	17
ㄨㄟˋ ㄕㄥ ㄅㄨˋ	衛生部	17
ㄅㄨˇ ㄆㄧㄣˇ	補品	17
ㄅㄨˇ ㄑㄧˊ	補齊	17
ㄓㄨㄤ ㄉㄧㄥˋ	裝訂	17
ㄓˋ ㄊㄨˊ	製圖	17
ㄓˋ ㄊㄤˊ	製糖	17
ㄈㄨˋ ㄓˋ ㄔㄨ	複製出	17
ㄈㄨˋ ㄓˋ ㄓㄨ	複製豬	17
ㄒㄧˊ	褶	17
ㄓㄜˊ	褶	17
ㄔㄣˋ ㄧ	襯衣	17
ㄒㄧ ㄅㄟˇ ㄅㄨˋ	西北部	17
ㄒㄧ ㄐㄧㄝ	西街	17
ㄒㄧ ㄌㄧˇ	西里	17
ㄧㄠˋ ㄓㄢˋ	要站	17
ㄐㄧㄝˇ ㄒㄧㄚˋ	解下	17
ㄉㄧㄥˋ ㄉㄠˋ	訂到	17
ㄊㄠˇ ㄌㄜ˙	討了	17
ㄊㄠˇ ㄐㄧㄠˋ	討教	17
ㄕㄜˋ ㄩˊ	設於	17
ㄓㄣˇ ㄓˋ	診治	17
ㄆㄧㄥˊ ㄧˋ ㄏㄨㄟˋ	評議會	17
ㄕˋ ㄆㄧㄢˋ	試片	17
ㄕˋ ㄧㄢˋ ㄔㄤˇ	試驗場	17
ㄏㄨㄚˋ ㄐㄧㄚ ㄔㄤˊ	話家常	17
ㄍㄞ ㄆㄧㄢˋ	該片	17
ㄩˇ ㄐㄩˋ	語句	17
ㄔㄥˊ ㄓㄥ	誠徵	17
ㄕㄨㄛ ㄔㄨㄢ ㄌㄜ˙	說穿了	17
ㄊㄧㄠˊ ㄓㄥˇ ㄉㄠˋ	調整到	17
ㄌㄨㄣˋ ㄓㄥˋ	論政	17
ㄓㄨ ㄨㄟˋ	諸位	17
ㄐㄧㄤˇ ㄉㄠˋ	講道	17
ㄒㄧㄝˋ ㄗㄨㄟˋ	謝罪	17
ㄓㄥˋ ㄧㄢˊ ㄈㄚˇ ㄕ	證嚴法師	17
ㄏㄨˋ ㄒㄧㄠˋ	護校	17
ㄖㄤˋ ㄉㄨˋ	讓渡	17
ㄕˇ	豕	17
ㄓㄨ ㄒㄧㄝˇ	豬血	17
ㄇㄠˋ ㄙˋ	貌似	17
ㄈㄨˋ ㄉㄢ ㄉㄜ˙ ㄑㄧˇ	負擔得起	17
ㄏㄨㄛˋ ㄐㄧ	貨機	17
ㄍㄨㄟˋ ㄈㄟ	貴妃	17
ㄍㄨㄟˋ ㄐㄧㄣ ㄕㄨˇ	貴金屬	17
ㄅㄧㄢˇ ㄉㄧ	貶低	17
ㄇㄞˇ ㄏㄠˇ	買好	17
ㄈㄟˋ ㄍㄨㄥ	費工	17
ㄊㄧㄝ ㄔㄨ ㄌㄞˊ	貼出來	17
ㄅㄧㄣ ㄍㄨㄛˇ	賓果	17
ㄇㄞˋ ㄇㄧㄥˋ	賣命	17
ㄈㄨˋ ㄕ	賦詩	17
ㄓˊ ㄧㄚ	質押	17
ㄉㄨˇ ㄊㄨˊ	賭徒	17
ㄗㄡˇ ㄑㄧˇ	走起	17
ㄔㄠ ㄓˊ	超值	17
ㄩㄝˋ ㄉㄨㄛ ㄩㄝˋ ㄏㄠˇ	越多越好	17
ㄍㄢˇ ㄅㄨˊ ㄕㄤˋ	趕不上	17
ㄗㄨˊ ㄜˊ	足額	17
ㄆㄚ ㄗㄞˋ	趴在	17
ㄆㄠˇ ㄅㄨˊ ㄉㄧㄠˋ	跑不掉	17
ㄆㄠˇ ㄆㄠˇ	跑跑	17
ㄋㄧㄝˋ	躡	17
ㄕㄣ ㄓㄨㄛˊ	身著	17
ㄔㄜ ㄕㄥ	車聲	17
ㄔㄜ ㄗ	車資	17
ㄐㄩㄣ ㄒㄩㄣˋ ㄕˋ	軍訓室	17
ㄐㄩㄣ ㄧ ㄩㄢˋ	軍醫院	17
ㄑㄧㄥ ㄦˊ ㄧˋ ㄐㄩˇ	輕而易舉	17
ㄑㄧㄥ ㄧㄢˊ	輕言	17
ㄐㄧㄠˋ ㄗ˙	轎子	17
ㄒㄧㄣ ㄌㄚˋ	辛辣	17
ㄘˊ ㄏㄨㄟˋ	辭彙	17
ㄘˊ ㄈㄨˋ	辭賦	17
ㄋㄨㄥˊ ㄐㄩˋ	農具	17
ㄋㄨㄥˊ ㄩㄢˊ	農園	17
ㄧㄥˊ ㄊㄡˊ ㄍㄢˇ ㄕㄤˋ	迎頭趕上	17
ㄇㄧˊ ㄇㄥˊ	迷濛	17
ㄇㄧˊ ㄇㄤˊ	迷茫	17
ㄓㄨㄟ ㄙㄨˋ ㄉㄠˋ	追溯到	17
ㄊㄨㄟˋ ㄑㄩㄝˋ	退卻	17
ㄊㄨㄟˋ ㄏㄨㄟˊ ㄌㄞˊ	退回來	17
ㄊㄨㄟˋ ㄖㄤˋ	退讓	17
ㄊㄠˊ ㄌㄡˋ	逃漏	17
ㄗㄠˋ ㄐㄩˋ	造句	17
ㄐㄧㄣˋ ㄧ ㄅㄨˋ ㄉㄧˋ	進一步地	17
ㄐㄧㄣˋ ㄧ ㄅㄨˋ ㄉㄧ˙	進一步地	17
ㄧˋ ㄇㄧㄣˊ	逸民	17
ㄅㄧ ㄔㄨ	逼出	17
ㄧㄡˊ ㄕㄢ ㄨㄢˊ ㄕㄨㄟˇ	遊山玩水	17
ㄩㄣˋ ㄉㄨㄥˋ ㄒㄧㄝˊ	運動鞋	17
ㄍㄨㄛˋ ㄕˊ ㄉㄜ˙	過時的	17
ㄍㄨㄛˋ ㄉㄨㄢˇ	過短	17
ㄉㄠˋ ㄓㄤˇ	道長	17
ㄑㄧㄢ ㄐㄩ	遷居	17
ㄑㄧㄢ ㄨㄤˇ	遷往	17
ㄧˊ ㄓㄨˇ	遺囑	17
ㄧˊ ㄇㄧㄣˊ	遺民	17
ㄋㄚˋ ㄇㄛ˙ ㄉㄨㄛ ㄑㄧㄢˊ	那麼多錢	17
ㄋㄚˋ ㄇㄜ˙ ㄉㄨㄛ ㄑㄧㄢˊ	那麼多錢	17
ㄍㄨㄛ ㄗˇ ㄧˊ	郭子儀	17
ㄧㄡˊ ㄅㄠˋ	郵報	17
ㄉㄡ ㄒㄧㄚˋ	都下	17
ㄌㄧㄣˊ ㄐㄧㄝ	鄰接	17
ㄎㄨˋ ㄒㄧㄥˊ	酷刑	17
ㄧㄢ ㄗˋ	醃漬	17
ㄗㄨㄟˋ ㄒㄧㄣ	醉心	17
ㄗㄨㄟˋ ㄍㄨㄟˇ	醉鬼	17
ㄊㄧˊ ㄏㄨˊ	醍醐	17
ㄏㄨˊ	醐	17
ㄓㄨㄥˋ ㄢˋ	重案	17
ㄧㄝˇ ㄖㄣˊ	野人	17
ㄧㄝˇ ㄐㄧ ㄔㄜ	野雞車	17
ㄐㄧㄣ ㄑㄧㄡˊ ㄐㄧㄤˇ	金球獎	17
ㄐㄧㄣ ㄔㄜ	金車	17
ㄧㄣˊ ㄅㄧˋ	銀幣	17
ㄧㄣˊ ㄉㄢˋ	銀彈	17
ㄧㄣˊ ㄏㄤˊ ㄐㄧㄝˋ	銀行界	17
ㄎㄠˋ	銬	17
ㄌㄩˇ ㄍㄨㄢˋ	鋁罐	17
ㄆㄨ ㄌㄨˋ	鋪路	17
ㄌㄧˇ ㄉㄧㄢˋ ㄔˊ	鋰電池	17
ㄎㄨㄣ	錕	17
ㄙㄨㄛˇ ㄉㄧㄥˋ ㄗㄞˋ	鎖定在	17
ㄓㄨㄥ ㄉㄧㄢˇ ㄈㄟˋ	鐘點費	17
ㄌㄧㄢˊ ㄉㄠ	鐮刀	17
ㄓㄨㄛˊ ㄗ˙	鐲子	17
ㄊㄧㄝˇ ㄊㄧㄠˊ	鐵條	17
ㄐㄧㄢˋ ㄕˋ	鑑識	17
ㄓㄤˇ ㄉㄜˊ ㄒㄧㄤˋ	長得像	17
ㄔㄤˊ ㄕㄚ	長沙	17
ㄇㄣˊ ㄆㄞˊ	門牌	17
ㄇㄣˊ ㄉㄠˋ	門道	17
ㄇㄣˊ ㄌㄧㄥˊ	門鈴	17
ㄎㄞ ㄔㄨ ㄌㄞˊ	開出來	17
ㄎㄞ ㄗㄨㄥ ㄇㄧㄥˊ ㄧˋ	開宗明義	17
ㄎㄞ ㄈㄚ ㄔㄥˊ	開發成	17
ㄎㄞ ㄉㄠˋ	開道	17
ㄍㄨㄟ ㄒㄧㄡˋ	閨秀	17
ㄩㄝˋ ㄌㄧˋ	閱歷	17
ㄢˋ	闇	17
ㄚ ㄅㄠˇ	阿寶	17
ㄐㄧㄤˋ ㄈㄨˊ	降幅	17
ㄔㄨˊ ㄕㄨㄤ	除霜	17
ㄧㄣ ㄐㄧㄢ	陰間	17
ㄌㄨˋ ㄌㄧˊ	陸離	17
ㄙㄨㄟˊ ㄕㄣ ㄊㄧㄥ	隨身聽	17
ㄧㄣˇ ㄒㄧㄥˊ ㄖㄣˊ	隱形人	17
ㄐㄧˊ ㄕˋ	集市	17
ㄐㄧˊ ㄐㄧㄣˇ	集錦	17
ㄕㄨㄤ ㄒㄧㄥˋ ㄌㄧㄢˋ	雙性戀	17
ㄕㄨㄤ ㄇㄨˋ	雙目	17
ㄕㄨㄤ ㄍㄨㄢˇ	雙管	17
ㄋㄢˊ ㄧˇ ㄧㄢˊ ㄩˋ	難以言喻	17
ㄅㄠˊ	雹	17
ㄉㄧㄢˋ ㄗㄞˇ	電宰	17
ㄉㄧㄢˋ ㄧㄥˇ ㄆㄧㄠˋ	電影票	17
ㄉㄧㄢˋ ㄐㄧㄥ ㄊㄧˇ	電晶體	17
ㄉㄧㄢˋ ㄩㄥˇ	電泳	17
ㄉㄧㄢˋ ㄩㄢˊ ㄒㄧㄢˋ	電源線	17
ㄉㄧㄢˋ ㄏㄨㄚˋ ㄅㄨˋ	電話簿	17
ㄓㄢ	霑	17
ㄨˋ ㄌㄧˇ	霧裡	17
ㄑㄧㄥ ㄅㄤˋ	青棒	17
ㄈㄟ ㄖㄨˊ	非如	17
ㄇㄧˇ ㄇㄧˇ ㄓ ㄧㄣ	靡靡之音	17
ㄇㄧㄢˋ ㄉㄞˋ ㄒㄧㄠˋ ㄖㄨㄥˊ	面帶笑容	17
ㄇㄧㄢˋ ㄓˇ	面紙	17
ㄧㄝˋ	靨	17
ㄧㄣ ㄩㄝˋ ㄕˇ	音樂史	17
ㄧㄣ ㄐㄧㄝ	音階	17
ㄩㄣˋ ㄕˋ	韻事	17
ㄩㄣˋ ㄇㄨˇ	韻母	17
ㄕㄨㄣˋ ㄈㄥ	順風	17
ㄌㄧㄥˇ ㄔㄨ	領出	17
ㄊㄡˊ ㄉㄥˇ ㄘㄤ	頭等艙	17
ㄊㄡˊ ㄓㄣˋ	頭陣	17
ㄊㄧˊ ㄒㄧㄚˋ	題下	17
ㄊㄧˊ ㄇㄧㄥˊ	題名	17
ㄈㄥ ㄕㄤˋ	風尚	17
ㄈㄥ ㄐㄧˋ	風紀	17
ㄈㄥ ㄑㄧˇ ㄩㄣˊ ㄩㄥˇ	風起雲湧	17
ㄆㄧㄠ ㄙㄢˋ	飄散	17
ㄆㄧㄠ ㄌㄨㄛˋ	飄落	17
ㄈㄟ ㄐㄧ ㄔㄤˇ	飛機場	17
ㄕˊ ㄌㄧㄤˋ	食量	17
ㄧㄣˇ ㄉㄧㄢˋ	飲店	17
ㄧㄣˇ ㄏㄣˋ	飲恨	17
ㄧˊ	飴	17
ㄕˋ ㄨˋ	飾物	17
ㄘㄢ ㄔㄜ	餐車	17
ㄒㄧㄤ ㄐㄧㄥ	香精	17
ㄒㄧㄤ ㄔㄨㄣˊ	香醇	17
ㄇㄚˇ ㄉㄜˊ ㄌㄧˇ	馬德里	17
ㄙㄠ ㄖㄣˊ	騷人	17
ㄐㄧㄥ ㄊㄠˊ	驚濤	17
ㄊㄧˇ ㄒㄧㄝˊ	體協	17
ㄍㄠ ㄖㄣˊ ㄧ ㄉㄥˇ	高人一等	17
ㄍㄠ ㄖㄣˊ ㄧˋ ㄉㄥˇ	高人一等	17
ㄍㄠ ㄐㄧㄚ ㄙㄨㄛˇ	高加索	17
ㄍㄠ ㄒㄧㄥˋ ㄋㄥˊ	高性能	17
ㄍㄠ ㄑㄧㄤˊ	高牆	17
ㄍㄠ ㄌㄧㄥˊ ㄏㄨㄚˋ ㄕㄜˋ ㄏㄨㄟˋ	高齡化社會	17
ㄐㄧˋ	髻	17
ㄍㄨㄟˇ ㄗ˙	鬼子	17
ㄩˊ ㄕˋ	魚市	17
ㄩˊ ㄨㄤˇ	魚網	17
ㄩˊ ㄌㄧㄣˊ ㄒㄧㄢˇ	魚鱗癬	17
ㄒㄧㄢ ㄉㄨˋ	鮮度	17
ㄒㄧㄢˇ ㄧㄡˇ	鮮有	17
ㄗㄨㄣ ㄩˊ	鱒魚	17
ㄗㄨㄣˋ ㄩˊ	鱒魚	17
ㄋㄧㄠˇ ㄇㄧㄥˊ	鳥鳴	17
ㄒㄧㄢˊ ㄩˊ	鹹魚	17
ㄌㄨˋ ㄧㄝˇ	鹿野	17
ㄏㄟ ㄇㄨˋ	黑木	17
ㄏㄟ ㄌㄨㄥˊ	黑龍	17
ㄉㄧㄢˇ ㄌㄧㄤˋ	點亮	17
ㄉㄧㄢˇ ㄐㄧㄥ	點睛	17
ㄉㄧㄢˇ ㄘㄞˋ	點菜	17
ㄑㄧˊ ㄅㄟˋ	齊備	17
ㄑㄧˊ ㄒㄧㄣ	齊心	17
ㄌㄨㄥˊ ㄋㄩˇ	龍女	17
ㄧ ㄑㄧ ㄌㄧㄡˋ	一七六	16
ㄧ ㄒㄧㄚˋ ㄊㄞˊ	一下台	16
ㄧˊ ㄒㄧㄚˋ ㄊㄞˊ	一下台	16
ㄧ ㄩㄢˊ	一圓	16
ㄧˋ ㄩㄢˊ	一圓	16
ㄧ ㄒㄩㄝˊ ㄑㄧˊ	一學期	16
ㄧˋ ㄒㄩㄝˊ ㄑㄧˊ	一學期	16
ㄧ ㄈㄢˊ ㄈㄥ ㄕㄨㄣˋ	一帆風順	16
ㄧˋ ㄈㄢˊ ㄈㄥ ㄕㄨㄣˋ	一帆風順	16
ㄧ ㄋㄧㄢˊ ㄌㄧˇ	一年裡	16
ㄧˋ ㄋㄧㄢˊ ㄌㄧˇ	一年裡	16
ㄧ ㄏㄠˊ	一毫	16
ㄧˋ ㄏㄠˊ	一毫	16
ㄧ ㄧㄤˇ ㄏㄨㄚˋ ㄊㄢˋ	一氧化碳	16
ㄧˋ ㄧㄤˇ ㄏㄨㄚˋ ㄊㄢˋ	一氧化碳	16
ㄧ ㄏㄨㄚˋ	一畫	16
ㄧˊ ㄏㄨㄚˋ	一畫	16
ㄧ ㄓˊ ㄗㄡˇ	一直走	16
ㄧ ㄍㄨㄢˋ	一罐	16
ㄧˊ ㄍㄨㄢˋ	一罐	16
ㄧ ㄕㄥ ㄌㄧㄥˋ ㄒㄧㄚˋ	一聲令下	16
ㄧˋ ㄕㄥ ㄌㄧㄥˋ ㄒㄧㄚˋ	一聲令下	16
ㄧ ㄐㄩˇ ㄌㄧㄤˇ ㄉㄜˊ	一舉兩得	16
ㄧˋ ㄐㄩˇ ㄌㄧㄤˇ ㄉㄜˊ	一舉兩得	16
ㄧ ㄨㄢˋ ㄎㄨㄞˋ	一萬塊	16
ㄧˊ ㄨㄢˋ ㄎㄨㄞˋ	一萬塊	16
ㄧ ㄅㄧㄠˇ	一表	16
ㄧˋ ㄅㄧㄠˇ	一表	16
ㄧ ㄌㄢˇ ㄨˊ ㄧˊ	一覽無遺	16
ㄧˋ ㄌㄢˇ ㄨˊ ㄧˊ	一覽無遺	16
ㄧ ㄔㄨ ㄒㄧˋ	一齣戲	16
ㄧˋ ㄔㄨ ㄒㄧˋ	一齣戲	16
ㄑㄧ ㄗㄨㄟˇ ㄅㄚ ㄕㄜˊ	七嘴八舌	16
ㄙㄢ ㄅㄨˋ ㄓㄥˋ ㄘㄜˋ	三不政策	16
ㄙㄢ ㄒㄧㄢˊ	三弦	16
ㄙㄢ ㄕㄥ	三生	16
ㄙㄢ ㄅㄞˇ ㄖㄣˊ	三百人	16
ㄙㄢ ㄅㄞˇ ㄩㄢˊ	三百元	16
ㄙㄢ ㄌㄧㄥˊ ㄋㄧㄢˊ ㄉㄞˋ	三零年代	16
ㄕㄤˋ ㄕˋ	上世	16
ㄕㄤˋ ㄅㄢˋ ㄕㄣ	上半身	16
ㄕㄤˋ ㄌㄟˇ	上壘	16
ㄕㄤˋ ㄇㄧㄥˊ	上明	16
ㄕㄤˋ ㄅㄧㄢ	上邊	16
ㄕㄤˋ ㄉㄧㄢˇ	上點	16
ㄒㄧㄚˋ ㄅㄢˋ ㄕㄣ	下半身	16
ㄒㄧㄚˋ ㄅㄢ ㄕˊ ㄐㄧㄢ	下班時間	16
ㄒㄧㄚˋ ㄐㄧㄝˊ ㄌㄨㄣˋ	下結論	16
ㄒㄧㄚˋ ㄈㄥ	下風	16
ㄅㄨˋ ㄎㄜˇ ㄅㄨˊ	不可不	16
ㄅㄨˋ ㄎㄜˇ ㄅㄨˋ	不可不	16
ㄅㄨˊ ㄏㄨㄢˋ	不換	16
ㄅㄨˋ ㄗㄠˇ	不早	16
ㄅㄨˋ ㄨㄟˊ ㄖㄣˊ ㄓ	不為人知	16
ㄅㄨˋ ㄐㄧ	不羈	16
ㄅㄨˋ ㄒㄩ ㄘˇ ㄒㄧㄥˊ	不虛此行	16
ㄅㄨˊ ㄈㄟˋ	不費	16
ㄕˋ ㄕˋ ㄉㄞˋ ㄉㄞˋ	世世代代	16
ㄕˋ ㄐㄧㄝˋ ㄨㄣˊ ㄏㄨㄚˋ	世界文化	16
ㄓㄨㄥ ㄅㄠˇ	中保	16
ㄓㄨㄥ ㄍㄨㄛˊ ㄗˋ	中國字	16
ㄓㄨㄥ ㄉㄚˋ ㄒㄧㄥˊ	中大型	16
ㄓㄨㄥ ㄊㄧˊ ㄑㄧㄣˊ	中提琴	16
ㄓㄨㄥ ㄆㄧㄢ	中篇	16
ㄓㄨㄥ ㄋㄨㄥˊ	中農	16
ㄔㄨㄢˋ ㄌㄧㄝˋ	串列	16
ㄓㄨˇ ㄗㄨㄥˋ	主從	16
ㄓㄨˇ ㄘㄨㄥˊ	主從	16
ㄓㄨˇ ㄊㄧˊ ㄌㄜˋ ㄩㄢˊ	主題樂園	16
ㄓ ㄓˋ	之至	16
ㄑㄧˇ ㄑㄧㄡˊ	乞求	16
ㄌㄨㄢˋ ㄐㄧㄠˋ	亂叫	16
ㄦˋ ㄧˋ ㄩㄢˊ	二億元	16
ㄏㄨˋ ㄧˋ	互異	16
ㄨˇ ㄨㄢˋ ㄉㄨㄛ	五萬多	16
ㄒㄧㄝ ㄕㄠˇ	些少	16
ㄧㄚˇ ㄊㄞˋ ㄐㄧㄥ ㄏㄜˊ ㄏㄨㄟˋ	亞太經合會	16
ㄧㄚˋ ㄊㄞˋ ㄐㄧㄥ ㄏㄜˊ ㄏㄨㄟˋ	亞太經合會	16
ㄨㄤˊ ㄏㄨㄣˊ	亡魂	16
ㄐㄧㄠ ㄐㄧㄝˋ ㄔㄨˋ	交界處	16
ㄐㄧㄠ ㄊㄨㄥ ㄨㄤˇ	交通網	16
ㄖㄣˊ ㄎㄡˇ ㄐㄧㄝˊ ㄍㄡˋ	人口結構	16
ㄖㄣˊ ㄅㄣˇ ㄐㄧㄠˋ ㄩˋ	人本教育	16
ㄖㄣˊ ㄅㄨˋ	人部	16
ㄐㄧㄣ ㄨㄣˊ	今文	16
ㄕˋ ㄋㄩˇ	仕女	16
ㄒㄧㄢ ㄗˇ	仙子	16
ㄉㄞˋ ㄉㄚˇ	代打	16
ㄧˇ ㄏㄡˋ ㄗㄞˋ	以後在	16
ㄖㄣˋ ㄨㄟˊ	任為	16
ㄑㄧˋ ㄍㄨㄢˇ ㄒㄧˋ	企管系	16
ㄒㄧㄡ ㄅㄧㄥ	休兵	16
ㄒㄧㄡ ㄕˋ	休市	16
ㄒㄧㄡ ㄒㄧˊ ㄑㄩ	休息區	16
ㄕㄣ ㄒㄧㄤˋ	伸向	16
ㄕㄣ ㄔㄤˊ	伸長	16
ㄗㄨㄛˋ ㄕˋ	作事	16
ㄗㄨㄛˋ ㄘˊ	作詞	16
ㄊㄨㄥˊ	佟	16
ㄋㄧˇ ㄉㄥˇ	你等	16
ㄐㄧㄚ ㄐㄧㄥˋ	佳境	16
ㄌㄞˊ ㄌㄨˋ ㄅㄨˋ ㄇㄧㄥˊ	來路不明	16
ㄌㄧˋ ㄒㄧㄥˊ ㄙㄞˋ	例行賽	16
ㄍㄨㄥˋ ㄆㄧㄣˇ	供品	16
ㄍㄨㄥ ㄏㄨㄛˋ	供貨	16
ㄍㄨㄥ ㄍㄨㄛˋ ㄩˊ ㄑㄧㄡˊ	供過於求	16
ㄙㄨˊ ㄑㄧˋ	俗氣	16
ㄙㄨˊ ㄏㄨㄚˋ ㄕㄨㄛ	俗話說	16
ㄙㄨˊ ㄧㄢˋ	俗諺	16
ㄒㄧㄚˊ ㄎㄜˋ	俠客	16
ㄈㄨˇ ㄕㄣ	俯身	16
ㄓˊ ㄅㄨˋ ㄓˊ ㄉㄜˊ	值不值得	16
ㄆㄧㄢ ㄒㄧㄣ	偏心	16
ㄗㄨㄛˋ ㄓㄜ˙	做著	16
ㄊㄧㄥˊ ㄊㄧㄥˊ	停停	16
ㄊㄧㄥˊ ㄕㄨㄟˇ	停水	16
ㄘㄜˋ ㄓㄨㄥˋ	側重	16
ㄊㄡ ㄌㄜ˙	偷了	16
ㄊㄡ ㄆㄠˇ	偷跑	16
ㄔㄨㄢˊ ㄊㄨㄥˇ ㄕˋ ㄔㄤˇ	傳統市場	16
ㄕㄤ ㄅㄧㄥ	傷兵	16
ㄑㄧㄥ ㄆㄣˊ	傾盆	16
ㄐㄧㄤ ㄔˊ ㄅㄨˊ ㄒㄧㄚˋ	僵持不下	16
ㄔㄨˊ ㄓˊ ㄎㄚˇ	儲值卡	16
ㄨˋ ㄗˋ	兀自	16
ㄩㄢˊ ㄒㄩㄥ	元兇	16
ㄩㄢˊ ㄓˋ ㄉㄚˋ ㄒㄩㄝˊ	元智大學	16
ㄔㄨㄥ ㄈㄣˋ ㄈㄚ ㄏㄨㄟ	充分發揮	16
ㄒㄩㄥ ㄜˋ	兇惡	16
ㄒㄧㄢ ㄒㄧㄚˋ	先下	16
ㄒㄧㄢ ㄊㄢˊ	先談	16
ㄍㄨㄤ ㄍㄨㄞˋ	光怪	16
ㄍㄨㄤ ㄍㄨㄞˋ ㄌㄨˋ ㄌㄧˊ	光怪陸離	16
ㄍㄨㄤ ㄋㄥˊ	光能	16
ㄖㄨˋ ㄕㄜˋ	入射	16
ㄖㄨˋ ㄇㄧˊ	入迷	16
ㄋㄟˋ ㄋㄥˊ	內能	16
ㄑㄩㄢˊ ㄅㄨˊ ㄕˋ	全不是	16
ㄑㄩㄢˊ ㄎㄠˇ	全考	16
ㄑㄩㄢˊ ㄐㄩㄣ ㄈㄨˋ ㄇㄛˋ	全軍覆沒	16
ㄌㄧㄤˇ ㄎㄡˇ ㄗ˙	兩口子	16
ㄌㄧㄤˇ ㄑㄧˊ	兩期	16
ㄅㄚ ㄉㄚˋ ㄕㄢ ㄖㄣˊ	八大山人	16
ㄅㄚ ㄐㄧㄥˇ	八景	16
ㄅㄚ ㄘˋ	八次	16
ㄍㄨㄥ ㄍㄨㄥˋ ㄊㄨˊ ㄕㄨ ㄍㄨㄢˇ	公共圖書館	16
ㄍㄨㄥ ㄖㄣˋ ㄉㄜ˙	公認的	16
ㄍㄨㄥ ㄔㄜ ㄔㄨˋ	公車處	16
ㄌㄧㄡˋ ㄍㄜ˙ ㄖㄣˊ	六個人	16
ㄌㄧㄡˋ ㄑㄧㄢ ㄩㄢˊ	六千元	16
ㄍㄨㄥˋ ㄔㄢˇ ㄉㄤˇ ㄩㄢˊ	共產黨員	16
ㄐㄧㄢ ㄅㄟˋ	兼備	16
ㄐㄧㄢ ㄖㄨㄥˊ ㄅㄧㄥˋ ㄒㄩˋ	兼容並蓄	16
ㄉㄨㄥ ㄇㄧㄢˊ	冬眠	16
ㄅㄧㄥ ㄉㄠˇ	冰島	16
ㄌㄧㄥˊ ㄋㄩㄝˋ	凌虐	16
ㄉㄨㄥˋ ㄉㄧㄥˇ	凍頂	16
ㄎㄞˇ ㄗ˙	凱子	16
ㄊㄨˊ ㄑㄧˇ	凸起	16
ㄔㄨ ㄑㄧˊ ㄅㄨˊ ㄧˋ	出其不意	16
ㄔㄨ ㄑㄧˊ ㄅㄨˋ ㄧˋ	出其不意	16
ㄔㄨ ㄑㄩㄝ	出缺	16
ㄈㄣ ㄑㄩˋ	分去	16
ㄈㄣ ㄑㄧˊ	分枝	16
ㄈㄣ ㄎㄜ	分科	16
ㄈㄣ ㄇㄣˊ	分門	16
ㄈㄣ ㄇㄣˊ ㄅㄧㄝˊ ㄌㄟˋ	分門別類	16
ㄒㄧㄥˊ ㄕˋ ㄈㄚˇ	刑事法	16
ㄒㄧㄥˊ ㄕˋ ㄐㄧㄥˇ ㄔㄚˊ	刑事警察	16
ㄌㄧㄝˋ ㄗˇ	列子	16
ㄆㄢˋ ㄍㄨㄢ	判官	16
ㄅㄧㄝˊ ㄅㄚˇ	別把	16
ㄅㄧㄝˊ ㄖㄤˋ	別讓	16
ㄌㄧˋ ㄏㄞˋ ㄍㄨㄢ ㄒㄧˋ	利害關係	16
ㄌㄧˋ ㄇㄚˇ	利馬	16
ㄉㄠˋ ㄌㄧㄣˊ	到臨	16
ㄑㄧㄢˊ ㄑㄧㄥ	前傾	16
ㄑㄧㄢˊ ㄌㄧㄝˋ	前列	16
ㄍㄤ ㄉㄠˋ	剛到	16
ㄍㄤ ㄔㄥˊ	剛成	16
ㄍㄤ ㄅㄟˋ	剛被	16
ㄍㄤ ㄊㄧㄝ	剛貼	16
ㄕㄥˋ ㄈㄢˋ	剩飯	16
ㄐㄧㄢˇ ㄌㄜ˙	剪了	16
ㄐㄧㄢˇ ㄧㄥˇ	剪影	16
ㄈㄨˋ ㄕㄜˋ ㄓㄤˇ	副社長	16
ㄌㄧˋ ㄅㄨˋ ㄘㄨㄥˊ ㄒㄧㄣ	力不從心	16
ㄌㄧˋ ㄓㄢˋ	力戰	16
ㄐㄧㄚ ㄌㄜˋ ㄅㄧˇ ㄏㄞˇ	加勒比海	16
ㄐㄧㄚ ㄧㄣˋ	加印	16
ㄐㄧㄚ ㄎㄨㄞˋ ㄐㄧㄠˇ ㄅㄨˋ	加快腳步	16
ㄐㄧㄚ ㄅㄚˇ ㄐㄧㄣˋ	加把勁	16
ㄐㄧㄚ ㄅㄚˇ ㄐㄧㄥˋ	加把勁	16
ㄐㄧㄚ ㄕㄨㄟˇ	加水	16
ㄐㄧㄚ ㄏㄨˋ ㄅㄧㄥˋ ㄈㄤˊ	加護病房	16
ㄐㄧㄚ ㄐㄧㄣˋ ㄌㄞˊ	加進來	16
ㄅㄛˊ ㄒㄧㄥ	勃興	16
ㄅㄛˊ ㄑㄧˇ	勃起	16
ㄉㄨㄥˋ ㄗㄨㄛˋ ㄆㄧㄢˋ	動作片	16
ㄌㄠˊ ㄗㄨㄛˋ	勞作	16
ㄌㄠˊ ㄉㄨㄥˋ ㄐㄧㄝˊ	勞動節	16
ㄑㄧㄣˊ ㄇㄧㄢˇ	勤勉	16
ㄅㄠ ㄗㄞˋ	包在	16
ㄏㄨㄚˋ ㄨㄞˋ	化外	16
ㄏㄨㄚˋ ㄓㄨㄤ ㄕㄨㄟˇ	化妝水	16
ㄅㄟˇ ㄅㄢˋ	北半	16
ㄅㄟˇ ㄅㄢˋ ㄑㄧㄡˊ	北半球	16
ㄅㄟˇ ㄒㄧㄢˋ ㄐㄧㄠˋ ㄩˋ ㄐㄩˊ	北縣教育局	16
ㄆㄧˇ ㄆㄟˋ	匹配	16
ㄑㄩ ㄩˋ ㄨㄤˇ ㄌㄨˋ	區域網路	16
ㄕˊ ㄍㄨㄛˊ	十國	16
ㄕˊ ㄗˋ ㄐㄩㄣ	十字軍	16
ㄕˊ ㄓㄤ	十張	16
ㄕˊ ㄌㄡˊ	十樓	16
ㄑㄧㄢ ㄑㄧˊ ㄅㄞˇ ㄍㄨㄞˋ	千奇百怪	16
ㄑㄧㄢ ㄧㄢˊ ㄨㄢˋ ㄩˇ	千言萬語	16
ㄕㄥ ㄌㄜ˙	升了	16
ㄅㄢˋ ㄩㄢˊ ㄒㄧㄥˊ	半圓形	16
ㄅㄢˋ ㄕㄨˋ ㄧˇ ㄕㄤˋ	半數以上	16
ㄅㄟ ㄅㄧˇ	卑鄙	16
ㄋㄢˊ ㄐㄧㄥ ㄉㄨㄥ ㄌㄨˋ	南京東路	16
ㄋㄢˊ ㄔㄤ	南昌	16
ㄋㄢˊ ㄧㄡˇ	南有	16
ㄋㄢˊ ㄩㄢˊ ㄅㄟˇ ㄔㄜˋ	南轅北轍	16
ㄅㄛˊ ㄎㄜˋ ㄌㄞˊ	博客來	16
ㄨㄟˊ ㄋㄢˋ	危難	16
ㄌㄨㄢˇ ㄗˇ	卵子	16
ㄌㄨㄢˇ ㄕˊ	卵石	16
ㄜˋ ㄍㄨㄚ ㄉㄨㄛ	厄瓜多	16
ㄩㄢˊ ㄓㄨˋ ㄇㄧㄣˊ ㄩˇ	原住民語	16
ㄩㄢˊ ㄕˇ ㄖㄣˊ	原始人	16
ㄘㄢ ㄕˋ	參事	16
ㄔㄚ ㄕㄠ	叉燒	16
ㄈㄢˇ ㄅㄞˋ ㄨㄟˊ ㄕㄥˋ	反敗為勝	16
ㄕㄡˋ ㄔㄨㄥˇ	受寵	16
ㄎㄡˇ ㄌㄧㄥˋ	口令	16
ㄎㄡˇ ㄢˋ	口岸	16
ㄍㄨˇ ㄙㄜˋ ㄍㄨˇ ㄒㄧㄤ	古色古香	16
ㄓˇ ㄕㄡ	只收	16
ㄐㄧㄠˋ ㄒㄧㄠ	叫囂	16
ㄎㄜˇ ㄑㄩˋ	可去	16
ㄎㄜˇ ㄒㄧㄤˋ	可向	16
ㄎㄜˇ ㄕㄨˇ	可數	16
ㄎㄜˇ ㄨㄟˋ	可畏	16
ㄎㄜˇ ㄌㄢˊ ㄐㄧㄥ	可蘭經	16
ㄧㄡˋ ㄒㄧㄚˋ ㄐㄧㄠˇ	右下角	16
ㄧㄡˋ ㄊㄨㄟˇ	右腿	16
ㄙ ㄌㄧㄥˋ ㄊㄞˊ	司令台	16
ㄍㄜˋ ㄐㄩˊ	各局	16
ㄍㄜˋ ㄗㄨˇ	各組	16
ㄍㄜˋ ㄒㄧㄤ	各鄉	16
ㄍㄜˋ ㄒㄧㄤ ㄓㄣˋ	各鄉鎮	16
ㄍㄜˋ ㄧㄣˊ ㄏㄤˊ	各銀行	16
ㄏㄜˊ ㄏㄨㄛˇ ㄖㄣˊ	合夥人	16
ㄏㄜˊ ㄉㄜˊ	合得	16
ㄏㄜˊ ㄉㄜ˙	合得	16
ㄐㄧˊ ㄊㄚ ㄕㄜˋ	吉他社	16
ㄊㄨㄥˊ ㄍㄠ	同高	16
ㄇㄧㄥˊ ㄈㄣˋ	名分	16
ㄇㄧㄥˊ ㄔㄨˊ	名廚	16
ㄒㄧㄤˋ ㄧㄡˋ	向右	16
ㄒㄧㄤˋ ㄉㄧˋ	向地	16
ㄨˊ ㄙㄢ ㄌㄧㄢˊ	吳三連	16
ㄒㄧ ㄉㄠˋ	吸到	16
ㄒㄧ ㄗㄡˇ	吸走	16
ㄔㄨㄟ ㄑㄧˋ	吹氣	16
ㄍㄠˋ ㄐㄧˊ	告急	16
ㄍㄠˋ ㄙㄨˋ ㄋㄞˇ ㄌㄨㄣˋ	告訴乃論	16
ㄓㄡ ㄓㄤ	周章	16
ㄏㄨ ㄆㄥˊ ㄧㄣˇ ㄅㄢˋ	呼朋引伴	16
ㄇㄧㄥˋ ㄌㄧˇ	命理	16
ㄉㄨㄛˋ ㄉㄨㄛˋ ㄅㄧ ㄖㄣˊ	咄咄逼人	16
ㄏㄜˊ ㄐㄧㄚ	和加	16
ㄎㄚ ㄈㄟ ㄗㄨㄛˋ	咖啡座	16
ㄎㄚ ㄈㄟ ㄙㄜˋ	咖啡色	16
ㄒㄧㄢˊ ㄧˊ	咸宜	16
ㄆㄧㄣˇ ㄇㄧㄥˊ	品茗	16
ㄨㄚ ㄨㄚ	哇哇	16
ㄎㄨ ㄓㄜ˙	哭著	16
ㄏㄥ ㄏㄥ	哼哼	16
ㄋㄧㄢˋ ㄉㄠˋ	唸到	16
ㄕㄤ ㄊㄨㄢˊ	商團	16
ㄧㄚˇ ㄅㄚ	啞巴	16
ㄧㄚˇ ㄅㄚ˙	啞巴	16
ㄊㄧˊ ㄒㄧㄠˋ	啼笑	16
ㄕㄢˋ ㄖㄣˊ	善人	16
ㄐㄧㄝ	喈	16
ㄐㄧㄝˋ	喈	16
ㄏㄡˊ ㄊㄡˊ	喉頭	16
ㄏㄢˇ ㄕㄥ	喊聲	16
ㄏㄜ ㄗㄨㄟˋ ㄐㄧㄡˇ	喝醉酒	16
ㄎㄨㄟˋ	喟	16
ㄙㄤ ㄐㄧㄚ	喪家	16
ㄙㄤˋ ㄐㄧㄚ	喪家	16
ㄙㄤˋ ㄑㄧˋ	喪氣	16
ㄉㄢ ㄙㄜˋ	單色	16
ㄑㄧㄤˋ ㄕㄥ	嗆聲	16
ㄉㄨㄣˋ ㄨㄟˋ	噸位	16
ㄧㄢˊ ㄏㄢˊ	嚴寒	16
ㄌㄨㄛ ㄙㄨㄛ	囉唆	16
ㄙˋ ㄧˋ ㄩㄢˊ	四億元	16
ㄙˋ ㄅㄞˇ ㄙㄢ	四百三	16
ㄙˋ ㄊㄨㄥ ㄅㄚ ㄉㄚˊ	四通八達	16
ㄏㄨㄟˊ ㄊㄧㄢˊ	回填	16
ㄏㄨㄟˊ ㄎㄡˋ	回扣	16
ㄏㄨㄟˊ ㄕㄥ	回聲	16
ㄏㄨㄟˊ ㄏㄨㄚˋ	回話	16
ㄏㄨㄟˊ ㄒㄧㄤ	回鄉	16
ㄏㄨㄟˊ ㄍㄨˋ ㄍㄨㄛˋ ㄑㄩˋ	回顧過去	16
ㄍㄨㄛˊ ㄋㄟˋ ㄕˋ ㄔㄤˇ	國內市場	16
ㄍㄨㄛˊ ㄐㄧㄚ ㄍㄨㄥ ㄩㄢˊ ㄈㄚˇ	國家公園法	16
ㄍㄨㄛˊ ㄩㄥˋ	國用	16
ㄍㄨㄛˊ ㄐㄧˋ ㄍㄜ	國際歌	16
ㄍㄨㄛˊ ㄐㄧˋ ㄐㄧㄥ ㄐㄧˋ	國際經濟	16
ㄨㄟˊ ㄑㄧˇ ㄌㄞˊ	圍起來	16
ㄩㄢˊ ㄗ˙	園子	16
ㄩㄢˊ ㄕㄢ ㄈㄢˋ ㄉㄧㄢˋ	圓山飯店	16
ㄊㄨㄢˊ ㄊㄧˇ ㄏㄨㄛˊ ㄉㄨㄥˋ	團體活動	16
ㄉㄧˋ ㄒㄧㄚˋ ㄐㄧㄝ	地下街	16
ㄉㄧˋ ㄈㄤ ㄐㄧㄢˋ ㄕㄜˋ	地方建設	16
ㄉㄧˋ ㄓˊ ㄒㄩㄝˊ	地質學	16
ㄐㄩㄣ ㄈㄨˋ	均富	16
ㄗㄨㄛˋ ㄅㄨˊ ㄓㄨˋ	坐不住	16
ㄗㄨㄛˋ ㄕˋ	坐視	16
ㄊㄢˇ ㄎㄜˋ ㄔㄜ	坦克車	16
ㄔㄨㄟˊ ㄒㄩㄣˊ	垂詢	16
ㄓˊ ㄒㄧㄥˊ ㄓㄜˇ	執行者	16
ㄐㄧ ㄅㄣˇ ㄐㄧㄢˋ ㄕㄜˋ	基本建設	16
ㄅㄠˋ ㄔㄤˊ	報償	16
ㄅㄠˋ ㄉㄠˇ ㄨㄣˊ ㄒㄩㄝˊ	報導文學	16
ㄅㄠˋ ㄧㄥˋ	報應	16
ㄅㄠˋ ㄐㄧㄣˋ	報禁	16
ㄊㄚ ㄒㄧㄚˋ ㄌㄞˊ	塌下來	16
ㄙㄞ ㄐㄧㄣˋ ㄑㄩˋ	塞進去	16
ㄔㄣˊ ㄕˋ	塵世	16
ㄗㄥ ㄍㄨㄤˇ	增廣	16
ㄧㄚ ㄆㄧㄢˋ	壓片	16
ㄕˋ ㄕㄤ	士商	16
ㄨㄞˋ ㄕˇ	外使	16
ㄙㄨˋ ㄧㄝˋ	夙夜	16
ㄉㄨㄛ ㄕㄡˋ	多受	16
ㄉㄨㄛ ㄇㄧㄥˊ ㄋㄧˊ ㄐㄧㄚ	多明尼加	16
ㄉㄨㄛ ㄅㄧㄥˋ	多病	16
ㄉㄨㄛ ㄇㄛ˙ ㄉㄜ˙	多麼的	16
ㄉㄨㄛ ㄇㄜ˙ ㄉㄜ˙	多麼的	16
ㄉㄨㄛˊ ㄇㄛ˙ ㄉㄜ˙	多麼的	16
ㄉㄨㄛˊ ㄇㄜ˙ ㄉㄜ˙	多麼的	16
ㄧㄝˋ ㄈㄢˋ	夜飯	16
ㄇㄥˋ ㄌㄨˋ	夢露	16
ㄉㄚˋ ㄖㄣˊ	大仁	16
ㄉㄚˋ ㄉㄚˋ ㄈㄤ ㄈㄤ	大大方方	16
ㄉㄚˋ ㄒㄩㄝˊ ㄒㄩㄝˊ ㄘㄜˋ	大學學測	16
ㄉㄚˋ ㄅㄞˋ ㄅㄞˋ	大拜拜	16
ㄉㄚˋ ㄓˋ	大智	16
ㄉㄚˋ ㄅㄠˋ ㄓㄚˋ	大爆炸	16
ㄉㄚˋ ㄐㄧㄠˇ	大腳	16
ㄉㄚˋ ㄋㄧˋ	大逆	16
ㄉㄚˋ ㄇㄚˊ ㄧㄢ	大麻煙	16
ㄊㄧㄢ ㄓㄨˇ ㄐㄧㄠˋ ㄊㄨˊ	天主教徒	16
ㄊㄧㄢ ㄋㄢˊ ㄉㄧˋ ㄅㄟˇ	天南地北	16
ㄊㄧㄢ ㄊㄧㄥˊ	天庭	16
ㄊㄧㄢ ㄗㄞ ㄖㄣˊ ㄏㄨㄛˋ	天災人禍	16
ㄊㄧㄢ ㄍㄡˇ	天狗	16
ㄊㄞˋ ㄅㄠˇ	太保	16
ㄊㄞˋ ㄆㄧㄥˊ ㄐㄩㄣ	太平軍	16
ㄊㄞˋ ㄇㄟˇ	太美	16
ㄊㄞˋ ㄍㄨㄟˋ ㄌㄜ˙	太貴了	16
ㄕ ㄗㄨˊ	失足	16
ㄑㄧˊ ㄓㄠ	奇招	16
ㄋㄩˇ ㄐㄧㄥˇ	女警	16
ㄏㄠˋ ㄨㄣˋ	好問	16
ㄏㄠˇ ㄒㄧㄝˇ	好寫	16
ㄏㄠˇ ㄒㄧˋ	好戲	16
ㄏㄠˇ ㄖˋ ㄗ˙	好日子	16
ㄕˇ ㄌㄧㄠˋ ㄨㄟˋ ㄐㄧˊ	始料未及	16
ㄨㄟ ㄦˇ ㄒㄩㄣˋ	威爾遜	16
ㄩˊ ㄌㄜˋ ㄒㄧㄥˋ	娛樂性	16
ㄏㄨㄣ ㄨㄞˋ ㄑㄧㄥˊ	婚外情	16
ㄈㄨˋ ㄋㄩˇ ㄏㄨㄟˋ	婦女會	16
ㄈㄨˋ ㄖㄨˊ	婦孺	16
ㄇㄟˊ ㄊㄧˇ ㄖㄣˊ	媒體人	16
ㄗˇ ㄐㄩˋ	子句	16
ㄗˇ ㄧㄝˋ	子夜	16
ㄘㄨㄣˊ ㄈㄤˋ ㄗㄞˋ	存放在	16
ㄘㄨㄣˊ ㄎㄨㄢˇ ㄅㄨˋ	存款簿	16
ㄐㄧˋ ㄒㄧㄣ ㄐㄧˊ	季辛吉	16
ㄒㄩㄝˊ ㄏㄨㄞˋ	學壞	16
ㄒㄩㄝˊ ㄑㄧˇ	學起	16
ㄋㄧㄝˋ ㄗˇ	孽子	16
ㄕㄡˇ ㄉㄨㄟˋ	守隊	16
ㄢ ㄏㄜˊ ㄌㄨˋ	安和路	16
ㄍㄨㄢ ㄕㄤ	官商	16
ㄍㄨㄢ ㄊㄧㄢˊ	官田	16
ㄉㄧㄥˋ ㄐㄩˊ	定局	16
ㄉㄧㄥˋ ㄍㄨㄟ	定規	16
ㄧˊ ㄌㄢˊ ㄒㄧㄢˋ ㄓㄥˋ ㄈㄨˇ	宜蘭縣政府	16
ㄎㄜˋ ㄔㄨㄢˋ	客串	16
ㄎㄜˋ ㄗㄨㄛˋ	客座	16
ㄕˋ ㄐㄧㄚ	室家	16
ㄐㄧㄚ ㄇㄣˊ ㄎㄡˇ	家門口	16
ㄐㄧˋ ㄙㄨˋ	寄宿	16
ㄐㄧˋ ㄈㄤˋ	寄放	16
ㄐㄧˋ ㄉㄜ˙	寄的	16
ㄏㄢˊ ㄉㄞˋ	寒帶	16
ㄏㄢˊ ㄒㄩㄢ	寒暄	16
ㄕˊ ㄐㄧㄚˋ	實價	16
ㄕˊ ㄒㄧㄣ	實心	16
ㄕㄜˋ ㄔㄥˊ	射程	16
ㄐㄧㄤˋ ㄕˋ	將士	16
ㄓㄨㄢ ㄌㄢˊ ㄗㄨㄛˋ ㄐㄧㄚ	專欄作家	16
ㄉㄨㄟˋ ㄨㄟˋ	對味	16
ㄉㄨㄟˋ ㄨㄞˋ ㄇㄠˋ ㄧˋ	對外貿易	16
ㄒㄧㄠˇ ㄘㄜˋ ㄗ˙	小冊子	16
ㄒㄧㄠˇ ㄈㄤˊ	小房	16
ㄒㄧㄠˇ ㄕˊ ㄏㄡˋ ㄉㄜ˙	小時候的	16
ㄒㄧㄠˇ ㄨㄤˊ ㄗˇ	小王子	16
ㄒㄧㄠˇ ㄓㄨㄢˋ	小篆	16
ㄒㄧㄠˇ ㄐㄧㄝˊ	小結	16
ㄒㄧㄠˇ ㄌㄠˇ ㄊㄡˊ	小老頭	16
ㄒㄧㄠˇ ㄋㄠˇ	小腦	16
ㄒㄧㄠˇ ㄒㄧㄥˊ ㄒㄧㄥ	小行星	16
ㄒㄧㄠˇ ㄉㄨㄟˋ ㄓㄤˇ	小隊長	16
ㄕㄠˇ ㄔㄨ	少出	16
ㄐㄧㄢ ㄉㄠ	尖刀	16
ㄧㄡˊ ㄨㄟˊ	尤為	16
ㄐㄩˊ ㄋㄟˋ	局內	16
ㄐㄩˊ ㄨㄞˋ ㄖㄣˊ	局外人	16
ㄐㄩ ㄕˋ	居室	16
ㄓㄢˇ ㄕˋ ㄓㄨㄥ ㄒㄧㄣ	展示中心	16
ㄓㄢˇ ㄕˋ ㄍㄨㄢˇ	展示館	16
ㄕㄢ ㄊㄧㄢˊ	山田	16
ㄊㄨㄥˊ	峒	16
ㄐㄩˋ ㄌㄧㄤˋ	巨量	16
ㄔㄚ ㄅㄧㄝˊ ㄉㄞˋ ㄩˋ	差別待遇	16
ㄔㄚ ㄑㄧㄤˊ ㄖㄣˊ ㄧˋ	差強人意	16
ㄅㄚ ㄋㄧˊ	巴尼	16
ㄕˋ ㄓˊ	市值	16
ㄕˋ ㄌㄧˋ ㄉㄨㄥˋ ㄨˋ ㄩㄢˊ	市立動物園	16
ㄒㄧ ㄌㄚ ㄖㄨㄟˇ	希拉蕊	16
ㄓㄤˋ ㄎㄨㄢˇ	帳款	16
ㄉㄞˋ ㄑㄧㄡˊ	帶球	16
ㄔㄤˊ ㄉㄠˋ	常到	16
ㄇㄢˋ	幔	16
ㄆㄧㄥˊ ㄉㄧˇ ㄍㄨㄛ	平底鍋	16
ㄆㄧㄥˊ ㄩㄥ	平庸	16
ㄆㄧㄥˊ ㄐㄧㄥˋ ㄒㄧㄚˋ ㄌㄞˊ	平靜下來	16
ㄍㄢˋ ㄌㄧㄢˋ	幹練	16
ㄐㄧˇ ㄇㄧˇ	幾米	16
ㄐㄧˇ ㄔㄨˋ	幾處	16
ㄉㄧㄢˋ ㄌㄠˇ ㄅㄢˇ	店老闆	16
ㄈㄨˇ ㄓㄨㄥ	府中	16
ㄇㄧㄠˋ ㄎㄡˇ	廟口	16
ㄇㄧㄠˋ ㄌㄧˇ	廟裡	16
ㄐㄧㄢˋ ㄕㄨˋ	建樹	16
ㄕˋ ㄇㄧㄥˊ	式名	16
ㄍㄨㄥ ㄐㄧㄢˋ	弓箭	16
ㄧㄣˇ ㄖㄣˊ ㄓㄨˇ ㄇㄨˋ	引人矚目	16
ㄧㄣˇ ㄉㄜˊ	引得	16
ㄧㄣˇ ㄐㄧㄢˋ	引薦	16
ㄓㄤ ㄑㄧㄥ ㄈㄤ	張清芳	16
ㄊㄢˊ ㄓˇ	彈指	16
ㄘㄞˇ ㄒㄧㄚˊ	彩霞	16
ㄉㄞˋ ㄈㄚ	待發	16
ㄉㄞ ㄓㄜ˙	待著	16
ㄉㄞˋ ㄓㄜ˙	待著	16
ㄏㄣˇ ㄋㄥˊ	很能	16
ㄏㄡˋ ㄕㄡˇ	後手	16
ㄏㄡˋ ㄏㄢˋ	後漢	16
ㄏㄡˋ ㄋㄠˇ	後腦	16
ㄏㄡˋ ㄒㄧㄥˊ	後行	16
ㄏㄡˋ ㄌㄨˋ	後路	16
ㄒㄩˊ ㄓㄡ	徐州	16
ㄩˋ ㄩㄥˋ	御用	16
ㄈㄨˋ ㄉㄢˋ	復旦	16
ㄈㄨˋ ㄒㄧㄥ ㄏㄠˋ	復興號	16
ㄈㄨˋ ㄅㄧˋ	復辟	16
ㄒㄧㄣ ㄈㄚˇ	心法	16
ㄒㄧㄣ ㄌㄧˇ ㄓˋ ㄌㄧㄠˊ	心理治療	16
ㄒㄧㄣ ㄈㄤˊ	心防	16
ㄅㄧˋ ㄒㄧㄢ	必先	16
ㄖㄣˇ ㄖㄤˋ	忍讓	16
ㄇㄤˊ ㄩˊ	忙於	16
ㄎㄨㄞˋ ㄒㄧㄝˇ	快寫	16
ㄎㄨㄞˋ ㄓㄠˇ	快找	16
ㄉㄞˋ ㄍㄨㄥ	怠工	16
ㄩㄢˋ ㄑㄧˋ	怨氣	16
ㄍㄨㄞˋ ㄌㄧˋ	怪力	16
ㄔㄨˋ ㄇㄨˋ ㄐㄧㄥ ㄒㄧㄣ	怵目驚心	16
ㄑㄧㄠˇ ㄑㄧㄠˇ ㄉㄧˋ	悄悄地	16
ㄏㄨㄟˇ ㄍㄞˇ	悔改	16
ㄨˋ ㄔㄨ	悟出	16
ㄏㄨㄢˋ ㄋㄢˋ	患難	16
ㄅㄟ ㄞ ㄉㄜ˙	悲哀的	16
ㄑㄧㄥˊ ㄅㄠˋ ㄐㄩˊ	情報局	16
ㄏㄨㄟˋ ㄕ	惠施	16
ㄜˋ ㄉㄡˋ	惡鬥	16
ㄒㄧㄤˇ ㄅㄨˋ ㄔㄨ ㄌㄞˊ	想不出來	16
ㄒㄧㄤˇ ㄅㄨˊ ㄊㄡˋ	想不透	16
ㄧˋ ㄩˋ	意欲	16
ㄍㄢˇ ㄍㄨㄤ	感光	16
ㄍㄢˇ ㄇㄠˋ ㄧㄠˋ	感冒藥	16
ㄍㄢˇ ㄐㄩㄝˊ ㄔㄨ	感覺出	16
ㄘㄢˇ ㄙˇ	慘死	16
ㄘㄢˇ ㄓㄨㄤˋ	慘狀	16
ㄍㄨㄢˋ ㄔㄤˊ	慣常	16
ㄧㄥˋ ㄧㄢˋ	應驗	16
ㄌㄢˇ ㄌㄢˇ	懶懶	16
ㄏㄨㄞˊ ㄨㄤˊ	懷王	16
ㄒㄩㄢˊ ㄧˊ	懸疑	16
ㄔㄥˊ ㄍㄨㄥ ㄌㄧㄥˇ	成功嶺	16
ㄔㄥˊ ㄐㄧㄚ ㄌㄧˋ ㄧㄝˋ	成家立業	16
ㄨㄛˇ ㄕˇ	我使	16
ㄨㄛˇ ㄧㄡˋ ㄅㄨˊ ㄕˋ	我又不是	16
ㄨㄛˇ ㄍㄨㄛˊ ㄐㄧˊ	我國籍	16
ㄨㄛˇ ㄅㄚˋ ㄅㄚˋ	我爸爸	16
ㄨㄛˇ ㄅㄚˋ ㄅㄚ˙	我爸爸	16
ㄨㄛˇ ㄕㄜˋ	我設	16
ㄐㄧㄝˋ ㄒㄧㄣ	戒心	16
ㄓㄢˋ ㄌㄩㄝˋ ㄒㄧㄥˋ	戰略性	16
ㄒㄧˋ ㄈㄨˊ	戲服	16
ㄒㄧˋ ㄇㄧˊ	戲迷	16
ㄙㄨㄛˇ ㄌㄨㄛˊ ㄇㄣˊ	所羅門	16
ㄘㄞˊ ㄗˇ	才子	16
ㄉㄚˇ ㄔㄨ ㄑㄩˋ	打出去	16
ㄉㄚˇ ㄏㄚ ㄏㄚ	打哈哈	16
ㄉㄚˇ ㄊㄡˊ ㄓㄣˋ	打頭陣	16
ㄈㄨˊ ㄙㄤ	扶桑	16
ㄈㄨˊ ㄑㄧˇ	扶起	16
ㄆㄧ ㄆㄧㄥˊ ㄐㄧㄚ	批評家	16
ㄓㄠˇ ㄕㄤˋ ㄇㄣˊ	找上門	16
ㄅㄚˇ ㄈㄥ	把風	16
ㄊㄡˊ ㄙㄨˋ	投宿	16
ㄉㄡˇ ㄉㄨㄥˋ	抖動	16
ㄎㄤˋ ㄧㄚ	抗壓	16
ㄓㄜˊ ㄙㄨㄣˇ	折損	16
ㄆㄧ ㄐㄧㄢ	披肩	16
ㄌㄚ ㄙ ㄨㄟˊ ㄐㄧㄚ ㄙ	拉斯維加斯	16
ㄆㄞ ㄉㄚˇ	拍打	16
ㄅㄚˊ ㄑㄧˇ ㄌㄞˊ	拔起來	16
ㄅㄞˋ ㄉㄨˊ	拜讀	16
ㄆㄧㄣ ㄘㄨㄛˋ	拼錯	16
ㄋㄚˊ ㄏㄨㄟˊ ㄑㄩˋ	拿回去	16
ㄋㄚˊ ㄑㄧㄢˊ	拿錢	16
ㄔˊ ㄓ ㄧˇ ㄏㄥˊ	持之以恆	16
ㄔˊ ㄉㄠ	持刀	16
ㄊㄧㄠ ㄌㄜ˙	挑了	16
ㄊㄧㄠˇ ㄅㄛ	挑撥	16
ㄞ ㄐㄧㄚ ㄞ ㄏㄨˋ	挨家挨戶	16
ㄐㄧㄚˊ ㄓㄜ˙	挾著	16
ㄊㄨㄥˇ	捅	16
ㄐㄧㄝˊ ㄩㄣˋ ㄒㄧˋ ㄊㄨㄥˇ	捷運系統	16
ㄉㄧㄠˋ ㄊㄡˊ	掉頭	16
ㄆㄞˊ ㄅㄧㄢˋ	排便	16
ㄊㄢˋ ㄓ	探知	16
ㄐㄧㄝ ㄨㄣˇ	接吻	16
ㄐㄧㄝ ㄨˋ	接物	16
ㄊㄨㄟ ㄒㄧㄚˋ	推下	16
ㄊㄨㄟ ㄔㄨ ㄑㄩˋ	推出去	16
ㄊㄨㄟ ㄊㄨㄟ	推推	16
ㄔㄚ ㄉㄨㄟˋ	插隊	16
ㄧㄤˊ ㄧㄤˊ	揚揚	16
ㄧㄤˊ ㄑㄧㄣˊ	揚琴	16
ㄏㄨㄢˋ ㄒㄩㄝˊ	換學	16
ㄏㄨㄟ ㄏㄨㄛˋ	揮霍	16
ㄩㄢˊ ㄧㄣˇ	援引	16
ㄉㄚ ㄍㄨㄥ ㄔㄜ	搭公車	16
ㄔㄚˊ	搽	6.351308576902391
ㄘㄚ	搽	16
ㄨˇ	摀	16
ㄇㄛ ㄅㄨˋ ㄓㄠˊ	摸不著	16
ㄓㄜˊ ㄓˇ	摺紙	16
ㄔㄥ ㄉㄠˋ	撐到	16
ㄙㄚ ㄕㄡˇ	撒手	16
ㄔㄜˋ ㄉㄧㄠˋ	撤掉	16
ㄆㄨ ㄌㄞˊ	撲來	16
ㄕㄢˋ ㄩˊ	擅於	16
ㄗㄜˊ ㄕㄢˋ ㄍㄨˋ ㄓˊ	擇善固執	16
ㄎㄨㄛˋ ㄅㄧㄢ	擴編	16
ㄅㄞˇ ㄅㄨˋ	擺佈	16
ㄅㄞˇ ㄓㄜ˙	擺著	16
ㄕㄜˋ ㄏㄨˋ ㄒㄧㄢˋ	攝護腺	16
ㄐㄧㄠˇ ㄐㄩˊ	攪局	16
ㄓ ㄉㄨㄟˋ	支隊	16
ㄕㄡ ㄏㄨㄟˋ	收賄	16
ㄍㄞˇ ㄏㄠˇ	改好	16
ㄍㄨㄥ ㄎㄜˊ	攻殼	16
ㄈㄤˋ ㄧㄥˇ ㄐㄧ	放影機	16
ㄈㄤˋ ㄉㄤˋ	放蕩	16
ㄈㄤˋ ㄒㄧㄝˇ	放血	16
ㄈㄤˋ ㄧㄤˇ	放養	16
ㄓㄥˋ ㄈㄨˇ ㄘㄞˇ ㄍㄡˋ ㄈㄚˇ	政府採購法	16
ㄓㄥˋ ㄘㄜˋ ㄇㄧㄢˋ	政策面	16
ㄓㄥˋ ㄉㄤˇ ㄓㄥˋ ㄓˋ	政黨政治	16
ㄍㄨˋ ㄕˋ ㄌㄧˇ	故事裡	16
ㄍㄨˋ ㄌㄧˇ	故里	16
ㄐㄧㄡˋ ㄑㄧˇ	救起	16
ㄅㄞˋ ㄓㄤˋ	敗仗	16
ㄐㄧㄠˋ ㄔㄨ	教出	16
ㄐㄧㄠˋ ㄑㄩ	教區	16
ㄐㄧㄠˋ ㄩˋ ㄓˋ ㄉㄨˋ	教育制度	16
ㄐㄧㄠˋ ㄊㄡˊ	教頭	16
ㄙㄢˋ ㄙㄢˋ ㄅㄨˋ	散散步	16
ㄑㄧㄠ ㄐㄧˊ	敲擊	16
ㄓㄥˇ ㄧㄝˋ	整夜	16
ㄨㄣˊ ㄐㄧㄥˋ	文靜	16
ㄓㄢˇ ㄉㄨㄢˋ	斬斷	16
ㄒㄧㄣ ㄐㄧㄝˊ ㄇㄨˋ	新節目	16
ㄒㄧㄣ ㄒㄩㄢˇ ㄗㄜˊ	新選擇	16
ㄈㄤ ㄐㄧㄚ	方家	16
ㄩˊ ㄙ	於斯	16
ㄌㄩˇ ㄕㄜˋ	旅舍	16
ㄖˋ ㄐㄧㄣˋ	日進	16
ㄖˋ ㄊㄡˊ	日頭	16
ㄖˋ ㄊㄡ˙	日頭	16
ㄇㄧㄥˊ ㄐㄧㄠˋ	明教	16
ㄇㄧㄥˊ ㄨㄟˊ	明為	16
ㄇㄧㄥˊ ㄨㄟˋ	明為	16
ㄏㄨㄣ ㄔㄣˊ	昏沈	16
ㄧˋ ㄉㄨˊ	易讀	16
ㄔㄨㄣ ㄔㄚˊ	春茶	16
ㄔㄨㄣ ㄏㄨㄚ	春華	16
ㄔㄨㄣ ㄏㄨㄚˊ	春華	16
ㄐㄧㄣˋ ㄩㄥˋ	晉用	16
ㄆㄨˇ ㄓㄠˋ	普照	16
ㄓˋ ㄓㄜˇ	智者	16
ㄆㄨˋ ㄕㄞˋ	曝曬	16
ㄍㄥˋ ㄅㄨˊ ㄕˋ	更不是	16
ㄍㄥˋ ㄕㄣˋ ㄩˊ	更甚於	16
ㄇㄢˋ ㄇㄧㄠˋ	曼妙	16
ㄗㄨㄟˋ ㄍㄨㄤˇ	最廣	16
ㄗㄨㄟˋ ㄇㄟˇ ㄉㄜ˙	最美的	16
ㄗㄨㄟˋ ㄌㄠˇ ㄉㄜ˙	最老的	16
ㄏㄨㄟˋ ㄩㄢˊ ㄉㄚˋ ㄏㄨㄟˋ	會員大會	16
ㄏㄨㄟˋ ㄕˋ ㄗㄞˋ	會是在	16
ㄎㄨㄞˋ ㄐㄧˋ ㄕˋ	會計室	16
ㄎㄨㄞˋ ㄐㄧˋ ㄋㄧㄢˊ ㄉㄨˋ	會計年度	16
ㄧㄡˇ ㄒㄧㄝ ㄕˋ	有些事	16
ㄧㄡˇ ㄈㄣˋ	有份	16
ㄧㄡˇ ㄑㄩˋ ㄍㄨㄛˋ	有去過	16
ㄧㄡˇ ㄗㄥ ㄨˊ ㄐㄧㄢˇ	有增無減	16
ㄧㄡˇ ㄧˋ ㄨˊ ㄧˋ	有意無意	16
ㄧㄡˇ ㄒㄧㄠˋ ㄒㄧㄥˋ	有效性	16
ㄧㄡˇ ㄕˊ ㄕˋ	有時是	16
ㄧㄡˇ ㄎㄢˋ ㄊㄡˊ	有看頭	16
ㄧㄡˇ ㄎㄢˋ ㄊㄡ˙	有看頭	16
ㄧㄡˇ ㄆㄧㄢ	有篇	16
ㄈㄨˊ ㄕㄨ	服輸	16
ㄇㄨˋ ㄌㄧㄠˋ	木料	16
ㄨㄟˋ ㄐㄧㄚ	未加	16
ㄨㄟˋ ㄊㄨㄥ	未通	16
ㄅㄣˇ ㄌㄞˊ ㄗㄞˋ	本來在	16
ㄅㄣˇ ㄐㄧㄚˋ	本價	16
ㄅㄣˇ ㄐㄧˊ	本籍	16
ㄅㄣˇ ㄌㄧㄢˊ	本連	16
ㄅㄣˇ ㄉㄤˇ	本黨	16
ㄌㄧˇ ㄙ	李斯	16
ㄉㄨㄥ ㄅㄟˇ ㄈㄤ	東北方	16
ㄉㄨㄥ ㄏㄞˇ ㄉㄚˋ ㄒㄩㄝˊ	東海大學	16
ㄌㄧㄣˊ ㄅㄢ	林班	16
ㄌㄧㄣˊ ㄌㄧㄤˊ ㄌㄜˋ	林良樂	16
ㄍㄨㄛˇ ㄉㄨㄥˋ	果凍	16
ㄇㄡˇ ㄔㄨˋ	某處	16
ㄖㄢˇ ㄈㄤ	染坊	16
ㄔㄚˊ ㄈㄤˇ	查訪	16
ㄕˋ ㄗ˙	柿子	16
ㄒㄧㄠˋ ㄐㄧˋ	校際	16
ㄍㄜˊ ㄉㄡˋ	格鬥	16
ㄊㄠˊ ㄩㄢˊ ㄒㄧㄢˋ ㄓㄤˇ	桃園縣長	16
ㄊㄨㄥˇ ㄗ˙	桶子	16
ㄌㄧㄤˊ ㄑㄧˇ ㄔㄠ	梁啟超	16
ㄊㄧㄠˊ ㄌㄧㄝˋ	條列	16
ㄑㄧˋ ㄕㄡˇ	棄守	16
ㄍㄨㄢ ㄇㄨˋ	棺木	16
ㄓˊ ㄨˋ ㄒㄧㄥˋ	植物性	16
ㄒㄧㄝˋ	楔	16
ㄧㄝˋ ㄨˋ ㄅㄨˋ	業務部	16
ㄐㄧˊ ㄧㄡˋ	極右	16
ㄙㄨㄣˇ	榫	16
ㄓㄨㄤ ㄐㄧㄠˇ	樁腳	16
ㄌㄡˊ ㄍㄜˊ	樓閣	16
ㄅㄧㄠ ㄕˋ ㄔㄨ	標示出	16
ㄕㄨˋ ㄨㄚ	樹蛙	16
ㄐㄧ ㄒㄧㄝˋ ㄒㄧㄥˋ	機械性	16
ㄐㄧ ㄉㄨㄟˋ	機隊	16
ㄐㄧㄢˇ ㄒㄧㄡ	檢修	16
ㄑㄩㄢˊ ㄨㄟˋ	權位	16
ㄑㄩㄢˊ ㄋㄥˊ	權能	16
ㄑㄧㄢˋ ㄕㄨㄟˋ	欠稅	16
ㄘˋ ㄋㄧㄢˊ	次年	16
ㄘˋ ㄉㄥˇ	次等	16
ㄩˋ ㄅㄚˋ ㄅㄨˋ ㄋㄥˊ	欲罷不能	16
ㄍㄜ ㄏㄡˊ	歌喉	16
ㄍㄜ ㄨˇ ㄊㄨㄢˊ	歌舞團	16
ㄡ ㄌㄨˋ	歐陸	16
ㄓㄥˋ ㄕˊ	正時	16
ㄓㄥˋ ㄘㄢ	正餐	16
ㄙˇ ㄉㄜˊ	死得	16
ㄙˇ ㄉㄜ˙	死得	16
ㄙˇ ㄅㄢˇ	死板	16
ㄙˇ ㄏㄨㄛˊ	死活	16
ㄘㄢˊ ㄓㄚ	殘渣	16
ㄕㄚ ㄓㄨ	殺豬	16
ㄇㄟˇ ㄒㄩㄝˊ ㄑㄧˊ	每學期	16
ㄅㄧˇ ㄍㄨㄛˋ ㄑㄩˋ	比過去	16
ㄇㄠˊ ㄒㄧㄢˋ	毛線	16
ㄇㄧㄣˊ ㄗㄨˊ ㄨㄣˊ ㄏㄨㄚˋ	民族文化	16
ㄇㄧㄣˊ ㄌㄜˋ	民樂	16
ㄇㄧㄣˊ ㄩㄝˋ	民樂	16
ㄑㄧˋ ㄐㄧˊ ㄅㄞˋ ㄏㄨㄞˋ	氣急敗壞	16
ㄑㄧˋ ㄔㄨㄥ ㄔㄨㄥ	氣沖沖	16
ㄑㄧˋ ㄐㄧㄝˊ	氣節	16
ㄕㄨㄟˇ ㄍㄨㄛˇ ㄊㄢ	水果攤	16
ㄕㄨㄟˇ ㄍㄤ	水缸	16
ㄩㄥˇ ㄩㄢˇ ㄉㄡ ㄕˋ	永遠都是	16
ㄑㄧㄡˊ ㄏㄠˇ	求好	16
ㄑㄧㄡˊ ㄖㄠˊ	求饒	16
ㄐㄧㄤ ㄎㄡˇ	江口	16
ㄨ ㄏㄨㄟˋ	污穢	16
ㄊㄞˋ ㄐㄧㄡˋ ㄏㄨㄢˋ ㄒㄧㄣ	汰舊換新	16
ㄑㄧˋ ㄑㄧㄡˊ	汽球	16
ㄔㄣˊ ㄗㄨㄟˋ	沉醉	16
ㄇㄛˋ ㄇㄛˋ	沒沒	16
ㄕㄚ ㄔㄣˊ ㄅㄠˋ	沙塵暴	16
ㄏㄜˊ ㄌㄧˇ	河裡	16
ㄧㄡˊ ㄘㄠˊ	油槽	16
ㄓˋ ㄌㄧㄠˊ ㄈㄚˇ	治療法	16
ㄓㄢ ㄓㄢ ㄗˋ ㄒㄧˇ	沾沾自喜	16
ㄈㄚˇ ㄇㄧㄥˊ	法名	16
ㄈㄚˇ ㄕㄤ ㄒㄩㄝˊ ㄩㄢˋ	法商學院	16
ㄈㄚˇ ㄌㄚ ㄌㄧˋ	法拉利	16
ㄈㄢˋ ㄓˇ	泛指	16
ㄆㄠˋ ㄗㄠˇ	泡澡	16
ㄊㄞˋ ㄅㄢˋ	泰半	16
ㄏㄨㄟˊ	洄	16
ㄒㄧˇ ㄆㄞˊ	洗牌	16
ㄒㄧˇ ㄇㄧㄢˋ	洗面	16
ㄏㄨㄥˊ ㄩˋ ㄑㄧㄣ	洪玉欽	16
ㄌㄧㄡˊ ㄊㄧˇ	流體	16
ㄌㄤˋ ㄈㄟˋ ㄉㄜ˙	浪費的	16
ㄏㄞˇ ㄨㄟˋ	海味	16
ㄏㄞˇ ㄗㄟˊ ㄨㄤˊ	海賊王	16
ㄏㄞˇ ㄌㄨㄥˊ ㄨㄤˊ	海龍王	16
ㄒㄧㄠ ㄏㄠˋ ㄌㄧㄤˋ	消耗量	16
ㄒㄧㄠ ㄈㄤˊ ㄔㄜ	消防車	16
ㄕㄜˋ ㄕㄨㄟˇ	涉水	16
ㄒㄧ ㄌㄧˋ	淅瀝	16
ㄑㄧ ㄘㄢˇ	淒慘	16
ㄉㄢˋ ㄏㄨㄤˊ ㄙㄜˋ	淡黃色	16
ㄐㄧㄥˋ ㄎㄨㄥ	淨空	16
ㄕㄣ ㄒㄧㄥˇ	深省	16
ㄕㄣ ㄈㄢ	深翻	16
ㄏㄨㄣˋ ㄉㄜ˙	混的	16
ㄑㄧㄥ ㄍㄨㄤ	清光	16
ㄑㄧㄥ ㄔㄤˋ	清唱	16
ㄍㄤˇ ㄐㄧㄥˇ	港警	16
ㄏㄨㄣˋ ㄉㄨㄣˋ	渾沌	16
ㄇㄟˊ ㄓㄡ ㄉㄠˇ	湄洲島	16
ㄊㄨㄢ ㄐㄧˊ	湍急	16
ㄏㄨˊ ㄆㄢˋ	湖畔	16
ㄓㄢˋ ㄌㄢˊ	湛藍	16
ㄕㄤ ㄕㄤ	湯湯	16
ㄩㄢˊ ㄩㄢˇ ㄌㄧㄡˊ ㄔㄤˊ	源遠流長	16
ㄕㄣˋ ㄔㄨ	滲出	16
ㄩˊ ㄧㄝˋ ㄕㄨˇ	漁業署	16
ㄩˊ ㄔㄢˇ	漁產	16
ㄆㄧㄠ ㄅㄛˊ	漂泊	16
ㄆㄧㄠˋ ㄆㄧㄠˋ ㄌㄧㄤˋ ㄌㄧㄤˋ	漂漂亮亮	16
ㄌㄡˋ ㄧㄝˋ	漏夜	16
ㄓㄤˇ ㄔㄠˊ	漲潮	16
ㄔㄠˊ ㄕㄨㄟˇ	潮水	16
ㄧㄥˊ ㄓㄡ	瀛洲	16
ㄏㄨㄛˇ ㄍㄨㄛ ㄉㄧㄢˋ	火鍋店	16
ㄆㄠˋ ㄕㄥ	炮聲	16
ㄨㄟˋ ㄏㄜˊ ㄏㄨㄟˋ	為何會	16
ㄨㄟˊ ㄉㄧˊ	為敵	16
ㄨㄟˊ ㄌㄧㄣˊ	為鄰	16
ㄨ ㄧㄡˇ	烏有	16
ㄨˊ ㄩㄥ ㄓˋ ㄧˊ	無庸置疑	16
ㄨˊ ㄧㄝˋ	無業	16
ㄨˊ ㄉㄨˊ	無毒	16
ㄨˊ ㄒㄧㄢˋ ㄉㄧㄢˋ ㄉㄧㄥˋ ㄨㄟˋ	無線電定位	16
ㄨˊ ㄑㄩㄝ	無缺	16
ㄌㄧㄢˋ ㄐㄧㄣ	煉金	16
ㄨㄟˇ	煒	16
ㄇㄟˊ ㄊㄢˋ	煤炭	16
ㄓㄨˇ ㄔㄨ	煮出	16
ㄒㄧˊ ㄏㄨㄛˇ	熄火	16
ㄕㄡˊ ㄕˊ	熟食	16
ㄖㄜˋ ㄋㄟˋ ㄌㄨˊ	熱內盧	16
ㄖㄜˋ ㄋㄥˊ	熱能	16
ㄉㄥ ㄏㄠˋ	燈號	16
ㄧㄥˊ ㄧㄝˋ ㄔㄨˋ	營業處	16
ㄌㄨˊ ㄏㄨㄛˇ	爐火	16
ㄆㄚˊ ㄒㄧㄚˋ	爬下	16
ㄉㄧㄝˊ	牒	16
ㄨˋ ㄌㄧˇ ㄍㄨㄢˇ	物理館	16
ㄍㄨˇ ㄌㄧㄥˇ	牯嶺	16
ㄊㄜˋ ㄐㄧㄠˋ ㄒㄧˋ	特教系	16
ㄊㄜˋ ㄔㄤˊ	特長	16
ㄑㄧㄢ ㄒㄧㄢˋ	牽線	16
ㄍㄡˇ ㄕˇ	狗屎	16
ㄐㄧㄠˇ ㄏㄨㄚˊ	狡猾	16
ㄐㄩㄢˋ	狷	16
ㄌㄤˊ ㄨㄟˇ ㄘㄠˇ	狼尾草	16
ㄧㄡˊ ㄊㄚ	猶他	16
ㄧㄡˊ ㄧˊ	猶疑	16
ㄏㄨㄚˊ	猾	16
ㄕ ㄊㄡˊ ㄕㄢ	獅頭山	16
ㄉㄨˊ ㄅㄞˊ	獨白	16
ㄩˋ ㄈㄛˊ	玉佛	16
ㄩˋ ㄋㄩˇ	玉女	16
ㄩˋ ㄕㄢ ㄍㄨㄛˊ ㄐㄧㄚ ㄍㄨㄥ ㄩㄢˊ	玉山國家公園	16
ㄩˋ ㄌㄧˇ	玉里	16
ㄨㄤˊ ㄢ ㄕˊ	王安石	16
ㄨㄤˊ ㄧㄝˊ	王爺	16
ㄨㄤˊ ㄖㄨㄟˋ ㄌㄧㄥˊ	王瑞玲	16
ㄨㄤˊ ㄒㄧ ㄓ	王羲之	16
ㄓㄣ ㄓㄨ ㄋㄞˇ ㄔㄚˊ	珍珠奶茶	16
ㄓㄣ ㄓㄨ ㄍㄤˇ	珍珠港	16
ㄒㄧㄢˋ ㄉㄞˋ ㄨㄣˊ ㄒㄩㄝˊ	現代文學	16
ㄒㄧㄢˋ ㄉㄞˋ ㄧˋ ㄕㄨˋ	現代藝術	16
ㄑㄧㄡˊ ㄌㄨˋ	球路	16
ㄌㄧˋ	琍	16
ㄑㄧㄣˊ ㄕㄥ	琴聲	16
ㄏㄨㄢˊ ㄅㄠˇ ㄐㄩˊ ㄓㄤˇ	環保局長	16
ㄨㄚˇ ㄌㄧˋ	瓦礫	16
ㄘˊ ㄓㄨㄢ	瓷磚	16
ㄕㄥ ㄇㄧㄣˊ	生民	16
ㄕㄥ ㄨˋ ㄑㄩㄢ	生物圈	16
ㄕㄥ ㄔㄢˇ ㄌㄧㄤˋ	生產量	16
ㄕㄥ ㄧㄤˇ	生養	16
ㄕㄥ ㄩˊ ㄆㄧㄢˋ	生魚片	16
ㄔㄢˇ ㄈㄤˊ	產房	16
ㄧㄡˊ ㄋㄧˇ	由你	16
ㄧㄡˊ ㄌㄞˊ ㄧˇ ㄐㄧㄡˇ	由來已久	16
ㄋㄢˊ ㄒㄧㄥ	男星	16
ㄏㄨㄚˋ ㄕˇ	畫史	16
ㄧˋ ㄐㄧㄠˋ	異教	16
ㄧˋ ㄌㄟˋ	異類	16
ㄉㄧㄝˊ ㄉㄧㄝˊ	疊疊	16
ㄉㄢˇ	疸	16
ㄊㄨㄥˋ ㄔㄨˋ	痛處	16
ㄨㄣ ㄧˋ	瘟疫	16
ㄓㄤ ㄑㄧˋ	瘴氣	16
ㄓㄤˋ ㄑㄧˋ	瘴氣	16
ㄌㄧㄠˊ ㄔㄥˊ	療程	16
ㄈㄚ ㄌㄞˊ	發來	16
ㄈㄚ ㄔㄡˊ	發愁	16
ㄈㄚ ㄈㄣˋ	發憤	16
ㄈㄚ ㄏㄨㄟ ㄉㄠˋ	發揮到	16
ㄈㄚ ㄐㄩㄝˊ ㄉㄠˋ	發覺到	16
ㄈㄚ ㄇㄚˊ	發麻	16
ㄅㄞˊ ㄜˋ	白堊	16
ㄅㄞˊ ㄇㄛˋ	白沫	16
ㄅㄞˊ ㄒㄧㄝˇ ㄅㄧㄥˋ	白血病	16
ㄅㄞˊ ㄜˊ	白鵝	16
ㄅㄞˇ ㄈㄣ ㄓ ㄐㄧㄡˇ ㄕˊ ㄐㄧㄡˇ	百分之九十九	16
ㄅㄞˇ ㄈㄣ ㄓ ㄙˋ ㄕˊ ㄨˇ	百分之四十五	16
ㄏㄨㄤˊ ㄕㄤˋ	皇上	16
ㄍㄠ	皋	16
ㄓㄡˋ ㄇㄟˊ	皺眉	16
ㄓˊ ㄏㄨ	直呼	16
ㄓˊ ㄧㄥˊ ㄉㄧㄢˋ	直營店	16
ㄒㄧㄥˇ ㄕˋ	省事	16
ㄕㄥˇ ㄕˋ	省事	16
ㄎㄢˋ ㄅㄨˊ ㄍㄨㄢˋ	看不慣	16
ㄎㄢˋ ㄅㄨˋ ㄍㄨㄢˋ	看不慣	16
ㄎㄢˋ ㄅㄨˊ ㄍㄨㄛˋ ㄑㄩˋ	看不過去	16
ㄎㄢˋ ㄅㄨˋ ㄍㄨㄛˋ ㄑㄩˋ	看不過去	16
ㄎㄢˋ ㄍㄨㄛˋ ㄑㄩˋ	看過去	16
ㄓㄣ ㄆㄧㄣˇ	真品	16
ㄓㄣ ㄨㄛˇ	真我	16
ㄐㄩㄢˋ ㄍㄨˋ	眷顧	16
ㄕㄨㄟˋ ㄧˋ	睡意	16
ㄌㄧㄠˋ ㄨㄤˋ	瞭望	16
ㄉㄨㄢˇ ㄘㄨˋ	短促	16
ㄉㄨㄢˇ ㄌㄨˋ	短路	16
ㄧㄢˊ ㄐㄧㄡˋ ㄈㄟˋ	研究費	16
ㄧㄥˋ ㄎㄨㄞˋ	硬塊	16
ㄧㄥˋ ㄉㄨˋ	硬度	16
ㄧㄥˋ ㄕˋ	硬式	16
ㄘˊ ㄉㄞˋ	磁帶	16
ㄎㄜ ㄊㄡˊ	磕頭	16
ㄇㄛˊ ㄋㄢˋ	磨難	16
ㄎㄨㄤˋ ㄕˊ	礦石	16
ㄕㄣˊ ㄙˋ	神似	16
ㄕㄣˊ ㄍㄨㄥ	神功	16
ㄕㄣˊ ㄐㄧㄥ ㄩㄢˊ	神經元	16
ㄕㄣˊ ㄏㄨㄣˊ	神魂	16
ㄕㄣˊ ㄉㄧㄠ ㄒㄧㄚˊ ㄌㄩˇ	神鵰俠侶	16
ㄐㄧˋ ㄎㄨㄥˇ	祭孔	16
ㄑㄧㄡ ㄧㄝˋ	秋葉	16
ㄑㄧㄡ ㄧㄝˋ ㄩㄢˊ	秋葉原	16
ㄎㄜ ㄐㄧˋ ㄏㄨㄚˋ	科技化	16
ㄗㄨ ㄕㄡˋ	租售	16
ㄧㄤ ㄐㄧ	秧雞	16
ㄧˊ ㄗㄡˇ	移走	16
ㄧˊ ㄎㄞ	移開	16
ㄓㄨㄥˋ ㄕㄤˋ	種上	16
ㄔㄥ ㄒㄩˇ	稱許	16
ㄍㄨˇ ㄗ˙	穀子	16
ㄋㄨㄥˊ	穠	16
ㄎㄨㄥ ㄊㄢˊ	空彈	16
ㄎㄨㄥ ㄈㄨˊ ㄩㄢˊ	空服員	16
ㄎㄨㄥ ㄅㄞˊ ㄉㄜ˙	空白的	16
ㄎㄨㄥ ㄐㄧㄤˋ ㄅㄨˋ ㄉㄨㄟˋ	空降部隊	16
ㄔㄨㄢ ㄎㄨㄥˇ	穿孔	16
ㄊㄨˊ ㄐㄧˊ ㄐㄧㄢˇ ㄔㄚˊ	突擊檢查	16
ㄘㄨㄢˋ ㄍㄞˇ	竄改	16
ㄌㄧˋ ㄅㄣˇ	立本	16
ㄌㄧˋ ㄌㄨㄣˋ	立論	16
ㄌㄧˋ ㄊㄧˇ ㄍㄢˇ	立體感	16
ㄓㄢˋ ㄅㄨˊ ㄓㄨˋ	站不住	16
ㄓㄤ ㄐㄩˋ	章句	16
ㄐㄧㄥˋ ㄐㄧㄚˋ	競價	16
ㄓㄨˊ ㄅㄟˇ ㄕˋ	竹北市	16
ㄒㄧㄠˋ ㄩˇ	笑語	16
ㄉㄧˋ ㄧ ㄧㄢˇ	第一眼	16
ㄉㄧˋ ㄅㄚ ㄐㄧㄝˋ	第八屆	16
ㄉㄧˋ ㄙˋ ㄕˊ ㄙˋ	第四十四	16
ㄉㄧˋ ㄙˋ ㄒㄧㄤˋ	第四項	16
ㄅㄧˇ ㄏㄨㄚˋ	筆劃	16
ㄅㄧˇ ㄉㄧㄠˋ	筆調	16
ㄉㄥˇ ㄉㄧˋ	等第	16
ㄙㄨㄢˋ ㄆㄢˊ	算盤	16
ㄓㄨˊ ㄑㄧˇ	築起	16
ㄍㄠ	篙	16
ㄌㄢˊ ㄨㄤˇ	籃網	16
ㄐㄧˊ ㄍㄨㄢˋ	籍貫	16
ㄇㄧˇ ㄌㄜˋ	米勒	16
ㄇㄧˇ ㄔㄨㄥˊ	米蟲	16
ㄘㄨ ㄘㄠ ㄉㄜ˙	粗糙的	16
ㄐㄧㄥ ㄕㄣ	精深	16
ㄐㄧㄥ ㄌㄧㄢˋ	精練	16
ㄊㄤˊ ㄐㄧㄤ	糖漿	16
ㄒㄧˋ ㄒㄩㄝˊ ㄏㄨㄟˋ	系學會	16
ㄐㄧˋ ㄋㄧㄢˋ ㄒㄧㄥˋ	紀念性	16
ㄋㄧㄡˇ ㄩㄝ ㄞˋ ㄩㄝˋ	紐約愛樂	16
ㄔㄨㄣˊ ㄧ	純一	16
ㄈㄤˇ ㄓ ㄆㄧㄣˇ	紡織品	16
ㄗㄨˇ ㄏㄜˊ ㄨ	組合屋	16
ㄗㄨˇ ㄓ ㄑㄧˇ ㄌㄞˊ	組織起來	16
ㄐㄧㄝˊ ㄓㄚˊ	結紮	16
ㄐㄧㄝˊ ㄗㄚ	結紮	16
ㄐㄩㄝˊ ㄓㄥˋ	絕症	16
ㄐㄧㄠˇ ㄐㄧㄣˋ ㄋㄠˇ ㄓ	絞盡腦汁	16
ㄙ ㄨㄚˋ	絲襪	16
ㄐㄧㄥ ㄅㄨˋ	經部	16
ㄗㄨㄥ ㄏㄜˊ ㄙㄨㄛˇ ㄉㄜˊ	綜合所得	16
ㄗㄨㄥˋ ㄏㄜˊ ㄙㄨㄛˇ ㄉㄜˊ	綜合所得	16
ㄗㄨㄥ ㄏㄜˊ ㄊㄧˇ	綜合體	16
ㄌㄩˋ ㄧˋ ㄤˋ ㄖㄢˊ	綠意盎然	16
ㄨㄟˊ ㄐㄧˊ ㄋㄧˊ ㄧㄚˇ ㄓㄡ	維吉尼亞州	16
ㄨㄤˇ ㄗ˙	網子	16
ㄨㄤˇ ㄓㄨㄤˋ	網狀	16
ㄒㄩˋ ㄌㄨㄣˋ	緒論	16
ㄉㄨㄢˋ ㄉㄞˋ	緞帶	16
ㄅㄧㄢ ㄋㄧㄢˊ	編年	16
ㄅㄧㄢ ㄒㄩㄢˇ	編選	16
ㄒㄧㄢˋ ㄓˋ	縣治	16
ㄗㄨㄥˇ ㄅㄢˋ ㄕˋ ㄔㄨˋ	總辦事處	16
ㄈㄢˊ ㄩˋ	繁育	16
ㄐㄧㄠˇ ㄎㄨㄢˇ	繳款	16
ㄗㄨㄟˋ ㄓㄨㄤˋ	罪狀	16
ㄓˋ ㄖㄨˋ ㄒㄧㄥˋ ㄒㄧㄥˊ ㄒㄧㄠ	置入性行銷	16
ㄈㄚˊ ㄑㄧㄢˊ	罰錢	16
ㄅㄚˋ ㄒㄧㄡ	罷休	16
ㄌㄨㄛˊ ㄓˋ	羅致	16
ㄇㄟˇ ㄖㄣˊ ㄩˊ	美人魚	16
ㄇㄟˇ ㄕˊ ㄓㄢˇ	美食展	16
ㄑㄩㄣˊ ㄑㄧㄥˊ	群情	16
ㄧˋ ㄓㄣˇ	義診	16
ㄒㄧˊ ㄑㄧˋ	習氣	16
ㄈㄟˇ ㄌㄥˇ ㄘㄨㄟˋ	翡冷翠	16
ㄌㄠˇ ㄙㄥ	老僧	16
ㄌㄠˇ ㄅㄢˋ ㄊㄧㄢ	老半天	16
ㄌㄠˇ ㄕㄣˊ ㄗㄞˋ ㄗㄞˋ	老神在在	16
ㄌㄠˇ ㄌㄠˇ ㄕˊ ㄕˊ	老老實實	16
ㄌㄠˇ ㄓㄨㄤ	老莊	16
ㄌㄠˇ ㄊㄠ	老饕	16
ㄎㄠˇ ㄔㄨ	考出	16
ㄎㄠˇ ㄎㄠˇ	考考	16
ㄦˇ ㄖㄨˊ ㄇㄨˋ ㄖㄢˇ	耳濡目染	16
ㄍㄥˇ ㄍㄥˇ ㄩˊ ㄏㄨㄞˊ	耿耿於懷	16
ㄌㄧㄠˊ ㄊㄧㄢ ㄕˋ	聊天室	16
ㄕㄥˋ ㄊㄤˊ	聖堂	16
ㄐㄩˋ ㄓㄨㄥˋ	聚眾	16
ㄌㄧㄢˊ ㄌㄨㄛˋ ㄅㄨˋ	聯絡簿	16
ㄓˊ ㄒㄩㄣˋ ㄓㄨㄥ ㄒㄧㄣ	職訓中心	16
ㄊㄧㄥ ㄕㄨㄛ ㄕˋ	聽說是	16
ㄖㄡˋ ㄍㄨㄟˋ	肉桂	16
ㄉㄨˋ ㄗ˙ ㄜˋ	肚子餓	16
ㄍㄨˇ ㄆㄧㄠˋ ㄕˋ ㄔㄤˇ	股票市場	16
ㄨㄟˋ ㄧㄢˊ	胃炎	16
ㄏㄨˊ ㄓˋ ㄇㄧㄥˊ	胡志明	16
ㄋㄥˊ ㄊㄨㄟˋ	能退	16
ㄊㄨㄛ ㄎㄡˇ ㄒㄧㄡˋ	脫口秀	16
ㄧㄠ ㄓㄢˇ	腰斬	16
ㄧㄠ ㄙㄨㄢ	腰酸	16
ㄐㄧㄠ ㄅㄨˋ	膠布	16
ㄌㄧㄢˇ ㄒㄧㄥˊ	臉型	16
ㄌㄧㄣˊ ㄙˇ	臨死	16
ㄌㄧㄣˊ ㄇㄣˊ	臨門	16
ㄌㄧㄣˊ ㄊㄡˊ	臨頭	16
ㄗˋ ㄠˋ	自傲	16
ㄗˋ ㄐㄧㄢˋ	自建	16
ㄗˋ ㄉㄤ	自當	16
ㄓˋ ㄖㄨˊ	至如	16
ㄓˋ ㄍㄠ ㄨˊ ㄕㄤˋ	至高無上	16
ㄓˋ ㄩㄥˋ	致用	16
ㄩˊ	臾	16
ㄐㄧㄡˋ ㄈㄨˋ	舅父	16
ㄒㄧㄥ ㄈㄣˋ ㄐㄧˋ	興奮劑	16
ㄒㄧㄥˋ ㄔㄨㄥ ㄔㄨㄥ	興沖沖	16
ㄐㄩˇ ㄅㄟ	舉杯	16
ㄐㄧㄡˋ ㄌㄧˋ	舊曆	16
ㄕㄨ ㄕㄨ ㄈㄨˊ ㄈㄨˊ	舒舒服服	16
ㄔㄨㄢˊ ㄓㄨˇ	船主	16
ㄌㄧㄤˊ ㄧㄡˇ ㄅㄨˋ ㄑㄧˊ	良莠不齊	16
ㄌㄧㄤˊ ㄧㄡˋ ㄅㄨˋ ㄑㄧˊ	良莠不齊	16
ㄐㄧㄢ ㄕㄣ	艱深	16
ㄙㄜˋ ㄓˇ	色紙	16
ㄏㄨㄚ ㄍㄤ ㄧㄢˊ	花崗岩	16
ㄎㄜ ㄑㄧㄡˊ	苛求	16
ㄖㄨㄛˋ ㄒㄧㄤˇ	若想	16
ㄎㄨˇ ㄨㄟˋ	苦味	16
ㄎㄨˇ ㄇㄧㄥˋ	苦命	16
ㄧㄥ ㄐㄧㄝˊ	英傑	16
ㄧㄥ ㄔˇ	英呎	16
ㄧㄥ ㄗ	英姿	16
ㄧㄥ ㄕㄨˇ	英屬	16
ㄇㄛˋ ㄌㄧˋ ㄏㄨㄚ	茉莉花	16
ㄓㄨ ㄌㄧˋ ㄧㄝˋ	茱麗葉	16
ㄑㄩㄢˊ	荃	16
ㄆㄟˊ	荖	6.351308576902391
ㄌㄠˇ	荖	16
ㄉㄧˊ	荻	16
ㄨㄢˇ ㄦˇ	莞爾	16
ㄏㄨㄚˊ ㄕㄥˋ ㄉㄨㄣˋ ㄓㄡ	華盛頓州	16
ㄨㄢˋ ㄍㄨㄛˊ ㄅㄛˊ ㄌㄢˇ ㄏㄨㄟˋ	萬國博覽會	16
ㄨㄢˋ ㄈㄨˊ	萬福	16
ㄌㄨㄛˋ ㄉㄧˋ ㄔㄨㄤ	落地窗	16
ㄧㄝˋ ㄅㄧㄥˇ	葉柄	16
ㄧㄝˋ ㄌㄩˋ ㄙㄨˋ	葉綠素	16
ㄇㄥˊ ㄉㄧˋ ㄎㄚˇ ㄌㄨㄛˊ	蒙地卡羅	16
ㄇㄥˊ ㄋㄚˋ ㄌㄧˋ ㄕㄚ	蒙娜麗莎	16
ㄘㄤ ㄌㄧㄤˊ	蒼涼	16
ㄒㄩˋ ㄕˋ	蓄勢	16
ㄘㄞˋ ㄨㄢˋ ㄔㄨㄣ	蔡萬春	16
ㄒㄧㄠ ㄏㄨㄤˊ ㄑㄧˊ	蕭煌奇	16
ㄅㄛˊ ㄆㄧㄢˋ	薄片	16
ㄙㄚˋ ㄦˇ ㄨㄚˇ ㄉㄨㄛ	薩爾瓦多	16
ㄐㄧㄝˋ ㄘˇ ㄐㄧ ㄏㄨㄟˋ	藉此機會	16
ㄌㄢˊ ㄉㄧㄠˋ	藍調	16
ㄘㄤˊ ㄐㄧㄥ	藏經	16
ㄓㄢˋ	蘸	16
ㄌㄨㄛˊ ㄅㄛ ㄍㄠ	蘿蔔糕	16
ㄌㄨㄛˊ ㄅㄛ˙ ㄍㄠ	蘿蔔糕	16
ㄏㄨˇ ㄎㄡˇ	虎口	16
ㄔㄨˇ ㄌㄧˇ ㄉㄜˊ	處理得	16
ㄔㄨˇ ㄌㄧˇ ㄉㄜ˙	處理得	16
ㄨㄣˊ ㄒㄧㄤ	蚊香	16
ㄧㄚˊ	蚜	16
ㄓㄚˋ	蚱	16
ㄉㄢˋ ㄎㄜˊ	蛋殼	16
ㄉㄢˋ ㄅㄞˊ ㄋㄧㄠˋ	蛋白尿	16
ㄈㄟ	蜚	16
ㄈㄟˇ	蜚	16
ㄑㄩㄢˊ	蜷	16
ㄒㄧㄚ ㄖㄣˊ	蝦仁	16
ㄇㄚˊ	蟆	16
ㄇㄚ˙	蟆	16
ㄒㄧㄝˇ ㄕㄨㄢ	血栓	16
ㄒㄧㄥˊ ㄅㄨˋ ㄒㄧㄥˊ	行不行	16
ㄒㄧㄥˊ ㄒㄧㄢˋ	行憲	16
ㄏㄤˊ ㄏㄨㄚˋ	行話	16
ㄒㄧㄥˊ ㄐㄩㄣ	行軍	16
ㄕㄨˋ ㄎㄜ	術科	16
ㄐㄧㄝ ㄉㄠˋ ㄕㄤˋ	街道上	16
ㄨㄟˋ ㄉㄠˋ	衛道	16
ㄔㄨㄥ ㄑㄩˋ	衝去	16
ㄅㄧㄠˇ ㄐㄧㄝˇ	表姊	16
ㄅㄨˇ ㄓㄨˋ ㄈㄟˋ	補助費	16
ㄓㄨㄤ ㄩㄣˋ	裝運	16
ㄈㄨˋ ㄌㄧˋ	複利	16
ㄅㄠ ㄅㄧㄢˇ	褒貶	16
ㄅㄠˇ	褓	16
ㄒㄧㄝˋ ㄉㄨˊ	褻瀆	16
ㄧㄠˋ ㄅㄨˋ ㄉㄜˊ	要不得	16
ㄧㄠˋ ㄅㄨˋ ㄉㄜ˙	要不得	16
ㄧㄠˋ ㄩㄝ	要約	16
ㄧㄠˋ ㄌㄧㄢˇ	要臉	16
ㄐㄧㄢˋ ㄅㄨˋ ㄉㄜˊ ㄖㄣˊ	見不得人	16
ㄐㄧㄢˋ ㄒㄧㄠˋ	見效	16
ㄍㄨㄟ ㄑㄩㄢˋ	規勸	16
ㄑㄧㄣ ㄒㄧㄣˋ	親信	16
ㄍㄨㄢ ㄔㄚˊ ㄓㄜˇ	觀察者	16
ㄊㄠˇ ㄒㄧˇ	討喜	16
ㄐㄧˋ ㄕˊ ㄅㄧˋ ㄏㄨㄛˋ	記實避禍	16
ㄐㄧˋ ㄧˋ ㄎㄚˇ	記憶卡	16
ㄋㄚˋ	訥	6.351308576902391
ㄋㄜˋ	訥	16
ㄉㄧˇ	詆	16
ㄕˋ ㄨㄢˊ	試玩	16
ㄕˋ ㄔㄨㄢ	試穿	16
ㄒㄧㄤˊ ㄕˊ	詳實	16
ㄏㄨㄟˋ	詴	16
ㄨㄟ	詴	16
ㄩˇ ㄧㄢˊ ㄒㄩㄝˊ ㄐㄧㄚ	語言學家	16
ㄩˇ ㄧㄢˊ ㄙㄨㄛˇ	語言所	16
ㄈㄟˇ ㄅㄤˋ	誹謗	16
ㄉㄧㄠˋ ㄔㄚˊ ㄑㄩㄢˊ	調查權	16
ㄉㄧㄠˋ ㄨㄟˊ	調為	16
ㄉㄧㄠˋ ㄓˊ	調職	16
ㄊㄢˊ ㄆㄢˋ ㄓㄨㄛ	談判桌	16
ㄊㄢˊ ㄑㄧㄥˊ	談情	16
ㄊㄢˊ ㄑㄧㄥˊ ㄕㄨㄛ ㄞˋ	談情說愛	16
ㄑㄧㄥˇ ㄊㄨㄛ	請託	16
ㄐㄧㄤˇ ㄎㄜˋ	講課	16
ㄒㄧㄝˋ ㄗㄨˇ ㄨˇ	謝祖武	16
ㄒㄧㄝˋ ㄐㄩㄝˊ	謝絕	16
ㄐㄧㄥˇ ㄐㄩㄝˊ ㄒㄧㄥˋ	警覺性	16
ㄧˋ ㄏㄜˊ	議和	16
ㄉㄨˊ ㄓㄜ˙	讀著	16
ㄅㄧㄢˋ ㄧㄣ	變因	16
ㄅㄧㄢˋ ㄗㄡˋ	變奏	16
ㄅㄧㄢˋ ㄅㄣˇ	變本	16
ㄅㄧㄢˋ ㄅㄣˇ ㄐㄧㄚ ㄌㄧˋ	變本加厲	16
ㄗㄢˋ ㄅㄨˋ ㄐㄩㄝˊ ㄎㄡˇ	讚不絕口	16
ㄒㄧㄤˋ ㄕㄢ	象山	16
ㄓㄨ ㄍㄜ ㄌㄧㄤˋ	豬哥亮	16
ㄓㄨ ㄊㄡˊ ㄆㄧˊ	豬頭皮	16
ㄅㄠˋ ㄗ˙	豹子	16
ㄇㄠ ㄎㄨㄥ	貓空	16
ㄆㄧㄣˊ ㄇㄧㄣˊ ㄎㄨ	貧民窟	16
ㄏㄨㄛˋ ㄙㄜˋ	貨色	16
ㄍㄨㄢˋ ㄓㄨˋ	貫注	16
ㄇㄞˇ ㄗㄡˇ	買走	16
ㄈㄟˋ ㄦˇ	費爾	16
ㄊㄧㄝ ㄒㄧㄢˋ	貼現	16
ㄗ ㄒㄩㄣˋ ㄐㄧㄝˋ	資訊界	16
ㄕㄤˇ ㄘˋ	賞賜	16
ㄕㄤˇ ㄙˋ	賞賜	16
ㄓˊ ㄙㄨˋ	質素	16
ㄌㄞˋ ㄧˇ ㄨㄟˊ ㄕㄥ	賴以維生	16
ㄓㄨㄢˋ ㄉㄚˋ ㄑㄧㄢˊ	賺大錢	16
ㄓㄨㄟˋ ㄕㄨˋ	贅述	16
ㄗㄡˇ ㄏㄡˋ	走後	16
ㄗㄡˇ ㄧㄤˋ	走樣	16
ㄗㄡˇ ㄖㄨㄢˇ	走軟	16
ㄗㄡˇ ㄇㄚˇ ㄎㄢˋ ㄏㄨㄚ	走馬看花	16
ㄑㄧˇ ㄧˊ	起疑	16
ㄑㄧˇ ㄨㄤˇ	起網	16
ㄑㄧˇ ㄙㄨˋ ㄕㄨ	起訴書	16
ㄩㄝˋ ㄍㄨㄛˊ	越國	16
ㄩㄝˋ ㄐㄧˊ	越級	16
ㄍㄢˇ ㄉㄚ	趕搭	16
ㄆㄠˇ ㄒㄧㄝˊ	跑鞋	16
ㄌㄨˋ ㄐㄧㄥ	路經	16
ㄊㄧ ㄐㄧㄣˋ	踢進	16
ㄅㄥˋ ㄊㄧㄠˋ	蹦跳	16
ㄉㄥˋ	蹬	16
ㄘㄨˋ	蹴	16
ㄑㄧㄠ	蹻	16
ㄩㄝˋ ㄐㄩ	躍居	16
ㄩㄝˋ ㄖㄢˊ	躍然	16
ㄕㄣ ㄅㄨˋ ㄧㄡˊ ㄐㄧˇ	身不由己	16
ㄔㄜ ㄉㄥ	車燈	16
ㄐㄩㄣ ㄌㄧㄥˋ	軍令	16
ㄐㄩㄣ ㄒㄧㄣ	軍心	16
ㄐㄩㄣ ㄓㄨㄤ	軍裝	16
ㄗㄞˇ ㄊㄧˇ	載體	16
ㄌㄨˋ ㄌㄨˋ	轆轆	16
ㄓㄨㄢˇ ㄒㄧˋ	轉系	16
ㄓㄨㄢˇ ㄔㄜ	轉車	16
ㄏㄨㄥ ㄔㄨ	轟出	16
ㄏㄨㄥ ㄏㄨㄥ ㄌㄧㄝˋ ㄌㄧㄝˋ	轟轟烈烈	16
ㄅㄢˋ ㄊㄨㄛˇ	辦妥	16
ㄋㄨㄥˊ ㄕˋ	農事	16
ㄋㄨㄥˊ ㄏㄨˋ	農戶	16
ㄋㄨㄥˊ ㄓㄨㄤ	農莊	16
ㄐㄧㄣˋ ㄗㄞˋ ㄓˇ ㄔˇ	近在咫尺	16
ㄐㄧㄣˋ ㄔㄨˋ	近處	16
ㄐㄩㄥˇ ㄖㄢˊ	迥然	16
ㄆㄛˋ ㄗㄞˋ ㄇㄟˊ ㄐㄧㄝˊ	迫在眉睫	16
ㄏㄨㄟˊ ㄑㄩㄢ	迴圈	16
ㄇㄧˊ ㄏㄨㄢˋ ㄧㄠˋ	迷幻藥	16
ㄅㄥˋ ㄔㄨ	迸出	16
ㄓㄨㄟ ㄆㄧㄥˊ	追平	16
ㄓㄨㄟ ㄐㄧㄠˇ	追繳	16
ㄓㄨㄟ ㄍㄠ	追高	16
ㄊㄨㄟˋ ㄦˊ	退而	16
ㄊㄨㄟˋ ㄒㄩㄢˇ	退選	16
ㄓㄜˋ ㄧˊ ㄒㄧㄚˋ	這一下	16
ㄓㄜˋ ㄧˋ ㄌㄞˊ	這一來	16
ㄓㄜˋ ㄧˋ ㄕㄥ	這一生	16
ㄓㄜˋ ㄓㄨㄥˇ ㄅㄧㄥˋ	這種病	16
ㄙㄨˋ ㄒㄧㄝˇ	速寫	16
ㄗㄠˋ ㄗㄨㄛˋ	造作	16
ㄗㄠˋ ㄧㄠˊ	造謠	16
ㄌㄧㄢˊ ㄓㄨㄥˋ	連中	16
ㄌㄧㄢˊ ㄔㄨ	連出	16
ㄌㄧㄢˊ ㄗㄞˋ ㄧˋ ㄑㄧˇ	連在一起	16
ㄌㄧㄢˊ ㄊㄧˇ ㄧㄥ	連體嬰	16
ㄓㄡ ㄏㄨㄟˋ	週會	16
ㄐㄧㄣˋ ㄅㄨˇ	進補	16
ㄧㄡˊ ㄒㄧˋ ㄔㄤˇ	遊戲場	16
ㄩㄣˋ ㄨㄤˇ	運往	16
ㄩㄣˋ ㄕㄨ ㄐㄧ	運輸機	16
ㄍㄨㄛˋ ㄨㄢˇ	過晚	16
ㄍㄨㄛˋ ㄉㄨˋ ㄉㄠˋ	過渡到	16
ㄉㄠˋ ㄉㄜˊ ㄕㄤˋ	道德上	16
ㄨㄟˊ ㄐㄧㄣˋ	違禁	16
ㄉㄧˋ ㄗㄥ	遞增	16
ㄩㄢˇ ㄕㄥˋ	遠勝	16
ㄓㄜ ㄍㄨㄤ	遮光	16
ㄒㄩㄢˇ ㄐㄩˇ ㄨㄟˇ ㄩㄢˊ	選舉委員	16
ㄇㄞˋ ㄔㄨ	邁出	16
ㄒㄧㄥˊ	邢	16
ㄋㄚˋ ㄐㄧㄢˋ ㄕˋ	那件事	16
ㄋㄚˇ ㄆㄚˋ	那怕	16
ㄕㄠˋ ㄩˋ ㄇㄧㄥˊ	邵玉銘	16
ㄒㄧㄤ ㄉㄞˋ ㄏㄨㄟˋ	鄉代會	16
ㄅㄧˇ ㄕˋ	鄙視	16
ㄆㄟˋ ㄘㄞˋ	配菜	16
ㄈㄣ	酚	16
ㄐㄧㄤˋ ㄘㄞˋ	醬菜	16
ㄕˋ ㄒㄧㄢˋ ㄨㄣˊ	釋憲文	16
ㄔㄨㄥˊ ㄗㄨㄛˋ	重作	16
ㄔㄨㄥˊ ㄗㄨㄛˋ	重做	16
ㄔㄨㄥˊ ㄧㄤˊ	重洋	16
ㄓㄨㄥˋ ㄋㄢˊ ㄑㄧㄥ ㄋㄩˇ	重男輕女	16
ㄔㄨㄥˊ ㄐㄧㄢˋ ㄊㄧㄢ ㄖˋ	重見天日	16
ㄓㄨㄥˋ ㄓㄨㄥˋ ㄉㄜ˙	重重的	16
ㄓㄨㄥˋ ㄓㄤˋ	重障	16
ㄐㄧㄣ ㄖㄣˊ	金人	16
ㄐㄧㄣ ㄕˋ ㄕˋ ㄐㄧㄝˋ ㄐㄧˋ ㄌㄨˋ	金氏世界紀錄	16
ㄐㄩˋ ㄉㄚˋ	鉅大	16
ㄐㄩˋ ㄗˇ	鉅子	16
ㄧㄣˊ ㄏㄤˊ ㄊㄨㄢˊ	銀行團	16
ㄙㄜˋ	銫	16
ㄍㄤ ㄍㄨㄢˇ	鋼管	16
ㄍㄤ ㄍㄨˇ	鋼骨	16
ㄒㄧˊ ㄌㄢˊ	錫蘭	16
ㄓㄣˋ ㄏㄞˇ	鎮海	16
ㄋㄧㄝˋ	鎳	16
ㄊㄧㄝˇ ㄑㄧㄠˊ	鐵橋	16
ㄊㄧㄝˇ ㄎㄨㄤˋ	鐵礦	16
ㄊㄧㄝˇ ㄨㄢˋ	鐵腕	16
ㄊㄧㄝˇ ㄈㄢˋ ㄨㄢˇ	鐵飯碗	16
ㄗㄨㄢˋ ㄉㄠˋ	鑽到	16
ㄓㄤˇ ㄙㄨㄣ	長孫	16
ㄔㄤˊ ㄓˋ	長治	16
ㄔㄤˊ ㄕㄥ ㄅㄨˋ ㄌㄠˇ	長生不老	16
ㄔㄤˊ ㄇㄧㄢˊ	長眠	16
ㄔㄤˊ ㄊㄨˊ ㄅㄚˊ ㄕㄜˋ	長途跋涉	16
ㄔㄤˊ ㄏㄟ	長黑	16
ㄅㄧˋ ㄑㄧˇ	閉起	16
ㄎㄞ ㄕˇ ㄕˊ	開始時	16
ㄎㄞ ㄓㄢˋ	開站	16
ㄒㄧㄢˊ ㄕˊ	閒時	16
ㄓㄚˊ ㄇㄣˊ	閘門	16
ㄓㄚˋ ㄇㄣˊ	閘門	16
ㄌㄢˊ ㄕㄢ	闌珊	16
ㄆㄧˋ ㄨㄟˊ	闢為	16
ㄈㄤˊ ㄅㄛ ㄊㄧˊ	防波堤	16
ㄈㄤˊ ㄆㄛ ㄊㄧˊ	防波堤	16
ㄚ ㄦˇ ㄅㄟ ㄙ ㄕㄢ	阿爾卑斯山	16
ㄚ ㄈㄨˊ	阿福	16
ㄈㄨˋ ㄒㄧㄠˇ	附小	16
ㄈㄨˋ ㄓㄨˋ	附註	16
ㄩㄢˋ ㄒㄧˋ	院系	16
ㄔㄨˊ ㄔㄡˋ	除臭	16
ㄆㄟˊ ㄕㄣˇ	陪審	16
ㄆㄟˊ ㄗㄤˋ	陪葬	16
ㄧㄣ ㄊㄧㄢ	陰天	16
ㄔㄣˊ ㄔㄤˊ ㄨㄣˊ	陳長文	16
ㄒㄧㄢˋ ㄌㄨㄛˋ	陷落	16
ㄧㄤˊ ㄍㄤ	陽剛	16
ㄉㄨㄟˋ ㄒㄧㄥˊ	隊形	16
ㄙㄨㄟˊ ㄔㄨˋ ㄎㄜˇ ㄐㄧㄢˋ	隨處可見	16
ㄩㄥ ㄓㄥˋ	雍正	16
ㄕㄨㄤ ㄍㄨㄢˇ ㄑㄧˊ ㄒㄧㄚˋ	雙管齊下	16
ㄗㄚˊ ㄕˋ	雜事	16
ㄗㄚˊ ㄕㄨㄚˇ	雜耍	16
ㄗㄚˊ ㄒㄧㄤˋ	雜項	16
ㄌㄧˊ ㄅㄨˋ ㄎㄞ	離不開	16
ㄌㄧˊ ㄐㄧㄥˋ	離境	16
ㄌㄧˊ ㄏㄨㄣ ㄌㄩˋ	離婚率	16
ㄋㄢˊ ㄔㄢˊ	難纏	16
ㄉㄧㄢˋ ㄧㄥˇ ㄑㄩㄢ	電影圈	16
ㄉㄧㄢˋ ㄒㄧㄢˋ ㄍㄢ	電線杆	16
ㄨˋ ㄊㄞˊ	霧台	16
ㄅㄚˋ ㄓㄨˇ	霸主	16
ㄑㄧㄥ ㄋㄧㄢˊ ㄏㄨㄟˋ	青年會	16
ㄑㄧㄥ ㄘㄨㄥ	青蔥	16
ㄑㄧㄥ ㄌㄨㄥˊ	青龍	16
ㄈㄟ ㄈㄟ	非非	16
ㄇㄧㄢˋ ㄔㄥˊ	面呈	16
ㄇㄧㄢˋ ㄏㄨㄥˊ ㄦˇ ㄔˋ	面紅耳赤	16
ㄐㄧㄤ	韁	16
ㄐㄧㄡˇ	韭	16
ㄧㄣ ㄍㄠ	音高	16
ㄉㄧㄥˇ ㄅㄨˋ	頂部	16
ㄕㄨㄣˋ ㄒㄧㄣ	順心	16
ㄊㄡˊ ㄨㄟˇ	頭尾	16
ㄊㄡˊ ㄊㄡˊ ㄕˋ ㄉㄠˋ	頭頭是道	16
ㄜˊ ㄇㄢˇ	額滿	16
ㄒㄧㄢˇ ㄇㄧㄥˊ	顯明	16
ㄒㄧㄢˇ ㄕㄣ ㄕㄡˇ	顯身手	16
ㄒㄧㄢˇ ㄌㄡˋ ㄔㄨ ㄌㄞˊ	顯露出來	16
ㄈㄥ ㄐㄧˋ	風季	16
ㄈㄥ ㄕ	風濕	16
ㄈㄥ ㄇㄚˇ ㄋㄧㄡˊ	風馬牛	16
ㄧㄤˊ	颺	16
ㄆㄧㄠ ㄧㄠˊ	飄搖	16
ㄅㄠˇ ㄘㄢ	飽餐	16
ㄧㄤˇ ㄓˊ ㄔㄤˇ	養殖場	16
ㄨㄟˋ ㄧㄤˇ	餵養	16
ㄖㄠˊ ㄈㄨˋ	饒富	16
ㄕㄡˇ ㄎㄣˇ	首肯	16
ㄒㄧㄤ ㄘㄠˇ ㄅㄧㄥ	香草冰	16
ㄆㄧㄢˊ ㄊㄧˇ	駢體	16
ㄨˋ	騖	16
ㄑㄩ ㄓㄨˊ ㄐㄧㄢˋ	驅逐艦	16
ㄍㄨˇ ㄆㄣˊ	骨盆	16
ㄊㄧˇ ㄩˋ ㄏㄨㄛˊ ㄉㄨㄥˋ	體育活動	16
ㄍㄠ ㄕㄥ	高升	16
ㄍㄠ ㄐㄧㄝˊ	高捷	16
ㄍㄠ ㄅㄧㄠ ㄓㄨㄣˇ	高標準	16
ㄍㄠ ㄩㄢˇ	高遠	16
ㄋㄠˋ ㄕˋ	鬧事	16
ㄇㄛˊ ㄕㄡˋ	魔獸	16
ㄒㄧㄢ ㄌㄧㄤˋ	鮮亮	16
ㄉㄧㄠ	鯛	16
ㄋㄧㄠˇ ㄐㄧㄠˋ	鳥叫	16
ㄋㄧㄠˇ ㄔㄠˊ	鳥巢	16
ㄍㄨㄢˋ	鸛	16
ㄧㄢˊ ㄈㄣˋ	鹽分	16
ㄧㄢˊ ㄅㄚ	鹽巴	16
ㄧㄢˊ ㄊㄧㄢˊ	鹽田	16
ㄏㄨㄤˊ ㄉㄢˇ	黃疸	16
ㄏㄨㄤˊ ㄖㄨㄟˋ ㄐㄧㄥˋ	黃睿靚	16
ㄏㄟ ㄒㄧㄥ	黑星	16
ㄏㄟ ㄙㄨㄥ ㄕㄚ ㄕˋ	黑松沙士	16
ㄏㄟ ㄈㄚˇ	黑髮	16
ㄇㄛˋ ㄒㄩˇ	默許	16
ㄇㄛˋ ㄖㄣˋ	默認	16
ㄅㄧˊ ㄧㄢ ㄏㄨˊ	鼻煙壺	16
ㄓㄞ ㄊㄥˊ	齋藤	16
ㄧ ㄌㄧㄡˋ ㄌㄧㄡˋ	一六六	15
ㄧ ㄗㄨㄣ	一尊	15
ㄧˋ ㄗㄨㄣ	一尊	15
ㄧ ㄈㄨˊ ㄏㄨㄚˋ	一幅畫	15
ㄧˋ ㄈㄨˊ ㄏㄨㄚˋ	一幅畫	15
ㄧ ㄇㄟˋ	一昧	15
ㄧ ㄓㄢˇ	一盞	15
ㄧˋ ㄓㄢˇ	一盞	15
ㄧ ㄓㄨㄢˇ ㄧㄢˇ	一轉眼	15
ㄧˋ ㄓㄨㄢˇ ㄧㄢˇ	一轉眼	15
ㄧ ㄗㄠ	一遭	15
ㄧˋ ㄗㄠ	一遭	15
ㄧ ㄊㄡˊ ㄨˋ ㄕㄨㄟˇ	一頭霧水	15
ㄧˋ ㄊㄡˊ ㄨˋ ㄕㄨㄟˇ	一頭霧水	15
ㄑㄧ ㄌㄡˊ	七樓	15
ㄙㄢ ㄨˇ ㄔㄥˊ ㄑㄩㄣˊ	三五成群	15
ㄙㄢ ㄑㄧㄢ ㄧ	三千一	15
ㄙㄢ ㄈㄥˋ ㄍㄨㄥ	三鳳宮	15
ㄕㄤˋ ㄓˋ	上至	15
ㄕㄤˋ ㄘㄤ	上蒼	15
ㄒㄧㄚˋ ㄖㄣˋ	下任	15
ㄒㄧㄚˋ ㄅㄢˋ ㄔㄤˇ	下半場	15
ㄒㄧㄚˋ ㄐㄩˋ	下句	15
ㄒㄧㄚˋ ㄋㄩˇ	下女	15
ㄒㄧㄚˋ ㄐㄧㄝˋ	下屆	15
ㄒㄧㄚˋ ㄒㄧㄤˋ	下相	15
ㄅㄨˋ ㄧ ㄏㄨㄟˇ ㄦ	不一會兒	15
ㄅㄨˋ ㄧ ㄏㄨㄟˇ ㄦˊ	不一會兒	15
ㄅㄨˊ ㄒㄧㄚˋ ㄩˊ	不下於	15
ㄅㄨˊ ㄉㄨㄥˋ ㄕㄥ ㄙㄜˋ	不動聲色	15
ㄅㄨˋ ㄉㄨㄥˋ ㄕㄥ ㄙㄜˋ	不動聲色	15
ㄅㄨˋ ㄊㄨㄥˊ ㄉㄧㄠˋ	不同調	15
ㄅㄨˋ ㄎㄢ ㄉㄜ˙	不堪的	15
ㄅㄨˊ ㄊㄞˋ ㄒㄧㄤˇ	不太想	15
ㄅㄨˊ ㄋㄧㄢˋ	不念	15
ㄅㄨˋ ㄔㄥˊ ㄨㄣˋ ㄊㄧˊ	不成問題	15
ㄅㄨˋ ㄏㄨㄢ ㄦˊ ㄙㄢˋ	不歡而散	15
ㄅㄨˋ ㄩˊ	不渝	15
ㄅㄨˋ ㄓㄤˇ	不漲	15
ㄅㄨˋ ㄏㄨㄤˊ ㄉㄨㄛ ㄖㄤˋ	不遑多讓	15
ㄕˋ ㄐㄧㄝˋ ㄇㄛˋ ㄖˋ	世界末日	15
ㄕˋ ㄕㄨㄛ ㄒㄧㄣ ㄩˇ	世說新語	15
ㄅㄧㄥˋ ㄈㄟ ㄕˋ	並非是	15
ㄅㄧㄥˋ ㄐㄧㄚˋ ㄑㄧˊ ㄑㄩ	並駕齊驅	15
ㄓㄨㄥ ㄉㄧ ㄕㄡ ㄖㄨˋ ㄏㄨˋ	中低收入戶	15
ㄓㄨㄥ ㄍㄨㄛˊ ㄖㄣˊ ㄇㄧㄣˊ	中國人民	15
ㄓㄨㄥˋ ㄧˋ	中意	15
ㄓㄨㄥ ㄐㄧㄠˋ ㄙ	中教司	15
ㄓㄨㄥ ㄨㄣˊ ㄗˋ ㄇㄨˋ	中文字幕	15
ㄓㄨㄥ ㄈㄚˋ	中法	15
ㄓㄨㄥ ㄍㄨㄟ ㄓㄨㄥ ㄐㄩˇ	中規中矩	15
ㄓㄨㄥˋ ㄍㄨㄟ ㄓㄨㄥˋ ㄐㄩˇ	中規中矩	15
ㄓㄨㄥ ㄐㄧㄢ ㄖㄣˊ	中間人	15
ㄓㄨˇ ㄕˋ ㄓㄜˇ	主事者	15
ㄓㄨˇ ㄎㄜˋ ㄍㄨㄢ	主客觀	15
ㄓㄨˇ ㄔㄥˊ ㄕˋ	主程式	15
ㄓㄨˇ ㄧㄠˋ ㄧㄣ ㄙㄨˋ	主要因素	15
ㄔㄥˊ ㄓㄜ˙	乘著	15
ㄧˇ ㄅㄢ	乙班	15
ㄐㄧㄡˇ ㄌㄡˊ	九樓	15
ㄌㄧㄠˇ ㄅㄨˋ ㄉㄜˊ	了不得	15
ㄌㄧㄠˇ ㄅㄨˋ ㄉㄜ˙	了不得	15
ㄕˋ ㄅㄨˋ ㄍㄨㄢ ㄐㄧˇ	事不關己	15
ㄕˋ ㄉㄨㄢ	事端	15
ㄦˋ ㄈㄣ ㄈㄚˇ	二分法	15
ㄦˋ ㄧㄤˇ ㄏㄨㄚˋ ㄊㄞˋ	二氧化鈦	15
ㄏㄨˋ ㄊㄨㄥ ㄒㄧㄥˋ	互通性	15
ㄨˇ ㄎㄜ	五科	15
ㄨˇ ㄇㄧㄠˇ	五秒	15
ㄨˇ ㄙㄜˋ ㄋㄧㄠˇ	五色鳥	15
ㄐㄧㄥˇ ㄕㄨㄟˇ	井水	15
ㄧㄚˇ ㄅㄛˊ	亞伯	15
ㄧㄚˇ ㄌㄧˋ ㄙㄤ ㄋㄚˋ	亞利桑那	15
ㄐㄧㄠ ㄔㄚ ㄎㄡˇ	交叉口	15
ㄐㄧㄠ ㄊㄨㄥ ㄉㄚˋ ㄉㄨㄟˋ	交通大隊	15
ㄖㄣˊ ㄕˋ ㄧˋ ㄉㄨㄥˋ	人事異動	15
ㄖㄣˊ ㄌㄞˊ ㄖㄣˊ ㄨㄤˇ	人來人往	15
ㄖㄣˊ ㄐㄧㄢ ㄧㄢ ㄏㄨㄛˇ	人間煙火	15
ㄈㄨˋ ㄓ ㄧ ㄐㄩˋ	付之一炬	15
ㄈㄨˋ ㄓ ㄧˊ ㄐㄩˋ	付之一炬	15
ㄉㄞˋ ㄔㄨ	代出	15
ㄖㄣˋ ㄎㄜˋ	任課	15
ㄖㄣˋ ㄒㄩㄢˇ	任選	15
ㄈㄣˋ ㄕㄨˋ	份數	15
ㄈㄤˇ ㄈㄨˊ	仿佛	15
ㄒㄧㄡ ㄒㄧˊ ㄕˊ ㄐㄧㄢ	休息時間	15
ㄅㄛˊ ㄈㄨˋ	伯父	15
ㄉㄧ ㄐㄧㄚˋ ㄨㄟˋ	低價位	15
ㄓㄢˋ ㄑㄩˋ	佔去	15
ㄏㄜˊ ㄒㄩˇ	何許	15
ㄈㄛˊ ㄗㄨˇ	佛祖	15
ㄐㄧㄚ ㄧㄥˇ	佳穎	15
ㄅㄧㄥˋ ㄢˋ ㄔㄨˇ ㄌㄧˇ	併案處理	15
ㄅㄧㄥˋ ㄢˋ ㄔㄨˋ ㄌㄧˇ	併案處理	15
ㄕˇ ㄔㄨ ㄏㄨㄣˊ ㄕㄣ	使出渾身	15
ㄌㄞˊ ㄏㄨㄚˊ	來華	15
ㄧ ㄩㄝ	依約	15
ㄌㄧˇ ㄩˇ	俚語	15
ㄅㄠˇ ㄐㄧㄚ ㄌㄧˋ ㄧㄚˇ	保加利亞	15
ㄅㄠˇ ㄐㄧㄚ ㄌㄧˋ ㄧㄚˋ	保加利亞	15
ㄅㄠˇ ㄔˊ ㄓㄜ˙	保持著	15
ㄅㄠˇ ㄊㄜˋ ㄆㄧㄥˊ	保特瓶	15
ㄅㄠˇ ㄏㄨˋ ㄒㄧㄥˋ	保護性	15
ㄒㄧㄣˋ ㄕㄡˇ	信守	15
ㄍㄜˋ ㄖㄣˊ ㄓㄨˇ ㄧˋ	個人主義	15
ㄅㄟˋ ㄙㄨˋ	倍速	15
ㄉㄠˇ ㄒㄧㄚˋ ㄑㄩˋ	倒下去	15
ㄐㄧㄝˋ ㄕㄨ	借書	15
ㄐㄧㄚˇ ㄖㄨˊ ㄧㄡˇ	假如有	15
ㄐㄧㄚˇ ㄅㄢˋ	假扮	15
ㄐㄧㄚˇ ㄇㄧㄢˋ	假面	15
ㄊㄧㄥˊ ㄉㄧㄠˋ	停掉	15
ㄊㄧㄥˊ ㄔㄜ ㄈㄟˋ	停車費	15
ㄐㄧㄢˋ ㄓㄨㄤˋ	健壯	15
ㄠˋ ㄕˋ	傲視	15
ㄔㄨㄢˊ ㄑㄧㄥˊ	傳情	15
ㄑㄧㄥ ㄊㄨˇ	傾吐	15
ㄑㄧㄥ ㄧㄚˋ	傾軋	15
ㄔㄤˊ ㄓㄞˋ	償債	15
ㄧㄡ ㄏㄨㄟˋ ㄐㄧㄚˋ	優惠價	15
ㄔㄨㄥ ㄒㄧㄝˇ	充血	15
ㄒㄧㄢ ㄅㄟˋ	先被	15
ㄎㄜˋ ㄌㄧˇ ㄇㄧˇ ㄧㄚˇ	克里米亞	15
ㄇㄧㄢˇ ㄕㄨㄟˋ ㄉㄧㄢˋ	免稅店	15
ㄇㄧㄢˇ ㄊㄢˊ	免談	15
ㄇㄧㄢˇ ㄑㄧㄢˊ	免錢	15
ㄦˊ ㄈㄨˊ ㄌㄧㄢˊ ㄇㄥˊ	兒福聯盟	15
ㄖㄨˋ ㄇㄥˋ	入夢	15
ㄖㄨˋ ㄕˋ	入室	15
ㄋㄟˋ ㄐㄧㄝ	內接	15
ㄑㄩㄢˊ ㄕㄥˋ	全勝	15
ㄑㄩㄢˊ ㄘㄞˊ	全才	15
ㄑㄩㄢˊ ㄨㄟˋ	全為	15
ㄑㄩㄢˊ ㄒㄧㄢˋ	全線	15
ㄑㄩㄢˊ ㄕˊ	全蝕	15
ㄌㄧㄤˇ ㄑㄧㄢ ㄩㄢˊ	兩千元	15
ㄌㄧㄤˇ ㄉㄨㄢˋ	兩段	15
ㄅㄚ ㄦˋ ㄙㄢ	八二三	15
ㄅㄚ ㄍㄜ	八哥	15
ㄍㄨㄥ ㄆㄨˊ	公僕	15
ㄌㄧㄡˋ ㄧˋ ㄩㄢˊ	六億元	15
ㄌㄧㄡˋ ㄈㄣ ㄓ ㄧ	六分之一	15
ㄌㄧㄡˋ ㄈㄣ ㄓㄨㄥ	六分鐘	15
ㄌㄧㄡˋ ㄕˊ ㄩㄢˊ	六十元	15
ㄌㄧㄡˋ ㄓㄤ	六張	15
ㄌㄧㄡˋ ㄐㄧˊ	六集	15
ㄍㄨㄥˋ ㄕㄤ	共商	15
ㄍㄨㄥˋ ㄎㄞ	共開	15
ㄅㄧㄥ ㄅㄧㄢˋ	兵變	15
ㄐㄧㄢ ㄉㄜˊ	兼得	15
ㄗㄞˋ ㄨㄟˋ	再為	15
ㄗㄞˋ ㄧㄠˋ	再要	15
ㄗㄞˋ ㄉㄨˊ	再讀	15
ㄐㄩㄥˇ	冏	15
ㄍㄨㄢ ㄇㄧㄢˇ	冠冕	15
ㄍㄨㄢ ㄇㄧㄢˇ ㄊㄤˊ ㄏㄨㄤˊ	冠冕堂皇	15
ㄇㄧㄥˊ ㄉㄢˋ	冥誕	15
ㄅㄧㄥ ㄅㄠˊ	冰雹	15
ㄌㄥˇ ㄉㄨㄥˋ ㄎㄨˋ	冷凍庫	15
ㄌㄥˇ ㄅㄢˇ ㄉㄥˋ	冷板凳	15
ㄌㄥˇ ㄧㄣˇ	冷飲	15
ㄑㄧ	凄	15
ㄈㄢˊ ㄦˇ ㄙㄞˋ	凡爾賽	15
ㄔㄨ ㄐㄧㄚ ㄖㄣˊ	出家人	15
ㄔㄨ ㄕ	出師	15
ㄔㄨ ㄒㄧˊ ㄌㄩˋ	出席率	15
ㄔㄨ ㄧㄤˊ	出洋	15
ㄔㄨ ㄍㄟˇ	出給	15
ㄔㄨ ㄖㄤˋ	出讓	15
ㄔㄨ ㄏㄨㄛˋ ㄌㄧㄤˋ	出貨量	15
ㄉㄠ ㄈㄚˇ	刀法	15
ㄈㄣ ㄌㄧˋ	分利	15
ㄈㄣ ㄇㄧㄥˊ ㄕˋ	分明是	15
ㄈㄣ ㄐㄧㄝˊ	分節	15
ㄑㄧㄝ ㄇㄧㄢˋ	切面	15
ㄒㄧㄥˊ ㄕˋ ㄢˋ	刑事案	15
ㄒㄧㄥˊ ㄕˋ ㄐㄧㄥˇ ㄔㄚˊ ㄐㄩˊ	刑事警察局	15
ㄒㄧㄥˊ ㄕˋ ㄗㄜˊ ㄖㄣˋ	刑事責任	15
ㄔㄨ ㄙˋ	初四	15
ㄔㄨ ㄙㄞˋ	初賽	15
ㄅㄧㄝˊ ㄉㄠˋ	別到	15
ㄅㄧㄝˊ ㄓˋ	別緻	15
ㄅㄧㄝˊ ㄔㄨˋ	別處	15
ㄕㄢ ㄑㄩˋ	刪去	15
ㄍㄨㄚ ㄕㄤ	刮傷	15
ㄉㄠˋ ㄋㄚˇ ㄑㄩˋ	到哪去	15
ㄉㄠˋ ㄎㄠˇ	到考	15
ㄉㄠˋ ㄉㄧㄥˇ	到頂	15
ㄒㄧㄠ ㄐㄧㄚˋ	削價	15
ㄑㄧㄢˊ ㄌㄧㄝˋ ㄒㄧㄢˋ	前列腺	15
ㄈㄨˋ ㄇㄧˋ ㄕㄨ ㄓㄤˇ	副祕書長	15
ㄍㄜ ㄘㄠˇ ㄐㄧ	割草機	15
ㄍㄜ ㄎㄞ	割開	15
ㄏㄨㄚˊ ㄆㄛˋ	劃破	15
ㄏㄨㄚˋ ㄆㄛˋ	劃破	15
ㄐㄩˋ ㄌㄧㄝˋ ㄉㄜ˙	劇烈的	15
ㄌㄧㄡˊ ㄨㄣˊ ㄘㄨㄥ	劉文聰	15
ㄌㄧㄡˊ ㄒㄧㄡˋ	劉秀	15
ㄌㄧˋ ㄓㄥ ㄕㄤˋ ㄧㄡˊ	力爭上游	15
ㄉㄨㄥˋ ㄩㄢˊ ㄎㄢ ㄌㄨㄢˋ	動員戡亂	15
ㄉㄨㄥˋ ㄅㄧˇ	動筆	15
ㄉㄨㄥˋ ㄇㄞˋ ㄌㄧㄡˊ	動脈瘤	15
ㄉㄨㄥˋ ㄐㄧㄠˇ	動腳	15
ㄕㄥˋ ㄓㄤˋ	勝仗	15
ㄌㄠˊ ㄉㄨㄥˋ ㄕㄥ ㄔㄢˇ	勞動生產	15
ㄌㄠˊ ㄗ ㄕㄨㄤ ㄈㄤ	勞資雙方	15
ㄌㄠˋ ㄐㄩㄣ	勞軍	15
ㄑㄧㄣˊ ㄎㄨㄞˋ	勤快	15
ㄍㄡ ㄧㄣˇ	勾引	15
ㄅㄠ ㄓㄚˊ	包紮	15
ㄅㄠ ㄗㄚ	包紮	15
ㄏㄨㄚˋ ㄒㄩㄝˊ ㄐㄧㄚ	化學家	15
ㄏㄨㄚˋ ㄨˇ	化武	15
ㄏㄨㄚˋ ㄓㄨㄤ	化裝	15
ㄏㄨㄟˋ ㄅㄠˋ	匯報	15
ㄏㄨㄟˋ ㄆㄧㄠˋ	匯票	15
ㄕˊ ㄐㄧˇ ㄎㄨㄞˋ	十幾塊	15
ㄅㄢˋ ㄅㄟˋ ㄗ˙	半輩子	15
ㄋㄢˊ ㄅㄟˇ ㄓㄢˋ ㄓㄥ	南北戰爭	15
ㄋㄢˊ ㄅㄟˇ ㄔㄠˊ	南北朝	15
ㄋㄢˊ ㄧㄤˊ ㄐㄧㄝ	南陽街	15
ㄎㄚˇ ㄕˋ	卡式	15
ㄒㄧㄝˋ ㄓㄨㄤ	卸妝	15
ㄩㄢˊ ㄈㄣ ㄙㄨㄛˇ	原分所	15
ㄑㄩˋ ㄓㄨˋ	去住	15
ㄑㄩˋ ㄒㄧㄣˋ	去信	15
ㄑㄩˋ ㄐㄧㄡˋ	去救	15
ㄑㄩˋ ㄌㄨˋ	去路	15
ㄑㄩˋ ㄕˋ	去逝	15
ㄔㄚ ㄗ˙	叉子	15
ㄈㄢˇ ㄍㄨˋ	反顧	15
ㄑㄩˇ ㄑㄧㄠˇ	取巧	15
ㄕㄡˋ ㄐㄧㄥ	受驚	15
ㄆㄢˋ ㄊㄨˊ	叛徒	15
ㄙㄡˇ	叟	15
ㄓˇ ㄎㄜˇ ㄧˇ	只可以	15
ㄓˇ ㄏㄠˇ ㄗㄞˋ	只好在	15
ㄐㄧㄠˋ ㄉㄠˋ	叫到	15
ㄉㄧㄥ ㄓㄨˇ	叮囑	15
ㄎㄜˇ ㄉㄠˋ	可到	15
ㄎㄜˇ ㄨˋ ㄉㄜ˙	可惡的	15
ㄊㄞˊ ㄅㄟˇ ㄕˋ ㄧˋ ㄏㄨㄟˋ	台北市議會	15
ㄊㄞˊ ㄨㄢ ㄏㄟ ㄒㄩㄥˊ	台灣黑熊	15
ㄕˇ ㄏㄨㄞˊ ㄓㄜˊ	史懷哲	15
ㄕˇ ㄎㄠˇ ㄊㄜˋ	史考特	15
ㄏㄜˊ ㄕㄣ	合身	15
ㄊㄨㄥˊ ㄒㄧㄥˋ	同姓	15
ㄊㄨㄥˊ ㄧㄡˇ	同有	15
ㄊㄨㄥˊ ㄉㄤˇ	同黨	15
ㄇㄧㄥˊ ㄕˋ	名士	15
ㄇㄧㄥˊ ㄐㄧㄠˇ	名角	15
ㄒㄧㄤˋ ㄍㄨㄤ	向光	15
ㄏㄢˊ ㄕㄨㄟˇ	含水	15
ㄨˊ ㄒㄩㄢˋ ㄙㄢ	吳炫三	15
ㄒㄧ ㄔㄣˊ	吸塵	15
ㄒㄧ ㄧㄣˇ ㄓㄨˋ	吸引住	15
ㄏㄡˇ ㄕㄥ	吼聲	15
ㄓㄡ ㄉㄞˋ	周代	15
ㄓㄡ ㄙˋ	周四	15
ㄓㄡ ㄐㄧㄝˊ ㄌㄨㄣˊ	周杰倫	15
ㄆㄟ	呸	15
ㄏㄜˊ ㄒㄧㄢˋ	和縣	15
ㄏㄜˊ ㄒㄧㄝˊ ㄉㄜ˙	和諧的	15
ㄧㄠˇ ㄉㄠˋ	咬到	15
ㄧㄠˇ ㄐㄧㄣˇ	咬緊	15
ㄆㄧㄣˇ ㄒㄩㄝˊ	品學	15
ㄆㄧㄣˇ ㄔㄚˊ	品茶	15
ㄆㄧㄣˇ ㄆㄧㄥˊ	品評	15
ㄏㄚ ㄌㄨㄛˊ	哈囉	15
ㄏㄚ ㄊㄜˋ	哈特	15
ㄏㄚ ㄉㄚˊ	哈達	15
ㄎㄨ ㄔㄨ ㄌㄞˊ	哭出來	15
ㄎㄨ ㄒㄧㄠˋ ㄅㄨˋ ㄉㄜˊ	哭笑不得	15
ㄒㄧ ㄒㄩ	唏噓	15
ㄊㄤˊ ㄖㄣˊ ㄐㄧㄝ	唐人街	15
ㄔㄤˋ ㄈㄢˇ	唱反	15
ㄔㄤˋ ㄈㄢˇ ㄉㄧㄠˋ	唱反調	15
ㄓㄨㄛˊ ㄇㄨˋ ㄋㄧㄠˇ	啄木鳥	15
ㄕㄤ ㄓㄨㄢ	商專	15
ㄕㄤ ㄧㄝˋ ㄍㄨㄥ ㄙ	商業公司	15
ㄨㄣˋ ㄒㄧㄣ ㄨˊ ㄎㄨㄟˋ	問心無愧	15
ㄕㄚˊ ㄕˋ	啥事	15
ㄊㄧˊ ㄒㄧㄠˋ ㄐㄧㄝ ㄈㄟ	啼笑皆非	15
ㄋㄢˊ ㄋㄢˊ ㄗˋ ㄩˇ	喃喃自語	15
ㄏㄡˊ ㄅㄨˋ	喉部	15
ㄏㄜ ㄒㄧㄚˋ ㄑㄩˋ	喝下去	15
ㄙㄤ ㄗㄤˋ	喪葬	15
ㄉㄢ ㄐㄧˋ	單季	15
ㄉㄢ ㄒㄧㄥˊ ㄅㄣˇ	單行本	15
ㄓㄚ ㄓㄚ	喳喳	15
ㄔㄚ ㄔㄚ	喳喳	15
ㄋㄨㄥˊ	噥	15
ㄆㄣ ㄑㄧ	噴漆	15
ㄒㄧㄚˋ ㄏㄨˇ	嚇唬	15
ㄧㄢˊ ㄇㄧˋ ㄉㄜ˙	嚴密的	15
ㄧㄢˊ ㄍㄜˊ ㄌㄞˊ ㄕㄨㄛ	嚴格來說	15
ㄐㄧㄠˊ ㄕˊ	嚼食	15
ㄐㄩㄝˊ ㄕˊ	嚼食	15
ㄙˋ ㄨˇ ㄕˊ	四五十	15
ㄙˋ ㄈㄣ ㄨㄟˋ ㄔㄚ	四分位差	15
ㄙˋ ㄙㄢˋ	四散	15
ㄙˋ ㄌㄨㄣˊ	四輪	15
ㄏㄨㄟˊ ㄋㄧㄤˊ ㄐㄧㄚ	回娘家	15
ㄏㄨㄟˊ ㄧˋ ㄑㄧˇ	回憶起	15
ㄏㄨㄟˊ ㄅㄣˇ	回本	15
ㄏㄨㄟˊ ㄏㄤˊ	回航	15
ㄧㄣ ㄘㄞˊ ㄕ ㄐㄧㄠˋ	因材施教	15
ㄍㄨㄛˊ ㄐㄧㄚ ㄉㄧˋ ㄌㄧˇ ㄆㄧㄣˊ ㄉㄠˋ	國家地理頻道	15
ㄍㄨㄛˊ ㄐㄧㄚ ㄕㄜˋ ㄏㄨㄟˋ	國家社會	15
ㄍㄨㄛˊ ㄘㄨㄟˋ	國粹	15
ㄍㄨㄛˊ ㄐㄧˋ ㄍㄨㄢˋ ㄌㄧˋ	國際慣例	15
ㄍㄨㄛˊ ㄐㄧˋ ㄍㄨㄢ ㄒㄧˋ	國際關係	15
ㄨㄟˊ ㄅㄠ	圍包	15
ㄩㄢˊ ㄍㄨㄣˇ ㄍㄨㄣˇ	圓滾滾	15
ㄊㄨˇ ㄊㄨㄛ	土魠	15
ㄊㄨˇ ㄊㄨㄛ ㄩˊ	土魠魚	15
ㄗㄞˋ ㄏㄨㄣˋ	在混	15
ㄗㄞˋ ㄔㄢˇ ㄆㄧㄣˇ	在產品	15
ㄉㄧˋ ㄕㄨㄟˋ	地稅	15
ㄗㄨㄛˋ ㄉㄧㄥˋ	坐定	15
ㄔㄨㄟˊ ㄒㄧㄚˋ	垂下	15
ㄔㄨㄟˊ ㄊㄡˊ	垂頭	15
ㄞ ㄐㄧˊ ㄅㄢ ㄨㄣˊ	埃及斑蚊	15
ㄅㄨˇ ㄌㄧˇ ㄓㄣˋ	埔里鎮	15
ㄆㄨˇ ㄌㄧˇ ㄓㄣˋ	埔里鎮	15
ㄐㄧ ㄉㄧㄢˇ	基點	15
ㄊㄤˊ ㄊㄤˊ ㄓㄥˋ ㄓㄥˋ	堂堂正正	15
ㄇㄨˋ ㄒㄩㄝˋ	墓穴	15
ㄓㄨㄟˋ ㄐㄧ	墜機	15
ㄗㄥ ㄉㄠˋ	增到	15
ㄗㄥ ㄐㄧㄚ ㄌㄩˋ	增加率	15
ㄗㄥ ㄓㄤˇ ㄌㄩˋ	增長率	15
ㄓㄨㄤˋ ㄕㄨㄛˋ	壯碩	15
ㄨㄞˋ ㄌㄞˊ ㄩˇ	外來語	15
ㄨㄞˋ ㄐㄧㄝˋ	外借	15
ㄨㄞˋ ㄑㄧㄤˊ	外牆	15
ㄧㄝˋ ㄓㄢˋ	夜戰	15
ㄧㄝˋ ㄒㄧㄠˋ	夜校	15
ㄇㄥˋ ㄧㄡˊ	夢遊	15
ㄉㄚˋ ㄏㄨㄟˋ ㄨˇ	大會舞	15
ㄉㄚˋ ㄧㄡˇ ㄖㄣˊ ㄗㄞˋ	大有人在	15
ㄉㄚˋ ㄈㄚˇ ㄍㄨㄢ ㄐㄧㄝˇ ㄕˋ	大法官解釋	15
ㄉㄚˋ ㄧㄤˊ ㄓㄡ	大洋洲	15
ㄉㄚˋ ㄋㄢˊ ㄖㄣˊ	大男人	15
ㄉㄚˋ ㄧˋ ㄑㄧˊ ㄑㄩˋ	大異其趣	15
ㄉㄚˋ ㄓㄨㄥˋ ㄩㄣˋ ㄕㄨ ㄒㄧˋ ㄊㄨㄥˇ	大眾運輸系統	15
ㄉㄚˋ ㄓㄨˊ	大竹	15
ㄉㄚˋ ㄒㄧㄥ ㄊㄨˇ ㄇㄨˋ	大興土木	15
ㄉㄚˋ ㄧㄥ ㄉㄧˋ ㄍㄨㄛˊ	大英帝國	15
ㄉㄚˋ ㄐㄧㄝˇ	大解	15
ㄉㄚˋ ㄒㄧㄢˇ	大顯	15
ㄉㄚˋ ㄕˊ ㄊㄨㄢˊ	大食團	15
ㄉㄚˋ ㄋㄠˋ	大鬧	15
ㄊㄧㄢ ㄖㄣˊ ㄏㄜˊ ㄧ	天人合一	15
ㄊㄧㄢ ㄑㄧㄡˊ	天球	15
ㄊㄧㄢ ㄘˋ	天賜	15
ㄊㄧㄢ ㄙˋ	天賜	15
ㄊㄞˋ ㄗˇ ㄉㄤˇ	太子黨	15
ㄊㄞˋ ㄇㄥˇ ㄌㄜ˙	太猛了	15
ㄧㄠ ㄧㄠ	夭夭	15
ㄧㄤ ㄑㄧㄡˊ	央求	15
ㄕ ㄙㄢˋ	失散	15
ㄋㄞˋ ㄌㄨㄛˋ ㄅㄧˇ	奈洛比	15
ㄈㄥˋ ㄔㄥˊ	奉承	15
ㄋㄩˇ ㄩㄥ	女傭	15
ㄋㄩˇ ㄆㄨˊ	女僕	15
ㄋㄩˇ ㄕㄥ	女聲	15
ㄋㄞˇ ㄗㄨㄟˇ	奶嘴	15
ㄏㄠˇ ㄉㄚˋ ㄉㄜ˙	好大的	15
ㄏㄠˇ ㄅㄤ ㄕㄡˇ	好幫手	15
ㄏㄠˇ ㄐㄧㄥˇ	好景	15
ㄏㄠˇ ㄐㄧˊ	好極	15
ㄏㄠˇ ㄅㄧˇ ㄕㄨㄛ	好比說	15
ㄏㄠˇ ㄌㄟˋ	好累	15
ㄏㄠˇ ㄐㄧˋ	好記	15
ㄏㄠˇ ㄑㄧˇ ㄌㄞˊ	好起來	15
ㄋㄧˇ ㄏㄠˇ	妳好	15
ㄨㄟˇ ㄕˊ	委實	15
ㄨㄟ ㄏㄜˋ	威嚇	15
ㄩˊ ㄌㄜˋ ㄕˋ	娛樂室	15
ㄆㄛˊ ㄆㄛˊ ㄇㄚ ㄇㄚ	婆婆媽媽	15
ㄆㄧㄠˊ ㄐㄧˋ	嫖妓	15
ㄆㄧㄠˊ ㄎㄜˋ	嫖客	15
ㄋㄣˋ ㄧㄚˊ	嫩芽	15
ㄋㄧㄤˊ	孃	15
ㄎㄨㄥˇ ㄈㄨ ㄗˇ	孔夫子	15
ㄗˋ ㄧˋ	字義	15
ㄗˋ ㄇㄧㄢˋ ㄕㄤˋ	字面上	15
ㄘㄨㄣˊ ㄅㄠˇ	存保	15
ㄍㄨ ㄏㄨㄣˊ ㄧㄝˇ ㄍㄨㄟˇ	孤魂野鬼	15
ㄙㄨㄣ ㄦˊ	孫兒	15
ㄙㄨㄣ ㄨㄣˊ	孫文	15
ㄒㄩㄝˊ ㄕㄥ ㄕˊ ㄉㄞˋ	學生時代	15
ㄒㄩㄝˊ ㄉㄠˋ	學道	15
ㄌㄨㄢˊ	孿	15
ㄌㄩㄢˊ	孿	15
ㄕㄡˇ ㄏㄨˋ ㄓㄜˇ	守護者	15
ㄢ ㄑㄩㄢˊ ㄉㄠˇ	安全島	15
ㄢ ㄢ ㄐㄧㄥˋ ㄐㄧㄥˋ	安安靜靜	15
ㄙㄨㄥˋ ㄑㄧ ㄌㄧˋ	宋七力	15
ㄙㄨㄥˋ ㄖㄣˊ	宋人	15
ㄗㄨㄥ ㄐㄧㄠˋ ㄒㄧㄥˋ	宗教性	15
ㄗㄨㄥ ㄗㄨˊ	宗族	15
ㄉㄧㄥˋ ㄑㄧㄥˊ	定情	15
ㄉㄧㄥˋ ㄈㄚˇ	定法	15
ㄉㄧㄥˋ ㄏㄨㄛˋ	定貨	15
ㄎㄜˋ ㄐㄧㄚ ㄨㄟˇ ㄩㄢˊ ㄏㄨㄟˋ	客家委員會	15
ㄎㄜˋ ㄐㄧㄚ ㄩˇ	客家語	15
ㄒㄩㄢ ㄕˋ ㄐㄧㄡˋ ㄓˊ	宣誓就職	15
ㄐㄧㄚ ㄇㄨˇ	家母	15
ㄔㄣˊ	宸	15
ㄐㄧˊ ㄌㄧㄠˊ	寂寥	15
ㄏㄢˊ ㄐㄧㄚˋ ㄗㄨㄛˋ ㄧㄝˋ	寒假作業	15
ㄏㄢˊ ㄧㄝˋ	寒夜	15
ㄏㄢˊ ㄔㄢˊ	寒蟬	15
ㄨˋ	寤	15
ㄕˊ ㄓㄢˋ	實戰	15
ㄕˊ ㄍㄣ	實根	15
ㄒㄧㄝˇ ㄖˋ ㄐㄧˋ	寫日記	15
ㄌㄧㄠˊ ㄍㄨㄛˊ	寮國	15
ㄈㄥ ㄎㄡˇ	封口	15
ㄕㄜˋ ㄖㄨˋ	射入	15
ㄐㄧㄤ ㄌㄞˊ ㄗㄞˋ	將來在	15
ㄐㄧㄤ ㄏㄨㄟˊ	將回	15
ㄐㄧㄤˋ ㄍㄨㄢ	將官	15
ㄐㄧㄤ ㄩㄥˋ	將用	15
ㄐㄧㄤ ㄐㄧㄣˋ	將盡	15
ㄉㄨㄟˋ ㄐㄧㄤˇ	對獎	15
ㄒㄧㄠˇ ㄅㄢ ㄓˋ	小班制	15
ㄒㄧㄠˇ ㄇㄟˇ	小美	15
ㄒㄧㄠˇ ㄔㄜ	小車	15
ㄒㄧㄠˇ ㄐㄧ	小雞	15
ㄒㄧㄠˇ ㄩˊ	小魚	15
ㄕㄠˋ ㄗˇ	少子	15
ㄕㄠˋ ㄒㄧㄠˋ	少校	15
ㄕㄤˋ ㄗㄞˋ	尚在	15
ㄨㄤ ㄗˇ ㄅㄧㄠ	尪仔標	15
ㄨㄤ ㄗㄞˇ ㄅㄧㄠ	尪仔標	15
ㄐㄧㄡˋ ㄕˋ ㄌㄨㄣˋ ㄕˋ	就事論事	15
ㄌㄩˇ ㄐㄧㄢˋ ㄅㄨˋ ㄒㄧㄢ	屢見不鮮	15
ㄕㄢ ㄉㄧˋ ㄖㄣˊ	山地人	15
ㄕㄢ ㄐㄩ	山居	15
ㄍㄨㄥ ㄗㄨㄛˋ ㄉㄧˋ	工作地	15
ㄍㄨㄥ ㄔㄥˊ ㄈㄟˋ	工程費	15
ㄗㄨㄛˇ ㄒㄧㄚˋ ㄐㄧㄠˇ	左下角	15
ㄕˋ ㄋㄨㄥˊ ㄏㄨㄟˋ	市農會	15
ㄅㄨˋ ㄉㄚˊ ㄆㄟˋ ㄙ	布達佩斯	15
ㄒㄧ ㄌㄚˋ ㄨㄣˊ	希臘文	15
ㄆㄚˋ ㄐㄧㄣ ㄙㄣ ㄕˋ ㄓㄥˋ	帕金森氏症	15
ㄒㄧˊ ㄏㄚ ㄎㄜˋ	席哈克	15
ㄨㄟˊ ㄇㄨˋ	帷幕	15
ㄔㄤˊ ㄐㄧㄤˋ	常將	15
ㄆㄧㄥˊ ㄖㄤˇ	平壤	15
ㄆㄧㄥˊ ㄢ ㄧㄝˋ	平安夜	15
ㄆㄧㄥˊ ㄆㄧㄥˊ ㄢ ㄢ	平平安安	15
ㄆㄧㄥˊ ㄔㄥˊ	平成	15
ㄋㄧㄢˊ ㄌㄧˋ	年利	15
ㄋㄧㄢˊ ㄕㄨˋ	年數	15
ㄐㄧˇ ㄕˊ ㄍㄜ˙	幾十個	15
ㄐㄧˇ ㄇㄧㄠˇ ㄓㄨㄥ	幾秒鐘	15
ㄔㄨㄤˊ ㄉㄢ	床單	15
ㄔㄨㄤˊ ㄐㄧㄚˋ	床架	15
ㄎㄤ ㄅㄞˇ ㄎㄜˋ	康百克	15
ㄎㄤ ㄓㄨㄤ ㄉㄚˋ ㄉㄠˋ	康莊大道	15
ㄇㄧㄠˋ ㄊㄤˊ	廟堂	15
ㄍㄨㄤˇ ㄐㄧㄝˊ	廣結	15
ㄊㄧㄥ ㄕㄜˋ	廳舍	15
ㄐㄧㄢˋ ㄏㄠˇ	建好	15
ㄏㄨˊ ㄒㄧㄢˋ	弧線	15
ㄋㄨˇ	弩	15
ㄉㄢˋ ㄧㄠˋ ㄎㄨˋ	彈藥庫	15
ㄇㄧˊ ㄇㄢˋ	彌漫	15
ㄘㄞˇ ㄊㄡˊ	彩頭	15
ㄧㄥˇ ㄉㄧㄝˊ	影碟	15
ㄏㄣˇ ㄒㄧㄤ	很香	15
ㄏㄡˋ ㄅㄢˋ ㄉㄨㄢˋ	後半段	15
ㄏㄡˋ ㄌㄨㄣˊ	後輪	15
ㄈㄨˋ ㄍㄨˇ ㄈㄥ	復古風	15
ㄓㄥ ㄧㄡˇ	徵友	15
ㄉㄜˊ ㄩˋ	德育	15
ㄒㄧㄣ ㄗㄤˋ ㄅㄧㄥˋ ㄈㄚ	心臟病發	15
ㄒㄧㄣ ㄔㄥˊ	心誠	15
ㄖㄣˇ ㄖㄨˇ	忍辱	15
ㄖㄣˇ ㄖㄨˋ	忍辱	15
ㄘㄨㄣˇ	忖	15
ㄓˋ ㄩˊ	志於	15
ㄓㄨㄥ ㄌㄧㄝˋ ㄘˊ	忠烈祠	15
ㄎㄨㄞˋ ㄅㄠˋ	快報	15
ㄏㄨ ㄦˊ	忽而	15
ㄐㄧˊ ㄓㄨㄢˇ ㄨㄢ	急轉彎	15
ㄒㄧㄥˋ ㄅㄧㄝˊ ㄖㄣˋ ㄊㄨㄥˊ	性別認同	15
ㄍㄨㄞˋ ㄕˋ	怪事	15
ㄑㄧㄚˋ ㄙˋ	恰似	15
ㄏㄨㄢˋ ㄅㄧㄥˋ	患病	15
ㄅㄟ ㄌㄧㄤˊ	悲涼	15
ㄇㄣ ㄑㄧˋ	悶氣	15
ㄇㄣˋ ㄑㄧˋ	悶氣	15
ㄑㄧㄥˊ ㄒㄩˋ ㄒㄧㄥˋ	情緒性	15
ㄑㄧㄥˊ ㄧˋ	情義	15
ㄜˋ ㄅㄨˇ	惡補	15
ㄒㄧㄤˇ ㄑㄧㄥ ㄔㄨˇ	想清楚	15
ㄧˋ ㄇㄧㄢˋ	意麵	15
ㄞˋ ㄍㄨㄛˊ ㄓㄨˇ ㄧˋ	愛國主義	15
ㄞˋ ㄩㄥˋ ㄓㄜˇ	愛用者	15
ㄩㄣˋ	慍	15
ㄇㄢˋ ㄌㄞˊ	慢來	15
ㄇㄢˋ ㄔㄜ	慢車	15
ㄌㄧㄢˊ ㄒㄧˊ	憐惜	15
ㄔㄥˊ ㄐㄧˊ ㄙ ㄏㄢˊ	成吉思汗	15
ㄨㄛˇ ㄒㄧㄥˊ ㄨㄛˇ ㄙㄨˋ	我行我素	15
ㄎㄢ ㄌㄨㄢˋ ㄕˊ ㄑㄧˊ	戡亂時期	15
ㄙㄨㄛˇ ㄈㄟˋ ㄅㄨˋ ㄗ	所費不貲	15
ㄕㄡˇ ㄨㄛˋ	手握	15
ㄕㄡˇ ㄧㄠˊ	手搖	15
ㄕㄡˇ ㄧㄤˇ	手癢	15
ㄕㄡˇ ㄖㄨㄢˇ	手軟	15
ㄘㄞˊ ㄐㄩˋ	才具	15
ㄘㄞˊ ㄋㄚˊ	才拿	15
ㄉㄚˇ ㄅㄨˋ ㄎㄞ	打不開	15
ㄉㄚˇ ㄉㄨㄟˋ	打對	15
ㄉㄚˇ ㄌㄧˇ	打理	15
ㄉㄚˇ ㄙㄨㄟˋ	打碎	15
ㄉㄚˇ ㄗㄠˋ ㄔㄥˊ	打造成	15
ㄎㄡˋ ㄐㄧㄠˇ	扣繳	15
ㄋㄧㄡˇ ㄕㄤ	扭傷	15
ㄓㄠˇ ㄍㄨㄛˋ	找過	15
ㄔㄥˊ ㄉㄜˊ ㄌㄨˋ	承德路	15
ㄅㄚˇ ㄨㄛˋ ㄓㄨˋ	把握住	15
ㄓㄨㄚ ㄔㄨ ㄌㄞˊ	抓出來	15
ㄊㄡˊ ㄕㄜˋ ㄉㄠˋ	投射到	15
ㄊㄡˊ ㄅㄧˋ ㄕˋ	投幣式	15
ㄊㄡˊ ㄓˊ	投擲	15
ㄎㄤˋ ㄞˊ ㄧㄠˋ	抗癌藥	15
ㄎㄤˋ ㄧㄢˊ ㄧㄠˋ	抗癌藥	15
ㄎㄤˋ ㄉㄧㄝˊ	抗跌	15
ㄎㄤˋ ㄅㄧㄢˋ	抗辯	15
ㄆㄧ ㄍㄨㄚˋ	披掛	15
ㄊㄞˊ ㄊㄡˊ ㄊㄧㄥˇ ㄒㄩㄥ	抬頭挺胸	15
ㄧㄚ ㄐㄧㄝˇ	押解	15
ㄧㄚ ㄐㄧㄝˋ	押解	15
ㄔㄡ ㄉㄨㄥˋ	抽動	15
ㄌㄚ ㄕㄤ	拉傷	15
ㄌㄚ ㄉㄜ˙	拉得	15
ㄆㄞ ㄒㄧㄚˋ ㄑㄩˋ	拍下去	15
ㄊㄨㄛ ㄒㄧㄚˋ	拖下	15
ㄐㄩ ㄊㄧˊ	拘提	15
ㄐㄩ ㄐㄧㄣˇ	拘謹	15
ㄓㄠ ㄓㄢˇ	招展	15
ㄓㄠ ㄧㄠˊ	招搖	15
ㄆㄧㄣ ㄔㄥˊ	拼成	15
ㄕˊ ㄏㄨㄛˋ	拾獲	15
ㄓˇ ㄅㄧㄠ ㄍㄨˇ	指標股	15
ㄓˇ ㄏㄨㄢˊ	指環	15
ㄐㄧㄚˊ ㄉㄞˋ	挾帶	15
ㄒㄧㄚˊ ㄉㄞˋ	挾帶	15
ㄐㄩㄢ ㄗㄥˋ ㄓㄜˇ	捐贈者	15
ㄐㄩㄢ ㄑㄧㄢˊ	捐錢	15
ㄇㄣˊ	捫	15
ㄐㄩㄢˇ ㄉㄨㄥˋ	捲動	15
ㄋㄧㄢˇ	捻	15
ㄙㄠˇ ㄕㄜˋ	掃射	15
ㄓㄤˇ ㄒㄧㄣ	掌心	15
ㄊㄠ ㄑㄧㄢˊ	掏錢	15
ㄆㄞˊ ㄎㄜˋ	排課	15
ㄆㄞˊ ㄑㄧㄢˇ	排遣	15
ㄐㄧㄝ ㄌㄞˊ	接來	15
ㄐㄧㄝ ㄕㄚ	接殺	15
ㄐㄧㄝ ㄅㄢˋ	接辦	15
ㄐㄧㄝ ㄉㄧㄢˋ ㄏㄨㄚˋ	接電話	15
ㄊㄨㄟ ㄉㄧㄠˋ	推掉	15
ㄊㄧˊ ㄅㄠ	提包	15
ㄊㄧˊ ㄉㄞˋ	提袋	15
ㄊㄧˊ ㄑㄧㄥˇ	提請	15
ㄔㄚ ㄓㄜ˙	插著	15
ㄧ	揖	15
ㄧㄤˊ ㄕㄥ	揚升	15
ㄏㄨㄢˋ ㄑㄧˋ	換氣	15
ㄧㄠˊ ㄍㄢˇ	搖桿	15
ㄔㄨㄟˊ ㄅㄟˋ	搥背	15
ㄉㄚ ㄔㄜ	搭車	15
ㄓㄞ ㄔㄨˊ	摘除	15
ㄅㄛ ㄈㄨˋ	撥付	15
ㄅㄛ ㄋㄨㄥˋ	撥弄	15
ㄌㄨˇ ㄏㄨㄛˋ	擄獲	15
ㄉㄢ ㄅㄨˋ ㄑㄧˇ	擔不起	15
ㄐㄧˇ ㄒㄧㄚˋ	擠下	15
ㄋㄧˇ ㄖㄣˊ ㄏㄨㄚˋ	擬人化	15
ㄅㄞˇ ㄏㄠˇ	擺好	15
ㄖㄠˇ ㄇㄧㄣˊ	擾民	15
ㄕㄜˋ ㄑㄩˇ ㄌㄧㄤˋ	攝取量	15
ㄓ ㄩㄥˋ	支用	15
ㄕㄡ ㄉㄜˊ	收得	15
ㄕㄡ ㄉㄜ˙	收得	15
ㄕㄡ ㄋㄚˋ	收納	15
ㄍㄞˇ ㄅㄧㄢˋ ㄔㄥˊ	改變成	15
ㄍㄨㄥ ㄔㄥˊ	攻城	15
ㄍㄨㄥ ㄐㄧㄝˊ	攻訐	15
ㄈㄤˋ ㄑㄧㄥ	放輕	15
ㄓㄥˋ ㄓㄢˋ	政戰	15
ㄐㄧㄠ ㄉㄠˋ	教到	15
ㄐㄧㄠ ㄧㄢˊ	教研	15
ㄐㄧㄠˋ ㄩˋ ㄒㄩㄝˊ ㄔㄥˊ	教育學程	15
ㄅㄧˋ ㄖㄣˊ	敝人	15
ㄍㄢˇ ㄗㄨㄛˋ	敢做	15
ㄍㄢˇ ㄉㄤ	敢當	15
ㄙㄢˇ ㄍㄨㄤ	散光	15
ㄙㄢˋ ㄍㄨㄤ	散光	15
ㄉㄨㄣ ㄑㄧㄣ ㄇㄨˋ ㄌㄧㄣˊ	敦親睦鄰	15
ㄐㄧㄥˋ ㄓㄨˋ	敬祝	15
ㄐㄧㄥˋ ㄌㄧˇ	敬禮	15
ㄑㄧㄠ ㄑㄧㄠ ㄉㄚˇ ㄉㄚˇ	敲敲打打	15
ㄓㄥˇ ㄓㄥˇ ㄑㄧˊ ㄑㄧˊ	整整齊齊	15
ㄓㄥˇ ㄆㄧㄢ	整篇	15
ㄉㄧˊ ㄍㄨㄛˊ	敵國	15
ㄕㄨˋ ㄒㄩㄝˊ ㄙㄨㄛˇ	數學所	15
ㄨㄣˊ ㄖㄣˊ ㄏㄨㄚˋ	文人畫	15
ㄨㄣˊ ㄐㄧㄢˋ ㄉㄤˇ	文件檔	15
ㄨㄣˊ ㄍㄨㄥ	文公	15
ㄨㄣˊ ㄌㄧˇ	文理	15
ㄨㄣˋ ㄍㄨㄛˋ	文過	15
ㄉㄡˇ ㄋㄢˊ	斗南	15
ㄙ ㄌㄧˇ ㄌㄢˊ ㄎㄚˇ	斯里蘭卡	15
ㄒㄧㄣ ㄍㄨㄥ ㄩㄢˊ	新公園	15
ㄒㄧㄣ ㄉㄧㄢˋ ㄒㄧㄢˋ	新店線	15
ㄒㄧㄣ ㄐㄧˋ ㄌㄨˋ	新紀錄	15
ㄒㄧㄣ ㄐㄧˋ ㄏㄨㄚˋ	新計畫	15
ㄉㄨㄢˋ ㄇㄧㄢˋ	斷面	15
ㄈㄤ ㄐㄧㄣ	方今	15
ㄕ ㄓㄨˇ	施主	15
ㄆㄤˊ ㄍㄨㄢ ㄓㄜˇ	旁觀者	15
ㄌㄩˇ ㄒㄧㄥˊ ㄓㄜˇ	旅行者	15
ㄖˋ ㄍㄨㄤ ㄩˋ	日光浴	15
ㄖˋ ㄩㄝˋ ㄍㄨㄤ	日月光	15
ㄖˋ ㄅㄣˇ ㄕˋ	日本式	15
ㄗㄠˇ ㄌㄞˊ	早來	15
ㄇㄧㄣˊ	旻	15
ㄏㄨㄣ ㄊㄡˊ	昏頭	15
ㄏㄨㄣ ㄏㄨㄤˊ	昏黃	15
ㄕˊ ㄓˊ	時值	15
ㄕˊ ㄓˋ ㄐㄧㄣ ㄖˋ	時至今日	15
ㄨㄢˇ ㄌㄞˊ	晚來	15
ㄓˋ ㄩˋ	智育	15
ㄕㄨˇ ㄑㄧˋ	暑氣	15
ㄢˋ ㄌㄧㄢˋ	暗戀	15
ㄢˋ ㄍㄨㄢˇ	暗管	15
ㄅㄠˋ ㄌㄧˋ	暴戾	15
ㄌㄧˋ ㄈㄚˇ	曆法	15
ㄑㄩ ㄐㄧㄝˇ	曲解	15
ㄍㄥˋ ㄕˇ	更使	15
ㄕㄨ ㄔㄥˊ	書城	15
ㄗㄥ ㄑㄧㄥˋ ㄩˊ	曾慶瑜	15
ㄗㄥ ㄓㄣˋ ㄋㄨㄥˊ	曾振農	15
ㄗㄨㄟˋ ㄕㄤˋ ㄇㄧㄢˋ	最上面	15
ㄗㄨㄟˋ ㄉㄧ ㄒㄧㄢˋ	最低限	15
ㄗㄨㄟˋ ㄏㄠˇ ㄋㄥˊ	最好能	15
ㄗㄨㄟˋ ㄗㄠ ㄍㄠ	最糟糕	15
ㄗㄨㄟˋ ㄍㄨㄟˋ ㄉㄜ˙	最貴的	15
ㄗㄨㄟˋ ㄓㄨㄥˋ ㄉㄜ˙	最重的	15
ㄗㄨㄟˋ ㄋㄢˊ ㄉㄜ˙	最難的	15
ㄏㄨㄟˋ ㄐㄩˋ	會聚	15
ㄩㄝˋ ㄅㄠˋ	月報	15
ㄧㄡˇ ㄐㄧㄢˋ	有件	15
ㄧㄡˇ ㄘˋ	有刺	15
ㄧㄡˇ ㄕㄥˋ ㄒㄧ	有勝溪	15
ㄧㄡˇ ㄓˋ ㄧ ㄊㄨㄥˊ	有志一同	15
ㄧㄡˇ ㄓˋ ㄧˋ ㄊㄨㄥˊ	有志一同	15
ㄧㄡˇ ㄐㄧㄢ	有間	15
ㄧㄡˇ ㄐㄧㄢˋ	有間	15
ㄧㄡˇ ㄩˇ	有雨	15
ㄈㄨˊ ㄨˋ ㄩˊ	服務於	15
ㄨㄤˋ ㄗˇ	望子	15
ㄨㄤˋ ㄢ	望安	15
ㄔㄠˊ ㄕㄤˋ	朝上	15
ㄑㄧˊ ㄓㄨㄥ ㄎㄠˇ	期中考	15
ㄇㄨˋ ㄓㄨㄤ	木樁	15
ㄇㄨˋ ㄇㄚˇ	木馬	15
ㄨㄟˋ ㄉㄠˋ	未到	15
ㄇㄛˋ ㄌㄨˋ	末路	15
ㄅㄣˇ ㄒㄧㄢˋ	本縣	15
ㄓㄨˊ	朮	15
ㄒㄧㄡˇ ㄇㄨˋ	朽木	15
ㄕㄢ ㄇㄨˋ	杉木	15
ㄘㄨㄣ ㄗ˙ ㄌㄧˇ	村子裡	15
ㄉㄨˋ ㄈㄨˊ ㄇㄧㄥˊ	杜福明	15
ㄉㄨㄥ ㄩㄢˊ	東元	15
ㄉㄨㄥ ㄕㄢ ㄗㄞˋ ㄑㄧˇ	東山再起	15
ㄉㄨㄥ ㄧㄡˇ	東有	15
ㄌㄧㄣˊ ㄧˋ ㄈㄨ	林義夫	15
ㄌㄧㄣˊ ㄧㄣˋ	林蔭	15
ㄌㄧㄣˊ ㄈㄥ ㄓㄥˋ	林豐正	15
ㄓ ㄧㄚ	枝椏	15
ㄌㄧㄡˇ ㄓ	柳枝	15
ㄏㄜˊ ㄉㄢˋ	核彈	15
ㄍㄣ ㄕㄣ ㄉㄧˇ ㄍㄨˋ	根深柢固	15
ㄍㄜˊ ㄕˋ ㄏㄨㄚˋ	格式化	15
ㄊㄠˊ ㄏㄨㄥˊ	桃紅	15
ㄙㄤ ㄊㄧㄢˊ	桑田	15
ㄏㄨㄢˊ ㄍㄨㄥ	桓公	15
ㄊㄨㄥˇ ㄓㄨㄤ	桶裝	15
ㄍㄢˇ ㄗ˙	桿子	15
ㄌㄧˊ ㄗ˙	梨子	15
ㄧㄚ	椏	15
ㄧㄤˊ ㄌㄧㄡˇ	楊柳	15
ㄧㄝˋ ㄓㄤˋ	業障	15
ㄖㄨㄥˊ ㄩˋ ㄍㄢˇ	榮譽感	15
ㄑㄧㄤ ㄉㄢˋ	槍彈	15
ㄅㄧㄠ ㄉㄧˋ ㄨˋ	標的物	15
ㄅㄧㄠ ㄍㄠ	標高	15
ㄕㄨˋ ㄖㄣˊ	樹人	15
ㄕㄨˋ ㄧㄥˇ	樹影	15
ㄕㄨˋ ㄉㄨㄥˋ	樹洞	15
ㄐㄧ ㄐㄧㄥˇ	機警	15
ㄐㄧㄢˇ ㄐㄧㄥˇ ㄉㄧㄠˋ	檢警調	15
ㄅㄧㄣ ㄌㄤˊ ㄓ	檳榔汁	15
ㄑㄩㄢˊ ㄨㄟ ㄉㄜ˙	權威的	15
ㄑㄧㄢˋ ㄐㄧㄡˋ	歉疚	15
ㄡ ㄨㄟ ㄦˇ	歐威爾	15
ㄏㄨㄢ ㄔㄤˋ	歡唱	15
ㄓㄥˋ ㄕˇ	正史	15
ㄓㄥˋ ㄉㄚˇ	正打	15
ㄓㄥˋ ㄧㄣ ㄅㄢ	正音班	15
ㄨˇ ㄉㄚˇ	武打	15
ㄨㄞ ㄈㄥ	歪風	15
ㄍㄨㄟ ㄉㄨㄟˋ	歸隊	15
ㄙˇ ㄕ	死屍	15
ㄙˇ ㄉㄤˋ	死當	15
ㄕㄚ ㄕㄚ	殺殺	15
ㄕㄚ ㄕㄥ	殺生	15
ㄏㄨㄟˇ ㄖㄨㄥˊ	毀容	15
ㄇㄟˇ ㄔㄤˇ	每場	15
ㄅㄧˇ ㄕㄡˇ	比手	15
ㄇㄧㄣˊ ㄒㄧㄥˋ	民性	15
ㄇㄧㄣˊ ㄕㄥ ㄅㄠˋ	民生報	15
ㄌㄩˋ ㄧˇ ㄒㄧ	氯乙烯	15
ㄕㄨㄟˇ ㄒㄧˇ	水洗	15
ㄕㄨㄟˇ ㄒㄧㄤ	水箱	15
ㄕㄨㄟˇ ㄅㄧㄠˇ	水表	15
ㄐㄩㄝˊ ㄧˋ	決意	15
ㄐㄩㄝˊ ㄒㄩㄢˇ	決選	15
ㄕㄣˇ ㄅㄠˇ ㄓㄣ	沈葆楨	15
ㄇㄟˊ ㄐㄧㄝ	沒接	15
ㄇㄟˊ ㄐㄧㄢˋ ㄍㄨㄛˋ	沒見過	15
ㄏㄜˊ ㄍㄤˇ	河港	15
ㄈㄨˊ ㄈㄨˊ	沸沸	15
ㄧㄡˊ ㄑㄧˋ	油氣	15
ㄧㄡˊ ㄍㄨㄛ	油鍋	15
ㄈㄚˇ ㄉㄧㄢˇ	法典	15
ㄓㄨˋ ㄕㄨㄟˇ	注水	15
ㄧㄤˊ ㄈㄤˊ	洋房	15
ㄧㄤˊ ㄩˋ	洋芋	15
ㄏㄨㄛˊ ㄅㄥˋ ㄌㄨㄢˋ ㄊㄧㄠˋ	活蹦亂跳	15
ㄌㄧㄡˊ ㄎㄡˇ ㄕㄨㄟˇ	流口水	15
ㄌㄤˋ ㄗˇ	浪子	15
ㄩˋ ㄔˊ	浴池	15
ㄏㄞˇ ㄇㄧㄥˊ ㄨㄟ	海明威	15
ㄏㄞˇ ㄕㄣˊ	海神	15
ㄏㄢˊ ㄧˋ	涵意	15
ㄌㄧㄤˊ ㄒㄧㄝˊ	涼鞋	15
ㄉㄢˋ ㄅㄛˊ	淡薄	15
ㄉㄢˋ ㄅㄠˊ	淡薄	15
ㄕㄣ ㄕㄣ ㄉㄜ˙	深深地	15
ㄕㄣ ㄕㄣ ㄉㄧˋ	深深地	15
ㄏㄨㄣˋ ㄏㄜˊ ㄕˋ	混合式	15
ㄏㄨㄣˋ ㄓㄢˋ	混戰	15
ㄑㄧㄢˇ ㄕㄨㄟˇ	淺水	15
ㄑㄧㄥ ㄊㄢˊ	清談	15
ㄧㄡˊ ㄗ	游資	15
ㄏㄨㄣˊ ㄩㄢˊ	渾圓	15
ㄏㄨˊ ㄎㄡˇ ㄒㄧㄤ	湖口鄉	15
ㄊㄤ ㄇㄧㄢˋ	湯麵	15
ㄌㄧㄡ ㄏㄨㄚˊ ㄊㄧ	溜滑梯	15
ㄒㄧ ㄊㄡˊ	溪頭	15
ㄨㄣ ㄨㄣˊ	溫文	15
ㄋㄧˋ ㄕㄨㄟˇ	溺水	15
ㄗ ㄅㄨˇ	滋補	15
ㄏㄨㄚˊ ㄒㄧㄚˋ	滑下	15
ㄏㄨㄚˊ ㄒㄧㄥˊ	滑行	15
ㄍㄨㄣˇ ㄕˊ	滾石	15
ㄇㄢˇ ㄅㄨˋ	滿佈	15
ㄇㄢˇ ㄗㄞˋ ㄦˊ ㄍㄨㄟ	滿載而歸	15
ㄌㄡˋ ㄐㄧㄝ	漏接	15
ㄌㄡˋ ㄕㄨㄟˋ	漏稅	15
ㄧㄢˇ ㄗㄡˋ ㄊㄧㄥ	演奏廳	15
ㄏㄢˋ ㄎㄡˇ	漢口	15
ㄏㄢˋ ㄅㄠˇ ㄉㄧㄢˋ	漢堡店	15
ㄏㄢˋ ㄇㄧㄣˊ ㄗㄨˊ	漢民族	15
ㄐㄧㄝˊ ㄆㄧˇ	潔癖	15
ㄐㄧㄝˊ ㄆㄧˋ	潔癖	15
ㄖㄨㄣˋ ㄅㄧㄥˇ	潤餅	15
ㄔㄢˊ ㄔㄢˊ	潺潺	15
ㄔㄥˊ ㄕㄜˋ	澄社	15
ㄐㄧㄠ ㄏㄨㄚ	澆花	15
ㄐㄧˋ ㄕˋ	濟世	15
ㄌㄩˋ ㄐㄧㄥˋ	濾鏡	15
ㄇㄧˊ ㄇㄢˋ ㄓㄜ˙	瀰漫著	15
ㄍㄨㄢˋ ㄐㄧㄣˋ	灌進	15
ㄏㄨㄛˇ ㄏㄡˋ	火候	15
ㄏㄨㄛˇ ㄕㄢ ㄅㄠˋ ㄈㄚ	火山爆發	15
ㄏㄨㄛˇ ㄍㄨㄛ ㄌㄧㄠˋ	火鍋料	15
ㄏㄨㄟ ㄇㄥˊ	灰濛	15
ㄧㄢˊ ㄏㄨㄤˊ ㄗˇ ㄙㄨㄣ	炎黃子孫	15
ㄆㄠˋ ㄉㄢˋ	炮彈	15
ㄨㄟˋ ㄒㄧㄠˋ	為校	15
ㄎㄠˇ ㄐㄧ	烤雞	15
ㄧㄢ ㄋㄥˊ	焉能	15
ㄨˊ ㄕㄤ ㄉㄚˋ ㄧㄚˇ	無傷大雅	15
ㄨˊ ㄙㄨㄛˇ ㄅㄨˊ ㄩㄥˋ ㄑㄧˊ ㄐㄧˊ	無所不用其極	15
ㄨˊ ㄈㄥˋ	無縫	15
ㄨˊ ㄒㄧㄢˋ ㄑㄧˊ	無限期	15
ㄐㄧㄠ ㄊㄡˊ ㄌㄢˋ ㄜˊ	焦頭爛額	15
ㄇㄟˊ ㄑㄧˋ	煤氣	15
ㄓㄠˋ ㄒㄧㄚˋ	照下	15
ㄓㄠˋ ㄉㄢ ㄑㄩㄢˊ ㄕㄡ	照單全收	15
ㄓㄠˋ ㄔㄠ	照抄	15
ㄓㄨˇ ㄔㄥˊ	煮成	15
ㄠˊ ㄓㄨˇ	熬煮	15
ㄖㄜˋ ㄌㄧㄢˋ	熱戀	15
ㄖㄜˋ ㄌㄟˋ ㄧㄥˊ ㄎㄨㄤ	熱淚盈眶	15
ㄖㄜˋ ㄖㄜˋ ㄋㄠˋ ㄋㄠˋ	熱熱鬧鬧	15
ㄖㄜˋ ㄒㄧㄝˇ ㄉㄜ˙	熱血的	15
ㄖㄢˊ ㄈㄤˋ	燃放	15
ㄕㄠ ㄑㄧˇ	燒起	15
ㄧㄢˋ ㄨㄟˇ	燕尾	15
ㄧㄥˊ ㄧㄤˇ ㄅㄨˋ ㄌㄧㄤˊ	營養不良	15
ㄓㄥ ㄉㄨㄛˊ ㄓㄢˋ	爭奪戰	15
ㄓㄥ ㄉㄜˊ	爭得	15
ㄓㄥ ㄉㄜ˙	爭得	15
ㄓㄥ ㄑㄩㄢˊ	爭權	15
ㄧㄚˊ ㄍㄣ	牙根	15
ㄋㄧㄡˊ ㄆㄥˊ	牛棚	15
ㄨˋ ㄌㄧˇ ㄐㄧㄤˇ	物理獎	15
ㄨˋ ㄌㄟˋ	物類	15
ㄊㄜˋ ㄆㄞˋ ㄩㄢˊ	特派員	15
ㄊㄜˋ ㄩㄝ ㄕㄤ ㄉㄧㄢˋ	特約商店	15
ㄑㄧㄢ ㄑㄧㄤˇ	牽強	15
ㄑㄧㄢ ㄑㄧㄤˊ	牽強	15
ㄎㄨㄤˊ ㄒㄧㄠˋ	狂笑	15
ㄏㄨˊ ㄌㄧˊ ㄐㄧㄥ	狐狸精	15
ㄌㄤˊ ㄐㄧˊ	狼藉	15
ㄉㄨˊ ㄌㄧˋ ㄗˋ ㄓㄨˇ	獨立自主	15
ㄕㄨㄞˋ ㄊㄨㄢˊ	率團	15
ㄩˋ ㄓㄨㄛˊ	玉鐲	15
ㄨㄤˊ ㄖㄣˊ	王人	15
ㄨㄤˊ ㄌㄧˋ ㄏㄨㄥˊ	王力宏	15
ㄨㄤˊ ㄕㄡˇ ㄖㄣˊ	王守仁	15
ㄨㄤˊ ㄓˋ ㄍㄤ	王志剛	15
ㄅㄢ ㄔㄠ	班超	15
ㄑㄧㄡˊ ㄈㄥ	球風	15
ㄌㄧˇ ㄩˋ	理喻	15
ㄌㄧˇ ㄍㄨㄥ ㄎㄜ	理工科	15
ㄏㄨㄢˊ ㄧㄡˊ	環遊	15
ㄏㄨˋ	瓠	15
ㄍㄢ ㄅㄧˇ ㄧㄚˇ	甘比亞	15
ㄍㄢ ㄘㄠˇ	甘草	15
ㄕㄥ ㄕㄡˇ	生手	15
ㄕㄥ ㄏㄨㄛˊ ㄓㄠˋ	生活照	15
ㄕㄥ ㄏㄨㄛˊ ㄗ ㄒㄩㄣˋ	生活資訊	15
ㄕㄥ ㄌㄧˇ ㄑㄧˊ	生理期	15
ㄕㄥ ㄩˋ ㄌㄩˋ	生育率	15
ㄕㄥ ㄑㄧˇ	生起	15
ㄔㄢˇ ㄑㄩ	產區	15
ㄔㄢˇ ㄓˋ ㄆㄧㄣˇ	產製品	15
ㄔㄢˇ ㄒㄧㄢˇ	產險	15
ㄋㄧㄥˊ	甯	15
ㄋㄧㄥˋ	甯	15
ㄊㄧㄢˊ ㄐㄧㄥˋ ㄔㄤˇ	田徑場	15
ㄊㄧㄢˊ ㄐㄧㄥˋ ㄉㄨㄟˋ	田徑隊	15
ㄐㄧㄚˇ ㄐㄧ	甲基	15
ㄐㄧㄚˇ ㄐㄧˊ	甲級	15
ㄕㄣ ㄍㄡˋ	申購	15
ㄌㄧㄡˊ ㄇㄧㄥˊ	留名	15
ㄌㄧㄡˊ ㄧㄢˊ ㄅㄢˇ	留言板	15
ㄌㄩㄝˋ ㄉㄚˋ	略大	15
ㄧˋ ㄒㄧㄥˊ	異形	15
ㄉㄤ ㄓˊ	當值	15
ㄉㄤ ㄊㄡˊ ㄅㄤˋ ㄏㄜˋ	當頭棒喝	15
ㄉㄧㄝˊ ㄔㄥˊ	疊成	15
ㄅㄧㄥˋ ㄩㄢˊ	病源	15
ㄕㄡˋ ㄖㄡˋ	瘦肉	15
ㄈㄚ ㄒㄧㄤˊ	發祥	15
ㄈㄚ ㄔㄜ	發車	15
ㄅㄞˊ ㄖˋ ㄇㄥˋ	白日夢	15
ㄅㄞˊ ㄇㄨˋ	白目	15
ㄅㄞˊ ㄍㄜ	白鴿	15
ㄅㄞˊ ㄌㄨˋ ㄙ	白鷺鷥	15
ㄅㄞˊ ㄇㄧㄢˋ	白麵	15
ㄅㄞˇ ㄍㄨㄢ	百官	15
ㄅㄞˇ ㄖˋ	百日	15
ㄕㄥˋ ㄒㄧㄚˋ	盛夏	15
ㄉㄠˋ ㄗㄟˊ	盜賊	15
ㄉㄤˋ ㄔㄨ	盪出	15
ㄇㄨˋ ㄒㄧㄚˋ	目下	15
ㄓˊ ㄕㄤˋ	直上	15
ㄒㄧㄤ ㄐㄧㄚ	相加	15
ㄒㄧㄤ ㄒㄧˊ	相惜	15
ㄒㄧㄤ ㄆㄟˋ	相配	15
ㄉㄨㄣˋ ㄆㄞˊ	盾牌	15
ㄕㄥˇ ㄉㄜ˙	省得	15
ㄓㄣ ㄉㄜˊ	真得	15
ㄧㄢˇ ㄉㄧˇ	眼底	15
ㄧㄢˇ ㄏㄨㄥˊ	眼紅	15
ㄧㄢˇ ㄙㄜˋ	眼色	15
ㄓㄨㄥˋ ㄙㄨㄛˇ ㄐㄧㄝ ㄓ	眾所皆知	15
ㄐㄧㄝˊ ㄇㄠˊ ㄍㄠ	睫毛膏	15
ㄓ ㄒㄧㄢˋ	知縣	15
ㄕˊ ㄏㄨㄚˋ ㄧㄝˋ	石化業	15
ㄕˊ ㄔㄥˊ	石城	15
ㄕˊ ㄕㄢ	石山	15
ㄕˊ ㄔㄨㄢ ㄕˋ ㄍㄨㄟ ㄩˊ	石川氏鮭魚	15
ㄕˊ ㄕ	石獅	15
ㄆㄠˋ ㄕㄥ	砲聲	15
ㄆㄛˋ ㄊㄨˇ	破土	15
ㄆㄛˋ ㄅㄞˇ	破百	15
ㄒㄧㄠ ㄙㄨㄢ	硝酸	15
ㄧㄥˋ ㄓㄤˋ	硬仗	15
ㄑㄩㄝˋ ㄉㄧㄥˋ ㄧㄡˇ	確定有	15
ㄘˊ ㄎㄚˇ	磁卡	15
ㄘˊ ㄑㄧˋ	磁器	15
ㄇㄛˊ ㄉㄠ	磨刀	15
ㄌㄧㄣˊ ㄙㄨㄢ ㄧㄢˊ	磷酸鹽	15
ㄞˋ ㄕㄡˇ	礙手	15
ㄅㄛˊ	礴	15
ㄕㄜˋ ㄗˇ ㄉㄠˇ	社子島	15
ㄕㄜˋ ㄏㄨㄟˋ ㄐㄧㄠˋ ㄩˋ	社會教育	15
ㄇㄧˋ ㄌㄨˇ	祕魯	15
ㄕㄣˊ ㄊㄢˊ	神壇	15
ㄕㄣˊ ㄨㄤˇ	神往	15
ㄕㄣˊ ㄒㄧㄥˋ	神性	15
ㄕㄣˊ ㄐㄧㄠˋ	神教	15
ㄐㄧㄣˋ ㄩㄣˋ	禁運	15
ㄌㄧˇ ㄗㄢˋ	禮讚	15
ㄒㄧㄡˋ ㄌㄧㄣˊ	秀林	15
ㄙ ㄈㄤˊ	私房	15
ㄙ ㄧㄡˇ ㄉㄧˋ	私有地	15
ㄎㄜ ㄒㄩㄝˊ ㄕˊ ㄧㄢˋ	科學實驗	15
ㄎㄜ ㄒㄩㄝˊ ㄈㄤ ㄈㄚˇ	科學方法	15
ㄗㄨ ㄒㄧㄚˋ	租下	15
ㄗㄨ ㄕㄨ ㄉㄧㄢˋ	租書店	15
ㄧˊ ㄇㄧㄣˊ ㄐㄩˊ	移民局	15
ㄓㄨㄥˇ ㄒㄧㄥˋ	種性	15
ㄓㄨㄥˇ ㄗㄨˊ ㄍㄜˊ ㄌㄧˊ	種族隔離	15
ㄐㄧ ㄗㄞˋ	積在	15
ㄨㄣˇ ㄉㄧㄥˋ ㄒㄧㄚˋ ㄌㄞˊ	穩定下來	15
ㄒㄩㄝˊ ㄉㄠˋ	穴道	15
ㄒㄩㄝˋ ㄉㄠˋ	穴道	15
ㄎㄨㄥ ㄑㄧㄢˊ ㄉㄜ˙	空前的	15
ㄐㄧㄥˋ ㄖㄨˊ	竟如	15
ㄐㄧㄥˋ ㄍㄢˇ	竟敢	15
ㄊㄨㄥˊ ㄗˇ ㄐㄩㄣ	童子軍	15
ㄓㄨˊ ㄨㄟˊ	竹圍	15
ㄉㄧˋ ㄧ ㄐㄧˊ	第一級	15
ㄉㄧˋ ㄌㄧㄡˋ ㄍㄢˇ	第六感	15
ㄅㄧˇ ㄧㄡˇ	筆友	15
ㄅㄧˇ ㄐㄧ	筆跡	15
ㄙㄨㄣˇ ㄖㄨㄥˊ	筍茸	15
ㄙㄨㄢˋ ㄒㄧㄚˋ	算下	15
ㄍㄨㄢˇ ㄈㄥ ㄑㄧㄣˊ	管風琴	15
ㄐㄧㄝˊ ㄕㄨㄟˋ	節稅	15
ㄘㄨˋ ㄩㄥˇ	簇擁	15
ㄙㄨˋ	簌	15
ㄐㄧㄢˇ ㄕˇ	簡史	15
ㄇㄧˇ ㄑㄧˊ ㄌㄧㄣˊ	米其林	15
ㄇㄧˇ ㄌㄧㄤˊ	米糧	15
ㄈㄣˇ ㄘㄞˇ	粉彩	15
ㄐㄧㄥ ㄙㄨㄢˋ	精算	15
ㄐㄧㄥ ㄔㄥˊ	精誠	15
ㄐㄧㄡ ㄔㄚˊ ㄉㄨㄟˋ	糾察隊	15
ㄐㄧˋ ㄧㄠˋ	紀要	15
ㄐㄧˊ ㄏㄨㄟˋ	級會	15
ㄖㄣˊ	紝	15
ㄌㄟˋ ㄏㄨㄞˋ	累壞	15
ㄒㄧˋ ㄒㄧˋ ㄉㄜ˙	細細的	15
ㄗㄨˇ ㄏㄜˊ ㄦˊ ㄔㄥˊ	組合而成	15
ㄐㄧㄝˊ ㄕㄜˊ	結舌	15
ㄊㄨㄥˇ ㄐㄧˋ ㄕㄨˋ ㄗˋ	統計數字	15
ㄙ ㄍㄨㄚ	絲瓜	15
ㄐㄧㄥ ㄐㄧˋ ㄒㄩㄝˊ ㄓㄜˇ	經濟學者	15
ㄐㄧㄥ ㄐㄧˋ ㄐㄧㄢˋ ㄕㄜˋ	經濟建設	15
ㄐㄧㄥ ㄧㄢˋ ㄓˊ	經驗值	15
ㄌㄩˋ ㄉㄡˋ	綠豆	15
ㄌㄩˋ ㄧㄝˇ	綠野	15
ㄨㄟˊ ㄨˊ ㄦˇ	維吾爾	15
ㄨㄟˊ ㄔˊ ㄒㄧㄢˋ ㄓㄨㄤˋ	維持現狀	15
ㄑㄧˋ ㄅㄨˇ	緝捕	15
ㄗㄨㄥˇ ㄉㄞˋ ㄌㄧˇ	總代理	15
ㄗㄨㄥˇ ㄍㄨㄚ	總括	15
ㄑㄩㄝ ㄑㄧㄢˊ	缺錢	15
ㄍㄨˇ	罟	15
ㄓㄠˋ ㄅㄟ	罩杯	15
ㄗㄨㄟˋ ㄓㄥˋ	罪證	15
ㄓˋ ㄕㄣ ㄕˋ ㄨㄞˋ	置身事外	15
ㄌㄨㄛˊ ㄇㄚˇ ㄗˋ	羅馬字	15
ㄧㄤˊ ㄑㄩㄣˊ	羊群	15
ㄧㄤˊ ㄊㄡˊ	羊頭	15
ㄇㄟˇ ㄔㄡˇ	美醜	15
ㄇㄟˇ ㄕˊ ㄐㄧㄝ	美食街	15
ㄒㄧㄡ ㄑㄧㄝˋ	羞怯	15
ㄒㄧㄡ ㄑㄩㄝˋ	羞怯	15
ㄧˋ ㄕˋ	義士	15
ㄧˋ ㄈㄣˋ	義憤	15
ㄕㄢ	羶	15
ㄒㄧˊ ㄒㄧˊ	習習	15
ㄒㄧㄤˊ ㄕˊ	翔實	15
ㄈㄢ ㄨㄢˊ	翻完	15
ㄌㄠˇ ㄌㄧㄡˊ	老劉	15
ㄌㄠˇ ㄊㄠˋ	老套	15
ㄌㄠˇ ㄧㄡˋ	老幼	15
ㄌㄠˇ ㄏㄨㄚˋ	老話	15
ㄎㄠˇ ㄓㄠˋ	考照	15
ㄦˊ ㄧㄢˊ	而延	15
ㄦˇ ㄍㄨㄤ	耳光	15
ㄦˇ ㄇㄛˊ	耳膜	15
ㄦˇ ㄇㄛˋ	耳膜	15
ㄍㄨㄚ	聒	15
ㄕㄥˋ ㄧㄢˊ	聖嚴	15
ㄕㄥˋ ㄊㄨˊ	聖徒	15
ㄕㄥˋ ㄓˇ	聖旨	15
ㄆㄧㄣˋ ㄕㄨ	聘書	15
ㄆㄧㄥˋ ㄕㄨ	聘書	15
ㄨㄣˊ ㄔㄨ	聞出	15
ㄨㄣˊ ㄈㄥ	聞風	15
ㄕㄥ ㄇㄧㄥˊ ㄕㄨ	聲明書	15
ㄓˊ ㄓˋ	職志	15
ㄙㄨˋ ㄖㄢˊ	肅然	15
ㄈㄟˊ ㄗㄠˋ ㄐㄩˋ	肥皂劇	15
ㄈㄟˋ ㄗㄤˋ	肺臟	15
ㄅㄟˋ ㄒㄧㄣˋ	背信	15
ㄅㄟˋ ㄍㄨㄤ	背光	15
ㄏㄨˊ ㄧㄢˊ	胡言	15
ㄋㄥˊ ㄖㄣˊ	能人	15
ㄆㄧˊ ㄗㄤˋ	脾臟	15
ㄕㄣˋ ㄧㄢˊ	腎炎	15
ㄋㄠˇ ㄉㄞˋ ㄌㄧˇ	腦袋裡	15
ㄐㄧㄠˇ ㄉㄧˇ ㄢˋ ㄇㄛˊ	腳底按摩	15
ㄉㄢˇ ㄋㄤˊ	膽囊	15
ㄌㄧㄣˊ ㄕˊ ㄍㄨㄥ	臨時工	15
ㄌㄧㄣˊ ㄏㄞˇ	臨海	15
ㄗˋ ㄕㄥ ㄗˋ ㄇㄧㄝˋ	自生自滅	15
ㄗˋ ㄖㄨㄛˋ	自若	15
ㄓˋ ㄏㄢˊ	致函	15
ㄩˇ ㄧㄡˇ ㄖㄨㄥˊ ㄧㄢ	與有榮焉	15
ㄩˇ ㄕㄥ ㄐㄩˋ ㄌㄞˊ	與生俱來	15
ㄐㄧㄡˋ ㄉㄧˋ	舊地	15
ㄨˇ ㄔˊ	舞池	15
ㄏㄤˊ ㄌㄨˋ	航路	15
ㄔㄨㄢˊ ㄐㄧㄢˋ	船艦	15
ㄔㄨㄢˊ ㄩㄣˋ	船運	15
ㄌㄧㄤˊ ㄅㄧˋ	良幣	15
ㄅㄚ ㄌㄟˇ ㄨˇ ㄐㄩˋ	芭蕾舞劇	15
ㄅㄚ ㄌㄟˊ ㄨˇ ㄐㄩˋ	芭蕾舞劇	15
ㄏㄨㄚ ㄍㄨㄤ	花光	15
ㄏㄨㄚ ㄘㄨㄥˊ	花叢	15
ㄏㄨㄚ ㄒㄧㄣ ㄙ	花心思	15
ㄏㄨㄚ ㄌㄧㄢˊ ㄒㄧㄢˋ ㄓㄥˋ ㄈㄨˇ	花蓮縣政府	15
ㄏㄨㄚ ㄐㄧㄡˇ	花酒	15
ㄇㄧㄠˊ ㄌㄧˋ ㄕˋ	苗栗市	15
ㄇㄧㄠˊ ㄊㄧㄠˊ	苗條	15
ㄎㄜ ㄗㄜˊ	苛責	15
ㄍㄡˇ ㄊㄨㄥˊ	苟同	15
ㄎㄨˇ ㄎㄡˇ ㄆㄛˊ ㄒㄧㄣ	苦口婆心	15
ㄎㄨˇ ㄒㄧㄥˊ	苦行	15
ㄔㄚˊ ㄕˋ	茶室	15
ㄔㄚˊ ㄧㄝˋ	茶業	15
ㄔㄚˊ ㄧㄝˋ ㄉㄢˋ	茶葉蛋	15
ㄔㄚˊ ㄒㄧㄤ	茶香	15
ㄘㄠˇ ㄕㄢ	草山	15
ㄏㄨㄤ ㄉㄠˇ	荒島	15
ㄓㄨㄤ ㄐㄧㄚˋ	莊稼	15
ㄇㄛˋ ㄘㄜˋ	莫測	15
ㄘㄞˋ ㄉㄠ	菜刀	15
ㄘㄞˋ ㄧㄠˊ	菜肴	15
ㄏㄨㄚˊ ㄌㄜˋ ㄕㄚ	華勒沙	15
ㄏㄨㄚˊ ㄅㄟˇ	華北	15
ㄢˋ	菴	15
ㄨㄢˋ ㄓㄤˋ	萬丈	15
ㄨㄢˋ ㄐㄧㄣ	萬金	15
ㄨㄢˋ ㄋㄢˊ	萬難	15
ㄑㄧˋ	葺	15
ㄙㄡ ㄌㄨㄛˊ	蒐羅	15
ㄘㄨㄥ ㄧㄡˊ ㄅㄧㄥˇ	蔥油餅	15
ㄐㄩㄝˊ ㄌㄟˋ	蕨類	15
ㄒㄧㄠ ㄇㄟˇ ㄑㄧㄣˊ	蕭美琴	15
ㄌㄢˊ ㄈㄨˋ ㄒㄧㄢˊ	藍腹鷴	15
ㄧㄠˋ ㄆㄧㄢˋ	藥片	15
ㄙㄨ ㄏㄨㄚ ㄍㄨㄥ ㄌㄨˋ	蘇花公路	15
ㄔㄨˇ ㄌㄧˇ ㄈㄚˇ	處理法	15
ㄏㄠˋ ㄇㄚˇ ㄆㄞˊ	號碼牌	15
ㄎㄨㄟ ㄑㄧㄢˋ	虧欠	15
ㄨㄣˊ ㄓㄤˋ	蚊帳	15
ㄖㄨㄥˊ ㄏㄜˊ	融和	15
ㄓˊ ㄈㄨˊ	蟄伏	15
ㄒㄧㄝˇ ㄎㄨㄞˋ	血塊	15
ㄒㄧㄥˊ ㄊㄨㄥˊ	行同	15
ㄒㄧㄥˊ ㄊㄧㄢ ㄍㄨㄥ	行天宮	15
ㄒㄧㄥˊ ㄓㄠˋ	行照	15
ㄔㄨㄥ ㄔㄨ ㄌㄞˊ	衝出來	15
ㄔㄨㄥ ㄍㄨㄛˋ ㄑㄩˋ	衝過去	15
ㄔㄨㄥ ㄈㄥ ㄒㄧㄢˋ ㄓㄣˋ	衝鋒陷陣	15
ㄅㄧㄠˇ ㄒㄧㄢˋ ㄌㄧˋ	表現力	15
ㄓㄨㄤ ㄇㄛˊ ㄗㄨㄛˋ ㄧㄤˋ	裝模作樣	15
ㄌㄨㄛˇ ㄕㄣ	裸身	15
ㄍㄨㄛˇ ㄗㄨˊ	裹足	15
ㄈㄨˋ ㄔㄚˊ	複查	15
ㄌㄩˇ	褸	15
ㄒㄧ ㄋㄢˊ ㄈㄤ	西南方	15
ㄒㄧ ㄒㄩㄝˊ	西學	15
ㄒㄧ ㄩㄝˋ	西樂	15
ㄇㄧˋ ㄉㄜˊ	覓得	15
ㄇㄧˋ ㄉㄜ˙	覓得	15
ㄑㄧㄣ ㄇㄨˋ	親睦	15
ㄑㄧㄣ ㄑㄧㄣ	親親	15
ㄍㄨㄢ ㄨˋ	觀霧	15
ㄐㄧㄝˇ ㄔㄨ	解出	15
ㄐㄧㄝˇ ㄗˋ	解字	15
ㄧㄢˊ ㄓ ㄍㄨㄛˋ ㄗㄠˇ	言之過早	15
ㄧㄢˊ ㄇㄧㄥˊ	言明	15
ㄉㄧㄥˋ ㄩˊ	訂於	15
ㄐㄧˋ ㄆㄨˇ	記譜	15
ㄈㄤˇ ㄇㄟˇ	訪美	15
ㄕㄜˋ ㄐㄧˋ ㄏㄠˇ	設計好	15
ㄒㄩˇ ㄕˋ ㄐㄧㄢˋ ㄆㄢˊ	許氏鍵盤	15
ㄆㄧㄥˊ ㄐㄧㄝˋ	評介	15
ㄕˋ ㄐㄩㄢˋ	試卷	15
ㄍㄞ ㄉㄠˋ	該到	15
ㄓㄢ ㄙㄣ	詹森	15
ㄖㄣˋ ㄗˋ	認字	15
ㄔㄥˊ ㄆㄧㄣˇ ㄕㄨ ㄉㄧㄢˋ	誠品書店	15
ㄕㄨㄛ ㄅㄨˋ ㄑㄧㄥ	說不清	15
ㄕㄨㄛ ㄅㄨˊ ㄍㄨㄛˋ ㄑㄩˋ	說不過去	15
ㄕㄨㄛ ㄅㄨˋ ㄍㄨㄛˋ ㄑㄩˋ	說不過去	15
ㄕㄨㄛ ㄆㄛˋ	說破	15
ㄕㄨㄛ ㄎㄞ	說開	15
ㄎㄜˋ ㄅㄧㄠˇ	課表	15
ㄉㄧㄠˋ ㄏㄨㄢˋ	調換	15
ㄊㄢˊ ㄏㄜˊ	談和	15
ㄊㄢˊ ㄨㄢˊ	談完	15
ㄊㄢˊ ㄏㄨㄚˋ ㄓㄨㄥ	談話中	15
ㄨㄟˇ	諉	15
ㄑㄧㄥˇ ㄗㄞˋ	請再	15
ㄇㄡˊ ㄌㄧˋ	謀利	15
ㄇㄧˊ ㄊㄧˊ	謎題	15
ㄐㄧㄤˇ ㄍㄠˇ	講稿	15
ㄒㄧㄝˋ ㄑㄧˇ ㄉㄚˋ	謝啟大	15
ㄐㄧㄣˇ ㄐㄧˋ	謹記	15
ㄓㄥˋ ㄇㄧㄥˊ ㄨㄣˊ ㄐㄧㄢˋ	證明文件	15
ㄓㄥˋ ㄨˋ	證物	15
ㄐㄧㄥˇ ㄓㄥˋ ㄕㄨˇ ㄓㄤˇ	警政署長	15
ㄐㄧㄥˇ ㄩˇ	警語	15
ㄅㄧㄢˋ ㄐㄧㄠ	變焦	15
ㄅㄧㄢˋ ㄉㄧㄠˋ	變調	15
ㄅㄧㄢˋ ㄙㄨˋ ㄑㄧˋ	變速器	15
ㄈㄥ ㄖㄠˊ	豐饒	15
ㄏㄠˊ ㄇㄣˊ	豪門	15
ㄘㄞˊ ㄅㄠˇ	財寶	15
ㄍㄨㄟˋ ㄅㄧㄣ ㄕˋ	貴賓室	15
ㄍㄨㄟˋ ㄐㄧㄢˋ	貴賤	15
ㄇㄞˇ ㄖㄨˋ	買入	15
ㄏㄜˋ ㄎㄚˇ	賀卡	15
ㄏㄜˋ ㄙㄨㄟˋ	賀歲	15
ㄗ ㄅㄣˇ ㄌㄧˋ ㄉㄜˊ	資本利得	15
ㄗ ㄒㄩㄣˋ ㄩㄝˋ	資訊月	15
ㄅㄧㄣ ㄕˋ ㄔㄜ	賓士車	15
ㄕㄤˇ ㄐㄧㄥ	賞鯨	15
ㄇㄞˋ ㄍㄨㄤ	賣光	15
ㄇㄞˋ ㄉㄨㄥ ㄒㄧ	賣東西	15
ㄕㄢˋ	贍	15
ㄧㄥˊ ㄑㄧㄡˊ	贏球	15
ㄧㄥˊ ㄍㄨㄛˋ	贏過	15
ㄔˋ ㄐㄧㄠˇ ㄧ ㄕㄥ	赤腳醫生	15
ㄗㄡˇ ㄔㄤˋ	走唱	15
ㄑㄧˇ ㄗㄨㄛˋ ㄩㄥˋ	起作用	15
ㄑㄧˇ ㄗㄨㄛˋ	起坐	15
ㄑㄧˇ ㄗ˙	起子	15
ㄉㄧㄝˊ ㄖㄨˋ	跌入	15
ㄊㄨㄛˊ	跎	15
ㄆㄠˇ ㄎㄞ	跑開	15
ㄎㄨㄚˋ ㄏㄤˊ	跨行	15
ㄌㄨˋ ㄒㄧㄢˋ ㄊㄨˊ	路線圖	15
ㄊㄧㄠˋ ㄏㄨㄟˊ	跳回	15
ㄊㄧ ㄊㄚˋ ㄨˇ	踢踏舞	15
ㄘㄨㄛ	蹉	15
ㄩㄝˋ ㄑㄧˇ	躍起	15
ㄔㄜ ㄈㄨ	車夫	15
ㄔㄜ ㄕㄨㄟˇ ㄇㄚˇ ㄌㄨㄥˊ	車水馬龍	15
ㄔㄜ ㄐㄧˋ	車騎	15
ㄔㄜ ㄑㄧˊ	車騎	15
ㄐㄩㄣ ㄕˋ ㄏㄨㄚˋ	軍事化	15
ㄐㄩㄣ ㄕˋ ㄒㄧㄥˊ ㄉㄨㄥˋ	軍事行動	15
ㄗㄞˇ ㄇㄧㄥˊ	載明	15
ㄗㄞˋ ㄇㄧㄥˊ	載明	15
ㄑㄧㄥ ㄒㄧㄥˊ	輕型	15
ㄑㄧㄥ ㄇㄧㄠˊ ㄉㄢˋ ㄒㄧㄝˇ	輕描淡寫	15
ㄌㄨㄣˊ ㄓㄨㄢˇ	輪轉	15
ㄕㄨ ㄉㄠˋ	輸到	15
ㄓㄨㄢˇ ㄉㄧㄠˋ	轉調	15
ㄅㄢˋ ㄅㄠˋ	辦報	15
ㄘˊ ㄊㄨㄟˋ	辭退	15
ㄉㄧㄝˊ ㄑㄧˇ	迭起	15
ㄇㄧˊ ㄗㄨㄟˋ	迷醉	15
ㄓㄨㄟ ㄍㄣ ㄐㄧㄡˋ ㄉㄧˇ	追根究底	15
ㄓㄨㄟ ㄍㄣ ㄐㄧㄡˋ ㄉㄧˇ	追根究柢	15
ㄊㄨㄟˋ ㄏㄨㄛˇ	退火	15
ㄊㄠˊ ㄅㄧㄥ	逃兵	15
ㄊㄡˋ ㄊㄧㄢ	透天	15
ㄊㄡˋ ㄈㄥ	透風	15
ㄓㄨˊ ㄖˋ	逐日	15
ㄓㄜˋ ㄇㄛ˙ ㄋㄢˊ	這麼難	15
ㄓㄜˋ ㄇㄜ˙ ㄋㄢˊ	這麼難	15
ㄊㄨㄥ ㄏㄨㄚˋ	通化	15
ㄊㄨㄥ ㄇㄧㄥˊ	通明	15
ㄊㄨㄥ ㄒㄧㄠˇ	通曉	15
ㄊㄨㄥ ㄕㄨㄣˋ	通順	15
ㄌㄧㄢˊ ㄆㄧㄢ	連篇	15
ㄐㄧㄣˋ ㄒㄩㄝˊ	進學	15
ㄧˋ ㄆㄧㄣˇ	逸品	15
ㄅㄧ ㄕˇ	逼使	15
ㄧㄡˊ ㄗˇ	遊子	15
ㄧㄡˊ ㄐㄧㄝ	遊街	15
ㄍㄨㄛˋ ㄓㄠ	過招	15
ㄍㄨㄛˋ ㄔㄨˋ	過處	15
ㄉㄠˋ ㄒㄩㄝˊ	道學	15
ㄩㄢˇ ㄅㄛˋ	遠播	15
ㄩㄢˇ ㄑㄧˊ	遠期	15
ㄓㄜ ㄧㄤˊ	遮陽	15
ㄒㄩㄢˇ ㄑㄩˇ	選曲	15
ㄒㄩㄢˇ ㄐㄩˇ ㄓˋ	選舉制	15
ㄒㄩㄢˇ ㄐㄩˇ ㄓˋ ㄉㄨˋ	選舉制度	15
ㄒㄩㄢˇ ㄐㄩˇ ㄨㄟˇ ㄩㄢˊ ㄏㄨㄟˋ	選舉委員會	15
ㄅㄧˋ ㄓㄨㄥˋ ㄐㄧㄡˋ ㄑㄧㄥ	避重就輕	15
ㄅㄧˋ ㄋㄢˋ ㄙㄨㄛˇ	避難所	15
ㄅㄧㄢ ㄒㄧㄝˇ	邊寫	15
ㄅㄧㄢ ㄐㄧㄤˇ	邊講	15
ㄌㄨㄛˊ ㄐㄧˊ ㄕㄤˋ	邏輯上	15
ㄉㄡ ㄓㄨˋ	都住	15
ㄉㄡ ㄧㄣ ㄨㄟˋ	都因為	15
ㄅㄧˇ ㄧˊ	鄙夷	15
ㄗㄨㄛˋ	酢	15
ㄌㄨㄛˋ ㄋㄨㄥˊ	酪農	15
ㄔㄡˊ ㄐㄧㄣ	酬金	15
ㄐㄧㄤˋ ㄌㄧㄠˋ	醬料	15
ㄓㄨㄥˋ ㄐㄧˊ	重擊	15
ㄔㄨㄥˊ ㄅㄧㄢ	重編	15
ㄌㄧㄤˋ ㄌㄧˋ	量力	15
ㄐㄧㄣ ㄙㄢ ㄐㄧㄠˇ	金三角	15
ㄐㄧㄣ ㄔㄥˊ ㄨˇ	金城武	15
ㄐㄧㄣ ㄖˋ ㄔㄥˊ	金日成	15
ㄐㄧㄣ ㄅㄤˇ	金榜	15
ㄐㄧㄣ ㄅㄧˋ ㄏㄨㄟ ㄏㄨㄤˊ	金碧輝煌	15
ㄐㄧㄣ ㄌㄧㄢˊ	金蓮	15
ㄐㄧㄣ ㄇㄣˊ ㄍㄨㄛˊ ㄐㄧㄚ ㄍㄨㄥ ㄩㄢˊ	金門國家公園	15
ㄐㄧㄣ ㄕˋ	金飾	15
ㄓㄣ ㄈㄥ	針鋒	15
ㄓㄣ ㄈㄥ ㄒㄧㄤ ㄉㄨㄟˋ	針鋒相對	15
ㄊㄨㄥˊ ㄌㄨㄛˊ ㄨㄢ	銅鑼灣	15
ㄆㄨ ㄓㄤ	鋪張	15
ㄓㄨㄥ ㄍㄨˇ	鐘鼓	15
ㄊㄧㄝˇ ㄆㄧㄢˋ	鐵片	15
ㄊㄧㄝˇ ㄆㄧˊ ㄨ	鐵皮屋	15
ㄓㄨˋ ㄔㄥˊ	鑄成	15
ㄓㄤˇ ㄌㄠˇ ㄐㄧㄠˋ ㄏㄨㄟˋ	長老教會	15
ㄔㄤˊ ㄍㄨˇ ㄔㄨㄢ	長谷川	15
ㄇㄣˊ ㄆㄞˋ	門派	15
ㄇㄣˊ ㄈㄥˋ	門縫	15
ㄅㄧˋ ㄙㄜˋ	閉塞	15
ㄎㄞ ㄒㄧㄢ ㄌㄧˋ	開先例	15
ㄎㄞ ㄔㄨㄤˋ ㄒㄧㄥˋ	開創性	15
ㄎㄞ ㄆㄧㄥˊ	開平	15
ㄎㄞ ㄔㄥˊ	開成	15
ㄎㄞ ㄏㄤˊ	開航	15
ㄧㄢ ㄐㄧ	閹雞	15
ㄍㄨㄢ ㄔㄨ	關出	15
ㄍㄨㄢ ㄕㄨ	關書	15
ㄈㄤˊ ㄅㄧˋ	防弊	15
ㄚ ㄓㄞˊ	阿宅	15
ㄚ ㄍㄜˊ ㄒㄧ	阿格西	15
ㄚ ㄦˇ ㄅㄚ ㄋㄧˊ ㄧㄚˇ	阿爾巴尼亞	15
ㄚ ㄦˇ ㄅㄚ ㄋㄧˊ ㄧㄚˋ	阿爾巴尼亞	15
ㄈㄨˋ ㄩㄥ	附庸	15
ㄈㄨˋ ㄧˋ	附議	15
ㄒㄧㄢˋ ㄐㄧㄚˋ	限價	15
ㄕㄥ	陞	15
ㄉㄡˇ ㄖㄢˊ	陡然	15
ㄓㄣˋ ㄐㄧㄠˇ	陣腳	15
ㄔㄨˊ ㄇㄧㄥˊ	除名	15
ㄔㄨˊ ㄒㄧˋ ㄧㄝˋ	除夕夜	15
ㄆㄟˊ ㄔㄣˋ	陪襯	15
ㄔㄣˊ ㄐㄧㄢˋ ㄓˋ	陳健治	15
ㄔㄣˊ ㄕㄥ	陳昇	15
ㄔㄣˊ ㄧㄥˋ ㄓㄣ	陳映真	15
ㄌㄧㄥˊ ㄇㄨˋ	陵墓	15
ㄒㄧㄢˋ ㄓㄣˋ	陷陣	15
ㄧㄤˊ ㄆㄧㄥˊ	陽平	15
ㄙㄨㄟˊ ㄅㄛ ㄓㄨˊ ㄌㄧㄡˊ	隨波逐流	15
ㄙㄨㄟˊ ㄆㄛ ㄓㄨˊ ㄌㄧㄡˊ	隨波逐流	15
ㄧㄣˇ ㄘㄤˊ ㄓㄜ˙	隱藏著	15
ㄧㄚˇ ㄙㄨˊ	雅俗	15
ㄧㄚˇ ㄓˋ	雅緻	15
ㄐㄧˊ ㄓㄨㄥ ㄧㄥˊ	集中營	15
ㄕㄨㄤ ㄩㄝˋ	雙月	15
ㄕㄨㄤ ㄕㄥ	雙生	15
ㄕㄨㄤ ㄌㄨㄛˊ ㄒㄩㄢˊ	雙螺旋	15
ㄗㄚˊ ㄋㄧㄢˋ	雜念	15
ㄗㄚˊ ㄓㄨㄥˇ	雜種	15
ㄗㄚˊ ㄩˊ	雜魚	15
ㄩㄥ	雝	15
ㄋㄢˊ ㄧˋ ㄉㄨˋ	難易度	15
ㄋㄢˊ ㄉㄠˋ ㄕㄨㄛ	難道說	15
ㄌㄧㄥˊ ㄌㄨㄛˋ	零落	15
ㄌㄟˊ ㄕㄥ	雷聲	15
ㄉㄧㄢˋ ㄅㄧㄥ ㄒㄧㄤ	電冰箱	15
ㄉㄧㄢˋ ㄕㄢˋ	電扇	15
ㄉㄧㄢˋ ㄗㄨˇ	電阻	15
ㄓㄣˋ ㄦˇ	震耳	15
ㄌㄨˋ ㄓㄨ	露珠	15
ㄌㄧㄥˊ ㄑㄧˋ	靈氣	15
ㄐㄧㄥˋ ㄉㄧㄥˋ	靜定	15
ㄈㄟ ㄌㄧˇ	非禮	15
ㄇㄧㄢˋ ㄇㄧㄢˋ ㄐㄩˋ ㄉㄠˋ	面面俱到	15
ㄐㄧㄣˋ	靳	15
ㄒㄧㄝˊ ㄉㄧˇ	鞋底	15
ㄊㄠ	韜	15
ㄧㄣ ㄌㄩˋ	音律	15
ㄌㄧㄥˇ ㄑㄧㄥˊ	領情	15
ㄊㄡˊ ㄔㄥˊ ㄓㄣˋ	頭城鎮	15
ㄌㄟˋ ㄕㄨˇ	類屬	15
ㄏㄠˋ	顥	15
ㄒㄧㄢˇ ㄒㄩㄝˊ	顯學	15
ㄒㄧㄢˇ ㄧㄠˋ	顯耀	15
ㄒㄧㄢˇ ㄏㄜˋ	顯赫	15
ㄈㄥ ㄈㄥ ㄩˇ ㄩˇ	風風雨雨	15
ㄈㄥ ㄍㄨˇ	風骨	15
ㄆㄧㄠ ㄖㄢˊ	飄然	15
ㄆㄧㄠ ㄧˋ	飄逸	15
ㄅㄧㄠ ㄔㄜ ㄗㄨˊ	飆車族	15
ㄈㄟ ㄅㄣ	飛奔	15
ㄈㄟ ㄑㄧˇ ㄌㄞˊ	飛起來	15
ㄕˊ ㄅㄨˇ	食補	15
ㄕˊ ㄉㄠˋ ㄞˊ	食道癌	15
ㄕˊ ㄉㄠˋ ㄧㄢˊ	食道癌	15
ㄐㄧ ㄎㄜˇ	飢渴	15
ㄈㄢˋ ㄊㄧㄥ	飯廳	15
ㄧㄤˇ ㄗˇ	養子	15
ㄧㄤˇ ㄅㄧㄥˋ	養病	15
ㄘㄢ ㄊㄧㄥ ㄌㄧˇ	餐廳裡	15
ㄘㄢ ㄧㄣˇ ㄉㄧㄢˋ	餐飲店	15
ㄩˊ ㄐㄧˋ	餘悸	15
ㄍㄨㄢˇ ㄗ˙	館子	15
ㄇㄚˇ ㄊㄞˋ	馬太	15
ㄇㄚˇ ㄊㄧˊ	馬蹄	15
ㄇㄚˇ ㄉㄚˊ ㄐㄧㄚ ㄙ ㄐㄧㄚ	馬達加斯加	15
ㄇㄚˇ ㄊㄡˊ	馬頭	15
ㄓㄨˋ ㄉㄧˋ	駐地	15
ㄐㄧㄚˋ ㄒㄩㄣˋ ㄅㄢ	駕訓班	15
ㄊㄨㄛˊ ㄋㄧㄠˇ	駝鳥	15
ㄆㄧㄢˋ ㄉㄠˋ	騙到	15
ㄐㄧㄥ ㄐㄧㄢˋ	驚見	15
ㄊㄧˇ ㄒㄩˋ	體恤	15
ㄊㄧˇ ㄘㄞˊ	體裁	15
ㄍㄠ ㄕㄢ ㄓㄥˋ	高山症	15
ㄍㄠ ㄌㄧㄤˊ ㄐㄧㄡˇ	高粱酒	15
ㄍㄨㄟˇ ㄌㄧㄢˇ	鬼臉	15
ㄍㄨㄟˇ ㄏㄨㄣˊ	鬼魂	15
ㄩˊ ㄔˊ ㄒㄧㄤ	魚池鄉	15
ㄩˊ ㄏㄨㄛˋ	魚貨	15
ㄊㄨㄛ	魠	15
ㄌㄨˇ ㄖㄡˋ ㄈㄢˋ	魯肉飯	15
ㄕㄢˋ	鱔	15
ㄈㄥˋ ㄉㄧㄝˊ	鳳蝶	15
ㄏㄨㄥˊ ㄩㄢˊ	鴻源	15
ㄜˊ ㄌㄨㄢˊ ㄅㄧˊ	鵝鸞鼻	15
ㄒㄧㄢˊ	鷴	15
ㄧㄥ ㄐㄧㄚˋ	鷹架	15
ㄒㄧㄢˊ ㄉㄢˋ	鹹蛋	15
ㄇㄧㄢˋ ㄅㄠ ㄕ	麵包師	15
ㄇㄧㄢˋ ㄊㄢ	麵攤	15
ㄏㄨㄤˊ ㄓㄨㄥˇ	黃種	15
ㄏㄨㄤˊ ㄌㄠˇ	黃老	15
ㄉㄧㄢˇ ㄙㄢ ㄅㄚ	點三八	15
ㄉㄧㄢˇ ㄨㄢˊ	點完	15
ㄉㄤˇ ㄍㄨㄥ	黨工	15
ㄉㄧㄥˇ ㄈㄟˋ	鼎沸	15
ㄅㄧˊ ㄒㄧㄝˇ	鼻血	15
ㄏㄢ ㄕㄥ	鼾聲	15
ㄑㄧˊ ㄈㄤˋ	齊放	15
ㄑㄧˊ ㄊㄡˊ ㄅㄧㄥˋ ㄐㄧㄣˋ	齊頭並進	15
ㄑㄩˇ ㄔˇ	齲齒	15
ㄌㄨㄥˊ ㄏㄨㄚˊ	龍華	15
ㄆㄤˊ ㄖㄢˊ	龐然	15
ㄧ ㄙㄢ ㄨˇ	一三五	14
ㄧ ㄦˋ ㄌㄧㄡˋ	一二六	14
ㄧ ㄐㄧˋ	一劑	14
ㄧˊ ㄐㄧˋ	一劑	14
ㄧ ㄆㄧ	一匹	14
ㄧˋ ㄆㄧ	一匹	14
ㄧ ㄒㄧˋ ㄓ ㄐㄧㄢ	一夕之間	14
ㄧˊ ㄒㄧˋ ㄓ ㄐㄧㄢ	一夕之間	14
ㄧ ㄖㄨˊ ㄨㄤˇ ㄔㄤˊ	一如往常	14
ㄧˋ ㄖㄨˊ ㄨㄤˇ ㄔㄤˊ	一如往常	14
ㄧ ㄨㄤˇ	一往	14
ㄧˋ ㄨㄤˇ	一往	14
ㄧ ㄐㄧㄝˊ	一截	14
ㄧˋ ㄐㄧㄝˊ	一截	14
ㄧ ㄕㄡˇ ㄅㄠ ㄅㄢˋ	一手包辦	14
ㄧˋ ㄕㄡˇ ㄅㄠ ㄅㄢˋ	一手包辦	14
ㄧ ㄊㄢˋ ㄐㄧㄡˋ ㄐㄧㄥˋ	一探究竟	14
ㄧˊ ㄊㄢˋ ㄐㄧㄡˋ ㄐㄧㄥˋ	一探究竟	14
ㄧ ㄧㄤˇ ㄏㄨㄚˋ ㄊㄢˋ ㄓㄨㄥˋ ㄉㄨˊ	一氧化碳中毒	14
ㄧˋ ㄧㄤˇ ㄏㄨㄚˋ ㄊㄢˋ ㄓㄨㄥˋ ㄉㄨˊ	一氧化碳中毒	14
ㄧ ㄅㄟˋ	一臂	14
ㄧ ㄅㄧˋ	一臂	14
ㄧ ㄅㄟˋ ㄓ ㄌㄧˋ	一臂之力	14
ㄧ ㄅㄧˋ ㄓ ㄌㄧˋ	一臂之力	14
ㄧ ㄘㄠˇ	一草	14
ㄧˋ ㄘㄠˇ	一草	14
ㄧ ㄘㄠˇ ㄧ ㄇㄨˋ	一草一木	14
ㄧ ㄘㄠˇ ㄧˊ ㄇㄨˋ	一草一木	14
ㄧˋ ㄘㄠˇ ㄧ ㄇㄨˋ	一草一木	14
ㄧ ㄍㄨㄢˋ ㄒㄧㄥˋ	一貫性	14
ㄧˊ ㄍㄨㄢˋ ㄒㄧㄥˋ	一貫性	14
ㄧˋ ㄧㄠˋ	一躍	14
ㄧˋ ㄩㄝˋ	一躍	14
ㄧ ㄉㄠˋ ㄉㄠˋ	一道道	14
ㄧˊ ㄉㄠˋ ㄉㄠˋ	一道道	14
ㄑㄧ ㄓㄨㄥˇ	七種	14
ㄙㄢ ㄍㄜ˙ ㄉㄞˋ ㄅㄧㄠˇ	三個代表	14
ㄙㄢ ㄍㄨㄛˊ ㄓˋ	三國志	14
ㄙㄢ ㄨㄢˋ ㄖㄣˊ	三萬人	14
ㄙㄢ ㄧㄤˊ	三陽	14
ㄙㄢ ㄎㄜ	三顆	14
ㄕㄤˋ ㄓㄨㄥ ㄒㄧㄚˋ	上中下	14
ㄕㄤˋ ㄒㄩㄝˊ ㄒㄧㄠˋ	上學校	14
ㄕㄤˋ ㄔㄠˊ	上朝	14
ㄕㄤˋ ㄉㄨㄢ	上端	14
ㄒㄧㄚˋ ㄊㄨˇ	下土	14
ㄒㄧㄚˋ ㄉㄜˊ	下得	14
ㄒㄧㄚˋ ㄒㄧㄥˊ	下行	14
ㄒㄧㄚˋ ㄍㄨㄛ	下鍋	14
ㄅㄨˊ ㄕㄤˋ ㄌㄞˊ	不上來	14
ㄅㄨˊ ㄕㄤˋ ㄑㄩˋ	不上去	14
ㄅㄨˋ ㄩˇ ㄓˋ ㄆㄧㄥˊ	不予置評	14
ㄅㄨˋ ㄒㄧㄡ	不修	14
ㄅㄨˋ ㄎㄜˇ ㄉㄨㄛ ㄉㄜˊ	不可多得	14
ㄅㄨˋ ㄉㄢ ㄉㄢ	不單單	14
ㄅㄨˋ ㄑㄩ ㄅㄨˋ ㄋㄠˊ	不屈不撓	14
ㄅㄨˊ ㄎㄨㄟˋ ㄕˋ	不愧是	14
ㄅㄨˋ ㄘㄞˊ	不才	14
ㄅㄨˊ ㄕㄢˋ	不擅	14
ㄅㄨˊ ㄈㄤˋ ㄍㄨㄛˋ	不放過	14
ㄅㄨˋ ㄨㄟˊ ㄙㄨㄛˇ ㄉㄨㄥˋ	不為所動	14
ㄅㄨˋ ㄌㄧㄡˊ ㄑㄧㄥˊ	不留情	14
ㄅㄨˊ ㄗˋ ㄓㄨˇ	不自主	14
ㄅㄨˊ ㄖㄤˋ ㄖㄣˊ	不讓人	14
ㄅㄨˊ ㄍㄨㄟˋ	不貴	14
ㄅㄨˊ ㄊㄡˋ ㄇㄧㄥˊ	不透明	14
ㄅㄨˋ ㄊㄨㄥ ㄍㄨㄛˋ	不通過	14
ㄅㄨˊ ㄍㄨㄛˋ ㄨㄣˋ	不過問	14
ㄅㄨˋ ㄍㄨㄛˋ ㄨㄣˋ	不過問	14
ㄑㄧㄝˇ ㄕㄨㄛ	且說	14
ㄆㄧ ㄅㄧㄢˋ	丕變	14
ㄅㄧㄥˋ ㄔㄨ	並出	14
ㄓㄨㄥ ㄍㄨㄛˊ ㄖㄣˊ ㄑㄩㄢˊ ㄒㄧㄝˊ ㄏㄨㄟˋ	中國人權協會	14
ㄓㄨㄥ ㄘㄥˊ	中層	14
ㄓㄨㄥˋ ㄉㄢˋ	中彈	14
ㄓㄨㄥ ㄆㄢˊ	中盤	14
ㄓㄨㄥ ㄈㄢˋ	中飯	14
ㄓㄨˇ ㄕㄨㄞˋ	主帥	14
ㄓㄨˇ ㄒㄩㄢˊ ㄌㄩˋ	主旋律	14
ㄓㄨˇ ㄒㄧㄢˋ	主線	14
ㄓ ㄐㄧㄢˋ	之見	14
ㄓㄚˋ ㄒㄧㄢˋ	乍現	14
ㄐㄧㄡˇ ㄐㄩˊ	九局	14
ㄧㄝˇ ㄍㄨㄛˋ	也過	14
ㄍㄢ ㄅㄟ	乾杯	14
ㄍㄢ ㄎㄨ	乾枯	14
ㄌㄨㄢˋ ㄩㄢˊ	亂源	14
ㄕˋ ㄨˋ ㄒㄧㄥˋ	事務性	14
ㄦˋ ㄖㄣˋ	二任	14
ㄦˋ ㄕˊ ㄉㄨㄛ ㄍㄜ˙	二十多個	14
ㄦˋ ㄕㄡˇ ㄉㄜ˙	二手的	14
ㄦˋ ㄕㄡˇ	二首	14
ㄩˊ ㄍㄨㄟ	于歸	14
ㄏㄨˋ ㄈㄤˇ	互訪	14
ㄨˇ ㄍㄨㄥ ㄌㄧˇ	五公里	14
ㄨˇ ㄑㄧㄢ ㄎㄨㄞˋ	五千塊	14
ㄨˇ ㄑㄩㄢˊ	五權	14
ㄨˇ ㄉㄨㄢˋ	五段	14
ㄨˇ ㄒㄧㄢˋ ㄆㄨˇ	五線譜	14
ㄐㄧㄥˇ ㄖㄢˊ ㄧㄡˇ ㄒㄩˋ	井然有序	14
ㄨㄤˊ ㄌㄜ˙	亡了	14
ㄐㄧㄠ ㄊㄨㄥ ㄐㄩˊ ㄓㄤˇ	交通局長	14
ㄌㄧㄤˋ ㄆㄧㄠˋ	亮票	14
ㄌㄧㄤˋ ㄏㄨㄥˊ ㄉㄥ	亮紅燈	14
ㄖㄣˊ ㄕˋ ㄕˋ	人事室	14
ㄖㄣˊ ㄖㄨㄟˋ	人瑞	14
ㄈㄨˋ ㄗˇ	付梓	14
ㄒㄧㄢ ㄉㄢ	仙丹	14
ㄉㄞˋ ㄕㄡ	代收	14
ㄉㄞˋ ㄍㄨㄢˇ	代管	14
ㄉㄞˋ ㄒㄧㄠ	代銷	14
ㄧˇ ㄅㄟˋ	以備	14
ㄧˇ ㄍㄨˋ	以故	14
ㄧㄤˇ ㄨㄛˋ	仰臥	14
ㄈㄤˇ ㄓˋ	仿製	14
ㄉㄧㄢˋ ㄋㄨㄥˊ	佃農	14
ㄅㄨˋ ㄕㄨˇ	佈署	14
ㄉㄧ ㄋㄥˊ	低能	14
ㄉㄧ ㄈㄥ ㄒㄧㄢˇ	低風險	14
ㄈㄛˊ ㄊㄤˊ	佛堂	14
ㄗㄨㄛˋ ㄈㄟˋ	作廢	14
ㄋㄧˇ ㄏㄠˇ ㄇㄚ	你好嗎	14
ㄅㄧㄥˋ ㄗㄞˋ	併在	14
ㄌㄞˊ ㄌㄞˊ ㄨㄤˇ ㄨㄤˇ	來來往往	14
ㄌㄞˊ ㄕㄨ	來書	14
ㄌㄞˊ ㄊㄡˊ	來頭	14
ㄌㄞˊ ㄊㄡ˙	來頭	14
ㄌㄧˋ ㄐㄧㄚˋ ㄖˋ	例假日	14
ㄌㄧˋ ㄒㄧㄥˊ ㄒㄧㄥˋ	例行性	14
ㄓㄨ ㄌㄨㄛˊ ㄐㄧˋ	侏羅紀	14
ㄍㄨㄥˋ ㄓㄨㄛ	供桌	14
ㄜˊ ㄏㄞˋ ㄜˊ	俄亥俄	14
ㄜˋ ㄏㄞˋ ㄜˋ	俄亥俄	14
ㄙㄨˊ ㄩˇ ㄕㄨㄛ	俗語說	14
ㄅㄠˇ ㄓㄥˋ ㄕㄨ	保證書	14
ㄈㄨˇ ㄔㄨㄥ	俯衝	14
ㄈㄨˇ ㄕㄡˇ	俯首	14
ㄅㄟ ㄋㄥˊ	俾能	14
ㄅㄧˋ ㄋㄥˊ	俾能	14
ㄉㄠˋ ㄌㄧˋ	倒立	14
ㄐㄧㄝˋ ㄉㄜ˙	借的	14
ㄐㄧㄚˇ ㄇㄠˋ	假冒	14
ㄆㄧㄢ ㄧˊ	偏移	14
ㄆㄧㄢ ㄕˊ	偏蝕	14
ㄆㄧㄢ ㄧㄠˋ	偏要	14
ㄊㄡ ㄌㄞˊ	偷來	14
ㄊㄡ ㄊㄡ ㄉㄜ˙	偷偷地	14
ㄊㄡ ㄊㄡ ㄉㄧˋ	偷偷地	14
ㄊㄡ ㄒㄧㄠˋ	偷笑	14
ㄊㄡ ㄒㄧˊ	偷襲	14
ㄅㄟˋ ㄎㄠˇ	備考	14
ㄐㄧㄚ ㄐㄩˋ	傢具	14
ㄩㄥ ㄅㄧㄥ	傭兵	14
ㄔㄨㄢˊ ㄔㄨ ㄌㄞˊ	傳出來	14
ㄔㄨㄢˊ ㄉㄧㄢˋ	傳電	14
ㄕㄤ ㄓㄜˇ	傷者	14
ㄕㄤ ㄘㄞˊ	傷財	14
ㄔㄨˊ ㄐㄧㄣ	儲金	14
ㄔㄨㄥ ㄈㄣˋ ㄌㄧˋ ㄩㄥˋ	充分利用	14
ㄔㄨㄥ ㄐㄧ	充飢	14
ㄒㄧㄢ ㄔㄨ	先出	14
ㄒㄧㄢ ㄉㄜˊ	先得	14
ㄍㄨㄤ ㄇㄧㄥˊ ㄓㄥˋ ㄉㄚˋ	光明正大	14
ㄍㄨㄤ ㄧㄡˇ	光有	14
ㄍㄨㄤ ㄊㄧˇ	光體	14
ㄦˊ ㄒㄧˊ	兒媳	14
ㄋㄟˋ ㄍㄨㄥ	內功	14
ㄋㄟˋ ㄐㄧㄥˇ	內景	14
ㄑㄩㄢˊ ㄅㄨˋ ㄋㄥˊ	全不能	14
ㄑㄩㄢˊ ㄅㄨˋ ㄕˋ	全部是	14
ㄌㄧㄤˇ ㄙㄢ ㄅㄞˇ	兩三百	14
ㄌㄧㄤˇ ㄨㄟˋ ㄕㄨˋ	兩位數	14
ㄌㄧㄤˇ ㄑㄩㄢˊ ㄑㄧˊ ㄇㄟˇ	兩全其美	14
ㄌㄧㄤˇ ㄐㄩˋ ㄏㄨㄚˋ	兩句話	14
ㄌㄧㄤˇ ㄖˋ	兩日	14
ㄌㄧㄤˇ ㄧㄢˇ	兩眼	14
ㄌㄧㄤˇ ㄌㄧˋ	兩立	14
ㄌㄧㄤˇ ㄕㄡˇ	兩首	14
ㄌㄧㄤˇ ㄉㄧㄢˇ ㄓㄨㄥ	兩點鐘	14
ㄍㄨㄥ ㄙ ㄌㄧˇ	公司裡	14
ㄍㄨㄥ ㄩㄥˋ ㄉㄧㄢˋ ㄏㄨㄚˋ	公用電話	14
ㄍㄨㄥ ㄖㄣˋ ㄨㄟˊ	公認為	14
ㄌㄧㄡˋ ㄓㄡ	六週	14
ㄌㄧㄡˋ ㄉㄧㄢˇ ㄓㄨㄥ	六點鐘	14
ㄍㄨㄥˋ ㄔㄨ	共出	14
ㄍㄨㄥˋ ㄐㄩˋ	共聚	14
ㄅㄧㄥ ㄎㄨˋ	兵庫	14
ㄅㄧㄥ ㄎㄨˋ ㄒㄧㄢˋ	兵庫縣	14
ㄅㄧㄥ ㄇㄚˇ	兵馬	14
ㄗㄞˋ ㄇㄢˋ	再慢	14
ㄗㄞˋ ㄢˋ	再按	14
ㄓㄡˋ	冑	14
ㄇㄠˋ ㄒㄧㄢˇ ㄐㄧㄚ	冒險家	14
ㄅㄧㄥ ㄍㄨㄟˋ	冰櫃	14
ㄅㄧㄥ ㄒㄧㄤ ㄌㄧˇ	冰箱裡	14
ㄌㄧㄥˊ ㄎㄨㄥ	凌空	14
ㄉㄨㄥˋ ㄙˇ	凍死	14
ㄔㄨ ㄅㄨˋ ㄌㄞˊ	出不來	14
ㄔㄨ ㄅㄢˇ ㄨˋ	出版物	14
ㄔㄨ ㄗㄨ ㄉㄧㄢˋ	出租店	14
ㄔㄨ ㄧㄢˊ	出言	14
ㄔㄨ ㄊㄡˊ ㄊㄧㄢ	出頭天	14
ㄏㄢˊ ㄍㄨㄢˇ	函館	14
ㄉㄠ ㄆㄧㄢˋ	刀片	14
ㄉㄠ ㄈㄥ	刀鋒	14
ㄈㄣ ㄊㄧㄥˊ	分庭	14
ㄈㄣ ㄊㄧㄥˊ ㄎㄤˋ ㄌㄧˇ	分庭抗禮	14
ㄈㄣ ㄉㄥˇ	分等	14
ㄈㄣ ㄌㄟˋ ㄒㄩㄝˊ	分類學	14
ㄒㄧㄥˊ ㄕˋ ㄢˋ ㄐㄧㄢˋ	刑事案件	14
ㄌㄧㄝˋ ㄕㄤˋ	列上	14
ㄅㄧㄝˊ ㄕㄡˋ	別受	14
ㄅㄧㄝˊ ㄇㄧㄥˊ	別名	14
ㄅㄧㄝˊ ㄒㄧㄤˋ	別向	14
ㄅㄧㄝˊ ㄐㄧㄚ	別家	14
ㄅㄧㄝˊ ㄇㄧㄠˊ ㄊㄡˊ	別苗頭	14
ㄅㄧㄝˊ ㄇㄧㄠˊ ㄊㄡ˙	別苗頭	14
ㄌㄧˋ ㄗㄜˊ	利澤	14
ㄎㄜ ㄕㄤˋ	刻上	14
ㄎㄜˋ ㄕㄤˋ	刻上	14
ㄑㄧㄢˊ ㄉㄠˇ	前導	14
ㄑㄧㄢˊ ㄓˋ ㄗㄨㄛˋ ㄧㄝˋ	前置作業	14
ㄑㄧㄢˊ ㄌㄨㄣˊ	前輪	14
ㄆㄡ ㄎㄞ	剖開	14
ㄆㄡˇ ㄎㄞ	剖開	14
ㄐㄧㄢˇ ㄒㄧㄚˋ ㄌㄞˊ	剪下來	14
ㄐㄧㄢˇ ㄉㄨㄢˋ	剪斷	14
ㄈㄨˋ ㄧㄝˋ	副業	14
ㄍㄜ ㄐㄩˋ	割據	14
ㄍㄜ ㄔㄨˊ	割除	14
ㄔㄨㄤˋ ㄧㄝˋ ㄓㄜˇ	創業者	14
ㄔㄨㄤ ㄊㄨㄥˋ	創痛	14
ㄏㄨㄚˋ ㄎㄞ	劃開	14
ㄐㄩˋ ㄓㄨㄥ ㄖㄣˊ	劇中人	14
ㄐㄩˋ ㄉㄨˊ	劇毒	14
ㄆㄧ ㄊㄨㄟˇ	劈腿	14
ㄌㄧㄡˊ ㄓㄠˋ ㄒㄩㄢˊ	劉兆玄	14
ㄌㄧㄡˊ ㄙㄨㄥ ㄈㄢˊ	劉松藩	14
ㄌㄧㄡˊ ㄒㄩㄢˊ	劉玄	14
ㄌㄧㄡˊ ㄇㄧㄥˊ ㄔㄨㄢˊ	劉銘傳	14
ㄌㄧˋ ㄘㄨˋ	力促	14
ㄍㄨㄥ ㄋㄥˊ ㄐㄧㄢˋ	功能鍵	14
ㄐㄧㄚ ㄉㄨㄛ ㄕㄠˇ	加多少	14
ㄐㄧㄚ ㄊㄧㄢ	加添	14
ㄐㄧㄚ ㄎㄠˇ	加考	14
ㄐㄧㄚ ㄐㄧˋ	加計	14
ㄓㄨˋ ㄘˊ	助詞	14
ㄉㄨㄥˋ ㄩㄢˊ ㄎㄢ ㄌㄨㄢˋ ㄕˊ ㄑㄧˊ	動員戡亂時期	14
ㄌㄠˊ ㄉㄨㄥˋ ㄐㄧ ㄓㄨㄣˇ ㄈㄚˇ	勞動基準法	14
ㄌㄠˊ ㄍㄨㄥ ㄩㄣˋ ㄉㄨㄥˋ	勞工運動	14
ㄌㄠˊ ㄌㄨˋ	勞碌	14
ㄍㄡ ㄉㄤˋ	勾當	14
ㄍㄡˋ ㄉㄤˋ	勾當	14
ㄅㄠ ㄗㄨ	包租	14
ㄅㄠ ㄓㄨㄥˇ ㄔㄚˊ	包種茶	14
ㄅㄟˇ ㄘㄜˋ	北側	14
ㄕˊ ㄨˇ ㄎㄨㄞˋ	十五塊	14
ㄕˊ ㄒㄧㄣˋ	十信	14
ㄕˊ ㄔㄤˇ	十場	14
ㄕˊ ㄉㄨㄛ ㄊㄧㄢ	十多天	14
ㄕˊ ㄐㄧˇ ㄈㄣ	十幾分	14
ㄕˊ ㄉㄧㄢˇ ㄓㄨㄥ	十點鐘	14
ㄗㄨˊ ㄧㄝˋ	卒業	14
ㄋㄢˊ ㄌㄞˊ	南來	14
ㄎㄚˇ ㄋㄟˋ ㄐㄧ	卡內基	14
ㄎㄚˇ ㄌㄧˇ	卡里	14
ㄧㄣˋ ㄒㄧㄣˋ	印信	14
ㄧㄣˋ ㄔㄥˊ	印成	14
ㄧㄣˋ ㄅㄣˇ	印本	14
ㄨㄟˊ ㄏㄞˋ ㄉㄠˋ	危害到	14
ㄨㄟˊ ㄒㄧㄢˇ ㄑㄩ	危險區	14
ㄏㄡˋ ㄉㄠˋ	厚道	14
ㄩㄢˊ ㄐㄧ ㄈㄚˇ	原基法	14
ㄩㄢˊ ㄨㄟˇ ㄏㄨㄟˋ	原委會	14
ㄩㄢˊ ㄇㄨˋ	原木	14
ㄑㄩˋ ㄕˋ	去勢	14
ㄘㄢ ㄎㄠˇ ㄕㄨ ㄇㄨˋ	參考書目	14
ㄧㄡˋ ㄏㄨㄟˋ ㄧㄡˇ	又會有	14
ㄧㄡˋ ㄐㄧㄣˋ	又進	14
ㄈㄢˇ ㄈㄤ ㄒㄧㄤˋ	反方向	14
ㄑㄩˇ ㄎㄨㄢˇ	取款	14
ㄑㄩˇ ㄏㄨㄛˋ	取貨	14
ㄕㄡˋ ㄧㄡˇ	受有	14
ㄎㄡˇ ㄈㄨˊ	口福	14
ㄍㄨˇ ㄨㄣˊ ㄇㄧㄥˊ	古文明	14
ㄓˇ ㄐㄧㄝ	只接	14
ㄓˇ ㄎㄠˇ	只考	14
ㄓˇ ㄋㄥˊ ㄧㄡˇ	只能有	14
ㄎㄜˇ ㄉㄨㄟˋ	可對	14
ㄎㄜˇ ㄗㄥ	可憎	14
ㄎㄜˇ ㄒㄧ ㄕˋ	可攜式	14
ㄎㄜˇ ㄐㄧㄢˋ ㄉㄜˊ	可見得	14
ㄊㄞˊ ㄨㄢ ㄉㄚˋ ㄍㄜ ㄉㄚˋ	台灣大哥大	14
ㄊㄞˊ ㄨㄢ ㄇㄧˊ ㄏㄡˊ	台灣獼猴	14
ㄊㄞˊ ㄈㄥ	台風	14
ㄧㄡˋ ㄧㄢˇ	右眼	14
ㄔ ㄏㄠˇ	吃好	14
ㄔ ㄕㄨㄟˇ	吃水	14
ㄍㄜˋ ㄈㄣ	各分	14
ㄍㄜˋ ㄒㄩㄝˊ	各學	14
ㄍㄜˋ ㄆㄞˋ	各派	14
ㄍㄜˋ ㄉㄨㄟˋ	各隊	14
ㄐㄧˊ ㄖˋ	吉日	14
ㄐㄧˊ ㄌㄧㄣˊ	吉林	14
ㄐㄧˊ ㄙㄞˋ ㄦˊ	吉賽兒	14
ㄉㄧㄠˋ ㄑㄧˇ	吊起	14
ㄉㄧㄠˋ ㄒㄧㄠ	吊銷	14
ㄊㄨㄥˊ ㄍㄨㄟ	同歸	14
ㄇㄧㄥˊ ㄈㄨˊ ㄑㄧˊ ㄕˊ	名符其實	14
ㄧㄣˊ ㄕ	吟詩	14
ㄒㄧ ㄔㄣˊ ㄑㄧˋ	吸塵器	14
ㄏㄨ ㄐㄧㄡˋ	呼救	14
ㄇㄧㄥˋ ㄉㄧㄥˋ	命定	14
ㄇㄧㄝ ㄇㄧㄝ	咩咩	14
ㄔㄨㄛˋ ㄑㄧˋ	啜泣	14
ㄑㄧˇ ㄕˋ ㄌㄨˋ	啟示錄	14
ㄆㄧˊ ㄐㄧㄡˇ ㄨ	啤酒屋	14
ㄎㄜˋ ㄅㄨˋ ㄦˇ	喀布爾	14
ㄕㄢˋ ㄐㄧㄝˇ ㄖㄣˊ ㄧˋ	善解人意	14
ㄏㄢˇ ㄐㄧㄠˋ	喊叫	14
ㄒㄧˇ ㄍㄨㄥ	喜功	14
ㄒㄧˇ ㄊㄧㄝˇ	喜帖	14
ㄏㄜ ㄍㄜ˙	喝個	14
ㄏㄜˋ ㄉㄠˋ	喝道	14
ㄉㄢ ㄩㄢˊ ㄐㄩˋ	單元劇	14
ㄉㄢ ㄗ˙	單子	14
ㄉㄢ ㄏㄠˋ	單號	14
ㄨ ㄧㄝˋ	嗚咽	14
ㄙˋ ㄏㄡˋ	嗣後	14
ㄔㄤˊ ㄔㄤˊ	嘗嘗	14
ㄔㄤˊ ㄒㄧㄢ	嘗鮮	14
ㄑㄧˋ ㄩㄥˋ	器用	14
ㄧ	噫	14
ㄧㄢˊ ㄅㄢˋ	嚴辦	14
ㄧˋ	囈	14
ㄙˋ ㄅㄤˋ	四棒	14
ㄍㄨˋ ㄨㄤˇ	固網	14
ㄑㄩㄢ ㄌㄧˇ	圈裡	14
ㄍㄨㄛˊ ㄐㄧㄠ	國交	14
ㄍㄨㄛˊ ㄍㄨㄤ ㄐㄩˋ ㄊㄨㄢˊ	國光劇團	14
ㄍㄨㄛˊ ㄐㄧㄚ ㄩㄢˊ ㄕㄡˇ	國家元首	14
ㄍㄨㄛˊ ㄔㄢˇ ㄆㄧㄣˇ	國產品	14
ㄩㄢˊ ㄉㄧㄥˇ	圓頂	14
ㄊㄨˊ ㄕㄨ ㄍㄨㄢˇ ㄌㄧˇ	圖書館裡	14
ㄊㄨˇ ㄍㄡˇ	土狗	14
ㄊㄨˇ ㄕㄥ ㄊㄨˇ ㄓㄤˇ	土生土長	14
ㄊㄨˇ ㄏㄨㄤˊ	土黃	14
ㄉㄧˋ ㄓ	地支	14
ㄗㄨㄛˋ ㄨㄟˋ	坐位	14
ㄊㄢˇ ㄉㄤˋ	坦蕩	14
ㄇㄞˊ ㄖㄨˋ	埋入	14
ㄐㄧ ㄧㄣ ㄓㄨㄢˇ ㄓˊ	基因轉殖	14
ㄐㄩㄝˊ ㄐㄧㄤ	堀江	14
ㄅㄠˋ ㄇㄧㄥˊ ㄅㄧㄠˇ	報名表	14
ㄙㄨˋ ㄕㄣ	塑身	14
ㄙㄞ ㄓㄨˋ	塞住	14
ㄊㄧㄢˊ ㄕㄤˋ	填上	14
ㄊㄧㄢˊ ㄅㄠˋ	填報	14
ㄉㄧㄢˋ ㄍㄠ	墊高	14
ㄧㄚ ㄓㄨˋ	壓住	14
ㄒㄧㄚˋ ㄌㄨㄛˋ ㄊㄜˋ	夏洛特	14
ㄨㄞˋ ㄍㄨㄛˊ ㄩˇ	外國語	14
ㄨㄞˋ ㄕㄥ	外甥	14
ㄉㄨㄛ ㄎㄜˋ	多客	14
ㄉㄨㄛ ㄕㄨˇ	多屬	14
ㄉㄨㄛ ㄧˋ	多意	14
ㄍㄡˋ ㄌㄧˋ	夠力	14
ㄍㄡˋ ㄍㄜˊ	夠格	14
ㄉㄚˋ ㄌㄧˋ ㄕˋ	大力士	14
ㄉㄚˋ ㄎㄜˇ ㄅㄨˊ ㄅㄧˋ	大可不必	14
ㄉㄚˋ ㄩㄢˊ	大員	14
ㄉㄚˋ ㄧㄝˋ ㄅㄢ	大夜班	14
ㄉㄚˋ ㄕㄣˇ	大嬸	14
ㄉㄚˋ ㄓㄨㄢ ㄒㄩㄝˊ ㄕㄥ	大專學生	14
ㄉㄚˋ ㄏㄨㄛˋ	大禍	14
ㄉㄚˋ ㄓㄢˋ	大站	14
ㄉㄚˋ ㄒㄧˋ	大系	14
ㄉㄚˋ ㄇㄧㄢˋ	大面	14
ㄊㄧㄢ ㄋㄧㄢˊ	天年	14
ㄊㄧㄢ ㄨㄣˊ ㄍㄨㄢˇ	天文館	14
ㄊㄧㄢ ㄧㄢˇ	天演	14
ㄊㄞˋ ㄆㄧㄥˊ ㄊㄧㄢ ㄍㄨㄛˊ	太平天國	14
ㄊㄞˋ ㄇㄧㄠˋ	太廟	14
ㄊㄞˋ ㄔㄜˇ ㄌㄜ˙	太扯了	14
ㄊㄞˋ ㄗㄨˇ	太祖	14
ㄊㄞˋ ㄐㄧㄣˇ	太緊	14
ㄊㄞˋ ㄧㄤˊ ㄈㄥ	太陽風	14
ㄊㄞˋ ㄇㄚˊ ㄌㄧˇ	太麻里	14
ㄈㄨ ㄑㄧ ㄉㄤˇ	夫妻檔	14
ㄕ ㄌㄨㄛˋ ㄍㄢˇ	失落感	14
ㄕ ㄧㄢˊ	失言	14
ㄧˊ ㄨㄟˊ ㄆㄧㄥˊ ㄉㄧˋ	夷為平地	14
ㄎㄨㄚ ㄈㄨˋ	夸父	14
ㄐㄧㄚˊ ㄓㄨˋ	夾住	14
ㄋㄞˋ ㄇㄧˇ ㄌㄧˋ ㄗˇ	奈米粒子	14
ㄈㄥˋ ㄙˋ	奉祀	14
ㄅㄣ ㄑㄩˋ	奔去	14
ㄠˋ ㄧˋ	奧義	14
ㄋㄩˇ ㄓㄨˇ ㄖㄣˊ	女主人	14
ㄏㄠˋ ㄕㄥˋ	好勝	14
ㄏㄠˋ ㄉㄚˋ ㄒㄧˇ ㄍㄨㄥ	好大喜功	14
ㄏㄠˇ ㄖㄨㄥˊ ㄧˋ	好容易	14
ㄏㄠˇ ㄉㄜ˙	好得	14
ㄏㄠˇ ㄙˇ	好死	14
ㄏㄠˇ ㄖㄜˋ	好熱	14
ㄏㄠˇ ㄉㄜ˙ ㄎㄞ ㄕˇ	好的開始	14
ㄖㄨˊ ㄘㄜˋ	如廁	14
ㄖㄨˊ ㄍㄨˋ	如故	14
ㄖㄨˊ ㄕㄨˇ ㄐㄧㄚ ㄓㄣ	如數家珍	14
ㄖㄨˊ ㄈㄚˇ ㄆㄠˊ ㄓˋ	如法炮製	14
ㄖㄨˊ ㄩㄣˊ	如雲	14
ㄉㄚˊ	妲	14
ㄍㄨ ㄓㄤˋ	姑丈	14
ㄙˋ	姒	14
ㄐㄧㄤ ㄊㄞˋ ㄍㄨㄥ	姜太公	14
ㄇㄨˇ	姥	6.351308576902391
ㄌㄠˇ	姥	14
ㄌㄠ˙	姥	6.351308576902391
ㄨㄟ ㄇㄧㄥˊ	威名	14
ㄨㄟ ㄦˊ ㄍㄤ	威而鋼	14
ㄜ	婀	14
ㄒㄧㄢˊ ㄧˊ ㄈㄢˋ	嫌疑犯	14
ㄩˋ	嫗	14
ㄎㄨㄥˇ ㄇㄥˋ	孔孟	14
ㄎㄨㄥˇ ㄣ	孔恩	14
ㄗˋ ㄧㄣ	字音	14
ㄘㄨㄣˊ ㄉㄢ	存單	14
ㄒㄧㄠˋ ㄐㄧㄥˋ	孝敬	14
ㄙㄨㄣ ㄘㄜˋ	孫策	14
ㄔㄢˊ	孱	14
ㄘㄢˋ	孱	14
ㄒㄩㄝˊ ㄈㄥ	學風	14
ㄢ ㄈㄣˋ	安份	14
ㄏㄨㄥˊ ㄩㄢˋ	宏願	14
ㄍㄨㄢ ㄕㄣ	官紳	14
ㄍㄨㄢ ㄕㄨˇ	官署	14
ㄉㄧㄥˋ ㄗㄨㄟˋ	定罪	14
ㄉㄧㄥˋ ㄋㄥˊ ㄍㄡˋ	定能夠	14
ㄨㄢˇ ㄓㄨㄢˇ	宛轉	14
ㄧˊ ㄌㄢˊ ㄕˋ	宜蘭市	14
ㄏㄞˋ ㄉㄜˊ	害得	14
ㄏㄞˋ ㄉㄜ˙	害得	14
ㄐㄧㄚ ㄨˋ ㄕˋ	家務事	14
ㄐㄧㄚ ㄕˋ	家室	14
ㄐㄧㄚ ㄌㄜˋ ㄈㄨˊ	家樂福	14
ㄈㄨˋ ㄕˋ ㄊㄨㄥ	富士通	14
ㄏㄢˊ ㄧˋ	寒意	14
ㄩˋ ㄙㄨㄛˇ	寓所	14
ㄕㄣˇ ㄇㄟˇ ㄍㄨㄢ	審美觀	14
ㄒㄧㄝˇ ㄐㄧㄣˋ ㄑㄩˋ	寫進去	14
ㄎㄨㄢ ㄏㄡˋ	寬厚	14
ㄔㄨㄥˇ ㄨˋ ㄉㄧㄢˋ	寵物店	14
ㄘㄨㄣˋ ㄊㄨˇ	寸土	14
ㄈㄥ ㄅㄠ	封包	14
ㄈㄥ ㄅㄧˋ ㄕˋ	封閉式	14
ㄕㄜˋ ㄐㄧㄥ	射精	14
ㄕㄜˋ ㄐㄧㄣˋ	射進	14
ㄓㄨㄢ ㄓㄨˋ	專著	14
ㄓㄨㄢ ㄌㄨㄣˋ	專論	14
ㄗㄨㄣ ㄕ ㄓㄨㄥˋ ㄉㄠˋ	尊師重道	14
ㄒㄩㄣˊ ㄅㄠˇ	尋寶	14
ㄒㄩㄣˊ ㄓㄠˇ ㄔㄨ	尋找出	14
ㄉㄨㄟˋ ㄡˇ	對偶	14
ㄉㄨㄟˋ ㄌㄟˇ	對壘	14
ㄉㄨㄟˋ ㄔㄥˊ	對成	14
ㄉㄨㄟˋ ㄎㄢˋ	對看	14
ㄒㄧㄠˇ ㄍㄨㄥ	小功	14
ㄒㄧㄠˇ ㄔㄥˊ	小成	14
ㄒㄧㄠˇ ㄅㄧㄥˋ	小病	14
ㄒㄧㄠˇ ㄌㄨㄥˊ ㄅㄠ	小籠包	14
ㄒㄧㄠˇ ㄎㄠˇ	小考	14
ㄒㄧㄠˇ ㄎㄞ	小開	14
ㄒㄧㄠˇ ㄐㄧˊ	小集	14
ㄕㄠˋ ㄋㄧㄢˊ ㄈㄢˋ	少年犯	14
ㄐㄧㄡˋ ㄧㄝˋ ㄌㄩˋ	就業率	14
ㄐㄧㄡˋ ㄓㄜ˙	就著	14
ㄧㄣˇ ㄧㄢˇ ㄌㄧㄤˊ	尹衍樑	14
ㄋㄧˊ ㄘㄞˇ	尼采	14
ㄐㄩ ㄍㄨㄥ	居功	14
ㄑㄩ ㄔㄣˊ ㄕˋ	屈臣氏	14
ㄕ ㄕㄣ	屍身	14
ㄕ ㄕㄡˇ	屍首	14
ㄅㄧㄥˇ ㄒㄧˊ	屏息	14
ㄆㄧㄥˊ ㄅㄧˋ	屏蔽	14
ㄊㄨˊ ㄌㄨㄥˊ	屠龍	14
ㄓㄨˇ ㄧˋ	屬意	14
ㄕㄢ ㄕˋ	山勢	14
ㄕㄢ ㄉㄧˋ ㄒㄧㄤ	山地鄉	14
ㄕㄢ ㄒㄧㄢˋ	山線	14
ㄕㄢ ㄑㄧㄤ	山羌	14
ㄕㄢ ㄔㄚˊ ㄏㄨㄚ	山茶花	14
ㄘㄣˊ	岑	14
ㄔㄨㄥˊ ㄉㄜˊ	崇德	14
ㄔㄨㄥˊ ㄓㄣ	崇禎	14
ㄗㄨㄛˇ ㄧㄡˋ ㄕㄡˇ	左右手	14
ㄑㄧㄠˇ ㄧㄢˊ	巧言	14
ㄐㄩˋ ㄨˊ ㄅㄚˋ	巨無霸	14
ㄧˇ ㄉㄨㄟˋ	已對	14
ㄅㄚ ㄅㄨˋ ㄉㄜˊ	巴不得	14
ㄅㄚ ㄅㄨˋ ㄉㄜ˙	巴不得	14
ㄕˋ ㄍㄨㄥ ㄔㄜ	市公車	14
ㄅㄨˋ ㄦˇ ㄑㄧㄠˊ ㄧㄚˇ	布爾喬亞	14
ㄓㄡˇ	帚	14
ㄓㄤˋ ㄘㄜˋ	帳冊	14
ㄔㄤˊ ㄕㄥˋ	常勝	14
ㄔㄤˊ ㄕㄨˋ	常數	14
ㄆㄧㄥˊ ㄉㄧˋ ㄖㄣˊ	平地人	14
ㄆㄧㄥˊ ㄈㄤ ㄇㄧˇ	平方米	14
ㄆㄧㄥˊ ㄅㄢˇ	平版	14
ㄆㄧㄥˊ ㄓㄨㄤ	平裝	14
ㄆㄧㄥˊ ㄑㄧˇ ㄆㄧㄥˊ ㄗㄨㄛˋ	平起平坐	14
ㄋㄧㄢˊ ㄧㄝˋ ㄈㄢˋ	年夜飯	14
ㄋㄧㄢˊ ㄅㄧㄠˇ	年表	14
ㄋㄧㄢˊ ㄆㄨˇ	年譜	14
ㄒㄧㄥˋ ㄗㄞ ㄌㄜˋ ㄏㄨㄛˋ	幸災樂禍	14
ㄧㄡˋ ㄗˇ	幼子	14
ㄧㄡ ㄑㄧㄥˊ	幽情	14
ㄔㄨㄤˊ ㄉㄧㄢˋ	床墊	14
ㄉㄧㄢˋ ㄊㄡˊ ㄕˋ ㄔㄤˇ	店頭市場	14
ㄗㄨㄛˋ ㄨˊ ㄒㄩ ㄒㄧˊ	座無虛席	14
ㄎㄨˋ ㄧㄝˋ ㄉㄠˇ	庫頁島	14
ㄌㄧㄢˊ ㄓㄥˋ	廉政	14
ㄇㄧㄠˋ ㄈㄤ	廟方	14
ㄍㄨㄤˇ ㄅㄛˊ	廣博	14
ㄍㄨㄤˇ ㄍㄠˋ ㄕㄤ	廣告商	14
ㄧㄢˊ ㄢ	延安	14
ㄧㄢˊ ㄋㄧㄢˊ	延年	14
ㄐㄧㄢˋ ㄍㄡˋ ㄕˋ	建構式	14
ㄋㄨㄥˋ ㄉㄧㄡ	弄丟	14
ㄧㄣˇ ㄒㄧㄢˋ	引線	14
ㄒㄧㄢˊ ㄩㄝˋ ㄊㄨㄢˊ	弦樂團	14
ㄓㄤ ㄒㄧㄠˇ ㄧㄢˋ	張小燕	14
ㄓㄤ ㄐㄧㄥˇ ㄙㄣ	張景森	14
ㄑㄧㄤˊ ㄕㄥˋ	強盛	14
ㄑㄧㄤˊ ㄕㄣ	強身	14
ㄑㄧㄤˊ ㄆㄛˋ ㄒㄧㄥˋ	強迫性	14
ㄉㄢˋ ㄉㄠˋ	彈道	14
ㄐㄧㄤˋ	彊	14
ㄑㄧㄤˊ	彊	14
ㄨㄢ ㄉㄠˋ	彎道	14
ㄒㄧㄥˊ ㄙˋ	形似	14
ㄘㄞˇ ㄑㄧㄡˊ	彩球	14
ㄉㄞˋ ㄉㄠˋ	待到	14
ㄏㄣˇ ㄉㄨㄛ ㄍㄨㄛˊ ㄐㄧㄚ	很多國家	14
ㄏㄣˇ ㄉㄚˋ ㄔㄥˊ ㄉㄨˋ	很大程度	14
ㄏㄣˇ ㄐㄧㄡˋ	很舊	14
ㄏㄡˋ ㄓㄨㄢˋ	後傳	14
ㄏㄡˋ ㄒㄩㄝˊ	後學	14
ㄏㄡˋ ㄏㄨㄚ ㄩㄢˊ	後花園	14
ㄊㄨˊ ㄌㄠˊ ㄨˊ ㄍㄨㄥ	徒勞無功	14
ㄉㄜˊ ㄧˋ	得益	14
ㄈㄨˋ ㄐㄧㄢˋ	復建	14
ㄒㄧㄣ ㄋㄟˋ	心內	14
ㄒㄧㄣ ㄎㄢˇ	心坎	14
ㄒㄧㄣ ㄏㄢˊ	心寒	14
ㄒㄧㄣ ㄐㄧˋ	心悸	14
ㄒㄧㄣ ㄧㄡˇ ㄩˊ	心有餘	14
ㄒㄧㄣ ㄌㄧˇ ㄧ ㄕㄥ	心理醫生	14
ㄒㄧㄣ ㄓ ㄉㄨˋ ㄇㄧㄥˊ	心知肚明	14
ㄒㄧㄣ ㄕㄣ	心身	14
ㄅㄧˋ ㄧㄠˋ ㄊㄧㄠˊ ㄐㄧㄢˋ	必要條件	14
ㄎㄨㄞˋ ㄍㄨㄛˋ	快過	14
ㄎㄨㄞˋ ㄘㄢ	快餐	14
ㄎㄨㄞˋ ㄇㄚˇ	快馬	14
ㄆㄚˋ ㄕˋ	怕事	14
ㄒㄧ ㄒㄧㄣ	悉心	14
ㄧㄡ ㄩㄢˇ	悠遠	14
ㄈㄟˇ	悱	14
ㄒㄧㄥˋ	悻	14
ㄑㄧㄥˊ ㄈㄣˋ	情分	14
ㄑㄧㄥˊ ㄙㄨˋ	情愫	14
ㄒㄧㄤˇ ㄎㄨ	想哭	14
ㄒㄧㄤˇ ㄖㄣˋ	想認	14
ㄩˊ ㄅㄣˋ	愚笨	14
ㄞˋ ㄊㄚ	愛她	14
ㄞˋ ㄈㄨˇ	愛撫	14
ㄞˋ ㄦˇ ㄌㄢˊ ㄖㄣˊ	愛爾蘭人	14
ㄞˋ ㄕㄣˊ	愛神	14
ㄞˋ ㄇㄛˋ ㄋㄥˊ ㄓㄨˋ	愛莫能助	14
ㄍㄢˇ ㄏㄨㄞˊ	感懷	14
ㄏㄨㄤ ㄇㄤˊ	慌忙	14
ㄏㄨㄤ ㄏㄨㄤ	慌慌	14
ㄘㄢˇ ㄉㄢˋ	慘澹	14
ㄇㄢˋ ㄇㄢˋ ㄌㄞˊ	慢慢來	14
ㄧㄡ ㄍㄨㄛˊ	憂國	14
ㄏㄨㄞˊ ㄉㄜˊ	懷德	14
ㄔㄥˊ ㄘㄞˊ	成材	14
ㄔㄥˊ ㄕㄨㄤ	成雙	14
ㄐㄧㄝˋ ㄔㄨˊ	戒除	14
ㄏㄨㄛˋ ㄩˇ	或與	14
ㄐㄧㄝˊ ㄨㄢ ㄑㄩˇ ㄓˊ	截彎取直	14
ㄓㄢˋ ㄕˇ	戰史	14
ㄓㄢˋ ㄍㄨㄛˊ ㄘㄜˋ	戰國策	14
ㄅㄧㄢˇ ㄉㄢ	扁擔	14
ㄅㄧㄢˇ ㄉㄢˋ	扁擔	14
ㄕㄡˇ ㄍㄨㄥ ㄧㄝˋ	手工業	14
ㄕㄡˇ ㄓㄚˊ	手札	14
ㄘㄞˊ ㄍㄢˇ	才敢	14
ㄘㄞˊ ㄙㄨㄢˋ ㄕˋ	才算是	14
ㄉㄚˇ ㄒㄧㄚˋ ㄌㄞˊ	打下來	14
ㄉㄚˇ ㄅㄨˊ ㄍㄨㄛˋ	打不過	14
ㄉㄚˇ ㄅㄨˋ ㄍㄨㄛˋ	打不過	14
ㄉㄚˇ ㄑㄩˋ	打去	14
ㄉㄚˇ ㄏㄨㄟˊ ㄆㄧㄠˋ	打回票	14
ㄉㄚˇ ㄅㄠˋ ㄅㄨˋ ㄆㄧㄥˊ	打抱不平	14
ㄉㄚˇ ㄉㄠˋ	打道	14
ㄉㄚˇ ㄉㄧㄢˇ ㄉㄧ	打點滴	14
ㄈㄨˊ ㄌㄠˇ ㄒㄧ ㄧㄡˋ	扶老攜幼	14
ㄆㄧ ㄍㄡˋ	批購	14
ㄓㄠˇ ㄓㄠˊ	找著	14
ㄅㄚˇ ㄇㄣˊ	把門	14
ㄊㄡˊ ㄒㄧㄠˋ	投效	14
ㄊㄡˊ ㄔㄥˊ	投誠	14
ㄊㄡˊ ㄗ ㄅㄠˋ ㄔㄡˊ ㄌㄩˋ	投資報酬率	14
ㄉㄧˇ ㄧㄚ ㄆㄧㄣˇ	抵押品	14
ㄉㄧˇ ㄩㄥˋ	抵用	14
ㄔㄡ ㄙ ㄅㄛ ㄐㄧㄢˇ	抽絲剝繭	14
ㄌㄚ ㄌㄚ ㄕㄢ	拉拉山	14
ㄌㄚ ㄆㄧˊ	拉皮	14
ㄌㄚ ㄙㄚˋ	拉薩	14
ㄌㄚ ㄐㄧㄥˇ ㄅㄠˋ	拉警報	14
ㄌㄚ ㄐㄩˋ ㄓㄢˋ	拉鋸戰	14
ㄆㄠ ㄉㄠˋ	拋到	14
ㄆㄠ ㄇㄠˊ	拋錨	14
ㄓㄠ ㄔㄠˊ ㄒㄧㄝˋ	招潮蟹	14
ㄅㄞˋ ㄈㄛˊ	拜佛	14
ㄅㄞˋ ㄊㄤˊ	拜堂	14
ㄍㄨㄥˇ ㄑㄧㄠˊ	拱橋	14
ㄆㄧㄣ ㄘㄡˋ ㄔㄨ	拼湊出	14
ㄔˊ ㄩㄥˋ	持用	14
ㄓˇ ㄓㄞ	指摘	14
ㄓˇ ㄐㄧㄚˇ ㄧㄡˊ	指甲油	14
ㄢˋ ㄋㄚˋ	按捺	14
ㄨㄚ ㄉㄜ˙	挖的	14
ㄨㄚ ㄎㄨˇ	挖苦	14
ㄊㄧㄥˇ ㄏㄠˇ	挺好	14
ㄊㄧㄥˇ ㄧㄡˇ	挺有	14
ㄙㄠˇ ㄍㄨㄛˋ	掃過	14
ㄆㄞˊ ㄌㄧㄝˋ ㄗㄨˇ ㄏㄜˊ	排列組合	14
ㄆㄞˊ ㄍㄨˇ ㄊㄤ	排骨湯	14
ㄓㄥˋ ㄑㄧㄢˊ	掙錢	14
ㄍㄨㄚˋ ㄌㄧㄥˊ	掛零	14
ㄘㄞˇ ㄉㄠˋ	採到	14
ㄘㄞˇ ㄉㄜˊ	採得	14
ㄘㄞˇ ㄧㄠˋ	採藥	14
ㄐㄧㄝ ㄓㄨˋ	接住	14
ㄎㄨㄥˋ ㄓˋ ㄓㄨˋ	控制住	14
ㄊㄨㄟ ㄘˊ	推辭	14
ㄨㄛˋ ㄐㄧㄣˇ	握緊	14
ㄎㄞ	揩	14
ㄐㄧㄝ ㄔㄨㄢ	揭穿	14
ㄏㄨㄟ ㄏㄠˊ	揮毫	14
ㄘㄨㄛ ㄖㄡˊ	搓揉	14
ㄙㄡ ㄍㄨㄚ	搜刮	14
ㄍㄠˇ ㄑㄧˇ ㄌㄞˊ	搞起來	14
ㄅㄢ ㄔㄨ ㄑㄩˋ	搬出去	14
ㄅㄢ ㄧˊ	搬移	14
ㄉㄚ ㄔㄥˊ	搭成	14
ㄑㄧㄤˇ ㄓㄢˋ	搶佔	14
ㄙㄚ ㄉㄢˋ	撒旦	14
ㄓㄨㄤˋ ㄑㄧㄤˊ	撞牆	14
ㄅㄛ ㄩㄥˋ	撥用	14
ㄐㄧˊ ㄈㄚ	擊發	14
ㄐㄩˋ ㄌㄧˇ	據理	14
ㄓㄨㄛˊ	擢	14
ㄘㄚ ㄉㄧㄠˋ	擦掉	14
ㄅㄞˇ ㄅㄞˇ	擺擺	14
ㄒㄧ ㄧㄡˋ	攜幼	14
ㄓ ㄇㄞˋ	支脈	14
ㄕㄡ ㄏㄠˇ	收好	14
ㄕㄡ ㄍㄨㄛˋ	收過	14
ㄍㄨㄥ ㄐㄧㄣˋ	攻進	14
ㄈㄤˋ ㄔㄨ ㄑㄩˋ	放出去	14
ㄈㄤˋ ㄉㄜˊ	放得	14
ㄐㄧㄡˋ ㄐㄧˊ	救急	14
ㄐㄧㄡˋ ㄕㄥ ㄩㄢˊ	救生員	14
ㄐㄧㄠ ㄏㄠˇ	教好	14
ㄐㄧㄠˋ ㄓㄤˇ	教長	14
ㄍㄢˇ ㄅㄠˇ ㄓㄥˋ	敢保證	14
ㄑㄧㄠ ㄔㄨ	敲出	14
ㄓㄥˇ ㄗㄨㄛˋ	整座	14
ㄉㄧˊ ㄕㄡˇ	敵手	14
ㄕㄨˇ ㄅㄨˊ ㄐㄧㄣˋ	數不盡	14
ㄕㄨˋ ㄧˋ	數億	14
ㄕㄨˇ ㄔㄨ	數出	14
ㄕㄨˇ ㄐㄧㄚ ㄓㄣ	數家珍	14
ㄨㄣˊ ㄒㄩㄝˊ ㄍㄨㄢˇ	文學館	14
ㄨㄣˊ ㄎㄨˋ	文庫	14
ㄨㄣˊ ㄧˋ	文意	14
ㄨㄣˊ ㄓˊ	文質	14
ㄒㄧㄝˊ ㄉㄜ˙	斜的	14
ㄒㄧㄣ ㄉㄠˋ	新到	14
ㄒㄧㄣ ㄐㄧㄚ ㄖㄨˋ	新加入	14
ㄒㄧㄣ ㄊㄞˊ ㄨㄢ ㄖㄣˊ	新台灣人	14
ㄒㄧㄣ ㄒㄩㄝˊ ㄑㄧˊ	新學期	14
ㄒㄧㄣ ㄉㄧㄢˋ ㄕˋ	新店市	14
ㄒㄧㄣ ㄔㄠˊ ㄌㄧㄡˊ ㄒㄧˋ	新潮流系	14
ㄒㄧㄣ ㄕㄥ ㄉㄧˋ	新生地	14
ㄒㄧㄣ ㄕㄥ ㄏㄨㄛˊ	新生活	14
ㄒㄧㄣ ㄕㄜˋ ㄒㄧㄤ	新社鄉	14
ㄒㄧㄣ ㄓㄢˋ	新站	14
ㄒㄧㄣ ㄓㄨㄤ ㄕˋ	新莊市	14
ㄒㄧㄣ ㄒㄧㄝˇ	新血	14
ㄒㄧㄣ ㄎㄞ ㄇㄨˋ	新開幕	14
ㄉㄨㄢˋ ㄙㄨㄥˋ	斷送	14
ㄈㄤ ㄒㄧㄥˊ ㄉㄜ˙	方形的	14
ㄈㄤ ㄓㄡ	方舟	14
ㄐㄧˋ ㄉㄧㄥˋ ㄓㄥˋ ㄘㄜˋ	既定政策	14
ㄐㄧˋ ㄖㄢˊ ㄖㄨˊ ㄘˇ	既然如此	14
ㄖˋ ㄓˋ ㄕˊ ㄉㄞˋ	日治時代	14
ㄓˇ ㄧˋ	旨意	14
ㄓˇ ㄑㄩˋ	旨趣	14
ㄗㄠˇ ㄊㄨㄟˋ	早退	14
ㄗㄠˇ ㄕˋ	早逝	14
ㄒㄩˋ ㄖˋ	旭日	14
ㄏㄢˋ ㄐㄧˋ	旱季	14
ㄒㄧㄥ ㄍㄨㄤ ㄉㄚˋ ㄉㄠˋ	星光大道	14
ㄒㄧㄥ ㄒㄧㄤˋ	星象	14
ㄔㄨㄣ ㄧㄠˋ	春藥	14
ㄕˊ ㄒㄧㄠˋ ㄒㄧㄥˋ	時效性	14
ㄆㄨˇ ㄅㄧㄢˋ ㄏㄨㄚˋ	普遍化	14
ㄐㄧㄥ ㄩㄢˊ ㄉㄞˋ ㄍㄨㄥ	晶圓代工	14
ㄐㄧㄥ ㄆㄧㄢˋ ㄎㄚˇ	晶片卡	14
ㄢˋ ㄉㄢˋ	暗淡	14
ㄅㄠˋ ㄌㄨㄥˊ	暴龍	14
ㄕㄨ ㄊㄢ	書攤	14
ㄕㄨ ㄐㄧㄢˇ	書簡	14
ㄕㄨ ㄧㄝˋ	書頁	14
ㄊㄧˋ ㄕㄣ	替身	14
ㄗㄨㄟˋ ㄒㄧㄚˋ ㄇㄧㄢˋ	最下面	14
ㄏㄨㄟˋ ㄓㄢˋ	會戰	14
ㄏㄨㄟˋ ㄊㄡˊ	會頭	14
ㄩㄝˋ ㄑㄧㄣˊ	月琴	14
ㄧㄡˇ ㄐㄧㄚˋ ㄓㄥˋ ㄑㄩㄢˋ	有價證券	14
ㄧㄡˇ ㄐㄧㄡˋ	有救	14
ㄧㄡˇ ㄅㄣˇ ㄕˋ	有本事	14
ㄧㄡˇ ㄑㄧㄡˊ	有求	14
ㄧㄡˇ ㄒㄧㄢˋ ㄉㄧㄢˋ ㄕˋ ㄈㄚˇ	有線電視法	14
ㄧㄡˇ ㄇㄧㄢˋ	有面	14
ㄈㄨˊ ㄕˋ ㄉㄧㄢˋ	服飾店	14
ㄓㄣˋ	朕	14
ㄌㄤˇ ㄌㄤˇ ㄕㄤˋ ㄎㄡˇ	朗朗上口	14
ㄨㄤˋ ㄗˇ ㄔㄥˊ ㄌㄨㄥˊ	望子成龍	14
ㄔㄠˊ ㄒㄧㄚˋ	朝下	14
ㄇㄨˋ ㄊㄧㄠˊ	木條	14
ㄇㄨˋ ㄒㄧㄤ	木箱	14
ㄇㄨˋ ㄓˊ	木質	14
ㄇㄛˋ ㄌㄧㄠˇ	末了	14
ㄇㄛˋ ㄧㄝˋ	末葉	14
ㄅㄣˇ ㄐㄩˋ	本劇	14
ㄅㄣˇ ㄔㄤˇ	本場	14
ㄌㄧˇ ㄍㄨㄛˊ ㄉㄧㄥˇ	李國鼎	14
ㄒㄧㄥˋ ㄖㄣˊ ㄏㄜˊ	杏仁核	14
ㄘㄨㄣ ㄍㄨ	村姑	14
ㄉㄨㄥ ㄌㄞˊ	東來	14
ㄉㄨㄥ ㄓㄤ ㄒㄧ ㄨㄤˋ	東張西望	14
ㄉㄨㄥ ㄓㄥ	東征	14
ㄙㄨㄥ ㄓㄨˊ	松竹	14
ㄌㄧㄣˊ ㄒㄧㄣˋ ㄓㄤ	林信彰	14
ㄌㄧㄣˊ ㄔㄠˊ ㄏㄨㄤˊ	林朝煌	14
ㄌㄧㄣˊ ㄓㄨㄛˊ ㄕㄨㄟˇ	林濁水	14
ㄌㄧㄣˊ ㄩˋ ㄈㄤ	林郁方	14
ㄎㄨ ㄓ	枯枝	14
ㄍㄨㄞˇ ㄓㄤˋ	枴杖	14
ㄍㄡ	枸	14
ㄍㄡˇ	枸	14
ㄇㄡˇ ㄘˋ	某次	14
ㄔㄚˊ ㄏㄠˋ	查號	14
ㄎㄜ ㄐㄧㄣ ㄩㄢˊ	柯金源	14
ㄏㄜˊ ㄧ ㄔㄤˇ	核一廠	14
ㄏㄜˊ ㄘˊ ㄍㄨㄥˋ ㄓㄣˋ	核磁共振	14
ㄍㄣ ㄅㄣˇ ㄒㄧㄥˋ	根本性	14
ㄍㄜˊ ㄌㄧˇ	格裡	14
ㄊㄠˊ ㄓㄨˊ ㄇㄧㄠˊ	桃竹苗	14
ㄊㄠˊ ㄓ ㄊㄞˊ ㄈㄥ	桃芝颱風	14
ㄕㄨ ㄒㄧˇ	梳洗	14
ㄑㄧˋ ㄧㄥ	棄嬰	14
ㄅㄤˋ ㄅㄤˋ ㄊㄤˊ	棒棒糖	14
ㄅㄤˋ ㄔㄨㄟˊ	棒槌	14
ㄅㄤˋ ㄑㄧㄡˊ ㄩㄢˊ	棒球員	14
ㄑㄧ ㄌㄢˊ	棲蘭	14
ㄑㄧ ㄕㄣ	棲身	14
ㄧㄤˊ ㄓㄣˋ ㄋㄧㄥˊ	楊振寧	14
ㄧㄤˊ ㄊㄠˊ	楊桃	14
ㄧㄤˊ ㄕㄨˋ	楊樹	14
ㄧㄤˊ ㄌㄧˋ ㄏㄨㄚ	楊麗花	14
ㄐㄧˊ ㄆㄧㄣˇ	極品	14
ㄐㄧˊ ㄒㄧㄠˇ	極小	14
ㄐㄧˊ ㄇㄨˋ	極目	14
ㄩˊ ㄕㄨˋ	榆樹	14
ㄖㄨㄥˊ ㄇㄧㄣˊ ㄗㄨㄥˇ ㄧ ㄩㄢˋ	榮民總醫院	14
ㄑㄧㄤ ㄓㄢˋ	槍戰	14
ㄑㄧㄤ ㄆㄠˋ	槍砲	14
ㄅㄧㄠ ㄓˋ	標識	14
ㄇㄛˊ ㄗ˙	模子	14
ㄇㄨˊ ㄗ˙	模子	14
ㄇㄛˊ ㄗㄨˇ ㄏㄨㄚˋ	模組化	14
ㄕㄨˋ ㄌㄧㄣˊ ㄌㄧˇ	樹林裡	14
ㄕㄨˋ ㄌㄧㄥˊ	樹齡	14
ㄑㄧㄠ	橇	14
ㄘㄨㄟˋ	橇	14
ㄐㄧ ㄑㄧㄤ	機槍	14
ㄐㄧ ㄩˋ	機遇	14
ㄐㄧㄢˇ ㄉㄧㄢˇ	檢點	14
ㄊㄞˊ ㄇㄧㄢˋ ㄕㄤˋ	檯面上	14
ㄍㄨㄟˋ ㄇㄞˇ	櫃買	14
ㄌㄨˇ	櫓	14
ㄐㄧㄝˊ ㄅㄧˋ	櫛比	14
ㄌㄧˋ	櫟	14
ㄑㄩㄢˊ ㄍㄨㄟˋ	權貴	14
ㄘˋ ㄈㄤ	次方	14
ㄑㄧ ㄓㄚˋ	欺詐	14
ㄍㄜ ㄉㄜˊ	歌德	14
ㄡ ㄋㄧˊ ㄦˇ	歐尼爾	14
ㄓˇ ㄅㄨˋ	止步	14
ㄓㄥˋ ㄈㄤ ㄒㄧㄥˊ	正方形	14
ㄓㄥˋ ㄧㄝˋ	正業	14
ㄓㄥˋ ㄓˊ	正職	14
ㄘˇ ㄉㄥˇ	此等	14
ㄙㄨㄟˋ ㄕㄨˋ	歲數	14
ㄌㄧˋ ㄐㄧㄣˋ	歷盡	14
ㄍㄨㄟ ㄢˋ	歸案	14
ㄍㄨㄟ ㄒㄧㄤ	歸鄉	14
ㄙˇ ㄑㄧㄢˊ	死前	14
ㄙˇ ㄐㄧˊ	死寂	14
ㄙˇ ㄏㄨㄟ	死灰	14
ㄙˇ ㄏㄨㄟ ㄈㄨˋ ㄖㄢˊ	死灰復燃	14
ㄙˇ ㄉㄤˇ	死黨	14
ㄘㄢˊ ㄋㄧㄢˋ	殘念	14
ㄉㄨㄢˋ ㄎㄠˇ	段考	14
ㄕㄚ ㄑㄧㄡˊ	殺球	14
ㄕㄚ ㄍㄨㄛˋ	殺過	14
ㄕㄚ ㄑㄧㄥ	殺青	14
ㄧㄠˊ	殽	14
ㄇㄨˇ ㄍㄨㄛˊ	母國	14
ㄇㄨˇ ㄧㄚ	母鴨	14
ㄉㄨˊ ㄐㄧˋ	毒劑	14
ㄅㄧˇ ㄓˊ	比值	14
ㄆㄧˊ ㄌㄧㄣˊ	毗鄰	14
ㄇㄧㄣˊ ㄘㄨㄟˋ ㄓㄨˇ ㄧˋ	民粹主義	14
ㄑㄧˋ ㄉㄨㄥˋ	氣動	14
ㄑㄧˋ ㄐㄧㄝˊ	氣結	14
ㄑㄧㄥ	氰	14
ㄕㄨㄟˇ ㄘㄞˇ ㄏㄨㄚˋ	水彩畫	14
ㄕㄨㄟˇ ㄗㄨˊ ㄒㄧㄤ	水族箱	14
ㄕㄨㄟˇ ㄍㄨㄛˇ ㄉㄧㄢˋ	水果店	14
ㄕㄨㄟˇ ㄩㄢˊ ㄉㄧˋ	水源地	14
ㄕㄨㄟˇ ㄈㄟˋ	水肺	14
ㄕㄨㄟˇ ㄒㄧㄤ	水鄉	14
ㄕㄨㄟˇ ㄊㄧˇ	水體	14
ㄑㄧㄡˊ ㄐㄧㄢˋ	求見	14
ㄨ ㄕㄨㄟˇ	汙水	14
ㄨ ㄋㄧˊ	汙泥	14
ㄔˊ ㄗ˙	池子	14
ㄔㄣˊ ㄐㄧㄥˋ	沈靜	14
ㄔㄣˊ ㄐㄧ	沉積	14
ㄇㄟˊ ㄔㄨ ㄒㄧˊ	沒出息	14
ㄇㄟˊ ㄔㄨ ㄒㄧ˙	沒出息	14
ㄇㄟˊ ㄇㄧㄥˋ	沒命	14
ㄇㄟˊ ㄉㄚˋ	沒大	14
ㄇㄟˊ ㄐㄧㄡˋ ㄌㄜ˙	沒救了	14
ㄇㄟˊ ㄍㄟˇ	沒給	14
ㄔㄨㄥ ㄐㄧˊ	沖擊	14
ㄕㄚ ㄇㄣˊ ㄕˋ ㄐㄩㄣˋ	沙門氏菌	14
ㄏㄜˊ ㄋㄟˋ	河內	14
ㄧㄡˊ ㄖㄢˊ ㄦˊ ㄕㄥ	油然而生	14
ㄎㄨㄤˋ ㄨㄟˋ	況味	14
ㄈㄚˇ ㄉㄧㄥˋ ㄖㄣˊ ㄕㄨˋ	法定人數	14
ㄈㄚˇ ㄓㄥˋ	法政	14
ㄈㄢˋ ㄏㄨㄤˊ	泛黃	14
ㄅㄛ ㄦˇ	波爾	14
ㄆㄛ ㄦˇ	波爾	14
ㄊㄞˋ ㄅㄟˇ	泰北	14
ㄊㄞˋ ㄨˋ ㄕˋ ㄅㄠˋ	泰晤士報	14
ㄩㄥˇ ㄧ	泳衣	14
ㄒㄧˇ ㄧ ㄉㄧㄢˋ	洗衣店	14
ㄓㄨ	洙	14
ㄉㄨㄥˋ ㄈㄤˊ	洞房	14
ㄏㄨㄛˊ ㄉㄨㄥˋ ㄒㄧㄥˋ	活動性	14
ㄏㄨㄛˊ ㄇㄧㄥˋ	活命	14
ㄆㄞˋ ㄊㄡˊ	派頭	14
ㄌㄧㄡˊ ㄒㄧㄚˋ ㄌㄞˊ	流下來	14
ㄌㄧㄡˊ ㄌㄜ˙	流了	14
ㄌㄤˋ ㄇㄢˋ ㄓㄨˇ ㄧˋ	浪漫主義	14
ㄈㄨˊ ㄍㄨㄤ	浮光	14
ㄈㄨˊ ㄍㄨㄤ ㄌㄩㄝˋ ㄧㄥˇ	浮光掠影	14
ㄈㄨˊ ㄎㄨㄚ	浮誇	14
ㄏㄞˇ ㄉㄧˋ ㄖㄣˊ	海地人	14
ㄏㄞˇ ㄆㄧㄥˊ ㄒㄧㄢˋ	海平線	14
ㄏㄞˇ ㄅㄛ	海波	14
ㄏㄞˇ ㄆㄛ	海波	14
ㄏㄞˇ ㄧㄤˊ ㄍㄨㄢˇ	海洋館	14
ㄒㄧㄠ ㄕㄡˋ	消受	14
ㄒㄧㄠ ㄧㄝˋ	消夜	14
ㄒㄧㄠ ㄈㄟˋ ㄑㄩㄢˋ	消費券	14
ㄒㄧㄠ ㄈㄟˋ ㄓㄜˇ ㄅㄠˇ ㄏㄨˋ ㄈㄚˇ	消費者保護法	14
ㄒㄧㄠ ㄈㄟˋ ㄌㄧㄤˋ	消費量	14
ㄒㄧㄠ ㄈㄟˋ ㄜˊ	消費額	14
ㄒㄧㄠ ㄧㄣ	消音	14
ㄌㄧㄣˊ ㄕ	淋濕	14
ㄘㄨㄥˊ	淙	14
ㄕㄣ ㄨˋ	深惡	14
ㄕㄣ ㄨㄟˊ	深為	14
ㄕㄣ ㄢ	深諳	14
ㄕㄣ ㄔㄤˊ	深長	14
ㄍㄨㄣˇ ㄍㄨㄣˇ	混混	14
ㄏㄨㄣˊ ㄏㄨㄣˊ	混混	14
ㄏㄨㄣˋ ㄏㄨㄣˋ	混混	14
ㄑㄧㄢˇ ㄑㄧㄢˇ	淺淺	14
ㄑㄧㄥ ㄖㄣˊ	清人	14
ㄑㄧㄥ ㄏㄜˊ	清河	14
ㄑㄧㄥ ㄌㄧˋ	清麗	14
ㄐㄧㄢˇ ㄒㄧㄠˇ	減小	14
ㄐㄧㄢˇ ㄊㄨㄟˋ	減退	14
ㄉㄨˋ ㄏㄜˊ	渡河	14
ㄘㄜˋ ㄏㄨㄟˋ	測繪	14
ㄘㄜˋ ㄕˋ ㄅㄢˇ	測試版	14
ㄘㄡˋ ㄏㄜˊ	湊合	14
ㄨㄣ ㄕˋ ㄒㄧㄠˋ ㄧㄥˋ	溫室效應	14
ㄨㄣ ㄅㄨˋ ㄉㄨㄣˋ	溫布頓	14
ㄨㄣ ㄉㄞˋ	溫帶	14
ㄨㄣ ㄕㄨㄣˋ	溫順	14
ㄖㄨㄥˊ ㄏㄨㄚˋ	溶化	14
ㄇㄧㄝˋ ㄎㄡˇ	滅口	14
ㄉㄧ ㄒㄧㄚˋ	滴下	14
ㄉㄧ ㄒㄧㄝˇ	滴血	14
ㄍㄨㄣˇ ㄉㄠˋ	滾到	14
ㄍㄨㄣˇ ㄌㄨㄛˋ	滾落	14
ㄇㄢˇ ㄖㄣˊ	滿人	14
ㄇㄢˇ ㄗㄨㄛˋ	滿座	14
ㄆㄧㄠˇ ㄅㄞˊ ㄐㄧˋ	漂白劑	14
ㄌㄡˋ ㄗˋ	漏字	14
ㄧㄢˇ ㄉㄠˋ	演到	14
ㄇㄛˋ ㄖㄢˊ	漠然	14
ㄏㄢˋ ㄒㄧㄤˊ	漢翔	14
ㄆㄥˊ ㄏㄨˊ ㄑㄩㄣˊ ㄉㄠˇ	澎湖群島	14
ㄠˋ ㄓㄡ ㄖㄣˊ	澳洲人	14
ㄐㄧ ㄏㄨㄚˋ	激化	14
ㄓㄨㄛˊ ㄌㄧㄡˊ	濁流	14
ㄋㄨㄥˊ ㄓㄨㄤ	濃妝	14
ㄐㄧˋ ㄆㄧㄣˊ	濟貧	14
ㄌㄢˋ ㄈㄚ	濫伐	14
ㄍㄨㄢˋ ㄖㄨˋ	灌入	14
ㄏㄨㄛˇ ㄕㄤˋ ㄐㄧㄚ ㄧㄡˊ	火上加油	14
ㄏㄨㄛˇ ㄑㄧˋ	火器	14
ㄏㄨㄛˇ ㄉㄚˋ	火大	14
ㄏㄨㄛˇ ㄕㄢ ㄎㄡˇ	火山口	14
ㄏㄨㄛˇ ㄒㄧㄢˇ	火險	14
ㄏㄨㄛˇ ㄐㄧ ㄖㄡˋ	火雞肉	14
ㄏㄨㄟ ㄌㄤˊ	灰狼	14
ㄧㄢˊ ㄧㄢˊ ㄒㄧㄚˋ ㄖˋ	炎炎夏日	14
ㄨㄟˊ ㄅㄢˋ	為伴	14
ㄨ ㄎㄜˋ ㄌㄢˊ	烏克蘭	14
ㄨ ㄕㄢ ㄊㄡˊ ㄕㄨㄟˇ ㄎㄨˋ	烏山頭水庫	14
ㄨˊ ㄍㄨㄤ	無光	14
ㄨˊ ㄌㄧˋ ㄎㄜˇ ㄊㄨˊ	無利可圖	14
ㄨˊ ㄌㄧˊ ㄊㄡˊ	無厘頭	14
ㄨˊ ㄧㄚˊ	無涯	14
ㄨˊ ㄐㄧˋ ㄩˊ ㄕˋ	無濟於事	14
ㄨˊ ㄧˋ ㄩˊ	無異於	14
ㄌㄧㄢˋ ㄊㄧㄝˇ	煉鐵	14
ㄐㄧㄢ ㄐㄧㄠˇ	煎餃	14
ㄓㄠˋ ㄕˊ	照實	14
ㄅㄠ ㄗˇ ㄈㄢˋ	煲仔飯	14
ㄅㄠ ㄗㄞˇ ㄈㄢˋ	煲仔飯	14
ㄒㄩㄥˊ ㄓㄤˇ	熊掌	14
ㄒㄩㄣ	熏	14
ㄖㄜˋ ㄕㄨㄟˇ ㄗㄠˇ	熱水澡	14
ㄖㄜˋ ㄓㄨㄥ ㄩˊ	熱衷於	14
ㄕㄠ ㄑㄧˇ ㄌㄞˊ	燒起來	14
ㄧㄢ ㄐㄧㄥ	燕京	14
ㄧㄥˊ ㄧㄤˇ ㄆㄧㄣˇ	營養品	14
ㄗㄠˋ ㄖㄜˋ	燥熱	14
ㄧㄠˋ	燿	14
ㄓㄥ ㄉㄡˋ	爭鬥	14
ㄦˇ ㄨㄢ	爾灣	14
ㄧㄚˊ ㄓㄡ ㄅㄧㄥˋ	牙周病	14
ㄋㄧㄡˊ ㄉㄠ	牛刀	14
ㄇㄨˋ ㄘㄠˇ	牧草	14
ㄨˋ ㄙㄜˋ	物色	14
ㄍㄨˇ ㄌㄧㄥˇ ㄐㄧㄝ	牯嶺街	14
ㄊㄜˋ ㄒㄧㄠˋ ㄧㄠˋ	特效藥	14
ㄑㄩㄢˇ ㄓ	犬隻	14
ㄌㄤˊ ㄊㄨㄣ	狼吞	14
ㄘㄨˋ ㄕˋ	猝逝	14
ㄉㄨˊ ㄕㄥ ㄋㄩˇ	獨生女	14
ㄉㄨˊ ㄕㄣ	獨身	14
ㄕㄡˋ ㄧ ㄒㄧˋ	獸醫系	14
ㄒㄧㄢˋ ㄔㄤˋ	獻唱	14
ㄒㄩㄢˊ ㄕˊ	玄石	14
ㄒㄩㄢˊ ㄍㄨㄢ	玄關	14
ㄩˋ ㄉㄧㄠ	玉雕	14
ㄨㄤˊ ㄇㄧㄥˋ	王命	14
ㄅㄢ ㄅㄧㄠ	班彪	14
ㄒㄧㄢˋ ㄒㄩㄝˊ	現學	14
ㄌㄧˇ ㄖㄨㄥˊ	理容	14
ㄌㄧˇ ㄔㄚˊ	理查	14
ㄎㄨㄣ	琨	14
ㄑㄧㄣˊ ㄊㄨㄥˇ	琴筒	14
ㄙㄨㄛˇ ㄙㄨㄟˋ ㄉㄜ˙	瑣碎的	14
ㄌㄧㄢˊ	璉	14
ㄌㄨˋ	璐	14
ㄏㄨㄢˊ ㄒㄧㄥˊ	環形	14
ㄏㄨㄢˊ ㄏㄞˇ	環海	14
ㄏㄨㄢˊ ㄐㄧㄠ	環礁	14
ㄨㄚˇ ㄦˇ	瓦爾	14
ㄘˊ ㄆㄧㄢˋ	瓷片	14
ㄍㄢ ㄌㄧㄣˊ	甘霖	14
ㄕㄥ ㄈㄨˋ	生父	14
ㄕㄥ ㄌㄧˇ ㄒㄩㄝˊ	生理學	14
ㄕㄥ ㄔㄢˇ ㄔㄨ ㄌㄞˊ	生產出來	14
ㄕㄥ ㄉㄢˋ	生蛋	14
ㄕㄥ ㄑㄩˋ	生趣	14
ㄕㄥ ㄌㄧㄥˊ	生靈	14
ㄔㄢˇ ㄦˊ	產兒	14
ㄔㄢˇ ㄐㄧㄢˇ	產檢	14
ㄧㄡˊ ㄕㄤˋ ㄦˊ ㄒㄧㄚˋ	由上而下	14
ㄕㄣ ㄌㄨㄣˋ	申論	14
ㄋㄢˊ ㄕㄥ	男聲	14
ㄐㄧㄝˋ ㄕㄨㄛ	界說	14
ㄌㄧㄡˊ ㄅㄨˊ ㄓㄨˋ	留不住	14
ㄏㄨㄚˋ ㄐㄧㄝˋ	畫界	14
ㄉㄤ ㄑㄩㄢˊ ㄆㄞˋ	當權派	14
ㄅㄧㄥˋ ㄉㄠˇ	病倒	14
ㄊㄨㄥˋ ㄗㄞˇ	痛宰	14
ㄈㄚ ㄏㄨㄟˊ	發回	14
ㄈㄚ ㄐㄩㄝˊ ㄔㄨ	發掘出	14
ㄈㄚ ㄏㄨㄟ ㄗㄨㄛˋ ㄩㄥˋ	發揮作用	14
ㄈㄚ ㄅㄞˊ	發白	14
ㄅㄞˊ ㄔ	白吃	14
ㄅㄞˊ ㄌㄤˇ	白朗	14
ㄅㄞˇ ㄕˋ ㄎㄜˇ ㄌㄜˋ	百事可樂	14
ㄅㄞˇ ㄏㄜˊ ㄏㄨㄚ	百合花	14
ㄅㄞˇ ㄙ	百思	14
ㄐㄧㄝ ㄖㄢˊ	皆然	14
ㄞˊ	皚	14
ㄧㄥˊ ㄧㄥˊ	盈盈	14
ㄎㄨㄟ ㄐㄧㄚˇ	盔甲	14
ㄐㄧㄣˋ ㄗㄠˇ	盡早	14
ㄐㄧㄢ ㄌㄧˇ ㄓㄢˋ	監理站	14
ㄐㄧㄢ ㄎㄢˋ	監看	14
ㄐㄧㄢ ㄎㄠˇ	監考	14
ㄆㄢˊ ㄐㄩˋ	盤踞	14
ㄍㄨˇ	盬	14
ㄓˊ ㄕㄨㄤˇ	直爽	14
ㄓˊ ㄐㄧㄤˇ	直講	14
ㄒㄧㄤ ㄎㄜˋ	相剋	14
ㄒㄧㄤ ㄓㄥ	相爭	14
ㄒㄧㄤ ㄔㄨㄥ	相衝	14
ㄕㄥˇ ㄧㄡˊ	省油	14
ㄎㄢˋ ㄍㄨㄢ	看官	14
ㄓㄣ ㄐㄩㄣˋ	真菌	14
ㄧㄢˇ ㄌㄧˋ	眼力	14
ㄧㄢˇ ㄎㄢˋ ㄉㄠˋ	眼看到	14
ㄕㄨㄟˋ ㄇㄥˋ ㄓㄨㄥ	睡夢中	14
ㄕㄨㄟˋ ㄍㄨㄛˋ	睡過	14
ㄔㄥ	瞠	14
ㄐㄧㄣ ㄔˊ	矜持	14
ㄉㄨㄢˇ ㄑㄩㄣˊ	短裙	14
ㄐㄧㄠˇ ㄨㄤˇ ㄍㄨㄛˋ ㄓㄥˋ	矯枉過正	14
ㄕˊ ㄑㄧㄠˊ	石橋	14
ㄕˊ ㄏㄨㄟ ㄧㄢˊ	石灰岩	14
ㄕˊ ㄆㄞˊ	石牌	14
ㄆㄛˋ ㄇㄣˊ	破門	14
ㄓㄨ	硃	14
ㄊㄨㄥˊ	硐	14
ㄨㄢˇ ㄈㄢˋ	碗飯	14
ㄑㄩㄝˋ ㄕˊ ㄗㄞˋ	確實在	14
ㄆㄤ ㄅㄛˊ	磅礴	14
ㄇㄛˊ ㄘㄚ	磨擦	14
ㄕˋ ㄐㄧㄥˇ	示警	14
ㄕㄜˋ ㄊㄨㄢˊ ㄈㄚˇ ㄖㄣˊ	社團法人	14
ㄕㄜˋ ㄏㄨㄟˋ ㄕˊ ㄐㄧㄢˋ	社會實踐	14
ㄕㄜˋ ㄏㄨㄟˋ ㄉㄤˇ	社會黨	14
ㄕㄜˋ ㄑㄩㄣˊ ㄓㄨㄥ	社群中	14
ㄑㄩ	祛	14
ㄓㄨˋ ㄕㄡˋ	祝壽	14
ㄕㄣˊ ㄑㄧˋ	神器	14
ㄕㄣˊ ㄇㄧㄠˋ	神廟	14
ㄕㄣˊ ㄓˋ ㄅㄨˋ ㄑㄧㄥ	神智不清	14
ㄕㄣˊ ㄋㄨㄥˊ	神農	14
ㄒㄧㄤˊ ㄌㄧㄣˊ	祥麟	14
ㄐㄧㄣˋ ㄉㄧˋ	禁地	14
ㄏㄨㄛˋ ㄏㄞˋ	禍害	14
ㄈㄨˊ ㄐㄧㄢˋ ㄖㄣˊ	福建人	14
ㄈㄨˊ ㄌㄧㄣˊ	福林	14
ㄔㄢˊ ㄙˋ	禪寺	14
ㄔㄢˊ ㄒㄧㄣ	禪心	14
ㄌㄧˇ ㄆㄧㄣˋ	禮聘	14
ㄌㄧˇ ㄆㄧㄥˋ	禮聘	14
ㄙ ㄧㄥˊ ㄑㄧˋ ㄧㄝˋ	私營企業	14
ㄑㄧㄡ ㄏㄞˇ ㄊㄤˊ	秋海棠	14
ㄑㄧㄡ ㄒㄧㄤ	秋香	14
ㄎㄜ ㄅㄛˊ ㄍㄨㄢˇ	科博館	14
ㄎㄜ ㄒㄩㄝˊ ㄔㄥˊ	科學城	14
ㄎㄜ ㄒㄩㄝˊ ㄐㄧㄚ ㄇㄣˊ	科學家們	14
ㄎㄜ ㄒㄩㄝˊ ㄐㄧㄚ ㄇㄣ˙	科學家們	14
ㄎㄜ ㄓㄨㄢ	科專	14
ㄎㄜ ㄅㄢ ㄔㄨ ㄕㄣ	科班出身	14
ㄧˊ ㄗㄨㄛˋ	移作	14
ㄧˊ ㄓㄨㄢˇ ㄍㄟˇ	移轉給	14
ㄒㄧ ㄑㄧˊ ㄍㄨˇ ㄍㄨㄞˋ	稀奇古怪	14
ㄕㄨㄟˋ ㄉㄢ	稅單	14
ㄎㄨㄥ ㄓㄨㄥ ㄈㄟ ㄖㄣˊ	空中飛人	14
ㄎㄨㄥ ㄓㄢˋ	空戰	14
ㄎㄨㄥ ㄉㄤˋ ㄉㄤˋ	空蕩蕩	14
ㄎㄨㄥ ㄏㄨㄚˋ	空話	14
ㄔㄨㄢ ㄊㄤˊ	穿堂	14
ㄊㄨˊ ㄒㄧˊ	突襲	14
ㄐㄩㄥˇ ㄆㄛˋ	窘迫	14
ㄑㄩㄥˊ ㄌㄧˇ	窮理	14
ㄑㄩㄥˊ ㄓㄨㄟ	窮追	14
ㄩˇ	窳	14
ㄘㄨㄢˋ ㄔㄨ	竄出	14
ㄌㄧˋ ㄨㄟˊ	立為	14
ㄉㄨㄢ ㄗㄨㄛˋ	端坐	14
ㄐㄧㄥˋ ㄐㄧˋ ㄔㄤˇ	競技場	14
ㄒㄧㄠˋ ㄧㄝˋ	笑靨	14
ㄉㄧˋ ㄙㄢ ㄕˊ ㄑㄧ	第三十七	14
ㄉㄧˋ ㄐㄧㄡˇ ㄕˊ	第九十	14
ㄉㄧˋ ㄌㄧㄡˋ ㄐㄧㄝˋ	第六屆	14
ㄉㄧˋ ㄙˋ ㄘˋ	第四次	14
ㄅㄧˇ ㄧˋ	筆譯	14
ㄉㄥˇ ㄨㄞˋ	等外	14
ㄘㄜˋ ㄉㄨㄥˋ	策動	14
ㄍㄨㄢˇ ㄅㄧˋ	管壁	14
ㄍㄨㄢˇ ㄍㄨㄢˇ	管管	14
ㄐㄧㄝˊ ㄇㄨˋ ㄌㄧˇ	節目裡	14
ㄎㄨㄟˋ	簣	14
ㄗㄢ	簪	14
ㄈㄣˇ ㄘˋ	粉刺	14
ㄈㄣˇ ㄇㄛˋ	粉墨	14
ㄐㄧㄥ ㄇㄧㄠˋ	精妙	14
ㄐㄧㄥ ㄨㄟˊ	精微	14
ㄐㄧㄥ ㄊㄧㄠ ㄒㄧˋ ㄒㄩㄢˇ	精挑細選	14
ㄐㄧㄥ ㄆㄧˊ ㄌㄧˋ ㄐㄧㄝˊ	精疲力竭	14
ㄐㄧㄥ ㄑㄩㄝˋ ㄉㄨˋ	精確度	14
ㄍㄠ ㄉㄧㄢˇ	糕點	14
ㄊㄤˊ ㄧㄝˋ	糖業	14
ㄊㄤˊ ㄇㄧˋ	糖蜜	14
ㄐㄧˋ ㄋㄧㄢˋ ㄨˋ	紀念物	14
ㄩㄝ ㄉㄢˋ ㄏㄜˊ	約旦河	14
ㄩㄝ ㄆㄧㄣˋ ㄍㄨˋ	約聘雇	14
ㄩㄝ ㄆㄧㄥˋ ㄍㄨˋ	約聘雇	14
ㄏㄨㄥˊ ㄒㄧㄥ	紅星	14
ㄏㄨㄥˊ ㄉㄥ ㄑㄩ	紅燈區	14
ㄏㄨㄥˊ ㄆㄞˊ	紅牌	14
ㄏㄨㄥˊ ㄉㄧㄢˇ	紅點	14
ㄋㄚˋ ㄍㄨˇ ㄊㄚˇ	納骨塔	14
ㄆㄧ	紕	14
ㄆㄧˊ	紕	14
ㄓˇ ㄅㄧˇ	紙筆	14
ㄙㄨˋ ㄆㄨˊ	素樸	14
ㄗˇ ㄧㄤˊ ㄏㄨㄚ	紫陽花	14
ㄒㄧˋ ㄋㄣˋ	細嫩	14
ㄒㄧˋ ㄐㄧㄡˋ	細究	14
ㄓㄨㄥ ㄓㄢˋ	終戰	14
ㄗㄨˇ ㄓㄨˇ ㄖㄣˋ	組主任	14
ㄐㄧㄝˊ	絜	14
ㄒㄧㄝˊ	絜	14
ㄊㄨㄥˇ ㄍㄨㄢˇ	統管	14
ㄙ ㄒㄧㄢˋ	絲線	14
ㄙ ㄌㄨˋ	絲路	14
ㄐㄧㄥ ㄕˋ	經世	14
ㄐㄧㄥ ㄅㄢˋ	經辦	14
ㄐㄧㄥ ㄧㄢˋ ㄊㄢˊ	經驗談	14
ㄗㄨㄥˋ ㄏㄜˊ ㄙㄨㄛˇ ㄉㄜˊ ㄕㄨㄟˋ	綜合所得稅	14
ㄌㄩˋ ㄉㄞˋ	綠帶	14
ㄨㄟˊ ㄋㄚˋ ㄙ	維納斯	14
ㄅㄧㄢ ㄨㄟˊ	編為	14
ㄅㄧㄢ ㄐㄧˊ ㄑㄧˋ	編輯器	14
ㄏㄨㄢˇ ㄔㄨㄥ ㄑㄩ	緩衝區	14
ㄌㄧㄢˋ ㄍㄨㄛˋ	練過	14
ㄧㄥˊ ㄖㄠˋ	縈繞	14
ㄒㄧㄢˋ ㄉㄧˋ	縣地	14
ㄒㄧㄢˋ ㄕˋ ㄧˋ ㄩㄢˊ	縣市議員	14
ㄗㄨㄥˇ ㄊㄨˊ	總圖	14
ㄗㄨㄥˇ ㄋㄥˊ	總能	14
ㄗㄨㄥˇ ㄌㄧㄤˋ ㄍㄨㄢˇ ㄓˋ	總量管制	14
ㄈㄢˊ ㄊㄧˇ ㄗˋ	繁體字	14
ㄓˋ ㄏㄨㄢˋ	置換	14
ㄅㄚˋ ㄔㄨˋ	罷黜	14
ㄌㄨㄛˊ ㄇㄧˋ ㄡ	羅密歐	14
ㄧㄤˊ ㄋㄢˊ	羊男	14
ㄇㄟˇ ㄕㄨˋ ㄅㄢ	美術班	14
ㄇㄟˇ ㄐㄧㄡˇ	美酒	14
ㄑㄩㄣˊ ㄑㄧㄥˊ ㄐㄧ ㄈㄣˋ	群情激憤	14
ㄧˋ ㄑㄧˋ	義氣	14
ㄧˋ ㄨˊ ㄈㄢˇ ㄍㄨˋ	義無反顧	14
ㄨㄥ ㄩㄝˋ ㄕㄥ	翁岳生	14
ㄏㄢˋ ㄇㄛˋ	翰墨	14
ㄈㄢ ㄎㄢˋ	翻看	14
ㄌㄠˇ ㄊㄞˋ	老態	14
ㄌㄠˇ ㄧㄝˊ ㄗ˙	老爺子	14
ㄦˊ ㄑㄧㄝˇ ㄋㄥˊ	而且能	14
ㄍㄥ ㄊㄧㄢˊ	耕田	14
ㄉㄢ ㄋㄧˋ	耽溺	14
ㄌㄧㄥˊ ㄕㄤˇ	聆賞	14
ㄕㄥˋ ㄅㄠˇ ㄌㄨㄛˊ	聖保羅	14
ㄕㄥˋ ㄐㄧㄝˊ	聖潔	14
ㄕㄥˋ ㄏㄨㄛˇ ㄉㄨㄟˋ	聖火隊	14
ㄌㄧㄢˊ ㄏㄜˊ ㄓㄥˋ ㄈㄨˇ	聯合政府	14
ㄌㄧㄢˊ ㄒㄧˊ ㄏㄨㄟˋ ㄧˋ	聯席會議	14
ㄌㄧㄢˊ ㄈㄤˊ	聯防	14
ㄘㄨㄥ ㄏㄨㄟˋ	聰慧	14
ㄘㄨㄥ ㄇㄧㄣˇ	聰敏	14
ㄕㄥ ㄇㄨˇ	聲母	14
ㄖㄡˋ ㄅㄠ	肉包	14
ㄖㄡˋ ㄆㄞˊ	肉排	14
ㄖㄡˋ ㄆㄧㄠˋ	肉票	14
ㄐㄧ ㄌㄧˇ	肌理	14
ㄓ ㄊㄧˇ ㄔㄨㄥ ㄊㄨˊ	肢體衝突	14
ㄈㄟˊ ㄏㄡˋ	肥厚	14
ㄏㄨˊ ㄔㄜˇ	胡扯	14
ㄏㄨˊ ㄐㄧㄠ ㄈㄣˇ	胡椒粉	14
ㄏㄨˊ ㄍㄨㄚ	胡瓜	14
ㄒㄩㄥ ㄈㄨˋ	胸腹	14
ㄓㄤˋ ㄑㄧˋ	脹氣	14
ㄈㄟˊ	腓	14
ㄋㄠˇ ㄔㄨ ㄒㄧㄝˇ	腦出血	14
ㄐㄧㄠˇ ㄍㄣ	腳跟	14
ㄈㄨˋ ㄅㄢˇ	腹板	14
ㄌㄧㄣˊ ㄅㄧㄝˊ	臨別	14
ㄌㄧㄣˊ ㄔㄤˇ ㄍㄢˇ	臨場感	14
ㄗˋ ㄒㄧㄠˇ ㄎㄜˋ	自小客	14
ㄗˋ ㄘㄢˊ	自殘	14
ㄗˋ ㄓˋ ㄈㄚˇ	自治法	14
ㄗˋ ㄖㄢˊ ㄕㄨ ㄖㄨˋ ㄈㄚˇ	自然輸入法	14
ㄗˋ ㄍㄢ	自甘	14
ㄗˋ ㄌㄧˋ ㄗˋ ㄑㄧㄤˊ	自立自強	14
ㄓˋ ㄅㄠˇ	至寶	14
ㄓˋ ㄙˇ	至死	14
ㄓˋ ㄌㄧˇ	至理	14
ㄒㄧㄥ ㄨㄤˊ	興亡	14
ㄐㄩˇ ㄕㄡˇ ㄊㄡˊ ㄗㄨˊ	舉手投足	14
ㄐㄩˇ ㄇㄨˋ	舉目	14
ㄐㄧㄡˋ ㄕˊ ㄉㄞˋ	舊時代	14
ㄆㄨˋ ㄗ˙	舖子	14
ㄏㄤˊ ㄎㄨㄥ ㄇㄨˇ ㄐㄧㄢˋ	航空母艦	14
ㄔㄨㄢˊ ㄈㄨ	船夫	14
ㄔㄨㄢˊ ㄆㄧㄠˋ	船票	14
ㄌㄧㄤˊ ㄧㄠˋ	良藥	14
ㄙㄜˋ ㄍㄨㄤ	色光	14
ㄙㄜˋ ㄒㄧㄤˋ	色相	14
ㄅㄚ ㄅㄧˇ ㄨㄚˊ ㄨㄚˊ	芭比娃娃	14
ㄏㄨㄚ ㄊㄢˊ	花壇	14
ㄏㄨㄚ ㄋㄨㄥˊ	花農	14
ㄊㄞˊ ㄒㄧㄢˇ	苔蘚	14
ㄖㄨㄛˋ ㄧㄣˇ ㄖㄨㄛˋ ㄒㄧㄢˋ	若隱若現	14
ㄎㄨˇ ㄌㄧˋ	苦力	14
ㄗ ㄕˋ ㄊㄧˇ ㄉㄚˋ	茲事體大	14
ㄔㄚˊ ㄕㄤ	茶商	14
ㄔㄚˊ ㄉㄧㄢˇ	茶點	14
ㄘㄠˇ ㄉㄨㄟ	草堆	14
ㄐㄧㄥ ㄎㄜ	荊軻	14
ㄓㄨㄤ ㄐㄧㄚ	莊家	14
ㄘㄞˋ ㄏㄨㄚ	菜花	14
ㄏㄨㄚˊ ㄧㄣˊ	華銀	14
ㄨㄢˋ ㄜˋ	萬惡	14
ㄇㄥˊ ㄍㄨˇ ㄅㄠ	蒙古包	14
ㄇㄥˊ ㄊㄜˋ ㄌㄡˊ	蒙特婁	14
ㄆㄨˊ ㄊㄨㄢˊ	蒲團	14
ㄓㄥ ㄓㄥ	蒸蒸	14
ㄅㄛˊ ㄅㄛˊ ㄉㄜ˙	薄薄的	14
ㄅㄠˊ ㄅㄠˊ ㄉㄜ˙	薄薄的	14
ㄌㄢˊ ㄇㄟˊ	藍莓	14
ㄘㄤˊ ㄐㄧㄠ	藏嬌	14
ㄧˋ ㄨㄣˊ ㄓˋ	藝文志	14
ㄧㄠˋ ㄏㄤˊ	藥行	14
ㄙㄨ ㄍㄨㄥˋ	蘇共	14
ㄌㄢˊ ㄕˋ	蘭室	14
ㄔㄨˇ ㄙˇ ㄒㄧㄥˊ	處死刑	14
ㄒㄩ ㄅㄠˋ	虛報	14
ㄒㄩ ㄨㄤˋ	虛妄	14
ㄅㄤˋ ㄎㄜˊ	蚌殼	14
ㄧㄚˊ ㄔㄨㄥˊ	蚜蟲	14
ㄓㄚˋ ㄇㄥˇ	蚱蜢	14
ㄓ ㄓㄨ ㄨㄤˇ	蜘蛛網	14
ㄌㄨㄛˊ ㄒㄩㄢˊ ㄍㄢˇ ㄐㄩㄣˋ	螺旋桿菌	14
ㄇㄤˇ	蟒	14
ㄒㄧㄝˇ ㄏㄢˋ ㄑㄧㄢˊ	血汗錢	14
ㄒㄧㄥˊ ㄑㄧˇ	行乞	14
ㄒㄧㄥˊ ㄓㄥˋ ㄓㄨㄥ ㄌㄧˋ	行政中立	14
ㄧ ㄙㄨㄛˇ ㄅㄧˇ ㄧㄚˇ	衣索比亞	14
ㄅㄧㄠˇ ㄇㄟˋ	表妹	14
ㄅㄧㄠˇ ㄒㄧㄢˋ ㄒㄧㄥˊ	表現形	14
ㄑㄩ	袪	14
ㄅㄟˋ ㄏㄞˋ ㄓㄜˇ	被害者	14
ㄓˋ ㄗㄨㄛˋ ㄉㄢ ㄨㄟˋ	製作單位	14
ㄈㄨˋ ㄐㄧㄢˇ	複檢	14
ㄊㄨㄣˋ ㄑㄩˋ	褪去	14
ㄔㄣˋ ㄔㄨ	襯出	14
ㄒㄧ ㄅㄢˋ	西半	14
ㄒㄧ ㄨㄤˋ	西望	14
ㄧㄠˋ ㄑㄩ	要區	14
ㄕˋ ㄖㄨㄛˋ ㄨˊ ㄉㄨˇ	視若無睹	14
ㄍㄡˋ	覯	14
ㄐㄧㄣˇ	覲	14
ㄐㄧㄣˋ	覲	14
ㄍㄨㄢ ㄧㄣ ㄒㄧㄤ	觀音鄉	14
ㄧㄢˊ ㄍㄨㄟ	言歸	14
ㄉㄧㄥˋ ㄗㄨㄛˋ	訂作	14
ㄉㄧㄥˋ ㄐㄧㄚˋ	訂價	14
ㄉㄧㄥˋ ㄐㄧㄣ	訂金	14
ㄈㄨˋ	訃	14
ㄐㄧˋ ㄏㄨㄚˋ ㄕㄨ	計劃書	14
ㄒㄩㄣˋ ㄨㄣˋ	訊問	14
ㄐㄧˋ ㄅㄨˋ ㄉㄜˊ	記不得	14
ㄜˊ ㄔㄨㄢˊ	訛傳	14
ㄓㄣˇ ㄌㄧㄠˊ ㄙㄨㄛˇ	診療所	14
ㄉㄧˇ ㄏㄨㄟˇ	詆毀	14
ㄘˊ ㄆㄧㄣˊ	詞頻	14
ㄕˋ ㄧ ㄕˋ	試一試	14
ㄕˋ ㄧˊ ㄕˋ	試一試	14
ㄕˋ ㄧㄥˋ	試映	14
ㄕ ㄒㄩㄢˇ	詩選	14
ㄐㄧㄝˊ ㄨㄣˋ	詰問	14
ㄍㄞ ㄉㄤ	該當	14
ㄧㄡˋ ㄦˇ	誘餌	14
ㄕㄨㄛ ㄇㄧㄥˊ ㄨㄣˊ	說明文	14
ㄧㄣˊ	誾	14
ㄊㄧㄠˊ ㄓㄥˇ ㄨㄟˊ	調整為	14
ㄊㄧㄠˊ ㄧㄤˇ	調養	14
ㄊㄢˊ ㄅㄨˋ ㄌㄨㄥˇ	談不攏	14
ㄑㄧㄥˇ ㄑㄩˋ	請去	14
ㄓㄨ ㄍㄨㄥ	諸公	14
ㄇㄡˊ ㄑㄩˇ	謀取	14
ㄧㄝˋ	謁	14
ㄐㄧㄤˇ ㄍㄨˋ ㄕˋ	講故事	14
ㄐㄧㄤˇ ㄐㄧㄥ	講經	14
ㄕˋ ㄆㄛˋ	識破	14
ㄅㄧㄢˋ ㄅㄧㄢˋ	變變	14
ㄖㄤˋ ㄎㄞ	讓開	14
ㄉㄡˋ ㄉㄡˋ	豆豆	14
ㄏㄠˊ ㄐㄧㄝˊ	豪傑	14
ㄅㄟˋ ㄌㄚ	貝拉	14
ㄓㄣ ㄍㄨㄢ	貞觀	14
ㄈㄨˋ ㄕㄤ	負傷	14
ㄘㄞˊ ㄓㄥˋ ㄐㄩˊ ㄓㄤˇ	財政局長	14
ㄏㄨㄛˋ ㄐㄧㄚˋ	貨架	14
ㄊㄢ ㄍㄨㄢ	貪官	14
ㄊㄢ ㄨ	貪汙	14
ㄗㄜˊ ㄨㄣˋ	責問	14
ㄈㄟˋ ㄐㄧㄝˇ	費解	14
ㄇㄠˋ ㄧˋ ㄜˊ	貿易額	14
ㄏㄜˋ ㄋㄧㄢˊ	賀年	14
ㄗ ㄒㄩㄣˋ ㄕㄜˋ	資訊社	14
ㄉㄨˇ ㄨㄤˊ	賭王	14
ㄗㄡˇ ㄑㄧㄤˊ	走強	14
ㄗㄡˇ ㄊㄡˊ ㄨˊ ㄌㄨˋ	走投無路	14
ㄗㄡˇ ㄍㄡˇ	走狗	14
ㄗㄡˇ ㄕㄡˋ	走獸	14
ㄗㄡˇ ㄇㄚˇ ㄕㄤˋ ㄖㄣˋ	走馬上任	14
ㄑㄧˇ ㄔㄥˊ	起程	14
ㄔㄠ ㄈㄢˊ	超凡	14
ㄔㄠ ㄕㄡ	超收	14
ㄍㄢˇ ㄔㄨ ㄌㄞˊ	趕出來	14
ㄅㄛˇ ㄐㄧㄠˇ	跛腳	14
ㄌㄨˋ ㄧㄡˊ ㄑㄧˋ	路由器	14
ㄊㄧㄠˋ ㄊㄨㄛ ㄔㄨ	跳脫出	14
ㄊㄧㄠˋ ㄐㄧㄠˇ	跳腳	14
ㄊㄧㄠˋ ㄍㄨㄛˋ ㄑㄩˋ	跳過去	14
ㄊㄧ ㄊㄧ	踢踢	14
ㄘㄞˇ ㄗㄞˋ	踩在	14
ㄘㄨㄛ ㄊㄨㄛˊ	蹉跎	14
ㄉㄨㄛˇ ㄘㄤˊ	躲藏	14
ㄉㄨㄛˇ ㄑㄧˇ	躲起	14
ㄑㄩ ㄍㄢˋ	軀幹	14
ㄔㄜ ㄕㄤ	車商	14
ㄔㄜ ㄔㄨㄤˊ	車床	14
ㄔㄜ ㄒㄧˋ	車系	14
ㄑㄧㄥ ㄓㄨㄥˋ ㄏㄨㄢˇ ㄐㄧˊ	輕重緩急	14
ㄕㄨ ㄐㄧㄚ	輸家	14
ㄓㄨㄢˇ ㄕㄨㄣˋ ㄐㄧㄢ	轉瞬間	14
ㄏㄨㄥ ㄉㄨㄥˋ ㄧˋ ㄕˊ	轟動一時	14
ㄌㄚˋ ㄨㄟˋ	辣味	14
ㄘˊ ㄧˋ	辭意	14
ㄘˊ ㄒㄧㄥˊ	辭行	14
ㄅㄧㄢˋ ㄏㄨˋ ㄌㄩˋ ㄕ	辯護律師	14
ㄋㄨㄥˊ ㄏㄨㄚˋ	農化	14
ㄋㄨㄥˊ ㄐㄧㄥ	農經	14
ㄐㄧㄣˋ ㄌㄧㄣˊ	近鄰	14
ㄈㄢˇ ㄒㄧㄠˋ	返校	14
ㄐㄩㄥˇ ㄖㄢˊ ㄅㄨˋ ㄊㄨㄥˊ	迥然不同	14
ㄆㄛˋ ㄑㄧㄝˋ ㄒㄩ ㄧㄠˋ	迫切需要	14
ㄆㄛˋ ㄩˊ	迫於	14
ㄊㄨㄟˋ ㄑㄩˋ	退去	14
ㄙㄨㄥˋ ㄗㄡˇ	送走	14
ㄊㄠˊ ㄏㄨㄟˊ	逃回	14
ㄊㄡˋ ㄒㄧ	透析	14
ㄊㄨˊ ㄕㄤˋ	途上	14
ㄓㄜˋ ㄏㄨㄟˇ ㄦ	這會兒	14
ㄓㄜˋ ㄏㄨㄟˇ ㄦˊ	這會兒	14
ㄊㄨㄥ ㄌㄧㄥˋ	通令	14
ㄊㄨㄥ ㄗㄜˊ	通則	14
ㄊㄨㄥ ㄒㄧㄤˋ	通向	14
ㄊㄨㄥ ㄘㄞˊ	通才	14
ㄊㄨㄥ ㄉㄧㄝˊ	通牒	14
ㄊㄨㄥ ㄏㄨㄚˋ ㄈㄟˋ	通話費	14
ㄊㄨㄥ ㄏㄨㄛˋ ㄆㄥˊ ㄓㄤˋ ㄌㄩˋ	通貨膨脹率	14
ㄍㄨㄤˋ ㄌㄜ˙	逛了	14
ㄙㄨˋ ㄕˊ ㄇㄧㄢˋ	速食麵	14
ㄈㄥˊ ㄧㄥˊ	逢迎	14
ㄌㄧㄢˊ ㄗㄨㄛˋ	連坐	14
ㄌㄧㄢˊ ㄑㄧˇ	連起	14
ㄌㄧㄢˊ ㄙㄨㄛˇ ㄈㄢˇ ㄧㄥˋ	連鎖反應	14
ㄐㄧㄣˋ ㄨㄟˋ	進位	14
ㄐㄧㄣˋ ㄉㄜˊ	進德	14
ㄧˋ ㄒㄧㄢ	逸仙	14
ㄩㄣˋ ㄔㄨ	運出	14
ㄒㄧㄚˊ ㄙ	遐思	14
ㄉㄚˊ ㄦˇ ㄨㄣˊ	達爾文	14
ㄉㄚˊ ㄓㄣˋ	達陣	14
ㄒㄩㄢˇ ㄉㄨˊ	選讀	14
ㄧˊ ㄔㄨㄢˊ ㄍㄨㄥ ㄔㄥˊ	遺傳工程	14
ㄅㄧㄢ ㄅㄧㄢ	邊邊	14
ㄋㄚˋ ㄅㄨˋ ㄈㄣˋ	那部份	14
ㄅㄨˋ ㄘㄨㄥˊ	部從	14
ㄒㄧㄤ ㄓㄣˋ ㄍㄨㄥ ㄙㄨㄛˇ	鄉鎮公所	14
ㄆㄟˋ ㄔㄥˊ	配成	14
ㄆㄟˋ ㄈㄚ	配發	14
ㄐㄧㄡˇ ㄒㄧˊ	酒席	14
ㄙㄨ ㄘㄨㄟˋ	酥脆	14
ㄔㄨㄣˊ ㄏㄡˋ	醇厚	14
ㄧ ㄨˋ	醫務	14
ㄔㄨㄥˊ ㄐㄧㄢˋ ㄐㄧㄚ ㄩㄢˊ	重建家園	14
ㄔㄨㄥˊ ㄖㄢˊ	重燃	14
ㄐㄧㄣ ㄕˊ ㄊㄤˊ	金石堂	14
ㄐㄧㄣ ㄈㄣˇ	金粉	14
ㄐㄧㄣ ㄓㄣ ㄍㄨ	金針菇	14
ㄓㄣ ㄎㄨㄥˇ ㄕㄜˋ ㄧㄥˇ ㄐㄧ	針孔攝影機	14
ㄉㄧㄠˋ ㄎㄜˋ	釣客	14
ㄐㄩˋ ㄒㄧˋ ㄇㄧˊ ㄧˊ	鉅細靡遺	14
ㄑㄧㄢ ㄗˋ	鉛字	14
ㄧㄣˊ ㄅㄞˊ ㄙㄜˋ	銀白色	14
ㄒㄧㄢˇ	銑	14
ㄌㄩˇ ㄏㄜˊ ㄐㄧㄣ	鋁合金	14
ㄍㄤ ㄐㄧㄚˋ	鋼架	14
ㄒㄧˊ ㄅㄛˊ	錫箔	14
ㄧㄤˊ	鍚	14
ㄑㄧㄝˋ	鍥	14
ㄓㄣˋ ㄌㄢˊ ㄍㄨㄥ	鎮瀾宮	14
ㄓㄨㄥ ㄖㄨˇ ㄕˊ	鐘乳石	14
ㄊㄧㄝˇ ㄇㄨˋ	鐵幕	14
ㄊㄧㄝˇ ㄔㄤˇ	鐵廠	14
ㄔㄤˊ ㄐㄧㄡˇ ㄉㄜ˙	長久的	14
ㄔㄤˊ ㄉㄠˇ	長島	14
ㄔㄤˊ ㄏㄞˇ	長海	14
ㄔㄤˊ ㄕㄜˊ	長舌	14
ㄔㄤˊ ㄗㄨㄥ ㄕㄢ ㄧㄤˊ	長鬃山羊	14
ㄇㄣˊ ㄊㄨˊ	門徒	14
ㄅㄧˋ ㄎㄡˇ	閉口	14
ㄎㄞ ㄈㄤˋ ㄓㄥˋ ㄘㄜˋ	開放政策	14
ㄎㄞ ㄅㄧㄠ	開標	14
ㄏㄨㄥˊ	閎	14
ㄐㄧㄢˋ ㄒㄧㄝ ㄒㄧㄥˋ	間歇性	14
ㄏㄜˊ ㄐㄧㄚ	闔家	14
ㄍㄨㄢ ㄓㄢˋ	關站	14
ㄈㄤˊ ㄅㄨˊ ㄕㄥˋ ㄈㄤˊ	防不勝防	14
ㄈㄤˊ ㄅㄨˋ ㄕㄥ ㄈㄤˊ	防不勝防	14
ㄈㄤˊ ㄉㄠˋ ㄑㄧˋ	防盜器	14
ㄈㄤˊ ㄈㄨˇ ㄐㄧˋ	防腐劑	14
ㄈㄤˊ ㄨㄟˋ ㄒㄧㄥˋ	防衛性	14
ㄈㄨˋ ㄕㄣ	附身	14
ㄌㄡˋ ㄒㄧˊ	陋習	14
ㄓㄣˋ ㄓㄤˋ	陣仗	14
ㄔㄣˊ ㄕㄥˋ	陳勝	14
ㄔㄣˊ ㄈㄨˇ	陳腐	14
ㄧㄤˊ ㄨㄟˇ	陽痿	14
ㄌㄨㄥˊ ㄕㄥˋ	隆盛	14
ㄉㄨㄟˋ ㄇㄧㄥˊ	隊名	14
ㄍㄜˊ ㄉㄞˋ	隔代	14
ㄕㄨㄤ ㄌㄧㄠˋ	雙料	14
ㄕㄨㄤ ㄩㄝˋ ㄎㄢ	雙月刊	14
ㄗㄚˊ ㄌㄧㄤˊ	雜糧	14
ㄐㄧ ㄔˋ	雞翅	14
ㄌㄧˊ ㄢˋ	離岸	14
ㄌㄧˊ ㄒㄧˊ	離席	14
ㄒㄩㄝˇ ㄓㄨㄥ ㄙㄨㄥˋ ㄊㄢˋ	雪中送炭	14
ㄒㄩㄝˇ ㄑㄧㄠ	雪橇	14
ㄌㄧㄥˊ ㄗㄨㄟˇ	零嘴	14
ㄌㄟˊ ㄍㄨㄥ	雷公	14
ㄉㄧㄢˋ ㄍㄨㄤ	電光	14
ㄉㄧㄢˋ ㄖㄜˋ	電熱	14
ㄉㄧㄢˋ ㄋㄠˇ ㄕˋ	電腦室	14
ㄉㄧㄢˋ ㄋㄠˇ ㄎㄜˋ	電腦課	14
ㄌㄧㄥˊ ㄊㄨㄥ	靈通	14
ㄑㄧㄥ ㄊㄞˊ	青苔	14
ㄑㄧㄥ ㄏㄨㄤˊ ㄅㄨˋ ㄐㄧㄝ	青黃不接	14
ㄐㄧㄥˋ ㄊㄧㄥ	靜聽	14
ㄇㄧㄢˋ ㄇㄛˊ	面膜	14
ㄇㄧㄢˋ ㄕˋ ㄍㄨㄢ	面試官	14
ㄇㄧㄢˋ ㄆㄤˊ	面龐	14
ㄧㄣ ㄩㄝˋ ㄎㄜˋ	音樂課	14
ㄩˋ ㄈㄤˊ ㄓㄣ	預防針	14
ㄆㄛˇ ㄐㄩㄝˊ	頗覺	14
ㄊㄡˊ ㄒㄧㄤˋ	頭像	14
ㄊㄡˊ ㄐㄧㄚ	頭家	14
ㄊㄡˊ ㄍㄞˋ	頭蓋	14
ㄉㄧㄢ ㄅㄛˇ	顛簸	14
ㄍㄨˋ ㄓㄜ˙	顧著	14
ㄈㄥ ㄔㄨㄟ ㄩˇ ㄉㄚˇ	風吹雨打	14
ㄈㄥ ㄍㄨㄢˇ	風管	14
ㄊㄞˊ ㄈㄥ ㄐㄧˋ	颱風季	14
ㄅㄧㄠ ㄕㄥ	飆升	14
ㄈㄟ ㄇㄛˋ	飛沫	14
ㄈㄟ ㄌㄨㄣˊ	飛輪	14
ㄕˊ ㄧˇ ㄕㄡˋ	食蟻獸	14
ㄕˊ ㄧ ㄓㄨˋ ㄒㄧㄥˊ	食衣住行	14
ㄈㄢˋ ㄊㄨㄢˊ	飯糰	14
ㄧㄤˇ ㄋㄩˇ	養女	14
ㄘㄢ ㄒㄩˋ	餐敘	14
ㄕㄡˇ ㄊㄞˊ	首台	14
ㄕㄡˇ ㄉㄨˋ ㄌㄞˊ ㄊㄞˊ	首度來台	14
ㄕㄡˇ ㄓㄢˋ	首戰	14
ㄐㄩㄥ	駉	14
ㄆㄧㄢˋ ㄑㄧㄢˊ	騙錢	14
ㄊㄥˊ ㄔㄨ	騰出	14
ㄧㄢˋ ㄋㄧㄠˋ	驗尿	14
ㄐㄧㄥ ㄊㄢˋ	驚歎	14
ㄗㄡˋ ㄩˇ	驟雨	14
ㄍㄨˇ ㄎㄜ	骨科	14
ㄗㄤ ㄒㄧ ㄒㄧ	髒兮兮	14
ㄊㄧˇ ㄏㄨㄟˋ ㄔㄨ	體會出	14
ㄍㄠ ㄍㄜˋ	高個	14
ㄍㄠ ㄕㄤ	高商	14
ㄍㄠ ㄕㄢ ㄒㄧ	高山溪	14
ㄍㄠ ㄒㄩㄥˊ ㄧ ㄒㄩㄝˊ ㄉㄚˋ ㄒㄩㄝˊ	高雄醫學大學	14
ㄎㄨㄣ	髡	14
ㄈㄚˇ ㄙ	髮絲	14
ㄖㄢˇ	髯	14
ㄖㄢˊ	髯	14
ㄙㄨㄥ ㄎㄡˇ	鬆口	14
ㄌㄧㄝˋ ㄍㄡˇ	鬣狗	14
ㄍㄨㄟˇ ㄩㄝˋ	鬼月	14
ㄎㄨㄟˊ ㄨˊ	魁梧	14
ㄎㄨㄟˊ ㄨˋ	魁梧	14
ㄇㄛˊ ㄐㄧㄝˋ	魔界	14
ㄩˊ ㄍㄢ	魚乾	14
ㄩˊ ㄉㄨˇ	魚肚	14
ㄩˊ ㄉㄨˋ	魚肚	14
ㄩˊ ㄍㄨㄢˋ	魚貫	14
ㄩˊ ㄇㄧㄢˋ	魚麵	14
ㄅㄠˋ ㄕㄨˊ ㄧㄚˊ	鮑叔牙	14
ㄒㄧㄢ ㄌㄧˋ	鮮麗	14
ㄑㄧㄥ	鯖	14
ㄐㄧˋ	鯽	14
ㄕㄢˋ ㄩˊ	鱔魚	14
ㄋㄧㄠˇ ㄎㄢˋ	鳥瞰	14
ㄋㄧㄠˇ ㄨㄛ	鳥窩	14
ㄑㄩˊ	鴝	14
ㄉㄨㄥ	鶇	14
ㄇㄞˋ ㄐㄧㄚ	麥加	14
ㄏㄨㄤˊ ㄒㄧㄣˋ ㄐㄧㄝˋ	黃信介	14
ㄏㄟ ㄗˇ	黑子	14
ㄏㄟ ㄎㄜˋ	黑客	14
ㄏㄟ ㄇㄨˋ	黑幕	14
ㄏㄟ ㄅㄤ	黑幫	14
ㄏㄟ ㄉㄧㄢˋ	黑店	14
ㄏㄟ ㄍㄡˇ	黑狗	14
ㄏㄟ ㄧ	黑衣	14
ㄏㄟ ㄉㄡˋ	黑豆	14
ㄏㄟ ㄊㄧˇ	黑體	14
ㄏㄟ ㄌㄨㄥˊ ㄐㄧㄤ	黑龍江	14
ㄉㄧㄢˇ ㄌㄧㄥˊ ㄧ	點零一	14
ㄉㄤˇ ㄍㄤ	黨綱	14
ㄋㄞˋ	鼐	14
ㄍㄨˇ ㄍㄨˇ	鼓鼓	14
ㄅㄧˊ ㄙㄜˋ	鼻塞	14
ㄑㄧˊ ㄐㄧˊ	齊集	14
ㄌㄨㄥˊ ㄢ	龍安	14
ㄌㄨㄥˊ ㄓㄨ	龍珠	14
ㄧ ㄉㄧㄥ ㄉㄧㄢˇ	一丁點	13
ㄧˋ ㄉㄧㄥ ㄉㄧㄢˇ	一丁點	13
ㄧ ㄙㄢ ㄧ	一三一	13
ㄧ ㄔㄨㄢˋ ㄔㄨㄢˋ	一串串	13
ㄧˊ ㄔㄨㄢˋ ㄔㄨㄢˋ	一串串	13
ㄧ ㄕˊ ㄓ ㄒㄩㄢˇ	一時之選	13
ㄧˋ ㄕˊ ㄓ ㄒㄩㄢˇ	一時之選	13
ㄧ ㄍㄣ ㄍㄣ	一根根	13
ㄧˋ ㄍㄣ ㄍㄣ	一根根	13
ㄧ ㄧㄤˋ ㄗㄞˋ	一樣在	13
ㄧˊ ㄧㄤˋ ㄗㄞˋ	一樣在	13
ㄧ ㄉㄨㄢˋ ㄌㄨˋ	一段路	13
ㄧˊ ㄉㄨㄢˋ ㄌㄨˋ	一段路	13
ㄧ ㄑㄧˋ ㄏㄜ ㄔㄥˊ	一氣呵成	13
ㄧˊ ㄑㄧˋ ㄏㄜ ㄔㄥˊ	一氣呵成	13
ㄧ ㄩㄥˋ	一用	13
ㄧˊ ㄩㄥˋ	一用	13
ㄧ ㄓ ㄅㄢˋ ㄐㄧㄝˇ	一知半解	13
ㄧˋ ㄓ ㄅㄢˋ ㄐㄧㄝˇ	一知半解	13
ㄧ ㄈㄢ	一翻	13
ㄧˋ ㄈㄢ	一翻	13
ㄧ ㄐㄧˋ	一記	13
ㄧˊ ㄐㄧˋ	一記	13
ㄑㄧ ㄌㄩˋ	七律	13
ㄑㄧ ㄓ	七隻	13
ㄙㄢ ㄙㄢ ㄌㄧㄤˇ ㄌㄧㄤˇ	三三兩兩	13
ㄙㄢ ㄕㄤˋ	三上	13
ㄙㄢ ㄍㄜ	三哥	13
ㄙㄢ ㄘㄨㄣˋ	三寸	13
ㄙㄢ ㄐㄩˊ	三局	13
ㄙㄢ ㄆㄧㄥˊ	三瓶	13
ㄙㄢ ㄎㄜ	三科	13
ㄙㄢ ㄐㄧㄠˇ ㄐㄧㄚˋ	三腳架	13
ㄙㄢ ㄔㄨㄥˊ ㄕˋ	三重市	13
ㄕㄤˋ ㄧ ㄔㄤˇ	上一場	13
ㄕㄤˋ ㄩㄢˊ	上元	13
ㄕㄤˋ ㄎㄜˋ	上客	13
ㄕㄤˋ ㄐㄧㄝˋ	上屆	13
ㄕㄤˋ ㄕㄢ ㄒㄧㄚˋ ㄏㄞˇ	上山下海	13
ㄕㄤˋ ㄐㄧㄣ	上金	13
ㄒㄧㄚˋ ㄔㄨㄢˊ	下傳	13
ㄒㄧㄚˋ ㄓㄨㄟˋ	下墜	13
ㄒㄧㄚˋ ㄍㄨㄥ ㄈㄨ	下工夫	13
ㄒㄧㄚˋ ㄍㄨㄥ ㄈㄨ˙	下工夫	13
ㄒㄧㄚˋ ㄔㄣˊ	下沉	13
ㄒㄧㄚˋ ㄕㄥ	下生	13
ㄒㄧㄚˋ ㄐㄧˊ	下級	13
ㄒㄧㄚˋ ㄈㄨˋ	下腹	13
ㄅㄨˊ ㄗㄨㄛˋ ㄕㄥ	不作聲	13
ㄅㄨˋ ㄗㄨㄛˋ ㄕㄥ	不作聲	13
ㄅㄨˋ ㄌㄨㄣˊ ㄅㄨˊ ㄌㄟˋ	不倫不類	13
ㄅㄨˋ ㄌㄨㄣˊ ㄅㄨˋ ㄌㄟˋ	不倫不類	13
ㄅㄨˋ ㄌㄠˊ ㄦˊ ㄏㄨㄛˋ	不勞而獲	13
ㄅㄨˋ ㄎㄜˇ ㄌㄧˇ ㄩˋ	不可理喻	13
ㄅㄨˋ ㄎㄜˇ ㄋㄥˊ ㄉㄜ˙ ㄖㄣˋ ㄨˋ	不可能的任務	13
ㄅㄨˋ ㄊㄨㄥˊ ㄈㄢˊ ㄒㄧㄤˇ	不同凡響	13
ㄅㄨˋ ㄉㄢ ㄕˋ	不單是	13
ㄅㄨˋ ㄉㄨㄛ ㄐㄧㄢˋ	不多見	13
ㄅㄨˊ ㄧㄝˋ ㄔㄥˊ	不夜城	13
ㄅㄨˋ ㄍㄢ ㄒㄧㄣ	不甘心	13
ㄅㄨˋ ㄓ ㄑㄩˋ ㄒㄧㄤˋ	不知去向	13
ㄅㄨˊ ㄧㄠˋ ㄌㄧㄢˇ	不要臉	13
ㄅㄨˋ ㄐㄧㄝˇ ㄓ ㄩㄢˊ	不解之緣	13
ㄅㄨˊ ㄈㄨˋ ㄓㄨㄥˋ ㄨㄤˋ	不負眾望	13
ㄅㄨˋ ㄩㄢˇ ㄑㄧㄢ ㄌㄧˇ	不遠千里	13
ㄅㄨˊ ㄅㄧˋ	不避	13
ㄅㄨˋ ㄉㄧㄢˇ	不點	13
ㄑㄧㄡ ㄌㄧㄥˊ ㄉㄧˋ	丘陵地	13
ㄉㄧㄡ ㄖㄣˊ	丟人	13
ㄉㄧㄡ ㄓˊ	丟擲	13
ㄅㄧㄥˋ ㄌㄧˋ	並立	13
ㄅㄧㄥˋ ㄌㄧㄢˊ	並聯	13
ㄓㄨㄥ ㄍㄨㄛˊ ㄧ ㄧㄠˋ	中國醫藥	13
ㄓㄨㄥ ㄉㄠˇ	中島	13
ㄓㄨㄥ ㄓㄥˋ ㄉㄚˋ ㄒㄩㄝˊ	中正大學	13
ㄓㄨㄥ ㄊㄞˋ	中泰	13
ㄓㄨㄥ ㄏㄨㄚˊ ㄨㄣˊ ㄏㄨㄚˋ	中華文化	13
ㄓㄨㄥ ㄌㄨㄛˋ	中落	13
ㄔㄨㄢˋ ㄇㄣˊ	串門	13
ㄓㄨˇ ㄖㄣˊ ㄐㄧㄚ	主人家	13
ㄓㄨˇ ㄓㄢˋ	主戰	13
ㄓㄨˇ ㄍㄨㄥ	主攻	13
ㄐㄧㄡˇ ㄖㄨˊ	九如	13
ㄖㄨˇ ㄆㄧㄣˇ	乳品	13
ㄦˋ ㄙㄢ ㄙˋ	二三四	13
ㄦˋ ㄒㄧㄚˋ	二下	13
ㄦˋ ㄕˊ ㄧ ㄉㄧㄢˇ	二十一點	13
ㄦˋ ㄅㄤˋ	二棒	13
ㄦˋ ㄧㄤˇ ㄏㄨㄚˋ ㄌㄧㄡˊ	二氧化硫	13
ㄦˋ ㄅㄢˇ	二版	13
ㄦˋ ㄨㄢˋ ㄩㄢˊ	二萬元	13
ㄏㄨˋ ㄓㄨˋ ㄏㄜˊ ㄗㄨㄛˋ	互助合作	13
ㄏㄨˋ ㄉㄨㄥˋ ㄍㄨㄢ ㄒㄧˋ	互動關係	13
ㄨˇ ㄍㄨˇ	五穀	13
ㄐㄧㄠ ㄏㄨㄟˊ	交回	13
ㄐㄧㄠ ㄧˇ	交椅	13
ㄐㄧㄠ ㄒㄧㄤ	交相	13
ㄅㄛˋ	亳	13
ㄔㄡˊ ㄐㄧㄚ	仇家	13
ㄐㄧㄣ ㄇㄧㄥˊ ㄌㄧㄤˇ ㄊㄧㄢ	今明兩天	13
ㄗˇ ㄒㄧˋ ㄒㄧㄤˇ	仔細想	13
ㄊㄚ ㄑㄧㄥˇ	他請	13
ㄈㄨˋ ㄅㄨˋ ㄔㄨ	付不出	13
ㄈㄨˋ ㄑㄧㄥ	付清	13
ㄒㄧㄢ ㄊㄞˊ	仙台	13
ㄉㄞˋ ㄉㄧㄢˋ	代電	13
ㄧㄤˇ ㄊㄧㄢ	仰天	13
ㄖㄣˋ ㄑㄧˊ	任其	13
ㄈㄤˇ ㄍㄨˇ	仿古	13
ㄑㄧˋ ㄑㄧㄡˊ	企求	13
ㄧ ㄌㄧˋ ㄋㄨㄛˋ	伊利諾	13
ㄈㄨˊ ㄕㄥ	伏生	13
ㄈㄨˊ ㄒㄧ	伏羲	13
ㄒㄧㄡ ㄓˇ ㄈㄨˊ	休止符	13
ㄒㄧㄡ ㄇㄧㄢˊ	休眠	13
ㄅㄛˊ ㄌㄜˋ	伯樂	13
ㄅㄢˋ ㄨㄛˇ ㄔㄥˊ ㄓㄤˇ	伴我成長	13
ㄕㄣ ㄓˊ	伸直	13
ㄉㄧ ㄔㄨㄟˊ	低垂	13
ㄉㄧ ㄔㄣˊ	低沉	13
ㄓㄨˋ ㄒㄧㄚˋ ㄌㄞˊ	住下來	13
ㄓㄨˋ ㄓㄜ˙	住著	13
ㄗㄨㄛˋ ㄐㄧㄚˋ	作價	13
ㄗㄨㄛˋ ㄊㄨˊ	作圖	13
ㄗㄨㄛˋ ㄨㄣˊ ㄎㄜˋ	作文課	13
ㄗㄨㄛˋ ㄓㄨㄣˇ	作準	13
ㄋㄧㄥˋ	佞	13
ㄋㄧˇ ㄌㄞˊ ㄨㄛˇ ㄨㄤˇ	你來我往	13
ㄆㄟˋ ㄉㄞˋ	佩戴	13
ㄅㄧㄥˋ ㄉㄠˋ	併到	13
ㄕˇ ㄔㄨ ㄏㄨㄣˊ ㄕㄣ ㄐㄧㄝˇ ㄕㄨˋ	使出渾身解數	13
ㄌㄞˊ ㄈㄢˋ	來犯	13
ㄌㄞˊ ㄍㄠˇ	來稿	13
ㄌㄞˊ ㄉㄧㄢˇ	來點	13
ㄧ ㄖㄢˊ ㄕˋ	依然是	13
ㄅㄧㄢˋ ㄈㄨˊ	便服	13
ㄜˋ ㄏㄞˋ ㄜˋ ㄓㄡ	俄亥俄州	13
ㄜˊ ㄍㄨㄛˊ ㄖㄣˊ	俄國人	13
ㄜˋ ㄍㄨㄛˊ ㄖㄣˊ	俄國人	13
ㄐㄩㄣˋ ㄇㄟˇ	俊美	13
ㄅㄠˇ ㄑㄩㄢˊ ㄖㄣˊ ㄩㄢˊ	保全人員	13
ㄒㄧㄚˊ ㄧˋ	俠義	13
ㄒㄧㄡ ㄒㄧㄡ	修修	13
ㄒㄧㄡ ㄔˊ	修持	13
ㄐㄩˋ ㄐㄧㄚ	俱佳	13
ㄉㄠˋ ㄐㄧㄣˋ	倒進	13
ㄏㄡˋ ㄐㄧ ㄕˋ	候機室	13
ㄐㄧㄝˋ ㄓㄨˋ	借住	13
ㄐㄧㄝˋ ㄙㄨˋ	借宿	13
ㄑㄧㄢˋ ㄧㄥˇ	倩影	13
ㄐㄧㄚˇ ㄉㄨㄥˋ ㄗㄨㄛˋ	假動作	13
ㄐㄧㄚˇ ㄈㄚˇ	假髮	13
ㄆㄧㄢ ㄊㄡˊ	偏頭	13
ㄆㄧㄢ ㄊㄡˊ ㄊㄨㄥˋ	偏頭痛	13
ㄗㄨㄛˋ ㄇㄟˊ	做媒	13
ㄗㄨㄛˋ ㄇㄞˇ ㄇㄞˋ	做買賣	13
ㄊㄧㄥˊ ㄏㄨㄛˇ	停火	13
ㄊㄧㄥˊ ㄎㄜˋ	停課	13
ㄘㄜˋ ㄕㄣ	側身	13
ㄓㄣ ㄈㄤˊ	偵防	13
ㄔㄨㄢˊ ㄅㄛ ㄇㄟˊ ㄐㄧㄝˋ	傳播媒介	13
ㄔㄨㄢˊ ㄅㄛˋ ㄇㄟˊ ㄐㄧㄝˋ	傳播媒介	13
ㄔㄨㄢˊ ㄎㄞ	傳開	13
ㄕㄤ ㄏㄣˊ ㄌㄟˇ ㄌㄟˇ	傷痕累累	13
ㄕㄚˇ ㄕˋ	傻事	13
ㄕㄚˇ ㄒㄧㄠˋ	傻笑	13
ㄐㄧㄢˋ	僭	13
ㄧˊ ㄖㄨㄥˊ	儀容	13
ㄧˊ ㄉㄨㄟˋ	儀隊	13
ㄩㄢˊ ㄆㄟˋ	元配	13
ㄒㄩㄥ ㄉㄧˋ ㄒㄧㄤˋ ㄉㄨㄟˋ	兄弟象隊	13
ㄔㄨㄥ ㄙㄜˋ	充塞	13
ㄔㄨㄥ ㄕˊ ㄉㄜ˙	充實的	13
ㄒㄩㄥ ㄏㄣˇ	兇狠	13
ㄒㄧㄢ ㄖㄨˋ ㄨㄟˊ ㄓㄨˇ	先入為主	13
ㄒㄧㄢ ㄑㄩˇ	先取	13
ㄒㄧㄢ ㄕ	先師	13
ㄒㄧㄢ ㄨㄟˊ	先為	13
ㄒㄧㄢ ㄉㄧㄠˋ	先調	13
ㄍㄨㄤ ㄈㄨˋ ㄐㄧㄝˊ	光復節	13
ㄍㄨㄤ ㄏㄨㄚˊ ㄕㄤ ㄔㄤˇ	光華商場	13
ㄍㄨㄤ ㄕㄢˇ ㄕㄢˇ	光閃閃	13
ㄎㄜˋ ㄌㄚ ㄎㄜˋ	克拉克	13
ㄦˊ ㄒㄧˋ	兒戲	13
ㄖㄨˋ ㄒㄩㄝˊ ㄒㄧㄠˋ	入學校	13
ㄖㄨˋ ㄗㄨㄛˋ	入座	13
ㄖㄨˋ ㄍㄨˇ	入骨	13
ㄋㄟˋ ㄇㄥˊ ㄍㄨˇ	內蒙古	13
ㄋㄟˋ ㄏㄤˊ ㄖㄣˊ	內行人	13
ㄑㄩㄢˊ ㄅㄨˊ ㄏㄨㄟˋ	全不會	13
ㄑㄩㄢˊ ㄒㄧㄤˋ	全像	13
ㄑㄩㄢˊ ㄈㄨˋ ㄨˇ ㄓㄨㄤ	全副武裝	13
ㄑㄩㄢˊ ㄕㄣˊ ㄍㄨㄢˋ ㄓㄨˋ	全神貫注	13
ㄑㄩㄢˊ ㄆㄧㄠˋ	全票	13
ㄌㄧㄤˇ ㄅㄣˇ ㄕㄨ	兩本書	13
ㄌㄧㄤˇ ㄆㄧㄥˊ	兩瓶	13
ㄌㄧㄤˇ ㄅㄞˇ ㄍㄜ˙	兩百個	13
ㄌㄧㄤˇ ㄨㄢˋ ㄎㄨㄞˋ	兩萬塊	13
ㄅㄚ ㄍㄨㄚˋ ㄕㄢ	八卦山	13
ㄍㄨㄥ ㄒㄧㄡ	公休	13
ㄍㄨㄥ ㄍㄨㄥˋ ㄉㄜ˙	公共的	13
ㄍㄨㄥ ㄙ ㄓㄞˋ	公司債	13
ㄍㄨㄥ ㄔㄞ	公差	13
ㄍㄨㄥ ㄎㄨˋ	公庫	13
ㄍㄨㄥ ㄊㄨㄟ	公推	13
ㄍㄨㄥ ㄨㄟˋ	公衛	13
ㄍㄨㄥˋ ㄉㄜˊ	共得	13
ㄍㄨㄥˋ ㄊㄨㄟ	共推	13
ㄍㄨㄥˋ ㄊㄧˇ ㄕˊ ㄐㄧㄢ	共體時艱	13
ㄅㄧㄥ ㄧˋ ㄈㄚˇ	兵役法	13
ㄐㄧㄢ ㄩㄥˋ	兼用	13
ㄐㄧㄢ ㄎㄜˋ	兼課	13
ㄇㄡˇ	冇	13
ㄖㄢˇ ㄖㄢˇ	冉冉	13
ㄗㄞˋ ㄖㄣˋ	再認	13
ㄉㄨㄥ ㄕㄢ ㄒㄧㄤ	冬山鄉	13
ㄉㄨㄥ ㄓˋ	冬至	13
ㄅㄧㄥ ㄊㄤˊ	冰糖	13
ㄌㄥˇ ㄕㄢ	冷杉	13
ㄋㄧㄥˊ ㄔㄥˊ	凝成	13
ㄋㄧㄥˊ ㄨㄤˋ	凝望	13
ㄋㄧㄥˊ ㄒㄧㄝˇ ㄧㄣ ㄗˇ	凝血因子	13
ㄎㄞˇ ㄩㄝˋ	凱悅	13
ㄎㄞˇ ㄉㄚˊ ㄍㄜˊ ㄌㄢˊ	凱達格蘭	13
ㄒㄩㄥ ㄜˋ	凶惡	13
ㄒㄩㄥ ㄇㄥˇ	凶猛	13
ㄔㄨ ㄕㄢ	出山	13
ㄔㄨ ㄅㄢˇ ㄓㄜˇ	出版者	13
ㄔㄨ ㄋㄚˋ	出納	13
ㄔㄨ ㄒㄧㄝˇ ㄒㄧㄥˋ	出血性	13
ㄈㄣ ㄔㄨ ㄌㄞˊ	分出來	13
ㄈㄣ ㄏㄜˊ	分合	13
ㄈㄣ ㄑㄧㄥ	分清	13
ㄈㄣ ㄐㄧㄝˇ ㄔㄥˊ	分解成	13
ㄈㄣ ㄗㄤ	分贓	13
ㄈㄣ ㄑㄧㄢˊ	分錢	13
ㄑㄧㄝˋ ㄔˇ	切齒	13
ㄔㄨ ㄅㄢˇ	初版	13
ㄅㄧㄝˊ ㄉㄨㄟˋ	別對	13
ㄅㄧㄝˊ ㄔㄥˊ	別成	13
ㄅㄧㄝˊ ㄨˊ	別無	13
ㄅㄧㄝˊ ㄐㄧㄤˇ	別講	13
ㄅㄧㄝˊ ㄍㄨㄢ	別關	13
ㄌㄧˋ ㄖㄣˋ	利刃	13
ㄌㄧˋ ㄇㄧㄣˊ	利民	13
ㄕㄢ ㄍㄞˇ	刪改	13
ㄕㄨㄚ ㄗ˙	刷子	13
ㄎㄜ ㄉㄨˋ	刻度	13
ㄎㄜˋ ㄉㄨˋ	刻度	13
ㄎㄜ ㄔㄥˊ	刻成	13
ㄎㄜˋ ㄔㄥˊ	刻成	13
ㄎㄜ ㄓㄜ˙	刻著	13
ㄎㄜˋ ㄓㄜ˙	刻著	13
ㄎㄜˋ ㄍㄨˇ	刻骨	13
ㄑㄧㄢˊ ㄈㄨˋ ㄗㄨㄥˇ ㄊㄨㄥˇ	前副總統	13
ㄑㄧㄢˊ ㄗㄡˋ	前奏	13
ㄑㄧㄢˊ ㄑㄧㄥˊ	前情	13
ㄆㄡ ㄈㄨˋ ㄔㄢˇ	剖腹產	13
ㄆㄡˇ ㄈㄨˋ ㄔㄢˇ	剖腹產	13
ㄍㄤ ㄔㄥˊ ㄌㄧˋ	剛成立	13
ㄍㄤ ㄧㄠˋ	剛要	13
ㄐㄧㄢˇ ㄊㄡˊ ㄈㄚˇ	剪頭髮	13
ㄈㄨˋ ㄌㄧˇ ㄕˋ ㄓㄤˇ	副理事長	13
ㄈㄨˋ ㄔㄢˇ ㄆㄧㄣˇ	副產品	13
ㄔㄨㄤˋ ㄕˋ ㄐㄧˋ	創世紀	13
ㄔㄨㄤˋ ㄧㄝˋ ㄐㄧㄚ	創業家	13
ㄆㄧㄠˋ ㄏㄢˋ	剽悍	13
ㄏㄨㄚˋ ㄉㄧㄠˋ	劃掉	13
ㄏㄨㄚˋ ㄅㄛ	劃撥	13
ㄐㄩˋ ㄓㄢˇ	劇展	13
ㄌㄧㄡˊ ㄧˋ ㄖㄨˊ	劉憶如	13
ㄌㄧˋ ㄐㄧㄣˋ	力盡	13
ㄍㄨㄥ ㄔㄥˊ ㄕㄣ ㄊㄨㄟˋ	功成身退	13
ㄍㄨㄥ ㄐㄧ	功績	13
ㄐㄧㄚ ㄨㄟˋ	加味	13
ㄐㄧㄚ ㄍㄨㄥ ㄔㄨ ㄎㄡˇ	加工出口	13
ㄐㄧㄚ ㄍㄨㄥ ㄔㄨ ㄎㄡˇ ㄑㄩ	加工出口區	13
ㄐㄧㄚ ㄒㄩㄢˇ	加選	13
ㄓㄨˋ ㄐㄧㄠˋ ㄕㄡˋ	助教授	13
ㄓㄨˋ ㄆㄠˇ	助跑	13
ㄉㄨㄥˋ ㄨˋ ㄒㄧˋ	動物系	13
ㄍㄡ ㄏㄨㄚˋ	勾畫	13
ㄅㄠ ㄔㄥˊ	包成	13
ㄏㄨㄚˋ ㄍㄨㄥ ㄧㄝˋ	化工業	13
ㄕˊ ㄑㄧ ㄈㄣ	十七分	13
ㄕˊ ㄓ ㄅㄚ ㄐㄧㄡˇ	十之八九	13
ㄕˊ ㄓ	十隻	13
ㄑㄧㄢ ㄎㄨㄞˋ ㄑㄧㄢˊ	千塊錢	13
ㄕㄥ ㄒㄩㄝˊ ㄧㄚ ㄌㄧˋ	升學壓力	13
ㄕㄥ ㄒㄩㄝˊ ㄌㄩˋ	升學率	13
ㄋㄢˊ ㄓㄨㄥ	南中	13
ㄋㄢˊ ㄎㄢˇ	南崁	13
ㄋㄢˊ ㄐㄧˊ ㄓㄡ	南極洲	13
ㄓㄢ ㄅㄨˇ	占卜	13
ㄓㄢˋ ㄅㄨˇ	占卜	13
ㄧㄣˋ ㄕㄨㄚ ㄆㄧㄣˇ	印刷品	13
ㄧㄣˋ ㄕㄨㄚ ㄔㄤˇ	印刷廠	13
ㄧㄣˋ ㄋㄧˊ ㄖㄣˊ	印尼人	13
ㄧㄣˋ ㄈㄚ	印發	13
ㄨㄟˊ ㄧㄢˊ	危言	13
ㄐㄧˊ ㄍㄠˋ	即告	13
ㄩㄢˊ ㄌㄧˋ	原力	13
ㄩㄢˊ ㄅㄢ	原班	13
ㄩㄢˊ ㄌㄨˋ	原路	13
ㄧㄡˇ ㄅㄢˋ	友伴	13
ㄈㄢˇ ㄆㄞ	反拍	13
ㄈㄢˇ ㄇㄧㄣˊ ㄓㄨˇ	反民主	13
ㄈㄢˇ ㄅㄤˇ	反綁	13
ㄈㄢˇ ㄓㄨㄢˇ ㄌㄨˋ	反轉錄	13
ㄕㄨˊ ㄅㄣˇ ㄏㄨㄚˊ	叔本華	13
ㄑㄩˇ ㄔㄨ ㄌㄞˊ	取出來	13
ㄕㄡˋ ㄧㄚ ㄆㄛˋ	受壓迫	13
ㄕㄡˋ ㄉㄜˊ ㄌㄧㄠˇ	受得了	13
ㄕㄡˋ ㄉㄜ˙ ㄌㄧㄠˇ	受得了	13
ㄕㄡˋ ㄈㄚˊ	受罰	13
ㄎㄡˇ ㄍㄢ	口乾	13
ㄍㄨˇ ㄌㄞˊ	古來	13
ㄍㄨˇ ㄨㄢˊ	古玩	13
ㄍㄨˇ ㄨㄢˋ	古玩	13
ㄍㄨˇ ㄓㄨㄤ	古裝	13
ㄍㄨˇ ㄐㄧㄣ ㄕㄨㄟˇ	古金水	13
ㄌㄧㄥˋ ㄆㄧˋ	另闢	13
ㄓˇ ㄒㄧㄝˇ	只寫	13
ㄓˇ ㄓㄠˇ	只找	13
ㄓˇ ㄌㄧㄡˊ ㄒㄧㄚˋ	只留下	13
ㄐㄧㄠˋ ㄔㄨ ㄌㄞˊ	叫出來	13
ㄓㄠˋ ㄎㄞ ㄏㄨㄟˋ ㄧˋ	召開會議	13
ㄉㄧㄥ ㄉㄧㄥ	叮叮	13
ㄎㄜˇ ㄖㄨㄥˊ	可容	13
ㄎㄜˇ ㄅㄚˇ	可把	13
ㄎㄜˇ ㄎㄢˋ ㄒㄧㄥˋ	可看性	13
ㄎㄜˇ ㄅㄟˋ	可被	13
ㄎㄜˇ ㄅㄧㄢˋ	可變	13
ㄊㄞˊ ㄅㄟˇ ㄉㄚˋ ㄒㄩㄝˊ	台北大學	13
ㄊㄞˊ ㄅㄟˇ ㄏㄨㄛˇ ㄔㄜ ㄓㄢˋ	台北火車站	13
ㄊㄞˊ ㄊㄤˊ ㄍㄨㄥ ㄙ	台糖公司	13
ㄊㄞˊ ㄗㄨㄥˋ ㄩㄢˋ	台綜院	13
ㄊㄞˊ ㄗ	台資	13
ㄕˇ ㄇㄧㄥˊ	史明	13
ㄕˇ ㄉㄧˋ ㄈㄣ ㄐㄧㄣ	史蒂芬金	13
ㄔ ㄖㄡˋ	吃肉	13
ㄍㄜˋ ㄅㄨˊ	各不	13
ㄍㄜˋ ㄅㄨˋ	各不	13
ㄍㄜˋ ㄅㄠˋ	各報	13
ㄍㄜˋ ㄉㄤˇ ㄆㄞˋ	各黨派	13
ㄏㄜˊ ㄧˋ ㄊㄧㄥˊ	合議庭	13
ㄏㄜˊ ㄧㄣ	合音	13
ㄊㄨㄥˊ ㄖˋ ㄦˊ ㄩˇ	同日而語	13
ㄊㄨㄥˊ ㄕˊ ㄉㄞˋ	同時代	13
ㄊㄨㄥˊ ㄎㄜ	同科	13
ㄊㄨㄥˊ ㄐㄧˊ	同級	13
ㄊㄨㄥˊ ㄒㄧㄤ ㄏㄨㄟˋ	同鄉會	13
ㄊㄨㄥˊ ㄌㄧㄥˊ	同齡	13
ㄇㄧㄥˊ ㄕㄢ	名山	13
ㄇㄧㄥˊ ㄓㄥˋ ㄧㄢˊ ㄕㄨㄣˋ	名正言順	13
ㄇㄧㄥˊ ㄔㄜ	名車	13
ㄊㄨˇ ㄊㄨˇ	吐吐	13
ㄒㄧㄤˋ ㄉㄨㄥ	向東	13
ㄈㄡˇ ㄐㄩㄝˊ ㄑㄩㄢˊ	否決權	13
ㄏㄢˊ ㄌㄟˋ	含淚	13
ㄎㄥ ㄕㄥ	吭聲	13
ㄒㄧ ㄕㄨㄣˇ	吸吮	13
ㄔㄨㄟ ㄈㄨˊ	吹拂	13
ㄔㄥˊ ㄍㄟˇ	呈給	13
ㄍㄠˋ ㄓㄨㄥ	告終	13
ㄓㄡ ㄦˋ	周二	13
ㄏㄨ ㄓ ㄩˋ ㄔㄨ	呼之欲出	13
ㄏㄨ ㄒㄧ ㄎㄨㄣˋ ㄋㄢˊ	呼吸困難	13
ㄧㄠˇ ㄏㄜˊ	咬合	13
ㄆㄧㄣˇ ㄒㄩㄝˊ ㄐㄧㄢ ㄧㄡ	品學兼優	13
ㄆㄧㄣˇ ㄌㄟˋ	品類	13
ㄏㄨㄥˇ ㄆㄧㄢˋ	哄騙	13
ㄋㄚˇ ㄈㄤ ㄇㄧㄢˋ	哪方面	13
ㄕㄡˋ ㄏㄡˋ ㄈㄨˊ ㄨˋ	售後服務	13
ㄨㄟˊ ㄒㄧㄣ	唯心	13
ㄋㄧㄢˋ ㄌㄜ˙	唸了	13
ㄕㄤ ㄔㄠˊ	商朝	13
ㄕㄤ ㄧㄝˋ ㄓㄡ ㄎㄢ	商業周刊	13
ㄕㄤ ㄅㄧㄠ ㄈㄚˇ	商標法	13
ㄨㄣˋ ㄅㄨˇ	問卜	13
ㄧㄚˇ ㄎㄡˇ ㄨˊ ㄧㄢˊ	啞口無言	13
ㄕㄢˋ ㄒㄧㄣ ㄖㄣˊ ㄕˋ	善心人士	13
ㄏㄜ ㄉㄜ˙	喝得	13
ㄏㄜˋ ㄉㄜ˙	喝得	13
ㄏㄜ ㄔㄚˊ	喝茶	13
ㄉㄢ ㄘㄥˊ	單層	13
ㄉㄢ ㄑㄧㄣ ㄇㄚ ㄇㄚ	單親媽媽	13
ㄨ ㄏㄨ	嗚呼	13
ㄕˋ ㄒㄧㄝˇ	嗜血	13
ㄜˇ ㄒㄧㄣ ㄉㄜ˙	噁心的	13
ㄐㄧㄣˋ ㄕㄥ	噤聲	13
ㄜˋ ㄩㄣˋ	噩運	13
ㄆㄣ ㄕㄜˋ ㄐㄧ	噴射機	13
ㄧㄢˊ ㄒㄧㄥˊ	嚴刑	13
ㄧㄢˊ ㄓㄣˋ ㄧˇ ㄉㄞˋ	嚴陣以待	13
ㄙˋ ㄎㄨˋ	四庫	13
ㄙˋ ㄙㄜˋ	四色	13
ㄙˋ ㄏㄤˊ	四行	13
ㄙˋ ㄒㄧㄥˋ	四行	13
ㄙˋ ㄔㄨㄥˊ ㄒㄧ	四重溪	13
ㄙˋ ㄉㄧㄢˇ ㄓㄨㄥ	四點鐘	13
ㄏㄨㄟˊ ㄊㄧㄢ	回天	13
ㄏㄨㄟˊ ㄒㄧㄤˇ ㄑㄧˇ ㄌㄞˊ	回想起來	13
ㄧㄣ ㄉㄧˋ ㄓˋ ㄧˊ	因地制宜	13
ㄑㄩㄢ ㄗ˙ ㄌㄧˇ	圈子裡	13
ㄍㄨㄛˊ ㄐㄧㄚ ㄅㄧㄠ ㄓㄨㄣˇ	國家標準	13
ㄍㄨㄛˊ ㄐㄧㄚ ㄈㄚˇ	國家法	13
ㄍㄨㄛˊ ㄐㄧㄚ ㄧㄣˊ ㄏㄤˊ	國家銀行	13
ㄍㄨㄛˊ ㄇㄧㄣˊ ㄕㄥ ㄔㄢˇ ㄇㄠˊ ㄜˊ	國民生產毛額	13
ㄍㄨㄛˊ ㄇㄧㄣˊ ㄕㄣ ㄈㄣˋ	國民身分	13
ㄨㄟˊ ㄌㄜ˙	圍了	13
ㄨㄟˊ ㄅㄨˇ	圍捕	13
ㄨㄟˊ ㄑㄩㄣˊ	圍裙	13
ㄩㄢˊ ㄒㄧㄥˊ	圓型	13
ㄩㄢˊ ㄏㄨˊ	圓弧	13
ㄩㄢˊ ㄏㄨㄚˊ	圓滑	13
ㄩㄢˊ ㄖㄨㄣˋ	圓潤	13
ㄩㄢˊ ㄑㄧㄡˊ	圓球	13
ㄊㄨˊ ㄕㄨ ㄍㄨㄢˇ ㄩㄢˊ	圖書館員	13
ㄊㄨˇ ㄉㄧˋ ㄍㄨㄥ ㄇㄧㄠˋ	土地公廟	13
ㄊㄨˇ ㄉㄧˋ ㄧㄣˊ ㄏㄤˊ	土地銀行	13
ㄗㄞˋ ㄔ ㄈㄢˋ	在吃飯	13
ㄗㄞˋ ㄧㄚ	在押	13
ㄗㄞˋ ㄧㄢˇ ㄌㄧˇ	在眼裡	13
ㄉㄧˋ ㄒㄧㄣ ㄧㄣˇ ㄌㄧˋ	地心引力	13
ㄉㄧˋ ㄗㄨ	地租	13
ㄉㄧˋ ㄉㄠˋ	地道	13
ㄐㄩㄣ ㄨˊ	均無	13
ㄗㄨㄛˋ ㄏㄠˇ	坐好	13
ㄊㄨㄛˊ	坨	13
ㄆㄧ	坯	13
ㄔㄥˊ ㄏㄜˊ	城河	13
ㄐㄧ ㄧㄣ ㄎㄨˋ	基因庫	13
ㄐㄧ ㄧㄣ ㄌㄧㄠˊ ㄈㄚˇ	基因療法	13
ㄐㄧ ㄅㄣˇ ㄐㄧㄥ ㄐㄧˋ	基本經濟	13
ㄊㄤˊ ㄉㄧˋ	堂弟	13
ㄉㄨㄟ ㄓㄢˋ	堆棧	13
ㄅㄠˋ ㄨㄣˊ	報文	13
ㄅㄠˋ ㄕˊ	報時	13
ㄔㄤˇ ㄑㄩ	場區	13
ㄔㄤˇ ㄗ˙	場子	13
ㄊㄧㄢˊ ㄧㄚ ㄕˋ	填鴨式	13
ㄉㄧㄢˋ ㄉㄧˇ	墊底	13
ㄈㄣˊ ㄉㄧˋ	墳地	13
ㄧㄚ ㄐㄧㄥˋ	壓境	13
ㄧㄚ ㄓㄜ˙	壓著	13
ㄧㄚ ㄓㄠˊ	壓著	13
ㄓㄨㄤˋ ㄉㄧㄥ	壯丁	13
ㄒㄧㄚˋ ㄧㄝˋ	夏夜	13
ㄨㄞˋ ㄘㄥˊ	外層	13
ㄨㄞˋ ㄩㄥˋ	外用	13
ㄨㄞˋ ㄎㄜ ㄕㄡˇ ㄕㄨˋ	外科手術	13
ㄉㄨㄛ ㄧㄡˊ	多由	13
ㄉㄨㄛ ㄩㄣˋ	多運	13
ㄧㄝˋ ㄕˋ ㄌㄧˇ	夜市裡	13
ㄧㄝˋ ㄧㄡˊ	夜遊	13
ㄧㄝˋ ㄌㄨˋ	夜鷺	13
ㄍㄡˋ ㄔㄨ	夠出	13
ㄉㄚˋ ㄍㄜˋ	大個	13
ㄉㄚˋ ㄋㄢˊ	大南	13
ㄉㄚˋ ㄇㄧㄥˊ ㄉㄧㄥˇ ㄉㄧㄥˇ	大名鼎鼎	13
ㄉㄚˋ ㄔㄠˇ	大吵	13
ㄉㄚˋ ㄩㄢˊ ㄒㄧㄤ	大園鄉	13
ㄉㄚˋ ㄒㄧㄥˋ	大幸	13
ㄉㄚˋ ㄆㄧ ㄉㄜ˙	大批的	13
ㄉㄚˋ ㄍㄠˇ	大搞	13
ㄉㄚˋ ㄈㄤˋ ㄧˋ ㄘㄞˇ	大放異彩	13
ㄉㄚˋ ㄒㄧㄥ ㄒㄧㄥ	大猩猩	13
ㄉㄚˋ ㄩˇ	大禹	13
ㄉㄚˋ ㄏㄨㄤ	大荒	13
ㄉㄚˋ ㄅㄨˇ ㄊㄧㄝˇ	大補帖	13
ㄉㄚˋ ㄊㄡˊ ㄓㄠˋ	大頭照	13
ㄉㄚˋ ㄎㄜ	大顆	13
ㄉㄚˋ ㄊㄧˇ ㄕㄤˋ	大體上	13
ㄊㄧㄢ ㄏㄢˊ ㄉㄧˋ ㄉㄨㄥˋ	天寒地凍	13
ㄊㄧㄢ ㄕㄢ	天山	13
ㄊㄧㄢ ㄕㄚ ㄉㄜ˙	天殺的	13
ㄊㄧㄢ ㄓˊ	天職	13
ㄊㄧㄢ ㄜˊ ㄏㄨˊ	天鵝湖	13
ㄊㄞˋ ㄆㄧㄥˊ ㄕㄢ	太平山	13
ㄊㄞˋ ㄐㄧㄢˋ	太監	13
ㄊㄞˋ ㄧㄤˊ ㄉㄨㄟˋ	太陽隊	13
ㄕ ㄌㄧˇ	失禮	13
ㄐㄧㄚˊ ㄅㄢˇ	夾板	13
ㄧㄢ ㄧㄢ ㄧ ㄒㄧˊ	奄奄一息	13
ㄧㄢ ㄧㄢ ㄧˋ ㄒㄧˊ	奄奄一息	13
ㄑㄧˊ ㄧㄢˊ	奇岩	13
ㄐㄧ ㄕㄨˋ	奇數	13
ㄈㄥˋ ㄕㄤˋ	奉上	13
ㄅㄣ ㄌㄧㄡˊ	奔流	13
ㄓㄨㄤˇ	奘	13
ㄗㄤˋ	奘	13
ㄋㄩˇ ㄕˋ	女侍	13
ㄋㄩˇ ㄩㄥˋ	女用	13
ㄋㄞˇ ㄅㄚˋ	奶爸	13
ㄏㄠˇ ㄕˇ	好使	13
ㄏㄠˇ ㄐㄧㄚˋ	好價	13
ㄏㄠˇ ㄉㄨㄛ ㄖㄣˊ	好多人	13
ㄏㄠˇ ㄕㄠˇ	好少	13
ㄏㄠˇ ㄘㄞˇ ㄊㄡˊ	好彩頭	13
ㄏㄠˇ ㄐㄧㄤˇ	好講	13
ㄏㄠˇ ㄉㄧㄢˇ	好點	13
ㄖㄨˊ ㄒㄧˊ	如昔	13
ㄖㄨˊ ㄍㄨㄛˇ ㄏㄨㄟˋ	如果會	13
ㄐㄧˋ ㄋㄩˇ ㄏㄨˋ	妓女戶	13
ㄇㄧㄠˋ ㄈㄤ	妙方	13
ㄇㄧㄠˋ ㄌㄧㄥˊ	妙齡	13
ㄕˇ ㄗㄨㄛˋ ㄩㄥˇ ㄓㄜˇ	始作俑者	13
ㄍㄨ ㄇㄨˇ	姑母	13
ㄐㄧㄠ	姣	13
ㄐㄧㄠˇ	姣	13
ㄨㄟ ㄨㄤˋ	威望	13
ㄨㄚˊ ㄨㄚˊ ㄔㄜ	娃娃車	13
ㄏㄨㄣ ㄕˋ	婚事	13
ㄐㄧㄠ ㄎㄜˋ	嬌客	13
ㄗˋ ㄇㄛˊ	字模	13
ㄗˋ ㄇㄨˊ	字模	13
ㄗˋ ㄐㄧˊ	字集	13
ㄍㄨ ㄌㄧㄥˊ	孤零	13
ㄏㄞˊ ㄗ˙ ㄑㄧˋ	孩子氣	13
ㄏㄞˊ ㄊㄧˊ	孩提	13
ㄔㄢˊ ㄖㄨㄛˋ	孱弱	13
ㄗ ㄒㄧˊ	孳息	13
ㄒㄩㄝˊ ㄈㄣ ㄕㄨˋ	學分數	13
ㄌㄨㄢˊ ㄕㄥ	孿生	13
ㄌㄩㄢˊ ㄕㄥ	孿生	13
ㄕㄡˇ ㄧㄝˋ	守夜	13
ㄢ ㄎㄜˇ	安可	13
ㄢ ㄍㄜ ㄌㄚ	安哥拉	13
ㄢ ㄉㄧㄥˋ ㄒㄧㄚˋ ㄌㄞˊ	安定下來	13
ㄢ ㄔㄚ	安插	13
ㄢ ㄑㄧˊ	安琪	13
ㄢ ㄉㄧˊ	安迪	13
ㄢ ㄧㄤˇ ㄩㄢˋ	安養院	13
ㄗㄨㄥ ㄇㄧㄠˋ	宗廟	13
ㄗㄨㄥ ㄆㄞˋ	宗派	13
ㄍㄨㄢ ㄏㄨㄚˋ	官話	13
ㄉㄧㄥˋ ㄨㄟˋ ㄗㄞˋ	定位在	13
ㄉㄧㄥˋ ㄌㄧˋ	定力	13
ㄉㄧㄥˋ ㄒㄧㄣ	定心	13
ㄎㄜˋ ㄊㄠˋ	客套	13
ㄎㄜˋ ㄍㄨㄢ ㄒㄧㄥˋ	客觀性	13
ㄕˋ ㄋㄟˋ ㄩㄝˋ ㄊㄨㄢˊ	室內樂團	13
ㄍㄨㄥ ㄓㄨㄥ	宮中	13
ㄗㄞˇ ㄍㄜ	宰割	13
ㄐㄧㄚ ㄉㄠˋ	家道	13
ㄙㄨˋ ㄖㄨˊ	宿儒	13
ㄐㄧˋ ㄍㄨㄛˋ	寄過	13
ㄇㄧˋ ㄐㄧㄢˋ	密件	13
ㄇㄧˋ ㄅㄨˋ	密布	13
ㄇㄧˋ ㄏㄨㄟˋ	密會	13
ㄇㄧˋ ㄊㄜˋ ㄌㄤˇ	密特朗	13
ㄈㄨˋ ㄩㄢˊ	富源	13
ㄕˊ ㄕˋ ㄑㄧㄡˊ ㄕˋ	實事求是	13
ㄕˊ ㄌㄧˋ ㄆㄞˋ	實力派	13
ㄕˊ ㄕㄡ	實收	13
ㄕˊ ㄑㄩㄢˊ	實權	13
ㄕˊ ㄈㄚ	實發	13
ㄕˊ ㄐㄧ	實績	13
ㄕㄣˇ ㄩㄝˋ	審閱	13
ㄅㄠˇ ㄌㄞˊ	寶來	13
ㄅㄠˇ ㄌㄢˊ	寶藍	13
ㄕㄜˋ ㄔㄨ ㄌㄞˊ	射出來	13
ㄕㄜˋ ㄩㄢˊ	射源	13
ㄓㄨㄢ ㄕˋ	專事	13
ㄓㄨㄢ ㄎㄜ ㄒㄩㄝˊ ㄒㄧㄠˋ	專科學校	13
ㄉㄨㄟˋ ㄏㄠˋ	對號	13
ㄒㄧㄠˇ ㄕˋ ㄑㄧㄥˊ	小事情	13
ㄒㄧㄠˇ ㄖㄣˊ ㄍㄨㄛˊ	小人國	13
ㄒㄧㄠˇ ㄐㄧㄚ ㄏㄨㄛ	小傢伙	13
ㄒㄧㄠˇ ㄐㄧㄚ ㄏㄨㄛˇ	小傢伙	13
ㄒㄧㄠˇ ㄎㄡˇ	小口	13
ㄒㄧㄠˇ ㄏㄜˊ	小河	13
ㄒㄧㄠˇ ㄊㄧㄥˇ	小艇	13
ㄒㄧㄠˇ ㄉㄨˇ	小賭	13
ㄕㄠˋ ㄌㄧㄣˊ ㄙˋ	少林寺	13
ㄐㄧㄡˋ ㄓˇ ㄏㄨㄟˋ	就只會	13
ㄐㄧㄡˋ ㄏㄨㄟˊ ㄌㄞˊ	就回來	13
ㄋㄧㄠˋ ㄉㄞˋ	尿袋	13
ㄕ ㄍㄨˇ	屍骨	13
ㄕㄢ ㄧㄞˊ	山崖	13
ㄕㄢ ㄓㄣ	山珍	13
ㄕㄢ ㄕㄣˊ	山神	13
ㄕㄢ ㄩˋ	山芋	13
ㄧˋ ㄌㄧˋ ㄅㄨˋ ㄧㄠˊ	屹立不搖	13
ㄐㄧˊ ㄐㄧˊ ㄎㄜˇ ㄨㄟˊ	岌岌可危	13
ㄎㄨㄣ ㄐㄩˋ	崑劇	13
ㄎㄨㄣ ㄕㄢ	崑山	13
ㄎㄨㄣ ㄌㄨㄣˊ	崑崙	13
ㄒㄩㄣˊ ㄅㄨˇ	巡捕	13
ㄒㄩㄣˊ ㄈㄤˊ ㄐㄧㄢˋ	巡防艦	13
ㄍㄨㄥ ㄑㄩ	工區	13
ㄍㄨㄥ ㄧㄝˋ ㄅㄨˋ ㄇㄣˊ	工業部門	13
ㄗㄨㄛˇ ㄧㄡˋ ㄐㄧㄠˇ	左右腳	13
ㄗㄨㄛˇ ㄌㄨㄣˊ	左輪	13
ㄗㄨㄛˇ ㄓㄣˋ	左鎮	13
ㄨˊ ㄉㄨˊ ㄐㄧㄠˋ	巫毒教	13
ㄐㄧˇ ㄖㄣˋ	己任	13
ㄧˇ ㄨㄤˇ	已往	13
ㄒㄧㄤˋ ㄗ˙ ㄌㄧˇ	巷子裡	13
ㄕˋ ㄒㄧㄥˊ ㄉㄚˋ	市刑大	13
ㄒㄧ ㄅㄛˊ ㄌㄞˊ	希伯來	13
ㄒㄧ ㄦˇ ㄉㄨㄣˋ	希爾頓	13
ㄆㄚˋ ㄇㄧˇ ㄦˇ	帕米爾	13
ㄕ ㄉㄚˋ ㄈㄨˋ ㄓㄨㄥ	師大附中	13
ㄒㄧˊ ㄉㄧˋ ㄦˊ ㄗㄨㄛˋ	席地而坐	13
ㄉㄞˋ ㄗㄞˋ	帶在	13
ㄉㄞˋ ㄌㄨˋ	帶路	13
ㄈㄢ	幡	13
ㄍㄢ ㄅㄟˋ	干貝	13
ㄆㄧㄥˊ ㄧ	平一	13
ㄆㄧㄥˊ ㄒㄧ ㄒㄧㄤ	平溪鄉	13
ㄆㄧㄥˊ ㄧˊ	平移	13
ㄋㄧㄢˊ ㄐㄧㄡˇ ㄕ ㄒㄧㄡ	年久失修	13
ㄋㄧㄢˊ ㄩㄣˋ	年運	13
ㄏㄨㄢˋ ㄇㄥˋ	幻夢	13
ㄐㄧˇ ㄐㄧㄢˋ ㄕˋ	幾件事	13
ㄐㄧˇ ㄋㄟˋ ㄧㄚˇ	幾內亞	13
ㄐㄧˇ ㄩㄝˋ	幾月	13
ㄐㄧˇ ㄉㄨㄢˋ	幾段	13
ㄐㄧˇ ㄏㄠˋ	幾號	13
ㄐㄧˇ ㄐㄧˊ	幾集	13
ㄒㄩˋ ㄧㄢˊ	序言	13
ㄎㄞˋ	愾	13
ㄉㄨㄟˋ	懟	13
ㄑㄧㄢˊ	掮	13
ㄧㄝˊ	揶	13
ㄇㄧㄠˇ	杳	13
ㄧㄠˇ	杳	13
ㄅㄚ˙	杷	13
ㄆㄚˊ	杷	13
ㄓㄨˋ	杼	13
ㄆㄧˊ	枇	13
ㄌㄧㄢˋ	楝	13
ㄒㄧㄣ	歆	13
ㄇㄣ	燜	13
ㄇㄣˋ	燜	13
ㄒㄧㄝˋ	燮	13
ㄊㄚˋ	獺	13
ㄉㄞˋ	玳	13
ㄇㄟˋ	瑁	13
ㄇㄠˋ	瑁	13
ㄏㄨㄤˊ	璜	13
ㄑㄧˊ	畦	13
ㄒㄧ	畦	13
ㄐㄧ	畿	13
ㄧˊ	痍	13
ㄩ	瘀	13
ㄩˊ	盂	13
ㄋㄧˋ	睨	13
ㄅㄞˋ	稗	13
ㄅㄧˋ	稗	6.351308576902391
ㄔ	笞	13
ㄘㄨㄢˋ	篡	13
ㄓㄨㄤ	粧	13
ㄧˋ	肄	13
ㄊㄧㄢˇ	腆	13
ㄕˋ	舐	13
ㄖㄣˇ	荏	13
ㄐㄧㄢ	菅	13
ㄉㄡˇ	蚪	13
ㄐㄩ	蛆	6.351308576902391
ㄑㄩ	蛆	13
ㄎㄜ	蝌	13
ㄇㄧㄝˋ	衊	13
ㄑㄩˊ	衢	13
ㄅㄟ	裨	6.351308576902391
ㄅㄧˋ	裨	13
ㄆㄧˊ	裨	6.351308576902391
ㄈㄨˋ	褔	13
ㄌㄢˊ	襤	13
ㄔㄣˊ	諶	13
ㄋㄢˇ	赧	13
ㄓㄜˇ	赭	13
ㄆㄟˋ	轡	13
ㄇㄧㄥˊ	酩	13
ㄒㄧ	醯	13
ㄒㄧˋ	醯	13
ㄍㄜˋ	鉻	13
ㄏㄢˋ	銲	13
ㄒㄧㄡˋ	銹	13
ㄌㄧㄢˊ	鎌	13
ㄐㄧㄚ	鎵	13
ㄎㄨㄟˋ	餽	13
ㄈㄨˋ	馥	13
ㄈㄨˋ	駙	13
ㄌㄨㄛˊ	騾	13
ㄋㄧㄢˇ	鯰	13
ㄘㄤ	傖	12
ㄧˋ	刈	12
ㄅㄧㄢˋ	卞	12
ㄕㄣˇ	哂	12
ㄅㄞˋ	唄	12
ㄅㄟ˙	唄	12
ㄠˊ	嗷	12
ㄖㄨˊ	嚅	12
ㄩㄥ	墉	12
ㄏㄨㄢˊ	嬛	12
ㄒㄩㄢ	嬛	12
ㄆㄧㄣˊ	嬪	12
ㄇㄧˋ	宓	12
ㄆㄠˊ	庖	12
ㄕˋ	弒	12
ㄨˇ	忤	12
ㄨˇ	捂	12
ㄐㄧㄥ	旌	12
ㄒㄧ	晞	12
ㄇㄧㄥˊ	暝	12
ㄇㄧㄥˋ	暝	6.351308576902391
ㄓㄠˋ	棹	12
ㄓㄨㄛ	棹	12
ㄑㄧㄣˊ	檎	12
ㄌㄧㄥˊ	櫺	12
ㄧㄣ	氤	12
ㄩㄣ	氳	12
ㄊㄧㄢˊ	沺	12
ㄐㄧㄥ	涇	12
ㄘㄣˊ	涔	12
ㄌㄧㄥˊ	淩	12
ㄘㄨㄟˋ	淬	12
ㄐㄩˊ	焗	12
ㄉㄧˊ	犒	12
ㄎㄠˋ	犒	12
ㄉㄧㄢˋ	玷	12
ㄩㄥˇ	甬	12
ㄕㄢˋ	疝	12
ㄓˋ	痔	12
ㄑㄩㄝˊ	瘸	12
ㄌㄡˊ	瞜	12
ㄘㄢˋ	粲	12
ㄕㄡˋ	綬	12
ㄧㄥ	罌	12
ㄧㄢ	胭	12
ㄩㄥ	臃	12
ㄩㄥˇ	臃	12
ㄈㄟˋ	芾	12
ㄈㄨˊ	芾	12
ㄧㄠˋ	葯	12
ㄐㄧˋ	薊	12
ㄌㄧˊ	藜	12
ㄌㄧㄥˊ	蛉	12
ㄐㄧㄚˊ	蛺	12
ㄕ	蝨	12
ㄏㄜˊ	覈	12
ㄍㄨˇ	詁	12
ㄡ	謳	12
ㄗㄣˋ	譖	12
ㄔㄢˊ	讒	12
ㄐㄩˇ	踽	12
ㄕˋ	軾	12
ㄜˋ	鄂	12
ㄩㄥ	鄘	12
ㄧㄡˇ	酉	12
ㄌㄧˇ	醴	12
ㄑㄧㄢˊ	鈐	12
ㄓㄚˊ	鍘	12
ㄎㄞˇ	鎧	12
ㄕㄨㄛˋ	鑠	12
ㄑㄧㄡ	鞦	12
ㄑㄧㄢ	韆	12
ㄓㄨㄢˋ	饌	12
ㄏㄨㄚˊ	驊	12
ㄒㄧˋ	鬩	12
ㄒㄩㄝˇ	鱈	12
ㄈㄨˊ	鳧	12
ㄎㄤˋ	伉	11
ㄊㄧㄠˊ	佻	11
ㄈㄤˇ	倣	11
ㄓㄨㄛˊ	倬	11
ㄌㄧˋ	唳	11
ㄩㄥˊ	喁	11
ㄌㄧㄥˊ	囹	11
ㄩˇ	圄	11
ㄎㄨㄣˇ	壼	11
ㄓㄣˋ	娠	11
ㄔㄣˊ	娠	11
ㄕㄣ	娠	11
ㄅㄟˋ	孛	11
ㄐㄧ	屐	11
ㄇㄧㄣˊ	岷	11
ㄈㄨˊ	巿	11
ㄨㄛˋ	幄	11
ㄧㄢˋ	懨	11
ㄅㄚ	捌	11
ㄓㄨㄛˊ	斲	11
ㄉㄧˋ	旳	11
ㄇㄠˇ	昴	11
ㄨㄟˇ	暐	11
ㄑㄧ	槭	11
ㄘㄨˋ	槭	11
ㄗㄨㄣ	樽	11
ㄊㄧㄢˇ	殄	11
ㄌㄧㄢˋ	殮	11
ㄋㄠˋ	淖	11
ㄋㄢˇ	湳	11
ㄊㄥˊ	滕	11
ㄌㄨㄥˊ	瀧	11
ㄧㄤˊ	煬	11
ㄧㄤˋ	煬	11
ㄩˋ	燠	11
ㄆㄧㄣˋ	牝	11
ㄐㄧㄥˇ	璟	11
ㄍㄨㄟ	皈	11
ㄆㄧㄠˇ	瞟	11
ㄙㄜˋ	穡	11
ㄋㄢˇ	腩	11
ㄋㄧㄝˋ	臬	11
ㄔㄨㄢˇ	舛	11
ㄕㄠˊ	芍	11
ㄜˊ	莪	11
ㄕㄨˊ	菽	11
ㄆㄚ	葩	11
ㄨㄟ	葳	11
ㄓㄣ	蓁	11
ㄧˋ	薏	11
ㄡˇ	藕	11
ㄏㄨㄥˊ	訌	11
ㄔㄢˇ	諂	11
ㄓㄜˊ	謫	11
ㄑㄧ	谿	11
ㄒㄧ	谿	11
ㄔㄞˊ	豺	11
ㄅㄣ	賁	11
ㄅㄧˋ	賁	11
ㄘㄨˋ	蹙	11
ㄆㄨˊ	蹼	11
ㄉㄨㄣˇ	躉	11
ㄓˋ	躓	11
ㄉㄧㄥ	酊	11
ㄉㄧㄥˇ	酊	11
ㄆㄛˋ	醱	11
ㄐㄩㄢ	鐫	11
ㄉㄤ	鐺	11
ㄊㄨㄣˊ	飩	11
ㄏㄨㄣˊ	餛	11
ㄙˋ	駟	11
ㄑㄧˊ	騏	11
ㄕㄞˇ	骰	11
ㄜˋ	鶚	11
ㄌㄧˊ	鸝	11
ㄇㄧˊ	麋	11
ㄐㄧㄥˇ	儆	10
ㄔˋ	哧	10
ㄒㄧㄢˊ	啣	10
ㄔㄢˇ	嘽	10
ㄘㄥ	噌	10
ㄉㄚˊ	噠	10
ㄑㄧˊ	墘	10
ㄘㄨㄛˊ	嵯	10
ㄖㄨㄥˊ	嶸	10
ㄅㄧˋ	弼	10
ㄊㄧㄢˇ	忝	10
ㄏㄨˋ	怙	10
ㄌㄧㄥˊ	怜	10
ㄑㄧㄢ	愆	10
ㄇㄣˋ	懣	10
ㄇㄧㄣˇ	抿	10
ㄕㄠ	捎	10
ㄓㄨ	櫫	10
ㄓㄨㄛˊ	焯	10
ㄍㄥ	焿	10
ㄌㄧㄣˊ	燐	10
ㄩㄣˇ	狁	10
ㄓㄥ	猙	10
ㄒㄧㄢˇ	玁	10
ㄒㄩㄢˊ	玹	10
ㄋㄠˇ	瑙	10
ㄌㄠˊ	癆	10
ㄏㄨˋ	祜	10
ㄍㄡ	篝	10
ㄅㄧˋ	篳	10
ㄊㄢˊ	罈	10
ㄌㄟˊ	羸	10
ㄐㄧㄚˇ	胛	10
ㄌㄨˊ	臚	10
ㄇㄨˋ	苜	10
ㄈㄨˊ	茀	10
ㄙㄨㄣ	蓀	10
ㄅㄧˋ	蓖	10
ㄏㄨㄛˋ	藿	10
ㄏㄥˊ	蘅	10
ㄖㄨㄟˋ	蚋	10
ㄈㄨˊ	蜉	10
ㄨㄟˋ	蝟	10
ㄠˊ	螯	10
ㄒㄩㄣˊ	蟳	10
ㄌㄧˋ	蠣	10
ㄇㄠˋ	袤	10
ㄔㄥˊ	裎	10
ㄩˊ	諛	10
ㄗㄠˋ	譟	10
ㄅㄧㄣ	豳	10
ㄉㄨㄛˋ	跺	10
ㄊㄧˋ	逖	10
ㄠˊ	鏖	10
ㄆㄟˋ	霈	10
ㄆㄧㄣˊ	顰	10
ㄑㄩㄢˊ	顴	10
ㄒㄧㄤˇ	餉	10
ㄅㄧˋ	駜	10
ㄒㄧㄥ	騂	10
ㄒㄧㄠ	驍	10
ㄏㄨㄥ	魟	10
ㄈㄟ	鯡	10
ㄈㄟˋ	鯡	10
ㄓ	鴟	10
ㄔ	鴟	10
ㄌㄨˇ	鹵	10
ㄕㄜˋ	麝	10
ㄏㄨㄟ	麾	10
ㄧㄡˋ	鼬	10
ㄐㄩˇ	齟	10
ㄇㄛˋ	万	9
ㄨㄢˋ	万	9
ㄨㄟˇ	亹	9
ㄨㄟˋ	亹	9
ㄆㄧˇ	仳	9
ㄙˋ	兕	9
ㄧㄢˋ	唁	9
ㄍㄜˊ	嗝	9
ㄏㄨㄟˋ	嘒	9
ㄉㄧˇ	坻	9
ㄔˊ	坻	9
ㄉㄨㄛˇ	垛	9
ㄉㄨㄛˋ	垛	9
ㄍㄥˇ	埂	9
ㄑㄧㄤˊ	墻	9
ㄖㄣˋ	妊	9
ㄕˋ	媞	9
ㄕㄢˋ	嬗	9
ㄒㄧㄡˋ	岫	9
ㄔㄢˊ	巉	9
ㄙˋ	巳	9
ㄒㄧㄝˋ	廨	9
ㄊㄠ	慆	9
ㄆㄨ	扑	9
ㄊㄤˊ	搪	9
ㄊㄨㄢˊ	摶	9
ㄉㄧˋ	杕	9
ㄍㄨㄞˇ	柺	9
ㄇㄛˋ	歿	9
ㄑㄧˋ	汔	9
ㄑㄧㄡˊ	泅	9
ㄔㄨˊ	滁	9
ㄧㄥˊ	瀅	9
ㄧㄥˋ	瀅	9
ㄌㄞˋ	癩	9
ㄐㄧㄢˇ	瞼	9
ㄐㄧㄝˊ	碣	9
ㄓㄡˋ	籀	9
ㄅㄧㄢ	籩	9
ㄏㄨㄤ	肓	9
ㄕㄢ	舢	9
ㄕ	蓍	9
ㄖㄨㄟˊ	蕤	9
ㄏㄨㄥ	薨	9
ㄓㄨ	藷	9
ㄕㄨˇ	藷	9
ㄧㄡˊ	蝣	9
ㄔㄢˊ	蟾	9
ㄋㄚˋ	衲	9
ㄍㄨㄣˇ	袞	9
ㄑㄧㄤˇ	襁	9
ㄑㄧˋ	訖	9
ㄗˇ	訾	9
ㄏㄨㄣˋ	諢	9
ㄗㄡ	謅	9
ㄍㄞ	賅	9
ㄉㄚ	躂	9
ㄊㄚˋ	躂	9
ㄖㄣˋ	軔	9
ㄨ	鄔	9
ㄧ	銥	9
ㄊㄧㄥˇ	鋌	9
ㄕㄚ	鎩	9
ㄅㄧˋ	陛	9
ㄊㄧˊ	隄	9
ㄏㄨˊ	餬	9
ㄎㄨㄢ	髖	9
ㄑㄩㄢˊ	鬈	9
ㄔㄨㄣˊ	鶉	9
ㄧㄠˋ	鷂	9
ㄓㄨˇ	麈	9
ㄩˇ	齬	9
ㄌㄧㄥˊ	〇	8
ㄉㄧㄥ	仃	8
ㄨㄚˇ	佤	8
ㄑㄩㄢˊ	佺	8
ㄧˋ	佾	8
ㄔㄨˋ	俶	8
ㄍㄨㄢ	倌	8
ㄒㄧㄠˋ	傚	8
ㄤˊ	卬	8
ㄧㄤˇ	卬	8
ㄜˋ	咢	8
ㄇㄡˊ	哞	8
ㄑㄧㄣˊ	噙	8
ㄓㄨㄢˇ	囀	8
ㄅㄧˇ	妣	8
ㄖㄠˊ	嬈	8
ㄓˋ	寘	8
ㄍㄨㄛˊ	幗	8
ㄧˋ	弈	8
ㄧㄤˋ	怏	8
ㄧˋ	悒	8
ㄊㄜˋ	慝	8
ㄌㄧㄠˋ	撂	8
ㄌㄩㄝˋ	撂	6.351308576902391
ㄋㄧㄢˇ	攆	8
ㄏㄨˊ	斛	8
ㄓㄢ	旃	8
ㄆㄟˋ	旆	8
ㄓㄠˋ	旐	8
ㄓ	枳	6.351308576902391
ㄓˇ	枳	8
ㄗㄨㄛˋ	柞	8
ㄆㄥˋ	椪	8
ㄇㄠˋ	楙	8
ㄏㄞˋ	氦	8
ㄈㄣˊ	汾	8
ㄧㄤ	泱	8
ㄍㄨㄤ	洸	8
ㄏㄨㄤˇ	洸	8
ㄌㄧˇ	浬	8
ㄍㄢˋ	淦	8
ㄒㄩˇ	湑	8
ㄘㄠˊ	漕	8
ㄊㄨㄥˊ	潼	8
ㄏㄠˊ	濠	8
ㄧㄢˋ	灩	8
ㄩㄝˋ	玥	8
ㄐㄩㄝˊ	玨	8
ㄅㄧˋ	畀	8
ㄓㄞˋ	砦	8
ㄅㄧㄢ	砭	8
ㄖㄤˊ	穰	8
ㄙㄨㄛ	簑	8
ㄕㄨˇ	糬	8
ㄏㄨㄥˊ	紘	8
ㄧˋ	縊	8
ㄨㄤˇ	网	8
ㄒㄧˋ	翕	8
ㄡˇ	耦	8
ㄉㄨㄥˋ	胴	8
ㄑㄧㄢˋ	芡	8
ㄘˋ	莿	8
ㄕˊ	蒔	8
ㄅㄛˋ	薜	8
ㄅㄧˋ	薜	8
ㄌㄟˇ	藟	8
ㄓㄜˊ	蜇	8
ㄔㄨˊ	蜍	8
ㄇㄧㄥˊ	螟	8
ㄓㄜ	螫	8
ㄕˋ	螫	6.351308576902391
ㄇㄥˇ	蠓	8
ㄏㄠˊ	蠔	8
ㄐㄧㄣ	觔	8
ㄐㄩˋ	詎	8
ㄔˇ	豉	8
ㄕˋ	豉	8
ㄌㄧˇ	豊	8
ㄕㄜ	賒	8
ㄑㄧㄡˊ	遒	8
ㄩˋ	遹	8
ㄌㄚˊ	邋	8
ㄓㄨ	銖	8
ㄌㄞˊ	錸	8
ㄊㄤ	鏜	8
ㄊㄤˊ	鏜	8
ㄍㄜˊ	閤	8
ㄏㄜˊ	閤	8
ㄙㄨㄣ	飧	8
ㄎㄨㄟˊ	騤	8
ㄌㄧㄡˊ	騮	8
ㄈㄤˊ	魴	8
ㄍㄥˇ	鯁	8
ㄅㄠˇ	鴇	8
ㄍㄨˇ	鵠	8
ㄏㄨˊ	鵠	8
ㄓㄜˋ	鷓	8
ㄐㄧㄠ	鷦	8
ㄑㄩˊ	麴	8
ㄒㄧㄚˊ	黠	8
ㄉㄢˇ	丼	7
ㄐㄧㄥˇ	丼	7
ㄉㄢˇ	亶	7
ㄩㄣˊ	伝	7
ㄕㄜˊ	佘	7
ㄩˇ	俁	7
ㄗㄨˇ	俎	7
ㄊㄧˋ	倜	7
ㄐㄧㄝˊ	偈	7
ㄌㄡˊ	僂	7
ㄊㄨㄥˊ	僮	7
ㄎㄨㄞˋ	儈	7
ㄊㄤˇ	儻	7
ㄨㄣˇ	刎	7
ㄆㄠˊ	匏	7
ㄉㄢˋ	啖	7
ㄌㄤ	啷	7
ㄒㄧˇ	囍	7
ㄆㄧˇ	圮	7
ㄑㄧˊ	圻	7
ㄆㄟ	坏	7
ㄆㄧ	坏	6.351308576902391
ㄏㄨㄞˋ	坏	6.351308576902391
ㄧㄠˊ	垚	7
ㄓㄡˊ	妯	7
ㄉㄧˊ	嫡	7
ㄐㄩˋ	屨	7
ㄒㄩㄣ	峋	7
ㄒㄩㄣˊ	峋	7
ㄓㄥ	崢	7
ㄌㄧㄣˊ	嶙	7
ㄊㄨㄛˇ	庹	7
ㄊㄨㄢˋ	彖	7
ㄉㄠ	忉	7
ㄊㄜˋ	忒	7
ㄧㄣ	慇	7
ㄕㄨˋ	戍	7
ㄓㄨㄞ	拽	7
ㄓㄨㄞˋ	拽	7
ㄧㄝˋ	拽	7
ㄍㄨㄚˋ	挂	7
ㄌㄜˋ	捋	7
ㄌㄨㄛ	捋	7
ㄌㄩˇ	捋	7
ㄉㄧㄢ	掂	7
ㄧˋ	掖	7
ㄧㄚˋ	揠	7
ㄍㄡˋ	搆	7
ㄒㄧㄥˇ	擤	7
ㄧˋ	斁	7
ㄩˊ	旟	7
ㄓㄜ	晢	7
ㄓㄜˊ	晢	7
ㄓㄜ˙	晢	7
ㄎㄨㄟˊ	暌	7
ㄧㄝˋ	曄	7
ㄐㄧㄡˋ	柩	7
ㄑㄧ	栖	7
ㄈㄨˊ	桴	7
ㄘㄨㄥˋ	欉	7
ㄓˇ	沚	7
ㄙˋ	泗	7
ㄒㄩㄢˋ	泫	7
ㄡˋ	漚	7
ㄨㄚ	漥	7
ㄧㄢˋ	焱	7
ㄨㄟ	煨	7
ㄧㄥˊ	熒	7
ㄈㄢˊ	燔	7
ㄅㄢˋ	爿	7
ㄑㄧㄤˊ	爿	7
ㄏㄥˊ	珩	7
ㄉㄤ	璫	7
ㄩˋ	瘉	7
ㄈㄟˋ	癈	7
ㄍㄨˇ	瞽	7
ㄑㄧˋ	磧	7
ㄒㄧㄠˇ	篠	7
ㄍㄢˋ	紺	7
ㄑㄩㄢˇ	綣	7
ㄗ	緇	7
ㄗㄨㄢˇ	纘	7
ㄙˋ	耜	7
ㄤ	腌	7
ㄧㄢ	腌	6.351308576902391
ㄈㄡˊ	芣	7
ㄧˇ	苡	7
ㄍㄡˇ	茍	7
ㄊㄨㄥˊ	茼	7
ㄔㄤ	菖	7
ㄏㄠ	蒿	7
ㄧˋ	蓺	7
ㄊㄨㄛˋ	蘀	7
ㄑㄧˊ	蘄	7
ㄇㄥˊ	虻	7
ㄕㄣˋ	蜃	7
ㄌㄡˊ	螻	7
ㄌㄧㄢˊ	蠊	7
ㄑㄧㄣ	衾	7
ㄕㄚ	裟	7
ㄏㄨㄟ	褘	7
ㄔˇ	褫	7
ㄧˊ	詒	7
ㄐㄧㄢˇ	謇	7
ㄔㄡˊ	讎	7
ㄌㄧㄡ	蹓	7
ㄌㄧㄡˋ	蹓	7
ㄅㄧㄝˊ	蹩	7
ㄓㄣˇ	軫	7
ㄓˋ	輊	7
ㄧˇ	迤	7
ㄧˊ	迤	7
ㄔㄨㄢˊ	遄	7
ㄖㄠˋ	遶	7
ㄩㄝˋ	鉞	7
ㄇㄥˇ	錳	7
ㄉㄨㄣ	鐓	7
ㄆㄛ	陂	7
ㄆㄧˊ	陂	7
ㄉㄚˊ	韃	7
ㄒㄧㄠ	魈	7
ㄍㄨ	鴣	7
ㄊㄧˊ	鵜	7
ㄊㄧˋ	鵜	7
ㄔˇ	鶒	7
ㄌㄧㄠˊ	鷚	7
ㄑㄧㄢˊ	黔	7
ㄨˊ	鼯	7
ㄩˇ	与	6
ㄎㄡˋ	佝	6
ㄐㄩˋ	倨	6
ㄋㄨㄛˊ	儺	6
ㄓㄨㄥˇ	冢	6
ㄑㄩˊ	劬	6
ㄋㄠˊ	呶	6
ㄍㄢ	咁	6
ㄏㄨㄤˊ	喤	6
ㄕㄚˋ	嗄	6
ㄍㄨˇ	嘏	6
ㄇㄚˇ	嘜	6
ㄇㄛˋ	嘜	6
ㄩㄝ	噦	6
ㄋㄧㄝˋ	嚙	6
ㄋㄧㄝˋ	囁	6
ㄋㄤ	囔	6
ㄋㄤ˙	囔	6
ㄑㄧˊ	埼	6
ㄎㄨㄟˊ	夔	6
ㄌㄧㄢˊ	奩	6
ㄌㄧˇ	娌	6
ㄧㄥˊ	嬴	6
ㄌㄩㄢˇ	孌	6
ㄅㄠ	孢	6
ㄉㄧㄠ	彫	6
ㄋㄧˊ	怩	6
ㄖㄣˋ	恁	6
ㄘㄢˇ	憯	6
ㄐㄧˊ	戢	6
ㄑㄧㄝˋ	挈	6
ㄉㄨㄛ	掇	6.351308576902391
ㄉㄨㄛˊ	掇	6
ㄉㄨㄛ˙	掇	6.351308576902391
ㄍㄨㄢˋ	摜	6
ㄉㄢˇ	撢	6
ㄇㄠˊ	旄	6
ㄇㄠˋ	旄	6
ㄓㄠ	晁	6
ㄓㄠˋ	晁	6
ㄔㄠˊ	晁	6
ㄏㄜˋ	暍	6
ㄑㄧ	柒	6
ㄏㄤˊ	桁	6
ㄏㄥˊ	桁	6
ㄩˋ	棫	6
ㄐㄩˇ	櫸	6
ㄒㄧ	欷	6
ㄕㄤ	殤	6
ㄑㄧㄡˊ	毬	6
ㄔㄤˇ	氅	6
ㄇㄟˋ	沬	6
ㄅㄥˋ	泵	6
ㄌㄧㄝˋ	洌	6
ㄨㄟˇ	洧	6
ㄓㄨㄛˊ	浞	6
ㄅㄛˊ	渤	6
ㄔㄥˊ	澂	6
ㄩㄣˊ	澐	6
ㄓㄨˋ	炷	6
ㄏㄨㄥ	焢	6
ㄏㄨㄟ	煇	6
ㄒㄧㄢˇ	燹	6
ㄧㄡˇ	牖	6
ㄐㄧ	犄	6
ㄩˇ	瑀	6
ㄆㄠˋ	皰	6
ㄅㄧˋ	睥	6
ㄌㄨㄥˊ	矓	6
ㄒㄧ	硒	6
ㄓㄜˊ	磔	6
ㄧㄣ	禋	6
ㄩˊ	禺	6
ㄩˋ	禺	6
ㄇㄛˋ	秣	6
ㄍㄢˇ	稈	6
ㄏㄨㄥˊ	竑	6
ㄍㄡˇ	笱	6
ㄓㄨˋ	箸	6
ㄨㄢˇ	綰	6
ㄇㄧㄠˇ	緲	6
ㄆㄧㄠˇ	縹	6
ㄑㄧㄢˇ	繾	6
ㄐㄩ	罝	6
ㄅㄧㄠ	羆	6
ㄆㄧˊ	羆	6
ㄍㄨㄥ	肱	6
ㄓ	胝	6
ㄆㄧㄢˊ	胼	6
ㄒㄧㄢˊ	舷	6
ㄑㄧˇ	芑	6
ㄨㄢˇ	菀	6
ㄈㄥ	葑	6
ㄐㄧㄚ	葭	6
ㄨㄥˇ	蓊	6
ㄅㄛˋ	蘗	6
ㄋㄧㄝˋ	蘗	6
ㄙ	虒	6
ㄏㄨㄟˇ	虺	6
ㄔ	蚩	6
ㄑㄧㄤ	蜣	6
ㄔㄞˋ	蠆	6
ㄑㄧˊ	蠐	6
ㄍㄨㄥ	觥	6
ㄒㄩ	訏	6
ㄍㄠˋ	誥	6
ㄜˋ	諤	6
ㄈㄨ	跗	6
ㄓㄨㄞˇ	跩	6
ㄕˋ	跩	6.351308576902391
ㄓˊ	躑	6
ㄊㄚˋ	遢	6
ㄊㄚ˙	遢	6
ㄌㄧˇ	邐	6
ㄧㄝˋ	鄴	6
ㄉㄧㄢˋ	鈿	6
ㄅㄛˊ	鉑	6
ㄓㄣ	鍼	6
ㄌㄧㄠˊ	鐐	6
ㄌㄩˊ	閭	6
ㄑㄩㄝˋ	闋	6
ㄨㄟ	隈	6
ㄐㄩ	雎	6
ㄐㄧˋ	霽	6
ㄉㄚˊ	靼	6
ㄕㄜˋ	韘	6
ㄏㄢˋ	頜	6
ㄋㄧㄝˋ	顳	6
ㄅㄛˊ	餑	6
ㄋㄨˊ	駑	6
ㄈㄟ	騑	6
ㄠˊ	驁	6
ㄠˋ	驁	6
ㄘㄢ	驂	6
ㄍㄨㄢ	鰥	6
ㄏㄡˋ	鱟	6
ㄧㄢˋ	鴈	6
ㄨㄥ	鶲	6
ㄧ	鷖	6
ㄆㄧˋ	鷿	6
ㄏㄟ	黒	6
ㄏㄡ	齁	6
ㄨㄛˋ	齷	6
ㄖㄣˋ	仞	5
ㄐㄧˊ	佶	5
ㄎㄨㄥ	倥	5
ㄎㄨㄥˇ	倥	5
ㄙ	偲	5
ㄗㄨㄥˇ	傯	5
ㄉㄤˇ	党	5
ㄨㄢˋ	卍	5
ㄓㄡ	啁	5
ㄗㄡ	啁	5
ㄉㄧㄥˋ	啶	5
ㄙㄡ	嗖	5
ㄐㄩㄝ	噘	5
ㄞˋ	噯	5
ㄧㄥ	嚶	5
ㄧˊ	圯	5
ㄙㄠˇ	埽	5
ㄩˋ	堉	5
ㄕˋ	奭	5
ㄍㄡˋ	媾	5
ㄋㄧㄠˇ	嬝	5
ㄧㄢˇ	嬿	5
ㄧㄢˋ	嬿	5
ㄨㄟ	崴	5
ㄇㄟˊ	嵋	5
ㄓㄤˋ	嶂	5
ㄧㄠˊ	嶢	5
ㄨㄟˊ	幃	5
ㄙㄡ	廋	5
ㄌㄧㄣˇ	廩	5
ㄩˋ	彧	5
ㄒㄩㄣˊ	徇	5
ㄒㄩㄣˋ	徇	5
ㄓˋ	忮	5
ㄒㄧㄣ	忻	5
ㄒㄩㄣˊ	恂	5
ㄧˋ	懌	5
ㄏㄢˋ	扞	5
ㄊㄨㄛ	扥	5
ㄉㄧˇ	扺	5
ㄋㄚˊ	拏	5
ㄊㄠ	搯	5
ㄅㄧㄠ	摽	5
ㄆㄧㄠˇ	摽	5
ㄋㄧㄢˇ	撚	5
ㄎㄠˇ	攷	5
ㄍㄨㄥˇ	栱	5
ㄔㄨㄟˊ	棰	5
ㄈㄣ	棻	5
ㄐㄧˊ	楫	5
ㄧㄥˊ	楹	5
ㄍㄠˇ	槁	5
ㄐㄧㄡ	樛	5
ㄒㄧˊ	檄	5
ㄉㄧ	氐	5
ㄉㄧˇ	氐	5
ㄇㄧㄢˇ	沔	5
ㄉㄧㄢˋ	淀	5
ㄆㄧˋ	淠	5
ㄇㄧㄢˇ	湎	5
ㄎㄜˋ	溘	5
ㄇㄧㄥˊ	溟	5
ㄕㄢ	潸	5
ㄕㄨˋ	澍	5
ㄏㄠˋ	澔	5
ㄌㄧㄢˋ	瀲	5
ㄒㄧㄚˊ	狎	5
ㄓㄤ	獐	5
ㄌㄧㄠˊ	獠	5
ㄌㄨㄛˋ	珞	5
ㄩㄢˋ	瑗	5
ㄘㄨㄥ	璁	5
ㄌㄧㄣˊ	璘	5
ㄞˋ	璦	5
ㄓㄣˇ	畛	5
ㄧㄣ	瘖	5
ㄏㄨㄢˇ	皖	5
ㄨㄢˇ	皖	5
ㄏㄜˊ	盍	5
ㄒㄩ	盱	5
ㄙㄨㄟ	睢	5
ㄆㄥˊ	硼	5
ㄧ	禕	5
ㄙㄨㄥˇ	竦	5
ㄩˊ	竽	5
ㄗˇ	笫	5
ㄎㄨㄥ	箜	5
ㄏㄡˊ	篌	5
ㄉㄢ	簞	5
ㄩㄝˋ	籥	5
ㄆㄛˋ	粕	5
ㄩ	紆	5
ㄍㄠˇ	縞	5
ㄖㄨˋ	縟	5
ㄓㄡˋ	胄	5
ㄌㄚˋ	腊	5
ㄒㄧˊ	腊	5
ㄌㄨㄢˊ	臠	5
ㄐㄧˊ	芨	5
ㄐㄧㄠ	茭	5
ㄒㄧㄢˋ	莧	5
ㄔㄤˊ	萇	5
ㄜˋ	萼	5
ㄙㄨㄛ	蓑	5
ㄙㄨˋ	蓿	5
ㄑㄧㄠˊ	蕎	5
ㄗㄨㄟˋ	蕞	5
ㄑㄧㄡˊ	虯	5
ㄏㄨㄟˊ	蛔	5
ㄒㄧㄢˇ	蜆	5
ㄒㄧㄢˋ	蜆	5
ㄇㄠˊ	蟊	5
ㄆㄢˊ	蟠	5
ㄧˊ	衪	5
ㄑㄧˊ	衹	5
ㄐㄧㄚ	袈	5
ㄐㄩ	裾	5
ㄐㄩㄥˇ	褧	5
ㄌㄧˊ	貍	5
ㄒㄩㄝˊ	踅	5
ㄔˋ	踅	5
ㄩㄥˇ	踊	5
ㄉㄧㄢˋ	踮	5
ㄓㄨˊ	躅	5
ㄍㄨˇ	轂	5
ㄇㄧㄠˇ	邈	5
ㄑㄩㄥˊ	邛	5
ㄐㄧㄠˇ	鉸	5
ㄧㄣ	銦	5
ㄐㄧㄚˊ	鋏	5
ㄗ	錙	5
ㄨ	鎢	5
ㄨˋ	鎢	5
ㄌㄨㄛˇ	鎯	5
ㄑㄩˋ	闃	5
ㄓˇ	阯	5
ㄐㄩˊ	鞫	5
ㄨㄟˇ	韙	5
ㄑㄧˊ	頎	5
ㄩㄥˊ	顒	5
ㄓㄨㄢ	顓	5
ㄧㄢˋ	饜	5
ㄎㄨㄟˊ	馗	5
ㄗㄡ	騶	5
ㄒㄧㄤ	驤	5
ㄌㄧˊ	鱺	5
ㄕ	鳲	5
ㄩˋ	鴥	5
ㄐㄩㄣ	麇	5
ㄔㄨㄛˋ	齪	5
ㄧˋ	仡	4
ㄊㄨㄥˊ	侗	4
ㄑㄧㄢ	僉	4
ㄅㄧㄠ	儦	4
ㄌㄨㄛˊ	儸	4
ㄨㄢ	剜	4
ㄍㄨㄚˇ	剮	4
ㄊㄨㄣ	啍	4
ㄘㄨㄟˋ	啐	4
ㄊㄠˊ	啕	4
ㄋㄨㄛˋ	喏	4
ㄖㄜˇ	喏	4
ㄧㄠ	喓	4
ㄌㄧㄤˋ	喨	4
ㄏㄠˊ	嗥	4
ㄅㄧㄠ	嘌	4
ㄎㄨㄞˋ	噲	4
ㄌㄧˋ	嚦	4
ㄩˇ	圉	4
ㄐㄩㄥ	坰	4
ㄔㄜˋ	坼	4
ㄐㄧˋ	塈	4
ㄗㄨㄟˋ	墬	4
ㄈㄨˋ	复	4
ㄏㄥˊ	姮	4
ㄒㄧㄚ	岈	4
ㄒㄧㄢˋ	峴	4
ㄩˊ	崳	4
ㄐㄧˊ	嶯	4
ㄓㄤˋ	幛	4
ㄐㄧㄡˋ	廄	4
ㄓˋ	彘	4
ㄋㄧㄡˇ	忸	4
ㄋㄩˋ	忸	4
ㄗㄨㄛˋ	怍	4
ㄐㄩˋ	怚	4
ㄉㄤˋ	愓	4
ㄙㄨˋ	愬	4
ㄒㄩˋ	慉	4
ㄆㄧㄠ	慓	4
ㄑㄧㄢ	慳	4
ㄐㄧㄢ	戔	4
ㄙㄨㄛ	挲	4
ㄐㄧㄡˋ	捄	4
ㄓㄚˋ	搾	4
ㄍㄨㄛˊ	摑	4
ㄉㄢˇ	撣	4
ㄅㄧㄣˋ	擯	4
ㄓㄨㄛˊ	斫	4
ㄐㄧ	机	4
ㄧㄚˊ	枒	4
ㄒㄧㄚˊ	柙	4
ㄌㄥˊ	棱	4
ㄓㄨㄛˊ	椓	4
ㄔㄨㄢˊ	椽	4
ㄓㄚ	楂	4
ㄑㄧㄡ	楸	4
ㄔㄚˊ	槎	4
ㄊㄨㄛˊ	橐	4
ㄌㄧˋ	櫪	4
ㄩˊ	歟	4
ㄉㄢ	殫	4
ㄉㄢˋ	殫	4
ㄍㄨㄢ	毌	4
ㄅㄧˋ	毖	4
ㄍㄨˇ	汩	4
ㄑㄧ	沏	4
ㄑㄧㄝ	沏	4
ㄐㄩㄥˇ	泂	4
ㄙˋ	涘	4
ㄒㄧㄡˋ	溴	4
ㄔㄡˋ	溴	6.351308576902391
ㄖㄨˋ	溽	4
ㄖㄤˊ	瀼	4
ㄏㄠˋ	灝	4
ㄒㄧㄣ	炘	4
ㄆㄠˊ	炰	4
ㄉㄧ	熵	4
ㄕㄤ	熵	4
ㄙㄨㄟˋ	燧	4
ㄠˊ	獒	4
ㄌㄨㄛˊ	玀	4
ㄉㄧˋ	玓	4
ㄐㄧㄝˋ	玠	4
ㄔㄥ	琤	4
ㄘㄨㄛ	瑳	4
ㄘㄨㄛˇ	瑳	4
ㄐㄧㄥˇ	璥	4
ㄗㄢˋ	瓚	4
ㄅㄣˇ	畚	4
ㄐㄧㄚ	痂	4
ㄘㄨㄛˊ	痤	4
ㄍㄨ	痼	4
ㄍㄨˋ	痼	4
ㄜ	痾	4
ㄍㄨㄢ	瘝	4
ㄇㄛˋ	瘼	4
ㄩˋ	砡	4
ㄍㄨㄟ	硅	4
ㄏㄨㄛˋ	硅	4
ㄎㄥ	硜	4
ㄍㄨㄢˋ	祼	4
ㄐㄩˋ	秬	4
ㄓㄣˇ	稹	4
ㄑㄩㄢˊ	筌	4
ㄐㄧㄢˇ	筧	4
ㄌㄨˋ	籙	4
ㄇㄧˋ	糸	4
ㄐㄧㄤˋ	絳	4
ㄔ	絺	4
ㄌㄧㄡˇ	綹	4
ㄇㄧㄣˊ	緡	4
ㄌㄟˊ	縲	4
ㄓˊ	縶	4
ㄗㄠˇ	繰	4
ㄒㄧㄚˋ	罅	4
ㄌㄧㄡˇ	罶	4
ㄏㄨㄟˋ	翽	4
ㄍㄡˇ	耇	4
ㄒㄧㄥ	胜	4
ㄏㄨ	膴	4
ㄨˊ	膴	4
ㄒㄧˋ	舄	4
ㄅㄢˇ	舨	4
ㄍㄣˇ	艮	4
ㄍㄣˋ	艮	4
ㄖㄢˇ	苒	4
ㄊㄧㄠˊ	苕	4
ㄈㄨˊ	茯	4
ㄊㄧˊ	荑	4
ㄅㄛˊ	荸	4
ㄒㄧˇ	葸	4
ㄕㄨㄛˋ	蒴	4
ㄊㄨㄟ	蓷	4
ㄅㄧˋ	蓽	4
ㄅㄨˋ	蔀	4
ㄒㄩㄣˊ	蕁	4
ㄈㄢˊ	蘩	4
ㄏㄢ	蚶	4
ㄐㄧㄠ	蛟	4
ㄌㄧˊ	蜊	4
ㄆㄧˊ	蜱	4
ㄉㄨㄥ	蝀	4
ㄏㄜˊ	蝎	4
ㄒㄧㄝ	蝎	4
ㄏㄨㄛˋ	蠖	4
ㄅㄟˋ	褙	4
ㄑㄧㄢ	褰	4
ㄌㄧˊ	褵	4
ㄍㄨ	觚	4
ㄗˇ	訿	4
ㄎㄨㄤˊ	誑	4
ㄏㄨˋ	謢	4
ㄠˊ	謷	4
ㄓㄢ	譫	4
ㄏㄜˊ	貉	4
ㄏㄠˊ	貉	4
ㄌㄞˋ	賚	4
ㄍㄢˋ	贛	4
ㄕㄢˋ	赸	4
ㄩㄝˋ	趯	4
ㄑㄧˊ	跂	4
ㄐㄧˊ	踖	4
ㄘㄨˋ	踧	4
ㄑㄩㄣ	逡	4
ㄌㄨˋ	逯	4
ㄧㄣˊ	鄞	4
ㄎㄨㄤˋ	鄺	4
ㄇㄤˊ	鋩	4
ㄊㄢˊ	錟	4
ㄏㄨㄢˊ	鐶	4
ㄊㄧㄢˊ	闐	4
ㄌㄧㄡˋ	霤	4
ㄞˋ	靉	4
ㄉㄧㄢˋ	靛	4
ㄊㄧㄠˊ	鞗	4
ㄎㄨㄛˋ	鞹	4
ㄎㄨㄟ	鞹	4
ㄎㄨㄟˇ	頍	4
ㄏㄤˊ	頏	4
ㄇㄢˊ	顢	4
ㄊㄧㄝˋ	餮	4
ㄏㄡˊ	餱	4
ㄇㄛˋ	饃	4
ㄍㄨㄛˊ	馘	4
ㄆㄧㄠˋ	驃	4
ㄗ	髭	4
ㄩˋ	鬻	4
ㄕㄣ	鯓	4
ㄔㄤ	鯧	4
ㄧㄠˊ	鰩	4
ㄓㄣˋ	鴆	4
ㄢ	鵪	4
ㄑㄧㄡ	鶖	4
ㄏㄨˊ	鶘	4
ㄒㄩㄢ	鶱	4
ㄧㄡ	麀	4
ㄐㄧˇ	麂	4
ㄅㄧㄠ	麃	4
ㄆㄠˊ	麃	4
ㄏㄨㄥˊ	黌	4
ㄐㄧㄥ	黥	4
ㄑㄧㄥˊ	黥	4
ㄇㄧㄣˇ	黽	4
ㄉㄨㄥ	鼕	4
ㄗ	齜	4
ㄔㄨˋ	亍	3
ㄊㄨㄥˊ	仝	3
ㄐㄧㄚˋ	价	3
ㄐㄧㄝˋ	价	3
ㄘˋ	佽	3
ㄧㄡˋ	侑	3
ㄔㄚˋ	侘	3
ㄅㄧㄠˇ	俵	3
ㄅㄧ	偪	3
ㄔˋ	傺	3
ㄒㄧ	僖	3
ㄍㄡˋ	冓	3
ㄇㄧˋ	冪	3
ㄕㄥˇ	冼	3
ㄒㄩˋ	勗	3
ㄐㄧㄠˇ	勦	3
ㄔㄠ	勦	3
ㄍㄨㄟˇ	匭	3
ㄕㄠˋ	卲	3
ㄌㄧㄥˊ	呤	3
ㄗㄚ	咂	3
ㄈㄨˊ	咈	3
ㄍㄣˊ	哏	3
ㄈㄥˇ	唪	3
ㄌㄧˊ	喱	3
ㄙㄨ	囌	3
ㄒㄧㄣˋ	囟	3
ㄉㄧㄢˋ	坫	3
ㄠ	坳	3
ㄧㄥˊ	塋	3
ㄔㄥˊ	塍	3
ㄒㄩㄢ	壎	3
ㄨㄣˋ	妏	3
ㄆㄧㄥ	娉	3
ㄇㄟˇ	媺	3
ㄩㄢˊ	嫄	3
ㄧㄥ	嫈	3
ㄋㄧㄠˇ	嫋	3
ㄅㄧ	屄	3
ㄅㄧˇ	屄	3
ㄒㄧˇ	屣	3
ㄩˋ	峪	3
ㄉㄨㄥ	崠	3
ㄨㄟˊ	嵬	3
ㄒㄧ	巇	3
ㄓˋ	帙	3
ㄒㄧㄤˊ	庠	3
ㄔㄢˊ	廛	3
ㄩㄥ	廱	3
ㄔㄠ	弨	3
ㄔˋ	彳	3
ㄉㄚˊ	怛	3
ㄊㄤˇ	惝	3
ㄑㄩㄥˊ	惸	3
ㄅㄧˋ	愎	3
ㄐㄧㄠ	憍	3
ㄨˇ	憮	3
ㄌㄧㄣˇ	懍	3
ㄑㄧㄢ	扦	3
ㄎㄨ	挎	3
ㄅㄞˇ	捭	3
ㄙㄤˇ	搡	3
ㄍㄨㄥˋ	摃	3
ㄑㄧㄣˋ	撳	3
ㄉㄠˇ	擣	3
ㄧㄥ	攖	3
ㄧˇ	旖	3
ㄇㄧㄣˊ	旼	3
ㄋㄧˇ	昵	3
ㄏㄢˋ	暵	3
ㄒㄧㄢ	暹	3
ㄋㄤˇ	曩	3
ㄎㄠˇ	栲	3
ㄓㄣˋ	桭	3
ㄧㄢˇ	棪	3
ㄍㄨㄛˇ	槨	3
ㄔㄥ	檉	3
ㄒㄩ	歔	3
ㄒㄧˋ	歙	3
ㄕㄜˋ	歙	3
ㄞˇ	毐	3
ㄆㄧˊ	毘	3
ㄖㄨㄟˋ	汭	3
ㄩㄢˊ	沅	3
ㄌㄧㄥˊ	泠	3
ㄏㄨㄢˇ	浣	3
ㄨㄢˇ	浣	3
ㄇㄟˇ	浼	3
ㄕˊ	湜	3
ㄩㄢˊ	湲	3
ㄗˇ	滓	3
ㄊㄚˋ	漯	3
ㄌㄟˇ	漯	3
ㄕㄠˋ	潲	3
ㄏㄨㄢˇ	澣	3
ㄔㄢˊ	瀍	3
ㄉㄨㄣˋ	炖	3
ㄑㄩㄥˊ	煢	3
ㄗㄤ	牂	3
ㄌㄧˊ	犛	3
ㄐㄩㄝˊ	玦	3
ㄘˇ	玼	3
ㄐㄩㄣˋ	珺	3
ㄑㄧㄤ	瑲	3
ㄕㄣ	甡	3
ㄆㄧˇ	疋	3
ㄧㄚˇ	疋	3
ㄉㄧㄥ	疔	3
ㄊㄨㄥ	痌	3
ㄇㄧㄣˊ	痻	3
ㄔㄡ	瘳	3
ㄌㄧˋ	癘	3
ㄐㄧ	癘	6.351308576902391
ㄐㄧㄝˊ	癤	3
ㄇㄟˋ	眛	3
ㄉㄧˋ	睇	3
ㄐㄩㄢˋ	睠	3
ㄕㄣˇ	矧	3
ㄍㄢ	矸	3
ㄅㄛ	砵	3
ㄆㄢˊ	磻	3
ㄔㄨㄥˊ	种	3
ㄗˇ	秭	3
ㄐㄧ	笄	3
ㄐㄩˇ	筥	3
ㄌㄧˋ	篥	3
ㄏㄨㄟˋ	篲	3
ㄍㄨㄟˇ	簋	3
ㄅㄢˇ	粄	3
ㄒㄧˋ	綌	3
ㄔㄨㄟˊ	綞	3
ㄓㄡˋ	繇	3
ㄧㄠˊ	繇	3
ㄒㄩ	繻	3
ㄌㄟˊ	罍	3
ㄍㄨㄚˋ	罣	3
ㄔㄢˋ	羼	3
ㄇㄠˋ	耄	3
ㄍㄨㄢˇ	脘	3
ㄅㄧㄠ	膘	3
ㄧㄢ	臙	3
ㄔㄨㄥ	舂	3
ㄨㄢˊ	芄	3
ㄑㄧㄣˊ	芩	3
ㄅㄧㄥˇ	苪	3
ㄆㄧㄥˊ	苹	3
ㄅㄧˋ	苾	3
ㄔㄣˊ	茞	3
ㄒㄧㄥˋ	荇	3
ㄌㄚ	菈	3
ㄗ	菑	3
ㄙㄨㄥ	菘	3
ㄉㄧㄥˋ	萣	3
ㄕㄣˋ	葚	3
ㄐㄩˇ	蒟	3
ㄑㄧㄢˋ	蒨	3
ㄎㄨㄞˇ	蒯	3
ㄖㄨㄛˋ	蒻	3
ㄙㄨˋ	蔌	3
ㄐㄧˋ	薺	3
ㄊㄧㄠˊ	蜩	3
ㄑㄧㄡˊ	蝤	3
ㄊㄤ	蝪	3
ㄒㄧ	螅	3
ㄒㄧˊ	螅	3
ㄑㄧㄣˊ	螓	3
ㄘㄠˊ	螬	3
ㄔ	螭	3
ㄎㄢˋ	衎	3
ㄐㄩˇ	袓	3
ㄆㄡˊ	裒	3
ㄒㄧㄡˋ	褎	3
ㄉㄚˊ	褟	3
ㄊㄚ	褟	3
ㄅㄞˇ	襬	3
ㄑㄧㄡˊ	觩	3
ㄅㄧˋ	觱	3
ㄖㄣˋ	訒	3
ㄎㄨㄤ	誆	3
ㄑㄧㄠˋ	誚	3
ㄓㄥ	諍	3
ㄕㄣˇ	諗	3
ㄇㄛˋ	貊	3
ㄇㄛˋ	貘	3
ㄙㄨㄛ	趖	3
ㄈㄨ	趺	3
ㄑㄩㄥˊ	跫	3
ㄆㄢˊ	踫	3
ㄊㄤˊ	踼	3
ㄗㄠ	蹧	3
ㄑㄧˊ	軝	3
ㄌㄨˋ	輅	3
ㄋㄧㄢˇ	輦	3
ㄧㄚˋ	迓	3
ㄍㄨㄚ	适	3
ㄅㄨ	逋	3
ㄑㄧㄡˊ	逑	3
ㄊㄚˋ	遝	3
ㄉㄨㄣˋ	遯	3
ㄩㄥ	邕	3
ㄒㄧˋ	郤	3
ㄓㄤ	鄣	3
ㄆㄛˊ	鄱	3
ㄌㄧˋ	酈	3
ㄍㄢ	酐	3
ㄏㄤˇ	酐	3
ㄇㄧˊ	醚	3
ㄑㄩㄢˊ	醛	3
ㄅㄧㄢˋ	釆	3
ㄅㄚˇ	鈀	3
ㄅㄢˇ	鈑	3
ㄔㄨㄥˋ	銃	3
ㄊㄧˋ	銻	3
ㄨˋ	鋈	3
ㄧㄚˋ	錏	3
ㄏㄡˊ	鍭	3
ㄋㄧㄝˋ	鑷	3
ㄅㄧˋ	閟	3
ㄉㄨ	闍	3
ㄎㄢˋ	闞	3
ㄊㄚˋ	闥	3
ㄑㄧㄢ	阡	3
ㄜˋ	阨	3
ㄧㄣˊ	霪	3
ㄒㄧㄢˋ	霰	3
ㄖㄡˊ	鞣	3
ㄔㄤˋ	韔	3
ㄩㄣˋ	韞	3
ㄧㄝˋ	饁	3
ㄔˋ	饎	3
ㄧㄣ	駰	3
ㄅㄧㄠ	驫	3
ㄅㄧˋ	髀	3
ㄊㄨㄛˊ	鮀	3
ㄐㄧㄝˊ	鮚	3
ㄓㄢ	鱣	3
ㄒㄩˋ	鱮	3
ㄐㄧㄚˊ	鵊	3
ㄩˋ	鵒	3
ㄎㄨㄤˊ	鵟	3
ㄓㄨㄟ	鵻	3
ㄘㄤ	鶬	3
ㄔㄨˊ	鶵	3
ㄐㄧㄢ	鶼	3
ㄧㄡˊ	优	2
ㄆㄧ	伾	2
ㄘˇ	佌	2
ㄏㄥˊ	佷	2
ㄓㄡ	侜	2
ㄑㄧㄡˊ	俅	2
ㄐㄧㄢˋ	俴	2
ㄔㄤ	倀	2
ㄙㄨㄛ	傞	2
ㄒㄧㄢ	僊	2
ㄑㄧ	僛	2
ㄈㄣˋ	僨	2
ㄒㄧㄢˋ	僩	2
ㄘㄨㄛˋ	剉	2
ㄒㄩˋ	勖	2
ㄇㄞˋ	勱	2
ㄐㄩˊ	匊	2
ㄓˇ	厎	2
ㄘˊ	呲	2
ㄧˊ	呲	2
ㄏㄡ	呴	2
ㄒㄩˇ	呴	2
ㄑㄩ	呿	2
ㄊㄠˊ	咷	2
ㄒㄩㄢˇ	咺	2
ㄍㄜˇ	哿	2
ㄎㄜˇ	哿	2
ㄌㄧˋ	唎	2
ㄅㄛ	啵	2
ㄊㄚˋ	嗒	2
ㄑㄧ	嘁	2
ㄗㄚ	嘁	6.351308576902391
ㄗㄨㄣˇ	噂	2
ㄩˇ	噳	2
ㄅㄣˋ	坌	2
ㄍㄢ	坩	2
ㄍㄨㄟˇ	垝	2
ㄍㄨㄛ	堝	2
ㄉㄧㄝˊ	堞	2
ㄌㄤˇ	塱	2
ㄕㄨㄤˇ	塽	2
ㄐㄧㄣˇ	墐	2
ㄕㄢˋ	墠	2
ㄕㄨㄛˋ	妁	2
ㄐㄧㄣˋ	妗	2
ㄐㄧˊ	姞	2
ㄆㄟˋ	姵	2
ㄨㄚ	媧	2
ㄒㄧㄢˊ	嫺	2
ㄏㄨㄚˋ	嬅	2
ㄋㄠ	孬	2
ㄗㄢˇ	寁	2
ㄕˊ	寔	2
ㄐㄧㄣˋ	寖	2
ㄆㄤˊ	尨	2
ㄇㄤˊ	尨	2
ㄏㄨˋ	岵	2
ㄢ	峖	2
ㄗㄞˇ	崽	2
ㄐㄧ	嵇	2
ㄎㄜ	嵙	2
ㄑㄧㄣ	嶔	2
ㄧㄢˇ	巘	2
ㄗㄜˊ	幘	2
ㄔㄢˇ	幝	2
ㄏㄨ	幠	2
ㄇㄥˊ	幪	2
ㄌㄡˊ	廔	2
ㄨˇ	廡	2
ㄈㄟˋ	怫	2
ㄈㄨˊ	怫	2
ㄅㄧˋ	怭	2
ㄅㄧㄥˇ	怲	2
ㄒㄧ	恓	2
ㄐㄩㄢˋ	悁	2
ㄎㄨㄥ	悾	2
ㄋㄧˋ	惄	2
ㄉㄨㄣ	惇	2
ㄊㄢˊ	惔	2
ㄧㄢˇ	惔	2
ㄔㄨㄛˋ	惙	2
ㄩㄣˋ	惲	2
ㄎㄞˋ	愒	2
ㄑㄧˋ	愒	2
ㄊㄨㄢˊ	慱	2
ㄑㄧ	慼	2
ㄐㄧㄥˇ	憼	2
ㄑㄧㄣˊ	懃	2
ㄘㄠˇ	懆	2
ㄐㄧㄚˊ	戛	2
ㄔㄨㄤ	戧	2
ㄐㄧㄢˇ	戩	2
ㄏㄨˋ	戽	2
ㄗㄢˇ	拶	2
ㄓˋ	挃	2
ㄐㄩˊ	挶	2
ㄊㄧˋ	揥	2
ㄜˋ	搤	2
ㄔ	摛	2
ㄌㄨㄛˊ	摞	2
ㄗㄨㄢˋ	攥	2
ㄇㄧˇ	敉	2
ㄑㄧㄤ	斨	2
ㄧㄡˊ	斿	2
ㄋㄧˇ	旎	2
ㄈㄢ	旛	2
ㄅㄧㄥˇ	昺	2
ㄒㄧㄢˋ	晛	2
ㄗㄨㄟˋ	晬	2
ㄌㄧㄠˇ	暸	2
ㄐㄧㄥˇ	暻	2
ㄑㄧㄝˋ	朅	2
ㄔㄚ	杈	2
ㄍㄠˇ	杲	2
ㄔㄡˇ	杻	2
ㄈㄣˊ	枌	2
ㄢˋ	桉	2
ㄐㄩㄝˊ	桷	2
ㄓ	梔	2
ㄔㄥˊ	棖	2
ㄑㄧˇ	棨	2
ㄌㄧㄤˊ	椋	2
ㄐㄩ	椐	2
ㄕㄣˋ	椹	2
ㄩˇ	楀	2
ㄐㄧㄝˊ	楬	2
ㄐㄧㄚˇ	榎	2
ㄍㄢˋ	榦	2
ㄏㄢˊ	榦	2
ㄘㄨㄥ	樅	2
ㄕㄨ	樗	2
ㄋㄠˊ	橈	2
ㄖㄠˊ	橈	2
ㄅㄛˊ	檗	2
ㄅㄛˋ	檗	2
ㄎㄨㄟˊ	櫆	2
ㄍㄠ	櫜	2
ㄉㄨˊ	櫝	2
ㄌㄧㄥˊ	欞	2
ㄆㄧㄠˇ	殍	2
ㄘㄨㄟˋ	毳	2
ㄉㄠ	氘	2
ㄔㄨㄢ	氚	2
ㄧㄚˋ	氬	2
ㄙˋ	汜	2
ㄏㄤˋ	沆	2
ㄕㄥ	泩	2
ㄐㄧˊ	洁	2
ㄧˊ	洟	2
ㄒㄩˋ	洫	2
ㄦˇ	洱	2
ㄖㄨˋ	洳	2
ㄧㄡˊ	浟	2
ㄧˋ	浥	2
ㄩㄥˇ	涌	2
ㄒㄧㄝˋ	渫	2
ㄧㄢˇ	渰	2
ㄐㄧㄢ	湔	2
ㄐㄧㄝ	湝	2
ㄏㄨㄤˊ	湟	2
ㄙㄨㄟ	滖	2
ㄔㄨㄣˊ	漘	2
ㄑㄧㄢˊ	漧	2
ㄧㄥˇ	潁	2
ㄒㄧ	潝	2
ㄒㄩㄣˊ	潯	2
ㄌㄧˇ	澧	2
ㄐㄧˊ	濈	2
ㄏㄨㄟˋ	濊	2
ㄅㄧㄠ	瀌	2
ㄌㄨˊ	瀘	2
ㄒㄧㄝˋ	瀣	2
ㄓㄨ	瀦	2
ㄍㄨㄟˋ	炔	2
ㄐㄩㄝˊ	炔	2
ㄊㄧㄥ	烴	2
ㄘㄨㄟˋ	焠	2
ㄋㄨㄢˇ	煖	2
ㄒㄩㄢ	煖	2
ㄏㄜˋ	熇	2
ㄖㄨㄣ	犉	2
ㄌㄨㄛˋ	犖	2
ㄏㄢˋ	犴	2
ㄢˋ	犴	2
ㄏㄨㄢˊ	狟	2
ㄧㄣˊ	狺	2
ㄏㄨ	猢	2
ㄏㄨˊ	猢	2
ㄙㄨㄣ	猻	2
ㄏㄨㄢ	獾	2
ㄍㄨㄟ	珪	2
ㄐㄩ	琚	2
ㄅㄥˇ	琫	2
ㄊㄤˊ	瑭	2
ㄌㄧˋ	瑮	2
ㄊㄧㄢˋ	瑱	2
ㄇㄢˊ	璊	2
ㄌㄧˋ	瓅	2
ㄍㄨㄢˋ	瓘	2
ㄉㄧㄝˊ	瓞	2
ㄖㄤˊ	瓤	2
ㄆㄡˇ	瓿	2
ㄡ	甌	2
ㄇㄥˊ	甍	2
ㄅㄤˋ	甏	2
ㄩㄣˊ	畇	2
ㄈㄢˋ	畈	2
ㄘㄜˋ	畟	2
ㄐㄩㄣˋ	畯	2
ㄓˋ	疐	2
ㄐㄧㄝˋ	疥	2
ㄧㄤˇ	痒	2
ㄇㄟˋ	痗	2
ㄍㄨㄢˇ	痯	2
ㄅㄧˋ	痹	2
ㄊㄨˊ	瘏	2
ㄘㄨㄛˊ	瘥	2
ㄉㄧㄢ	瘨	2
ㄓㄞˋ	瘵	2
ㄧㄥˇ	癭	2
ㄆㄛˊ	皤	2
ㄐㄧㄠˇ	皦	2
ㄘㄨㄣ	皴	2
ㄏㄨㄢˇ	睆	2
ㄙㄡˇ	瞍	2
ㄑㄩㄥˊ	瞏	2
ㄎㄨˋ	矻	2
ㄌㄧˋ	砅	2
ㄈㄚˊ	砝	2
ㄊㄨㄛˊ	砣	2
ㄌㄨㄛˋ	硌	2
ㄒㄧㄚˊ	硤	2
ㄔㄜ	硨	2
ㄑㄩㄝˋ	确	2
ㄎㄢˋ	磡	2
ㄑㄩˊ	磲	2
ㄉㄥˋ	磴	2
ㄑㄧㄠ	磽	2
ㄌㄟˇ	礨	2
ㄖㄥˊ	礽	2
ㄉㄧˋ	禘	2
ㄓㄣ	禛	2
ㄒㄧㄢ	秈	2
ㄆㄧ	秠	2
ㄌㄤˊ	稂	2
ㄇㄣˊ	穈	2
ㄌㄨˋ	穋	2
ㄙㄨㄟˋ	穟	2
ㄙㄨˋ	窣	2
ㄒㄧ	窸	2
ㄏㄨˋ	笏	2
ㄐㄧㄚˊ	筴	2
ㄘㄜˋ	筴	2
ㄔˊ	箎	2
ㄔㄨㄟˊ	箠	2
ㄏㄨㄤˊ	篁	2
ㄑㄧㄝˋ	篋	2
ㄅㄧˋ	篦	2
ㄔㄨˊ	篨	2
ㄇㄧㄝˋ	篾	2
ㄉㄧㄢˋ	簟	2
ㄊㄧˋ	籊	2
ㄑㄩˊ	籧	2
ㄖㄡˇ	糅	2
ㄐㄧㄤˋ	糨	2
ㄨㄢˊ	紈	2
ㄒㄧㄝˋ	絏	2
ㄊㄠ	絛	2
ㄑㄧˇ	綮	2
ㄑㄧㄥˋ	綮	2
ㄎㄜˋ	緙	2
ㄙ	緦	2
ㄐㄧㄢ	縑	2
ㄇㄢˋ	縵	2
ㄉㄠˋ	纛	2
ㄉㄨˊ	纛	2
ㄩˋ	罭	2
ㄉㄧ	羝	2
ㄨㄢˋ	翫	2
ㄏㄜˋ	翯	2
ㄉㄠˋ	翿	2
ㄉㄧㄝˊ	耋	2
ㄋㄡˋ	耨	2
ㄠˊ	聱	2
ㄎㄨㄟˋ	聵	2
ㄘㄠˋ	肏	2
ㄒㄧˋ	肸	2
ㄍㄜˊ	膈	2
ㄒㄧㄚˊ	舝	2
ㄕㄢ	芟	2
ㄩㄢˊ	芫	2
ㄉㄧˊ	苖	2
ㄓㄨˋ	苧	2
ㄐㄩ	苴	2
ㄇㄠˇ	茆	2
ㄌㄧㄝˋ	茢	2
ㄔˊ	茬	2
ㄔㄚˊ	茬	2
ㄏㄨㄟˊ	茴	2
ㄈㄚˊ	茷	2
ㄉㄚˊ	荅	2
ㄧㄡˊ	莤	2
ㄏㄢˋ	菡	2
ㄅㄥˇ	菶	2
ㄊㄢˇ	菼	2
ㄏㄨㄢˊ	萑	2
ㄑㄧㄡ	萩	2
ㄐㄧˊ	蒺	2
ㄋㄧㄠˇ	蔦	2
ㄧㄢ	蔫	2
ㄐㄧㄢ	蕑	2
ㄙ	蕬	2
ㄐㄧˊ	蕺	2
ㄒㄧㄤ	薌	2
ㄊㄧˋ	薙	2
ㄖㄨˊ	薷	2
ㄦˇ	薾	2
ㄋㄧˇ	薿	2
ㄐㄧㄣˋ	藎	2
ㄌㄩˊ	藘	2
ㄌㄧㄢˋ	蘞	2
ㄌㄨㄥˊ	蘢	2
ㄑㄩˊ	蘧	2
ㄐㄩˋ	虡	2
ㄩㄢ	蜎	2
ㄓㄨㄛˊ	蝃	2
ㄙ	螄	2
ㄩㄢˊ	螈	2
ㄙ	蟴	2
ㄓㄨˊ	蠋	2
ㄌㄧˇ	蠡	2
ㄌㄧˊ	蠡	2
ㄐㄧㄣ	衿	2
ㄊㄧˋ	裼	2
ㄒㄧˊ	裼	2
ㄅㄧㄢˇ	褊	2
ㄔㄢ	襜	2
ㄌㄧㄢˊ	覝	2
ㄒㄧ	觿	2
ㄧㄡˊ	訧	2
ㄕㄣ	詵	2
ㄌㄟˇ	誄	2
ㄒㄧ	誒	2
ㄝˋ	誒	6.351308576902391
ㄞ	誒	6.351308576902391
ㄞˋ	誒	6.351308576902391
ㄙㄨˋ	謖	2
ㄧㄢˋ	讌	2
ㄉㄤˇ	讜	2
ㄅㄚ	豝	2
ㄗㄨㄥ	豵	2
ㄓˋ	豸	2
ㄆㄧˊ	貔	2
ㄗㄜˊ	賾	2
ㄧㄢˋ	贗	2
ㄙㄚˋ	趿	2
ㄔㄨˊ	跦	2
ㄔˊ	踟	2
ㄙㄨㄛ	蹜	2
ㄔㄨˊ	躕	2
ㄘㄨㄢ	躥	2
ㄐㄩㄝˊ	躩	2
ㄨˋ	軏	2
ㄩㄝˋ	軏	2
ㄨㄤˇ	輞	2
ㄧㄡˊ	輶	2
ㄊㄨㄥˊ	迵	2
ㄧˊ	迻	2
ㄏㄢˊ	邯	2
ㄓˋ	郅	2
ㄒㄩㄣˊ	郇	2
ㄧㄢ	鄢	2
ㄉㄢ	鄲	2
ㄊㄨㄛˊ	酡	2
ㄍㄨ	酤	2
ㄊㄢˊ	醰	2
ㄈㄢˊ	釩	2
ㄅㄚˊ	鈸	2
ㄅㄛˊ	鈸	6.351308576902391
ㄓㄥ	鉦	2
ㄌㄤˊ	鋃	2
ㄩㄣˊ	鋆	2
ㄏㄨㄥˊ	鋐	2
ㄓˋ	鋕	2
ㄍㄨㄢˇ	錧	2
ㄜˋ	鍔	2
ㄙ	鍶	2
ㄅㄛˊ	鎛	2
ㄘㄨˋ	鏃	2
ㄌㄧㄡˊ	鏐	2
ㄎㄤ	鏮	2
ㄔㄤ	閶	2
ㄒㄧㄚˊ	陜	2
ㄐㄧ	隮	2
ㄩˊ	雩	2
ㄈㄣ	雰	2
ㄒㄩㄢˋ	鞙	2
ㄅㄧㄥˇ	鞞	2
ㄨㄟˇ	韡	2
ㄏㄞˊ	頦	2
ㄌㄧㄝˋ	颲	2
ㄅㄨ	餔	2
ㄒㄧㄡ	饈	2
ㄖˋ	馹	2
ㄕㄣ	駪	2
ㄑㄧㄣ	駸	2
ㄏㄨㄤˊ	騜	2
ㄍㄨㄚ	騧	2
ㄊㄨㄛˊ	驒	2
ㄊㄧㄝˇ	驖	2
ㄉㄨˊ	髑	2
ㄅㄧㄣˋ	髕	2
ㄈㄤˇ	髣	2
ㄉㄢˋ	髧	2
ㄒㄧㄡ	髹	2
ㄔㄤˋ	鬯	2
ㄗㄨㄥ	鬷	2
ㄨㄤˇ	魍	2
ㄔ	魑	2
ㄍㄨㄣˇ	鯀	2
ㄔㄨㄣˊ	鯙	2
ㄉㄧㄝˊ	鰈	2
ㄧㄢˇ	鰋	2
ㄌㄧㄢˊ	鰱	2
ㄐㄧㄢ	鰹	2
ㄍㄨㄟˋ	鱖	2
ㄐㄩㄝˊ	鱖	2
ㄔㄤˊ	鱨	2
ㄗ	鶿	2
ㄓˋ	鷙	2
ㄌㄨˊ	鸕	2
ㄨˊ	麌	2
ㄧ	黟	2
ㄌㄧˊ	黧	2
ㄈㄨˊ	黻	2
ㄈㄨˇ	黼	2
ㄠˊ	鼇	2
ㄍㄠ	鼛	2
ㄇㄧㄢˇ	丏	1
ㄍㄨㄢˋ	丱	1
ㄞˋ	乂	1
ㄧˋ	乂	1
ㄇㄧㄝ	乜	1
ㄋㄧㄝˋ	乜	6.351308576902391
ㄑㄧˊ	亓	1
ㄓㄤˇ	仉	1
ㄨㄢˋ	仴	1
ㄔㄣˊ	伔	1
ㄐㄩˋ	佢	1
ㄏㄜˋ	佫	1
ㄍㄜˊ	佮	1
ㄏㄨㄛˊ	佸	1
ㄍㄨㄟˇ	佹	1
ㄒㄩˋ	侐	1
ㄒㄩㄣˋ	侚	1
ㄐㄧㄥˋ	俓	1
ㄒㄧㄢˋ	俔	1
ㄙ	俬	1
ㄔㄨㄟˊ	倕	1
ㄔㄥ	偁	1
ㄔㄥˋ	偁	1
ㄗㄚˊ	偺	1
ㄗㄢˊ	偺	1
ㄍㄡˋ	傋	1
ㄊㄞˋ	傣	1
ㄩˇ	傴	1
ㄌㄨˋ	僇	1
ㄇㄢˋ	僈	1
ㄓㄨㄢˋ	僎	1
ㄈㄢ	僠	1
ㄉㄢˋ	僤	1
ㄙㄨˋ	僳	1
ㄐㄧㄣˋ	僸	1
ㄞˋ	僾	1
ㄒㄩㄢ	儇	1
ㄉㄢˋ	儋	1
ㄅㄧㄣ	儐	1
ㄅㄧㄣˋ	儐	1
ㄔㄡˊ	儔	1
ㄇㄧˊ	冞	1
ㄍㄨˋ	凅	1
ㄐㄧㄥˋ	凊	1
ㄑㄧㄥˋ	凊	1
ㄙ	凘	1
ㄩㄝˋ	刖	1
ㄎㄨ	刳	1
ㄧㄢˇ	剡	1
ㄓㄚˊ	劄	1
ㄒㄧㄝˊ	劦	1
ㄧˋ	勩	1
ㄧㄡˋ	卣	1
ㄏㄢˇ	厂	1
ㄆㄤˊ	厖	1
ㄕㄜˋ	厙	1
ㄑㄧㄡˊ	厹	1
ㄆㄛˇ	叵	1
ㄜˊ	吪	1
ㄧㄣˇ	听	1
ㄏㄨㄥ	吽	1
ㄡˊ	吽	1
ㄇㄡˊ	呣	1
ㄉㄧㄝˊ	咥	1
ㄒㄧˋ	咥	1
ㄓㄡˋ	咮	1
ㄋㄧㄢˊ	哖	1
ㄒㄧㄢˊ	唌	1
ㄢˇ	唵	1
ㄓㄜˊ	喆	1
ㄧㄣ	喑	1
ㄗㄢˇ	喒	1
ㄒㄩˇ	喣	1
ㄧㄢˋ	喭	1
ㄏㄞˋ	嗐	1
ㄊㄢˇ	嗿	1
ㄒㄧㄠ	嘐	1
ㄍㄨㄛ	嘓	1
ㄇㄧˋ	嘧	1
ㄔㄨㄞˋ	嘬	1
ㄉㄢˋ	噉	1
ㄐㄧㄠˋ	噭	1
ㄏㄠ	嚆	1
ㄇㄛˋ	嚜	1
ㄎㄨˋ	嚳	1
ㄐㄩㄣ	囷	1
ㄓㄨㄛˊ	圴	1
ㄕㄠˊ	圴	1
ㄍㄞ	垓	1
ㄉㄧㄝˊ	垤	1
ㄢ	垵	1
ㄒㄩˋ	垿	1
ㄐㄩˋ	埧	1
ㄓˊ	埴	1
ㄉㄨㄛˇ	埵	1
ㄎㄜˇ	堁	1
ㄜˋ	堮	1
ㄐㄧㄢˇ	堿	1
ㄕˊ	塒	1
ㄑㄧㄠ	塙	1
ㄌㄧㄡˋ	塯	1
ㄅㄥ	塴	1
ㄒㄩㄝˊ	壆	1
ㄖㄨㄢˊ	壖	1
ㄩㄢˋ	夗	1
ㄧㄣˊ	夤	1
ㄠˋ	奡	1
ㄅㄟˋ	奰	1
ㄆㄧㄣ	姘	1
ㄙㄨㄥ	娀	1
ㄈㄟ	婓	1
ㄐㄧㄥˋ	婧	1
ㄧㄚˋ	婭	1
ㄨˋ	婺	1
ㄒㄧㄝˋ	媟	1
ㄎㄨㄟˋ	媿	1
ㄧˋ	嫕	1
ㄅㄧˋ	嫳	1
ㄅㄧˋ	嬖	1
ㄒㄩ	嬬	1
ㄋㄧㄠˇ	嬲	1
ㄌㄢˇ	嬾	1
ㄋㄨˊ	孥	1
ㄋㄧㄥˊ	寍	1
ㄑㄧㄣˇ	寑	1
ㄒㄧㄢˇ	尟	1
ㄓㄨㄥˋ	尰	1
ㄜ	屙	1
ㄑㄧˇ	屺	1
ㄧㄠˇ	岆	1
ㄅㄛ	岥	1
ㄎㄨㄥ	崆	1
ㄌㄞˊ	崍	1
ㄗㄨˊ	崒	1
ㄌㄥˊ	崚	1
ㄧㄠˊ	崤	1
ㄨˇ	嵨	1
ㄉㄥˋ	嶝	1
ㄉㄨㄛˋ	嶞	1
ㄐㄧㄠˋ	嶠	1
ㄠˋ	嶴	1
ㄧˊ	嶷	1
ㄌㄨㄥˊ	巃	1
ㄐㄧㄣˇ	巹	1
ㄕㄨㄟˋ	帨	1
ㄈㄣˊ	幩	1
ㄇㄧㄝˋ	幭	1
ㄐㄧˇ	庋	1
ㄓˋ	庤	1
ㄠˊ	廒	1
ㄌㄨˋ	廘	1
ㄧˊ	彞	1
ㄑㄧ	徛	1
ㄐㄧㄠˇ	徼	1
ㄐㄧㄠˋ	徼	1
ㄅㄧㄢˋ	忭	1
ㄋㄠˊ	怓	1
ㄏㄨㄤˇ	怳	1
ㄎㄨㄤ	恇	1
ㄊㄧㄠ	恌	1
ㄑㄧㄡ	恘	1
ㄑㄩㄢ	悛	1
ㄎㄨㄟ	悝	1
ㄐㄧㄥ	惊	1
ㄑㄩㄢ	惓	1
ㄏㄨㄣ	惛	1
ㄖㄨㄟˇ	惢	1
ㄇㄧㄣˇ	愍	1
ㄙㄠ	慅	1
ㄓㄜˊ	慴	1
ㄧㄣˋ	憖	1
ㄇㄥˇ	懞	1
ㄑㄧˊ	懠	1
ㄧㄡ	懮	1
ㄌㄧㄡˊ	懰	1
ㄏㄨㄢ	懽	1
ㄋㄢˇ	戁	1
ㄧˇ	扡	1
ㄨˋ	扤	1
ㄧㄤˇ	抰	1
ㄋㄧˇ	抳	1
ㄈㄨˇ	拊	1
ㄋㄧㄣˇ	拰	1
ㄅㄛˋ	挀	1
ㄕㄢ	挻	1
ㄊㄨ	捸	1
ㄆㄡˊ	掊	1
ㄐㄧˇ	掎	1
ㄅㄧㄥ	掤	1
ㄕㄡˇ	掱	1
ㄆㄥˋ	掽	1
ㄧㄢˇ	揜	1
ㄓㄢˇ	搌	1
ㄑㄧㄢ	搴	1
ㄍㄜˊ	搿	1
ㄣˋ	摁	1
ㄠˊ	摮	1
ㄐㄩㄝ	撅	1
ㄑㄧㄢˇ	撖	1
ㄓㄨㄚ	撾	1
ㄌㄨˊ	攎	1
ㄑㄧ	攲	1
ㄉㄡˇ	敨	1
ㄒㄩㄢˋ	敻	1
ㄒㄩㄥˋ	敻	1
ㄐㄧㄚˇ	斝	1
ㄌㄧㄡˊ	旒	1
ㄍㄚ	旮	1
ㄒㄩˋ	旮	1
ㄌㄚˊ	旯	1
ㄅㄢˇ	昄	1
ㄐㄩㄣˋ	晙	1
ㄅㄨ	晡	1
ㄍㄨㄟˇ	晷	1
ㄎㄞˇ	暟	1
ㄇㄣˇ	暪	1
ㄊㄨㄣ	暾	1
ㄒㄧㄤˋ	曏	1
ㄐㄧㄠˇ	曒	1
ㄌㄨㄥˊ	曨	1
ㄊㄤˇ	曭	1
ㄨ	杇	1
ㄨˋ	杌	1
ㄍㄤ	杠	1
ㄇㄧㄠˇ	杪	1
ㄐㄧˊ	极	1
ㄉㄡˇ	枓	1
ㄒㄧㄠ	枵	1
ㄅㄠ	枹	1
ㄈㄨˊ	枹	1
ㄇㄛˋ	枺	1
ㄓㄨㄥ	柊	1
ㄓㄜˋ	柘	1
ㄍㄨㄟˋ	柜	1
ㄐㄩˇ	柜	1
ㄊㄨㄛˋ	柝	1
ㄓㄨˋ	柷	1
ㄍㄨㄚ	栝	1
ㄔㄡˊ	栦	1
ㄌㄠˇ	栳	1
ㄌㄧˋ	栵	1
ㄧˊ	桋	1
ㄓㄨㄛˊ	梲	1
ㄔㄢ	梴	1
ㄌㄞˊ	棶	1
ㄗㄡ	棸	1
ㄈㄣˊ	棼	1
ㄗ	椔	1
ㄅㄧˋ	楅	1
ㄐㄧˊ	楖	1
ㄇㄨˋ	楘	1
ㄎㄨˇ	楛	1
ㄏㄨˋ	楛	1
ㄒㄩㄢˋ	楦	1
ㄔㄨˇ	楮	1
ㄩˊ	楰	1
ㄩㄢˊ	榞	1
ㄐㄧㄝˊ	榤	1
ㄏㄨㄤˇ	榥	1
ㄧㄡˇ	槱	1
ㄏㄨˊ	槲	1
ㄏㄨˋ	槴	1
ㄍㄨㄟ	槻	1
ㄙㄨˋ	樕	1
ㄒㄧ	樨	1
ㄊㄨㄟˊ	橔	1
ㄐㄧㄤ	橿	1
ㄙㄨㄟˋ	檖	1
ㄓㄨㄚ	檛	1
ㄧˇ	檥	1
ㄊㄠˊ	檮	1
ㄎㄞˋ	欬	1
ㄧ	欹	1
ㄐㄧˊ	殛	1
ㄧˋ	殪	1
ㄕㄨ	殳	1
ㄔㄢˊ	毚	1
ㄌㄜˋ	氻	1
ㄍㄨㄟˇ	氿	1
ㄊㄨㄣˇ	汆	1
ㄘㄨㄢ	汆	1
ㄑㄩㄢˇ	汱	1
ㄌㄜˋ	泐	1
ㄍㄢ	泔	1
ㄘˇ	泚	1
ㄐㄧˇ	泲	1
ㄐㄧˋ	洎	1
ㄊㄠˊ	洮	1
ㄧㄠˊ	洮	1
ㄨ	洿	1
ㄉㄨㄥ	涷	1
ㄓㄨㄛ	涿	1
ㄉㄜˊ	淂	1
ㄩˋ	淢	1
ㄌㄨˋ	淥	1
ㄩˋ	淯	1
ㄧㄥ	渶	1
ㄨㄟˊ	溦	1
ㄏㄜˊ	滆	1
ㄧㄥˊ	滎	1
ㄅㄧㄠ	滮	1
ㄌㄡˊ	漊	1
ㄌㄩˇ	漊	1
ㄊㄨㄢˊ	漙	1
ㄒㄩˋ	漵	1
ㄘㄨㄟˇ	漼	1
ㄘㄨㄥˊ	潀	1
ㄈㄣˊ	濆	1
ㄏㄨㄛˋ	濩	1
ㄨㄟˊ	濰	1
ㄒㄧㄥˊ	濴	1
ㄐㄩㄥˇ	炅	1
ㄒㄧㄠ	烋	1
ㄒㄩㄢˇ	烜	1
ㄔㄣˊ	煁	1
ㄐㄩㄥˇ	煚	1
ㄅㄧㄢ	煸	1
ㄑㄧㄤˋ	熗	1
ㄅㄧㄠ	熛	1
ㄏㄢˋ	熯	1
ㄐㄩㄥˇ	熲	1
ㄨㄟ	燰	1
ㄌㄢˋ	爁	1
ㄘㄨㄢˋ	爨	1
ㄖㄣˋ	牣	1
ㄅㄟˋ	牬	1
ㄨˊ	牾	1
ㄍㄨˋ	牿	1
ㄇㄚˊ	犘	1
ㄧㄚˊ	犽	1
ㄋㄧㄡˇ	狃	1
ㄅㄧˋ	狴	1
ㄕㄜˋ	猞	1
ㄋㄠˊ	猱	1
ㄎㄨㄞˋ	獪	1
ㄒㄧㄢˇ	獫	1
ㄒㄧㄢˇ	獮	1
ㄔㄨㄢˋ	玔	1
ㄍㄢ	玕	1
ㄢˊ	玵	1
ㄕㄠˊ	玿	1
ㄅㄧˋ	珌	1
ㄍㄨㄥˇ	珙	1
ㄊㄧㄥˇ	珽	1
ㄨㄣˊ	琝	1
ㄍㄨㄢˇ	琯	1
ㄅㄟˋ	琲	1
ㄖㄨㄥˊ	瑢	1
ㄘㄨㄥ	瑽	1
ㄙㄨㄟˋ	璲	1
ㄨㄥˋ	瓮	1
ㄆㄧˋ	甓	1
ㄌㄨˋ	甪	1
ㄨㄢˇ	畹	1
ㄔㄣˋ	疢	1
ㄅㄧˋ	疪	1
ㄍㄢ	疳	1
ㄇㄤˊ	痝	1
ㄆㄨ	痡	1
ㄌㄧㄣˊ	痳	1
ㄢ	痷	1
ㄩˊ	瘐	1
ㄒㄧˊ	瘜	1
ㄧˋ	瘞	1
ㄅㄢ	瘢	1
ㄉㄢˋ	癉	1
ㄕㄨˇ	癙	1
ㄉㄧㄢˋ	癜	1
ㄆㄛ	癹	1
ㄗㄠˋ	皁	1
ㄐㄩㄣ	皸	1
ㄢ	盦	1
ㄇㄧㄠˇ	眇	1
ㄇㄠˋ	眊	1
ㄒㄩˇ	眭	1
ㄙㄨㄟ	眭	1
ㄒㄧㄢˋ	睍	1
ㄨㄢˇ	睕	1
ㄐㄩㄝˊ	矍	1
ㄘㄨㄛˊ	矬	1
ㄏㄨㄛˋ	矱	1
ㄆㄧ	砒	1
ㄑㄩ	砠	1
ㄉㄧˋ	碲	1
ㄠˊ	磝	1
ㄔㄣˇ	磣	1
ㄉㄤˋ	礑	1
ㄧˇ	礒	1
ㄌㄨㄥˊ	礱	1
ㄅㄥ	祊	1
ㄕㄨ	祋	1
ㄒㄧˋ	禊	1
ㄓㄨㄛˊ	禚	1
ㄇㄚˋ	禡	1
ㄇㄧˊ	禰	1
ㄋㄧˇ	禰	1
ㄖㄤˊ	禳	1
ㄩㄝˋ	禴	1
ㄏㄠˋ	秏	1
ㄅㄧˇ	秕	1
ㄕㄨˊ	秫	1
ㄊㄨˊ	稌	1
ㄓˊ	稙	1
ㄐㄧˋ	穧	1
ㄒㄧˋ	穸	1
ㄩˊ	窬	1
ㄐㄩˋ	窶	1
ㄙˋ	笥	1
ㄍㄨㄢˇ	筦	1
ㄕㄠ	筲	1
ㄅㄧˋ	箄	1
ㄐㄧㄥ	箐	1
ㄐㄩˊ	箤	1
ㄖㄨㄛˋ	箬	1
ㄋㄧㄝˋ	篞	1
ㄓㄨㄢ	篿	1
ㄙㄡˇ	籔	1
ㄐㄧㄢ	籛	1
ㄧㄥˊ	籯	1
ㄅㄚ	粑	1
ㄍㄥ	粳	1
ㄐㄧㄥ	粳	1
ㄅㄞˋ	粺	1
ㄔㄤˊ	粻	1
ㄗㄢˊ	糌	1
ㄙㄢˇ	糝	1
ㄊㄧㄠˋ	糶	1
ㄈㄡˊ	紑	1
ㄒㄧㄝˋ	紲	1
ㄓㄨˋ	紵	1
ㄈㄨˊ	紼	1
ㄊㄨㄛˊ	紽	1
ㄉㄞˋ	紿	1
ㄑㄧㄡˊ	絿	1
ㄕㄨ	綀	1
ㄑㄧㄣ	綅	1
ㄑㄧˊ	綦	1
ㄊㄠˊ	綯	1
ㄘㄨㄟˋ	綷	1
ㄐㄧㄝˊ	緁	1
ㄍㄨㄣˇ	緄	1
ㄗㄡ	緅	1
ㄖㄨㄟˊ	緌	1
ㄩˋ	緎	1
ㄐㄧㄣˋ	縉	1
ㄩㄣ	縕	1
ㄏㄨˊ	縠	1
ㄅㄧˋ	縪	1
ㄅㄧㄝˋ	縪	1
ㄌㄧˊ	縭	1
ㄒㄧˇ	縰	1
ㄇㄧˊ	縻	1
ㄌㄟˋ	纇	1
ㄒㄧˇ	纚	1
ㄈㄡˇ	缶	1
ㄆㄧㄥˊ	缾	1
ㄑㄧㄥˋ	罊	1
ㄍㄨ	罛	1
ㄈㄨ	罦	1
ㄊㄨㄥˊ	罿	1
ㄇㄧㄝ	羋	1
ㄍㄨˇ	羖	1
ㄓㄨˋ	羜	1
ㄎㄥ	羥	1
ㄑㄧㄤˇ	羥	1
ㄔㄨㄥˊ	翀	1
ㄓㄨˋ	翥	1
ㄏㄨㄟ	翬	1
ㄏㄜˊ	翮	1
ㄉㄨㄢ	耑	1
ㄓㄨㄢ	耑	1
ㄌㄟˇ	耒	1
ㄗˇ	耔	1
ㄧㄡ	耰	1
ㄉㄚ	耷	1
ㄖㄣˋ	肕	1
ㄓㄨㄣ	肫	1
ㄗˋ	胾	1
ㄒㄧㄝˊ	脥	1
ㄌㄩˇ	膂	1
ㄌㄧㄠˊ	膋	1
ㄆㄧˊ	膍	1
ㄓˊ	膱	1
ㄊㄢˇ	膻	1
ㄐㄩㄝˊ	臄	1
ㄅㄧㄣˋ	臏	1
ㄒㄩㄣ	臐	1
ㄌㄨㄛˇ	臝	1
ㄗㄤ	臢	1
ㄓˋ	臸	1
ㄍㄜˇ	舸	1
ㄧˇ	艤	1
ㄐㄧㄠ	艽	1
ㄑㄧㄡˊ	艽	1
ㄅㄧˋ	芘	1
ㄒㄩˋ	芧	1
ㄍㄡ	芶	1
ㄇㄠˊ	芼	1
ㄇㄠˋ	芼	1
ㄌㄧˋ	苙	1
ㄏㄨㄥˊ	苰	1
ㄅㄚˊ	茇	1
ㄍㄜˊ	茖	1
ㄘㄜˋ	茦	1
ㄓㄨˊ	茿	1
ㄦˊ	荋	1
ㄕㄡ	荍	1
ㄙㄨㄟ	荽	1
ㄌㄤˊ	莨	1
ㄆㄧㄠˇ	莩	1
ㄈㄨˊ	莩	1
ㄐㄩ	菹	1
ㄉㄢˋ	萏	1
ㄐㄧㄡ	萛	1
ㄒㄩㄢ	萲	1
ㄩㄢˊ	萲	1
ㄈㄨˊ	葍	1
ㄊㄧㄥˊ	葶	1
ㄧㄠ	葽	1
ㄅㄤˋ	蒡	1
ㄐㄧㄢ	蒹	1
ㄉㄧㄠˋ	蓧	1
ㄓㄨˊ	蓫	1
ㄐㄧㄣˋ	蓳	1
ㄌㄡˊ	蔞	1
ㄖㄠˊ	蕘	1
ㄈㄣˊ	蕡	1
ㄎㄨㄟˋ	蕢	1
ㄩˋ	薁	1
ㄏㄠ	薅	1
ㄎㄜ	薖	1
ㄒㄧㄝˋ	薤	1
ㄨㄟˇ	薳	1
ㄒㄩˋ	藇	1
ㄒㄩˋ	藚	1
ㄅㄧㄝ	虌	1
ㄒㄧㄠ	虓	1
ㄍㄨㄛˊ	虢	1
ㄔˇ	蚇	1
ㄅㄧˇ	蚍	1
ㄆㄧˊ	蚍	1
ㄐㄧㄝˋ	蚧	1
ㄍㄨ	蛄	1
ㄎㄨㄛˋ	蛞	1
ㄒㄧㄠ	蛸	1
ㄕㄠ	蛸	1
ㄒㄩㄢˊ	蜁	1
ㄩˋ	蜮	1
ㄍㄨㄛˇ	蜾	1
ㄩˊ	蝓	1
ㄈㄨˋ	蝮	1
ㄊㄨㄟˋ	螁	1
ㄊㄨㄣˋ	螁	1
ㄊㄤˊ	螗	1
ㄧˇ	螘	1
ㄊㄥˊ	螣	1
ㄒㄧˇ	蟢	1
ㄐㄩㄝˊ	蟨	1
ㄖㄠˊ	蟯	1
ㄌㄨㄛˇ	蠃	1
ㄖㄨㄥˊ	蠑	1
ㄒㄧㄠ	蠨	1
ㄌㄨㄥˊ	蠬	1
ㄐㄩㄢ	蠲	1
ㄐㄩㄝˊ	蠼	1
ㄊㄨㄥˋ	衕	1
ㄔㄚˋ	衩	1
ㄈㄨ	衭	1
ㄖㄣˋ	衽	1
ㄓㄣˇ	袗	1
ㄉㄧ	袛	1
ㄆㄢˋ	袢	1
ㄐㄧㄝ	袺	1
ㄐㄧㄝˊ	袺	1
ㄔㄣˇ	裖	1
ㄔㄡˊ	裯	1
ㄩˊ	褕	1
ㄉㄢ	襌	1
ㄊㄢˇ	襢	1
ㄖㄨˊ	襦	1
ㄒㄧㄝˊ	襭	1
ㄅㄛˊ	襮	1
ㄓㄢ	覘	1
ㄉㄧˊ	覿	1
ㄏㄨㄥˊ	触	1
ㄐㄩㄝˊ	觼	1
ㄧㄢˋ	觾	1
ㄏㄨㄥ	訇	1
ㄒㄧㄣ	訢	1
ㄌㄧˋ	詈	1
ㄅㄧˋ	詖	1
ㄗㄡ	諏	1
ㄑㄧㄥˋ	謦	1
ㄅㄛˋ	譒	1
ㄨˊ	譕	1
ㄏㄨㄟˇ	譭	1
ㄧㄣˇ	讔	1
ㄏㄨㄢ	讙	1
ㄐㄧㄢ	豜	1
ㄒㄧㄡ	貅	1
ㄏㄨㄢˊ	貆	1
ㄕˋ	貰	1
ㄎㄨㄤˋ	貺	1
ㄓˋ	贄	1
ㄔㄥ	赬	1
ㄐㄩ	趄	1
ㄓ	跖	1
ㄆㄢˊ	跘	1
ㄐㄩˊ	跼	1
ㄊㄨˊ	跿	1
ㄑㄩㄢˊ	踡	1
ㄐㄧㄢˇ	蹇	1
ㄐㄧˊ	蹐	1
ㄅㄧˋ	蹕	1
ㄊㄤ	蹚	1
ㄓˊ	蹠	1
ㄉㄧˊ	蹢	1
ㄊㄨㄟˊ	蹪	1
ㄔㄢˊ	躔	1
ㄒㄧㄝˋ	躞	1
ㄜˋ	軛	1
ㄋㄚˋ	軜	1
ㄉㄧˇ	軧	1
ㄈㄨˇ	軵	1
ㄖㄨㄥˇ	軵	1
ㄅㄚˊ	軷	1
ㄓㄡ	輈	1
ㄋㄧˊ	輗	1
ㄓㄢˋ	輚	1
ㄔㄨㄢˊ	輲	1
ㄎㄢˇ	轗	1
ㄌㄧˋ	轢	1
ㄧㄡˋ	迶	1
ㄐㄧㄝˊ	迼	1
ㄆㄤˊ	逄	1
ㄨㄟ	逶	1
ㄇㄤˊ	邙	1
ㄧㄥˇ	郢	1
ㄔㄣ	郴	1
ㄇㄟˊ	郿	1
ㄇㄧㄥˊ	鄍	1
ㄗㄡ	鄹	1
ㄓㄡˋ	酎	1
ㄉㄢ	酖	1
ㄓㄣˋ	酖	1
ㄔㄥˊ	酲	1
ㄆㄨˊ	酺	1
ㄌㄢˇ	醂	1
ㄏㄞˇ	醢	1
ㄌㄠˊ	醪	1
ㄖㄨˊ	醹	1
ㄧㄢˋ	釅	1
ㄆㄛˋ	釙	1
ㄍㄤ	釭	1
ㄍㄨㄥ	釭	1
ㄊㄨˇ	釷	1
ㄑㄧㄣˊ	鈙	1
ㄧˊ	鈶	1
ㄅㄨˋ	鈽	1
ㄅㄧˋ	鉍	1
ㄕㄨˋ	鉥	1
ㄇㄨˋ	鉬	1
ㄒㄧㄥˊ	鉶	1
ㄦˇ	鉺	1
ㄓˋ	銍	1
ㄒㄧㄢ	銛	1
ㄖㄨˊ	銣	1
ㄢ	銨	1
ㄑㄧㄡˊ	銶	1
ㄇㄟˊ	鋂	1
ㄔㄥˊ	鋮	1
ㄍㄠˋ	鋯	1
ㄘㄨㄥˊ	錝	1
ㄔㄨㄣˊ	錞	1
ㄔㄤ	錩	1
ㄉㄧㄢˇ	錪	1
ㄈㄚˇ	鍅	1
ㄇㄣˊ	鍆	1
ㄓㄜˇ	鍺	1
ㄒㄧㄡ	鎀	1
ㄌㄧㄡˊ	鎏	1
ㄗ	鎡	1
ㄧˋ	鎰	1
ㄇㄚˇ	鎷	1
ㄏㄨㄚˊ	鏵	1
ㄑㄧㄤ	鏹	1
ㄎㄨㄟˋ	鐀	1
ㄋㄠˊ	鐃	1
ㄌㄟˊ	鐳	1
ㄧˋ	鐿	1
ㄏㄨㄛˋ	鑊	1
ㄌㄚˋ	鑞	1
ㄌㄨˊ	鑪	1
ㄅㄧㄢˋ	閞	1
ㄌㄤˇ	閬	1
ㄧㄢˊ	閰	1
ㄜˋ	閼	1
ㄏㄨㄣ	閽	1
ㄩˋ	閾	1
ㄧㄣ	闉	1
ㄎㄞˇ	闓	1
ㄎㄨㄟ	闚	1
ㄗㄨㄛˋ	阼	1
ㄒㄧㄥˊ	陘	1
ㄗㄡ	陬	1
ㄋㄧㄝˋ	隉	1
ㄊㄨㄟˊ	隤	1
ㄏㄨㄟ	隳	1
ㄏㄨㄢˊ	雈	1
ㄍㄡˋ	雊	1
ㄌㄨㄛˋ	雒	1
ㄆㄤˊ	雱	1
ㄇㄨˋ	霂	1
ㄐㄧ	霙	1
ㄧㄥ	霙	1
ㄌㄧㄥˊ	霝	1
ㄇㄛˋ	霢	1
ㄌㄨㄥˊ	靇	1
ㄌㄧˋ	靋	1
ㄧㄣˇ	靷	1
ㄊㄠˊ	鞀	1
ㄏㄨㄥˊ	鞃	1
ㄇㄟˋ	韎	1
ㄍㄜˊ	韐	1
ㄒㄩˋ	頊	1
ㄑㄧㄢ	顅	1
ㄐㄧㄤˇ	顜	1
ㄩˋ	飫	1
ㄅㄧˋ	飶	1
ㄊㄢˊ	餤	1
ㄏㄜˊ	餲	1
ㄒㄧˋ	餼	1
ㄩˋ	饇	1
ㄧˋ	饐	1
ㄩㄥ	饔	1
ㄈㄣ	饙	1
ㄇㄥˊ	饛	1
ㄒㄧㄤˇ	饟	1
ㄓㄨˋ	馵	1
ㄆㄧ	駓	1
ㄅㄛˊ	駮	1
ㄒㄩㄢˋ	駽	1
ㄊㄨㄟˋ	駾	1
ㄓㄨㄟ	騅	1
ㄌㄞˊ	騋	1
ㄒㄧㄚˊ	騢	1
ㄩㄢˊ	騵	1
ㄘㄨㄥ	驄	1
ㄩˋ	驈	1
ㄊㄢˊ	驔	1
ㄊㄧˋ	鬄	1
ㄐㄧㄢ	鬋	1
ㄓㄣˇ	鬒	1
ㄙㄢ	鬖	1
ㄎㄢˋ	鬫	1
ㄐㄧㄡ	鬮	1
ㄑㄧㄢˊ	鬵	1
ㄅㄚˊ	魃	1
ㄊㄨㄟˊ	魋	1
ㄐㄩ	鮈	1
ㄊㄞˊ	鮐	1
ㄈㄨˋ	鮒	1
ㄑㄧˊ	鮨	1
ㄐㄧㄠ	鮫	1
ㄗ	鯔	1
ㄋㄧˊ	鯢	1
ㄊㄧˊ	鯷	1
ㄕˋ	鯷	1
ㄔㄨㄣ	鰆	1
ㄐㄧㄢ	鰜	1
ㄊㄧㄠˊ	鰷	1
ㄌㄧˇ	鱧	1
ㄐㄩˊ	鴃	1
ㄐㄩㄝˊ	鴃	1
ㄦˊ	鴯	1
ㄅㄛˊ	鵓	1
ㄊㄧˊ	鶗	1
ㄩㄢˊ	鶢	1
ㄍㄨˊ	鶻	1
ㄏㄨˊ	鶻	1
ㄋㄧˋ	鷁	1
ㄧㄠˇ	鷕	1
ㄓㄨㄛˊ	鷟	1
ㄈㄢˊ	鷭	1
ㄐㄧㄠ	鷮	1
ㄌㄧㄠˊ	鷯	1
ㄧㄢˋ	鷰	1
ㄒㄩㄝˊ	鷽	1
ㄋㄧˊ	麑	1
ㄘㄨ	麤	1
ㄌㄧˊ	黐	1
ㄔ	黐	1
ㄉㄨˊ	黷	1
ㄊㄨㄛˊ	鼉	1
ㄗ	鼒	1
ㄩㄢ	鼘	1
ㄑㄩˊ	鼩	1
ㄧㄢˇ	鼴	1
ㄋㄧㄝˋ	齧	1
ㄘㄨㄛˋ	齰	1
ㄊㄚˋ	龘	1
ㄏㄜˊ	龢	1
