ぁ	ぁ	5065
あ	あ	5188
あ	亜	6121
あぁ	あぁ	5774
ああ	ああ	5016
ああ	嗚呼	6921
ああ	あゝ	7342
あい	愛	4930
あい	会い	5011
あい	空い	5579
あい	アイ	5689
あい	合い	5720
あい	あい	5996
あい	藍	6257
あい	相	6280
あいあい	あいあい	7359
あいあん	アイアン	6056
あいあんまん	アイアンマン	7323
あいあーる	IR	6280
あいいれない	相容れない	7403
あいいろ	藍色	7085
あいいん	愛飲	7231
あいうぇあ	アイウェア	7286
あいうえお	あいうえお	6938
あいうち	相打ち	7385
あいえいいーえい	IAEA	7549
あいえっくす	IX	7017
あいえむえふ	IMF	7248
あいおい	相生	7318
あいおわ	アイオワ	7486
あいおーしー	IOC	7063
あいか	あいか	7449
あいかぎ	合鍵	6983
あいかた	相方	6121
あいかつ	アイカツ	7186
あいかわ	相川	7261
あいかわ	哀川	7561
あいかわらず	相変わらず	5506
あいかわらず	あいかわらず	7226
あいがも	合鴨	7428
あいがん	愛玩	7269
あいき	愛機	7298
あいき	合気	7403
あいきどう	合気道	6815
あいきゃっち	アイキャッチ	6914
あいきょう	愛嬌	6338
あいきょう	愛敬	7499
あいぎす	アイギス	7430
あいく	アイク	7338
あいくるしい	愛くるしい	7083
あいけん	愛犬	5763
あいこ	愛顧	5996
あいこ	愛子	6447
あいこ	アイコ	6748
あいこ	あいこ	7174
あいこう	愛好	5981
あいこうか	愛好家	7444
あいこく	愛国	6893
あいこくしん	愛国心	7238
あいこす	アイコス	7453
あいことば	合言葉	6553
あいこにっく	アイコニック	7352
あいこん	アイコン	5347
あいこんたくと	アイコンタクト	7460
あいご	愛護	6481
あいさ	愛さ	5308
あいさい	愛妻	7212
あいさつ	挨拶	5067
あいさつ	あいさつ	5700
あいさつうんどう	あいさつ運動	7466
あいざっく	アイザック	7194
あいざわ	相澤	6951
あいざわ	藍沢	7260
あいざわ	相沢	7484
あいし	愛し	5396
あいし	あいし	7425
あいしあう	愛し合う	7402
あいしあっ	愛し合っ	7285
あいしゃ	愛車	5971
あいしゃ	アイシャ	7473
あいしゃどう	アイシャドウ	6475
あいしゅう	哀愁	6664
あいしょう	相性	5088
あいしょう	愛称	6077
あいしょうばつぐん	相性抜群	6672
あいしん	アイシン	7547
あいしんぐ	アイシング	6607
あいしー	IC	5716
あいしーかーど	ICカード	7074
あいしーゆー	ICU	6878
あいじょう	愛情	5487
あいじょうひょうげん	愛情表現	7214
あいじょうぶかい	愛情深い	7534
あいじん	愛人	6471
あいす	アイス	5342
あいす	愛す	6639
あいす	あいす	7506
あいすくりーむ	アイスクリーム	5978
あいすこーひー	アイスコーヒー	6893
あいすてぃー	アイスティー	7156
あいすと	アイスと	7528
あいすぶれいく	アイスブレイク	7411
あいすほっけー	アイスホッケー	7014
あいすぼーん	アイスボーン	7352
あいすらんど	アイスランド	6769
あいする	愛する	5589
あいず	合図	6266
あいず	会津	7449
あいせ	愛せ	7272
あいせき	相席	6911
あいせる	愛せる	7122
あいぜん	アイゼン	6942
あいそ	愛想	6604
あいそう	合いそう	6601
あいそう	愛想	7096
あいぞう	愛憎	7191
あいぞめ	藍染	6974
あいぞめ	藍染め	7400
あいたい	相対	6477
あいだ	間	5130
あいだ	あいだ	6274
あいだ	愛だ	7370
あいだ	相田	7418
あいだがら	間柄	6689
あいち	愛知	6031
あいちけん	愛知県	5526
あいちゃく	愛着	6048
あいつ	あいつ	5746
あいつ	アイツ	6327
あいつい	相次い	6127
あいつぎ	相次ぎ	6730
あいつぐ	相次ぐ	6599
あいづ	会津	6297
あいづち	相槌	7020
あいづわかまつ	会津若松	7041
あいて	相手	4211
あいてがた	相手方	6258
あいてがわ	相手側	7084
あいてさき	相手先	7214
あいてせんしゅ	相手選手	7490
あいてたーん	相手ターン	7341
あいてちーむ	相手チーム	7186
あいてのこと	相手のこと	6515
あいてのこと	相手の事	7336
あいてむ	アイテム	4540
あいてもんすたー	相手モンスター	7457
あいてる	開いてる	7507
あいであ	アイデア	5273
あいであしだい	アイデア次第	7481
あいでぃあ	アイディア	5951
あいでぃー	ID	5363
あいでんてぃてぃ	アイデンティティ	6237
あいでんてぃてぃー	アイデンティティー	7211
あいとう	哀悼	7084
あいとうのい	哀悼の意	7531
あいどく	愛読	6722
あいどりんぐ	アイドリング	6406
あいどる	アイドル	5060
あいどるかつどう	アイドル活動	7528
あいどるぐるーぷ	アイドルグループ	7092
あいどるますた	アイドルマスタ	7176
あいな	愛菜	7106
あいなな	アイナナ	7476
あいなめ	アイナメ	7429
あいなり	相成り	7483
あいにいき	会いに行き	7274
あいにいく	会いに行く	7043
あいにいっ	会いに行っ	7154
あいにき	会いに来	6838
あいにき	会いにき	7291
あいにく	あいにく	6284
あいにく	生憎	7047
あいぬ	アイヌ	6235
あいぬご	アイヌ語	7541
あいのすけ	愛之助	7431
あいのて	合いの手	7413
あいのり	相乗り	7341
あいのり	あいのり	7411
あいはら	相原	7414
あいば	相葉	6629
あいば	愛馬	7366
あいびょう	愛猫	6529
あいびー	アイビー	6968
あいびーえふ	IBF	7486
あいびーえむ	IBM	6725
あいぴーおー	IPO	6740
あいぴーでんわ	IP電話	7337
あいふぉん	iPhone	5605
あいふる	アイフル	7402
あいぶろう	アイブロウ	7239
あいぷち	アイプチ	7248
あいべや	相部屋	7465
あいぼう	相棒	5901
あいぼりー	アイボリー	6685
あいま	合間	5830
あいまい	曖昧	5825
あいまい	あいまい	6527
あいます	アイマス	7192
あいまっ	あいまっ	7112
あいまって	相まって	6120
あいみ	あいみ	7398
あいめいく	アイメイク	6853
あいもーど	iモード	7561
あいよう	愛用	5559
あいら	アイラ	7384
あいら	姶良	7429
あいら	愛羅	7449
あいら	あいら	7475
あいらいん	アイライン	7211
あいらし	愛らし	7098
あいらしい	愛らしい	6289
あいらしく	愛らしく	7132
あいらしさ	愛らしさ	7145
あいらんど	アイランド	6800
あいり	あいり	7100
あいり	愛理	7264
あいり	愛梨	7373
あいり	愛莉	7478
あいりす	アイリス	6741
あいりすおーやま	アイリスオーヤマ	7170
あいりっしゅ	アイリッシュ	7444
あいりーん	アイリーン	7235
あいる	アイル	7425
あいる	愛瑠	7529
あいるらんど	アイルランド	6322
あいるー	アイルー	7500
あいろん	アイロン	5869
あいろんびーず	アイロンビーズ	7542
あいん	アイン	7079
あいんしゅたいん	アインシュタイン	6804
あいんず	アインズ	7308
あう	合う	5209
あう	会う	5478
あう	あう	6189
あう	遭う	6593
あう	逢う	7216
あうぇい	アウェイ	6973
あうぇー	アウェー	7224
あうたー	アウター	6188
あうでぃ	アウディ	6713
あうと	アウト	5419
あうとさいだー	アウトサイダー	7453
あうとそーしんぐ	アウトソーシング	6710
あうとそーる	アウトソール	6953
あうとどあ	アウトドア	5606
あうとどあしーん	アウトドアシーン	7437
あうとぷっと	アウトプット	6113
あうとらいん	アウトライン	6769
あうとらんだー	アウトランダー	7406
あうとれっと	アウトレット	6281
あうとれっとぱーく	アウトレットパーク	7470
あうとろ	アウトロ	7561
あうとろー	アウトロー	7415
あうら	アウラ	7227
あうん	阿吽	7296
あえ	会え	5872
あえ	和え	6060
あえ	合え	6617
あえ	あえ	6907
あえ	逢え	6976
あえぎ	喘ぎ	7394
あえて	あえて	5439
あえて	敢えて	6129
あえなく	あえなく	7311
あえもの	和え物	6923
あえもの	和物	7536
あえる	会える	5825
あえる	合える	6366
あえる	あえる	6653
あえる	和える	6749
あえる	逢える	7106
あえん	亜鉛	6280
あお	青	5227
あお	あお	6647
あお	会お	6667
あお	蒼	6720
あお	アオ	6762
あお	合お	6907
あお	碧	7080
あおあお	青々	6922
あおい	青い	5420
あおい	葵	6490
あおい	蒼	6621
あおい	アオイ	6790
あおい	あおい	6819
あおい	蒼井	6882
あおい	仰い	7052
あおい	蒼い	7225
あおいうみ	青い海	6870
あおいそら	青い空	6719
あおいとり	青い鳥	6989
あおいひかり	青い光	7500
あおいひとみ	青い瞳	7507
あおいぶぶん	青い部分	7253
あおいめ	青い目	7116
あおいろ	青色	5937
あおう	会おう	6670
あおえ	青江	7453
あおおに	青鬼	7126
あおがく	青学	7541
あおがくだい	青学大	7553
あおき	青木	6012
あおき	アオキ	7137
あおき	青き	7366
あおき	蒼き	7392
あおき	あおき	7439
あおぎ	仰ぎ	7112
あおく	青く	6411
あおぐ	仰ぐ	7003
あおこ	青子	7540
あおさ	あおさ	7238
あおさ	青さ	7382
あおざかな	青魚	7312
あおざめ	青ざめ	7296
あおしま	青島	7247
あおしま	アオシマ	7541
あおしんごう	青信号	7406
あおじ	青字	7410
あおじそ	青じそ	7034
あおじま	青島	7267
あおじゃしん	青写真	7524
あおじる	青汁	7128
あおじろい	青白い	7200
あおじろく	青白く	7516
あおぞら	青空	5844
あおだけ	青竹	7537
あおっ	煽っ	6570
あおっ	あおっ	7449
あおな	青菜	7063
あおねぎ	青ネギ	7058
あおの	青野	7236
あおのり	青のり	6842
あおはる	アオハル	7522
あおば	青葉	6634
あおば	あおば	7233
あおばだい	青葉台	7361
あおみ	青み	6930
あおみがかっ	青みがかっ	7371
あおみどり	青緑	7108
あおみね	青峰	7526
あおむけ	仰向け	6603
あおむし	青虫	7533
あおもの	青物	6691
あおもり	青森	5832
あおもりけん	青森県	6075
あおもりし	青森市	7408
あおやぎ	青柳	6985
あおやま	青山	6064
あおやまがくいん	青山学院	7453
あおやまがくいんだいがく	青山学院大学	6993
あおら	煽ら	6786
あおら	あおら	7406
あおり	煽り	6434
あおり	アオリ	6665
あおり	あおり	6900
あおりいか	アオリイカ	7255
あおる	煽る	6603
あおる	あおる	7345
あか	赤	4903
あか	垢	5812
あか	アカ	5928
あか	あか	6331
あか	開か	6590
あか	朱	7241
あか	空か	7289
あか	明か	7481
あかあお	赤青	7466
あかあし	赤葦	7233
あかい	赤い	5196
あかい	赤井	6537
あかい	紅い	7113
あかい	あかい	7289
あかいいと	赤い糸	7227
あかいいろ	赤い色	7110
あかいし	明石	7089
あかいせん	赤い線	7367
あかいぬ	赤犬	7485
あかいはな	赤い花	7270
あかいはね	赤い羽根	7396
あかいひかり	赤い光	7563
あかいぶぶん	赤い部分	7310
あかいみ	赤い実	7194
あかいめ	赤い目	7492
あかいろ	赤色	6398
あかうんと	アカウント	4819
あかおに	赤鬼	7200
あかがみ	赤髪	6967
あかき	赤き	7480
あかぎ	赤城	7077
あかぎ	赤木	7230
あかぎ	アカギ	7344
あかぎやま	赤城山	7530
あかく	赤く	5833
あかく	紅く	7519
あかくろ	赤黒	7416
あかぐみ	紅組	7523
あかげ	赤毛	6992
あかご	赤子	7034
あかさ	明かさ	6158
あかさ	あかさ	7562
あかさか	赤坂	6363
あかざか	赤坂	6897
あかし	明かし	5762
あかし	証	5932
あかし	明石	6591
あかし	証し	6997
あかし	あかし	7090
あかし	赤司	7290
あかし	灯	7398
あかしあ	アカシア	7190
あかしかいきょうおおはし	明石海峡大橋	7358
あかしだ	証だ	7533
あかしで	証で	7395
あかしや	明石家	6959
あかしろ	赤白	7134
あかしんごう	赤信号	6980
あかじ	赤字	5870
あかじそ	赤紫蘇	7504
あかす	明かす	6248
あかずきん	赤ずきん	7108
あかせん	赤線	6990
あかそ	赤楚	7277
あかだ	赤だ	7505
あかちゃ	赤茶	7167
あかちゃん	赤ちゃん	5076
あかつか	赤塚	7336
あかつき	暁	6427
あかつき	あかつき	7042
あかつき	暁月	7405
あかつち	赤土	7297
あかてん	赤点	7145
あかでみあ	アカデミア	7146
あかでみっく	アカデミック	7015
あかでみー	アカデミー	5802
あかでみーしょう	アカデミー賞	7304
あかとうがらし	赤唐辛子	7438
あかとんぼ	赤とんぼ	7341
あかにし	赤西	7354
あかぬけ	垢抜け	6887
あかね	あかね	6694
あかね	茜	6781
あかね	アカネ	7038
あかね	朱音	7490
あかのたにん	赤の他人	7315
あかはた	赤旗	7157
あかばね	赤羽	7231
あかふく	赤福	7423
あかぺら	アカペラ	7050
あかほ	赤穂	7418
あかほし	赤星	7411
あかほん	赤本	7301
あかまつ	赤松	7067
あかまつ	アカマツ	7444
あかまる	赤丸	6729
あかみ	赤み	6191
あかみ	赤身	6439
あかみ	赤味	7236
あかみがかっ	赤みがかっ	7521
あかみそ	赤味噌	7373
あかみち	赤道	7339
あかみどり	赤緑	7499
あかむらさき	赤紫	6935
あかめ	赤目	7357
あかめ	アカメ	7392
あかもじ	赤文字	7527
あからがお	赤ら顔	7548
あからさま	あからさま	6525
あからめ	赤らめ	7448
あかり	あかり	6190
あかり	明かり	6267
あかり	灯り	6648
あかり	明	7223
あかり	灯	7248
あかり	アカリ	7433
あかり	明り	7468
あかり	明里	7473
あかる	明る	5806
あかる	耀	7520
あかるい	明るい	5237
あかるいいろ	明るい色	6767
あかるいいんしょう	明るい印象	7371
あかるいえがお	明るい笑顔	7283
あかるいからー	明るいカラー	7525
あかるいきもち	明るい気持ち	7436
あかるいじかん	明るい時間	7519
あかるいせいかく	明るい性格	7238
あかるいばしょ	明るい場所	7297
あかるいひかり	明るい光	7445
あかるいふんいき	明るい雰囲気	6990
あかるいみらい	明るい未来	6777
あかるかっ	明るかっ	7378
あかるく	明るく	5265
あかるさ	明るさ	6279
あかるめ	明るめ	6770
あかれんが	赤レンガ	7247
あかわいん	赤ワイン	6296
あかわく	赤枠	7501
あかん	あかん	6396
あかん	アカン	6695
あかんこ	阿寒湖	7508
あかんぼう	赤ん坊	6580
あが	アガ	7391
あがい	あがい	7298
あがい	足掻い	7391
あがた	縣	7237
あがた	懸	7373
あがっ	上がっ	4981
あがっ	あがっ	5877
あがっ	挙がっ	6594
あがっ	上っ	6673
あがっ	揚がっ	7087
あがったり	上がったり	7454
あがの	上野	6884
あがべ	アガベ	7188
あがめ	崇め	7192
あがめる	崇める	7566
あがら	上がら	5916
あがら	あがら	7037
あがり	上がり	5174
あがり	あがり	5953
あがり	上り	6311
あがり	挙がり	7302
あがりそう	上がりそう	7067
あがりにくい	上がりにくい	7488
あがりやすい	上がりやすい	7236
あがりやすく	上がりやすく	7448
あがりやま	東山	7501
あがる	上がる	5119
あがる	あがる	6102
あがる	挙がる	7071
あがる	上る	7090
あがる	アガる	7497
あがれ	上がれ	6745
あがれる	上がれる	7052
あき	秋	4748
あき	飽き	5807
あき	空き	5889
あき	あき	6336
あき	明	6575
あき	章	6587
あき	開き	6717
あき	アキ	6760
あきえ	昭恵	7459
あきお	明夫	7297
あきかぜ	秋風	7070
あきかん	空き缶	6886
あきぐち	秋口	7108
あきこ	あきこ	7038
あきこ	亜希子	7104
あきこ	明子	7104
あきこ	晶子	7231
あきこ	アキ子	7303
あきごろ	秋頃	7077
あきさめぜんせん	秋雨前線	7524
あきしののみや	秋篠宮	6674
あきしま	昭島	7369
あきしょう	飽き性	7485
あきじかん	空き時間	7353
あきす	空き巣	7102
あきぞら	秋空	7366
あきた	秋田	5695
あきたかた	安芸高田	7375
あきたけん	秋田県	6175
あきたこまち	あきたこまち	7534
あきたし	秋田市	7379
あきだ	秋だ	7457
あきち	空き地	6598
あきっぽい	飽きっぽい	7544
あきづき	秋月	7564
あきな	明菜	6904
あきない	商い	7464
あきになっ	秋になっ	6857
あきになる	秋になる	6856
あきの	秋野	7548
あきのけはい	秋の気配	6845
あきのみかく	秋の味覚	6899
あきのよなが	秋の夜長	7369
あきは	秋葉	7462
あきはばら	秋葉原	6370
あきば	アキバ	7233
あきば	秋葉	7267
あきばしょ	秋場所	7507
あきばれ	秋晴れ	6725
あきひと	彰人	7195
あきひろ	明宏	7418
あきふゆ	秋冬	6007
あきま	空間	6179
あきまつり	秋祭り	6839
あきまつり	秋まつり	7477
あきめい	秋めい	7177
あきもと	秋元	6480
あきもと	秋本	7236
あきもの	秋物	7308
あきや	空き家	6100
あきや	空家	7128
あきやま	秋山	6176
あきよし	秋吉	7433
あきら	明	6602
あきら	あきら	6605
あきら	章	6639
あきら	アキラ	6815
あきら	命	6859
あきら	彰	6861
あきら	亮	6873
あきら	聴	6882
あきらか	明らか	4833
あきらか	あきらか	6748
あきらめ	諦め	5415
あきらめ	あきらめ	6119
あきらめよ	諦めよ	7201
あきらめよう	諦めよう	7195
あきらめる	諦める	6124
あきらめる	あきらめる	6787
あきらめろ	諦めろ	7468
あきる	飽きる	6380
あきるの	あきる野	7019
あきれ	呆れ	6316
あきれ	あきれ	7141
あきれす	アキレス	7529
あきれすけん	アキレス腱	6946
あきれる	呆れる	6963
あぎと	アギト	7344
あく	アク	5952
あく	悪	6100
あく	あく	6449
あく	開く	6665
あく	空く	6894
あく	灰汁	7231
あくあ	アクア	6360
あくあまりん	アクアマリン	7179
あくあらいん	アクアライン	7559
あくありうむ	アクアリウム	6982
あくい	悪意	6093
あくえいきょう	悪影響	5991
あくえりあす	アクエリアス	7519
あくぎ	悪戯	7260
あくぎょう	悪行	7077
あくしつ	悪質	6086
あくしでんと	アクシデント	6522
あくしゅ	握手	5999
あくしゅ	悪手	7329
あくしゅう	悪臭	6688
あくしゅかい	握手会	7106
あくしょん	アクション	5144
あくしょんえいが	アクション映画	7508
あくしょんげーむ	アクションゲーム	7231
あくしょんしーん	アクションシーン	7241
あくしん	悪心	7501
あくじ	悪事	6755
あくじゅんかん	悪循環	6641
あくじょ	悪女	6896
あくじょうけん	悪条件	7491
あくすた	アクスタ	6688
あくせ	アクセ	7391
あくせい	悪性	6321
あくせいしゅよう	悪性腫瘍	7505
あくせさり	アクセサリ	6127
あくせさりー	アクセサリー	5573
あくせしびりてぃ	アクセシビリティ	6817
あくせす	アクセス	4735
あくせすせいぎょ	アクセス制御	7567
あくせすとーくん	アクセストークン	7488
あくせすぽいんと	アクセスポイント	7485
あくせすろぐ	アクセスログ	7358
あくせら	アクセラ	7504
あくせられーた	アクセラレータ	7391
あくせる	アクセル	5959
あくせんくとう	悪戦苦闘	6906
あくせんちゅあ	アクセンチュア	7212
あくせんと	アクセント	5540
あくたい	悪態	7305
あくたがわ	芥川	6692
あくたがわしょう	芥川賞	7006
あくたみ	芥見	7545
あくたー	アクター	7131
あくだ	悪だ	7386
あくだま	悪玉	6886
あくちゅえーた	アクチュエータ	7032
あくちゅえーたー	アクチュエーター	7528
あくつ	阿久津	7216
あくてぃびてぃ	アクティビティ	5770
あくてぃぶ	アクティブ	6057
あくてぃぶらーにんぐ	アクティブラーニング	7482
あくてぃべーしょん	アクティベーション	7102
あくてぃべーと	アクティベート	7547
あくてんこう	悪天候	6378
あくと	アクト	7347
あくとう	悪党	6752
あくとく	悪徳	6789
あくなき	飽くなき	7467
あくにん	悪人	6520
あくひょう	悪評	7115
あくび	あくび	6728
あくび	欠伸	7478
あくへき	悪癖	7553
あくま	悪魔	5474
あくま	あくま	7290
あくまで	あくまで	5301
あくまでも	あくまでも	5528
あくむ	悪夢	6289
あくめい	悪名	7533
あくめいたかい	悪名高い	7540
あくやく	悪役	6185
あくやくれいじょう	悪役令嬢	7337
あくゆう	悪友	7484
あくよう	悪用	6368
あくりょう	悪霊	6657
あくりょく	握力	6826
あくりる	アクリル	5708
あくりるえのぐ	アクリル絵の具	7387
あくりるきーほるだー	アクリルキーホルダー	7341
あくりるすたんど	アクリルスタンド	7065
あくろ	悪路	6942
あくろばっと	アクロバット	7044
あくろばてぃっく	アクロバティック	7344
あぐねす	アグネス	7153
あぐら	あぐら	7451
あぐり	アグリ	6952
あぐり	あぐり	7416
あぐれっしぶ	アグレッシブ	6685
あぐろ	アグロ	7332
あけ	開け	5278
あけ	明け	5833
あけ	あけ	6008
あけ	空け	6226
あけ	朱	7211
あけおめ	あけおめ	7379
あけがた	明け方	6680
あけくれ	明け暮れ	7064
あけくれる	明け暮れる	7472
あけし	明石	7458
あけち	明智	7219
あけちみつひで	明智光秀	7025
あけっぱなし	開けっ放し	7364
あけび	アケビ	7492
あけぼの	あけぼの	6972
あけぼの	曙	7224
あけまして	あけまして	6316
あけまして	明けまして	6448
あけみ	明美	7233
あけみ	あけみ	7432
あけよ	開けよ	7481
あけよう	開けよう	7247
あける	開ける	5720
あける	あける	6626
あける	空ける	6819
あける	明ける	7018
あけれ	開けれ	7422
あけわたし	明け渡し	7520
あげ	上げ	4942
あげ	あげ	5086
あげ	挙げ	5373
あげ	揚げ	5634
あげ	揚	6894
あげ	age	7424
あげあげ	アゲアゲ	7515
あげあし	揚げ足	7385
あげあぶら	揚げ油	7033
あげお	上尾	6979
あげく	挙げ句	6438
あげく	あげく	6834
あげく	挙句	6931
あげさげ	上げ下げ	6983
あげた	上田	7390
あげたて	揚げたて	6616
あげだま	揚げ玉	7468
あげは	アゲハ	7151
あげもの	揚げ物	6277
あげよ	あげよ	6379
あげよ	上げよ	6859
あげよう	あげよう	6381
あげよう	上げよう	6851
あげりゃ	あげりゃ	6907
あげりゃ	上げりゃ	6907
あげる	上げる	5237
あげる	あげる	5414
あげる	挙げる	5969
あげる	揚げる	6413
あげれ	あげれ	6514
あげれ	上げれ	6857
あげれ	挙げれ	7130
あげろ	あげろ	6907
あげろ	上げろ	6907
あげん	あげん	6907
あげん	上げん	6907
あこ	あこ	7036
あこ	アコ	7393
あこう	赤穂	6813
あこう	アコウ	7456
あこがれ	憧れ	5350
あこがれ	あこがれ	6798
あこがれる	憧れる	6290
あこがれる	あこがれる	7537
あこぎ	アコギ	7156
あこむ	アコム	7477
あこーすてぃっく	アコースティック	6793
あこーすてぃっくぎたー	アコースティックギター	7088
あこーでぃおん	アコーディオン	7039
あこーど	アコード	7310
あご	顎	5797
あご	あご	6323
あご	アゴ	6553
あごだし	あごだし	7539
あさ	朝	4845
あさ	麻	6239
あさ	浅	6394
あさ	あさ	6683
あさ	アサ	6847
あさい	浅い	5905
あさい	浅井	6746
あさい	アサイ	6877
あさい	朝井	7540
あさいち	朝市	6614
あさいち	朝イチ	6658
あさいん	アサイン	6854
あさお	麻生	7228
あさおき	朝起き	6357
あさか	朝霞	7367
あさか	浅香	7445
あさかず	朝一	7341
あさかつ	朝活	6793
あさからあめ	朝から雨	7489
あさからばん	朝から晩	7006
あさかわ	浅川	7207
あさがえり	朝帰り	7561
あさがお	朝顔	6635
あさがお	アサガオ	7028
あさがお	あさがお	7365
あさがすみ	朝霞	7316
あさがた	朝方	6615
あさがや	阿佐ヶ谷	6897
あさぎまだら	アサギマダラ	7443
あさぎり	朝霧	7254
あさく	浅く	6339
あさくさ	浅草	6150
あさくさせん	浅草線	7308
あさくさばし	浅草橋	7342
あさくら	朝倉	6382
あさくら	浅倉	7170
あさくら	麻倉	7487
あさこ	あさこ	7319
あさこ	麻子	7361
あさごはん	朝ごはん	6040
あさごはん	朝ご飯	6751
あさしょうりゅう	朝青龍	7488
あさしん	アサシン	6970
あさせ	浅瀬	6948
あさた	浅田	7121
あさだ	浅田	6913
あさだ	朝だ	7532
あさだまお	浅田真央	7432
あさっ	漁っ	7492
あさって	明後日	6319
あさって	あさって	7170
あさつゆ	朝露	7433
あさづけ	浅漬	7533
あさどら	朝ドラ	6329
あさになっ	朝になっ	6935
あさぬま	浅沼	7439
あさの	浅野	6287
あさはか	浅はか	7097
あさはやい	朝早い	7462
あさはやく	朝早く	7195
あさはら	麻原	7434
あさば	浅場	7360
あさばん	朝晩	6254
あさひ	朝日	5953
あさひ	旭	6493
あさひ	アサヒ	6612
あさひ	あさひ	6847
あさひ	朝陽	7297
あさひかせい	旭化成	7116
あさひかわ	旭川	6335
あさひかわし	旭川市	7561
あさひがわ	旭川	6579
あさひしんぶん	朝日新聞	6252
あさひしんぶんしゃ	朝日新聞社	7041
あさひな	朝比奈	6998
あさひな	朝日奈	7505
あさひびーる	アサヒビール	7179
あさひほうそう	朝日放送	7299
あさひやま	旭山	7432
あさひる	朝昼	7562
あさひるばん	朝昼晩	7439
あさぶろ	朝風呂	7406
あさま	浅間	7301
あさまやま	浅間山	7311
あさみ	あさみ	6920
あさみ	麻美	7329
あさみ	浅見	7518
あさみ	あさ美	7534
あさみなみ	安佐南	7516
あさめ	浅め	7135
あさめし	朝飯	7282
あさやけ	朝焼け	6871
あさゆう	朝夕	6733
あさり	アサリ	6581
あさり	あさり	6750
あさり	浅利	7385
あさるとらいふる	アサルトライフル	7298
あされん	朝練	6969
あさーしょん	アサーション	7454
あざ	字	5876
あざ	あざ	6692
あざ	アザ	6931
あざ	痣	7095
あざい	浅井	7203
あざと	あざと	7439
あざとい	あざとい	7014
あざな	字	5924
あざぶ	麻布	6970
あざぶじゅうばん	麻布十番	7041
あざぶだい	麻布台	7360
あざみ	アザミ	7068
あざみ	あざみ	7490
あざみの	あざみ野	7419
あざむく	欺く	7376
あざやか	鮮やか	5470
あざやか	あざやか	7509
あざらし	アザラシ	6729
あざらし	あざらし	7521
あし	足	4903
あし	脚	5399
あし	あし	6442
あし	アシ	6621
あし	葦	6724
あし	芦	7333
あしあと	足跡	6198
あしうら	足裏	6392
あしお	足尾	7465
あしおと	足音	6434
あしか	アシカ	7121
あしか	あしか	7476
あしかが	足利	6501
あしかせ	足かせ	7331
あしかせ	足枷	7454
あしからず	あしからず	6964
あしからず	悪しからず	7001
あしかれ	悪しかれ	7232
あしがかり	足がかり	7263
あしがかり	足掛かり	7347
あしがた	足型	7354
あしがた	足形	7356
あしがら	足柄	7465
あしがる	足軽	7282
あしき	悪しき	7185
あしきり	足切り	7347
あしくび	足首	6090
あしこし	足腰	6686
あしさき	足先	6536
あししげく	足繁く	7455
あしすたんと	アシスタント	5996
あしすと	アシスト	5850
あした	明日	4996
あした	あした	6471
あした	芦田	7549
あしたて	足立	7318
あしたのあさ	明日の朝	7528
あしたのじょー	あしたのジョー	7373
あしだ	芦田	7238
あしだち	足立	7094
あしっくす	アシックス	7022
あしつき	足つき	7330
あしとり	足取り	7235
あしどめ	足止め	6791
あしどり	足取り	6851
あしなが	脚長	7149
あしながばち	アシナガバチ	7539
あしなみ	足並み	7346
あしのうら	足の裏	6888
あしのこ	芦ノ湖	7286
あしのこう	足の甲	7563
あしのゆび	足の指	7315
あしはば	足幅	7551
あしはら	芦原	7506
あしば	足場	5908
あしばこうじ	足場工事	7488
あしばや	足早	7186
あしぶみ	足踏み	6821
あしべ	足部	7310
あしまわり	足回り	6413
あしもと	足元	5539
あしもと	足下	6999
あしもと	足もと	7204
あしや	芦屋	6540
あしゅ	亜種	6532
あしゅら	阿修羅	7128
あしゆ	足湯	6540
あしゆび	趾	7093
あしらい	あしらい	6994
あしらう	あしらう	7474
あしらっ	あしらっ	6404
あしらわ	あしらわ	6598
あしりぱ	アシリパ	7341
あしをとめ	足を止め	6877
あしをのばし	足を伸ばし	6867
あしをのばし	足を延ばし	7258
あしをはこば	足を運ば	7272
あしをはこび	足を運び	6611
あしをはこぶ	足を運ぶ	6626
あしをはこん	足を運ん	5856
あしをひっぱっ	足を引っ張っ	7531
あしをひっぱる	足を引っ張る	7355
あしをふみいれ	足を踏み入れ	6623
あしをふみいれる	足を踏み入れる	6889
あしんめとりー	アシンメトリー	7258
あじ	味	4567
あじ	アジ	5933
あじ	あじ	6553
あじ	鯵	6902
あじあ	アジア	5236
あじあけん	アジア圏	7566
あじあしょこく	アジア諸国	7558
あじあじん	アジア人	7041
あじあたいへいよう	アジア太平洋	7180
あじあん	アジアン	6757
あじぇんだ	アジェンダ	7188
あじかたぜんたい	味方全体	7335
あじがし	味がし	6459
あじけ	味気	6856
あじさい	紫陽花	6275
あじさい	アジサイ	6432
あじさい	あじさい	6440
あじたま	味玉	6766
あじだし	味出し	7441
あじつき	味付き	7483
あじつけ	味付け	5863
あじつけ	味つけ	6935
あじつけ	味付	7264
あじと	アジト	6761
あじな	味な	6875
あじのもと	味の素	6583
あじふらい	アジフライ	7412
あじへん	味変	7325
あじみ	味見	6470
あじゃいる	アジャイル	6793
あじゃすたー	アジャスター	6941
あじゃすと	アジャスト	7199
あじゃり	阿闍梨	7534
あじわい	味わい	5420
あじわいぶかい	味わい深い	6642
あじわいぶかく	味わい深く	7233
あじわう	味わう	5796
あじわえ	味わえ	6100
あじわえる	味わえる	5835
あじわお	味わお	7433
あじわおう	味わおう	7426
あじわっ	味わっ	5757
あじわわ	味わわ	7430
あじんぐ	アジング	7086
あす	明日	5274
あす	アス	6841
あす	あす	7498
あすか	アスカ	6654
あすか	飛鳥	6683
あすか	あすか	6901
あすか	明日香	7026
あすきー	アスキー	7376
あすた	アスタ	7382
あすたきさんちん	アスタキサンチン	7552
あすたりすく	アスタリスク	7404
あすたー	アスター	7146
あすてか	アステカ	7406
あすとらる	アストラル	7503
あすとろ	アストロ	7435
あすとろず	アストロズ	7368
あすとんまーてぃん	アストンマーティン	7459
あすな	アスナ	7087
あすなろ	あすなろ	7073
あすぱら	アスパラ	6460
あすぱらがす	アスパラガス	6694
あすぴりん	アスピリン	7341
あすふぁると	アスファルト	6384
あすべすと	アスベスト	6717
あすぺくと	アスペクト	6770
あすらん	アスラン	6826
あすりーと	アスリート	5886
あすれちっく	アスレチック	6583
あずかっ	預かっ	6368
あずかり	預かり	5732
あずかり	預り	7404
あずかり	あずかり	7545
あずかる	預かる	6771
あずき	小豆	6319
あずき	あずき	6538
あずけ	預け	6044
あずけ	あずけ	7386
あずける	預ける	6425
あずさ	あずさ	6955
あずさ	梓	7050
あずま	東	6811
あずま	あずま	7084
あずま	吾妻	7239
あずまの	東野	7530
あずまや	東屋	6977
あずまやま	東山	7408
あずみの	安曇野	6925
あずれん	アズレン	7534
あずーる	アズール	6796
あずーるれーん	アズールレーン	7434
あせ	汗	5173
あせ	あせ	7424
あせ	褪せ	7494
あせあん	ASEAN	6897
あせすめんと	アセスメント	6534
あせだく	汗だく	6511
あせっ	焦っ	6001
あせっ	あせっ	7446
あせっと	アセット	6642
あせっとまねじめんと	アセットマネジメント	7364
あせてーと	アセテート	7471
あせとん	アセトン	7270
あせばむ	汗ばむ	7096
あせも	あせも	7495
あせら	焦ら	6314
あせら	あせら	7438
あせり	焦り	6321
あせる	焦る	6445
あせろら	アセロラ	7567
あせんしょん	アセンション	7368
あせんぶら	アセンブラ	7553
あせんぶり	アセンブリ	6800
あせんぶる	アセンブル	7527
あぜ	畔	7265
あぜ	あぜ	7561
あぜるばいじゃん	アゼルバイジャン	7164
あぜん	唖然	6807
あそ	阿蘇	6566
あそう	麻生	6624
あそこ	あそこ	5848
あそさん	阿蘇山	7419
あそしえいと	アソシエイト	6926
あそば	遊ば	6316
あそび	遊び	4979
あそび	あそび	6116
あそび	アソビ	7523
あそびかた	遊び方	6381
あそびごころ	遊び心	6166
あそびにいき	遊びに行き	6871
あそびにいく	遊びに行く	6696
あそびにいっ	遊びに行っ	6565
あそびにき	遊びに来	6179
あそびにき	遊びにき	6701
あそびにくる	遊びに来る	7291
あそびにん	遊び人	7157
あそびば	遊び場	6430
あそびやすい	遊びやすい	7338
あそぶ	遊ぶ	5433
あそぶ	あそぶ	7244
あそべ	遊べ	6247
あそべる	遊べる	5772
あそぼ	遊ぼ	6420
あそぼ	あそぼ	6848
あそぼう	遊ぼう	6429
あそん	遊ん	5171
あそん	あそん	7190
あそん	朝臣	7497
あそーと	アソート	7063
あたい	値	5457
あたい	価	7210
あたい	あたい	7296
あたいし	値し	6947
あたいする	値する	6440
あたえ	与え	4877
あたえ	与	6417
あたえ	あたえ	7147
あたえ	與	7197
あたえよ	与えよ	7130
あたえよう	与えよう	7121
あたえる	与える	4948
あたえる	あたえる	7337
あたえれ	与えれ	7351
あたかも	あたかも	6455
あたご	愛宕	7415
あたごじんじゃ	愛宕神社	7393
あたごやま	愛宕山	7467
あたし	あたし	5825
あたし	アタシ	6452
あたたか	暖か	6477
あたたか	温か	6482
あたたか	あたたか	6594
あたたかい	温かい	5525
あたたかい	暖かい	5685
あたたかい	あたたかい	6272
あたたかいきもち	温かい気持ち	7420
あたたかいのみもの	温かい飲み物	7562
あたたかいふんいき	温かい雰囲気	7525
あたたかいめ	温かい目	7350
あたたかかっ	暖かかっ	7253
あたたかく	暖かく	5841
あたたかく	温かく	6005
あたたかく	あたたかく	6643
あたたかさ	温かさ	6477
あたたかさ	暖かさ	7026
あたたかさ	あたたかさ	7379
あたたかみ	温かみ	6277
あたたかみ	暖かみ	7115
あたたかみ	あたたかみ	7387
あたたまっ	温まっ	7102
あたたまり	温まり	6736
あたたまる	温まる	6652
あたたまる	暖まる	7469
あたたまる	あたたまる	7475
あたため	温め	5993
あたため	あたため	6964
あたため	暖め	7009
あたためる	温める	6139
あたためる	暖める	7286
あたためる	あたためる	7548
あたっ	当たっ	5377
あたっ	あたっ	5421
あたっ	中っ	7205
あたっ	当っ	7294
あたっかー	アタッカー	5976
あたっく	アタック	5838
あたっちめんと	アタッチメント	6527
あたふた	あたふた	7276
あたま	頭	5291
あたま	アタマ	6841
あたまうち	頭打ち	7099
あたまきん	頭金	7009
あたまごなし	頭ごなし	7410
あたまにき	頭にき	7487
あたまをかかえ	頭を抱え	6900
あたまをかかえる	頭を抱える	7474
あたまをさげ	頭を下げ	6690
あたまをさげる	頭を下げる	7115
あたみ	熱海	6508
あたら	当たら	5886
あたら	あたら	6919
あたらし	新シ	6300
あたらし	新し	6814
あたらしい	新しい	4313
あたらしい	あたらしい	6870
あたらしいあいであ	新しいアイデア	6994
あたらしいあかうんと	新しいアカウント	7424
あたらしいあじ	新しい味	7559
あたらしいいのち	新しい命	7329
あたらしいうぃんどう	新しいウィンドウ	7199
あたらしいおんがく	新しい音楽	7420
あたらしいかいしゃ	新しい会社	7544
あたらしいかぜ	新しい風	7098
あたらしいかぞく	新しい家族	7080
あたらしいかたち	新しい形	7024
あたらしいかち	新しい価値	6839
あたらしいかちかん	新しい価値観	7422
あたらしいかのうせい	新しい可能性	7273
あたらしいかんきょう	新しい環境	6760
あたらしいがっこう	新しい学校	7193
あたらしいきじ	新しい記事	7538
あたらしいきのう	新しい機能	7143
あたらしいきょく	新しい曲	7526
あたらしいぎじゅつ	新しい技術	6638
あたらしいくちこみ	新しい口コミ	7529
あたらしいくるま	新しい車	7533
あたらしいけいけん	新しい経験	7490
あたらしいげーむ	新しいゲーム	7342
あたらしいこい	新しい恋	7493
あたらしいこころみ	新しい試み	7419
あたらしいこんてんつ	新しいコンテンツ	7532
あたらしいさくひん	新しい作品	7379
あたらしいさーびす	新しいサービス	7086
あたらしいしごと	新しい仕事	6917
あたらしいしすてむ	新しいシステム	7404
あたらしいしてん	新しい視点	7115
あたらしいしゅみ	新しい趣味	7482
あたらしいしょうひん	新しい商品	7098
あたらしいしょくば	新しい職場	7232
あたらしいじぎょう	新しい事業	7236
あたらしいじだい	新しい時代	6722
あたらしいじぶん	新しい自分	6910
あたらしいじゅん	新しい順	6580
あたらしいじょうほう	新しい情報	6782
あたらしいじんせい	新しい人生	7309
あたらしいすきる	新しいスキル	7390
あたらしいすたいる	新しいスタイル	7153
あたらしいすたーと	新しいスタート	7410
あたらしいすてーじ	新しいステージ	7550
あたらしいせいかつ	新しい生活	6783
あたらしいせいひん	新しい製品	7388
あたらしいせかい	新しい世界	6760
あたらしいたいけん	新しい体験	7306
あたらしいたいぷ	新しいタイプ	7123
あたらしいたてもの	新しい建物	7496
あたらしいたぶ	新しいタブ	7458
あたらしいちしき	新しい知識	7186
あたらしいちゃれんじ	新しいチャレンジ	7291
あたらしいちょうせん	新しい挑戦	7029
あたらしいちりょう	新しい治療	7435
あたらしいてくのろじー	新しいテクノロジー	7456
あたらしいでざいん	新しいデザイン	7171
あたらしいでーた	新しいデータ	7476
あたらしいとし	新しい年	7033
あたらしいともだち	新しい友達	7360
あたらしいとりくみ	新しい取り組み	7467
あたらしいどうが	新しい動画	7547
あたらしいなかま	新しい仲間	6893
あたらしいはっけん	新しい発見	6604
あたらしいはっそう	新しい発想	7428
あたらしいばしょ	新しい場所	7156
あたらしいばーじょん	新しいバージョン	7084
あたらしいぱすわーど	新しいパスワード	7554
あたらしいひと	新しい人	7157
あたらしいひょうげん	新しい表現	7544
あたらしいびじねす	新しいビジネス	7098
あたらしいぶんか	新しい文化	7503
あたらしいぶんや	新しい分野	7452
あたらしいぷろじぇくと	新しいプロジェクト	7235
あたらしいぺーじ	新しいページ	7498
あたらしいほうほう	新しい方法	7375
あたらしいみち	新しい道	7227
あたらしいみらい	新しい未来	7515
あたらしいみりょく	新しい魅力	7541
あたらしいめにゅー	新しいメニュー	7466
あたらしいめんばー	新しいメンバー	7320
あたらしいもでる	新しいモデル	7375
あたらしく	新しく	5279
あたらしさ	新しさ	7232
あたらん	当たらん	7554
あたり	あたり	5110
あたり	当たり	5392
あたり	辺り	5405
あたり	辺	6077
あたり	アタリ	6140
あたり	当り	6998
あたりさわり	当たり障り	7188
あたりまえ	当たり前	5061
あたりまえ	あたりまえ	6564
あたりやすい	当たりやすい	7374
あたる	当たる	5263
あたる	あたる	5595
あたる	中	7255
あたる	当る	7406
あたれ	当たれ	6882
あだ	仇	7148
あだ	アダ	7409
あだうち	仇討ち	7417
あだち	足立	6737
あだち	安達	6790
あだちく	足立区	7359
あだな	あだ名	6372
あだぷた	アダプタ	6278
あだぷたー	アダプター	6203
あだむ	アダム	6482
あだむす	アダムス	7309
あだると	アダルト	6583
あちこち	あちこち	5691
あちこち	アチコチ	7526
あちら	あちら	6150
あちーぶめんと	アチーブメント	7420
あっ	あっ	3782
あっ	合っ	5068
あっ	会っ	5326
あっ	有っ	6175
あっ	遭っ	6213
あっ	アッ	6559
あっ	在っ	7147
あっ	逢っ	7411
あっか	悪化	5474
あっかん	圧巻	5987
あっき	悪鬼	7434
あっけなく	あっけなく	7034
あっけらかん	あっけらかん	7448
あっこ	アッコ	7235
あっこう	悪口	6493
あっさく	圧搾	7405
あっさむ	アッサム	7519
あっさり	あっさり	5671
あっさり	アッサリ	7018
あっしゅ	アッシュ	6712
あっしゅく	圧縮	5635
あっしょう	圧勝	6551
あっせん	斡旋	6726
あっせん	あっせん	7035
あっそう	圧送	7437
あったかい	あったかい	6577
あったかい	温かい	7022
あったかく	あったかく	7038
あったかく	暖かく	7338
あったかく	温かく	7502
あっため	温め	7280
あったら	あったら	5361
あっち	あっち	6081
あっちゃく	圧着	6831
あっつう	圧痛	7537
あってほしい	あってほしい	7103
あってほしい	あって欲しい	7344
あっと	あっと	6975
あっと	アット	7408
あっというま	あっという間	6082
あっというまに	あっという間に	5537
あっというまに	あっと言う間に	7068
あっというまにじかん	あっという間に時間	7224
あっとう	圧倒	5897
あっとうてき	圧倒的	5238
あっとほーむ	アットホーム	6300
あっぱ	アッパ	6651
あっぱく	圧迫	5877
あっぱくかん	圧迫感	6832
あっぱれ	あっぱれ	7174
あっぱー	アッパー	6240
あっぷ	アップ	4438
あっぷぐれーど	アップグレード	6757
あっぷだうん	アップダウン	6622
あっぷてんぽ	アップテンポ	7392
あっぷでーと	アップデート	5314
あっぷりけ	アップリケ	7347
あっぷる	アップル	6108
あっぷるうぉっち	アップルウォッチ	7505
あっぷるぱい	アップルパイ	6666
あっぷろーど	アップロード	5753
あっらー	アッラー	7400
あつ	暑	5615
あつ	圧	5778
あつ	あつ	6118
あつ	厚	6151
あつ	アツ	6510
あつ	熱	6809
あつあげ	厚揚げ	6541
あつあつ	熱々	6283
あつあつ	アツアツ	6697
あつあつ	あつあつ	7180
あつい	暑い	5067
あつい	熱い	5340
あつい	厚い	6081
あつい	アツい	6654
あつい	あつい	7083
あつい	アツイ	7545
あついおうえん	熱い応援	7028
あついおもい	熱い思い	6947
あついおもい	熱い想い	7092
あついおゆ	熱いお湯	7557
あついきせつ	暑い季節	6911
あついきもち	熱い気持ち	7301
あついしせん	熱い視線	7458
あついじき	暑い時期	6744
あついせいえん	熱い声援	7461
あついたたかい	熱い戦い	7376
あついなつ	暑い夏	6249
あついなつ	熱い夏	7544
あついひ	暑い日	7534
あついめっせーじ	熱いメッセージ	7528
あつえん	圧延	7208
あつお	厚生	6984
あつかい	扱い	5269
あつかいづらい	扱いづらい	7490
あつかいにくい	扱いにくい	7205
あつかいにし	扱いにし	7541
あつかいやす	扱いやす	7556
あつかいやすい	扱いやすい	6345
あつかいやすく	扱いやすく	6833
あつかう	扱う	5485
あつかえ	扱え	7154
あつかえる	扱える	6492
あつかっ	扱っ	5670
あつかっ	暑かっ	6228
あつかっ	熱かっ	7086
あつかましい	厚かましい	7463
あつかわ	扱わ	5934
あつかん	熱燗	7238
あつがみ	厚紙	6425
あつがり	暑がり	7405
あつき	熱き	7011
あつぎ	厚木	6605
あつぎ	厚着	7393
あつく	熱く	5679
あつく	暑く	5760
あつく	厚く	5983
あつく	アツく	7330
あつくるしい	暑苦しい	7316
あつこ	敦子	6827
あつこ	あつこ	7224
あつこ	淳子	7520
あつさ	暑さ	5713
あつさ	厚さ	6071
あつさ	熱さ	7047
あつし	厚	5919
あつし	温	6841
あつし	篤	6942
あつし	敦	6990
あつし	淳	7135
あつし	あつし	7226
あつし	懿	7272
あつし	純	7422
あつそう	暑そう	7541
あつぞこ	厚底	6833
あつた	熱田	7519
あつたじんぐう	熱田神宮	7341
あつで	厚手	6372
あつでん	圧電	7372
あつにゅう	圧入	7192
あつの	野	7346
あつひと	淳一	7485
あつべつ	厚別	7391
あつまっ	集まっ	5201
あつまら	集まら	6692
あつまり	集まり	5517
あつまり	集	7214
あつまりやすい	集まりやすい	7371
あつまる	集まる	5505
あつまれ	あつまれ	6924
あつまれ	集まれ	7070
あつまれる	集まれる	7293
あつみ	厚み	5621
あつみ	渥美	7229
あつめ	集め	4921
あつめ	厚め	6476
あつめ	あつめ	6964
あつめ	熱め	7300
あつめよ	集めよ	6996
あつめよう	集めよう	6988
あつめる	集める	5579
あつめれ	集めれ	7424
あつりょく	圧力	5548
あつりょくなべ	圧力鍋	6964
あつれき	軋轢	7200
あづけ	預け	7195
あづち	安土	7201
あづちももやまじだい	安土桃山時代	7506
あづま	あづま	7403
あづみ	あづみ	7354
あづみのし	安曇野市	7387
あて	当て	5432
あて	宛	6070
あて	あて	6211
あて	アテ	6516
あて	宛て	6651
あて	充て	6874
あて	当	7259
あてさき	宛先	6396
あてじ	当て字	7247
あてな	宛名	6647
あてな	アテナ	7004
あてにげ	当て逃げ	7423
あてね	アテネ	7050
あてはまっ	当てはまっ	6916
あてはまら	当てはまら	6742
あてはまり	当てはまり	6671
あてはまる	当てはまる	6032
あてはまる	あてはまる	6936
あてはめ	当てはめ	6693
あてはめ	あてはめ	7461
あてはめる	当てはめる	6975
あてよ	当てよ	7393
あてよう	当てよう	7385
あてる	当てる	5876
あてる	充てる	6618
あてる	あてる	6693
あてれ	当てれ	7309
あてんしょん	アテンション	7526
あてんど	アテンド	7140
あでぃしょなるたいむ	アディショナルタイム	7280
あでぃだす	アディダス	6877
あでやか	艶やか	6585
あでる	アデル	7334
あと	あと	4501
あと	後	5232
あと	跡	5300
あと	痕	6789
あと	アト	7548
あとあじ	後味	6324
あとあと	後々	6340
あとあと	あとあと	7333
あとおし	後押し	6002
あとかた	跡形	7162
あとかたづけ	後片付け	6805
あとがき	あとがき	6535
あとがき	後書き	7532
あとがま	後釜	7432
あとこじんてき	あと個人的	7227
あとさき	後先	7322
あとしまつ	後始末	7143
あとしょり	後処理	7175
あとだし	後出し	7071
あとち	跡地	6029
あとつぎ	跡継ぎ	7173
あとで	後で	5640
あととり	跡取り	7207
あとのまつり	後の祭り	7509
あとばらい	後払い	6737
あとぴー	アトピー	6256
あとべ	跡部	7274
あとまわし	後回し	6310
あとむ	アトム	6798
あともどり	後戻り	6926
あとらくしょん	アトラクション	5916
あとらす	アトラス	6826
あとらんた	アトランタ	6959
あとらんてぃす	アトランティス	7187
あとりうむ	アトリウム	7392
あとりえ	アトリエ	6018
あとりびゅーと	アトリビュート	7475
あとれ	アトレ	7235
あとれてぃこ	アトレティコ	7565
あど	アド	6102
あど	あど	7466
あどおん	アドオン	6736
あどけない	あどけない	7319
あどばいざりー	アドバイザリー	7291
あどばいざー	アドバイザー	5829
あどばいす	アドバイス	5038
あどばんす	アドバンス	6712
あどばんてーじ	アドバンテージ	6474
あどび	アドビ	7358
あどべんちゃー	アドベンチャー	6296
あどべんちゃーわーるど	アドベンチャーワールド	7450
あどべんとかれんだー	アドベントカレンダー	7374
あどらー	アドラー	7053
あどりぶ	アドリブ	6502
あどるふ	アドルフ	7388
あどれす	アドレス	5343
あどれなりん	アドレナリン	6789
あな	穴	5205
あな	アナ	5775
あな	ANA	6193
あな	あな	6573
あな	孔	6607
あな	坑	6909
あなあけ	穴あけ	6748
あなうま	穴馬	7523
あなうめ	穴埋め	6793
あなうんさ	アナウンサ	6610
あなうんさー	アナウンサー	5940
あなうんす	アナウンス	5959
あながち	あながち	7040
あなぐま	アナグマ	7544
あなご	穴子	6752
あなご	アナゴ	6960
あなご	あなご	7261
あなざー	アナザー	7485
あなすたしあ	アナスタシア	7333
あなた	あなた	4160
あなた	貴方	5523
あなた	アナタ	6258
あなた	貴女	6410
あなたたち	あなた達	6990
あなたたち	貴方達	7504
あなどっ	侮っ	7476
あなどる	侮る	7373
あなどれ	侮れ	7166
あなば	穴場	6330
あなふぃらきしー	アナフィラキシー	7058
あなみず	穴水	7558
あなりすと	アナリスト	6339
あなりてぃくす	アナリティクス	6481
あなる	アナル	7556
あなろぐ	アナログ	5795
あなん	阿南	7261
あに	兄	5401
あに	アニ	6392
あに	あに	6779
あにうえ	兄上	7260
あにおり	アニオリ	7419
あにき	兄貴	6216
あにき	アニキ	6981
あにさきす	アニサキス	7193
あにさま	兄様	7411
あにじゃ	兄者	7527
あにす	アニス	7417
あにたち	兄たち	7513
あにでし	兄弟子	7453
あにばーさりー	アニバーサリー	7085
あにぽけ	アニポケ	7381
あにま	アニマ	7284
あにまる	アニマル	6836
あにめ	アニメ	4680
あにめいと	アニメイト	6577
あにめえいが	アニメ映画	7284
あにめか	アニメ化	6915
あにめさくひん	アニメ作品	7458
あにめばん	アニメ版	6908
あにめーしょん	アニメーション	5628
あにめーたー	アニメーター	6906
あによめ	兄嫁	7325
あにー	アニー	7279
あぬびす	アヌビス	7506
あね	姉	5719
あね	姐	7377
あねき	姉貴	7273
あねご	姉御	7420
あねさま	姉様	7157
あねさん	姉さん	6894
あねっくす	アネックス	7552
あねったい	亜熱帯	7009
あねもね	アネモネ	7202
あの	あの	4497
あの	アノ	7083
あのてこのて	あの手この手	7109
あのてーしょん	アノテーション	7044
あのよ	あの世	6660
あはは	あはは	6802
あはは	アハハ	7469
あはれ	あはれ	7222
あば	阿波	7392
あばい	暴い	7288
あばうと	アバウト	7136
あばか	暴か	7229
あばく	暴く	7097
あばしり	網走	6971
あばた	アバタ	6964
あばたー	アバター	6210
あばら	肋	7387
あばると	アバルト	7359
あばれ	暴れ	6095
あばれ	あばれ	7561
あばれる	暴れる	6663
あばれる	あばれる	7462
あばれんぼう	暴れん坊	7144
あばん	アバン	7355
あぱ	アパ	6960
あぱれる	アパレル	5930
あぱれるめーかー	アパレルメーカー	7552
あぱーと	アパート	5715
あぱーとめんと	アパートメント	7240
あひる	アヒル	6550
あひる	あひる	7073
あひーじょ	アヒージョ	6951
あび	浴び	5721
あび	アビ	6565
あび	あび	7294
あびきょうかん	阿鼻叫喚	7440
あびこ	我孫子	7160
あびす	アビス	6974
あびすぱ	アビスパ	7291
あびすぱふくおか	アビスパ福岡	7487
あびせ	浴びせ	6986
あびせる	浴びせる	7309
あびりてぃ	アビリティ	6145
あびる	浴びる	6249
あびる	あびる	7517
あびー	アビー	7393
あぴ	アピ	7562
あぴた	アピタ	7269
あぴーる	アピール	5305
あぴーるぽいんと	アピールポイント	7295
あふぁめーしょん	アファメーション	7450
あふぃさいと	アフィサイト	6954
あふぃりえいたー	アフィリエイター	7383
あふぃりえいと	アフィリエイト	5950
あふがにすたん	アフガニスタン	6636
あふがん	アフガン	7140
あふた	アフタ	6245
あふたぬーん	アフタヌーン	6457
あふたぬーんてぃー	アフタヌーンティー	7028
あふたー	アフター	6349
あふたーけあ	アフターケア	6834
あふたーさーびす	アフターサービス	6592
あふたーふぉろー	アフターフォロー	7164
あふりか	アフリカ	5660
あふりかん	アフリカン	7316
あふれ	溢れ	5606
あふれ	あふれ	5909
あふれかえっ	溢れかえっ	7246
あふれこ	アフレコ	6732
あふれだし	溢れ出し	7302
あふれだす	溢れ出す	7308
あふれで	溢れ出	7152
あふれでる	溢れ出る	7254
あふれる	あふれる	5573
あふれる	溢れる	5631
あふれん	溢れん	7434
あふろ	アフロ	6894
あぶ	アブ	6635
あぶだび	アブダビ	7258
あぶっ	炙っ	6942
あぶな	危な	7441
あぶない	危ない	5822
あぶない	あぶない	7170
あぶないでか	あぶない刑事	7408
あぶなかっ	危なかっ	7108
あぶなく	危なく	7076
あぶなっかしい	危なっかしい	7434
あぶら	油	5272
あぶら	脂	6079
あぶら	あぶら	7085
あぶら	アブラ	7206
あぶらあげ	油揚げ	6608
あぶらえ	油絵	6802
あぶらがのっ	脂が乗っ	7546
あぶらげ	油揚げ	6940
あぶらしょう	脂性	7375
あぶらそば	油そば	7388
あぶらっこい	脂っこい	7316
あぶらな	アブラナ	7330
あぶらぬき	油抜き	7484
あぶらはむ	アブラハム	7155
あぶらみ	脂身	6708
あぶらむし	アブラムシ	6906
あぶらよごれ	油汚れ	7399
あぶり	炙り	6510
あぶり	あぶり	7394
あぶる	炙る	7495
あぷ	アプ	7058
あぷで	アプデ	6448
あぷらいあんす	アプライアンス	6878
あぷり	アプリ	4653
あぷりけーしょん	アプリケーション	5239
あぷりげーむ	アプリゲーム	7374
あぷりこっと	アプリコット	7210
あぷりすとあ	アプリストア	7384
あぷろーち	アプローチ	5270
あへん	アヘン	7335
あべ	阿部	5920
あべ	安倍	6095
あべ	アベ	7074
あべ	安部	7088
あべい	阿部	7258
あべいる	アベイル	7558
あべしゅしょう	安倍首相	7136
あべせいけん	安倍政権	6785
あべっく	アベック	7481
あべにゅー	アベニュー	7488
あべの	安倍	6499
あべの	あべの	6760
あべの	阿倍野	7345
あべのせいめい	安倍晴明	7390
あべのみくす	アベノミクス	7073
あべる	アベル	7122
あべれーじ	アベレージ	7178
あべんじゃーず	アベンジャーズ	6816
あほ	アホ	5727
あほ	あほ	6911
あほう	阿呆	7480
あぼかど	アボカド	6235
あぼがど	アボガド	7490
あぽ	アポ	6439
あぽいんと	アポイント	7007
あぽとーしす	アポトーシス	7475
あぽろ	アポロ	6728
あま	甘	5506
あま	アマ	6100
あま	あま	6122
あま	尼	6741
あま	天	7099
あま	海女	7140
あま	編ま	7154
あま	海人	7169
あまあま	甘々	7078
あまい	甘い	5290
あまい	あまい	7080
あまいおかし	甘いお菓子	7560
あまいかおり	甘い香り	6831
あまいことば	甘い言葉	7414
あまえ	甘え	6213
あまえる	甘える	6746
あまえんぼう	甘えん坊	6638
あまおう	あまおう	7011
あまおと	雨音	7154
あまかぜ	雨風	6969
あまかっ	甘かっ	6755
あまかみ	甘噛み	7433
あまから	甘辛	6537
あまからい	甘辛い	6921
あまからく	甘辛く	7219
あまかわ	甘皮	7434
あまがえる	アマガエル	7524
あまがさ	雨傘	7433
あまがさき	尼崎	6300
あまき	天城	7426
あまぎ	天城	7204
あまく	甘く	5612
あまく	あまく	7446
あまくさ	天草	7204
あまくだり	天下り	7499
あまくち	甘口	6710
あまぐ	雨具	7059
あまぐさ	天草	7518
あまぐも	雨雲	6670
あまぐり	甘栗	7386
あまご	アマゴ	7341
あまごい	雨乞い	7383
あまさ	甘さ	6149
あまざけ	甘酒	6362
あました	天下	7439
あまじょっぱい	甘じょっぱい	7474
あます	余す	6605
あまず	甘酢	6630
あまずっぱ	甘酸っぱ	6978
あまずっぱい	甘酸っぱい	6473
あまずっぱく	甘酸っぱく	7183
あまずっぱさ	甘酸っぱさ	7495
あまぞん	アマゾン	5933
あまた	数多	7251
あまた	あまた	7501
あまだい	アマダイ	7460
あまだい	甘鯛	7514
あまちゅあ	アマチュア	6077
あまっ	余っ	5799
あまっ	あまっ	7229
あまったるい	甘ったるい	7461
あまつ	天津	7137
あまつぶ	雨粒	7292
あまつら	天面	7310
あまてらす	アマテラス	7410
あまてらすおおみかみ	天照大神	7202
あまてらすおおみかみ	天照大御神	7316
あまと	亜人	7508
あまとう	甘党	7108
あまど	雨戸	7083
あまどい	雨樋	6897
あまなっとう	甘納豆	7437
あまなつ	甘夏	7303
あまね	天音	7085
あまね	あまね	7254
あまの	天野	6580
あまのがわ	天の川	6580
あまのじゃく	天邪鬼	7438
あまのはしだて	天橋立	7124
あまびえ	アマビエ	7373
あまぷら	アマプラ	7340
あまみ	甘み	6180
あまみ	甘味	6271
あまみ	奄美	6311
あまみず	雨水	6805
あまみや	雨宮	7217
あまみゆうき	天海祐希	7534
あまめ	甘め	7159
あまもよう	雨模様	6823
あまもり	雨漏り	6236
あまやかさ	甘やかさ	7100
あまやかし	甘やかし	6789
あまやかす	甘やかす	7260
あまやどり	雨宿り	7134
あまら	余ら	7353
あまり	あまり	4473
あまり	余り	6186
あまり	余	6794
あまり	甘利	7529
あまりいい	あまりいい	7166
あまりおおく	あまり多く	7059
あまりかんけいない	あまり関係ない	7217
あまりくわしく	あまり詳しく	7548
あまりたかく	あまり高く	7118
あまりつよく	あまり強く	7236
あまりない	あまりない	6013
あまりない	あまり無い	6965
あまりなかっ	あまりなかっ	6892
あまりながく	あまり長く	7523
あまりなく	あまりなく	7196
あまりに	あまりに	5194
あまりに	余りに	6594
あまりの	あまりの	7098
あまりひろく	あまり広く	7527
あまりふかく	あまり深く	7225
あまりよい	あまり良い	7105
あまりよく	あまり良く	6482
あまりよく	あまりよく	6965
あまる	余る	6712
あまんじ	甘んじ	7177
あまんじて	甘んじて	7260
あまんだ	アマンダ	7435
あみ	編み	5886
あみ	網	6124
あみ	アミ	6559
あみ	あみ	6581
あみ	亜美	6857
あみあげ	編み上げ	7323
あみあみ	あみあみ	7161
あみこみ	編み込み	6915
あみこん	編み込ん	7423
あみだ	阿弥陀	6913
あみだ	あみだ	7383
あみだし	編み出し	7041
あみだにょらい	阿弥陀如来	6973
あみど	網戸	6599
あみのさん	アミノ酸	6045
あみめ	網目	6906
あみめ	編み目	7386
あみもの	編み物	6656
あみゅぷらざ	アミュプラザ	7442
あみゅれっと	アミュレット	7475
あみゅーず	アミューズ	7073
あみゅーずめんと	アミューズメント	6537
あみろいど	アミロイド	7445
あみん	アミン	7306
あみーご	アミーゴ	7558
あむ	編む	6689
あむ	あむ	7242
あむうぇい	アムウェイ	7341
あむすてるだむ	アムステルダム	6837
あむろ	安室	6675
あむろ	アムロ	6752
あめ	雨	4734
あめ	天	5750
あめ	飴	6092
あめ	アメ	6136
あめ	あめ	6311
あめあがり	雨上がり	6711
あめいろ	飴色	7277
あめえ	甘え	6436
あめかぜ	雨風	7343
あめこみ	アメコミ	7063
あめしゃ	アメ車	7560
あめじすと	アメジスト	7096
あめだ	雨だ	7130
あめだす	アメダス	7548
あめだっ	雨だっ	7067
あめっくす	アメックス	7315
あめつち	天地	7174
あめとーーく	アメトーーク	7481
あめな	雨な	7427
あめにてぃ	アメニティ	6370
あめにてぃー	アメニティー	7532
あめふと	アメフト	6798
あめふり	雨降り	7059
あめぶろ	アメブロ	6823
あめみや	雨宮	7204
あめよこ	アメ横	7382
あめよほう	雨予報	7154
あめり	アメリ	7461
あめりか	アメリカ	4668
あめりか	米国	6530
あめりかがっしゅうこく	アメリカ合衆国	6366
あめりかぐん	アメリカ軍	7129
あめりかこくない	アメリカ国内	7525
あめりかじん	アメリカ人	6501
あめりかたいりく	アメリカ大陸	7098
あめりかどる	米ドル	7062
あめりかや	アメリカや	6824
あめりかん	アメリカン	6061
あめりかんふっとぼーる	アメリカンフットボール	7189
あめーば	アメーバ	7214
あもう	あもう	7467
あや	文	5616
あや	あや	6427
あや	彩	6653
あや	綾	6757
あや	操	6943
あや	アヤ	6961
あや	紋	7531
あやう	危う	7210
あやうい	危うい	6844
あやうく	危うく	6713
あやか	あやか	6971
あやか	綾香	7203
あやか	彩夏	7281
あやか	彩花	7388
あやか	綾華	7453
あやかし	あやかし	7208
あやかっ	あやかっ	7349
あやかり	あやかり	7473
あやぎぬ	綺	7025
あやこ	綾子	6939
あやこ	あやこ	7405
あやこ	文子	7551
あやし	怪し	6954
あやし	あやし	7223
あやしい	怪しい	5710
あやしい	あやしい	6929
あやしい	妖しい	7441
あやしかっ	怪しかっ	7528
あやしく	怪しく	6800
あやしげ	怪しげ	6746
あやしさ	怪しさ	7331
あやしま	怪しま	7227
あやす	あやす	7470
あやせ	綾瀬	6528
あやつっ	操っ	6878
あやつら	操ら	7001
あやつり	操り	6772
あやつる	操る	6281
あやつれる	操れる	7282
あやとり	あやとり	7500
あやなみ	綾波	7191
あやね	綾音	7373
あやね	あやね	7542
あやの	綾野	6781
あやの	綾乃	7084
あやの	あやの	7253
あやの	彩乃	7488
あやの	文乃	7554
あやのこうじ	綾小路	7356
あやふや	あやふや	6890
あやぶま	危ぶま	7039
あやべ	綾部	7142
あやまち	過ち	6785
あやまっ	誤っ	5806
あやまっ	謝っ	6307
あやまら	謝ら	6764
あやまり	誤り	6171
あやまり	謝り	6549
あやまる	謝る	6397
あやまる	誤る	7175
あやみ	あやみ	7131
あやめ	あやめ	7006
あやめ	アヤメ	7187
あやめ	彩芽	7341
あゆ	鮎	6330
あゆ	アユ	6713
あゆ	あゆ	6770
あゆ	歩	7076
あゆたや	アユタヤ	7437
あゆつり	鮎釣り	7369
あゆま	歩ま	7358
あゆみ	歩み	6166
あゆみ	あゆみ	6283
あゆみ	歩	7004
あゆみ	歩美	7524
あゆみよっ	歩み寄っ	7300
あゆみより	歩み寄り	7521
あゆみよる	歩み寄る	7347
あゆむ	歩む	6345
あゆむ	歩	7027
あゆむ	歩夢	7547
あゆめ	歩め	7404
あゆん	歩ん	6014
あら	あら	6093
あら	アラ	6618
あら	粗	6780
あら	荒	6833
あら	非	7372
あらあら	あらあら	7313
あらあらしい	荒々しい	7020
あらあらしく	荒々しく	7397
あらい	洗い	5785
あらい	新井	6472
あらい	洗	6493
あらい	荒い	6562
あらい	荒井	6610
あらい	粗い	6721
あらい	あらい	7203
あらい	アライ	7246
あらいあがり	洗い上がり	7344
あらいあんす	アライアンス	6960
あらいぐま	アライグマ	6983
あらいだし	洗い出し	6809
あらいだす	洗い出す	7415
あらいながさ	洗い流さ	7124
あらいながし	洗い流し	6488
あらいながす	洗い流す	6768
あらいば	洗い場	6805
あらいめんと	アライメント	6617
あらいもの	洗い物	6586
あらいやすい	洗いやすい	7469
あらう	洗う	5840
あらえ	洗え	6931
あらえる	洗える	6499
あらかき	新垣	7149
あらかじめ	あらかじめ	5298
あらかじめ	予め	5311
あらかた	あらかた	7329
あらかると	アラカルト	6940
あらかわ	荒川	6427
あらがい	抗い	7418
あらがう	抗う	7115
あらがえ	抗え	7419
あらがき	新垣	7321
あらがわ	荒川	7181
あらき	荒木	6710
あらぎ	荒木	7206
あらく	荒く	6806
あらく	粗く	6939
あらけずり	荒削り	7558
あらげ	荒げ	7474
あらさ	荒らさ	7015
あらさ	粗さ	7219
あらさー	アラサー	6531
あらし	嵐	5706
あらし	荒らし	6098
あらし	あらし	7102
あらしやま	嵐山	6809
あらじゅく	新宿	6298
あらじん	アラジン	6762
あらす	荒らす	7142
あらすか	アラスカ	6797
あらすじ	あらすじ	5630
あらそい	争い	5997
あらそう	争う	6291
あらそっ	争っ	6634
あらそわ	争わ	6939
あらた	新た	4557
あらた	あらた	6793
あらた	新田	7298
あらた	新	7471
あらたまっ	改まっ	7460
あらため	改め	6189
あらため	改	6200
あらため	あらため	7493
あらためて	改めて	4999
あらためて	あらためて	5961
あらためる	改める	6775
あらだ	新田	7314
あらっ	洗っ	5656
あらっぽい	荒っぽい	7500
あらて	新手	7560
あらなみ	荒波	6951
あらねつ	粗熱	6552
あらの	荒野	7116
あらばま	アラバマ	7519
あらびあ	アラビア	6437
あらびあご	アラビア語	7201
あらびき	粗挽き	6840
あらびき	あらびき	7260
あらふぃふ	アラフィフ	6823
あらふぉー	アラフォー	6468
あらぶ	アラブ	6387
あらぶしゅちょうこくれんぽう	アラブ首長国連邦	7219
あらぶる	荒ぶる	7339
あらべすく	アラベスク	7550
あらまき	荒牧	7447
あらまし	あらまし	7439
あらめ	粗め	7310
あらも	アラモ	7558
あらもーど	アラモード	7543
あらゆる	あらゆる	5188
あららぎ	塔	7315
あらり	粗利	7249
あられ	あられ	7055
あられ	アラレ	7226
あらわ	洗わ	6527
あらわ	あらわ	6801
あらわ	顕	6894
あらわ	露わ	6960
あらわさ	表さ	6401
あらわさ	現さ	7521
あらわし	表し	5404
あらわし	現し	6402
あらわし	あらわし	6784
あらわし	表わし	7062
あらわし	著し	7150
あらわす	表す	5442
あらわす	現す	6797
あらわす	あらわす	6825
あらわす	表わす	7079
あらわせ	表せ	7212
あらわせる	表せる	7377
あらわる	現る	7152
あらわれ	現れ	5175
あらわれ	表れ	6103
あらわれ	あらわれ	6439
あらわれ	現われ	6869
あらわれる	現れる	5518
あらわれる	あらわれる	6651
あらわれる	表れる	6784
あらわれる	現われる	7309
あらん	アラン	6461
あらん	あらん	7325
あらーと	アラート	6284
あらーむ	アラーム	6315
あり	あり	3097
あり	有り	5184
あり	アリ	5685
あり	在り	6535
あり	蟻	6602
あり	有	7472
ありあ	アリア	6539
ありあけ	有明	6959
ありあけかい	有明海	7301
ありあまっ	有り余っ	7524
ありあまる	有り余る	7543
ありあり	ありあり	6971
ありうる	あり得る	7121
ありえ	ありえ	6305
ありえ	あり得	6493
ありえ	有り得	6846
ありえない	ありえない	6373
ありえる	ありえる	6798
ありえる	あり得る	6817
ありえん	ありえん	7540
ありお	アリオ	7130
ありおか	有岡	7338
ありか	ありか	7206
ありかた	あり方	5902
ありかた	在り方	6084
ありがた	ありがた	6657
ありがた	有難	7336
ありがたい	ありがたい	5316
ありがたい	有り難い	6203
ありがたい	有難い	6486
ありがたかっ	ありがたかっ	6527
ありがたかっ	有り難かっ	7449
ありがたかっ	有難かっ	7514
ありがたく	ありがたく	6479
ありがたく	有り難く	7187
ありがたく	有難く	7196
ありがたみ	ありがたみ	7046
ありがたや	ありがたや	7540
ありがち	ありがち	6319
ありがと	ありがと	5989
ありがとう	ありがとう	4002
ありがとう	有難う	5669
ありがとう	有り難う	6359
ありがとうございました	ありがとうございました	4539
ありがとうございました	有難うございました	6262
ありがとうございました	有難う御座いました	7072
ありがとうございます	ありがとうございます	4484
ありがとうございます	ありがとう御座います	7506
ありきたり	ありきたり	6763
ありさ	ありさ	7185
ありさ	アリサ	7402
ありさ	有紗	7423
ありさま	有り様	6819
ありさま	有様	7308
ありし	在りし	7370
ありしあ	アリシア	7198
ありす	アリス	5912
ありす	ありす	7063
ありす	有栖	7519
ありすがわ	有栖川	7356
ありすとてれす	アリストテレス	7241
ありそう	有りそう	7450
ありぞな	アリゾナ	6932
ありた	有田	6798
ありたやき	有田焼	7214
ありだ	有田	7213
ありったけ	ありったけ	7312
ありとあらゆる	ありとあらゆる	6544
ありの	有野	7512
ありのまま	ありのまま	6247
ありばい	アリバイ	7045
ありふれ	ありふれ	6665
ありま	有馬	6387
ありま	ありま	6892
ありまきねん	有馬記念	7008
ありません	ありません	3920
ありむら	有村	6610
ありゃ	ありゃ	6907
ありゅうさん	亜硫酸	7567
ありよし	有吉	6641
ありーな	アリーナ	6017
ある	ある	3111
ある	有る	5592
ある	アル	5846
ある	在る	6501
ある	或る	6940
ある	或	7143
あるある	あるある	5923
あるい	歩い	4979
あるいは	あるいは	5021
あるいは	或いは	6327
あるいは	或は	7180
あるか	歩か	6466
あるか	アルカ	7285
あるかでぃあ	アルカディア	7389
あるかな	あるかな	6478
あるかな	アルカナ	7363
あるかり	アルカリ	6386
あるかりせい	アルカリ性	6558
あるかーど	あるカード	7282
あるき	歩き	5281
あるきつかれ	歩き疲れ	7476
あるきにくい	歩きにくい	7413
あるきまわっ	歩き回っ	6786
あるきまわり	歩き回り	7246
あるきまわる	歩き回る	6991
あるきやすい	歩きやすい	6606
あるきやすく	歩きやすく	7206
あるきる	アルキル	7211
あるぎにん	アルギニン	7409
あるく	歩く	5239
あるく	あるく	7408
あるく	アルク	7438
あるけ	歩け	6615
あるける	歩ける	6388
あるこ	歩こ	6907
あるこう	歩こう	6944
あるこーる	アルコール	5355
あるこーるしょうどく	アルコール消毒	7233
あるこーるどすう	アルコール度数	7104
あるごりずむ	アルゴリズム	5951
あるごん	アルゴン	7443
あるじ	主	5386
あるじぇりあ	アルジェリア	7223
あるじはら	主原	7425
あるじゃん	あるじゃん	7090
あるす	アルス	7224
あるせうす	アルセウス	7195
あるぜんちん	アルゼンチン	6255
あるちゅう	アル中	7212
あるつはいまー	アルツハイマー	6707
あるつはいまーびょう	アルツハイマー病	7493
あるてぃめっと	アルティメット	6912
あるていど	ある程度	5085
あるてま	アルテマ	7534
あるてみす	アルテミス	7157
あるでんて	アルデンテ	7508
あると	アルト	6703
あるとき	ある時	5853
あるとは	あるとは	6515
あるとも	あるとも	7034
あるはい	アルハイ	7306
あるはいぜん	アルハイゼン	7326
あるはんぶら	アルハンブラ	7557
あるば	アルバ	7357
あるばいと	アルバイト	5499
あるばにあ	アルバニア	7365
あるばむ	アルバム	5127
あるばーと	アルバート	7003
あるぱいん	アルパイン	7222
あるぱか	アルパカ	6898
あるひ	ある日	5496
あるびおん	アルビオン	7361
あるびの	アルビノ	7219
あるびる	あるビル	7472
あるびれっくす	アルビレックス	7156
あるびれっくすにいがた	アルビレックス新潟	7435
あるふぁ	アルファ	6275
あるふぁべっと	アルファベット	6145
あるふぁろめお	アルファロメオ	7442
あるふぁーど	アルファード	6883
あるふれっど	アルフレッド	7138
あるぶみん	アルブミン	7356
あるぷす	アルプス	6160
あるべど	アルベド	7321
あるべると	アルベルト	7186
あるぺじお	アルペジオ	7208
あるぺん	アルペン	7177
あるま	アルマ	7204
あるまい	あるまい	7335
あるまいと	アルマイト	7136
あるまーに	アルマーニ	7489
あるみ	アルミ	5577
あるみせい	アルミ製	7372
あるみな	アルミナ	7385
あるみにうむ	アルミニウム	6299
あるみほいる	アルミホイル	6505
あるみほいーる	アルミホイール	7481
あるみん	アルミン	7249
あるめにあ	アルメニア	7076
あるる	アルル	7199
あれ	あれ	4554
あれ	アレ	5836
あれ	荒れ	5927
あれ	有れ	6608
あれ	荒	7292
あれい	アレイ	6936
あれきさんだー	アレキサンダー	7476
あれく	アレク	7512
あれくさ	アレクサ	7203
あれくさんだー	アレクサンダー	7125
あれくさんどりあ	アレクサンドリア	7503
あれくさんどる	アレクサンドル	7370
あれこれ	あれこれ	6032
あれこれ	アレコレ	6826
あれす	アレス	7355
あれち	荒れ地	7316
あれち	荒地	7501
あれっくす	アレックス	6573
あれの	荒野	7235
あれはて	荒れ果て	7317
あれよあれよ	あれよあれよ	7137
あれる	荒れる	6742
あれるぎ	アレルギ	6317
あれるぎー	アレルギー	5586
あれるぎーせい	アレルギー性	6867
あれるぎーせいびえん	アレルギー性鼻炎	7526
あれるげん	アレルゲン	6787
あれれ	あれれ	7348
あれん	アレン	6680
あれんじ	アレンジ	5230
あれんじめんと	アレンジメント	6634
あれんじれしぴ	アレンジレシピ	7316
あろ	あろ	5142
あろう	あろう	7188
あろえ	アロエ	6899
あろは	アロハ	6949
あろはしゃつ	アロハシャツ	7178
あろま	アロマ	6168
あろまおいる	アロマオイル	6932
あろませらぴー	アロマセラピー	7522
あろまてらぴー	アロマテラピー	7115
あろん	アロン	7029
あろー	アロー	6860
あろーら	アローラ	7349
あわ	合わ	5378
あわ	泡	5751
あわ	会わ	6194
あわ	アワ	6608
あわ	遭わ	6612
あわ	あわ	6619
あわ	阿波	6753
あわ	淡	6883
あわい	淡い	5995
あわいいろ	淡い色	7109
あわいきたい	淡い期待	7353
あわいぴんく	淡いピンク	7178
あわおどり	阿波おどり	7349
あわく	淡く	6994
あわさ	合わさ	7012
あわさっ	合わさっ	6384
あわさり	合わさり	7065
あわさる	合わさる	6977
あわじ	淡路	6362
あわじしま	淡路島	6357
あわす	合わす	7286
あわせ	合わせ	4376
あわせ	あわせ	5271
あわせ	併せ	5626
あわせ	合せ	6840
あわせもっ	併せ持っ	7171
あわせもつ	併せ持つ	6802
あわせやすい	合わせやすい	6312
あわせやすく	合わせやすく	6865
あわせよ	合わせよ	7162
あわせよう	合わせよう	7157
あわせる	合わせる	5439
あわせる	あわせる	6866
あわせれ	合わせれ	6764
あわただしい	慌ただしい	6996
あわただしく	慌ただしく	7017
あわたてき	泡立て器	6966
あわだち	泡立ち	6811
あわだて	泡立て	6754
あわだて	泡だて	7548
あわだてる	泡立てる	7103
あわて	慌て	5808
あわて	あわて	6747
あわてる	慌てる	6879
あわない	あわない	7548
あわび	アワビ	6827
あわび	鮑	7089
あわび	あわび	7218
あわもり	泡盛	6811
あわや	あわや	7301
あわよくば	あわよくば	7017
あわら	あわら	7195
あわれ	哀れ	6701
あわれみ	憐れみ	7398
あわー	アワー	6930
あわーど	アワード	6418
あん	案	5568
あん	アン	5676
あん	あん	5862
あん	餡	6157
あん	庵	6246
あん	編ん	6380
あん	杏	7216
あん	安	7559
あんい	安易	6146
あんいんすとーる	アンインストール	6373
あんうん	暗雲	7334
あんか	安価	5880
あんか	アンカ	6698
あんかけ	あんかけ	6451
あんかー	アンカー	6416
あんがい	案外	5925
あんがーまねじめんと	アンガーマネジメント	7507
あんき	暗記	6092
あんきょ	暗渠	7213
あんぎゃ	行脚	7150
あんく	アンク	7447
あんくる	アンクル	7203
あんぐら	アングラ	7138
あんぐらー	アングラー	7008
あんぐる	アングル	6180
あんけ	アンケ	7430
あんけん	案件	5360
あんけーと	アンケート	5296
あんこ	あんこ	6156
あんこ	アンコ	7305
あんこう	あんこう	7239
あんこう	アンコウ	7357
あんこく	暗黒	6180
あんこーる	アンコール	6229
あんご	安吾	7440
あんごう	暗号	5571
あんごうか	暗号化	7043
あんごうしさん	暗号資産	7019
あんごうつうか	暗号通貨	7376
あんごら	アンゴラ	7409
あんさつ	暗殺	5964
あんさつしゃ	暗殺者	7377
あんさん	あんさん	6960
あんさんぶる	アンサンブル	6254
あんさー	アンサー	7074
あんざい	安西	7226
あんざん	安産	6756
あんざん	暗算	7130
あんしつ	安室	7404
あんしつ	暗室	7409
あんしょ	暗所	6396
あんしょう	暗証	6607
あんしょう	暗唱	7195
あんしょうばんごう	暗証番号	7026
あんしん	安心	4545
あんしん	あんしん	6715
あんしんあんぜん	安心安全	6617
あんしんかん	安心感	5966
あんじ	暗示	6155
あんじ	案じ	7135
あんじ	あんじ	7509
あんじぇら	アンジェラ	7227
あんじゃっしゅ	アンジャッシュ	7566
あんじゅ	アンジュ	7228
あんじゅう	安住	7175
あんじゅるむ	アンジュルム	7324
あんじょう	安城	6993
あんじょう	鞍上	7223
あんじー	アンジー	7429
あんすた	あんスタ	7491
あんず	杏	6528
あんず	あんず	6790
あんず	アンズ	7159
あんず	杏子	7246
あんせい	安静	6639
あんぜん	安全	4465
あんぜんうんてん	安全運転	6834
あんぜんかくにん	安全確認	7517
あんぜんかくほ	安全確保	7435
あんぜんかんり	安全管理	7165
あんぜんせい	安全性	5876
あんぜんそうち	安全装置	7479
あんぜんそうび	安全装備	7554
あんぜんたいさく	安全対策	6620
あんぜんだいいち	安全第一	7100
あんぜんちたい	安全地帯	7420
あんぜんぴん	安全ピン	7405
あんぜんほしょう	安全保障	7316
あんぜんめん	安全面	6871
あんそく	安息	7352
あんそろじー	アンソロジー	6968
あんた	あんた	5812
あんた	アンタ	6421
あんたい	安泰	7034
あんたっちゃぶる	アンタッチャブル	7374
あんたっぷ	アンタップ	7425
あんたれす	アンタレス	7546
あんだ	安打	5810
あんだ	安田	6954
あんだ	アンダ	7319
あんだけ	あんだけ	7098
あんだち	安達	7272
あんだるしあ	アンダルシア	7429
あんだー	アンダー	5998
あんだーそん	アンダーソン	7082
あんち	アンチ	6178
あんち	安置	6388
あんちえいじんぐ	アンチエイジング	6632
あんちてーぜ	アンチテーゼ	7498
あんちょく	安直	7130
あんちょび	アンチョビ	7015
あんてぃーく	アンティーク	6001
あんてい	安定	4854
あんていかん	安定感	6543
あんていせい	安定性	6620
あんていてき	安定的	6562
あんてな	アンテナ	5712
あんてなしょっぷ	アンテナショップ	7127
あんてん	暗転	6981
あんでぃ	アンディ	6632
あんです	アンデス	7215
あんでっど	アンデッド	7545
あんでるせん	アンデルセン	7128
あんとう	安藤	7553
あんとしあにん	アントシアニン	7181
あんとにお	アントニオ	6781
あんとにおいのき	アントニオ猪木	7231
あんとわーぷ	アントワープ	7528
あんど	安堵	6322
あんど	アンド	6456
あんど	あんど	7401
あんどう	安藤	6245
あんどう	安東	7448
あんどりゅー	アンドリュー	6978
あんどれ	アンドレ	6884
あんどろいど	アンドロイド	6774
あんどろめだ	アンドロメダ	7290
あんどん	行灯	7325
あんな	あんな	5557
あんな	アンナ	6469
あんな	杏奈	6738
あんない	案内	4690
あんないばん	案内板	6895
あんなに	あんなに	5872
あんに	暗に	7098
あんに	あんに	7359
あんにゅい	アンニュイ	7263
あんにんどうふ	杏仁豆腐	6944
あんね	アンネ	7391
あんねい	安寧	7209
あんの	庵野	7002
あんのう	安納	7238
あんのじょう	案の定	6300
あんば	鞍馬	7379
あんばい	安倍	6456
あんばい	塩梅	6737
あんばさだー	アンバサダー	6352
あんばらんす	アンバランス	7035
あんばー	アンバー	6881
あんぱん	アンパン	6115
あんぱん	あんぱん	6829
あんぱん	あんパン	7536
あんぱんまん	アンパンマン	6572
あんびえんと	アンビエント	7406
あんぴ	安否	6696
あんぶ	暗部	7248
あんぶ	鞍部	7265
あんぶれら	アンブレラ	7499
あんぶん	按分	7460
あんぷ	アンプ	5761
あんぷる	アンプル	7457
あんべ	阿部	7258
あんべ	安倍	7263
あんべ	安部	7457
あんぺあ	アンペア	7500
あんぽ	安保	6623
あんぽり	安保理	7297
あんま	あんま	6223
あんま	あん摩	7350
あんまし	あんまし	7406
あんまり	あんまり	5362
あんまりない	あんまりない	7006
あんみつ	あんみつ	6947
あんみん	安眠	7030
あんもく	暗黙	6510
あんもないと	アンモナイト	7415
あんもにあ	アンモニア	6540
あんもにうむ	アンモニウム	7418
あんやく	暗躍	6902
あんらく	安楽	6765
あんらくし	安楽死	7404
あんり	アンリ	7176
あんり	あんり	7499
あー	あー	6051
あー	あ～	6688
あーあ	あーあ	6886
あーかいぶ	アーカイブ	5770
あーきたいぷ	アーキタイプ	7544
あーきてくちゃ	アーキテクチャ	6369
あーきてくちゃー	アーキテクチャー	7424
あーきてくと	アーキテクト	7501
あーく	アーク	6292
あーくないつ	アークナイツ	7306
あーけーど	アーケード	6277
あーさな	アーサナ	7531
あーさー	アーサー	6566
あーしゃ	アー写	7394
あーす	アース	6442
あーせなる	アーセナル	6624
あーだこーだ	あーだこーだ	7216
あーち	アーチ	6070
あーちぇりー	アーチェリー	7027
あーちすと	アーチスト	7363
あーちゃー	アーチャー	7013
あーつ	アーツ	6852
あーてぃすてぃっく	アーティスティック	7257
あーてぃすと	アーティスト	5185
あーてぃふぁくと	アーティファクト	6789
あーと	アート	5085
あーとさくひん	アート作品	7006
あーとめいく	アートメイク	7472
あーとわーく	アートワーク	6995
あーにゃ	アーニャ	6740
あーねすと	アーネスト	7528
あーのるど	アーノルド	7508
あーばんおふくらふと	アーバンオフクラフト	7548
あーまー	アーマー	6485
あーむ	アーム	5880
あーむすとろんぐ	アームストロング	7411
あーむれすと	アームレスト	7242
あーもんど	アーモンド	6064
あーゆるゔぇーだ	アーユルヴェーダ	6984
あーりゃ	アーリャ	7519
あーる	アール	6386
あーるえいあい	RAI	7487
あーるえぬえい	RNA	6717
あーるぐれい	アールグレイ	7510
あーるびー	RB	7075
あーるぶい	RV	6949
あーろん	アーロン	7045
ぃ	ぃ	5248
い	い	2800
い	位	4540
い	居	5314
い	医	5365
い	異	5412
い	胃	5696
い	意	5802
い	衣	6287
いあい	居合	7067
いあつ	威圧	6556
いあつかん	威圧感	7271
いあつてき	威圧的	7369
いあわせ	居合わせ	6849
いあん	慰安	6599
いあん	イアン	7404
いあんふ	慰安婦	7446
いい	いい	3740
いい	良い	4218
いい	言い	4609
いい	イイ	5692
いい	井伊	6903
いい	云い	7112
いい	謂	7523
いいあい	言い合い	6975
いいあいであ	いいアイデア	7516
いいあう	言い合う	7406
いいあえる	言い合える	7517
いいあくせんと	いいアクセント	7236
いいあじ	いい味	7483
いいあっ	言い合っ	7181
いいあらそい	言い争い	7470
いいあらわせ	言い表せ	7293
いいあんばい	いい塩梅	7408
いいいみ	いい意味	6454
いいいろ	いい色	7287
いいえ	いいえ	6124
いいえいが	いい映画	7526
いいえがお	いい笑顔	7214
いいおてんき	いいお天気	7143
いいおと	いい音	7315
いいおとこ	いい男	6999
いいおとな	いい大人	7145
いいおもいで	いい思い出	6708
いいおんな	いい女	6957
いいかいしゃ	いい会社	7255
いいかえ	言い換え	6723
いいかえし	言い返し	7015
いいかえす	言い返す	7274
いいかえせ	言い返せ	7505
いいかえる	言い換える	6720
いいかえれ	言い換えれ	6702
いいかお	いい顔	7006
いいかおり	いい香り	6822
いいかげん	いい加減	6461
いいかげん	いいかげん	7322
いいかた	言い方	5648
いいかたち	いい形	7387
いいかも	いいかも	5595
いいかんきょう	いい環境	7388
いいかんけい	いい関係	7388
いいかんじ	いい感じ	5871
いいかんじ	良い感じ	6614
いいかんじ	イイ感じ	7358
いいがかり	言いがかり	7284
いいがたい	言い難い	6899
いいがたい	言いがたい	7440
いいき	いい気	6762
いいきかい	いい機会	6867
いいきかせ	言い聞かせ	6523
いいきかせる	言い聞かせる	7127
いいきせつ	いい季節	7562
いいきぶん	いい気分	7091
いいきゃら	いいキャラ	7400
いいきょく	いい曲	6829
いいきる	言い切る	7145
いいきれ	言い切れ	6896
いいくうかん	いい空間	7553
いいくるま	いい車	7485
いいぐあい	いい具合	7183
いいけいけん	いい経験	6988
いいけっか	いい結果	7254
いいこ	いい子	6431
いいこえ	いい声	7367
いいこと	いい事	7424
いいことば	いい言葉	7317
いいさいず	いいサイズ	7033
いいさくひん	いい作品	7224
いいしあい	いい試合	7367
いいしげき	いい刺激	7561
いいしごと	いい仕事	6891
いいしゃしん	いい写真	7058
いいしょうひん	いい商品	7476
いいじかん	いい時間	7199
いいじだい	いい時代	7470
いいじま	飯島	6843
いいじょうたい	いい状態	7178
いいじょうほう	いい情報	7553
いいすぎ	言い過ぎ	7155
いいせんしゅ	いい選手	7425
いいせんせい	いい先生	7434
いいそう	言いそう	7004
いいたいみんぐ	いいタイミング	7228
いいだ	飯田	6655
いいだし	言い出し	6447
いいだす	言い出す	6650
いいだせ	言い出せ	7324
いいだせん	飯田線	7431
いいだばし	飯田橋	7067
いいっ	いいっ	6915
いいつけ	言いつけ	7503
いいつたえ	言い伝え	7043
いいづか	飯塚	6802
いいづらい	言いづらい	7198
いいてんき	いい天気	6776
いいとこ	いいとこ	6705
いいとこどり	いいとこ取り	7283
いいとし	いい歳	6980
いいとし	いい年	6981
いいとも	いいとも	7210
いいともだち	いい友達	7457
いいとよ	飯豊	7371
いいなずけ	許嫁	7387
いいなり	言いなり	6962
いいにおい	いい匂い	7112
いいにくい	言いにくい	6918
いいぬま	飯沼	7454
いいね	いい音	7307
いいね	イイネ	7541
いいの	飯野	7297
いいのがれ	言い逃れ	7462
いいのこし	言い残し	7070
いいはっ	言い張っ	7307
いいはなし	いい話	6820
いいはなち	言い放ち	7422
いいはなっ	言い放っ	7232
いいはなつ	言い放つ	7167
いいはる	言い張る	7141
いいばあい	いい場合	7451
いいばしょ	いい場所	6798
いいひ	いい日	7564
いいひと	いい人	6043
いいひょうじょう	いい表情	7556
いいふうふ	いい夫婦	7552
いいふんいき	いい雰囲気	6847
いいぶん	言い分	6521
いいほうこう	いい方向	7204
いいほうほう	いい方法	6909
いいまわし	言い回し	6694
いいみ	いい味	7300
いいやすい	言いやすい	7406
いいやつ	いいやつ	7209
いいやま	飯山	7355
いいよう	言いよう	7422
いいよっ	いいよっ	7293
いいりゆう	いい理由	7312
いいれい	いい例	7505
いいれべる	いいレベル	7388
いいわけ	言い訳	5840
いいわけ	いいわけ	7532
いいわたさ	言い渡さ	6890
いいわたし	言い渡し	7147
いいん	委員	4695
いいん	医院	6080
いいんかい	委員会	5543
いいんちょう	委員長	6700
いう	いう	4069
いう	言う	4175
いう	云う	6201
いうえ	井上	7326
いうまでもない	言うまでもない	6649
いうまでもなく	言うまでもなく	6605
いうら	井浦	7306
いえ	家	4655
いえ	いえ	4839
いえ	言え	4892
いえ	云え	7213
いえ	癒え	7365
いえい	遺影	6972
いえいえ	いえいえ	6697
いえいえ	家々	7001
いえいり	家入	7371
いえがら	家柄	6935
いえき	胃液	7381
いえじ	家路	7421
いえじま	伊江島	7541
いえじゅう	家中	6924
いえす	イエス	5866
いえすきりすと	イエス・キリスト	6646
いえずす	イエズス	7259
いえぜんたい	家全体	7548
いえそう	言えそう	6578
いえだ	家だ	7173
いえで	家出	6560
いえで	家で	7412
いえな	家な	7466
いえになっ	家になっ	6831
いえになり	家になり	6974
いえになる	家になる	7011
いえのこ	家の子	7389
いえのそと	家の外	7310
いえのなか	家の中	7530
いえべ	イエベ	6908
いえみつ	家光	7442
いえめん	イエメン	7176
いえもと	家元	7037
いえもん	伊右衛門	7560
いえやす	家康	5889
いえよ	言えよ	6981
いえよ	いえよ	7011
いえよう	言えよう	6992
いえる	言える	4997
いえる	いえる	5377
いえろー	イエロー	5874
いえろーかーど	イエローカード	7332
いえん	言えん	7159
いえん	胃炎	7178
いお	言お	6375
いお	いお	6870
いおう	言おう	6360
いおう	硫黄	6495
いおう	いおう	7552
いおうじま	硫黄島	7353
いおか	井岡	7391
いおり	庵	6419
いおり	伊織	6997
いおり	いおり	7522
いおん	イオン	5354
いおん	異音	6471
いおんか	イオン化	7294
いおんもーる	イオンモール	7356
いか	以下	4160
いか	いか	5128
いか	行か	5135
いか	イカ	5468
いか	医科	6738
いか	如何	6932
いか	烏賊	7334
いかい	異界	6858
いかい	位階	7516
いかいよう	胃潰瘍	7207
いかが	いかが	5019
いかが	如何	6062
いかがわしい	いかがわしい	7505
いかく	威嚇	6443
いかさ	生かさ	6445
いかさ	活かさ	6613
いかさ	行かさ	7415
いかし	活かし	5230
いかし	生かし	5430
いかし	いかし	6736
いかした	生かした	6007
いかす	活かす	5969
いかす	生かす	6180
いかす	いかす	7549
いかずち	雷	6082
いかせ	活かせ	6907
いかせ	生かせ	7364
いかせる	活かせる	6182
いかせる	生かせる	6705
いかそ	活かそ	7464
いかそ	生かそ	7494
いかそう	活かそう	7459
いかそう	生かそう	7487
いかだ	筏	7154
いかだ	いかだ	7325
いかだ	イカダ	7494
いかっ	いかっ	6842
いかっ	怒っ	7216
いかつい	いかつい	7341
いかなくなっ	行かなくなっ	7428
いかなくなっ	いかなくなっ	7508
いかなくなる	いかなくなる	7563
いかなる	いかなる	5886
いかなる	如何なる	6984
いかなるそんがい	いかなる損害	7392
いかなるばあい	いかなる場合	6963
いかなるりゆう	いかなる理由	7256
いかに	いかに	5439
いかに	如何に	7229
いかにも	いかにも	5957
いかにも	如何にも	7273
いかのきじ	以下の記事	6357
いかのこうもく	以下の項目	7046
いかのこと	以下のこと	7059
いかのじょうけん	以下の条件	7094
いかのじょうほう	以下の情報	7147
いかのてじゅん	以下の手順	6592
いかのてん	以下の点	7461
いかのないよう	以下の内容	6845
いかのばあい	以下の場合	6890
いかのひょう	以下の表	7140
いかのほうほう	以下の方法	6929
いかのもの	以下のもの	7144
いかほ	伊香保	7177
いかめしい	厳しい	6529
いかめしく	厳しく	7146
いかめら	胃カメラ	7350
いから	怒ら	7126
いからし	五十嵐	7320
いかり	怒り	5734
いかり	怒	6840
いかり	いかり	7117
いかり	錨	7293
いかりくるっ	怒り狂っ	7556
いかりゃく	以下略	7136
いかる	怒る	6608
いかれ	イカれ	6959
いかれ	いかれ	7458
いかれた	いかれた	7124
いかわ	井川	7377
いかん	いかん	6524
いかん	移管	6541
いかん	遺憾	6868
いかん	如何	6916
いかん	行かん	7278
いかん	イカン	7497
いかんせん	いかんせん	6838
いかんせん	如何せん	7345
いが	伊賀	6609
いが	いが	6874
いがい	以外	4433
いがい	意外	5277
いがいせい	意外性	7108
いがいと	意外と	5229
いがく	医学	5512
いがくか	医学科	7094
いがくてき	医学的	6910
いがくぶ	医学部	5879
いがた	鋳型	7305
いがみ	井上	6425
いがらし	五十嵐	6551
いがり	猪狩	7551
いがわ	井川	7331
いがん	胃がん	6821
いがん	胃癌	7231
いき	いき	4059
いき	行き	4546
いき	生き	4743
いき	息	5475
いき	域	5626
いき	行	6361
いき	活き	6548
いき	粋	6747
いきいき	生き生き	6202
いきいき	いきいき	6470
いきいき	イキイキ	6757
いきいき	活き活き	7044
いきおい	勢い	5386
いきおい	勢	7421
いきかう	行き交う	6812
いきかえっ	生き返っ	7186
いきかえら	生き返ら	7211
いきかえり	行き帰り	7149
いきかえる	生き返る	7265
いきかた	生き方	5679
いきかた	行き方	7234
いきがい	生きがい	6560
いきがい	生き甲斐	7199
いきがい	域外	7474
いきがち	行きがち	7361
いきき	行き来	6185
いきぎれ	息切れ	6757
いきぐるし	息苦し	6950
いきぐるしい	息苦しい	7147
いきぐるしく	息苦しく	7240
いきぐるしさ	息苦しさ	6992
いきごみ	意気込み	6324
いきごむ	意気込む	7066
いきごん	意気込ん	6607
いきさき	行き先	6578
いきさき	行先	7506
いきさつ	経緯	5866
いきさつ	いきさつ	7059
いきざま	生き様	6647
いきざま	生きざま	7365
いきすぎ	行き過ぎ	7007
いきそう	行きそう	7347
いきたい	いきたい	4770
いきたえ	息絶え	7489
いきち	閾値	7375
いきっ	イキっ	7071
いきつい	行き着い	7403
いきつぎ	息継ぎ	7270
いきつく	行き着く	7229
いきつけ	行きつけ	6893
いきづい	息づい	7303
いきづかい	息遣い	7299
いきづく	息づく	7168
いきづまっ	行き詰まっ	7073
いきづまっ	行き詰っ	7462
いきづら	生きづら	6840
いきづらい	生きづらい	7310
いきていれば	生きていれば	7126
いきとうごう	意気投合	6765
いきとどい	行き届い	6403
いきとどか	行き届か	7204
いきどおり	憤り	6892
いきどまり	行き止まり	7029
いきな	粋な	7004
いきない	域内	6991
いきなり	いきなり	5263
いきにくい	行きにくい	7420
いきぬい	生き抜い	6878
いきぬき	息抜き	6466
いきぬく	生き抜く	6640
いきのこっ	生き残っ	6222
いきのこり	生き残り	6731
いきのこる	生き残る	6368
いきのこれ	生き残れ	7316
いきのこれる	生き残れる	7229
いきのび	生き延び	6678
いきのびる	生き延びる	6946
いきば	行き場	6958
いきもの	生き物	5568
いきもの	生きもの	6745
いきもの	いきもの	7070
いきものたち	生き物たち	7515
いきゃ	いきゃ	6907
いきゃ	行きゃ	6918
いきやすい	行きやすい	6774
いきやすい	生きやすい	7365
いきやすく	生きやすく	7397
いきやすく	行きやすく	7519
いきょ	依拠	7247
いきょうと	異教徒	7502
いきょく	医局	6948
いきよ	生きよ	6680
いきよう	生きよう	6675
いきようよう	意気揚々	7081
いきり	イキリ	7446
いきりょう	生霊	7468
いきる	生きる	5156
いきる	活きる	6988
いきる	いきる	7560
いきれ	生きれ	7455
いきろ	生きろ	7224
いきわたり	行き渡り	7529
いきをのむ	息を呑む	7412
いきをはい	息を吐い	7281
いきをはき	息を吐き	7207
いきをはく	息を吐く	7228
いきをひきとっ	息を引き取っ	7502
いぎ	意義	5686
いぎ	異議	6461
いぎぶかい	意義深い	7466
いぎょう	偉業	6583
いぎょう	異形	6650
いぎょう	医業	7553
いぎょうしゅ	異業種	7083
いぎりす	イギリス	5246
いぎりす	英国	6043
いぎりす	英	6195
いぎりすじん	イギリス人	7089
いく	いく	4006
いく	行く	4405
いく	育	6187
いく	幾	6605
いく	逝く	7356
いくいのっくす	イクイノックス	7532
いくうかん	異空間	7521
いくえい	育英	7078
いくえにも	幾重にも	7197
いくお	郁夫	7453
いくきゅう	育休	6058
いくきゅうちゅう	育休中	7466
いくさ	戦	6354
いくさぶろう	育三郎	7515
いくしゅ	育種	7104
いくじ	育児	5342
いくじかん	生地感	7348
いくじきゅうか	育児休暇	7347
いくじきゅうぎょう	育児休業	7165
いくせい	育成	5012
いくた	生田	6878
いくた	幾多	6987
いくたび	幾度	7169
いくち	井口	7563
いくつ	いくつ	4834
いくど	幾度	6521
いくの	生野	7528
いくびょう	育苗	7000
いくぶん	幾分	7130
いくみ	育	6400
いくめん	イクメン	7406
いくもう	育毛	6549
いくもうざい	育毛剤	7387
いくら	いくら	5465
いくら	幾ら	6679
いくら	イクラ	6704
いくらか	いくらか	6847
いくらか	幾らか	7497
いくらでも	いくらでも	6327
いぐあな	イグアナ	7487
いぐさ	い草	7389
いぐすり	胃薬	7447
いぐち	井口	7011
いぐにす	イグニス	7439
いぐにっしょんこいる	イグニッションコイル	7475
いぐろ	伊黒	7408
いけ	いけ	4700
いけ	行け	5594
いけ	池	5783
いけ	イケ	6789
いけ	生け	7075
いけ	活け	7254
いけあ	イケア	7214
いけい	畏敬	7199
いけい	いけい	7555
いけいけ	イケイケ	7122
いけいのねん	畏敬の念	7558
いけうえ	池上	7541
いけうち	池内	7391
いけえ	池江	7355
いけおじ	イケオジ	7541
いけがき	生け垣	7171
いけがみ	池上	6982
いけざき	池崎	7545
いけそう	行けそう	7074
いけた	池田	6755
いけだ	池田	5954
いけだえらいざ	池田エライザ	7451
いけちゃう	いけちゃう	7560
いけて	いけて	7534
いけてる	イケてる	6790
いけてる	いけてる	7511
いけない	いけない	4739
いけなみ	池波	7511
いけにえ	生贄	6798
いけにえ	生け贄	7156
いけにえ	いけにえ	7411
いけのうえ	池上	7556
いけばな	生け花	7054
いけばな	生花	7521
いけぶくろ	池袋	5795
いけぶくろえき	池袋駅	7431
いけぼ	イケボ	7293
いけます	いけます	6486
いけません	いけません	5406
いけまつ	池松	7322
いけめん	イケメン	5445
いけよ	いけよ	6907
いけりゃ	いけりゃ	6907
いける	いける	5460
いける	行ける	5561
いける	イケる	6788
いける	生ける	6955
いける	蘇	7521
いけれ	いけれ	6431
いけろ	いけろ	6907
いけん	意見	4645
いけん	いけん	6907
いけん	違憲	7094
いけんこうかん	意見交換	6472
いけんしょ	意見書	7309
いげだ	池田	7359
いげん	威厳	6731
いこ	いこ	5284
いこ	行こ	5376
いこい	憩い	6790
いこい	いこい	7258
いこい	憩	7502
いこう	以降	4672
いこう	移行	5304
いこう	行こう	5486
いこう	意向	5961
いこう	遺構	6423
いこう	威光	7456
いこく	異国	6416
いこくのち	異国の地	7519
いこつ	遺骨	6430
いこま	生駒	6761
いこらいざー	イコライザー	7169
いこらぶ	イコラブ	7529
いこーる	イコール	6651
いご	以後	5927
いご	囲碁	6436
いごこち	居心地	5855
いさ	良さ	6806
いさ	いさ	6911
いさ	依紗	7240
いさ	伊佐	7360
いさい	異彩	7150
いさお	功	7043
いさお	勲	7276
いさお	烈	7338
いさお	公	7502
いさかい	諍い	7549
いさき	イサキ	6988
いさぎよ	潔	7353
いさぎよい	潔い	7221
いさぎよく	潔く	6855
いさく	遺作	7240
いさご	沙	7055
いささか	いささか	6706
いささか	些か	7411
いさはや	諫早	7178
いさましい	勇ましい	7258
いさみ	勇	7123
いさむ	勇	7133
いさむ	功	7299
いさむ	勲	7346
いさん	遺産	5440
いさん	胃酸	7009
いさん	いさん	7244
いさんぶんかつきょうぎ	遺産分割協議	7562
いざ	いざ	5490
いざ	イザ	6654
いざかや	居酒屋	5600
いざこざ	いざこざ	7273
いざな	イザナ	7330
いざや	イザヤ	7430
いざわ	伊沢	7478
いし	医師	4992
いし	意思	5295
いし	石	5361
いし	意志	5696
いし	いし	6038
いし	遺志	7132
いし	イシ	7449
いしい	石井	5919
いしうす	石臼	7142
いしおか	石岡	7188
いしかり	石狩	7078
いしかわ	石川	5941
いしかわけん	石川県	5933
いしがき	石垣	6114
いしがきじま	石垣島	6426
いしがま	石窯	7126
いしがみ	石神	7377
いしがわ	石川	6581
いしき	意識	4547
いしきしょうがい	意識障害	7395
いしきてき	意識的	6448
いしきふめい	意識不明	7551
いしくも	美しくも	7372
いしくろ	石黒	7531
いしぐろ	石黒	7118
いしぐろ	イシグロ	7565
いしけってい	意思決定	6480
いしこ	石川	7277
いしころ	石ころ	7133
いしざか	石坂	7315
いしざき	石崎	7351
いしす	イシス	7504
いしずえ	礎	6573
いしそつう	意思疎通	7039
いした	石田	6864
いしだ	石田	6269
いしだ	いしだ	7278
いしだい	石鯛	7551
いしだたみ	石畳	6678
いしだみつなり	石田三成	7557
いしだん	石段	6473
いしつ	異質	6728
いしつ	遺失	7395
いしつみ	石積み	7040
いしづか	石塚	7013
いしづき	石づき	7285
いしづくり	石造り	7137
いしの	石野	7261
いしのまき	石巻	6742
いしのもり	石ノ森	7380
いしはし	石橋	7167
いしはら	石原	6211
いしば	石破	6309
いしばい	石灰	7338
いしばし	石橋	6486
いしばら	石原	6831
いしひょうじ	意思表示	7124
いしぶみ	碑	6979
いしぼとけ	石仏	7244
いしまき	石巻	6925
いしまる	石丸	6598
いしみ	石見	7542
いしむろ	石室	7425
いしもと	石本	7466
いしもり	石森	7318
いしゃ	医者	5633
いしゃ	慰謝	6151
いしゃ	いしゃ	7310
いしゃりょう	慰謝料	6655
いしやき	石焼	7401
いしやま	石山	7164
いしゅ	異種	6817
いしゅう	異臭	6999
いしゅく	萎縮	6574
いしゅく	委縮	7513
いしゅー	イシュー	7532
いしゆみ	弩	7368
いしょ	遺書	6850
いしょう	衣装	5108
いしょう	意匠	6200
いしょう	衣裳	6579
いしょく	移植	5701
いしょく	異色	6541
いしょく	委嘱	6682
いしょくじゅう	衣食住	6957
いしわ	石破	7274
いしわた	石綿	7299
いしん	維新	6199
いしん	威信	7358
いじ	維持	4884
いじ	意地	6445
いじ	遺児	7427
いじ	医事	7507
いじかんり	維持管理	7164
いじげん	異次元	7318
いじち	伊地知	7408
いじっ	いじっ	6217
いじっ	イジっ	7327
いじでも	意地でも	7202
いじひ	維持費	6920
いじめ	いじめ	5953
いじめ	イジメ	6582
いじめ	虐め	7116
いじめる	いじめる	7059
いじゅう	移住	5540
いじゅういん	伊集院	6931
いじゅうしゃ	移住者	7319
いじゅつ	医術	7564
いじょう	以上	3948
いじょう	異常	5070
いじょう	異状	7028
いじょう	移譲	7294
いじょう	委譲	7335
いじょう	移乗	7387
いじょうきしょう	異常気象	7251
いじょうじたい	異常事態	7488
いじょうなし	異常なし	7251
いじら	いじら	6617
いじら	イジら	7227
いじられ	いじられ	7003
いじり	いじり	6851
いじり	弄り	7199
いじり	イジり	7538
いじる	いじる	6676
いじる	弄る	7491
いじわる	意地悪	6618
いじわる	いじわる	7142
いじん	偉人	6504
いじん	異人	7236
いす	椅子	5426
いす	イス	5990
いす	いす	6261
いすず	いすゞ	6779
いすたんぶーる	イスタンブール	6883
いすらえる	イスラエル	5771
いすらえるぐん	イスラエル軍	7255
いすらむ	イスラム	6202
いすらむきょう	イスラム教	6651
いすらむきょうと	イスラム教徒	7255
いすらむこく	イスラム国	7464
いすらーむ	イスラーム	6904
いすわっ	居座っ	7137
いすわり	居座り	7433
いすわる	居座る	7281
いず	伊豆	6194
いず	イズ	6939
いずおおしま	伊豆大島	7236
いずこ	何処	6462
いずこ	いずこ	7506
いずこうげん	伊豆高原	7349
いずしょとう	伊豆諸島	7274
いずずる	出づる	7509
いずのくにし	伊豆の国市	7420
いずはんとう	伊豆半島	7240
いずみ	泉	5997
いずみ	いずみ	6656
いずみ	和泉	6836
いずみ	イズミ	7379
いずみおおつ	泉大津	7540
いずみさの	泉佐野	7183
いずむ	イズム	7095
いずも	出雲	6182
いずもたいしゃ	出雲大社	6828
いずる	出	7009
いずれ	いずれ	4910
いずれ	何れ	6669
いせ	伊勢	6033
いせ	いせ	6827
いせい	異性	5936
いせい	威勢	7080
いせい	以西	7168
いせいしゃ	為政者	7433
いせいじん	異星人	7143
いせえび	伊勢海老	7465
いせかい	異世界	6367
いせき	移籍	5628
いせき	遺跡	5637
いせさき	伊勢崎	7007
いせざき	伊勢崎	7389
いせざき	伊勢佐木	7538
いせじんぐう	伊勢神宮	6764
いせたん	伊勢丹	6474
いせつ	移設	6415
いせはら	伊勢原	7184
いせわん	伊勢湾	7168
いぜん	以前	4560
いぜん	依然	6851
いぜん	いぜん	7498
いぜんとして	依然として	6252
いぜんのきじ	以前の記事	7082
いそ	磯	6285
いそ	いそ	6942
いそ	イソ	7165
いそい	急い	5756
いそいそ	いそいそ	7294
いそう	位相	6446
いそう	移送	6670
いそう	居そう	7445
いそうろう	居候	7001
いそが	急が	6674
いそがし	忙し	6218
いそがしい	忙しい	5382
いそがしいあさ	忙しい朝	7088
いそがしいじかん	忙しい時間	7470
いそがしいじき	忙しい時期	7206
いそがしいにちじょう	忙しい日常	7467
いそがしいひと	忙しい人	7142
いそがしいひび	忙しい日々	7097
いそがしいまいにち	忙しい毎日	7075
いそがしいまま	忙しいママ	7544
いそがしく	忙しく	5780
いそがしさ	忙しさ	6644
いそがしそう	忙しそう	7066
いそぎ	急ぎ	6036
いそぎあし	急ぎ足	7536
いそぎんちゃく	イソギンチャク	7315
いそぐ	急ぐ	6509
いそげ	急げ	7349
いそご	磯子	7518
いそしむ	勤しむ	7350
いそしん	勤しん	7217
いそっぷ	イソップ	7376
いそづり	磯釣り	7560
いその	磯野	7233
いそふらぼん	イソフラボン	7119
いそべ	磯部	7218
いそべ	磯辺	7284
いそむら	磯村	7173
いそめ	イソメ	7437
いそやま	磯山	7564
いそん	依存	5876
いぞう	遺贈	7189
いぞく	遺族	5995
いぞん	依存	5501
いた	板	5623
いた	痛	6314
いた	イタ	7474
いた	詣	7530
いたあつ	板厚	7346
いたい	痛い	5351
いたい	遺体	5950
いたい	いたい	6808
いたい	イタイ	7411
いたいたしい	痛々しい	6938
いたいめ	痛い目	7131
いたかっ	痛かっ	6431
いたがき	板垣	6920
いたく	委託	5329
いたく	痛く	5598
いたく	いたく	7091
いたくさき	委託先	6916
いたくら	板倉	7093
いたこと	いた事	6224
いたさ	いたさ	6907
いたさ	致さ	6907
いたさ	痛さ	7343
いたざい	板材	7360
いたし	いたし	4138
いたし	致し	4465
いたしかた	致し方	6752
いたしゃ	いたしゃ	6907
いたしゃ	致しゃ	6907
いたしゃ	痛車	7232
いたす	いたす	6907
いたす	致す	6907
いたずら	いたずら	6253
いたずら	イタズラ	6870
いたずら	悪戯	7190
いたせ	いたせ	6907
いたせ	致せ	6907
いたそ	いたそ	6907
いたそ	致そ	6907
いたそう	痛そう	7274
いただい	いただい	4516
いただい	頂い	5077
いただい	戴い	6975
いただか	いただか	6907
いただか	頂か	6907
いただき	いただき	4150
いただき	頂き	4605
いただき	頂	6332
いただき	戴き	6736
いただきます	いただきます	4636
いただきもの	頂き物	7109
いただきもの	いただきもの	7450
いただきゃ	いただきゃ	6907
いただきゃ	頂きゃ	6907
いただく	いただく	4969
いただく	頂く	5552
いただく	戴く	7411
いただけ	いただけ	4570
いただけ	頂け	5145
いただける	いただける	4757
いただける	頂ける	5233
いただけれ	いただけれ	5287
いただけれ	頂けれ	5742
いただこ	いただこ	6804
いただこ	頂こ	6907
いたち	イタチ	6734
いたち	伊達	7100
いたちょこ	板チョコ	7523
いたっ	至っ	5631
いたっ	いたっ	6376
いたって	至って	6671
いたで	痛手	7019
いたどり	虎杖	6538
いたの	板野	7375
いたはし	板橋	7161
いたばさみ	板挟み	7326
いたばし	板橋	6874
いたばしく	板橋区	7561
いたばり	板張り	7267
いたま	傷ま	7320
いたま	痛ま	7471
いたまえ	板前	7164
いたましい	痛ましい	7206
いたみ	痛み	5243
いたみ	傷み	6386
いたみ	伊丹	6514
いたみ	イタミ	7086
いたみ	いたみ	7311
いたみくうこう	伊丹空港	7234
いたみやすい	傷みやすい	7370
いたむ	痛む	6411
いたむ	傷む	7137
いたむ	悼む	7398
いため	炒め	5361
いため	痛め	6261
いため	傷め	7105
いため	いため	7407
いためあわせ	炒め合わせ	7380
いためあわせる	炒め合わせる	7390
いためる	炒める	5881
いためる	痛める	6948
いためる	傷める	7278
いたら	至ら	6109
いたり	至り	6012
いたり	至	6826
いたり	いたり	7221
いたりあ	イタリア	5231
いたりあ	伊	6738
いたりあご	イタリア語	6787
いたりあじん	イタリア人	7162
いたりあせい	イタリア製	7279
いたりありょうり	イタリア料理	6815
いたりあん	イタリアン	5995
いたりあんぱせり	イタリアンパセリ	7500
いたる	至る	5368
いたる	いたる	6231
いたる	達	7165
いたる	至	7314
いたる	到	7428
いたる	到る	7505
いたれ	至れ	7016
いたわり	いたわり	7321
いたわる	いたわる	7477
いたん	傷ん	6342
いたん	いたん	6411
いたん	異端	6647
いたん	痛ん	6797
いだ	井田	7336
いだい	偉大	5911
いだい	抱い	6060
いだい	医大	6788
いだい	いだい	7403
いだい	懐い	7567
いだか	抱か	6483
いだき	抱き	6953
いだき	いだき	7456
いだく	抱く	6254
いだち	伊達	7167
いだてん	韋駄天	7496
いち	市	4184
いち	位置	4553
いち	イチ	5645
いち	いち	5714
いち	壱	6318
いちあん	一案	7490
いちい	一位	6577
いちい	一意	6938
いちいち	いちいち	5900
いちいち	一一	7009
いちいち	一々	7097
いちいん	一員	5896
いちいん	一因	6487
いちえ	一重	7322
いちえん	一円	7112
いちおう	一応	5199
いちおう	いちおう	6892
いちおし	一押し	6653
いちおし	イチオシ	7156
いちかばちか	一か八か	7449
いちかわ	市川	6209
いちかんけい	位置関係	7290
いちがい	一概	6652
いちがいに	一概に	6519
いちがつ	1月	4887
いちがつ	一月	5387
いちがつまつ	1月末	7335
いちがや	市ヶ谷	7379
いちがわ	市川	6841
いちがん	一丸	6158
いちがん	一眼	6404
いちがんれふ	一眼レフ	7050
いちがんれふかめら	一眼レフカメラ	7558
いちぎめ	位置決め	6946
いちく	移築	6791
いちくに	一国	7467
いちぐん	一軍	6576
いちげき	一撃	5946
いちげん	一元	6515
いちげん	一言	6696
いちげんか	一元化	6997
いちげんてき	一元的	7254
いちご	いちご	5549
いちご	イチゴ	5912
いちご	苺	6030
いちご	一護	6902
いちご	一期	7081
いちごいちえ	一期一会	6853
いちごがり	いちご狩り	6947
いちざ	一座	7045
いちしげ	一茂	7527
いちじ	一時	5319
いちじ	一次	6336
いちじ	一字	7246
いちじ	一二	7280
いちじき	一時期	6098
いちじく	いちじく	6359
いちじく	イチジク	6675
いちじく	無花果	6983
いちじてき	一時的	5643
いちじゅう	一重	7389
いちじゅん	一巡	7301
いちじょ	一助	6468
いちじょう	一条	6901
いちじょうてんのう	一条天皇	7436
いちじょうほう	位置情報	6613
いちじるしい	著しい	6299
いちじるしいししょう	著しい支障	7166
いちじるしく	著しく	6056
いちじんぶつ	一人物	6643
いちず	一途	6729
いちぞく	一族	5951
いちたいいち	一対一	7361
いちたろう	一太郎	7417
いちだ	一打	7457
いちだい	一大	6320
いちだい	一代	7423
いちだいじ	一大事	7453
いちだん	一段	6531
いちだん	一団	7164
いちだんと	一段と	6417
いちだんらく	一段落	7006
いちつぎ	一次	6958
いちづけ	位置づけ	6448
いちづけ	位置付け	6645
いちづける	位置づける	7350
いちづける	位置付ける	7463
いちてき	位置的	7542
いちど	一度	4665
いちど	いちど	6886
いちどう	一同	5713
いちどう	一堂	6490
いちどく	一読	6025
いちどに	一度に	5864
いちない	市内	5719
いちなか	市中	7541
いちなが	市長	7318
いちに	一二	7014
いちにん	一任	7069
いちにんしょう	一人称	6619
いちにんまえ	一人前	7399
いちねん	一年	5480
いちねん	一念	6857
いちねんじゅう	一年中	6646
いちねんせい	一年生	6455
いちねんせんそう	一年戦争	7542
いちねんほっき	一念発起	7150
いちのせ	一ノ瀬	6860
いちのせき	一関	7249
いちのみや	一宮	6751
いちはやく	いち早く	6055
いちはら	市原	7012
いちば	市場	6434
いちばん	一番	4339
いちばん	1番	5019
いちばん	いちばん	5816
いちばんいい	一番いい	7053
いちばんうえ	一番上	7006
いちばんおいしい	一番美味しい	7520
いちばんおお	一番大	6528
いちばんおおい	一番多い	7253
いちばんおおきい	一番大きい	7267
いちばんか	一番下	7473
いちばんこうかてき	一番効果的	7443
いちばんした	一番下	7146
いちばんじょう	一番上	7387
いちばんすき	一番好き	7217
いちばんたかい	一番高い	7435
いちばんちいさい	一番小さい	7530
いちばんちかい	一番近い	6749
いちばんちょう	一番町	7506
いちばんながい	一番長い	7516
いちばんのり	一番乗り	7135
いちばんふるい	一番古い	7483
いちばんやすい	一番安い	7164
いちばんよい	一番良い	7342
いちぶ	一部	4436
いちぶ	一分	7089
いちぶしじゅう	一部始終	7118
いちぶのひと	一部の人	7113
いちぶぶん	一部分	6669
いちぶん	一文	7196
いちべつ	一瞥	7326
いちほ	一歩	5893
いちほうこう	一方向	7137
いちぼう	一望	6163
いちまいいわ	一枚岩	7389
いちまいのしゃしん	一枚の写真	7537
いちまつ	市松	7063
いちまつ	一抹	7220
いちまる	一円	7114
いちみ	一味	6396
いちみとうがらし	一味唐辛子	7363
いちみや	一宮	7420
いちむね	一棟	6969
いちむら	市村	7192
いちめい	一命	7216
いちめん	一面	5673
いちもく	一目	6188
いちもくおか	一目置か	7155
いちもくさん	一目散	7286
いちもくりょうぜん	一目瞭然	6783
いちもと	一本	6010
いちもん	一文	6627
いちもん	一門	6947
いちもんいっとう	一問一答	6996
いちゃ	イチャ	7442
いちゃいちゃ	イチャイチャ	6745
いちゃもん	いちゃもん	7490
いちや	一夜	6611
いちやく	一躍	6593
いちやぼし	一夜干し	7451
いちゅう	意中	7296
いちょう	胃腸	6181
いちょう	イチョウ	6632
いちょう	銀杏	6853
いちょう	いちょう	7025
いちょうえん	胃腸炎	7558
いちよう	一様	6773
いちよう	一八	7244
いちよく	一翼	7129
いちらん	一覧	4874
いちらんひょう	一覧表	6992
いちり	一理	7162
いちりつ	市立	6089
いちりつ	一律	6248
いちりづか	一里塚	7425
いちりゅう	一流	5882
いちりゅうまんばい	一粒万倍	7440
いちりん	一輪	7555
いちりんざし	一輪挿し	7447
いちりんしゃ	一輪車	7213
いちるい	一塁	6459
いちれい	一例	6320
いちれい	一礼	7017
いちれん	一連	5768
いちろ	一路	7051
いちろう	一郎	6234
いちろう	いちろう	7208
いちろー	イチロー	6358
いちわ	一羽	7276
いちわけ	一分	7073
いっ	言っ	4035
いっ	行っ	4120
いっ	いっ	4272
いっ	逸	6544
いっ	云っ	6748
いっ	逝っ	6758
いっ	炒っ	7469
いっ	イッ	7555
いっか	一家	5906
いっか	一過	6813
いっか	いっか	6825
いっかい	一回	5445
いっかい	一階	6393
いっかい	一介	7467
いっかく	一角	6048
いっかくせんきん	一攫千金	7424
いっかせい	一過性	7498
いっかつ	一括	5716
いっかつ	一喝	7335
いっかつばらい	一括払い	7299
いっかん	一貫	5572
いっかん	一環	5643
いっかんせい	一貫性	6667
いっき	一気	6769
いっき	一揆	6862
いっき	イッキ	7193
いっき	一期	7486
いっき	いっき	7548
いっきいちゆう	一喜一憂	6804
いっきうち	一騎打ち	6947
いっきつうかん	一気通貫	7325
いっきとうせん	一騎当千	7546
いっきに	一気に	5128
いっきに	いっきに	7266
いっきのみ	一気飲み	7488
いっきゅう	一級	6619
いっきゅう	一休	6931
いっきゅう	一球	7266
いっきゅうさん	一休さん	7540
いっきょ	一挙	6323
いっきょう	一興	7233
いっきょう	一強	7431
いっきょしゅいっとうそく	一挙手一投足	7477
いっく	一句	7090
いっく	一宮	7459
いっけん	一見	5860
いっけん	一件	6518
いっけん	一軒	6766
いっけん	一間	7498
いっけんや	一軒家	6512
いっこ	一個	6128
いっこ	いっこ	7098
いっこう	一行	6190
いっこう	一考	7231
いっこう	一向	7436
いっこうに	一向に	6415
いっこうに	いっこうに	7477
いっこく	一刻	6499
いっこじん	一個人	7203
いっこだて	一戸建て	6465
いっさ	一茶	7373
いっさい	一切	5023
いっさい	いっさい	6846
いっさいあり	一切あり	6618
いっさいうけつけ	一切受け付け	7499
いっさいかかり	一切かかり	7426
いっさいのせきにん	一切の責任	6428
いっさくねん	一昨年	7110
いっさんかたんそ	一酸化炭素	7106
いっし	逸し	6805
いっし	一死	7110
いっしき	一式	6180
いっしつ	一室	6672
いっしつ	逸失	7372
いっしゃ	一社	6692
いっしゅ	一種	5801
いっしゅ	一首	7256
いっしゅう	一周	5951
いっしゅう	一蹴	6998
いっしゅうかん	一週間	5871
いっしゅうき	一周忌	7344
いっしゅうねん	一周年	7253
いっしゅん	一瞬	5331
いっしょ	一緒	4174
いっしょ	いっしょ	5908
いっしょう	一生	5405
いっしょうけんめい	一生懸命	5477
いっしょうけんめいかんがえ	一生懸命考え	7533
いっしょうけんめいがんばり	一生懸命頑張り	7508
いっしょうびん	一升瓶	7406
いっしょく	一色	6336
いっしょくそくはつ	一触即発	7539
いっしょけんめい	一所懸命	7106
いっしん	一新	6337
いっしん	一心	6636
いっしん	一審	6889
いっしん	一身	7179
いっしんいったい	一進一退	7159
いっしんきょう	一神教	7552
いっしんに	一心に	7502
いっしんふらん	一心不乱	7398
いっすん	一寸	7342
いっせい	一斉	5845
いっせい	一世	6955
いっせい	一声	7261
いっせい	一生	7528
いっせいに	一斉に	6116
いっせいに	いっせいに	7467
いっせき	一隻	7531
いっせきにちょう	一石二鳥	6652
いっせつ	一説	6744
いっせつ	一節	6752
いっせん	一線	6335
いっせん	一閃	7086
いっせん	一戦	7250
いっせん	一千	7440
いっそ	いっそ	6230
いっそう	一層	5524
いっそう	いっそう	6465
いっそう	一掃	6593
いっそく	一足	6942
いったい	一体	5443
いったい	いったい	5779
いったい	一帯	6185
いったいいち	一対一	7057
いったいか	一体化	6655
いったいかん	一体感	6657
いったいがた	一体型	7368
いったいてき	一体的	7112
いったら	行ったら	5866
いったら	いったら	6133
いったん	一旦	5529
いったん	いったん	5881
いったん	一端	6874
いっち	一致	5415
いっち	いっち	7099
いっちゃく	一着	6515
いっちょ	いっちょ	7044
いっちょういっせき	一朝一夕	7260
いっちょういったん	一長一短	7068
いっちょくせん	一直線	6447
いっつい	一対	7283
いっつう	一通	7124
いっつも	いっつも	6814
いって	一手	7068
いって	イッテ	7227
いってい	一定	5123
いっていかくりつ	一定確率	7140
いっていきかん	一定期間	6984
いっていじかん	一定時間	6919
いっていれば	言っていれば	7538
いってき	いってき	6969
いってき	一滴	7117
いってん	一点	6102
いってん	一転	6363
いってん	いってん	7313
いってんばり	一点張り	7149
いっと	一途	6999
いっと	イット	7076
いっとい	言っとい	7519
いっとう	一等	6822
いっとう	一頭	6887
いっとう	一刀	7408
いっとう	一投	7436
いっとうりょうだん	一刀両断	7430
いっとき	いっとき	7491
いっとく	言っとく	7355
いっぱ	一派	6997
いっぱい	いっぱい	4980
いっぱい	一杯	5710
いっぱいいっぱい	いっぱいいっぱい	7288
いっぱく	一泊	6926
いっぱし	一端	6802
いっぱつ	一発	5734
いっぱつぎゃくてん	一発逆転	7353
いっぱん	一般	4372
いっぱんかてい	一般家庭	6985
いっぱんきぎょう	一般企業	7015
いっぱんこうかい	一般公開	7205
いっぱんざいだんほうじん	一般財団法人	7426
いっぱんしつもん	一般質問	7481
いっぱんしみん	一般市民	7066
いっぱんしゃかい	一般社会	7519
いっぱんしゃだんほうじん	一般社団法人	6802
いっぱんしょく	一般職	7453
いっぱんじょうしき	一般常識	7345
いっぱんじょせい	一般女性	7523
いっぱんじん	一般人	5932
いっぱんてき	一般的	4884
いっぱんどう	一般道	6906
いっぱんに	一般に	7029
いっぱんにゅうし	一般入試	7203
いっぱんのかた	一般の方	6778
いっぱんのほう	一般の方	7252
いっぱんはんばい	一般販売	7406
いっぱんろん	一般論	6941
いっぴきおおかみ	一匹狼	7322
いっぴつ	一筆	7443
いっぴん	一品	5679
いっぴん	逸品	6015
いっぴんりょうり	一品料理	7337
いっぷう	一風	6746
いっぷく	一服	6819
いっぷす	イップス	7496
いっぷたさい	一夫多妻	7503
いっぺい	一平	6825
いっぺん	一変	6325
いっぺん	いっぺん	7313
いっぺん	一片	7343
いっぺんとう	一辺倒	7022
いっぺんに	いっぺんに	7131
いっぽ	一歩	5560
いっぽう	一方	4780
いっぽう	一報	6613
いっぽう	いっぽう	7097
いっぽうつうこう	一方通行	7424
いっぽうで	一方で	5160
いっぽん	一本	5566
いっぽんづり	一本釣り	7554
いつ	いつ	4700
いつ	何時	6974
いつい	いつい	7435
いつう	胃痛	7212
いつか	5日	4960
いつか	いつか	5202
いつか	五日	7196
いつかいち	五日市	7186
いつき	樹	7048
いつき	いつき	7265
いつき	五木	7300
いつき	斎	7486
いつくしまじんじゃ	厳島神社	7075
いつくしみ	慈しみ	7249
いつくしむ	慈しむ	7496
いつざい	逸材	6825
いつしか	いつしか	6429
いつしゃ	一社	6704
いつぞや	いつぞや	7348
いつだつ	逸脱	6514
いつつ	5つ	5454
いつつ	五つ	6520
いつつつ	5つつ	7274
いつつめ	5つ目	7314
いつづける	居続ける	7462
いつの	いつの	7403
いつのまに	いつの間に	6798
いつのまに	いつのまに	7544
いつのまにか	いつの間にか	5753
いつのまにか	いつのまにか	6406
いつも	いつも	4266
いつも	何時も	6730
いつも	出雲	7458
いつもじぶん	いつも自分	7348
いつもどおり	いつもどおり	7540
いつわ	逸話	6439
いつわっ	偽っ	6983
いつわり	偽り	6629
いつわる	偽る	7556
いづ	いづ	7201
いづづる	出づる	7509
いづみ	いづみ	7016
いづれ	いづれ	7089
いて	いて	7336
いて	射手	7344
いていれば	いていれば	7331
いてざ	射手座	7036
いてざ	いて座	7515
いてつく	凍てつく	7508
いてる	いてる	6940
いてん	移転	5443
いてん	一点	6573
いで	井出	7200
いで	井手	7330
いで	出	7498
いであ	イデア	6852
いでぃおむ	イディオム	7480
いでおろぎー	イデオロギー	6932
いでぐち	出口	7296
いでたち	出で立ち	7296
いでみつ	出光	7414
いでよ	いでよ	7210
いでん	遺伝	5886
いでんし	遺伝子	5513
いでんてき	遺伝的	7114
いと	意図	5372
いと	糸	5412
いと	いと	6221
いと	イト	7110
いとい	糸井	6999
いといがわ	糸魚川	7219
いとう	伊藤	5466
いとう	伊東	6261
いとう	いとう	6689
いとう	イトウ	7366
いとう	以東	7565
いとうえん	伊藤園	7257
いとうさん	伊藤さん	6747
いとうちゅう	伊藤忠	7463
いとうちゅうしょうじ	伊藤忠商事	7318
いとおし	愛おし	7221
いとおしい	愛おしい	6585
いとおしく	愛おしく	6854
いとくず	糸くず	7342
いとぐち	糸口	6834
いとぐち	緒	7152
いとけな	稚	7128
いとけない	幼い	7167
いとこ	いとこ	6380
いとこ	従兄弟	6922
いとこ	従姉妹	7205
いとし	愛し	6933
いとし	いとし	7359
いとしい	愛しい	6635
いとしき	愛しき	7507
いとしく	愛しく	7253
いとしさ	愛しさ	7452
いとしま	糸島	7127
いとじま	糸島	7526
いとじょう	糸状	7244
いとてき	意図的	6176
いとなま	営ま	6987
いとなみ	営み	6760
いとなむ	営む	6149
いとなん	営ん	6423
いとま	暇	6211
いとまき	糸巻き	7388
いとまん	糸満	7397
いとめ	射止め	7435
いとも	いとも	6946
いとわ	厭わ	7120
いとわ	いとわ	7402
いとーよーかどー	イトーヨーカドー	6864
いど	井戸	6158
いど	緯度	6771
いど	イド	6942
いどう	移動	4528
いどう	異動	5779
いどうかのう	移動可能	7404
いどうきょり	移動距離	7286
いどうしゅだん	移動手段	6969
いどうじかん	移動時間	7062
いどうそくど	移動速度	6944
いどうちゅう	移動中	6710
いどばた	井戸端	7335
いどま	挑ま	7303
いどみ	挑み	6204
いどみず	井戸水	7173
いどむ	挑む	5819
いども	挑も	7307
いどもう	挑もう	7305
いどん	挑ん	6069
いな	否	6138
いな	伊那	6667
いな	イナ	6739
いな	いな	6899
いな	伊奈	7309
いない	以内	4997
いないいないばあ	いないいないばあ	7531
いなか	田舎	5509
いなか	否か	6817
いなか	いなか	7396
いなかぐらし	田舎暮らし	7051
いなかまち	田舎町	6970
いなかみち	田舎道	7473
いなかもの	田舎者	7096
いながき	稲垣	6624
いながわ	稲川	7378
いなぎ	稲城	7269
いなくなっ	いなくなっ	6717
いなくなっ	居なくなっ	7536
いなくなり	いなくなり	7124
いなくなる	いなくなる	6965
いなげ	稲毛	7460
いなご	イナゴ	7251
いなさ	いなさ	7388
いなさく	稲作	6783
いなざわ	稲沢	7216
いなし	いなし	7391
いなずま	稲妻	6739
いなずま	イナズマ	7506
いなずまいれぶん	イナズマイレブン	7220
いなだ	稲田	6994
いなだ	イナダ	7444
いなにわ	稲庭	7550
いなば	稲葉	6428
いなば	因幡	7290
いなほ	稲穂	6889
いなむら	稲村	7377
いなめ	否め	6545
いなもり	稲盛	7438
いなり	稲荷	6153
いなりずし	いなり寿司	7198
いなわしろ	猪苗代	7552
いなん	以南	6908
いに	いに	7153
いにえすた	イニエスタ	7398
いにしあちぶ	イニシアチブ	7015
いにしあてぃぶ	イニシアティブ	7392
いにしえ	古	6860
いにしえ	いにしえ	7030
いにしゃる	イニシャル	6593
いにする	異にする	7395
いにゅう	移入	6466
いにん	委任	6215
いにんぐ	イニング	6738
いにんじょう	委任状	7107
いぬ	犬	4888
いぬ	イヌ	6463
いぬ	いぬ	6564
いぬ	狗	7124
いぬ	戌	7135
いぬい	乾	6807
いぬかい	犬飼	7179
いぬがみ	犬神	7349
いぬき	居抜き	7270
いぬごや	犬小屋	7509
いぬたち	犬たち	6982
いぬづれ	犬連れ	7470
いぬねこ	犬猫	6578
いぬまき	狗巻	7468
いぬやしゃ	犬夜叉	7344
いぬやま	犬山	6909
いね	稲	6217
いね	イネ	6546
いね	いね	6636
いね	伊根	7465
いねかり	稲刈り	6592
いねむり	居眠り	6809
いの	いの	7311
いのう	異能	6886
いのう	伊能	7381
いのうえ	井上	5707
いのうえ	いのうえ	7267
いのうえようすい	井上陽水	7538
いのお	伊野尾	7166
いのかしら	井の頭	7373
いのかしらこうえん	井の頭公園	7420
いのかしらせん	井の頭線	7107
いのき	猪木	6727
いのくち	井口	7419
いのぐち	井口	7517
いのこり	居残り	7337
いのしし	イノシシ	6428
いのしし	猪	6698
いのすけ	伊之助	6882
いのち	命	5250
いのち	生命	5953
いのち	いのち	6145
いのちがけ	命がけ	6803
いのちがけ	命懸け	7113
いのちごい	命乞い	7551
いのちづな	命綱	7448
いのちとり	命取り	7351
いのちをおとし	命を落とし	6863
いのちをおとす	命を落とす	7244
いのちをかけ	命をかけ	7113
いのちをかけ	命を懸け	7446
いのっ	祈っ	6061
いのべーしょん	イノベーション	5788
いのべーたー	イノベーター	7376
いのら	祈ら	7560
いのり	祈り	5894
いのり	いのり	7387
いのり	祈	7414
いのる	祈る	6109
いはい	位牌	6886
いはい	遺灰	7385
いはら	井原	7500
いはら	伊原	7536
いはん	違反	5272
いはんこうい	違反行為	7445
いばしょ	居場所	5878
いばっ	威張っ	7466
いばら	茨	6890
いばら	いばら	7208
いばら	イバラ	7487
いばらき	茨城	6014
いばらき	茨木	6749
いばらき	いばらき	7146
いばらきけん	茨城県	5844
いばらぎ	茨木	7189
いばらぎけん	茨城県	7032
いばり	尿	7454
いひ	いひ	7312
いひょう	意表	7448
いひん	遺品	6404
いひんせいり	遺品整理	7189
いび	いび	7389
いびがわ	揖斐川	7559
いびき	いびき	6756
いびき	イビキ	7496
いびつ	歪	6966
いびつ	いびつ	7038
いびつな	歪な	7274
いふ	いふ	6320
いふ	イフ	6981
いふ	畏怖	7197
いふう	威風	7322
いふうどうどう	威風堂々	7456
いふく	衣服	6217
いふく	い服	7394
いふく	いふく	7399
いふじ	伊藤	6947
いふりーと	イフリート	7402
いぶ	イブ	6532
いぶ	いぶ	6920
いぶき	息吹	6827
いぶき	伊吹	6867
いぶき	いぶき	7082
いぶきやま	伊吹山	7459
いぶくろ	胃袋	6684
いぶし	燻	7396
いぶし	燻し	7524
いぶしぎん	いぶし銀	7499
いぶすき	指宿	7300
いぶつ	異物	6294
いぶつ	遺物	6305
いぶにんぐ	イブニング	7304
いぶりがっこ	いぶりがっこ	7457
いぶん	異聞	7383
いぶんか	異文化	7209
いへん	異変	6291
いべりあ	イベリア	7479
いべりこ	イベリコ	7526
いべんと	イベント	4204
いべんとくえすと	イベントクエスト	7549
いべんとすぺーす	イベントスペース	7523
いほう	違法	5694
いほう	異邦	7500
いほうこうい	違法行為	7015
いほうせい	違法性	7383
いほく	以北	6907
いぼ	イボ	6838
いぼ	いぼ	6988
いぼ	異母	7212
いま	今	3770
いま	いま	4973
いま	居間	6758
いま	イマ	7470
いまい	今井	6195
いまいずみ	今泉	6902
いまいち	イマイチ	5859
いまいち	いまいち	6010
いまいち	今市	7435
いまいち	今一	7475
いまおふ	今オフ	7556
いまおもいだし	今思い出し	7501
いまかわ	今川	7368
いまかんがえ	今考え	7257
いまがわ	今川	6800
いまげんざい	今現在	6798
いまごろ	今頃	6615
いまごろ	今ごろ	7359
いまさく	今作	6909
いまさら	今更	6224
いまさら	今さら	6560
いまさら	いまさら	6679
いましめ	戒め	7094
いまじねーしょん	イマジネーション	7171
いまじぶん	今自分	7296
いまじん	イマジン	7344
いまだ	未だ	6069
いまだ	いまだ	6271
いまだ	今だ	6385
いまだ	今田	7058
いまだっ	今だっ	7424
いまだに	未だに	5787
いまだに	いまだに	6000
いまどき	今どき	6554
いまどき	今時	6769
いまどき	イマドキ	7096
いまどき	いまどき	7337
いまなが	今永	7092
いまなら	今なら	6037
いまに	今に	7225
いまにし	今西	7387
いまにも	今にも	6583
いまの	今野	7440
いまのかいしゃ	今の会社	7099
いまのかた	今の方	7327
いまのかんきょう	今の環境	7328
いまのきせつ	今の季節	7034
いまのこと	今のこと	7249
いまのしょくば	今の職場	7181
いまのじき	今の時期	7203
いまのじだい	今の時代	6340
いまのじてん	今の時点	7148
いまのじぶん	今の自分	7006
いまのじょうたい	今の状態	6998
いまのだんかい	今の段階	7237
いまのところ	今のところ	5697
いまのばあい	今の場合	7405
いまばり	今治	6814
いまひとつ	今ひとつ	6871
いまひとつ	今一つ	6958
いまひとつ	いまひとつ	6998
いまふう	今風	6917
いままで	今まで	4632
いまみ	今見	6872
いまみや	今宮	7275
いまむら	今村	6629
いまや	今や	5771
いまや	いまや	6536
いまり	伊万里	7371
いまをいきる	今を生きる	7130
いみ	意味	4212
いみ	いみ	6623
いみあい	意味合い	6039
いみしん	意味深	6844
いみず	射水	7426
いみな	諱	7528
いみふめい	意味不明	6422
いみょう	異名	6831
いみん	移民	6013
いみん	イミン	6448
いむ	イム	6812
いむ	いむ	6945
いむ	医務	7140
いむ	林	7246
いむしつ	医務室	7565
いむら	井村	7275
いめい	異名	7020
いめちぇん	イメチェン	6729
いめーじ	イメージ	4409
いめーじあっぷ	イメージアップ	7235
いめーじず	イメージ図	7152
いめーじだうん	イメージダウン	7518
いめーじちぇんじ	イメージチェンジ	7463
いめーじんぐ	イメージング	7035
いも	芋	5841
いも	いも	6144
いも	イモ	6591
いもうと	妹	5293
いもうとたち	妹たち	7563
いもうとで	妹で	7466
いもけんぴ	芋けんぴ	7564
いもじょうちゅう	芋焼酎	7076
いもたれ	胃もたれ	7079
いもと	イモト	7256
いもと	井本	7565
いもに	芋煮	7168
いもの	鋳物	6865
いもほり	芋掘り	7475
いもむし	イモムシ	7378
いもむし	芋虫	7389
いもり	イモリ	7200
いもん	慰問	7281
いや	嫌	4919
いや	いや	4991
いや	イヤ	5726
いや	彌	7166
いや	厭	7400
いや	否	7446
いやぁ	いやぁ	6291
いやあ	いやあ	6693
いやいや	いやいや	6014
いやいや	イヤイヤ	7345
いやいや	嫌々	7499
いやおう	否応	7420
いやがっ	嫌がっ	6567
いやがら	嫌がら	6737
いやがらせ	嫌がらせ	6082
いやがり	嫌がり	7065
いやがる	嫌がる	6353
いやく	医薬	6487
いやく	意訳	6915
いやくきん	違約金	6919
いやくひん	医薬品	5701
いやくぶがいひん	医薬部外品	7338
いやけ	嫌気	7096
いやさ	癒やさ	5566
いやさ	癒さ	6591
いやし	癒やし	5498
いやし	癒し	6524
いやし	いやし	7322
いやしい	卑しい	7374
いやす	癒やす	6437
いやす	癒す	7357
いやそう	嫌そう	7531
いやだ	嫌だ	5780
いやだっ	嫌だっ	6444
いやっ	いやっ	7503
いやで	嫌で	6410
いやな	嫌な	5378
いやなら	嫌なら	6522
いやに	嫌に	6467
いやになっ	嫌になっ	7407
いやほん	イヤホン	6030
いやほんじゃっく	イヤホンジャック	7421
いやみ	嫌味	6739
いやらしい	いやらしい	7118
いやりんぐ	イヤリング	6397
いやー	いやー	6399
いやー	イヤー	7001
いやーかふ	イヤーカフ	7413
いよ	いよ	6525
いよ	伊予	6911
いよいよ	いよいよ	5175
いよいよあした	いよいよ明日	7043
いよう	異様	6235
いよう	医用	7524
いよく	意欲	5564
いよくてき	意欲的	6687
いら	いら	5240
いら	要ら	5900
いら	イラ	6444
いら	入ら	6508
いらい	依頼	4738
いらい	以来	5077
いらいしゃ	依頼者	6901
いらいと	イライト	6857
いらいにん	依頼人	7508
いらいぬし	依頼主	7471
いらいら	イライラ	5622
いらいら	いらいら	7363
いらく	イラク	6378
いらくせんそう	イラク戦争	7478
いらすと	イラスト	4789
いらすとれーしょん	イラストレーション	7047
いらすとれーたー	イラストレーター	6049
いらだち	苛立ち	6813
いらだっ	苛立っ	7401
いらっ	イラッ	6785
いらっ	いらっ	6804
いらっしゃい	いらっしゃい	5448
いらっしゃっ	いらっしゃっ	6204
いらっしゃら	いらっしゃら	6907
いらっしゃりゃ	いらっしゃりゃ	6907
いらっしゃる	いらっしゃる	5544
いらっしゃれ	いらっしゃれ	6907
いらっしゃろ	いらっしゃろ	6907
いらっしゃん	いらっしゃん	6907
いらない	いらない	5814
いられ	イラレ	7444
いらん	イラン	6061
いらん	いらん	6458
いらん	要らん	7031
いり	入り	5214
いり	入	5953
いり	いり	6144
いり	煎り	6618
いり	要り	6680
いり	炒り	6825
いりえ	入江	6905
いりえ	入り江	7244
いりえ	江	7487
いりおもてじま	西表島	7053
いりくち	入り口	6079
いりくん	入り組ん	6979
いりぐち	入口	5442
いりぐち	入り口	5626
いりこ	いりこ	7193
いりこま	入り込ま	7530
いりこみ	入り込み	6920
いりこん	入り込ん	6563
いりごま	いりごま	7562
いりじうむ	イリジウム	7512
いりす	イリス	7405
いりのい	イリノイ	7319
いりびたっ	入り浸っ	7500
いりまじっ	入り混じっ	7011
いりみだれ	入り乱れ	7196
いりもや	入り母屋	7393
いりゃ	いりゃ	6907
いりや	イリヤ	7382
いりゅう	遺留	7560
いりゅうぶん	遺留分	7125
いりゅーじょん	イリュージョン	7212
いりょう	医療	4585
いりょう	衣料	6483
いりょうきかん	医療機関	5692
いりょうきかんとう	医療機関等	7562
いりょうきき	医療機器	6872
いりょうぎょうかい	医療業界	7514
いりょうげんば	医療現場	7024
いりょうこうい	医療行為	7280
いりょうしせつ	医療施設	7422
いりょうしゃ	医療者	7329
いりょうじむ	医療事務	7436
いりょうじゅうじしゃ	医療従事者	7069
いりょうだつもう	医療脱毛	7394
いりょうひ	医療費	6801
いりょうひん	衣料品	7316
いりょうぶんや	医療分野	7360
いりょうほうじん	医療法人	7309
いりょうほうじんしゃだん	医療法人社団	7416
いりょうほけん	医療保険	7159
いりょく	威力	5576
いりよう	入り用	7358
いる	いる	2841
いる	居る	5462
いる	入る	6084
いる	要る	6692
いる	射る	7495
いるい	衣類	5939
いるか	イルカ	6094
いるか	いるか	6917
いるそん	日成	7454
いるふぁん	いるファン	7266
いるま	入間	6796
いるみ	イルミ	7196
いるみなからー	イルミナカラー	7499
いるみなてぃ	イルミナティ	7514
いるみねーしょん	イルミネーション	6138
いるる	容	7472
いれ	入れ	4611
いれ	いれ	5099
いれ	淹れ	6445
いれ	居れ	7123
いれい	異例	6335
いれい	慰霊	6470
いれいさい	慰霊祭	7342
いれかえ	入れ替え	5978
いれかえ	入れ換え	7537
いれかえる	入れ替える	6560
いれかわっ	入れ替わっ	6627
いれかわり	入れ替わり	6638
いれかわる	入れ替わる	6686
いれぎゅらー	イレギュラー	6689
いれこ	入れ子	7199
いれこみ	入れ込み	7470
いれこむ	入れ込む	7318
いれこん	入れ込ん	7121
いれずみ	入れ墨	6934
いれなおし	入れ直し	7030
いれば	入れ歯	6363
いれぶん	イレブン	5965
いれもの	入れ物	6825
いれよ	入れよ	6890
いれよう	入れよう	6655
いれる	いれる	6264
いれる	入れる	6625
いれる	淹れる	6912
いれれ	入れれ	6478
いれわすれ	入れ忘れ	7296
いろ	色	4508
いろ	いろ	6401
いろ	イロ	7321
いろあい	色合い	5578
いろあざやか	色鮮やか	6457
いろあじ	色味	6329
いろあせ	色褪せ	6516
いろあせ	色あせ	6740
いろいろ	色々	4771
いろいろ	いろいろ	4931
いろいろ	イロイロ	7064
いろう	慰労	7234
いろえんぴつ	色鉛筆	6667
いろおち	色落ち	6826
いろがみ	色紙	6556
いろがら	色柄	7028
いろぐろ	色黒	7389
いろけ	色気	6161
いろこい	色恋	7416
いろこく	色濃く	6590
いろしゅうさ	色収差	7481
いろじろ	色白	6963
いろすう	色数	7505
いろだ	色だ	7162
いろちがい	色違い	6543
いろっぽ	色っぽ	7431
いろっぽい	色っぽい	6943
いろっぽく	色っぽく	7048
いろつき	色付き	7037
いろづい	色づい	6861
いろづい	色付い	7433
いろづかい	色使い	6584
いろづき	色づき	6910
いろづき	色付き	7496
いろづく	色づく	7099
いろづけ	色付け	6917
いろで	色で	7381
いろとりどり	色とりどり	6319
いろどっ	彩っ	6633
いろどら	彩ら	6608
いろどり	彩り	6117
いろどり	彩	6958
いろどり	いろどり	7344
いろどりゆたか	彩り豊か	7383
いろどる	彩る	6116
いろな	色な	7059
いろなおし	色直し	7111
いろになっ	色になっ	7527
いろぬり	色塗り	7106
いろは	いろは	6452
いろは	イロハ	7266
いろみ	色味	7052
いろむら	色ムラ	6893
いろむら	色むら	7537
いろめ	色目	6950
いろもち	色持ち	7243
いろもの	色物	7396
いろやかたち	色や形	7552
いろり	囲炉裏	6962
いろり	いろり	7463
いろわけ	色分け	6557
いろをつけ	色を付け	7341
いろん	異論	6690
いろんな	いろんな	4967
いろんな	色んな	5236
いろんないみ	色んな意味	7021
いろんなかた	色んな方	7547
いろんなこと	色んなこと	6824
いろんなこと	色んな事	7192
いろんなところ	色んなところ	7206
いろんなところ	色んな所	7418
いろんなひと	色んな人	6721
いろんなもの	色んなもの	7252
いわ	言わ	4150
いわ	いわ	5091
いわ	岩	5458
いわ	云わ	6646
いわ	磐	7036
いわい	祝	5823
いわい	祝い	6100
いわい	岩井	6603
いわい	石井	7387
いわいきん	祝い金	7177
いわいごと	祝い事	6974
いわいずみ	岩泉	7224
いわう	祝う	6222
いわお	巌	7139
いわお	厳	7308
いわかん	違和感	5310
いわき	いわき	6172
いわき	岩城	7502
いわきし	いわき市	7246
いわく	曰く	6094
いわく	いわく	6579
いわくに	岩国	6885
いわくら	岩倉	7326
いわさ	言わさ	7249
いわさ	岩佐	7289
いわさき	岩崎	6626
いわさき	いわさき	7503
いわざき	岩崎	6969
いわざる	言わざる	6600
いわざる	いわざる	7559
いわし	イワシ	6452
いわし	いわし	6972
いわし	鰯	7115
いわした	岩下	7074
いわずもがな	言わずもがな	6760
いわせ	岩瀬	6978
いわせない	言わせない	7371
いわた	岩田	6511
いわた	磐田	6914
いわだ	岩田	7080
いわっ	祝っ	6476
いわつき	岩槻	7084
いわて	岩手	6347
いわてけん	岩手県	6048
いわてさん	岩手山	7500
いわで	岩手	6661
いわな	イワナ	6861
いわな	岩魚	7363
いわなが	岩永	7310
いわなみ	岩波	6886
いわなみしょてん	岩波書店	7263
いわぬま	岩沼	7466
いわのうえ	岩の上	7212
いわはし	岩橋	7430
いわはだ	岩肌	7206
いわば	いわば	6061
いわば	岩場	6361
いわば	言わば	6935
いわぶろ	岩風呂	7481
いわま	岩間	7350
いわみ	石見	7069
いわみざわ	岩見沢	7332
いわむら	岩村	7362
いわもと	岩本	6555
いわや	窟	6977
いわや	岩屋	7128
いわや	岩谷	7534
いわやま	岩山	6981
いわゆる	いわゆる	5231
いわゆる	所謂	6383
いわれ	いわれ	7310
いわわ	祝わ	7308
いわん	言わん	6260
いわん	イワン	7400
いわん	いわん	7427
いん	員	4619
いん	イン	5017
いん	院	5037
いん	in	5690
いん	印	5870
いん	陰	6192
いん	いん	6539
いん	飲	6553
いんうつ	陰鬱	7331
いんえい	陰影	6653
いんえい	印影	7356
いんか	引火	6999
いんか	インカ	7014
いんか	印加	7140
いんかれ	インカレ	6545
いんかん	印鑑	6151
いんが	因果	6305
いんがい	院外	7384
いんがおうほう	因果応報	7241
いんがかんけい	因果関係	6992
いんき	インキ	6931
いんき	陰気	7536
いんきゃ	陰キャ	6614
いんきょ	隠居	6805
いんきょく	陰極	7545
いんく	インク	5726
いんくじぇっと	インクジェット	6859
いんくるーしぶ	インクルーシブ	7091
いんぐ	ing	7449
いんぐらんど	イングランド	6260
いんぐりっしゅ	イングリッシュ	6848
いんけい	陰茎	7275
いんげん	インゲン	6888
いんげん	いんげん	6922
いんこ	インコ	6487
いんこーす	インコース	7405
いんご	隠語	7310
いんごっと	インゴット	7185
いんさいだー	インサイダー	7228
いんさいと	インサイト	7177
いんさいど	インサイド	6561
いんさつ	印刷	5111
いんさつじょ	印刷所	7522
いんさつぶつ	印刷物	6560
いんさーと	インサート	7160
いんざい	印西	7273
いんし	因子	5972
いんし	印紙	6893
いんしつ	陰湿	6919
いんしでんと	インシデント	6648
いんしゅ	飲酒	5980
いんしゅうんてん	飲酒運転	7021
いんしゅれーたー	インシュレーター	7560
いんしょう	印象	4511
いんしょう	印章	7208
いんしょうづける	印象付ける	7537
いんしょうてき	印象的	5538
いんしょうは	印象派	6846
いんしょうぶかい	印象深い	6794
いんしょうぶかかっ	印象深かっ	7362
いんしょく	飲食	5441
いんしょくぎょう	飲食業	7274
いんしょくぎょうかい	飲食業界	7425
いんしょくてん	飲食店	5633
いんしょくぶつ	飲食物	7394
いんじ	印字	6464
いんじぇくしょん	インジェクション	7197
いんじぇくたー	インジェクター	7386
いんじけーた	インジケータ	6488
いんじけーたー	インジケーター	6625
いんじゃ	隠者	7523
いんすう	因数	7185
いんすた	インスタ	5408
いんすたあかうんと	インスタアカウント	7561
いんすたぐらまー	インスタグラマー	7147
いんすたぐらむ	インスタグラム	5640
いんすたらいぶ	インスタライブ	6471
いんすたれーしょん	インスタレーション	6801
いんすたんす	インスタンス	5923
いんすたんと	インスタント	6268
いんすたんとこーひー	インスタントコーヒー	7481
いんすたんとらーめん	インスタントラーメン	7438
いんすと	インスト	6870
いんすとらくたー	インストラクター	6031
いんすとーら	インストーラ	7209
いんすとーらー	インストーラー	7078
いんすとーる	インストール	5115
いんすぱいあ	インスパイア	6537
いんすぴれーしょん	インスピレーション	6158
いんすりん	インスリン	6419
いんずう	員数	7523
いんせい	陰性	6388
いんせい	院生	6953
いんせき	隕石	6567
いんせんてぃぶ	インセンティブ	6449
いんぜい	印税	7148
いんそつ	引率	6789
いんそつ	院卒	7502
いんそーる	インソール	6536
いんたい	引退	5383
いんたいご	引退後	7089
いんたいじあい	引退試合	7064
いんたびゅ	インタビュ	5888
いんたびゅあー	インタビュアー	7104
いんたびゅー	インタビュー	5218
いんたふぇーす	インタフェース	6550
いんたらくしょん	インタラクション	6995
いんたらくてぃぶ	インタラクティブ	6564
いんたゔゅー	インタヴュー	7490
いんたー	インター	5965
いんたーせぷと	インターセプト	7435
いんたーちぇんじ	IC	6248
いんたーちぇんじ	インターチェンジ	6813
いんたーなしょなる	インターナショナル	6278
いんたーねっと	インターネット	5036
いんたーねっとじょう	インターネット上	6417
いんたーねっとばんきんぐ	インターネットバンキング	7314
いんたーはい	インターハイ	6359
いんたーばる	インターバル	6699
いんたーふぇいす	インターフェイス	6108
いんたーふぇーす	インターフェース	6129
いんたーほん	インターホン	6778
いんたーん	インターン	5912
いんたーんしっぷ	インターンシップ	6103
いんだくたんす	インダクタンス	7539
いんだすとりある	インダストリアル	7182
いんち	インチ	5577
いんちき	インチキ	6865
いんちょう	院長	5841
いんちょうせんせい	院長先生	7342
いんてぐれーしょん	インテグレーション	7173
いんてり	インテリ	6946
いんてりあ	インテリア	5386
いんてりじぇんす	インテリジェンス	6881
いんてりじぇんと	インテリジェント	6887
いんてる	インテル	6521
いんでぃ	インディ	6874
いんでぃあな	インディアナ	7519
いんでぃあん	インディアン	6756
いんでぃご	インディゴ	7091
いんでぃぺんでんと	インディペンデント	7449
いんでぃー	インディー	6942
いんでぃーず	インディーズ	6899
いんでっくす	インデックス	5958
いんでんと	インデント	7156
いんとう	咽頭	6723
いんとく	隠匿	7493
いんとねーしょん	イントネーション	6947
いんとろ	イントロ	6798
いんど	インド	5267
いんど	印度	7560
いんどあ	インドア	6688
いんどじん	インド人	7120
いんどたいへいよう	インド太平洋	7377
いんどねしあ	インドネシア	5802
いんどねしあご	インドネシア語	7509
いんどよう	インド洋	7096
いんどりょうり	インド料理	6972
いんない	院内	6142
いんなー	インナー	5713
いんなーからー	インナーカラー	7376
いんなーまっする	インナーマッスル	7037
いんねん	因縁	6452
いんのしま	因島	7550
いんはうす	インハウス	7450
いんばうんど	インバウンド	7021
いんばーた	インバータ	6718
いんぱくと	インパクト	5524
いんぱくとだい	インパクト大	7403
いんぱね	インパネ	7165
いんぱるす	インパルス	6804
いんびざらいん	インビザライン	7000
いんぴーだんす	インピーダンス	6722
いんふぃにてぃ	インフィニティ	7213
いんふぉめーしょん	インフォメーション	6630
いんふら	インフラ	5662
いんふらえんじにあ	インフラエンジニア	7553
いんふらすとらくちゃ	インフラストラクチャ	6906
いんふる	インフル	6976
いんふるえんさー	インフルエンサー	6233
いんふるえんざ	インフルエンザ	5901
いんふれ	インフレ	6111
いんぶ	陰部	7235
いんぷ	インプ	7404
いんぷっと	インプット	6238
いんぷらんと	インプラント	6628
いんぷれ	インプレ	6983
いんぷれっさ	インプレッサ	7020
いんぷれっしょん	インプレッション	6729
いんべんとり	インベントリ	6996
いんぺい	隠蔽	6464
いんぺい	隠ぺい	7323
いんぺりある	インペリアル	7283
いんぼいす	インボイス	6469
いんぼいすせいど	インボイス制度	7202
いんぼう	陰謀	6248
いんぼうろん	陰謀論	7188
いんぽーと	インポート	6065
いんむ	淫夢	7233
いんめつ	隠滅	7273
いんもう	陰毛	7512
いんよう	引用	5326
いんよう	陰陽	6769
いんよう	飲用	6882
いんようもと	引用元	7405
いんらいん	インライン	6892
いんりょう	飲料	5878
いんりょうすい	飲料水	6714
いんりょく	引力	7045
いゔ	イヴ	7041
いーぐる	イーグル	6757
いーぐるす	イーグルス	7035
いーさねっと	イーサネット	7215
いーさりあむ	イーサリアム	7004
いーさん	イーサン	7278
いーしー	EC	5709
いーしーさいと	ECサイト	7202
いーじす	イージス	7420
いーじすかん	イージス艦	7539
いーじー	イージー	6865
いーす	イース	7332
いーすたん	イースタン	7282
いーすたー	イースター	6876
いーすと	イースト	6475
いーすとうっど	イーストウッド	7350
いーといん	イートイン	6653
いーといんすぺーす	イートインスペース	7021
いーぶい	イーブイ	6967
いーぷらす	イープラス	7277
いーゆー	EU	6084
いーらーにんぐ	eラーニング	6898
いーろんますく	イーロン・マスク	7189
ぅ	ぅ	5634
う	う	3365
う	兎	6590
う	雨	7026
う	鵜	7070
う	甕	7180
う	卯	7198
う	憂	7420
うぃき	ウィキ	7132
うぃきぺでぃあ	ウィキペディア	6635
うぃざーど	ウィザード	6687
うぃじぇっと	ウィジェット	6587
うぃすきー	ウィスキー	6835
うぃすこんしん	ウィスコンシン	7528
うぃず	ウィズ	6536
うぃっく	ウィック	7459
うぃっぐ	ウィッグ	6391
うぃっしゅ	ウィッシュ	7483
うぃっち	ウィッチ	7292
うぃっちゃー	ウィッチャー	7456
うぃっと	ウィット	7442
うぃめんず	ウィメンズ	7304
うぃりあむ	ウィリアム	6501
うぃりあむず	ウィリアムズ	6965
うぃりー	ウィリー	7376
うぃる	ウィル	6808
うぃるす	ウィルス	5916
うぃるそん	ウィルソン	7023
うぃん	ウィン	7295
うぃんかー	ウィンカー	7042
うぃんく	ウィンク	7337
うぃんぐ	ウィング	6974
うぃんざー	ウィンザー	7496
うぃんたー	ウィンター	7437
うぃんたーすぽーつ	ウィンタースポーツ	7547
うぃんど	ウィンド	6882
うぃんどう	ウィンドウ	5685
うぃんどうず	ウィンドウズ	7430
うぃんな	ウィンナ	6952
うぃんなー	ウィンナー	7063
うぃんぶるどん	ウィンブルドン	7318
うぃーく	ウィーク	6390
うぃーくえんど	ウィークエンド	7472
うぃーくりー	ウィークリー	7037
うぃーど	ウィード	7545
うぃーん	ウィーン	6095
うい	浮い	5876
うい	うい	6610
うい	ウイ	7235
ういういしい	初々しい	7091
ういぐる	ウイグル	7089
ういじん	初陣	7169
ういすきー	ウイスキー	6059
ういるす	ウイルス	5024
ういろう	ういろう	7381
ういんかー	ウインカー	6581
ういんく	ウインク	7064
ういんぐ	ウイング	6308
ういんたー	ウインター	7137
ういんち	ウインチ	7485
ういんど	ウインド	6845
ういんどう	ウインドウ	6420
ういんなー	ウインナー	6534
うぅ	うぅ	7103
うう	うう	6421
ううん	ううん	7119
うぇあ	ウェア	5631
うぇあらぶる	ウェアラブル	7391
うぇい	ウェイ	5847
うぇいたー	ウェイター	7199
うぇいと	ウェイト	6671
うぇいとれす	ウェイトレス	7303
うぇいん	ウェイン	7166
うぇざりんぐ	ウェザリング	7390
うぇざーにゅーす	ウェザーニュース	7547
うぇすと	ウェスト	7228
うぇっじ	ウェッジ	7073
うぇっと	ウェット	6364
うぇっとてぃっしゅ	ウェットティッシュ	7505
うぇでぃんぐ	ウェディング	5995
うぇでぃんぐどれす	ウェディングドレス	7204
うぇびなー	ウェビナー	6637
うぇぶ	ウェブ	6029
うぇぶかみ	Web上	7177
うぇぶさいと	ウェブサイト	5376
うぇぶさーびす	ウェブサービス	7441
うぇぶしょっぷ	ウェブショップ	7479
うぇぶじょう	ウェブ上	7329
うぇぶとぅーん	ウェブトゥーン	7543
うぇぶぶらうざ	ウェブブラウザ	7169
うぇぶぺーじ	ウェブページ	6796
うぇぶめでぃあ	ウェブメディア	7539
うぇりんとん	ウェリントン	7310
うぇるかむ	ウェルカム	6983
うぇるかむどりんく	ウェルカムドリンク	7338
うぇるかむぼーど	ウェルカムボード	7262
うぇるたー	ウェルター	7556
うぇるねす	ウェルネス	7015
うぇるびー	ウェルビー	7520
うぇるびーいんぐ	ウェルビーイング	6841
うぇんでぃ	ウェンディ	7264
うぇーばー	ウェーバー	7564
うぇーぶ	ウェーブ	6492
うぇーるず	ウェールズ	6993
うえ	上	4574
うえ	うえ	5129
うえ	植え	5541
うえ	飢え	6787
うえ	植	6900
うえあ	ウエア	6468
うえいと	ウエイト	6518
うえかえ	植え替え	6283
うえかえる	植え替える	7412
うえからめせん	上から目線	7117
うえがわ	上川	7359
うえき	植木	6572
うえきばち	植木鉢	6788
うえこみ	植え込み	7353
うえす	ウエス	7289
うえすぎ	上杉	6466
うえすたん	ウエスタン	6937
うえすと	ウエスト	5698
うえすみ	上隅	7541
うえた	上田	6927
うえた	植田	7298
うえだ	上田	6311
うえだ	上だ	6861
うえだ	植田	6866
うえだっ	上だっ	7443
うえっと	ウエット	7237
うえつけ	植え付け	6545
うえつけ	植えつけ	7279
うえつける	植え付ける	7195
うえで	上で	7185
うえでぃんぐ	ウエディング	6506
うえでぃんぐどれす	ウエディングドレス	7047
うえとした	上と下	7266
うえな	上な	7131
うえにたつ	上に立つ	7176
うえになっ	上になっ	6391
うえになり	上になり	6536
うえになる	上になる	6545
うえの	上の	4805
うえの	上野	6211
うえの	うえの	7432
うえの	植野	7563
うえのえき	上野駅	7479
うえのがぞう	上の画像	6979
うえのこうえん	上野公園	7219
うえのしゃしん	上の写真	6621
うえのず	上の図	7531
うえのひと	上の人	7472
うえは	ウエハ	7267
うえはら	上原	6721
うえはーす	ウエハース	7065
うえばら	上原	7554
うえほうこう	上方向	7444
うえまち	上町	7497
うえまつ	植松	7132
うえむら	植村	7088
うえむら	上村	7148
うえもん	右衛門	7150
うえる	植える	6357
うえるかむ	ウエルカム	7282
うえるしあ	ウエルシア	7387
うえると	植えると	7474
うぉしゅれっと	ウォシュレット	6926
うぉっか	ウォッカ	7053
うぉっしゅ	ウォッシュ	7447
うぉっち	ウォッチ	6340
うぉっちゃー	ウォッチャー	7508
うぉにょん	ウォニョン	7416
うぉりあーず	ウォリアーズ	7383
うぉるたー	ウォルター	7295
うぉるとでぃずにー	ウォルト・ディズニー	7274
うぉるまーと	ウォルマート	7381
うぉれっと	ウォレット	6617
うぉん	ウォン	6457
うぉーかー	ウォーカー	6866
うぉーきんぐ	ウォーキング	5924
うぉーく	ウォーク	6217
うぉーくいんくろーぜっと	ウォークインクローゼット	7318
うぉーくまん	ウォークマン	7525
うぉーず	ウォーズ	7331
うぉーたー	ウォーター	5821
うぉーたーさーばー	ウォーターサーバー	7331
うぉーたーふぉーる	ウォーターフォール	7548
うぉーほる	ウォーホル	7543
うぉーみんぐあっぷ	ウォーミングアップ	6850
うぉーむ	ウォーム	6852
うぉーりー	ウォーリー	7425
うぉーる	ウォール	6199
うぉーるがい	ウォール街	7516
うぉーれん	ウォーレン	7563
うお	魚	5308
うお	ウオ	7378
うおいちば	魚市場	7229
うおうさおう	右往左往	7030
うおざ	魚座	7064
うおざ	うお座	7446
うおっか	ウオッカ	7455
うおっち	ウオッチ	7136
うおづ	魚津	7350
うおぬま	魚沼	7216
うおの	魚の	5816
うおのめ	魚の目	7410
うおや	魚屋	7212
うおーきんぐ	ウオーキング	7234
うか	羽化	6612
うか	浮か	6986
うかい	迂回	6493
うかい	鵜飼	7265
うかい	うかい	7381
うかがい	伺い	5376
うかがい	うかがい	6694
うかがう	伺う	6255
うかがう	うかがう	7126
うかがえ	伺え	6411
うかがえ	うかがえ	6597
うかがえ	窺え	7286
うかがえる	うかがえる	6697
うかがえる	伺える	6797
うかがえる	窺える	7236
うかがっ	伺っ	5892
うかがっ	うかがっ	6822
うかがわ	伺わ	7037
うかがわ	うかがわ	7075
うかし	浮かし	7300
うかす	浮かす	7566
うかせ	浮かせ	6722
うかせる	浮かせる	7150
うかっ	受かっ	6407
うかつ	迂闊	7220
うかつ	うかつ	7427
うかば	浮かば	6830
うかび	浮かび	6491
うかびあがっ	浮かび上がっ	6688
うかびあがら	浮かび上がら	7262
うかびあがり	浮かび上がり	7159
うかびあがる	浮かび上がる	6717
うかぶ	浮かぶ	5965
うかべ	浮かべ	5997
うかべる	浮かべる	6582
うから	受から	6958
うかり	受かり	6670
うかる	受かる	6392
うかれ	浮かれ	6756
うかん	浮かん	5925
うがい	うがい	6464
うがき	宇垣	7446
うがん	右岸	6689
うがんだ	ウガンダ	7130
うき	浮き	6366
うき	ウキ	6626
うき	浮	6805
うき	うき	6994
うき	雨季	7036
うきあがっ	浮き上がっ	7092
うきあがり	浮き上がり	7427
うきあがる	浮き上がる	7413
うきうき	ウキウキ	6622
うきうき	うきうき	7234
うきしずみ	浮き沈み	7113
うきしま	浮島	7329
うきしょ	浮所	7563
うきで	浮き出	7104
うきは	うきは	7247
うきぼり	浮き彫り	6465
うきめ	憂き目	7458
うきょう	右京	7045
うきよ	浮世	7160
うきよえ	浮世絵	6506
うく	浮く	6560
うく	うく	7491
うくらいな	ウクライナ	5594
うくらいなぐん	ウクライナ軍	7287
うくれれ	ウクレレ	6576
うぐい	ウグイ	7489
うぐいす	鶯	6986
うぐいす	ウグイス	7070
うぐいす	うぐいす	7224
うけ	受け	4236
うけ	うけ	6150
うけ	ウケ	6373
うけ	請	6887
うけ	請け	7289
うけあい	請け合い	7524
うけいれ	受け入れ	5473
うけいれ	受入	6634
うけいれ	受入れ	7066
うけいれよ	受け入れよ	7450
うけいれよう	受け入れよう	7440
うけいれる	受け入れる	5812
うけうり	受け売り	7520
うけおい	請負	6362
うけおいにん	請負人	7334
うけおう	請け負う	6917
うけおっ	請け負っ	6806
うけかた	受け方	7475
うけぐち	受け口	7421
うけこたえ	受け答え	6832
うけざら	受け皿	6721
うけたまわっ	承っ	5724
うけたまわり	承り	5779
うけたまわる	承る	6714
うけたまわれ	承れ	7348
うけつい	受け継い	6235
うけつが	受け継が	6145
うけつぎ	受け継ぎ	6741
うけつぐ	受け継ぐ	6650
うけつけ	受付	4909
うけつけ	受け付け	5453
うけつけ	受付け	6776
うけつけかいし	受付開始	7399
うけつけしゅうりょう	受付終了	7168
うけつけじ	受付時	7467
うけつけじかん	受付時間	7295
うけつけちゅう	受付中	6684
うけつける	受け付ける	6660
うけて	受け手	6958
うけとっ	受け取っ	5611
うけとめ	受け止め	5863
うけとめ	受けとめ	7224
うけとめる	受け止める	6434
うけとら	受け取ら	6596
うけとり	受け取り	5723
うけとり	受取	6081
うけとり	受取り	6846
うけとる	受け取る	5628
うけとる	受けとる	7526
うけとれ	受け取れ	6616
うけとれる	受け取れる	6436
うけとろ	受け取ろ	7487
うけとろう	受け取ろう	7478
うけながし	受け流し	7236
うけながす	受け流す	7442
うけにくい	受けにくい	7141
うけにくく	受けにくく	7484
うけみ	受け身	6611
うけみ	受身	7312
うけもち	受け持ち	7531
うけもっ	受け持っ	7297
うけもつ	受け持つ	7207
うけやすい	受けやすい	6610
うけやすく	受けやすく	7040
うけよ	受けよ	6399
うけよう	受けよう	6390
うける	受ける	4795
うける	ウケる	6707
うける	うける	6764
うけれ	受けれ	6945
うけわたし	受け渡し	6610
うげん	右舷	7467
うこ	うこ	7309
うこん	ウコン	7234
うこん	右近	7533
うご	ウゴ	7360
うごい	動い	5312
うごか	動か	5521
うごかさ	動かさ	6349
うごかし	動かし	5424
うごかす	動かす	5493
うごかせ	動かせ	7418
うごかせない	動かせない	7366
うごかせる	動かせる	6554
うごかそ	動かそ	7118
うごかそう	動かそう	7111
うごかなくなっ	動かなくなっ	7272
うごき	動き	5006
うごきだし	動き出し	6273
うごきだし	動きだし	7456
うごきだす	動き出す	6479
うごきまわっ	動き回っ	6921
うごきまわり	動き回り	7328
うごきまわる	動き回る	6786
うごきやす	動きやす	7064
うごきやすい	動きやすい	6462
うごきやすく	動きやすく	6882
うごく	動く	5267
うごく	うごく	7419
うごけ	動け	6115
うごけなくなっ	動けなくなっ	7463
うごける	動ける	6318
うごこ	動こ	7197
うごこう	動こう	7195
うさ	うさ	6296
うさ	宇佐	7318
うさ	ウサ	7384
うさぎ	うさぎ	5736
うさぎ	ウサギ	5943
うさぎ	兎	6477
うさみ	宇佐美	6921
うさみ	宇佐見	7552
うさん	うさん	7503
うさんくさい	胡散臭い	6893
うざ	うざ	7212
うざ	ウザ	7543
うざい	うざい	6530
うざい	ウザい	6766
うざい	ウザイ	7226
うし	牛	5598
うし	うし	6252
うし	ウシ	6887
うし	丑	7166
うしお	潮	6318
うしく	牛久	7076
うしじま	牛島	7388
うしじま	ウシジマ	7403
うしない	失い	5978
うしなう	失う	5867
うしなっ	失っ	5494
うしなわ	失わ	5647
うしのひ	丑の日	7091
うしょく	う蝕	7567
うしろ	後ろ	5006
うしろ	後	5326
うしろ	うしろ	7309
うしろあし	後ろ足	6938
うしろがみ	後ろ髪	7256
うしろすがた	後ろ姿	6291
うしろすがた	後姿	7203
うしろだて	後ろ盾	7157
うしろづけ	後付け	6618
うしろむき	後ろ向き	6703
うしろめた	後ろめた	7357
うしろめたい	後ろめたい	7413
うしわか	牛若	7395
うじ	宇治	6483
うじ	うじ	6805
うじ	ウジ	6896
うじ	氏	7126
うじがみ	氏神	7209
うじこ	氏子	6870
うじゃうじゃ	うじゃうじゃ	7474
うす	薄	6360
うす	うす	6542
うす	臼	7044
うす	ウス	7556
うすあじ	薄味	6728
うすい	薄い	5367
うすい	雨水	6482
うすい	うすい	6969
うすい	臼井	7100
うすいいろ	薄い色	7263
うすいた	薄板	7392
うすいとうげ	碓氷峠	7505
うすいぴんく	薄いピンク	7472
うすうす	薄々	7074
うすかっ	薄かっ	6954
うすかわ	薄皮	6901
うすがた	薄型	6457
うすき	臼杵	7406
うすぎ	薄着	7025
うすぎり	薄切り	6163
うすく	薄く	5460
うすく	うすく	7219
うすくち	薄口	7126
うすぐらい	薄暗い	6566
うすぐらく	薄暗く	7010
うすげ	薄毛	6392
うすさ	薄さ	7095
うすたーそーす	ウスターソース	7069
うすちゃ	薄茶	7235
うすっぺらい	薄っぺらい	7104
うすで	薄手	6312
うすまく	薄膜	7248
うすまっ	薄まっ	7336
うすみどり	薄緑	7460
うすむらさき	薄紫	7172
うすめ	薄め	6383
うすめ	薄目	7431
うすめる	薄める	7394
うすやき	薄焼き	7204
うすよごれ	薄汚れ	7376
うすら	薄ら	7405
うすれ	薄れ	6294
うすれる	薄れる	7161
うず	渦	6246
うず	うず	6941
うず	右図	7338
うずうず	ウズウズ	7358
うずうず	うずうず	7398
うずくまっ	うずくまっ	7387
うずしお	渦潮	7417
うずべきすたん	ウズベキスタン	6951
うずまい	渦巻い	7229
うずまき	うずまき	7129
うずまき	渦巻き	7338
うずまき	渦巻	7529
うずまく	渦巻く	6983
うずまっ	埋まっ	7553
うずまり	埋まり	7132
うずめ	埋め	7377
うずもれ	埋もれ	6597
うずら	うずら	6744
うずら	ウズラ	7229
うせ	失せ	7097
うせ	うせ	7425
うせつ	右折	6195
うそ	嘘	5244
うそ	ウソ	6085
うそ	うそ	6372
うそく	右側	6515
うそだ	嘘だ	6775
うそっぷ	ウソップ	7031
うそつき	嘘つき	6623
うぞうむぞう	有象無象	7555
うた	歌	4886
うた	うた	5862
うた	打た	5900
うた	詩	6017
うた	撃た	6383
うた	唄	6466
うた	ウタ	6937
うた	討た	7290
うたい	歌い	5594
うたい	うたい	7234
うたい	唄い	7259
うたい	謡	7304
うたいあげ	歌い上げ	7105
うたいあげる	歌い上げる	7222
うたいて	歌い手	6559
うたいもんく	謳い文句	7272
うたいやすい	歌いやすい	7482
うたう	歌う	5493
うたう	うたう	6938
うたう	謳う	7014
うたう	唄う	7126
うたえ	歌え	6833
うたえる	歌える	6553
うたお	歌お	7049
うたおう	歌おう	7056
うたがい	疑い	5960
うたがう	疑う	6229
うたがっ	疑っ	6207
うたがっせん	歌合戦	6674
うたがわ	疑わ	6006
うたがわ	歌川	7427
うたがわしい	疑わしい	6774
うたき	御嶽	7158
うたげ	宴	6839
うたごえ	歌声	5739
うたたね	うたた寝	7392
うただ	宇多田	6992
うただ	歌だ	7292
うたっ	歌っ	5290
うたっ	謳っ	6629
うたっ	うたっ	6769
うたっ	唄っ	7123
うたて	転	6697
うたで	歌で	7563
うたな	歌な	7440
うたばんぐみ	歌番組	7541
うたひめ	歌姫	6633
うたびと	歌人	7040
うたわ	歌わ	6094
うたわ	謳わ	6921
うたわ	うたわ	7099
うたん	右端	6685
うだいじん	右大臣	7509
うだつ	うだつ	7455
うだる	うだる	7561
うち	うち	4493
うち	家	4747
うち	中	5496
うち	内	5564
うち	打ち	5721
うち	ウチ	5827
うち	撃ち	6250
うち	打	6963
うちあい	撃ち合い	7205
うちあい	打ち合い	7456
うちあけ	打ち明け	6556
うちあける	打ち明ける	6896
うちあげ	打ち上げ	5998
うちあげ	打上げ	7379
うちあげはなび	打ち上げ花火	7069
うちあげる	打ち上げる	7188
うちあわ	打ち合わ	7262
うちあわせ	打ち合わせ	6063
うちあわせ	打合せ	6722
うちいわい	内祝い	6797
うちうみ	内海	7496
うちかけ	打ち掛け	7289
うちかっ	打ち勝っ	7516
うちかつ	打ち勝つ	7121
うちかわ	内川	7490
うちがわ	内側	5652
うちき	内気	6990
うちきっ	打ち切っ	7504
うちきら	打ち切ら	7106
うちきり	打ち切り	6792
うちきる	打ち切る	7511
うちきん	内金	7544
うちくだか	打ち砕か	7529
うちけし	打ち消し	7005
うちけす	打ち消す	7142
うちこま	打ち込ま	7191
うちこみ	打ち込み	6473
うちこむ	打ち込む	6562
うちこめる	打ち込める	7369
うちこん	打ち込ん	6420
うちじに	討ち死に	7441
うちた	内田	6935
うちたて	打ち立て	7105
うちだ	内田	6162
うちださ	打ち出さ	7335
うちだし	打ち出し	6336
うちだす	打ち出す	6915
うちっぱなし	打ちっぱなし	7329
うちつけ	打ち付け	7334
うちづら	内面	7100
うちとけ	打ち解け	6937
うちとける	打ち解ける	7554
うちどめ	打ち止め	7422
うちなおし	打ち直し	7481
うちぬか	撃ち抜か	7558
うちの	内野	7463
うちのひと	うちの人	7516
うちのめさ	打ちのめさ	7217
うちばり	内張り	7090
うちぶろ	内風呂	7268
うちまき	内巻き	7345
うちまた	内股	7291
うちまわり	内回り	7443
うちみず	打ち水	7535
うちむき	内向き	7353
うちむら	内村	6781
うちもも	内もも	7566
うちやすい	打ちやすい	7461
うちやぶっ	打ち破っ	7392
うちやぶり	打ち破り	7500
うちやぶる	打ち破る	7252
うちやま	内山	6605
うちゅう	宇宙	5188
うちゅうかん	右中間	7243
うちゅうくうかん	宇宙空間	6975
うちゅうじん	宇宙人	6869
うちゅうせん	宇宙船	6416
うちゅうせんかんやまと	宇宙戦艦ヤマト	7182
うちゅうひこうし	宇宙飛行士	7337
うちゆ	内湯	6913
うちわ	うちわ	6184
うちわ	内輪	7011
うちわ	団扇	7046
うちわく	内枠	7504
うちわけ	内訳	6254
うっ	売っ	5150
うっ	打っ	5598
うっ	うっ	6228
うっ	撃っ	6233
うっ	討っ	7496
うっかり	うっかり	6104
うっくつ	鬱屈	7501
うっけつ	うっ血	7488
うっすら	うっすら	6250
うっすら	薄っすら	7119
うっず	ウッズ	7222
うっせ	うっせ	7356
うっそう	鬱蒼	7284
うったえ	訴え	5699
うったえかけ	訴えかけ	7252
うったえかける	訴えかける	7221
うったえる	訴える	6056
うっち	掟	7416
うってつけ	うってつけ	6790
うっでぃ	ウッディ	6956
うっとうしい	鬱陶しい	6854
うっとうしい	うっとうしい	7395
うっとり	うっとり	6427
うっとり	ウットリ	7550
うっど	ウッド	6151
うっどすとっく	ウッドストック	7544
うっどでっき	ウッドデッキ	6934
うっぷん	鬱憤	7350
うつ	打つ	5619
うつ	うつ	6228
うつ	鬱	6266
うつ	撃つ	6283
うつ	討つ	7134
うつうつ	鬱々	7554
うつぎ	ウツギ	7412
うつくし	美し	5340
うつくしい	美しい	4774
うつくしい	うつくしい	7390
うつくしいいろ	美しい色	7517
うつくしいうたごえ	美しい歌声	7546
うつくしいうみ	美しい海	7055
うつくしいえいぞう	美しい映像	7496
うつくしいけいかん	美しい景観	7311
うつくしいけしき	美しい景色	6674
うつくしいしぜん	美しい自然	6758
うつくしいしゃしん	美しい写真	7419
うつくしいしるえっと	美しいシルエット	7424
うつくしいじょせい	美しい女性	7105
うつくしいすがた	美しい姿	7188
うつくしいせかい	美しい世界	7476
うつくしいていえん	美しい庭園	7487
うつくしいでざいん	美しいデザイン	7156
うつくしいねいろ	美しい音色	7563
うつくしいはだ	美しい肌	7444
うつくしいはな	美しい花	7038
うつくしいひと	美しい人	7459
うつくしいびーち	美しいビーチ	7353
うつくしいふうけい	美しい風景	6970
うつくしいまち	美しい街	7478
うつくしかっ	美しかっ	6692
うつくしがはら	美ヶ原	7466
うつくしき	美しき	6768
うつくしく	美しく	5398
うつくしさ	美しさ	5434
うつさ	移さ	6647
うつさ	映さ	7081
うつさ	写さ	7391
うつさ	うつさ	7516
うつし	移し	5843
うつし	写し	6102
うつし	映し	6453
うつし	うつし	7015
うつしかえ	移し替え	7320
うつしださ	映し出さ	6329
うつしだし	映し出し	6937
うつしだす	映し出す	6853
うつす	移す	6252
うつす	映す	6733
うつす	写す	6826
うつす	うつす	7489
うつせる	移せる	7553
うつだ	内田	7545
うつっ	写っ	5721
うつっ	映っ	5896
うつっ	移っ	6118
うつっ	うつっ	7048
うつつ	現	7223
うつて	打つ手	7480
うつのみや	宇都宮	6138
うつのみやし	宇都宮市	7381
うつびょう	うつ病	6064
うつびょう	鬱病	7089
うつぶせ	うつ伏せ	6947
うつぶせ	うつぶせ	7487
うつぼ	ウツボ	7193
うつぼ	靭	7312
うつみ	内海	7222
うつむい	俯い	7105
うつむい	うつむい	7335
うつむき	うつむき	7559
うつら	映ら	6648
うつら	写ら	7155
うつら	移ら	7400
うつり	移り	6073
うつり	映り	6541
うつり	写り	6576
うつり	移	6929
うつり	うつり	7128
うつりかわっ	移り変わっ	7304
うつりかわり	移り変わり	6947
うつりかわる	移り変わる	7147
うつりこむ	映り込む	7367
うつりこん	映り込ん	7206
うつりこん	写り込ん	7266
うつりすみ	移り住み	7364
うつりすん	移り住ん	7044
うつる	映る	6010
うつる	移る	6334
うつる	写る	6599
うつる	うつる	7016
うつろ	虚ろ	7310
うつろ	うつろ	7467
うつろい	移ろい	7298
うつろう	移ろう	7521
うつわ	器	5641
うつわ	うつわ	6753
うて	打て	6619
うて	うて	7333
うて	撃て	7398
うてる	打てる	6352
うてる	撃てる	6999
うてん	雨天	6196
うてんじ	雨天時	7115
うてんちゅうし	雨天中止	7564
うてんのばあい	雨天の場合	7371
うで	腕	5241
うできき	腕利き	7541
うでぐみ	腕組み	7365
うでずもう	腕相撲	7488
うでたて	腕立て	7458
うでたてふせ	腕立て伏せ	7048
うでだめし	腕試し	7493
うでどけい	腕時計	5995
うでまえ	腕前	6554
うでまわり	腕周り	7517
うでわ	腕輪	6899
うとい	疎い	6905
うとう	打とう	7274
うとうと	ウトウト	7100
うとうと	うとうと	7146
うとは	うとは	6602
うとま	疎ま	7405
うとみや	宇都宮	7487
うとも	うとも	6876
うど	ウド	6044
うど	うど	7094
うどう	有働	7463
うどん	うどん	5233
うどんこ	うどんこ	7476
うな	ウナ	7297
うながさ	促さ	6630
うながし	促し	5942
うながす	促す	5792
うなぎ	うなぎ	5977
うなぎ	鰻	6287
うなぎ	ウナギ	6477
うなぎや	鰻屋	7490
うなされ	うなされ	7514
うなじ	項	6347
うなじ	うなじ	7067
うなじゅう	うな重	7139
うなずい	頷い	6557
うなずい	うなずい	7080
うなずき	頷き	7109
うなずき	うなずき	7338
うなずく	頷く	6766
うなずく	うなずく	7302
うなずけ	頷け	7320
うなずけ	うなずけ	7540
うなずける	頷ける	7236
うなずける	うなずける	7508
うなっ	唸っ	7076
うなづき	宇奈月	7521
うなどん	うな丼	7478
うなばら	海原	7048
うなら	唸ら	7216
うなり	唸り	7230
うなり	うなり	7378
うなる	唸る	7050
うなる	うなる	7567
うに	ウニ	6264
うに	うに	6397
うに	雲丹	7098
うぬぼれ	自惚れ	7509
うね	畝	6899
うねうね	うねうね	7455
うねっ	うねっ	7522
うねり	うねり	6799
うねり	ウネリ	7419
うねる	うねる	7394
うの	宇野	6486
うの	うの	7043
うの	ウノ	7504
うのう	右脳	7012
うのはな	卯の花	7561
うのみ	鵜呑み	6669
うは	右派	7204
うは	うは	7279
うはうは	ウハウハ	7506
うば	乳母	7427
うば	姥	7542
うばい	奪い	6288
うばいあい	奪い合い	7422
うばいあう	奪い合う	7341
うばいとっ	奪い取っ	7442
うばいとる	奪い取る	7478
うばう	奪う	6065
うばえ	奪え	7258
うばえる	奪える	7463
うばお	奪お	7202
うばおう	奪おう	7192
うばっ	奪っ	5957
うばわ	奪わ	5758
うふ	うふ	7271
うふふ	うふふ	7152
うぶ	初	5908
うぶ	初心	7004
うぶ	産	7105
うぶ	うぶ	7432
うぶげ	産毛	6978
うぶごえ	産声	7272
うぶど	ウブド	7372
うへん	右辺	7244
うべ	宇部	7021
うま	馬	5271
うま	ウマ	5830
うま	うま	6149
うま	美味	6753
うま	産ま	6891
うま	旨	6931
うま	生ま	7102
うま	午	7189
うまい	うまい	5520
うまい	上手い	5654
うまい	美味い	5809
うまい	旨い	6063
うまい	甘い	6550
うまい	ウマい	6974
うまい	ウマイ	7283
うまい	巧い	7414
うまいぐあい	うまい具合	7470
うまいひと	上手い人	7171
うまいひと	うまい人	7409
うまいびと	上手い人	7109
うまいぼう	うまい棒	7127
うまかっ	美味かっ	6656
うまかっ	うまかっ	6794
うまかっ	上手かっ	7051
うまかっ	旨かっ	7145
うまから	旨辛	7037
うまく	うまく	4877
うまく	上手く	5115
うまく	美味く	7162
うまく	甘く	7283
うまく	旨く	7284
うまく	巧く	7417
うまさ	旨さ	6968
うまさ	甘さ	7170
うまし	うまし	7373
うまし	旨し	7436
うますぎ	うますぎ	7445
うまそう	うまそう	7426
うまたち	馬たち	7324
うまっ	埋まっ	6056
うまっ	うまっ	7555
うまぬし	馬主	7467
うまのせ	馬の背	7535
うまのり	馬乗り	7529
うまば	馬場	7394
うまみ	旨味	5644
うまみ	甘み	5833
うまみ	旨み	5939
うまみ	うまみ	6442
うまみ	甘味	6455
うまみ	うま味	6515
うまむすめ	ウマ娘	6682
うまや	厩	7198
うまら	埋まら	7531
うまり	埋まり	7068
うまる	埋まる	6787
うまる	うまる	7463
うまれ	生まれ	4728
うまれ	生	5469
うまれ	産まれ	6015
うまれ	うまれ	6848
うまれ	生れ	7033
うまれかわっ	生まれ変わっ	6378
うまれかわら	生まれ変わら	7327
うまれかわり	生まれ変わり	6510
うまれかわる	生まれ変わる	6659
うまれこきょう	生まれ故郷	7189
うまれそだち	生まれ育ち	7221
うまれそだっ	生まれ育っ	6709
うまれたて	生まれたて	7251
うまれつき	生まれつき	6876
うまれながら	生まれながら	6883
うまれもっ	生まれ持っ	7553
うまれやすい	生まれやすい	7544
うまれる	生まれる	5478
うまれる	産まれる	6922
うまれる	うまれる	7447
うみ	海	5036
うみ	うみ	6402
うみ	生み	6450
うみ	産み	6547
うみ	ウミ	7290
うみ	膿	7299
うみ	海未	7560
うみうし	ウミウシ	7177
うみがめ	ウミガメ	6720
うみがわ	海側	6732
うみぞい	海沿い	6560
うみださ	生み出さ	6213
うみだし	生み出し	5641
うみだし	生みだし	7382
うみだし	産み出し	7534
うみだす	生み出す	5699
うみだす	生みだす	7495
うみだせる	生み出せる	6995
うみづり	海釣り	7196
うみと	海斗	7488
うみねこ	うみねこ	7488
うみねこ	ウミネコ	7561
うみの	海野	7567
うみのうえ	海の上	7526
うみのおや	生みの親	7529
うみのさち	海の幸	7139
うみのそこ	海の底	7565
うみのひ	海の日	7196
うみびらき	海開き	7495
うみぶどう	海ぶどう	7528
うみべ	海辺	6317
うむ	有無	5446
うむ	生む	6123
うむ	産む	6381
うむ	うむ	6755
うめ	梅	5628
うめ	埋め	5880
うめ	うめ	6373
うめ	ウメ	7008
うめ	産め	7467
うめえ	甘え	7381
うめき	うめき	7367
うめき	呻き	7535
うめこ	梅子	7275
うめこま	埋め込ま	6646
うめこみ	埋め込み	6288
うめこみこんてんつ	埋め込みコンテンツ	7405
うめこむ	埋め込む	6790
うめこん	埋め込ん	6844
うめざわ	梅澤	7540
うめしゅ	梅酒	6648
うめず	梅酢	7260
うめた	梅田	6778
うめたて	埋め立て	7076
うめたて	埋立	7278
うめたてち	埋立地	7360
うめだ	梅田	6316
うめつくさ	埋め尽くさ	6856
うめつくし	埋め尽くし	7258
うめつくす	埋め尽くす	7251
うめづ	梅津	7434
うめの	梅野	7268
うめのはな	梅の花	7237
うめはら	梅原	7327
うめぼし	梅干し	6257
うめぼし	梅干	7177
うめみや	梅宮	7337
うめむら	梅村	7511
うめる	埋める	6126
うもう	羽毛	6546
うもれ	埋もれ	6770
うもれる	埋もれる	7368
うやまい	敬い	7405
うやまう	敬う	7254
うゆに	ウユニ	7450
うよきょくせつ	紆余曲折	6724
うよく	右翼	6477
うら	裏	4935
うら	売ら	5744
うら	浦	6417
うら	うら	6427
うら	ウラ	6566
うらうち	裏打ち	6858
うらおもて	裏表	6400
うらかた	裏方	6630
うらがえし	裏返し	6469
うらがえす	裏返す	7243
うらがね	裏金	6747
うらがわ	裏側	5635
うらきもう	裏起毛	7490
うらぎっ	裏切っ	6541
うらぎら	裏切ら	6166
うらぎり	裏切り	6565
うらぎりもの	裏切り者	6850
うらぎる	裏切る	6651
うらぐち	裏口	7070
うらけ	裏毛	7545
うらごえ	裏声	7133
うらごし	裏ごし	7275
うらしま	浦島	6867
うらじ	裏地	6163
うらじおすとく	ウラジオストク	7447
うらせんけ	裏千家	7507
うらそえ	浦添	7072
うらづけ	裏付け	6922
うらづける	裏付ける	6909
うらて	裏手	6611
うらどおり	裏通り	7291
うらない	占い	5714
うらない	占	6841
うらないし	占い師	6040
うらなう	占う	6727
うらなっ	占っ	6657
うらにわ	裏庭	6948
うらの	浦野	7477
うらはら	裏腹	6492
うらばなし	裏話	6454
うらびょうし	裏表紙	7162
うらぶた	裏蓋	6989
うらま	恨ま	7128
うらみ	恨み	6590
うらみち	裏道	7185
うらむ	恨む	7145
うらむき	裏向き	7460
うらめ	裏目	7479
うらめにで	裏目に出	7340
うらめん	裏面	6789
うらやす	浦安	6727
うらやま	裏山	6912
うらやまし	羨まし	6918
うらやまし	うらやまし	7462
うらやましい	羨ましい	5986
うらやましい	うらやましい	6509
うらやましかっ	羨ましかっ	7362
うらやましく	羨ましく	6820
うらやましく	うらやましく	7380
うらやむ	羨む	7387
うらら	うらら	6790
うらら	麗	6876
うららか	うららか	7564
うらわ	浦和	6334
うらわざ	裏技	6441
うらわざ	裏ワザ	7285
うらわれっず	浦和レッズ	6935
うらをかえせ	裏を返せ	7083
うらん	ウラン	6847
うらん	恨ん	6894
うり	売り	5314
うり	売	6361
うり	うり	6418
うり	ウリ	6439
うり	瓜	6744
うりあげ	売上	5259
うりあげ	売り上げ	6063
うりあげ	売上げ	6899
うりあげきん	売上金	7134
うりあげだか	売上高	6060
うりかい	売り買い	7363
うりかけ	売掛	7311
うりかけきん	売掛金	6952
うりきり	売り切り	7335
うりきれ	売り切れ	5461
うりきれ	売切れ	6828
うりきれる	売り切れる	6809
うりこ	売り子	7048
うりこみ	売り込み	7254
うりこむ	売り込む	7215
うりこん	売り込ん	7474
うりださ	売り出さ	7314
うりだし	売り出し	6768
うりだす	売り出す	7269
うりて	売り手	6647
うりにし	売りにし	7552
うりにださ	売りに出さ	7419
うりにだし	売りに出し	7489
うりぬし	売り主	6617
うりね	売値	7225
うりば	売り場	5900
うりば	売場	6348
うりもの	売り物	6951
うりょう	雨量	6813
うる	売る	5670
うる	うる	5761
うる	ウル	6820
うる	得る	6854
うるうる	うるうる	7088
うるうる	ウルウル	7299
うるおい	うるおい	6358
うるおい	潤い	6516
うるおう	潤う	7138
うるおし	潤し	7177
うるおす	潤す	7273
うるおっ	潤っ	7129
うるか	うるか	7541
うるぐあい	ウルグアイ	7107
うるさ	うるさ	7349
うるさい	うるさい	5885
うるさい	煩い	7336
うるさかっ	うるさかっ	7201
うるさく	うるさく	6465
うるさん	蔚山	7453
うるし	漆	6347
うるし	うるし	7401
うるしぬり	漆塗り	7331
うるせいやつら	うる星やつら	7187
うるせぇ	うるせぇ	7287
うるせえ	うるせえ	7511
うるせー	うるせー	7465
うるちまい	うるち米	7518
うると	ウルト	7475
うるとら	ウルトラ	6043
うるとらまん	ウルトラマン	6025
うるふ	ウルフ	6454
うるまし	うるま市	6964
うるわし	麗し	7501
うるわしい	麗しい	7370
うるん	潤ん	7454
うるゔぁりん	ウルヴァリン	7277
うれ	売れ	5548
うれ	うれ	6907
うれ	得れ	6931
うれい	憂い	7119
うれし	嬉し	5642
うれし	うれし	6412
うれし	嬉	7191
うれしい	嬉しい	4507
うれしい	うれしい	5280
うれしいおしらせ	嬉しいお知らせ	7453
うれしいきもち	嬉しい気持ち	6897
うれしいくちこみ	嬉しい口コミ	6950
うれしいこうか	嬉しい効果	7539
うれしいことば	嬉しい言葉	7509
うれしいさーびす	嬉しいサービス	7556
うれしいにゅーす	嬉しいニュース	7523
うれしいぽいんと	嬉しいポイント	6419
うれしいぽいんと	うれしいポイント	7053
うれしかっ	嬉しかっ	5349
うれしかっ	うれしかっ	6172
うれしく	嬉しく	5418
うれしく	うれしく	6185
うれしさ	嬉しさ	6486
うれしそう	嬉しそう	6153
うれしそう	うれしそう	7034
うれしの	嬉野	7291
うれすじ	売れ筋	6595
うれそう	売れそう	7346
うれたん	ウレタン	6320
うれっこ	売れっ子	6984
うれのこっ	売れ残っ	7133
うれのこり	売れ残り	7437
うれゆき	売れ行き	6739
うれる	売れる	5843
うれれ	売れれ	7537
うろ	売ろ	7041
うろ	虚	7228
うろ	うろ	7341
うろう	売ろう	7036
うろうろ	ウロウロ	6524
うろうろ	うろうろ	6753
うろおぼえ	うろ覚え	6838
うろこ	鱗	6282
うろこ	ウロコ	6625
うろこ	うろこ	6893
うろつい	うろつい	7240
うわ	うわ	6108
うわあご	上顎	6985
うわがき	上書き	6222
うわがわ	上側	6637
うわき	浮気	5629
うわきあいて	浮気相手	7084
うわきちょうさ	浮気調査	7507
うわぎ	上着	6329
うわくちびる	上唇	7311
うわさ	噂	5289
うわさ	うわさ	6663
うわさ	ウワサ	6758
うわさばなし	噂話	6964
うわじま	宇和島	6962
うわずみ	上澄み	7422
うわっ	うわっ	7226
うわっ	植わっ	7391
うわづみ	上積み	7424
うわぬり	上塗り	6903
うわね	上値	7361
うわの	上野	6784
うわのせ	上乗せ	6210
うわばき	上履き	6927
うわべ	うわべ	7529
うわまわっ	上回っ	6216
うわまわり	上回り	6709
うわまわる	上回る	5869
うわむい	上向い	7451
うわむき	上向き	6888
うわめづかい	上目遣い	7258
うわや	上屋	7509
うわん	右腕	6842
うん	運	5242
うん	うん	5475
うん	雲	5692
うん	産ん	6107
うん	生ん	6152
うん	云	6415
うん	ウン	6642
うんえい	運営	4639
うんえいがいしゃ	運営会社	6548
うんえいがわ	運営側	7110
うんえいしゃ	運営者	7126
うんえいじょう	運営上	7054
うんかい	雲海	6666
うんが	運河	6372
うんき	運気	6089
うんきゅう	運休	6503
うんげー	運ゲー	7174
うんこ	うんこ	6488
うんこ	ウンコ	6867
うんこう	運行	5492
うんこう	運航	6146
うんざり	うんざり	6462
うんざり	ウンザリ	7131
うんし	運指	7271
うんしだい	運次第	7487
うんしゅう	温州	7295
うんせい	運勢	6187
うんぜん	雲仙	7196
うんそう	運送	5929
うんそうがいしゃ	運送会社	7493
うんだい	雲台	7146
うんちく	うんちく	7274
うんちく	ウンチク	7537
うんちん	運賃	6019
うんてん	運転	4707
うんてんし	運転士	7250
うんてんしゃ	運転者	7111
うんてんしゅ	運転手	5913
うんてんせき	運転席	6686
うんてんせきがわ	運転席側	7363
うんてんちゅう	運転中	6841
うんてんめんきょ	運転免許	7225
うんてんめんきょしょう	運転免許証	6855
うんでいのさ	雲泥の差	7089
うんと	うんと	7490
うんどう	運動	4737
うんどうかい	運動会	5717
うんどうこうえん	運動公園	6721
うんどうしゅうかん	運動習慣	7357
うんどうしんけい	運動神経	6949
うんどうじょう	運動場	6564
うんどうのうりょく	運動能力	7167
うんどうぶ	運動部	7191
うんどうぶそく	運動不足	6824
うんどうりょう	運動量	6507
うんどうりょうほう	運動療法	7311
うんなん	雲南	7235
うんぬん	云々	6144
うんぬん	うんぬん	6989
うんの	海野	7515
うんぱん	運搬	5963
うんめい	運命	5403
うんめいてき	運命的	7071
うんめいのひと	運命の人	7072
うんゆ	運輸	6238
うんゆしょう	運輸省	7371
うんよう	運用	4908
うんようほうほう	運用方法	7348
うー	ウー	6394
うーばーいーつ	ウーバーイーツ	7182
うーぱーるーぱー	ウーパールーパー	7368
うーふぁ	ウーファ	7429
うーまん	ウーマン	6934
うーむ	うーむ	6976
うーる	ウール	6147
うーろんちゃ	烏龍茶	7032
うーろんちゃ	ウーロン茶	7139
うーん	うーん	5802
ぇ	ぇ	5370
え	絵	4832
え	得	4868
え	柄	5955
え	え	6075
え	獲	6461
え	画	6791
え	江	7466
えあ	エア	5535
えあがん	エアガン	6970
えあこん	エアコン	5317
えあこんくりーにんぐ	エアコンクリーニング	7547
えあさす	エアサス	7376
えあばす	エアバス	7313
えあばっぐ	エアバッグ	6951
えあぶらし	エアブラシ	7340
えあぷ	エアプ	7102
えあぽーと	エアポート	7010
えあらいん	エアライン	7003
えありす	エアリス	7547
えありー	エアリー	7342
えあれーしょん	エアレーション	7480
えあろ	エアロ	6199
えあろびくす	エアロビクス	7528
えあー	エアー	6612
えい	英	5928
えい	エイ	6402
えい	えい	6435
えい	栄	6606
えい	永	7045
えい	詠	7218
えい	映	7257
えい	榮	7300
えいあーるしー	ARC	7246
えいい	鋭意	7189
えいいち	栄一	6734
えいいちろう	栄一郎	7415
えいいちろう	英一郎	7499
えいえすえい	ASA	7462
えいえすぴー	ASP	6824
えいえぬえい	ANA	7311
えいえふしー	AFC	7272
えいえふぴー	AFP	7346
えいえん	永遠	5664
えいかいわ	英会話	5860
えいかく	鋭角	7076
えいかん	栄冠	6866
えいが	映画	4308
えいが	栄華	7211
えいがおんがく	映画音楽	7543
えいがか	映画化	6836
えいがかん	映画館	5827
えいがかんしょう	映画鑑賞	7128
えいがかんとく	映画監督	6994
えいがさい	映画祭	7322
えいがばん	映画版	7178
えいがみ	映画見	7557
えいき	英樹	7335
えいきゅう	永久	6318
えいきゅうし	永久歯	6982
えいきゅうてき	永久的	7462
えいきょう	影響	4365
えいきょうりょく	影響力	6416
えいぎょう	営業	4496
えいぎょうかつどう	営業活動	6848
えいぎょうさいかい	営業再開	7500
えいぎょうしょ	営業所	6892
えいぎょうしょく	営業職	6736
えいぎょうじかん	営業時間	6014
えいぎょうじかんがい	営業時間外	7414
えいぎょうじかんない	営業時間内	7338
えいぎょうせいせき	営業成績	7560
えいぎょうたんとう	営業担当	7324
えいぎょうたんとうしゃ	営業担当者	7530
えいぎょうちゅう	営業中	6672
えいぎょうでんわ	営業電話	7504
えいぎょうび	営業日	6936
えいぎょうぶ	営業部	6637
えいぎょうぶもん	営業部門	7511
えいぎょうまん	営業マン	6987
えいぎょうりえき	営業利益	7074
えいぎょうりょく	営業力	7434
えいくらなな	榮倉奈々	7552
えいけつ	英傑	7109
えいけん	英検	6198
えいこ	A子	6605
えいこ	栄子	7072
えいこう	栄光	6249
えいこく	英国	5802
えいご	英語	4616
えいご	A5	7301
えいごがくしゅう	英語学習	6880
えいごきょういく	英語教育	7365
えいごけん	英語圏	7122
えいごばん	英語版	6516
えいごひょうき	英語表記	7294
えいごひょうげん	英語表現	7473
えいごりょく	英語力	6155
えいさい	英才	7278
えいさく	栄作	7481
えいさー	エイサー	7202
えいざん	叡山	7445
えいしゃ	映写	7500
えいしょう	詠唱	6495
えいじ	英字	6883
えいじ	英二	6905
えいじ	エイジ	7243
えいじ	英治	7284
えいじ	衛二	7513
えいじ	栄治	7525
えいじゅ	英寿	7473
えいじゅう	永住	6611
えいじゅうけん	永住権	7542
えいじんぐ	エイジング	6804
えいじんぐけあ	エイジングケア	6821
えいすう	英数	7131
えいすうじ	英数字	6789
えいず	エイズ	6815
えいせい	衛生	5444
えいせい	衛星	5881
えいせい	永世	7453
えいせいかんり	衛生管理	7103
えいせいし	衛生士	6371
えいせいてき	衛生的	6673
えいせいほうそう	衛星放送	7313
えいせいめん	衛生面	6845
えいそう	営巣	7229
えいぞう	映像	4743
えいぞうか	映像化	7521
えいぞうさくひん	映像作品	7065
えいぞうせいさく	映像制作	7302
えいぞうび	映像美	7563
えいぞく	永続	6296
えいぞくてき	永続的	6925
えいた	瑛太	7168
えいた	永田	7547
えいたい	永代	6775
えいたんご	英単語	6329
えいだ	永田	7482
えいだん	英断	7429
えいち	叡智	6929
えいち	英知	7225
えいちあいぶい	HIV	6839
えいちけーてぃーふぉーてぃーえいと	HKT48	7342
えいちつー	H2	7021
えいちぴー	HP	5094
えいてぃー	AT	5940
えいてぃーえす	ATS	7401
えいてぃーえむ	ATM	6175
えいてぃーしー	ATC	7357
えいでぃー	AD	6149
えいと	エイト	6473
えいど	エイド	7232
えいねん	永年	7309
えいの	永野	7307
えいのう	営農	6988
えいびん	鋭敏	7373
えいびー	AB	6991
えいびーしー	ABC	6473
えいびーしーてれび	ABCテレビ	7537
えいぴー	AP	6180
えいぶい	AV	6239
えいぶん	英文	5996
えいぶんぽう	英文法	7469
えいぷりるふーる	エイプリルフール	7053
えいへい	衛兵	7121
えいへいじ	永平寺	7397
えいべっくす	エイベックス	7463
えいみん	永眠	7312
えいみー	エイミー	7473
えいむ	エイム	6876
えいめい	英名	7446
えいやく	英訳	6803
えいゆう	英雄	5754
えいよ	栄誉	6658
えいよう	栄養	5166
えいようか	栄養価	6299
えいようがく	栄養学	6861
えいようざい	栄養剤	7312
えいようし	栄養士	5986
えいようしっちょう	栄養失調	7295
えいようせいぶん	栄養成分	7282
えいようそ	栄養素	5840
えいようぶそく	栄養不足	7462
えいようぶん	栄養分	6926
えいようほうふ	栄養豊富	7330
えいようほきゅう	栄養補給	7372
えいようまんてん	栄養満点	7309
えいようめん	栄養面	7436
えいり	営利	6079
えいり	鋭利	7038
えいりあす	エイリアス	7198
えいりあん	エイリアン	6396
えいりもくてき	営利目的	7343
えいれい	英霊	6901
えいわ	英和	7529
えうれか	エウレカ	7349
えぇ	えぇ	6518
ええ	ええ	5582
ええ	エエ	7011
ええやん	ええやん	6622
えおるぜあ	エオルゼア	7338
えかき	絵描き	6283
えかき	絵かき	6643
えが	エガ	7528
えがい	描い	5296
えがお	笑顔	4871
えがお	えがお	7189
えがおいっぱい	笑顔いっぱい	7455
えがか	描か	5574
えがき	描き	5716
えがきだし	描き出し	6988
えがきだす	描き出す	7031
えがく	描く	5559
えがける	描ける	6548
えがこ	描こ	6961
えがしら	江頭	7486
えがら	絵柄	5960
えがわ	江川	7057
えき	駅	4297
えき	液	5384
えき	役	5916
えき	益	6581
えき	易	6889
えき	場	7441
えきいん	駅員	6595
えきか	液化	6938
えきか	腋窩	7535
えきかん	駅間	6582
えきがく	疫学	6922
えきこうない	駅構内	7080
えきさいてぃんぐ	エキサイティング	6734
えきさいと	エキサイト	7123
えきざい	液剤	7465
えきしびしょん	エキシビション	7162
えきしゃ	駅舎	6113
えきしゅうへん	駅周辺	6854
えきしょう	液晶	5792
えきしょうがめん	液晶画面	7350
えきじょう	液状	6664
えきす	エキス	6033
えきすとら	エキストラ	6692
えきすぱーと	エキスパート	6342
えきすぽ	エキスポ	7191
えきせんとりっく	エキセントリック	7356
えきぞちっく	エキゾチック	6803
えきたい	液体	5655
えきちか	駅近	7372
えきちかく	駅近く	7494
えきちょう	駅長	7003
えきで	駅で	7302
えきでん	駅伝	6025
えきなか	駅ナカ	7438
えきぱい	エキパイ	7412
えきひ	液肥	7171
えきびょう	疫病	7036
えきびる	駅ビル	7441
えきべん	駅弁	6524
えきまえ	駅前	5444
えきまえてん	駅前店	6672
えきまえどおり	駅前通り	7477
えきまえひろば	駅前広場	7560
えきむ	役務	6640
えきめい	駅名	6559
えきめん	液面	7518
えきもれ	液漏れ	7158
えぎ	エギ	6848
えぎんぐ	エギング	6931
えく	エク	7353
えくあどる	エクアドル	7075
えくいてぃ	エクイティ	7324
えくささいず	エクササイズ	6226
えくしあ	エクシア	7497
えくしぶ	エクシブ	7501
えくしーず	エクシーズ	6998
えくすかりばー	エクスカリバー	7368
えくすて	エクステ	6518
えくすてりあ	エクステリア	6415
えくすてんしょん	エクステンション	7100
えくすとら	エクストラ	7202
えくすとらでっき	エクストラデッキ	7453
えくすとりーむ	エクストリーム	7074
えくすとれいる	エクストレイル	7390
えくすぷれす	エクスプレス	6396
えくすぷろーら	エクスプローラ	7340
えくすぷろーらー	エクスプローラー	7048
えくすぺりえんす	エクスペリエンス	6819
えくすぽーと	エクスポート	6342
えくせる	エクセル	6326
えくそ	EXO	7139
えくそしすと	エクソシスト	7479
えくそそーむ	エクソソーム	7257
えくりぷす	エクリプス	7548
えくれあ	エクレア	7221
えぐ	エグ	7346
えぐ	えぐ	7479
えぐい	エグい	6719
えぐい	えぐい	6881
えぐぜくてぃぶ	エグゼクティブ	6725
えぐち	江口	6585
えげつない	えげつない	6928
えこ	エコ	5467
えこう	回向	7465
えこきゅーと	エコキュート	7293
えこしすてむ	エコシステム	7380
えこだ	江古田	7535
えこのみすと	エコノミスト	7129
えこのみー	エコノミー	6546
えこばっぐ	エコバッグ	6929
えころじー	エコロジー	7366
えこんて	絵コンテ	7455
えこー	エコー	6537
えご	エゴ	6479
えごいすと	エゴイスト	7539
えごころ	絵心	7207
えごさ	エゴサ	7457
えごま	エゴマ	7334
えごま	えごま	7501
えさ	餌	5525
えさ	エサ	5794
えさ	えさ	6896
えさやり	餌やり	7442
えざき	江崎	7536
えし	絵師	6371
えし	壊死	6823
えしかる	エシカル	7037
えしゃく	会釈	7109
えじき	餌食	7039
えじそん	エジソン	7101
えじぷと	エジプト	5946
えす	エス	7388
えすいーしー	SEC	7221
えすえい	SA	6320
えすえいち	SH	6703
えすえす	SS	6076
えすえすてぃー	SST	7313
えすえふ	SF	5863
えすえふしー	SFC	6723
えすえる	SL	6194
えすおー	SO	6813
えすおーえす	SOS	6778
えすかれーしょん	エスカレーション	7550
えすかれーた	エスカレータ	7566
えすかれーたー	エスカレーター	6322
えすかれーと	エスカレート	6756
えすくらす	Sクラス	7380
えすけーいーふぉーてぃーえいと	SKE48	7232
えすけーぷ	エスケープ	6850
えすこん	エスコン	7488
えすこんふぃーるど	エスコンフィールド	7406
えすこーと	エスコート	6971
えすじ	S字	6934
えすじー	SG	6424
えすて	エステ	5930
えすてぃーあい	STI	7158
えすてさろん	エステサロン	7260
えすててぃしゃん	エステティシャン	7068
えすててぃっく	エステティック	7506
えすてる	エステル	6613
えすと	エスト	7548
えすとにあ	エストニア	7016
えすとろげん	エストロゲン	6911
えすにっく	エスニック	6847
えすぱるす	エスパルス	7085
えすぱー	エスパー	6980
えすびーえす	SBS	6836
えすぴー	SP	5607
えすぷり	エスプリ	7539
えすぷれっそ	エスプレッソ	6510
えず	絵図	6718
えせ	エセ	7244
えせ	似非	7504
えぞ	蝦夷	6788
えぞしか	エゾシカ	7424
えたい	得体	6932
えたのーる	エタノール	6600
えだ	枝	5499
えだ	絵だ	7404
えだ	江田	7500
えだげ	枝毛	7513
えださき	枝先	7462
えだの	枝野	7275
えだは	枝葉	7187
えだまめ	枝豆	6192
えだわかれ	枝分かれ	7011
えち	愛知	6700
えちおぴあ	エチオピア	6733
えちけっと	エチケット	6908
えちご	越後	6557
えちぜん	越前	6642
えちゅーど	エチュード	7262
えちる	エチル	7374
えちれん	エチレン	7230
えっ	えっ	5984
えっ	彫っ	7068
えっ	エッ	7159
えっきょう	越境	6631
えっくす	エックス	6757
えっくすせん	X線	6389
えっくすせん	エックス線	7461
えっぐ	エッグ	6389
えっけん	謁見	7219
えっじ	エッジ	5943
えっせい	エッセイ	6020
えっせいすと	エッセイスト	7328
えっせんしゃるおいる	エッセンシャルオイル	6980
えっせんす	エッセンス	6217
えっせー	エッセー	7287
えっち	エッチ	6570
えっちつー	H2	7136
えっちでぃーでぃー	HDD	6012
えっちぴー	HP	5781
えっちゅう	越中	7455
えっちんぐ	エッチング	6711
えっとう	越冬	6579
えっふぇるとう	エッフェル塔	7019
えつ	越	6523
えつ	悦	7049
えつ	えつ	7491
えつけ	絵付け	6861
えつこ	悦子	6939
えつぜん	越前	7460
えつらん	閲覧	5121
えつらんかのう	閲覧可能	7048
えつらんしゃ	閲覧者	7490
えつらんすう	閲覧数	7179
えつらんちゅうい	閲覧注意	7492
えづけ	餌付け	7208
えづら	絵面	7403
えて	得て	5327
えて	えて	7377
えて	得手	7378
えてがみ	絵手紙	7083
えでぃ	エディ	7092
えでぃおん	エディオン	7322
えでぃしょん	エディション	6532
えでぃた	エディタ	6327
えでぃたー	エディター	6626
えでぃっと	エディット	7400
えでぃんばら	エディンバラ	7460
えでん	エデン	6815
えと	干支	6536
えとう	江藤	7104
えとう	江東	7251
えとう	衛藤	7490
えとう	遠藤	7528
えとく	会得	7128
えとわーる	エトワール	7467
えど	江戸	5220
えど	エド	6671
えどがわ	江戸川	6581
えどがわく	江戸川区	7400
えどがー	エドガー	7440
えどき	江戸期	7526
えどじだい	江戸時代	5914
えどじょう	江戸城	7002
えどばくふ	江戸幕府	7318
えどまえ	江戸前	7088
えどわーど	エドワード	6649
えな	えな	7037
えな	恵那	7321
えな	絵名	7442
えな	絵な	7560
えなくなっ	得なくなっ	7554
えなじー	エナジー	6302
えなじーどりんく	エナジードリンク	7508
えなめる	エナメル	6580
えにし	縁	6096
えにたいむふぃっとねす	エニタイムフィットネス	7546
えにっき	絵日記	7034
えにっくす	エニックス	6935
えになり	絵になり	7527
えになる	絵になる	7101
えにわ	恵庭	7446
えぬいーしー	NEC	6485
えぬえいちけい	NHK	5746
えぬえいちけいこうはくうたがっせん	NHK紅白歌合戦	7368
えぬえすしー	NSC	7213
えぬえっちけい	NHK	5746
えぬえむあーる	NMR	7505
えぬえむびーふぉーてぃーえいと	NMB48	7254
えぬきょう	N響	7546
えぬけい	NK	7402
えぬげーじ	Nゲージ	7111
えぬじー	NG	5666
えぬじーおー	NGO	6672
えぬてぃーてぃー	NTT	6100
えぬてぃーてぃーでーた	NTTデータ	7146
えぬてぃーてぃーどこも	NTTドコモ	6883
えぬびでぃあ	エヌビディア	7337
えぬびーえい	NBA	6362
えぬびーしー	NBC	7258
えぬぴーおー	NPO	5837
えね	エネ	6414
えねみー	エネミー	7038
えねる	エネル	7513
えねるぎ	エネルギ	5680
えねるぎっしゅ	エネルギッシュ	6722
えねるぎー	エネルギー	4935
えねるぎーげん	エネルギー源	7122
えのき	えのき	6604
えのき	エノキ	7118
えのき	榎木	7510
えのきもと	榎本	7485
えのぐ	絵の具	6186
えのぐ	絵具	6804
えのしま	江の島	6897
えのしま	江ノ島	6946
えのでん	江ノ電	7079
えのもと	榎本	7223
えはがき	絵葉書	7048
えはがき	絵はがき	7336
えはら	江原	7341
えば	エバ	7257
えばら	江原	7217
えひがし	江東	7360
えひめ	愛媛	6161
えひめ	えひめ	7184
えひめけん	愛媛県	6107
えひめだいがく	愛媛大学	7421
えび	エビ	5603
えび	海老	5923
えび	えび	6115
えびす	恵比寿	6480
えびす	胡	6721
えびす	えびす	6926
えびす	夷	7131
えびす	エビス	7428
えびす	戎	7502
えびぞう	海老蔵	6958
えびてん	海老天	7414
えびでんす	エビデンス	6463
えびな	海老名	6812
えびはら	海老原	7401
えびふらい	エビフライ	7143
えぴ	エピ	7179
えぴそーど	エピソード	5205
えぴっく	エピック	7129
えぴろーぐ	エピローグ	6976
えふあいえい	FIA	7236
えふあーるびー	FRB	6819
えふぇくたー	エフェクター	6726
えふぇくと	エフェクト	5934
えふえい	FA	6225
えふえす	FS	6770
えふえふ	FF	5834
えふえむ	FM	6066
えふえむ	エフエム	7441
えふおーえむしー	FOMC	7531
えふけい	FK	6914
えふしーとうきょう	FC東京	7351
えふじー	FG	7064
えふだ	絵札	7458
えふで	絵筆	7554
えふでぃーえい	FDA	6937
えふびー	FB	6479
えふびーあい	FBI	6761
えふよん	F4	6807
えふわん	F1	5948
えぷそん	エプソン	7239
えぷろん	エプロン	6184
えへへ	えへへ	7247
えべつ	江別	7247
えべれすと	エベレスト	7041
えぺ	エペ	7220
えほう	恵方	6747
えほう	吉方	7003
えほば	エホバ	6634
えほばのしょうにん	エホバの証人	7258
えほん	絵本	5354
えほん	えほん	6917
えほんさっか	絵本作家	7563
えぼ	エボ	7387
えぼし	烏帽子	7304
えぽきし	エポキシ	6815
えぽきしじゅし	エポキシ樹脂	7195
えぽすかーど	エポスカード	7352
えぽっく	エポック	7318
えま	エマ	6347
えま	絵馬	6610
えま	えま	7481
えまき	絵巻	6814
えみ	笑み	6183
えみ	エミ	6654
えみ	えみ	6904
えみ	恵美	7265
えみ	絵美	7422
えみか	咲花	7245
えみこ	恵美子	7060
えみっしょん	エミッション	7381
えみゅれーた	エミュレータ	6972
えみゅれーたー	エミュレーター	7436
えみり	えみり	7375
えみりー	エミリー	6846
えみれーつ	エミレーツ	7341
えみー	エミー	7146
えむ	えむ	7118
えむあいてぃー	MIT	7216
えむあーるあい	MRI	6426
えむけい	MK	6914
えむてぃーびー	MTB	6876
えむびーえす	MBS	6960
えむぶいぴー	MVP	6347
えめらるど	エメラルド	6408
えも	エモ	7211
えも	えも	7312
えもい	エモい	6796
えもじ	絵文字	6177
えもと	柄本	7318
えもと	榎本	7461
えもの	獲物	6337
えもん	右衛門	6824
えもん	衛門	7244
えもーしょなる	エモーショナル	7004
えもーしょん	エモーション	7434
えもーと	エモート	7238
えよ	得よ	6823
えよ	えよ	6907
えよう	得よう	6824
えら	エラ	5845
えら	偉	6223
えら	えら	7183
えら	彫ら	7201
えら	鰓	7469
えらい	偉い	6081
えらい	えらい	6319
えらい	エライ	7161
えらいざ	エライザ	7393
えらいひと	偉い人	6974
えらく	えらく	7034
えらく	偉く	7183
えらすちん	エラスチン	7438
えらすとまー	エラストマー	7512
えらそう	偉そう	6450
えらば	選ば	5125
えらび	選び	4957
えらびかた	選び方	5750
えらびやすい	選びやすい	7302
えらぶ	選ぶ	4852
えらぶ	えらぶ	7499
えらべ	選べ	5857
えらべる	選べる	5594
えらぼ	選ぼ	6778
えらぼう	選ぼう	6770
えらん	選ん	4843
えらー	エラー	5281
えらーこーど	エラーコード	6960
えらーと	エラーと	7049
えらーめっせーじ	エラーメッセージ	6548
えり	襟	6121
えり	エリ	6479
えり	えり	6569
えり	衿	6656
えり	彫り	6975
えり	絵里	7105
えりあ	エリア	4741
えりあし	襟足	6829
えりおっと	エリオット	7174
えりか	エリカ	6614
えりか	えりか	6932
えりか	恵梨香	7111
えりか	絵梨花	7319
えりく	エリク	7567
えりぐり	襟ぐり	7546
えりざべす	エリザベス	6374
えりざべーと	エリザベート	7079
えりす	エリス	6921
えりすぐり	選りすぐり	6875
えりっく	エリック	6575
えりつき	襟付き	7366
えりな	えりな	7498
えりもと	襟元	6940
えりゃ	えりゃ	6907
えりゃ	得りゃ	6907
えりんぎ	エリンギ	6761
えりー	エリー	6901
えりーぜ	エリーゼ	7242
えりーと	エリート	6031
える	得る	5117
える	エル	6001
える	える	6464
える	獲る	6921
えるいーでぃー	LED	5475
えるえすあい	LSI	7316
えるえすでぃー	LSD	7126
えるぐ	エルグ	7352
えるさ	エルサ	6957
えるさるばどる	エルサルバドル	7536
えるされむ	エルサレム	6747
えるざ	エルザ	7284
えるてぃー	LT	6701
えるでぃー	LD	6694
えるでぃーけい	LDK	6345
えるでんりんぐ	エルデンリング	7072
えるびー	LB	6788
えるぴー	LP	6167
えるふ	エルフ	6273
えるぼー	エルボー	7396
えるむ	エルム	7505
えるめす	エルメス	6576
えるゔぃす	エルヴィス	7471
えるゔぃん	エルヴィン	7246
えれ	えれ	6907
えれ	得れ	6908
えれ	エレ	7545
えれがんす	エレガンス	6871
えれがんと	エレガント	6036
えれき	エレキ	6482
えれきぎたー	エレキギター	7294
えれくとりっく	エレクトリック	7094
えれくとろ	エレクトロ	7566
えれくとろにくす	エレクトロニクス	6705
えれくとーん	エレクトーン	7107
えれこむ	エレコム	7453
えれな	エレナ	6986
えれべーた	エレベータ	6433
えれべーたー	エレベーター	5806
えれめんと	エレメント	6386
えれん	エレン	6323
えろ	エロ	6177
えろ	えろ	6907
えろ	得ろ	6907
えろい	エロい	6681
えろく	エロく	7470
えろす	エロス	7191
えん	円	4047
えん	園	5199
えん	塩	5401
えん	炎	5471
えん	エン	5708
えん	縁	5896
えん	苑	6620
えん	えん	6706
えんい	円位	7378
えんい	遠位	7385
えんえき	演繹	7565
えんえん	延々	7031
えんえんと	延々と	6355
えんか	演歌	6465
えんか	塩化	6574
えんか	嚥下	7054
えんか	煙火	7548
えんか	えんか	7559
えんかい	宴会	6118
えんかいじょう	宴会場	7536
えんかうんと	エンカウント	7118
えんかく	遠隔	5961
えんかく	沿革	7048
えんかくそうさ	遠隔操作	7241
えんかくち	遠隔地	6886
えんかつ	円滑	5897
えんかなとりうむ	塩化ナトリウム	7550
えんかん	円環	7455
えんがい	塩害	7225
えんがい	園外	7550
えんがわ	縁側	6702
えんがん	沿岸	6098
えんがんぶ	沿岸部	7480
えんき	延期	5753
えんき	塩基	6631
えんきょり	遠距離	6022
えんきょりれんあい	遠距離恋愛	7296
えんきり	縁切り	7132
えんきん	遠近	6922
えんぎ	演技	5256
えんぎ	縁起	6225
えんぎ	延喜	7162
えんぎ	演義	7248
えんぎもの	縁起物	6828
えんぎりょく	演技力	6774
えんくろーじゃー	エンクロージャー	7506
えんぐみ	縁組	6735
えんぐらふ	円グラフ	7351
えんぐん	援軍	6850
えんけい	円形	6119
えんけい	遠景	7136
えんげ	嚥下	6950
えんげい	園芸	6055
えんげい	演芸	6957
えんげき	演劇	5725
えんげきぶ	演劇部	7484
えんげーじ	エンゲージ	7202
えんげーじめんと	エンゲージメント	6456
えんこ	円弧	7195
えんこ	塩湖	7391
えんこ	縁故	7432
えんこーだ	エンコーダ	7281
えんこーでぃんぐ	エンコーディング	7263
えんこーど	エンコード	6753
えんご	援護	6402
えんさん	塩酸	6740
えんさん	酸塩	7008
えんざい	冤罪	6701
えんざん	演算	6322
えんざんし	演算子	6599
えんし	遠視	7489
えんしゅう	演習	5875
えんしゅう	円周	6868
えんしゅう	遠州	7343
えんしゅつ	演出	4981
えんしゅつか	演出家	7184
えんしょう	炎症	5727
えんしょう	延焼	7125
えんしょう	袁紹	7331
えんしん	延伸	6462
えんしん	遠心	6988
えんしんりょく	遠心力	7013
えんじ	演じ	5341
えんじ	園児	6142
えんじ	えんじ	7357
えんじ	エンジ	7387
えんじぇる	エンジェル	5967
えんじぇるなんばー	エンジェルナンバー	7188
えんじたち	園児たち	7446
えんじにあ	エンジニア	5364
えんじにありんぐ	エンジニアリング	6293
えんじゃ	演者	6434
えんじゅく	円熟	7395
えんじょ	援助	5807
えんじょい	エンジョイ	6659
えんじょう	炎上	5844
えんじる	演じる	5374
えんじわけ	演じ分け	7537
えんじん	エンジン	4924
えんじん	円陣	7100
えんじんおいる	エンジンオイル	6997
えんじんおん	エンジン音	7178
えんじんるーむ	エンジンルーム	7212
えんすい	円錐	6886
えんすい	塩水	7056
えんすいけい	円錐形	7385
えんすと	エンスト	6989
えんずる	演ずる	7509
えんせい	遠征	5785
えんせき	縁石	7192
えんせき	宴席	7477
えんせきがいせん	遠赤外線	7037
えんせん	沿線	6109
えんぜつ	演説	6037
えんぜる	エンゼル	7099
えんぜるす	エンゼルス	6726
えんぜんご	円前後	6743
えんそ	塩素	6367
えんそう	演奏	4824
えんそうか	演奏家	7410
えんそうかい	演奏会	6782
えんそうかつどう	演奏活動	7343
えんそうしゃ	演奏者	7278
えんそうちゅう	演奏中	7538
えんそく	遠足	6269
えんた	エンタ	7505
えんたい	延滞	6815
えんたく	円卓	7005
えんたていんめんと	エンタテインメント	6850
えんため	エンタメ	6157
えんたー	エンター	7232
えんたーていなー	エンターテイナー	7143
えんたーていめんと	エンターテイメント	6153
えんたーていんめんと	エンターテインメント	6140
えんたーぷらいず	エンタープライズ	6583
えんだい	演題	6595
えんだい	円台	7038
えんだか	円高	6578
えんだん	縁談	7265
えんち	園地	7022
えんちゃんと	エンチャント	6780
えんちゅう	円柱	6780
えんちょう	延長	5322
えんちょう	園長	6399
えんちょうせん	延長線	6679
えんちょうせん	延長戦	7174
えんちょうせんせい	園長先生	7235
えんちょく	鉛直	7234
えんてぃてぃ	エンティティ	6616
えんてい	園庭	6562
えんてい	堰堤	6906
えんていど	円程度	6871
えんてんか	炎天下	6643
えんでぃんぐ	エンディング	5784
えんでぃんぐてーま	エンディングテーマ	7483
えんでん	塩田	7222
えんでゔぁー	エンデヴァー	7333
えんとう	円筒	6645
えんとう	遠投	6854
えんとう	遠藤	7499
えんとつ	煙突	6479
えんとらんすほーる	エントランスホール	7496
えんとり	エントリ	5754
えんとりー	エントリー	5668
えんとりーしーと	エントリーシート	6612
えんとろぴー	エントロピー	7149
えんど	エンド	5609
えんどう	遠藤	6059
えんどう	沿道	6700
えんどう	えんどう	7004
えんどう	エンドウ	7141
えんどう	円堂	7455
えんどうまめ	えんどう豆	7506
えんどおい	縁遠い	7457
えんどつーえんど	エンドツーエンド	7528
えんどぽいんと	エンドポイント	7105
えんどゆーざ	エンドユーザ	7381
えんどゆーざー	エンドユーザー	7167
えんどろーる	エンドロール	6958
えんない	園内	6122
えんにち	縁日	6543
えんのした	縁の下	7024
えんのすけ	猿之助	7237
えんばん	円盤	6401
えんぱいあ	エンパイア	7331
えんぱわーめんと	エンパワーメント	7474
えんび	塩ビ	6806
えんびき	円引き	7165
えんぴつ	鉛筆	6063
えんぴつ	えんぴつ	6986
えんぶ	演舞	6619
えんぶ	演武	6849
えんぶれむ	エンブレム	6299
えんぶん	塩分	5952
えんぶん	円分	7337
えんべろーぷ	エンベロープ	7404
えんぼう	遠望	7322
えんぼすかこう	エンボス加工	7313
えんぽう	遠方	5980
えんぽうのかた	遠方の方	7343
えんぽうのほう	遠方の方	7453
えんま	閻魔	6865
えんま	エンマ	7431
えんまく	煙幕	7373
えんまん	円満	6638
えんむすび	縁結び	6552
えんめい	延命	6693
えんもく	演目	6348
えんやす	円安	6252
えんよう	援用	7206
えんよう	遠洋	7513
えんりゃくじ	延暦寺	7226
えんりょ	遠慮	5235
えんりょがち	遠慮がち	7565
えんりょなく	遠慮なく	6178
えんるい	塩類	7564
えんろ	園路	7461
えんろ	遠路	7544
えんをきっ	縁を切っ	7509
えゔぁ	エヴァ	6590
えゔぁんげりおん	エヴァンゲリオン	6659
えー	えー	6458
えー	エー	7282
えーえむ	AM	6509
えーえむでぃー	AMD	7010
えーけーびーふぉーてぃーえいと	AKB48	6460
えーげかい	エーゲ海	7470
えーじぇんしー	エージェンシー	7015
えーじぇんと	エージェント	5524
えーじんぐ	エージング	7312
えーす	エース	5497
えーっ	えーっ	7443
えーてる	エーテル	6752
えーびーえす	ABS	6604
えーる	エール	5943
ぉ	ぉ	5524
お	お	3284
お	御	5224
お	尾	6095
お	雄	6709
おあい	お会い	5445
おあい	お逢い	7466
おあいて	お相手	6487
おあげ	お揚げ	7460
おあしす	オアシス	6372
おあずかり	お預かり	5982
おあずけ	お預け	6916
おあそび	お遊び	6975
おあつまり	お集まり	6713
おあふ	オアフ	7202
おあり	おあり	6947
おい	おい	4265
おい	置い	4826
おい	負い	5799
おい	追い	5857
おい	於い	6487
おい	甥	6605
おい	老い	6646
おい	オイ	7173
おいあげ	追い上げ	7113
おいうち	追い打ち	7000
おいえ	お家	6014
おいえげい	お家芸	7541
おいおい	おいおい	6454
おいおい	追々	7431
おいかけ	追いかけ	5858
おいかける	追いかける	6296
おいかぜ	追い風	6577
おいかり	お怒り	7562
おいかわ	及川	6644
おいがわ	及川	7378
おいけ	小池	6944
おいこさ	追い越さ	7550
おいこし	追い越し	6853
おいこす	追い越す	7426
おいこま	追い込ま	6255
おいこみ	追い込み	6829
おいこむ	追い込む	6778
おいこん	追い込ん	6605
おいし	美味し	5241
おいし	おいし	5783
おいし	大石	7318
おいしい	美味しい	4546
おいしい	おいしい	5050
おいしい	オイシイ	7474
おいしいおかし	美味しいお菓子	7399
おいしいかれー	美味しいカレー	7508
おいしいきせつ	美味しい季節	7172
おいしいきゅうしょく	おいしい給食	7464
おいしいぐるめ	美味しいグルメ	7532
おいしいけーき	美味しいケーキ	7423
おいしいこーひー	美味しいコーヒー	6928
おいしいこーひー	おいしいコーヒー	7434
おいしいごはん	美味しいご飯	6871
おいしいごはん	おいしいご飯	7557
おいしいさかな	美味しい魚	7549
おいしいしょくじ	美味しい食事	6957
おいしいしょくじ	おいしい食事	7482
おいしいすいーつ	美味しいスイーツ	7481
おいしいたべもの	美味しい食べ物	7203
おいしいぱん	美味しいパン	6999
おいしいぱん	おいしいパン	7479
おいしいもの	美味しい物	7054
おいしいやさい	美味しい野菜	7489
おいしいらんち	美味しいランチ	7379
おいしいらーめん	美味しいラーメン	7189
おいしいりょうり	美味しい料理	6569
おいしいりょうり	おいしい料理	7082
おいしいれしぴ	美味しいレシピ	7488
おいしいわいん	美味しいワイン	7551
おいしかっ	美味しかっ	5172
おいしかっ	おいしかっ	5884
おいしかった	おいしかった	6251
おいしく	美味しく	5139
おいしく	おいしく	5654
おいしげっ	生い茂っ	7136
おいしげる	生い茂る	7196
おいしさ	美味しさ	5638
おいしさ	おいしさ	6414
おいしそう	美味しそう	5896
おいしそう	おいしそう	6418
おいしっくす	オイシックス	7540
おいしゅう	美味しゅう	7235
おいしんぼ	美味しんぼ	7396
おいすたー	オイスター	7095
おいすたーそーす	オイスターソース	6713
おいずみ	大泉	7468
おいそがしい	お忙しい	6079
おいそがしいちゅう	お忙しい中	7350
おいそがしいなか	お忙しい中	6839
おいそぎ	お急ぎ	6176
おいたち	生い立ち	6800
おいださ	追い出さ	6593
おいだし	追い出し	6674
おいだす	追い出す	6977
おいっこ	甥っ子	6663
おいつい	追いつい	6460
おいつい	追い付い	7239
おいつか	追いつか	6343
おいつか	追い付か	7030
おいつき	追いつき	6842
おいつく	追いつく	6699
おいつけ	追いつけ	7096
おいつける	追いつける	7501
おいつめ	追い詰め	6484
おいつめ	追いつめ	7417
おいつめる	追い詰める	6943
おいてけぼり	置いてけぼり	7323
おいで	おいで	6351
おいとい	置いとい	6599
おいとき	置いとき	7494
おいとく	置いとく	7445
おいぬい	追い抜い	7427
おいぬか	追い抜か	7514
おいぬき	追い抜き	7443
おいのり	お祈り	5882
おいのりもうしあげ	お祈り申し上げ	6728
おいはらう	追い払う	7158
おいはらっ	追い払っ	7386
おいめ	負い目	7343
おいもとめ	追い求め	6750
おいもとめる	追い求める	6920
おいやっ	追いやっ	7195
おいやら	追いやら	7029
おいら	オイラ	6598
おいら	おいら	6658
おいらせ	奥入瀬	7408
おいらん	花魁	7052
おいりー	オイリー	7268
おいる	オイル	5039
おいれ	お入れ	7249
おいろなおし	お色直し	7511
おいわい	お祝い	5379
おいわけ	追分	7348
おう	王	5290
おう	奥	5658
おう	追う	5902
おう	負う	6100
おう	おう	6264
おう	応	6603
おう	欧	6795
おう	旺	7475
おうい	王位	6631
おういん	押印	6464
おうえん	応援	4545
おうえんか	応援歌	7441
おうえんだん	応援団	7107
おうおうにして	往々にして	6917
おうか	押下	6697
おうか	謳歌	6728
おうか	桜花	6821
おうか	おうか	7332
おうかがい	お伺い	5846
おうかくまく	横隔膜	7085
おうかん	王冠	6569
おうかん	往還	7467
おうがい	鴎外	7193
おうきゅう	応急	6253
おうきゅう	王宮	6623
おうきゅうしょち	応急処置	7009
おうぎ	奥義	6212
おうぎ	扇	6420
おうけ	お受け	5761
おうけ	王家	6639
おうけとり	お受け取り	6555
おうけとり	お受取り	7524
おうけん	王権	7149
おうこう	横行	6769
おうこく	王国	5658
おうごん	黄金	5965
おうごんひ	黄金比	7543
おうさか	逢坂	7430
おうさま	王様	6010
おうさま	王さま	7460
おうさまのぶらんち	王様のブランチ	7556
おうざ	王座	6225
おうし	雄牛	7521
おうしざ	牡牛座	7083
おうしざ	おうし座	7388
おうしつ	王室	6512
おうしゅう	欧州	5614
おうしゅう	押収	6960
おうしゅう	奥州	7045
おうしゅう	応酬	7058
おうしゅういいんかい	欧州委員会	7407
おうしゅうれんごう	欧州連合	7526
おうしょう	王将	6606
おうしょく	黄色	6031
おうしん	往診	6997
おうじ	応じ	4839
おうじ	王子	6004
おうじ	皇子	6625
おうじ	往時	6992
おうじ	おうじ	7446
おうじゃ	王者	5855
おうじょ	王女	6323
おうじょう	往生	6896
おうじょう	王城	7333
おうじる	応じる	6360
おうじんてんのう	応神天皇	7421
おうせ	逢瀬	7425
おうせい	旺盛	6202
おうせい	王政	7245
おうせつ	応接	7071
おうせん	応戦	6970
おうせん	横線	7153
おうせん	王翦	7536
おうそうだん	応相談	6988
おうぞく	王族	6625
おうた	お歌	7135
おうたい	応対	6405
おうたい	黄体	7283
おうだ	殴打	7280
おうだん	横断	5791
おうだん	黄疸	7227
おうだんてき	横断的	7310
おうだんほどう	横断歩道	6772
おうだんまく	横断幕	6805
おうち	お家	5704
おうちあわせ	お打ち合わせ	7140
おうちあわせ	お打合せ	7490
おうちゃく	横着	7539
おうちょう	王朝	6353
おうて	王手	7263
おうてい	奥底	6785
おうてん	横転	7049
おうと	嘔吐	6181
おうとう	応答	5676
おうとう	黄桃	7443
おうとつ	凹凸	6187
おうどう	王道	5888
おうにし	大西	7525
おうにん	応仁	7321
おうねん	往年	6631
おうはん	黄斑	7184
おうひ	王妃	6481
おうふう	欧風	6929
おうふう	横風	7473
おうふく	往復	5701
おうぶん	欧文	7505
おうへい	横柄	7174
おうへん	黄変	7342
おうべい	欧米	5772
おうべいしょこく	欧米諸国	7434
おうべいじん	欧米人	7184
おうぼ	応募	4845
おうぼう	横暴	7331
おうぼかのう	応募可能	7410
おうぼかんげい	応募歓迎	7433
おうぼかんりょう	応募完了	7225
おうぼさくひん	応募作品	7495
おうぼしかく	応募資格	7543
おうぼしゃ	応募者	6734
おうぼしょるい	応募書類	7402
おうぼじょうけん	応募条件	7498
おうぼほうほう	応募方法	6763
おうみ	近江	6429
おうみはちまん	近江八幡	6975
おうむ	オウム	6705
おうむしんりきょう	オウム真理教	7241
おうめ	青梅	6662
おうよう	応用	5461
おうらい	往来	6578
おうり	お売り	7041
おうりつ	王立	6977
おうりょう	横領	6772
おうりょく	応力	6418
おうりょくしょく	黄緑色	6941
おうろ	往路	6750
おうんどめでぃあ	オウンドメディア	6899
おえ	終え	5274
おえ	負え	6907
おえ	おえ	7121
おえ	追え	7485
おえかき	お絵描き	6976
おえつ	嗚咽	7229
おえよ	終えよ	6907
おえらび	お選び	5742
おえりゃ	終えりゃ	6907
おえる	終える	6034
おえれ	終えれ	6907
おえろ	終えろ	6907
おえん	終えん	6931
おぉ	おぉ	6527
おお	大	4450
おお	おお	5434
おお	多	5790
おお	王	7240
おおあざ	大字	6805
おおあじ	大味	7524
おおあたり	大当たり	6462
おおあたり	大当り	6742
おおあな	大穴	7158
おおあめ	大雨	5792
おおあらい	大洗	7026
おおあれ	大荒れ	7129
おおい	多い	3935
おおい	大井	6510
おおい	おおい	6557
おおい	覆い	6620
おおいいめーじ	多いイメージ	7079
おおいいんしょう	多い印象	6518
おおいえりあ	多いエリア	7488
おおいかいしゃ	多い会社	7555
おおいかた	多い方	7517
おおいかんきょう	多い環境	7449
おおいがわ	大井川	7243
おおいくに	多い国	7335
おおいけ	大池	7526
おおいけいこう	多い傾向	6911
おおいし	大石	6589
おおいしょくば	多い職場	7338
おおいじき	多い時期	7263
おおいじゅん	多い順	7007
おおいずみ	大泉	6841
おおいずみがくえん	大泉学園	7553
おおいそ	大磯	6915
おおいそう	多いそう	6681
おおいそがし	大忙し	6754
おおいそぎ	大急ぎ	7191
おおいた	大分	5806
おおいたけん	大分県	6185
おおいたし	大分市	7463
おおいちいき	多い地域	6726
おおいなる	大いなる	6562
おおいに	大いに	5702
おおいに	おおいに	7210
おおいにんき	多い人気	7564
おおいばあい	多い場合	6551
おおいばしょ	多い場所	6864
おおいひと	多い人	6720
おおいぶん	多い分	7440
おおいまち	大井町	7269
おおいりゆう	多い理由	7273
おおいわ	大岩	6967
おおう	覆う	6208
おおうそ	大嘘	7376
おおうち	大内	7060
おおうら	大浦	7290
おおえ	大江	6803
おおえど	大江戸	6640
おおお	おおお	6796
おおおか	大岡	7240
おおおく	大奥	6999
おおおとこ	大男	7205
おおかた	大方	7022
おおかっ	多かっ	5075
おおかぶぬし	大株主	7356
おおかみ	狼	6056
おおかみ	オオカミ	6339
おおかみ	大神	7288
おおかみおとこ	狼男	7548
おおかれ	多かれ	7015
おおかわ	大川	6893
おおがい	大谷	6889
おおがかり	大掛かり	6874
おおがかり	大がかり	7195
おおがき	大垣	6588
おおがた	大型	5055
おおがたき	大型機	7560
おおがたしゃ	大型車	7414
おおがたとらっく	大型トラック	7322
おおがたれんきゅう	大型連休	7385
おおがねもち	大金持ち	7177
おおがみ	大神	6839
おおがら	大柄	7047
おおがわ	大川	7528
おおき	大き	4909
おおき	多き	6796
おおき	大木	7524
おおき	大城	7541
おおきい	大きい	4727
おおきい	おおきい	7491
おおきいさいず	大きいサイズ	6526
おおきいばあい	大きい場合	6928
おおきいひと	大きい人	7318
おおきかっ	大きかっ	5900
おおきく	大きく	4423
おおきく	おおきく	7254
おおきけれ	大きけれ	6952
おおきさ	大きさ	5580
おおきそう	大きそう	7521
おおきな	大きな	4274
おおきな	おおきな	6932
おおきなあな	大きな穴	7477
おおきないし	大きな石	7560
おおきないべんと	大きなイベント	7520
おおきないみ	大きな意味	7070
おおきないんぱくと	大きなインパクト	7526
おおきなえいきょう	大きな影響	6105
おおきなおと	大きな音	6786
おおきなかだい	大きな課題	6895
おおきなかのうせい	大きな可能性	7564
おおきなかべ	大きな壁	7470
おおきながぞう	大きな画像	7373
おおきなき	大きな木	7430
おおきなきず	大きな傷	7159
おおきなきたい	大きな期待	7190
おおきなけつだん	大きな決断	7546
おおきなこうか	大きな効果	7241
おおきなこえ	大きな声	6769
おおきなこと	大きなこと	7329
おおきなごえ	大きな声	6599
おおきなさ	大きな差	6704
おおきなさいず	大きなサイズ	7485
おおきなしごと	大きな仕事	7450
おおきなしょうげき	大きな衝撃	7325
おおきなじこ	大きな事故	7438
おおきなじしん	大きな地震	7295
おおきなすとれす	大きなストレス	7484
おおきなせいか	大きな成果	7098
おおきなせいこう	大きな成功	7502
おおきなせいちょう	大きな成長	7511
おおきなそんしつ	大きな損失	7460
おおきなだげき	大きな打撃	7559
おおきなだめーじ	大きなダメージ	6959
おおきなちから	大きな力	6919
おおきなちゅうもく	大きな注目	7129
おおきなつよみ	大きな強み	7526
おおきなてーま	大きなテーマ	7506
おおきなとくちょう	大きな特徴	6786
おおきなとらぶる	大きなトラブル	7416
おおきなにもつ	大きな荷物	7293
おおきなはくしゅ	大きな拍手	6997
おおきなはんきょう	大きな反響	7042
おおきなひがい	大きな被害	6817
おおきなびょういん	大きな病院	7521
おおきなふたん	大きな負担	7098
おおきなへんか	大きな変化	6610
おおきなぽいんと	大きなポイント	7127
おおきなまど	大きな窓	7034
おおきなみりょく	大きな魅力	6896
おおきなめ	大きな目	7448
おおきなめりっと	大きなメリット	6619
おおきなもくひょう	大きな目標	7244
おおきなもの	大きなもの	6789
おおきなやくわり	大きな役割	6921
おおきなゆめ	大きな夢	7302
おおきなよういん	大きな要因	7187
おおきなりえき	大きな利益	7390
おおきなりすく	大きなリスク	7562
おおきなりてん	大きな利点	7457
おおきなりゆう	大きな理由	7133
おおきなわだい	大きな話題	6745
おおきに	おおきに	7241
おおきめ	大きめ	5701
おおきめ	大き目	6716
おおぎり	大喜利	6725
おおく	多く	4205
おおく	おおく	7002
おおくち	大口	7092
おおくのこと	多くのこと	6833
おおくのほう	多くの方	5945
おおくぼ	大久保	6268
おおくま	大隈	7362
おおくま	大熊	7404
おおくら	大倉	6823
おおくら	大蔵	7013
おおくらしょう	大蔵省	7214
おおくらやま	大倉山	7553
おおくり	お送り	5401
おおくり	お贈り	7237
おおくわがた	オオクワガタ	7463
おおぐい	大食い	6639
おおぐち	大口	6971
おおぐら	大倉	7398
おおけが	大怪我	7238
おおけれ	多けれ	6545
おおげさ	大げさ	6453
おおげさ	大袈裟	6666
おおげんか	大喧嘩	7522
おおこうかい	大公開	7225
おおこうち	大河内	7548
おおこんざつ	大混雑	7511
おおごえ	大声	6267
おおごしょ	大御所	6768
おおごと	大事	6191
おおさ	多さ	6222
おおさ	おおさ	7561
おおさか	大阪	4676
おおさか	大坂	6794
おおさか	おおさか	6981
おおさかえき	大阪駅	7183
おおさかかんじょうせん	大阪環状線	7351
おおさかがす	大阪ガス	7309
おおさかし	大阪市	6664
おおさかしない	大阪市内	6993
おおさかじょう	大阪城	6869
おおさかじょうこうえん	大阪城公園	7501
おおさかじょうほーる	大阪城ホール	7381
おおさかじん	大阪人	7566
おおさかだいがく	大阪大学	6685
おおさかとういん	大阪桐蔭	6892
おおさかふ	大阪府	5644
おおさかわん	大阪湾	7167
おおさき	大崎	6828
おおさこ	大迫	7123
おおさじ	大さじ	5470
おおさめ	お納め	7444
おおさわ	大沢	6754
おおさわ	大澤	7168
おおさわぎ	大騒ぎ	6393
おおさんしょううお	オオサンショウウオ	7484
おおざか	大坂	7180
おおざっぱ	大雑把	6552
おおざら	大皿	6980
おおざわ	大沢	7363
おおし	多し	6945
おおしえ	お教え	6316
おおしお	大潮	7276
おおしま	大島	6357
おおしま	大嶋	7482
おおしまつむぎ	大島紬	7412
おおしまゆうこ	大島優子	7206
おおしろ	大城	7269
おおじしん	大地震	7380
おおじま	大島	6964
おおす	大須	7131
おおす	大洲	7444
おおすぎ	多すぎ	6065
おおすぎ	大杉	7029
おおすぎ	多過ぎ	7043
おおすぎる	多すぎる	6127
おおすぎる	多過ぎる	7396
おおすじ	大筋	7182
おおすみ	大隅	7393
おおずもう	大相撲	6553
おおせ	仰せ	7214
おおせ	大瀬	7329
おおぜい	大勢	6085
おおぜき	大関	6612
おおそう	多そう	6555
おおそうじ	大掃除	7254
おおぞら	大空	6695
おおた	太田	6176
おおた	大田	6487
おおた	多田	7242
おおたか	オオタカ	7540
おおたき	大滝	6986
おおたき	大瀧	7519
おおたく	大田区	7343
おおたけ	大竹	6711
おおたに	大谷	5759
おおたわら	大田原	7455
おおだ	大田	7012
おおだ	太田	7276
おおだい	大台	7155
おおだけ	大竹	7527
おおだて	大館	7316
おおだに	大谷	6539
おおだま	大玉	7121
おおち	凡	6848
おおち	大内	7363
おおっ	覆っ	6454
おおっ	おおっ	7141
おおつ	大津	6307
おおつか	大塚	6353
おおつかせいやく	大塚製薬	7408
おおつき	大月	7228
おおつき	大槻	7253
おおつし	大津市	7525
おおつち	大槌	7511
おおつぶ	大粒	6527
おおつぼ	大坪	7364
おおづ	大津	7018
おおづか	大塚	6970
おおづめ	大詰め	7169
おおて	大手	5248
おおてきぎょう	大手企業	6631
おおてどおり	大手通	7423
おおてまち	大手町	6788
おおで	大手	6041
おおとも	大友	6732
おおとり	鳳	6980
おおとり	鵬	7412
おおとり	鴻	7426
おおとりい	大鳥居	7327
おおど	大戸	7361
おおどうぐ	大道具	7475
おおどおり	大通り	6374
おおども	大友	7455
おおなみ	大波	7365
おおにし	大西	6373
おおにし	大にし	7294
おおにた	大仁田	7538
おおにんずう	大人数	6387
おおぬき	大貫	7207
おおぬま	大沼	7353
おおね	大根	6242
おおの	大野	6077
おおのじょう	大野城	7527
おおはし	大橋	6117
おおはしゃぎ	大はしゃぎ	7066
おおはば	大幅	5256
おおはま	大浜	7531
おおはやり	大流行	7174
おおはら	大原	6693
おおば	大葉	6332
おおば	大場	7029
おおば	大庭	7417
おおばし	大橋	7421
おおばやし	大林	7053
おおばら	大原	7388
おおばん	大判	6562
おおばんぶるまい	大盤振る舞い	7410
おおひら	大平	7469
おおひら	平野	7564
おおひろま	大広間	7046
おおふなと	大船渡	7395
おおぶ	大府	7326
おおぶね	大船	7063
おおぶり	大ぶり	6865
おおべや	大部屋	7231
おおまえ	大前	7522
おおまか	大まか	6175
おおまか	おおまか	6896
おおまがり	大曲	7132
おおまち	大町	7164
おおまわり	大回り	7347
おおみそか	大晦日	6482
おおみそか	大みそか	7405
おおみや	大宮	5999
おおみやえき	大宮駅	7454
おおむかし	大昔	6591
おおむぎ	大麦	6825
おおむた	大牟田	7135
おおむね	概ね	6023
おおむね	おおむね	6321
おおむら	大村	6613
おおめ	多め	5673
おおめ	大目	7474
おおめ	多目	7559
おおめにみ	大目に見	7256
おおもい	お思い	6975
おおもうけ	大儲け	7480
おおもじ	大文字	6568
おおもと	大元	7150
おおもと	大本	7555
おおもとみこと	大本命	7377
おおもの	大物	6072
おおもり	大盛り	6248
おおもり	大森	6445
おおもり	大盛	6686
おおや	大谷	6210
おおや	大家	6687
おおや	大野	7149
おおや	大矢	7454
おおやいし	大谷石	7538
おおやけ	公	6219
おおやけのば	公の場	6962
おおやま	大山	6378
おおゆき	大雪	6941
おおよそ	おおよそ	6116
おおよろこび	大喜び	6696
おおらか	おおらか	6743
おおわ	覆わ	5936
おおわ	大和	6796
おおわ	おおわ	7483
おおわく	大枠	7109
おおわざ	大技	7040
おおわだ	大和田	7057
おおわらい	大笑い	6640
おか	置か	5373
おか	丘	5674
おか	おか	5873
おか	岡	6291
おか	陸	6480
おかあさま	お母様	6094
おかあさま	お母さま	6891
おかあさん	お母さん	5205
おかあさん	おかあさん	6832
おかあさん	お義母さん	7005
おかあさんたち	お母さんたち	7470
おかあさんといっしょ	おかあさんといっしょ	7064
おかあちゃん	お母ちゃん	7357
おかい	お買い	7420
おかいあげ	お買い上げ	6062
おかいけい	お会計	6823
おかいとり	お買取り	7158
おかいとり	お買取	7557
おかいどく	お買い得	6356
おかいもとめ	お買い求め	6006
おかいもの	お買い物	6102
おかえし	お返し	6153
おかえり	お帰り	6424
おかえり	おかえり	6625
おかえりなさい	おかえりなさい	7116
おかか	おかか	6882
おかかえ	お抱え	7518
おかき	お書き	6794
おかき	おかき	7080
おかけ	おかけ	5730
おかけ	お掛け	6117
おかけいたし	おかけいたし	6356
おかげ	おかげ	4979
おかげ	お陰	5930
おかげ	お蔭	7164
おかげさ	おかげさ	6153
おかげさま	お陰様	6492
おかげさま	お陰さま	7513
おかさ	侵さ	6965
おかさ	犯さ	7070
おかさ	冒さ	7556
おかさき	岡崎	6972
おかざき	岡崎	6348
おかざきし	岡崎市	7477
おかざり	お飾り	7252
おかし	お菓子	5097
おかし	犯し	6151
おかし	おかし	6874
おかし	お貸し	6907
おかし	冒し	7382
おかし	可笑し	7503
おかしい	おかしい	5337
おかしい	可笑しい	7210
おかしい	オカシイ	7476
おかしかっ	おかしかっ	6974
おかしく	おかしく	5622
おかしく	可笑しく	7382
おかしづくり	お菓子作り	7173
おかしな	おかしな	6140
おかしな	お菓子な	7533
おかしなこと	おかしなこと	7198
おかす	犯す	6829
おかず	おかず	5624
おかず	オカズ	7395
おかた	岡田	6411
おかた	お方	6493
おかた	緒方	7208
おかたづけ	お片付け	6914
おかたづけ	お片づけ	7491
おかだ	岡田	5920
おかだ	オカダ	7314
おかださん	岡田さん	7450
おかち	御徒	7460
おかちまち	御徒町	7401
おかない	おかない	6149
おかね	お金	4678
おかねがかかっ	お金がかかっ	7434
おかねがかかる	お金がかかる	6790
おかねのこと	お金のこと	6981
おかの	岡野	6840
おかのうえ	丘の上	7403
おかばやし	岡林	7330
おかべ	岡部	6652
おかべ	阿部	7258
おかま	オカマ	7080
おかまい	お構い	6950
おかみ	女将	6300
おかみ	おかみ	6812
おかみ	お上	7490
おかむら	岡村	6414
おかめいんこ	オカメインコ	7284
おかもと	岡本	6011
おかやま	岡山	5551
おかやまえき	岡山駅	7530
おかやまけん	岡山県	6024
おかやまし	岡山市	7236
おかやまだいがく	岡山大学	7045
おかゆ	おかゆ	6702
おから	おから	6515
おかり	お借り	5881
おかりな	オカリナ	6938
おかると	オカルト	6594
おかわ	小川	6931
おかわり	おかわり	6238
おかわり	お代わり	6869
おかわり	お変わり	7431
おかわり	お替り	7464
おかん	おかん	6904
おかん	オカン	7038
おかん	悪寒	7310
おかんがえ	お考え	5782
おかんじ	お感じ	7536
おが	男鹿	7505
おがさわら	小笠原	6737
おがさわらしょとう	小笠原諸島	7242
おがた	尾形	6733
おがた	緒方	6956
おがみ	拝み	7101
おがむ	拝む	7023
おがめ	拝め	7398
おがめる	拝める	7385
おがわ	小川	6065
おがわまち	小川町	7367
おがん	拝ん	7195
おき	おき	4688
おき	起き	4893
おき	置き	5274
おき	お気	5689
おき	沖	5776
おき	置	6756
おき	興	7170
おき	隠岐	7300
おきあい	沖合	6913
おきあがっ	起き上がっ	7103
おきあがり	起き上がり	6998
おきあがる	起き上がる	7042
おきあがれ	起き上がれ	7548
おきあみ	オキアミ	7151
おきか	お聞か	6057
おきかえ	置き換え	6037
おきかえる	置き換える	6404
おきかわっ	置き換わっ	7356
おきかわる	置き換わる	7509
おきがえ	お着替え	7253
おきき	お聞き	5795
おきき	お聴き	6546
おきざり	置き去り	6640
おきしくりーん	オキシクリーン	7490
おきしとしん	オキシトシン	7296
おきそう	起きそう	7365
おきた	沖田	6680
おきだ	沖田	7242
おきっぱなし	置きっぱなし	7311
おきづかい	お気遣い	7334
おきづき	お気づき	6699
おきて	掟	6919
おきな	翁	7094
おきなわ	沖縄	5018
おきなわけん	沖縄県	5954
おきなわせん	沖縄戦	7437
おきなわそば	沖縄そば	6902
おきなわほんとう	沖縄本島	7224
おきなわりょうり	沖縄料理	7106
おきにいり	お気に入り	5019
おきにくい	起きにくい	7384
おきの	沖の	6820
おきのしま	隠岐の島	7507
おきば	置き場	6154
おきば	置場	6820
おきばしょ	置き場所	7381
おきまり	お決まり	6550
おきもち	お気持ち	6695
おきもの	置物	6523
おきゃ	おきゃ	6907
おきゃく	お客	4898
おきゃくさま	お客様	4241
おきやすい	起きやすい	6968
おきやすく	起きやすく	7381
おきよめ	お清め	7440
おきる	起きる	5551
おきる	おきる	7218
おきれ	起きれ	7433
おきわすれ	置き忘れ	7260
おぎ	小木	7513
おぎくぼ	荻窪	7101
おぎない	補い	6832
おぎなう	補う	6199
おぎなえる	補える	7132
おぎなっ	補っ	6617
おぎの	荻野	6981
おぎわら	荻原	7281
おぎわら	萩原	7334
おく	おく	4605
おく	奥	5228
おく	置く	5240
おく	屋	7327
おく	臆	7332
おくいずも	奥出雲	7474
おくがい	屋外	5559
おくがた	奥方	7428
おくさま	奥様	5792
おくさま	奥さま	6888
おくさん	奥さん	5579
おくじょう	屋上	5855
おくすりてちょう	お薬手帳	7247
おくする	臆する	7510
おくそく	憶測	6460
おくた	奥田	7285
おくたま	奥多摩	7025
おくたーぶ	オクターブ	7199
おくだ	奥田	6709
おくち	奥地	7082
おくっ	送っ	5087
おくっ	贈っ	6360
おくっ	おくっ	7245
おくってほしい	送ってほしい	7471
おくつろぎ	おくつろぎ	7320
おくつろぎ	お寛ぎ	7527
おくて	奥手	7063
おくない	屋内	5882
おくにがら	お国柄	7548
おくにっこう	奥日光	7532
おくの	奥野	6947
おくのいん	奥の院	7116
おくのかた	奥の方	7423
おくのて	奥の手	7535
おくのほう	奥の方	7545
おくば	奥歯	6698
おくばり	お配り	6920
おくびょう	臆病	6778
おくびょうもの	臆病者	7433
おくふか	奥深	6885
おくふかく	奥深く	6709
おくふかさ	奥深さ	7489
おくぶか	奥深	7265
おくぶかい	奥深い	6487
おくぶかさ	奥深さ	6811
おくぶたえ	奥二重	7408
おくまっ	奥まっ	7035
おくみや	奥宮	7505
おくむら	奥村	6763
おくやま	奥山	7108
おくやみ	お悔やみ	6957
おくゆき	奥行き	6098
おくゆき	奥行	6696
おくら	送ら	5511
おくら	贈ら	6169
おくら	オクラ	6246
おくら	おくら	7261
おくらせ	遅らせ	6842
おくらせる	遅らせる	6753
おくらほま	オクラホマ	7513
おくり	送り	5548
おくり	贈り	6244
おくり	おくり	7108
おくりかえし	送り返し	7513
おくりこま	送り込ま	7150
おくりこみ	送り込み	7279
おくりこむ	送り込む	6996
おくりこん	送り込ん	6972
おくりさき	送り先	7219
おくりじょう	送り状	7152
おくりださ	送り出さ	7355
おくりだし	送り出し	6304
おくりだす	送り出す	6709
おくりつけ	送りつけ	7335
おくりとどけ	送り届け	7314
おくりとどける	送り届ける	7487
おくりぬし	送り主	7420
おくりばんと	送りバント	7429
おくりび	送り火	7319
おくりむかえ	送り迎え	6828
おくりもの	贈り物	5867
おくりもの	おくりもの	7432
おくる	送る	5306
おくる	贈る	5993
おくる	おくる	7045
おくるみ	おくるみ	7263
おくれ	遅れ	5370
おくれ	送れ	6646
おくれ	おくれ	6902
おくればせながら	遅ればせながら	6923
おくれる	遅れる	5946
おくれる	送れる	6356
おくろ	送ろ	6952
おくろ	贈ろ	7462
おくろう	送ろう	6948
おくろう	贈ろう	7453
おぐら	小倉	6576
おぐら	小椋	7561
おぐり	小栗	6863
おぐりきゃっぷ	オグリキャップ	7507
おけ	おけ	5466
おけ	桶	6517
おけ	置け	6881
おけ	於け	6920
おけいこ	お稽古	6492
おけがわ	桶川	7472
おけしょう	お化粧	7021
おけよ	おけよ	6907
おけりゃ	おけりゃ	6907
おける	おける	4437
おける	置ける	6516
おけれ	おけれ	6907
おけろ	おけろ	6907
おけん	おけん	6907
おこ	おこ	5697
おこ	置こ	7130
おこう	置こう	7124
おこえかけ	お声掛け	7448
おこえがけ	お声がけ	7151
おこがましい	おこがましい	7180
おこげ	おこげ	7238
おこころ	御心	7216
おこさ	起こさ	6116
おこさま	お子様	5279
おこさま	お子さま	5979
おこさまづれ	お子様連れ	7413
おこさん	お子さん	5294
おこさんたち	お子さんたち	7504
おこし	お越し	5085
おこし	起こし	5227
おこし	おこし	6660
おこし	起	6741
おこし	興し	7191
おこし	起し	7270
おこしいただき	お越しいただき	6451
おこしいただき	お越し頂き	7089
おこしいただけ	お越しいただけ	7459
おこしください	お越しください	6501
おこしください	お越し下さい	7229
おこしのかた	お越しの方	7230
おこしやすい	起こしやすい	7070
おこしやすく	起こしやすく	7365
おこす	起こす	5605
おこす	おこす	7170
おこせ	起こせ	7550
おこせる	起こせる	7176
おこそ	起こそ	7147
おこそう	起こそう	7138
おこたえ	お答え	5732
おこたえ	お応え	6118
おこたっ	怠っ	6637
おこたら	怠ら	6684
おこたり	怠り	7256
おこたる	怠る	6877
おこっ	起こっ	5404
おこっ	怒っ	5719
おこっ	おこっ	7065
おことわり	お断り	5640
おこない	行い	4376
おこない	おこない	6197
おこない	行ない	6252
おこなう	行う	4318
おこなう	行なう	6073
おこなう	おこなう	6172
おこなえ	行え	5989
おこなえる	行える	5766
おこなお	行お	6733
おこなおう	行おう	6730
おこなっ	行っ	4552
おこなっ	行なっ	5626
おこなっ	おこなっ	5991
おこなわ	行わ	4382
おこなわ	行なわ	6095
おこなわ	おこなわ	6304
おこのみ	お好み	5387
おこのみやき	お好み焼き	6064
おこまり	お困り	5933
おこめ	おこめ	7554
おこら	怒ら	5629
おこら	起こら	6221
おこら	おこら	7493
おこり	起こり	5478
おこり	怒り	6523
おこり	おこり	6983
おこりがち	起こりがち	7504
おこりそう	起こりそう	7251
おこりにくい	起こりにくい	7313
おこりやすい	起こりやすい	6702
おこりやすく	起こりやすく	7041
おこる	起こる	5299
おこる	怒る	6307
おこる	おこる	6821
おこる	起る	7567
おこれ	起これ	7513
おこわ	おこわ	7020
おご	おご	7390
おごおり	小郡	7526
おごそか	厳か	6887
おごっ	奢っ	6879
おごっ	おごっ	7152
おごら	奢ら	7320
おごり	奢り	7534
おごる	奢る	7257
おごる	おごる	7558
おさ	押さ	5937
おさ	長	6734
おさ	推さ	7090
おさ	おさ	7201
おさいふけーたい	おサイフケータイ	7443
おさいふてき	お財布的	7449
おさえ	抑え	5322
おさえ	押さえ	5775
おさえ	おさえ	6444
おさえ	押	7355
おさえ	押え	7427
おさえこむ	抑え込む	7431
おさえこん	抑え込ん	7452
おさえつけ	押さえつけ	7226
おさえつける	押さえつける	7526
おさえめ	抑えめ	7295
おさえよ	抑えよ	7374
おさえよう	抑えよう	7365
おさえる	抑える	5513
おさえる	押さえる	6462
おさえる	おさえる	7036
おさえれ	押さえれ	7553
おさかな	お魚	6048
おさがし	お探し	5777
おさがり	お下がり	7076
おさき	尾崎	7182
おさき	お先	7392
おさきに	お先に	7136
おさけ	お避け	7555
おさそい	お誘い	6126
おさだ	長田	7439
おさっし	お察し	6689
おさつ	お札	6430
おさない	幼い	5665
おさないこども	幼い子供	7248
おさないこども	幼い子ども	7499
おさないころ	幼い頃	7551
おさなかっ	幼かっ	7405
おさなく	幼く	6899
おさなご	幼子	7223
おさななじみ	幼馴染	6214
おさななじみ	幼なじみ	6493
おさななじみ	幼馴染み	7118
おさの	長野	6379
おさまっ	収まっ	6278
おさまっ	おさまっ	6947
おさまっ	治まっ	7131
おさまっ	納まっ	7459
おさまら	収まら	6583
おさまら	おさまら	7293
おさまら	治まら	7547
おさまり	収まり	6272
おさまり	おさまり	6941
おさまり	納まり	7116
おさまり	治まり	7328
おさまる	収まる	6161
おさまる	おさまる	7010
おさまる	納まる	7301
おさまる	治まる	7332
おさむ	攻	6446
おさむ	修	6583
おさむ	治虫	6788
おさむ	収	6817
おさむ	治	6922
おさむ	統	6955
おさむ	乃	6997
おさむ	おさむ	7038
おさめ	収め	5821
おさめ	納め	6357
おさめ	納	6589
おさめ	おさめ	6720
おさめ	治め	7002
おさめ	修め	7261
おさめる	収める	6286
おさめる	納める	6660
おさめる	治める	7038
おさめる	おさめる	7204
おさらい	おさらい	6392
おさらば	おさらば	7293
おさわ	小沢	7453
おさわがせ	お騒がせ	7001
おさん	お産	6751
おさん	おさん	6998
おさんぽ	お散歩	6264
おざき	尾崎	6645
おざしき	お座敷	6851
おざわ	小澤	6814
おざわ	小沢	6862
おし	押し	4994
おし	推し	5158
おし	オシ	6289
おし	おし	6527
おし	押	7155
おし	忍	7290
おしあげ	押し上げ	6720
おしあげ	押上	7535
おしあげる	押し上げる	7075
おしあて	押し当て	7343
おしあわせ	お幸せ	6919
おしい	惜しい	6320
おしい	押井	7439
おしいれ	押入れ	7018
おしいれ	押し入れ	7206
おしうり	押し売り	7205
おしえ	教え	4364
おしえ	教	6362
おしえ	おしえ	6610
おしえご	教え子	6611
おしえよ	教えよ	7334
おしえよう	教えよう	7328
おしえる	教える	5610
おしえろ	教えろ	7416
おしえをこえ	教えを請え	7056
おしおき	お仕置き	7146
おしかけ	押しかけ	7079
おしかっ	惜しかっ	7193
おしかつ	推し活	6975
おしかり	お叱り	7257
おしきっ	押し切っ	7189
おしきら	押し切ら	7553
おしきる	押し切る	7553
おしく	惜しく	7221
おしくも	惜しくも	6401
おしげ	惜しげ	7217
おしこま	押し込ま	7012
おしこみ	押し込み	6898
おしこむ	押し込む	6749
おしころし	押し殺し	7275
おしこん	押し込ん	6677
おしごと	お仕事	5302
おしさげ	押し下げ	7495
おしすすめ	推し進め	7001
おしすすめる	推し進める	7280
おした	押した	6263
おしたおし	押し倒し	7433
おしたて	お仕立て	7185
おしたら	押したら	7065
おしださ	押し出さ	7037
おしだし	押し出し	6572
おしだし	押出	7218
おしだす	押し出す	6937
おしっこ	おしっこ	6465
おしっこ	オシッコ	7363
おしつけ	押し付け	6271
おしつけ	押しつけ	7042
おしつける	押し付ける	6546
おしつける	押しつける	7331
おしつぶさ	押しつぶさ	7033
おしつぶさ	押し潰さ	7475
おして	押して	5389
おして	おして	7539
おしのけ	押しのけ	7418
おしのび	お忍び	7415
おしはらい	お支払い	5693
おしはらい	お支払	7530
おしばい	お芝居	6584
おしばな	押し花	7109
おしべ	雄しべ	7106
おしま	惜しま	6421
おしま	小島	7027
おしま	大島	7211
おしまい	おしまい	6229
おしみ	惜しみ	6809
おしむ	惜しむ	6920
おしめし	お示し	7169
おしゃ	おしゃ	7341
おしゃかさま	お釈迦様	6945
おしゃかさま	お釈迦さま	7332
おしゃぶり	おしゃぶり	7207
おしゃべり	おしゃべり	5911
おしゃべり	お喋り	6545
おしゃれ	おしゃれ	5167
おしゃれ	オシャレ	5456
おしゃれ	お洒落	5967
おしょう	和尚	7078
おしょうがつ	お正月	5880
おしょく	汚職	6973
おしょくじ	お食事	6215
おしよせ	押し寄せ	6535
おしよせる	押し寄せる	6934
おしらせ	お知らせ	4602
おしらせ	おしらせ	6739
おしらせめーる	お知らせメール	7277
おしらべ	お調べ	6877
おしり	おしり	6355
おしり	お知り	7185
おしりあい	お知り合い	6847
おしろすこーぷ	オシロスコープ	7474
おしん	惜しん	6988
おしん	おしん	7430
おしんこ	お新香	7470
おじ	おじ	6203
おじ	叔父	6497
おじ	伯父	7061
おじ	オジ	7453
おじいさん	おじいさん	6415
おじいさん	お爺さん	7121
おじいちゃん	おじいちゃん	6001
おじぎ	お辞儀	6646
おじぎ	おじぎ	7548
おじさん	おじさん	5458
おじさん	オジサン	6659
おじさん	叔父さん	7143
おじま	小島	7158
おじゃま	お邪魔	5930
おじゃま	おじゃま	6781
おじゃまじょ	おジャ魔女	7354
おじゃまじょどれみ	おジャ魔女どれみ	7534
おじゃる	おじゃる	7444
おじや	おじや	7523
おじょうさま	お嬢様	6191
おじょうさん	お嬢さん	6538
おじょうず	お上手	7535
おす	押す	5412
おす	オス	5760
おす	推す	6787
おす	雄	6818
おす	牡	6990
おす	おす	7216
おす	押忍	7524
おすい	汚水	6825
おすかる	オスカル	7103
おすかー	オスカー	6920
おすごし	お過ごし	5611
おすごしいただけ	お過ごしいただけ	7103
おすごしください	お過ごしください	7148
おすすみ	お進み	6667
おすすめ	おすすめ	4197
おすすめ	オススメ	4812
おすすめ	お勧め	5071
おすすめ	お薦め	6280
おすすめ	お奨め	6958
おすすめあいてむ	おすすめアイテム	7440
おすすめきじ	おすすめ記事	7077
おすすめしょうひん	おすすめ商品	7133
おすすめじゅん	おすすめ順	7299
おすすめじょうほう	おすすめ情報	7514
おすすめすぽっと	おすすめスポット	7560
おすすめど	おすすめ度	7187
おすすめぽいんと	おすすめポイント	6682
おすすめぽいんと	オススメポイント	7382
おすすめめにゅー	おすすめメニュー	7529
おすそわけ	お裾分け	6880
おすそわけ	おすそ分け	6992
おすそわけ	おすそわけ	7387
おすぷれい	オスプレイ	7084
おすまい	お住まい	5797
おすまい	お住い	6672
おすませ	お済ませ	7507
おすまん	オスマン	6819
おすみ	お済み	7025
おすみつき	お墨付き	6861
おすろ	オスロ	7347
おすわり	お座り	6918
おすわり	おすわり	7263
おず	オズ	6943
おずわるど	オズワルド	7345
おせ	押せ	6719
おせあにあ	オセアニア	7128
おせじ	お世辞	6859
おせち	おせち	6253
おせち	お節	7426
おせちりょうり	おせち料理	7343
おせっかい	おせっかい	7222
おせっかい	お節介	7238
おせる	押せる	7116
おせる	推せる	7332
おせろ	オセロ	7206
おせわ	お世話	5095
おせん	汚染	5738
おせんたく	お洗濯	7090
おぜ	尾瀬	6976
おぜき	尾関	7545
おぜんだて	お膳立て	7377
おそ	遅	5971
おそ	おそ	6518
おそ	悪阻	7421
おそい	遅い	5389
おそい	襲い	6668
おそいかかっ	襲いかかっ	7139
おそいかかっ	襲い掛かっ	7445
おそいかかる	襲いかかる	7092
おそいかかる	襲い掛かる	7236
おそいじかん	遅い時間	6826
おそう	襲う	6479
おそうしき	お葬式	7031
おそうじ	お掃除	6593
おそかっ	遅かっ	6379
おそかれ	遅かれ	7297
おそく	遅く	5252
おそく	おそく	7557
おそくとも	遅くとも	6976
おそさ	遅さ	7425
おそざき	遅咲き	7203
おそし	遅し	7279
おそっ	襲っ	6127
おそなえ	お供え	6512
おそばん	遅番	7316
おそめ	遅め	7176
おそらく	おそらく	5131
おそらく	恐らく	5648
おそらくは	おそらくは	6745
おそらくは	恐らくは	7091
おそる	恐る	6940
おそるおそる	恐る恐る	6660
おそるおそる	おそるおそる	7353
おそるべき	恐るべき	7146
おそるべし	恐るべし	7097
おそれ	おそれ	5688
おそれ	恐れ	5700
おそれ	恐	7024
おそれ	怖れ	7285
おそれ	虞	7386
おそれいり	恐れ入り	6459
おそれやま	恐山	7453
おそれる	恐れる	6549
おそろい	お揃い	6647
おそろい	おそろい	6885
おそろいで	お揃いで	7109
おそろし	恐ろし	6572
おそろしい	恐ろしい	5764
おそろしい	おそろしい	7350
おそろしく	恐ろしく	6775
おそろしさ	恐ろしさ	6716
おそわ	襲わ	5865
おそわっ	教わっ	6242
おそわり	教わり	6518
おそわる	教わる	6724
おそん	汚損	7201
おぞ	おぞ	6754
おぞましい	おぞましい	7238
おぞん	オゾン	6625
おた	オタ	6672
おた	ヲタ	6775
おた	織田	7037
おた	小田	7460
おたかい	お高い	6641
おたかめ	お高め	6956
おたから	お宝	6317
おたがい	お互い	5002
おたがいがんばり	お互い頑張り	7559
おたがいさま	お互い様	7221
おたがいに	お互いに	5653
おたがいのこと	お互いのこと	7437
おたきあげ	お焚き上げ	7528
おたく	オタク	5644
おたく	おたく	7044
おたけび	雄叫び	7102
おたしかめ	お確かめ	6928
おたすけ	お助け	6775
おたずね	お尋ね	6222
おたずね	おたずね	7491
おたち	お立ち	6274
おたちだい	お立ち台	7256
おたちより	お立ち寄り	6055
おたのしみ	お楽しみ	4922
おたのしみ	おたのしみ	7109
おたのしみ	お愉しみ	7180
おたふく	おたふく	7313
おたま	お玉	7051
おたまじゃくし	オタマジャクシ	7340
おためし	お試し	5309
おためし	おためし	7245
おたより	お便り	6627
おたる	小樽	6507
おたんじょうび	お誕生日	7003
おだ	織田	6323
おだ	小田	6728
おだ	尾田	6976
おだ	おだ	6989
おだいち	太田市	7340
おだいば	お台場	6627
おだいばこ	お題箱	7500
おだきゅう	小田急	6272
おだきゅうでんてつ	小田急電鉄	7409
おだぎり	オダギリ	7344
おだく	汚濁	7302
おだし	お出し	6482
おだのぶなが	織田信長	6737
おだやか	穏やか	5434
おだやか	おだやか	6850
おだわら	小田原	6237
おち	落ち	4895
おち	オチ	6135
おち	落	6510
おち	堕ち	6596
おち	おち	6641
おち	越智	7417
おちあい	落合	6442
おちいっ	陥っ	5980
おちいら	陥ら	7193
おちいり	陥り	6320
おちいりがち	陥りがち	7360
おちいりやすい	陥りやすい	7218
おちいる	陥る	6272
おちかた	遠方	6519
おちから	お力	6524
おちからぞえ	お力添え	7490
おちこち	遠近	7206
おちこぼれ	落ちこぼれ	7362
おちこま	落ち込ま	7373
おちこみ	落ち込み	6592
おちこむ	落ち込む	6406
おちこん	落ち込ん	6006
おちそう	落ちそう	7038
おちつい	落ち着い	5149
おちつい	落ちつい	7218
おちつか	落ち着か	6075
おちつき	落ち着き	5977
おちつく	落ち着く	5981
おちつけ	落ち着け	6947
おちつける	落ち着ける	6916
おちど	落ち度	6957
おちにくい	落ちにくい	7049
おちにくく	落ちにくく	7541
おちば	落ち葉	6371
おちば	落葉	6808
おちぶれ	落ちぶれ	7210
おちめ	落ち目	7549
おちゃ	お茶	5265
おちゃえ	お茶会	7373
おちゃかい	お茶会	7401
おちゃこ	お茶子	7372
おちゃづけ	お茶漬け	6845
おちゃのま	お茶の間	7071
おちゃのみず	御茶ノ水	7107
おちゃのみず	お茶の水	7308
おちゃのみずじょしだいがく	お茶の水女子大学	7296
おちゃめ	おちゃめ	7250
おちゃや	お茶屋	7128
おちやすい	落ちやすい	7216
おちやすく	落ちやすく	7407
おちゅうげん	お中元	6784
おちょこ	おちょこ	7562
おちる	落ちる	5481
おちる	堕ちる	7404
おっ	追っ	5911
おっ	おっ	6095
おっ	負っ	6151
おっ	折っ	6264
おっ	織っ	7231
おっかけ	追っかけ	6838
おっきい	おっきい	7239
おっきく	おっきく	7558
おっきな	おっきな	7389
おっくう	億劫	6984
おっくすふぉーど	オックスフォード	6995
おっくすふぉーどだいがく	オックスフォード大学	7555
おっけー	オッケー	6453
おっこち	落っこち	7464
おっこつ	乙骨	7418
おっさん	おっさん	5814
おっさん	オッサン	6314
おっしゃい	おっしゃい	6975
おっしゃっ	おっしゃっ	6210
おっしゃっ	仰っ	6302
おっしゃら	おっしゃら	7164
おっしゃら	仰ら	7425
おっしゃる	おっしゃる	6127
おっしゃる	仰る	6509
おっず	オッズ	6599
おっちゃん	おっちゃん	6572
おっちょこちょい	おっちょこちょい	7541
おって	追って	6336
おって	追手	7294
おっと	夫	4839
おっと	オット	6752
おっとで	夫で	7202
おっとまん	オットマン	7448
おっとり	おっとり	6767
おっとー	オットー	7554
おっどあい	オッドアイ	7533
おっぱい	おっぱい	6253
おっぱい	オッパイ	7556
おっぺんはいまー	オッペンハイマー	7500
おつ	乙	6487
おつ	おつ	6597
おつうじ	お通じ	7294
おつかい	お使い	5483
おつかい	おつかい	7371
おつかいいただけ	お使いいただけ	6584
おつかいいただけ	お使い頂け	7236
おつかれ	お疲れ	6256
おつかれ	おつかれ	7039
おつかれさま	お疲れ様	5425
おつかれさま	お疲れさま	6164
おつかれさま	おつかれさま	6573
おつき	おつき	7537
おつきあい	お付き合い	5644
おつきみ	お月見	7051
おつぎ	お次	6428
おつくり	お作り	6172
おつくり	お造り	7307
おつくり	おつくり	7495
おつけ	お付け	6355
おつけ	おつけ	7043
おつげ	お告げ	7119
おつこつ	乙骨	7317
おつたえ	お伝え	5103
おつたえください	お伝え下さい	7427
おつとめ	お勤め	6879
おつまみ	おつまみ	5866
おつや	お通夜	7221
おつり	お釣り	6818
おつり	おつり	7210
おつれ	お連れ	7118
おづ	小津	7199
おづくり	お造り	7185
おてあげ	お手上げ	7166
おてあらい	お手洗い	7010
おていれ	お手入れ	6207
おていれせい	お手入れ性	7329
おてかず	お手数	6743
おてがみ	お手紙	6623
おてすう	お手数	6008
おてだま	お手玉	7301
おてつだい	お手伝い	5562
おてつづき	お手続き	7181
おてのもの	お手の物	7505
おてほん	お手本	6303
おてまえ	お点前	7506
おてら	お寺	5750
おてん	汚点	7555
おてんき	お天気	6747
おでい	汚泥	6879
おでかけ	お出かけ	5536
おでかけ	おでかけ	6037
おでかけ	お出掛け	6624
おでかけまえ	お出かけ前	7512
おでこ	おでこ	6424
おでっせい	オデッセイ	7136
おでまし	お出まし	7463
おでむかえ	お出迎え	6331
おでん	おでん	6023
おでんわ	お電話	5499
おと	音	5017
おと	おと	6239
おと	オト	6915
おといあわせ	お問い合わせ	4531
おといあわせ	お問合せ	5366
おといあわせ	お問い合せ	6454
おといあわせ	お問合わせ	7435
おとうさん	お父さん	5483
おとうさん	おとうさん	7142
おとうさん	お義父さん	7405
おとうちゃん	お父ちゃん	7445
おとうと	弟	5305
おとうとたち	弟たち	7368
おとうとで	弟で	7354
おとうとぶん	弟分	7372
おとおし	お通し	6803
おとがめ	お咎め	7451
おとぎ	御伽	7533
おとぎの	おとぎの	7565
おとぎばなし	おとぎ話	6853
おとく	オトク	7119
おとくかん	お得感	7073
おとげ	音ゲ	7263
おとげー	音ゲー	7115
おとこ	男	4558
おとこ	漢	7050
おとこ	オトコ	7115
おとこぎ	男気	7465
おとこけ	男気	7438
おとこごころ	男心	7372
おとこたち	男たち	6305
おとこたち	男達	6952
おとこだ	男だ	6538
おとこだっ	男だっ	7015
おとこで	男で	7091
おとこともだち	男友達	7305
おとこどうし	男同士	7462
おとこな	男な	6977
おとこなら	男なら	7146
おとこのこ	男の子	5447
おとこはつらいよ	男はつらいよ	7336
おとこまえ	男前	6532
おとこやく	男役	6869
おとこゆ	男湯	7284
おとこらし	男らし	7034
おとこらしい	男らしい	6870
おとこらしく	男らしく	7083
おとこらしさ	男らしさ	7072
おとさ	落とさ	6041
おとさた	音沙汰	7146
おとし	落とし	5226
おとし	お年	6604
おとし	おとし	7082
おとし	落し	7187
おとしあな	落とし穴	6507
おとしいれ	陥れ	7157
おとしいれる	陥れる	7289
おとしこみ	落とし込み	6876
おとしこむ	落とし込む	6891
おとしこん	落とし込ん	6665
おとしだま	お年玉	6668
おとしぶた	落し蓋	7509
おとしめ	貶め	7398
おとしめる	貶める	7231
おとしもの	落とし物	7032
おとしもの	落し物	7477
おとしより	お年寄り	6280
おとす	落とす	5628
おとす	おとす	7554
おとずれ	訪れ	5049
おとずれる	訪れる	5449
おとせ	落とせ	6991
おとせる	落とせる	6813
おとそ	落とそ	7379
おとそう	落とそう	7373
おとだ	音だ	7245
おとだし	音出し	7360
おとっ	劣っ	6588
おとつい	一昨日	6674
おとづくり	音作り	7408
おとづれ	訪れ	6200
おとづれる	訪れる	6600
おととい	一昨日	6570
おととい	おととい	7145
おととし	一昨年	6353
おととし	おととし	7383
おとど	大臣	6806
おとどけ	お届け	4902
おとどけで	お届け出	7553
おとな	大人	4620
おとな	おとな	6459
おとな	オトナ	6558
おとな	音な	7321
おとなかわいい	大人可愛い	7122
おとなかわいい	大人かわいい	7145
おとながい	大人買い	7321
おとなげ	大人気	7068
おとなげ	大人げ	7458
おとなし	音無	7510
おとなしい	おとなしい	6715
おとなしい	大人しい	6739
おとなしく	大人しく	6272
おとなしく	おとなしく	6514
おとなじょし	大人女子	7367
おとなじょせい	大人女性	7516
おとなたち	大人たち	6905
おとなっぽ	大人っぽ	7479
おとなっぽい	大人っぽい	7097
おとなっぽく	大人っぽく	6520
おとなっぽさ	大人っぽさ	7338
おとなのじじょう	大人の事情	7298
おとなのほう	大人の方	6925
おとなび	大人び	6998
おとなよう	大人用	7520
おとなり	お隣	6048
おとべ	音部	7302
おとまり	お泊まり	6659
おとまり	お泊り	6748
おとめ	乙女	5986
おとめ	おとめ	7013
おとめ	少女	7550
おとめ	オトメ	7563
おとめざ	乙女座	7105
おとめざ	おとめ座	7395
おとも	お供	6049
おとも	オトモ	7263
おともだち	お友達	5995
おともれ	音漏れ	7328
おとら	劣ら	6535
おとり	劣り	6823
おとり	お取り	6881
おとり	囮	6981
おとり	おとり	7257
おとり	オトリ	7542
おとりあつかい	お取り扱い	6269
おとりあつかい	お取扱い	6948
おとりおき	お取り置き	6422
おとりつけ	お取り付け	7364
おとりひき	お取引	6554
おとりひき	お取り引き	7557
おとりよせ	お取り寄せ	6231
おとる	劣る	6253
おとろえ	衰え	6386
おとろえる	衰える	7033
おとわ	音羽	7379
おどかし	脅かし	7146
おどかす	脅かす	6721
おどけ	おどけ	7440
おどさ	脅さ	6934
おどし	脅し	6514
おどす	脅す	7244
おどっ	踊っ	5765
おどら	踊ら	6527
おどら	躍ら	7413
おどり	踊り	5698
おどり	おどり	6675
おどり	踊	6952
おどり	躍り	7454
おどりこ	踊り子	6621
おどりで	躍り出	7317
おどりば	踊り場	7084
おどる	踊る	5821
おどる	躍る	7201
おどる	おどる	7371
おどれ	踊れ	6966
おどれる	踊れる	6771
おどろ	棘	6998
おどろ	踊ろ	7173
おどろい	驚い	5386
おどろう	踊ろう	7201
おどろおどろしい	おどろおどろしい	7538
おどろか	驚か	6078
おどろかさ	驚かさ	6319
おどろき	驚き	5363
おどろき	驚	7127
おどろき	おどろき	7429
おどろく	驚く	5468
おないどし	同い年	6425
おなおし	お直し	6698
おなか	お腹	5165
おなか	おなか	6080
おなかいっぱい	お腹いっぱい	6402
おなかいっぱい	おなかいっぱい	7471
おなかがすい	お腹が空い	6899
おなかまわり	お腹周り	7418
おながわ	女川	7374
おなくなりになっ	お亡くなりになっ	7142
おなくなりになら	お亡くなりになら	7465
おなくなりになり	お亡くなりになり	7549
おなじ	同じ	3943
おなじ	おなじ	6714
おなじあじ	同じ味	7519
おなじあつかい	同じ扱い	7552
おなじいち	同じ位置	7178
おなじいみ	同じ意味	6908
おなじいろ	同じ色	6900
おなじおと	同じ音	7549
おなじおもい	同じ思い	7543
おなじかいしゃ	同じ会社	7195
おなじかお	同じ顔	7516
おなじかたち	同じ形	7253
おなじかんかく	同じ感覚	7015
おなじかんきょう	同じ環境	7411
おなじかんじ	同じ感じ	7318
おなじがっこう	同じ学校	7399
おなじきもち	同じ気持ち	6984
おなじきょく	同じ曲	7407
おなじく	同じく	5203
おなじくうかん	同じ空間	7183
おなじくらす	同じクラス	7066
おなじぐるーぷ	同じグループ	7458
おなじけいけん	同じ経験	7484
おなじけっか	同じ結果	7210
おなじげんしょう	同じ現象	7380
おなじげんり	同じ原理	7561
おなじこうか	同じ効果	7215
おなじこと	同じこと	5961
おなじこと	同じ事	7107
おなじことば	同じ言葉	7307
おなじころ	同じ頃	7293
おなじごと	同じ事	7035
おなじさいず	同じサイズ	7179
おなじしごと	同じ仕事	7430
おなじしっぱい	同じ失敗	7558
おなじしつもん	同じ質問	7352
おなじしゅみ	同じ趣味	7554
おなじしょうじょう	同じ症状	7145
おなじしょうひん	同じ商品	7110
おなじしょくば	同じ職場	7302
おなじじかん	同じ時間	6893
おなじじき	同じ時期	7082
おなじじだい	同じ時代	7446
おなじじょうきょう	同じ状況	7028
おなじじょうけん	同じ条件	7207
おなじじょうたい	同じ状態	7116
おなじそざい	同じ素材	7559
おなじたいぷ	同じタイプ	7539
おなじたいみんぐ	同じタイミング	7061
おなじたちば	同じ立場	7352
おなじだいがく	同じ大学	7564
おなじちーむ	同じチーム	7275
おなじてじゅん	同じ手順	7476
おなじでざいん	同じデザイン	7283
おなじところ	同じところ	7006
おなじとし	同じ年	7363
おなじどひょう	同じ土俵	7393
おなじないよう	同じ内容	6941
おなじなまえ	同じ名前	7048
おなじなやみ	同じ悩み	7517
おなじにんげん	同じ人間	7245
おなじね	同じ値	7477
おなじねだん	同じ値段	7420
おなじの	同じの	7538
おなじはなし	同じ話	7548
おなじばあい	同じ場合	7387
おなじばしょ	同じ場所	6358
おなじぱたーん	同じパターン	7521
おなじひ	同じ日	6815
おなじひと	同じ人	6857
おなじへや	同じ部屋	7136
おなじほうこう	同じ方向	6873
おなじほうほう	同じ方法	7127
おなじみ	おなじみ	5869
おなじみ	お馴染み	5911
おなじみち	同じ道	7183
おなじめせん	同じ目線	7220
おなじもくひょう	同じ目標	7354
おなじもの	同じもの	6097
おなじもの	同じ物	7069
おなじよう	同じよう	5140
おなじよう	同じ様	6575
おなじようりょう	同じ要領	7292
おなじりゆう	同じ理由	7048
おなじれべる	同じレベル	7119
おなにー	オナニー	7086
おなはま	小名浜	7503
おなべ	お鍋	6441
おなまえ	お名前	5915
おなやみ	お悩み	5424
おなら	おなら	6969
おなら	オナラ	7255
おならび	お並び	6978
おなり	姉妹	6874
おに	鬼	5175
おに	オニ	6960
おに	おに	7527
おにあい	お似合い	6288
おにいさん	お兄さん	5887
おにいさん	おにいさん	7259
おにおん	オニオン	6674
おにがしま	鬼ヶ島	7410
おにがわら	鬼瓦	7419
おにぎり	おにぎり	5559
おにごっこ	鬼ごっこ	6736
おにたろう	鬼太郎	7201
おにづか	鬼塚	7375
おにになっ	鬼になっ	7542
おにび	鬼火	7358
おにまる	鬼丸	7442
おにめつ	鬼滅	7459
おぬし	お主	7252
おね	尾根	5965
おね	おね	6704
おねえ	オネエ	7391
おねえさん	お姉さん	5738
おねえさん	おねえさん	7025
おねがい	お願い	3964
おねがい	おねがい	6192
おねがい	御願い	7094
おねがいごと	お願い事	7400
おねがいします	おねがいします	6773
おねがいもうしあげ	お願い申し上げ	6377
おねさげ	お値下げ	6623
おねさげふか	お値下げ不可	7496
おねしょ	おねしょ	7289
おねだり	おねだり	6826
おねだんてき	お値段的	6575
おねびき	お値引き	6783
おの	小野	6050
おの	斧	6272
おの	おの	6441
おの	オノ	7104
おの	尾野	7363
おのえ	尾上	7421
おのおの	各々	6182
おのこ	男子	6435
おのずと	自ずと	6717
おのずと	おのずと	6946
おのぞみ	お望み	7224
おのだ	小野田	7133
おのでら	小野寺	6898
おのまとぺ	オノマトペ	7231
おのみ	お飲み	7238
おのみち	尾道	6428
おのり	お乗り	6916
おのれ	己	5930
おのれ	おのれ	7147
おは	尾羽	7409
おはいお	オハイオ	7166
おはいり	お入り	7381
おはかまいり	お墓参り	6939
おはぎ	おはぎ	6517
おはこ	おはこ	7402
おはこび	お運び	6781
おはじき	おはじき	7421
おはずかしい	お恥ずかしい	7018
おはつ	お初	6859
おはな	お花	6660
おはなし	お話	4730
おはなし	お話し	5369
おはなし	おはなし	6531
おはなしいただき	お話しいただき	7042
おはなしいただき	お話いただき	7216
おはなばたけ	お花畑	6728
おはなみ	お花見	6679
おはやめ	お早め	5658
おはよ	おはよ	6777
おはよう	おはよう	5230
おはよう	お早う	7502
おはよー	おはよー	7057
おはら	小原	7343
おはら	大原	7435
おはらい	お祓い	6750
おば	おば	5900
おば	叔母	6540
おば	オバ	7023
おば	伯母	7055
おばあさん	おばあさん	6512
おばあさん	お婆さん	7143
おばあちゃん	おばあちゃん	5800
おばあちゃん	お婆ちゃん	7220
おばか	おバカ	7257
おばけ	お化け	6358
おばけ	おばけ	6418
おばけ	オバケ	6851
おばけやしき	お化け屋敷	7187
おばさま	おばさま	7432
おばさん	おばさん	5907
おばさん	オバサン	6983
おばさん	叔母さん	7392
おばた	小幡	7544
おばちゃん	おばちゃん	6763
おばな	雄花	7123
おばま	オバマ	6751
おばま	小浜	7400
おばやし	小林	6164
おばら	小原	7338
おばんざい	おばんざい	7073
おぱーる	オパール	6988
おひかえ	お控え	5716
おひき	お引き	7518
おひきうけ	お引き受け	7236
おひきたて	お引き立て	7022
おひきとり	お引き取り	7428
おひきわたし	お引渡し	7185
おひきわたし	お引き渡し	7325
おひさしぶり	お久しぶり	6076
おひさま	おひさま	6860
おひさま	お日様	7031
おひたし	おひたし	6930
おひたし	お浸し	7190
おひっこし	お引越し	6732
おひっこし	お引っ越し	7413
おひつじざ	牡羊座	7101
おひつじざ	おひつじ座	7546
おひとよし	お人好し	7334
おひなさま	お雛様	6993
おひめさま	お姫様	6444
おひめさま	お姫さま	7542
おひらき	お開き	7167
おひる	お昼	5512
おひるどき	お昼時	7155
おひるね	お昼寝	6803
おひろめ	お披露目	6049
おび	帯	5800
おび	帯び	6060
おび	おび	7061
おび	オビ	7144
おびあげ	帯揚げ	7346
おびえ	怯え	6488
おびえ	おびえ	7288
おびえる	怯える	7051
おびじめ	帯締め	7250
おびじょう	帯状	7192
おびただしい	おびただしい	7433
おびと	オビト	7329
おびひろ	帯広	6373
おびやかさ	脅かさ	7011
おびる	帯びる	7157
おびれ	尾びれ	7377
おぴおいど	オピオイド	7287
おぴにおん	オピニオン	6893
おふ	オフ	5701
おふぁー	オファー	5963
おふぃしゃる	オフィシャル	6458
おふぃしゃるさいと	オフィシャルサイト	6720
おふぃしゃるぶろぐ	オフィシャルブログ	7279
おふぃす	オフィス	5198
おふぃすかじゅある	オフィスカジュアル	7545
おふぃすびる	オフィスビル	7251
おふぇんす	オフェンス	6793
おふかい	オフ会	6480
おふくろ	おふくろ	7163
おふくろ	お袋	7353
おふさいど	オフサイド	7247
おふしょあ	オフショア	7008
おふしょっと	オフショット	6490
おふしーずん	オフシーズン	6912
おふせ	お布施	7041
おふせっと	オフセット	6409
おふだ	御札	7421
おふほわいと	オフホワイト	6997
おふらいん	オフライン	6106
おふりこみ	お振込み	6896
おふろば	お風呂場	6887
おふろーど	オフロード	6376
おぶ	オブ	6173
おぶざーばー	オブザーバー	7282
おぶじぇ	オブジェ	6195
おぶじぇくと	オブジェクト	5417
おぶつ	汚物	6942
おぶらーと	オブラート	7460
おぷしょなるつあー	オプショナルツアー	7442
おぷしょん	オプション	5051
おぷとあうと	オプトアウト	7195
おぷといん	オプトイン	7556
おへや	お部屋	5343
おへんじ	お返事	6464
おべりすく	オベリスク	7318
おべろん	オベロン	7504
おべんきょう	お勉強	6905
おべんとうばこ	お弁当箱	6912
おぺ	オペ	6453
おぺあんぷ	オペアンプ	7417
おぺら	オペラ	5920
おぺらざのかいじん	オペラ座の怪人	7480
おぺらんど	オペランド	7338
おぺれった	オペレッタ	7564
おぺれーしょん	オペレーション	6286
おぺれーた	オペレータ	6803
おぺれーたー	オペレーター	6233
おぺれーてぃんぐ	オペレーティング	6989
おぺれーてぃんぐしすてむ	オペレーティングシステム	6873
おぺれーてぃんぐしすてむ	オペレーティング・システム	7445
おほめ	お褒め	6633
おほーつく	オホーツク	6728
おぼえ	覚え	4801
おぼえ	憶え	6764
おぼえ	おぼえ	6782
おぼえがき	覚書	6731
おぼえがき	覚え書き	7359
おぼえやすい	覚えやすい	6890
おぼえやすく	覚えやすく	7436
おぼえよ	覚えよ	6971
おぼえよう	覚えよう	6964
おぼえる	覚える	5533
おぼえる	おぼえる	7329
おぼえれ	覚えれ	7091
おぼしき	思しき	6972
おぼしき	おぼしき	7470
おぼつかない	おぼつかない	7485
おぼれ	溺れ	6592
おぼれる	溺れる	7058
おぼろ	朧	7327
おぼろ	おぼろ	7345
おぼろげ	おぼろげ	7290
おぼん	お盆	5636
おぼんやすみ	お盆休み	6997
おまい	おまい	7325
おまいり	お参り	6024
おまいり	お詣り	7263
おまえ	お前	5034
おまえ	おまえ	5916
おまえ	オマエ	6761
おまえざき	御前崎	7336
おまえたち	お前たち	7060
おまえら	お前ら	5917
おまかせ	お任せ	5500
おまかせ	おまかせ	6216
おまけ	おまけ	5533
おまけ	オマケ	6379
おまごさん	お孫さん	6801
おまじない	おまじない	6634
おまた	お待た	5963
おまたせ	おまたせ	7542
おまち	お待ち	4589
おまちかね	お待ちかね	7015
おまちがい	お間違い	6991
おまちがえ	お間違え	7063
おまちください	お待ち下さい	6828
おまちください	お待ちください	7441
おまちもうしあげ	お待ち申し上げ	6646
おまつり	お祭り	5701
おまつり	お祀り	6974
おまつり	お祭	7545
おまつりさわぎ	お祭り騒ぎ	7347
おまとめ	おまとめ	6294
おまねき	お招き	6113
おままごと	おままごと	7443
おまもり	お守り	6006
おまもり	御守	7478
おまる	おまる	7484
おまわりさん	おまわりさん	7345
おまわりさん	お巡りさん	7364
おまーじゅ	オマージュ	6492
おまーる	オマール	7337
おまーん	オマーン	7305
おみあい	お見合い	6305
おみうけ	お見受け	7385
おみおくり	お見送り	6573
おみかけ	お見かけ	7020
おみくじ	おみくじ	6408
おみくろん	オミクロン	6995
おみこし	お神輿	7147
おみこし	御神輿	7470
おみせ	お見せ	6263
おみせ	おみせ	7484
おみつもり	お見積り	6328
おみつもり	お見積もり	6604
おみとおし	お見通し	7414
おみのがし	お見逃し	6000
おみまい	お見舞い	6263
おみや	お宮	7352
おみや	おみや	7497
おみやげ	お土産	5900
おみやげ	おみやげ	6475
おみやまいり	お宮参り	7220
おむ	オム	7435
おむかい	お向かい	7383
おむかえ	お迎え	5592
おむすび	おむすび	6461
おむつ	おむつ	6190
おむつ	オムツ	6280
おむにちゃねる	オムニチャネル	7542
おむにばす	オムニバス	7008
おむらいす	オムライス	6240
おむれつ	オムレツ	6564
おむろ	小室	6981
おむろん	オムロン	7206
おめ	おめ	6673
おめい	汚名	7214
おめえ	おめえ	7566
おめかし	おめかし	7169
おめが	オメガ	6356
おめし	お召	6875
おめしあがり	お召し上がり	6001
おめでたい	おめでたい	6774
おめでと	おめでと	7101
おめでとう	おめでとう	5045
おめでとうございます	おめでとうございます	5486
おめでとうございます	おめでとう御座います	7443
おめでとー	おめでとー	7393
おめにかかっ	お目にかかっ	7417
おめにかかり	お目にかかり	7433
おめにかかる	お目にかかる	7346
おめみえ	お目見え	6872
おも	主	5235
おも	重	5589
おも	おも	6466
おもい	思い	3486
おもい	想い	5360
おもい	重い	5366
おもい	おもい	5909
おもい	思	6677
おもいあたる	思い当たる	6730
おもいいれ	思い入れ	6209
おもいうかば	思い浮かば	6867
おもいうかび	思い浮かび	6885
おもいうかぶ	思い浮かぶ	6629
おもいうかべ	思い浮かべ	6366
おもいうかべる	思い浮かべる	6490
おもいうかん	思い浮かん	6965
おもいえがい	思い描い	6627
おもいえがく	思い描く	6869
おもいおこさ	思い起こさ	6917
おもいおこし	思い起こし	7275
おもいおこす	思い起こす	7415
おもいおもい	思い思い	6510
おもいかえし	思い返し	6725
おもいかえす	思い返す	6946
おもいかえせ	思い返せ	7152
おもいがけ	思いがけ	6852
おもいがけない	思いがけない	6712
おもいがち	思いがち	6925
おもいきっ	思い切っ	5944
おもいきっ	思いきっ	7026
おもいきり	思い切り	6414
おもいきり	思いきり	7180
おもいこしをあげ	重い腰を上げ	7500
おもいこま	思い込ま	7521
おもいこみ	思い込み	6439
おもいこむ	思い込む	7098
おもいこん	思い込ん	6141
おもいこん	思いこん	7239
おもいしっ	思い知っ	7377
おもいしらさ	思い知らさ	6781
おもいしる	思い知る	7479
おもいたち	思い立ち	6982
おもいたっ	思い立っ	6487
おもいださ	思い出さ	6224
おもいだし	思い出し	5163
おもいだし	思いだし	7405
おもいだす	思い出す	5704
おもいだせ	思い出せ	6443
おもいだせる	思い出せる	7021
おもいだそ	思い出そ	7432
おもいだそう	思い出そう	7425
おもいちがい	思い違い	7417
おもいっきり	思いっきり	5896
おもいつい	思いつい	6116
おもいつい	思い付い	7199
おもいつか	思いつか	6404
おもいつか	思い付か	7542
おもいつき	思いつき	6429
おもいつき	思い付き	7324
おもいつく	思いつく	6371
おもいつく	思い付く	7524
おもいで	思い出	4988
おもいで	思いで	6239
おもいで	想い出	6403
おもいで	おもいで	7291
おもいでばなし	思い出話	7365
おもいでぶかい	思い出深い	6837
おもいどおり	思い通り	6323
おもいなおし	思い直し	7277
おもいなやむ	思い悩む	7372
おもいなやん	思い悩ん	7346
おもいにもつ	重い荷物	7113
おもいのほか	思いの外	6911
おもいのほか	思いのほか	7412
おもいやっ	思いやっ	7434
おもいやり	思いやり	6316
おもいやる	思いやる	6748
おもいをはせ	思いを馳せ	6891
おもいをはせ	想いを馳せ	7320
おもいをはせる	思いを馳せる	7224
おもう	思う	3946
おもう	おもう	6337
おもう	想う	6469
おもうしこみ	お申し込み	5469
おもうしこみ	お申込み	6134
おもうしこみ	お申込	7357
おもうしこみしゃ	お申込者	7143
おもうしつけ	お申し付け	6312
おもうしで	お申し出	6508
おもうしで	お申出	7493
おもうぞんぶん	思う存分	6502
おもえ	思え	5369
おもえる	思える	5355
おもえん	思えん	7205
おもお	思お	7357
おもおう	思おう	7563
おもかげ	面影	6365
おもかっ	重かっ	6943
おもき	重き	6570
おもく	重く	5686
おもくるしい	重苦しい	7314
おもさ	重さ	6184
おもし	重し	7181
おもし	重石	7396
おもしろ	面白	5543
おもしろ	おもしろ	6270
おもしろ	オモシロ	7449
おもしろい	面白い	4765
おもしろい	おもしろい	5741
おもしろいげーむ	面白いゲーム	7366
おもしろいさくひん	面白い作品	7187
おもしろいはなし	面白い話	7128
おもしろいひと	面白い人	7537
おもしろいびと	面白い人	7535
おもしろおかしく	面白おかしく	7168
おもしろかっ	面白かっ	5478
おもしろかっ	おもしろかっ	6506
おもしろがっ	面白がっ	6998
おもしろく	面白く	5500
おもしろく	おもしろく	6551
おもしろさ	面白さ	5848
おもしろさ	おもしろさ	7111
おもしろそう	面白そう	6228
おもしろそう	おもしろそう	7511
おもしろみ	面白み	6820
おもしろみ	面白味	7239
おもた	重た	7375
おもたい	重たい	6244
おもたく	重たく	6738
おもだった	主だった	7332
おもち	お持ち	6350
おもちかえり	お持ち帰り	6119
おもちこみ	お持ち込み	6696
おもちゃ	おもちゃ	5413
おもちゃ	玩具	6516
おもちゃ	オモチャ	6604
おもっ	思っ	3758
おもっ	おもっ	6255
おもっ	想っ	6597
おもて	表	5521
おもて	面	5812
おもて	オモテ	7406
おもて	おもて	7438
おもてがき	表書き	7472
おもてがわ	表側	6492
おもてがわひょうじ	表側表示	7315
おもてさんどう	表参道	6295
おもてじ	表地	6993
おもてだっ	表立っ	7254
おもてどおり	表通り	7526
おもてなし	おもてなし	5870
おもてぶたい	表舞台	7179
おもてむき	表向き	6634
おもとめ	お求め	5895
おもとめやすい	お求めやすい	7348
おもどり	お戻り	7428
おもな	主な	5735
おもなが	面長	7076
おもに	主に	4960
おもに	おもに	6678
おもに	重荷	6903
おもは	思は	7320
おもひ	思ひ	6772
おもふ	思ふ	6956
おもみ	重み	6084
おもむい	赴い	6973
おもむき	趣	6206
おもむき	赴き	6909
おもむき	趣き	7083
おもむく	赴く	6762
おもむろに	おもむろに	7017
おもめ	重め	6736
おももち	面持ち	6859
おもや	母屋	7348
おもり	おもり	6834
おもり	お守り	6866
おもり	オモリ	6947
おもり	重り	6959
おもり	錘	7474
おもろ	おもろ	7124
おもろ	オモロ	7527
おもろい	おもろい	6380
おもろかっ	おもろかっ	7188
おもわ	思わ	4501
おもわ	おもわ	7170
おもわ	想わ	7316
おもわく	思惑	6371
おもわさ	思わさ	6895
おもわず	思わず	5373
おもわず	おもわず	7482
おもわせぶり	思わせぶり	7293
おもわん	思わん	6945
おもんじ	重んじ	6973
おもんじる	重んじる	6888
おもんない	おもんない	7339
おや	親	4758
おや	おや	6233
おやかた	親方	6463
おやかぶ	親株	7343
おやがいしゃ	親会社	6361
おやき	親機	7007
おやき	おやき	7418
おやくそく	お約束	6287
おやくだち	お役立ち	6218
おやくだて	お役立て	6513
おやくにたち	お役に立ち	6934
おやくにたつ	お役に立つ	7139
おやくにたて	お役に立て	6741
おやくにたてる	お役に立てる	6668
おやくにたてれ	お役に立てれ	6806
おやこ	親子	5218
おやこ	母娘	6955
おやこ	父娘	7440
おやこうこう	親孝行	6899
おやこかんけい	親子関係	7047
おやこづれ	親子連れ	7096
おやご	親御	6082
おやごころ	親心	7254
おやしらず	親知らず	6648
おやじ	親父	6204
おやじ	オヤジ	6335
おやじ	おやじ	6454
おやすい	お安い	6725
おやすく	お安く	6187
おやすみ	お休み	5359
おやすみ	おやすみ	6206
おやすみなさい	おやすみなさい	6520
おやたち	親たち	7261
おやだ	親だ	7403
おやだま	親玉	7483
おやつ	おやつ	5460
おやで	親で	7047
おやどり	親鳥	7157
おやばなれ	親離れ	7492
おやぶん	親分	6743
おやま	小山	6724
おやま	お山	6932
おやま	おやま	7121
おやま	大山	7524
おやまだ	小山田	7215
おやめ	おやめ	6776
おやもと	親元	7089
おやゆび	親指	6021
おゆ	お湯	5460
おゆずり	お譲り	6143
おゆるし	お許し	6518
およい	泳い	6069
およかわ	及川	7377
およが	泳が	7400
およがせ	泳がせ	6901
およぎ	泳ぎ	6427
およぐ	泳ぐ	6152
およげ	泳げ	7102
およげる	泳げる	6875
およせ	お寄せ	6322
およそ	およそ	5776
およば	及ば	6176
およばれ	お呼ばれ	6942
および	及び	4388
および	および	4567
および	お呼び	6706
およぶ	及ぶ	5931
およぶ	およぶ	6851
およぼさ	及ぼさ	7206
およぼし	及ぼし	6208
およぼす	及ぼす	5742
およぼす	およぼす	7523
およみ	お読み	5510
おより	お寄り	7501
およろこび	お喜び	6941
およろこび	お慶び	7149
およろこびもうしあげ	お慶び申し上げ	7282
およん	及ん	6392
おら	おら	5264
おら	居ら	6610
おら	オラ	6914
おら	折ら	6928
おら	織ら	7217
おらおら	オラオラ	7376
おらくる	オラクル	7243
おらくるかーど	オラクルカード	7446
おらふ	オラフ	7409
おらん	おらん	6467
おらんうーたん	オランウータン	7417
おらんだ	オランダ	5801
おり	おり	3597
おり	降り	5368
おり	折り	6025
おり	折	6118
おり	下り	6153
おり	織り	6413
おり	オリ	6432
おり	織	6553
おりあい	折り合い	7000
おりあげ	織り上げ	7408
おりえんたる	オリエンタル	6756
おりえんてーしょん	オリエンテーション	6783
おりえんと	オリエント	7316
おりおり	折々	6407
おりおん	オリオン	6726
おりかえし	折り返し	6122
おりかえし	折返し	7179
おりかえす	折り返す	6962
おりがみ	折り紙	6096
おりがみ	おりがみ	7251
おりがみつき	折り紙付き	7536
おりこま	織り込ま	7173
おりこみ	折込	7227
おりこみ	折り込み	7392
おりこみ	織り込み	7505
おりこん	オリコン	6833
おりこん	織り込ん	7069
おりご	オリゴ	7010
おりしも	折しも	7431
おりじなりてぃ	オリジナリティ	6486
おりじなりてぃー	オリジナリティー	7332
おりじなる	オリジナル	4845
おりじなるきょく	オリジナル曲	7127
おりじなるぐっず	オリジナルグッズ	6453
おりじなるしょうひん	オリジナル商品	7343
おりじなるすとーりー	オリジナルストーリー	7525
おりじなるでざいん	オリジナルデザイン	7462
おりじなるばん	オリジナル版	7343
おりじん	オリジン	6806
おりた	織田	6725
おりたたま	折りたたま	7475
おりたたみ	折りたたみ	6418
おりたたみ	折り畳み	6450
おりたたむ	折りたたむ	7083
おりたたん	折りたたん	6562
おりたたん	折り畳ん	6844
おりたち	降り立ち	7404
おりたつ	降り立つ	7241
おりだ	織田	6891
おりっくす	オリックス	6262
おりづる	折り鶴	7299
おりなす	織りなす	6564
おりなす	織り成す	7089
おりばー	オリバー	7286
おりぱ	オリパ	7398
おりひめ	織姫	6985
おりびあ	オリビア	7384
おりべ	織部	7413
おりまげ	折り曲げ	6811
おりまぜ	織り交ぜ	6680
おりめ	折り目	6690
おりもの	織物	6424
おりもの	おりもの	7053
おりゃ	おりゃ	6907
おりょうり	お料理	5950
おりよ	降りよ	7490
おりよう	降りよう	7487
おりる	降りる	5973
おりる	下りる	6734
おりる	おりる	7431
おりん	おりん	7364
おりんぱす	オリンパス	6934
おりんぴあ	オリンピア	7367
おりんぴっく	オリンピック	5389
おりーぶ	オリーブ	5603
おりーぶおいる	オリーブオイル	6023
おりーぶゆ	オリーブ油	6791
おる	おる	5936
おる	折る	6651
おる	織る	7241
おるが	オルガ	7397
おるがん	オルガン	6619
おるごーる	オルゴール	6770
おるすばん	お留守番	7075
おるた	オルタ	7393
おるたなてぃぶ	オルタナティブ	7077
おるたねーたー	オルタネーター	7278
おると	オルト	7514
おるふぇ	オルフェ	7527
おるふぇんず	オルフェンズ	7511
おれ	俺	4392
おれ	オレ	5526
おれ	折れ	5597
おれ	おれ	5820
おれ	居れ	7564
おれい	お礼	5535
おれい	御礼	6031
おれいもうしあげ	お礼申し上げ	6920
おれいもうしあげ	御礼申し上げ	7465
おれいんさん	オレイン酸	7451
おれお	オレオ	7235
おれおれ	オレオレ	7388
おれがの	オレガノ	7340
おれごん	オレゴン	7067
おれせん	折れ線	7147
おれそう	折れそう	7167
おれたち	俺達	6375
おれまがっ	折れ曲がっ	7473
おれまがり	折れ曲がり	7547
おれる	折れる	6508
おれる	織れる	7356
おれん	おれん	7506
おれんじ	オレンジ	5306
おれんじいろ	オレンジ色	6804
おれんじしょく	オレンジ色	7266
おれんじじゅーす	オレンジジュース	7130
おれんじぴーる	オレンジピール	7349
おろ	おろ	6907
おろ	オロ	7236
おろおろ	オロオロ	7476
おろか	愚か	6345
おろか	おろか	6623
おろか	疎か	7122
おろか	魯	7157
おろかもの	愚か者	7200
おろさ	降ろさ	7132
おろさ	下ろさ	7412
おろし	おろし	5888
おろし	下ろし	6234
おろし	卸	6358
おろし	降ろし	6518
おろし	卸し	6953
おろしうり	卸売	6344
おろしうり	卸売り	7369
おろしにんにく	おろしにんにく	7423
おろす	下ろす	6775
おろす	降ろす	7040
おろす	おろす	7050
おろそか	おろそか	6856
おろそか	疎か	7282
おろち	オロチ	7040
おろち	大蛇	7117
おろち	おろち	7518
おわ	追わ	5849
おわ	負わ	6201
おわ	おわ	7244
おわかり	お分かり	6363
おわかり	おわかり	6788
おわかれ	お別れ	6017
おわこん	オワコン	6879
おわさ	負わさ	7441
おわすれ	お忘れ	6511
おわたし	お渡し	5758
おわっ	終わっ	4813
おわっ	おわっ	6929
おわっ	終っ	6971
おわった	終わった	5265
おわった	おわった	7377
おわび	お詫び	6020
おわび	おわび	7308
おわびもうしあげ	お詫び申し上げ	6800
おわら	終わら	5538
おわらい	お笑い	5664
おわらいげいにん	お笑い芸人	6871
おわらいこんび	お笑いコンビ	6988
おわらせない	終わらせない	7238
おわり	終わり	4802
おわり	おわり	6102
おわり	終	6741
おわり	終り	6848
おわり	尾張	6968
おわりあさひ	尾張旭	7544
おわりから	終わりから	7262
おわりそう	終わりそう	6828
おわりにし	終わりにし	7551
おわりにちかづい	終わりに近づい	7150
おわりね	終値	7016
おわりゃ	終わりゃ	6907
おわりをつげ	終わりを告げ	7471
おわる	終わる	5248
おわる	終る	7334
おわる	おわる	7512
おわれ	終われ	6485
おわろ	終わろ	6907
おわろう	終わろう	7052
おわん	終わん	6907
おん	音	5108
おん	オン	5876
おん	おん	6118
おん	恩	6435
おん	王	7241
おんあつ	音圧	6993
おんいき	音域	6346
おんいん	音韻	7486
おんえあ	オンエア	6377
おんおふ	オンオフ	6728
おんかい	音階	6807
おんかじ	オンカジ	7512
おんかん	音感	7009
おんがえし	恩返し	6289
おんがく	音楽	4501
おんがくか	音楽家	6335
おんがくかい	音楽会	7542
おんがくかつどう	音楽活動	6833
おんがくかんしょう	音楽鑑賞	7547
おんがくがくぶ	音楽学部	7521
おんがくきょうしつ	音楽教室	7468
おんがくぎょうかい	音楽業界	7369
おんがくしつ	音楽室	7368
おんがくせい	音楽性	7086
おんがくせいさく	音楽制作	7533
おんがくてき	音楽的	7011
おんがくばんぐみ	音楽番組	7319
おんがっかい	音楽会	6900
おんきょう	音響	5968
おんぎ	恩義	7384
おんけい	恩恵	5927
おんけん	穏健	7414
おんげん	音源	5742
おんこう	温厚	7001
おんこちしん	温故知新	7482
おんさ	音叉	7531
おんさいと	オンサイト	7354
おんし	恩師	6515
おんし	恩賜	7333
おんしつ	音質	5819
おんしつ	温室	6199
おんしつこうかがす	温室効果ガス	7496
おんしゃ	御社	6429
おんしょう	温床	7141
おんしょく	音色	6173
おんしん	音信	6841
おんしんふつう	音信不通	7144
おんじょう	音声	5867
おんじょう	温情	7523
おんじん	恩人	6840
おんす	オンス	7126
おんすい	温水	6416
おんせい	音声	5423
おんせいでーた	音声データ	7537
おんせいにんしき	音声認識	7505
おんせつ	音節	7199
おんせん	温泉	4893
おんせんがい	温泉街	7378
おんせんきょう	温泉郷	6944
おんせんしせつ	温泉施設	7350
おんせんたまご	温泉卵	7311
おんせんち	温泉地	6713
おんせんやど	温泉宿	7475
おんせんりょかん	温泉旅館	7487
おんせんりょこう	温泉旅行	7550
おんそく	音速	6862
おんぞう	音像	7123
おんぞうし	御曹司	7067
おんぞん	温存	6503
おんたい	温帯	7073
おんたい	御大	7511
おんたけさん	御嶽山	7342
おんたま	温玉	7178
おんたりお	オンタリオ	7450
おんだ	恩田	7472
おんだい	音大	6990
おんだん	温暖	5913
おんだんか	温暖化	7034
おんち	音痴	6647
おんちょう	恩寵	7474
おんてい	音程	6454
おんでまんど	オンデマンド	6872
おんど	温度	5043
おんど	音頭	6611
おんどかんり	温度管理	7172
おんどく	音読	6517
おんどけい	温度計	6734
おんどさ	温度差	6985
おんどへんか	温度変化	7137
おんな	女	5014
おんな	おんな	6853
おんな	オンナ	7109
おんな	恩納	7303
おんなあそび	女遊び	7490
おんなごころ	女心	7201
おんなじ	おんなじ	6976
おんなたち	女たち	6826
おんなで	女で	7342
おんなな	女な	7259
おんなのこ	女の子	5016
おんなのこ	女のコ	7556
おんなのこたち	女の子たち	7295
おんなゆ	女湯	7218
おんならし	女らし	7482
おんならしさ	女らしさ	7535
おんねつ	温熱	6926
おんねん	怨念	7056
おんのじ	御の字	7475
おんば	音場	7041
おんぱ	音波	6124
おんぱれーど	オンパレード	6841
おんびん	穏便	7258
おんぶ	おんぶ	6738
おんぷ	音符	6352
おんぷう	温風	7038
おんぷれみす	オンプレミス	6820
おんぼろ	オンボロ	7411
おんぼーでぃんぐ	オンボーディング	7373
おんぼーど	オンボード	7524
おんみつ	隠密	7181
おんみょう	陰陽	7124
おんみょうじ	陰陽師	6843
おんよく	温浴	6986
おんよみ	音読み	7058
おんらいん	オンライン	4777
おんらいんいべんと	オンラインイベント	7455
おんらいんかじの	オンラインカジノ	6941
おんらいんげーむ	オンラインゲーム	6615
おんらいんさろん	オンラインサロン	7344
おんらいんしょっぷ	オンラインショップ	5903
おんらいんすとあ	オンラインストア	6168
おんらいんれっすん	オンラインレッスン	7309
おんりょう	音量	5791
おんりょう	怨霊	7018
おんりー	オンリー	6658
おんりーわん	オンリーワン	6814
おんれい	御礼	6998
おんれいもうしあげ	御礼申し上げ	7388
おんろーど	オンロード	7375
おんわ	温和	7208
おー	オー	6054
おーあーる	OR	6809
おーい	おーい	7011
おーいーえむ	OEM	6492
おーいーしーでぃー	OECD	7419
おーうぇん	オーウェン	7534
おーえい	OA	6619
おーえる	OL	6327
おーえん	オーエン	7557
おーがないざー	オーガナイザー	7409
おーがにっく	オーガニック	6446
おーがにっくこっとん	オーガニックコットン	7025
おーがぽん	オーガポン	7513
おーがんじー	オーガンジー	7383
おーく	オーク	6078
おーくしょん	オークション	6213
おーくす	オークス	7183
おーくらんど	オークランド	7118
おーけい	OK	4851
おーけすとら	オーケストラ	6021
おーけすとれーしょん	オーケストレーション	7548
おーけー	オーケー	7039
おーしゃん	オーシャン	6561
おーしゃんず	オーシャンズ	7516
おーしゃんびゅー	オーシャンビュー	7021
おーじー	OG	6451
おーじー	オージー	7486
おーすてぃん	オースティン	6968
おーすとらりあ	オーストラリア	5556
おーすとらりあ	豪	6765
おーすとりあ	オーストリア	6238
おーせんてぃっく	オーセンティック	7335
おーそどっくす	オーソドックス	6549
おーたむ	オータム	7111
おーだ	オーダ	5685
おーだー	オーダー	5447
おーだーめいど	オーダーメイド	6252
おーつ	オーツ	7389
おーでぃえんす	オーディエンス	6506
おーでぃお	オーディオ	5658
おーでぃしょん	オーディション	5753
おーでぃん	オーディン	7334
おーと	オート	5673
おーときゃんぷ	オートキャンプ	6851
おーとくちゅーる	オートクチュール	7359
おーとばい	オートバイ	6519
おーとばっくす	オートバックス	7072
おーとま	オートマ	7242
おーとまちっく	オートマチック	7364
おーとみーる	オートミール	6580
おーとめーしょん	オートメーション	6857
おーとれーす	オートレース	7380
おーとろっく	オートロック	7539
おーどぶる	オードブル	6711
おーどりー	オードリー	6690
おーなめんと	オーナメント	6959
おーなー	オーナー	5295
おーばる	オーバル	7043
おーばー	オーバー	5436
おーばーうぉっち	オーバーウォッチ	7404
おーばーさいず	オーバーサイズ	7144
おーばーすぺっく	オーバースペック	7428
おーばーひーと	オーバーヒート	7218
おーばーほーる	オーバーホール	6501
おーばーらいど	オーバーライド	7059
おーばーらっぷ	オーバーラップ	7172
おーばーれい	オーバーレイ	6987
おーばーろーど	オーバーロード	7530
おーびす	オービス	7221
おーびー	OB	5820
おーぶ	オーブ	6441
おーぶいえー	OVA	6924
おーぶん	オーブン	5747
おーぶんしーと	オーブンシート	7501
おーぶんとーすたー	オーブントースター	7001
おーぷにんぐ	オープニング	5796
おーぷにんぐあくと	オープニングアクト	7566
おーぷにんぐせれもにー	オープニングセレモニー	7170
おーぷん	オープン	4762
おーぷんかー	オープンカー	7112
おーぷんきっちん	オープンキッチン	7558
おーぷんきゃんぱす	オープンキャンパス	6903
おーぷんせん	オープン戦	7313
おーぷんそーす	オープンソース	7226
おーぷんまえ	オープン前	7428
おーぷんよてい	オープン予定	7435
おーぷんわーるど	オープンワールド	7377
おーぼえ	オーボエ	7042
おーむ	オーム	6998
おーら	オーラ	5874
おーらんど	オーランド	7467
おーる	オール	5761
おーるいん	オールイン	7479
おーるいんわん	オールインワン	6741
おーるからー	オールカラー	7553
おーるすたー	オールスター	6441
おーるすたーず	オールスターズ	7487
おーるど	オールド	6528
おーるないと	オールナイト	6741
おーるないとにっぽん	オールナイトニッポン	7259
おーるばっく	オールバック	7301
おーるまいてぃ	オールマイティ	7264
おーるまいてぃー	オールマイティー	7523
おーるらうんだー	オールラウンダー	7277
おーろら	オーロラ	6311
か	か	2822
か	化	3912
か	家	4817
か	科	4976
か	禍	5323
か	課	5392
か	可	5464
か	下	5515
かぁ	かぁ	5943
かあい	河合	7245
かあい	可愛	7401
かあさん	母さん	6436
かあさん	かあさん	7394
かあちゃん	母ちゃん	6650
かあちゃん	かあちゃん	7277
かあつ	加圧	6656
かい	回	3910
かい	会	3940
かい	書い	4364
かい	階	4736
かい	買い	5033
かい	界	5088
かい	描い	5112
かい	海	5116
かいあく	改悪	6815
かいあげ	買い上げ	6042
かいあげ	買上げ	7207
かいあつめ	買い集め	7475
かいい	怪異	6887
かいい	かいい	7478
かいいき	海域	6277
かいいぬ	飼い犬	7048
かいいん	会員	4796
かいいん	開院	6737
かいいんげんてい	会員限定	7457
かいいんしょう	会員証	7430
かいいんすう	会員数	7343
かいいんせい	会員制	6683
かいいんとうろく	会員登録	5897
かいいんのほう	会員の方	7246
かいいんのみなさま	会員の皆様	7204
かいうん	開運	6232
かいうん	海運	6740
かいえき	改易	7562
かいえん	開演	6255
かいえん	開園	6435
かいえん	怪演	7483
かいえん	カイエン	7497
かいえん	海塩	7555
かいえんまえ	開演前	7390
かいおう	海王	7307
かいおうせい	海王星	7106
かいおき	買い置き	7334
かいおーが	カイオーガ	7419
かいか	開花	5657
かいか	階下	7135
かいかい	開会	6051
かいかいしき	開会式	6725
かいかえ	買い替え	6337
かいかえ	買い換え	6759
かいかえる	買い替える	6851
かいかえる	買い換える	7038
かいかく	改革	5415
かいかじき	開花時期	7488
かいかた	買い方	6834
かいかつ	快活	7194
かいかん	会館	5678
かいかん	開館	6204
かいかん	快感	6676
かいが	絵画	5602
かいがい	海外	4630
かいがいしじょう	海外市場	7469
かいがいしゅっちょう	海外出張	7456
かいがいしんしゅつ	海外進出	7380
かいがいせいかつ	海外生活	7471
かいがいせいひん	海外製品	7063
かいがいてんかい	海外展開	7295
かいがいどらま	海外ドラマ	7165
かいがいのかた	海外の方	7356
かいがいのひと	海外の人	7340
かいがいばん	海外版	7428
かいがいりゅうがく	海外留学	7390
かいがいりょこう	海外旅行	6092
かいがく	開学	7486
かいがら	貝殻	6500
かいがらむし	カイガラムシ	7448
かいがん	海岸	5505
かいがん	開眼	7123
かいがんせん	海岸線	6560
かいがんぞい	海岸沿い	7338
かいき	回帰	6229
かいき	会期	6368
かいき	回忌	6903
かいき	怪奇	6930
かいき	開基	7196
かいき	皆既	7213
かいき	快気	7495
かいきちゅう	会期中	7099
かいきゃく	開脚	7066
かいきゅう	階級	5920
かいきょ	快挙	6466
かいきょう	海峡	6640
かいきょう	海況	7504
かいきょく	開局	6918
かいきり	買い切り	7461
かいきん	解禁	5706
かいきん	皆勤	7097
かいぎ	会議	4914
かいぎ	懐疑	6818
かいぎしつ	会議室	6667
かいぎちゅう	会議中	7547
かいぎてき	懐疑的	7226
かいぎょう	開業	5410
かいぎょう	改行	6374
かいぎょうい	開業医	6986
かいぐん	海軍	5761
かいけい	会計	5302
かいけいし	会計士	6336
かいけいじ	会計時	7559
かいけいじむしょ	会計事務所	7409
かいけいそふと	会計ソフト	7533
かいけつ	解決	4656
かいけつさく	解決策	5820
かいけつずみ	解決済み	7353
かいけつほう	解決法	7101
かいけつほうほう	解決方法	6637
かいけん	会見	5503
かいけん	改憲	6949
かいげん	開眼	7455
かいげん	改元	7467
かいこ	解雇	5974
かいこ	回顧	6683
かいこ	懐古	7146
かいこ	蚕	7280
かいこ	カイコ	7432
かいこう	開口	6144
かいこう	開講	6210
かいこう	開校	6364
かいこう	開港	6875
かいこう	邂逅	6949
かいこう	海溝	7265
かいこういちばん	開口一番	7435
かいこうぶ	開口部	6929
かいこく	開国	7114
かいこん	開墾	7101
かいこん	買い込ん	7223
かいこん	開梱	7388
かいこん	塊根	7509
かいご	介護	4856
かいごう	会合	6073
かいごぎょうかい	介護業界	7343
かいごげんば	介護現場	7517
かいごさーびす	介護サービス	7240
かいごし	介護士	7232
かいごしえんせんもんいん	介護支援専門員	7492
かいごしせつ	介護施設	6796
かいごしゃ	介護者	7414
かいごしょく	介護職	7034
かいごしょくいん	介護職員	7426
かいごふくしし	介護福祉士	7066
かいごほけん	介護保険	7009
かいごよぼう	介護予防	7544
かいごろうじんほけんしせつ	介護老人保健施設	7303
かいさ	介さ	7044
かいさ	解さ	7181
かいさい	開催	4165
かいさいきかん	開催期間	7220
かいさいけってい	開催決定	7023
かいさいじかん	開催時間	7413
かいさいち	開催地	7452
かいさいちゅう	開催中	6102
かいさいばしょ	開催場所	7172
かいさいび	開催日	7059
かいさいよてい	開催予定	6561
かいさく	開削	7343
かいさつ	改札	5776
かいさつぐち	改札口	7148
かいさん	解散	5677
かいさん	開山	7224
かいさんぶつ	海産物	6783
かいざい	介在	6920
かいざん	改ざん	6202
かいざん	改竄	7123
かいざん	開山	7279
かいざー	カイザー	6895
かいし	開始	4463
かいし	介し	5878
かいし	会し	6778
かいし	解し	7193
かいし	会誌	7559
かいしじかん	開始時間	7237
かいしそうそう	開始早々	7510
かいしつ	改質	7311
かいしめ	買い占め	7240
かいしゃ	会社	4261
かいしゃあんない	会社案内	7406
かいしゃいん	会社員	5943
かいしゃがいよう	会社概要	6974
かいしゃがわ	会社側	6855
かいしゃく	解釈	5307
かいしゃけいえい	会社経営	7352
かいしゃじょうほう	会社情報	6994
かいしゃせつりつ	会社設立	7430
かいしゃぜんたい	会社全体	7184
かいしゃない	会社内	7476
かいしゃのこと	会社のこと	7441
かいしゃのどうりょう	会社の同僚	7393
かいしゃのひと	会社の人	7283
かいしゃのひょうばん	会社の評判	7173
かいしゃのふんいき	会社の雰囲気	7522
かいしゃほう	会社法	7471
かいしゃめい	会社名	6375
かいしゅう	回収	5187
かいしゅう	改修	5617
かいしゅう	改宗	7136
かいしゅう	会衆	7443
かいしゅうこうじ	改修工事	7188
かいしょ	開所	6865
かいしょ	楷書	7236
かいしょう	解消	5187
かいしょう	改称	6520
かいしょう	快勝	6691
かいしょく	会食	6471
かいしん	会心	6322
かいしん	改心	6950
かいしんげき	快進撃	6976
かいしんりつ	会心率	7498
かいじ	開示	5220
かいじ	カイジ	6961
かいじ	海事	7160
かいじ	海自	7162
かいじせいきゅう	開示請求	7376
かいじゅう	怪獣	5886
かいじゅう	かいじゅう	7539
かいじゅう	懐柔	7546
かいじょ	解除	5210
かいじょ	介助	6244
かいじょう	会場	4641
かいじょう	海上	5834
かいじょう	開場	6326
かいじょう	解錠	6931
かいじょう	開錠	7185
かいじょう	開城	7415
かいじょうしゅうへん	会場周辺	7534
かいじょうじえいたい	海上自衛隊	6823
かいじょうぜんたい	会場全体	7269
かいじょうない	会場内	6472
かいじょうのふんいき	会場の雰囲気	7449
かいじょうのようす	会場の様子	7476
かいじょうほあんちょう	海上保安庁	6956
かいじょけん	介助犬	7556
かいじん	怪人	6392
かいすい	海水	6075
かいすいおん	海水温	7217
かいすいよく	海水浴	6134
かいすいよくじょう	海水浴場	7200
かいすう	回数	5195
かいすう	階数	7194
かいすうけん	回数券	7387
かいする	解する	7293
かいする	介する	7454
かいず	海図	7517
かいせい	改正	5200
かいせい	快晴	6273
かいせい	回生	6499
かいせい	開成	6995
かいせき	解析	5303
かいせき	懐石	6818
かいせき	会席	6995
かいせきりょうり	会席料理	7282
かいせつ	解説	4575
かいせつ	開設	5388
かいせつ	回折	7004
かいせつしゃ	解説者	7469
かいせつどうが	解説動画	7560
かいせつぶん	解説文	7313
かいせん	回戦	5692
かいせん	回線	5728
かいせん	海鮮	5929
かいせん	海戦	6757
かいせん	開戦	6763
かいせん	開栓	7133
かいせん	回旋	7173
かいせん	改選	7187
かいせんどん	海鮮丼	7360
かいせんりょうり	海鮮料理	7298
かいぜん	改善	4574
かいぜん	カイゼン	7479
かいぜんさく	改善策	6932
かいぜんてん	改善点	6731
かいぜんほうほう	改善方法	7309
かいそ	開祖	6994
かいそ	改組	7304
かいそう	階層	5943
かいそう	改装	5982
かいそう	回想	6178
かいそう	海藻	6388
かいそう	回送	6620
かいそう	快走	7197
かいそう	改葬	7401
かいそう	開創	7412
かいそうしーん	回想シーン	7520
かいそく	快速	6095
かいそく	会則	7301
かいそろえ	買い揃え	7562
かいぞう	改造	5474
かいぞうど	解像度	5834
かいぞく	海賊	5835
かいぞくおう	海賊王	7475
かいぞくばん	海賊版	7167
かいたい	解体	5560
かいたいこうじ	解体工事	7116
かいたく	開拓	5751
かいたし	買い足し	6894
かいたす	買い足す	7425
かいだ	甲斐田	7442
かいだい	改題	7532
かいだく	快諾	6879
かいだし	買い出し	6572
かいだて	階建て	6872
かいだめ	買いだめ	7357
かいだん	階段	5184
かいだん	会談	6149
かいだん	怪談	6392
かいだん	戒壇	7444
かいちく	改築	6350
かいちゅう	海中	6535
かいちゅう	懐中	6766
かいちゅうでんとう	懐中電灯	7058
かいちゅうどけい	懐中時計	7209
かいちょう	会長	5189
かいちょう	開帳	7083
かいちょう	快調	7089
かいちょう	階調	7186
かいちょう	開庁	7260
かいつう	開通	6027
かいつけ	買い付け	6812
かいつけ	買付け	7178
かいつまん	かいつまん	7551
かいづか	貝塚	6898
かいて	買い手	6524
かいてい	改定	5808
かいてい	改訂	6077
かいてい	海底	6128
かいていど	回程度	6981
かいていばん	改訂版	7276
かいてき	快適	4909
かいてきさ	快適さ	6611
かいてきせい	快適性	6675
かいてる	書いてる	5990
かいてる	描いてる	7128
かいてん	回転	5005
かいてん	開店	5715
かいてんじかん	開店時間	7509
かいてんすう	回転数	6896
かいてんずし	回転寿司	7141
かいてんまえ	開店前	7166
かいてんりつ	回転率	7406
かいと	カイト	6822
かいと	快斗	7147
かいと	海斗	7164
かいと	海人	7501
かいとう	回答	4650
かいとう	解答	5805
かいとう	解凍	5935
かいとう	怪盗	6505
かいとう	会頭	7327
かいとうしゃ	回答者	7014
かいとっ	買い取っ	6495
かいとら	買い取ら	7389
かいとり	買い取り	5108
かいとり	買取り	6509
かいとり	買取	6778
かいとりかかく	買取価格	6832
かいとりきんがく	買取金額	7306
かいとりぎょうしゃ	買取業者	7224
かいとる	買い取る	7125
かいどう	街道	6002
かいどう	カイドウ	6765
かいどう	海道	7435
かいどう	海堂	7474
かいどく	解読	6450
かいどく	買い得	7086
かいどく	買得	7358
かいな	腕	5641
かいな	かいな	7046
かいなん	海難	7353
かいなん	海南	7385
かいに	改二	7365
かいにいき	買いに行き	7186
かいにいく	買いに行く	7140
かいにいっ	買いに行っ	7028
かいにき	買いに来	7508
かいになる	会になる	7027
かいにゅう	介入	5950
かいにん	解任	6584
かいにん	懐妊	7429
かいぬし	飼い主	5552
かいぬし	買い主	6788
かいぬし	飼主	7491
かいねこ	飼い猫	7560
かいのがし	買い逃し	7464
かいは	会派	6746
かいはい	改廃	7459
かいはつ	開発	4300
かいはつかんきょう	開発環境	7192
かいはつしゃ	開発者	5924
かいはつちゅう	開発中	7045
かいはつとじょうこく	開発途上国	7512
かいはつぶ	開発部	6920
かいはつもくひょう	開発目標	7148
かいはつもと	開発元	7309
かいば	海馬	6941
かいばしら	貝柱	7047
かいばつ	海抜	7072
かいひ	回避	5262
かいひ	会費	6197
かいひょう	開票	7058
かいひん	海浜	6550
かいふう	開封	5324
かいふう	海風	6978
かいふうご	開封後	7075
かいふうずみ	開封済み	7361
かいふく	回復	4849
かいふく	開腹	7245
かいふくあいてむ	回復アイテム	7460
かいふくりょう	回復量	7262
かいふくりょく	回復力	7002
かいぶつ	怪物	6108
かいぶん	回分	6306
かいぶんしょ	怪文書	7454
かいへい	開閉	5871
かいへい	海兵	6613
かいへん	改変	6053
かいへん	改編	6888
かいほう	解放	5285
かいほう	開放	5386
かいほう	会報	6726
かいほう	解法	6767
かいほう	介抱	7344
かいほうかん	開放感	6613
かいほうかん	解放感	7271
かいほうてき	開放的	6547
かいぼう	解剖	6144
かいぼうがく	解剖学	7400
かいまく	開幕	5476
かいまくせん	開幕戦	6970
かいまし	買い増し	7364
かいまみ	垣間見	6885
かいまみえ	垣間見え	6979
かいまみえる	垣間見える	6843
かいまみる	垣間見る	6819
かいみょう	戒名	7098
かいみん	快眠	7080
かいむ	皆無	6092
かいめ	回目	5536
かいめい	解明	5814
かいめい	改名	6420
かいめつ	壊滅	6235
かいめつてき	壊滅的	6961
かいめん	界面	6465
かいめん	海面	6467
かいめん	海綿	7491
かいめんかっせいざい	界面活性剤	7513
かいもとめ	買い求め	5943
かいもとめる	買い求める	7499
かいもどし	買い戻し	7371
かいもの	買い物	5071
かいもの	買物	6598
かいもの	買いもの	7201
かいもん	開門	7208
かいやく	解約	5761
かいやすい	買いやすい	7181
かいやすい	飼いやすい	7486
かいゆう	回遊	6478
かいゆうかん	海遊館	7361
かいよう	海洋	5796
かいよう	潰瘍	6581
かいらく	快楽	6610
かいらん	回覧	6985
かいり	乖離	6554
かいり	解離	6933
かいり	カイリ	7201
かいり	かいり	7422
かいりき	怪力	7066
かいりつ	戒律	7265
かいりゅう	海流	7113
かいりゅー	カイリュー	7124
かいりょう	改良	5522
かいる	カイル	7208
かいるい	貝類	7048
かいろ	回路	5527
かいろ	カイロ	6433
かいろ	海路	7498
かいろう	回廊	6499
かいろず	回路図	7354
かいろぷらくてぃっく	カイロプラクティック	6970
かいわ	会話	4913
かいわい	界隈	5898
かいわれ	かいわれ	7343
かいわれ	カイワレ	7448
かいん	下院	6859
かいん	カイン	7032
かいんず	カインズ	7077
かう	買う	5044
かう	飼う	6319
かう	カウ	6869
かう	かう	6959
かうぼーい	カウボーイ	7190
かうる	カウル	6893
かうんせらー	カウンセラー	6054
かうんせりんぐ	カウンセリング	5569
かうんた	カウンタ	5859
かうんたー	カウンター	5393
かうんと	カウント	5716
かうんとだうん	カウントダウン	6249
かえ	変え	4815
かえ	買え	5850
かえ	替え	6232
かえ	換え	6551
かえ	代え	6557
かえ	かえ	6607
かえ	飼え	7401
かえい	嘉永	7315
かえうた	替え歌	7028
かえがたい	代えがたい	7446
かえさ	返さ	6143
かえさ	かえさ	7525
かえさる	カエサル	7355
かえし	返し	5849
かえし	かえし	7204
かえし	帰し	7485
かえす	返す	5770
かえす	帰す	7428
かえせ	返せ	6982
かえせる	返せる	7115
かえそ	返そ	7352
かえそう	返そう	7347
かえだま	替え玉	7055
かえちゃう	買えちゃう	7565
かえっ	帰っ	4889
かえっ	返っ	5874
かえっ	還っ	7327
かえっ	かえっ	7407
かえって	かえって	6033
かえって	却って	7112
かえで	楓	6597
かえで	カエデ	6923
かえで	かえで	7031
かえよ	変えよ	6418
かえよ	かえよ	6907
かえよ	代えよ	6907
かえよ	換えよ	6907
かえよ	替えよ	6907
かえよう	変えよう	6411
かえら	帰ら	6198
かえり	帰り	5397
かえり	返り	6896
かえり	かえり	7193
かえり	還り	7539
かえりうち	返り討ち	6914
かえりがけ	帰りがけ	7459
かえりぎわ	帰り際	6771
かえりち	返り値	7520
かえりみ	顧み	7053
かえりみち	帰り道	6126
かえりゃ	かえりゃ	6907
かえりゃ	代えりゃ	6907
かえりゃ	変えりゃ	6907
かえりゃ	換えりゃ	6907
かえりゃ	替えりゃ	6907
かえる	変える	5108
かえる	帰る	5364
かえる	買える	5596
かえる	カエル	6298
かえる	かえる	6582
かえる	替える	6813
かえる	代える	6907
かえる	換える	6907
かえれ	変えれ	6558
かえれ	帰れ	6571
かえれ	かえれ	6907
かえれ	代えれ	6907
かえれ	換えれ	6907
かえれ	替えれ	6907
かえれる	帰れる	6530
かえろ	帰ろ	6212
かえろ	かえろ	6907
かえろ	代えろ	6907
かえろ	変えろ	6907
かえろ	換えろ	6907
かえろ	替えろ	6907
かえろう	帰ろう	6248
かえん	火炎	6505
かえん	かえん	6907
かえん	代えん	6907
かえん	変えん	6907
かえん	換えん	6907
かえん	替えん	6907
かえん	火焔	7561
かお	顔	4438
かお	買お	5991
かお	かお	6414
かお	カオ	6891
かおあわせ	顔合わせ	6569
かおいろ	顔色	6433
かおう	買おう	5993
かおう	花王	6991
かおがぞう	顔画像	7495
かおく	家屋	6092
かおじゃしん	顔写真	6407
かおす	カオス	6260
かおぜんたい	顔全体	7046
かおだ	顔だ	6929
かおだし	顔出し	6454
かおだち	顔立ち	6300
かおだっ	顔だっ	7386
かおっ	香っ	7339
かおつき	顔つき	6572
かおで	顔で	7452
かおな	顔な	7337
かおなじみ	顔なじみ	7530
かおになっ	顔になっ	7427
かおになり	顔になり	7544
かおにんしょう	顔認証	7280
かおぶれ	顔ぶれ	6673
かおまけ	顔負け	6909
かおまわり	顔周り	6768
かおまわり	顔まわり	7293
かおまんがい	カオマンガイ	7482
かおみしり	顔見知り	6878
かおもじ	顔文字	6909
かおり	香り	5032
かおり	かおり	6431
かおり	香織	6904
かおり	薫	6983
かおり	香	7345
かおり	カオリ	7447
かおり	薫り	7451
かおり	佳織	7478
かおりにつつま	香りに包ま	7529
かおりゆたか	香り豊か	7410
かおる	香る	6167
かおる	薫	6643
かおる	かおる	6950
かおる	薫る	7184
かおる	カオル	7310
かおる	香	7438
かおる	香織	7532
かおをあわせる	顔を合わせる	7170
かおをしかめ	顔をしかめ	7527
かおん	加温	6970
かか	書か	4877
かか	描か	5248
かか	欠か	5426
かか	かか	6733
かか	カカ	7493
かかえ	抱え	5280
かかえ	かかえ	7013
かかえ	抱	7308
かかえこま	抱え込ま	7266
かかえこむ	抱え込む	7338
かかえこん	抱え込ん	7104
かかえる	抱える	5759
かかお	カカオ	6187
かかく	価格	4454
かかくかいてい	価格改定	7507
かかくきょうそう	価格競争	7408
かかくこうしょう	価格交渉	7388
かかくさ	価格差	7336
かかくせってい	価格設定	6788
かかくたい	価格帯	6636
かかくてき	価格的	7306
かかくめん	価格面	7540
かかげ	掲げ	5620
かかげ	かかげ	7428
かかげる	掲げる	5393
かかさ	欠かさ	6425
かかさ	かかさ	7530
かかし	カカシ	6769
かかし	かかし	7119
かかし	案山子	7431
かかす	欠かす	6937
かかせない	欠かせない	5872
かかっ	かかっ	5031
かかっ	掛かっ	6058
かかっ	架かっ	7226
かかっ	罹っ	7297
かかってき	かかってき	6457
かかってき	掛かってき	7415
かかってくる	かかってくる	6870
かかってくれ	かかってくれ	7359
かかってこい	かかってこい	7053
かかと	かかと	6254
かかと	踵	6906
かかと	カカト	7326
かかみがはら	各務原	7315
かから	かから	5679
かから	掛から	6687
かかり	かかり	5022
かかり	掛かり	6041
かかり	係	6477
かかり	係り	7103
かかりいん	係員	6476
かかりそう	掛かりそう	7553
かかりちょう	係長	6716
かかりつけ	かかりつけ	6339
かかりつけい	かかりつけ医	7046
かかりゃ	かかりゃ	6907
かかりやすい	かかりやすい	7204
かかりやすく	かかりやすく	7493
かかる	かかる	4764
かかる	係る	5786
かかる	掛かる	6003
かかる	架かる	6739
かかれ	かかれ	6907
かかれる	かかれる	7339
かかろ	かかろ	6907
かかわっ	関わっ	5508
かかわっ	かかわっ	6628
かかわら	かかわら	5278
かかわら	関わら	5326
かかわら	拘ら	6876
かかわら	拘わら	7256
かかわり	関わり	5764
かかわり	拘り	6370
かかわり	かかわり	6740
かかわり	関り	7337
かかわりあい	関わり合い	7262
かかわる	関わる	5264
かかわる	係る	5460
かかわる	かかわる	6168
かかわる	係わる	7095
かかわる	拘る	7233
かかわれ	関われ	7357
かかわれる	関われる	7006
かかん	果敢	6593
かかん	かかん	6907
かかん	花冠	7107
かかんしょう	過干渉	7544
かが	加賀	6356
かが	花芽	6701
かがい	加害	5976
かがい	課外	6754
かがい	花街	7294
かがいかつどう	課外活動	7436
かがいしゃ	加害者	6511
かがく	科学	4950
かがく	化学	5232
かがく	価額	6513
かがく	下顎	6775
かがくぎじゅつ	科学技術	7107
かがくしゃ	科学者	6792
かがくてき	科学的	6315
かがくてき	化学的	7168
かがくてきこんきょ	科学的根拠	7165
かがくはんのう	化学反応	6951
かがくひりょう	化学肥料	7097
かがくぶっしつ	化学物質	6894
かがくやくひん	化学薬品	7542
かがくりょうほう	化学療法	7167
かがみ	鏡	5613
かがみ	かがみ	6974
かがみ	鑑	7262
かがみ	加賀美	7431
かがみはら	各務原	7386
かがみびらき	鏡開き	7471
かがみもち	鏡餅	7202
かがやい	輝い	5731
かがやか	輝か	6288
かがやかしい	輝かしい	6588
かがやき	輝き	5866
かがやき	かがやき	7033
かがやき	輝	7500
かがやく	輝く	5595
かがやく	かがやく	7249
かがやけ	輝け	7470
かがやける	輝ける	6830
かがり	カガリ	7109
かがりび	篝火	7310
かがわ	香川	6228
かがわけん	香川県	6142
かき	書き	4942
かき	下記	5040
かき	描き	5538
かき	夏季	5992
かき	牡蠣	6036
かき	柿	6069
かき	かき	6236
かき	カキ	6417
かきあげ	かき揚げ	6683
かきあげ	書き上げ	6887
かきあげ	かきあげ	7352
かきあつめ	かき集め	7081
かきいれ	書き入れ	7564
かきうつし	書き写し	7313
かきおこし	書き起こし	7084
かきおこし	描き起こし	7461
かきおろし	描き下ろし	6070
かきおろし	書き下ろし	6425
かきおろしいらすと	描き下ろしイラスト	7403
かきかえ	書き換え	6483
かきかえる	書き換える	6851
かきかた	書き方	5733
かききゅうか	夏季休暇	7263
かききゅうぎょう	夏季休業	7427
かきくわえ	書き加え	7565
かきけさ	かき消さ	7367
かきこ	カキコ	7291
かきこうしゅう	夏期講習	7409
かきことば	書き言葉	7474
かきこま	書き込ま	6500
かきこみ	書き込み	5760
かきこみ	書込み	6998
かきこみ	書込	7567
かきこむ	書き込む	6312
かきこめる	書き込める	7273
かきこん	書き込ん	6137
かきごおり	かき氷	5783
かきごおり	カキ氷	7346
かきさいと	下記サイト	7179
かきしぶ	柿渋	7415
かきしるし	書き記し	7297
かきそえ	書き添え	7400
かきぞめ	書き初め	7198
かきたし	書き足し	7448
かきたて	掻き立て	7476
かきたてる	掻き立てる	7478
かきだし	書き出し	6284
かきだす	書き出す	6751
かきつばた	カキツバタ	7551
かきつらね	書き連ね	7393
かきて	書き手	6937
かきとめ	書留	6901
かきとめ	書き留め	6970
かきなおし	書き直し	6875
かきなおす	書き直す	7394
かきね	垣根	6473
かきのき	柿の木	7449
かきのきじ	下記の記事	6891
かきのこし	書き残し	7086
かきふぉーむ	下記フォーム	6857
かきぺーじ	下記ページ	7218
かきまぜ	かき混ぜ	6509
かきまぜる	かき混ぜる	6967
かきやすい	書きやすい	7141
かきゅう	下級	6760
かきゅう	火球	7398
かきゅうせい	下級生	6796
かきょう	架橋	6844
かきょう	佳境	7094
かきょう	華僑	7305
かきょういん	花京院	7373
かきょく	歌曲	6917
かきりんく	下記リンク	6707
かきりんくさき	下記リンク先	7376
かきれんらくさき	下記連絡先	7529
かきわけ	かき分け	7317
かきん	課金	5559
かぎ	鍵	5242
かぎ	カギ	5954
かぎ	かぎ	7126
かぎ	嗅ぎ	7214
かぎ	科技	7305
かぎ	鈎	7362
かぎあか	鍵垢	7553
かぎあな	鍵穴	7540
かぎっ	限っ	5944
かぎつき	鍵付き	7230
かぎばり	かぎ針	6903
かぎゃく	可逆	7253
かぎや	鍵屋	7538
かぎょう	家業	6665
かぎょう	稼業	7180
かぎら	限ら	5052
かぎら	かぎら	7387
かぎり	限り	4772
かぎり	かぎり	6356
かぎる	限る	5959
かぎれ	限れ	7462
かく	各	4337
かく	書く	4962
かく	描く	5471
かく	核	5583
かく	角	5758
かく	格	6019
かく	かく	6100
かく	画	6252
かくあげ	格上げ	6918
かくい	各位	6742
かくいつ	画一	7048
かくいつてき	画一的	7393
かくいん	客員	7428
かくう	架空	6104
かくうえ	格上	6806
かくうち	角打ち	7454
かくえい	角栄	7241
かくえき	各駅	6746
かくえきていしゃ	各駅停車	6913
かくか	各課	7467
かくかい	各回	6790
かくかい	各界	7014
かくかい	各階	7061
かくかぞくか	核家族化	7534
かくがた	角形	6936
かくがた	角型	7146
かくきょく	各局	7072
かくぎ	閣議	6698
かくぎり	角切り	6815
かくけん	各県	6890
かくげ	格ゲ	7260
かくげつ	隔月	7564
かくげん	格言	6767
かくげー	格ゲー	7063
かくこう	各校	7136
かくこう	各項	7238
かくこう	各行	7538
かくこく	各国	6107
かくご	覚悟	5428
かくさ	隠さ	5829
かくさ	格差	5963
かくさく	画策	6836
かくさげ	格下げ	7372
かくさん	拡散	5677
かくさん	核酸	6973
かくざい	角材	7178
かくし	隠し	5436
かくし	画し	6940
かくし	かくし	7146
かくし	各氏	7208
かくし	各紙	7493
かくしあじ	隠し味	6727
かくしき	格式	6918
かくしご	隠し子	7398
かくしごと	隠し事	7208
かくしせつ	各施設	7157
かくした	格下	7002
かくしつ	角質	6284
かくしつ	確執	6890
かくしつそう	角質層	7449
かくして	かくして	6931
かくしどり	隠し撮り	7469
かくしもっ	隠し持っ	7302
かくしゃ	各社	5759
かくしゃ	覚者	7467
かくしゃのしょうひょう	各社の商標	7239
かくしゅ	各種	5040
かくしゅ	核種	7497
かくしゅう	隔週	6925
かくしゅう	各州	7482
かくしょ	各所	6132
かくしょう	確証	6727
かくしょう	各章	7224
かくしょう	各賞	7265
かくしょうちょう	各省庁	7416
かくしょく	各色	7130
かくしん	革新	5620
かくしん	確信	5670
かくしん	核心	6488
かくしんせい	革新性	7566
かくしんてき	革新的	6244
かくじ	各自	5901
かくじつ	確実	5033
かくじつ	各日	6981
かくじつせい	確実性	7259
かくじゅう	拡充	6112
かくじん	各人	6788
かくす	隠す	5933
かくす	画す	6937
かくすう	画数	6631
かくせ	隠せ	6564
かくせい	覚醒	5537
かくせい	覚せい	7035
かくせい	拡声	7354
かくせいざい	覚醒剤	6935
かくせる	隠せる	7141
かくせん	角栓	7089
かくせん	各線	7188
かくせんそう	核戦争	7294
かくぜつ	隔絶	7376
かくそ	隠そ	6738
かくそう	隠そう	6728
かくそう	角層	7242
かくそう	各層	7516
かくた	角田	7413
かくたる	確たる	7479
かくだ	角田	7493
かくだい	拡大	4809
かくだいがぞう	拡大画像	7334
かくだいきょう	拡大鏡	7448
かくだいひょうじ	拡大表示	7473
かくだん	格段	6100
かくち	各地	5228
かくちゅう	角柱	7431
かくちょう	拡張	5394
かくちょうきのう	拡張機能	6987
かくちょうげんじつ	拡張現実	7533
かくちょうし	拡張子	6478
かくちょうせい	拡張性	7010
かくつき	各月	7259
かくづけ	格付け	6655
かくづけ	格付	7347
かくてい	確定	5104
かくてい	各停	7359
かくていしんこく	確定申告	6173
かくていてき	確定的	7430
かくてる	カクテル	5953
かくてん	各店	6554
かくとう	格闘	5811
かくとう	各党	7464
かくとうか	格闘家	7357
かくとうぎ	格闘技	6144
かくとうげーむ	格闘ゲーム	7448
かくとく	獲得	4795
かくとくかのう	獲得可能	7176
かくど	角度	5340
かくど	確度	7291
かくに	角煮	6703
かくにん	確認	3931
かくにんかのう	確認可能	7131
かくにんがめん	確認画面	7001
かくにんご	確認後	6991
かくにんさぎょう	確認作業	7556
かくにんずみ	確認済み	7050
かくにんのうえ	確認の上	7092
かくねん	隔年	7538
かくのう	格納	5936
かくのうこ	格納庫	7018
かくはん	撹拌	6852
かくはん	攪拌	6898
かくはん	各班	7311
かくはん	拡販	7324
かくばく	核爆	7563
かくばっ	角ばっ	7421
かくふく	拡幅	7043
かくぶ	各部	6275
かくぶんれつ	核分裂	7457
かくぷれいやー	各プレイヤー	7489
かくへいき	核兵器	6431
かくへき	隔壁	7369
かくへん	確変	6842
かくべつ	格別	6328
かくほ	確保	4864
かくまく	角膜	6680
かくみさいる	核ミサイル	7541
かくめい	革命	5638
かくめいてき	革命的	7344
かくやく	確約	6697
かくやす	格安	5867
かくよむ	カクヨム	7182
かくらん	撹乱	7510
かくり	隔離	6108
かくりつ	確率	5133
かくりつ	確立	5481
かくりつてき	確率的	7360
かくりょう	閣僚	6703
かくれ	隠れ	5494
かくれ	かくれ	7072
かくれが	隠れ家	6251
かくれる	隠れる	6310
かくれんぼ	かくれんぼ	6790
かくろん	各論	7524
かくわ	各話	7117
かぐ	家具	5318
かぐ	嗅ぐ	7090
かぐ	かぐ	7406
かぐや	かぐや	6461
かぐや	カグヤ	7514
かぐやひめ	かぐや姫	7154
かぐら	神楽	6244
かぐら	かぐら	7389
かぐらざか	神楽坂	6915
かけ	かけ	4381
かけ	掛け	5274
かけ	欠け	5884
かけ	書け	6204
かけ	賭け	6207
かけ	描け	6456
かけ	駆け	6699
かけ	掛	6726
かけあい	掛け合い	6756
かけあがっ	駆け上がっ	7145
かけあがり	駆け上がり	7396
かけあがる	駆け上がる	7306
かけあし	駆け足	6910
かけあっ	掛け合っ	7318
かけあわ	掛け合わ	6486
かけあわせ	かけ合わせ	7477
かけい	家計	6096
かけい	家系	6135
かけい	花茎	7049
かけいず	家系図	7546
かけいぼ	家計簿	6687
かけおち	駆け落ち	7315
かけがえ	かけがえ	6326
かけがわ	掛川	7036
かけきん	掛け金	6983
かけきん	掛金	7388
かけこみ	駆け込み	7052
かけこむ	駆け込む	7437
かけこん	駆け込ん	7050
かけごえ	掛け声	6452
かけごえ	かけ声	7181
かけざん	掛け算	6897
かけざん	かけ算	7172
かけじく	掛け軸	7004
かけじく	掛軸	7377
かけそば	かけそば	7560
かけだし	駆け出し	7004
かけっこ	かけっこ	6742
かけつ	可決	6497
かけつけ	駆けつけ	6061
かけつけ	駆け付け	6693
かけつけ	かけつけ	7211
かけつける	駆けつける	6927
かけながし	かけ流し	6859
かけながし	掛け流し	7067
かけぬけ	駆け抜け	6380
かけぬける	駆け抜ける	6772
かけはし	架け橋	6688
かけはし	桟	7153
かけはなれ	かけ離れ	6487
かけひき	駆け引き	6480
かけぶとん	掛け布団	7062
かけまわっ	駆け回っ	7285
かけまわり	駆け回り	7538
かけまわる	駆け回る	7299
かけめぐっ	駆け巡っ	7400
かけめぐり	駆け巡り	7387
かけめぐる	駆け巡る	7218
かけもち	掛け持ち	6876
かけよ	かけよ	6907
かけよっ	駆け寄っ	6895
かけより	駆け寄り	7397
かけよる	駆け寄る	7297
かけら	欠片	6339
かけら	かけら	6386
かけら	カケラ	6962
かけりゃ	かけりゃ	6907
かける	かける	5118
かける	書ける	6097
かける	掛ける	6115
かける	欠ける	6274
かける	翔	6484
かける	駆	6678
かける	走	6743
かける	賭ける	6799
かけれ	かけれ	6612
かけれ	掛けれ	7500
かけろ	かけろ	6907
かけん	かけん	6907
かけんひ	科研費	7396
かげ	影	5369
かげ	陰	6220
かげ	かげ	6789
かげ	カゲ	6892
かげ	蔭	7459
かげえ	影絵	7189
かげき	過激	6153
かげき	歌劇	6512
かげぐち	陰口	6882
かげつ	ヶ月	4677
かげつ	か月	5114
かげつ	カ月	5430
かげつ	ヵ月	5824
かげつ	ケ月	6900
かげつ	箇月	7175
かげつ	花月	7298
かげつていど	ヶ月程度	7483
かげつぶり	ヶ月ぶり	7225
かげつめ	ヶ月目	7230
かげとら	景虎	7520
かげながら	陰ながら	7157
かげぼし	陰干し	7101
かげむしゃ	影武者	7258
かげやま	影山	6433
かげろう	陽炎	7226
かげろう	カゲロウ	7421
かげん	加減	5806
かげん	下限	6678
かげん	下弦	7337
かこ	過去	4503
かこ	書こ	6157
かこ	かこ	6861
かこ	描こ	7115
かこ	菓子	7222
かこ	佳子	7252
かこい	囲い	6862
かこい	囲	7168
かこいこみ	囲い込み	7376
かこう	加工	4807
かこう	書こう	6150
かこう	下降	6381
かこう	火口	6859
かこう	河口	6912
かこう	描こう	7020
かこう	囲う	7126
かこうがん	花崗岩	6954
かこうしょくひん	加工食品	7218
かこうひん	加工品	7095
かこがわ	加古川	6603
かこきゅう	過呼吸	7411
かこく	過酷	5959
かこく	カ国	6036
かこく	か国	6451
かこく	ヶ国	6757
かこく	ヵ国	6923
かこけい	過去形	7458
かこさく	過去作	6985
かこっ	囲っ	6644
かことみらい	過去と未来	7512
かこのきじ	過去の記事	7158
かこのこと	過去のこと	7386
かこのじぶん	過去の自分	7103
かこのもの	過去のもの	7456
かこま	囲ま	5457
かこみ	囲み	6676
かこむ	囲む	6303
かころぐ	過去ログ	6992
かこわ	囲わ	7079
かこん	囲ん	6311
かご	かご	6037
かご	カゴ	6092
かご	加護	6459
かご	籠	6514
かご	過誤	7202
かご	駕籠	7526
かごうぶつ	化合物	5986
かごしま	鹿児島	5643
かごしまけん	鹿児島県	6096
かごしまし	鹿児島市	7294
かごしまだいがく	鹿児島大学	7444
かごめ	かごめ	7194
かごめ	カゴメ	7243
かごん	過言	5933
かさ	傘	5910
かさ	かさ	6456
かさ	カサ	6560
かさ	笠	6631
かさ	課さ	6652
かさ	科さ	7251
かさ	貸さ	7251
かさ	嵩	7496
かさい	火災	5579
かさい	葛西	6936
かさい	笠井	7162
かさい	家裁	7429
かさい	加西	7566
かさいほけん	火災保険	7085
かさいりゅう	火砕流	7462
かさおか	笠岡	7418
かさかさ	カサカサ	7073
かさぎ	笠置	7469
かさぎ	笠木	7532
かさく	佳作	7039
かさご	カサゴ	6883
かさなっ	重なっ	5908
かさなら	重なら	7009
かさなり	重なり	6181
かさなりあう	重なり合う	7297
かさなりあっ	重なり合っ	7281
かさなる	重なる	6065
かさね	重ね	5319
かさね	重	6940
かさね	襲	7157
かさね	かさね	7372
かさねあわ	重ね合わ	6674
かさねがさね	重ね重ね	7538
かさねぎ	重ね着	7009
かさねて	重ねて	5453
かさねる	重ねる	5755
かさねれ	重ねれ	7277
かさはら	笠原	6850
かさばら	かさばら	7146
かさばり	かさばり	7528
かさばる	かさばる	7013
かさぶた	かさぶた	7163
かさま	笠間	7141
かさまつ	笠松	7133
かさみ	かさみ	7436
かさむ	かさむ	7180
かさん	加算	5787
かさん	かさん	6846
かさん	可算	7514
かさんかすいそ	過酸化水素	7227
かさんどら	カサンドラ	7474
かざい	家財	7005
かざかみ	風上	7487
かざきり	風切り	7409
かざぐるま	風車	6832
かざし	かざし	6890
かざしも	風下	7541
かざす	かざす	6892
かざっ	飾っ	5568
かざばな	風花	7380
かざふすたん	カザフスタン	7032
かざま	風間	6793
かざみ	風見	7353
かざむき	風向き	6819
かざら	飾ら	5918
かざり	飾り	5746
かざり	飾	6921
かざり	かざり	7297
かざりけ	飾り気	7503
かざりだな	飾り棚	7354
かざりつけ	飾り付け	6887
かざりつけ	飾りつけ	7213
かざりもの	飾り物	7520
かざる	飾る	5794
かざれ	飾れ	7327
かざれる	飾れる	7017
かざろ	飾ろ	7375
かざろう	飾ろう	7378
かざん	火山	5999
かざん	加算	7259
かざんばい	火山灰	6983
かし	歌詞	5254
かし	菓子	5542
かし	貸し	5798
かし	可視	5860
かし	化し	6199
かし	貸	6309
かし	かし	6330
かし	下肢	6558
かしい	香椎	7471
かしお	カシオ	7177
かしおぺあ	カシオペア	7232
かしおり	菓子折り	7426
かしか	可視化	7102
かしかり	貸し借り	7174
かしかん	下士官	7563
かしかーど	歌詞カード	7471
かしきっ	貸し切っ	7499
かしきり	貸切	6049
かしきり	貸し切り	6861
かしきん	貸金	6873
かしげ	かしげ	7237
かしげる	かしげる	7491
かしこ	かしこ	6633
かしこ	賢	7147
かしこ	畏	7432
かしこい	賢い	6115
かしこい	かしこい	7514
かしこいひと	賢い人	7426
かしこう	可視光	7016
かしこく	賢く	6352
かしこさ	賢さ	7247
かしこまっ	かしこまっ	7430
かしこまり	かしこまり	7395
かしす	カシス	7108
かしだし	貸出	6312
かしだし	貸し出し	6498
かしだし	貸出し	7078
かしだす	貸し出す	7238
かしつ	過失	6242
かしつ	加湿	6383
かしつき	加湿器	7303
かしつけ	貸付	6495
かしつけ	貸し付け	7542
かしぬし	貸主	7266
かしはら	橿原	6900
かしぱん	菓子パン	6840
かしま	鹿島	6302
かしまあんとらーず	鹿島アントラーズ	7200
かしみあ	カシミア	7317
かしみや	カシミヤ	7022
かしみーる	カシミール	7442
かしゃ	貨車	6880
かしゅ	歌手	5550
かしゅう	歌集	6991
かしゅー	カシュー	7016
かしゅーなっつ	カシューナッツ	7403
かしょ	箇所	5254
かしょ	か所	5816
かしょ	カ所	5929
かしょ	ヶ所	5975
かしょ	個所	6539
かしょ	ヵ所	6636
かしょ	ケ所	7444
かしょう	歌唱	5936
かしょう	仮称	6637
かしょう	過小	7111
かしょう	火傷	7118
かしょう	過少	7548
かしょうりょく	歌唱力	7015
かしょく	過食	6957
かしら	頭	5290
かしら	かしら	5509
かしらもじ	頭文字	6614
かしわ	柏	6454
かしわ	かしわ	6958
かしわき	柏木	7368
かしわぎ	柏木	6892
かしわざき	柏崎	7202
かしわし	柏市	7015
かしわのは	柏の葉	7155
かしわばら	柏原	7411
かしわもち	柏餅	7397
かしわれいそる	柏レイソル	7405
かしん	家臣	6299
かしん	過信	6841
かじ	家事	5431
かじ	火事	6120
かじ	舵	6580
かじ	かじ	6636
かじ	カジ	6731
かじ	鍛冶	6919
かじ	梶	7003
かじ	加持	7470
かじいくじ	家事育児	7291
かじき	カジキ	7169
かじっ	かじっ	6803
かじっ	齧っ	7490
かじつ	果実	5697
かじつ	過日	7355
かじとり	舵取り	7295
かじどうせん	家事動線	7556
かじの	カジノ	5737
かじはら	梶原	7372
かじば	火事場	7423
かじや	鍛冶屋	7360
かじやま	梶山	7539
かじゅ	果樹	6408
かじゅある	カジュアル	5749
かじゅあるこーで	カジュアルコーデ	7239
かじゅあるすたいる	カジュアルスタイル	7544
かじゅう	果汁	6131
かじゅう	荷重	6156
かじゅう	加重	7008
かじゅう	過重	7494
かじゅえん	果樹園	7550
かじょ	花序	6864
かじょう	過剰	5599
かじょう	箇条	6657
かじょう	か条	7520
かじょうがき	箇条書き	7338
かじょうせっしゅ	過剰摂取	7512
かじら	かじら	7487
かじり	かじり	6956
かじる	かじる	7183
かじわら	梶原	7005
かじん	歌人	7224
かじん	家人	7449
かじん	華人	7549
かす	カス	6382
かす	かす	6623
かす	貸す	6738
かす	課す	6905
かす	化す	7042
かす	粕	7317
かす	科す	7551
かすい	加水	6470
かすい	下垂	6790
かすい	花穂	7306
かすか	かすか	6566
かすか	微か	6609
かすかべ	春日部	6847
かすが	春日	6785
かすがい	春日井	6933
かすがじんじゃ	春日神社	7531
かすがたいしゃ	春日大社	7275
かすけーど	カスケード	7276
かすたまいず	カスタマイズ	5499
かすたまー	カスタマー	7127
かすたまーさぽーと	カスタマーサポート	6783
かすたまーさーびす	カスタマーサービス	6821
かすたむ	カスタム	5367
かすたーど	カスタード	6286
かすたーどくりーむ	カスタードクリーム	7062
かすてら	カステラ	6396
かすぴかい	カスピ海	7548
かすみ	霞	6666
かすみ	かすみ	6993
かすみ	カスミ	7067
かすみ	香澄	7362
かすみがうら	霞ヶ浦	7090
かすみがうらし	かすみがうら市	7531
かすみがせき	霞が関	7144
かすみがせき	霞ヶ関	7517
かすむ	霞む	7490
かすめ	かすめ	7420
かすり	絣	7242
かすり	かすり	7256
かすりゃ	かすりゃ	7461
かする	かする	7412
かすれ	かすれ	7011
かすれ	掠れ	7400
かすん	霞ん	7043
かすん	かすん	7535
かず	数	5119
かず	かず	6340
かず	和	6403
かず	カズ	6515
かず	下図	7485
かず	一	7511
かずお	和夫	6837
かずお	一夫	7275
かずお	かずお	7378
かずおおい	数多い	7086
かずおおく	数多く	5701
かずかげつ	数か月	7525
かずかず	数々	5447
かずかずのしょう	数々の賞	7432
かずき	和樹	7068
かずき	一輝	7281
かずき	かずき	7436
かずこ	和子	7273
かずさ	かずさ	7392
かずさ	上総	7431
かずしげ	一重	7463
かずじ	一二	7279
かずすくない	数少ない	6106
かずつぐ	一次	6826
かずと	一人	5307
かずとし	一年	5477
かずとし	万年	6772
かずなみ	一列	6877
かずなり	和也	7117
かずのこ	数の子	7246
かずは	和葉	7263
かずひこ	和彦	6747
かずひこ	一彦	7420
かずひさ	和久	7494
かずひと	一人	5289
かずひろ	和博	7370
かずひろ	和弘	7476
かずひろ	和宏	7531
かずほ	一歩	6074
かずま	和真	7284
かずま	一馬	7320
かずま	カズマ	7394
かずまさ	和正	7343
かずまさ	一勝	7497
かずみ	一三	7143
かずみ	かずみ	7294
かずみ	和美	7498
かずみち	一通	7116
かずもと	数本	6680
かずや	和也	6535
かずや	十八	6985
かずや	一八	7105
かずや	和哉	7306
かずや	一也	7365
かずゆき	一之	7412
かずゆき	和幸	7474
かずゆき	和之	7543
かずよし	和義	7225
かずら	葛	7139
かずれーざー	カズレーザー	7546
かずんど	一人	5359
かせ	課せ	6682
かせ	柏	6894
かせ	かせ	7103
かせ	加瀬	7235
かせ	科せ	7337
かせ	枷	7381
かせい	稼い	5892
かせい	火星	6216
かせい	家政	6648
かせい	化成	6894
かせい	加勢	7148
かせいふ	家政婦	7425
かせが	稼が	7058
かせき	化石	6009
かせきねんりょう	化石燃料	7312
かせぎ	稼ぎ	5855
かせぎやすい	稼ぎやすい	7330
かせぐ	稼ぐ	5750
かせげ	稼げ	6518
かせげる	稼げる	5969
かせご	稼ご	7119
かせごう	稼ごう	7111
かせっと	カセット	6425
かせっとてーぷ	カセットテープ	6926
かせつ	仮説	6014
かせつ	仮設	6281
かせつ	架設	7297
かせつじゅうたく	仮設住宅	7417
かせん	河川	5802
かせん	下線	6905
かせん	架線	6966
かせん	歌仙	7246
かせん	化繊	7275
かせんしき	河川敷	7087
かせんじき	河川敷	6563
かぜ	風	4636
かぜ	風邪	5647
かぜ	かぜ	6463
かぜ	カゼ	7380
かぜあたり	風当たり	7364
かぜい	課税	5833
かぜたちぬ	風立ちぬ	7557
かぜとおし	風通し	6176
かぜな	風な	6961
かぜになる	風になる	7177
かぜにふかれて	風に吹かれて	7423
かぜのおと	風の音	7242
かぜのたにのなうしか	風の谷のナウシカ	7370
かそ	過疎	6516
かそ	可塑	6912
かそう	仮想	5472
かそう	火葬	6263
かそう	仮装	6267
かそう	下層	6554
かそう	家相	7467
かそうかんきょう	仮想環境	7540
かそうくうかん	仮想空間	7364
かそうけん	科捜研	7318
かそうげんじつ	仮想現実	7486
かそうつうか	仮想通貨	6567
かそうてき	仮想的	7514
かそうば	火葬場	7482
かそか	過疎化	7467
かそく	加速	5404
かそくき	加速器	7264
かそくど	加速度	6524
かそくどてき	加速度的	7449
かそけ	幽	6596
かそっ	過疎っ	7366
かぞ	加須	7356
かぞえ	数え	5941
かぞえきれ	数え切れ	6849
かぞえどし	数え年	7527
かぞえる	数える	6315
かぞく	家族	4346
かぞく	華族	7375
かぞくあい	家族愛	7337
かぞくかんけい	家族関係	7400
かぞくこうせい	家族構成	6824
かぞくしゃしん	家族写真	7204
かぞくぜんいん	家族全員	6745
かぞくそう	家族葬	7282
かぞくづれ	家族連れ	6436
かぞくのきずな	家族の絆	7216
かぞくのこと	家族のこと	7069
かぞくりょこう	家族旅行	6988
かた	方	3813
かた	型	4881
かた	形	5052
かた	肩	5127
かた	かた	5945
かた	片	6195
かた	硬	6317
かた	勝た	6461
かたあし	片足	6527
かたい	硬い	5777
かたい	固い	6082
かたい	堅い	6546
かたい	かたい	6907
かたい	下腿	7272
かたいなか	片田舎	7377
かたいれ	肩入れ	7478
かたうで	片腕	7025
かたおか	片岡	6444
かたおち	型落ち	7340
かたおもい	片思い	6395
かたおもい	片想い	6837
かたおや	片親	7440
かたかけ	肩掛け	6917
かたかた	カタカタ	7089
かたかっ	硬かっ	7379
かたかっ	固かっ	7514
かたかな	カタカナ	6145
かたかな	片仮名	7556
かたかんせつ	肩関節	7557
かたがき	肩書	6560
かたがき	肩書き	6726
かたがた	方々	4759
かたがみ	型紙	6321
かたがわ	片側	6184
かたがわり	肩代わり	7131
かたき	敵	5242
かたき	仇	7409
かたきやく	敵役	7201
かたぎ	気質	6514
かたぎり	片桐	6907
かたく	固く	5915
かたく	硬く	5959
かたく	堅く	6951
かたく	かたく	6993
かたく	家宅	7204
かたく	難く	7377
かたくちいわし	カタクチイワシ	7531
かたくな	頑な	6686
かたくな	かたくな	7454
かたくら	片倉	7352
かたくり	カタクリ	7021
かたくりこ	片栗粉	6048
かたくるしい	堅苦しい	7080
かたくるしく	堅苦しく	7346
かたぐるま	肩車	7485
かたこと	カタコト	7440
かたこと	片言	7553
かたこり	肩こり	5997
かたさ	硬さ	6215
かたさ	固さ	6740
かたさ	かたさ	7484
かたし	確	7071
かたし	剛	7327
かたし	固	7529
かたしき	型式	6827
かたすかし	肩透かし	7383
かたすみ	片隅	6333
かたずけ	片付け	7048
かたずけ	片づけ	7562
かたせ	片瀬	7252
かたたち	方たち	6090
かたち	形	4960
かたち	かたち	5963
かたち	カタチ	6133
かたちだっ	形だっ	7407
かたちづくっ	形作っ	7265
かたちづくら	形作ら	7390
かたちづくる	形作る	7145
かたちで	形で	6909
かたちな	形な	7029
かたちになっ	形になっ	6158
かたちになり	形になり	6233
かたちになる	形になる	6461
かたちのもの	形のもの	7511
かたっ	語っ	5154
かたっ	騙っ	7552
かたっぱし	片っ端	6756
かたつけ	型付け	7399
かたつむり	カタツムリ	6851
かたつむり	かたつむり	7307
かたづい	片付い	7112
かたづけ	片付け	5897
かたづけ	片づけ	6411
かたづける	片付ける	6658
かたづける	片づける	7417
かたて	片手	5727
かたてま	片手間	7323
かたどっ	かたどっ	7032
かたどっ	象っ	7515
かたどり	型取り	7212
かたな	刀	6166
かたな	カタナ	7379
かたなかじ	刀鍛冶	7153
かたぬき	型抜き	6930
かたの	交野	7347
かたのちから	肩の力	7515
かたのちからをぬい	肩の力を抜い	7258
かたは	かたは	6997
かたはば	肩幅	6354
かたばん	型番	6392
かたぱると	カタパルト	7353
かたひも	肩紐	7114
かたひら	片平	7466
かたぶけ	傾け	7567
かたぶつ	堅物	7548
かたほう	片方	5810
かたまっ	固まっ	5932
かたまっ	かたまっ	7543
かたまら	固まら	7153
かたまり	塊	5845
かたまり	固まり	6612
かたまり	かたまり	6742
かたまる	固まる	6524
かたまわり	肩周り	7263
かたみ	形見	7095
かたみ	肩身	7315
かたみち	片道	6255
かたみみ	片耳	7215
かたむい	傾い	6376
かたむき	傾き	6606
かたむく	傾く	6937
かたむけ	傾け	6070
かたむけ	方向け	6217
かたむける	傾ける	6847
かため	固め	6329
かため	硬め	6433
かため	片目	6831
かため	かため	7252
かためる	固める	6449
かためん	片面	6465
かたも	方面	7461
かたや	かたや	6979
かたやぶり	型破り	7343
かたやま	片山	6536
かたよっ	偏っ	6293
かたよら	偏ら	7311
かたより	偏り	6591
かたよる	偏る	7101
かたら	語ら	5716
かたらい	語らい	7221
かたり	語り	5758
かたり	語	7276
かたりあい	語り合い	6782
かたりあう	語り合う	6732
かたりあっ	語り合っ	6911
かたりかけ	語りかけ	6733
かたりかける	語りかける	6952
かたりくち	語り口	6922
かたりつが	語り継が	6769
かたりつぐ	語り継ぐ	7458
かたりて	語り手	6975
かたりな	カタリナ	7239
かたりべ	語り部	7290
かたる	語る	5221
かたる	騙る	7281
かたるしす	カタルシス	7149
かたるーにゃ	カタルーニャ	7205
かたれ	語れ	6959
かたれる	語れる	6825
かたろ	語ろ	6898
かたろう	語ろう	6896
かたろぐ	カタログ	5674
かたわく	型枠	6773
かたわら	傍ら	6294
かたわら	かたわら	6949
かたわれ	片割れ	7181
かたをならべ	肩を並べ	7466
かたをならべる	肩を並べる	7422
かたん	加担	6755
かたん	下端	7077
かたん	勝たん	7101
かたーる	カタール	6548
かだい	課題	4652
かだい	過大	6797
かだい	架台	7184
かだいかいけつ	課題解決	6768
かだいきょく	課題曲	7418
かだん	花壇	6167
かち	価値	4758
かち	勝ち	5815
かち	勝	6666
かち	かち	6773
かち	カチ	7321
かちあがっ	勝ち上がっ	6908
かちあがり	勝ち上がり	7253
かちあがる	勝ち上がる	7567
かちおん	カチオン	7461
かちかち	カチカチ	6730
かちかん	価値観	5400
かちく	家畜	6311
かちこし	勝ち越し	6772
かちすすん	勝ち進ん	7325
かちそうぞう	価値創造	7545
かちっ	カチッ	6886
かちとっ	勝ち取っ	6665
かちとり	勝ち取り	7055
かちとる	勝ち取る	6875
かちどき	勝どき	7511
かちぬい	勝ち抜い	6823
かちぬき	勝ち抜き	7239
かちぬく	勝ち抜く	7280
かちのこっ	勝ち残っ	7483
かちぼし	勝ち星	7161
かちまけ	勝ち負け	6735
かちまけ	勝負	6905
かちゃかちゃ	カチャカチャ	7529
かちゃん	かちゃん	7541
かちゅう	渦中	6932
かちゅう	家中	7380
かちゅーしゃ	カチューシャ	6669
かちょう	課長	5865
かちょう	花鳥	7230
かちょう	家長	7332
かちょうきん	課徴金	7479
かちょうふうげつ	花鳥風月	7527
かちん	カチン	7322
かっ	買っ	4536
かっ	勝っ	5661
かっ	飼っ	5843
かっ	かっ	5852
かっ	カッ	6474
かっ	刈っ	7012
かっ	狩っ	7042
かっか	閣下	6913
かっき	活気	6017
かっきてき	画期的	6159
かっきょう	活況	7352
かっく	各区	7465
かっくう	滑空	7093
かっけぇ	かっけぇ	7543
かっこ	カッコ	5838
かっこ	かっこ	6486
かっこ	括弧	6708
かっこいい	かっこいい	5256
かっこいい	カッコいい	5660
かっこいい	カッコイイ	5928
かっこいい	格好良い	7056
かっこいい	格好いい	7149
かっこう	格好	5781
かっこう	恰好	7028
かっこう	各校	7330
かっこう	カッコウ	7386
かっこういい	格好いい	6713
かっこういい	格好良い	7307
かっこええ	かっこええ	7426
かっこく	各国	5837
かっこたる	確固たる	6663
かっこたるもの	確固たるもの	7562
かっこつけ	カッコつけ	7174
かっこつけ	かっこつけ	7487
かっこない	カッコ内	7472
かっこよ	かっこよ	6562
かっこよ	カッコよ	6942
かっこよ	カッコ良	6967
かっこよかっ	かっこよかっ	6399
かっこよかっ	カッコよかっ	6842
かっこよく	かっこよく	6070
かっこよく	カッコよく	6493
かっこよく	格好良く	7316
かっこよさ	かっこよさ	6789
かっこよさ	カッコよさ	7100
かっこよさ	カッコ良さ	7270
かっこよすぎ	かっこよすぎ	7372
かっこわるい	カッコ悪い	7246
かっこわるい	かっこ悪い	7306
かっさい	喝采	6848
かっさい	葛西	7562
かっしゃ	滑車	7295
かっしょく	褐色	6379
かっすい	渇水	7386
かっせい	活性	5238
かっせいか	活性化	6979
かっせいさんそ	活性酸素	6987
かっせいたん	活性炭	7088
かっせん	合戦	6420
かっそう	滑走	6728
かっそうろ	滑走路	6512
かったつ	闊達	7480
かったー	カッター	6274
かったーないふ	カッターナイフ	7308
かっちゃく	活着	7483
かっちゅう	甲冑	6704
かっちり	かっちり	7165
かって	勝手	5016
かって	かって	6553
かってぃんぐ	カッティング	6562
かってぐち	勝手口	7218
かってーじちーず	カッテージチーズ	7534
かっと	カット	4825
かっといん	カットイン	7076
かっとう	葛藤	5984
かっとおふ	カットオフ	7295
かっとそー	カットソー	6717
かっぱ	カッパ	6559
かっぱ	かっぱ	6640
かっぱ	河童	6726
かっぱずし	かっぱ寿司	7401
かっぱつ	活発	5657
かっぱん	活版	7112
かっぷ	カップ	5220
かっぷ	割賦	7489
かっぷけーき	カップケーキ	7478
かっぷめん	カップ麺	6927
かっぷらーめん	カップラーメン	6779
かっぷりんぐ	カップリング	6438
かっぷる	カップル	5520
かっぽ	闊歩	7202
かっぽう	割烹	6737
かつ	かつ	4835
かつ	勝つ	5598
かつ	活	5598
かつ	カツ	6010
かつ	且つ	6043
かつ	喝	7072
かつ	勝	7358
かつ	且	7504
かつあい	割愛	6315
かつい	担い	6680
かつうら	勝浦	7131
かつえ	飢え	7534
かつお	カツオ	6333
かつお	鰹	6565
かつお	かつお	6671
かつおぶし	鰹節	6659
かつおぶし	かつお節	6730
かつおぶし	かつおぶし	7278
かつが	担が	7423
かつき	勝己	7358
かつぎ	担ぎ	6807
かつぐ	担ぐ	7130
かつげき	活劇	7296
かつしか	葛飾	6726
かつしかく	葛飾区	7559
かつじ	活字	6627
かつぜつ	滑舌	6993
かつて	かつて	5125
かつて	嘗て	7397
かつとし	勝利	7372
かつどう	活動	4133
かつどうかいし	活動開始	7520
かつどうきかん	活動期間	7502
かつどうきゅうし	活動休止	7307
かつどうきょてん	活動拠点	7417
かつどうちゅう	活動中	6483
かつどうてき	活動的	7104
かつどうないよう	活動内容	6938
かつどうほうこく	活動報告	7207
かつどん	カツ丼	6529
かつひこ	勝彦	7429
かつひこ	克彦	7494
かつひさ	勝久	7545
かつぶし	鰹節	7434
かつぼう	渇望	7041
かつまた	勝俣	7457
かつみ	勝己	7311
かつや	克也	7134
かつや	かつや	7276
かつやく	活躍	4548
かつやくちゅう	活躍中	6595
かつやま	勝山	7359
かつよう	活用	4470
かつようほう	活用法	7104
かつようほうほう	活用方法	6916
かつより	勝頼	7418
かつら	桂	6354
かつら	カツラ	6872
かつら	かつら	6902
かつらがわ	桂川	7564
かつらぎ	葛城	7161
かつらぎ	かつらぎ	7558
かつらく	滑落	7177
かつりょく	活力	6142
かつれつ	カツレツ	7490
かつろ	活路	7167
かて	勝て	5887
かて	糧	6289
かて	かて	7275
かてい	家庭	4780
かてい	過程	5265
かてい	課程	5902
かてい	仮定	6088
かていか	家庭科	7407
かていかんきょう	家庭環境	6894
かていがくしゅう	家庭学習	7381
かていきょうし	家庭教師	6959
かていさいえん	家庭菜園	6833
かていさいばんしょ	家庭裁判所	7032
かていせいかつ	家庭生活	7395
かていてき	家庭的	7240
かていない	家庭内	6917
かていのじじょう	家庭の事情	7185
かていよう	家庭用	7229
かていりょうり	家庭料理	7244
かてきん	カテキン	7246
かてごり	カテゴリ	5427
かてごりー	カテゴリー	5520
かてる	勝てる	5822
かてん	加点	6737
かてーてる	カテーテル	6613
かでん	家電	5579
かでん	荷電	7458
かでんせいひん	家電製品	7126
かでんりゅう	過電流	7465
かでんりょうはんてん	家電量販店	7429
かと	過渡	6925
かと	勝と	7274
かとう	加藤	5569
かとう	かとう	7104
かとう	果糖	7168
かとう	勝とう	7277
かとう	加糖	7551
かとうさん	加藤さん	7203
かとお	加藤	6720
かとか	かとか	6723
かとき	過渡期	7165
かとく	家督	6976
かとまんず	カトマンズ	7411
かとらりー	カトラリー	6829
かとり	香取	6785
かとりせんこう	蚊取り線香	7147
かとりっく	カトリック	6339
かとれあ	カトレア	7439
かど	過度	6028
かど	門	6149
かど	角	6291
かど	カド	6879
かどう	稼働	5499
かどう	可動	5792
かどう	稼動	6639
かどう	華道	7023
かどういき	可動域	7140
かどうはんい	可動範囲	7555
かどうりつ	稼働率	7450
かどかわ	角川	6800
かどくせい	可読性	7285
かどた	角田	7363
かどち	角地	7377
かどで	門出	6964
かどべや	角部屋	7278
かどま	門真	7209
かどまつ	門松	7178
かどみうむ	カドミウム	7420
かどわき	門脇	7212
かな	かな	4038
かな	カナ	6401
かな	仮名	6703
かな	香菜	7034
かな	哉	7091
かな	佳奈	7169
かな	加奈	7382
かなぁ	かなぁ	5886
かなあみ	金網	6798
かない	叶い	6338
かない	家内	6825
かない	かない	6872
かない	金井	7069
かない	敵い	7542
かないあんぜん	家内安全	7538
かなう	叶う	6094
かなう	かなう	6902
かなえ	叶え	5944
かなえ	かなえ	6841
かなえよ	叶えよ	7497
かなえよう	叶えよう	7487
かなえる	叶える	6005
かなえる	かなえる	6912
かながた	金型	6283
かながわ	神奈川	5736
かながわけん	神奈川県	5577
かながわけんない	神奈川県内	7497
かながわだいがく	神奈川大学	7409
かなぐ	金具	5933
かなこ	金子	7106
かなこ	加奈子	7262
かなこ	かなこ	7280
かなこ	夏菜子	7558
かなざわ	金沢	5975
かなざわ	金澤	7148
かなざわえき	金沢駅	7553
かなざわし	金沢市	7258
かなし	悲し	6366
かなし	かなし	7466
かなし	哀し	7528
かなしい	悲しい	5470
かなしい	哀しい	6963
かなしい	かなしい	7293
かなしいきもち	悲しい気持ち	7144
かなしかっ	悲しかっ	6800
かなしき	悲しき	7157
かなしく	悲しく	6181
かなしさ	悲しさ	6965
かなしそう	悲しそう	7273
かなしばり	金縛り	7235
かなしま	悲しま	7104
かなしみ	悲しみ	6099
かなしみ	哀しみ	7261
かなしむ	悲しむ	6837
かなしん	悲しん	6851
かなた	彼方	6451
かなた	かなた	6925
かなた	カナタ	7389
かなだ	カナダ	5626
かなだ	加	6674
かなっ	かなっ	6043
かなっ	叶っ	6419
かなづかい	仮名遣い	7551
かなづち	金槌	7546
かなで	奏で	6652
かなで	かなで	7531
かなでる	奏でる	6426
かなと	かなと	7563
かなにか	か何か	7362
かなぶん	カナブン	7525
かなへび	カナヘビ	7451
かなぼう	金棒	7387
かなまる	金丸	7497
かなむら	金村	7503
かなめ	要	6492
かなめ	かなめ	7345
かなもの	金物	6665
かなもり	金森	7392
かなやま	金山	7190
かならず	必ず	4607
かならず	かならず	6723
かならずしも	必ずしも	5683
かならずや	必ずや	7122
かなり	かなり	4358
かなりあ	カナリア	7411
かなりいい	かなりいい	6840
かなりじかん	かなり時間	6952
かなりのもの	かなりのもの	7365
かなりまえ	かなり前	6880
かなりむかし	かなり昔	7361
かなわ	叶わ	6293
かなわ	かなわ	6652
かなわ	敵わ	6805
かなん	カナン	7168
かなー	かなー	6121
かなーり	かなーり	7437
かに	カニ	5814
かに	蟹	6240
かに	かに	6278
かに	可児	7216
かにかま	カニカマ	7185
かにく	果肉	6313
かにざ	蟹座	7170
かにざ	かに座	7500
かにゅう	加入	5253
かにゅうしゃ	加入者	7484
かぬま	鹿沼	7159
かぬれ	カヌレ	6806
かぬー	カヌー	6510
かね	かね	4942
かね	金	5593
かね	兼ね	5743
かね	鐘	6121
かね	カネ	6299
かねあい	兼ね合い	6696
かねい	金井	7485
かねき	カネキ	7541
かねこ	金子	6476
かねこ	かねこ	7411
かねさわ	金沢	6568
かねざわ	金沢	6499
かねそなえ	兼ね備え	5940
かねそなえる	兼ね備える	7499
かねた	金田	7530
かねだ	金田	7204
かねちか	兼近	7475
かねつ	加熱	5413
かねつ	過熱	6699
かねつぐ	兼続	7449
かねつじかん	加熱時間	7335
かねてから	かねてから	7120
かねてより	かねてより	7012
かねぼう	カネボウ	7505
かねまる	金丸	7472
かねもうけ	金儲け	6775
かねもち	金持ち	5865
かねよ	かねよ	6907
かねりゃ	かねりゃ	6907
かねる	かねる	6907
かねる	兼ねる	6985
かねれ	かねれ	6907
かねろ	かねろ	6907
かねん	可燃	6646
かねん	かねん	6907
かねん	カ年	7332
かねん	か年	7469
かねんごみ	可燃ごみ	7560
かの	カノ	6265
かの	かの	6311
かの	狩野	7375
かのう	可能	3949
かのう	叶	6718
かのう	加納	6949
かのう	狩野	7009
かのう	化膿	7102
かのう	かのう	7502
かのうせい	可能性	4221
かのこ	鹿の子	7442
かのじょ	彼女	4536
かのじょ	カノジョ	7354
かのじょじしん	彼女自身	7383
かのじょたち	彼女たち	6345
かのじょたち	彼女達	7137
かのじょら	彼女ら	6672
かのと	神戸	6792
かのや	鹿屋	7038
かのん	カノン	6808
かのん	かのん	7154
かのん	花音	7450
かはら	華原	7467
かはん	河畔	7345
かはんしん	下半身	6058
かはんすう	過半数	6525
かば	カバ	5415
かば	樺	7476
かばい	かばい	7475
かばい	庇い	7546
かばう	かばう	7078
かばう	庇う	7229
かばっ	庇っ	7038
かばっ	かばっ	7140
かばね	屍	7363
かばねり	カバネリ	7262
かばの	蒲	7405
かばやき	蒲焼	7131
かばやき	蒲焼き	7257
かばらい	過払い	6767
かばらいきん	過払い金	7391
かばれっじ	カバレッジ	7396
かばん	カバン	6004
かばん	鞄	6224
かばん	かばん	6652
かばー	カバー	5062
かばーに	カバーに	6757
かひ	可否	6276
かひ	果皮	6947
かひ	歌碑	7075
かひつ	加筆	6521
かひょう	下表	6996
かび	カビ	5621
かび	かび	7228
かび	華美	7432
かびごん	カビゴン	7154
かびん	過敏	6412
かびん	花瓶	7265
かびんせいちょうしょうこうぐん	過敏性腸症候群	7379
かぴばら	カピバラ	6992
かふ	カフ	7013
かふ	寡婦	7429
かふう	荷風	7560
かふぇ	カフェ	4918
かふぇいん	カフェイン	6259
かふぇおれ	カフェオレ	6801
かふぇすぺーす	カフェスペース	7417
かふぇたいむ	カフェタイム	7547
かふぇてりあ	カフェテリア	7169
かふぇらて	カフェラテ	6802
かふか	カフカ	7154
かふく	下腹	7188
かふくぶ	下腹部	7437
かふす	カフス	7293
かふそく	過不足	7056
かふん	花粉	6007
かふんしょう	花粉症	6203
かぶ	株	5312
かぶ	下部	5677
かぶ	カブ	6104
かぶ	蕪	7452
かぶ	歌舞	7510
かぶか	株価	5725
かぶかい	株買い	7253
かぶき	歌舞伎	6009
かぶきざ	歌舞伎座	6952
かぶきちょう	歌舞伎町	6531
かぶけん	株券	7123
かぶしき	株式	5422
かぶしきがいしゃ	株式会社	4541
かぶしきしじょう	株式市場	7154
かぶしきとうし	株式投資	7036
かぶす	カブス	7051
かぶすう	株数	7330
かぶせ	被せ	6371
かぶせ	かぶせ	6422
かぶせる	被せる	6973
かぶせる	かぶせる	7056
かぶだか	株高	7427
かぶっ	被っ	5871
かぶっ	かぶっ	6048
かぶと	兜	6474
かぶと	甲	6673
かぶと	カブト	6847
かぶと	かぶと	7053
かぶとむし	カブトムシ	6436
かぶぬし	株主	5603
かぶぬしそうかい	株主総会	7129
かぶぬしゆうたい	株主優待	7254
かぶもと	株元	7168
かぶら	被ら	6712
かぶら	かぶら	6924
かぶら	蕪	7553
かぶり	頭	5989
かぶり	被り	6355
かぶり	かぶり	6471
かぶりつく	かぶりつく	7539
かぶりもの	被り物	7187
かぶる	被る	6519
かぶる	かぶる	6531
かぶれ	かぶれ	6895
かぶれる	かぶれる	7552
かぶわけ	株分け	7053
かぷ	カプ	6770
かぷこん	カプコン	6799
かぷせる	カプセル	5911
かぷせるとい	カプセルトイ	7279
かぷちーの	カプチーノ	7029
かぷら	カプラ	7461
かぷらー	カプラー	6743
かぷりこーん	山羊座	7463
かぷれーぜ	カプレーゼ	7541
かへい	花柄	6336
かへい	貨幣	6577
かへん	可変	6583
かべ	壁	5086
かべ	カベ	7193
かべうち	壁打ち	7287
かべかけ	壁掛け	6495
かべがみ	壁紙	5722
かべぎわ	壁際	6965
かべづけ	壁付け	7552
かべん	花弁	6577
かほ	かほ	6975
かほう	下方	6506
かほう	家宝	7196
かほう	加法	7558
かほく	河北	7404
かほくし	かほく市	7504
かほご	過保護	6866
かほり	かほり	7558
かぼす	かぼす	7127
かぼす	カボス	7481
かぼちゃ	かぼちゃ	5745
かぼちゃ	カボチャ	6220
かぼちゃ	南瓜	7052
かま	釜	6098
かま	窯	6145
かま	かま	6304
かま	噛ま	6334
かま	カマ	6353
かま	鎌	6529
かま	咬ま	7430
かまあげ	釜揚げ	7116
かまい	構い	5844
かまい	かまい	6438
かまい	構	7177
かまいし	釜石	6986
かまいたち	かまいたち	6840
かまう	構う	7475
かまえ	構え	5974
かまえ	構	6994
かまえ	かまえ	7521
かまえる	構える	6029
かまきり	カマキリ	6723
かまくら	鎌倉	5602
かまくら	かまくら	7134
かまくらじだい	鎌倉時代	6937
かまくらばくふ	鎌倉幕府	7443
かます	カマス	7131
かまた	鎌田	6846
かまた	蒲田	7188
かまだ	鎌田	7225
かまっ	構っ	6664
かまっ	かまっ	6684
かまど	かまど	6742
かまど	竈門	6944
かまど	竈	7401
かまぼこ	かまぼこ	6428
かまぼこ	蒲鉾	7052
かまぼこ	カマボコ	7512
かまめし	釜飯	7177
かまめし	釜めし	7325
かまもと	窯元	7085
かまやま	釜山	6815
かまわ	構わ	5926
かまわ	かまわ	6567
かまわん	構わん	7433
かまんべーる	カマンベール	7038
かみ	上	4477
かみ	神	4883
かみ	髪	4921
かみ	紙	5405
かみ	かみ	5998
かみ	噛み	6312
かみ	加味	6402
かみ	カミ	7030
かみあい	噛み合い	7428
かみあう	噛み合う	7470
かみあっ	噛み合っ	6981
かみあっ	かみ合っ	7495
かみあわ	噛み合わ	6600
かみあわ	かみ合わ	7349
かみあわせ	噛み合わせ	6914
かみあわせ	かみ合わせ	7253
かみいろ	髪色	6236
かみお	神尾	7229
かみお	上尾	7394
かみおむつ	紙おむつ	7181
かみかい	神回	7490
かみかざり	髪飾り	6586
かみかぜ	神風	7249
かみかわ	上川	7287
かみがかっ	神がかっ	7392
かみがくし	神隠し	6851
かみがた	髪型	5510
かみがた	上方	6448
かみがた	髪形	7139
かみがみ	神々	6177
かみがもじんじゃ	上賀茂神社	7522
かみき	上期	7171
かみき	神木	7540
かみきりむし	カミキリムシ	7549
かみきれ	紙切れ	7348
かみくだい	噛み砕い	7281
かみげー	神ゲー	7416
かみこうち	上高地	6983
かみこっぷ	紙コップ	7047
かみさま	神様	5427
かみさま	神さま	6562
かみさん	かみさん	6981
かみさん	カミさん	7026
かみざ	上座	7552
かみざら	紙皿	7378
かみしつ	髪質	6000
かみしつ	紙質	7523
かみしつかいぜん	髪質改善	7162
かみしばい	紙芝居	6543
かみしめ	噛み締め	6808
かみしめ	噛みしめ	7132
かみしめ	かみしめ	7215
かみしめる	噛みしめる	7380
かみしめる	噛み締める	7409
かみしも	上下	7189
かみしらいし	上白石	6895
かみじょう	上条	7330
かみす	神栖	7387
かみすぎ	上杉	7036
かみせい	紙製	6936
かみそめ	髪染め	7554
かみそり	カミソリ	6809
かみそり	剃刀	7505
かみた	上田	6925
かみたに	神谷	7057
かみだ	神田	6784
かみだ	上田	6931
かみだ	神だ	7308
かみだな	神棚	6850
かみだのみ	神頼み	7513
かみつ	過密	7059
かみつい	噛みつい	7265
かみつい	噛み付い	7358
かみつき	噛みつき	7319
かみつく	噛みつく	7475
かみつく	噛み付く	7545
かみで	神で	7058
かみなり	雷	5959
かみなり	カミナリ	7331
かみなりもん	雷門	7191
かみねんど	紙粘土	7522
かみの	上野	6861
かみのいろ	髪の色	7363
かみのくに	神の国	7515
かみのけ	髪の毛	5542
かみのこ	神の子	7525
かみのじょうたい	髪の状態	7521
かみのほん	紙の本	7329
かみはら	上原	7285
かみはんき	上半期	6631
かみばいたい	紙媒体	7319
かみひとえ	紙一重	7116
かみふぶき	紙吹雪	7413
かみぶくろ	紙袋	6417
かみむら	上村	6953
かみむらがくえん	神村学園	7464
かみや	神谷	6808
かみやすり	紙やすり	7426
かみやま	神山	7120
かみゅ	カミュ	7108
かみよ	神代	7438
かみら	カミラ	7343
かみわざ	神業	7302
かみん	仮眠	6570
かみんぐあうと	カミングアウト	6846
かみーゆ	カミーユ	7168
かむ	噛む	6166
かむ	カム	6183
かむ	かむ	6856
かむい	カムイ	7277
かむっ	被っ	7368
かむば	カムバ	7350
かむばっく	カムバック	6775
かむり	カムリ	7518
かめ	亀	5982
かめ	瓶	6315
かめ	かめ	6427
かめ	カメ	6439
かめ	噛め	7192
かめあり	亀有	7368
かめい	加盟	5922
かめい	亀井	6844
かめい	仮名	7057
かめいこく	加盟国	7531
かめいてん	加盟店	6423
かめいど	亀戸	7159
かめお	カメオ	7153
かめおか	亀岡	7003
かめおしゅつえん	カメオ出演	7511
かめた	亀田	7310
かめだ	亀田	7001
かめなし	亀梨	6918
かめむし	カメムシ	6752
かめやま	亀山	6724
かめら	カメラ	4770
かめらあぷり	カメラアプリ	7407
かめらまん	カメラマン	5847
かめらろーる	カメラロール	7524
かめらわーく	カメラワーク	7304
かめりあ	カメリア	7508
かめるーん	カメルーン	7397
かめれおん	カメレオン	6897
かめん	仮面	5749
かめん	下面	7023
かめんらいだー	仮面ライダー	5934
かめーる	かメール	7192
かも	かも	3875
かも	カモ	6377
かも	鴨	6428
かも	加茂	7095
かも	賀茂	7432
かもい	鴨居	7443
かもかわ	鴨川	7389
かもがわ	鴨川	6934
かもく	科目	5424
かもく	寡黙	7078
かもし	醸し	6793
かもし	かもし	7363
かもしか	カモシカ	7288
かもしださ	醸し出さ	7561
かもしだし	醸し出し	6447
かもしだす	醸し出す	6748
かもす	醸す	7156
かもつ	貨物	5804
かもつせん	貨物船	7103
かもつれっしゃ	貨物列車	7331
かもにく	鴨肉	7296
かもふらーじゅ	カモフラージュ	7099
かもみーる	カモミール	7084
かもめ	かもめ	6824
かもめ	カモメ	6891
かもん	家紋	6550
かや	かや	6551
かや	カヤ	7038
かや	蚊帳	7090
かや	茅	7333
かやく	火薬	6619
かやく	かやく	7227
かやっく	カヤック	6606
かやの	茅野	7497
かやぶき	茅葺き	7297
かやぶき	茅葺	7338
かやま	加山	7264
かゆ	粥	6384
かゆ	痒	6573
かゆ	かゆ	7502
かゆい	痒い	7062
かゆい	かゆい	7081
かゆく	痒く	6830
かゆく	かゆく	7124
かゆみ	かゆみ	6356
かゆみ	痒み	6984
かよ	かよ	6827
かよ	佳代	7163
かよい	通い	5836
かよいやすい	通いやすい	6772
かよう	通う	5609
かよう	歌謡	6212
かよう	火曜	6308
かよう	かよう	7428
かようきょく	歌謡曲	6879
かようせい	可用性	6801
かようび	火曜日	5838
かよえ	通え	7049
かよえる	通える	6549
かよこ	佳代子	7350
かよっ	通っ	5856
かよっ	かよっ	7394
かよわ	通わ	6151
かよわい	か弱い	7406
から	から	2828
から	カラ	6268
から	殻	6295
から	辛	6506
から	空	6554
から	駆ら	6683
から	狩ら	7360
から	刈ら	7513
からあげ	唐揚げ	5785
からあげ	からあげ	6413
からあげ	から揚げ	6651
からあげ	唐揚	7560
からい	辛い	5666
からい	からい	7419
からうり	空売り	7130
からおけ	カラオケ	5678
からおけぼっくす	カラオケボックス	7446
からかい	からかい	7163
からかう	からかう	7157
からかさ	傘	6128
からかっ	からかっ	7091
からから	カラカラ	6864
からから	からから	7374
からかわ	からかわ	6977
からき	柄木	7331
からく	辛く	6516
からくさ	唐草	7202
からくち	辛口	6274
からくも	辛くも	7514
からくり	からくり	6600
からくり	カラクリ	7037
からくる	からくる	6411
からくる	から来る	6428
からげんき	から元気	6944
からこそ	からこそ	7464
からこれ	からこれ	6674
からこん	カラコン	6412
からさ	辛さ	6416
からさわ	唐沢	7150
からし	辛子	6557
からし	からし	7027
からし	枯らし	7182
からし	カラシ	7311
からしか	からしか	6620
からす	カラス	6062
からす	烏	6671
からす	鴉	6984
からす	からす	7361
からすの	烏野	7100
からすま	烏丸	7224
からすみ	からすみ	7533
からた	唐田	7517
からだ	体	4828
からだ	身体	4987
からだ	カラダ	5966
からだ	からだ	6325
からだ	躰	7420
からだじゅう	体中	6853
からだぜんたい	体全体	7003
からだつき	体つき	7147
からだづくり	体作り	7292
からだになっ	体になっ	7387
からだのいちぶ	体の一部	7502
からだのうちがわ	体の内側	7567
からだのしん	体の芯	7500
からだのじょうたい	体の状態	7558
からだのちょうし	体の調子	7476
からだをはっ	体を張っ	7140
からっ	カラッ	6836
からっと	カラット	7068
からっと	カラッと	7168
からっぽ	空っぽ	6764
からっぽ	からっぽ	7276
からつ	唐津	6891
からつき	殻付き	7379
からて	空手	5989
からて	カラテ	7443
からには	からには	6305
からは	からは	4465
からばり	カラバリ	7325
からびな	カラビナ	6907
からふと	樺太	7058
からふる	カラフル	5643
からぶき	乾拭き	7453
からぶり	空振り	6515
からぼり	空堀	7374
からま	絡ま	6415
からま	からま	7559
からまた	からまた	6363
からまっ	絡まっ	6846
からまつ	カラマツ	7267
からまり	絡まり	7050
からまる	絡まる	7338
からまわり	空回り	6827
からみ	絡み	6099
からみ	辛味	6366
からみ	辛み	6711
からみ	からみ	7113
からみあい	絡み合い	7142
からみあう	絡み合う	7115
からみあっ	絡み合っ	6856
からみそ	辛味噌	7170
からむ	絡む	6248
からむ	カラム	6468
からむ	からむ	7358
からめ	絡め	6115
からめ	からめ	6881
からめ	辛め	7251
からめる	カラメル	6656
からめる	絡める	6817
からめる	からめる	7324
からも	からも	4805
からもも	杏	7528
からやん	カラヤン	7334
かられ	かられ	7211
からん	絡ん	5943
からん	カラン	7000
からん	からん	7111
からー	カラー	4511
からーざい	カラー剤	7481
からーばりえーしょん	カラーバリエーション	6642
からーりんぐ	カラーリング	6425
かり	借り	5243
かり	仮	5804
かり	狩り	6101
かり	カリ	6211
かり	かり	6450
かり	狩	6746
かり	刈	6997
かり	刈り	7055
かりあげ	刈り上げ	7132
かりいれ	借り入れ	6496
かりいれ	借入	7138
かりいれ	借入れ	7564
かりいれきん	借入金	6794
かりうけ	借り受け	7501
かりうむ	カリウム	6312
かりおすとろ	カリオストロ	7439
かりかり	カリカリ	6312
かりきゅらむ	カリキュラム	5942
かりぐみ	仮組み	7342
かりこみ	刈り込み	7548
かりしゃくほう	仮釈放	7487
かりしょぶん	仮処分	7301
かりすま	カリスマ	6154
かりずまい	仮住まい	7506
かりださ	駆り出さ	7355
かりっ	カリッ	6350
かりて	借り手	7451
かりとっ	刈り取っ	7338
かりとり	刈り取り	7423
かりとる	刈り取る	7516
かりに	仮に	5585
かりに	かりに	7462
かりぬし	借り主	7138
かりの	狩野	7353
かりば	狩り場	7216
かりふぉるにあ	カリフォルニア	6022
かりふぉるにあしゅう	カリフォルニア州	7289
かりふらわー	カリフラワー	6926
かりぶ	カリブ	7227
かりぶかい	カリブ海	7051
かりむ	カリム	7055
かりめん	仮免	7503
かりもの	借り物	7282
かりや	刈谷	7029
かりゅう	下流	6166
かりゅう	顆粒	6434
かりゅう	火竜	7305
かりゅうど	狩人	6862
かりゆし	かりゆし	7301
かりょう	加療	7404
かりょう	過料	7413
かりょく	火力	5391
かりよ	借りよ	7455
かりよう	借りよう	7448
かりる	借りる	6135
かりれ	借りれ	7396
かりん	かりん	6950
かりん	カリン	6978
かりんとう	かりんとう	7059
かる	軽	6439
かる	かる	6660
かる	狩る	6854
かる	カル	7253
かる	刈る	7260
かる	駆る	7459
かるい	軽い	5295
かるいうんどう	軽い運動	7321
かるいきもち	軽い気持ち	6733
かるいさわ	軽井沢	6910
かるいざわ	軽井沢	6272
かるいし	軽石	7209
かるいしょっかん	軽い食感	7326
かるいちから	軽い力	7533
かるいのり	軽いノリ	7532
かるかっ	軽かっ	7375
かるがも	カルガモ	7284
かるがるしく	軽々しく	7319
かるがると	軽々と	7111
かるき	カルキ	7232
かるく	軽く	5013
かるく	かるく	7280
かるくち	軽口	7498
かるさ	軽さ	6514
かるしうむ	カルシウム	5955
かるすと	カルスト	7443
かるた	かるた	6544
かるた	カルタ	6983
かるだもん	カルダモン	7255
かるちゃー	カルチャー	5756
かるて	カルテ	6350
かるてぃえ	カルティエ	7044
かるてっと	カルテット	7044
かるてる	カルテル	7292
かるであ	カルデア	7202
かるでぃ	カルディ	6850
かるでら	カルデラ	7148
かると	カルト	6439
かるな	カルナ	7486
かるぱっちょ	カルパッチョ	6933
かるび	カルビ	6409
かるびー	カルビー	7361
かるぴす	カルピス	6817
かるぼなーら	カルボナーラ	6878
かるぼんさん	カルボン酸	7434
かるま	カルマ	6657
かるめ	軽め	6404
かるめん	カルメン	7136
かるろす	カルロス	7171
かれ	彼	4251
かれ	枯れ	5915
かれ	かれ	6248
かれ	カレ	6807
かれい	華麗	6159
かれい	加齢	6223
かれい	カレイ	6765
かれいしゅう	加齢臭	7298
かれき	枯れ木	7373
かれこれ	かれこれ	6595
かれさんすい	枯山水	7413
かれし	彼氏	5252
かれっじ	カレッジ	6485
かれつ	苛烈	7185
かれは	枯れ葉	7107
かれは	枯葉	7269
かれよう	離れよう	7486
かれら	彼ら	4828
かれら	彼等	6591
かれら	カレラ	7343
かれる	枯れる	6784
かれる	かれる	7147
かれん	可憐	6449
かれん	カレン	6539
かれん	かれん	7283
かれん	花蓮	7557
かれんだー	カレンダー	5535
かれんと	カレント	7008
かれー	カレー	5223
かれーうどん	カレーうどん	7225
かれーこ	カレー粉	6959
かれーぱん	カレーパン	7295
かれーらいす	カレーライス	6592
かれーるー	カレールー	7474
かろう	過労	6874
かろう	家老	7015
かろうじて	かろうじて	6610
かろうじて	辛うじて	6948
かろてん	カロテン	7054
かろやか	軽やか	6006
かろりー	カロリー	5521
かろりーめいと	カロリーメイト	7468
かろーら	カローラ	6720
かわ	側	4850
かわ	皮	5255
かわ	川	5257
かわ	革	5614
かわ	買わ	5633
かわ	河	6237
かわ	飼わ	6771
かわ	かわ	6856
かわあい	河合	7270
かわあそび	川遊び	6769
かわい	可愛	5463
かわい	乾い	5920
かわい	かわい	6365
かわい	河合	6651
かわい	カワイ	7068
かわい	河井	7139
かわい	渇い	7156
かわい	川井	7196
かわいい	可愛い	4625
かわいい	かわいい	4848
かわいい	カワイイ	6179
かわいいいらすと	可愛いイラスト	7431
かわいいおんなのこ	可愛い女の子	6998
かわいいかわいい	可愛い可愛い	7164
かわいいかわいい	かわいいかわいい	7381
かわいいけい	可愛い系	7334
かわいいこ	可愛い子	6678
かわいいでざいん	可愛いデザイン	7055
かわいかっ	可愛かっ	5982
かわいかっ	かわいかっ	6536
かわいがっ	かわいがっ	7101
かわいがっ	可愛がっ	7191
かわいがら	可愛がら	6957
かわいく	可愛く	5413
かわいく	かわいく	5963
かわいげ	可愛げ	7272
かわいさ	可愛さ	6072
かわいさ	かわいさ	6670
かわいじゅく	河合塾	7073
かわいすぎ	かわいすぎ	7175
かわいすぎ	可愛すぎ	7471
かわいそう	可哀想	5922
かわいそう	かわいそう	6039
かわいそう	可哀そう	7077
かわいそう	可哀相	7302
かわいらし	可愛らし	6614
かわいらしい	可愛らしい	5712
かわいらしい	かわいらしい	6191
かわいらしいでざいん	可愛らしいデザイン	7333
かわいらしかっ	可愛らしかっ	7527
かわいらしく	可愛らしく	6487
かわいらしく	かわいらしく	6993
かわいらしさ	可愛らしさ	6656
かわいらしさ	かわいらしさ	7218
かわいー	かわいー	7440
かわうえ	川上	7329
かわうそ	カワウソ	6989
かわうち	河内	7439
かわええ	かわええ	7369
かわか	乾か	6935
かわか	かわか	7295
かわかし	乾かし	6276
かわかす	乾かす	6480
かわかつ	川勝	7451
かわかみ	川上	6416
かわかみ	河上	7517
かわかん	かわかん	7551
かわき	乾き	6475
かわき	渇き	7247
かわきた	河北	7483
かわきやすい	乾きやすい	7391
かわきり	皮切り	6454
かわぎし	川岸	7164
かわく	乾く	6478
かわく	渇く	7530
かわくだり	川下り	7419
かわぐち	川口	6278
かわぐちこ	河口湖	6765
かわぐちし	川口市	7480
かわぐつ	革靴	6564
かわこし	川越	7238
かわごえ	川越	6490
かわごし	川越	7138
かわごと	皮ごと	6870
かわさ	交わさ	6806
かわさ	かわさ	6886
かわさ	買わさ	7279
かわさき	川崎	5862
かわさき	カワサキ	6832
かわさき	川﨑	7300
かわさきし	川崎市	6984
かわし	交わし	6147
かわし	かわし	6539
かわし	躱し	7552
かわしま	川島	6577
かわしま	川嶋	7363
かわしも	川下	7362
かわじま	川島	7123
かわす	交わす	6532
かわす	かわす	6940
かわず	蛙	6946
かわせ	為替	6018
かわせ	川瀬	7382
かわせいひん	革製品	6895
かわせみ	カワセミ	6877
かわせれーと	為替レート	7493
かわぞい	川沿い	6397
かわぞこ	川底	7236
かわた	川田	7125
かわた	河田	7555
かわだ	川田	7006
かわだ	河田	7562
かわち	河内	7116
かわちながの	河内長野	7190
かわっ	変わっ	4685
かわっ	代わっ	6129
かわっ	かわっ	6640
かわっ	変っ	7061
かわっ	替わっ	7160
かわっ	代っ	7540
かわつき	皮付き	7092
かわづ	河津	7150
かわでしょぼうしんしゃ	河出書房新社	7499
かわどこ	川床	7447
かわなか	川中	7482
かわなかじま	川中島	7527
かわにし	川西	6896
かわの	河野	6751
かわの	川野	7309
かわのみず	川の水	7298
かわはぎ	カワハギ	6916
かわはば	川幅	7356
かわはら	河原	7099
かわはら	川原	7353
かわばた	川端	6867
かわべ	川辺	7087
かわむら	川村	6536
かわむら	河村	6604
かわめ	皮目	7182
かわも	川面	7281
かわもと	川本	7039
かわもと	河本	7361
かわやなぎ	川柳	7344
かわゆい	かわゆい	7427
かわら	変わら	4968
かわら	瓦	6045
かわら	河原	6828
かわら	かわら	6917
かわら	川原	7110
かわら	変ら	7304
かわらけ	土器	6838
かわらない	かわらない	7352
かわらまち	河原町	6885
かわらん	変わらん	6575
かわり	変わり	4956
かわり	代わり	5545
かわり	かわり	5927
かわり	替わり	7064
かわり	替り	7537
かわり	変り	7567
かわりそう	変わりそう	7152
かわりだね	変わり種	6945
かわりない	変わりない	6664
かわりなく	変わりなく	7190
かわりはて	変わり果て	7359
かわりばえ	代わり映え	7544
かわりめ	変わり目	6478
かわりもの	変わり者	7046
かわりやすい	変わりやすい	7241
かわる	変わる	4917
かわる	代わる	6389
かわる	かわる	6807
かわる	替わる	7311
かわれ	変われ	6500
かわろ	変わろ	7055
かわろう	変わろう	7047
かわん	変わん	7346
かをり	かをり	7551
かをる	カヲル	7252
かん	感	4027
かん	間	4546
かん	館	4889
かん	官	5293
かん	巻	5321
かん	缶	5340
かん	管	5475
かん	観	5543
かんあん	勘案	6615
かんい	簡易	5550
かんい	官位	7370
かんいこんぽう	簡易梱包	7182
かんいっぱつ	間一髪	7351
かんいてき	簡易的	6694
かんいほうそう	簡易包装	6664
かんいん	完飲	7560
かんう	関羽	6985
かんえい	寛永	6978
かんえん	肝炎	6816
かんおけ	棺桶	7131
かんか	感化	6979
かんか	看過	7311
かんかい	寛解	7056
かんかく	感覚	4795
かんかく	間隔	5638
かんかくてき	感覚的	6540
かんかつ	管轄	6045
かんかん	カンカン	7048
かんがい	感慨	6811
かんがい	灌漑	7079
かんがいぶか	感慨深	7526
かんがいぶかい	感慨深い	6547
かんがいぶかく	感慨深く	7500
かんがえ	考え	3999
かんがえ	かんがえ	7177
かんがえかた	考え方	5054
かんがえこむ	考え込む	7492
かんがえこん	考え込ん	7161
かんがえごと	考え事	7129
かんがえすぎ	考えすぎ	6948
かんがえだし	考え出し	7276
かんがえちゃう	考えちゃう	7335
かんがえなおし	考え直し	6929
かんがえなおす	考え直す	7182
かんがえにくい	考えにくい	6673
かんがえぬい	考え抜い	7295
かんがえぬか	考え抜か	7529
かんがえもの	考えもの	7562
かんがえよ	考えよ	6375
かんがえよう	考えよう	6370
かんがえる	考える	4518
かんがえれ	考えれ	5744
かんがえろ	考えろ	6960
かんがく	関学	7071
かんがっき	管楽器	6956
かんがみ	鑑み	6515
かんがみる	鑑みる	7260
かんがるー	カンガルー	6814
かんがん	宦官	7383
かんき	換気	5824
かんき	喚起	6151
かんき	歓喜	6277
かんき	寒気	6945
かんき	乾季	7296
かんきせん	換気扇	6455
かんきつ	柑橘	6332
かんきつるい	柑橘類	6931
かんきゃく	観客	5440
かんきゃくせき	観客席	7048
かんきゅう	緩急	6793
かんきょう	環境	4193
かんきょう	艦橋	7135
かんきょうか	環境下	6937
かんきょうかがく	環境科学	7496
かんきょうがく	環境学	7550
かんきょうしょう	環境省	6396
かんきょうせいび	環境整備	7263
かんきょうせってい	環境設定	7322
かんきょうづくり	環境づくり	7358
かんきょうてき	環境的	7423
かんきょうはかい	環境破壊	7466
かんきょうふか	環境負荷	7115
かんきょうへんか	環境変化	7317
かんきょうへんすう	環境変数	7097
かんきょうほご	環境保護	7137
かんきょうほぜん	環境保全	7100
かんきょうめん	環境面	7561
かんきわまっ	感極まっ	7244
かんきん	換金	6551
かんきん	監禁	6552
かんく	管区	7042
かんくう	関空	6877
かんくろう	勘九郎	7520
かんぐん	官軍	7369
かんけい	関係	4101
かんけいあり	関係あり	6575
かんけいきかん	関係機関	6884
かんけいしゃ	関係者	5205
かんけいせい	関係性	6239
かんけいだんたい	関係団体	7567
かんけいな	関係な	7431
かんけいない	関係ない	5619
かんけいないはなし	関係ない話	7567
かんけいなかっ	関係なかっ	7456
かんけいなく	関係なく	5614
かんけつ	完結	5689
かんけつ	簡潔	6167
かんけつ	間欠	7319
かんけつへん	完結編	7460
かんけん	漢検	7197
かんげい	歓迎	5177
かんげいかい	歓迎会	7463
かんげき	感激	5947
かんげき	観劇	6252
かんげき	間隙	7333
かんげつ	観月	7416
かんげん	還元	5698
かんげんがく	管弦楽	6628
かんげんりつ	還元率	7378
かんこう	観光	4829
かんこう	刊行	6016
かんこう	敢行	6654
かんこう	慣行	6765
かんこう	完工	7269
かんこう	官公	7325
かんこう	感光	7372
かんこうきゃく	観光客	5513
かんこうぎょう	観光業	7395
かんこうしげん	観光資源	7276
かんこうしせつ	観光施設	7514
かんこうじょうほう	観光情報	7426
かんこうすぽっと	観光スポット	5877
かんこうち	観光地	6274
かんこうちょう	官公庁	6670
かんこうばす	観光バス	7358
かんこうぶつ	刊行物	7297
かんこうへん	肝硬変	7151
かんこうめいしょ	観光名所	6924
かんこく	韓国	4702
かんこく	勧告	6300
かんこくえいが	韓国映画	7499
かんこくご	韓国語	5943
かんこくじん	韓国人	6438
かんこくせいふ	韓国政府	7334
かんこくどらま	韓国ドラマ	6411
かんこくりょうり	韓国料理	6711
かんこぴ	完コピ	7486
かんこれ	艦これ	6717
かんこんそうさい	冠婚葬祭	6831
かんこーひー	缶コーヒー	7383
かんご	看護	5027
かんご	監護	7075
かんご	漢語	7286
かんごがく	看護学	7484
かんごく	監獄	6715
かんごし	看護師	5469
かんごふ	看護婦	6886
かんさ	監査	5630
かんさ	感作	7406
かんさい	関西	5430
かんさい	完済	6858
かんさい	艦載	7051
かんさいけん	関西圏	7303
かんさいこくさいくうこう	関西国際空港	7229
かんさいじん	関西人	7137
かんさいだいがく	関西大学	6932
かんさいてれび	関西テレビ	7196
かんさいでんりょく	関西電力	7046
かんさいべん	関西弁	6858
かんさつ	観察	5149
かんさつ	監察	7046
かんさつりょく	観察力	7418
かんさほうじん	監査法人	7404
かんさやく	監査役	7354
かんさん	換算	6095
かんさん	閑散	6757
かんさんき	閑散期	7446
かんざい	管財	7008
かんざき	神崎	7024
かんざし	かんざし	7057
かんざし	簪	7330
かんざす	カンザス	7484
かんし	関し	5049
かんし	監視	5373
かんし	冠し	6711
かんし	干支	6949
かんし	漢詩	7086
かんし	冠詞	7434
かんしかめら	監視カメラ	7064
かんしき	乾式	7235
かんしき	鑑識	7328
かんしつ	間質	7023
かんして	関して	4851
かんしひつよう	関し必要	6870
かんしゃ	感謝	4608
かんしゃ	官舎	7553
かんしゃかんしゃ	感謝感謝	7246
かんしゃく	癇癪	7038
かんしゃさい	感謝祭	7435
かんしゃじょう	感謝状	6798
かんしゃのい	感謝の意	7097
かんしゃもうしあげ	感謝申し上げ	6246
かんしゅ	看守	7034
かんしゅ	艦首	7519
かんしゅう	監修	5778
かんしゅう	慣習	6480
かんしゅう	観衆	6916
かんしょう	鑑賞	5439
かんしょう	干渉	5810
かんしょう	観賞	6267
かんしょう	緩衝	6328
かんしょう	感傷	6996
かんしょう	完勝	7099
かんしょう	勧奨	7102
かんしょう	環礁	7489
かんしょうざい	緩衝材	6793
かんしょうしゃ	鑑賞者	7397
かんしょうよう	観賞用	7451
かんしょく	感触	5910
かんしょく	完食	6198
かんしょく	間食	6723
かんしょく	寒色	7111
かんしょく	官職	7218
かんしん	関心	5237
かんしん	感心	5894
かんしんじ	関心事	7293
かんじ	感じ	3977
かんじ	漢字	5312
かんじ	幹事	6066
かんじ	かんじ	6414
かんじ	カンジ	6902
かんじ	監事	6907
かんじだ	カンジダ	7202
かんじとっ	感じ取っ	6645
かんじとっ	感じとっ	7506
かんじとり	感じ取り	7155
かんじとる	感じ取る	6825
かんじとれ	感じ取れ	7268
かんじとれる	感じ取れる	7107
かんじにくい	感じにくい	7098
かんじにくく	感じにくく	7300
かんじにし	感じにし	6678
かんじになっ	感じになっ	6518
かんじになり	感じになり	6582
かんじになる	感じになる	6841
かんじゃ	患者	4744
かんじゃ	神者	7366
かんじゃすう	患者数	7226
かんじやすい	感じやすい	6800
かんじやすく	感じやすく	7133
かんじゅく	完熟	6414
かんじゅせい	感受性	6441
かんじょう	感情	4868
かんじょう	勘定	6318
かんじょう	環状	6519
かんじょう	勧請	6948
かんじょう	艦上	7397
かんじょういにゅう	感情移入	7537
かんじょうてき	感情的	6345
かんじょうひょうげん	感情表現	7225
かんじる	感じる	4583
かんじれ	感じれ	7518
かんじん	肝心	5881
かんじん	勧進	7432
かんすい	冠水	6877
かんすい	完遂	6900
かんすい	潅水	7506
かんすい	灌水	7513
かんすう	関数	5335
かんすう	巻数	7459
かんする	関する	4243
かんする	冠する	7255
かんずめ	缶詰	7432
かんずる	感ずる	7497
かんせい	完成	4663
かんせい	感性	5828
かんせい	歓声	6083
かんせい	関西	6119
かんせい	管制	6733
かんせい	慣性	6748
かんせい	閑静	6777
かんせい	寛政	7166
かんせいがくいんだいがく	関西学院大学	7122
かんせいけい	完成形	7464
かんせいご	完成後	7180
かんせいど	完成度	6480
かんせいひん	完成品	6788
かんせつ	関節	5429
かんせつ	間接	5948
かんせつえん	関節炎	7316
かんせつしょうめい	間接照明	7179
かんせつつう	関節痛	7272
かんせつてき	間接的	6494
かんせつりうまち	関節リウマチ	7411
かんせん	感染	4734
かんせん	観戦	5609
かんせん	幹線	6486
かんせん	艦船	6710
かんせん	乾癬	7222
かんせん	汗腺	7281
かんせんかくだい	感染拡大	7141
かんせんしゃ	感染者	6817
かんせんしょう	感染症	6404
かんせんたいさく	感染対策	6695
かんせんどうろ	幹線道路	7347
かんせんよぼう	感染予防	7253
かんせんりょく	感染力	7411
かんぜい	関税	6421
かんぜおんぼさつ	観世音菩薩	7339
かんぜん	完全	4582
かんぜんいせき	完全移籍	7373
かんぜんこしつ	完全個室	7427
かんぜんじゅちゅうせいさく	完全受注製作	7042
かんぜんせい	完全性	7126
かんぜんちょうあく	勧善懲悪	7491
かんぜんばん	完全版	7297
かんぜんむりょう	完全無料	6952
かんそ	簡素	6321
かんそう	感想	4842
かんそう	乾燥	5033
かんそう	完走	6204
かんそう	換装	6592
かんそう	間奏	6890
かんそうき	乾燥機	6959
かんそうげいかい	歓送迎会	7360
かんそうはだ	乾燥肌	7022
かんそうぶん	感想文	7396
かんそく	観測	5510
かんぞう	肝臓	6071
かんぞう	甘草	7385
かんたい	艦隊	6044
かんたいこれくしょん	艦隊これくしょん	7496
かんたいじ	簡体字	7377
かんたいへいよう	環太平洋	7394
かんたく	干拓	7217
かんたん	簡単	4300
かんたん	かんたん	6182
かんたん	カンタン	6328
かんたん	感嘆	6652
かんたんそう	簡単そう	7036
かんたんそうさ	簡単操作	7438
かんたんれしぴ	簡単レシピ	7300
かんたーびれ	カンタービレ	7458
かんだ	神田	6415
かんだ	菅田	6998
かんだ	上田	7390
かんだい	寛大	6892
かんだい	関大	7086
かんだかい	甲高い	7241
かんだがわ	神田川	7281
かんだみょうじん	神田明神	7387
かんだん	寒暖	6529
かんだん	歓談	7032
かんだんさ	寒暖差	7025
かんち	感知	6319
かんち	完治	6445
かんち	換地	7546
かんちがい	勘違い	5499
かんちゅう	寒中	7360
かんちょう	館長	6438
かんちょう	官庁	6679
かんちょう	艦長	6738
かんちょう	干潮	6927
かんちょう	浣腸	7355
かんちょう	管長	7489
かんつう	貫通	5919
かんづめ	缶詰	6280
かんづめ	缶詰め	7528
かんて	カンテ	7110
かんてい	鑑定	5550
かんてい	官邸	6659
かんてい	艦艇	6776
かんてい	かんてい	7506
かんてつ	貫徹	7293
かんてん	観点	5410
かんてん	寒天	6457
かんでん	感電	6614
かんでん	関電	7367
かんでんち	乾電池	6647
かんと	カント	7111
かんとう	関東	5265
かんとう	巻頭	6611
かんとう	完投	7030
かんとう	敢闘	7362
かんとうぐん	関東軍	7567
かんとうけん	関東圏	7338
かんとうたいかい	関東大会	7295
かんとうだいしんさい	関東大震災	6757
かんとうちほう	関東地方	6967
かんとうへいや	関東平野	7524
かんとうれんごう	関東連合	7400
かんとく	監督	4624
かんとくせい	監督生	6867
かんとりー	カントリー	6360
かんとりーくらぶ	カントリークラブ	7032
かんとりーくらぶ	CC	7259
かんとん	広東	6763
かんとー	カントー	7479
かんど	感度	5789
かんど	神戸	6204
かんどう	感動	4957
かんどうてき	感動的	6550
かんどうみゃく	冠動脈	6967
かんどり	香取	7505
かんな	カンナ	6851
かんな	環奈	6888
かんな	かんな	7060
かんな	鉋	7292
かんない	館内	6241
かんない	管内	6289
かんない	艦内	7371
かんにいく	観に行く	7092
かんになり	間になり	7440
かんになる	間になる	7470
かんにゅう	貫入	7399
かんにんぐ	カンニング	7042
かんぬ	カンヌ	7054
かんぬこくさいえいがさい	カンヌ国際映画祭	7203
かんぬし	神主	7127
かんねん	観念	6221
かんの	菅野	6930
かんのう	堪能	6411
かんのう	官能	6681
かんのうてき	官能的	7373
かんのん	観音	6164
かんのんさま	観音様	7095
かんのんじ	観音寺	7312
かんのんどう	観音堂	7329
かんのんびらき	観音開き	7495
かんばい	完売	5521
かんばしく	芳しく	7114
かんばせ	顔	5475
かんばっじ	缶バッジ	6913
かんばつ	間伐	6879
かんばつ	干ばつ	7056
かんばら	菅原	6991
かんばん	看板	5206
かんばんむすめ	看板娘	7267
かんばんめにゅー	看板メニュー	7474
かんぱ	寒波	6849
かんぱ	カンパ	7124
かんぱ	かんぱ	7346
かんぱ	看破	7485
かんぱい	乾杯	6045
かんぱい	完敗	6853
かんぱく	関白	7135
かんぱち	カンパチ	7233
かんぱつ	間髪	7263
かんぱにー	カンパニー	6167
かんぱん	甲板	6621
かんぱーにゅ	カンパーニュ	7371
かんび	完備	5773
かんび	甘美	7161
かんびょう	看病	6745
かんびーる	缶ビール	7393
かんふぁれんす	カンファレンス	6496
かんぶ	幹部	5726
かんぶ	患部	6589
かんぶつ	乾物	7455
かんぶら	幹部ら	7449
かんぶん	漢文	6763
かんぶん	寛文	7305
かんぷ	還付	6528
かんぷう	完封	6601
かんぷう	寒風	7424
かんぷく	感服	7062
かんべ	神戸	6088
かんべえ	官兵衛	7262
かんべつ	鑑別	6720
かんべん	勘弁	6357
かんべん	簡便	6857
かんぺ	カンペ	7322
かんぺい	寛平	7530
かんぺき	完璧	5222
かんぺき	完ぺき	7319
かんぺきしゅぎ	完璧主義	7233
かんぼう	官房	6448
かんぼう	観望	7396
かんぼじあ	カンボジア	6262
かんぼつ	陥没	6952
かんぽ	かんぽ	7312
かんぽう	漢方	6169
かんぽう	官報	7101
かんぽうやく	漢方薬	6424
かんま	カンマ	6954
かんまつ	巻末	6671
かんまん	緩慢	7342
かんみ	甘味	6264
かんみりょう	甘味料	7395
かんみん	官民	6589
かんむてんのう	桓武天皇	7487
かんむり	冠	6260
かんむりょう	感無量	7087
かんめい	感銘	6391
かんめん	乾麺	7106
かんもん	関門	6778
かんもんかいきょう	関門海峡	7433
かんゆう	勧誘	5923
かんよ	関与	5744
かんよう	観葉	6270
かんよう	寛容	6452
かんよう	慣用	6855
かんよう	肝要	6923
かんよう	涵養	7422
かんようく	慣用句	7519
かんようしょくぶつ	観葉植物	6298
かんらく	陥落	6753
かんらくがい	歓楽街	7201
かんらん	観覧	5899
かんらんしゃ	観覧車	7059
かんらんせき	観覧席	7120
かんり	管理	4192
かんり	監理	6593
かんり	官吏	7318
かんりえいようし	管理栄養士	6797
かんりがいしゃ	管理会社	7132
かんりがめん	管理画面	7014
かんりくみあい	管理組合	7171
かんりしゃ	管理者	5593
かんりしょく	管理職	5871
かんりじん	管理人	6824
かんりたいせい	管理体制	7490
かんりとう	管理棟	7461
かんりにん	管理人	6820
かんりひ	管理費	7210
かんりほうほう	管理方法	7440
かんりゃく	簡略	6680
かんりゅう	韓流	6845
かんりゅう	還流	7371
かんりょう	完了	4881
かんりょう	官僚	6289
かんりょうご	完了後	7562
かんるい	感涙	7213
かんれい	寒冷	6860
かんれい	慣例	7022
かんれいち	寒冷地	7483
かんれき	還暦	6433
かんれん	関連	4616
かんれんがいしゃ	関連会社	7517
かんれんきじ	関連記事	5907
かんれんご	関連語	7076
かんれんさいと	関連サイト	7373
かんれんしょうひん	関連商品	6665
かんれんじょうほう	関連情報	6384
かんれんせい	関連性	6644
かんれんづけ	関連付け	6654
かんれんづけ	関連づけ	7515
かんれんづける	関連付ける	7235
かんれんりんく	関連リンク	7558
かんろ	甘露	7462
かんろく	貫禄	6731
かんろじ	甘露寺	7231
かんろに	甘露煮	7063
かんわ	緩和	5540
かんわけあ	緩和ケア	7484
かゔぁー	カヴァー	7042
かー	カー	5178
かーき	カーキ	6631
かーごぱんつ	カーゴパンツ	7285
かーすと	カースト	6935
かーず	カーズ	7271
かーそる	カーソル	6154
かーたー	カーター	7123
かーちぇいす	カーチェイス	7485
かーてん	カーテン	5726
かーてんこーる	カーテンコール	7170
かーでぃがん	カーディガン	6305
かーと	カート	5837
かーとりっじ	カートリッジ	6337
かーとん	カートン	7306
かーど	カード	4390
かーどがいしゃ	カード会社	7423
かーどきゃぷたー	カードキャプター	7339
かーどきゃぷたーさくら	カードキャプターさくら	7401
かーどきー	カードキー	7499
かーどけーす	カードケース	7429
かーどげーむ	カードゲーム	6945
かーどしょっぷ	カードショップ	7479
かーどろーん	カードローン	7527
かーなび	カーナビ	6500
かーにばる	カーニバル	6642
かーねぎー	カーネギー	7424
かーねる	カーネル	6653
かーねーしょん	カーネーション	6799
かーびぃ	カービィ	6548
かーびんぐ	カービング	7428
かーぶ	カーブ	5784
かーぷ	カープ	6229
かーぺっと	カーペット	6189
かーぼん	カーボン	5946
かーぼんにゅーとらる	カーボンニュートラル	6564
かーぽーと	カーポート	7252
かーら	カーラ	7538
かーらいふ	カーライフ	7263
かーりんぐ	カーリング	7023
かーりー	カーリー	7377
かーる	カール	6248
かーん	カーン	6789
かーゔぇ	カーヴェ	7435
が	が	1971
が	画	5439
が	我	6353
が	ガ	6599
が	蛾	6626
が	賀	6948
が	臥	7366
がい	外	4960
がい	街	5115
がい	害	6142
がい	がい	6591
がい	該	6677
がい	買	6902
がい	ガイ	7000
がい	買い	7057
がいあ	ガイア	6471
がいあく	害悪	7106
がいえる	が言える	6732
がいえん	外苑	7051
がいえん	外縁	7548
がいか	外貨	6519
がいかい	外界	7375
がいかく	外角	7188
がいかく	外郭	7263
がいかく	外殻	7522
がいかん	外観	5443
がいかん	概観	7060
がいき	外気	6490
がいきおん	外気温	7214
がいきょう	概況	7081
がいく	街区	6846
がいけい	外形	6966
がいけん	外見	6052
がいこう	外交	5980
がいこう	外構	6245
がいこう	外向	7225
がいこう	外光	7367
がいこうかん	外交官	6871
がいこうこうじ	外構工事	7148
がいこく	外国	4938
がいこくご	外国語	6747
がいこくごがく	外国語学	7468
がいこくじん	外国人	5919
がいこつ	骸骨	6996
がいこつ	ガイコツ	7433
がいさ	害さ	7282
がいさん	概算	6612
がいし	外資	6731
がいし	害し	7141
がいしけい	外資系	6282
がいしけいきぎょう	外資系企業	7158
がいして	概して	7210
がいしゃ	会社	5887
がいしゃ	外車	6830
がいしゅう	外周	6441
がいしゅつ	外出	5504
がいしゅつさき	外出先	6538
がいしゅつじ	外出時	6943
がいしゅつじしゅく	外出自粛	7329
がいしゅつちゅう	外出中	7450
がいしょう	外傷	6363
がいしょう	外相	6781
がいしょう	外商	7494
がいしょく	外食	5925
がいじ	ガイジ	6759
がいじ	外耳	7239
がいじ	外字	7553
がいじゅう	害獣	6970
がいじん	外人	6409
がいする	害する	6599
がいせつ	概説	7068
がいせん	凱旋	6447
がいせん	街宣	7138
がいせん	外旋	7441
がいせんもんしょう	凱旋門賞	7271
がいそう	外装	5919
がいそう	咳嗽	7552
がいそく	外側	5957
がいため	外為	7554
がいだい	外大	7479
がいだんす	ガイダンス	6389
がいちゅう	害虫	6179
がいちゅう	外注	6382
がいてき	外的	6703
がいてき	外敵	7061
がいてきよういん	外的要因	7510
がいてん	外転	7431
がいでん	外伝	6438
がいとう	該当	5082
がいとう	街頭	6235
がいとう	街灯	6699
がいとう	外套	7323
がいとう	外灯	7534
がいとうえんぜつ	街頭演説	7512
がいとうこうこく	街頭広告	6816
がいど	ガイド	5214
がいどぶっく	ガイドブック	6302
がいどらいん	ガイドライン	5732
がいねん	概念	5355
がいねんてき	概念的	7328
がいはく	外泊	7270
がいはんぼし	外反母趾	7035
がいひ	外皮	7108
がいぶ	外部	5168
がいぶこうし	外部講師	7561
がいぶさいと	外部サイト	6834
がいぶりんく	外部リンク	7082
がいへき	外壁	5637
がいへきとそう	外壁塗装	6824
がいむ	外務	6697
がいむしょう	外務省	6410
がいめん	外面	7100
がいや	外野	6149
がいやしゅ	外野手	7294
がいよう	概要	5244
がいよう	外用	6855
がいよう	外洋	7303
がいようらん	概要欄	7533
がいらい	外来	5750
がいらいしゅ	外来種	7354
がいりゃく	概略	6854
がいりょく	外力	7303
がいりんざん	外輪山	7532
がいる	ガイル	7319
がいろ	街路	6555
がいろじゅ	街路樹	6887
がいろん	概論	7245
がうす	ガウス	7197
がうでぃ	ガウディ	7305
がうん	ガウン	7040
がえ	替え	6246
がえし	返し	5709
がえし	がえし	7247
がえり	帰り	5847
がお	顔	6035
がか	画家	5826
がかい	瓦解	7530
がかく	画角	7121
がかっ	がかっ	6450
がかっ	掛かっ	6923
がから	がから	6907
がから	掛から	6931
がかり	係	5899
がかり	がかり	6579
がかり	掛かり	6922
がかりゃ	がかりゃ	6907
がかりゃ	掛かりゃ	6919
がかる	がかる	6907
がかる	掛かる	6931
がかれ	がかれ	6907
がかれ	掛かれ	6922
がかろ	がかろ	6907
がかろ	掛かろ	6919
がかん	がかん	6907
がかん	掛かん	6920
がが	ガガ	7556
ががく	雅楽	7024
ががんがん	がガンガン	7330
がき	ガキ	6072
がき	書き	6472
がき	がき	6962
がき	餓鬼	7147
がぎょう	が行	7497
がぎょう	画業	7500
がく	学	4991
がく	がく	6376
がく	ガク	6704
がく	額	6793
がく	岳	6915
がく	楽	7174
がく	學	7328
がく	萼	7348
がくい	学位	6441
がくいん	学院	5842
がくえん	学園	5319
がくえんさい	学園祭	7182
がくえんちょう	学園長	7495
がくがい	学外	7007
がくがく	ガクガク	7473
がくぎょう	学業	6326
がくげい	学芸	6283
がくげいいん	学芸員	7438
がくさい	学際	7128
がくさい	学祭	7219
がくし	学士	6740
がくし	学資	7265
がくしき	学識	7067
がくしゃ	学者	5734
がくしゃ	学舎	7286
がくしゅう	学習	4631
がくしゅう	学修	6902
がくしゅういよく	学習意欲	7487
がくしゅういんだいがく	学習院大学	7346
がくしゅうかんきょう	学習環境	7478
がくしゅうしどうようりょう	学習指導要領	7455
がくしゅうしゃ	学習者	7127
がくしゅうじゅく	学習塾	7180
がくしゅうないよう	学習内容	7333
がくしゅうほうほう	学習方法	7236
がくしょう	楽章	6344
がくしょう	学賞	7458
がくしょく	学食	6948
がくじゅつ	学術	5800
がくじゅつてき	学術的	7097
がくせい	学生	4616
がくせいしょう	学生証	7163
がくせいじだい	学生時代	5930
がくせいせいかつ	学生生活	6941
がくせいたち	学生たち	6567
がくせいたち	学生達	7479
がくせいふく	学生服	7550
がくせつ	学説	7110
がくぜん	愕然	6804
がくそう	額装	7009
がくだん	楽団	6351
がくちか	ガクチカ	7151
がくちょう	学長	6305
がくっ	ガクッ	7472
がくてき	学的	7425
がくと	学徒	7234
がくどう	学童	6216
がくどうほいく	学童保育	7485
がくない	学内	6431
がくねん	学年	5387
がくねんごと	学年ごと	7473
がくは	学派	7324
がくひ	学費	6201
がくふ	楽譜	6017
がくぶ	学部	5496
がくぶち	額縁	6651
がくへん	萼片	7515
がくめい	学名	6778
がくめん	額面	6916
がくもん	学問	5971
がくや	楽屋	6346
がくゆう	学友	7146
がくようひん	学用品	7543
がくりょく	学力	5876
がくれき	学歴	5757
がくれん	学連	7336
がくわり	学割	6970
がけ	崖	5976
がけ	がけ	6291
がけっぷち	崖っぷち	7108
がさ	がさ	7501
がさがさ	ガサガサ	7116
がさね	重ね	5700
がざ	ガザ	6520
がざい	画材	6788
がし	餓死	7008
がしがし	ガシガシ	7005
がしつ	画質	5892
がしゃ	ガシャ	6828
がしゃぽん	ガシャポン	7231
がしゅう	画集	6830
がじぇっと	ガジェット	7150
がじゅまる	ガジュマル	7209
がじょう	牙城	7519
がす	ガス	5075
がすけっと	ガスケット	7407
がすこんろ	ガスコンロ	6814
がすと	ガスト	7011
がすばーなー	ガスバーナー	7538
がすますく	ガスマスク	7542
がせ	ガセ	7011
がぜん	俄然	7008
がそ	画素	6333
がそすう	画素数	7436
がそりん	ガソリン	5768
がそりんえんじん	ガソリンエンジン	7087
がそりんしゃ	ガソリン車	7173
がそりんすたんど	ガソリンスタンド	6464
がそりんだい	ガソリン代	7166
がぞう	画像	4279
がぞうあり	画像あり	7183
がぞうしょり	画像処理	7302
がぞうつき	画像付き	7545
がた	方	4842
がた	型	4862
がた	形	5641
がた	がた	6287
がた	ガタ	6796
がた	難	7257
がたい	難い	6150
がたい	がたい	6218
がたかっ	がたかっ	6907
がたから	がたから	6907
がたから	難から	7239
がたかれ	がたかれ	6907
がたかれ	難かれ	6919
がたかろ	がたかろ	6907
がたかろ	難かろ	7265
がたがた	ガタガタ	6581
がたき	がたき	6907
がたき	難き	6936
がたきゃ	がたきゃ	6907
がたきゃ	難きゃ	7265
がたく	がたく	6907
がたく	難く	7034
がたけりゃ	がたけりゃ	6907
がたけりゃ	難けりゃ	7265
がたけれ	がたけれ	6907
がたけれ	難けれ	7265
がたな	刀	6014
がため	固め	6142
がたり	語り	5998
がち	がち	4990
がち	勝ち	5776
がちがち	ガチガチ	6577
がちぜい	ガチ勢	7444
がちゃがちゃ	ガチャガチャ	6366
がちゃちけっと	ガチャチケット	7408
がちゃぴん	ガチャピン	7460
がちょう	ガチョウ	7374
がちんこ	ガチンコ	7531
がっ	がっ	5716
がっか	学科	5486
がっかい	学会	5376
がっかい	学界	7393
がっかいし	学会誌	7539
がっかしけん	学科試験	7514
がっかり	がっかり	6203
がっかり	ガッカリ	6413
がっかん	学館	7197
がっき	楽器	5354
がっき	学期	5632
がっきゅう	学級	5775
がっきょく	楽曲	5269
がっきょくせいさく	楽曲制作	7540
がっきー	ガッキー	7201
がっく	学区	6538
がっくり	がっくり	7393
がっくり	ガックリ	7442
がっけん	学研	6770
がっこう	学校	4310
がっこうがわ	学校側	6958
がっこうきゅうしょく	学校給食	7170
がっこうきょういく	学校教育	7022
がっこうぎょうじ	学校行事	6929
がっこうげんば	学校現場	7414
がっこうせいかつ	学校生活	6549
がっこうぜんたい	学校全体	7480
がっこうだより	学校だより	7491
がっこうちょう	学校長	7530
がっこうない	学校内	7240
がっこうのこと	学校のこと	7567
がっこうのようす	学校の様子	7456
がっこうほうじん	学校法人	7462
がっこうめい	学校名	7322
がっさく	合作	6895
がっさん	合算	6501
がっさん	月山	7431
がっしゅ	ガッシュ	7077
がっしゅうこく	合衆国	7408
がっしゅく	合宿	5726
がっしょう	合唱	5717
がっしょう	合掌	6744
がっしょうこんくーる	合唱コンクール	7529
がっしょうだん	合唱団	7532
がっしり	がっしり	7168
がっせん	合戦	6366
がっそう	合奏	6590
がったい	合体	5941
がっち	合致	6204
がっちり	がっちり	6690
がっちり	ガッチリ	6724
がっつ	ガッツ	6616
がっつぽーず	ガッツポーズ	6705
がっつり	ガッツリ	6072
がっつり	がっつり	6195
がっと	ガット	6858
がっぴ	月日	6820
がっぺい	合併	5682
がっぺいしょう	合併症	6401
がつ	月	5636
がつがつ	ガツガツ	6906
がてえ	難え	6919
がてえ	がてえ	7311
がてら	がてら	6303
がてん	画展	7511
がてー	がてー	7201
がとう	難う	6928
がとう	がとう	6970
がとりんぐ	ガトリング	7391
がとーしょこら	ガトーショコラ	6958
がな	がな	6678
がなっしゅ	ガナッシュ	7385
がに	ガニ	6951
がね	金	5405
がねーしゃ	ガネーシャ	7392
がは	がは	7114
がはく	画伯	7108
がば	ガバ	7027
がばがば	ガバガバ	7049
がばなんす	ガバナンス	6628
がばなー	ガバナー	7369
がぱおらいす	ガパオライス	7406
がびょう	画鋲	7435
がふう	画風	6961
がぶ	ガブ	7351
がぶのみ	がぶ飲み	7544
がぶりあす	ガブリアス	7348
がぶりえる	ガブリエル	7059
がほう	画報	7362
がま	ガマ	6973
がま	がま	7135
がまえ	構え	6407
がまぐち	がま口	6969
がまごおり	蒲郡	7224
がまん	我慢	5338
がまん	ガマン	6928
がまん	がまん	7099
がまんのげんかい	我慢の限界	7493
がみ	紙	5492
がみ	ガミ	7190
がむ	ガム	6165
がむしゃら	がむしゃら	6777
がむてーぷ	ガムテープ	6919
がめ	がめ	7520
がめら	ガメラ	7312
がめん	画面	4547
がめんごし	画面越し	7320
がめんじょう	画面上	6651
がめんじょうぶ	画面上部	7412
がめんぜんたい	画面全体	7463
がめんちゅうおう	画面中央	7540
がめんない	画面内	7519
がめんひょうじ	画面表示	7512
がも	がも	7062
がも	ガモ	7490
がもう	蒲生	7335
がや	ガヤ	7377
がゆ	がゆ	7264
がよい	通い	6440
がようし	画用紙	6617
がら	柄	5469
がら	がら	6204
がら	ガラ	6609
がらがら	ガラガラ	6476
がらくた	ガラクタ	7157
がらけー	ガラケー	6745
がらす	ガラス	5071
がらす	硝子	6591
がらすけーす	ガラスケース	7213
がらすこーてぃんぐ	ガラスコーティング	7466
がらすごし	ガラス越し	7268
がらすばり	ガラス張り	6681
がらすびん	ガラス瓶	7234
がらすめん	ガラス面	7500
がらっ	ガラッ	6565
がらぱごす	ガラパゴス	7209
がらぽん	ガラポン	7434
がらみ	絡み	6559
がらみ	がらみ	6922
がらもの	柄物	7185
がらり	ガラリ	6744
がらり	がらり	7225
がらりと	ガラリと	7041
がらる	ガラル	7280
がらん	伽藍	6992
がり	がり	6040
がり	ガリ	6297
がり	狩り	6915
がり	刈り	6960
がりがり	ガリガリ	6508
がりがりくん	ガリガリ君	7240
がりばー	ガリバー	6707
がりゃ	がりゃ	6907
がりゅう	我流	7308
がりょく	画力	6901
がりれお	ガリレオ	7222
がる	がる	5799
がる	ガル	6056
がるしあ	ガルシア	7209
がるばりうむこうはん	ガルバリウム鋼板	7531
がるーだ	ガルーダ	7551
がれ	がれ	6907
がれ	枯れ	6931
がれ	ガレ	7154
がれき	瓦礫	6861
がれき	がれき	7270
がれき	ガレキ	7562
がれっと	ガレット	7021
がれよ	枯れよ	6931
がれりゃ	枯れりゃ	6931
がれる	枯れる	6931
がれれ	枯れれ	6931
がれろ	枯れろ	6931
がれん	枯れん	6931
がれーじ	ガレージ	6076
がろ	がろ	6907
がろ	ガロ	7258
がろう	画廊	6776
がろん	ガロン	7511
がわ	側	4752
がわ	川	5887
がわ	皮	6303
がわ	ガワ	7345
がわら	がわら	7407
がわり	代わり	5935
がわり	替わり	6405
がわり	変わり	6453
がわり	がわり	6571
がん	がん	5137
がん	ガン	5233
がん	元	5629
がん	癌	5846
がん	剛	6695
がん	願	6805
がん	岸	7073
がん	雁	7338
がんあつ	眼圧	7132
がんい	含意	7528
がんえん	岩塩	6831
がんか	眼科	6245
がんか	眼下	6708
がんか	眼窩	7295
がんかい	眼科医	7232
がんかけ	願掛け	7353
がんがん	ガンガン	6038
がんがん	がんがん	7430
がんきゅう	眼球	6614
がんきょう	眼鏡	6773
がんきょう	頑強	7400
がんぐ	玩具	6229
がんけん	眼瞼	6871
がんこ	頑固	6381
がんこ	がんこ	7511
がんこう	眼光	7299
がんさいぼう	がん細胞	7134
がんさく	贋作	7391
がんしょ	願書	6763
がんしょう	岩礁	7164
がんしょく	顔色	7395
がんしん	含浸	7449
がんじす	ガンジス	7527
がんじつ	元日	6938
がんじょう	頑丈	6253
がんじー	ガンジー	7425
がんすいりつ	含水率	7497
がんせいひろう	眼精疲労	6971
がんせき	岩石	6550
がんぜん	眼前	6871
がんそ	元祖	6224
がんたい	眼帯	7151
がんたん	元旦	6523
がんだむ	ガンダム	6444
がんちゅう	眼中	7232
がんちりょう	がん治療	7453
がんてい	眼底	7347
がんとちゃーと	ガントチャート	7531
がんない	眼内	7285
がんなー	ガンナー	7273
がんねん	元年	6049
がんば	ガンバ	7003
がんば	がんば	7378
がんばおおさか	ガンバ大阪	7138
がんばっ	頑張っ	4691
がんばっ	がんばっ	5653
がんばって	がんばって	5911
がんばってほしい	頑張ってほしい	6681
がんばってほしい	頑張って欲しい	6890
がんばら	頑張ら	6213
がんばら	がんばら	7083
がんばり	頑張り	5054
がんばり	がんばり	5934
がんばります	がんばります	6296
がんばる	頑張る	5583
がんばる	がんばる	6310
がんばるぞ	頑張るぞ	6896
がんばるぞ	がんばるぞ	7476
がんばれ	頑張れ	6077
がんばれ	がんばれ	6454
がんばれる	頑張れる	6465
がんばれる	がんばれる	7540
がんばろ	頑張ろ	5878
がんばろ	がんばろ	6428
がんばろう	頑張ろう	5927
がんばろう	がんばろう	6654
がんばん	岩盤	6484
がんばんよく	岩盤浴	7196
がんぷく	眼福	7330
がんぺき	岸壁	6812
がんぺき	岩壁	7085
がんぼう	願望	5984
がんぽん	元本	6748
がんま	ガンマ	7076
がんません	ガンマ線	7414
がんめん	顔面	6026
がんゆう	含有	5904
がんらい	元来	6839
がんりょう	顔料	6643
がんりょう	含量	7179
がんわ	元和	7353
がーごいる	ガーゴイル	7478
がーしー	ガーシー	7201
がーぜ	ガーゼ	6506
がーたー	ガーター	7444
がーでぃあん	ガーディアン	6767
がーでにんぐ	ガーデニング	6506
がーでん	ガーデン	5753
がーど	ガード	5541
がーどまん	ガードマン	7460
がーどる	ガードル	7466
がーどれーる	ガードレール	6919
がーな	ガーナ	6826
がーねっと	ガーネット	7080
がーぷ	ガープ	7284
がーべら	ガーベラ	7075
がーらんど	ガーランド	7082
がーりっく	ガーリック	6391
がーりー	ガーリー	7000
がーる	ガール	5997
がーるず	ガールズ	6562
がーるずぐるーぷ	ガールズグループ	7037
がーるずばー	ガールズバー	7186
がーるふれんど	ガールフレンド	7046
き	き	3594
き	来	4245
き	気	4263
き	機	4615
き	期	4803
き	着	4923
き	木	5014
き	器	5126
きあい	気合	6123
きあい	気合い	6138
きあいいれ	気合い入れ	7447
きあいをいれ	気合を入れ	7140
きあいをいれ	気合いを入れ	7379
きあつ	気圧	6339
きあら	キアラ	7501
きあん	起案	7284
きい	聞い	4361
きい	聴い	5228
きい	効い	5578
きい	きい	6053
きい	利い	6753
きい	訊い	6772
きい	紀伊	6784
きい	奇異	7366
きいと	生糸	7391
きいはんとう	紀伊半島	7321
きいろ	黄色	5678
きいろ	きいろ	7391
きいろい	黄色い	5805
きいろいはな	黄色い花	7506
きいろいばな	黄色い花	7450
きいろく	黄色く	6595
きいん	起因	6093
きうい	キウイ	6417
きうち	城内	7344
きうち	木内	7404
きうん	機運	6806
きうん	気運	7398
きえ	消え	5165
きえ	帰依	7225
きえ	きえ	7492
きえい	気鋭	6738
きえさっ	消え去っ	7193
きえさり	消え去り	7563
きえさる	消え去る	7510
きえそう	消えそう	7526
きえふ	キエフ	7169
きえる	消える	5799
きえろ	消えろ	7183
きおい	気負い	7495
きおう	既往	6769
きおうれき	既往歴	7562
きおく	記憶	4814
きおくそうしつ	記憶喪失	7249
きおくりょく	記憶力	6809
きおくれ	気後れ	7485
きおすく	キオスク	7506
きおわ	気負わ	7264
きおん	気温	5184
きおんさ	気温差	7405
きか	聞か	5000
きか	効か	5852
きか	聴か	6152
きか	きか	6442
きか	利か	6603
きか	帰化	6688
きか	気化	6886
きか	訊か	7042
きかい	機会	4571
きかい	機械	4961
きかい	奇怪	7136
きかい	器械	7178
きかいがくしゅう	機械学習	6620
きかいそんしつ	機会損失	7338
きかいてき	機械的	6647
きかいほんやく	機械翻訳	7476
きかがく	幾何学	6449
きかがくてき	幾何学的	7263
きかがくもよう	幾何学模様	7535
きかく	企画	4662
きかく	規格	5560
きかくがい	規格外	7388
きかくしょ	企画書	7220
きかくてん	企画展	6820
きかさ	聞かさ	6336
きかざっ	着飾っ	7266
きかざる	着飾る	7524
きかせ	きかせ	6862
きかん	期間	4379
きかん	機関	4694
きかん	帰還	6068
きかん	基幹	6318
きかん	器官	6398
きかん	旗艦	6747
きかん	気管	6766
きかん	既刊	7158
きかんげんてい	期間限定	5484
きかんし	気管支	6675
きかんし	機関士	7560
きかんしえん	気管支炎	7234
きかんしゃ	機関車	6458
きかんしゃとーます	きかんしゃトーマス	7297
きかんじゅう	機関銃	7458
きかんちゅう	期間中	6079
きかんない	期間内	6777
きが	飢餓	6829
きが	きが	6869
きがあう	気が合う	7227
きがい	危害	6633
きがい	気概	6865
きがえ	着替え	5986
きがえる	着替える	6817
きがかり	気がかり	6977
きがく	器楽	7275
きがた	木型	7213
きがつい	気がつい	6018
きがつい	気が付い	6665
きがつか	気が付か	6620
きがつか	気がつか	6991
きがつき	気が付き	6553
きがつき	気がつき	6829
きがつく	気がつく	6960
きがつく	気が付く	7206
きがつけ	気がつけ	6656
きがね	気兼ね	6477
きがむい	気が向い	7292
きがる	気軽	4606
きがん	祈願	5942
きがん	奇岩	7175
きき	聞き	4855
きき	機器	4989
きき	危機	5413
きき	聴き	5525
きき	効き	6166
きき	きき	6500
きき	利き	6727
きき	嬉々	7161
ききいっ	聞き入っ	7090
ききいっ	聴き入っ	7515
ききいっぱつ	危機一髪	7495
ききいれ	聞き入れ	7172
ききうで	利き腕	7453
ききおぼえ	聞き覚え	7164
ききかえし	聞き返し	7308
ききかえす	聞き返す	7469
ききかん	危機感	6495
ききかんり	危機管理	6614
ききくらべ	聴き比べ	7332
ききこみ	聞き込み	7366
ききじょうず	聞き上手	7377
ききせまる	鬼気迫る	7420
ききそう	効きそう	7544
ききだし	聞き出し	7052
ききだす	聞き出す	7201
ききつけ	聞きつけ	6982
ききて	聞き手	6549
ききて	利き手	6961
ききてき	危機的	7484
ききとっ	聞き取っ	7376
ききとり	聞き取り	6349
ききとりにくい	聞き取りにくい	7542
ききとりやすい	聞き取りやすい	7463
ききとる	聞き取る	7267
ききとれ	聞き取れ	6803
ききとれる	聞き取れる	7243
ききながし	聞き流し	7064
ききながす	聞き流す	7555
ききなれ	聞き慣れ	7307
ききのがし	聞き逃し	7290
ききのがし	聴き逃し	7400
ききみみ	聞き耳	7549
ききめ	効き目	6877
ききゃく	棄却	6814
ききやく	聞き役	7560
ききやすい	聞きやすい	7306
ききやすい	聴きやすい	7380
ききゅう	気球	6664
ききゅう	希求	7431
ききょう	桔梗	6934
ききょう	帰郷	6957
ききょう	キキョウ	7257
ききょう	帰京	7389
ききょう	気胸	7500
ききん	基金	6045
ききん	飢饉	7034
ききんぞく	貴金属	6628
きぎ	木々	6041
きぎょう	企業	4148
きぎょう	起業	5640
きぎょうか	起業家	6296
きぎょうかち	企業価値	7231
きぎょうかつどう	企業活動	7179
きぎょうがわ	企業側	6699
きぎょうきぼ	企業規模	7438
きぎょうけいえい	企業経営	7310
きぎょうけんきゅう	企業研究	7285
きぎょうじょうほう	企業情報	6696
きぎょうたい	企業体	7372
きぎょうない	企業内	7412
きぎょうぶんか	企業文化	7280
きぎょうめい	企業名	7295
きぎょうりかい	企業理解	7367
きぎょうりねん	企業理念	7007
きく	聞く	4908
きく	聴く	5596
きく	効く	5902
きく	菊	6096
きく	きく	6316
きく	利く	6668
きく	キク	6925
きく	訊く	7066
きくいけ	菊池	6722
きくいも	菊芋	7461
きくかわ	菊川	7537
きくじ	菊地	7213
きくず	木くず	7540
きくた	菊田	7297
きくち	菊池	6311
きくち	菊地	6689
きくばり	気配り	6495
きくらげ	きくらげ	6981
きくらげ	キクラゲ	7092
きぐ	器具	5687
きぐ	危惧	6391
きぐさ	危惧さ	7358
きぐし	危惧し	6914
きぐすり	生薬	7534
きけ	聞け	6083
きけ	聴け	6505
きけい	奇形	6934
きけつ	帰結	7130
きける	聞ける	6169
きける	聴ける	6417
きけん	危険	4856
きけん	棄権	6904
きけん	キケン	7434
きけんせい	危険性	6639
きけんど	危険度	7324
きけんぶつ	危険物	7184
きげき	喜劇	6516
きげん	期限	5209
きげん	機嫌	5814
きげん	起源	5984
きげん	紀元	7217
きげんぎれ	期限切れ	6583
きげんぜん	紀元前	6450
きげんない	期限内	7188
きこ	聞こ	6673
きこ	きこ	7223
きこ	聴こ	7408
きこ	紀子	7467
きこ	貴子	7499
きこう	機構	5381
きこう	気候	5514
きこう	寄稿	6435
きこう	紀行	6709
きこう	聞こう	6720
きこう	寄港	6818
きこう	気功	6880
きこう	奇行	7214
きこうし	貴公子	7264
きこうへんどう	気候変動	6549
きこえ	聞こえ	5330
きこえ	聴こえ	6548
きこえ	きこえ	7335
きこえる	聞こえる	5724
きこえる	聴こえる	6759
きこく	帰国	5536
きこくご	帰国後	6743
きこくしじょ	帰国子女	7358
きこなし	着こなし	6156
きこなす	着こなす	6733
きこなせ	着こなせ	7204
きこなせる	着こなせる	7042
きこり	木こり	7366
きこん	既婚	6094
きこん	着込ん	7219
きこんしゃ	既婚者	6720
きご	季語	6657
きごう	記号	5750
きごう	揮毫	7222
きごこち	着心地	5994
きごころ	気心	7247
きさい	記載	4663
きさい	鬼才	7275
きさいないよう	記載内容	7246
きさいのほうほう	記載の方法	7316
きさき	后	6787
きさき	妃	6971
きさく	気さく	6238
きさま	貴様	6599
きさまら	貴様ら	7462
きさらぎ	如月	7322
きさらぎ	きさらぎ	7482
きさらづ	木更津	6918
きさん	起算	6646
きざ	キザ	7484
きざい	機材	5770
きざい	器材	6955
きざけ	生酒	7341
きざし	兆し	6698
きざはし	階	6897
きざま	刻ま	6069
きざみ	刻み	6379
きざみ	きざみ	7059
きざみこま	刻み込ま	7401
きざむ	刻む	6466
きざん	刻ん	6093
きし	騎士	5573
きし	岸	6486
きし	棋士	6492
きし	キシ	6569
きし	きし	6802
きし	期し	7195
きし	帰し	7374
きしい	岸井	7506
きしかいせい	起死回生	7309
きしかん	既視感	7089
きした	岸田	6515
きした	木下	6876
きしだ	岸田	6201
きしだん	騎士団	7516
きしつ	気質	6573
きしつ	基質	7061
きしつ	器質	7504
きしべ	岸辺	7139
きしべ	岸部	7561
きしめん	きしめん	7110
きしもと	岸本	6710
きしゃ	記者	5331
きしゃ	貴社	6292
きしゃ	汽車	6625
きしゃ	帰社	7520
きしゃかいけん	記者会見	5910
きしゃく	希釈	6548
きしゃだん	記者団	7277
きしゅ	機種	5301
きしゅ	騎手	6129
きしゅ	機首	7160
きしゅ	旗手	7235
きしゅう	奇襲	6618
きしゅう	紀州	6673
きしゅく	寄宿	7406
きしゅくしゃ	寄宿舎	7294
きしゅつ	既出	7038
きしゅへんこう	機種変更	7425
きしょう	気象	5812
きしょう	希少	5976
きしょう	起床	6437
きしょう	気性	6910
きしょう	稀少	6974
きしょう	記章	7556
きしょうかち	希少価値	7095
きしょうじょうけん	気象条件	7340
きしょうじょうほう	気象情報	7538
きしょうせい	希少性	7041
きしょうだい	気象台	6912
きしょうちょう	気象庁	6390
きしょうてんけつ	起承転結	7238
きしりとーる	キシリトール	7426
きしわだ	岸和田	6816
きしん	寄進	6871
きしん	鬼神	7552
きじ	記事	4185
きじ	生地	5016
きじ	キジ	6727
きじ	きじ	7034
きじ	雉	7187
きじ	木地	7290
きじく	基軸	7092
きじく	機軸	7391
きじつ	期日	6091
きじない	記事内	6622
きじないよう	記事内容	7427
きじのさいご	記事の最後	7497
きじのないよう	記事の内容	6780
きじのもくじ	記事の目次	7566
きじゅ	喜寿	7493
きじゅう	機銃	6916
きじゅつ	記述	5305
きじゅつ	奇術	7485
きじゅん	基準	4852
きじゅん	規準	7425
きじゅんち	基準値	7287
きじゅんび	基準日	7557
きじょ	貴女	6487
きじょ	機序	6808
きじょう	騎乗	6377
きじょう	机上	6764
きじょう	気丈	7384
きじん	鬼神	7429
きじん	貴人	7430
きじん	奇人	7474
きす	キス	5550
きす	期す	7265
きす	Kiss	7469
きすう	奇数	6629
きすがた	着姿	7061
きすしーん	キスシーン	7369
きすまい	キスマイ	7119
きすまーく	キスマーク	7553
きする	期する	7534
きず	傷	4921
きず	キズ	5595
きず	きず	5866
きずあと	傷跡	6630
きずあと	傷痕	7435
きずい	築い	5889
きずい	気づい	6444
きずい	気付い	6757
きずか	築か	6531
きずか	気づか	6809
きずか	気付か	7140
きずき	築き	6310
きずき	気づき	6733
きずき	気付き	7271
きずきあげ	築き上げ	6707
きずく	築く	5976
きずく	気づく	6964
きずく	気付く	7300
きずぐち	傷口	6621
きずけ	築け	6995
きずける	築ける	6966
きずつい	傷つい	6177
きずつい	傷付い	7292
きずつか	傷つか	7068
きずつき	傷つき	6577
きずつきやすい	傷つきやすい	7386
きずつく	傷つく	6478
きずつく	傷付く	7518
きずつけ	傷つけ	6130
きずつけ	傷付け	7231
きずつける	傷つける	6343
きずつける	傷付ける	7539
きずとう	傷等	7541
きずな	絆	5577
きずな	きずな	7018
きずな	キズナ	7303
きせ	着せ	6357
きせ	きせ	7198
きせ	黄瀬	7256
きせい	規制	5230
きせい	期生	5933
きせい	帰省	5955
きせい	寄生	6337
きせい	既成	6744
きせい	奇声	7113
きせい	既製	7188
きせい	規正	7419
きせいかんわ	規制緩和	7425
きせいがいねん	既成概念	7494
きせいちゅう	寄生虫	6552
きせいひん	既製品	7001
きせかえ	着せ替え	6617
きせかえ	きせかえ	7257
きせき	奇跡	5542
きせき	軌跡	6142
きせき	キセキ	6971
きせき	輝石	7160
きせき	奇蹟	7381
きせきてき	奇跡的	6507
きせつ	季節	4788
きせつ	既設	6915
きせつかん	季節感	6782
きせつげんてい	季節限定	7344
きせつごと	季節ごと	6756
きせつてき	季節的	7376
きせつのはな	季節の花	7508
きせつのやさい	季節の野菜	7514
きせつはずれ	季節外れ	7157
きせのさと	稀勢の里	7514
きせる	着せる	7081
きせる	キセル	7525
きせん	汽船	7312
きぜつ	気絶	6285
きぜん	毅然	7073
きそ	基礎	4962
きそ	起訴	6162
きそ	木曽	6685
きそい	競い	6865
きそいあい	競い合い	7139
きそいあう	競い合う	6895
きそいあっ	競い合っ	7239
きそう	競う	6307
きそう	寄贈	6888
きそう	来そう	7237
きそうてんがい	奇想天外	7286
きそがわ	木曽川	7411
きそく	規則	5280
きそくせい	規則性	7453
きそくただしい	規則正しい	6842
きそくただしいせいかつ	規則正しい生活	7030
きそくただしく	規則正しく	7299
きそくてき	規則的	7250
きそけんきゅう	基礎研究	7420
きそこうじ	基礎工事	7487
きそしっかん	基礎疾患	7419
きそたいおん	基礎体温	7456
きそたいしゃ	基礎代謝	6974
きそちしき	基礎知識	6973
きそっ	競っ	6836
きそてき	基礎的	6710
きそわ	競わ	7403
きそん	既存	5610
きそん	毀損	6386
きそん	き損	7171
きそん	棄損	7259
きぞう	寄贈	6238
きぞく	貴族	5812
きぞく	帰属	6183
きぞん	既存	5608
きた	北	5230
きた	キタ	6592
きた	きた	6616
きた	喜多	6990
きたあいるらんど	北アイルランド	7472
きたあきた	北秋田	7542
きたあふりか	北アフリカ	7234
きたあめりか	北アメリカ	7179
きたあるぷす	北アルプス	6731
きたい	期待	4456
きたい	機体	5582
きたい	気体	6521
きたい	稀代	7258
きたいかん	期待感	7034
きたいがかかる	期待がかかる	7469
きたいだい	期待大	7172
きたいち	期待値	6281
きたいど	期待度	7472
きたうら	北浦	7481
きたうらわ	北浦和	7546
きたえ	鍛え	5973
きたえ	鍛	7167
きたえあげ	鍛え上げ	7394
きたえる	鍛える	6056
きたお	北尾	7524
きたおおさか	北大阪	7502
きたおおじ	北大路	7371
きたおか	北岡	7463
きたかぜ	北風	6901
きたかた	喜多方	7343
きたかわ	北川	7273
きたかんとう	北関東	6852
きたがた	北方	6870
きたがわ	北側	5890
きたがわ	北川	6404
きたがわ	喜多川	6994
きたきゅうしゅう	北九州	5964
きたきゅうしゅうし	北九州市	7097
きたく	帰宅	5434
きたく	北区	6132
きたく	寄託	7322
きたくご	帰宅後	6843
きたぐち	北口	6319
きたぐに	北国	7366
きたけ	着丈	6217
きたさ	来さ	7329
きたさとだいがく	北里大学	7544
きたさんぶらっく	キタサンブラック	7425
きたざわ	北澤	7465
きたし	きたし	6953
きたし	来し	7331
きたし	来たし	7395
きたしま	北島	7452
きたしんち	北新地	7225
きたじま	北島	7013
きたじょう	北条	7259
きたす	きたす	7103
きたす	来す	7560
きたせんじゅ	北千住	6938
きたたいせいよう	北大西洋	7486
きたちょうせん	北朝鮮	5794
きたっ	来たっ	7424
きたとうべ	北東部	7332
きたな	汚	6508
きたない	汚い	5908
きたないことば	汚い言葉	7561
きたなかっ	汚かっ	7490
きたなく	汚く	6602
きたにほん	北日本	7377
きたの	北野	6422
きたのかた	北の方	7336
きたはま	北浜	7424
きたはら	北原	6973
きたはんきゅう	北半球	7228
きたばら	北原	7428
きたひろしま	北広島	7124
きたまえ	北前	7415
きたまち	北町	7557
きたみ	北見	6642
きたむき	北向き	7337
きたむら	北村	6248
きたむら	キタムラ	6891
きたもと	北本	7566
きたもん	北門	7563
きたやま	北山	6902
きたる	来る	6784
きたる	来たる	7298
きたろう	鬼太郎	6600
きたん	奇譚	7330
きたん	きたん	7502
きたん	忌憚	7516
きち	基地	5471
きち	吉	6120
きち	きち	6511
きち	既知	6761
きち	キチ	6896
きちかわ	吉川	7101
きちがい	キチガイ	6671
きちく	鬼畜	6813
きちじつ	吉日	6991
きちじょうじ	吉祥寺	6586
きちだ	吉田	6425
きちっと	きちっと	7058
きちゃく	帰着	7168
きちゃっ	来ちゃっ	7119
きちょう	貴重	5061
きちょう	基調	5933
きちょう	記帳	6703
きちょう	機長	7047
きちょうこうえん	基調講演	7223
きちょうひん	貴重品	6848
きちょうめん	几帳面	7153
きちん	キチン	6474
きちんと	きちんと	5099
きっ	切っ	5252
きっ	きっ	5743
きっ	キッ	6381
きっ	斬っ	6973
きっか	菊花	7278
きっかけ	きっかけ	4897
きっかけ	キッカケ	6307
きっかけ	切っ掛け	7207
きっかしょう	菊花賞	7180
きっかわ	吉川	7109
きっかー	キッカー	7048
きっきょう	吉凶	7248
きっきん	喫緊	7120
きっく	キック	5747
きっくおふ	キックオフ	6646
きっくぼくしんぐ	キックボクシング	6798
きっこう	拮抗	6684
きっこう	亀甲	7381
きっこーまん	キッコーマン	7300
きっさ	喫茶	6037
きっさてん	喫茶店	5946
きっざにあ	キッザニア	7208
きっし	喫し	6568
きっしゅ	キッシュ	6851
きっしょう	吉祥	7258
きっす	キッス	6922
きっすい	生粋	6834
きっず	キッズ	5921
きっずすぺーす	キッズスペース	6861
きっずるーむ	キッズルーム	7206
きっちょう	吉兆	7478
きっちり	きっちり	5920
きっちん	キッチン	5104
きっちんかー	キッチンカー	6582
きっちんぺーぱー	キッチンペーパー	6518
きっちんようひん	キッチン用品	7542
きって	切手	6242
きってる	切ってる	7445
きってる	きってる	7472
きっと	きっと	4901
きっと	キット	5441
きっど	キッド	6361
きっぱり	きっぱり	6798
きっぱり	キッパリ	7138
きっぷ	切符	6097
きっぷ	きっぷ	6361
きっぷ	キップ	7434
きつ	キツ	6622
きつ	きつ	6809
きつ	橘	7155
きつい	きつい	5766
きつい	キツイ	6133
きつい	キツい	6257
きつえん	喫煙	5580
きつえんしゃ	喫煙者	6662
きつおん	吃音	6971
きつかっ	きつかっ	6680
きつかっ	キツかっ	6846
きつかった	きつかった	6701
きつかわ	吉川	7094
きつく	きつく	6262
きつく	キツく	6601
きつけ	着付け	6594
きつけ	気付け	7054
きつけ	着付	7429
きつしょうじ	吉祥寺	7382
きつね	狐	6131
きつね	キツネ	6356
きつね	きつね	6431
きつねいろ	きつね色	7300
きづい	気づい	5293
きづい	気付い	5606
きづか	気づか	5658
きづか	気付か	5989
きづかい	気遣い	6462
きづかい	気づかい	7562
きづかう	気遣う	7000
きづかさ	気付かさ	6882
きづかっ	気遣っ	6821
きづがわ	木津川	7369
きづき	気づき	5582
きづき	気付き	6120
きづきにくい	気づきにくい	7311
きづく	気づく	5813
きづく	気付く	6149
きづけ	気づけ	6431
きづけ	気付け	6686
きてぃ	キティ	6396
きてぃちゃん	キティちゃん	6717
きてい	規定	4717
きてい	規程	6067
きてい	既定	6555
きてい	基底	6786
きていち	既定値	7424
きてき	汽笛	7266
きてます	きてます	6703
きてます	来てます	6780
きてます	着てます	7466
きてれつ	キテレツ	7549
きてん	起点	6027
きてん	機転	7071
きてん	基点	7142
きでん	貴殿	7119
きでん	起電	7493
きと	帰途	7185
きと	企図	7259
きと	キト	7537
きとう	祈祷	6332
きとう	気筒	6349
きとう	鬼頭	7154
きとう	亀頭	7392
きとう	きとう	7482
きとく	既得	7211
きとく	危篤	7351
きど	輝度	6555
きど	木戸	7162
きど	城戸	7516
きどあいらく	喜怒哀楽	6857
きどう	起動	5083
きどう	軌道	5821
きどう	機動	5834
きどう	気道	6757
きどう	木道	7386
きどうしゃ	気動車	6906
きどうじ	起動時	7083
きどうせい	機動性	7222
きどうせんしがんだむ	機動戦士ガンダム	6676
きどうたい	機動隊	7193
きどうにのっ	軌道に乗っ	7437
きどうりょく	機動力	6919
きどく	既読	6512
きどっ	気取っ	7306
きどり	気取り	7277
きな	キナ	7382
きない	機内	6031
きない	畿内	7286
きないしょく	機内食	7267
きないもーど	機内モード	7492
きなが	気長	6625
きなこ	きなこ	6421
きなこ	きな粉	6518
きなし	木梨	7345
きなり	生成り	7349
きなりの	キナリノ	7321
きにいっ	気に入っ	5215
きにいっ	気にいっ	7069
きにいら	気に入ら	6049
きにいり	気に入り	6242
きにいる	気に入る	6953
きになっ	気になっ	5333
きになら	気になら	5846
きになり	気になり	5582
きになる	気になる	5145
きにゅう	記入	5289
きぬ	絹	6340
きぬ	衣	6466
きぬ	きぬ	7074
きぬあ	キヌア	7429
きぬおりもの	絹織物	7563
きぬがさ	衣笠	7414
きぬがわ	鬼怒川	7523
きぬがわおんせん	鬼怒川温泉	7420
きぬごし	絹ごし	7263
きね	杵	7120
きねま	キネマ	7474
きねん	記念	4651
きねん	祈念	6519
きねんかん	記念館	7384
きねんさつえい	記念撮影	6290
きねんしきてん	記念式典	7457
きねんしゃしん	記念写真	6670
きねんひ	記念碑	6637
きねんひん	記念品	6361
きねんび	記念日	5996
きの	きの	6715
きの	キノ	7200
きの	木野	7394
きのあう	気の合う	7106
きのう	機能	4190
きのう	昨日	5048
きのう	きのう	6550
きのう	帰納	7538
きのうきょう	昨日今日	7170
きのうせい	機能性	6105
きのうてき	機能的	6388
きのうび	機能美	7530
きのうふぜん	機能不全	7565
きのうめん	機能面	6956
きのえ	甲	6754
きのえだ	木の枝	7222
きのかわ	紀の川	7206
きのきい	気の利い	7193
きのくにやしょてん	紀伊國屋書店	7439
きのこ	きのこ	5836
きのこ	キノコ	5856
きのこ	茸	6982
きのこ	菌	7037
きのこるい	きのこ類	7466
きのした	木下	6399
きのと	乙	6897
きのどく	気の毒	6461
きのね	木の根	7327
きは	キハ	6335
きはく	希薄	6693
きはく	気迫	6821
きはだ	キハダ	7238
きはつ	揮発	6810
きはら	木原	6915
きはん	規範	6085
きば	牙	6152
きば	騎馬	6722
きば	キバ	7019
きば	きば	7185
きば	木場	7271
きばく	起爆	6869
きばこ	木箱	6754
きばつ	奇抜	6666
きばな	キバナ	7305
きばみ	黄ばみ	6615
きばらし	気晴らし	7183
きばん	基盤	5485
きばん	基板	5879
きばん	黄ばん	7179
きひ	忌避	6807
きひん	気品	6573
きび	キビ	6928
きび	機微	7039
きび	吉備	7236
きびきび	キビキビ	7294
きびし	厳し	6192
きびしい	厳しい	5032
きびしい	きびしい	7248
きびしいいけん	厳しい意見	7512
きびしいかんきょう	厳しい環境	6990
きびしいきじゅん	厳しい基準	7539
きびしいげんじつ	厳しい現実	7349
きびしいことば	厳しい言葉	7522
きびしいじょうきょう	厳しい状況	6672
きびしいじょうけん	厳しい条件	7494
きびしいせかい	厳しい世界	7549
きびしいめ	厳しい目	7543
きびしかっ	厳しかっ	6732
きびしく	厳しく	5652
きびしさ	厳しさ	6477
きびしそう	厳しそう	7199
きびす	踵	7150
きびん	機敏	7175
きふ	寄付	5448
きふ	寄附	6261
きふ	棋譜	7217
きふう	気風	7486
きふきん	寄付金	7033
きふく	起伏	6628
きふじん	貴婦人	7187
きふだ	木札	7504
きふねじんじゃ	貴船神社	7496
きぶ	基部	6647
きぶ	鬼舞	7326
きぶつ	器物	7164
きぶん	気分	4878
きぶんてき	気分的	7246
きぶんてんかん	気分転換	6561
きぷろす	キプロス	7314
きへい	騎兵	6729
きべ	木部	7412
きほう	気泡	6407
きほう	記法	7257
きほう	既報	7507
きほん	基本	4337
きほんきゅう	基本給	6519
きほんけい	基本形	7245
きほんじょうほう	基本情報	5929
きほんてき	基本的	4775
きほんてきじんけん	基本的人権	7068
きぼ	規模	4901
きぼう	希望	4489
きぼうしゃ	希望者	6649
きぼうじょうけん	希望条件	7278
きぼうのひかり	希望の光	7372
きぼうのほう	希望の方	7274
きぼり	木彫り	6961
きまえ	気前	7398
きまぐれ	気まぐれ	6658
きまぐれ	きまぐれ	7250
きました	きました	4372
きました	来ました	5615
きまじめ	生真面目	7200
きまず	気まず	7187
きまずい	気まずい	6680
きまずく	気まずく	7088
きまっ	決まっ	5021
きまっ	きまっ	7154
きまっ	キマっ	7562
きまって	決まって	5500
きまつ	期末	6347
きまつてすと	期末テスト	7545
きまま	気まま	6500
きまら	決まら	6450
きまり	決まり	5429
きまり	きまり	7192
きまりしだい	決まり次第	7044
きまる	決まる	5731
きまる	きまる	7465
きまる	キマる	7503
きまれ	決まれ	6951
きまわし	着回し	6725
きみ	君	4858
きみ	きみ	5989
きみ	キミ	6197
きみ	黄身	6571
きみ	王	6662
きみ	黄み	7295
きみ	公	7425
きみがすき	君が好き	7406
きみがよ	君が代	7228
きみたち	君たち	6398
きみたち	君達	7377
きみち	木道	7378
きみつ	機密	6204
きみつ	気密	6435
きみつ	君津	7255
きみつじょうほう	機密情報	7217
きみつせい	気密性	7275
きみつせい	機密性	7439
きみどり	黄緑	6922
きみのなは	君の名は	7460
きみょう	奇妙	5882
きむ	キム	5776
きむ	金	6044
きむじょんうん	金正恩	6871
きむずかしい	気難しい	7351
きむち	キムチ	5907
きむら	木村	5667
きむら	キムラ	7553
きめ	決め	4736
きめ	極め	6609
きめ	キメ	6674
きめ	きめ	6678
きめ	木目	6821
きめ	期目	7246
きめい	記名	6638
きめかた	決め方	6999
きめこまか	きめ細か	7027
きめこまかい	きめ細かい	6978
きめこまかく	きめ細かく	7070
きめこまやか	きめ細やか	6769
きめこん	決め込ん	7528
きめぜりふ	決め台詞	7436
きめつけ	決めつけ	6665
きめつける	決めつける	7082
きめて	決め手	6152
きめよ	決めよ	6878
きめよう	決めよう	6873
きめら	キメラ	7036
きめる	決める	5261
きめる	キメる	7465
きめれ	決めれ	7076
きめろ	決めろ	7471
きも	肝	6171
きも	キモ	6486
きも	きも	7134
きもい	キモい	6421
きもい	きもい	7056
きもう	起毛	6644
きもおた	キモオタ	7441
きもく	キモく	7485
きもだめし	肝試し	7154
きもち	気持ち	4284
きもち	気持	6496
きもち	キモチ	7254
きもちいい	気持ちいい	5872
きもちてき	気持ち的	7059
きもちよ	気持ちよ	6540
きもちよ	気持ち良	6766
きもちよい	気持ち良い	6434
きもちよい	気持ちよい	7207
きもちよかっ	気持ちよかっ	6606
きもちよかっ	気持ち良かっ	6904
きもちよく	気持ちよく	5817
きもちよく	気持ち良く	6418
きもちよさ	気持ちよさ	6588
きもちよさ	気持ち良さ	6895
きもちわる	気持ち悪	7125
きもちわるい	気持ち悪い	5897
きもちわるかっ	気持ち悪かっ	7292
きもちわるく	気持ち悪く	6982
きもちわるさ	気持ち悪さ	7281
きもと	木下	7254
きもにめいじ	肝に銘じ	7209
きもの	着物	5451
きもの	きもの	6403
きものすがた	着物姿	7541
きもん	鬼門	6918
きゃ	きゃ	6655
きゃ	キャ	6694
きゃく	客	5103
きゃく	脚	6555
きゃく	きゃく	7401
きゃくあし	客足	7181
きゃくいん	客員	7037
きゃくえん	客演	7143
きゃくさき	客先	6889
きゃくしつ	客室	5713
きゃくしゃ	客車	6566
きゃくしょく	脚色	6953
きゃくじん	客人	7455
きゃくすう	客数	6876
きゃくせき	客席	6011
きゃくせん	客船	6720
きゃくそう	客層	6607
きゃくちゅう	脚注	7293
きゃくひき	客引き	7294
きゃくぶ	脚部	6712
きゃくほん	脚本	5551
きゃくほんか	脚本家	6957
きゃくま	客間	7435
きゃくら	客ら	7384
きゃくりょく	脚力	7161
きゃさりん	キャサリン	6716
きゃしゃ	華奢	6589
きゃしー	キャシー	7290
きゃす	キャス	7072
きゃすたー	キャスター	6082
きゃすてぃんぐ	キャスティング	6255
きゃすと	キャスト	5322
きゃすとじん	キャスト陣	7514
きゃたつ	脚立	6961
きゃたぴら	キャタピラ	7405
きゃっ	キャッ	7016
きゃっか	却下	6434
きゃっかん	客観	5716
きゃっかんせい	客観性	7378
きゃっかんてき	客観的	6210
きゃっきゃ	キャッキャ	7275
きゃっこう	脚光	7409
きゃっこうをあび	脚光を浴び	7134
きゃっしゅ	キャッシュ	5618
きゃっしゅかーど	キャッシュカード	6799
きゃっしゅばっく	キャッシュバック	7319
きゃっしゅふろー	キャッシュフロー	7422
きゃっしゅれす	キャッシュレス	7402
きゃっしゅれすか	キャッシュレス化	7478
きゃっしんぐ	キャッシング	6824
きゃっする	キャッスル	7332
きゃっち	キャッチ	5765
きゃっちこぴー	キャッチコピー	6298
きゃっちふれーず	キャッチフレーズ	6654
きゃっちぼーる	キャッチボール	6617
きゃっちゃー	キャッチャー	6399
きゃっつ	キャッツ	7197
きゃっつあい	キャッツアイ	7400
きゃっと	キャット	7252
きゃっとたわー	キャットタワー	7364
きゃっとふーど	キャットフード	7189
きゃっぷ	キャップ	5582
きゃでぃ	キャディ	7184
きゃでぃばっぐ	キャディバッグ	7544
きゃでぃー	キャディー	7385
きゃにおん	キャニオン	7407
きゃにすたー	キャニスター	7539
きゃのぴー	キャノピー	7188
きゃのん	キャノン	6603
きゃばくら	キャバクラ	6593
きゃばじょう	キャバ嬢	6792
きゃばれー	キャバレー	7296
きゃぱ	キャパ	6769
きゃぱおーばー	キャパオーバー	7418
きゃぱしてぃ	キャパシティ	7082
きゃびあ	キャビア	7034
きゃびてーしょん	キャビテーション	7514
きゃびねっと	キャビネット	6486
きゃびん	キャビン	6675
きゃぴたる	キャピタル	6697
きゃぶれたー	キャブレター	6881
きゃぷ	キャプ	7492
きゃぷしょん	キャプション	6626
きゃぷちゃ	キャプチャ	6464
きゃぷちゃー	キャプチャー	7136
きゃぷてん	キャプテン	5894
きゃぷてんあめりか	キャプテン・アメリカ	7438
きゃべつ	キャベツ	5594
きゃみそーる	キャミソール	7033
きゃめる	キャメル	7105
きゃめろん	キャメロン	7118
きゃら	キャラ	4586
きゃら	伽羅	7455
きゃらくた	キャラクタ	5593
きゃらくたー	キャラクター	4776
きゃらくたーたち	キャラクターたち	6968
きゃらくたーたち	キャラクター達	7525
きゃらくたーでざいん	キャラクターデザイン	7018
きゃらそん	キャラソン	7516
きゃらでざ	キャラデザ	6839
きゃらばん	キャラバン	6667
きゃらべん	キャラ弁	7538
きゃらほうかい	キャラ崩壊	7484
きゃらめる	キャラメル	6114
きゃりあ	キャリア	4991
きゃりああっぷ	キャリアアップ	6761
きゃりああどばいざー	キャリアアドバイザー	7216
きゃりあうーまん	キャリアウーマン	7380
きゃりあきょういく	キャリア教育	7555
きゃりあちぇんじ	キャリアチェンジ	7362
きゃりあぱす	キャリアパス	7289
きゃりあぷらん	キャリアプラン	7256
きゃりばー	キャリバー	7280
きゃりぱー	キャリパー	6848
きゃりぶれーしょん	キャリブレーション	7156
きゃりー	キャリー	6354
きゃりーけーす	キャリーケース	7487
きゃりーばっぐ	キャリーバッグ	7191
きゃりーぱみゅぱみゅ	きゃりーぱみゅぱみゅ	7543
きゃろっと	キャロット	7517
きゃろっとけーき	キャロットケーキ	7425
きゃろる	キャロル	6754
きゃん	キャン	6640
きゃんさー	蟹座	7488
きゃんせる	キャンセル	5159
きゃんせるまち	キャンセル待ち	7367
きゃんせるりょう	キャンセル料	6811
きゃんでぃ	キャンディ	6274
きゃんでぃー	キャンディー	6842
きゃんでぃーず	キャンディーズ	7284
きゃんどぅ	キャンドゥ	6975
きゃんどる	キャンドル	6203
きゃんばす	キャンバス	6211
きゃんばー	キャンバー	7118
きゃんぱす	キャンパス	5576
きゃんぱー	キャンパー	6743
きゃんぴんぐ	キャンピング	6467
きゃんぴんぐかー	キャンピングカー	6977
きゃんぷ	キャンプ	5152
きゃんぷぎあ	キャンプギア	7413
きゃんぷさいと	キャンプサイト	7203
きゃんぷふぁいやー	キャンプファイヤー	7099
きゃんべる	キャンベル	7226
きゃんぺーん	キャンペーン	4991
きゃんめいく	キャンメイク	7541
きゃー	きゃー	7116
きゃー	キャー	7138
きゃーきゃー	キャーキャー	7347
きや	キヤ	7335
きやく	規約	5630
きやくいはん	規約違反	6967
きやすい	きやすい	7445
きやすめ	気休め	7143
きやせ	着痩せ	7385
きやのん	キヤノン	6552
きゅ	キュ	7538
きゅう	旧	4972
きゅう	級	5059
きゅう	急	5104
きゅう	給	6076
きゅう	球	6110
きゅう	きゅう	6230
きゅう	休	6396
きゅう	灸	6865
きゅうあい	求愛	7160
きゅうい	球威	7384
きゅういん	吸引	6129
きゅういんりょく	吸引力	7286
きゅうえん	救援	6355
きゅうえん	休園	7012
きゅうえん	休演	7392
きゅうおん	吸音	7278
きゅうおんざい	吸音材	7430
きゅうか	休暇	5296
きゅうか	旧家	7299
きゅうかい	球界	6888
きゅうかい	休会	7244
きゅうかく	嗅覚	6526
きゅうかくだい	急拡大	7400
きゅうかん	休館	6281
きゅうかん	休刊	7319
きゅうかん	急患	7330
きゅうかんび	休館日	7179
きゅうがく	休学	6867
きゅうがた	旧型	6632
きゅうき	吸気	6553
きゅうきゅう	救急	5582
きゅうきゅうしゃ	救急車	6194
きゅうきゅうたい	救急隊	7486
きゅうきょ	急遽	5882
きゅうきょ	急きょ	6863
きゅうきょく	究極	5711
きゅうきょくてき	究極的	7305
きゅうきん	球菌	6871
きゅうぎ	球技	6733
きゅうぎょう	休業	5402
きゅうぎょうちゅう	休業中	7423
きゅうぎょうび	休業日	7078
きゅうくつ	窮屈	6403
きゅうけい	休憩	5244
きゅうけい	球形	7112
きゅうけい	求刑	7233
きゅうけいしつ	休憩室	7207
きゅうけいじかん	休憩時間	6627
きゅうけいじょ	休憩所	7565
きゅうけいすぺーす	休憩スペース	7372
きゅうけいちゅう	休憩中	7008
きゅうけつ	吸血	6909
きゅうけつき	吸血鬼	6306
きゅうげき	急激	5835
きゅうげん	急減	7513
きゅうこう	急行	6050
きゅうこう	休校	6537
きゅうこう	休講	7273
きゅうこう	吸光	7453
きゅうこうか	急降下	7283
きゅうこうばい	急勾配	7548
きゅうこん	球根	6520
きゅうこん	求婚	7160
きゅうご	救護	6749
きゅうさい	救済	6030
きゅうさい	休載	7091
きゅうさく	旧作	6923
きゅうし	休止	5827
きゅうし	急死	6997
きゅうし	臼歯	7048
きゅうし	給紙	7266
きゅうしがい	旧市街	7210
きゅうしき	旧式	7187
きゅうしつ	吸湿	6885
きゅうしつせい	吸湿性	7453
きゅうしゃ	厩舎	6459
きゅうしゃめん	急斜面	6889
きゅうしゅ	球種	7059
きゅうしゅう	吸収	5282
きゅうしゅう	九州	5292
きゅうしゅう	急襲	7297
きゅうしゅうだいがく	九州大学	6825
きゅうしゅうちほう	九州地方	7479
きゅうしゅうでんりょく	九州電力	7386
きゅうしゅつ	救出	6118
きゅうしゅん	急峻	7334
きゅうしょ	急所	6841
きゅうしょう	求償	7559
きゅうしょうがつ	旧正月	7534
きゅうしょく	給食	5416
きゅうしょく	求職	6161
きゅうしょく	休職	6341
きゅうしょくしつ	給食室	7452
きゅうしょくしゃ	求職者	6762
きゅうしん	休診	6404
きゅうしん	急進	7435
きゅうしん	球審	7482
きゅうしんび	休診日	7475
きゅうしんりょく	求心力	7374
きゅうじ	球児	6817
きゅうじ	給餌	6849
きゅうじ	給仕	6947
きゅうじつ	休日	5153
きゅうじょ	救助	5987
きゅうじょう	球場	5848
きゅうじょう	球状	6995
きゅうじょう	休場	7208
きゅうじょうしょう	急上昇	6377
きゅうじょたい	救助隊	7097
きゅうじん	求人	5234
きゅうじんこうこく	求人広告	7505
きゅうじんじょうほう	求人情報	6244
きゅうじんすう	求人数	7173
きゅうじんひょう	求人票	7320
きゅうす	急須	6980
きゅうすい	給水	6080
きゅうすい	吸水	6354
きゅうすいせい	吸水性	7141
きゅうすう	級数	7464
きゅうせい	急性	5993
きゅうせい	旧姓	6861
きゅうせい	急逝	7033
きゅうせい	九星	7115
きゅうせい	旧制	7164
きゅうせいき	急性期	7431
きゅうせいしゅ	救世主	6519
きゅうせいちょう	急成長	6799
きゅうせっきじだい	旧石器時代	7434
きゅうせっきん	急接近	7441
きゅうせん	休戦	7260
きゅうそく	急速	5725
きゅうそく	休息	6256
きゅうそく	球速	6844
きゅうそくじゅうでん	急速充電	7558
きゅうぞう	急増	6136
きゅうたい	球体	6490
きゅうだい	九大	7099
きゅうだい	及第	7219
きゅうだいてん	及第点	7539
きゅうだん	球団	5774
きゅうだん	糾弾	6947
きゅうち	窮地	6646
きゅうち	旧知	7240
きゅうちゃく	吸着	6316
きゅうちゅう	宮中	6829
きゅうてい	宮廷	6509
きゅうていだい	旧帝大	7193
きゅうてんかい	急展開	7462
きゅうで	急で	7247
きゅうでん	宮殿	6115
きゅうでん	給電	6627
きゅうとう	給湯	6221
きゅうとう	急騰	7058
きゅうとう	急登	7375
きゅうとうき	給湯器	7447
きゅうどう	弓道	6520
きゅうどう	旧道	6747
きゅうな	急な	5757
きゅうなん	救難	7206
きゅうにゅう	吸入	6498
きゅうはいすい	給排水	7138
きゅうはん	急坂	7015
きゅうはん	旧版	7531
きゅうばん	吸盤	6918
きゅうびょう	急病	7287
きゅうぴっち	急ピッチ	7132
きゅうふ	給付	5621
きゅうふ	休符	7524
きゅうふきん	給付金	7241
きゅうぶれーき	急ブレーキ	7275
きゅうへん	急変	6667
きゅうほう	旧法	7512
きゅうぼ	急募	7271
きゅうみん	休眠	6668
きゅうむ	急務	6774
きゅうむいん	厩務員	7563
きゅうめ	球目	6917
きゅうめい	救命	6302
きゅうめい	究明	6670
きゅうめん	球面	7029
きゅうもでる	旧モデル	7559
きゅうやく	旧約	6850
きゅうやくせいしょ	旧約聖書	7321
きゅうゆ	給油	6271
きゅうゆう	旧友	7050
きゅうよ	給与	5181
きゅうよう	休養	6393
きゅうよう	急用	7376
きゅうよけいさん	給与計算	7456
きゅうよめん	給与面	7531
きゅうらい	旧来	6948
きゅうらく	急落	6859
きゅうり	きゅうり	5867
きゅうり	キュウリ	6316
きゅうり	胡瓜	6943
きゅうりゅう	急流	7374
きゅうりょう	給料	5393
きゅうりょう	丘陵	6446
きゅうりょうげつがく	給料月額	7242
きゅうりょうび	給料日	7035
きゅうれき	旧暦	6637
きゅっ	キュッ	6798
きゅっと	きゅっと	7205
きゅらそー	キュラソー	7563
きゅれーしょん	キュレーション	7372
きゅれーたー	キュレーター	7222
きゅん	キュン	6135
きゅんと	キュンと	7411
きゅー	キュー	6011
きゅーあーるこーど	QRコード	5918
きゅーずもーる	キューズモール	7397
きゅーつー	Q2	6649
きゅーてぃくる	キューティクル	7022
きゅーと	キュート	5871
きゅーば	キューバ	6499
きゅーぴっど	キューピッド	7478
きゅーぴー	キューピー	7221
きゅーぶ	キューブ	6266
きゆう	杞憂	7367
きゆーぴー	キユーピー	7379
きょ	虚	6778
きょ	居	6877
きょ	挙	7117
きょ	許	7560
きょう	今日	4146
きょう	きょう	5594
きょう	強	5822
きょう	教	5916
きょう	鏡	6027
きょう	共	6097
きょう	橋	6163
きょう	経	6209
きょうあく	凶悪	6776
きょうい	脅威	5889
きょうい	驚異	6116
きょうい	教委	6648
きょういく	教育	4485
きょういくいいんかい	教育委員会	7545
きょういくかつどう	教育活動	7239
きょういくかんきょう	教育環境	7558
きょういくがく	教育学	7069
きょういくがくぶ	教育学部	7544
きょういくきかん	教育機関	7039
きょういくげんば	教育現場	7085
きょういくしゃ	教育者	7152
きょういくじっしゅう	教育実習	7338
きょういくちょう	教育長	7198
きょういくてき	教育的	7522
きょういくひ	教育費	7378
きょういくほうしん	教育方針	7482
きょういてき	驚異的	6550
きょういん	教員	5422
きょういんめんきょ	教員免許	7463
きょううん	強運	7063
きょうえい	競泳	6781
きょうえい	共栄	6984
きょうえん	共演	5468
きょうえん	競演	6823
きょうえん	饗宴	7286
きょうえんしゃ	共演者	7020
きょうか	強化	4770
きょうか	教科	5879
きょうか	鏡花	7185
きょうか	京香	7291
きょうか	供花	7487
きょうかい	協会	5041
きょうかい	教会	5433
きょうかい	境界	5670
きょうかい	羌瘣	7557
きょうかいせん	境界線	6916
きょうかいどう	教会堂	7455
きょうかく	胸郭	7198
きょうかしょ	教科書	5569
きょうかつ	恐喝	7040
きょうかん	共感	5405
きょうかん	教官	6425
きょうかんりょく	共感力	7442
きょうがく	驚愕	6186
きょうがく	共学	6936
きょうがく	教学	7313
きょうき	狂気	6216
きょうき	凶器	6857
きょうき	狂喜	7403
きょうきゃく	橋脚	6895
きょうきゅう	供給	5286
きょうぎ	競技	5094
きょうぎ	協議	5316
きょうぎ	教義	6835
きょうぎ	狭義	7197
きょうぎかい	協議会	7109
きょうぎかい	競技会	7459
きょうぎしゃ	競技者	7459
きょうぎじょう	競技場	7370
きょうぎょう	協業	6418
きょうく	教区	6984
きょうくん	教訓	6190
きょうぐ	教具	7564
きょうぐう	境遇	6420
きょうけん	強肩	7374
きょうけん	狂犬	7465
きょうけん	強権	7482
きょうけんびょう	狂犬病	6924
きょうげん	狂言	6784
きょうこ	強固	6261
きょうこ	京子	6627
きょうこ	恭子	6844
きょうこ	今日子	7014
きょうこ	響子	7219
きょうこ	きょうこ	7449
きょうこ	景子	7503
きょうこう	教皇	6565
きょうこう	強行	6572
きょうこう	強硬	6931
きょうこう	恐慌	6997
きょうこう	強攻	7329
きょうこう	胸腔	7558
きょうこく	峡谷	6989
きょうこく	強国	7537
きょうこつ	胸骨	7190
きょうごう	競合	5777
きょうごう	強豪	6063
きょうごうこう	強豪校	7393
きょうごうたしゃ	競合他社	6847
きょうごく	京極	6958
きょうさい	共済	6184
きょうさい	共催	6445
きょうさく	狭窄	6870
きょうさん	協賛	6119
きょうさん	共産	6387
きょうさん	強酸	7431
きょうさんとう	共産党	6157
きょうざい	教材	5571
きょうし	教師	5353
きょうしつ	教室	4822
きょうしつない	教室内	7510
きょうしゃ	強者	6513
きょうしゅう	教習	6442
きょうしゅう	強襲	6740
きょうしゅう	郷愁	7085
きょうしゅうしょ	教習所	6971
きょうしゅうじょ	教習所	6647
きょうしゅく	恐縮	6256
きょうしょう	狭小	7243
きょうしょく	教職	6755
きょうしょくいん	教職員	6062
きょうしん	共振	6767
きょうしん	狂信	7233
きょうしんしょう	狭心症	7044
きょうじ	教示	6451
きょうじ	矜持	7117
きょうじ	興じ	7341
きょうじ	経時	7384
きょうじゃく	強弱	6577
きょうじゅ	教授	5260
きょうじゅ	享受	6412
きょうじゅう	今日中	7072
きょうじゅつ	供述	6619
きょうじょ	共助	7180
きょうじょう	教場	7474
きょうじる	興じる	7493
きょうじん	強靭	6468
きょうじん	狂人	6989
きょうじん	強靱	7402
きょうすけ	京介	7184
きょうすけ	恭介	7443
きょうする	供する	6637
きょうせい	矯正	5361
きょうせい	強制	5395
きょうせい	共生	6074
きょうせいしか	矯正歯科	7560
きょうせいしゅうよう	強制収容	7210
きょうせいしゅうりょう	強制終了	7443
きょうせいちりょう	矯正治療	6905
きょうせいてき	強制的	6161
きょうせいりょく	強制力	7540
きょうせら	京セラ	6635
きょうそ	教祖	6786
きょうそう	競争	5342
きょうそう	競走	6208
きょうそう	強壮	7339
きょうそう	共創	7437
きょうそうあいて	競争相手	7545
きょうそうきょく	協奏曲	6617
きょうそうしん	競争心	7454
きょうそうば	競走馬	7233
きょうそうりつ	競争率	7472
きょうそうりょく	競争力	6694
きょうそく	教則	7370
きょうぞう	胸像	7432
きょうぞう	鏡像	7491
きょうぞん	共存	6120
きょうたい	筐体	6337
きょうたく	供託	7159
きょうたなべ	京田辺	7301
きょうたん	驚嘆	7046
きょうたんご	京丹後	7213
きょうだ	強打	6793
きょうだい	兄弟	5374
きょうだい	兄妹	6311
きょうだい	京大	6407
きょうだい	きょうだい	6540
きょうだい	強大	6550
きょうだい	姉弟	6741
きょうだい	橋台	7540
きょうだいしまい	兄弟姉妹	7219
きょうだいたち	兄弟たち	7554
きょうだしゃ	強打者	7350
きょうだん	教団	6451
きょうだん	教壇	7269
きょうち	境地	6485
きょうちゅう	胸中	7200
きょうちょ	共著	6641
きょうちょう	強調	5453
きょうちょう	協調	6163
きょうちょうせい	協調性	6760
きょうつい	胸椎	7191
きょうつう	共通	5023
きょうつう	胸痛	7475
きょうつうこう	共通項	7446
きょうつうてん	共通点	6386
きょうつうにんしき	共通認識	7306
きょうてい	協定	5713
きょうてい	競艇	6567
きょうてき	強敵	6340
きょうてん	経典	7072
きょうと	京都	4924
きょうと	教徒	6414
きょうとう	共闘	6483
きょうとう	教頭	6608
きょうとう	鏡筒	7281
きょうとうせんせい	教頭先生	7415
きょうとえき	京都駅	6930
きょうとさんぎょうだいがく	京都産業大学	7563
きょうとし	京都市	6863
きょうとしない	京都市内	7202
きょうとだい	京都大	6443
きょうとだいがく	京都大学	7506
きょうとふ	京都府	6024
きょうど	強度	5450
きょうど	郷土	5927
きょうどう	共同	5083
きょうどう	協働	6041
きょうどう	協同	6072
きょうどう	経堂	7479
きょうどうかいはつ	共同開発	7324
きょうどうけんきゅう	共同研究	7102
きょうどうさぎょう	共同作業	7367
きょうどうせいかつ	共同生活	7137
きょうどうたい	共同体	6527
きょうどうつうしん	共同通信	6986
きょうどうつうしんしゃ	共同通信社	7448
きょうどりょうり	郷土料理	7069
きょうねん	享年	6998
きょうのかた	今日の方	7496
きょうのきじ	今日の記事	7477
きょうのこと	今日のこと	7377
きょうのこんだて	今日の献立	7122
きょうのしゃしん	今日の写真	7478
きょうのできごと	今日の出来事	7461
きょうのばあい	今日の場合	7551
きょうはく	脅迫	6301
きょうはく	強迫	6819
きょうはん	共犯	6902
きょうばい	競売	7188
きょうばし	京橋	6952
きょうふ	恐怖	5425
きょうふう	強風	6105
きょうふかん	恐怖感	7244
きょうふしょう	恐怖症	6553
きょうふしん	恐怖心	6902
きょうぶ	胸部	6409
きょうへい	恭平	6951
きょうほ	競歩	7373
きょうほう	享保	7124
きょうほん	教本	6967
きょうぼう	凶暴	6711
きょうぼう	共謀	6936
きょうぼう	狂暴	7532
きょうみ	興味	4622
きょうみあり	興味あり	7306
きょうみかんしん	興味関心	7135
きょうみしんしん	興味津々	6355
きょうみない	興味ない	7263
きょうみぶか	興味深	7439
きょうみぶかい	興味深い	5725
きょうみぶかいないよう	興味深い内容	7547
きょうみぶかかっ	興味深かっ	6772
きょうみぶかく	興味深く	6593
きょうみほんい	興味本位	7107
きょうむ	教務	6996
きょうめい	共鳴	6245
きょうめん	鏡面	6774
きょうもと	京本	7169
きょうやく	協約	7284
きょうやく	共役	7382
きょうゆ	教諭	6114
きょうゆう	共有	4874
きょうゆうほうほう	共有方法	7134
きょうよ	供与	6631
きょうよう	教養	6024
きょうよう	共用	6104
きょうよう	強要	6270
きょうよう	供用	6891
きょうらく	享楽	7507
きょうらん	狂乱	6910
きょうり	郷里	7238
きょうりきこ	強力粉	6989
きょうりつ	共立	7248
きょうりゅう	恐竜	5809
きょうりゅう	キョウリュウ	7560
きょうりょう	橋梁	6401
きょうりょく	協力	4613
きょうりょく	強力	5248
きょうりょくかんけい	協力関係	7207
きょうりょくしゃ	協力者	7197
きょうりょくてき	協力的	7077
きょうれつ	強烈	5701
きょうわ	協和	7224
きょうわ	共和	7413
きょうわこく	共和国	6087
きょうわとう	共和党	6682
きょえい	虚栄	7457
きょか	許可	5038
きょかなく	許可なく	6809
きょかん	巨漢	7393
きょかん	居館	7420
きょがく	巨額	6725
きょがん	巨岩	7340
きょぎ	虚偽	6260
きょく	曲	4785
きょく	局	5102
きょく	極	6102
きょく	きょく	7134
きょくいん	局員	7062
きょくう	極右	7158
きょくげい	曲芸	7360
きょくげん	極限	6160
きょくざい	局在	7299
きょくしょ	局所	6324
きょくしょう	極小	7380
きょくしょてき	局所的	7126
きょくじつ	旭日	7137
きょくじゅん	曲順	7402
きょくせい	極性	6881
きょくせん	曲線	5917
きょくたん	極端	5642
きょくだ	曲だ	6621
きょくだい	極大	7267
きょくだっ	曲だっ	7167
きょくち	局地	6942
きょくち	極地	7286
きょくち	極致	7514
きょくちてき	局地的	7249
きょくちょう	局長	5929
きょくちょう	曲調	6574
きょくで	曲で	7211
きょくとう	極東	6855
きょくど	極度	6799
きょくな	曲な	6733
きょくない	局内	7502
きょくになっ	曲になっ	7375
きょくばん	局番	7224
きょくぶ	局部	7261
きょくめ	曲目	6847
きょくめい	曲名	6509
きょくめん	局面	6197
きょくめん	曲面	6779
きょくもく	曲目	6823
きょくりつ	曲率	7365
きょくりょく	極力	5975
きょくろん	極論	6939
きょけつ	虚血	7328
きょけつせい	虚血性	7249
きょげん	虚言	7168
きょこう	虚構	6848
きょこう	挙行	6935
きょさん	許さん	7209
きょし	鋸歯	7148
きょし	虚子	7376
きょしき	挙式	6234
きょしつ	居室	6653
きょしゅ	挙手	7103
きょしゅう	去就	7331
きょしゅつ	拠出	6579
きょしょ	居所	7254
きょしょう	巨匠	6450
きょしょくしょう	拒食症	7476
きょじゃく	虚弱	7080
きょじゅ	巨樹	7546
きょじゅう	居住	5654
きょじゅうしゃ	居住者	7347
きょじゅうち	居住地	7211
きょじょう	居城	6908
きょじょう	挙上	7313
きょじん	巨人	5573
きょじん	巨神	7443
きょじんぐん	巨人軍	7319
きょすう	虚数	7374
きょせい	去勢	6623
きょせき	巨石	7047
きょぜつ	拒絶	6252
きょぞう	虚像	7434
きょたい	巨体	6981
きょたく	居宅	6387
きょだい	巨大	5207
きょだく	許諾	6196
きょっかい	曲解	7529
きょてん	拠点	5135
きょとん	きょとん	7366
きょとん	キョトン	7386
きょどう	挙動	6015
きょにゅう	巨乳	6820
きょにんか	許認可	7026
きょねん	去年	5236
きょひ	拒否	5456
きょひはんのう	拒否反応	7539
きょへい	挙兵	7271
きょほう	巨峰	6826
きょぼく	巨木	6885
きょむ	虚無	6630
きょよう	許容	5851
きょようはんい	許容範囲	6934
きょり	距離	4725
きょりかん	距離感	6501
きょりてき	距離的	7404
きょりゅう	居留	7285
きょろ	キョロ	7544
きょろきょろ	キョロキョロ	6996
きょん	キョン	7354
きょんしー	キョンシー	7499
きよ	寄与	5773
きよ	清	6637
きよ	キヨ	6688
きよ	着よ	6907
きよ	きよ	7081
きよう	起用	5791
きよう	器用	6203
きよう	着よう	6907
きよう	紀要	7300
きようけん	崎陽軒	7457
きようさ	器用さ	7463
きよかわ	清川	7483
きよき	清き	7474
きよく	清く	7312
きよこ	聖子	7435
きよさと	清里	7349
きよし	清	6560
きよし	きよし	6818
きよし	聖	6856
きよし	潔	6867
きよし	圭	6929
きよし	淳	7189
きよし	浄	7200
きよし	廉	7317
きよしろう	清志郎	7444
きよせ	清瀬	7411
きよたか	清隆	7405
きよの	清野	7482
きよはら	清原	6622
きよはる	清春	7544
きよまさ	清正	7352
きよみ	清美	7332
きよみ	きよみ	7527
きよみず	清水	6812
きよみずでら	清水寺	6886
きよみや	清宮	7383
きよめ	清め	6814
きよめる	清める	7380
きよもり	清盛	7170
きよらか	清らか	6672
きよわ	気弱	7309
きら	切ら	5937
きら	キラ	6402
きら	きら	6494
きら	斬ら	7016
きら	吉良	7350
きらい	嫌い	5575
きらい	きらい	6907
きらい	キライ	7202
きらい	機雷	7331
きらう	嫌う	6408
きらきら	キラキラ	5536
きらきら	きらきら	6499
きらく	気楽	6044
きらさ	切らさ	7124
きらし	切らし	6743
きらっ	嫌っ	6440
きらっきら	キラッキラ	7479
きらびやか	きらびやか	6996
きらめき	きらめき	6785
きらめき	煌めき	6976
きらめく	きらめく	6857
きらめく	煌めく	6976
きらら	きらら	6768
きらら	キララ	7491
きらり	きらり	6911
きらり	キラリ	6913
きらりと	キラリと	7282
きらわ	嫌わ	5735
きらー	キラー	6192
きり	切り	5617
きり	きり	5765
きり	霧	5897
きり	キリ	6176
きり	切	6198
きり	桐	6562
きり	斬り	6927
きり	錐	7501
きりあげ	切り上げ	6784
きりあげる	切り上げる	7408
きりうり	切り売り	7478
きりおとさ	切り落とさ	7530
きりおとし	切り落とし	6425
きりおとす	切り落とす	7240
きりかえ	切り替え	5541
きりかえ	切替	6218
きりかえ	切替え	7048
きりかえ	切り換え	7485
きりかえ	切換	7526
きりかえし	切り返し	6981
きりかえび	切替日	7455
きりかえる	切り替える	5952
きりかき	切り欠き	7413
きりかぶ	切り株	7047
きりかわっ	切り替わっ	6777
きりかわり	切り替わり	6550
きりかわる	切り替わる	6580
きりがみね	霧ヶ峰	7473
きりきず	切り傷	7308
きりぎりす	キリギリス	7434
きりくち	切り口	6212
きりこ	キリコ	7082
きりこ	切子	7337
きりこみ	切り込み	6560
きりこむ	切り込む	7450
きりこん	切り込ん	7192
きりさい	切り裂い	7437
きりさき	切り裂き	7375
きりさく	切り裂く	7196
きりさめ	霧雨	7189
きりしたん	キリシタン	6829
きりしま	霧島	6698
きりしま	桐島	7385
きりすて	切り捨て	6776
きりすてる	切り捨てる	7028
きりすと	キリスト	5648
きりすときょう	キリスト教	6423
きりすときょうと	キリスト教徒	7057
きりたっ	切り立っ	7376
きりたに	桐谷	7114
きりたんぽ	きりたんぽ	7343
きりださ	切り出さ	7265
きりだし	切り出し	6357
きりだす	切り出す	6940
きりっ	キリッ	6649
きりっと	きりっと	7506
きりつ	規律	6545
きりつ	起立	6811
きりつめ	切り詰め	7368
きりづま	切妻	7306
きりと	キリト	6919
きりとっ	切り取っ	6265
きりとら	切り取ら	6973
きりとり	切り取り	6623
きりとる	切り取る	6825
きりぬい	切り抜い	7011
きりぬき	切り抜き	6636
きりぬく	切り抜く	7523
きりぬけ	切り抜け	7070
きりぬける	切り抜ける	7352
きりはなさ	切り離さ	6918
きりはなし	切り離し	6551
きりはなす	切り離す	7041
きりはなせ	切り離せ	7205
きりばこ	桐箱	7484
きりばな	切り花	6928
きりばな	切花	7460
きりばり	切り貼り	7418
きりひらい	切り開い	6721
きりひらい	切り拓い	7242
きりひらき	切り開き	7359
きりひらく	切り開く	6795
きりひらく	切り拓く	7083
きりふき	霧吹き	6920
きりふだ	切り札	6662
きりぼし	切り干し	6847
きりぼし	切干	7425
きりぼしだいこん	切り干し大根	7229
きりまんじゃろ	キリマンジャロ	7524
きりみ	切り身	6677
きりめ	切り目	7481
きりもどし	切り戻し	7034
きりもり	切り盛り	6869
きりゃ	きりゃ	6907
きりゃ	着りゃ	6907
きりゃ	切りゃ	6919
きりや	桐谷	7407
きりやま	桐山	7174
きりゅう	気流	6705
きりゅう	桐生	6809
きりゅういん	鬼龍院	7562
きりょう	器量	7389
きりょく	気力	6103
きりり	キリリ	7563
きりわけ	切り分け	6599
きりわける	切り分ける	7161
きりん	キリン	6357
きりん	麒麟	6670
きりん	きりん	6978
きりん	希林	7347
きりんびーる	キリンビール	7313
きる	切る	5374
きる	着る	5615
きる	きる	6301
きる	斬る	6839
きるあ	キルア	7110
きるぎす	キルギス	7255
きるてぃんぐ	キルティング	6909
きると	キルト	6683
きれ	きれ	5391
きれ	切れ	5591
きれ	布	5939
きれ	キレ	6346
きれ	着れ	6907
きれ	斬れ	7091
きれあじ	切れ味	6482
きれい	きれい	4951
きれい	キレイ	5269
きれい	綺麗	5432
きれい	奇麗	6886
きれいごと	綺麗事	7132
きれいさ	綺麗さ	7547
きれいすぎ	綺麗すぎ	7540
きれいめ	きれいめ	6630
きれいめ	キレイめ	6945
きれいめ	綺麗め	7225
きれきれ	キレキレ	7316
きれこみ	切れ込み	7291
きれそう	切れそう	7351
きれっきれ	キレッキレ	7258
きれつ	亀裂	6415
きれないか	きれないか	7473
きれなが	切れ長	7494
きれはし	切れ端	7058
きれめ	切れ目	6539
きれよ	きれよ	6907
きれよ	切れよ	6907
きれりゃ	きれりゃ	6907
きれりゃ	切れりゃ	6907
きれる	切れる	6011
きれる	キレる	6711
きれる	きれる	6719
きれれ	きれれ	6907
きれれ	切れれ	6907
きれろ	きれろ	6907
きれろ	切れろ	6907
きれん	きれん	6907
きれん	切れん	6907
きろ	キロ	5135
きろ	帰路	6585
きろ	きろ	6907
きろ	着ろ	6907
きろ	切ろ	6921
きろ	岐路	7158
きろかろりー	キロカロリー	7027
きろく	記録	4698
きろくてき	記録的	6971
きろぐらむ	キログラム	7021
きろにつき	帰路につき	7549
きろめーとる	キロメートル	6540
きろわっと	キロワット	7248
きわ	際	5997
きわ	キワ	7480
きわく	木枠	7104
きわだた	際立た	6548
きわだち	際立ち	6834
きわだっ	際立っ	6377
きわだつ	際立つ	6412
きわどい	際どい	7265
きわまりない	極まりない	6775
きわまる	極まる	7492
きわみ	極み	6507
きわむ	究	7549
きわめ	極め	6635
きわめつけ	極めつけ	7202
きわめて	極めて	5545
きわめて	きわめて	6433
きわめる	極める	6614
きをうしなっ	気を失っ	7489
きをくばっ	気を配っ	7041
きをくばり	気を配り	7038
きをくばる	気を配る	7099
きをつかい	気を使い	7097
きをつかい	気を遣い	7294
きをつかう	気を使う	6835
きをつかう	気を遣う	7013
きをつかっ	気を使っ	6567
きをつかっ	気を遣っ	6811
きをつかわ	気を使わ	7039
きをつかわ	気を遣わ	7125
きをつけ	気をつけ	5355
きをつけ	気を付け	5692
きをつけよ	気をつけよ	6948
きをつけよ	気を付けよ	7397
きをつけよう	気をつけよう	6950
きをつけよう	気を付けよう	7394
きをつける	気をつける	6274
きをつける	気を付ける	6593
きをつけれ	気をつけれ	7229
きをつけれ	気を付けれ	7542
きをつけろ	気をつけろ	7111
きをとられ	気を取られ	7064
きをぬか	気を抜か	7359
きをひきしめ	気を引き締め	7113
きん	金	5058
きん	菌	5540
きん	筋	5789
きん	きん	5986
きん	近	6083
きん	キン	6241
きん	均	6298
きん	禁	6476
きんい	近位	7566
きんいつ	均一	6164
きんいろ	金色	6410
きんうん	金運	6176
きんうんあっぷ	金運アップ	7559
きんえい	近影	7524
きんえん	禁煙	6039
きんえん	近縁	7148
きんか	金貨	6757
きんかい	近海	6813
きんかい	金塊	7098
きんかくじ	金閣寺	7124
きんかん	金管	7158
きんかん	金柑	7281
きんかんがっき	金管楽器	7479
きんがく	金額	4928
きんがくてき	金額的	7429
きんき	近畿	6078
きんき	禁忌	6689
きんきだいがく	近畿大学	6927
きんきちほう	近畿地方	7375
きんきゅう	緊急	5212
きんきゅうじ	緊急時	6759
きんきゅうじたい	緊急事態	6959
きんきゅうじたいせんげん	緊急事態宣言	6586
きんきゅうせい	緊急性	7128
きんきょう	近況	6312
きんきょうほうこく	近況報告	7315
きんきょり	近距離	6392
きんきん	キンキン	7041
きんぎょ	金魚	6020
きんぎょすくい	金魚すくい	7536
きんぎん	金銀	6818
きんぐ	キング	5906
きんぐおぶこんと	キングオブコント	7339
きんぐこんぐ	キングコング	7237
きんぐす	キングス	7452
きんぐだむ	キングダム	6852
きんぐだむはーつ	キングダムハーツ	7531
きんけつ	金欠	7091
きんけん	金券	6882
きんけん	近県	7492
きんげん	金言	7514
きんこ	金庫	6382
きんこ	金子	7127
きんこ	禁錮	7273
きんこう	近郊	6088
きんこう	均衡	6450
きんこう	金鉱	7557
きんこつ	筋骨	7554
きんさ	僅差	6880
きんさい	金彩	7494
きんさく	金策	6914
きんざん	金山	7372
きんし	禁止	4986
きんし	錦糸	6716
きんし	近視	6804
きんし	菌糸	7066
きんし	金糸	7523
きんしじこう	禁止事項	7336
きんしつ	均質	7291
きんしゅ	禁酒	6980
きんしゅ	筋腫	6982
きんしゅく	緊縮	7463
きんしょ	禁書	7065
きんしょう	金賞	6452
きんしょう	菌床	7495
きんしん	近親	6900
きんしん	謹慎	6988
きんじ	禁じ	6430
きんじ	近似	6686
きんじつ	近日	6335
きんじつちゅう	近日中	6760
きんじとう	金字塔	7073
きんじょ	近所	5305
きんじょう	金城	7278
きんじょづきあい	近所付き合い	7499
きんじょのひと	近所の人	7057
きんじる	禁じる	7380
きんじろう	金次郎	7443
きんせい	近世	6566
きんせい	金星	6850
きんせい	禁制	7218
きんせい	謹製	7353
きんせい	均整	7452
きんせつ	近接	6091
きんせつこうげき	近接攻撃	7514
きんせん	金銭	5747
きんせん	琴線	7505
きんせんい	筋繊維	7501
きんせんかんかく	金銭感覚	7414
きんせんてき	金銭的	6600
きんせんめん	金銭面	7124
きんぞく	金属	5206
きんぞく	勤続	6542
きんぞくあれるぎー	金属アレルギー	7365
きんぞくせい	金属製	7189
きんぞくねんすう	勤続年数	7197
きんたい	勤怠	6673
きんたいち	金田一	7168
きんたろう	金太郎	6987
きんだ	金田	7550
きんだい	近代	5650
きんだい	近大	7111
きんだいか	近代化	7358
きんだいち	金田一	7065
きんだいてき	近代的	6892
きんだん	禁断	6530
きんだんしょうじょう	禁断症状	7559
きんちゃく	巾着	6428
きんちょ	近著	7523
きんちょう	緊張	5070
きんちょうかん	緊張感	6229
きんつば	きんつば	7555
きんてつ	近鉄	6043
きんとう	均等	6421
きんとき	金時	6802
きんとれ	筋トレ	5641
きんとん	きんとん	6977
きんにく	筋肉	5108
きんにくしつ	筋肉質	6942
きんにくつう	筋肉痛	6325
きんにくまん	キン肉マン	6599
きんにくりょう	筋肉量	6941
きんねん	近年	5207
きんぱ	キンパ	7273
きんぱく	緊迫	6557
きんぱく	金箔	6675
きんぱくかん	緊迫感	7380
きんぱつ	金髪	6163
きんぴら	きんぴら	6687
きんぴん	金品	7113
きんぷり	キンプリ	6880
きんべん	勤勉	7084
きんぺん	近辺	6152
きんぼう	近傍	6862
きんぼし	金星	7139
きんまく	筋膜	6574
きんみつ	緊密	6769
きんみらいてき	近未来的	7325
きんむ	勤務	4903
きんむけいたい	勤務形態	7549
きんむさき	勤務先	6254
きんむじかん	勤務時間	6360
きんむち	勤務地	6582
きんむちゅう	勤務中	7386
きんめだる	金メダル	6111
きんめっき	金メッキ	7231
きんもくせい	金木犀	6934
きんもくせい	キンモクセイ	7272
きんもつ	禁物	6607
きんゆう	金融	5102
きんゆうきかん	金融機関	6268
きんゆうぎょう	金融業	7472
きんゆうぎょうかい	金融業界	7332
きんゆうしじょう	金融市場	7456
きんゆうしょうひん	金融商品	7295
きんゆうせいさく	金融政策	7440
きんゆうちょう	金融庁	7032
きんよう	金曜	6051
きんようび	金曜日	5621
きんよく	禁欲	7478
きんり	金利	5681
きんりょく	筋力	5963
きんりょくとれーにんぐ	筋力トレーニング	7310
きんりん	近隣	5596
きんりんじゅうみん	近隣住民	7171
きんるい	菌類	7187
きんろう	勤労	6719
きー	キー	4987
きー	Key	7206
きーう	キーウ	7406
きーえんす	キーエンス	7555
きーけーす	キーケース	7560
きーす	キース	6826
きーとん	キートン	7552
きーぱー	キーパー	6307
きーびじゅある	キービジュアル	6846
きーぷ	キープ	5679
きーほるだー	キーホルダー	5940
きーぼーど	キーボード	5596
きーぽいんと	キーポイント	7207
きーまかれー	キーマカレー	6962
きーまん	キーマン	6990
きーる	キール	7369
きーわーど	キーワード	5354
きーん	キーン	7059
ぎ	技	5658
ぎ	義	6324
ぎ	魏	6388
ぎ	儀	6462
ぎ	議	7062
ぎ	着	7133
ぎあ	ギア	5971
ぎあす	ギアス	7355
ぎあちぇんじ	ギアチェンジ	7500
ぎあぼっくす	ギアボックス	7371
ぎあん	議案	6399
ぎいん	議員	5271
ぎいん	議院	7454
ぎえんきん	義援金	6752
ぎおん	祇園	6689
ぎおん	擬音	7087
ぎおんまつり	祇園祭	6860
ぎかい	議会	5726
ぎが	ギガ	6654
ぎが	戯画	7300
ぎきょうだい	義兄弟	7504
ぎきょく	戯曲	6744
ぎぎ	疑義	6993
ぎく	ぎく	7388
ぎくしゃく	ギクシャク	7062
ぎけい	義兄	6837
ぎけつ	議決	6666
ぎけつけん	議決権	6700
ぎけん	技研	7103
ぎこう	技巧	6684
ぎこう	技工	6890
ぎこえ	聞こえ	6827
ぎこち	ぎこち	6938
ぎさ	ぎさ	7417
ぎさん	ぎさん	7506
ぎざ	ギザ	7266
ぎざぎざ	ギザギザ	6842
ぎし	技師	6382
ぎし	義姉	6667
ぎし	技士	6712
ぎし	岸	6839
ぎし	義歯	6858
ぎし	ぎし	7350
ぎし	義肢	7356
ぎしき	儀式	5913
ぎしぎし	ギシギシ	7549
ぎしゅ	義手	7260
ぎしんあんき	疑心暗鬼	7079
ぎじ	疑似	6382
ぎじ	擬似	6676
ぎじ	議事	6827
ぎじっか	義実家	7421
ぎじてき	擬似的	7399
ぎじどう	議事堂	6901
ぎじゅつ	技術	4291
ぎじゅつかいはつ	技術開発	7102
ぎじゅつかくしん	技術革新	6864
ぎじゅつしゃ	技術者	5992
ぎじゅつしょく	技術職	7420
ぎじゅつてき	技術的	6139
ぎじゅつめん	技術面	7118
ぎじゅつりょく	技術力	6461
ぎじょう	議場	7292
ぎじろく	議事録	6561
ぎじん	擬人	6566
ぎすぎす	ギスギス	7092
ぎせい	犠牲	5601
ぎせいしゃ	犠牲者	6995
ぎせき	議席	6685
ぎぜん	偽善	7052
ぎそう	偽装	6337
ぎそう	艤装	7376
ぎそく	義足	7005
ぎぞう	偽造	6487
ぎたい	擬態	6900
ぎたりすと	ギタリスト	6329
ぎたー	ギター	5241
ぎたーそろ	ギターソロ	7458
ぎだ	犠打	7414
ぎだい	議題	6607
ぎちょう	議長	6004
ぎっ	切っ	5803
ぎっくり	ギックリ	7295
ぎっくりごし	ぎっくり腰	6879
ぎっしり	ぎっしり	6537
ぎつね	ぎつね	7379
ぎてい	義弟	6999
ぎてい	議定	7217
ぎてき	技適	7499
ぎとぎと	ギトギト	7538
ぎにあ	ギニア	7561
ぎねす	ギネス	6722
ぎねん	疑念	6724
ぎのう	技能	5603
ぎのわん	宜野湾	7249
ぎひ	犠飛	7348
ぎふ	岐阜	6012
ぎふ	義父	6340
ぎふ	ぎふ	7118
ぎふけん	岐阜県	5939
ぎふし	岐阜市	7330
ぎふだいがく	岐阜大学	7512
ぎふてっど	ギフテッド	7333
ぎふと	ギフト	5454
ぎふとかーど	ギフトカード	6713
ぎふとけん	ギフト券	6757
ぎふとらっぴんぐ	ギフトラッピング	7384
ぎふぼ	義父母	7420
ぎぶ	ギブ	7493
ぎぶあっぷ	ギブアップ	7030
ぎぶす	ギブス	7438
ぎぶそん	ギブソン	7312
ぎぶつ	偽物	7344
ぎぷす	ギプス	7270
ぎほう	技法	5904
ぎぼ	義母	5974
ぎぼし	ギボシ	7461
ぎまい	義妹	6819
ぎまん	欺瞞	7151
ぎみ	気味	5563
ぎみ	ぎみ	6827
ぎみっく	ギミック	5984
ぎむ	義務	5315
ぎむかん	義務感	7537
ぎむきょういく	義務教育	6751
ぎむづけ	義務付け	6548
ぎむづけ	義務づけ	7129
ぎむづける	義務付ける	7348
ぎめい	偽名	7099
ぎもん	疑問	5072
ぎもんてん	疑問点	6873
ぎもんふ	疑問符	7158
ぎゃ	ぎゃ	7194
ぎゃ	ギャ	7507
ぎゃあ	ぎゃあ	7491
ぎゃく	逆	4781
ぎゃくぎれ	逆ギレ	6845
ぎゃくぎれ	逆切れ	7522
ぎゃくこうか	逆効果	6751
ぎゃくさつ	虐殺	6343
ぎゃくさん	逆算	6648
ぎゃくしゅう	逆襲	6588
ぎゃくじょう	逆上	7396
ぎゃくせつ	逆説	7060
ぎゃくせつてき	逆説的	7354
ぎゃくそう	逆走	6988
ぎゃくたい	虐待	5800
ぎゃくだ	逆だ	7262
ぎゃくてん	逆転	5555
ぎゃくてんがち	逆転勝ち	7255
ぎゃくてんしょうり	逆転勝利	7422
ぎゃくふう	逆風	7037
ぎゃくほうこう	逆方向	7037
ぎゃくもどり	逆戻り	7081
ぎゃくりゅう	逆流	6587
ぎゃぐ	ギャグ	5925
ぎゃざー	ギャザー	6798
ぎゃっきょう	逆境	6691
ぎゃっこう	逆行	6681
ぎゃっこう	逆光	6816
ぎゃっぷ	ギャップ	5614
ぎゃら	ギャラ	6496
ぎゃらくしー	ギャラクシー	7401
ぎゃらりー	ギャラリー	5641
ぎゃる	ギャル	6107
ぎゃるそね	ギャル曽根	7475
ぎゃるそん	ギャルソン	7551
ぎゃん	ギャン	7104
ぎゃんぐ	ギャング	6489
ぎゃんぶらー	ギャンブラー	7340
ぎゃんぶる	ギャンブル	6022
ぎゃーぎゃー	ギャーギャー	7337
ぎや	ギヤ	6576
ぎゅ	ぎゅ	6930
ぎゅ	ギュ	7319
ぎゅう	牛	5581
ぎゅうかく	牛角	7218
ぎゅうかわ	牛革	6851
ぎゅうぎゅう	ぎゅうぎゅう	7369
ぎゅうぎゅう	ギュウギュウ	7496
ぎゅうし	牛脂	7455
ぎゅうしゃ	牛舎	7272
ぎゅうすじ	牛すじ	7544
ぎゅうたん	牛タン	7220
ぎゅうどん	牛丼	6388
ぎゅうどんや	牛丼屋	7547
ぎゅうにく	牛肉	5852
ぎゅうにゅう	牛乳	5391
ぎゅうにゅうぱっく	牛乳パック	6765
ぎゅうひ	求肥	7302
ぎゅっ	ギュッ	6347
ぎゅっと	ぎゅっと	6323
ぎゆう	義勇	6847
ぎょ	魚	5767
ぎょ	ぎょ	6238
ぎょ	ギョ	7362
ぎょう	業	5419
ぎょう	行	5974
ぎょう	凝	7447
ぎょうかい	業界	4727
ぎょうかいがん	凝灰岩	7513
ぎょうかいぜんたい	業界全体	7214
ぎょうかいだんたい	業界団体	7563
ぎょうかいない	業界内	7148
ぎょうかく	仰角	7541
ぎょうかん	行間	6981
ぎょうき	行基	7530
ぎょうぎ	行儀	6814
ぎょうこ	凝固	6524
ぎょうこう	行幸	7267
ぎょうざ	餃子	5618
ぎょうざ	ぎょうざ	7090
ぎょうざいせい	行財政	7454
ぎょうし	凝視	6921
ぎょうしゃ	業者	4871
ぎょうしゅ	業種	5637
ぎょうしゅう	凝集	6855
ぎょうしゅく	凝縮	6094
ぎょうしょ	行書	7256
ぎょうしょう	行商	7063
ぎょうじ	行事	5365
ぎょうじゃ	行者	6885
ぎょうすう	行数	7011
ぎょうせい	行政	5197
ぎょうせいきかん	行政機関	7120
ぎょうせいしょし	行政書士	6916
ぎょうせき	業績	5573
ぎょうそう	形相	7225
ぎょうたい	業態	6361
ぎょうだ	行田	7177
ぎょうてん	仰天	6779
ぎょうほう	業法	6780
ぎょうむ	業務	4500
ぎょうむいたく	業務委託	7087
ぎょうむかいぜん	業務改善	7184
ぎょうむこうりつ	業務効率	7334
ぎょうむすーぱー	業務スーパー	7090
ぎょうむていけい	業務提携	7239
ぎょうむないよう	業務内容	6578
ぎょうむよう	業務用	6114
ぎょうむりょう	業務量	7290
ぎょうめ	行目	7225
ぎょうれつ	行列	5587
ぎょえい	魚影	7034
ぎょえん	御苑	6934
ぎょかい	魚介	5986
ぎょかいるい	魚介類	6460
ぎょかく	漁獲	6667
ぎょきょう	漁協	6711
ぎょぎょう	漁業	6009
ぎょく	玉	6170
ぎょくさい	玉砕	7224
ぎょくざ	玉座	6993
ぎょくろ	玉露	7364
ぎょぐ	漁具	7536
ぎょこう	漁港	6167
ぎょざ	御座	7194
ぎょしゅ	魚種	6843
ぎょしょう	魚醤	7347
ぎょしん	魚探	7336
ぎょじん	魚人	7322
ぎょせん	漁船	6567
ぎょそん	漁村	6950
ぎょたい	魚体	7330
ぎょたく	魚拓	7426
ぎょっ	ギョッ	7394
ぎょにく	魚肉	7037
ぎょば	漁場	7257
ぎょふ	漁夫	7483
ぎょふん	魚粉	7354
ぎょほう	漁法	7465
ぎょみん	漁民	7502
ぎょめい	御名	7308
ぎょらい	魚雷	6632
ぎょるい	魚類	6643
ぎょんす	ギョンス	7447
ぎょーざ	餃子	6770
ぎょーざ	ギョーザ	7098
ぎら	ギラ	7303
ぎら	切ら	7434
ぎらい	嫌い	5909
ぎらぎら	ギラギラ	6761
ぎらてぃな	ギラティナ	7542
ぎり	切り	5701
ぎり	義理	6205
ぎり	斬り	6744
ぎり	ギリ	6772
ぎり	ぎり	6952
ぎりぎり	ギリギリ	5557
ぎりぎり	ぎりぎり	6399
ぎりしあ	ギリシア	6568
ぎりしゃ	ギリシャ	5917
ぎりしゃご	ギリシャ語	7404
ぎりしゃしんわ	ギリシャ神話	7275
ぎりょう	技量	6498
ぎりょうしん	義両親	7221
ぎる	ギル	6760
ぎる	切る	6871
ぎるがめっしゅ	ギルガメッシュ	7263
ぎるど	ギルド	6008
ぎるばーと	ギルバート	7456
ぎれ	切れ	5607
ぎれい	儀礼	6784
ぎれん	議連	7484
ぎろ	切ろ	7463
ぎろう	切ろう	7458
ぎろちん	ギロチン	7223
ぎろん	議論	5244
ぎわ	際	6486
ぎわく	疑惑	5920
ぎん	銀	5725
ぎん	ぎん	6536
ぎん	吟	6852
ぎん	ギン	7023
ぎんいろ	銀色	6449
ぎんえん	銀塩	7519
ぎんか	銀貨	7130
ぎんかくじ	銀閣寺	7471
ぎんが	銀河	5962
ぎんが	ギンガ	7507
ぎんがけい	銀河系	7154
ぎんがてつどうのよる	銀河鉄道の夜	7497
ぎんがむ	ギンガム	7290
ぎんこう	銀行	5112
ぎんこういん	銀行員	6920
ぎんこうこうざ	銀行口座	6941
ぎんこうふりこみ	銀行振込	6659
ぎんざ	銀座	5550
ぎんざせん	銀座線	7207
ぎんざん	銀山	7041
ぎんしょう	銀賞	7086
ぎんじ	銀時	6829
ぎんじ	銀次	7416
ぎんじょう	吟醸	6365
ぎんたま	銀魂	6579
ぎんだこ	銀だこ	7383
ぎんなん	銀杏	7092
ぎんば	銀歯	7161
ぎんぱつ	銀髪	7106
ぎんみ	吟味	6464
ぎんめだる	銀メダル	6696
ぎんゆうしじん	吟遊詩人	7364
く	区	4664
く	く	5407
く	句	6174
く	苦	6242
くあらるんぷーる	クアラルンプール	6927
くい	食い	6144
くい	杭	6340
くい	喰い	6543
くい	くい	6663
くい	悔い	6752
くいあらため	悔い改め	7336
くいいる	食い入る	7378
くいき	区域	5676
くいこみ	食い込み	7201
くいこむ	食い込む	7207
くいこん	食い込ん	6974
くいしばり	食いしばり	7304
くいしんぼう	食いしん坊	6984
くいず	クイズ	5566
くいぞめ	食い初め	7261
くいちがい	食い違い	7549
くいちがっ	食い違っ	7551
くいっく	クイック	6149
くいつい	食いつい	7165
くいつき	食いつき	7284
くいつく	食いつく	7474
くいとめ	食い止め	7373
くいとめる	食い止める	7080
くいもの	食い物	7117
くいん	クイン	7095
くいーん	クイーン	6176
くいーんず	クイーンズ	7559
くぅ	くぅ	7022
くう	空	5518
くう	食う	6187
くう	くう	6851
くう	喰う	7140
くういき	空域	7340
くうぇーと	クウェート	7411
くうかい	空海	6730
くうかん	空間	4762
くうかんてき	空間的	7428
くうが	クウガ	7359
くうき	空気	4904
くうきあつ	空気圧	6482
くうきかん	空気感	6633
くうきちゅう	空気中	7007
くうきていこう	空気抵抗	7209
くうきょ	空虚	7239
くうぐん	空軍	6393
くうげき	空隙	7445
くうこう	空港	5127
くうこうせん	空港線	7344
くうこうない	空港内	7442
くうさつ	空撮	6891
くうしつ	空室	6586
くうしゅう	空襲	6403
くうしんさい	空芯菜	7488
くうじ	空自	7478
くうせき	空席	6493
くうせん	空戦	7500
くうぜん	空前	6990
くうそう	空想	6440
くうち	空地	7331
くうちゅう	空中	5792
くうちゅうせん	空中戦	7429
くうちょう	空調	6002
くうてい	空挺	7222
くうてん	空転	7341
くうどう	空洞	6469
くうはく	空白	6075
くうばく	空爆	6910
くうふく	空腹	6296
くうふくかん	空腹感	7495
くうふくじ	空腹時	7452
くうぼ	空母	6295
くうゆ	空輸	7231
くうらん	空欄	6707
くうりき	空力	7069
くうりょく	空力	7416
くうれい	空冷	6873
くうろ	空路	7488
くうろん	空論	7386
くえ	クエ	6392
くえ	食え	6981
くえすと	クエスト	5333
くえり	クエリ	6231
くえる	食える	6869
くえんさん	クエン酸	6516
くぉりてぃ	クォリティ	7540
くぉーく	クォーク	7336
くぉーたー	クォーター	6759
くぉーつ	クォーツ	7157
くぉーてーしょん	クォーテーション	7549
くお	くお	7318
くお	食お	7533
くおかーど	クオカード	7441
くおりてぃ	クオリティ	5628
くおりてぃー	クオリティー	6427
くおん	久遠	7323
くおーたー	クオーター	7361
くおーつ	クオーツ	7449
くかい	句会	7226
くかく	区画	5972
くかん	区間	5541
くが	陸	7470
くがつ	9月	4613
くがつ	九月	5113
くがつまつ	9月末	6866
くがつまつ	九月末	7366
くがやま	久我山	7452
くき	茎	5775
くき	久喜	7044
くき	くき	7415
くきょう	苦境	6808
くぎ	釘	6198
くぎ	くぎ	6940
くぎ	区議	7117
くぎ	クギ	7535
くぎざき	釘崎	7392
くぎっ	区切っ	6738
くぎづけ	釘付け	6732
くぎみや	釘宮	7527
くぎょう	苦行	6932
くぎら	区切ら	6820
くぎり	区切り	6527
くぎる	区切る	7022
くく	くく	7242
くくっ	くくっ	7159
くくっ	括っ	7343
くくり	括り	6728
くくり	くくり	6791
くくる	くくる	7291
くぐっ	くぐっ	6658
くぐつ	傀儡	7244
くぐら	くぐら	6980
くぐら	潜ら	7558
くぐり	くぐり	6704
くぐりぬけ	くぐり抜け	7243
くぐりぬけ	潜り抜け	7532
くぐる	くぐる	6697
くけい	矩形	7088
くげ	公家	6977
くげん	苦言	6824
くこ	クコ	7411
くさ	草	5220
くさ	くさ	6236
くさ	臭	6923
くさ	クサ	7299
くさい	臭い	5993
くさい	くさい	6825
くさか	日下	7553
くさかっ	くさかっ	6907
くさかっ	臭かっ	6907
くさかべ	日下部	7370
くさから	くさから	6907
くさから	臭から	6907
くさかり	草刈り	6406
くさかり	草刈	7134
くさかりき	草刈り機	7467
くさかれ	くさかれ	6907
くさかれ	臭かれ	6907
くさかろ	くさかろ	6907
くさかろ	臭かろ	6907
くさき	草木	6687
くさき	くさき	6907
くさき	臭き	6907
くさきゃ	くさきゃ	6907
くさきゃ	臭きゃ	6907
くさく	臭く	6560
くさく	くさく	6913
くさぐさ	種々	7454
くさけりゃ	くさけりゃ	6907
くさけりゃ	臭けりゃ	6907
くさけれ	くさけれ	6907
くさけれ	臭けれ	6907
くささ	臭さ	7138
くさじ	草地	7369
くさたけ	草丈	7099
くさっ	腐っ	6158
くさつ	草津	6597
くさとり	草取り	6972
くさなぎ	草薙	6925
くさなぎ	草彅	7217
くさなぎ	草なぎ	7219
くさの	草野	7016
くさのね	草の根	7161
くさはえ	草生え	7550
くさばな	草花	6470
くさび	楔	7190
くさび	くさび	7339
くさま	草間	7369
くさみ	臭み	6409
くさむしり	草むしり	7053
くさむら	草むら	6761
くさむら	叢	6807
くさやきゅう	草野球	7168
くさら	腐ら	6845
くさり	鎖	6100
くさり	腐り	6769
くさりば	鎖場	7366
くさる	腐る	6699
くされ	腐れ	6803
くされえん	腐れ縁	7511
くさわけ	草分け	7267
くし	駆使	5725
くし	串	6232
くし	クシ	6267
くし	くし	6284
くし	櫛	6854
くしあげ	串揚げ	7153
くしかつ	串カツ	6848
くしかつ	串かつ	7553
くしくも	奇しくも	6990
くしげ	匣	7535
くしざし	串刺し	7128
くしもと	串本	7435
くしゃ	クシャ	7454
くしゃくしゃ	くしゃくしゃ	7345
くしゃみ	くしゃみ	6544
くしやき	串焼き	6871
くしゅう	句集	7041
くしょう	苦笑	6019
くしろ	釧路	6239
くしん	苦心	7095
くしー	クシー	7364
くじ	くじ	5886
くじ	クジ	7023
くじ	久慈	7192
くじ	九時	7534
くじけ	くじけ	7366
くじけ	挫け	7470
くじびき	くじ引き	6801
くじゃく	孔雀	6973
くじゃく	クジャク	7341
くじゅう	苦渋	7133
くじゅう	九十	7258
くじゅう	くじゅう	7469
くじゅうくり	九十九里	7349
くじょ	駆除	5956
くじょう	苦情	5939
くじょう	九条	7136
くじら	クジラ	6334
くじら	鯨	6593
くじら	くじら	6717
くす	クス	5971
くす	くす	6651
くす	楠	7439
くすくす	クスクス	7426
くすくす	くすくす	7490
くすぐっ	くすぐっ	7531
くすぐったい	くすぐったい	7450
くすぐら	くすぐら	7203
くすぐり	くすぐり	7207
くすぐる	くすぐる	6751
くすこ	クスコ	7386
くすし	薬師	6957
くすだま	くす玉	7501
くすっ	クスッ	6973
くすのき	クスノキ	7174
くすのき	楠木	7195
くすのき	楠	7383
くすのき	くすのき	7455
くすぶっ	くすぶっ	7477
くすみ	くすみ	6147
くすもと	楠本	7507
くすり	薬	5463
くすり	くすり	6785
くすり	クスリ	6889
くすりや	薬屋	7138
くすりゆび	薬指	6630
くすん	くすん	6702
くず	クズ	6002
くず	くず	6727
くず	屑	6833
くず	葛	7004
くずさ	崩さ	6275
くずし	崩し	5836
くずし	くずし	7164
くずしやすい	崩しやすい	7247
くずす	崩す	6428
くずにし	葛西	7546
くずば	葛葉	7462
くずれ	崩れ	5663
くずれ	くずれ	7145
くずれ	崩	7172
くずれおち	崩れ落ち	7032
くずれおちる	崩れ落ちる	7415
くずれにくい	崩れにくい	7372
くずれやすい	崩れやすい	7346
くずれる	崩れる	6324
くせ	曲	5245
くせ	クセ	5671
くせ	くせ	5774
くせ	癖	5835
くせい	区政	7557
くせえ	臭え	6920
くせえ	くせえ	7254
くせげ	くせ毛	6654
くせげ	癖毛	7288
くせになっ	癖になっ	7333
くせになり	癖になり	7187
くせになる	癖になる	6806
くせもの	曲者	7194
くせん	苦戦	5859
くせー	くせー	7252
くぜ	久世	7506
くそ	クソ	5885
くそ	糞	6288
くそ	くそ	6310
くそう	臭う	6932
くそう	くそう	7002
くそげー	クソゲー	6864
くそやろう	クソ野郎	7313
くたくた	クタクタ	7034
くたくた	くたくた	7337
くたにやき	九谷焼	7310
くたびれ	くたびれ	6992
くたら	百済	7506
くだ	管	6536
くだ	くだ	6845
くだい	砕い	6622
くだい	くだい	7542
くだう	工藤	7287
くだか	砕か	7372
くだき	砕き	7143
くだく	砕く	7108
くだけ	砕け	6902
くだけ	くだけ	7381
くだける	砕ける	7517
くださ	くださ	5813
くださ	下さ	6550
ください	ください	3478
ください	下さい	5031
ください	クダサイ	6907
くださっ	くださっ	4997
くださっ	下さっ	6454
くださら	くださら	6907
くださり	くださり	5892
くださり	下さり	6772
くださりゃ	くださりゃ	6907
くださる	くださる	5399
くださる	下さる	6842
くだされ	くだされ	6907
くださろ	くださろ	6907
くださん	くださん	6907
くだし	下し	6188
くだす	下す	6495
くだっ	下っ	6120
くだっ	降っ	6251
くだもの	果物	5647
くだもの	くだもの	7139
くだら	降ら	6919
くだら	くだら	7350
くだらない	くだらない	6359
くだらない	下らない	7169
くだり	行	6257
くだり	下り	6335
くだり	くだり	6570
くだり	降り	6804
くだりざか	下り坂	6733
くだる	下る	6298
くだる	降る	6587
くだん	九段	6701
くだん	件	7089
くだん	くだん	7475
くち	口	4979
くち	くち	6583
くち	朽ち	6941
くち	クチ	7336
くちあたり	口当たり	6303
くちいっぱい	口いっぱい	6921
くちかず	口数	7481
くちがね	口金	7093
くちき	朽木	7519
くちく	駆逐	6322
くちくかん	駆逐艦	7324
くちぐせ	口癖	6608
くちぐち	口々	7093
くちげんか	口喧嘩	7523
くちこきゅう	口呼吸	7546
くちこみ	口コミ	4878
くちこみ	クチコミ	5931
くちこみさいと	口コミサイト	7084
くちさき	口先	7146
くちすう	口数	7104
くちずさみ	口ずさみ	7409
くちずさむ	口ずさむ	7434
くちずさん	口ずさん	7068
くちだし	口出し	6793
くちづけ	口づけ	7371
くちどけ	口溶け	7123
くちどめ	口止め	7407
くちなおし	口直し	7236
くちなし	クチナシ	7374
くちなわ	蛇	6669
くちはて	朽ち果て	7473
くちばし	くちばし	6862
くちばし	嘴	6897
くちばし	クチバシ	7296
くちばしっ	口走っ	7563
くちびる	唇	5678
くちびる	くちびる	7172
くちぶえ	口笛	7011
くちぶり	口ぶり	7490
くちべた	口下手	7517
くちべに	口紅	6648
くちまえ	口前	7401
くちまわり	口周り	7212
くちもと	口元	6185
くちやくそく	口約束	7477
くちょう	口調	6065
くちょう	区長	6586
くっ	食っ	5856
くっ	くっ	6607
くっ	喰っ	6911
くっかー	クッカー	7371
くっきょう	屈強	7139
くっきょく	屈曲	6710
くっきり	くっきり	6357
くっきり	クッキリ	7138
くっきんぐ	クッキング	6184
くっきんぐしーと	クッキングシート	6879
くっきー	クッキー	5378
くっきーきじ	クッキー生地	7499
くっきーじょうほう	クッキー情報	7538
くっく	クック	6402
くっくぱっど	クックパッド	7239
くっさく	掘削	6433
くっし	屈指	6132
くっし	屈し	7176
くっしょん	クッション	5633
くっしょんせい	クッション性	6735
くっしょんふぁんで	クッションファンデ	7547
くっしん	屈伸	7426
くっする	屈する	7461
くっせつ	屈折	6563
くっそ	クッソ	6890
くったく	屈託	7311
くっちゃん	倶知安	7380
くっつい	くっつい	6104
くっつか	くっつか	7041
くっつき	くっつき	6817
くっつく	くっつく	6675
くっつけ	くっつけ	6486
くっつける	くっつける	6970
くっぱ	クッパ	6860
くっぷく	屈服	7370
くつ	靴	5447
くつ	くつ	6673
くつ	屈	6949
くつう	苦痛	5929
くつがえさ	覆さ	7254
くつがえし	覆し	6922
くつがえす	覆す	6594
くつがえっ	覆っ	7168
くつした	靴下	5922
くつじょく	屈辱	6722
くつずれ	靴擦れ	7503
くつぞこ	靴底	6881
くつばこ	靴箱	7142
くつひも	靴紐	7101
くつや	靴屋	7304
くつろい	くつろい	6685
くつろい	寛い	7335
くつろぎ	くつろぎ	6404
くつろぎ	寛ぎ	6989
くつろぐ	くつろぐ	6738
くつろぐ	寛ぐ	7448
くつろげ	くつろげ	7276
くつろげる	くつろげる	6760
くつろげる	寛げる	7427
くてぃ	クティ	7384
くでん	口伝	7447
くとぅるふ	クトゥルフ	7009
くとう	苦闘	7403
くとうてん	句読点	7101
くど	くど	7552
くどい	くどい	7130
くどい	口説い	7394
くどう	駆動	5789
くどう	工藤	6136
くどう	宮藤	7476
くどう	くどう	7521
くどうかんくろう	宮藤官九郎	7512
くどき	口説き	7559
くどく	功徳	7079
くどく	くどく	7191
くどく	口説く	7508
くない	区内	6247
くない	宮内	7336
くないちょう	宮内庁	6816
くなん	苦難	6519
くに	国	4634
くに	くに	6292
くに	國	6466
くに	邦	6967
くに	クニ	7412
くにえだ	国枝	7545
くにお	邦夫	7452
くにお	くにお	7488
くにがわ	国側	7509
くにきだ	国木田	7431
くにくのさく	苦肉の策	7336
くにぐに	国々	6342
くにこ	邦子	7234
くにごと	国ごと	7369
くにざかい	国境	6669
くにじゅう	国中	7220
くにだ	国だ	7039
くにで	国で	7101
くにな	国な	7223
くになら	苦になら	7138
くになり	苦になり	7479
くにのきかん	国の機関	7122
くにのみやつこ	国造	7353
くにひこ	邦彦	7166
くにべつ	国別	6906
くにみ	国見	7102
くぬぎ	クヌギ	7168
くねくね	くねくね	7160
くねくね	クネクネ	7516
くの	久野	7425
くのう	苦悩	6227
くは	クハ	7157
くばっ	配っ	6403
くばら	配ら	6415
くばり	配り	6312
くばる	配る	6584
くひ	句碑	7273
くび	首	5132
くび	クビ	6259
くび	頸	6888
くびかざり	首飾り	7094
くびかた	首肩	7346
くびす	踵	7171
くびすじ	首筋	6866
くびつり	首吊り	7376
くびふり	首振り	7136
くびまわり	首周り	7047
くびもと	首元	6697
くびれ	くびれ	6652
くびわ	首輪	6555
くびをかしげ	首を傾げ	6928
くびをかしげる	首を傾げる	7191
くびをしめ	首を絞め	7354
くふう	工夫	5113
くふうしだい	工夫次第	7254
くぶん	区分	5641
くべ	くべ	7494
くべつ	区別	5642
くぼ	久保	6207
くぼ	凹	6755
くぼ	窪	7095
くぼう	公方	7564
くぼた	久保田	6515
くぼた	窪田	6762
くぼた	クボタ	7225
くぼづか	窪塚	7361
くぼみ	くぼみ	6726
くぼみ	窪み	7097
くま	くま	5658
くま	クマ	5760
くま	熊	5967
くま	組ま	6229
くま	阿	6404
くま	隈	7005
くま	球磨	7384
くまがい	熊谷	6833
くまがや	熊谷	7000
くまがわ	球磨川	7392
くまぐす	熊楠	7560
くまさん	くまさん	7451
くまたに	熊谷	7161
くまだ	熊田	7425
くまで	熊手	7345
くまの	熊野	6541
くまのこどう	熊野古道	7228
くまのじんじゃ	熊野神社	7212
くまのぷーさん	くまのプーさん	7357
くまもと	熊本	5506
くまもとけん	熊本県	6069
くまもとし	熊本市	7254
くまもとじしん	熊本地震	7223
くまもとじょう	熊本城	7521
くまもとだいがく	熊本大学	7382
くまもん	くまモン	7007
くまや	熊谷	7193
くまー	クマー	7357
くみ	組	5387
くみ	組み	5874
くみ	苦味	6318
くみ	汲み	6897
くみ	くみ	7020
くみ	久美	7347
くみあい	組合	5236
くみあいいん	組合員	6926
くみあげ	組み上げ	6899
くみあげ	汲み上げ	7437
くみあげる	組み上げる	7540
くみあわさ	組み合わさ	6973
くみあわせ	組み合わせ	5114
くみあわせ	組合せ	6603
くみあわせによっ	組み合わせによっ	7119
くみあわせにより	組み合わせにより	7537
くみあわせる	組み合わせる	5861
くみあわせれ	組み合わせれ	7077
くみいれ	組み入れ	7302
くみいん	組員	7048
くみかえ	組み換え	6774
くみかえ	組換	7094
くみかえ	組み替え	7223
くみかた	組み方	7001
くみきょく	組曲	6785
くみこ	久美子	6498
くみこ	組子	7485
くみこま	組み込ま	6216
くみこみ	組み込み	6551
くみこみ	組込み	7429
くみこむ	組み込む	6469
くみこん	組み込ん	6402
くみたて	組み立て	5909
くみたて	組立	6226
くみたて	組み立	6703
くみたて	組立て	7158
くみたてる	組み立てる	6448
くみちょう	組長	6658
くみつけ	組み付け	7007
くみとっ	汲み取っ	7154
くみとり	汲み取り	7187
くみとる	汲み取る	7544
くみなおし	組み直し	7388
くみはん	組版	7549
くみひも	組紐	7508
くみん	区民	6371
くみん	クミン	7112
くむ	組む	5914
くむ	汲む	7202
くむ	くむ	7465
くめ	組め	7069
くめ	久米	7215
くめる	組める	6832
くめん	工面	7323
くめーる	クメール	7493
くも	雲	5716
くも	蜘蛛	6301
くも	クモ	6486
くも	くも	6824
くも	組も	7458
くもう	組もう	7455
くもっ	曇っ	6502
くもつ	供物	7103
くものうえ	雲の上	6974
くものす	クモの巣	7347
くものす	蜘蛛の巣	7471
くもは	クモハ	7480
くもま	雲間	7565
くもまく	くも膜	7215
くもり	曇り	5979
くもり	くもり	6819
くもり	曇	7067
くもりぞら	曇り空	6594
くもる	曇る	7358
くもん	くもん	7378
くもん	苦悶	7409
くやくしょ	区役所	6384
くやし	悔し	6071
くやしい	悔しい	5797
くやしい	くやしい	7414
くやしいおもい	悔しい思い	7019
くやしいきもち	悔しい気持ち	7268
くやしいけっか	悔しい結果	7287
くやしかっ	悔しかっ	6717
くやしく	悔しく	6608
くやしさ	悔しさ	6259
くやしそう	悔しそう	7518
くやしなみだ	悔し涙	7368
くやま	悔やま	6920
くやみ	悔やみ	7544
くやむ	悔やむ	7430
くやん	悔やん	7119
くよう	供養	5922
くよくよ	くよくよ	7565
くら	クラ	5597
くら	蔵	6050
くら	くら	6245
くら	暗	6480
くら	倉	6812
くら	鞍	6866
くら	藏	7535
くらい	くらい	4041
くらい	暗い	5563
くらい	位	5689
くらい	喰らい	7017
くらい	食らい	7062
くらい	クライ	7298
くらいあんと	クライアント	5395
くらいいろ	暗い色	7296
くらいえんと	クライエント	7262
くらいしす	クライシス	7257
くらいすらー	クライスラー	7451
くらいつい	食らいつい	7335
くらいばしょ	暗い場所	7093
くらいへや	暗い部屋	7430
くらいまっくす	クライマックス	6199
くらいまー	クライマー	7184
くらいみんぐ	クライミング	6512
くらう	食らう	6723
くらう	喰らう	6872
くらう	くらう	7249
くらうす	クラウス	7186
くらうど	クラウド	5759
くらうどさーびす	クラウドサービス	7289
くらうどすとれーじ	クラウドストレージ	7387
くらうどそーしんぐ	クラウドソーシング	7175
くらうどふぁんでぃんぐ	クラウドファンディング	6145
くらうどべーす	クラウドベース	7384
くらうどわーくす	クラウドワークス	7218
くらうん	クラウン	6483
くらかっ	暗かっ	7251
くらがり	暗がり	7233
くらき	倉木	7533
くらく	暗く	5788
くらく	苦楽	7215
くらくしょん	クラクション	6999
くらくら	クラクラ	7246
くらげ	クラゲ	6399
くらげ	くらげ	7001
くらげ	海月	7459
くらさ	暗さ	7295
くらし	暮らし	5219
くらし	くらし	6300
くらし	暮し	7384
くらしかる	クラシカル	6424
くらしき	倉敷	6421
くらしきし	倉敷市	7553
くらした	暮らした	6837
くらしっく	クラシック	5565
くらしっくおんがく	クラシック音楽	7119
くらしな	倉科	7485
くらしやすい	暮らしやすい	7048
くらす	クラス	4758
くらす	暮らす	5599
くらす	くらす	7411
くらすごと	クラスごと	7414
くらすた	クラスタ	6106
くらすたりんぐ	クラスタリング	7369
くらすたー	クラスター	6271
くらすと	クラスト	7561
くらすめいと	クラスメイト	6323
くらすめーと	クラスメート	6911
くらずし	くら寿司	6911
くらせ	暮らせ	7108
くらせる	暮らせる	6340
くらそ	暮らそ	7433
くらそう	暮らそう	7433
くらた	倉田	7123
くらだ	倉田	7424
くらだし	蔵出し	7305
くらっ	食らっ	6478
くらっ	くらっ	6855
くらっ	喰らっ	6871
くらっかー	クラッカー	6745
くらっく	クラック	6578
くらっしっく	クラッシック	7137
くらっしゃー	クラッシャー	7259
くらっしゅ	クラッシュ	6241
くらった	食らった	6966
くらった	くらった	7368
くらった	喰らった	7395
くらっち	クラッチ	6021
くらのすけ	蔵之介	7380
くらふぁん	クラファン	6896
くらふと	クラフト	5547
くらふとびーる	クラフトビール	6920
くらふとまんしっぷ	クラフトマンシップ	7503
くらぶ	クラブ	4925
くらぶ	倶楽部	6001
くらぶ	くらぶ	6907
くらぶかつどう	クラブ活動	7234
くらぶちーむ	クラブチーム	7312
くらぶはうす	クラブハウス	6879
くらぷとん	クラプトン	7311
くらべ	比べ	4834
くらべ	くらべ	6598
くらべ	較べ	7468
くらべもの	比べ物	6859
くらべもの	比べもの	7317
くらべる	比べる	5305
くらべる	くらべる	7442
くらべれ	比べれ	6260
くらまえ	蔵前	7391
くらまし	くらまし	7479
くらみ	くらみ	7325
くらみじあ	クラミジア	7465
くらむちゃうだー	クラムチャウダー	7471
くらめ	暗め	6756
くらもち	倉持	7138
くらもと	蔵元	6867
くらもと	倉本	7133
くらやみ	暗闇	6098
くらよし	倉吉	7417
くらら	クララ	7117
くらら	くらら	7533
くらりねっと	クラリネット	6700
くらわ	喰らわ	7493
くらん	クラン	7046
くらんく	クランク	6188
くらんくいん	クランクイン	7181
くらんち	クランチ	7013
くらんぷ	クランプ	6774
くらんべりー	クランベリー	7050
くらーく	クラーク	6845
くらーけん	クラーケン	7527
くり	栗	5676
くり	クリ	5893
くり	くり	6032
くり	繰り	7187
くり	繰	7520
くりあ	クリア	4839
くりあげ	繰り上げ	6849
くりあご	クリア後	7075
くりあぱーつ	クリアパーツ	7464
くりあふぁいる	クリアファイル	6740
くりあらんす	クリアランス	6766
くりあー	クリアー	6626
くりえいしょん	クリエイション	7238
くりえいたー	クリエイター	5717
くりえいてぃびてぃ	クリエイティビティ	7151
くりえいてぃぶ	クリエイティブ	5951
くりえーしょん	クリエーション	7555
くりえーたー	クリエーター	6849
くりかえさ	繰り返さ	6114
くりかえし	繰り返し	5035
くりかえし	くりかえし	7285
くりかえし	くり返し	7325
くりかえし	繰返し	7493
くりかえしになり	繰り返しになり	7277
くりかえす	繰り返す	5577
くりかえす	くり返す	7553
くりかえせ	繰り返せ	7245
くりから	倶利伽羅	7318
くりきんとん	栗きんとん	7515
くりけっと	クリケット	7266
くりこし	繰越	7078
くりしゅな	クリシュナ	7557
くりす	クリス	6199
くりすた	クリスタ	7078
くりすたる	クリスタル	5997
くりすちゃん	クリスチャン	6599
くりすてぃ	クリスティ	7380
くりすてぃーな	クリスティーナ	7492
くりすてる	クリステル	7483
くりすとふぁー	クリストファー	7108
くりすぴー	クリスピー	7503
くりすます	クリスマス	5212
くりすます	Xmas	6285
くりすますいぶ	クリスマスイブ	7033
くりすますかい	クリスマス会	7349
くりすますかーど	クリスマスカード	7459
くりすますけーき	クリスマスケーキ	7387
くりすますしーずん	クリスマスシーズン	7534
くりすますつりー	クリスマスツリー	6598
くりすますぷれぜんと	クリスマスプレゼント	7082
くりた	栗田	7077
くりださ	繰り出さ	7093
くりだし	繰り出し	6562
くりだす	繰り出す	6582
くりっく	クリック	4620
くりっくぽすと	クリックポスト	7418
くりっぴんぐ	クリッピング	7459
くりっぷ	クリップ	5778
くりっぷぼーど	クリップボード	7146
くりつ	区立	6608
くりてぃかる	クリティカル	6165
くりにっく	クリニック	5308
くりぬい	くり抜い	7187
くりぬい	くりぬい	7522
くりぬき	くり抜き	7492
くりのべ	繰り延べ	7541
くりはら	栗原	6747
くりばやし	栗林	7154
くりばら	栗原	7080
くりひろげ	繰り広げ	6053
くりひろげる	繰り広げる	6309
くりぷと	クリプト	7527
くりみあ	クリミア	7315
くりゃ	くりゃ	6907
くりゃ	来りゃ	6907
くりや	厨	6746
くりやま	栗山	6980
くりやー	クリヤー	7418
くりょ	苦慮	7107
くりんと	クリント	7483
くりんとん	クリントン	7090
くりーく	クリーク	7126
くりーちゃー	クリーチャー	5909
くりーと	クリート	7554
くりーなー	クリーナー	6237
くりーにんぐ	クリーニング	5614
くりーぷ	クリープ	7320
くりーみー	クリーミー	6463
くりーむ	クリーム	5166
くりーむいろ	クリーム色	7550
くりーむそーだ	クリームソーダ	7404
くりーむちーず	クリームチーズ	6256
くりーむぱん	クリームパン	7524
くりーん	クリーン	5845
くりーんあっぷ	クリーンアップ	6991
くる	くる	4167
くる	来る	4860
くる	クル	6754
くる	久留	6983
くるい	狂い	6757
くるう	狂う	6892
くるくる	くるくる	6251
くるくる	クルクル	6602
くるし	苦し	6617
くるしい	苦しい	5693
くるしいじょうきょう	苦しい状況	7338
くるしいてんかい	苦しい展開	7439
くるしかっ	苦しかっ	6758
くるしく	苦しく	6171
くるしさ	苦しさ	6992
くるしそう	苦しそう	7069
くるしま	苦しま	7182
くるしみ	苦しみ	6123
くるしむ	苦しむ	6163
くるしめ	苦しめ	6735
くるしめる	苦しめる	6991
くるしん	苦しん	5982
くるす	来栖	7425
くるす	クルス	7514
くるっ	狂っ	6116
くるっ	くるっ	6945
くるっと	くるっと	7513
くるど	クルド	6974
くるぶし	くるぶし	6959
くるま	車	4740
くるま	クルマ	5441
くるま	くるま	6804
くるま	包ま	7125
くるまいす	車椅子	6062
くるまいす	車いす	6123
くるまえび	車海老	7463
くるまだ	車だ	7092
くるまだい	車代	7530
くるまで	車で	7333
くるまどめ	車止め	7256
くるまや	車屋	7092
くるまよい	車酔い	7490
くるみ	くるみ	6367
くるみ	包み	6409
くるみ	クルミ	6599
くるみ	胡桃	6867
くるみこま	包み込ま	7333
くるみこみ	包み込み	7260
くるみこん	包み込ん	6779
くるめ	久留米	6700
くるり	くるり	6641
くるりん	くるりん	7357
くるる	クルル	7494
くるわ	郭	7207
くるわさ	狂わさ	7497
くるわせ	狂わせ	7345
くるわせる	狂わせる	7521
くるん	くるん	6578
くるん	包ん	7345
くるー	クルー	6204
くるーうぇる	クルーウェル	7563
くるーざー	クルーザー	6654
くるーじんぐ	クルージング	7035
くるーず	クルーズ	5948
くるーずせん	クルーズ船	7475
くれ	くれ	3938
くれ	呉	6654
くれ	来れ	6657
くれ	暮れ	6823
くれ	暮	6997
くれあ	クレア	6606
くれい	クレイ	6630
くれいぐ	クレイグ	7326
くれいじー	クレイジー	6970
くれおす	クレオス	7537
くれおぱとら	クレオパトラ	7193
くれぐれも	くれぐれも	6263
くれし	呉市	7144
くれじっと	クレジット	5884
くれじっとかーど	クレジットカード	5493
くれじっとかーどがいしゃ	クレジットカード会社	7547
くれそん	クレソン	7203
くれた	クレタ	7491
くれない	紅	6326
くればー	クレバー	7508
くれぱす	クレパス	7497
くれまちす	クレマチス	7133
くれめんす	クレメンス	7508
くれよ	くれよ	6907
くれよ	呉れよ	7075
くれよう	呉れよう	7100
くれよん	クレヨン	6695
くれよんしんちゃん	クレヨンしんちゃん	6592
くれりゃ	くれりゃ	6907
くれる	くれる	4245
くれる	暮れる	7077
くれれ	くれれ	5997
くれろ	くれろ	6907
くれんざー	クレンザー	7476
くれんじんぐ	クレンジング	6433
くれー	クレー	6944
くれーたー	クレーター	6971
くれーと	クレート	7183
くれーぷ	クレープ	6113
くれーまー	クレーマー	6925
くれーむ	クレーム	5813
くれーん	クレーン	6338
くれーんげーむ	クレーンゲーム	7440
くろ	黒	4840
くろ	クロ	5529
くろ	くろ	6367
くろあちあ	クロアチア	6728
くろい	黒い	5445
くろい	くろい	7404
くろい	黒井	7474
くろいかげ	黒い影	7431
くろいさばく	黒い砂漠	7516
くろいし	黒石	7460
くろいふく	黒い服	7455
くろいぶぶん	黒い部分	7181
くろいろ	黒色	6541
くろいわ	黒岩	7040
くろう	苦労	5274
くろう	九郎	6865
くろう	クロウ	6918
くろうと	玄人	6958
くろうど	蔵人	7311
くろうにん	苦労人	7354
くろえ	クロエ	6828
くろお	黒尾	6914
くろかび	黒カビ	7423
くろかみ	黒髪	6155
くろかわ	黒川	6652
くろがね	黒鉄	7502
くろがわ	黒川	7000
くろき	黒木	6677
くろき	黒き	7316
くろきはる	黒木華	7555
くろぎ	黒木	7218
くろく	黒く	6073
くろげ	黒毛	6555
くろげわぎゅう	黒毛和牛	7435
くろこ	黒子	6857
くろこ	クロコ	7547
くろこしょう	黒胡椒	7088
くろこしょう	黒こしょう	7210
くろこだいる	クロコダイル	7020
くろごま	黒ごま	7459
くろごめ	黒米	7349
くろさき	黒崎	6869
くろさわ	黒澤	6763
くろさわ	黒沢	6864
くろざとう	黒砂糖	7328
くろざわ	黒沢	7340
くろしお	黒潮	6935
くろしお	くろしお	7268
くろしま	黒島	7299
くろじ	黒字	6388
くろじ	黒地	7200
くろじま	黒島	7561
くろす	クロス	5440
くろすおーばー	クロスオーバー	6504
くろすかんとりー	クロスカントリー	7204
くろすばいく	クロスバイク	7219
くろすぼう	クロスボウ	7535
くろすわーど	クロスワード	7473
くろず	黒酢	6782
くろずみ	黒ずみ	6893
くろずん	黒ずん	7090
くろせ	黒瀬	7297
くろぞめ	黒染め	7314
くろた	黒田	6884
くろだ	黒田	6597
くろだい	クロダイ	7146
くろだい	黒鯛	7508
くろっきー	クロッキー	7469
くろっく	クロック	6271
くろっくす	クロックス	7536
くろっぷ	クロップ	7198
くろっぽい	黒っぽい	6885
くろっぽく	黒っぽく	7313
くろにくる	クロニクル	7097
くろぬり	黒塗り	7363
くろねこ	黒猫	6450
くろねこやまと	クロネコヤマト	7240
くろのぐらふ	クロノグラフ	7181
くろのす	クロノス	7240
くろのそしき	黒の組織	7377
くろひげ	黒ひげ	7480
くろふく	黒服	7239
くろふね	黒船	7190
くろぶた	黒豚	7048
くろべ	黒部	6930
くろべだむ	黒部ダム	7454
くろぼし	黒星	7004
くろまく	黒幕	6570
くろまぐろ	クロマグロ	7466
くろまめ	黒豆	6616
くろみつ	黒蜜	6864
くろむ	クロム	6676
くろむはーつ	クロムハーツ	7419
くろめ	黒目	6842
くろもじ	黒文字	7523
くろもり	クロモリ	7455
くろやなぎ	黒柳	7073
くろれきし	黒歴史	7245
くろろ	クロロ	7381
くろろふぃる	クロロフィル	7543
くろわっさん	クロワッサン	6383
くろーく	クローク	7054
くろーざー	クローザー	7400
くろーじんぐ	クロージング	7250
くろーず	クローズ	6368
くろーずあっぷ	クローズアップ	6460
くろーずど	クローズド	6812
くろーぜっと	クローゼット	6191
くろーど	クロード	6999
くろーば	クローバ	6944
くろーばー	クローバー	6549
くろーぶ	クローブ	7292
くろーむ	クローム	6806
くろーらー	クローラー	7283
くろーる	クロール	6883
くろーん	クローン	6355
くわ	食わ	6173
くわ	くわ	6740
くわ	桑	6747
くわ	クワ	6866
くわ	喰わ	6888
くわ	鍬	7161
くわえ	加え	4592
くわえ	くわえ	6407
くわえ	咥え	6930
くわえる	加える	5556
くわえれ	加えれ	7250
くわがた	クワガタ	6551
くわけ	区分け	7136
くわし	詳し	7484
くわしい	詳しい	5161
くわしい	くわしい	7254
くわしいかいせつ	詳しい解説	7120
くわしいぎょうせき	詳しい業績	6847
くわしいじょうほう	詳しい情報	6397
くわしいせつめい	詳しい説明	6767
くわしいつくりかた	詳しい作り方	7514
くわしいないよう	詳しい内容	6594
くわしいはなし	詳しい話	7419
くわしいひと	詳しい人	6850
くわしいぷろふぃーる	詳しいプロフィール	7157
くわしいれしぴ	詳しいレシピ	7403
くわしく	詳しく	4675
くわしく	くわしく	6601
くわずぎらい	食わず嫌い	7347
くわせ	食わせ	7239
くわた	桑田	7043
くわだ	桑田	7162
くわだて	企て	7078
くわだてる	企てる	7542
くわな	桑名	6925
くわの	桑野	7519
くわはら	桑原	7267
くわばら	桑原	7089
くわわっ	加わっ	5904
くわわら	加わら	7559
くわわり	加わり	5938
くわわる	加わる	6127
くん	組ん	5521
くん	くん	5603
くん	君	6056
くん	汲ん	6825
くん	訓	6899
くん	来ん	6909
くん	クン	7161
くん	勲	7289
くんくん	クンクン	7451
くんし	君子	7142
くんしゅ	君主	6561
くんしょう	勲章	6451
くんじ	訓示	7486
くんせい	燻製	6434
くんよみ	訓読み	7142
くんりん	君臨	6490
くんれい	訓令	6863
くんれん	訓練	5149
くー	クー	7394
くーでたー	クーデター	6721
くーぱー	クーパー	6994
くーぷ	クープ	7509
くーぺ	クーペ	6689
くーぽん	クーポン	5468
くーぽんこーど	クーポンコード	7420
くーら	クーラ	6520
くーらんと	クーラント	7104
くーらー	クーラー	6116
くーらーぼっくす	クーラーボックス	6894
くーりんぐおふ	クーリングオフ	7229
くーる	クール	5574
くーるたいむ	クールタイム	6990
くーるだうん	クールダウン	6921
くーるびず	クールビズ	7347
くーるびん	クール便	7432
ぐ	具	5890
ぐ	愚	6957
ぐあい	具合	5491
ぐあてまら	グアテマラ	7218
ぐあむ	グアム	6417
ぐい	食い	6310
ぐい	ぐい	7461
ぐいぐい	グイグイ	6706
ぐいぐい	ぐいぐい	6973
ぐいっ	グイッ	7488
ぐいっと	ぐいっと	7561
ぐう	ぐう	7013
ぐう	遇	7520
ぐうじ	宮司	6848
ぐうすう	偶数	6649
ぐうぜん	偶然	5525
ぐうぜんみつけ	偶然見つけ	7317
ぐうぞう	偶像	6992
ぐうはつ	偶発	6970
ぐうはつてき	偶発的	7300
ぐうわ	寓話	7252
ぐえる	グエル	7448
ぐく	グク	6827
ぐぐっ	ググっ	6457
ぐぐる	ググる	7208
ぐぐれ	ググれ	7511
ぐげん	具現	6401
ぐこう	愚行	7517
ぐさ	ぐさ	7518
ぐざい	具材	5722
ぐし	ぐし	7156
ぐしけん	具志堅	7546
ぐしゃ	愚者	7285
ぐしょう	具象	7319
ぐじょう	郡上	7146
ぐす	ぐす	7101
ぐすく	城	5814
ぐすたふ	グスタフ	7421
ぐすり	薬	5710
ぐずぐず	グズグズ	7288
ぐずぐず	ぐずぐず	7393
ぐずっ	ぐずっ	7477
ぐせ	ぐせ	7329
ぐせ	グセ	7331
ぐそく	具足	7433
ぐたい	具体	4793
ぐたいせい	具体性	7419
ぐたいてき	具体的	4953
ぐたいれい	具体例	6381
ぐだ	ぐだ	7244
ぐだくさん	具だくさん	6927
ぐだくさん	具沢山	6985
ぐだぐだ	グダグダ	6929
ぐち	口	5721
ぐち	愚痴	6021
ぐち	ぐち	6204
ぐち	グチ	6829
ぐちっ	愚痴っ	7076
ぐちゃぐちゃ	ぐちゃぐちゃ	6780
ぐちゃぐちゃ	グチャグチャ	7237
ぐちょく	愚直	7152
ぐちる	愚痴る	7476
ぐっ	グッ	5917
ぐっすり	ぐっすり	6524
ぐっず	グッズ	5006
ぐったり	ぐったり	6795
ぐったり	グッタリ	7531
ぐっち	グッチ	6850
ぐっと	ぐっと	6119
ぐっど	グッド	6172
ぐっぴー	グッピー	7251
ぐつ	靴	5673
ぐつぐつ	グツグツ	7299
ぐつぐつ	ぐつぐつ	7429
ぐび	具備	7408
ぐふ	グフ	7500
ぐほう	弘法	7511
ぐま	グマ	7516
ぐみ	組	5399
ぐみ	グミ	6257
ぐみ	ぐみ	6644
ぐら	グラ	6207
ぐら	ぐら	7244
ぐらい	ぐらい	4671
ぐらい	位	6718
ぐらいだー	グライダー	7102
ぐらいんだー	グラインダー	7123
ぐらうんど	グラウンド	5815
ぐらぐら	グラグラ	6952
ぐらぐら	ぐらぐら	7366
ぐらさん	グラサン	7517
ぐらし	暮らし	6067
ぐらし	ぐらし	6624
ぐらす	グラス	5535
ぐらすごー	グラスゴー	7516
ぐらたん	グラタン	6400
ぐらでーしょん	グラデーション	6021
ぐらなだ	グラナダ	7397
ぐらにゅーとう	グラニュー糖	7217
ぐらのーら	グラノーラ	7008
ぐらはむ	グラハム	7228
ぐらばー	グラバー	7485
ぐらびあ	グラビア	6148
ぐらびああいどる	グラビアアイドル	7506
ぐらふ	グラフ	5496
ぐらふぃかる	グラフィカル	7308
ぐらふぃっく	グラフィック	5732
ぐらふぃっくす	グラフィックス	6596
ぐらふぃっくでざいなー	グラフィックデザイナー	7012
ぐらふぃっくでざいん	グラフィックデザイン	7330
ぐらふぃてぃ	グラフィティ	7438
ぐらふぇん	グラフェン	7353
ぐらぶ	グラブ	6493
ぐらぶる	グラブル	6991
ぐらべる	グラベル	7424
ぐらまらす	グラマラス	7548
ぐらみー	グラミー	6927
ぐらむ	グラム	6208
ぐらん	グラン	7277
ぐらんじ	グランジ	7473
ぐらんつーりすも	グランツーリスモ	7341
ぐらんで	グランデ	7486
ぐらんと	グラント	7130
ぐらんど	グランド	5632
ぐらんどおーぷん	グランドオープン	7352
ぐらんどきゃにおん	グランドキャニオン	7521
ぐらんどぴあの	グランドピアノ	7461
ぐらんぱす	グランパス	7047
ぐらんぴんぐ	グランピング	6755
ぐらんふろんと	グランフロント	7396
ぐらんぷり	グランプリ	5830
ぐり	ぐり	7014
ぐり	グリ	7091
ぐりぐり	グリグリ	7106
ぐりぐり	ぐりぐり	7561
ぐりこ	グリコ	7015
ぐりこーげん	グリコーゲン	7440
ぐりす	グリス	6339
ぐりせりん	グリセリン	7098
ぐりったー	グリッター	7180
ぐりっち	グリッチ	7481
ぐりっど	グリッド	6260
ぐりっぷ	グリップ	5770
ぐりふ	グリフ	7539
ぐりふぃす	グリフィス	7498
ぐりふぃん	グリフィン	7413
ぐりふぉん	グリフォン	7424
ぐりむ	グリム	6825
ぐりる	グリル	5922
ぐりんぴーす	グリンピース	7449
ぐりー	グリー	7126
ぐりーす	グリース	7130
ぐりーてぃんぐ	グリーティング	7061
ぐりーてぃんぐかーど	グリーティングカード	7514
ぐりーん	グリーン	5207
ぐりーんしゃ	グリーン車	6782
ぐりーんぴーす	グリーンピース	7206
ぐりーんらんど	グリーンランド	7250
ぐる	ぐる	6484
ぐる	グル	6501
ぐるぐる	ぐるぐる	6111
ぐるぐる	グルグル	6594
ぐるこーす	グルコース	7070
ぐるし	苦し	7084
ぐるじあ	グルジア	7503
ぐるたちおん	グルタチオン	7521
ぐるたみんさん	グルタミン酸	7133
ぐるっと	ぐるっと	6570
ぐるてん	グルテン	6410
ぐるてんふりー	グルテンフリー	7175
ぐるなび	ぐるなび	7220
ぐるみ	ぐるみ	6137
ぐるめ	グルメ	5429
ぐるめも	グルメも	7307
ぐるり	ぐるり	6638
ぐるー	グルー	7111
ぐるーがん	グルーガン	7447
ぐるーぴんぐ	グルーピング	7425
ぐるーぶ	グルーブ	7483
ぐるーぷ	グループ	4541
ぐるーぷがいしゃ	グループ会社	7322
ぐるーぷごと	グループごと	7134
ぐるーぷてん	グループ展	7562
ぐるーぷほーむ	グループホーム	6525
ぐるーぷれっすん	グループレッスン	7450
ぐるーぷわーく	グループワーク	6944
ぐるーみんぐ	グルーミング	7358
ぐるーゔ	グルーヴ	6843
ぐれ	グレ	6366
ぐれ	ぐれ	7195
ぐれい	グレイ	6520
ぐれえ	黒え	6919
ぐれごりお	グレゴリオ	7451
ぐれねーど	グレネード	7233
ぐれん	紅蓮	6820
ぐれん	グレン	6926
ぐれー	グレー	5495
ぐれーじゅ	グレージュ	7102
ぐれーす	グレース	6944
ぐれーぞーん	グレーゾーン	7430
ぐれーてる	グレーテル	7486
ぐれーと	グレート	6718
ぐれーど	グレード	5397
ぐれーどあっぷ	グレードアップ	7543
ぐれーぷ	グレープ	7087
ぐれーぷふるーつ	グレープフルーツ	6592
ぐろ	グロ	6278
ぐろ	黒	6924
ぐろ	ぐろ	7200
ぐろい	黒い	6118
ぐろい	グロい	7076
ぐろう	黒う	6932
ぐろかっ	黒かっ	6932
ぐろから	黒から	6929
ぐろかれ	黒かれ	6929
ぐろかろ	黒かろ	6919
ぐろき	黒き	6930
ぐろきゃ	黒きゃ	6919
ぐろく	黒く	6932
ぐろけりゃ	黒けりゃ	6919
ぐろけれ	黒けれ	6919
ぐろす	グロス	6774
ぐろてすく	グロテスク	6938
ぐろぶりん	グロブリン	7542
ぐろりあ	グロリア	7301
ぐろーす	グロース	7069
ぐろーばりぜーしょん	グローバリゼーション	7531
ぐろーばる	グローバル	5470
ぐろーばるか	グローバル化	7047
ぐろーばるきぎょう	グローバル企業	7555
ぐろーぶ	グローブ	6028
ぐん	軍	5025
ぐん	群	5269
ぐん	郡	5379
ぐん	グン	6864
ぐん	ぐん	7188
ぐんい	軍医	7375
ぐんかく	軍拡	7513
ぐんかん	軍艦	6486
ぐんき	軍機	7264
ぐんぐん	ぐんぐん	6672
ぐんぐん	グングン	7071
ぐんこう	軍港	7443
ぐんこく	軍国	7290
ぐんし	軍師	6820
ぐんしきん	軍資金	7419
ぐんしゅう	群衆	6860
ぐんしゅう	群集	7223
ぐんしゅく	軍縮	7393
ぐんしん	軍神	7428
ぐんじ	軍事	5723
ぐんじ	郡司	7262
ぐんじてき	軍事的	7457
ぐんじゅ	軍需	7137
ぐんじょう	群青	7163
ぐんじりょく	軍事力	7346
ぐんじん	軍人	6215
ぐんせい	群生	6619
ぐんぜい	軍勢	6746
ぐんそう	軍曹	6885
ぐんぞう	群像	7055
ぐんたい	軍隊	6167
ぐんだん	軍団	6036
ぐんて	軍手	6934
ぐんと	ぐんと	6956
ぐんとう	群島	7092
ぐんばい	軍配	6954
ぐんぱい	軍配	7556
ぐんび	軍備	7194
ぐんぶ	軍部	7094
ぐんぶ	群舞	7530
ぐんぷく	軍服	6951
ぐんま	群馬	6110
ぐんま	ぐんま	7288
ぐんまけん	群馬県	5923
ぐんゆうかっきょ	群雄割拠	7543
ぐんよう	軍用	6695
ぐんらく	群落	6996
ぐー	グー	6704
ぐーぐる	グーグル	6521
ぐーぐるまっぷ	グーグルマップ	6986
ぐーふぃー	グーフィー	7343
ぐーる	グール	7362
け	家	4826
け	け	5289
け	毛	5414
け	卦	7336
けあ	ケア	4882
けあし	毛足	7186
けあな	毛穴	5830
けあぷらん	ケアプラン	7519
けあまね	ケアマネ	7138
けあまねじゃー	ケアマネジャー	7337
けあれすみす	ケアレスミス	7452
けあんず	ケアンズ	7215
けい	系	4275
けい	型	5027
けい	計	5420
けい	形	5607
けい	軽	5726
けい	径	5884
けい	景	6263
けい	けい	6269
けいあい	敬愛	6749
けいい	経緯	5864
けいい	敬意	6086
けいいち	圭一	7132
けいいち	恵一	7450
けいいちろう	慶一郎	7547
けいえい	経営	4655
けいえいかだい	経営課題	7454
けいえいがく	経営学	7036
けいえいしげん	経営資源	7389
けいえいしゃ	経営者	5529
けいえいじん	経営陣	6802
けいえいせんりゃく	経営戦略	7086
けいえいそう	経営層	7147
けいえいほうしん	経営方針	7433
けいえいりねん	経営理念	7020
けいえん	敬遠	6379
けいおう	京王	6263
けいおう	慶應	6510
けいおう	慶応	6657
けいおうぎじゅく	慶應義塾	6434
けいおうぎじゅくだいがく	慶応義塾大学	7421
けいおうだいがく	慶応大学	7417
けいおん	けいおん	7109
けいおんがく	軽音楽	7191
けいおー	KO	6313
けいか	経過	5146
けいかい	警戒	5565
けいかい	軽快	6156
けいかいしん	警戒心	6824
けいかかんさつ	経過観察	7199
けいかく	計画	4592
けいかくせい	計画性	7206
けいかくちゅう	計画中	7189
けいかくてき	計画的	6321
けいかくどおり	計画通り	7527
けいかん	景観	5804
けいかん	警官	6272
けいかん	経管	7538
けいがい	形骸	7278
けいき	景気	6016
けいき	契機	6306
けいき	計器	6933
けいき	京畿	7236
けいき	刑期	7399
けいきゅう	京急	6441
けいきょう	景況	7427
けいけつ	経血	7352
けいけん	経験	4239
けいけん	敬虔	7272
けいけんあり	経験あり	7089
けいけんしゃ	経験者	6513
けいけんじょう	経験上	7215
けいけんずみ	経験済み	7544
けいけんそく	経験則	7370
けいけんだん	経験談	7132
けいけんち	経験値	6317
けいけんてき	経験的	7339
けいけんねんすう	経験年数	7493
けいけんほうふ	経験豊富	6323
けいげん	軽減	5206
けいこ	稽古	5555
けいこ	恵子	6806
けいこ	景子	6819
けいこ	けいこ	6984
けいこ	圭子	7188
けいこ	佳子	7190
けいこ	慶子	7214
けいこ	桂子	7469
けいこう	傾向	4968
けいこう	蛍光	6237
けいこう	経口	6371
けいこう	携行	6793
けいこうとう	蛍光灯	6576
けいこく	警告	5653
けいこく	渓谷	6180
けいこくとう	警告灯	7544
けいこつ	脛骨	7139
けいこば	稽古場	7262
けいご	敬語	6173
けいご	警護	6803
けいご	圭吾	6999
けいさい	掲載	4564
けいさいがぞう	掲載画像	7446
けいさいしゃしん	掲載写真	7378
けいさいしょうひん	掲載商品	7368
けいさいじょうほう	掲載情報	6834
けいさいちゅう	掲載中	7061
けいさいないよう	掲載内容	7114
けいさいよてい	掲載予定	7460
けいさぎょう	軽作業	7455
けいさつ	警察	5091
けいさつかん	警察官	5901
けいさつしょ	警察署	5963
けいさつちょう	警察庁	6692
けいさん	計算	4839
けいさん	経産	7442
けいさんき	計算機	7528
けいさんけっか	計算結果	7330
けいさんしき	計算式	6935
けいさんしょう	経産省	7026
けいさんほうほう	計算方法	6657
けいざい	経済	4741
けいざいかい	経済界	7214
けいざいかつどう	経済活動	7080
けいざいがく	経済学	6585
けいざいがくぶ	経済学部	6565
けいざいこうか	経済効果	7472
けいざいさんぎょうだいじん	経済産業大臣	7481
けいざいじょうきょう	経済状況	7408
けいざいせい	経済性	7316
けいざいせいさく	経済政策	7537
けいざいせいちょう	経済成長	6886
けいざいてき	経済的	5978
けいざいはってん	経済発展	7401
けいざいめん	経済面	7258
けいざいりょく	経済力	7110
けいし	軽視	6556
けいし	警視	7460
けいし	兄姉	7530
けいしき	形式	5058
けいしき	型式	6870
けいしきてき	形式的	7130
けいしちょう	警視庁	6212
けいしつ	形質	6814
けいしゃ	傾斜	6018
けいしゃち	傾斜地	7068
けいしゅつ	掲出	6540
けいしょう	継承	5607
けいしょう	敬称	6606
けいしょう	景勝	6716
けいしょう	軽症	6886
けいしょう	警鐘	7076
けいしょう	軽傷	7134
けいしょうりゃく	敬称略	7001
けいしょうをならし	警鐘を鳴らし	7516
けいしょく	軽食	6264
けいじ	刑事	5617
けいじ	掲示	5865
けいじ	啓示	7068
けいじ	慶次	7093
けいじ	慶事	7431
けいじじけん	刑事事件	7250
けいじじょうがく	形而上学	7558
けいじどうしゃ	軽自動車	6053
けいじばん	掲示板	5548
けいじぶつ	掲示物	7521
けいじゅん	軽巡	7485
けいじょう	形状	5196
けいじょう	計上	6155
けいじょう	経常	6752
けいじょうりえき	経常利益	7537
けいすう	係数	6109
けいすう	計数	7288
けいすけ	圭介	7049
けいすけ	啓介	7145
けいすけ	圭佑	7238
けいすけ	佳祐	7355
けいすけ	恵介	7385
けいすけ	圭祐	7485
けいすけ	けいすけ	7494
けいず	系図	6867
けいせい	形成	5138
けいせい	京成	6710
けいせい	形勢	7193
けいせいげか	形成外科	7559
けいせいでんてつ	京成電鉄	7479
けいせき	形跡	6732
けいせん	罫線	6917
けいそ	ケイ素	7070
けいそう	軽装	7037
けいそう	係争	7385
けいそうど	珪藻土	6995
けいそく	計測	5525
けいそつ	軽率	7001
けいぞう	敬三	7544
けいぞく	継続	4866
けいぞくせい	継続性	7529
けいぞくちゅう	継続中	7163
けいぞくてき	継続的	5788
けいた	啓太	7006
けいた	慶太	7229
けいた	圭太	7420
けいたい	携帯	5270
けいたい	形態	5360
けいたいせい	携帯性	7285
けいたいたんまつ	携帯端末	7513
けいたいでんわ	携帯電話	5719
けいたいばんごう	携帯番号	7022
けいたいよう	携帯用	7059
けいだい	境内	5709
けいだい	慶大	7097
けいだんれん	経団連	7065
けいちょう	慶長	6762
けいちょう	傾聴	6812
けいちょう	慶弔	7331
けいつい	頚椎	6998
けいつい	頸椎	7045
けいてぃ	ケイティ	7483
けいてい	兄弟	6163
けいと	毛糸	6436
けいと	ケイト	6586
けいとう	系統	5618
けいとう	傾倒	7009
けいとう	継投	7162
けいとら	軽トラ	7106
けいとらっく	軽トラック	7410
けいど	軽度	6542
けいど	経度	7047
けいどうみゃく	頸動脈	7438
けいにく	鶏肉	6129
けいねん	経年	5761
けいねんへんか	経年変化	6851
けいねんれっか	経年劣化	6420
けいはく	軽薄	7363
けいはつ	啓発	5850
けいはつかつどう	啓発活動	7382
けいはん	京阪	6502
けいはんしん	京阪神	7324
けいば	競馬	5545
けいばい	競売	7130
けいばじょう	競馬場	7175
けいばつ	刑罰	6900
けいひ	経費	5662
けいひ	経皮	7144
けいひん	景品	5848
けいひん	京浜	7360
けいひんきゅうこう	京浜急行	7357
けいひんとうほく	京浜東北	6981
けいひんとうほくせん	京浜東北線	7563
けいび	警備	5744
けいび	軽微	6670
けいび	経鼻	7477
けいびいん	警備員	6813
けいびたい	警備隊	7439
けいびーえす	KBS	6897
けいふ	系譜	6515
けいふく	敬服	7564
けいぶ	警部	6841
けいぶ	頸部	6909
けいぶ	頚部	7298
けいぶほ	警部補	7312
けいべつ	軽蔑	6842
けいほう	警報	5957
けいほう	刑法	6647
けいまん	ケイマン	7509
けいみょう	軽妙	7229
けいむ	刑務	7235
けいむしょ	刑務所	6064
けいもう	啓蒙	6613
けいやく	契約	4623
けいやくかいじょ	契約解除	7430
けいやくきかん	契約期間	7141
けいやくしゃ	契約者	6902
けいやくしゃいん	契約社員	6859
けいやくしょ	契約書	6144
けいやくじ	契約時	7303
けいやくないよう	契約内容	7078
けいゆ	経由	5444
けいゆ	軽油	6992
けいよう	形容	6811
けいよう	掲揚	7251
けいよう	茎葉	7522
けいよう	京葉	7564
けいようし	形容詞	6517
けいようせん	京葉線	7104
けいらく	経絡	7152
けいらん	鶏卵	7121
けいり	経理	5956
けいりゃく	計略	6845
けいりゅう	渓流	6365
けいりゅう	係留	7061
けいりょう	軽量	5434
けいりょう	計量	6235
けいりょうか	軽量化	6731
けいりょうせい	軽量性	7414
けいりん	競輪	6345
けいれい	敬礼	7054
けいれき	経歴	5631
けいれつ	系列	5861
けいれん	痙攣	6674
けいれん	けいれん	6919
けいろ	経路	5763
けいろ	毛色	6787
けいろう	敬老	6289
けいろうのひ	敬老の日	6491
けいん	ケイン	7150
けう	稀有	6874
けが	怪我	5407
けが	ケガ	5803
けが	けが	6157
けがさ	汚さ	7209
けがす	汚す	7323
けがにん	けが人	7104
けがはえ	毛が生え	7029
けがれ	汚れ	5627
けがれ	穢れ	7135
けがれ	穢	7316
けがわ	毛皮	6588
けぎらい	毛嫌い	7248
けげん	怪訝	7233
けごん	華厳	7453
けさ	今朝	5809
けさ	消さ	6262
けさ	けさ	7254
けさ	袈裟	7279
けさき	毛先	6195
けし	消し	5459
けし	けし	6607
けし	ケシ	7149
けしいん	消印	7167
けしからん	けしからん	7266
けしき	景色	5145
けしごむ	消しゴム	6326
けしょう	化粧	5511
けしょうした	化粧下	7284
けしょうすい	化粧水	6636
けしょうなおし	化粧直し	7401
けしょうひん	化粧品	5650
けしん	化身	6650
けじめ	けじめ	7239
けじめ	ケジメ	7428
けす	消す	5845
けずっ	削っ	5930
けずら	削ら	6365
けずり	削り	5996
けずりだし	削り出し	7039
けずりぶし	削り節	7414
けずる	削る	6172
けずれ	削れ	6730
けずれる	削れる	7083
けせ	消せ	6939
けせる	消せる	6951
けせんぬま	気仙沼	6624
けそ	消そ	7132
けそう	消そう	7128
けた	桁	5810
けた	ケタ	6858
けた	けた	7115
けたすう	桁数	7038
けたちがい	桁違い	7146
けたば	毛束	7029
けだま	毛玉	6511
けだもの	獣	6545
けち	ケチ	6575
けち	けち	7431
けちっ	ケチっ	7195
けちゃっぷ	ケチャップ	6226
けちら	ケチら	7547
けちらし	蹴散らし	7325
けっ	蹴っ	6432
けっ	けっ	6785
けっ	決	7082
けっか	結果	4145
けっかい	結界	6470
けっかい	決壊	6990
けっかく	結核	6609
けっかく	欠格	7437
けっかてき	結果的	5670
けっかてきそんがい	結果的損害	7556
けっかろん	結果論	7325
けっかん	血管	5661
けっかん	欠陥	6142
けっき	決起	6999
けっき	血気	7510
けっきゅう	血球	7454
けっきょく	結局	4831
けっきょく	けっきょく	7332
けっきん	欠勤	6720
けっこう	結構	4697
けっこう	けっこう	5559
けっこう	血行	6252
けっこう	決行	6558
けっこう	欠航	6878
けっこうじかん	結構時間	7279
けっこうそくしん	血行促進	7514
けっこうふりょう	血行不良	7548
けっこうまえ	結構前	7159
けっこん	結婚	4570
けっこん	血痕	7344
けっこんあいて	結婚相手	6676
けっこんいわい	結婚祝い	7333
けっこんがんぼう	結婚願望	7172
けっこんきねんび	結婚記念日	7182
けっこんご	結婚後	6876
けっこんしき	結婚式	5338
けっこんしきじょう	結婚式場	6667
けっこんせいかつ	結婚生活	6698
けっこんそうだんじょ	結婚相談所	6356
けっこんまえ	結婚前	6888
けっこんゆびわ	結婚指輪	6828
けっさい	決済	5298
けっさい	決裁	6793
けっさいほうほう	決済方法	7218
けっさく	傑作	5977
けっさん	決算	5710
けっさんしょ	決算書	7403
けっし	決死	6990
けっし	決し	7191
けっしきかん	血色感	7533
けっして	決して	5179
けっして	けっして	6855
けっしゃ	結社	6831
けっしゅ	血腫	7403
けっしゅう	結集	6552
けっしゅつ	傑出	7272
けっしょう	決勝	5391
けっしょう	結晶	5694
けっしょう	血症	6532
けっしょう	血漿	6879
けっしょうしんしゅつ	決勝進出	7078
けっしょうせん	決勝戦	6216
けっしょうてん	決勝点	7406
けっしょうばん	血小板	6742
けっしょく	血色	6829
けっしん	決心	6316
けっする	決する	7226
けっせい	結成	5674
けっせい	血清	6618
けっせき	欠席	6119
けっせき	結石	6726
けっせつ	結節	6869
けっせん	決戦	5988
けっせん	血栓	6523
けっせん	結線	7141
けっせん	決選	7143
けっせんとうひょう	決選投票	7553
けっそく	結束	6340
けっそん	欠損	6277
けったく	結託	7261
けっちゃく	決着	6159
けっちゅう	血中	6359
けっちょう	結腸	7069
けってい	決定	4635
けっていき	決定機	7405
けっていけん	決定権	7560
けっていだ	決定打	7394
けっていづける	決定づける	7453
けっていてき	決定的	6160
けってん	欠点	5826
けっと	ケット	6575
けっとう	血糖	5904
けっとう	血統	6365
けっとう	決闘	6536
けっとうち	血糖値	6527
けっぱく	潔白	7440
けっぴん	欠品	6281
けっぺき	潔癖	6926
けつ	穴	5528
けつ	けつ	6777
けつ	欠	6790
けつ	潔	7046
けつ	傑	7232
けつあつ	血圧	5850
けつい	決意	5486
けついひょうめい	決意表明	7562
けついん	欠員	7115
けつえき	血液	5533
けつえきがた	血液型	6399
けつえきけんさ	血液検査	6713
けつえきちゅう	血液中	7392
けつえん	血縁	6733
けつえんかんけい	血縁関係	7550
けつぎ	決議	6146
けつごう	結合	5622
けつじつ	結実	6811
けつじょ	欠如	6439
けつじょう	欠場	6632
けつぞく	血族	7298
けつだん	決断	5586
けつだん	結団	7433
けつだんりょく	決断力	7186
けつにく	血肉	7422
けつにょう	血尿	7295
けつばん	欠番	7447
けつべつ	決別	6933
けつべん	血便	7369
けつぼう	欠乏	6786
けつぼうしょう	欠乏症	7365
けつまく	結膜	7248
けつまくえん	結膜炎	7204
けつまつ	結末	5919
けつめい	血盟	7520
けつらく	欠落	6709
けつりゅう	血流	6082
けつれつ	決裂	7303
けつろ	結露	6364
けつろん	結論	5363
けつろんづけ	結論づけ	7360
けつろんづけ	結論付け	7364
けづくろい	毛づくろい	7482
けとる	ケトル	6837
けとん	ケトン	7244
けど	けど	3547
けど	ケド	6907
けどっ	気取っ	7560
けども	けども	5730
けなげ	健気	6771
けなげ	けなげ	7566
けなし	貶し	7494
けなし	けなし	7558
けなみ	毛並み	6809
けにあ	ケニア	6625
けにん	家人	7435
けにー	ケニー	7387
けぬき	毛抜き	7525
けねでぃ	ケネディ	6894
けねん	懸念	5615
けのん	ケノン	7523
けはい	気配	5760
けば	毛羽	7499
けばだち	毛羽立ち	6919
けばぶ	ケバブ	7179
けびょう	仮病	7477
けびん	ケビン	6865
けべっく	ケベック	7304
けみ	ケミ	7219
けみかる	ケミカル	6660
けむ	けむ	6907
けむし	毛虫	7091
けむり	煙	5810
けむり	けむり	7400
けもの	獣	6108
けもの	ケモノ	7421
けやき	けやき	6803
けやき	欅	6862
けやき	ケヤキ	6882
けやきざか	けやき坂	7473
けやきざかふぉーてぃーしっくす	欅坂46	7003
けら	ケラ	6603
けら	蹴ら	6865
けら	けら	7150
けらい	家来	7001
けらー	ケラー	7459
けり	蹴り	6148
けり	けり	6519
けり	ケリ	7175
けりー	ケリー	6794
ける	蹴る	6575
ける	ける	6657
ける	ケル	7306
けると	ケルト	7059
けるべろす	ケルベロス	7304
けるん	ケルン	7003
けれ	けれ	7023
けれど	けれど	4776
けれども	けれども	5462
けれん	ケレン	7402
けろ	けろ	7134
けろ	ケロ	7257
けろいど	ケロイド	7562
けろろ	ケロロ	7146
けわしい	険しい	6581
けわしく	険しく	7380
けん	件	4786
けん	権	4863
けん	県	5015
けん	券	5029
けん	圏	5394
けん	剣	5498
けん	兼	5608
けん	軒	5655
けんあく	険悪	7184
けんあん	懸案	7206
けんい	権威	6173
けんいち	健一	6587
けんいち	賢一	7060
けんいち	憲一	7189
けんいち	ケンイチ	7430
けんいち	謙一	7536
けんいちろう	健一郎	7280
けんいん	牽引	5984
けんいん	けん引	6659
けんうっど	ケンウッド	7524
けんえい	県営	6819
けんえい	建英	7162
けんえき	検疫	6865
けんえき	権益	7018
けんえつ	検閲	6903
けんえん	犬猿	7452
けんお	嫌悪	6160
けんおう	県央	7328
けんおうどう	圏央道	7235
けんおかん	嫌悪感	6804
けんおん	検温	6438
けんか	喧嘩	5573
けんか	ケンカ	6134
けんか	けんか	6836
けんか	献花	7029
けんか	県下	7140
けんかい	見解	5809
けんかく	剣客	7420
けんがい	県外	6120
けんがい	圏外	6834
けんがく	見学	5018
けんがくかい	見学会	7211
けんがくしゃ	見学者	7539
けんき	嫌気	6989
けんきゅう	研究	4252
けんきゅういん	研究員	7283
けんきゅうか	研究科	6967
けんきゅうかい	研究会	5908
けんきゅうかいはつ	研究開発	6728
けんきゅうかつどう	研究活動	7261
けんきゅうきかん	研究機関	7105
けんきゅうけっか	研究結果	6951
けんきゅうしつ	研究室	5857
けんきゅうしゃ	研究者	5657
けんきゅうしょ	研究所	5832
けんきゅうしょく	研究職	7493
けんきゅうじょ	研究所	5633
けんきゅうせいか	研究成果	6906
けんきゅうたいしょう	研究対象	7388
けんきゅうないよう	研究内容	7316
けんきゅうはっぴょう	研究発表	7439
けんきょ	謙虚	6226
けんきょ	検挙	6822
けんきょう	県境	7258
けんきょさ	謙虚さ	7206
けんきん	献金	6785
けんぎ	県議	6836
けんぎ	剣技	7368
けんぎ	嫌疑	7370
けんぎかい	県議会	6567
けんぎょう	兼業	6690
けんけい	県警	6039
けんけつ	献血	6415
けんげん	権限	5606
けんげん	顕現	7007
けんこう	健康	4540
けんこういじ	健康維持	7074
けんこうかんり	健康管理	6816
けんこうけいえい	健康経営	7160
けんこうこうか	健康効果	7321
けんこうこつ	肩甲骨	6355
けんこうしこう	健康志向	7502
けんこうしょくひん	健康食品	7008
けんこうしんだん	健康診断	6538
けんこうじゅみょう	健康寿命	7155
けんこうじょうたい	健康状態	6770
けんこうぞうしん	健康増進	7294
けんこうだいいち	健康第一	7521
けんこうづくり	健康づくり	7318
けんこうてき	健康的	5978
けんこうひがい	健康被害	7082
けんこうほけん	健康保険	5876
けんこうほけんくみあい	健康保険組合	7560
けんこうほけんしょう	健康保険証	7201
けんこうめん	健康面	7042
けんこく	建国	6549
けんご	堅固	7079
けんご	健吾	7084
けんご	研吾	7247
けんごう	剣豪	7186
けんさ	検査	4734
けんさかん	検査官	7552
けんさき	剣先	7414
けんさく	検索	4659
けんさく	研削	7037
けんさくえんじん	検索エンジン	6762
けんさくかのう	検索可能	7502
けんさくきのう	検索機能	7305
けんさくけっか	検索結果	6668
けんさくじゅんい	検索順位	7511
けんさくじょうけん	検索条件	6835
けんさくまど	検索窓	7545
けんさけっか	検査結果	6930
けんさつ	検察	6389
けんさつかん	検察官	6732
けんさつがわ	検察側	7437
けんさつちょう	検察庁	7019
けんさん	研鑽	6459
けんさん	けんさん	7368
けんざい	健在	6211
けんざい	建材	6385
けんざい	顕在	6618
けんざかい	県境	6771
けんざん	剣山	7218
けんし	剣士	6397
けんし	犬歯	7331
けんし	絹糸	7496
けんしき	見識	6927
けんしゅ	犬種	6374
けんしゅ	堅守	7371
けんしゅう	研修	4882
けんしゅう	検収	7518
けんしゅうい	研修医	7228
けんしゅうかい	研修会	6904
けんしゅうきかん	研修期間	7557
けんしゅうせい	研修生	6689
けんしゅうせいど	研修制度	7202
けんしゅつ	検出	5501
けんしょう	検証	5204
けんしょう	懸賞	6671
けんしょう	顕彰	6744
けんしょう	憲章	7042
けんしょうえん	腱鞘炎	7054
けんしろう	ケンシロウ	7035
けんしん	検診	5858
けんしん	献身	6445
けんしん	謙信	6756
けんしん	剣心	7019
けんしん	検針	7252
けんしんてき	献身的	6943
けんじ	賢治	6479
けんじ	検事	6555
けんじ	健二	6846
けんじ	研二	6981
けんじ	顕示	7132
けんじ	ケンジ	7152
けんじ	堅持	7153
けんじ	健治	7200
けんじつ	堅実	6500
けんじゃ	賢者	6299
けんじゃのいし	賢者の石	7495
けんじゅう	拳銃	6369
けんじゅつ	剣術	6724
けんじょう	健常	6514
けんじょう	献上	6595
けんじょう	謙譲	7175
けんじょうしゃ	健常者	6995
けんじろう	健次郎	7285
けんじん	賢人	7171
けんすい	懸垂	6772
けんすう	件数	5825
けんすけ	健介	7065
けんせい	牽制	6547
けんせい	県政	6977
けんせい	けん制	7236
けんせい	剣聖	7407
けんせい	県勢	7520
けんせい	権勢	7529
けんせつ	建設	4957
けんせつぎょう	建設業	6820
けんせつぎょうかい	建設業界	7158
けんせつぎょうしゃ	建設業者	7282
けんせつげんば	建設現場	7176
けんせつこうじ	建設工事	7421
けんせつしょう	建設省	7419
けんせつちゅう	建設中	7245
けんせつてき	建設的	7014
けんぜん	健全	5839
けんそう	喧騒	6720
けんそん	謙遜	7091
けんぞう	建造	6252
けんぞう	健三	7462
けんぞうぶつ	建造物	6177
けんぞく	眷属	7039
けんた	健太	6393
けんた	ケンタ	7292
けんた	けんた	7450
けんたい	検体	6642
けんたい	倦怠	6688
けんたいかい	県大会	6708
けんたいかいしゅつじょう	県大会出場	7297
けんたいかん	倦怠感	6999
けんたいき	倦怠期	7516
けんたっきー	ケンタッキー	6821
けんたろう	健太郎	6477
けんたろう	賢太郎	7532
けんだま	けん玉	6849
けんち	検知	5889
けんち	見地	6997
けんち	検地	7527
けんちく	建築	4840
けんちくか	建築家	6826
けんちくきじゅんほう	建築基準法	7026
けんちくこうじ	建築工事	7503
けんちくし	建築士	7064
けんちくぶつ	建築物	6626
けんちじ	県知事	6352
けんちゃん	けんちゃん	7430
けんちゅう	件中	6456
けんちゅう	軒中	7211
けんちょ	顕著	5985
けんちょう	県庁	6170
けんちょう	堅調	6777
けんちんじる	けんちん汁	7421
けんてい	検定	5638
けんでん	喧伝	7454
けんと	健人	7014
けんと	賢人	7262
けんと	ケント	7264
けんとう	検討	4623
けんとう	健闘	6452
けんとう	見当	6616
けんとう	剣闘	7396
けんとうかい	検討会	6607
けんとうし	遣唐使	7387
けんとうちゅう	検討中	6538
けんどう	剣道	5967
けんどう	県道	6063
けんどうぶ	剣道部	7442
けんない	県内	5229
けんない	圏内	6078
けんないかくち	県内各地	7422
けんないがい	県内外	7146
けんなん	県南	7180
けんにん	兼任	6619
けんのう	権能	7373
けんばいき	券売機	6377
けんばん	鍵盤	6348
けんばん	腱板	7496
けんび	顕微	7460
けんびきょう	顕微鏡	6266
けんぴん	検品	5946
けんぶ	剣舞	7319
けんぶつ	見物	6502
けんぶりっじ	ケンブリッジ	7235
けんぶん	見聞	7100
けんぺい	憲兵	7193
けんぺいりつ	建ぺい率	7459
けんぽ	健保	7145
けんぽ	けんぽ	7407
けんぽう	憲法	5782
けんぽう	拳法	7080
けんぽうかいせい	憲法改正	7378
けんま	研磨	5999
けんまざい	研磨剤	7476
けんみん	県民	5762
けんむ	兼務	6730
けんむ	建武	7544
けんめ	件目	7290
けんめ	軒目	7487
けんめい	懸命	6284
けんめい	賢明	6483
けんめい	件名	6510
けんめん	券面	7273
けんもち	剣持	7243
けんもん	検問	7176
けんもん	見聞	7521
けんやく	倹約	7214
けんよう	兼用	6375
けんらん	絢爛	6838
けんり	権利	5214
けんりしゃ	権利者	6675
けんりつ	県立	5602
けんりょう	検量	7365
けんりょく	権力	5791
けんりょくしゃ	権力者	7224
けんれん	県連	7010
けんろう	堅牢	6678
けんろくえん	兼六園	7352
けーき	ケーキ	5008
けーしんぐ	ケーシング	7387
けーじ	ケージ	6205
けーす	ケース	4660
けーすすたでぃ	ケーススタディ	7525
けーすばいけーす	ケースバイケース	7090
けーすわーかー	ケースワーカー	7515
けーた	ケータ	7466
けーたい	ケータイ	6502
けーたりんぐ	ケータリング	7009
けーつー	K2	6920
けーぶる	ケーブル	5285
けーぶるかー	ケーブルカー	6832
けーぶるてれび	ケーブルテレビ	7479
けーぷ	ケープ	6781
けーる	ケール	6973
げ	下	5342
げ	げ	5513
げ	偈	7402
げ	気	7540
げい	芸	6254
げい	ゲイ	6290
げい	藝	6528
げいいん	原因	6067
げいぎ	芸妓	7099
げいげき	迎撃	6549
げいごう	迎合	7285
げいしゃ	芸者	6913
げいじゅつ	芸術	5172
げいじゅつか	芸術家	6342
げいじゅつさくひん	芸術作品	7187
げいじゅつせい	芸術性	7295
げいじゅつてき	芸術的	6831
げいだい	芸大	7110
げいつ	ゲイツ	7019
げいとう	芸当	7408
げいにん	芸人	5500
げいのう	芸能	5460
げいのうかい	芸能界	6340
げいのうかつどう	芸能活動	6797
げいのうじむしょ	芸能事務所	7292
げいのうじん	芸能人	5642
げいひんかん	迎賓館	7129
げいふう	芸風	7321
げいめい	芸名	6710
げいりー	ゲイリー	7227
げいれき	芸歴	7202
げいん	ゲイン	6826
げお	ゲオ	7238
げか	外科	5484
げかい	外界	7188
げかい	下界	7264
げかい	外科医	7318
げかしゅじゅつ	外科手術	7439
げかん	下巻	7082
げき	劇	5629
げき	激	5708
げき	撃	6234
げき	げき	6474
げき	ゲキ	7371
げきあつ	激アツ	6762
げきあつ	激熱	7338
げきうま	激ウマ	7510
げきか	激化	6451
げきから	激辛	6598
げきが	劇画	7410
げきげん	激減	6263
げきこみ	激混み	7482
げきしゃ	激写	7186
げきしん	激震	7429
げきじょう	劇場	5167
げきじょう	激情	7182
げきじょうばん	劇場版	6398
げきせん	激戦	6308
げきそう	激走	7338
げきぞう	激増	7044
げきたい	撃退	6415
げきだん	劇団	5924
げきだんしき	劇団四季	6957
げきちゅう	劇中	5951
げきちん	撃沈	6678
げきつい	撃墜	6491
げきつう	激痛	6673
げきてき	劇的	6001
げきとう	激闘	6668
げきとつ	激突	6474
げきど	激怒	6366
げきどう	激動	6668
げきは	撃破	5880
げきばん	劇伴	7299
げきぶつ	劇物	7409
げきへん	激変	6627
げきむ	激務	6756
げきやく	劇薬	7551
げきやす	激安	6331
げきりゅう	激流	7181
げきりん	逆鱗	7201
げきれあ	激レア	7462
げきれい	激励	6226
げきれつ	激烈	7356
げくう	外宮	7280
げけつ	下血	7470
げげ	ゲゲ	7468
げげげ	ゲゲゲ	6814
げげげのきたろう	ゲゲゲの鬼太郎	7044
げこ	下戸	7526
げこう	下校	6287
げこう	下向	7347
げこくじょう	下剋上	7178
げこくじょう	下克上	7533
げざい	下剤	7150
げざん	下山	6118
げし	夏至	6943
げしゃ	下車	5941
げしゅく	下宿	6799
げしゅたると	ゲシュタルト	7494
げじゅん	下旬	5683
げす	ゲス	6958
げすい	下水	6542
げすいどう	下水道	6263
げすと	ゲスト	5125
げすとしゅつえん	ゲスト出演	7224
げすとはうす	ゲストハウス	6534
げすとるーむ	ゲストルーム	7443
げせ	解せ	7457
げせわ	下世話	7545
げせん	下船	7269
げそ	ゲソ	7235
げた	下駄	6716
げた	げた	7515
げた	ゲタ	7532
げたばこ	下駄箱	7058
げだ	下田	7553
げだつ	解脱	7317
げだん	下段	6222
げっ	げっ	7206
げっか	月下	7318
げっかびじん	月下美人	7560
げっかん	月間	6057
げっかん	月刊	6213
げっかんし	月刊誌	7482
げっきゅう	月給	6542
げっけい	月経	6419
げっけいじゅ	月桂樹	7489
げっこう	月光	6612
げっこう	激昂	7289
げっこう	激高	7461
げっこうが	ゲッコウガ	7380
げっしゃ	月謝	6927
げっしゅう	月収	6592
げっしょ	月初	6922
げっしょく	月食	7091
げっすう	月数	7139
げったー	ゲッター	7323
げったーず	ゲッターズ	7494
げったーずいいだ	ゲッターズ飯田	7545
げっと	ゲット	5392
げっとう	月桃	7531
げっぷ	ゲップ	7272
げっぺい	月餅	7227
げっぽう	月報	7497
げつ	月	5553
げつがく	月額	5783
げつがくりょうきん	月額料金	7273
げつじ	月次	7008
げつない	月内	7507
げつまつ	月末	6582
げつめん	月面	6720
げつよう	月曜	6029
げつようび	月曜日	5629
げつれい	月齢	6659
げつれい	月例	7031
げとう	夏油	6643
げどう	外道	6799
げどく	解毒	6839
げに	げに	7467
げねつ	解熱	7163
げねつざい	解熱剤	7410
げねぷろ	ゲネプロ	7344
げのむ	ゲノム	6362
げひん	下品	6612
げぼく	下僕	7481
げや	下野	6997
げら	ゲラ	7129
げらく	下落	6050
げらげら	ゲラゲラ	7227
げり	下痢	6054
げりら	ゲリラ	6402
げる	ゲル	6237
げるぐぐ	ゲルググ	7425
げるまにうむ	ゲルマニウム	7496
げれんで	ゲレンデ	6567
げろ	ゲロ	6933
げろ	下呂	6934
げん	現	5352
げん	元	5508
げん	源	5640
げん	言	6041
げん	減	6079
げん	げん	6122
げん	原	6143
げん	弦	6299
げんあつ	減圧	6942
げんあん	原案	6464
げんいん	原因	4571
げんいんのばあい	原因の場合	7403
げんいんふめい	原因不明	7433
げんうん	眩暈	7356
げんえい	幻影	6633
げんえき	現役	5343
げんえき	原液	6931
げんえき	減益	7147
げんえきいんたい	現役引退	7311
げんえきじだい	現役時代	6776
げんえん	減塩	6755
げんおん	原音	7403
げんか	原価	6206
げんか	減価	6753
げんか	げんか	7460
げんかい	限界	5307
げんかい	玄海	7555
げんかいち	限界値	7323
げんかいとっぱ	限界突破	7373
げんかいなだ	玄界灘	7517
げんかく	厳格	6199
げんかく	幻覚	6530
げんかん	玄関	5309
げんかん	厳寒	7493
げんかんきょう	現環境	7386
げんかんさき	玄関先	6985
げんかんどあ	玄関ドア	7255
げんかんまえ	玄関前	7252
げんが	原画	6135
げんがく	減額	6199
げんがく	弦楽	6852
げんがっき	弦楽器	6808
げんがー	ゲンガー	7318
げんき	元気	4725
げんき	げんき	6746
げんきいっぱい	元気いっぱい	6564
げんきそう	元気そう	7032
げんきゅう	言及	5700
げんきゅう	減給	7174
げんきょう	現況	6658
げんきょう	元凶	6869
げんきょく	原曲	6551
げんきょく	限局	7519
げんきん	現金	5449
げんきん	厳禁	6490
げんぎょう	現業	7556
げんけい	原型	6259
げんけい	原形	7081
げんこう	現行	5763
げんこう	原稿	5796
げんこう	減光	7427
げんこう	言行	7553
げんこう	元寇	7558
げんこうはん	現行犯	6896
げんこうもでる	現行モデル	7353
げんこく	原告	6154
げんこくら	原告ら	7434
げんこつ	げんこつ	7442
げんご	言語	5141
げんご	原語	7430
げんごう	元号	6808
げんごか	言語化	7478
げんごちょうかくし	言語聴覚士	7399
げんさい	減災	6921
げんさく	原作	5085
げんさくしゃ	原作者	6958
げんさくしょうせつ	原作小説	7434
げんさくまんが	原作漫画	7429
げんさん	原産	6348
げんさん	減産	7372
げんさんち	原産地	6753
げんざい	現在	4123
げんざい	原罪	7427
げんざいいち	現在位置	7310
げんざいち	現在地	6393
げんざいのかた	現在の方	7559
げんざいのこと	現在のこと	7419
げんざいのじぶん	現在の自分	7430
げんざいのじょうたい	現在の状態	7511
げんざいのすがた	現在の姿	7535
げんざいのばしょ	現在の場所	7528
げんざいりょう	原材料	5866
げんざん	減算	7055
げんし	原子	5938
げんし	原始	6432
げんし	原資	7034
げんし	幻視	7482
げんしかく	原子核	7028
げんしてき	原始的	7180
げんしゅ	厳守	6654
げんしゅ	原酒	6750
げんしゅ	原種	6903
げんしゅ	元首	7346
げんしゅう	減収	7098
げんしゅく	厳粛	7099
げんしょ	原初	7053
げんしょ	原書	7443
げんしょう	減少	5128
げんしょう	現象	5242
げんしょうけいこう	減少傾向	6902
げんしょく	現職	6219
げんしょく	原色	6930
げんしりょく	原子力	5992
げんしろ	原子炉	6871
げんじ	源氏	6596
げんじ	減じ	7328
げんじ	げんじ	7470
げんじつ	現実	4889
げんじつせかい	現実世界	6511
げんじつてき	現実的	5950
げんじつとうひ	現実逃避	7298
げんじつのもの	現実のもの	7221
げんじつばなれ	現実離れ	7445
げんじつみ	現実味	6884
げんじてん	現時点	5653
げんじものがたり	源氏物語	6597
げんじゃく	減弱	7218
げんじゅう	厳重	6228
げんじゅう	幻獣	6929
げんじゅうしょ	現住所	7295
げんじゅうみん	原住民	7092
げんじゅつ	幻術	7420
げんじょう	現状	5008
げんじょう	現場	6427
げんじょう	原状	6859
げんじん	原人	7453
げんすい	減衰	6452
げんすい	元帥	7057
げんすん	原寸	7211
げんせ	現世	6775
げんせい	厳正	6717
げんせい	原生	6862
げんせい	現世	7227
げんせき	原石	6704
げんせつ	言説	6968
げんせん	厳選	5530
げんせん	源泉	5935
げんぜい	減税	6498
げんそ	元素	6006
げんそう	幻想	5711
げんそうてき	幻想的	6236
げんそく	原則	5305
げんそく	減速	6225
げんそくてき	原則的	7034
げんそん	現存	6375
げんそん	減損	7294
げんぞう	現像	6473
げんぞん	現存	6765
げんたい	減退	6959
げんだい	現代	4939
げんだい	原題	6902
げんだいあーと	現代アート	7348
げんだいしゃかい	現代社会	6613
げんだいじん	現代人	6475
げんだいてき	現代的	6538
げんだいぶん	現代文	7409
げんだんかい	現段階	6718
げんち	現地	5014
げんちじかん	現地時間	7274
げんちちょうさ	現地調査	7001
げんちょ	原著	7286
げんちょう	幻聴	7218
げんつき	原付き	6381
げんてい	限定	4506
げんていしょうひん	限定商品	7277
げんていてき	限定的	6600
げんていばん	限定版	6811
げんていひん	限定品	7137
げんてん	原点	5913
げんてん	減点	6647
げんてん	原典	7100
げんてんかいき	原点回帰	7495
げんとう	厳冬	7314
げんとうしゃ	幻冬舎	7182
げんど	限度	5907
げんどう	言動	5811
げんどうき	原動機	7085
げんどうりょく	原動力	6318
げんなり	げんなり	7421
げんに	現に	6234
げんば	現場	4726
げんばかんとく	現場監督	7381
げんばく	原爆	6137
げんばつ	厳罰	7267
げんぱつ	原発	5780
げんぱつじこ	原発事故	7236
げんぴん	現品	6836
げんふうけい	原風景	7112
げんぶ	玄武	7502
げんぶがん	玄武岩	7471
げんぶつ	現物	6123
げんぶん	原文	6419
げんぷく	元服	7491
げんぺい	源平	7139
げんぼく	原木	6924
げんぽん	原本	6615
げんま	幻魔	7546
げんまい	玄米	6066
げんみつ	厳密	5970
げんめつ	幻滅	7101
げんめん	減免	6623
げんや	原野	7177
げんや	玄弥	7195
げんゆ	原油	6420
げんり	原理	5809
げんりてき	原理的	7361
げんりゅう	源流	6509
げんりょう	原料	5593
げんりょう	減量	6139
げんろう	元老	7295
げんろく	元禄	6796
げんろん	言論	6697
げんろんのじゆう	言論の自由	7380
げんわく	幻惑	7314
げー	ゲー	5989
げーじ	ゲージ	5657
げーせん	ゲーセン	6612
げーて	ゲーテ	7207
げーと	ゲート	5661
げーとうぇい	ゲートウェイ	6695
げーとぼーる	ゲートボール	7444
げーまー	ゲーマー	6470
げーまーず	ゲーマーズ	7400
げーみんぐ	ゲーミング	6583
げーみんぐちぇあ	ゲーミングチェア	7475
げーむ	ゲーム	4205
げーむあぷり	ゲームアプリ	6850
げーむおーばー	ゲームオーバー	7010
げーむかいはつ	ゲーム開発	7455
げーむき	ゲーム機	6865
げーむしすてむ	ゲームシステム	7289
げーむじっきょう	ゲーム実況	7205
げーむせい	ゲーム性	6936
げーむせっと	ゲームセット	7551
げーむせんたー	ゲームセンター	6511
げーむそふと	ゲームソフト	7348
げーむばらんす	ゲームバランス	7455
げーむぷれい	ゲームプレイ	6528
げーむもーど	ゲームモード	7554
こ	個	4602
こ	子	4813
こ	こ	5034
こ	娘	5169
こ	来	5278
こ	小	5284
こ	古	5918
こ	粉	5927
こあ	コア	5608
こあざ	小字	7486
こあら	コアラ	6611
こい	恋	5160
こい	濃い	5450
こい	こい	6272
こい	鯉	6283
こい	故意	6366
こい	来い	6515
こい	コイ	6547
こい	漕い	6924
こいあじ	濃い味	7155
こいいろ	濃い色	6865
こいかつ	恋活	7135
こいがし	恋がし	7033
こいき	小粋	7467
こいくち	濃口	7305
こいけ	小池	6304
こいけさん	小池さん	7301
こいけや	湖池屋	7536
こいごころ	恋心	6596
こいし	小石	6774
こいし	恋し	6876
こいし	こいし	7385
こいしい	恋しい	6887
こいしく	恋しく	6737
こいする	恋する	6458
こいずみ	小泉	6057
こいせよ	恋せよ	7410
こいちゃ	濃茶	7443
こいつ	こいつ	5389
こいつ	コイツ	6067
こいづみ	小泉	7209
こいで	小出	7256
こいと	鯉登	7500
こいなか	恋仲	7247
こいにおち	恋に落ち	7130
こいにおちる	恋に落ちる	7232
こいぬ	子犬	6158
こいぬ	仔犬	7121
こいのぼり	鯉のぼり	6762
こいのぼり	こいのぼり	6837
こいびと	恋人	5356
こいびとどうし	恋人同士	7144
こいぴんく	濃いピンク	7435
こいぶみ	恋文	7558
こいめ	濃いめ	6349
こいめ	濃い目	6906
こいり	個入り	7180
こいる	コイル	6119
こいわ	小岩	7169
こいわい	小岩井	7408
こいん	コイン	5374
こいんけーす	コインケース	7185
こいんぱーきんぐ	コインパーキング	7255
こいんらんどりー	コインランドリー	7041
こいんろっかー	コインロッカー	6942
こう	高	4725
こう	こう	4798
こう	項	4893
こう	光	5242
こう	口	5269
こう	校	5284
こう	後	5375
こう	好	5449
こうあつ	高圧	6069
こうあつ	降圧	7001
こうあつせんじょう	高圧洗浄	7566
こうあつてき	高圧的	7239
こうあん	考案	5950
こうあん	公安	6386
こうい	行為	4817
こうい	好意	5920
こうい	更衣	6561
こうい	後遺	6895
こうい	皇位	7079
こうい	高位	7207
こういう	こういう	4770
こういき	広域	6047
こういき	高域	6779
こういしつ	更衣室	6983
こういしょう	後遺症	6335
こういち	光一	6773
こういち	高1	6938
こういち	浩一	7082
こういち	高市	7193
こういち	幸一	7326
こういち	こういち	7367
こういち	宏一	7453
こういち	浩市	7515
こういった	こういった	5465
こういってん	紅一点	7275
こういてき	好意的	6827
こういん	行員	7230
こういん	公印	7341
こういんしょう	好印象	6420
こうう	降雨	6609
こうう	項羽	7343
こううん	幸運	6014
こうえい	光栄	6167
こうえい	公営	6576
こうえい	後衛	6787
こうえいきょう	好影響	7356
こうえき	公益	6064
こうえき	交易	6499
こうえきざいだんほうじん	公益財団法人	7263
こうえきしゃ	公益社	6783
こうえつ	校閲	7292
こうえん	公園	4723
こうえん	公演	5001
こうえん	講演	5192
こうえん	後援	6271
こうえん	好演	7000
こうえん	こうえん	7294
こうえんかい	講演会	6443
こうえんじ	高円寺	6618
こうえんない	公園内	6849
こうえんまえ	公園前	7240
こうおん	高温	5752
こうおん	高音	6395
こうおんいき	高音域	7408
こうおんしつ	高音質	7186
こうおんたしつ	高温多湿	7214
こうか	効果	4156
こうか	高価	5715
こうか	硬化	6071
こうか	高架	6199
こうか	降下	6363
こうか	校歌	6474
こうか	硬貨	6683
こうか	工科	6895
こうかあり	効果あり	7235
こうかい	公開	4455
こうかい	後悔	5355
こうかい	航海	6166
こうかい	更改	7217
こうかい	公会	7480
こうかい	紅海	7518
こうかいけん	公開鍵	6992
こうかいぞうど	高解像度	7366
こうかいちゅう	公開中	6523
こうかいてん	高回転	7297
こうかいどう	公会堂	6948
こうかいび	公開日	7453
こうかいよてい	公開予定	7114
こうかおん	効果音	6907
こうかかいとり	高価買取	7231
こうかく	広角	6418
こうかく	降格	6464
こうかく	口角	6653
こうかく	甲殻	6869
こうかくきどうたい	攻殻機動隊	7348
こうかくりつ	高確率	6712
こうかくるい	甲殻類	7458
こうかくれんず	広角レンズ	7517
こうかじかん	効果時間	7420
こうかそくてい	効果測定	7499
こうかつ	狡猾	7100
こうかてき	効果的	5294
こうかばつぐん	効果抜群	7535
こうかりょく	高火力	7518
こうかろりー	高カロリー	7451
こうかん	交換	4488
こうかん	好感	6077
こうかん	高官	6888
こうかん	鋼管	6947
こうかん	公館	7325
こうかん	交歓	7327
こうかんかのう	交換可能	6938
こうかんご	交換後	7374
こうかんしんけい	交感神経	6460
こうかんじき	交換時期	7566
こうかんど	好感度	7177
こうかんど	高感度	7270
こうが	黄河	7447
こうが	甲賀	7474
こうがい	郊外	6016
こうがい	公害	6642
こうがい	校外	6668
こうがい	口蓋	7192
こうがい	口外	7438
こうがいがくしゅう	校外学習	7254
こうがく	高額	5544
こうがく	工学	5840
こうがく	光学	6111
こうがくか	工学科	6980
こうがくねん	高学年	6221
こうがくぶ	工学部	6449
こうがくれき	高学歴	6726
こうがしつ	高画質	6402
こうがっか	工学科	7263
こうがん	睾丸	7348
こうがんざい	抗がん剤	7247
こうき	後期	5607
こうき	工期	6617
こうき	高貴	6692
こうき	好機	6725
こうき	後記	7205
こうき	幸喜	7257
こうき	こうき	7262
こうき	光輝	7286
こうきあつ	高気圧	6834
こうきがた	後期型	7446
こうきしん	好奇心	5903
こうきのう	高機能	6975
こうきゅう	高級	5051
こうきゅう	恒久	6832
こうきゅう	後宮	7062
こうきゅう	高給	7149
こうきゅう	公休	7379
こうきゅうかん	高級感	6014
こうきゅうしゃ	高級車	6963
こうきゅうしょくざい	高級食材	7550
こうきゅうじゅうたくがい	高級住宅街	7525
こうきゅうてき	恒久的	7296
こうきゅうてん	高級店	7267
こうきゅうひん	高級品	7123
こうきょ	皇居	6664
こうきょう	公共	5322
こうきょう	交響	6237
こうきょうきかん	公共機関	7544
こうきょうきょく	交響曲	7045
こうきょうこうつう	公共交通	7444
こうきょうこうつうきかん	公共交通機関	6783
こうきょうしせつ	公共施設	6356
こうきょうじぎょう	公共事業	7361
こうきょうせい	公共性	7506
こうきょうほうそう	公共放送	7528
こうきん	抗菌	6115
こうきん	公金	7098
こうきん	拘禁	7412
こうきんさよう	抗菌作用	7539
こうきんやく	抗菌薬	7548
こうきんり	高金利	7522
こうぎ	講義	5507
こうぎ	抗議	6030
こうぎ	広義	6915
こうぎょう	工業	5382
こうぎょう	興行	6146
こうぎょう	興業	6804
こうぎょう	鉱業	7008
こうぎょうせいひん	工業製品	7446
こうぎょく	紅玉	7228
こうく	校区	6748
こうくう	航空	5303
こうくう	口腔	6176
こうくうがいしゃ	航空会社	7026
こうくうき	航空機	5899
こうくうけあ	口腔ケア	7541
こうくうけん	航空券	6036
こうくうしゃしん	航空写真	7498
こうくうじえいたい	航空自衛隊	6990
こうくうない	口腔内	7367
こうくり	高句麗	7166
こうくん	校訓	7531
こうぐ	工具	5752
こうぐん	行軍	7246
こうけい	光景	5590
こうけい	後継	5849
こうけい	口径	6378
こうけいき	好景気	7476
こうけいしゃ	後継者	6725
こうけつ	高潔	7339
こうけつあつ	高血圧	6296
こうけん	貢献	5000
こうけん	後見	6636
こうけん	高見	7338
こうけんど	貢献度	7511
こうけんにん	後見人	6614
こうげ	原	7031
こうげい	工芸	5819
こうげいひん	工芸品	7132
こうげき	攻撃	4400
こうげきしゃ	攻撃者	6929
こうげきじ	攻撃時	7200
こうげきせい	攻撃性	7271
こうげきそくど	攻撃速度	7328
こうげきたいしょう	攻撃対象	7363
こうげきてき	攻撃的	6524
こうげきはんい	攻撃範囲	7235
こうげきめん	攻撃面	7374
こうげきりょく	攻撃力	6028
こうげん	高原	5975
こうげん	光源	6466
こうげん	公言	6504
こうげん	抗原	6559
こうげんびょう	膠原病	7280
こうこ	考古	6791
こうこ	公庫	7000
こうこう	高校	4499
こうこう	口腔	6458
こうこう	航行	6533
こうこう	後攻	6901
こうこう	孝行	7416
こうこう	坑口	7489
こうこうじだい	高校時代	6170
こうこうじゅけん	高校受験	7008
こうこうせい	高校生	5125
こうこうせいかつ	高校生活	6955
こうこうせいたち	高校生たち	7484
こうこうそつぎょう	高校卒業	7281
こうこうそつぎょうご	高校卒業後	7075
こうこうぞうぶつ	鋼構造物	7102
こうこうにゅうし	高校入試	7503
こうこうやきゅう	高校野球	6214
こうこうりつ	高効率	7273
こうこがく	考古学	6628
こうこく	広告	4761
こうこく	公告	6552
こうこく	公国	6992
こうこく	興国	7146
こうこく	抗告	7274
こうこく	皇国	7351
こうこくしゅうにゅう	広告収入	7415
こうこくだいりてん	広告代理店	7141
こうこくとう	広告塔	7300
こうこくぬし	広告主	6894
こうこくはいしん	広告配信	7419
こうこくひ	広告費	7245
こうこつ	恍惚	7353
こうご	交互	6043
こうご	口語	7010
こうごう	皇后	6262
こうごう	咬合	6823
こうごうしい	神々しい	7129
こうごうせい	光合成	6635
こうさ	交差	6093
こうさ	考査	6804
こうさ	黄砂	7114
こうさ	公差	7171
こうさ	交叉	7529
こうさい	交際	5656
こうさい	高裁	6811
こうさい	虹彩	7196
こうさい	公債	7550
こうさいあいて	交際相手	7500
こうさく	工作	5608
こうさく	耕作	6648
こうさく	交錯	6649
こうさくきかい	工作機械	7457
こうさつ	考察	5456
こうさてん	交差点	5587
こうさん	高3	6814
こうさん	降参	7237
こうさん	公算	7449
こうさん	興産	7453
こうさんきゅう	好酸球	7432
こうざ	講座	5028
こうざ	口座	5366
こうざ	高座	7182
こうざい	鋼材	6720
こうざい	功罪	7514
こうざかいせつ	口座開設	7194
こうざつ	交雑	7060
こうざばんごう	口座番号	7544
こうざふりかえ	口座振替	7307
こうざん	鉱山	6225
こうざん	高山	6852
こうざんびょう	高山病	7490
こうし	講師	5067
こうし	行使	6048
こうし	こうし	6109
こうし	格子	6288
こうし	公私	6778
こうし	孔子	6843
こうし	光子	6870
こうし	公司	6918
こうしえん	甲子園	5664
こうしえんきゅうじょう	甲子園球場	7383
こうしき	公式	4665
こうしき	硬式	6475
こうしきあかうんと	公式アカウント	6952
こうしきさいと	公式サイト	5705
こうしきせん	公式戦	6955
こうしきぶろぐ	公式ブログ	6926
こうしきぺーじ	公式ページ	7155
こうしきほーむぺーじ	公式ホームページ	6697
こうしじん	講師陣	7439
こうした	こうした	5144
こうしつ	皇室	6365
こうしつ	硬質	6644
こうして	こうして	5430
こうしとも	公私とも	7516
こうしゃ	校舎	5812
こうしゃ	後者	5837
こうしゃ	公社	6492
こうしゃ	降車	6787
こうしゃ	高射	7437
こうしゃく	公爵	6500
こうしゃく	侯爵	6922
こうしゃく	講釈	7499
こうしゃない	校舎内	7497
こうしゃのばあい	後者の場合	7493
こうしゅ	攻守	6578
こうしゅ	甲種	7171
こうしゅ	公主	7496
こうしゅう	講習	5484
こうしゅう	公衆	6120
こうしゅう	口臭	6485
こうしゅう	甲州	6879
こうしゅう	広州	6890
こうしゅう	杭州	7130
こうしゅう	光州	7268
こうしゅうかい	講習会	5988
こうしゅうでんわ	公衆電話	7090
こうしゅうといれ	公衆トイレ	7512
こうしゅうにゅう	高収入	6581
こうしゅうは	高周波	6641
こうしゅく	拘縮	7275
こうしょ	高所	6484
こうしょう	交渉	5273
こうしょう	公証	7007
こうしょう	考証	7070
こうしょう	公称	7183
こうしょう	校章	7199
こうしょう	高尚	7325
こうしょう	工廠	7360
こうしょう	鉱床	7385
こうしょうちゅう	交渉中	7244
こうしょく	黄色	6425
こうしょく	公職	6935
こうしょく	紅色	7004
こうしよ	こうしよ	7550
こうしろう	幸四郎	7353
こうしん	更新	4605
こうしん	行進	6452
こうしん	後進	6689
こうしん	交信	6830
こうしん	亢進	6844
こうしん	庚申	7063
こうしん	口唇	7092
こうしん	甲信	7474
こうしんえつ	甲信越	7398
こうしんきょく	行進曲	7048
こうしんじょ	興信所	7427
こうしんじょうほう	更新情報	6751
こうしんちゅう	更新中	7071
こうしんちょう	高身長	7124
こうしんひんど	更新頻度	7423
こうしんび	更新日	7205
こうしんらい	高信頼	7510
こうしんりょう	香辛料	6579
こうじ	工事	4570
こうじ	講じ	6043
こうじ	麹	6184
こうじ	公示	6631
こうじ	高次	6686
こうじ	こうじ	6714
こうじ	浩二	6748
こうじ	糀	6985
こうじえん	広辞苑	7273
こうじきん	麹菌	7437
こうじく	光軸	7126
こうじげんば	工事現場	7074
こうじしゅべつ	工事種別	7547
こうじちゅう	工事中	6940
こうじつ	口実	6791
こうじつ	好日	7563
こうじないよう	工事内容	7523
こうじひ	工事費	7436
こうじまち	麹町	7534
こうじゅつ	後述	6082
こうじゅつ	口述	7313
こうじゅん	降順	7241
こうじゅんかん	好循環	7439
こうじょ	控除	5782
こうじょ	皇女	7272
こうじょう	向上	4696
こうじょう	工場	5009
こうじょう	恒常	6639
こうじょう	攻城	6944
こうじょう	口上	7060
こうじょうけん	好条件	6983
こうじょうけんがく	工場見学	7105
こうじょうしん	向上心	6519
こうじょうせん	甲状腺	6351
こうじょうてき	恒常的	7374
こうじょうない	工場内	7087
こうじょりょうぞく	公序良俗	6657
こうじる	講じる	6391
こうじん	幸甚	7315
こうすい	香水	5938
こうすい	降水	6294
こうすい	硬水	7251
こうすいじゅん	高水準	6760
こうすいりょう	降水量	7222
こうすう	工数	6507
こうすけ	康介	7372
こうすけ	浩介	7444
こうすけ	こうすけ	7533
こうする	こうする	6353
こうすれ	こうすれ	6863
こうず	構図	5895
こうずい	洪水	6125
こうずけ	上野	6858
こうずる	講ずる	6784
こうせい	構成	4722
こうせい	厚生	5622
こうせい	公正	5986
こうせい	後世	6292
こうせい	校正	6389
こうせい	更生	6441
こうせい	攻勢	6773
こうせい	恒星	6796
こうせいいん	構成員	6666
こうせいざい	抗生剤	7381
こうせいしょう	厚生省	7004
こうせいしょうしょ	公正証書	7458
こうせいせき	好成績	7061
こうせいど	高精度	6751
こうせいねんきん	厚生年金	7182
こうせいのう	高性能	6210
こうせいぶっしつ	抗生物質	6595
こうせいようそ	構成要素	7375
こうせいろうどうしょう	厚生労働省	5816
こうせいろうどうだいじん	厚生労働大臣	7044
こうせき	功績	6079
こうせき	鉱石	6454
こうせき	後席	6738
こうせってい	高設定	7565
こうせつ	降雪	6683
こうせつ	公設	7189
こうせん	高専	6334
こうせん	光線	6366
こうせん	交戦	6703
こうせん	黄泉	7236
こうせん	鉱泉	7269
こうせん	好戦	7410
こうせん	広宣	7410
こうせん	抗戦	7429
こうせんるふ	広宣流布	7332
こうぜん	公然	6957
こうそ	酵素	5806
こうそ	控訴	6620
こうそ	公訴	7532
こうそ	江蘇	7533
こうそう	構想	5758
こうそう	高層	6077
こうそう	抗争	6571
こうそう	高そう	6639
こうそう	好走	7098
こうそう	香草	7133
こうそう	高僧	7368
こうそうかい	高層階	7453
こうそうせい	好相性	7368
こうそうびる	高層ビル	7128
こうそく	高速	5090
こうそく	拘束	5893
こうそく	梗塞	6431
こうそく	校則	6445
こうそく	光速	7027
こうそくか	高速化	7451
こうそくどうろ	高速道路	6291
こうそくばす	高速バス	6559
こうそしん	控訴審	7264
こうそつ	高卒	6252
こうぞう	構造	4782
こうぞうじょう	構造上	7518
こうぞうたい	構造体	6635
こうぞうてき	構造的	6858
こうぞうぶつ	構造物	7109
こうぞく	後続	6240
こうぞく	皇族	6546
こうぞく	航続	6890
こうぞくきょり	航続距離	7360
こうぞくしゃ	後続車	7410
こうた	康太	7401
こうたい	交代	5626
こうたい	抗体	6137
こうたい	後退	6187
こうたい	交替	6822
こうたいいき	広帯域	7460
こうたいごう	皇太后	7488
こうたいし	皇太子	6461
こうたいれん	高体連	7490
こうたく	光沢	5877
こうたくかん	光沢感	6945
こうたろう	幸太郎	7158
こうたろう	光太郎	7160
こうたろう	孝太郎	7219
こうたろう	鋼太郎	7527
こうたん	後端	7286
こうだ	神田	6800
こうだ	高田	6861
こうだい	広大	5857
こうだい	高台	6513
こうだい	工大	7206
こうだい	高大	7458
こうだくみ	倖田來未	7441
こうだん	公団	7001
こうだん	講談	7075
こうだん	後段	7101
こうだんしゃ	講談社	6283
こうち	高知	5862
こうち	高地	6736
こうち	拘置	7146
こうち	耕地	7208
こうち	公知	7289
こうち	河内	7350
こうち	こうち	7420
こうちく	構築	4971
こうちけん	高知県	6198
こうちし	高知市	7467
こうちゃ	紅茶	5622
こうちゃく	膠着	7266
こうちゅう	口中	7393
こうちゅう	甲虫	7412
こうちゅうきゅう	好中球	7311
こうちょう	校長	5619
こうちょう	好調	5982
こうちょう	高調	6673
こうちょうかい	公聴会	7311
こうちょうしつ	校長室	7087
こうちょうせんせい	校長先生	6476
こうちょうは	高調波	7486
こうちょく	硬直	6502
こうちん	工賃	6572
こうつう	交通	4841
こうつうあんぜん	交通安全	7050
こうつうきかん	交通機関	6545
こうつうきせい	交通規制	7273
こうつうしゅだん	交通手段	7037
こうつうじこ	交通事故	6200
こうつうじゅうたい	交通渋滞	7498
こうつうのびん	交通の便	7556
こうつうのべん	交通の便	7112
こうつうひ	交通費	6475
こうつうもう	交通網	7481
こうつうりょう	交通量	6764
こうつごう	好都合	7225
こうてい	工程	5335
こうてい	肯定	5703
こうてい	皇帝	5897
こうてい	校庭	6324
こうてい	行程	6332
こうてい	高低	6473
こうてい	公邸	7368
こうていさ	高低差	6934
こうていてき	肯定的	6703
こうてき	公的	5894
こうてき	好適	7281
こうてききかん	公的機関	7084
こうてつ	鋼鉄	6814
こうてつ	更迭	7461
こうてん	好転	6553
こうてん	荒天	6817
こうてん	交点	6973
こうてん	好天	6992
こうてん	公転	7161
こうてん	後天	7468
こうてんてき	後天的	7201
こうでん	香典	6837
こうでんがえし	香典返し	7485
こうとう	高等	5338
こうとう	高騰	5897
こうとう	口頭	6243
こうとう	江東	6713
こうとう	好投	6724
こうとう	喉頭	7093
こうとう	後頭	7550
こうとうがっこう	高等学校	7037
こうとうく	江東区	7471
こうとうぶ	後頭部	6528
こうとうむけい	荒唐無稽	7256
こうとくてん	高得点	6799
こうど	高度	5329
こうど	神戸	6353
こうど	硬度	6527
こうど	黄土	7348
こうど	光度	7349
こうどう	行動	4511
こうどう	公道	6432
こうどう	講堂	6623
こうどう	坑道	7055
こうどう	弘道	7271
こうどうけいかく	行動計画	7476
こうどうはんい	行動範囲	7317
こうどうふのう	行動不能	7493
こうどうりょく	行動力	6542
こうどく	購読	6198
こうない	構内	6095
こうない	校内	6122
こうない	口内	6426
こうない	港内	7364
こうないえん	口内炎	6830
こうなん	江南	7186
こうなん	港南	7342
こうなん	甲南	7460
こうに	高2	6781
こうにゅう	購入	3978
こうにゅうかかく	購入価格	7550
こうにゅうかのう	購入可能	6453
こうにゅうきんがく	購入金額	7481
こうにゅうご	購入後	6517
こうにゅうさき	購入先	7553
こうにゅうしゃ	購入者	6435
こうにゅうじ	購入時	6489
こうにゅうじき	購入時期	7522
こうにゅうび	購入日	7433
こうにゅうほうほう	購入方法	7230
こうにゅうまえ	購入前	6113
こうにゅうよてい	購入予定	7527
こうにゅうりれき	購入履歴	7397
こうにん	公認	5830
こうにん	後任	6501
こうにんかいけいし	公認会計士	7106
こうにんしんりし	公認心理師	7494
こうねつ	光熱	6505
こうねつ	高熱	6543
こうねつひ	光熱費	6932
こうねん	後年	6785
こうねん	光年	7153
こうねんき	更年期	6320
こうねんきしょうがい	更年期障害	7269
こうの	河野	6409
こうの	高野	7078
こうのう	効能	6173
こうのうど	高濃度	7394
こうのす	鴻巣	7258
こうのすけ	幸之助	7163
こうのとり	コウノトリ	7051
こうのもの	香の物	7422
こうは	硬派	7029
こうはい	後輩	5469
こうはい	交配	6393
こうはい	荒廃	6645
こうはいたち	後輩たち	6960
こうはく	紅白	6058
こうはくうたがっせん	紅白歌合戦	7354
こうはつ	後発	6630
こうはん	後半	4994
こうはん	広範	6481
こうはん	鋼板	6556
こうはん	公判	6725
こうはん	紅斑	7351
こうはんい	広範囲	6335
こうはんせん	後半戦	6853
こうば	工場	5682
こうばい	購買	6064
こうばい	勾配	6142
こうばい	紅梅	7314
こうばいいよく	購買意欲	7430
こうばし	香ばし	6414
こうばしい	香ばしい	6245
こうばしいかおり	香ばしい香り	7404
こうばしいふうみ	香ばしい風味	7552
こうばしく	香ばしく	6470
こうばしさ	香ばしさ	6485
こうばん	降板	6481
こうばん	交番	6500
こうひ	公費	6868
こうひ	甲斐	7468
こうひ	工費	7532
こうひつ	硬筆	7453
こうひょう	好評	5285
こうひょう	公表	5374
こうひょう	講評	6723
こうひょうか	高評価	6389
こうひょうはつばいちゅう	好評発売中	7485
こうひんしつ	高品質	5614
こうひんど	高頻度	7339
こうび	交尾	6720
こうび	後尾	6734
こうふ	交付	5491
こうふ	甲府	6280
こうふ	公布	6362
こうふう	校風	7113
こうふく	幸福	5655
こうふく	降伏	6546
こうふくかん	幸福感	6873
こうふくじ	興福寺	7295
こうふくど	幸福度	7218
こうふくのかがく	幸福の科学	7382
こうふん	興奮	5533
こうふんぎみ	興奮気味	7333
こうぶ	後部	6119
こうぶざせき	後部座席	6951
こうぶつ	好物	6091
こうぶつ	鉱物	6234
こうぶん	構文	6322
こうぶん	公文	6820
こうぶんし	高分子	6604
こうぶんしゃ	光文社	7241
こうぶんしょ	公文書	6691
こうへい	公平	6125
こうへい	耕平	7268
こうへい	洸平	7282
こうへい	航平	7308
こうへい	康平	7390
こうへい	こうへい	7442
こうへい	浩平	7469
こうへいせい	公平性	7232
こうへん	後編	6114
こうべ	神戸	5809
こうべし	神戸市	6902
こうべだい	神戸大	7461
こうべだいがく	神戸大学	6919
こうべん	抗弁	7543
こうほ	候補	5152
こうほう	広報	5501
こうほう	後方	5717
こうほう	工法	5933
こうほう	公報	6861
こうほう	航法	7472
こうほうかつどう	広報活動	7312
こうほうし	広報誌	7508
こうほく	港北	6859
こうほしゃ	候補者	6697
こうぼ	公募	5972
こうぼ	酵母	6083
こうぼう	工房	5555
こうぼう	攻防	6315
こうぼうだいし	弘法大師	6847
こうぼく	香木	7518
こうま	高麗	7408
こうまく	硬膜	7123
こうみ	香味	6671
こうみつど	高密度	6626
こうみゃく	鉱脈	7449
こうみょう	巧妙	6683
こうみょう	光明	7034
こうみん	公民	6827
こうみんかん	公民館	6065
こうむ	公務	6538
こうむ	校務	7361
こうむいん	公務員	5658
こうむいんしけん	公務員試験	7381
こうむっ	被っ	7368
こうむてん	工務店	5964
こうむる	被る	6853
こうめ	小梅	7329
こうめい	公明	6995
こうめい	孔明	7041
こうめい	校名	7243
こうめい	高名	7274
こうめいとう	公明党	6507
こうめん	後面	7325
こうもく	項目	4925
こうもと	河本	7341
こうもり	コウモリ	6519
こうもり	こうもり	7425
こうもり	蝙蝠	7499
こうもん	肛門	6404
こうもん	校門	6956
こうもん	黄門	7498
こうや	荒野	6794
こうや	高野	7000
こうや	神谷	7333
こうやく	公約	6610
こうやさん	高野山	7289
こうやって	こうやって	5844
こうやま	高山	7067
こうやま	神山	7311
こうやれん	高野連	7348
こうゆう	交友	6648
こうゆう	校友	7133
こうゆう	公有	7298
こうゆうかんけい	交友関係	7177
こうよう	紅葉	6134
こうよう	高揚	6352
こうよう	公用	6738
こうよう	効用	6850
こうよう	黄葉	7252
こうよう	向陽	7545
こうようかん	高揚感	7099
こうようご	公用語	7446
こうようじゅ	広葉樹	6831
こうら	甲羅	6717
こうらい	高麗	7336
こうらく	行楽	6809
こうらくえん	後楽園	6627
こうらくえんほーる	後楽園ホール	7117
こうり	小売	5825
こうり	小売り	6898
こうり	公理	7511
こうりぎょう	小売業	7160
こうりっち	好立地	7331
こうりつ	効率	4763
こうりつ	公立	5774
こうりつか	効率化	6659
こうりつこうこう	公立高校	7354
こうりつせい	効率性	6999
こうりつだい	公立大	7051
こうりつてき	効率的	5545
こうりてん	小売店	7413
こうりゃく	攻略	5192
こうりゃくじょうほう	攻略情報	7453
こうりゃくほう	攻略法	6612
こうりゅう	交流	4883
こうりゅう	勾留	7049
こうりゅう	拘留	7304
こうりゅう	興隆	7506
こうりゅうかい	交流会	6737
こうりゅうせん	交流戦	7348
こうりょ	考慮	5122
こうりょう	香料	6283
こうりょう	光量	6780
こうりょう	広陵	7303
こうりょう	綱領	7350
こうりょう	荒涼	7450
こうりょく	効力	6122
こうりん	降臨	6218
こうりん	後輪	6556
こうりん	光琳	7510
こうれい	高齢	5026
こうれい	恒例	5688
こうれい	好例	7330
こうれいか	高齢化	6644
こうれいかしゃかい	高齢化社会	7413
こうれいしゃ	高齢者	5885
こうれつ	後列	6777
こうれべる	高レベル	7461
こうろ	航路	6370
こうろ	香炉	7159
こうろ	高炉	7352
こうろう	功労	6654
こうろうしょう	厚労省	6538
こうろうしょう	功労賞	7423
こうろん	口論	6812
こうわ	講話	6497
こうわ	講和	7082
こうわん	港湾	6331
こえ	声	4313
こえ	超え	5038
こえ	越え	5424
こえ	こえ	6574
こえ	肥	6977
こえ	肥え	7110
こえかけ	声掛け	6055
こえかけ	声かけ	6659
こえがけ	声がけ	6115
こえだ	小枝	6977
こえだ	声だ	7194
こえだし	声出し	6874
こえだっ	声だっ	7353
こえど	小江戸	7442
こえになっ	声になっ	7538
こえび	小エビ	7290
こえる	超える	5127
こえる	越える	6082
こえる	こえる	7190
こえをあげ	声を上げ	6732
こえをあげる	声を上げる	7167
こおう	呼応	6759
こおっ	凍っ	6421
こおどり	小躍り	7533
こおの	河野	7560
こおら	凍ら	6474
こおり	氷	5714
こおり	郡	6775
こおり	こおり	6847
こおり	凍り	7351
こおりざとう	氷砂糖	7421
こおりつい	凍りつい	7439
こおりみず	氷水	6821
こおりやま	郡山	6565
こおりやまし	郡山市	7557
こおる	凍る	6989
こおろぎ	コオロギ	6790
こか	固化	7346
こかいん	コカイン	7220
こかげ	木陰	6686
こかこーら	コカ・コーラ	7080
こかこーら	コカコーラ	7257
こかっ	濃かっ	7299
こかつ	枯渇	6582
こかぶ	子株	7185
こかわ	古川	7488
こかん	股間	6816
こかんせつ	股関節	6049
こが	古賀	6533
こが	古河	7445
こが	こが	7544
こがい	戸外	7158
こがいしゃ	子会社	5813
こがお	小顔	6174
こがおこうか	小顔効果	7253
こがく	古楽	7422
こがさ	焦がさ	7312
こがし	焦がし	6745
こがす	焦がす	7523
こがた	小型	5384
こがたか	小型化	7417
こがたき	小型機	7494
こがたしゃ	小型車	7219
こがたな	小刀	7474
こがね	黄金	6052
こがね	こがね	7351
こがねい	小金井	6825
こがねいろ	黄金色	6749
こがねむし	コガネムシ	7430
こがら	小柄	6329
こがわ	小川	6653
こがわ	古川	6970
こがん	湖岸	7302
こき	子機	6992
こき	呼気	7110
こき	古希	7356
こき	コキ	7439
こき	こき	7543
こきあ	コキア	7374
こきざみ	小刻み	6997
こきみ	小気味	7507
こきゃく	顧客	4970
こきゃくじょうほう	顧客情報	7301
こきゃくたいけん	顧客体験	7378
こきゅう	呼吸	5279
こきゅうきしっかん	呼吸器疾患	7378
こきゅうこんなん	呼吸困難	6994
こきゅうほう	呼吸法	7133
こきょう	故郷	6161
こきん	古今	7238
こぎ	漕ぎ	6673
こぎ	こぎ	7209
こぎって	小切手	6919
こぎつけ	こぎつけ	7206
こぎれい	小綺麗	7512
こぎん	こぎん	7480
こく	国	5377
こく	コク	5663
こく	石	5735
こく	濃く	5939
こく	刻	6269
こく	こく	6327
こく	酷	6700
こく	谷	7149
こくいん	刻印	6030
こくう	虚空	7079
こくえい	国営	6550
こくえき	国益	7185
こくえん	黒煙	7337
こくえん	黒鉛	7339
こくおう	国王	6209
こくがい	国外	6253
こくがく	国学	7526
こくがくいん	國學院	7374
こくがくいんだいがく	國學院大學	7549
こくぎ	国技	7064
こくぎかん	国技館	7417
こくぐん	国軍	7000
こくこ	国庫	7286
こくこく	刻々	7266
こくこくと	刻々と	6987
こくご	国語	5759
こくさい	国際	4763
こくさい	国債	6408
こくさいうちゅうすてーしょん	国際宇宙ステーション	7551
こくさいか	国際化	7543
こくさいかいぎ	国際会議	7456
こくさいきかん	国際機関	7374
こくさいきょうりょく	国際協力	7432
こくさいきんゆう	国際金融	7560
こくさいけっこん	国際結婚	7499
こくさいこうりゅう	国際交流	7222
こくさいしゃかい	国際社会	6820
こくさいしょく	国際色	7478
こくさいしんぜん	国際親善	7546
こくさいせん	国際線	6477
こくさいたいかい	国際大会	7214
こくさいてき	国際的	6095
こくさいどおり	国際通り	7114
こくさいほう	国際法	7440
こくさく	国策	7170
こくさん	国産	5537
こくさんしゃ	国産車	6785
こくし	酷使	6763
こくし	国試	7081
こくし	国史	7375
こくし	国司	7425
こくしかん	国士舘	7481
こくしゅ	国主	7484
こくしょ	酷暑	6697
こくしょく	黒色	6519
こくじ	告示	6208
こくじ	酷似	6892
こくじん	黒人	6078
こくせい	国政	6732
こくせいちょうさ	国勢調査	7056
こくせき	国籍	5894
こくぜい	国税	6732
こくぜいきょく	国税局	7200
こくぜいちょう	国税庁	6610
こくそ	告訴	6685
こくそう	国葬	7122
こくたい	国体	6442
こくたん	黒檀	7490
こくち	告知	5570
こくてい	国定	7165
こくてつ	国鉄	6148
こくてん	黒点	7164
こくとう	黒糖	6387
こくど	国土	6079
こくどう	国道	5528
こくどういちごうせん	国道1号線	7376
こくどうぞい	国道沿い	7476
こくどうよんごう	国道4号	7498
こくどこうつうしょう	国土交通省	6123
こくどこうつうだいじん	国土交通大臣	7298
こくな	酷な	7469
こくない	国内	4853
こくないがい	国内外	5760
こくないさん	国内産	7280
こくないせいぞう	国内製造	7477
こくないせん	国内線	6557
こくないそうせいさん	国内総生産	7548
こくないそうりょう	国内送料	7311
こくないりょこう	国内旅行	7022
こくはく	告白	5532
こくはつ	告発	6221
こくばん	黒板	6391
こくひ	国費	7470
こくひょう	酷評	6888
こくぴっと	コクピット	7494
こくふ	国府	7184
こくふく	克服	5808
こくぶ	国分	7280
こくぶんじ	国分寺	6854
こくべつ	告別	6952
こくべつしき	告別式	7403
こくほ	国保	6868
こくほう	国宝	6218
こくぼ	小久保	7172
こくぼう	国防	6480
こくぼうしょう	国防省	7208
こくぼうそうしょう	国防総省	7307
こくみん	国民	5085
こくみんけんこうほけん	国民健康保険	7207
こくみんせい	国民性	7474
こくみんとう	国民党	7154
こくみんねんきん	国民年金	7197
こくむ	国務	6950
こくむしょう	国務省	7462
こくめい	国名	6906
こくめい	克明	7363
こくもつ	穀物	6346
こくゆう	国有	6676
こくよ	コクヨ	7281
こくようせき	黒曜石	7254
こくら	小倉	7050
こくら	告ら	7135
こくらきた	小倉北	7369
こくらみなみ	小倉南	7563
こくりつ	国立	5340
こくりつきょうぎじょう	国立競技場	7474
こくりつこうえん	国立公園	7342
こくりつしんびじゅつかん	国立新美術館	7507
こくりつだいがく	国立大学	7377
こくりゅう	黒龍	7174
こくりょく	国力	7038
こくるい	穀類	7389
こくれん	国連	5921
こくーん	コクーン	7540
こぐ	漕ぐ	7054
こぐ	こぐ	7408
こぐち	小口	6734
こぐちきり	小口切り	6897
こぐま	こぐま	7222
こぐら	小倉	7054
こぐり	小栗	7178
こぐん	孤軍	7435
こけ	苔	6289
こけ	コケ	6581
こけ	こけ	6824
こけい	固形	6349
こけいぶつ	固形物	7552
こけし	こけし	6750
こけむし	苔むし	7428
こける	コケる	7550
こげ	焦げ	6402
こげ	こげ	7037
こげめ	焦げ目	6855
こげやすい	焦げやすい	7516
こげる	焦げる	7343
ここ	ここ	3896
ここ	個々	5616
ここ	ココ	5958
ここ	此処	6434
ここあ	ココア	6139
ここあぱうだー	ココアパウダー	7310
ここいち	ココイチ	7444
ここう	孤高	6856
ここう	虎口	7292
ここから	ここから	5079
ここじん	個々人	6799
ここす	ココス	7414
ここだ	ここだ	7552
ここち	心地	6477
ここち	ここち	7476
ここちい	心地良	7521
ここちいい	心地良い	7329
ここちよ	心地よ	6612
ここちよい	心地よい	5779
ここちよい	心地良い	7174
ここちよいかぜ	心地よい風	7345
ここちよいくうかん	心地よい空間	7338
ここちよかっ	心地よかっ	7190
ここちよく	心地よく	6179
ここちよく	心地良く	7276
ここちよさ	心地よさ	6968
ここっと	ココット	7421
ここなっつ	ココナッツ	6217
ここなっつおいる	ココナッツオイル	7294
ここなっつみるく	ココナッツミルク	7292
ここなつ	ココナツ	7416
ここなら	ココナラ	6919
ここなら	ここなら	7024
ここのえ	九重	7432
ここのか	9日	5121
ここのか	九日	7403
ここのつ	9つ	6543
ここのつ	九つ	7505
ここら	ここら	6493
こころ	心	4595
こころ	こころ	5796
こころ	ココロ	6415
こころあたたまる	心温まる	6563
こころあたり	心当たり	6499
こころいき	心意気	6879
こころうたれ	心打たれ	7451
こころうばわれ	心奪われ	7455
こころえ	心得	6638
こころおき	心置き	7311
こころおだやか	心穏やか	7185
こころおどる	心躍る	7111
こころおれ	心折れ	7320
こころから	心から	5510
こころがおれ	心が折れ	7073
こころがけ	心がけ	5496
こころがけ	心掛け	5997
こころがける	心がける	6450
こころがける	心掛ける	7028
こころがまえ	心構え	6355
こころがわり	心変わり	7351
こころくばり	心配り	7138
こころぐるしい	心苦しい	6966
こころぐるしく	心苦しく	7557
こころざし	志	5849
こころざし	志し	6693
こころざす	志す	6773
こころして	心して	7325
こころずよい	心強い	7455
こころづかい	心遣い	6688
こころづよい	心強い	6304
こころづよいみかた	心強い味方	7514
こころづよかっ	心強かっ	7246
こころづよく	心強く	7237
こころとからだ	心と体	6965
こころとからだ	心と身体	7353
こころない	心無い	7284
こころない	心ない	7474
こころにのこっ	心に残っ	6950
こころにのこり	心に残り	7544
こころにのこる	心に残る	6984
こころにひびい	心に響い	7474
こころにひびき	心に響き	7507
こころにひびく	心に響く	7250
こころね	心根	7532
こころのこえ	心の声	7121
こころのこり	心残り	7152
こころのそこ	心の底	6544
こころひかれ	心惹かれ	7288
こころひかれる	心惹かれる	7449
こころぼそい	心細い	7387
こころまち	心待ち	6550
こころみ	試み	5797
こころみる	試みる	6367
こころもち	心持ち	7013
こころもとない	心もとない	7355
こころもとない	心許ない	7486
こころやさしい	心優しい	6914
こころゆく	心ゆく	7260
こころゆくまで	心ゆくまで	7417
こころゆたか	心豊か	7070
こころよく	快く	6263
こころをうごかさ	心を動かさ	7547
こころをこめ	心を込め	6888
こころをこめ	心をこめ	7240
ここん	古今	6921
ここんとこ	ここんとこ	7379
こご	古語	7229
こごえ	小声	6814
こごえ	凍え	7360
こごえる	凍える	7384
こごと	小言	7115
こごろう	小五郎	6913
こさ	こさ	6650
こさ	濃さ	6650
こさ	越さ	7538
こさか	小坂	7312
こさく	小作	7425
こさじ	小さじ	5747
こさつ	古刹	7408
こさめ	小雨	6417
こさわ	小沢	7346
こさん	古参	6614
こさん	こさん	6796
こさーじゅ	コサージュ	7242
こざ	こざ	7217
こざ	コザ	7513
こざいく	小細工	7361
こざか	小坂	7566
こざかな	小魚	6774
こざら	小皿	6785
こざわ	小沢	7307
こざわ	小澤	7405
こし	腰	5507
こし	越し	5789
こし	こし	6344
こし	コシ	6362
こし	古紙	7070
こし	濾し	7306
こし	枯死	7375
こし	輿	7417
こしあん	こしあん	6875
こしあん	こし餡	7341
こしい	こしい	7131
こしかけ	腰掛け	6850
こしかけ	腰かけ	7263
こしかける	腰掛ける	7499
こしかべ	腰壁	7518
こしがや	越谷	6810
こしき	古式	7008
こしたんたん	虎視眈々	7467
こしつ	個室	5715
こしつ	固執	6849
こしば	小芝	7446
こしひかり	コシヒカリ	6680
こしま	小島	7009
こしまわり	腰回り	6995
こしゅ	古酒	7474
こしゅう	固執	7077
こしょ	古書	6666
こしょう	故障	5425
こしょう	胡椒	5949
こしょう	こしょう	6028
こしょう	コショウ	6175
こしょう	呼称	6292
こしょう	湖沼	7141
こしょう	小姓	7546
こしょうのげんいん	故障の原因	7185
こしらえ	こしらえ	7370
こしをおろし	腰を下ろし	7362
こしをすえ	腰を据え	7245
こじ	孤児	6611
こじ	誇示	6988
こじ	故事	7285
こじあけ	こじ開け	7412
こじき	古事記	6632
こじき	乞食	6746
こじつけ	こじつけ	7141
こじま	小島	6429
こじま	児島	7238
こじま	小嶋	7274
こじま	コジマ	7277
こじゅうと	小姑	7528
こじょう	古城	7041
こじょう	湖上	7302
こじらせ	こじらせ	7072
こじれ	こじれ	7249
こじろう	小次郎	7108
こじわ	小じわ	7280
こじん	個人	4317
こじん	故人	6232
こじんこじん	個人個人	7396
こじんさ	個人差	6236
こじんじぎょう	個人事業	7549
こじんじぎょうぬし	個人事業主	7114
こじんじょうほう	個人情報	4580
こじんじょうほうほごほう	個人情報保護法	6844
こじんじょうほうほごほうしん	個人情報保護方針	6975
こじんせん	個人戦	6979
こじんたく	個人宅	7426
こじんてき	個人的	4933
こじんでーた	個人データ	6735
こじんとうしか	個人投資家	7484
こじんばんごう	個人番号	7221
こじんまり	こじんまり	6530
こじんむけ	個人向け	6903
こじんめい	個人名	7327
こじんゆにゅう	個人輸入	7562
こじんれっすん	個人レッスン	7448
こす	コス	5754
こす	超す	7013
こす	越す	7065
こす	こす	7070
こすい	湖水	7256
こすう	個数	6117
こすう	戸数	6905
こすぎ	小杉	6826
こすたりか	コスタリカ	7034
こすちゅーむ	コスチューム	6259
こすっ	擦っ	6754
こすっ	こすっ	6808
こすと	コスト	4954
こすとがかかる	コストがかかる	7076
こすとこ	コストコ	6659
こすとだうん	コストダウン	6759
こすとぱふぉーまんす	コストパフォーマンス	6235
こすぱ	コスパ	5645
こすぷれ	コスプレ	6162
こすめ	コスメ	5989
こすめぶらんど	コスメブランド	7350
こすも	コスモ	6703
こすもす	コスモス	6234
こすら	こすら	7339
こすり	こすり	6885
こすり	擦り	7382
こする	擦る	6993
こする	こする	7100
こすれ	こすれ	7359
こすれ	擦れ	7555
こずえ	梢	7102
こずえ	こずえ	7277
こずかい	小遣い	7390
こずれ	子連れ	7311
こせい	個性	5065
こせいてき	個性的	5914
こせき	戸籍	6116
こせきとうほん	戸籍謄本	7352
こせん	古銭	7455
こせんきょう	跨線橋	7061
こせんじょう	古戦場	6924
こぜに	小銭	6334
こぜにいれ	小銭入れ	7311
こぜりあい	小競り合い	7422
こそ	こそ	4570
こそく	姑息	7342
こそこそ	コソコソ	7120
こそこそ	こそこそ	7322
こそだて	子育て	5096
こそで	小袖	7536
こぞう	小僧	6570
こぞって	こぞって	6775
こた	小田	7362
こた	古田	7513
こたい	個体	5474
こたい	固体	6332
こたいさ	個体差	6247
こたいすう	個体数	7309
こたいち	個体値	7498
こたえ	答え	5027
こたえ	応え	5558
こたえ	答	6611
こたえ	こたえ	6787
こたえ	堪え	7272
こたえよ	応えよ	7314
こたえよ	答えよ	7396
こたえよう	応えよう	7321
こたえよう	答えよう	7403
こたえる	答える	5691
こたえる	応える	5959
こたえる	こたえる	7232
こたえる	堪える	7563
こたえれ	答えれ	7442
こたち	子たち	6004
こたち	子達	6761
こたつ	こたつ	6533
こたつ	コタツ	6960
こたろう	小太郎	7308
こだ	子だ	6698
こだ	小田	7178
こだ	古田	7355
こだい	古代	5466
こだい	誇大	7293
こだいえじぷと	古代エジプト	7026
こだいら	小平	7450
こだかい	小高い	6881
こだかいおか	小高い丘	7183
こだから	子宝	7006
こだき	小滝	7461
こだし	小出し	7265
こだち	木立	7029
こだっ	子だっ	6968
こだっく	コダック	7419
こだて	戸建て	6306
こだて	戸建	6624
こだま	児玉	6875
こだま	こだま	6939
こだま	小玉	7439
こだわっ	こだわっ	5542
こだわっ	拘っ	6673
こだわら	こだわら	6420
こだわり	こだわり	5372
こだわり	コダワリ	7501
こだわりぬい	こだわり抜い	7025
こだわる	こだわる	5980
こだわる	拘る	7359
こち	コチ	7499
こちとら	こちとら	7373
こちゃく	固着	6735
こちゃん	子ちゃん	7024
こちゃん	こちゃん	7397
こちゅじゃん	コチュジャン	6891
こちょう	誇張	6688
こちょう	胡蝶	6695
こちょうらん	胡蝶蘭	7283
こちら	こちら	3896
こちら	コチラ	5440
こちら	此方	7239
こちらへ	こちらへ	6401
こぢんまり	こぢんまり	7333
こっ	凝っ	6214
こっ	こっ	6356
こっか	国家	5202
こっか	国歌	6880
こっかい	国会	5721
こっかい	黒海	7323
こっかいぎいん	国会議員	6894
こっかいぎじどう	国会議事堂	7523
こっかいとしょかん	国会図書館	7138
こっかく	骨格	5781
こっかくしんだん	骨格診断	7498
こっかこうむいん	国家公務員	7327
こっかしかく	国家資格	6846
こっかしけん	国家試験	7178
こっから	こっから	6951
こっき	国旗	6231
こっきょう	国境	6082
こっきょう	国教	7411
こっく	コック	6366
こっくぴっと	コックピット	6783
こっくり	こっくり	7150
こっけい	滑稽	6820
こっこ	国庫	7296
こっこう	国交	6489
こっこうしょう	国交省	7131
こっこうりつ	国公立	6414
こっこうりつだい	国公立大	7501
こっこうりつだいがく	国公立大学	7479
こっこく	刻々	7266
こっし	骨子	7123
こっせつ	骨折	5858
こっそり	こっそり	5975
こっそり	コッソリ	7407
こっち	こっち	5182
こっち	コッチ	7202
こっち	此方	7273
こってり	こってり	6488
こってり	コッテリ	7528
こっと	コット	7379
こっとう	骨董	6501
こっとう	骨頭	7353
こっとん	コットン	5896
こっぷ	コップ	5954
こっぺぱん	コッペパン	6959
こつ	コツ	5395
こつ	骨	5757
こつ	こつ	6836
こつこつ	コツコツ	5943
こつこつ	こつこつ	7039
こつざい	骨材	7234
こつずい	骨髄	6629
こつぜんと	忽然と	7419
こつそしょうしょう	骨粗鬆症	6907
こつつぼ	骨壺	7482
こつばん	骨盤	5811
こつばんきょうせい	骨盤矯正	7258
こつぶ	小粒	6775
こづかい	小遣い	6239
こづかい	こづかい	7394
こづくり	子作り	7372
こづつみ	小包	7383
こづれ	子連れ	6160
こて	コテ	6686
こて	こて	6877
こて	小手	7181
こて	鏝	7555
こてい	固定	4887
こてい	湖底	7458
こていかんねん	固定観念	7055
こていがいねん	固定概念	7325
こていしさんぜい	固定資産税	6861
こていでんわ	固定電話	7229
こていひ	固定費	7274
こてこて	コテコテ	7368
こてさき	小手先	7330
こてん	古典	5842
こてん	個展	6024
こてんてき	古典的	6828
こてーじ	コテージ	6583
こで	子で	7063
こと	こと	2674
こと	事	4145
こと	コト	6068
こと	琴	6688
こと	古都	6804
こと	異	7471
ことう	孤島	6896
ことうげ	小峠	7407
ことかか	事欠か	7408
ことがら	事柄	6197
ことこ	琴子	7433
ことこと	コトコト	7052
ことこまか	事細か	7253
ことごとく	ことごとく	6582
ことごとく	尽く	7052
ことごとく	悉く	7306
ことさら	ことさら	7294
ことさら	殊更	7538
ことし	今年	4325
ことし	ことし	6434
ことしじゅう	今年中	7319
ことしちゅう	今年中	7430
ことしのなつ	今年の夏	6373
ことしのはる	今年の春	7165
ことたり	事足り	7525
ことたりる	事足りる	7270
ことだ	事だ	7355
ことだま	言霊	6877
ことだまん	コトダマン	7499
ことで	事で	6869
ことではない	ことではない	7298
ことな	事な	6913
ことない	事ない	7365
ことなきをえ	事なきを得	7387
ことなっ	異なっ	5715
ことなら	ことなら	6099
ことなり	異なり	4983
ことなる	異なる	4678
ことなれ	異なれ	7516
ことに	ことに	6214
ことに	殊に	7401
ことに	琴似	7501
ことに	異に	7501
ことになっ	事になっ	7320
ことになり	事になり	6987
ことになる	事になる	7135
ことね	琴音	7416
ことのは	言の葉	7433
ことは	琴葉	7507
ことば	言葉	4235
ことば	ことば	5875
ことば	詞	6721
ことば	コトバ	7073
ことばじたい	言葉自体	7412
ことばづかい	言葉遣い	6527
ことばどおり	言葉通り	7553
ことばにできない	言葉にできない	7229
ことひら	琴平	7418
ことぶき	寿	6563
ことぶき	壽	7471
ことぶき	ことぶき	7476
ことぶきや	コトブキヤ	7372
ことり	小鳥	6417
ことり	ことり	7028
ことわざ	ことわざ	6493
ことわざ	諺	7197
ことわっ	断っ	6069
ことわら	断ら	6085
ことわり	断り	6327
ことわり	理	6541
ことわり	ことわり	7421
ことわる	断る	6173
ことわれ	断れ	6983
こどう	鼓動	6565
こどう	古道	7106
こどうぐ	小道具	6523
こどく	孤独	5685
こどくかん	孤独感	7008
こどくし	孤独死	7566
こどくのぐるめ	孤独のグルメ	7323
こども	子供	4224
こども	子ども	4278
こども	こども	5271
こども	コドモ	7559
こどもえん	こども園	7491
こどもしょくどう	子ども食堂	7206
こどもしょくどう	こども食堂	7479
こどもじしん	子ども自身	7427
こどもじだい	子供時代	7066
こどもじだい	子ども時代	7402
こどもたち	子どもたち	5241
こどもたち	子供たち	5547
こどもたち	子供達	5897
こどもたち	子ども達	5991
こどもたち	こどもたち	6808
こどもたち	こども達	7453
こどもっぽい	子供っぽい	7425
こどもっぽく	子供っぽく	7391
こどものあそび	子供の遊び	7526
こどものくに	こどもの国	7373
こどものこと	子供のこと	7082
こどものこと	子どものこと	7239
こどものこと	子供の事	7565
こどものころ	子供の頃	7484
こどものひ	こどもの日	6983
こどもふく	子供服	6780
こどもへや	子ども部屋	7447
こどもべや	子供部屋	6730
こどもむけ	子供向け	7348
こどもよう	子供用	7321
こどもら	子供ら	7342
こな	粉	5563
こな	子な	6769
こな	コナ	7026
こない	庫内	6896
こないだ	こないだ	6314
こなか	小中	7100
こなごな	粉々	7079
こなさ	こなさ	7124
こなざとう	粉砂糖	7505
こなし	こなし	5804
こなし	熟し	6989
こなす	こなす	5979
こなせ	こなせ	7080
こなせる	こなせる	6546
こなた	此方	7266
こなちーず	粉チーズ	6921
こなみ	コナミ	6854
こなみるく	粉ミルク	7131
こなゆき	粉雪	7499
こなら	コナラ	7309
こなら	子なら	7392
こなるい	粉類	7524
こなれ	こなれ	6506
こなん	コナン	5827
こなん	湖南	7339
こなー	コナー	7277
こにし	小西	6569
こになっ	子になっ	7475
こにゃっく	コニャック	7517
こにー	コニー	7329
こね	コネ	6469
こね	こね	6647
こねくしょん	コネクション	6815
こねくた	コネクタ	6154
こねくたー	コネクター	6644
こねくと	コネクト	6723
こねこ	子猫	6086
こねこ	こねこ	7038
こねこ	仔猫	7216
こねた	小ネタ	7527
こねる	こねる	7074
この	この	3123
この	此の	6640
この	コノ	7114
このあいだ	この間	6079
このうえない	この上ない	6841
このうち	この内	6564
このえ	近衛	7046
このかた	この方	5616
このかん	この間	6344
このごろ	この頃	5702
このごろ	このごろ	7035
このさい	この際	6341
このさき	この先	5690
このした	木の下	6906
このせつ	この節	7190
このたび	この度	5264
このは	木の葉	6816
このは	木ノ葉	7532
このへん	この辺	5906
このほど	このほど	6439
このほど	この程	6481
このま	好ま	6216
このま	木の間	7548
このまえ	この前	5895
このましい	好ましい	6317
このましく	好ましく	6455
このまま	このまま	5213
このみ	好み	5304
このみ	この美	6616
このみ	木の実	6616
このみ	菓	6920
このみ	このみ	7265
このみにあわせ	好みに合わせ	7361
このむ	好む	5978
このよ	この世	5749
このん	好ん	6315
このんで	好んで	7488
こはく	琥珀	6577
こはく	こはく	7266
こはく	コハク	7304
こはば	小幅	7475
こはま	小浜	7497
こはやし	小林	6796
こはら	小原	7377
こはる	小春	7145
こはる	こはる	7228
こはる	コハル	7503
こはん	湖畔	6423
こば	コバ	7310
こばえ	コバエ	7223
こばか	小馬鹿	7367
こばこ	小箱	7226
こばしり	小走り	7234
こばち	小鉢	6510
こばな	小鼻	7062
こばなし	小話	7202
こばなれ	子離れ	7483
こばま	拒ま	7285
こばみ	拒み	7248
こばむ	拒む	6981
こばやかわ	小早川	7445
こばやし	小林	5674
こばら	小腹	6802
こばら	小原	7321
こばると	コバルト	6990
こばるとぶるー	コバルトブルー	7452
こばん	拒ん	6948
こばん	小判	6975
こひつじ	子羊	7202
こひなた	小日向	7504
こび	媚び	6951
こび	こび	7130
こび	媚	7375
こびと	小人	7027
こびりつい	こびりつい	7032
こびる	媚びる	7524
こびん	小瓶	7098
こびー	コビー	7548
こぴっく	コピック	7442
こぴぺ	コピペ	6214
こぴー	コピー	5212
こぴーらいたー	コピーライター	7160
こふ	古布	7560
こふう	古風	7017
こふさ	小房	7314
こふん	古墳	5884
こぶ	昆布	6426
こぶ	コブ	6518
こぶ	瘤	6603
こぶ	鼓舞	6655
こぶくろ	小袋	7008
こぶし	拳	6360
こぶし	こぶし	6886
こぶし	小節	7377
こぶし	コブシ	7476
こぶた	子豚	7382
こぶつ	古物	7030
こぶつしょう	古物商	7015
こぶとり	小太り	7555
こぶね	小舟	7249
こぶら	コブラ	6806
こぶり	小ぶり	6291
こぶり	小振り	7216
こぶん	古文	6717
こぶん	子分	6963
こべつ	個別	5183
こべつ	戸別	7456
こべつしどう	個別指導	7131
こべつそうだん	個別相談	7211
こべつに	個別に	5946
こぺん	コペン	7281
こぺんはーげん	コペンハーゲン	7002
こほうそう	個包装	7014
こほく	湖北	7128
こほーと	コホート	7333
こぼさ	こぼさ	7370
こぼし	こぼし	6360
こぼし	零し	7377
こぼす	こぼす	7033
こぼね	小骨	7409
こぼり	小堀	7508
こぼれ	こぼれ	6329
こぼれ	溢れ	7103
こぼれ	零れ	7372
こぼれおち	こぼれ落ち	7383
こぼれだね	こぼれ種	7553
こぼればなし	こぼれ話	7438
こぼれる	こぼれる	6943
こぼれる	溢れる	7128
こま	コマ	5535
こま	駒	6016
こま	こま	6301
こま	込ま	6907
こま	狛	7096
こま	高麗	7435
こま	独楽	7475
こまい	駒井	7535
こまいぬ	狛犬	6624
こまえ	狛江	7341
こまか	細か	5731
こまかい	細かい	5179
こまかい	細い	7091
こまかいきず	細かい傷	6807
こまかいきず	細かいキズ	7378
こまかいさぎょう	細かい作業	7051
こまかいせってい	細かい設定	7346
こまかいぶぶん	細かい部分	6577
こまかく	細かく	5426
こまかく	細く	7348
こまかさ	細かさ	7172
こまがだけ	駒ヶ岳	7219
こまき	小牧	6882
こまぎり	細切り	6558
こまぎれ	細切れ	7199
こまく	鼓膜	6991
こまごま	細々	6632
こまごま	こまごま	7495
こまざわだいがく	駒澤大学	7391
こまだい	駒大	7341
こまち	小町	6612
こまち	こまち	6996
こまっ	困っ	5178
こまっ	こまっ	7306
こまつ	小松	6173
こまつ	コマツ	7321
こまつな	小松菜	6245
こまど	小窓	7018
こまの	駒の	7186
こまば	駒場	7232
こまめ	こまめ	5952
こまめ	小まめ	7405
こまやか	細やか	6384
こまら	困ら	6103
こまり	困り	5548
こまりはて	困り果て	7339
こまる	困る	5529
こまる	こまる	7302
こまわり	小回り	6742
こまをすすめ	駒を進め	7235
こまんど	コマンド	5252
こまんどぷろんぷと	コマンドプロンプト	6904
こまんどらいん	コマンドライン	7163
こまーしゃる	コマーシャル	6740
こまーす	コマース	6961
こみ	込み	5895
こみ	込	6240
こみ	混み	6374
こみ	こみ	6633
こみあい	混み合い	7283
こみあう	混み合う	7030
こみあげ	込み上げ	7007
こみあげ	こみ上げ	7141
こみあっ	混み合っ	7011
こみいっ	込み入っ	7541
こみからいず	コミカライズ	6741
こみかる	コミカル	6428
こみけ	コミケ	6724
こみこみ	コミコミ	7558
こみち	小道	6766
こみち	小路	7272
こみっく	コミック	5819
こみっくす	コミックス	6369
こみっしょん	コミッション	7153
こみっと	コミット	6340
こみっとめんと	コミットメント	6810
こみてぃあ	コミティア	7488
こみなと	小湊	7499
こみにゅけーしょん	コミニュケーション	7498
こみゃ	こみゃ	6907
こみゃ	込みゃ	6907
こみや	小宮	7120
こみやま	小宮山	7437
こみゅにけーしょん	コミュニケーション	4938
こみゅにけーしょんず	コミュニケーションズ	7383
こみゅにてぃ	コミュニティ	5316
こみゅにてぃー	コミュニティー	6602
こみゅりょく	コミュ力	7457
こみんか	古民家	7029
こむ	コム	6462
こむ	こむ	6603
こむ	混む	6749
こむ	込む	6918
こむぎ	小麦	5895
こむぎ	コムギ	7527
こむぎこ	小麦粉	5870
こむすび	小結	7561
こむすめ	小娘	7403
こむずかしい	小難しい	7328
こむら	木村	7059
こむろ	小室	6662
こめ	込め	5305
こめ	コメ	5792
こめ	米	6044
こめ	こめ	6212
こめ	個目	7148
こめかみ	こめかみ	6968
こめくら	米倉	7549
こめこ	米粉	6039
こめこ	米子	7345
こめず	米酢	7508
こめだ	コメダ	7121
こめだこーひー	コメダ珈琲	7415
こめだこーひーてん	コメダ珈琲店	7312
こめっと	コメット	7365
こめでぃ	コメディ	6035
こめでぃあん	コメディアン	7088
こめでぃー	コメディー	7033
こめぬか	米ぬか	6999
こめや	米屋	7373
こめり	コメリ	7387
こめる	込める	6747
こめる	こめる	7504
こめん	湖面	6998
こめんてーたー	コメンテーター	6732
こめんと	コメント	4401
こめんとください	コメント下さい	6588
こめんとください	コメントください	7526
こめんとなし	コメント無し	7476
こめんとらん	コメント欄	5950
こも	こも	6907
こも	込も	6907
こも	コモ	7149
こもじ	小文字	6589
こもち	子持ち	6570
こもっ	こもっ	6088
こもっ	籠もっ	7162
こもっ	篭っ	7507
こもでぃてぃ	コモディティ	7486
こもの	小物	5548
こもの	菰野	7465
こものいれ	小物入れ	7318
こものるい	小物類	7390
こもり	こもり	6708
こもり	子守	6776
こもり	小森	6985
こもり	籠もり	7485
こもる	こもる	7106
こもれ	こもれ	7327
こもれび	木漏れ日	6928
こもろ	小諸	7164
こもん	顧問	5810
こもん	小紋	7099
こもん	コモン	7221
こもんじょ	古文書	6881
こもんず	コモンズ	7094
こや	小屋	5725
こや	古谷	7538
こやく	子役	6226
こやし	肥やし	7301
こやす	子安	7463
こやすど	小休止	7532
こやなぎ	小柳	7242
こやま	小山	6458
こやま	こやま	7277
こゆい	濃ゆい	7560
こゆう	固有	5799
こゆうち	固有値	7427
こゆうめいし	固有名詞	6966
こゆき	小雪	7188
こゆび	小指	6413
こよ	こよ	6651
こよ	来よ	6891
こよい	今宵	6570
こよう	雇用	5248
こよう	来よう	6969
こようけいたい	雇用形態	7139
こようけいやく	雇用契約	7244
こようとうけい	雇用統計	7417
こようぬし	雇用主	7268
こようほけん	雇用保険	7123
こよなく	こよなく	6651
こよみ	暦	6769
こよみ	こよみ	7475
こより	こより	7306
こら	こら	6625
こら	コラ	6786
こら	子ら	6858
こらい	古来	6315
こらえ	こらえ	6825
こらえ	堪え	7101
こらえる	こらえる	7320
こらさ	凝らさ	7396
こらし	凝らし	6538
こらし	こらし	7474
こらぼ	コラボ	5197
こらぼあいてむ	コラボアイテム	7122
こらぼいべんと	コラボイベント	6811
こらぼかふぇ	コラボカフェ	7129
こらぼがちゃ	コラボガチャ	7540
こらぼきゃら	コラボキャラ	7404
こらぼきゃんぺーん	コラボキャンペーン	7456
こらぼぐっず	コラボグッズ	7123
こらぼめにゅー	コラボメニュー	7146
こらぼれーしょん	コラボレーション	5733
こらむ	コラム	5726
こらむにすと	コラムニスト	7260
こらーげん	コラーゲン	6263
こらーじゅ	コラージュ	6730
こり	コリ	6334
こり	こり	6673
こり	懲り	6899
こり	凝り	6936
こりあ	コリア	7148
こりあん	コリアン	7375
こりあんだー	コリアンダー	7431
こりかたまっ	凝り固まっ	7090
こりこり	コリコリ	6889
こりつ	孤立	6088
こりどらす	コリドラス	7391
こりゃ	こりゃ	6096
こりょうり	小料理	7296
こりん	コリン	6840
こりんず	コリンズ	7399
こりんと	コリント	7375
こりー	コリー	7227
こる	コル	6526
こる	こる	7192
こるく	コルク	6603
こるせっと	コルセット	7014
こるちぞーる	コルチゾール	7374
こると	コルト	7162
これ	これ	3496
これ	コレ	5488
これ	之	6354
これ	来れ	6580
これ	此れ	7172
これいじょう	これ以上	5670
これえだ	是枝	7343
これから	これから	4377
これくしょん	コレクション	5312
これくた	コレクタ	6993
これくたー	コレクター	6401
これくと	コレクト	7278
これこれ	これこれ	7140
これこれ	コレコレ	7484
これじゃない	これじゃない	6604
これすてろーる	コレステロール	6321
これぞ	これぞ	6254
これだけ	これだけ	5237
これっと	コレット	7433
これっぽっち	これっぽっち	7380
これほど	これ程	7365
これら	これら	4538
これら	コレラ	7308
これる	来れる	6757
ころ	頃	4488
ころ	ころ	5184
ころ	コロ	6704
ころあい	頃合い	7115
ころいど	コロイド	7371
ころがし	転がし	6538
ころがす	転がす	7026
ころがっ	転がっ	6293
ころがり	転がり	6740
ころがりこん	転がり込ん	7549
ころがる	転がる	6787
ころげおち	転げ落ち	7530
ころころ	コロコロ	6297
ころころ	ころころ	6865
ころさ	殺さ	5631
ころし	殺し	5889
ころしあい	殺し合い	7470
ころしあむ	コロシアム	7050
ころしや	殺し屋	6619
ころす	殺す	5874
ころせ	殺せ	7418
ころせる	殺せる	7192
ころせん	殺せん	7441
ころそ	殺そ	6775
ころそう	殺そう	6770
ころっけ	コロッケ	6120
ころっせお	コロッセオ	7530
ころな	コロナ	4616
ころなういるす	コロナウイルス	6994
ころなか	コロナ禍	5558
ころなかまえ	コロナ禍前	7413
ころにー	コロニー	6600
ころば	転ば	7165
ころび	転び	7097
ころぶ	転ぶ	6991
ころも	衣	6319
ころもがえ	衣替え	6811
ころらど	コロラド	7084
ころん	転ん	6378
ころん	コロン	6528
ころん	ころん	6832
ころんびあ	コロンビア	6425
ころんびあだいがく	コロンビア大学	7537
ころんぶす	コロンブス	7171
ころんぼ	コロンボ	7195
ころーる	コロール	7325
こわ	強	5856
こわ	怖	6084
こわ	こわ	7076
こわ	恐	7546
こわい	怖い	5058
こわい	こわい	6378
こわい	強い	6502
こわい	恐い	6769
こわい	コワイ	7322
こわいかお	怖い顔	7380
こわいこわい	怖い怖い	7455
こわいななし	怖い名無し	6810
こわいはなし	怖い話	6729
こわいひと	怖い人	7323
こわいろ	声色	7037
こわかっ	怖かっ	6100
こわがっ	怖がっ	6721
こわがら	怖がら	6714
こわがり	怖がり	6946
こわがる	怖がる	6930
こわく	怖く	5695
こわく	こわく	7255
こわく	強く	7309
こわく	恐く	7413
こわけ	小分け	6470
こわさ	強さ	6240
こわさ	壊さ	6334
こわさ	怖さ	6763
こわざ	小技	7045
こわし	壊し	5915
こわし	毅	7435
こわし	こわし	7489
こわす	壊す	6257
こわせる	壊せる	7507
こわそう	怖そう	7472
こわだか	声高	7252
こわね	声音	7517
こわばり	こわばり	7333
こわもて	強面	7189
こわれ	壊れ	5442
こわれ	こわれ	7369
こわれそう	壊れそう	7284
こわれにくい	壊れにくい	7401
こわれやすい	壊れやすい	7030
こわれる	壊れる	6190
こわーきんぐすぺーす	コワーキングスペース	6917
こん	今	5510
こん	コン	5893
こん	根	5909
こん	混ん	5930
こん	金	6060
こん	婚	6064
こん	こん	6219
こん	痕	6610
こんい	懇意	7519
こんいろ	紺色	6756
こんいん	婚姻	6091
こんいんかんけい	婚姻関係	7555
こんいんとどけ	婚姻届	7144
こんか	今夏	6373
こんかい	今回	3837
こんかいのきじ	今回の記事	6262
こんかいのけっか	今回の結果	7071
こんかいのけん	今回の件	7091
こんかいのこと	今回のこと	7237
こんかいのばあい	今回の場合	7004
こんかつ	婚活	5749
こんかふぇ	コンカフェ	7344
こんかん	根幹	6476
こんかんちりょう	根管治療	7477
こんがり	こんがり	6460
こんがん	懇願	6741
こんき	今季	5583
こんき	今期	6188
こんき	根気	6500
こんきづよく	根気強く	7203
こんきゅう	困窮	6566
こんきょ	根拠	5571
こんくり	コンクリ	7064
こんくりーと	コンクリート	5618
こんくりーとぶろっく	コンクリートブロック	7177
こんくーる	コンクール	5753
こんぐ	コング	7269
こんけい	根茎	7409
こんけいぶ	コンケイブ	7555
こんけつ	混血	7040
こんげつ	今月	5243
こんげつちゅう	今月中	7324
こんげつまつ	今月末	6997
こんげん	根源	6421
こんげん	根元	6726
こんげんざい	今現在	7219
こんげんてき	根源的	7476
こんこるど	コンコルド	7425
こんこん	コンコン	7231
こんこん	こんこん	7436
こんこーす	コンコース	6971
こんご	今後	4361
こんご	コンゴ	7025
こんごう	混合	5723
こんごう	金剛	6872
こんごうぶつ	混合物	7486
こんごのこと	今後のこと	7391
こんごのもくひょう	今後の目標	7083
こんさい	根菜	6804
こんさい	混載	7434
こんさどーれ	コンサドーレ	7205
こんさる	コンサル	6163
こんさるたんと	コンサルタント	5773
こんさるてぃんぐ	コンサルティング	5706
こんさるてーしょん	コンサルテーション	7524
こんさーと	コンサート	5301
こんさーとほーる	コンサートホール	7128
こんざい	混在	6308
こんざつ	混雑	5505
こんざつじ	混雑時	6983
こんざつじょうきょう	混雑状況	7084
こんしぇるじゅ	コンシェルジュ	6500
こんしゅう	今週	5099
こんしゅう	今秋	6742
こんしゅうちゅう	今週中	7506
こんしゅうまつ	今週末	6174
こんしゅん	今春	6609
こんしゅーま	コンシューマ	6758
こんしゅーまー	コンシューマー	7158
こんしょく	混色	7276
こんしん	懇親	6162
こんしん	渾身	6446
こんしんかい	懇親会	6662
こんしーずん	今シーズン	6307
こんしーらー	コンシーラー	6920
こんじ	今時	6742
こんじ	根治	7541
こんじき	金色	6418
こんじぶん	今自分	7509
こんじゃく	今昔	7124
こんじょう	根性	6204
こんじょう	今生	7437
こんじる	混じる	6953
こんす	コンス	6861
こんすい	昏睡	7037
こんすたんと	コンスタント	6796
こんすとらくた	コンストラクタ	7555
こんせい	混成	7084
こんせい	混声	7200
こんせい	今世	7207
こんせいき	今世紀	7322
こんせき	痕跡	6275
こんせつ	今節	7044
こんせぷと	コンセプト	5260
こんせぷとかー	コンセプトカー	7368
こんせん	混戦	6995
こんせんさす	コンセンサス	7023
こんせんと	コンセント	5883
こんぜつ	根絶	6856
こんそめ	コンソメ	6343
こんそーしあむ	コンソーシアム	6853
こんそーる	コンソール	6100
こんた	今田	7554
こんたいかい	今大会	6391
こんたくと	コンタクト	5960
こんたくとれんず	コンタクトレンズ	6479
こんたん	魂胆	7331
こんだ	今田	7455
こんだく	混濁	7382
こんだけ	こんだけ	6744
こんだて	献立	5899
こんだん	懇談	6263
こんだんかい	懇談会	7415
こんち	こんち	7369
こんち	根治	7455
こんちぇると	コンチェルト	7368
こんちねんたる	コンチネンタル	6993
こんちゅう	昆虫	5790
こんちょう	今朝	6966
こんて	コンテ	6635
こんてぃにゅー	コンティニュー	7406
こんてい	根底	6353
こんてきすと	コンテキスト	6433
こんてくすと	コンテクスト	7296
こんてすと	コンテスト	5651
こんてな	コンテナ	5778
こんてなー	コンテナー	7139
こんてんつ	コンテンツ	4879
こんてんつせいさく	コンテンツ制作	7514
こんてんぽらりー	コンテンポラリー	7401
こんでぃしょなー	コンディショナー	6872
こんでぃしょにんぐ	コンディショニング	6933
こんでぃしょん	コンディション	5797
こんでじ	コンデジ	6932
こんでんさ	コンデンサ	6394
こんでんさー	コンデンサー	6842
こんと	コント	6173
こんとう	今冬	7166
こんとらくと	コントラクト	7492
こんとらすと	コントラスト	5998
こんとらばす	コントラバス	7141
こんとろーら	コントローラ	6264
こんとろーらー	コントローラー	6060
こんとろーる	コントロール	5174
こんとろーるぱねる	コントロールパネル	7148
こんとん	混沌	6376
こんど	今度	5024
こんど	こんど	6730
こんど	金土	7424
こんどう	近藤	5950
こんどう	混同	6383
こんどう	金堂	7144
こんどみにあむ	コンドミニアム	7102
こんどる	コンドル	7253
こんどーむ	コンドーム	7024
こんな	こんな	4228
こんなに	こんなに	5070
こんなにうれしい	こんなに嬉しい	7561
こんなにおいしい	こんなに美味しい	7217
こんなにおおきく	こんなに大きく	7389
こんなにかわいい	こんなに可愛い	7172
こんなにすばらしい	こんなに素晴らしい	7560
こんなにたのしい	こんなに楽しい	7458
こんなにはやく	こんなに早く	7182
こんなにも	こんなにも	6013
こんなふうに	こんなふうに	7540
こんなん	困難	5062
こんにち	今日	4810
こんにち	こんにち	6476
こんにちは	こんにちは	4774
こんにちわ	こんにちわ	6484
こんにゃく	こんにゃく	6224
こんにゃく	コンニャク	7216
こんにゃく	蒟蒻	7293
こんにゅう	混入	6338
こんねんど	今年度	5572
こんの	今野	7124
こんの	紺野	7150
こんばいん	コンバイン	7224
こんばん	今晩	6504
こんばんは	こんばんは	5475
こんばんわ	こんばんわ	6658
こんばーじょん	コンバージョン	6481
こんばーす	コンバース	7349
こんばーた	コンバータ	7081
こんばーたー	コンバーター	7049
こんばーと	コンバート	7010
こんぱ	コンパ	7270
こんぱい	困憊	7220
こんぱいら	コンパイラ	6876
こんぱいる	コンパイル	6362
こんぱうんど	コンパウンド	6891
こんぱくと	コンパクト	5322
こんぱくとかー	コンパクトカー	7406
こんぱくとさ	コンパクトさ	7481
こんぱくとさいず	コンパクトサイズ	7343
こんぱす	コンパス	6561
こんぱにおん	コンパニオン	6923
こんぱね	コンパネ	7459
こんぱん	今般	6947
こんぱーとめんと	コンパートメント	7023
こんび	コンビ	5605
こんびなーと	コンビナート	7447
こんびに	コンビニ	5249
こんびにえんすすとあ	コンビニエンスストア	6592
こんびねーしょん	コンビネーション	6444
こんびーふ	コンビーフ	7361
こんぴてんしー	コンピテンシー	7385
こんぴゅーた	コンピュータ	5535
こんぴゅーたー	コンピューター	5909
こんぴゅーてぃんぐ	コンピューティング	7028
こんぴら	金毘羅	7549
こんふぃ	コンフィ	7324
こんふぃぎゅれーしょん	コンフィギュレーション	7238
こんふぃちゅーる	コンフィチュール	7422
こんふぉーと	コンフォート	7405
こんぶ	昆布	5961
こんぶ	こんぶ	6916
こんぶ	コンブ	7477
こんぷ	コンプ	6491
こんぷら	コンプラ	7489
こんぷらいあんす	コンプライアンス	6221
こんぷりーと	コンプリート	6380
こんぷれっくす	コンプレックス	6093
こんぷれっさー	コンプレッサー	6566
こんべあ	コンベア	6885
こんべんしょん	コンベンション	6906
こんぺ	コンペ	6318
こんぺいとう	金平糖	7309
こんぺき	紺碧	7443
こんぺてぃしょん	コンペティション	6869
こんぼ	コンボ	5678
こんぼい	コンボイ	7562
こんぼう	混紡	7172
こんぼう	棍棒	7359
こんぽ	コンポ	7191
こんぽう	梱包	5351
こんぽうざい	梱包材	7139
こんぽうほうほう	梱包方法	7545
こんぽじっと	コンポジット	7379
こんぽすと	コンポスト	7211
こんぽん	根本	6284
こんぽんてき	根本的	6136
こんぽーと	コンポート	6858
こんぽーねんと	コンポーネント	5850
こんま	コンマ	6973
こんめい	混迷	7225
こんもり	こんもり	7106
こんや	今夜	5626
こんやく	婚約	5811
こんやくしゃ	婚約者	6819
こんやくはき	婚約破棄	7463
こんやくゆびわ	婚約指輪	6992
こんよく	混浴	7079
こんらっど	コンラッド	7403
こんらん	混乱	5539
こんりゅう	建立	6140
こんれい	婚礼	6873
こんろ	コンロ	6302
こんわ	懇話	7407
こんわ	混和	7473
こんわく	困惑	6164
こーえん	コーエン	7524
こーきんぐ	コーキング	6752
こーぎー	コーギー	7166
こーくす	コークス	7454
こーす	コース	4718
こーすあうと	コースアウト	7548
こーすじょう	コース上	7545
こーすたー	コースター	6150
こーすと	コースと	6976
こーせー	コーセー	7548
こーだ	コーダ	7164
こーち	コーチ	5460
こーちん	コーチン	7349
こーちんぐ	コーチング	6193
こーてぃんぐ	コーティング	5599
こーで	コーデ	5538
こーでぃねいと	コーディネイト	6992
こーでぃねーしょん	コーディネーション	7529
こーでぃねーた	コーディネータ	7509
こーでぃねーたー	コーディネーター	6204
こーでぃねーと	コーディネート	5556
こーでぃんぐ	コーディング	6392
こーでっく	コーデック	7165
こーでゅろい	コーデュロイ	7074
こーと	コート	5328
こーど	コード	4768
こーどぎあす	コードギアス	7122
こーどしんこう	コード進行	7339
こーどねーむ	コードネーム	7171
こーどばん	コードバン	7212
こーどれす	コードレス	6934
こーな	コーナ	6762
こーなん	コーナン	7457
こーなー	コーナー	5057
こーなーきっく	コーナーキック	7296
こーぱす	コーパス	7411
こーひー	コーヒー	4892
こーひー	珈琲	5825
こーひーかっぷ	コーヒーカップ	7444
こーひーしょっぷ	コーヒーショップ	7423
こーひーぜりー	コーヒーゼリー	7443
こーひーまめ	コーヒー豆	6806
こーひーめーかー	コーヒーメーカー	7552
こーぷ	コープ	6513
こーぽれーしょん	コーポレーション	6752
こーぽれーと	コーポレート	6570
こーぽれーとがばなんす	コーポレートガバナンス	7562
こーむ	コーム	7193
こーら	コーラ	6269
こーらす	コーラス	6193
こーらる	コーラル	6869
こーらん	コーラン	7543
こーる	コール	5888
こーるさいん	コールサイン	7530
こーるせんたー	コールセンター	6853
こーるど	コールド	6571
こーん	コーン	5754
こーんすたーち	コーンスターチ	7340
ご	ご	3203
ご	後	4414
ご	語	4812
ご	御	5199
ご	誤	6040
ご	呉	6677
ご	碁	6940
ご	伍	7103
ごあ	ゴア	6804
ごあいこ	ご愛顧	7142
ごあいさつ	ご挨拶	6241
ごあいさつ	ごあいさつ	7086
ごあてっくす	ゴアテックス	7231
ごあんしん	ご安心	6637
ごあんない	ご案内	5717
ごい	語彙	6104
ごい	ごい	7219
ごいけん	ご意見	6035
ごいけん	御意見	7330
ごいけんとう	ご意見等	7535
ごいっしょ	ご一緒	6008
ごいらい	ご依頼	6438
ごいりょく	語彙力	6892
ごいん	誤飲	7264
ごう	号	4428
ごう	業	5384
ごう	合	5797
ごう	豪	6390
ごう	郷	6397
ごう	ごう	6465
ごう	剛	6537
ごう	江	6705
ごうい	合意	5685
ごういん	強引	6035
ごうう	豪雨	6006
ごうおん	轟音	7022
ごうか	豪華	5442
ごうか	業火	7452
ごうかい	豪快	6263
ごうかく	合格	4929
ごうかくしゃ	合格者	7036
ごうかくしゃすう	合格者数	7047
ごうかくてん	合格点	7161
ごうかくはっぴょう	合格発表	7457
ごうかくりつ	合格率	7058
ごうかしょうひん	豪華賞品	7001
ごうかん	号館	6651
ごうかん	強姦	6716
ごうがい	号外	7076
ごうき	号機	6038
ごうきゅう	号泣	6291
ごうきん	合金	6119
ごうぎ	合議	7256
ごうけい	合計	5191
ごうけいきんがく	合計金額	7164
ごうけつ	豪傑	7479
ごうこん	合コン	6503
ごうご	豪語	7033
ごうし	合祀	6918
ごうし	合資	7566
ごうしつ	号室	7469
ごうしゃ	号車	6193
ごうしゅう	豪州	6933
ごうしょう	豪商	7338
ごうしょう	剛昌	7545
ごうしょう	号証	7548
ごうすう	号数	7302
ごうせい	合成	5427
ごうせい	剛性	6244
ごうせい	豪勢	7354
ごうせつ	豪雪	6962
ごうせん	号線	5680
ごうぞく	豪族	6911
ごうたい	剛体	7536
ごうだつ	強奪	6860
ごうてい	豪邸	6735
ごうと	神戸	6792
ごうとう	強盗	6220
ごうとう	号棟	7427
ごうど	神戸	6154
ごうどう	合同	5533
ごうどうちょうしゃ	合同庁舎	7457
ごうどうれんしゅう	合同練習	7409
ごうはん	合板	6632
ごうひ	合否	6521
ごうひ	合皮	6946
ごうべん	合弁	6715
ごうほう	合法	6404
ごうほう	号俸	7439
ごうほうてき	合法的	6951
ごうまん	傲慢	6683
ごうもう	剛毛	7326
ごうもん	拷問	6432
ごうゆう	豪遊	7527
ごうよく	強欲	6985
ごうら	強羅	7473
ごうり	合理	5683
ごうりき	剛力	7290
ごうりせい	合理性	7204
ごうりてき	合理的	6065
ごうりゅう	合流	5703
ごうれい	号令	6908
ごうわん	剛腕	7546
ごえ	超え	5936
ごえ	声	6331
ごえ	超	7316
ごえい	護衛	6181
ごえいかん	護衛艦	7525
ごえもん	五右衛門	7249
ごえん	誤嚥	6956
ごえん	御縁	7328
ごえんりょ	ご遠慮	7442
ごおうぼ	ご応募	6795
ごかい	誤解	5698
ごかいとう	ご回答	6793
ごかく	互角	6663
ごかくけい	五角形	7541
ごかくにん	ご確認	6437
ごかぞく	ご家族	5564
ごかぞく	御家族	7435
ごかつやく	ご活躍	6898
ごかてい	ご家庭	6480
ごかん	互換	6281
ごかん	五感	6282
ごかん	語感	7199
ごかんせい	互換性	6151
ごがく	語学	6010
ごがくがっこう	語学学校	7291
ごがくりょく	語学力	7173
ごがつ	5月	4807
ごがつ	五月	5307
ごがつまつ	5月末	7054
ごがつまつ	五月末	7554
ごがん	護岸	6814
ごき	誤記	7251
ごき	ゴキ	7324
ごき	語気	7536
ごきげん	ご機嫌	6464
ごきげん	ごきげん	7046
ごきげん	ゴキゲン	7377
ごきげんよう	ごきげんよう	6953
ごきたい	ご期待	7171
ごきとう	ご祈祷	7495
ごきにゅう	ご記入	7362
ごきふ	ご寄付	7413
ごきぶり	ゴキブリ	6227
ごきぼう	ご希望	5941
ごきぼうび	ご希望日	7162
ごきょうりょく	ご協力	5992
ごきょうりょく	御協力	7497
ごぎょう	五行	6892
ごく	国	5511
ごく	ごく	5577
ごく	極	5857
ごく	語句	6619
ごく	獄	6777
ごくあく	極悪	6862
ごくい	極意	6572
ごくいちぶ	ごく一部	7119
ごくう	悟空	6213
ごくうす	極薄	7221
ごくごく	ごくごく	6738
ごくごく	ゴクゴク	7250
ごくごく	極々	7485
ごくしょう	極小	7129
ごくじょう	極上	6089
ごくちゅう	獄中	7226
ごくどう	極道	7150
ごくひ	極秘	6895
ごくぶと	極太	6832
ごくぼそ	極細	6781
ごくもん	獄門	7531
ごくらく	極楽	6805
ごくらくじょうど	極楽浄土	7293
ごくろう	ご苦労	6556
ごけ	ゴケ	7549
ごけいけん	ご経験	7209
ごけいやく	ご契約	7143
ごけっこん	ご結婚	7154
ごけにん	御家人	7225
ごけんがく	ご見学	7500
ごけんしょう	ご健勝	7378
ごけんとう	ご検討	6670
ごげん	語源	6307
ごこうい	ご厚意	6903
ごこうい	ご好意	7381
ごこうにゅう	ご購入	5695
ごこうにゅうご	ご購入後	7214
ごこうにゅうてん	ご購入店	7512
ごこうにゅうび	ご購入日	7152
ごこうはい	ご高配	7109
ごこうらん	ご高覧	7167
ごこく	五穀	7306
ごこくじんじゃ	護国神社	7370
ごこくほうじょう	五穀豊穣	7109
ごこち	心地	5427
ごこち	ごこち	7327
ごころ	心	5982
ごころ	ごころ	7137
ごご	午後	4925
ごさ	誤差	5698
ごさい	後妻	7326
ごさどう	誤作動	7350
ごさん	誤算	6958
ごさん	五山	7407
ごさんか	ご参加	6588
ごさんけ	御三家	6686
ごさんこう	ご参考	6141
ごさんこうていど	ご参考程度	7239
ござい	ござい	3855
ござい	御座い	5897
ござい	ゴザイ	6907
ございます	ございます	4646
ございます	ゴザイマス	6919
ござっ	ござっ	6961
ござら	ござら	6946
ござりゃ	ござりゃ	6934
ござる	ござる	6423
ござる	ゴザル	6907
ござれ	ござれ	6921
ござろ	ござろ	6929
ござん	ござん	6915
ごし	腰	5802
ごし	越し	5861
ごし	ごし	7275
ごしえん	ご支援	6466
ごしき	五色	7067
ごしごし	ゴシゴシ	6886
ごしちょう	ご視聴	7403
ごしっく	ゴシック	6494
ごしっぷ	ゴシップ	6994
ごしつもん	ご質問	5873
ごしつもんとう	ご質問等	6459
ごしつもんなど	ご質問等	7376
ごしてい	ご指定	7566
ごしてき	ご指摘	7045
ごしどう	ご指導	6959
ごしゅいん	御朱印	5915
ごしゅいんちょう	御朱印帳	7290
ごしゅくはく	ご宿泊	7409
ごしゅじん	ご主人	5727
ごしゅじん	御主人	7543
ごしゅつえん	ご出演	7391
ごしょ	御所	6698
ごしょ	御書	7328
ごしょうかい	ご紹介	4649
ごしょうかい	御紹介	7403
ごしょうたい	ご招待	6978
ごしょがわら	五所川原	7524
ごしょく	誤植	7184
ごしよう	ご使用	5825
ごしよういただけ	ご使用いただけ	6869
ごしよういただけ	ご使用頂け	7558
ごしん	護身	6968
ごしん	誤審	7415
ごしん	誤診	7546
ごしんぱい	ご心配	6667
ごじ	誤字	6344
ごじせい	ご時世	6488
ごじだつじ	誤字脱字	7045
ごじっ	五十	6907
ごじつ	後日	5513
ごじつだん	後日談	7355
ごじゅうおん	五十音	7086
ごじゅうおんじゅん	五十音順	7437
ごじゅうかた	五十肩	7110
ごじゅうしょ	ご住所	7092
ごじゅうのとう	五重塔	6954
ごじゅん	語順	7250
ごじゅんび	ご準備	7049
ごじょ	互助	7173
ごじょう	五条	6372
ごじょう	五條	7515
ごじょうほう	誤情報	7396
ごじら	ゴジラ	5989
ごじん	御仁	7518
ごじんりょく	ご尽力	7553
ごじーた	ゴジータ	7341
ごす	ゴス	7408
ごすぺる	ゴスペル	7163
ごせい	互生	7483
ごせいえん	ご声援	7325
ごせいきゅう	ご請求	6908
ごせいきゅうしょ	ご請求書	7319
ごせつめい	ご説明	6155
ごせん	互選	7513
ごせんぞ	ご先祖	6564
ごせんふ	五線譜	7548
ごぜん	午前	5047
ごぜん	御膳	6753
ごぜん	御前	7158
ごぜんちゅう	午前中	5889
ごそう	護送	7314
ごそうさ	誤操作	7391
ごそうだん	ご相談	5822
ごそうだんかい	ご相談会	7411
ごそうだんとう	ご相談等	7534
ごそごそ	ゴソゴソ	7469
ごぞんじ	ご存知	5458
ごぞんじ	ご存じ	5864
ごぞんじ	御存知	7344
ごぞんじのかた	ご存じの方	7195
ごぞんじのほう	ご存知の方	6545
ごぞんじのほう	ご存じの方	7539
ごたい	五体	7414
ごたいおう	ご対応	6622
ごたいざいちゅう	ご滞在中	7507
ごたいめん	ご対面	7455
ごたえ	ごたえ	6411
ごたえ	応え	7055
ごたごた	ゴタゴタ	7295
ごたぼう	ご多忙	7491
ごたんだ	五反田	6990
ごだい	五大	7206
ごだい	五代	7224
ごだいごてんのう	後醍醐天皇	7227
ごち	ゴチ	7438
ごちそう	ご馳走	6411
ごちそう	ごちそう	6516
ごちそう	御馳走	7498
ごちそうさま	ごちそうさま	6232
ごちそうさま	ご馳走様	6494
ごちそうさま	ご馳走さま	7046
ごちゃごちゃ	ごちゃごちゃ	6485
ごちゃごちゃ	ゴチャゴチャ	7163
ごちゃまぜ	ごちゃまぜ	7397
ごちゅうい	ご注意	6198
ごちゅういてん	ご注意点	7437
ごちゅうもん	ご注文	5960
ごちゅうもんご	ご注文後	7224
ごちゅうもんじ	ご注文時	7328
ごちゅうもんび	ご注文日	6798
ごっかん	極寒	6821
ごっこ	ごっこ	6152
ごっそり	ごっそり	7022
ごったがえし	ごった返し	7288
ごっちゃ	ごっちゃ	7033
ごっつ	ごっつ	7438
ごっつい	ごっつい	7558
ごっど	ゴッド	6561
ごっどふぁーざー	ゴッドファーザー	7530
ごっほ	ゴッホ	6659
ごつい	ゴツい	7345
ごつい	ごつい	7480
ごつごう	ご都合	6292
ごつごうしゅぎ	ご都合主義	7155
ごつごつ	ゴツゴツ	6887
ごつごつ	ごつごつ	7467
ごて	後手	6761
ごて	ごて	7349
ごていあん	ご提案	5917
ごていきょう	ご提供	5929
ごていじ	ご提示	7305
ごてごて	ゴテゴテ	7549
ごてん	御殿	6587
ごてんば	御殿場	6614
ごでぃば	ゴディバ	7341
ごと	事	4228
ごと	ごと	4686
ごと	毎	5567
ごとう	後藤	6032
ごとう	五島	7151
ごとうさん	後藤さん	7543
ごとうちぐるめ	ご当地グルメ	6881
ごとうれっとう	五島列島	7266
ごとうろく	ご登録	6821
ごとお	後藤	7183
ごとき	ごとき	6614
ごとき	如き	6791
ごとく	ごとく	6107
ごとく	如く	6328
ごとく	五徳	7315
ごとし	ごとし	6907
ごとし	如し	6907
ごどう	後藤	7481
ごどうさ	誤動作	7176
ごにゅうかい	ご入会	7401
ごにゅうきん	ご入金	7313
ごにゅうじょう	ご入場	7280
ごにゅうりょく	ご入力	7515
ごにん	誤認	6691
ごね	ごね	7311
ごのうしゃ	ご納車	7336
ごのみ	好み	5541
ごはっと	ご法度	7417
ごはん	ご飯	4824
ごはん	ごはん	5196
ごはん	御飯	6376
ごはん	ゴハン	6988
ごはんたべ	ご飯食べ	6847
ごばく	誤爆	7173
ごばん	碁盤	7304
ごび	語尾	6599
ごふう	護符	7123
ごふく	呉服	6820
ごふたん	ご負担	7461
ごふべん	ご不便	6502
ごぶ	五分	6820
ごぶさた	ご無沙汰	6504
ごぶりん	ゴブリン	6733
ごへい	語弊	7204
ごへんきん	ご返金	7530
ごへんしん	ご返信	7017
ごへんとう	ご返答	7546
ごほう	誤報	7360
ごほう	語法	7448
ごほうこく	ご報告	6235
ごほうび	ご褒美	6531
ごほうび	ごほうび	7134
ごほうびてき	ご褒美的	6416
ごほうもん	ご訪問	7400
ごぼう	ごぼう	6153
ごぼう	ゴボウ	6818
ごぼう	牛蒡	7294
ごま	ごま	5798
ごま	ゴマ	6235
ごま	胡麻	6376
ごま	護摩	7005
ごまあえ	胡麻和え	7295
ごまあぶら	ごま油	5934
ごまあぶら	ゴマ油	7048
ごまあぶら	胡麻油	7114
ごまかし	誤魔化し	6646
ごまかし	ごまかし	6718
ごまかす	誤魔化す	6988
ごまかす	ごまかす	7047
ごまかせ	誤魔化せ	7564
ごまんえつ	ご満悦	7334
ごまんぞく	ご満足	7457
ごみ	ゴミ	5155
ごみ	ごみ	5567
ごみ	塵	6961
ごみ	五味	7292
ごみばこ	ゴミ箱	6147
ごみばこ	ごみ箱	7023
ごみひろい	ゴミ拾い	7276
ごみぶくろ	ゴミ袋	7048
ごみやしき	ゴミ屋敷	7485
ごむ	ゴム	5351
ごむぱっきん	ゴムパッキン	7531
ごむべら	ゴムベラ	7230
ごめ	米	6172
ごめいわく	ご迷惑	5667
ごめす	ゴメス	7427
ごめん	ごめん	5635
ごめん	御免	6907
ごめん	ゴメン	6910
ごめんなさい	ごめんなさい	5601
ごめんなさい	ゴメンナサイ	7263
ごめんね	ごめんね	6262
ごもく	五目	6859
ごや	後夜	7469
ごやく	誤訳	7268
ごよう	御用	6863
ごよう	誤用	7035
ごよう	ご用	7442
ごようい	ご用意	5368
ごようしゃ	ご容赦	7517
ごようたし	御用達	6699
ごようてい	御用邸	7516
ごようぼう	ご要望	6098
ごようめい	ご用命	6684
ごよてい	ご予定	7427
ごよやく	ご予約	5610
ごよやくじ	ご予約時	7384
ごらいいん	ご来院	7352
ごらいこう	ご来光	7444
ごらいじょう	ご来場	6740
ごらいてん	ご来店	6128
ごらいてんしん	ご来店心	6632
ごらいてんじ	ご来店時	7480
ごらく	娯楽	6162
ごらん	ご覧	4633
ごらん	ごらん	6505
ごらん	御覧	6523
ごらんいただき	ご覧いただき	7039
ごらんいただき	ご覧頂き	7346
ごらんいただけ	ご覧いただけ	5874
ごらんいただけ	ご覧頂け	6745
ごらんください	ご覧ください	6528
ごらんください	ご覧下さい	7110
ごり	ゴリ	6372
ごりおし	ゴリ押し	6698
ごりおし	ごり押し	7217
ごりかい	ご理解	5372
ごりかい	御理解	7546
ごりかいいただき	ご理解いただき	7407
ごりかいいただけ	ご理解いただけ	6960
ごりかいいただけ	ご理解頂け	7436
ごりごり	ゴリゴリ	6708
ごりやく	ご利益	6481
ごりやく	御利益	7188
ごりょう	御陵	7543
ごりょうかく	五稜郭	7403
ごりょうしょう	ご了承	7170
ごりょうしん	ご両親	6569
ごりょこう	ご旅行	7503
ごりよう	ご利用	5922
ごりようしゃ	ご利用者	7110
ごりら	ゴリラ	6186
ごりん	五輪	5509
ごりんとう	五輪塔	7440
ごるご	ゴルゴ	7088
ごるごんぞーら	ゴルゴンゾーラ	7525
ごるし	ゴルシ	7453
ごるふ	ゴルフ	5182
ごるふぁー	ゴルファー	6416
ごるふくらぶ	ゴルフクラブ	7409
ごるふこーす	ゴルフコース	7243
ごるふじょう	ゴルフ場	6746
ごれんらく	ご連絡	5806
ごれんらくさき	ご連絡先	6478
ごろ	頃	5136
ごろ	ごろ	5345
ごろ	ゴロ	6154
ごろ	語呂	7303
ごろあわせ	語呂合わせ	6942
ごろう	五郎	6684
ごろう	吾郎	6811
ごろく	語録	7121
ごろごろ	ゴロゴロ	6123
ごろごろ	ごろごろ	7075
ごろし	殺し	5867
ごわごわ	ゴワゴワ	7229
ごん	ゴン	6843
ごんぎょう	勤行	7449
ごんぐ	ゴング	7201
ごんげ	権化	7441
ごんげん	権現	6750
ごんご	言語	5982
ごんごどうだん	言語道断	7425
ごんざれす	ゴンザレス	7557
ごんじゃ	権者	6408
ごんどら	ゴンドラ	6663
ごー	ゴー	6516
ごーぐる	ゴーグル	6550
ごーごー	ゴーゴー	7048
ごーじゃす	ゴージャス	6377
ごーすと	ゴースト	6160
ごーどん	ゴードン	6909
ごーや	ゴーヤ	6421
ごーる	ゴール	5140
ごーるいん	ゴールイン	7294
ごーるきーぱー	ゴールキーパー	7022
ごーるでん	ゴールデン	6172
ごーるでんうぃーく	GW	5825
ごーるでんうぃーく	ゴールデンウィーク	6098
ごーるでんういーく	ゴールデンウイーク	6944
ごーるでんかむい	ゴールデンカムイ	7048
ごーるでんたいむ	ゴールデンタイム	7148
ごーるでんぼんばー	ゴールデンボンバー	7495
ごーるでんれとりばー	ゴールデンレトリバー	7424
ごーるど	ゴールド	5433
ごーるどこーすと	ゴールドコースト	7397
ごーるどしっぷ	ゴールドシップ	7414
ごーるまえ	ゴール前	6868
ごーれむ	ゴーレム	6823
ごーん	ゴーン	7356
さ	さ	2879
さ	差	5061
さ	佐	6634
さぁ	さぁ	5731
さあ	さあ	5660
さい	際	4189
さい	歳	4260
さい	再	4515
さい	祭	4962
さい	最	5085
さい	咲い	5584
さい	才	5796
さい	さい	5819
さいあい	最愛	6630
さいあく	最悪	5527
さいあくのじたい	最悪の事態	7315
さいあくのばあい	最悪の場合	6826
さいいんすとーる	再インストール	6777
さいうん	彩雲	7491
さいえね	再エネ	7548
さいえん	菜園	6313
さいえん	再演	6783
さいえんす	サイエンス	6276
さいえんてぃすと	サイエンティスト	6875
さいお	西尾	7472
さいおう	最奥	7090
さいおおて	最大手	6593
さいおんじ	西園寺	6908
さいか	最下	7201
さいか	彩花	7411
さいか	彩香	7534
さいか	災禍	7562
さいかい	再開	5292
さいかい	再会	5667
さいかい	最下位	6349
さいかいしゃく	再解釈	7480
さいかいはつ	再開発	6880
さいかく	才覚	7421
さいかくにん	再確認	6320
さいかどう	再稼働	7433
さいかわ	西川	7149
さいかん	細管	7456
さいがい	災害	5146
さいがいじ	災害時	6015
さいがいたいさく	災害対策	7433
さいき	再起	6776
さいき	再帰	6960
さいき	さいき	7213
さいき	佐伯	7341
さいき	才木	7412
さいきどう	再起動	6003
さいきょう	最強	5121
さいきょう	西京	7102
さいきょうせん	埼京線	7113
さいきん	最近	4321
さいきん	細菌	5770
さいきんはじめ	最近始め	7481
さいきんふえ	最近増え	7447
さいきんみ	最近見	7383
さいぎょう	西行	7324
さいく	細工	7451
さいくつ	採掘	6294
さいくりすと	サイクリスト	7068
さいくりんぐ	サイクリング	6234
さいくりんぐろーど	サイクリングロード	7177
さいくる	サイクル	5666
さいくろん	サイクロン	6897
さいけ	サイケ	7435
さいけい	再掲	6707
さいけいさん	再計算	7301
さいけいやく	再契約	7537
さいけっせい	再結成	7330
さいけつ	採血	6558
さいけつ	採決	6978
さいけつ	裁決	7244
さいけでりっく	サイケデリック	7410
さいけん	債権	5884
さいけん	再建	5941
さいけん	債券	6409
さいけんさ	再検査	7449
さいけんしゃ	債権者	6893
さいけんとう	再検討	6939
さいげつ	歳月	6525
さいげん	再現	5116
さいげん	際限	7124
さいげんかのう	再現可能	7251
さいげんせい	再現性	6801
さいこ	最古	6200
さいこ	サイコ	7174
さいこう	最高	4460
さいこう	再興	6727
さいこう	再考	6797
さいこう	催行	6856
さいこう	採光	6886
さいこうい	最高位	7565
さいこうお	最後尾	7495
さいこうきおん	最高気温	6912
さいこうけっさく	最高傑作	7398
さいこうさい	最高裁	6518
さいこうすぎ	最高すぎ	7172
さいこうせい	再構成	6917
さいこうそくど	最高速度	7226
さいこうち	最高値	7521
さいこうちく	再構築	6551
さいこうちょう	最高潮	6869
さいこうほう	最高峰	6077
さいこうれべる	最高レベル	7565
さいこく	西国	7115
さいこく	催告	7199
さいこぱす	サイコパス	6578
さいこよう	再雇用	7562
さいころ	サイコロ	6358
さいこん	再婚	6130
さいこー	サイコー	6856
さいご	最後	4157
さいご	最期	6062
さいご	さいご	6547
さいごう	西郷	6594
さいごのあいさつ	最後の挨拶	7463
さいごのさいご	最後の最後	6407
さいごのばんさん	最後の晩餐	7275
さいごのほう	最後の方	6808
さいごのほう	最後のほう	7125
さいごん	サイゴン	7306
さいさい	再々	7337
さいさき	幸先	7251
さいさくせい	再作成	7475
さいさん	採算	6579
さいさん	再三	6933
さいし	際し	5771
さいし	祭祀	6675
さいし	妻子	6824
さいし	祭司	7106
さいしき	彩色	6509
さいしこう	再試行	7330
さいしどう	再始動	6886
さいしゅ	採取	5849
さいしゅ	採種	7505
さいしゅう	最終	4639
さいしゅう	採集	6149
さいしゅう	済州	6805
さいしゅうかい	最終回	5696
さいしゅうけっせん	最終決戦	7236
さいしゅうこうしんび	最終更新日	7527
さいしゅうしゅだん	最終手段	7313
さいしゅうしょく	再就職	7038
さいしゅうせん	最終戦	7038
さいしゅうだんかい	最終段階	7471
さいしゅうてき	最終的	5253
さいしゅうばなし	最終話	7321
さいしゅうばん	最終盤	7275
さいしゅうび	最終日	6113
さいしゅうめんせつ	最終面接	7270
さいしゅうもくひょう	最終目標	7378
さいしゅうわ	最終話	6867
さいしゅっぱつ	再出発	7187
さいしゅつ	歳出	6898
さいしょ	最初	4325
さいしょ	細書	7380
さいしょう	最小	5891
さいしょう	最少	6909
さいしょう	宰相	7021
さいしょうげん	最小限	6100
さいしょうこうばいすう	最小公倍数	7541
さいしょうち	最小値	6943
さいしょからさいご	最初から最後	7096
さいしょく	菜食	7156
さいしょくけんび	才色兼備	7536
さいしょでさいご	最初で最後	7563
さいしょのほう	最初の方	7079
さいしょのほう	最初のほう	7407
さいしょみ	最初見	7533
さいしよう	再使用	7382
さいしん	最新	4817
さいしん	細心	6371
さいしん	再審	6946
さいしん	最深	7098
さいしん	再診	7115
さいしんかん	最新刊	7512
さいしんぎじゅつ	最新技術	7022
さいしんごう	最新号	7495
さいしんさく	最新作	6106
さいしんじょうほう	最新情報	5700
さいしんにゅーす	最新ニュース	6909
さいしんのもの	最新のもの	7116
さいしんばん	最新版	6429
さいしんばーじょん	最新バージョン	7098
さいしんもでる	最新モデル	7491
さいしんわ	最新話	7122
さいじ	歳児	5943
さいじ	催事	6452
さいじ	祭事	7249
さいじき	歳時記	7319
さいじっこう	再実行	7395
さいじつ	祭日	7083
さいじゃく	最弱	6841
さいじゅうよう	最重要	7165
さいじょう	最上	6816
さいじょう	斎場	7009
さいじょう	西条	7124
さいじょうい	最上位	7516
さいじょうかい	最上階	6498
さいじょうきゅう	最上級	6486
さいじん	祭神	6356
さいじんぐ	サイジング	7374
さいすたーと	再スタート	7061
さいすん	採寸	6083
さいず	サイズ	4335
さいずかん	サイズ感	6220
さいせい	再生	4906
さいせいいりょう	再生医療	7403
さいせいかい	済生会	7461
さいせいかいすう	再生回数	6624
さいせいかのう	再生可能	7311
さいせいかのうえねるぎー	再生可能エネルギー	7168
さいせいき	最盛期	6610
さいせいさん	再生産	7454
さいせいすう	再生数	7328
さいせき	砕石	7094
さいせき	採石	7172
さいせっけい	再設計	7500
さいせってい	再設定	7182
さいせつぞく	再接続	7334
さいせん	再戦	6865
さいせん	賽銭	6944
さいせん	再選	7056
さいせんたん	最先端	5849
さいぜ	サイゼ	7543
さいぜりや	サイゼリヤ	7041
さいぜん	最善	6048
さいぜん	最前	6974
さいぜんせん	最前線	6224
さいぜんれつ	最前列	7074
さいそう	再送	7142
さいそく	最速	5977
さいそく	催促	6629
さいそく	細則	7094
さいた	最多	5928
さいた	西田	7459
さいたい	臍帯	7478
さいたいほ	再逮捕	7429
さいたく	採択	6156
さいたしょう	最多勝	7476
さいたま	埼玉	5723
さいたま	さいたま	5765
さいたま	サイタマ	7453
さいたまけん	埼玉県	5520
さいたまけんない	埼玉県内	7564
さいたまし	さいたま市	6931
さいたますーぱーありーな	さいたまスーパーアリーナ	7125
さいたまだいがく	埼玉大学	7556
さいたる	最たる	7013
さいたん	最短	5711
さいたんきょり	最短距離	7329
さいだ	西田	7221
さいだ	細田	7540
さいだい	最大	4611
さいだい	歳代	7511
さいだいげん	最大限	5528
さいだいこうやくすう	最大公約数	7319
さいだいじ	西大寺	7246
さいだいち	最大値	6404
さいだいのとくちょう	最大の特徴	6843
さいだん	祭壇	6457
さいだん	裁断	6518
さいだー	サイダー	6648
さいちゃれんじ	再チャレンジ	7252
さいちゅう	最中	5740
さいちょう	最長	6137
さいちょう	最澄	7410
さいちょうせい	再調整	7459
さいちょうせん	再挑戦	7167
さいてい	最低	5286
さいてい	裁定	6848
さいていぎ	再定義	7191
さいていげん	最低限	5666
さいていちんぎん	最低賃金	6692
さいてき	最適	4838
さいてきか	最適化	6787
さいてきかい	最適解	7066
さいてん	採点	6135
さいてん	祭典	6279
さいでぃんぐ	サイディング	6809
さいと	サイト	4255
さいとう	斎藤	5866
さいとう	斉藤	6122
さいとう	齋藤	6274
さいとう	齊藤	6706
さいとう	さいとう	6892
さいとうこう	再投稿	7179
さいとうさん	斉藤さん	7213
さいとうじょう	再登場	6622
さいとうろく	再登録	7445
さいとかいん	サイトカイン	7248
さいとじょう	サイト上	7173
さいとそう	再塗装	7421
さいとない	サイト内	7045
さいとまっぷ	サイトマップ	7415
さいど	サイド	5104
さいど	再度	5246
さいど	彩度	6755
さいどう	細動	7046
さいどかー	サイドカー	7533
さいどく	再読	6885
さいどてーぶる	サイドテーブル	7189
さいどばっく	サイドバック	6885
さいどばー	サイドバー	7363
さいどぶれーき	サイドブレーキ	7238
さいどめにゅー	サイドメニュー	7039
さいなま	苛ま	7045
さいなん	災難	6774
さいなんたん	最南端	6949
さいになっ	歳になっ	7532
さいにゅう	歳入	6877
さいにゅうか	再入荷	6638
さいにゅうりょく	再入力	7496
さいにん	再任	7025
さいにんしき	再認識	6445
さいねん	再燃	6827
さいねんしょう	最年少	6372
さいねんちょう	最年長	6773
さいねーじ	サイネージ	7329
さいの	西野	7389
さいのう	才能	5415
さいはい	采配	6769
さいはいち	再配置	7533
さいはいふ	再配布	7288
さいはっけん	再発見	6667
さいはっこう	再発行	7016
さいはつ	再発	5825
さいはつぼうし	再発防止	7054
さいはつぼうしさく	再発防止策	7404
さいはて	最果て	7324
さいはん	再販	6129
さいはん	再犯	7196
さいはん	再版	7519
さいばい	栽培	5231
さいばいほうほう	栽培方法	7424
さいばし	菜箸	7164
さいばん	裁判	5482
さいばんかん	裁判官	6356
さいばんしょ	裁判所	5813
さいばんじょ	裁判所	6407
さいばんちょう	裁判長	7505
さいばー	サイバー	6197
さいばーえーじぇんと	サイバーエージェント	7286
さいばーこうげき	サイバー攻撃	7001
さいばーせきゅりてぃ	サイバーセキュリティ	6726
さいばーぱんく	サイバーパンク	7233
さいぱん	サイパン	7105
さいひょうか	再評価	7027
さいふ	財布	5532
さいふ	サイフ	7484
さいふぉん	サイフォン	7337
さいふけーたい	サイフケータイ	7428
さいぶ	細部	5856
さいぶん	細分	6585
さいへん	再編	6283
さいへんしゅう	再編集	7136
さいへんせい	再編成	7536
さいほう	再訪	6564
さいほう	裁縫	6635
さいほう	西方	7278
さいほうそう	再放送	6696
さいほく	最北	7336
さいほくたん	最北端	7093
さいぼう	細胞	5057
さいぼうしつ	細胞質	7434
さいぼうしん	細胞診	7334
さいぼうず	サイボウズ	7273
さいぼうない	細胞内	7302
さいぼーぐ	サイボーグ	6869
さいまつ	歳末	7563
さいみつ	細密	7373
さいみまん	歳未満	6771
さいみん	催眠	6599
さいみんじゅつ	催眠術	7455
さいむ	債務	5792
さいむしゃ	債務者	7053
さいむせいり	債務整理	7144
さいもく	細目	7454
さいもん	サイモン	7047
さいや	サイヤ	6939
さいやく	災厄	7028
さいやすね	最安値	6328
さいゆうき	西遊記	7284
さいゆうしゅう	最優秀	6007
さいゆうしゅうしょう	最優秀賞	6767
さいゆうせん	最優先	6165
さいよう	採用	4557
さいようかつどう	採用活動	6997
さいようしけん	採用試験	7473
さいようじょうほう	採用情報	6931
さいようたんとう	採用担当	7359
さいらい	再来	6856
さいらん	採卵	6899
さいりうむ	サイリウム	7211
さいりょう	裁量	6242
さいりょう	最良	6357
さいりょうのけっか	最良の結果	7436
さいりよう	再利用	5955
さいりん	再臨	7097
さいれい	祭礼	6734
さいれん	サイレン	6702
さいれんさー	サイレンサー	6964
さいれんと	サイレント	6492
さいろ	サイロ	7170
さいろく	再録	6758
さいわい	幸い	5079
さいわい	幸	6611
さいん	サイン	5181
さいんいん	サインイン	6582
さうじ	サウジ	7356
さうじあらびあ	サウジアラビア	6549
さうす	サウス	6754
さうすぽー	サウスポー	7204
さうな	サウナ	5565
さうんど	サウンド	5448
さうんどとらっく	サウンドトラック	6750
さえ	さえ	4972
さえ	冴	6889
さえ	冴え	6944
さえき	佐伯	6794
さえぎっ	遮っ	7096
さえぎら	遮ら	6899
さえぎり	遮り	7326
さえぎる	遮る	6670
さえこ	冴子	7503
さえじま	冴島	7489
さえずり	さえずり	7227
さえずり	囀り	7550
さえもん	左衛門	6909
さお	竿	5933
さお	さお	7023
さお	棹	7543
さおとめ	早乙女	7310
さおり	沙織	6789
さおり	さおり	6885
さか	坂	5934
さか	佐賀	6535
さか	咲か	6937
さか	サカ	6999
さか	割か	7239
さか	阪	7349
さか	さか	7527
さかい	堺	6127
さかい	酒井	6199
さかい	境	6297
さかい	坂井	6613
さかい	さかい	6907
さかい	界	7382
さかい	サカイ	7546
さかいがわ	境川	7468
さかいし	堺市	6806
さかいで	坂出	7445
さかいみなと	境港	7369
さかいめ	境目	6461
さかうえ	坂上	7392
さかうらみ	逆恨み	7118
さかえ	栄え	6290
さかえ	栄	6503
さかえ	堺	6624
さかえ	榮	7528
さかえまち	栄町	7312
さかえる	栄える	7406
さかがみ	坂上	7311
さかき	榊	7149
さかき	サカキ	7514
さかきはら	榊原	7508
さかきばら	榊原	7122
さかくら	坂倉	7421
さかぐち	坂口	6442
さかぐち	阪口	7364
さかぐら	酒蔵	6457
さかご	逆子	7367
さかさ	逆さ	6638
さかさま	逆さま	7100
さかした	坂下	7425
さかずき	盃	6824
さかずき	杯	7415
さかせ	咲かせ	6283
さかせる	咲かせる	6613
さかた	坂田	6713
さかた	酒田	7018
さかだ	坂田	7155
さかだち	逆立ち	7314
さかて	逆手	7348
さかど	坂戸	7462
さかな	魚	5369
さかな	さかな	6381
さかな	肴	6642
さかな	サカナ	7226
さかなくしょん	サカナクション	7407
さかなくん	さかなクン	7311
さかなたち	魚たち	7000
さかなつり	魚釣り	6970
さかなや	魚屋	7131
さかなやき	魚焼き	7228
さかなやきぐりる	魚焼きグリル	7485
さかなりょうり	魚料理	6775
さかのうえ	坂の上	7381
さかのうえ	坂上	7469
さかのぼっ	遡っ	6643
さかのぼっ	さかのぼっ	6962
さかのぼり	遡り	6940
さかのぼり	さかのぼり	7143
さかのぼる	遡る	6648
さかのぼる	さかのぼる	6931
さかば	酒場	6175
さかみち	坂道	6079
さかむし	酒蒸し	7417
さかめて	坂本	7340
さかもと	坂本	5843
さかもと	坂元	7306
さかもと	阪本	7316
さかもとりゅういち	坂本龍一	7532
さかもとりょうま	坂本龍馬	7419
さかや	酒屋	6849
さからう	逆らう	6989
さからえ	逆らえ	7136
さからっ	逆らっ	7065
さからわ	逆らわ	7449
さかり	盛	6859
さかり	盛り	7192
さかり	さかり	7404
さかん	盛ん	5856
さかん	左官	6796
さかん	さかん	7464
さが	佐賀	6053
さが	性	6397
さが	嵯峨	7143
さが	サガ	7202
さがく	差額	6347
さがけん	佐賀県	6239
さがさ	探さ	6509
さがし	探し	4643
さがし	さがし	6652
さがし	捜し	6776
さがしあて	探し当て	7537
さがしだし	探し出し	6830
さがしだす	探し出す	7014
さがしにいき	探しに行き	7523
さがしにいく	探しに行く	7362
さがしにいっ	探しに行っ	7496
さがしまわっ	探し回っ	7217
さがしもとめ	探し求め	7137
さがしもの	探し物	7360
さがしやすい	探しやすい	7267
さがしやすく	探しやすく	7488
さがす	探す	5127
さがす	さがす	6914
さがす	捜す	7276
さがせ	探せ	6615
さがせる	探せる	6871
さがそ	探そ	6596
さがそう	探そう	6596
さがっ	下がっ	5531
さがで	差が出	6684
さがでる	差が出る	6958
さがみ	相模	6363
さがみおおの	相模大野	7328
さがみがわ	相模川	7451
さがみこ	相模湖	7524
さがみはら	相模原	6212
さがみはらし	相模原市	7381
さがみわん	相模湾	7137
さがら	下がら	6660
さがら	相良	7203
さがら	さがら	7555
さがり	下がり	5781
さがり	下り	6553
さがる	下がる	5676
さがれ	下がれ	7403
さがわ	佐川	7035
さがわきゅうびん	佐川急便	6745
さがん	左岸	6675
さがん	サガン	7224
さがん	砂岩	7281
さがんとす	サガン鳥栖	7361
さき	先	4478
さき	咲き	5794
さき	さき	6182
さき	咲	6262
さき	サキ	6867
さき	崎	6946
さき	埼	7190
さき	左記	7262
さきいき	先行き	6933
さきおくり	先送り	6854
さきがけ	先駆け	6313
さきがけ	魁	7146
さきごろ	先ごろ	7511
さきさま	先様	7176
さきざき	先々	6801
さきたま	埼玉	6513
さきだ	先だ	7134
さきだた	先立た	7486
さきだち	先立ち	6586
さきだっ	先立っ	6825
さきだつ	先立つ	7231
さきて	先手	7205
さきどり	先取り	6477
さきな	先な	7371
さきに	先に	4878
さきになり	先になり	6854
さきになる	先になる	7288
さきのこと	先のこと	7228
さきのばし	先延ばし	6770
さきばらい	先払い	7174
さきほこっ	咲き誇っ	7341
さきほこり	咲き誇り	7226
さきほこる	咲き誇る	6856
さきほど	先程	5900
さきほど	先ほど	5960
さきほど	さきほど	7040
さきまわり	先回り	6942
さきみだれ	咲き乱れ	7300
さきみだれる	咲き乱れる	7380
さきもの	先物	6555
さきやま	崎山	7547
さきゅう	砂丘	6798
さきゆき	先行き	7171
さきょう	左京	7204
さきよみ	先読み	6701
さきんじ	先んじ	7231
さぎ	詐欺	5354
さぎ	サギ	6756
さぎ	鷺	7267
さぎざい	詐欺罪	7528
さぎし	詐欺師	6857
さぎょう	作業	4379
さぎょういん	作業員	7017
さぎょうかいし	作業開始	7552
さぎょうかんきょう	作業環境	7337
さぎょうかんりょう	作業完了	7376
さぎょうぎ	作業着	7124
さぎょうこうてい	作業工程	7511
さぎょうこうりつ	作業効率	6903
さぎょうしゃ	作業者	7243
さぎょうじかん	作業時間	6992
さぎょうせい	作業性	7484
さぎょうだい	作業台	7254
さぎょうちゅう	作業中	6872
さぎょうないよう	作業内容	7041
さぎょうば	作業場	6772
さぎょうふく	作業服	7470
さぎょうりょう	作業量	7558
さぎょうりょうほうし	作業療法士	7029
さく	作	5077
さく	策	5537
さく	咲く	5710
さく	柵	6092
さく	さく	6302
さく	昨	6432
さく	咲	6438
さく	サク	6551
さくい	作為	6802
さくいん	索引	6706
さくが	作画	6043
さくき	昨季	6393
さくげん	削減	5285
さくご	錯誤	6271
さくさく	サクサク	5910
さくさく	さくさく	6863
さくさん	酢酸	6688
さくし	作詞	5875
さくし	錯視	7431
さくし	策士	7460
さくしか	作詞家	7546
さくしさっきょく	作詞作曲	7283
さくしゃ	作者	5417
さくしゅ	搾取	6541
さくしゅう	昨秋	6872
さくしゅつ	作出	7135
さくじつ	昨日	5785
さくじょ	削除	4885
さくず	作図	6771
さくせい	作成	4373
さくせい	作製	6173
さくせいかのう	作成可能	7092
さくせいしゃ	作成者	7309
さくせいちゅう	作成中	7313
さくせす	サクセス	6656
さくせん	作戦	5417
さくそう	錯綜	7314
さくたい	錯体	7064
さくたろう	朔太郎	7517
さくちゅう	作中	5921
さくっ	サクッ	6046
さくっと	さくっと	6847
さくづけ	作付け	7381
さくづけ	作付	7406
さくてい	策定	5676
さくてい	作庭	7500
さくてき	索敵	7078
さくとう	作陶	7301
さくなつ	昨夏	7310
さくにゅう	搾乳	7005
さくねん	昨年	4803
さくねんど	昨年度	6118
さくねんまつ	昨年末	6579
さくばん	昨晩	6573
さくひん	作品	4132
さくひんぐん	作品群	7416
さくひんしゅう	作品集	7352
さくひんじたい	作品自体	7505
さくひんせいさく	作品制作	7460
さくひんてん	作品展	7252
さくひんめい	作品名	7215
さくふう	作風	6363
さくぶつ	作物	6776
さくぶん	作文	6140
さくま	佐久間	6365
さくめ	作目	6965
さくもつ	作物	6275
さくや	昨夜	6451
さくや	咲夜	7327
さくら	桜	4979
さくら	さくら	5538
さくら	サクラ	5941
さくら	櫻	6564
さくら	佐倉	6838
さくら	咲良	7298
さくらい	櫻井	6204
さくらい	桜井	6216
さくらいろ	桜色	7185
さくらえび	桜えび	7296
さくらがおか	桜ヶ丘	7219
さくらき	桜木	7545
さくらぎ	桜木	7018
さくらぎちょう	桜木町	7404
さくらこ	桜子	7248
さくらこ	櫻子	7490
さくらじま	桜島	7314
さくらだ	桜田	6903
さくらなみき	桜並木	6775
さくらの	桜の	5987
さくらのき	桜の木	7458
さくらのきせつ	桜の季節	7350
さくらのはな	桜の花	7126
さくらば	桜庭	7368
さくらもち	桜餅	7199
さくらん	錯乱	7142
さくらんぼ	さくらんぼ	6441
さくらんぼ	サクランボ	7162
さくりゃく	策略	6817
さくれい	作例	6661
さくれつ	炸裂	6410
さぐっ	探っ	6169
さぐら	佐倉	7380
さぐり	探り	6357
さぐる	探る	6029
さぐれ	さぐれ	7443
さぐろ	探ろ	7449
さぐろう	探ろう	7439
さけ	酒	5324
さけ	避け	5522
さけ	鮭	6239
さけ	裂け	6684
さけ	サケ	6693
さけ	さけ	7002
さけかす	酒粕	6675
さけずき	酒好き	7095
さけづくり	酒造り	6860
さけてん	酒店	6934
さけのさかな	酒の肴	7474
さけのみ	酒飲み	6973
さけば	叫ば	6749
さけび	叫び	6148
さけびごえ	叫び声	6834
さけぶ	叫ぶ	6220
さけめ	裂け目	7210
さけよ	避けよ	7002
さけよう	避けよう	6998
さける	避ける	5729
さける	さける	7270
さける	裂ける	7564
さけん	叫ん	6005
さげ	下げ	5572
さげ	さげ	7134
さげる	下げる	5761
さげれ	下げれ	7510
さげん	左舷	7464
さこ	さこ	7384
さこ	追	7461
さこく	鎖国	7123
さこっしゅ	サコッシュ	7229
さこつ	鎖骨	6685
ささ	刺さ	6051
ささ	笹	6335
ささ	ササ	6666
ささ	ささ	6789
ささ	剳さ	6907
ささ	扠さ	6907
ささ	扨さ	6907
ささ	箚さ	6907
ささい	些細	6084
ささい	ささい	7023
ささえ	支え	5332
ささえあい	支え合い	7039
ささえあう	支え合う	7533
ささえあっ	支え合っ	7346
ささえる	支える	5532
ささがわ	笹川	7276
ささき	佐々木	5694
ささき	ささき	7177
ささきさん	佐々木さん	7431
ささくれ	ささくれ	7247
ささぐ	捧ぐ	7190
ささげ	捧げ	6257
ささげ	ささげ	7035
ささげる	捧げる	6448
ささげる	ささげる	7375
ささっ	刺さっ	6305
ささっ	ささっ	7177
ささつ	査察	7226
ささはら	篠原	7114
ささみ	ささみ	6477
ささやい	囁い	7248
ささやか	ささやか	6398
ささやか	囁か	6921
ささやき	ささやき	7068
ささやき	囁き	7266
ささやく	囁く	7138
ささやく	ささやく	7343
ささやま	篠山	7217
ささら	刺さら	7222
ささり	刺さり	6703
ささる	刺さる	6331
さざえ	サザエ	6877
さざえさん	サザエさん	6679
さざなみ	さざなみ	7294
さざなみ	漣	7309
さざなみ	さざ波	7488
さざなみ	小波	7553
さざびー	サザビー	7459
さざれ	さざれ	7489
さざん	サザン	6983
さざんおーるすたーず	サザンオールスターズ	7315
さざんか	サザンカ	7531
さし	指し	5494
さし	さし	6150
さし	差し	6182
さし	刺し	6212
さし	挿し	6233
さし	剳し	6907
さし	扠し	6907
さし	扨し	6907
さしあげ	差し上げ	6271
さしあげ	さしあげ	7521
さしあげる	差し上げる	7085
さしいれ	差し入れ	6453
さしえ	挿絵	6463
さしおい	差し置い	7138
さしおさえ	差し押さえ	7237
さしおさえ	差押	7527
さしおさえ	差押え	7536
さしかえ	差し替え	6678
さしかえる	差し替える	7331
さしかかっ	差し掛かっ	6992
さしかかっ	さしかかっ	7527
さしかかり	差し掛かり	7364
さしかかる	差し掛かる	7297
さしき	挿し木	6653
さしこ	刺し子	7154
さしこま	差し込ま	7175
さしこみ	差し込み	6525
さしこみぐち	差込口	7565
さしこむ	差し込む	6341
さしこん	差し込ん	6448
さししめし	指し示し	7415
さししめす	指し示す	7215
さしず	指図	7090
さしせまっ	差し迫っ	7279
さしださ	差し出さ	7078
さしだし	差し出し	6534
さしだしにん	差出人	6909
さしだす	差し出す	6767
さしつかえ	差し支え	6734
さして	さして	6627
さしとめ	差し止め	7358
さしね	指値	7251
さしのべ	差し伸べ	7339
さしはさん	挟ん	7275
さしはら	指原	7258
さしはらりの	指原莉乃	7190
さしば	差し歯	7337
さしひい	差し引い	6599
さしひか	差し引か	7302
さしひき	差し引き	7520
さしひく	差し引く	7414
さしみ	刺し身	5717
さしみ	刺身	7179
さしゃ	さしゃ	6907
さしゃ	剳しゃ	6907
さしゃ	扠しゃ	6907
さしゃ	扨しゃ	6907
さしゃ	箚しゃ	6907
さしゃ	點しゃ	6923
さしゃ	捺しゃ	6931
さしゃ	サシャ	7525
さしゅ	詐取	7507
さしゅう	サ終	7210
さしょう	詐称	6903
さしょう	査証	7401
さじ	さじ	6949
さじ	匙	7212
さじ	サジ	7392
さじぇすと	サジェスト	7246
さじき	桟敷	7533
さす	指す	5741
さす	刺す	6407
さす	さす	6459
さす	差す	6812
さす	剳す	6907
さす	扠す	6907
さす	扨す	6907
さす	箚す	6907
さすが	さすが	4994
さすが	流石	5633
さすけ	サスケ	6557
さすっ	さすっ	7310
さすてぃなぶる	サスティナブル	7159
さすてなびりてぃ	サステナビリティ	6541
さすてなぶる	サステナブル	6531
さすはら	指原	7415
さすぺんしょん	サスペンション	6265
さすぺんす	サスペンス	6336
さすぺんだー	サスペンダー	7318
さすらい	さすらい	7525
さずかっ	授かっ	6755
さずかり	授かり	6911
さずかる	授かる	7007
さずく	教授	7034
さずけ	授け	6837
さずける	授ける	7347
させ	させ	5046
させ	剳せ	6907
させ	扠せ	6907
させ	扨せ	6907
させ	箚せ	6907
させ	點せ	6923
させ	捺せ	6931
させがわ	長谷川	7331
させつ	左折	6266
させぼ	佐世保	6747
させよ	させよ	6907
させりゃ	させりゃ	6907
させる	させる	5423
させる	指せる	6717
させれ	させれ	6907
させろ	させろ	6907
させん	させん	6907
させん	左遷	7066
さそ	さそ	6907
さそ	剳そ	6907
さそ	扠そ	6907
さそ	扨そ	6907
さそ	箚そ	6907
さそ	點そ	6923
さそ	捺そ	6931
さそい	誘い	6346
さそう	誘う	6195
さそお	支	6274
さそく	左側	6218
さそっ	誘っ	5830
さそり	サソリ	6968
さそり	蠍	7392
さそりざ	蠍座	6952
さそりざ	さそり座	7263
さそわ	誘わ	6000
さぞ	さぞ	6907
さぞかし	さぞかし	6928
さた	沙汰	6744
さた	サタ	7320
さたけ	佐竹	6865
さたん	サタン	6628
さたん	左端	6865
さたーん	サターン	7305
さだ	さだ	6746
さだ	貞	7205
さだ	佐田	7319
さだ	サダ	7400
さだいじん	左大臣	7488
さだか	定か	6410
さだこ	貞子	7139
さだまっ	定まっ	6737
さだまら	定まら	7014
さだまり	定まり	7496
さだまる	定まる	7456
さだめ	定め	5522
さだめて	定めて	6150
さだめる	定める	5151
さち	さち	6995
さち	幸	7351
さち	サチ	7372
さち	祥	7387
さちこ	幸子	7096
さちこ	さちこ	7465
さちこ	祥子	7545
さちゅうかん	左中間	7214
さっ	去っ	5913
さっ	さっ	6535
さっ	察	6640
さっか	作家	5181
さっか	昨夏	7251
さっかく	錯覚	6288
さっかー	サッカー	4972
さっかーせんしゅ	サッカー選手	6960
さっかーぶ	サッカー部	6954
さっかーぼーる	サッカーボール	7358
さっき	さっき	5500
さっき	殺気	7212
さっきゅう	早急	6581
さっきょく	作曲	5446
さっきょくか	作曲家	6739
さっきょくしゃ	作曲者	7544
さっきん	殺菌	6162
さっく	サック	6819
さっくす	サックス	6305
さっくり	さっくり	6821
さっくり	サックリ	7456
さっこん	昨今	5736
さっさ	サッサ	7428
さっさと	さっさと	5970
さっし	察し	6073
さっし	冊子	6111
さっし	サッシ	6332
さっしょう	殺傷	6842
さっしん	刷新	6411
さっすう	冊数	7324
さっする	察する	7078
さっそう	颯爽	6803
さっそく	早速	5248
さっそく	さっそく	5672
さっち	察知	6422
さっち	さっち	7450
さっちゅう	殺虫	6553
さっちゅうざい	殺虫剤	7082
さっちょう	薩長	7427
さって	幸手	7451
さっと	さっと	5993
さっと	サッと	6141
さっとう	殺到	6236
さっぱり	さっぱり	5554
さっぱり	サッパリ	6455
さっぷ	サップ	7516
さっぷうけい	殺風景	7278
さっぽろ	札幌	5243
さっぽろ	サッポロ	6828
さっぽろえき	札幌駅	7433
さっぽろし	札幌市	6892
さっぽろしない	札幌市内	7365
さっぽろどーむ	札幌ドーム	7431
さっぽろびーる	サッポロビール	7325
さつ	冊	5264
さつ	札	6065
さつ	刷	7151
さつ	薩	7280
さつ	サツ	7359
さつい	殺意	6662
さついれ	札入れ	7393
さつえい	撮影	4283
さつえいかい	撮影会	6954
さつえいかのう	撮影可能	7381
さつえいかんきょう	撮影環境	7389
さつえいきんし	撮影禁止	7206
さつえいげんば	撮影現場	6939
さつえいご	撮影後	7146
さつえいしゃ	撮影者	7278
さつえいじ	撮影時	6885
さつえいち	撮影地	7373
さつえいちゅう	撮影中	6828
さつえいばしょ	撮影場所	6959
さつえいび	撮影日	7505
さつえいまえ	撮影前	7427
さつがい	殺害	5791
さつき	皐月	6870
さつき	さつき	6998
さつき	サツキ	7132
さつきしょう	皐月賞	7515
さつしょぶん	殺処分	6904
さつじん	殺人	5556
さつじん	殺陣	7115
さつじんき	殺人鬼	6772
さつじんざい	殺人罪	7526
さつじんじけん	殺人事件	6878
さつじんはん	殺人犯	7351
さつぞう	撮像	6972
さつたば	札束	7294
さつばつ	殺伐	7334
さつま	薩摩	6585
さつま	さつま	6818
さつまあげ	さつま揚げ	7194
さつまいも	さつまいも	5909
さつまいも	サツマイモ	6395
さつまいも	さつま芋	6919
さつめ	冊目	7275
さつりく	殺戮	6860
さて	さて	4765
さてい	査定	5479
さていがく	査定額	7476
さていきんがく	査定金額	7547
さておき	さておき	6325
さてつ	砂鉄	7421
さてと	さてと	7273
さては	さては	7359
さてらいと	サテライト	6542
さてん	サテン	6691
さでぃ	サディ	7436
さと	里	5751
さと	郷	6519
さと	サト	6989
さと	さと	7120
さと	聖	7337
さと	智	7436
さといも	里芋	6508
さといも	サトイモ	7373
さとぅ	里	6998
さとう	佐藤	5343
さとう	砂糖	5363
さとう	さとう	6661
さとう	サトウ	7207
さとうきび	サトウキビ	6903
さとうきび	さとうきび	7504
さとうさん	佐藤さん	6980
さとお	佐藤	6494
さとおや	里親	6182
さとがえり	里帰り	6605
さとこ	聖子	7331
さとこ	沙都子	7542
さとご	里子	7343
さとさ	諭さ	7375
さとし	悟	6512
さとし	サトシ	6549
さとし	聖	6854
さとし	智	6908
さとし	恵	7037
さとし	聡	7038
さとし	さとし	7045
さとし	覚	7095
さとす	諭す	7245
さとっ	悟っ	6627
さとみ	さとみ	6423
さとみ	里見	6856
さとみ	聡美	7365
さとやま	里山	6617
さとら	悟ら	7066
さとり	悟り	6678
さとり	悟	6693
さとり	さとり	7281
さとる	悟	6514
さとる	智	6985
さとる	覚	7116
さとる	了	7144
さとる	悟る	7157
さとる	聡	7214
さとる	学	7258
さとる	聖	7337
さど	佐渡	6460
さどう	作動	5838
さどう	茶道	6417
さどう	佐藤	6790
さどう	差動	7422
さどく	査読	6836
さどる	サドル	6364
さな	さな	7010
さな	サナ	7387
さなえ	早苗	6753
さなえ	さなえ	7525
さなか	さなか	6907
さながら	さながら	6418
さなぎ	蛹	6810
さなぎ	サナギ	7267
さなぎ	さなぎ	7381
さなだ	真田	6797
さにー	サニー	6686
さにーれたす	サニーレタス	7328
さぬき	さぬき	6825
さぬき	讃岐	6895
さね	札	7173
さね	実	7497
さの	佐野	6041
さのう	左脳	7177
さのす	サノス	7474
さは	左派	6979
さはく	佐伯	7489
さはら	サハラ	7353
さはらさばく	サハラ砂漠	7505
さはりん	サハリン	7277
さはんじ	茶飯事	6862
さば	サバ	5877
さば	鯖	5982
さば	さば	6436
さばい	捌い	7036
さばい	さばい	7137
さばいばる	サバイバル	6249
さばいばー	サバイバー	6800
さばえ	鯖江	7103
さばか	裁か	7221
さばかん	サバ缶	7543
さばかん	鯖缶	7550
さばき	さばき	6932
さばき	捌き	7023
さばき	裁き	7182
さばく	砂漠	5946
さばく	捌く	7186
さばく	さばく	7196
さばく	裁く	7231
さばさば	サバサバ	7298
さばんな	サバンナ	6946
さび	サビ	5791
さび	錆	6220
さび	錆び	6294
さび	さび	6856
さび	寂	7390
さびき	サビキ	6818
さびし	寂し	6178
さびし	淋し	7463
さびしい	寂しい	5619
さびしい	さびしい	7132
さびしい	淋しい	7184
さびしいきもち	寂しい気持ち	7339
さびしかっ	寂しかっ	7208
さびしく	寂しく	6198
さびしげ	寂しげ	7381
さびしさ	寂しさ	6487
さびどめ	錆止め	7458
さびる	錆びる	7439
さびれ	寂れ	7135
さぴえんす	サピエンス	7273
さぴっくす	サピックス	7442
さふ	サフ	7236
さふぁいあ	サファイア	6613
さふぁり	サファリ	6620
さふらん	サフラン	7091
さぶ	サブ	5286
さぶ	寒	5996
さぶ	さぶ	7407
さぶあか	サブ垢	7458
さぶい	寒い	7152
さぶうーふぁー	サブウーファー	7273
さぶかっ	寒かっ	6443
さぶかる	サブカル	7096
さぶきゃら	サブキャラ	7543
さぶくえすと	サブクエスト	7511
さぶさ	寒さ	6534
さぶしすてむ	サブシステム	7236
さぶすく	サブスク	6370
さぶすくりぷしょん	サブスクリプション	6343
さぶたいとる	サブタイトル	6845
さぶねっと	サブネット	7561
さぶましんがん	サブマシンガン	7526
さぶるーちん	サブルーチン	7513
さぶろう	三郎	6415
さぶん	差分	6476
さぷらい	サプライ	6247
さぷらいず	サプライズ	5932
さぷらいちぇーん	サプライチェーン	7088
さぷらいや	サプライヤ	7431
さぷらいやー	サプライヤー	6477
さぷり	サプリ	6291
さぷりめんと	サプリメント	6109
さへん	左辺	7333
さべつ	差別	5359
さべつか	差別化	6795
さべつてき	差別的	7149
さほう	作法	6426
さほど	さほど	6067
さぼ	サボ	6797
さぼう	砂防	6887
さぼう	茶房	7326
さぼっ	サボっ	6503
さぼっ	さぼっ	7201
さぼてん	サボテン	6439
さぼり	サボり	6810
さぼり	さぼり	7448
さぼる	サボる	7095
さぽか	サポカ	7502
さぽーたー	サポーター	5790
さぽーと	サポート	4527
さぽーとせんたー	サポートセンター	7451
さぽーとたいせい	サポート体制	7012
さま	様	4191
さま	さま	4795
さま	サマ	6507
さまい	差枚	7220
さまがわり	様変わり	6962
さまざま	様々	4455
さまざま	さまざま	4701
さまざまあり	様々あり	7275
さまし	冷まし	6452
さまし	覚まし	6562
さます	冷ます	6783
さます	覚ます	6791
さまそに	サマソニ	7512
さまたげ	妨げ	6498
さまたげる	妨げる	6520
さまになる	様になる	7492
さまよう	彷徨う	7128
さまよう	さまよう	7135
さまよっ	彷徨っ	7165
さまよっ	さまよっ	7229
さまりー	サマリー	7082
さまんさ	サマンサ	7513
さまー	サマー	6096
さまーきゃんぷ	サマーキャンプ	7436
さまーすくーる	サマースクール	7297
さまーたいむ	サマータイム	7294
さみし	寂し	6631
さみし	さみし	7359
さみしい	さみしい	6695
さみしい	淋しい	7487
さみしかっ	寂しかっ	7162
さみしく	さみしく	7397
さみしく	淋しく	7541
さみしさ	寂しさ	6736
さみだれ	五月雨	7555
さみっと	サミット	6295
さみゅえる	サミュエル	7333
さみー	サミー	7279
さむ	寒	5883
さむ	サム	6336
さむ	さむ	7124
さむい	寒い	5359
さむいきせつ	寒い季節	6860
さむいじき	寒い時期	6727
さむいふゆ	寒い冬	6748
さむえ	作務衣	7551
さむぎょぷさる	サムギョプサル	7146
さむく	寒く	5784
さむさ	寒さ	5785
さむす	サムス	7556
さむすん	サムスン	6739
さむそう	寒そう	7437
さむそん	サムソン	7484
さむぞら	寒空	7421
さむねいる	サムネイル	6432
さむらい	侍	6009
さむらい	サムライ	6556
さむれー	武士	7420
さめ	冷め	5915
さめ	覚め	6145
さめ	サメ	6185
さめ	さめ	6956
さめ	鮫	6979
さめ	醒め	7246
さめじま	鮫島	7335
さめる	覚める	6619
さめる	冷める	6744
さも	さも	6902
さもあ	サモア	7268
さや	さや	6561
さや	鞘	6624
さや	清	6790
さや	サヤ	7147
さや	莢	7565
さやか	さやか	6511
さやか	沙也加	7028
さやか	清	7377
さやま	狭山	6592
さやま	佐山	7337
さゆ	白湯	6554
さゆ	さゆ	7234
さゆう	左右	5060
さゆうさ	左右差	7301
さゆうたいしょう	左右対称	7078
さゆうひたいしょう	左右非対称	7519
さゆみ	さゆみ	7485
さゆり	さゆり	6723
さゆり	小百合	7121
さよ	小夜	7396
さよ	さよ	7452
さよう	作用	5243
さようなら	さようなら	6527
さよく	左翼	6440
さよなら	さよなら	6195
さよなら	サヨナラ	6350
さより	サヨリ	7350
さら	皿	5639
さら	更	5809
さら	さら	6072
さら	サラ	6102
さら	去ら	7330
さらあらい	皿洗い	7211
さらい	さらい	6355
さらいしゅう	再来週	7183
さらいねん	再来年	7132
さらうんど	サラウンド	6924
さらきん	サラ金	7503
さらけだし	さらけ出し	7226
さらけだす	さらけ出す	7452
さらさ	さらさ	6199
さらさ	晒さ	6452
さらさ	更紗	7451
さらさら	サラサラ	6364
さらさら	さらさら	6583
さらし	晒し	6369
さらし	さらし	6562
さらし	晒	7164
さらし	サラシ	7540
さらす	晒す	6758
さらす	さらす	6797
さらだ	サラダ	5257
さらだちきん	サラダチキン	7393
さらだばー	サラダバー	7503
さらだゆ	サラダ油	6243
さらち	更地	6899
さらっ	サラッ	6318
さらっ	さらっ	7010
さらっと	さらっと	6252
さらっと	サラッと	6352
さらなる	さらなる	5716
さらなるせいちょう	さらなる成長	7357
さらなるたかみ	さらなる高み	7505
さらなるひやく	さらなる飛躍	7566
さらに	さらに	4123
さらに	更に	4938
さらにおいしく	さらに美味しく	7289
さらにおおきく	さらに大きく	7203
さらにくわしい	さらに詳しい	7187
さらにくわしく	さらに詳しく	6767
さらにこまかく	さらに細かく	7549
さらにたかい	さらに高い	7397
さらにたのしく	さらに楽しく	7495
さらにつよく	さらに強く	7268
さらにふかく	さらに深く	7337
さらによい	さらに良い	7536
さらによく	さらに良く	7515
さらば	さらば	6675
さらぶれっど	サラブレッド	7111
さらまんだー	サラマンダー	7563
さらみ	サラミ	7154
さらり	さらり	6628
さらりと	サラリと	7176
さらりーまん	サラリーマン	5891
さらわ	さらわ	7049
さらわ	攫わ	7442
さらん	サラン	7031
さり	さり	5772
さり	去り	6507
さり	サリ	7108
さり	沙莉	7122
さりげ	さりげ	5985
さりげなく	さり気なく	7063
さりょう	茶寮	7551
さりん	サリン	7177
さりー	サリー	6732
さる	猿	6077
さる	サル	6108
さる	さる	6144
さる	申	6319
さる	去る	6358
さるさ	サルサ	6994
さるすべり	サルスベリ	7492
さるびあ	サルビア	7391
さるべーじ	サルベージ	7201
され	サレ	7487
され	され	7549
されど	されど	6962
されないよう	されないよう	6678
されるの	されるの	5308
さろ	サロ	7514
さろう	去ろう	7560
さろぺっと	サロペット	7344
さろめ	サロメ	7314
さろん	サロン	5208
さわ	沢	6212
さわ	サワ	6415
さわ	さわ	6741
さわ	澤	6897
さわい	騒い	6287
さわい	澤井	7445
さわが	騒が	6649
さわがしい	騒がしい	6829
さわがしく	騒がしく	7161
さわがせ	騒がせ	6748
さわぎ	騒ぎ	6461
さわぐ	騒ぐ	6555
さわぐち	沢口	7508
さわこ	佐和子	7313
さわしろ	沢城	7484
さわじり	沢尻	7148
さわぞい	沢沿い	7419
さわた	澤田	7387
さわた	沢田	7543
さわたり	佐渡	7228
さわだ	沢田	6878
さわだ	澤田	6909
さわっ	触っ	5695
さわっ	さわっ	6988
さわのぼり	沢登り	7301
さわべ	澤部	7283
さわむら	沢村	6734
さわむら	澤村	7064
さわやか	爽やか	5420
さわやか	さわやか	6021
さわやかさ	爽やかさ	7000
さわやまで	沢山出	7505
さわら	触ら	6206
さわら	サワラ	6986
さわら	さわら	7292
さわら	鰆	7318
さわら	早良	7447
さわり	触り	6290
さわり	さわり	7147
さわる	触る	6059
さわる	さわる	7213
さわろう	触ろう	7547
さわん	左腕	6571
さわーくりーむ	サワークリーム	7230
さん	さん	3188
さん	産	5110
さん	山	5737
さん	酸	5824
さん	サン	6157
さん	参	6547
さん	算	6811
さん	讃	7077
さんいつ	散逸	7490
さんいん	参院	6448
さんいん	産院	6856
さんいん	山陰	6951
さんいんほんせん	山陰本線	7423
さんうら	三浦	6498
さんおんとう	三温糖	7506
さんか	参加	4091
さんか	酸化	5565
さんか	傘下	6268
さんか	産科	6877
さんか	讃歌	7287
さんか	賛歌	7309
さんかい	三階	7220
さんかい	山海	7385
さんかい	散開	7503
さんかい	山塊	7540
さんかいただき	参加いただき	7398
さんかかのう	参加可能	6707
さんかく	三角	5861
さんかく	参画	5944
さんかくかんけい	三角関係	7371
さんかくきん	三角巾	7554
さんかくてん	三角点	7378
さんかしかく	参加資格	7465
さんかしゃ	参加者	5234
さんかしゃぜんいん	参加者全員	6973
さんかしゃたち	参加者たち	7499
さんかしゃどうし	参加者同士	7498
さんかしょう	参加賞	7307
さんかじょうけん	参加条件	7451
さんかちゅう	参加中	6776
さんかっけい	三角形	6166
さんかにんずう	参加人数	7026
さんかひ	参加費	6689
さんかほうほう	参加方法	7121
さんかぼうしざい	酸化防止剤	7529
さんかむりょう	参加無料	7498
さんかよてい	参加予定	7289
さんから	さんから	5383
さんかん	参観	6177
さんかん	山間	6514
さんかんおう	三冠王	7383
さんかんがく	産官学	7325
さんかんぶ	山間部	7493
さんが	サンガ	7012
さんが	山河	7523
さんがい	三階	7393
さんがく	山岳	6130
さんがく	産学	6600
さんがつ	3月	4703
さんがつ	三月	5203
さんがつまつ	3月末	6801
さんがつまつ	三月末	7301
さんがにち	三が日	7351
さんきゃく	三脚	6311
さんきゅう	産休	6316
さんきゅー	サンキュー	6917
さんきょう	三共	7330
さんきんこうたい	参勤交代	7412
さんぎいん	参議院	6429
さんぎょう	産業	4952
さんぎょうい	産業医	7250
さんぎょうかい	産業界	7206
さんぎょうかくめい	産業革命	7515
さんぎょうはいきぶつ	産業廃棄物	7319
さんく	産駒	6584
さんくす	サンクス	6908
さんくちゅあり	サンクチュアリ	7215
さんくとぺてるぶるく	サンクトペテルブルク	7441
さんぐらす	サングラス	5971
さんけい	参詣	6775
さんけい	山系	7038
さんけい	産経	7174
さんけい	サンケイ	7516
さんけいしんぶん	産経新聞	6950
さんけつ	酸欠	7278
さんけん	散見	6577
さんげき	惨劇	7113
さんげんじゃや	三軒茶屋	7172
さんこう	参考	4503
さんこう	山行	6583
さんこうがぞう	参考画像	7387
さんこうしょ	参考書	6065
さんこうしりょう	参考資料	7131
さんこうじょうほう	参考情報	7489
さんこうていど	参考程度	6694
さんこうぶんけん	参考文献	7131
さんこつ	散骨	6925
さんご	産後	5855
さんご	サンゴ	6362
さんご	珊瑚	6785
さんごう	山号	7447
さんごう	三郷	7461
さんごく	三国	6928
さんごくし	三国志	6480
さんごくし	三國志	7555
さんごしょう	サンゴ礁	6874
さんごしょう	珊瑚礁	7364
さんさい	山菜	6456
さんさく	散策	5622
さんさろ	三叉路	7495
さんさん	さんさん	6795
さんさん	サンサン	7503
さんざい	散財	7043
さんざい	散在	7119
さんざん	散々	6295
さんざん	さんざん	6701
さんざん	三山	7285
さんしぇーど	サンシェード	7316
さんしまい	三姉妹	7316
さんしゃ	三者	6996
さんしゃいん	サンシャイン	6603
さんしゃいんしてぃ	サンシャインシティ	7446
さんしゅ	三種	6818
さんしゅう	参集	7187
さんしゅつ	算出	5742
さんしゅつ	産出	6618
さんしょう	参照	4898
さんしょう	山椒	6355
さんしょううお	サンショウウオ	7549
さんしょうのこと	参照のこと	6928
さんしろう	三四郎	7160
さんしん	三振	6090
さんしん	三線	6969
さんじ	サンジ	6688
さんじ	惨事	6761
さんじ	賛辞	7076
さんじ	三次	7299
さんじ	参事	7406
さんじぇるまん	サンジェルマン	7313
さんじかん	参事官	7546
さんじげん	三次元	6772
さんじゃ	三社	7501
さんじゅうし	三銃士	7287
さんじゅうのとう	三重塔	7448
さんじゅつ	算術	7371
さんじょ	三女	6898
さんじょ	賛助	7046
さんじょう	三条	6401
さんじょう	山上	6747
さんじょう	惨状	7024
さんじょう	参上	7037
さんじょう	三上	7430
さんじん	山神	7273
さんすい	散水	6990
さんすい	山水	7116
さんすう	算数	6008
さんすくりっと	サンスクリット	7252
さんず	サンズ	7153
さんせい	賛成	6050
さんせい	酸性	6263
さんせい	産生	6481
さんせい	参政	7070
さんせいどう	三省堂	7378
さんせき	山積	7190
さんせっと	サンセット	7422
さんせん	参戦	5546
さんぜ	三世	7171
さんぜん	産前	6781
さんぜん	燦然	7487
さんそ	酸素	5507
さんそう	山荘	6341
さんそん	山村	6827
さんぞう	三蔵	7210
さんぞく	山賊	6915
さんた	サンタ	6092
さんたくろーす	サンタクロース	6732
さんたな	サンタナ	7525
さんだ	三田	6942
さんだる	サンダル	6022
さんだん	散弾	7019
さんだん	算段	7269
さんだー	サンダー	6706
さんだーす	サンダース	7293
さんだーばーど	サンダーバード	7140
さんち	産地	5784
さんち	山地	6445
さんちぇす	サンチェス	7562
さんちゅ	サンチュ	7557
さんちゅう	山中	6279
さんちょう	山頂	5582
さんちょうふきん	山頂付近	7475
さんちょうめ	三丁目	6990
さんちょく	産直	6820
さんてい	算定	5927
さんでぃ	サンディ	7525
さんでぃえご	サンディエゴ	7041
さんでん	三田	7152
さんでー	サンデー	6461
さんとう	三島	7173
さんとうか	山頭火	7559
さんとうしょう	山東省	7451
さんとす	サントス	7492
さんとら	サントラ	6727
さんとりー	サントリー	6403
さんとりーに	サントリーニ	7558
さんとりーほーる	サントリーホール	7545
さんど	サンド	5800
さんど	酸度	7519
さんどいっち	サンドイッチ	6017
さんどう	賛同	6047
さんどう	参道	6104
さんどう	山道	6488
さんどうぃっち	サンドウィッチ	7064
さんどうぃっちまん	サンドウィッチマン	7303
さんどぶらすと	サンドブラスト	7536
さんどぺーぱー	サンドペーパー	7248
さんない	山内	7052
さんなん	三男	6558
さんにゅう	参入	5943
さんにゅう	算入	6870
さんにん	三人	5940
さんにんしょう	三人称	7275
さんのう	山王	7024
さんのまる	三の丸	7156
さんのみや	三宮	7074
さんのみや	三ノ宮	7337
さんば	サンバ	6621
さんばいざー	サンバイザー	7421
さんばし	桟橋	6524
さんばん	三番	7349
さんぱい	参拝	5698
さんぱい	産廃	7046
さんぱいしゃ	参拝者	7285
さんぱうろ	サンパウロ	7153
さんぱつ	散髪	7031
さんぱつ	散発	7457
さんび	賛美	6872
さんびか	讃美歌	7449
さんびか	賛美歌	7519
さんびゃく	三百	6966
さんびょうし	三拍子	7089
さんぴ	賛否	6258
さんぴりょうろん	賛否両論	7011
さんぴん	産品	6836
さんふじんか	産婦人科	6380
さんふらんしすこ	サンフランシスコ	6439
さんふれっちぇひろしま	サンフレッチェ広島	7272
さんぶ	三部	7326
さんぶ	三分	7385
さんぶ	山武	7544
さんぶつ	産物	6532
さんぶれいく	サンブレイク	7398
さんぶん	散文	7458
さんぷ	散布	6198
さんぷく	山腹	7272
さんぷりんぐ	サンプリング	6408
さんぷる	サンプル	5353
さんぷるこーど	サンプルコード	7335
さんぺい	三平	7344
さんぼう	参謀	6604
さんぼん	三盆	7238
さんぽ	散歩	5237
さんぽ	さんぽ	6476
さんぽちゅう	散歩中	7312
さんぽみち	散歩道	6969
さんま	さんま	6359
さんま	サンマ	6629
さんま	秋刀魚	6805
さんまい	三昧	7061
さんまい	三枚	7074
さんまいめ	三枚目	7401
さんまん	散漫	7198
さんみ	酸味	5651
さんみ	三位	7268
さんみいったい	三位一体	7083
さんみゃく	山脈	6410
さんみょう	三名	7294
さんめん	三面	7320
さんもん	山門	6691
さんや	山野	7189
さんや	三谷	7458
さんやく	三役	7379
さんゆうてい	三遊亭	7066
さんよ	参与	7090
さんよう	山陽	6661
さんよう	三洋	7428
さんよう	山容	7445
さんようしんかんせん	山陽新幹線	7175
さんようほんせん	山陽本線	7406
さんらいず	サンライズ	6810
さんらん	産卵	6100
さんらん	散乱	6465
さんりお	サンリオ	6388
さんりおきゃらくたーず	サンリオキャラクターズ	7324
さんりおぴゅーろらんど	サンリオピューロランド	7538
さんりく	三陸	6639
さんりゅう	三流	7249
さんりん	山林	6674
さんりん	三輪	6839
さんりんしゃ	三輪車	7208
さんるい	三塁	6410
さんるいしゅ	三塁手	7456
さんるいだ	三塁打	7189
さんるーふ	サンルーフ	7295
さんるーむ	サンルーム	7276
さんれつ	参列	6219
さんれつしゃ	参列者	7351
さんろく	山麓	6586
さんわ	三和	7212
さー	サー	6200
さーかす	サーカス	6379
さーきっと	サーキット	5983
さーきゅらーえこのみー	サーキュラーエコノミー	7484
さーきゅれーたー	サーキュレーター	7044
さーくる	サークル	5494
さーしゃ	サーシャ	7468
さーじ	サージ	7166
さーち	サーチ	6137
さーて	さーて	7280
さーてぃわん	サーティワン	7415
さーど	サード	6043
さーどぱーてぃ	サードパーティ	7123
さーば	サーバ	5463
さーばー	サーバー	5258
さーびす	サービス	4124
さーびすえぶりたうん	サービスエブリタウン	7452
さーびすえりあ	サービスエリア	7293
さーびすぎょう	サービス業	6957
さーびすこうじょう	サービス向上	7386
さーびすざんぎょう	サービス残業	7267
さーふ	サーフ	6307
さーふぁー	サーファー	6822
さーふぃん	サーフィン	6060
さーふぇす	サーフェス	7160
さーふぼーど	サーフボード	7365
さーぶ	サーブ	6286
さーべい	サーベイ	7230
さーべる	サーベル	6766
さーぼ	サーボ	6796
さーも	サーモ	7156
さーもすたっと	サーモスタット	7203
さーもん	サーモン	6076
さーや	サーヤ	7492
さーろいん	サーロイン	7045
さーゔぁんと	サーヴァント	6618
ざ	座	5613
ざ	The	6318
ざ	the	6637
ざい	剤	4810
ざい	材	5073
ざい	罪	5973
ざい	在	6040
ざい	財	6283
ざい	ざい	7063
ざいあく	罪悪	6101
ざいあくかん	罪悪感	6378
ざいい	在位	7205
ざいうん	財運	7355
ざいかい	財界	7151
ざいがい	在外	7038
ざいがく	在学	5865
ざいがくせい	在学生	7524
ざいがくちゅう	在学中	6733
ざいきょう	在京	7491
ざいきん	在勤	7108
ざいく	細工	6554
ざいけい	財形	7320
ざいげん	財源	6418
ざいこ	在庫	4938
ざいこあり	在庫あり	6690
ざいこうせい	在校生	6380
ざいこかくにん	在庫確認	7329
ざいこかんり	在庫管理	7013
ざいこぎれ	在庫切れ	5939
ざいこじょうきょう	在庫状況	6798
ざいこすう	在庫数	6757
ざいさん	財産	5352
ざいさんぶんよ	財産分与	7398
ざいしつ	材質	6039
ざいしょく	在職	6567
ざいしょくちゅう	在職中	7374
ざいじゅう	在住	5479
ざいじょう	罪状	7408
ざいせい	財政	5786
ざいせいてき	財政的	7529
ざいせいなん	財政難	7427
ざいせき	在籍	5614
ざいぜん	財前	7446
ざいたく	在宅	5646
ざいたくいりょう	在宅医療	7197
ざいたくきんむ	在宅勤務	6693
ざいたくわーく	在宅ワーク	6715
ざいだん	財団	5677
ざいだんほうじん	財団法人	6994
ざいちゅう	在中	7177
ざいにち	在日	6178
ざいにん	罪人	7056
ざいにん	在任	7076
ざいばつ	財閥	6634
ざいほう	財宝	6854
ざいむ	財務	5811
ざいむきょく	財務局	7332
ざいむしょう	財務省	6539
ざいむしょひょう	財務諸表	6775
ざいもく	材木	6895
ざいらい	在来	6253
ざいらいせん	在来線	7229
ざいりゅう	在留	6280
ざいりゅうしかく	在留資格	7288
ざいりょう	材料	4921
ざいりょうひ	材料費	7131
ざいりょく	財力	7088
ざいる	ザイル	7550
ざうるす	ザウルス	7312
ざお	ざお	7366
ざおう	蔵王	6976
ざか	坂	5675
ざかり	盛り	6429
ざかり	ざかり	7473
ざが	座が	7472
ざがく	座学	6978
ざき	ざき	6676
ざき	崎	7023
ざき	ザキ	7191
ざく	ザク	6793
ざく	ざく	7077
ざくぎり	ざく切り	7052
ざくざく	ザクザク	6606
ざくざく	ざくざく	7433
ざくろ	ザクロ	6995
ざくろ	ざくろ	7356
ざけ	酒	5389
ざこ	雑魚	6464
ざこ	ザコ	6747
ざこつ	坐骨	6756
ざし	刺し	6356
ざし	ざし	7354
ざし	座し	7518
ざしあん	ザシアン	7322
ざしき	座敷	6385
ざしょう	座礁	7377
ざしょう	挫傷	7501
ざせき	座席	5552
ざせきすう	座席数	7485
ざせつ	挫折	6038
ざぜん	坐禅	7032
ざぜん	座禅	7057
ざぞう	坐像	7148
ざだん	座談	6391
ざだんかい	座談会	7010
ざちょう	座長	6502
ざっ	ザッ	7421
ざっか	雑貨	5556
ざっかてん	雑貨店	7549
ざっかや	雑貨屋	7408
ざっかん	雑感	7297
ざっき	雑記	6931
ざっきょ	雑居	7193
ざっきん	雑菌	6624
ざっく	ザック	6445
ざっくす	ザックス	7503
ざっくばらん	ざっくばらん	7165
ざっくり	ざっくり	5918
ざっくり	ザックリ	6979
ざっこく	雑穀	6712
ざっし	雑誌	5217
ざっしゅ	雑種	6975
ざっしょく	雑食	7019
ざっそう	雑草	6030
ざった	雑多	6823
ざっと	ざっと	6325
ざっとう	雑踏	7254
ざっぷ	ザップ	6951
ざつ	雑	6078
ざつおん	雑音	6637
ざつがく	雑学	6706
ざつぜん	雑然	7477
ざつだん	雑談	5947
ざつな	雑な	6584
ざつねん	雑念	7327
ざつむ	雑務	7240
ざつよう	雑用	6894
ざひょう	座標	6090
ざびえる	ザビエル	7538
ざふと	ザフト	7523
ざぶとん	座布団	6696
ざま	ざま	6428
ざま	座間	7161
ざます	ザマス	7452
ざめん	座面	6904
ざゆうのめい	座右の銘	6804
ざら	皿	5786
ざら	ザラ	6615
ざら	ざら	6760
ざらざら	ザラザラ	7067
ざらざら	ざらざら	7312
ざらめ	ザラメ	7419
ざり	ざり	6907
ざりがに	ザリガニ	6715
ざる	ざる	5361
ざる	ザル	6328
ざるそば	ざるそば	7414
ざるつぶるく	ザルツブルク	7344
ざれ	ざれ	7367
ざれ	戯れ	7436
ざれごと	戯言	7283
ざわ	ざわ	6644
ざわ	ザワ	7320
ざわざわ	ざわざわ	7201
ざわざわ	ザワザワ	7280
ざわつい	ざわつい	7381
ざわつく	ざわつく	7495
ざわり	ざわり	6964
ざん	残	6114
ざん	ザン	7086
ざん	ざん	7112
ざんがい	残骸	6716
ざんがく	残額	7270
ざんき	残基	7391
ざんきょう	残響	7077
ざんきん	残金	7306
ざんぎ	ザンギ	7220
ざんぎゃく	残虐	7014
ざんぎょう	残業	5375
ざんぎょうじかん	残業時間	6960
ざんぎょうだい	残業代	6640
ざんぎょうてあて	残業手当	7490
ざんげ	懺悔	7014
ざんげき	斬撃	6686
ざんこく	残酷	6110
ざんごう	塹壕	7423
ざんさ	残渣	7216
ざんさい	残債	7353
ざんさつ	惨殺	7123
ざんし	残滓	7421
ざんしゅ	斬首	7310
ざんしょ	残暑	6259
ざんしん	斬新	6058
ざんせき	残席	7161
ざんせつ	残雪	6978
ざんそん	残存	7193
ざんぞう	残像	6974
ざんぞん	残存	6635
ざんだか	残高	6059
ざんち	残置	7354
ざんてい	暫定	6281
ざんていてき	暫定的	7260
ざんとう	残党	7031
ざんど	残土	7434
ざんにん	残忍	7144
ざんねん	残念	4819
ざんぱい	惨敗	6827
ざんぱん	残飯	7404
ざんびあ	ザンビア	7374
ざんまい	三昧	6648
ざんまい	ざんまい	7292
ざんよ	残余	7352
ざんりゅう	残留	6132
ざんりょう	残量	6320
ざーさい	ザーサイ	7308
し	し	2146
し	氏	4311
し	市	4344
し	師	4789
し	士	4856
し	子	5079
し	死	5239
し	史	5433
しあ	シア	7091
しあい	試合	4564
しあいかいし	試合開始	7334
しあいかいじょう	試合会場	7307
しあいけっか	試合結果	7145
しあいご	試合後	6621
しあいしゅうりょう	試合終了	7104
しあいちゅう	試合中	6691
しあいてんかい	試合展開	7402
しあいないよう	試合内容	7435
しあいまえ	試合前	6691
しあいめ	試合目	7085
しあがっ	仕上がっ	5795
しあがり	仕上がり	5436
しあがりになっ	仕上がりになっ	7530
しあがる	仕上がる	6417
しあげ	仕上げ	5161
しあげる	仕上げる	6008
しあたー	シアター	6083
しあつ	指圧	6856
しあとる	シアトル	6711
しあばたー	シアバター	7541
しあわせ	幸せ	4668
しあわせ	しあわせ	6238
しあわせいっぱい	幸せいっぱい	7553
しあわせそう	幸せそう	6617
しあん	思案	6661
しあん	シアン	6877
しあんちゅう	思案中	7419
しあー	シアー	7173
しい	敷い	5979
しい	強い	6261
しい	しい	6615
しい	恣意	7031
しい	椎	7144
しい	シイ	7182
しい	志位	7514
しいか	詩歌	7367
しいき	市域	7207
しいく	飼育	5475
しいくいん	飼育員	7537
しいくかんきょう	飼育環境	7475
しいたけ	しいたけ	6334
しいたけ	椎茸	6346
しいたけ	シイタケ	6940
しいたげ	虐げ	7207
しいて	強いて	6774
しいて	しいて	7083
しいてき	恣意的	7326
しいな	椎名	6527
しいら	シイラ	7391
しいる	強いる	7062
しいれ	仕入れ	5878
しいれ	仕入	6618
しいれさき	仕入先	7073
しいれる	仕入れる	6786
しいん	試飲	6383
しいん	死因	6423
しいん	子音	6981
しうち	仕打ち	6940
しうまい	シウマイ	7414
しうんてん	試運転	6579
しぇあ	シェア	5208
しぇあはうす	シェアハウス	7009
しぇありんぐ	シェアリング	6760
しぇいかー	シェイカー	7512
しぇいく	シェイク	6601
しぇいくすぴあ	シェイクスピア	6838
しぇいぷ	シェイプ	6515
しぇいぷあっぷ	シェイプアップ	7521
しぇぱーど	シェパード	7197
しぇふ	シェフ	5764
しぇむりあっぷ	シェムリアップ	7564
しぇらとん	シェラトン	7277
しぇりる	シェリル	7349
しぇりー	シェリー	6756
しぇる	シェル	6072
しぇるたー	シェルター	6487
しぇるふ	シェルフ	7354
しぇーだー	シェーダー	7325
しぇーでぃんぐ	シェーディング	7371
しぇーど	シェード	6644
しぇーばー	シェーバー	7078
しぇーびんぐ	シェービング	6937
しぇーん	シェーン	7329
しえい	市営	6121
しえいじゅうたく	市営住宅	7491
しえき	使役	7047
しえな	シエナ	7524
しえる	シエル	7077
しえん	支援	4380
しえん	私怨	7506
しえんかつどう	支援活動	7370
しえんきん	支援金	7357
しえんしゃ	支援者	6951
しえんた	シエンタ	7151
しお	塩	5174
しお	潮	6329
しお	汐	7082
しお	シオ	7475
しおあじ	塩味	6220
しおかげん	塩加減	7056
しおかぜ	潮風	6835
しおから	塩辛	6948
しおからい	塩辛い	7413
しおがま	塩釜	7330
しおくり	仕送り	7011
しおけ	塩気	6559
しおこうじ	塩麹	6632
しおこしょう	塩コショウ	6731
しおこしょう	塩胡椒	6990
しおこしょう	塩こしょう	7008
しおこんぶ	塩昆布	7343
しおさい	潮騒	7478
しおじり	塩尻	7071
しおた	塩田	7562
しおだれ	塩ダレ	7434
しおづけ	塩漬け	6717
しおどき	潮時	7421
しおどめ	汐留	7358
しおぬき	塩抜き	7318
しおの	塩野	7342
しおばら	塩原	7543
しおひがり	潮干狩り	7106
しおみ	塩見	7246
しおみず	塩水	6863
しおめ	潮目	7462
しおもみ	塩もみ	7252
しおやき	塩焼き	6469
しおゆで	塩ゆで	7507
しおらーめん	塩ラーメン	7313
しおり	しおり	6456
しおり	栞	6813
しおり	詩織	6953
しおり	史緒里	7485
しおれ	しおれ	7360
しおれ	萎れ	7467
しおん	シオン	6624
しおん	しおん	7319
しおん	紫苑	7410
しおん	詩音	7413
しか	しか	4086
しか	歯科	5303
しか	鹿	5936
しか	シカ	6228
しか	敷か	6590
しか	然	6863
しか	史家	7409
しか	如か	7485
しかい	視界	5763
しかい	司会	5780
しかい	歯科医	6807
しかい	市会	7519
しかい	死海	7549
しかいいん	歯科医院	6036
しかいし	歯科医師	6833
しかいしゃ	司会者	7043
しかいしんこう	司会進行	7514
しかえいせいし	歯科衛生士	7011
しかえし	仕返し	6875
しかく	資格	4830
しかく	視覚	5607
しかく	四角	6722
しかく	死角	6735
しかく	刺客	6839
しかくい	四角い	6412
しかくく	四角く	7259
しかくけい	四角形	7118
しかくしけん	資格試験	7342
しかくしゅとく	資格取得	6666
しかくしょうがい	視覚障害	7493
しかくてあて	資格手当	7443
しかくてき	視覚的	6257
しかけ	仕掛け	5921
しかけ	しかけ	6693
しかけ	仕掛	7391
しかける	仕掛ける	6473
しかご	シカゴ	6382
しかし	しかし	4081
しかし	然し	7400
しかして	しかして	7025
しかしながら	しかしながら	5679
しかた	仕方	4887
しかた	しかた	6457
しかたない	しかたない	7033
しかたなく	しかたなく	7428
しかちりょう	歯科治療	7296
しかっ	叱っ	6776
しかっ	しかっ	7404
しかっけい	四角形	7112
しかつ	死活	7206
しかと	シカト	7325
しかと	しかと	7550
しかにく	鹿肉	7053
しかばね	屍	7090
しかも	しかも	4757
しから	叱ら	6391
しから	しから	6772
しかり	しかり	6655
しかり	然り	6750
しかり	叱り	6816
しかる	叱る	6746
しかる	しかる	6997
しかるべき	然るべき	7054
しかるべき	しかるべき	7534
しかわ	四川	7263
しかん	士官	6726
しかん	弛緩	6984
しかん	歯間	7192
しかん	史観	7371
しが	滋賀	6218
しが	志賀	6833
しが	歯牙	7548
しがい	市街	6149
しがい	市外	6603
しがい	死骸	6730
しがいかちょうせいくいき	市街化調整区域	7475
しがいせん	紫外線	5691
しがいち	市街地	5921
しがく	私学	6900
しがく	史学	7420
しがくぶ	歯学部	7179
しがけん	滋賀県	5995
しがこうげん	志賀高原	7358
しがち	しがち	6748
しがつ	4月	4653
しがつ	四月	5153
しがつまつ	4月末	7223
しがない	しがない	7288
しがみつい	しがみつい	6887
しがみつく	しがみつく	7194
しがらき	信楽	7326
しがらきやき	信楽焼	7536
しがらみ	しがらみ	6984
しがん	志願	6399
しがー	シガー	6909
しき	式	4509
しき	指揮	5476
しき	四季	5774
しき	しき	6277
しき	敷き	6344
しき	士気	6610
しき	敷	6732
しき	識	6843
しきい	敷居	6679
しきいがたかい	敷居が高い	7175
しきいし	敷石	7491
しきいち	しきい値	6897
しきいち	閾値	7065
しきかく	色覚	7201
しきかん	指揮官	6746
しきがみ	式神	6959
しききん	敷金	7004
しきさい	色彩	5905
しきさいゆたか	色彩豊か	7403
しきざい	資機材	7312
しきざき	四季咲き	7462
しきし	色紙	6481
しきしゃ	指揮者	6893
しきしゃ	識者	7071
しきじ	式辞	7233
しきじ	識字	7435
しきじょう	式場	6497
しきそ	色素	6026
しきそう	色相	6999
しきそちんちゃく	色素沈着	7308
しきたり	しきたり	7159
しきち	敷地	5443
しきちない	敷地内	6370
しきちめんせき	敷地面積	7437
しきちょう	色調	6476
しきっ	仕切っ	6959
しきつめ	敷き詰め	6777
しきつめる	敷き詰める	7444
しきてん	式典	6032
しきない	式内	7289
しきぶとん	敷布団	7258
しきべつ	識別	5691
しきべつし	識別子	6706
しきもの	敷物	7179
しきゅう	支給	5313
しきゅう	子宮	5810
しきゅう	四球	6372
しきゅう	始球	6773
しきゅう	至急	6844
しきゅう	死球	7015
しきゅうきんしゅ	子宮筋腫	7457
しきゅうけいがん	子宮頸がん	7375
しきゅうしき	始球式	7163
しきょ	死去	6187
しきょう	市況	6926
しきょう	司教	7020
しきょうい	市教委	7429
しきょうひん	試供品	7385
しきょく	支局	6713
しきら	仕切ら	6932
しきり	仕切り	6512
しきり	仕切	7393
しきりなおし	仕切り直し	7411
しきりに	しきりに	6972
しきる	仕切る	6999
しきん	資金	5137
しきん	至近	6588
しきんきょり	至近距離	6918
しきんぐり	資金繰り	6665
しきんけいかく	資金計画	7388
しきんちょうたつ	資金調達	6803
しきんりょく	資金力	7450
しぎ	市議	6591
しぎ	シギ	7307
しぎかい	市議会	6163
しぎょう	始業	6376
しぎょうしき	始業式	7015
しく	敷く	6491
しく	しく	6634
しく	如く	6761
しく	市区	7431
しく	シク	7461
しくじり	しくじり	7338
しくちょうそん	市区町村	6194
しくはっく	四苦八苦	6943
しくま	仕組ま	7418
しくみ	仕組み	5396
しくみ	しくみ	6439
しくみ	仕組	7257
しくみになっ	仕組みになっ	7265
しくらめん	シクラメン	7159
しくん	仕組ん	7441
しぐさ	仕草	6229
しぐさ	しぐさ	6730
しぐなす	シグナス	7495
しぐなる	シグナル	6276
しぐねちゃー	シグネチャー	7233
しぐま	シグマ	6850
しぐれ	しぐれ	7058
しけ	シケ	7466
しけい	死刑	6057
しけい	市警	7508
しけいしゅう	死刑囚	6924
しけいはんけつ	死刑判決	7561
しけつ	止血	6857
しけん	試験	4666
しけん	私見	6763
しけんかいじょう	試験会場	7348
しけんかん	試験管	7141
しけんかん	試験官	7553
しけんじょう	試験場	6810
しけんたいさく	試験対策	7468
しけんてき	試験的	7035
しけんへん	試験片	7039
しけんべんきょう	試験勉強	7511
しげ	茂	6477
しげ	しげ	6779
しげ	シゲ	6975
しげ	繁	7092
しげ	滋	7332
しげ	重	7471
しげお	茂雄	7273
しげおか	重岡	7131
しげき	刺激	5124
しげき	茂樹	7232
しげきてき	刺激的	6543
しげっ	茂っ	7020
しげのぶ	重信	7415
しげみ	茂み	6931
しげり	茂り	7436
しげる	茂	6703
しげる	しげる	6705
しげる	繁	7251
しげる	茂る	7290
しげる	滋	7384
しげん	資源	5349
しこ	しこ	6932
しこ	シコ	6967
しこ	四股	7394
しこう	思考	5188
しこう	施工	5586
しこう	施行	5735
しこう	志向	5953
しこう	試行	6036
しこう	嗜好	6277
しこう	指向	6353
しこう	至高	6708
しこうかいろ	思考回路	7262
しこうさくご	試行錯誤	5995
しこうてい	始皇帝	7149
しこうていし	思考停止	7529
しこうひん	嗜好品	7499
しこうび	施行日	7497
しこうりょく	思考力	6866
しこく	四国	5699
しこしこ	シコシコ	7483
しこたま	しこたま	7431
しこつこ	支笏湖	7304
しこま	仕込ま	6925
しこみ	仕込み	6327
しこみ	仕込	7378
しこむ	仕込む	6938
しこり	しこり	7085
しこん	仕込ん	6348
しこん	歯根	6956
しご	死後	6102
しご	死語	7090
しご	私語	7420
しごく	至極	6926
しごと	仕事	4009
しごと	シゴト	7552
しごといがい	仕事以外	7417
しごとうん	仕事運	7267
しごとおわり	仕事終わり	6772
しごとがえり	仕事帰り	7016
しごとがら	仕事柄	7195
しごとさがし	仕事探し	7525
しごとじょう	仕事上	7234
しごとちゅう	仕事中	6493
しごとないよう	仕事内容	6386
しごとなかま	仕事仲間	7393
しごとのこと	仕事のこと	6900
しごとば	仕事場	6594
しごとぶり	仕事ぶり	7281
しごとやめ	仕事辞め	7565
しごとりょう	仕事量	6969
しさ	示唆	5750
しさい	司祭	6674
しさく	施策	5559
しさく	試作	6015
しさく	思索	7107
しさくひん	試作品	6630
しさつ	視察	5967
しさつ	刺殺	7232
しさん	資産	5146
しさん	試算	6489
しさんうんよう	資産運用	6894
しさんかち	資産価値	7215
しさんけいせい	資産形成	7195
しざ	視座	7071
しざい	資材	5867
しざい	私財	7455
しざん	死産	7214
しし	獅子	6206
しし	獣	6320
しし	四肢	6721
しし	しし	6963
しし	シシ	7041
しし	志士	7085
しし	死し	7274
ししがしら	獅子頭	7474
ししきゅう	四死球	7377
ししざ	しし座	7421
ししざ	獅子座	7531
ししつ	脂質	5986
ししつ	資質	6243
ししとう	ししとう	7135
ししど	宍戸	7238
ししまい	獅子舞	6766
ししゃ	死者	5975
ししゃ	支社	6333
ししゃ	試写	6575
ししゃ	使者	6585
ししゃく	子爵	7239
ししゃごにゅう	四捨五入	7015
ししゃちょう	支社長	7319
ししゃも	ししゃも	7084
ししゅ	死守	7071
ししゅう	刺繍	5690
ししゅう	詩集	6739
ししゅう	歯周	6777
ししゅう	刺しゅう	6831
ししゅうびょう	歯周病	6099
ししゅうびょうきん	歯周病菌	7422
ししゅつ	支出	5946
ししゅん	思春	6222
ししゅんき	思春期	6243
ししょ	支所	6579
ししょ	司書	6687
ししょう	師匠	5729
ししょう	支障	5783
ししょう	死傷	6805
ししょう	視床	7233
ししょうをきたし	支障をきたし	7242
ししょうをきたす	支障をきたす	6893
ししょく	試食	6013
ししょくいん	市職員	7557
ししょくかい	試食会	7542
ししん	指針	5910
ししんけい	視神経	7277
しじ	指示	5158
しじ	支持	5342
しじ	師事	6442
しじ	私事	7148
しじしゃ	支持者	7339
しじつ	史実	6311
しじま	静寂	7491
しじみ	しじみ	6862
しじみ	シジミ	6980
しじゅう	四十	7084
しじゅう	始終	7311
しじゅうから	シジュウカラ	7332
しじゅうく	四十九	7537
しじゅうくにち	四十九日	7286
しじゅく	私塾	7533
しじゅつ	施術	5093
しじゅつご	施術後	7027
しじゅつじかん	施術時間	7512
しじゅつちゅう	施術中	6991
しじゅつないよう	施術内容	7491
しじゅつまえ	施術前	7374
しじょ	子女	6741
しじょう	市場	5069
しじょう	史上	5530
しじょう	試乗	5955
しじょう	至上	6588
しじょう	四条	6997
しじょう	誌上	7366
しじょう	私情	7395
しじょう	紙上	7506
しじょうかかく	市場価格	7429
しじょうかち	市場価値	7242
しじょうきぼ	市場規模	7167
しじょうしゃ	試乗車	7349
しじょうちょうさ	市場調査	7237
しじょうどうこう	市場動向	7399
しじょうなわて	四條畷	7374
しじょうはつ	史上初	7368
しじりつ	支持率	7412
しじん	詩人	6223
しじん	私人	7517
しす	しす	6971
しす	シス	7069
しす	死す	7224
しすう	指数	5855
しすこ	シスコ	6800
しすこん	シスコン	7558
しすたー	シスター	6779
しすたーず	シスターズ	7425
しすてむ	システム	4391
しすてむえんじにあ	システムエンジニア	6880
しすてむかいはつ	システム開発	6903
しすてむじょう	システム上	7285
しすてむず	システムズ	7018
しする	資する	6371
しず	しず	7245
しず	シズ	7286
しずい	歯髄	7332
しずおか	静岡	5512
しずおかけん	静岡県	5763
しずおかし	静岡市	7144
しずおかだいがく	静岡大学	7513
しずか	静か	5183
しずか	静香	6928
しずか	しずか	7123
しずか	静	7504
しずく	雫	6410
しずく	しずく	6619
しずく	滴	7123
しずけさ	静けさ	6704
しずま	沈ま	7201
しずまりかえっ	静まり返っ	7313
しずみ	沈み	6645
しずみ	鎮	7101
しずむ	沈む	6302
しずめ	沈め	6620
しずめ	鎮め	7203
しずめる	沈める	7112
しずめる	鎮める	7139
しずん	沈ん	6157
しせい	姿勢	5024
しせい	市政	6575
しせい	刺青	6658
しせい	市制	6923
しせい	市井	7266
しせいかつ	私生活	6406
しせいかん	死生観	7325
しせいどう	資生堂	6624
しせき	史跡	6302
しせき	歯石	6698
しせつ	施設	4454
しせつ	使節	6935
しせつ	私設	7176
しせつちょう	施設長	7481
しせつない	施設内	6712
しせん	視線	5542
しせん	支線	6939
しせん	四川	7104
しせんのさき	視線の先	7558
しせんりょうり	四川料理	7386
しぜい	市税	7161
しぜん	自然	4410
しぜんかい	自然界	6685
しぜんかがく	自然科学	6889
しぜんかんきょう	自然環境	6634
しぜんげんごしょり	自然言語処理	7534
しぜんげんしょう	自然現象	7301
しぜんこう	自然光	6935
しぜんさいがい	自然災害	6629
しぜんそざい	自然素材	6978
しぜんたい	自然体	6471
しぜんはっせいてき	自然発生的	7136
しぜんゆたか	自然豊か	6526
しそ	しそ	6535
しそ	始祖	6743
しそ	シソ	6853
しそ	紫蘇	6957
しそう	思想	5595
しそう	試走	6985
しそう	試奏	7247
しそう	歯槽	7403
しそうか	思想家	7066
しそく	子息	6897
しそく	四則	7508
しそく	四足	7529
しそん	子孫	6044
しぞく	氏族	7030
しぞく	士族	7379
した	下	5129
した	舌	5689
した	した	7222
したあじ	下味	6553
したい	死体	5925
したい	したい	6287
したい	肢体	7181
したい	慕い	7388
したう	思	6633
したう	慕う	7066
したうけ	下請け	6554
したうけ	下請	6955
したうち	舌打ち	6916
したえ	下絵	6968
したがい	従い	5824
したがい	したがい	7269
したがう	従う	5978
したがえ	従え	6952
したがき	下書き	6507
したがき	下描き	7531
したがっ	従っ	5447
したがっ	したがっ	6505
したがって	したがって	5569
したがって	従って	6101
したがわ	下側	6396
したがわ	従わ	6465
したぎ	下着	6021
したく	支度	6486
したくさ	下草	7319
したごころ	下心	6955
したごしらえ	下ごしらえ	6784
したさき	舌先	7460
したざさえ	下支え	7216
したざわり	舌触り	6888
したしい	親しい	6258
したしいひと	親しい人	7143
したしいゆうじん	親しい友人	7122
したしかっ	親しかっ	7547
したしく	親しく	6417
したしま	親しま	6015
したしみ	親しみ	6217
したしみやすい	親しみやすい	6605
したしみやすく	親しみやすく	7273
したしみやすさ	親しみやすさ	7156
したしむ	親しむ	6963
したしらべ	下調べ	6852
したしん	親しん	6777
したじ	下地	5891
したじき	下敷き	6680
したじしょり	下地処理	7495
したじゅんび	下準備	6695
したず	下図	6345
したたか	したたか	7506
したため	したため	7360
したたる	滴る	7360
したっ	慕っ	6844
したっぱ	下っ端	7173
したつづみ	舌鼓	7132
したづみ	下積み	7164
したて	下手	6108
したて	仕立て	6384
したて	したて	6625
したて	仕立	7396
したてあげ	仕立て上げ	7472
したてや	仕立て屋	7508
したてる	仕立てる	7159
したどり	下取り	6439
したなが	二	7509
したになっ	下になっ	6800
したになり	下になり	6933
したになる	下になる	6943
したぬり	下塗り	6944
したのがぞう	下の画像	7072
したのしゃしん	下の写真	6748
したのなまえ	下の名前	7512
したはら	下腹	7221
したび	下火	7274
したまち	下町	6421
したまわっ	下回っ	6577
したまわり	下回り	7030
したまわる	下回る	6466
したみ	下見	6541
したむき	下向き	6672
したら	したら	6896
したら	設楽	7233
したわ	慕わ	6765
したん	シタン	7530
しだ	シダ	6754
しだ	志田	6898
しだ	試打	6947
しだ	しだ	7502
しだい	次第	5130
しだい	しだい	6710
しだい	私大	6890
しだいに	次第に	5775
しだいに	しだいに	7096
しだし	仕出し	7491
しだし	しだし	7535
しだれ	しだれ	7315
しだれざくら	枝垂れ桜	7437
しだん	師団	6493
しち	質	5583
しちがつ	7月	4745
しちがつ	七月	5245
しちがつまつ	7月末	7076
しちごさん	七五三	6814
しちじょう	七条	7443
しちずん	シチズン	7227
しちひゃく	七百	7324
しちふくじん	七福神	6774
しちみ	七味	6793
しちみとうがらし	七味唐辛子	7248
しちめんちょう	七面鳥	7402
しちゃい	しちゃい	5864
しちゃう	しちゃう	5739
しちゃえ	しちゃえ	7343
しちゃお	しちゃお	6906
しちゃく	試着	5991
しちゃっ	しちゃっ	5717
しちや	質屋	6946
しちゅ	シチュ	7503
しちゅう	支柱	6313
しちゅう	市中	7195
しちゅうすいめい	四柱推命	6922
しちゅえーしょん	シチュエーション	5983
しちゅー	シチュー	6282
しちょう	視聴	4975
しちょう	市長	5455
しちょう	試聴	6439
しちょう	市町	6528
しちょう	支庁	7530
しちょうかく	視聴覚	7158
しちょうかのう	視聴可能	7004
しちょうしゃ	視聴者	5920
しちょうしゃ	市庁舎	7002
しちょうそん	市町村	5658
しちょうそんちょう	市町村長	7496
しちょうりつ	視聴率	6556
しちりあ	シチリア	6849
しちろう	七郎	7563
しっ	知っ	4448
しっ	しっ	6681
しっかく	失格	6457
しっかし	しっかし	7237
しっかり	しっかり	4262
しっかり	シッカリ	6871
しっかり	確り	7446
しっかん	疾患	5298
しっき	漆器	6820
しっきゃく	失脚	7119
しっきん	失禁	7073
しっく	シック	6093
しっくい	漆喰	6577
しっくす	シックス	6915
しっくはうす	シックハウス	7532
しっくり	しっくり	6081
しっけ	湿気	6222
しっけん	執権	7303
しっこう	執行	5571
しっこう	失効	6726
しっこうかん	執行官	7475
しっこうやくいん	執行役員	7301
しっこく	漆黒	6535
しっさく	失策	7022
しっしき	湿式	7343
しっしょう	失笑	7204
しっしょく	失職	7318
しっしん	湿疹	6647
しっしん	失神	6885
しっせい	湿性	7015
しっせき	叱責	6876
しっそ	質素	6887
しっそう	疾走	6334
しっそう	失踪	6394
しっそうかん	疾走感	7286
しっそく	失速	6708
しった	叱咤	7039
しったい	失態	6899
しったか	知ったか	7560
しったかぶり	知ったかぶり	7399
しったー	シッター	7291
しっち	湿地	6512
しっちょう	失調	6432
しっつい	失墜	7162
しっていれば	知っていれば	7185
しってほしい	知ってほしい	6729
しってほしい	知って欲しい	7169
しってん	失点	5734
しっと	嫉妬	5802
しっとう	執刀	7223
しっとり	しっとり	5618
しっぱい	失敗	4832
しっぱいさく	失敗作	7450
しっぱいだん	失敗談	6949
しっぴつ	執筆	5271
しっぴつかつどう	執筆活動	7409
しっぴつしゃ	執筆者	5698
しっぴつちゅう	執筆中	7469
しっぷ	シップ	6845
しっぷ	湿布	6883
しっぷう	疾風	7116
しっぺい	疾病	6253
しっぽ	尻尾	6035
しっぽ	しっぽ	6205
しっぽ	シッポ	7256
しっぽう	七宝	7119
しつ	室	4671
しつ	質	5446
しつ	失	6706
しつい	失意	7124
しつおん	室温	6247
しつかん	質感	5597
しつがい	室外	6447
しつがいき	室外機	7145
しつがいこつ	膝蓋骨	7507
しつぎ	質疑	6157
しつぎおうとう	質疑応答	6818
しつぎょう	失業	6194
しつぎょうほけん	失業保険	7423
しつぎょうりつ	失業率	7525
しつけ	しつけ	6369
しつけ	躾	6752
しつげん	湿原	6519
しつげん	失言	7092
しつこい	しつこい	6282
しつこく	しつこく	6246
しつごしょう	失語症	7487
しつじ	執事	6456
しつじつ	質実	7452
しつじゅん	湿潤	7367
しつちょう	室長	6589
しつてき	質的	7243
しつとしん	嫉妬心	7500
しつど	湿度	5711
しつない	室内	5287
しつないがく	室内楽	6937
しつないくうかん	室内空間	7478
しつねん	失念	7034
しつぼう	失望	6450
しつむ	執務	6737
しつむしつ	執務室	7551
しつめい	失明	6836
しつもん	質問	4359
しつもんこーなー	質問コーナー	7523
しつもんしゃ	質問者	5760
しつもんとう	質問等	7401
しつもんないよう	質問内容	7174
しつもんぶん	質問文	7345
しつよう	執拗	6576
しつらえ	設え	7216
しつらえ	しつらえ	7365
しつりょう	質量	6075
しつれい	失礼	5688
しつれん	失恋	6427
して	シテ	7182
してぃ	シティ	5568
してぃー	シティー	7208
してぃーはんたー	シティーハンター	7384
してい	指定	4508
してい	師弟	6823
してい	子弟	7339
していかのう	指定可能	7488
していかんりしゃ	指定管理者	7427
していこうすいせん	指定校推薦	7269
していせき	指定席	6403
していれば	していれば	5773
してき	指摘	5110
してき	私的	6020
してき	詩的	7085
してつ	私鉄	6698
してやっ	してやっ	7038
してやり	してやり	7263
してやる	してやる	6810
してやれ	してやれ	7197
してやろ	してやろ	6849
してん	視点	5079
してん	支店	5744
してん	支点	6979
してん	始点	7105
してんちょう	支店長	6753
してんのう	四天王	6541
してんのうじ	四天王寺	7221
しで	垂	7030
しで	師で	7552
しでかし	しでかし	7455
しでん	市電	6802
しでん	紫電	7465
しと	使徒	6454
しと	使途	6966
しとう	死闘	6739
しとっ	しとっ	7542
しとめ	仕留め	6839
しとめる	仕留める	7106
しとや	四十八	7465
しとやか	しとやか	7331
しとらす	シトラス	7117
しとる	しとる	6515
しとろえん	シトロエン	7327
しとろん	シトロン	7399
しど	シド	6818
しどう	指導	4651
しどう	始動	5882
しどう	市道	6824
しどう	私道	7232
しどう	獅童	7397
しどういん	指導員	7262
しどうしゃ	指導者	6325
しどうほうほう	指導方法	7552
しどうりょく	指導力	7409
しどにー	シドニー	6569
しな	品	5879
しな	死な	6087
しな	しな	6411
しな	支那	6784
しな	シナ	7075
しな	科	7222
しない	市内	5180
しない	竹刀	7022
しないちゅうしんぶ	市内中心部	7347
しなうす	品薄	6822
しなかず	品数	6656
しなかわ	品川	6607
しながき	品書き	6905
しながわ	品川	6153
しながわえき	品川駅	7346
しながわく	品川区	7423
しなぎれ	品切れ	5960
しなぎれちゅう	品切れ中	7399
しなくなっ	しなくなっ	6154
しなくなり	しなくなり	6568
しなくなる	しなくなる	6398
しなさだめ	品定め	7485
しなじな	品々	6872
しなじー	シナジー	6555
しなずがわ	不死川	7390
しなぞろえ	品揃え	6096
しなぞろえ	品ぞろえ	7036
しなだし	品出し	7156
しなの	信濃	6915
しなのがわ	信濃川	7381
しなぷす	シナプス	7052
しなもの	品物	5887
しなもろーる	シナモロール	7286
しなもん	シナモン	6232
しなもんろーる	シナモンロール	7548
しなやか	しなやか	6083
しなり	しなり	7363
しなりお	シナリオ	5517
しなりおらいたー	シナリオライター	7488
しなん	指南	6671
しなん	至難	6805
しなんのわざ	至難の業	7224
しに	死に	5968
しに	しに	7310
しにあ	シニア	5887
しにかけ	死にかけ	6923
しにかる	シニカル	7474
しにがみ	死神	6340
しにぎわ	死に際	7476
しにく	歯肉	6671
しにせ	老舗	5946
しにそう	死にそう	6738
しにょう	し尿	7433
しにん	視認	6250
しにんせい	視認性	6787
しぬ	死ぬ	5302
しぬき	死ぬ気	7158
しね	死ね	6309
しね	しね	7422
しねこん	シネコン	7512
しねま	シネマ	6371
しねまず	シネマズ	7041
しねる	死ねる	7228
しねん	思念	7075
しの	しの	6817
しの	シノ	7054
しの	死の	7177
しの	志乃	7400
しの	篠	7404
しのい	しのい	7165
しのい	凌い	7261
しのう	死のう	7192
しのぎ	しのぎ	6938
しのぎ	凌ぎ	7344
しのぐ	凌ぐ	6947
しのぐ	しのぐ	7048
しのざき	篠崎	7283
しのだ	篠田	6873
しののめ	東雲	7125
しのはら	篠原	6667
しのば	忍ば	6888
しのば	偲ば	7434
しのば	しのば	7471
しのばら	篠原	7310
しのび	忍び	7141
しのび	偲び	7333
しのび	しのび	7513
しのびこん	忍び込ん	7376
しのびよる	忍び寄る	7409
しのぶ	しのぶ	6307
しのぶ	忍	6633
しのぶ	偲ぶ	7003
しのぶ	仁	7052
しのぶ	信	7431
しのぶ	信夫	7531
しのぶえ	篠笛	7500
しのやま	篠山	7245
しのん	偲ん	7346
しはい	支配	5392
しはいしゃ	支配者	7404
しはいてき	支配的	7234
しはいにん	支配人	6592
しはつ	始発	6442
しはつえき	始発駅	7369
しはらい	支払い	5330
しはらい	支払	5689
しはらいほうほう	支払い方法	6103
しはらいほうほう	支払方法	6624
しはらう	支払う	5794
しはらえ	支払え	7386
しはらえる	支払える	7514
しはらっ	支払っ	6048
しはらわ	支払わ	6001
しはん	市販	5527
しはん	師範	6553
しはんき	四半期	6177
しはんせいき	四半世紀	7077
しはんのもの	市販のもの	7121
しはんひん	市販品	7059
しはんやく	市販薬	7339
しば	芝	6064
しば	しば	6551
しば	司馬	6580
しば	柴	6802
しば	シバ	6920
しば	紫	7294
しばい	芝居	5757
しばいぬ	柴犬	6971
しばうら	芝浦	7231
しばかり	芝刈り	7126
しばけん	柴犬	6630
しばさき	柴崎	7145
しばさきこう	柴咲コウ	7351
しばざくら	芝桜	7249
しばし	しばし	6266
しばし	暫し	7204
しばしば	しばしば	5736
しばす	市バス	7010
しばた	柴田	6181
しばた	新発田	7165
しばたたく	瞬く	6910
しばだ	柴田	7412
しばっ	縛っ	6822
しばふ	芝生	5986
しばふひろば	芝生広場	7299
しばら	縛ら	6221
しばらく	しばらく	4961
しばらく	暫く	6044
しばり	縛り	6147
しばりつけ	縛り付け	7553
しばる	縛る	6976
しばん	指板	7000
しひょう	指標	5589
しび	シビ	6860
しびあ	シビア	6439
しびっく	シビック	6721
しびと	死人	7019
しびれ	痺れ	6662
しびれ	しびれ	6695
しびれる	痺れる	7068
しびれる	しびれる	7228
しふ	シフ	7363
しふぉん	シフォン	6323
しふぉんけーき	シフォンケーキ	7145
しふく	私服	6123
しふく	至福	6312
しふくのじかん	至福の時間	7128
しふと	シフト	5489
しふとせい	シフト制	7194
しふとちぇんじ	シフトチェンジ	7469
しぶ	支部	5582
しぶ	渋	6899
しぶ	しぶ	7151
しぶい	渋い	6337
しぶかわ	渋川	6952
しぶかわ	渋皮	7032
しぶき	しぶき	7171
しぶき	飛沫	7206
しぶく	渋く	6953
しぶさわ	渋沢	6745
しぶし	志布志	7498
しぶしぶ	渋々	6951
しぶしぶ	しぶしぶ	7204
しぶたに	渋谷	6078
しぶっ	渋っ	7420
しぶつ	私物	6559
しぶとい	しぶとい	7470
しぶとく	しぶとく	7273
しぶの	渋野	7337
しぶみ	渋み	6854
しぶみ	渋味	7454
しぶめ	渋め	7335
しぶや	渋谷	5520
しぶやえき	渋谷駅	7102
しぶやく	渋谷区	7227
しへい	紙幣	6455
しへん	詩篇	7326
しへん	紙片	7558
しべつ	死別	6988
しべりあ	シベリア	6675
しほ	しほ	7122
しほ	志保	7227
しほ	志穂	7516
しほ	史帆	7561
しほう	司法	6084
しほう	四方	6634
しほう	至宝	7168
しほうしけん	司法試験	7244
しほうしょう	司法省	7513
しほうしょし	司法書士	6231
しほうはっぽう	四方八方	7341
しほん	資本	5638
しほんか	資本家	7308
しほんきん	資本金	6597
しほんしゅぎ	資本主義	7054
しぼ	シボ	7171
しぼう	死亡	5229
しぼう	脂肪	5386
しぼう	志望	5552
しぼうきゅういん	脂肪吸引	7532
しぼうこう	志望校	6332
しぼうさいぼう	脂肪細胞	7520
しぼうさん	脂肪酸	6315
しぼうじこ	死亡事故	7289
しぼうどうき	志望動機	6557
しぼうねんしょう	脂肪燃焼	7435
しぼうぶん	脂肪分	7282
しぼうりつ	死亡率	7293
しぼうりゆう	志望理由	7499
しぼく	神木	7535
しぼっ	絞っ	5796
しぼっ	しぼっ	7110
しぼっ	搾っ	7288
しぼら	絞ら	6581
しぼり	絞り	5747
しぼり	しぼり	6524
しぼり	搾り	6593
しぼりこま	絞り込ま	7530
しぼりこみ	絞り込み	6485
しぼりこむ	絞り込む	6361
しぼりこん	絞り込ん	7422
しぼりだし	絞り出し	7226
しぼりだす	絞り出す	7384
しぼる	絞る	6235
しぼる	しぼる	7511
しぼれ	絞れ	7330
しぼれる	絞れる	7459
しぼれー	シボレー	7355
しぼん	しぼん	7330
しま	島	5489
しま	しま	5824
しま	シマ	6464
しま	縞	6505
しま	志摩	6829
しま	嶋	7065
しま	志麻	7090
しま	嶼	7367
しまい	しまい	4160
しまい	姉妹	5548
しまい	終い	6864
しまい	仕舞	7391
しまい	仕舞い	7451
しまいに	しまいに	7055
しまう	しまう	4027
しまう	シマウ	6907
しまうま	シマウマ	7243
しまえ	しまえ	5726
しまえなが	シマエナガ	7125
しまお	しまお	6490
しまぐに	島国	6962
しまさき	島崎	7421
しまざき	島崎	7085
しましま	しましま	7278
しまじま	島々	6690
しまじろう	しまじろう	7035
しまた	島田	7068
しまた	嶋田	7561
しまだ	島田	6429
しまだ	嶋田	7268
しまっ	しまっ	4156
しまっ	閉まっ	6399
しまっ	締まっ	6814
しまっ	シマッ	6907
しまっ	仕舞っ	7399
しまった	しまった	4329
しまった	締まった	7270
しまつ	始末	6070
しまづ	島津	6621
しまなみ	しまなみ	7364
しまなみかいどう	しまなみ海道	7153
しまね	島根	6387
しまねけん	島根県	6249
しまの	シマノ	6601
しまは	しまは	6907
しまはら	島原	7404
しまばら	島原	7014
しまひ	しまひ	6907
しまふ	しまふ	6907
しまへ	しまへ	6907
しまむら	しまむら	6404
しまむら	島村	7005
しまもと	島本	7214
しまもよう	縞模様	7494
しまら	閉まら	7236
しまり	締まり	7031
しまり	閉まり	7107
しまる	閉まる	6842
しまる	締まる	7450
しまわ	しまわ	6298
しまんとがわ	四万十川	7295
しみ	シミ	5631
しみ	染み	6421
しみ	しみ	6439
しみ	沁み	7151
しみ	滲み	7265
しみこま	染み込ま	6816
しみこみ	染み込み	7178
しみこむ	染み込む	7390
しみこん	染み込ん	6743
しみこん	しみ込ん	7399
しみじみ	しみじみ	6306
しみず	清水	6056
しみず	しみず	7234
しみずえすぱるす	清水エスパルス	7388
しみずけんせつ	清水建設	7457
しみつい	染み付い	7219
しみつい	染みつい	7397
しみづ	清水	7207
しみで	滲み出	7355
しみぬき	染み抜き	7511
しみゅれーしょん	シミュレーション	5749
しみゅれーた	シミュレータ	6867
しみゅれーたー	シミュレーター	6865
しみゅれーと	シミュレート	7059
しみる	しみる	6983
しみる	染みる	7122
しみる	沁みる	7225
しみわたる	染み渡る	7421
しみん	市民	5033
しみんけん	市民権	7459
しみんぜい	市民税	7197
しみんだんたい	市民団体	7419
しみんら	市民ら	7425
しむ	シム	6858
しむ	しむ	7144
しむ	CIM	7538
しむけ	仕向け	7273
しむら	志村	6406
しむら	西村	7419
しめ	占め	5838
しめ	締め	5843
しめ	閉め	5954
しめ	しめ	6547
しめ	シメ	6876
しめ	絞め	7072
しめ	締	7163
しめい	氏名	5629
しめい	指名	5636
しめい	使命	5852
しめいかん	使命感	7012
しめきっ	締め切っ	7405
しめきら	締め切ら	6883
しめきり	締め切り	6146
しめきり	締切	6267
しめきりび	締切日	7034
しめくくっ	締めくくっ	6878
しめくくら	締めくくら	7352
しめくくり	締めくくり	6719
しめくくる	締めくくる	6940
しめさ	示さ	5612
しめし	示し	4930
しめじ	しめじ	6376
しめじ	シメジ	7253
しめす	示す	5079
しめす	示	6892
しめせ	示せ	7537
しめせる	示せる	7396
しめそ	示そ	7520
しめそう	示そう	7511
しめっ	湿っ	6390
しめつ	死滅	6723
しめつけ	締め付け	6664
しめつける	締め付ける	7269
しめなわ	しめ縄	7021
しめなわ	注連縄	7440
しめび	締め日	7389
しめよ	しめよ	6907
しめら	湿ら	7003
しめりけ	湿り気	7465
しめりゃ	しめりゃ	6907
しめる	占める	5829
しめる	締める	6524
しめる	閉める	6527
しめる	しめる	6843
しめれ	しめれ	6907
しめろ	しめろ	6907
しめん	紙面	6449
しめん	誌面	6720
しめん	しめん	6907
しも	下	5078
しも	しも	6044
しも	霜	6482
しも	シモ	7323
しもがもじんじゃ	下鴨神社	7365
しもき	下期	7195
しもきた	下北	7323
しもきたざわ	下北沢	6705
しもぎょう	下京	7559
しもせき	下関	7085
しもぜき	下関	6877
しもだ	下田	7109
しものせき	下関	6779
しもはんき	下半期	6883
しもふり	霜降り	6724
しもべ	しもべ	7264
しもむら	下村	7057
しもん	指紋	6278
しもん	諮問	6753
しもん	シモン	7301
しもんず	シモンズ	7432
しもんにんしょう	指紋認証	7440
しゃ	者	3789
しゃ	車	4786
しゃ	社	4880
しゃ	舎	5900
しゃ	しゃ	6151
しゃ	紗	6532
しゃ	射	6957
しゃ	謝	7175
しゃあ	シャア	6610
しゃあない	しゃあない	7363
しゃい	シャイ	6691
しゃい	謝意	7373
しゃいな	シャイな	7221
しゃいにんぐ	シャイニング	7439
しゃいん	社員	4742
しゃいん	シャイン	7362
しゃいんきょういく	社員教育	7550
しゃいんしょくどう	社員食堂	7536
しゃいんぜんいん	社員全員	7341
しゃいんどうし	社員同士	7504
しゃいんのほう	社員の方	7538
しゃいんひとりひとり	社員一人ひとり	7505
しゃいんますかっと	シャインマスカット	6378
しゃいんりょこう	社員旅行	7291
しゃうと	シャウト	7042
しゃおく	社屋	7124
しゃおん	遮音	6772
しゃおん	謝恩	7351
しゃおんせい	遮音性	7462
しゃか	釈迦	6747
しゃかい	社会	4289
しゃかいか	社会科	7421
しゃかいかがく	社会科学	7075
しゃかいかだい	社会課題	6898
しゃかいかつどう	社会活動	7565
しゃかいがく	社会学	6892
しゃかいがくぶ	社会学部	7197
しゃかいげんしょう	社会現象	7199
しゃかいこうけん	社会貢献	6755
しゃかいさんか	社会参加	7535
しゃかいしゅぎ	社会主義	7440
しゃかいじょうせい	社会情勢	7335
しゃかいじん	社会人	5862
しゃかいせい	社会性	6862
しゃかいせいかつ	社会生活	6915
しゃかいぜんたい	社会全体	6832
しゃかいてき	社会的	6090
しゃかいてきちい	社会的地位	7375
しゃかいとう	社会党	7218
しゃかいふくし	社会福祉	7516
しゃかいふくしし	社会福祉士	7281
しゃかいふくしほうじん	社会福祉法人	7056
しゃかいふっき	社会復帰	7423
しゃかいほけん	社会保険	6914
しゃかいほけんりょう	社会保険料	7283
しゃかいほけんろうむし	社会保険労務士	7426
しゃかいほしょう	社会保障	7218
しゃかしゃか	シャカシャカ	7179
しゃかにょらい	釈迦如来	7424
しゃかん	車間	6937
しゃかんきょり	車間距離	7471
しゃがい	社外	5945
しゃがい	車外	7139
しゃがいとりしまりやく	社外取締役	7303
しゃがいひん	社外品	7222
しゃがみ	しゃがみ	6889
しゃがむ	しゃがむ	7307
しゃがん	しゃがん	6871
しゃき	シャキ	7502
しゃきしゃき	シャキシャキ	6443
しゃきっ	シャキッ	6936
しゃきょう	写経	6970
しゃきょう	社協	7038
しゃく	尺	6345
しゃく	しゃく	7062
しゃく	釈	7229
しゃく	酌	7498
しゃく	癪	7526
しゃくい	爵位	7400
しゃくじいこうえん	石神井公園	7438
しゃくぜん	釈然	7371
しゃくそん	釈尊	7049
しゃくち	借地	6772
しゃくど	尺度	6615
しゃくなげ	シャクナゲ	7234
しゃくねつ	灼熱	6625
しゃくはち	尺八	6969
しゃくぶく	折伏	7560
しゃくほう	釈放	6717
しゃくめい	釈明	7097
しゃくや	借家	7345
しゃくやく	芍薬	7162
しゃくやく	シャクヤク	7518
しゃくよう	借用	6792
しゃけ	鮭	6388
しゃけ	シャケ	7189
しゃけ	しゃけ	7480
しゃけん	車検	5654
しゃけん	車券	7185
しゃけんしょう	車検証	7314
しゃげき	射撃	5863
しゃこ	車庫	6216
しゃこ	シャコ	7135
しゃこう	社交	6129
しゃこう	車高	6238
しゃこう	遮光	6496
しゃこうじれい	社交辞令	7392
しゃこうせい	社交性	7389
しゃこうだんす	社交ダンス	7476
しゃこうてき	社交的	6964
しゃこちょう	車高調	7429
しゃさい	車載	6363
しゃさい	社債	6750
しゃさつ	射殺	6859
しゃざい	謝罪	5659
しゃざいぶん	謝罪文	7542
しゃし	斜視	7149
しゃしゅ	車種	5748
しゃしゅ	射手	7522
しゃしゅつ	射出	6638
しゃしょう	車掌	6602
しゃしょく	社食	7365
しゃしん	写真	3901
しゃしんあり	写真あり	6417
しゃしんか	写真家	6906
しゃしんかん	写真館	7329
しゃしんさつえい	写真撮影	6328
しゃしんしゅう	写真集	5915
しゃしんちゅうおう	写真中央	7503
しゃしんてん	写真展	6986
しゃしんどり	写真撮り	7553
しゃしんのもの	写真のもの	7361
しゃしんひだり	写真左	6779
しゃしんみ	写真見	7513
しゃしんみぎ	写真右	6974
しゃしー	シャシー	7012
しゃじ	社寺	7177
しゃじ	謝辞	7258
しゃじく	車軸	7220
しゃじつ	写実	6956
しゃじつてき	写実的	7463
しゃじゅう	車重	7082
しゃじょう	車上	7261
しゃせい	射精	7071
しゃせい	写生	7145
しゃせつ	社説	7202
しゃせん	車線	5988
しゃせん	斜線	7117
しゃそう	車窓	6514
しゃそく	車速	7075
しゃぞう	写像	7298
しゃたい	車体	5671
しゃたく	社宅	6475
しゃだい	車台	7168
しゃだん	遮断	6129
しゃだん	社団	6862
しゃだんき	遮断器	7436
しゃだんほうじん	社団法人	5986
しゃち	シャチ	6724
しゃち	鯱	7526
しゃちく	社畜	7007
しゃちゅう	車中	6221
しゃちゅう	社中	7321
しゃちゅうはく	車中泊	6810
しゃちょう	社長	4933
しゃっか	借家	7402
しゃっきん	借金	5709
しゃっくり	しゃっくり	7376
しゃっけい	借景	7525
しゃったー	シャッター	5746
しゃったーすぴーど	シャッタースピード	7128
しゃったーちゃんす	シャッターチャンス	7540
しゃったーぼたん	シャッターボタン	7550
しゃっと	シャット	6550
しゃっとあうと	シャットアウト	7034
しゃっとだうん	シャットダウン	7406
しゃっふる	シャッフル	6701
しゃつ	シャツ	5453
しゃてい	射程	6090
しゃてい	舎弟	7262
しゃていきょり	射程距離	7553
しゃてき	射的	7021
しゃでん	社殿	6408
しゃとる	シャトル	6121
しゃとるばす	シャトルバス	6992
しゃとれーぜ	シャトレーゼ	7053
しゃとー	シャトー	7105
しゃど	斜度	7237
しゃどう	車道	6368
しゃどう	シャドウ	6641
しゃどー	シャドー	6649
しゃどーいんぐ	シャドーイング	7201
しゃない	社内	5252
しゃない	車内	5583
しゃないがい	社内外	6862
しゃにます	シャニマス	7368
しゃねつ	遮熱	6788
しゃねる	シャネル	6563
しゃはば	車幅	7424
しゃふう	社風	6164
しゃふつ	煮沸	7032
しゃふと	シャフト	5955
しゃぶ	シャブ	7426
しゃぶしゃぶ	しゃぶしゃぶ	6552
しゃへい	遮蔽	6825
しゃべくり	しゃべくり	7346
しゃべっ	喋っ	6113
しゃべっ	しゃべっ	6490
しゃべら	喋ら	6711
しゃべら	しゃべら	7051
しゃべり	喋り	6210
しゃべり	しゃべり	6553
しゃべる	喋る	6277
しゃべる	しゃべる	6549
しゃべる	シャベル	7222
しゃべれ	喋れ	7054
しゃべれ	しゃべれ	7430
しゃべれる	喋れる	7095
しゃべれる	しゃべれる	7532
しゃほ	社保	7378
しゃほん	写本	7068
しゃぼん	シャボン	6572
しゃぼん	しゃぼん	7401
しゃぼんだま	シャボン玉	7083
しゃみせん	三味線	6454
しゃみんとう	社民党	7398
しゃむ	社務	6915
しゃむ	シャム	7056
しゃめ	写メ	6676
しゃめ	社目	7505
しゃめい	社名	6175
しゃめい	車名	7169
しゃめいへんこう	社名変更	7530
しゃめん	斜面	5992
しゃもじ	しゃもじ	7131
しゃよう	社用	7075
しゃよう	斜陽	7365
しゃら	シャラ	7366
しゃり	シャリ	6681
しゃりしゃり	シャリシャリ	7158
しゃりょう	車両	4882
しゃりょう	車輌	6466
しゃりょう	車輛	7006
しゃりん	車輪	6293
しゃる	シャル	7458
しゃるどね	シャルドネ	7144
しゃるる	シャルル	7094
しゃるろっと	シャルロット	7422
しゃれ	洒落	6640
しゃれ	シャレ	7263
しゃれ	しゃれ	7280
しゃれい	謝礼	6965
しゃれき	社歴	7453
しゃろう	社労	6673
しゃろうし	社労士	7358
しゃろん	シャロン	7159
しゃろー	シャロー	7383
しゃわー	シャワー	5570
しゃわーへっど	シャワーヘッド	7433
しゃわーるーむ	シャワールーム	7311
しゃん	シャン	6177
しゃんく	シャンク	7376
しゃんくす	シャンクス	7071
しゃんぐりら	シャングリラ	7559
しゃんしゃん	シャンシャン	7275
しゃんそん	シャンソン	7107
しゃんたん	シャンタン	7561
しゃんでりあ	シャンデリア	6898
しゃんはい	上海	5923
しゃんぱん	シャンパン	6315
しゃんぱーにゅ	シャンパーニュ	6974
しゃんぷー	シャンプー	5543
しゃー	シャー	6159
しゃー	西	6555
しゃーく	シャーク	7295
しゃーし	シャーシ	6550
しゃーない	しゃーない	6628
しゃーぷ	シャープ	6194
しゃーぷぺんしる	シャープペンシル	7355
しゃーべっと	シャーベット	6784
しゃーぺん	シャーペン	7449
しゃーまん	シャーマン	7557
しゃーりんぐ	シャーリング	7390
しゃーりー	シャーリー	7402
しゃーれ	シャーレ	7376
しゃーろっく	シャーロック	7022
しゃーろっくほーむず	シャーロック・ホームズ	7418
しゃーろっと	シャーロット	7501
しや	視野	5613
しやかく	視野角	7215
しやく	試薬	6771
しやくしょ	市役所	5709
しやくしょまえ	市役所前	7203
しゅ	種	5061
しゅ	酒	5618
しゅ	手	5625
しゅ	首	6321
しゅ	腫	6536
しゅ	主	6704
しゅ	朱	6986
しゅ	シュ	7443
しゅい	首位	6055
しゅい	主意	7488
しゅいろ	朱色	6883
しゅいん	朱印	7015
しゅいん	主因	7527
しゅう	週	5225
しゅう	州	5307
しゅう	集	5313
しゅう	周	5770
しゅう	臭	6401
しゅう	しゅう	6440
しゅう	衆	6526
しゅう	修	6567
しゅうあく	醜悪	7441
しゅうあけ	週明け	7303
しゅうい	周囲	5030
しゅうい	拾遺	7548
しゅういち	修一	7110
しゅういち	秀一	7156
しゅういち	週一	7267
しゅういつ	秀逸	6489
しゅういん	衆院	6429
しゅうえいしゃ	集英社	6459
しゅうえき	収益	5429
しゅうえき	就役	7417
しゅうえきか	収益化	7193
しゅうえきせい	収益性	7021
しゅうえん	終演	6438
しゅうえん	終焉	6501
しゅうえん	就園	7177
しゅうえん	周縁	7459
しゅうえんご	終演後	7135
しゅうか	集荷	6777
しゅうかい	集会	5737
しゅうかい	周回	5800
しゅうかく	収穫	5249
しゅうかくじき	収穫時期	7366
しゅうかくりょう	収穫量	7255
しゅうかつ	就活	5492
しゅうかつ	終活	6724
しゅうかつかいぎ	就活会議	7072
しゅうかつせい	就活生	6957
しゅうかん	週間	4725
しゅうかん	習慣	5218
しゅうかん	週刊	5980
しゅうかん	収監	6990
しゅうかんか	習慣化	7526
しゅうかんし	週刊誌	6397
しゅうかんしょうねんじゃんぷ	週刊少年ジャンプ	7038
しゅうかんしょうねんまがじん	週刊少年マガジン	7562
しゅうかんしんちょう	週刊新潮	7479
しゅうかんていど	週間程度	7027
しゅうかんてき	習慣的	7549
しゅうかんぶんしゅん	週刊文春	6941
しゅうがく	就学	6083
しゅうがく	修学	7076
しゅうがくりょこう	修学旅行	5968
しゅうき	周期	5948
しゅうき	秋季	6343
しゅうき	臭気	7080
しゅうき	周忌	7177
しゅうきち	秀吉	6736
しゅうきてき	周期的	7351
しゅうきゃく	集客	5761
しゅうきゃくりょく	集客力	7447
しゅうきゅう	週休	6535
しゅうきょう	宗教	5392
しゅうきょうだんたい	宗教団体	7424
しゅうきょうてき	宗教的	6906
しゅうきょうほうじん	宗教法人	7018
しゅうきょく	終局	7427
しゅうきん	集金	6873
しゅうきんぺい	習近平	6814
しゅうぎ	祝儀	6760
しゅうぎいん	衆議院	6299
しゅうぎょ	集魚	7539
しゅうぎょう	就業	5803
しゅうぎょう	終業	6568
しゅうぎょう	修業	6985
しゅうぎょうきそく	就業規則	6835
しゅうぎょうしき	終業式	7301
しゅうけい	集計	5797
しゅうけつ	集結	5936
しゅうけつ	終結	6470
しゅうけん	集権	7168
しゅうげき	襲撃	6004
しゅうげつ	秋月	7205
しゅうこう	就航	6541
しゅうこう	集光	7474
しゅうごう	集合	5314
しゅうごう	習合	7249
しゅうごうしゃしん	集合写真	6843
しゅうごうじかん	集合時間	7221
しゅうごうじゅうたく	集合住宅	7085
しゅうごうばしょ	集合場所	6995
しゅうさ	収差	7155
しゅうさい	収載	7047
しゅうさい	秀才	7157
しゅうさく	秀作	7271
しゅうさく	周作	7302
しゅうさん	周産	7317
しゅうさん	シュウ酸	7411
しゅうさん	衆参	7522
しゅうし	終始	5935
しゅうし	収支	6136
しゅうし	修士	6442
しゅうし	終止	7267
しゅうし	宗旨	7555
しゅうしかてい	修士課程	6810
しゅうしふ	終止符	6968
しゅうしゅう	収集	5053
しゅうしゅう	収拾	7002
しゅうしゅう	蒐集	7165
しゅうしゅう	修習	7224
しゅうしゅく	収縮	6133
しゅうしょう	終章	7012
しゅうしょく	就職	5143
しゅうしょく	修飾	6566
しゅうしょく	秋色	6983
しゅうしょくかつどう	就職活動	5959
しゅうしょくさき	就職先	6847
しゅうしょくし	修飾子	7475
しゅうしょくせんせん	就職戦線	7213
しゅうしん	就寝	6152
しゅうしん	終身	6662
しゅうしんこよう	終身雇用	7543
しゅうしんじ	就寝時	7384
しゅうしんまえ	就寝前	7214
しゅうじ	習字	6705
しゅうじ	修司	7191
しゅうじ	修二	7296
しゅうじつ	終日	6436
しゅうじゃく	執着	6735
しゅうじゅ	収受	7266
しゅうじゅく	習熟	6781
しゅうじん	囚人	6521
しゅうせい	修正	4971
しゅうせい	習性	6612
しゅうせい	集成	6961
しゅうせい	修整	7362
しゅうせい	終生	7376
しゅうせき	集積	6232
しゅうせん	終戦	6339
しゅうせんご	終戦後	7489
しゅうぜん	修繕	5993
しゅうそ	宗祖	7530
しゅうそく	収束	6210
しゅうそく	終息	6696
しゅうぞう	収蔵	6632
しゅうぞう	修造	7306
しゅうたい	醜態	7466
しゅうたいせい	集大成	6370
しゅうたん	終端	7017
しゅうだん	集団	5235
しゅうだんこうどう	集団行動	7518
しゅうだんせいかつ	集団生活	7352
しゅうち	周知	5925
しゅうち	羞恥	7450
しゅうちしん	羞恥心	7307
しゅうちゃく	執着	6309
しゅうちゃく	終着	7095
しゅうちゃくえき	終着駅	7170
しゅうちゃくしん	執着心	7213
しゅうちゅう	集中	4943
しゅうちゅうてき	集中的	6669
しゅうちゅうりょく	集中力	6281
しゅうてん	終点	6180
しゅうでん	終電	6613
しゅうと	姑	6808
しゅうと	州都	7280
しゅうと	舅	7341
しゅうと	修斗	7393
しゅうとう	周到	7134
しゅうとく	習得	5466
しゅうとく	修得	6515
しゅうとく	拾得	7542
しゅうとめ	姑	6508
しゅうどう	修道	6687
しゅうどう	摺動	7431
しゅうどういん	修道院	6517
しゅうなん	周南	6882
しゅうにゅう	収入	5198
しゅうにゅうげん	収入源	7223
しゅうにん	就任	5476
しゅうねん	周年	4969
しゅうねん	執念	6655
しゅうのう	収納	5007
しゅうのう	就農	6763
しゅうのうかのう	収納可能	7067
しゅうのうだな	収納棚	7141
しゅうのうばしょ	収納場所	7438
しゅうのうりょく	収納力	6911
しゅうは	宗派	6574
しゅうは	周波	6827
しゅうはい	集配	7392
しゅうはすう	周波数	5796
しゅうばらい	週払い	6905
しゅうばん	終盤	5630
しゅうふく	修復	5654
しゅうぶん	秋分	6889
しゅうへい	周平	6912
しゅうへい	修平	7319
しゅうへん	周辺	4803
しゅうへんかんきょう	周辺環境	7150
しゅうへんきき	周辺機器	6684
しゅうへんちいき	周辺地域	7184
しゅうへんぶ	周辺部	7153
しゅうまい	シュウマイ	7068
しゅうまい	焼売	7081
しゅうまい	しゅうまい	7402
しゅうまく	終幕	7383
しゅうまつ	週末	5353
しゅうまつ	終末	6539
しゅうまつき	終末期	7104
しゅうめ	周目	6579
しゅうめ	週目	6799
しゅうめい	襲名	6964
しゅうもん	宗門	7417
しゅうやく	集約	6003
しゅうゆ	周瑜	7504
しゅうゆう	周遊	6586
しゅうよう	収容	5922
しゅうよう	収用	7387
しゅうよう	修養	7508
しゅうらい	襲来	6612
しゅうらく	集落	5785
しゅうり	修理	4992
しゅうりだい	修理代	7333
しゅうりつ	州立	6931
しゅうりひ	修理費	7538
しゅうりひよう	修理費用	7367
しゅうりょう	終了	4501
しゅうりょう	修了	5861
しゅうりょう	収量	6809
しゅうりょうご	終了後	6939
しゅうりょうしき	修了式	7515
しゅうりょうしょう	修了証	7529
しゅうりょうじ	終了時	7552
しゅうりょうじかん	終了時間	7210
しゅうりょうまぎわ	終了間際	7547
しゅうれん	修練	6762
しゅうれん	収斂	7410
しゅうろう	就労	5808
しゅうろく	収録	5156
しゅうろくきょく	収録曲	7331
しゅえい	守衛	7480
しゅえん	主演	5325
しゅえんえいが	主演映画	7564
しゅかく	主郭	7192
しゅかん	主観	6085
しゅかん	主管	6934
しゅかん	主幹	7002
しゅかんてき	主観的	6930
しゅがん	主眼	6938
しゅがー	シュガー	6411
しゅき	手記	6822
しゅき	酒気	7211
しゅき	酒器	7336
しゅきょう	主教	7490
しゅぎ	主義	5110
しゅぎ	手技	6512
しゅぎょう	修行	5662
しゅぎょう	修業	6695
しゅぎょく	珠玉	6820
しゅく	祝	5942
しゅく	しゅく	7297
しゅくえん	祝宴	7504
しゅくが	祝賀	6659
しゅくがわ	夙川	7405
しゅくぎ	祝儀	7393
しゅくげん	縮減	7443
しゅくさい	祝祭	7022
しゅくさいじつ	祝祭日	6921
しゅくし	祝し	7137
しゅくし	祝詞	7405
しゅくしゃ	宿舎	6530
しゅくしゃく	縮尺	7030
しゅくしゅ	宿主	6832
しゅくしゅくと	粛々と	7119
しゅくしょう	縮小	5778
しゅくしょう	祝勝	7546
しゅくじ	祝辞	6874
しゅくじつ	祝日	5553
しゅくじょ	淑女	7126
しゅくず	縮図	7322
しゅくせい	粛清	6979
しゅくだい	宿題	5847
しゅくちょく	宿直	7484
しゅくてき	宿敵	6859
しゅくでん	祝電	7531
しゅくはい	祝杯	7563
しゅくはく	宿泊	5126
しゅくはくきゃく	宿泊客	6890
しゅくはくさき	宿泊先	7155
しゅくはくしせつ	宿泊施設	5981
しゅくはくしゃ	宿泊者	7190
しゅくはくひ	宿泊費	7131
しゅくはくりょうきん	宿泊料金	7486
しゅくば	宿場	6681
しゅくふ	叔父	7023
しゅくふく	祝福	5835
しゅくぼう	宿坊	7393
しゅくめい	宿命	6406
しゅくもう	縮毛	6210
しゅくもうきょうせい	縮毛矯正	6635
しゅくん	主君	6919
しゅけん	主権	6595
しゅげい	手芸	6422
しゅげん	修験	7000
しゅげんじゃ	修験者	7563
しゅげんりょう	主原料	7465
しゅこう	趣向	6506
しゅご	守護	6000
しゅご	主語	6442
しゅごう	酒豪	7565
しゅごしん	守護神	6708
しゅごじん	守護神	7071
しゅごれい	守護霊	7471
しゅさ	主査	7282
しゅさい	主催	5173
しゅさい	主宰	6255
しゅさい	主菜	6914
しゅさいしゃ	主催者	6442
しゅさつ	手札	5941
しゅざい	取材	5117
しゅざん	珠算	7446
しゅし	趣旨	5921
しゅし	種子	6115
しゅし	手指	6353
しゅし	主旨	6812
しゅししょうどく	手指消毒	7342
しゅしゃせんたく	取捨選択	6897
しゅしゅ	シュシュ	7055
しゅしゅ	種々	7302
しゅしょう	首相	5687
しゅしょう	主将	6195
しゅしょうかんてい	首相官邸	7308
しゅしょく	主食	6403
しゅしん	主審	7018
しゅしん	主神	7046
しゅじ	主事	6841
しゅじい	主治医	6294
しゅじく	主軸	6417
しゅじゅ	種々	6976
しゅじゅう	主従	7113
しゅじゅつ	手術	5010
しゅじゅつご	手術後	7183
しゅじゅつしつ	手術室	7256
しゅじゅつちゅう	手術中	7565
しゅじゅつまえ	手術前	7506
しゅじょう	衆生	7010
しゅじん	主人	5609
しゅじんこう	主人公	4873
しゅじんこうたち	主人公たち	7117
しゅすい	取水	6814
しゅせいぶん	主成分	6550
しゅせき	首席	6715
しゅせき	主席	6723
しゅせん	主戦	6758
しゅせんじょう	主戦場	7269
しゅぜんじ	修善寺	7299
しゅそ	主訴	7213
しゅそく	手足	6656
しゅぞう	酒造	6113
しゅぞく	種族	5963
しゅぞくち	種族値	7531
しゅたい	主体	5537
しゅたいせい	主体性	6642
しゅたいてき	主体的	6409
しゅたいなー	シュタイナー	7342
しゅたる	主たる	6488
しゅたるく	シュタルク	7514
しゅだい	主題	6221
しゅだいか	主題歌	5894
しゅだん	手段	5115
しゅちゅう	手中	7448
しゅちょう	主張	5182
しゅちょう	首長	6508
しゅちょう	腫脹	7231
しゅっ	シュッ	6707
しゅっ	しゅっ	7374
しゅっか	出荷	5472
しゅっか	出火	6947
しゅっきん	出勤	5578
しゅっきん	出金	6277
しゅっきんまえ	出勤前	7446
しゅっけ	出家	6750
しゅっけつ	出血	5733
しゅっけつ	出欠	7148
しゅっこ	出庫	6955
しゅっこう	出向	6408
しゅっこう	出港	6709
しゅっこう	出航	6745
しゅっこう	出稿	6885
しゅっこく	出国	6529
しゅっこんそう	宿根草	7262
しゅっさん	出産	5261
しゅっさんいわい	出産祝い	7212
しゅっさんご	出産後	7048
しゅっさんまえ	出産前	7449
しゅっし	出資	5911
しゅっし	出仕	7471
しゅっしゃ	出社	6185
しゅっしょ	出所	6449
しゅっしょう	出生	6592
しゅっしょうりつ	出生率	7347
しゅっしん	出身	4896
しゅっしんこうこう	出身高校	7463
しゅっしんち	出身地	6889
しゅっすい	出水	6965
しゅっせ	出世	6094
しゅっせい	出生	6388
しゅっせい	出征	7311
しゅっせいじ	出生時	7425
しゅっせき	出席	5420
しゅっせきしゃ	出席者	7294
しゅっせん	出船	6798
しゅっそう	出走	6237
しゅったつ	出立	7440
しゅっちょう	出張	5367
しゅっちょうかいとり	出張買取	7135
しゅっちょうしょ	出張所	7032
しゅっちょうじょ	出張所	7148
しゅってい	出廷	7426
しゅってん	出店	5268
しゅってん	出展	5693
しゅってん	出典	5923
しゅってんしゃ	出店者	7387
しゅっとう	出頭	6866
しゅっぱつ	出発	5209
しゅっぱつしき	出発式	7404
しゅっぱつち	出発地	7358
しゅっぱつてん	出発点	7060
しゅっぱつまえ	出発前	7075
しゅっぱん	出版	5242
しゅっぱんしゃ	出版社	6078
しゅっぱんぶつ	出版物	7391
しゅっぴ	出費	6232
しゅっぴん	出品	4951
しゅっぴんしゃ	出品者	6777
しゅっぴんちゅう	出品中	7088
しゅっぴんぶつ	出品物	7493
しゅっぺい	出兵	7090
しゅつ	出	6700
しゅつえん	出演	4623
しゅつえんしゃ	出演者	6379
しゅつえんちゅう	出演中	7379
しゅつえんよてい	出演予定	7472
しゅつがん	出願	5877
しゅつげき	出撃	6241
しゅつげん	出現	5200
しゅつげんばしょ	出現場所	7472
しゅつげんりつ	出現率	7459
しゅつじ	出自	6726
しゅつじょう	出場	4865
しゅつじょうきかい	出場機会	7267
しゅつじょうけん	出場権	7550
しゅつじょうしゃ	出場者	7533
しゅつじん	出陣	6495
しゅつだい	出題	5812
しゅつど	出土	6289
しゅつどう	出動	6280
しゅつにゅう	出入	7232
しゅつにゅうこく	出入国	6979
しゅつば	出馬	6396
しゅつぼつ	出没	6456
しゅつりょく	出力	5101
しゅつるい	出塁	6586
しゅと	首都	5638
しゅとう	手刀	7539
しゅとく	取得	4620
しゅとくかのう	取得可能	7117
しゅとくご	取得後	7515
しゅとけん	首都圏	6432
しゅとこう	首都高	7527
しゅとこうそく	首都高速	7397
しゅとして	主として	6334
しゅとらうす	シュトラウス	7441
しゅとーれん	シュトーレン	7357
しゅどう	手動	5780
しゅどう	主導	5896
しゅどうけん	主導権	6850
しゅにん	主任	5986
しゅぬり	朱塗り	7544
しゅのう	首脳	6275
しゅのーけりんぐ	シュノーケリング	6798
しゅのーける	シュノーケル	7063
しゅはん	主犯	7188
しゅはん	酒販	7384
しゅひ	守秘	6959
しゅひぎむ	守秘義務	7390
しゅび	守備	5549
しゅび	首尾	7361
しゅびはんい	守備範囲	7502
しゅびょう	種苗	7047
しゅびりょく	守備力	7297
しゅふ	主婦	5578
しゅふ	主夫	6843
しゅふのともしゃ	主婦の友社	7417
しゅぷりーむ	シュプリーム	7563
しゅべつ	種別	6112
しゅほう	手法	5229
しゅほう	主砲	6649
しゅぼう	首謀	7137
しゅみ	趣味	5042
しゅみっと	シュミット	7355
しゅみれーしょん	シュミレーション	7027
しゅみれーしょん	シミュレーション	7127
しゅむ	主務	6873
しゅめい	主命	7262
しゅめーる	シュメール	7480
しゅもく	種目	5807
しゅやく	主役	5543
しゅよう	主要	5265
しゅよう	腫瘍	5835
しゅよく	主翼	6958
しゅら	修羅	6737
しゅらば	修羅場	6906
しゅらふ	シュラフ	7222
しゅり	首里	7551
しゅりけん	手裏剣	6933
しゅりじょう	首里城	7028
しゅりゅう	主流	5792
しゅりゅう	腫瘤	7225
しゅりゅうだん	手榴弾	7047
しゅりょう	狩猟	6171
しゅりょう	首領	6970
しゅりょく	主力	5878
しゅりんく	シュリンク	7113
しゅるい	種類	4588
しゅるい	酒類	6561
しゅるいのもの	種類のもの	7519
しゅるいべつ	種類別	7557
しゅるいほうふ	種類豊富	6820
しゅるれありすむ	シュルレアリスム	7554
しゅれっだー	シュレッダー	7226
しゅろう	鐘楼	7346
しゅわ	手話	6115
しゅわしゅわ	シュワシュワ	7305
しゅわん	手腕	6611
しゅん	旬	5487
しゅん	しゅん	6726
しゅん	シュン	7087
しゅん	瞬	7138
しゅん	駿	7156
しゅん	俊	7305
しゅん	舜	7311
しゅんいち	俊一	7474
しゅんかしゅうとう	春夏秋冬	7106
しゅんかん	瞬間	4882
しゅんかんいどう	瞬間移動	7053
しゅんかんせっちゃくざい	瞬間接着剤	7193
しゅんかんてき	瞬間的	6791
しゅんき	春季	6390
しゅんき	春期	7408
しゅんぎく	春菊	6885
しゅんこう	竣工	6265
しゅんさつ	瞬殺	6776
しゅんしょく	春色	7416
しゅんじ	瞬時	6150
しゅんじつ	春日	7427
しゅんじゅう	春秋	6761
しゅんじゅん	逡巡	7392
しゅんすけ	俊介	6743
しゅんすけ	俊輔	7100
しゅんすけ	駿佑	7264
しゅんすけ	駿介	7553
しゅんせつ	春節	7140
しゅんせつ	しゅんせつ	7252
しゅんせつ	浚渫	7457
しゅんそく	俊足	7131
しゅんたろう	俊太郎	7130
しゅんとう	春闘	7343
しゅんな	旬な	6786
しゅんのしょくざい	旬の食材	6911
しゅんのやさい	旬の野菜	7227
しゅんぱつ	瞬発	7565
しゅんぱつりょく	瞬発力	6895
しゅんびん	俊敏	7220
しゅんぶん	春分	7015
しゅんぷう	春風	7422
しゅんぷうてい	春風亭	7452
しゅー	シュー	6252
しゅーくりーむ	シュークリーム	6521
しゅーず	シューズ	5599
しゅーたー	シューター	7025
しゅーてぃんぐ	シューティング	6231
しゅーと	シュート	5656
しゅーべると	シューベルト	7092
しゅーまん	シューマン	7113
しゅーる	シュール	6446
しゆう	雌雄	6880
しゆう	私有	7408
しゆうち	私有地	7073
しょ	書	4495
しょ	所	4869
しょ	初	5244
しょ	諸	5526
しょ	しょ	5756
しょ	処	5996
しょ	署	6022
しょあく	諸悪	7493
しょい	背負い	6953
しょい	所為	7486
しょいん	書院	6932
しょいん	署員	7249
しょいん	所員	7475
しょう	性	4341
しょう	症	4720
しょう	賞	4881
しょう	章	5340
しょう	小	5380
しょう	証	5406
しょう	省	5427
しょう	勝	5530
しょうあく	掌握	6743
しょうあつ	昇圧	7354
しょうい	少尉	7221
しょういち	小1	6918
しょういん	松陰	7250
しょういん	勝因	7400
しょううちゅう	小宇宙	7433
しょうえ	松江	7044
しょうえね	省エネ	6034
しょうえねるぎー	省エネルギー	6802
しょうえん	荘園	7072
しょうえん	消炎	7197
しょうおん	消音	7096
しょうか	消化	5523
しょうか	消火	6190
しょうか	昇華	6423
しょうか	商家	7156
しょうか	唱歌	7200
しょうかい	紹介	3888
しょうかい	照会	6100
しょうかい	商会	6502
しょうかい	哨戒	7155
しょうかいじょう	紹介状	6753
しょうかいせき	蒋介石	7509
しょうかいぶん	紹介文	7421
しょうかいりょう	紹介料	7327
しょうかかつどう	消火活動	7561
しょうかかん	消化管	7517
しょうかき	消化器	6337
しょうかき	消火器	6851
しょうかく	昇格	5760
しょうかせん	消火栓	7187
しょうかふりょう	消化不良	7263
しょうかん	召喚	5362
しょうかん	償還	6658
しょうかん	召還	7396
しょうかんじゅう	召喚獣	7489
しょうが	生姜	5729
しょうが	しょうが	5730
しょうが	ショウガ	6633
しょうがい	障害	4675
しょうがい	生涯	5585
しょうがい	障がい	5665
しょうがい	傷害	6288
しょうがい	障碍	7197
しょうがい	渉外	7306
しょうがいしゃ	障害者	6462
しょうがいしゃ	障がい者	6936
しょうがいじ	障害児	7492
しょうがいねんきん	障害年金	7284
しょうがいぶつ	障害物	6565
しょうがく	小学	5677
しょうがく	奨学	6060
しょうがく	少額	6489
しょうがくかん	小学館	6570
しょうがくきん	奨学金	6711
しょうがくせい	小学生	5118
しょうがくせい	奨学生	7016
しょうがくせいじだい	小学生時代	7288
しょうがくぶ	商学部	7057
しょうがっこう	小学校	4893
しょうがっこうこうがくねん	小学校高学年	7383
しょうがっこうじだい	小学校時代	7374
しょうがっこうていがくねん	小学校低学年	7324
しょうがつ	正月	5904
しょうき	将暉	6839
しょうき	正気	6965
しょうき	勝機	7290
しょうき	瘴気	7302
しょうきず	小傷	6868
しょうきぼ	小規模	5809
しょうきゃく	償却	6448
しょうきゃく	焼却	6497
しょうきゃくろ	焼却炉	7323
しょうきゅう	昇給	5959
しょうきゅう	昇級	6879
しょうきゅうあり	昇給あり	7100
しょうきょ	消去	5886
しょうきょく	消極	6539
しょうきょくてき	消極的	6782
しょうきょほう	消去法	7356
しょうきん	賞金	6078
しょうぎ	将棋	5876
しょうぎょう	商業	5461
しょうぎょうしせつ	商業施設	6505
しょうぎょうてき	商業的	7170
しょうぐん	将軍	5802
しょうぐんけ	将軍家	7053
しょうけい	承継	6075
しょうけい	小径	6822
しょうけい	象形	7121
しょうけつ	焼結	7169
しょうけん	証券	5530
しょうけん	商圏	7130
しょうけん	正絹	7343
しょうけんがいしゃ	証券会社	7153
しょうげき	衝撃	5196
しょうげきてき	衝撃的	6322
しょうげきは	衝撃波	6822
しょうげん	証言	5971
しょうこ	証拠	5360
しょうこ	翔子	6967
しょうこ	しょうこ	7279
しょうこ	聖子	7390
しょうこ	硝子	7468
しょうこう	商工	6158
しょうこう	昇降	6427
しょうこう	消耗	6711
しょうこう	将校	6714
しょうこう	焼香	7200
しょうこう	症候	7280
しょうこうかい	商工会	6544
しょうこうぐん	症候群	5867
しょうこうしゅ	紹興酒	7224
しょうこく	小国	7106
しょうご	正午	6362
しょうご	小5	7044
しょうご	翔吾	7311
しょうご	省吾	7330
しょうごう	称号	6108
しょうごう	照合	6537
しょうごう	商号	6909
しょうごん	荘厳	7292
しょうさ	称さ	6243
しょうさ	少佐	6924
しょうさ	証左	7406
しょうさい	詳細	4457
しょうさいじょうほう	詳細情報	6808
しょうさいせってい	詳細設定	7228
しょうさいぺーじ	詳細ページ	7238
しょうさっし	小冊子	6863
しょうさん	称賛	6267
しょうさん	賞賛	6477
しょうさん	硝酸	6899
しょうさん	小3	7091
しょうさん	勝算	7435
しょうさんえん	硝酸塩	7439
しょうさんのこえ	称賛の声	7534
しょうざい	商材	7020
しょうし	称し	6151
しょうし	少子	6417
しょうし	証紙	7370
しょうしか	少子化	6414
しょうしかたいさく	少子化対策	7438
しょうしこうれいか	少子高齢化	6597
しょうしつ	消失	6165
しょうしつ	焼失	6593
しょうしゃ	照射	5982
しょうしゃ	商社	6142
しょうしゃ	勝者	6400
しょうしゅう	消臭	6279
しょうしゅう	招集	6404
しょうしゅう	召集	6957
しょうしゅうこうか	消臭効果	7456
しょうしゅうざい	消臭剤	7163
しょうしょ	証書	6156
しょうしょう	少々	5410
しょうしょう	少将	7161
しょうしょく	少食	7543
しょうしん	昇進	6082
しょうしん	傷心	7344
しょうしん	小心	7443
しょうしんしょうめい	正真正銘	6834
しょうじ	生じ	5250
しょうじ	商事	6492
しょうじ	障子	6560
しょうじ	生死	7001
しょうじ	庄司	7039
しょうじ	しょうじ	7186
しょうじき	正直	4937
しょうじゃ	聖者	7337
しょうじゅう	小銃	7056
しょうじゅつ	詳述	7263
しょうじゅん	照準	6568
しょうじゅん	昇順	7242
しょうじょ	少女	5148
しょうじょう	症状	4836
しょうじょう	賞状	6625
しょうじょじだい	少女時代	7348
しょうじょたち	少女たち	7350
しょうじょまんが	少女漫画	7244
しょうじる	生じる	5448
しょうじん	精進	5973
しょうじんか	省人化	7359
しょうすう	少数	5822
しょうすう	小数	6929
しょうすうてん	小数点	6535
しょうすうは	少数派	6822
しょうする	称する	6697
しょうする	証する	6973
しょうずる	生ずる	6621
しょうせい	小生	6618
しょうせい	焼成	6645
しょうせつ	小説	5063
しょうせつ	小節	6977
しょうせつか	小説家	6321
しょうせつかになろう	小説家になろう	7291
しょうせつばん	小説版	7420
しょうせん	商船	6942
しょうせん	商戦	7189
しょうそ	勝訴	7104
しょうそう	焦燥	7018
しょうそういん	正倉院	7436
しょうそうかん	焦燥感	7433
しょうそく	消息	6905
しょうそん	焼損	7532
しょうぞう	肖像	6067
しょうぞうが	肖像画	7187
しょうぞうけん	肖像権	7141
しょうぞく	装束	6810
しょうた	翔太	6382
しょうた	将太	7241
しょうた	昇太	7367
しょうたい	招待	5504
しょうたい	正体	5648
しょうたい	小隊	6762
しょうたいきゃく	招待客	7350
しょうたいじょう	招待状	7000
しょうたろう	正太郎	7328
しょうたろう	翔太郎	7331
しょうたろう	祥太朗	7416
しょうたろう	章太郎	7432
しょうだ	生田	7191
しょうだく	承諾	5929
しょうだん	商談	6074
しょうだん	昇段	7104
しょうち	承知	5897
しょうち	招致	7116
しょうちく	松竹	6710
しょうちくばい	松竹梅	7481
しょうちゅう	焼酎	6008
しょうちゅう	小中	6731
しょうちゅうがくせい	小中学生	6497
しょうちゅうがくせい	小・中学生	7174
しょうちゅうがっこう	小中学校	6340
しょうちゅうがっこう	小・中学校	6937
しょうちょう	象徴	5387
しょうちょう	省庁	6623
しょうちょう	小腸	6794
しょうちょうてき	象徴的	6661
しょうちん	消沈	7309
しょうてん	商店	5296
しょうてん	焦点	5610
しょうてん	昇天	6967
しょうてん	笑点	7243
しょうてんがい	商店街	6355
しょうてんきょり	焦点距離	7257
しょうとう	消灯	6544
しょうとくたいし	聖徳太子	6781
しょうとつ	衝突	5712
しょうとりひき	商取引	7412
しょうど	照度	6948
しょうどう	衝動	6085
しょうどうてき	衝動的	7100
しょうどうぶつ	小動物	6607
しょうどく	消毒	5599
しょうどくえき	消毒液	7202
しょうどしま	小豆島	7054
しょうない	庄内	6807
しょうなん	湘南	5931
しょうなんしんじゅくらいん	湘南新宿ライン	7318
しょうなんだい	湘南台	7405
しょうに	小児	5886
しょうに	小2	7022
しょうにか	小児科	6266
しょうにかい	小児科医	7554
しょうにゅうどう	鍾乳洞	6947
しょうにん	承認	5289
しょうにん	商人	6352
しょうにん	証人	6423
しょうにん	上人	6722
しょうにん	聖人	6889
しょうにん	昇任	7352
しょうにんずう	少人数	6133
しょうにんよっきゅう	承認欲求	7009
しょうねん	少年	5032
しょうねんいん	少年院	7007
しょうねんじだい	少年時代	7040
しょうねんたち	少年たち	7283
しょうねんば	正念場	7272
しょうねんまんが	少年漫画	7565
しょうのう	小脳	7185
しょうはい	勝敗	6294
しょうばい	商売	5886
しょうばいにん	商売人	7516
しょうばいはんじょう	商売繁盛	7292
しょうひ	消費	4866
しょうひきげん	消費期限	7164
しょうひしゃ	消費者	6031
しょうひしゃきんゆう	消費者金融	7152
しょうひしゃせんたー	消費者センター	7518
しょうひしゃちょう	消費者庁	7220
しょうひぜい	消費税	5928
しょうひでんりょく	消費電力	6781
しょうひょう	商標	5629
しょうひょうけん	商標権	7187
しょうひょうとうろく	商標登録	7512
しょうひりょう	消費量	7549
しょうひん	商品	3994
しょうひん	賞品	6149
しょうひん	小品	7117
しょうひんか	商品化	7151
しょうひんかいはつ	商品開発	6696
しょうひんかかく	商品価格	7495
しょうひんがぞう	商品画像	6671
しょうひんきかく	商品企画	7476
しょうひんけん	商品券	7174
しょうひんしゃしん	商品写真	7301
しょうひんしょうかい	商品紹介	7470
しょうひんしょうさい	商品詳細	6271
しょうひんじたい	商品自体	7431
しょうひんじょうたい	商品状態	7080
しょうひんじょうほう	商品情報	7039
しょうひんせつめい	商品説明	6724
しょうひんだいきん	商品代金	7471
しょうひんとうちゃく	商品到着	7375
しょうひんないよう	商品内容	7503
しょうひんのしゅるい	商品の種類	5980
しょうひんのとくちょう	商品の特徴	7435
しょうひんめい	商品名	5984
しょうびょう	傷病	6457
しょうふ	娼婦	7055
しょうふくてい	笑福亭	7516
しょうぶ	勝負	5325
しょうぶ	菖蒲	7120
しょうぶん	性分	7152
しょうへい	翔平	5941
しょうへい	招聘	6735
しょうへい	将兵	7282
しょうへい	昌平	7345
しょうへい	招へい	7466
しょうへい	祥平	7524
しょうへき	障壁	6444
しょうべん	小便	6922
しょうほう	商法	6407
しょうほう	小胞	7353
しょうほん	抄本	7412
しょうぼう	消防	5486
しょうぼう	正法	7532
しょうぼうし	消防士	7146
しょうぼうしゃ	消防車	6613
しょうぼうしょ	消防署	6374
しょうぼうたい	消防隊	7420
しょうぼうだん	消防団	7371
しょうぼうちょう	消防庁	7033
しょうぼうちょう	消防長	7477
しょうま	昌磨	7251
しょうみ	賞味	5701
しょうみ	正味	7102
しょうみきげん	賞味期限	6384
しょうむてんのう	聖武天皇	7356
しょうめい	証明	4967
しょうめい	照明	5386
しょうめいきぐ	照明器具	7134
しょうめいしゃしん	証明写真	7338
しょうめいしょ	証明書	6514
しょうめつ	消滅	5760
しょうめん	正面	5403
しょうもう	消耗	5972
しょうもうひん	消耗品	6928
しょうもない	しょうもない	6717
しょうや	庄屋	7170
しょうやく	生薬	6884
しょうゆ	醤油	5249
しょうゆ	しょうゆ	5917
しょうゆ	しょう油	7064
しょうゆ	醬油	7390
しょうゆだれ	醤油ダレ	7349
しょうゆらーめん	醤油ラーメン	7347
しょうよ	賞与	5984
しょうよう	商用	6112
しょうよう	翔陽	7225
しょうよう	小葉	7299
しょうようりよう	商用利用	7242
しょうようりようかのう	商用利用可能	7449
しょうよん	小4	6970
しょうらい	将来	4877
しょうらいせい	将来性	6654
しょうらいぞう	将来像	7548
しょうらいてき	将来的	5872
しょうらいのこと	将来のこと	7262
しょうらいのゆめ	将来の夢	6774
しょうり	勝利	5000
しょうりつ	勝率	6226
しょうりゃく	省略	5740
しょうりゅう	昇龍	7508
しょうりゅう	昇竜	7515
しょうりょう	少量	5844
しょうりょう	精霊	6645
しょうりょく	省力	6992
しょうりんじけんぽう	少林寺拳法	7152
しょうれい	症例	5787
しょうれい	奨励	6130
しょうれい	省令	6333
しょうれいしょう	奨励賞	7349
しょうろう	鐘楼	7334
しょうろく	小6	6892
しょうろく	抄録	7271
しょうろっと	小ロット	7536
しょうろんぶん	小論文	6641
しょうろんぽう	小籠包	7238
しょうわ	昭和	4854
しょうわ	唱和	7435
しょうわくせい	小惑星	6825
しょうわだいがく	昭和大学	7520
しょうわてんのう	昭和天皇	6872
しょえい	書影	7555
しょえん	初演	6452
しょえん	所縁	7494
しょか	初夏	6136
しょか	書家	7152
しょか	書架	7472
しょかい	初回	5400
しょかつ	所轄	6881
しょかつ	諸葛	7102
しょかん	所管	6540
しょかん	書簡	6686
しょかん	所感	7029
しょが	書画	7285
しょがく	初学	7226
しょき	初期	4881
しょき	書記	6672
しょき	書紀	6753
しょき	暑気	7521
しょきか	初期化	7027
しょきかん	書記官	7310
しょきがた	初期型	7545
しょききず	初期傷	7426
しょききず	初期キズ	7440
しょきしょう	初期傷	7091
しょきじょうたい	初期状態	7056
しょきせってい	初期設定	6761
しょきだんかい	初期段階	7291
しょきち	初期値	6672
しょきちょう	書記長	7260
しょきとうし	初期投資	7266
しょきひよう	初期費用	6790
しょきふりょう	初期不良	7058
しょきめん	初期メン	7346
しょきゅう	初級	6219
しょきゅう	初球	6909
しょぎょう	所業	7168
しょぎょうむじょう	諸行無常	7563
しょく	色	4855
しょく	食	5225
しょく	職	5286
しょく	しょく	6705
しょく	蜀	6926
しょく	卓	6964
しょく	植	7399
しょく	属	7532
しょくあたり	食あたり	7409
しょくい	職位	7276
しょくいき	職域	7230
しょくいん	職員	4879
しょくいんしつ	職員室	7062
しょくえん	食塩	6442
しょくがい	食害	6999
しょくがん	食玩	7041
しょくぎょう	職業	5277
しょくぎょうがら	職業柄	7543
しょくぎょうくんれん	職業訓練	7358
しょくご	食後	6052
しょくさ	食さ	7268
しょくさい	植栽	6310
しょくざい	食材	5084
しょくざい	贖罪	7142
しょくし	食し	6577
しょくし	属し	6623
しょくしつ	職質	7447
しょくしゅ	職種	5546
しょくしゅ	触手	6703
しょくしん	触診	7046
しょくじ	食事	4632
しょくじかい	食事会	7050
しょくじかんり	食事管理	7507
しょくじせいげん	食事制限	6864
しょくじだい	食事代	7499
しょくじちゅう	食事中	6985
しょくじないよう	食事内容	7508
しょくじゅ	植樹	6579
しょくじりょう	食事量	7386
しょくじりょうほう	食事療法	7320
しょくす	食す	6817
しょくする	食する	7183
しょくする	属する	7369
しょくせい	植生	6775
しょくせい	食性	7283
しょくせいかつ	食生活	5954
しょくせき	職責	7358
しょくせんき	食洗機	6582
しょくぜん	食前	6942
しょくそう	食草	7552
しょくたく	食卓	5892
しょくたく	嘱託	6920
しょくだい	燭台	7118
しょくちゅうしょくぶつ	食虫植物	7489
しょくちゅうどく	食中毒	6382
しょくつう	食通	7450
しょくどう	食堂	5428
しょくどう	食道	6378
しょくにく	食肉	6660
しょくにん	職人	5300
しょくにんわざ	職人技	7168
しょくのあんぜん	食の安全	7264
しょくのう	職能	7153
しょくはつ	触発	6778
しょくば	職場	4961
しょくばい	触媒	6145
しょくばかんきょう	職場環境	6849
しょくばたいけん	職場体験	7398
しょくばのふんいき	職場の雰囲気	7109
しょくぱん	食パン	5917
しょくひ	食費	6439
しょくひん	食品	4946
しょくひんてんかぶつ	食品添加物	7374
しょくぶつ	植物	4906
しょくぶつえん	植物園	7277
しょくぶつゆ	植物油	7547
しょくぶつゆし	植物油脂	7493
しょくぶん	食分	6984
しょくぶんか	食文化	6944
しょくべに	食紅	7539
しょくみ	食味	6937
しょくみん	植民	7435
しょくみんち	植民地	6277
しょくむ	職務	5719
しょくむけいれきしょ	職務経歴書	7359
しょくむのきゅう	職務の級	7514
しょくめい	職名	7545
しょくもう	植毛	6961
しょくもつ	食物	5907
しょくもつあれるぎー	食物アレルギー	7246
しょくもつせんい	食物繊維	6303
しょくよう	食用	6219
しょくよく	食欲	5617
しょくよくふしん	食欲不振	7001
しょくりょう	食料	5901
しょくりょう	食糧	6331
しょくりょうひん	食料品	6436
しょくりん	植林	6761
しょくれき	職歴	6642
しょくん	諸君	6672
しょぐう	処遇	6519
しょけい	処刑	6191
しょけん	初見	6182
しょけん	所見	6369
しょげん	諸元	7454
しょこ	書庫	6889
しょこう	諸侯	7253
しょこく	諸国	5930
しょこら	ショコラ	6337
しょこらてぃえ	ショコラティエ	7440
しょこん	初婚	7446
しょごう	初号	6977
しょさ	所作	6646
しょさ	処さ	7485
しょさい	書斎	6631
しょさん	初産	7425
しょざい	所在	6172
しょざいち	所在地	5904
しょし	書士	6270
しょし	諸氏	7276
しょし	書誌	7375
しょしき	書式	6202
しょしゃ	書写	6998
しょしゅう	初秋	7044
しょしゅう	所収	7288
しょしゅつ	初出	6760
しょしゅん	初春	7486
しょしょ	所々	6993
しょしょう	所掌	7207
しょしん	初診	6452
しょしん	初心	6878
しょしん	所信	7433
しょしんしゃ	初心者	5145
しょしんしゃのかた	初心者の方	6597
しょしんしゃのほう	初心者の方	6987
しょしんしゃむけ	初心者向け	7008
しょしんもの	初心者	5638
しょじ	所持	5681
しょじきん	所持金	7522
しょじゅん	初旬	6442
しょじょ	処女	6568
しょじょう	書状	7099
しょする	処する	7180
しょせ	処せ	7267
しょせい	処世	7510
しょせき	書籍	5450
しょせつ	諸説	6539
しょせつあり	諸説あり	7123
しょせん	初戦	5969
しょせん	所詮	6301
しょせん	しょせん	7179
しょそく	初速	6989
しょぞう	所蔵	6216
しょぞく	所属	4984
しょぞん	所存	6474
しょた	ショタ	7322
しょたい	世帯	6198
しょたい	書体	6465
しょたいめん	初対面	6180
しょだい	初代	5595
しょだな	書棚	7332
しょだん	初段	6853
しょち	処置	5659
しょちゅう	暑中	6960
しょちょう	所長	6157
しょちょう	署長	6786
しょっ	背負っ	6364
しょっかく	触覚	6716
しょっかく	触角	7191
しょっかん	食感	5231
しょっかん	触感	6960
しょっかー	ショッカー	7282
しょっき	食器	5711
しょっき	織機	7181
しょっきあらい	食器洗い	6854
しょっきだな	食器棚	7353
しょっきんぐ	ショッキング	6891
しょっく	ショック	5451
しょっくあぶそーばー	ショックアブソーバー	7339
しょっけん	食券	6629
しょっけん	職権	7228
しょっちゅう	しょっちゅう	6282
しょっと	ショット	5376
しょっとがん	ショットガン	6804
しょっぱ	しょっぱ	7395
しょっぱい	しょっぱい	6765
しょっぱく	しょっぱく	7407
しょっぱな	初っ端	7062
しょっぱな	しょっぱな	7489
しょっぱー	ショッパー	7314
しょっぴ	ショッピ	7410
しょっぴんぐ	ショッピング	5349
しょっぴんぐかーと	ショッピングカート	7256
しょっぴんぐせんたー	ショッピングセンター	7084
しょっぴんぐもーる	ショッピングモール	6704
しょっぷ	ショップ	4911
しょて	初手	6597
しょてい	所定	5899
しょてん	書店	5651
しょとう	諸島	6257
しょとう	初頭	6270
しょとう	初等	6862
しょとう	初登	7252
しょとう	初冬	7284
しょとく	所得	5428
しょとくぜい	所得税	6958
しょどう	書道	6030
しょどう	初動	6578
しょない	所内	6832
しょにち	初日	5431
しょにん	初任	7010
しょにんきゅう	初任給	6803
しょねつ	暑熱	7515
しょねん	初年	7361
しょねんど	初年度	6531
しょはん	初版	6621
しょはん	諸般	7052
しょはんのじじょう	諸般の事情	7224
しょばつ	処罰	6491
しょぱん	ショパン	6577
しょひょう	書評	6723
しょぶん	処分	5203
しょべる	ショベル	7132
しょほ	初歩	6651
しょほう	処方	5722
しょほうせん	処方箋	6483
しょほうせん	処方せん	7334
しょほてき	初歩的	7068
しょぼ	しょぼ	7536
しょぼい	しょぼい	6951
しょぼい	ショボい	7154
しょぼう	書房	6558
しょみん	庶民	6040
しょみんてき	庶民的	7286
しょむ	庶務	7160
しょめい	署名	5743
しょめい	書名	7083
しょめん	書面	5882
しょもう	所望	6961
しょもつ	書物	6470
しょや	初夜	7566
しょゆう	所有	5175
しょゆうけん	所有権	7019
しょゆうしゃ	所有者	6641
しょよう	所要	5962
しょよう	所用	6904
しょようじかん	所要時間	6647
しょり	処理	4604
しょりそくど	処理速度	7390
しょりのうりょく	処理能力	7447
しょりょう	所領	7130
しょるい	書類	5057
しょるいさくせい	書類作成	6929
しょるいしんさ	書類審査	7440
しょるいせんこう	書類選考	7043
しょるだー	ショルダー	6246
しょるだーすとらっぷ	ショルダーストラップ	7061
しょるだーばっぐ	ショルダーバッグ	6549
しょろう	初老	7109
しょわ	背負わ	6965
しょん	ション	5892
しょんぼり	しょんぼり	7356
しょー	ショー	5238
しょーけーす	ショーケース	6392
しょーつ	ショーツ	6545
しょーと	ショート	5360
しょーとかっと	ショートカット	6001
しょーとかっときー	ショートカットキー	7205
しょーとけーき	ショートケーキ	6660
しょーとすてい	ショートステイ	7103
しょーとたけ	ショート丈	7545
しょーとにんぐ	ショートニング	7563
しょーとぱんつ	ショートパンツ	7149
しょーとへあ	ショートヘア	7078
しょーとぼぶ	ショートボブ	7255
しょーとめーる	ショートメール	7408
しょーもない	しょーもない	7154
しょーる	ショール	7116
しょーるーむ	ショールーム	6206
しょーろんぽう	小籠包	7382
しよ	しよ	4310
しよう	使用	3757
しよう	仕様	4826
しよう	しよう	5912
しよう	試用	6478
しよう	飼養	7005
しよう	私用	7079
しよう	施用	7346
しよう	枝葉	7522
しようか	使用可	7550
しようかいすう	使用回数	7232
しようかのう	使用可能	5956
しようかん	使用感	6007
しようかんきょう	使用環境	7246
しようが	しようが	7096
しようがき	仕様書	7257
しようきかん	使用期間	7344
しようきかん	試用期間	7345
しようきげん	使用期限	7257
しようきんし	使用禁止	7443
しようご	使用後	6862
しようしゃ	使用者	6593
しようしょ	仕様書	6822
しようじ	使用時	6985
しようじかん	使用時間	7533
しようじょうきょう	使用状況	7246
しようじょうけん	使用条件	7550
しようずみ	使用済み	7494
しようちゅう	使用中	6766
しようにん	使用人	6666
しようひんど	使用頻度	6645
しようふか	使用不可	7141
しようへんこう	仕様変更	7116
しようほう	使用法	7386
しようほうほう	使用方法	6615
しようまえ	使用前	7127
しようもくてき	使用目的	7173
しようようと	使用用途	7304
しようりつ	使用率	7471
しようりょう	使用量	7193
しようりょう	使用料	7272
しようれい	使用例	7436
しよく	私欲	7297
しら	知ら	4395
しら	白	5263
しら	しら	6277
しら	氏ら	6938
しらあえ	白和え	7344
しらい	白井	6765
しらいし	白石	6421
しらいと	白糸	7560
しらおい	白老	7495
しらかば	白樺	7113
しらかべ	白壁	7143
しらかわ	白川	6791
しらかわ	白河	6796
しらかわごう	白川郷	7194
しらかんば	白樺	7326
しらが	白髪	6328
しらが	白河	7252
しらがぞめ	白髪染め	6557
しらき	白木	7205
しらぎ	新羅	7286
しらこ	白子	7307
しらさ	知らさ	6491
しらさぎ	しらさぎ	7373
しらさぎ	白鷺	7473
しらじ	白地	7194
しらす	しらす	6457
しらす	シラス	7062
しらす	白州	7441
しらす	白子	7466
しらす	白洲	7524
しらず	知らず	6368
しらせ	知らせ	6154
しらせる	知らせる	6282
しらたき	しらたき	7232
しらたき	白滝	7493
しらたま	白玉	6619
しらたまこ	白玉粉	7400
しらとり	白鳥	6810
しらなみ	白波	7410
しらぬい	不知火	7437
しらはま	白浜	7049
しらばす	シラバス	7241
しらべ	調べ	4763
しらべ	しらべ	7148
しらべ	調	7209
しらべよ	調べよ	6832
しらべよう	調べよう	6824
しらべる	調べる	5438
しらべれ	調べれ	6756
しらゆき	白雪	7455
しらゆきひめ	白雪姫	6900
しらん	知らん	5807
しらん	しらん	7020
しらん	シラン	7536
しらんかお	知らん顔	7447
しらんけど	しらんけど	7367
しらんぷり	知らんぷり	7513
しらー	シラー	7385
しり	知り	4775
しり	尻	5590
しり	しり	6790
しり	臀	7308
しり	私利	7444
しりあ	シリア	6388
しりあい	知り合い	5842
しりあう	知り合う	7055
しりあす	シリアス	6311
しりあっ	知り合っ	6167
しりある	シリアル	6071
しりうす	シリウス	6785
しりか	シリカ	6970
しりかげる	シリカゲル	7460
しりこん	シリコン	5953
しりこんばれー	シリコンバレー	6850
しりこーん	シリコーン	6890
しりごみ	尻込み	7418
しりぞい	退い	6958
しりぞく	退く	7197
しりぞけ	退け	7341
しりぞける	退ける	7473
しりつ	私立	5700
しりつ	市立	5743
しりつこうこう	私立高校	7504
しりつだいがく	私立大学	7387
しりとり	しりとり	6982
しりぬぐい	尻拭い	7546
しりめ	尻目	7325
しりめつれつ	支離滅裂	7162
しりゅう	支流	6693
しりょ	思慮	7209
しりょう	資料	4849
しりょう	試料	6262
しりょう	飼料	6299
しりょう	史料	6397
しりょう	死霊	7057
しりょうかん	資料館	6540
しりょうさくせい	資料作成	7392
しりょうしゅう	資料集	7039
しりょうせいきゅう	資料請求	6580
しりょく	視力	6048
しりんじ	シリンジ	7264
しりんだ	シリンダ	6721
しりんだー	シリンダー	6423
しりんだーへっど	シリンダーヘッド	7463
しりーず	シリーズ	4557
しる	知る	4957
しる	汁	6294
しる	シル	6566
しる	著	6756
しる	しる	6865
しるえっと	シルエット	5440
しるく	シルク	6122
しるくろーど	シルクロード	6992
しるけ	汁気	6978
しるこ	しるこ	7143
しるこ	汁粉	7499
しるごと	汁ごと	7443
しるさ	記さ	5907
しるし	記し	5903
しるし	印	6120
しるし	しるし	6741
しるし	徴	7472
しるす	記す	6731
しるばにあ	シルバニア	7374
しるばにあふぁみりー	シルバニアファミリー	7294
しるばー	シルバー	5580
しるひとぞしる	知る人ぞ知る	6645
しるびあ	シルビア	6927
しるべ	導	6759
しるべ	標	6997
しるもの	汁物	6746
しれ	しれ	4306
しれ	知れ	5372
しれい	司令	6036
しれい	指令	6268
しれいかん	司令官	7396
しれいとう	司令塔	7042
しれっと	しれっと	6796
しれつ	歯列	6734
しれつ	熾烈	6825
しれつきょうせい	歯列矯正	7357
しれとこ	知床	6926
しれる	知れる	6726
しれわたっ	知れ渡っ	7215
しれん	試練	6026
しれん	しれん	6041
しれん	知れん	7169
しれん	シレン	7248
しろ	白	5134
しろ	しろ	5294
しろ	城	5730
しろ	シロ	6231
しろ	知ろ	6441
しろ	代	6782
しろあり	シロアリ	6637
しろあん	白あん	7233
しろあん	白餡	7487
しろい	白い	5037
しろい	白井	7208
しろい	しろい	7318
しろいかべ	白い壁	7153
しろいくも	白い雲	7364
しろいこ	白い粉	7508
しろいこいびと	白い恋人	7406
しろいごはん	白いご飯	7326
しろいし	白石	6978
しろいしゃつ	白いシャツ	7343
しろいすなはま	白い砂浜	7344
しろいどれす	白いドレス	7531
しろいは	白い歯	7286
しろいはいけい	白い背景	6465
しろいはだ	白い肌	7246
しろいはな	白い花	6679
しろいふく	白い服	7468
しろいぶぶん	白い部分	6834
しろいめでみ	白い目で見	7555
しろいろ	白色	6709
しろいんく	白インク	6982
しろう	知ろう	6432
しろう	四郎	6930
しろう	士郎	7132
しろう	史郎	7142
しろう	志郎	7299
しろう	脂漏	7536
しろうと	素人	5343
しろうとけんぴん	素人検品	6987
しろうとさいすん	素人採寸	7101
しろうとほかん	素人保管	6781
しろうとめ	素人目	6940
しろうま	白馬	7263
しろおび	白帯	7562
しろかわ	白川	7452
しろがね	銀	6087
しろがね	白銀	7050
しろがね	白金	7086
しろき	白き	7087
しろきた	城北	7382
しろぎす	シロギス	7498
しろく	白く	5796
しろくじちゅう	四六時中	7230
しろくま	しろくま	6991
しろくま	シロクマ	7145
しろくろ	白黒	6187
しろげ	白毛	7547
しろこ	白子	7479
しろごはん	白ご飯	7506
しろごま	白ごま	7110
しろさ	白さ	7029
しろざとう	白砂糖	7277
しろしゃつ	白シャツ	7448
しろじ	白地	7150
しろだ	白だ	6947
しろだし	白だし	7289
しろっ	しろっ	7554
しろっぷ	シロップ	6020
しろっぽい	白っぽい	6799
しろっぽく	白っぽく	6808
しろとくろ	白と黒	7470
しろとり	白鳥	7410
しろぬき	白抜き	7510
しろぬの	白布	7481
しろぬり	白塗り	7542
しろねぎ	白ネギ	7453
しろねこ	白猫	6836
しろばい	白バイ	7035
しろぼし	白星	6791
しろみ	白身	6341
しろみざかな	白身魚	7400
しろみず	白水	7496
しろみそ	白味噌	7139
しろむく	白無垢	7207
しろめ	白目	6754
しろめし	白飯	7105
しろもの	代物	6864
しろやま	城山	6825
しろりゅう	白龍	7161
しろわいん	白ワイン	6621
しわ	シワ	5665
しわ	しわ	6425
しわ	皺	6626
しわ	紫波	7543
しわけ	仕訳	6611
しわけ	仕分け	6704
しわざ	仕業	6729
しわしわ	シワシワ	7309
しわしわ	しわしわ	7537
しわす	師走	6974
しわよせ	しわ寄せ	7301
しん	新	4322
しん	心	4661
しん	死ん	5118
しん	神	5473
しん	芯	5660
しん	しん	5766
しん	真	5864
しん	親	5885
しんあい	親愛	7143
しんあん	新案	7103
しんい	真意	6550
しんい	神威	7248
しんいき	神域	7203
しんいしょう	新衣装	7562
しんいち	新一	6599
しんいち	真一	6986
しんいち	慎一	7183
しんいち	伸一	7198
しんいち	進一	7440
しんいちろう	真一郎	7261
しんいり	新入り	7104
しんうち	真打ち	7308
しんうらやす	新浦安	7525
しんえい	新鋭	6622
しんえいたい	親衛隊	7027
しんえき	新駅	7084
しんえつ	信越	7200
しんえん	深淵	6711
しんえん	深遠	7431
しんおう	シンオウ	7509
しんおおくぼ	新大久保	6963
しんおおさか	新大阪	6548
しんおおさかえき	新大阪駅	7419
しんおん	心音	7249
しんか	進化	5028
しんか	真価	6765
しんか	神化	6783
しんか	深化	6815
しんか	臣下	7172
しんかい	深海	6486
しんかい	新海	7156
しんかいぎょ	深海魚	7224
しんかいほつ	新開発	6958
しんかく	神格	6983
しんかしゃ	新華社	7282
しんかぶ	新株	6853
しんかりおん	シンカリオン	7345
しんかわ	新川	7561
しんかん	新刊	6107
しんかん	新歓	6613
しんかん	神官	6761
しんかん	新館	6955
しんかん	震撼	7217
しんかんかく	新感覚	7562
しんかんせん	新幹線	5418
しんかー	シンカー	6975
しんがい	侵害	5790
しんがお	新顔	7508
しんがく	進学	5390
しんがく	神学	6855
しんがくこう	進学校	6577
しんがくさき	進学先	7476
しんがくじっせき	進学実績	7531
しんがた	新型	4960
しんがたころな	新型コロナ	6680
しんがたころなうぃるす	新型コロナウィルス	7341
しんがたころなういるす	新型コロナウイルス	6339
しんがたころなういるすか	新型コロナウイルス禍	7346
しんがっき	新学期	6874
しんがぽーる	シンガポール	5778
しんがり	殿	7181
しんがん	真贋	7078
しんがん	心眼	7490
しんがー	シンガー	6375
しんがーそんぐらいたー	シンガーソングライター	6530
しんがーそんぐらいたー	シンガー・ソングライター	7350
しんき	新規	4955
しんきいってん	心機一転	6981
しんきかく	新企画	7525
しんきのう	新機能	6839
しんきば	新木場	7470
しんきゃら	新キャラ	7030
しんきゅう	鍼灸	6042
しんきゅう	新旧	6456
しんきゅう	進級	6526
しんきゅうし	鍼灸師	6966
しんきゅうちりょう	鍼灸治療	7537
しんきょ	新居	6513
しんきょう	心境	6122
しんきょうち	新境地	7439
しんきょく	新曲	5934
しんきょく	神曲	7357
しんきろう	蜃気楼	7144
しんきろく	新記録	6749
しんきん	親近	6474
しんきん	心筋	6756
しんきん	真菌	6769
しんきん	信金	7187
しんきんかん	親近感	6731
しんきんこうそく	心筋梗塞	6618
しんぎ	審議	5855
しんぎ	真偽	6577
しんぎ	信義	7345
しんぎかい	審議会	6733
しんぎじゅつ	新技術	6628
しんく	シンク	6243
しんく	真紅	6977
しんく	深紅	7238
しんくう	真空	6159
しんくうかん	真空管	6718
しんくたんく	シンクタンク	7083
しんくろ	シンクロ	6224
しんくろにしてぃ	シンクロニシティ	7548
しんぐ	寝具	6452
しんぐう	新宮	6935
しんぐる	シングル	5354
しんぐるす	シングルス	6368
しんぐるまざー	シングルマザー	6897
しんぐるもると	シングルモルト	7518
しんぐん	進軍	6861
しんけい	神経	5172
しんけいけい	神経系	7517
しんけいさいぼう	神経細胞	7501
しんけいしつ	神経質	5590
しんけいしょう	神経症	6923
しんけいつう	神経痛	7381
しんけつ	心血	7049
しんけつ	審決	7417
しんけん	真剣	5381
しんけん	親権	6381
しんけんしゃ	親権者	7371
しんけんしょうぶ	真剣勝負	7328
しんげき	進撃	6245
しんげつ	新月	6563
しんげん	信玄	6473
しんげん	震源	6780
しんげん	進言	6989
しんげんち	震源地	7356
しんこ	新古	7237
しんこいわ	新小岩	7396
しんこう	進行	5121
しんこう	信仰	5582
しんこう	振興	5659
しんこう	侵攻	6058
しんこう	新興	6204
しんこう	親交	6566
しんこう	新港	7325
しんこう	神功	7403
しんこうこく	新興国	7552
しんこうしん	信仰心	7500
しんこうじょう	新工場	7473
しんこうちゅう	進行中	6786
しんこうほうこう	進行方向	7045
しんこきゅう	深呼吸	6473
しんこく	申告	5436
しんこく	深刻	5682
しんこくしょ	申告書	7446
しんこっちょう	真骨頂	6889
しんこん	新婚	6319
しんこんりょこう	新婚旅行	7142
しんご	慎吾	6624
しんご	真吾	7318
しんご	しんご	7353
しんご	新語	7457
しんごう	信号	5325
しんごうき	信号機	6613
しんごうまち	信号待ち	7398
しんごん	真言	6997
しんごんしゅう	真言宗	6799
しんさ	審査	5037
しんさ	診査	6907
しんさい	震災	5830
しんさいご	震災後	7286
しんさいばし	心斎橋	6535
しんさいん	審査員	6636
しんさかい	審査会	7422
しんさきじゅん	審査基準	7502
しんさく	新作	5271
しんさく	晋作	7263
しんさけっか	審査結果	7418
しんさつ	診察	5615
しんさつ	新札	7389
しんさつしつ	診察室	7134
しんさーびす	新サービス	7292
しんざい	芯材	7437
しんざん	新参	6929
しんし	真摯	6047
しんし	紳士	6177
しんし	浸漬	7143
しんしあ	シンシア	7509
しんしく	新宿	6762
しんしすてむ	新システム	7470
しんしつ	寝室	5978
しんしつ	心室	7076
しんしてき	紳士的	7307
しんしゃ	新車	5818
しんしゃおく	新社屋	7427
しんしゅ	新種	6774
しんしゅ	新酒	7137
しんしゅう	信州	6123
しんしゅう	侵襲	6792
しんしゅう	真宗	7199
しんしゅうだいがく	信州大学	7260
しんしゅく	伸縮	6045
しんしゅく	新宿	6205
しんしゅくせい	伸縮性	6575
しんしゅつ	進出	5441
しんしゅつ	滲出	7550
しんしゅつきぼつ	神出鬼没	7480
しんしゅん	新春	6447
しんしょ	新書	6483
しんしょう	心象	7126
しんしょう	新章	7152
しんしょうしゃ	身障者	7519
しんしょうひん	新商品	5773
しんしょく	新色	6400
しんしょく	侵食	6718
しんしょく	浸食	6941
しんしょく	神職	6950
しんしょく	寝食	7511
しんしりーず	新シリーズ	7235
しんしん	心身	5670
しんしん	新進	6789
しんしん	シンシン	7466
しんしん	しんしん	7518
しんしんと	深々と	7168
しんしんとも	心身とも	6497
しんしーえむ	新CM	7357
しんしーずん	新シーズン	7394
しんじ	信じ	5180
しんじ	神事	6423
しんじ	シンジ	7078
しんじ	伸二	7110
しんじ	真司	7120
しんじ	慎二	7194
しんじ	しんじ	7231
しんじがたい	信じがたい	7394
しんじけーと	シンジケート	7540
しんじこ	宍道湖	7392
しんじこん	信じ込ん	7537
しんじだい	新時代	7241
しんじつ	真実	5526
しんじゃ	信者	5870
しんじゅ	真珠	6295
しんじゅう	心中	6614
しんじゅく	新宿	5692
しんじゅくえき	新宿駅	7053
しんじゅくく	新宿区	7316
しんじゅわん	真珠湾	7181
しんじゅわんこうげき	真珠湾攻撃	7494
しんじゅん	浸潤	6883
しんじょう	心情	6143
しんじょう	信条	6623
しんじょう	新庄	6750
しんじょうほう	新情報	7431
しんじよ	信じよ	7389
しんじよう	信じよう	7380
しんじる	信じる	5879
しんじろ	信じろ	7549
しんじろう	進次郎	6613
しんじん	新人	5359
しんじん	信心	6720
しんじん	真人	7167
しんじんしょう	新人賞	7367
しんじんせん	新人戦	7267
しんすい	浸水	6113
しんすい	親水	6829
しんすい	心酔	7308
しんすい	進水	7308
しんすう	進数	6828
しんすけ	紳助	7198
しんすけ	信介	7386
しんずい	真髄	6830
しんずい	神髄	7340
しんずる	信ずる	7414
しんせ	シンセ	6852
しんせい	申請	4842
しんせい	神聖	6309
しんせい	新生	6762
しんせい	新星	7215
しんせい	真正	7297
しんせい	真性	7420
しんせい	神性	7451
しんせい	新政	7554
しんせいかつ	新生活	6722
しんせいきえゔぁんげりおん	新世紀エヴァンゲリオン	7348
しんせいしゃ	申請者	6801
しんせいしょ	申請書	6690
しんせいしょるい	申請書類	7462
しんせいじ	新生児	6285
しんせいじ	申請時	7543
しんせいひん	新製品	6768
しんせかい	新世界	7089
しんせき	親戚	5774
しんせさいざー	シンセサイザー	6957
しんせつ	親切	5652
しんせつ	新設	5789
しんせつ	新雪	7434
しんせつしん	親切心	7505
しんせつていねい	親切丁寧	7310
しんせん	新鮮	5263
しんせん	新選	6680
しんせん	新撰	7023
しんせん	深セン	7115
しんせん	深圳	7204
しんせん	新線	7386
しんせん	神仙	7558
しんせんぐみ	新選組	7140
しんせんさ	新鮮さ	7020
しんせんみ	新鮮味	7278
しんぜん	親善	6593
しんぜん	神前	7087
しんそう	真相	5902
しんそう	深層	6373
しんそう	新装	6902
しんそうがくしゅう	深層学習	7460
しんそうさい	新総裁	7240
しんそく	神速	7367
しんそこ	心底	6582
しんそざい	新素材	7526
しんそつ	新卒	5650
しんそつさいよう	新卒採用	7126
しんそつにゅうしゃ	新卒入社	7313
しんぞう	心臓	5485
しんぞう	晋三	6561
しんぞう	新造	7079
しんぞう	神像	7393
しんぞうびょう	心臓病	7138
しんぞうほっさ	心臓発作	7519
しんぞく	親族	5859
しんた	新田	7407
しんた	真田	7446
しんたい	身体	5032
しんたい	神体	6874
しんたい	進退	7397
しんたいしょうがいしゃてちょう	身体障害者手帳	7283
しんたいせい	新体制	7166
しんたいそう	新体操	6818
しんたいてき	身体的	6671
しんたいのうりょく	身体能力	6821
しんたいりく	新大陸	7383
しんたく	信託	5928
しんたく	神託	7278
しんたくぎんこう	信託銀行	7218
しんたまねぎ	新玉ねぎ	7213
しんたろう	慎太郎	6776
しんたろう	晋太郎	7246
しんたろう	新太郎	7419
しんだい	寝台	6527
しんだい	新台	6850
しんだい	神大	7533
しんだん	診断	4944
しんだんけっか	診断結果	7191
しんだんしょ	診断書	6940
しんち	新地	7391
しんちいい	心地いい	7515
しんちく	新築	5647
しんちくじゅうたく	新築住宅	7482
しんちゃ	新茶	7208
しんちゃく	新着	6411
しんちゃくきじ	新着記事	7326
しんちゃくじょうほう	新着情報	6863
しんちゅう	真鍮	6413
しんちょう	身長	5375
しんちょう	慎重	5499
しんちょう	新調	6450
しんちょう	伸長	6731
しんちょう	新潮	6800
しんちょう	伸張	7369
しんちょう	清朝	7473
しんちょうさ	身長差	7450
しんちょうしゃ	新潮社	7068
しんちょく	進捗	5875
しんちょくじょうきょう	進捗状況	7185
しんちんたいしゃ	新陳代謝	6729
しんちーむ	新チーム	6770
しんてい	進呈	6716
しんてい	心底	7225
しんてき	心的	7110
しんてん	進展	5947
しんてん	伸展	6898
しんてんち	新天地	6763
しんてんぽ	新店舗	7083
しんでぃ	シンディ	7489
しんでれら	シンデレラ	6248
しんでれらがーるず	シンデレラガールズ	7438
しんでん	神殿	6085
しんでん	新田	7050
しんでんず	心電図	6708
しんと	信徒	6622
しんと	新都	7190
しんとう	浸透	5634
しんとう	神道	6483
しんとう	新党	7244
しんとう	親等	7293
しんとう	心頭	7351
しんとうあつ	浸透圧	7204
しんとうじょう	新登場	6519
しんとうめい	新東名	7485
しんとく	神徳	7521
しんとしん	新都心	7494
しんとみ	新富	7518
しんど	震度	6357
しんど	深度	6711
しんど	しんど	7000
しんど	進度	7158
しんどい	しんどい	5865
しんどう	振動	5565
しんどう	進藤	7132
しんどう	新道	7145
しんどう	神童	7294
しんどう	新藤	7442
しんどうきゅうしゅうせい	振動吸収性	7561
しんどかっ	しんどかっ	6731
しんどく	しんどく	6628
しんどさ	しんどさ	7544
しんどばっど	シンドバッド	7517
しんなり	しんなり	6645
しんなー	シンナー	7084
しんに	真に	6802
しんにち	親日	7139
しんにち	新日	7441
しんにってつ	新日鉄	7505
しんにほん	新日本	7556
しんにゅう	侵入	5590
しんにゅう	新入	6014
しんにゅう	進入	6318
しんにゅう	浸入	7133
しんにゅうしゃ	侵入者	7399
しんにゅうしゃいん	新入社員	6631
しんにゅうせい	新入生	6052
しんにん	新任	6844
しんにん	信任	7336
しんねん	新年	5771
しんねん	信念	5966
しんねんかい	新年会	6693
しんねんど	新年度	6695
しんのう	親王	6972
しんのすけ	しんのすけ	6955
しんのすけ	慎之助	7405
しんのすけ	慎之介	7481
しんはつばい	新発売	6640
しんはんにん	真犯人	6871
しんば	シンバ	7384
しんばし	新橋	6495
しんばる	シンバル	7067
しんぱい	心配	4717
しんぱい	心肺	6649
しんぱいあり	心配あり	7551
しんぱいごと	心配事	7114
しんぱいしょう	心配性	7503
しんぱいそう	心配そう	7029
しんぱく	心拍	6280
しんぱくすう	心拍数	6882
しんぱしー	シンパシー	7473
しんぱん	審判	5859
しんぱん	新版	7063
しんぱん	侵犯	7256
しんぱん	信販	7526
しんび	審美	6705
しんぴ	神秘	5920
しんぴ	真皮	7006
しんぴてき	神秘的	6421
しんぴょう	信憑	6630
しんぴょうせい	信憑性	7036
しんぴん	新品	5164
しんぴんどうよう	新品同様	7226
しんふぉぎあ	シンフォギア	7263
しんふぉにー	シンフォニー	7020
しんふぜん	心不全	6511
しんぶ	深部	6685
しんぶつ	神仏	6649
しんぶん	新聞	5186
しんぶん	しんぶん	7469
しんぶんきしゃ	新聞記者	7324
しんぶんきじ	新聞記事	7172
しんぶんし	新聞紙	6399
しんぶんしゃ	新聞社	7169
しんぷ	新婦	6167
しんぷ	神父	6565
しんぷ	親父	6743
しんぷ	新譜	7135
しんぷう	新風	7346
しんぷく	振幅	6894
しんぷる	シンプル	4817
しんぷるさ	シンプルさ	7090
しんぺい	新兵	7285
しんぺん	身辺	7058
しんぺん	新編	7277
しんぼう	辛抱	6902
しんぼう	心房	6960
しんぼうづよく	辛抱強く	7300
しんぼく	親睦	6518
しんぼく	神木	6815
しんぼり	深堀	7444
しんぼりっく	シンボリック	7564
しんぼる	シンボル	5784
しんぼるまーく	シンボルマーク	7044
しんぽ	進歩	5838
しんぽう	新法	7086
しんぽう	信奉	7110
しんぽう	新報	7132
しんぽじうむ	シンポジウム	6079
しんまい	新米	6279
しんまち	新町	7279
しんみ	親身	6362
しんみせ	新店	6845
しんみつ	親密	6552
しんみょう	神妙	7287
しんみり	しんみり	7381
しんめ	新芽	6487
しんめい	神明	7085
しんめとりー	シンメトリー	7379
しんめにゅー	新メニュー	7019
しんめんばー	新メンバー	7045
しんもでる	新モデル	7475
しんもん	審問	7376
しんや	深夜	5481
しんや	慎也	7291
しんや	晋也	7404
しんや	真也	7542
しんや	伸也	7543
しんや	信也	7558
しんやく	新薬	6750
しんやく	新約	7044
しんやく	新訳	7492
しんやくせいしょ	新約聖書	7557
しんやま	新山	7525
しんゆう	親友	5738
しんゆりがおか	新百合ヶ丘	7375
しんよ	神輿	7206
しんよう	信用	5451
しんよう	瀋陽	7566
しんようきんこ	信用金庫	6638
しんようくみあい	信用組合	7405
しんようじゅ	針葉樹	7008
しんようじょうほう	信用情報	7517
しんようそ	新要素	7460
しんようど	信用度	7345
しんよこはま	新横浜	6694
しんら	新羅	7298
しんらい	信頼	4864
しんらいかん	信頼感	7011
しんらいかんけい	信頼関係	6355
しんらいせい	信頼性	5997
しんらいど	信頼度	7063
しんらつ	辛辣	7014
しんらばんしょう	森羅万象	7398
しんらん	親鸞	6770
しんり	心理	5286
しんり	真理	6278
しんり	審理	6858
しんりがく	心理学	5909
しんりがくてき	心理学的	7484
しんりじょうたい	心理状態	7447
しんりてき	心理的	6606
しんりゃく	侵略	6124
しんりょう	診療	5171
しんりょうか	診療科	7395
しんりょうじかん	診療時間	7448
しんりょうじょ	診療所	7385
しんりょうないか	心療内科	6693
しんりょく	新緑	6362
しんりょく	深緑	7367
しんりん	森林	5714
しんりんこうえん	森林公園	6958
しんりんよく	森林浴	7088
しんるい	親類	7139
しんるい	進塁	7447
しんれい	心霊	6280
しんれい	神霊	7136
しんれいげんしょう	心霊現象	7534
しんれいすぽっと	心霊スポット	7183
しんれき	新暦	7443
しんれんさい	新連載	7473
しんろ	進路	5676
しんろう	新郎	6158
しんろう	心労	7363
しんろうしんぷ	新郎新婦	6981
しんわ	神話	5764
しんわ	親和	6540
しんわせい	親和性	7177
しゔぁ	シヴァ	7071
しー	シー	7136
しーあ	シーア	7324
しーあい	CI	6756
しーあいえい	CIA	6829
しーあーる	CR	6365
しーえいてぃーぶい	CATV	7402
しーえす	CS	5993
しーえぬえぬ	CNN	7016
しーえふでぃー	CFD	7218
しーえむ	CM	5245
しーおーつー	CO2	6069
しーおーでぃー	COD	7319
しーかやっく	シーカヤック	7478
しーがたかんえん	C型肝炎	7482
しーく	シーク	6905
しーくえんす	シークエンス	7277
しーくれっと	シークレット	7045
しーぐらす	シーグラス	7482
しーけいでぃー	CKD	7542
しーけんさー	シーケンサー	7533
しーけんしゃる	シーケンシャル	7470
しーけんす	シーケンス	6509
しーげんご	C言語	6880
しーさいど	シーサイド	6981
しーさー	シーサー	6966
しーざー	シーザー	6823
しーしゃ	シーシャ	7045
しーしー	CC	6829
しーしーでぃー	CCD	7257
しーじー	CG	5940
しーす	シース	7300
しーするー	シースルー	7109
しーず	シーズ	7211
しーずにんぐ	シーズニング	7499
しーずん	シーズン	4811
しーずんおふ	シーズンオフ	7187
しーずんちゅう	シーズン中	7144
しーずー	シーズー	7400
しーそー	シーソー	7298
しーた	シータ	7329
しーちきん	シーチキン	7372
しーつ	シーツ	6418
しーでぃー	CD	5278
しーでぃーしー	CDC	7339
しーでぃーろむ	CD-ROM	7226
しーと	シート	4897
しーとべると	シートベルト	6588
しーど	シード	6090
しーどる	シードル	7307
しーばす	シーバス	7110
しーびーえす	CBS	7361
しーぴーゆー	CPU	5821
しーふ	シーフ	7473
しーふーど	シーフード	6491
しーぶいあーる	CVR	7515
しーぼると	シーボルト	7492
しーむれす	シームレス	6314
しーらかんす	シーラカンス	7496
しーらんと	シーラント	7457
しーらー	シーラー	7506
しーりんぐ	シーリング	6462
しーる	シール	5340
しーるど	シールド	5799
しーん	シーン	4636
じ	時	4310
じ	次	4940
じ	じ	4988
じ	地	5485
じ	児	5554
じ	字	5624
じ	自	5739
じ	路	5940
じあい	自愛	6621
じあい	慈愛	6988
じあい	時合	7535
じあえんそさん	次亜塩素酸	6957
じあん	事案	6113
じい	じい	6687
じい	爺	6709
じい	自慰	7340
じいさん	爺さん	6649
じいさん	じいさん	6854
じいしき	自意識	6891
じいしきかじょう	自意識過剰	7397
じいじ	じいじ	7418
じいちゃん	じいちゃん	6841
じいろ	地色	7323
じいん	寺院	5766
じうえ	地植え	7277
じぇい	ジェイ	6433
じぇいあーる	JR	5194
じぇいあーるえー	JRA	6613
じぇいあーるかもつ	JR貨物	7344
じぇいあーるきゅうしゅう	JR九州	6870
じぇいあーるしこく	JR四国	7490
じぇいあーるとうかい	JR東海	6657
じぇいあーるとうかいどう	JR東海道	7293
じぇいあーるにしにっぽん	JR西日本	7054
じぇいあーるにしにほん	JR西日本	6815
じぇいあーるひがしにほん	JR東日本	6320
じぇいあーるほっかいどう	JR北海道	7063
じぇいえい	JA	5871
じぇいえふえる	JFL	7319
じぇいおーしー	JOC	7234
じぇいく	ジェイク	6982
じぇいしー	JC	6550
じぇいしーびー	JCB	6782
じぇいそん	ジェイソン	7130
じぇいてぃー	JT	6908
じぇいてぃーびー	JTB	6825
じぇいど	ジェイド	6781
じぇいみー	ジェイミー	7344
じぇいりーぐ	Jリーグ	6161
じぇしか	ジェシカ	6856
じぇしー	ジェシー	6695
じぇじゅん	ジェジュン	7018
じぇすちゃー	ジェスチャー	6532
じぇだい	ジェダイ	7018
じぇっつ	ジェッツ	7343
じぇっと	ジェット	5769
じぇっとき	ジェット機	7126
じぇっとこーすたー	ジェットコースター	7185
じぇとろ	ジェトロ	7471
じぇにふぁー	ジェニファー	7052
じぇにー	ジェニー	7039
じぇね	ジェネ	7433
じぇねしす	ジェネシス	7290
じぇねりっく	ジェネリック	6837
じぇねれーしょん	ジェネレーション	7164
じぇねれーた	ジェネレータ	7458
じぇねれーたー	ジェネレーター	6930
じぇのさいど	ジェノサイド	7488
じぇのば	ジェノバ	7553
じぇのべーぜ	ジェノベーゼ	7480
じぇひょん	ジェヒョン	7552
じぇふ	ジェフ	6715
じぇふりー	ジェフリー	7357
じぇみに	双子座	7495
じぇむ	ジェム	6800
じぇらーと	ジェラート	6355
じぇりー	ジェリー	6680
じぇる	ジェル	6170
じぇるねいる	ジェルネイル	6802
じぇん	ジェン	7193
じぇんだー	ジェンダー	6387
じぇんだーれす	ジェンダーレス	7338
じぇんとるまん	ジェントルマン	7443
じぇーむす	ジェームス	6895
じぇーむず	ジェームズ	6447
じぇーん	ジェーン	6756
じえい	自衛	6182
じえい	自営	7074
じえいかん	自衛官	7315
じえいぎょう	自営業	6571
じえいたい	自衛隊	5673
じえん	自演	6489
じお	ジオ	7332
じおう	ジオウ	7422
じおぱーく	ジオパーク	7109
じおめとり	ジオメトリ	7122
じおらま	ジオラマ	6492
じおん	ジオン	6803
じか	自家	6217
じか	時価	6425
じか	直	6540
じか	じか	6635
じか	磁化	7444
じか	ジカ	7447
じかい	次回	4938
じかい	磁界	7126
じかい	自戒	7328
じかい	自壊	7555
じかいさく	次回作	7032
じかいのきじ	次回の記事	7446
じかいよこく	次回予告	7115
じかがき	直書き	7478
じかく	自覚	5580
じかくしょうじょう	自覚症状	7022
じかけ	仕掛け	6415
じかせい	自家製	5751
じかそうがく	時価総額	7350
じかた	地方	5528
じかだんぱん	直談判	7353
じかに	直に	6846
じかび	直火	6910
じかよう	自家用	7077
じかようしゃ	自家用車	6656
じかん	時間	3750
じかん	次官	7190
じかん	次巻	7262
じかんおき	時間おき	7548
じかんかかり	時間かかり	7560
じかんかけ	時間かけ	7436
じかんがい	時間外	6163
じかんがいろうどう	時間外労働	7460
じかんがかかっ	時間がかかっ	6585
じかんがかから	時間がかから	7474
じかんがかかり	時間がかかり	6572
じかんがかかる	時間がかかる	6555
じかんぎれ	時間切れ	6847
じかんご	時間後	7426
じかんごと	時間ごと	7308
じかんさ	時間差	7041
じかんせいげん	時間制限	6761
じかんたい	時間帯	5976
じかんていど	時間程度	6818
じかんてき	時間的	6510
じかんとろうりょく	時間と労力	7474
じかんどおり	時間通り	7390
じかんない	時間内	6633
じかんのつごう	時間の都合	7152
じかんのなか	時間の中	7432
じかんのよゆう	時間の余裕	7289
じかんめ	時間目	6735
じかんやばしょ	時間や場所	7470
じかんわり	時間割	6797
じが	自我	6387
じが	自画	6826
じがい	自害	6967
じがく	自学	7521
じがくじしゅう	自学自習	7470
じがじさん	自画自賛	7430
じがぞう	自画像	7410
じがね	地金	7093
じき	時期	4534
じき	次期	6166
じき	磁気	6231
じき	じき	6759
じき	磁器	6802
じき	自機	6982
じき	時季	7027
じきじき	直々	7046
じきそ	直訴	7458
じきてき	時期的	6931
じきでん	直伝	7003
じきに	直に	7032
じきはい	時期はい	7452
じきひつ	直筆	6354
じきゅう	時給	6044
じきゅう	持久	6642
じきゅう	自給	6779
じきゅうじそく	自給自足	6994
じきゅうそう	持久走	7283
じきゅうりょく	持久力	7122
じぎゃく	自虐	6729
じぎゃくてき	自虐的	7537
じぎょう	事業	4165
じぎょううんえい	事業運営	7508
じぎょうか	事業化	7350
じぎょうかくだい	事業拡大	7070
じぎょうかつどう	事業活動	6939
じぎょうがいしゃ	事業会社	7511
じぎょうけいかく	事業計画	7006
じぎょうしゃ	事業者	5341
じぎょうしょ	事業所	5628
じぎょうしょうけい	事業承継	7084
じぎょうじょ	事業所	7490
じぎょうせんりゃく	事業戦略	7498
じぎょうてんかい	事業展開	7114
じぎょうないよう	事業内容	6869
じぎょうぬし	事業主	7106
じぎょうぶ	事業部	6234
じぎんぐ	ジギング	7067
じく	軸	5302
じく	字句	7397
じくあし	軸足	6961
じくう	時空	6254
じくうけ	軸受	7055
じくうけ	軸受け	7454
じぐ	ジグ	6304
じぐ	治具	6925
じぐざぐ	ジグザグ	6939
じぐそーぱずる	ジグソーパズル	7253
じぐん	自軍	6830
じけい	字形	7011
じけい	自警	7423
じけいれつ	時系列	6165
じけつ	自決	7142
じけん	事件	4752
じけんご	事件後	7520
じげ	地下	6553
じげ	地毛	6981
じげん	次元	5715
じげん	時限	6953
じこ	自己	4662
じこ	事故	4786
じこあい	自己愛	7241
じこう	事項	5031
じこう	時効	6443
じこう	次項	6840
じこう	自公	7360
じこう	時候	7507
じこかんり	自己管理	7174
じこぎせい	自己犠牲	7398
じこく	時刻	5539
じこく	自国	6251
じこくひょう	時刻表	6308
じこくみん	自国民	7497
じこけいはつ	自己啓発	7140
じこけんお	自己嫌悪	7144
じこけんさん	自己研鑽	7500
じこけんじよく	自己顕示欲	7476
じこげんば	事故現場	7511
じここうていかん	自己肯定感	6757
じこさいてん	自己採点	7518
じこし	事故死	6934
じこしきん	自己資金	7397
じこしほんひりつ	自己資本比率	7401
じこしゅちょう	自己主張	6997
じこしょうかい	自己紹介	6141
じこじつげん	自己実現	7175
じこせいちょう	自己成長	6891
じこせきにん	自己責任	6233
じこちゅう	自己中	7202
じこっ	事故っ	7060
じこつごう	自己都合	7438
じことうし	自己投資	7542
じこにんしき	自己認識	7495
じこのげんいん	事故の原因	7463
じこのせきにん	自己の責任	7479
じこはさん	自己破産	7039
じこはんだん	自己判断	7164
じこひょうか	自己評価	6975
じこひょうげん	自己表現	7082
じこふたん	自己負担	7020
じこぶっけん	事故物件	7431
じこぶんせき	自己分析	6643
じこべすと	自己ベスト	7091
じこまんぞく	自己満足	6937
じこりかい	自己理解	7177
じこりゅう	自己流	6798
じこる	事故る	7503
じご	事後	6379
じごう	次号	6916
じごうじとく	自業自得	6923
じごえ	地声	7080
じごく	地獄	5520
じごろ	時頃	6893
じごろ	時ごろ	7450
じさ	時差	6386
じさ	じさ	6452
じさ	辞さ	7415
じさく	自作	5630
じさく	次作	7178
じさくじえん	自作自演	7545
じさつ	自殺	5567
じさつみすい	自殺未遂	7504
じさん	持参	5592
じさん	じさん	6462
じさん	自賛	6971
じざい	自在	6178
じざかな	地魚	7278
じざけ	地酒	6571
じし	自死	7051
じし	じし	7163
じし	辞し	7344
じし	獅子	7368
じしき	次式	7552
じしつ	自室	6602
じしゃ	自社	5167
じしゃ	寺社	6682
じしゃく	磁石	6214
じしゅ	自主	5637
じしゅ	自首	7178
じしゅう	自習	6451
じしゅう	次週	6938
じしゅうしつ	自習室	7242
じしゅく	自粛	5961
じしゅせい	自主性	7195
じしゅてき	自主的	6478
じしゅとれ	自主トレ	7087
じしょ	辞書	5923
じしょう	事象	5974
じしょう	自称	6043
じしょう	自傷	6858
じしょう	次章	7502
じしょうこうい	自傷行為	7451
じしょく	辞職	6626
じしん	自身	4314
じしん	自信	4975
じしん	地震	5122
じしんあり	自信あり	7444
じしんさく	自信作	7475
じしんどう	地震動	7388
じしんまんまん	自信満々	6867
じじ	時事	6641
じじ	ジジ	6864
じじ	爺	6936
じじ	じじ	7089
じじい	ジジイ	6598
じじい	爺	6986
じじい	じじい	7089
じじつ	事実	5197
じじつじょう	事実上	6069
じじつむこん	事実無根	7360
じじゅう	侍従	7366
じじょ	次女	6126
じじょ	自助	6910
じじょ	侍女	6934
じじょ	二女	7554
じじょう	事情	5115
じじょう	自浄	7493
じじょうちょうしゅ	事情聴取	7487
じじょでん	自叙伝	7462
じじん	自陣	6843
じじん	自刃	7443
じす	JIS	6707
じす	ジス	7399
じすい	自炊	6445
じすう	字数	7162
じすう	次数	7503
じすきかく	JIS規格	7381
じすぎ	時過ぎ	6848
じすべり	地すべり	7105
じすべり	地滑り	7557
じすれ	次スレ	7254
じせい	自生	6383
じせい	磁性	6747
じせい	自制	7142
じせい	時制	7237
じせい	時勢	7376
じせい	辞世	7542
じせいしん	自制心	7337
じせき	自責	6914
じせき	自席	7556
じせきのねん	自責の念	7527
じせだい	次世代	5680
じせつ	次節	7019
じせつ	時節	7539
じせん	自薦	7446
じぜる	ジゼル	7257
じぜん	事前	4779
じぜん	慈善	6839
じぜんじゅんび	事前準備	6957
じぜんじょうほう	事前情報	7464
じぜんとうろく	事前登録	7201
じぜんよやく	事前予約	6740
じぜんよやくせい	事前予約制	7536
じそう	自走	6778
じそう	児相	7383
じそうしき	自走式	7506
じそく	時速	6408
じそく	磁束	7312
じそん	自尊	7556
じそんしん	自尊心	6706
じぞう	地蔵	6105
じぞく	持続	5277
じぞくかのう	持続可能	5896
じぞくかのうせい	持続可能性	6985
じぞくじかん	持続時間	7389
じぞくせい	持続性	7270
じぞくてき	持続的	6495
じた	自他	6811
じたい	自体	4748
じたい	事態	5281
じたい	辞退	6158
じたい	字体	6731
じたい	じたい	7432
じたく	自宅	4741
じたく	支度	7536
じたくたいき	自宅待機	7499
じたくほかん	自宅保管	6491
じたて	仕立て	6431
じたばた	ジタバタ	7509
じたん	時短	5857
じたん	自担	7365
じたんきんむ	時短勤務	7031
じだい	時代	4200
じだい	次代	6907
じだいおくれ	時代遅れ	6712
じだいげき	時代劇	6309
じだいてき	時代的	7510
じだいはいけい	時代背景	7006
じだん	示談	6518
じち	自治	5995
じちかい	自治会	6238
じちたい	自治体	5388
じちょ	自著	7538
じちょう	自重	6649
じちょう	次長	6749
じちょう	自嘲	7413
じちんさい	地鎮祭	7075
じっ	ジッ	7118
じっか	実家	5195
じっかい	十戒	7451
じっかん	実感	5143
じっかん	十干	7472
じっき	実機	6452
じっきょう	実況	5727
じっくり	じっくり	5406
じっくりじかん	じっくり時間	7518
じっけい	実刑	7096
じっけい	実兄	7476
じっけん	実験	5044
じっけん	実権	7175
じっけんけっか	実験結果	7241
じっけんしつ	実験室	7354
じっけんてき	実験的	6829
じっこう	実行	4746
じっこう	実効	6557
じっこういいん	実行委員	7336
じっこうかのう	実行可能	7145
じっこうけっか	実行結果	7388
じっこうじ	実行時	7254
じっこうせい	実効性	7357
じっこうちゅう	実行中	7471
じっこうりょく	実行力	7297
じっこん	入魂	7559
じっさい	実際	4228
じっさい	じっさい	7474
じっさいは	実際は	5613
じっし	実施	4402
じっし	実子	7025
じっしかのう	実施可能	7474
じっしきかん	実施機関	7440
じっしちゅう	実施中	6475
じっしつ	実質	5540
じっしつてき	実質的	6168
じっしゃ	実写	5863
じっしゃ	実車	6415
じっしゃえいが	実写映画	7397
じっしゃか	実写化	7405
じっしゃかい	実社会	7279
じっしゃばん	実写版	7304
じっしゅう	実習	5479
じっしゅうせい	実習生	7289
じっしょう	実証	5753
じっしょうじっけん	実証実験	6867
じっしょく	実食	6751
じっしよてい	実施予定	7032
じっすう	実数	6811
じっすん	実寸	6552
じっせい	実勢	7499
じっせいかつ	実生活	6901
じっせき	実績	5045
じっせん	実践	5041
じっせん	実戦	6142
じっせん	実線	7383
じっせんてき	実践的	6370
じっそう	実装	5225
じっそう	実相	7448
じっそく	実測	6679
じったい	実態	5607
じったい	実体	6351
じったいけん	実体験	6699
じっち	実地	6732
じっちょう	実釣	7428
じっちょく	実直	7146
じってい	実弟	7372
じってんぽ	実店舗	6461
じっと	じっと	5979
じっぱー	ジッパー	6471
じっぴ	実費	6666
じっぷ	ジップ	6503
じっぷ	実父	7038
じっぷらいん	ジップライン	7504
じっぷろっく	ジップロック	7051
じつ	実	5748
じつ	拾	7144
じついん	実印	7120
じつえん	実演	6257
じつがい	実害	7209
じつぎ	実技	6194
じつぎしけん	実技試験	7371
じつぎょう	実業	6512
じつぎょうか	実業家	6579
じつげつ	日月	6881
じつげん	実現	4626
じつげんかのう	実現可能	6870
じつざい	実在	5964
じつじょう	実情	6162
じつじょう	実状	7408
じつぞう	実像	7177
じつぞん	実存	7246
じつたいけん	実体験	6767
じつだん	実弾	7153
じつづき	地続き	7344
じつてんぽ	実店舗	6679
じつどう	実働	7156
じつに	実に	5577
じつに	じつに	7130
じつねんれい	実年齢	7224
じつのところ	実のところ	6958
じつは	実は	4589
じつは	じつは	6301
じつばい	実売	7272
じつぶつ	実物	5634
じつぼ	実母	6719
じつむ	実務	5700
じつむけいけん	実務経験	6866
じつむてき	実務的	7481
じつめい	実名	6627
じつよう	実用	5547
じつようか	実用化	7072
じつようせい	実用性	6495
じつようてき	実用的	6365
じつりょく	実力	5261
じつりょくしゃ	実力者	7344
じつりょくしゅぎ	実力主義	7281
じつれい	実例	6175
じつろく	実録	7103
じつわ	実話	6458
じづめ	自爪	7182
じづら	字面	7297
じてい	自邸	7565
じてん	時点	4857
じてん	辞典	6239
じてん	事典	6800
じてん	次点	7006
じてん	自転	7031
じてんしゃ	自転車	5021
じでん	自伝	6775
じとう	地頭	6921
じとり	地鶏	7398
じどう	自動	4765
じどう	児童	5054
じどううんてん	自動運転	6957
じどうおんせい	自動音声	7467
じどうか	自動化	6735
じどうかん	児童館	7236
じどうぎゃくたい	児童虐待	7426
じどうこうしん	自動更新	7429
じどうし	自動詞	7411
じどうしゃ	自動車	4989
じどうしゃさんぎょう	自動車産業	7385
じどうしゃどう	自動車道	7463
じどうしゃぶひん	自動車部品	7524
じどうしゃほけん	自動車保険	7221
じどうしゃめーかー	自動車メーカー	7054
じどうしょ	児童書	7434
じどうせいと	児童生徒	7172
じどうたち	児童たち	7316
じどうてあて	児童手当	7532
じどうてき	自動的	5437
じどうどあ	自動ドア	7446
じどうはんばいき	自動販売機	6982
じどうようごしせつ	児童養護施設	7365
じどうら	児童ら	7420
じどり	自撮り	6305
じどり	地鶏	6875
じどりぼう	自撮り棒	7527
じなん	次男	5891
じなん	二男	7249
じに	死に	6132
じにん	辞任	6422
じにん	自認	6909
じぬし	地主	6768
じねつ	地熱	7466
じねん	自然	7477
じねんじょ	自然薯	7343
じはく	自白	6874
じはだ	地肌	6847
じはつ	自発	6234
じはつてき	自発的	6552
じはん	時半	5574
じはんき	自販機	6100
じはんごろ	時半頃	7496
じはんすぎ	時半過ぎ	7525
じば	地場	6579
じば	磁場	6586
じばいせき	自賠責	6844
じばく	自爆	6495
じばにゃん	ジバニャン	7491
じばら	自腹	6874
じばん	地盤	6064
じぱんぐ	ジパング	7566
じひ	自費	6468
じひ	慈悲	6688
じひつ	自筆	6965
じひょう	辞表	7394
じび	耳鼻	6787
じびいんこうか	耳鼻咽喉科	6835
じびえ	ジビエ	6826
じびか	耳鼻科	6843
じびょう	持病	6538
じびーる	地ビール	7086
じふ	自負	6436
じぶつ	事物	7069
じぶり	ジブリ	6360
じぶりぱーく	ジブリパーク	7300
じぶん	自分	3520
じぶん	時分	7073
じぶんがって	自分勝手	6581
じぶんごと	自分事	7313
じぶんごと	自分ごと	7360
じぶんごのみ	自分好み	7162
じぶんじく	自分軸	7199
じぶんたち	自分たち	5556
じぶんたち	自分達	6391
じぶんてき	自分的	6681
じぶんでじぶん	自分で自分	6944
じぶんのあし	自分の足	6921
じぶんのいえ	自分の家	6868
じぶんのいし	自分の意志	6949
じぶんのいのち	自分の命	6944
じぶんのうえ	自分の上	6662
じぶんのかお	自分の顔	6911
じぶんのかち	自分の価値	7117
じぶんのかちかん	自分の価値観	6975
じぶんのかのうせい	自分の可能性	7148
じぶんのからだ	自分の体	6946
じぶんのからだ	自分の身体	7059
じぶんのかんじょう	自分の感情	6725
じぶんのきょうみ	自分の興味	7157
じぶんのくるま	自分の車	7155
じぶんのこ	自分の子	6918
じぶんのこえ	自分の声	6602
じぶんのこころ	自分の心	6598
じぶんのこと	自分のこと	6043
じぶんのこと	自分の事	6903
じぶんのことば	自分の言葉	6775
じぶんのこども	自分の子供	6790
じぶんのさくひん	自分の作品	6996
じぶんのした	自分の下	7124
じぶんのじかん	自分の時間	6883
じぶんのじんせい	自分の人生	6278
じぶんのせい	自分のせい	6644
じぶんのせかい	自分の世界	7065
じぶんのちから	自分の力	6452
じぶんのつごう	自分の都合	6987
じぶんのて	自分の手	6888
じぶんのてい	自分の体	6938
じぶんのなまえ	自分の名前	6555
じぶんののうりょく	自分の能力	6946
じぶんのは	自分の歯	7523
じぶんのばあい	自分の場合	6802
じぶんのばん	自分の番	7441
じぶんのへや	自分の部屋	6840
じぶんのほう	自分の方	7227
じぶんのほう	自分のほう	7258
じぶんのまえ	自分の前	6508
じぶんのみ	自分の身	6840
じぶんのめ	自分の目	6737
じぶんのもと	自分のもと	7391
じぶんのもの	自分のもの	6759
じぶんのゆめ	自分の夢	6957
じぶんみがき	自分磨き	7511
じぶんよう	自分用	7034
じぶんりゅう	自分流	7538
じぷしー	ジプシー	7077
じへい	自閉	7152
じへいしょう	自閉症	6426
じへん	事変	6755
じべた	地べた	7350
じほう	時報	7223
じぼうじき	自暴自棄	7195
じま	島	5741
じまい	じまい	6893
じまい	仕舞い	6908
じまう	じまう	6907
じまえ	自前	6440
じまえ	じまえ	6907
じまお	じまお	6907
じまく	字幕	5989
じまっ	じまっ	6907
じまわ	じまわ	6907
じまん	自慢	5465
じまん	じまん	7458
じまんげ	自慢げ	7369
じまんばなし	自慢話	7475
じみ	地味	5645
じみ	じみ	6696
じみ	染み	6931
じみ	ジミ	7188
じみ	滋味	7246
じみち	地道	6150
じみよ	染みよ	6918
じみりゃ	染みりゃ	6919
じみる	染みる	6914
じみれ	染みれ	6919
じみろ	染みろ	6919
じみん	自民	6412
じみん	ジミン	6654
じみん	染みん	6921
じみんとう	自民党	5701
じみー	ジミー	6784
じむ	事務	5155
じむ	ジム	5512
じむいん	事務員	7321
じむかーな	ジムカーナ	7321
じむきょく	事務局	5669
じむきょくちょう	事務局長	7285
じむさぎょう	事務作業	7166
じむしつ	事務室	7441
じむしょ	事務所	4880
じむしょく	事務職	6559
じむしょり	事務処理	7481
じむじかん	事務次官	7347
じむにー	ジムニー	6431
じむにーしえら	ジムニーシエラ	7353
じめ	じめ	6582
じめい	自明	7281
じめじめ	ジメジメ	6980
じめじめ	じめじめ	7271
じめつ	自滅	6923
じめん	地面	5508
じもてぃー	ジモティー	7435
じもと	地元	4789
じもときぎょう	地元企業	7264
じもとしょくざい	地元食材	7452
じもとじゅうみん	地元住民	7164
じもとのほう	地元の方	6831
じもとみん	地元民	6634
じもん	自問	7295
じもん	ジモン	7488
じもんじとう	自問自答	6884
じゃ	じゃ	3969
じゃ	ジャ	5466
じゃ	蛇	6450
じゃぁ	じゃぁ	6718
じゃぁ	じゃァ	6907
じゃあ	じゃあ	5422
じゃあ	じゃー	6909
じゃあく	邪悪	6590
じゃい	じゃい	6907
じゃいあん	ジャイアン	6977
じゃいあんつ	ジャイアンツ	6516
じゃいあんと	ジャイアント	7013
じゃいあんとぱんだ	ジャイアントパンダ	7429
じゃいか	JICA	6833
じゃいろ	ジャイロ	6823
じゃう	じゃう	6689
じゃえ	じゃえ	6907
じゃお	じゃお	6907
じゃかるた	ジャカルタ	6724
じゃが	じゃが	6954
じゃがいも	じゃがいも	5835
じゃがいも	ジャガイモ	6135
じゃがいも	じゃが芋	7133
じゃがりこ	じゃがりこ	7219
じゃがー	ジャガー	6574
じゃき	邪気	6778
じゃく	弱	5685
じゃくおん	弱音	7100
じゃくさん	弱酸	7043
じゃくさんせい	弱酸性	7564
じゃくし	弱視	7325
じゃくしゃ	弱者	6400
じゃくしょう	弱小	7155
じゃくそん	ジャクソン	6561
じゃくたい	弱体	6365
じゃくちゅう	若冲	7333
じゃくちょう	寂聴	7490
じゃくてん	弱点	5659
じゃくにくきょうしょく	弱肉強食	7380
じゃくねん	若年	6244
じゃくねんそう	若年層	6971
じゃぐ	ジャグ	7409
じゃぐじー	ジャグジー	7120
じゃぐち	蛇口	6357
じゃぐらー	ジャグラー	7008
じゃぐりんぐ	ジャグリング	7432
じゃけしゃ	ジャケ写	7476
じゃけっと	ジャケット	5379
じゃけん	邪険	7545
じゃこ	雑魚	6393
じゃこ	じゃこ	7174
じゃしん	邪神	6818
じゃす	JAS	7158
じゃす	ジャス	7557
じゃすい	邪推	7347
じゃすこ	ジャスコ	7351
じゃすてぃす	ジャスティス	7267
じゃすてぃん	ジャスティン	6831
じゃすと	ジャスト	6365
じゃすとさいず	ジャストサイズ	7263
じゃすぱー	ジャスパー	7492
じゃすみん	ジャスミン	6514
じゃず	ジャズ	5729
じゃっ	じゃっ	6574
じゃっか	弱化	7330
じゃっかる	ジャッカル	7312
じゃっかん	若干	5155
じゃっかんのごさ	若干の誤差	6943
じゃっき	ジャッキ	6649
じゃっき	惹起	7465
じゃっきー	ジャッキー	6968
じゃっく	ジャック	5791
じゃっくす	ジャックス	7515
じゃっじ	ジャッジ	6361
じゃっぷ	ジャップ	7400
じゃどう	邪道	7076
じゃに	ジャニ	6552
じゃにおた	ジャニオタ	7382
じゃにーず	ジャニーズ	6631
じゃにーずじむしょ	ジャニーズ事務所	6979
じゃねっと	ジャネット	7479
じゃばら	蛇腹	7167
じゃぱにーず	ジャパニーズ	6994
じゃぱねっと	ジャパネット	7412
じゃぱん	ジャパン	5624
じゃふ	JAF	6905
じゃぶ	ジャブ	6903
じゃぶじゃぶ	じゃぶじゃぶ	7403
じゃま	邪魔	5562
じゃま	じゃま	7427
じゃま	ジャマ	7515
じゃまいか	ジャマイカ	6887
じゃみる	ジャミル	7407
じゃむ	ジャム	5820
じゃらん	じゃらん	6842
じゃり	砂利	6317
じゃり	じゃり	7478
じゃりみち	砂利道	7554
じゃる	JAL	6199
じゃれ	じゃれ	7026
じゃろ	じゃろ	6750
じゃろう	じゃろう	7203
じゃわ	じゃわ	6907
じゃわ	ジャワ	7139
じゃん	じゃん	5140
じゃん	ジャン	6022
じゃん	じゃン	6907
じゃんか	じゃんか	7291
じゃんく	ジャンク	6168
じゃんくしょん	ジャンクション	7470
じゃんくふーど	ジャンクフード	7548
じゃんぐる	ジャングル	6272
じゃんぐるじむ	ジャングルジム	7340
じゃんけん	じゃんけん	6402
じゃんけん	ジャンケン	6760
じゃんし	雀士	7359
じゃんじゃん	じゃんじゃん	7095
じゃんじゃん	ジャンジャン	7422
じゃんそう	雀荘	7278
じゃんぬ	ジャンヌ	7013
じゃんぬだるく	ジャンヌ・ダルク	7551
じゃんぱー	ジャンパー	6758
じゃんぷ	ジャンプ	5335
じゃんぼ	ジャンボ	6487
じゃんる	ジャンル	5253
じゃー	ジャー	6209
じゃーきー	ジャーキー	7372
じゃーく	ジャーク	7358
じゃーじ	ジャージ	6294
じゃーじー	ジャージー	6944
じゃーなりすと	ジャーナリスト	6192
じゃーなりずむ	ジャーナリズム	7039
じゃーなる	ジャーナル	6553
じゃーにー	ジャーニー	7304
じゃーまん	ジャーマン	7392
じゅ	樹	6097
じゅ	傑	7142
じゅ	ジュ	7450
じゅ	寿	7551
じゅう	中	4461
じゅう	重	5389
じゅう	銃	5562
じゅう	獣	5941
じゅう	住	6353
じゅう	じゅう	6613
じゅうあつ	重圧	6892
じゅうい	獣医	6480
じゅういがく	獣医学	7296
じゅういし	獣医師	7064
じゅういち	十一	6974
じゅういちがつ	11月	4889
じゅういちがつ	十一月	5389
じゅういちがつまつ	11月末	7254
じゅういっ	十一	6723
じゅうおうむじん	縦横無尽	6936
じゅうかしつ	重過失	7322
じゅうかん	縦貫	7288
じゅうかんきょう	住環境	6680
じゅうがい	獣害	7502
じゅうがつ	10月	4754
じゅうがつ	十月	5254
じゅうがつまつ	10月末	7100
じゅうき	重機	6512
じゅうき	銃器	6816
じゅうき	什器	6821
じゅうきょ	住居	5931
じゅうきんぞく	重金属	7237
じゅうぎょう	従業	5371
じゅうぎょういん	従業員	5536
じゅうぎょういんすう	従業員数	7211
じゅうぎょうしゃ	従業者	7333
じゅうくじょう	十九条	6867
じゅうぐん	従軍	6953
じゅうけい	重慶	7508
じゅうけつ	充血	7031
じゅうけん	銃剣	7370
じゅうげき	銃撃	6487
じゅうげきせん	銃撃戦	7466
じゅうこ	住戸	6746
じゅうこう	重厚	6253
じゅうこう	銃口	6962
じゅうこう	重工	7465
じゅうこうかん	重厚感	7079
じゅうこうぎょう	重工業	7529
じゅうご	十五	6711
じゅうごう	重合	6651
じゅうごや	十五夜	6914
じゅうさつ	銃殺	7390
じゅうさん	十三	6500
じゅうざい	重罪	7468
じゅうし	重視	5175
じゅうし	銃士	7015
じゅうしじょう	十四条	6745
じゅうしち	十七	6888
じゅうしちじょう	十七条	6801
じゅうしゃ	従者	6834
じゅうしょ	住所	5229
じゅうしょう	重症	5971
じゅうしょう	重賞	6439
じゅうしょう	重傷	6521
じゅうしょうど	重症度	7494
じゅうしょく	住職	6256
じゅうしょへんこう	住所変更	7293
じゅうしん	重心	6082
じゅうしん	銃身	7083
じゅうしん	重臣	7090
じゅうじ	従事	5530
じゅうじ	十字	6375
じゅうじ	十二	7170
じゅうじ	十時	7439
じゅうじか	十字架	6363
じゅうじぐん	十字軍	7209
じゅうじつ	充実	4900
じゅうじつかん	充実感	6831
じゅうじゅう	重々	7060
じゅうじゅつ	柔術	6664
じゅうじゅん	従順	6848
じゅうじゅん	重巡	7548
じゅうじょう	十条	6642
じゅうじろ	十字路	7061
じゅうじん	獣人	7301
じゅうせい	銃声	7125
じゅうせき	重責	7329
じゅうぜん	従前	6505
じゅうそう	重曹	6450
じゅうそう	重奏	6647
じゅうそう	縦走	6660
じゅうそう	十三	6989
じゅうそう	重層	7110
じゅうそう	重装	7141
じゅうそう	重そう	7495
じゅうそく	充足	6747
じゅうぞう	十三	6927
じゅうぞく	従属	6829
じゅうたい	渋滞	5764
じゅうたい	重体	7228
じゅうたく	住宅	4750
じゅうたくがい	住宅街	6133
じゅうたくち	住宅地	6327
じゅうたくてあて	住宅手当	7208
じゅうたくほじょ	住宅補助	7247
じゅうたくろーん	住宅ローン	6120
じゅうたん	絨毯	6484
じゅうたん	じゅうたん	7070
じゅうだい	重大	5811
じゅうだい	十代	6872
じゅうだん	銃弾	6690
じゅうだん	縦断	6783
じゅうちん	重鎮	6931
じゅうていおん	重低音	7465
じゅうてん	重点	6175
じゅうてん	充填	6227
じゅうてんてき	重点的	6523
じゅうてんをおい	重点を置い	6704
じゅうてんをおき	重点を置き	7330
じゅうてんをおく	重点を置く	7322
じゅうでん	充電	5145
じゅうでんき	充電器	6993
じゅうでんしき	充電式	7533
じゅうでんじかん	充電時間	7547
じゅうでんちゅう	充電中	7419
じゅうとう	充当	6750
じゅうとう	銃刀	7532
じゅうとく	重篤	6490
じゅうど	重度	6225
じゅうどう	柔道	5821
じゅうどうせいふくし	柔道整復師	7429
じゅうなん	柔軟	5336
じゅうなんざい	柔軟剤	7035
じゅうなんせい	柔軟性	5929
じゅうに	十二	6281
じゅうにがつ	12月	4896
じゅうにがつ	十二月	5396
じゅうにがつまつ	12月末	7450
じゅうにし	十二支	6854
じゅうにしちょう	十二指腸	6992
じゅうにひとえ	十二単	7545
じゅうにぶん	十二分	6843
じゅうにん	住人	5986
じゅうにん	十人	7219
じゅうにんといろ	十人十色	7386
じゅうはちじょう	十八条	6794
じゅうはん	重版	6885
じゅうばこ	重箱	7152
じゅうびょう	重病	7534
じゅうふく	重複	6249
じゅうぶん	十分	4707
じゅうぶん	充分	5757
じゅうぶん	じゅうぶん	6971
じゅうぶん	重文	7408
じゅうべえ	十兵衛	7486
じゅうほう	銃砲	7546
じゅうほうでん	充放電	7365
じゅうまい	従妹	7497
じゅうまん	充満	6790
じゅうまん	十万	7408
じゅうみん	住民	5162
じゅうみんぜい	住民税	6421
じゅうみんたち	住民たち	7540
じゅうみんひょう	住民票	6735
じゅうもんじ	十文字	7332
じゅうやく	重役	7211
じゅうゆ	重油	7239
じゅうよう	重要	4300
じゅうようじこう	重要事項	7507
じゅうようせい	重要性	6610
じゅうようど	重要度	7107
じゅうようぶんかざい	重要文化財	7055
じゅうらい	従来	5148
じゅうらいひん	従来品	7334
じゅうらん	縦覧	7322
じゅうりょう	重量	5394
じゅうりょう	従量	7377
じゅうりょうかん	重量感	7135
じゅうりょうぶつ	重量物	7483
じゅうりょく	重力	5995
じゅうりん	蹂躙	7008
じゅうれつ	縦列	7352
じゅうろう	十郎	6936
じゅうろうどう	重労働	7010
じゅうろく	十六	6478
じゅえき	受益	6722
じゅえき	樹液	6849
じゅえりー	ジュエリー	5876
じゅえる	ジュエル	6682
じゅかい	樹海	7015
じゅがく	儒学	7384
じゅきゅう	受給	5866
じゅきゅう	需給	6572
じゅきょう	儒教	7010
じゅぎょう	授業	4727
じゅぎょうさんかん	授業参観	7234
じゅぎょうちゅう	授業中	6696
じゅぎょうないよう	授業内容	7283
じゅぎょうりょう	授業料	7027
じゅく	塾	5224
じゅく	宿	5636
じゅく	熟	6493
じゅくこう	熟考	7436
じゅくこうし	塾講師	7426
じゅくご	熟語	6528
じゅくし	熟し	6863
じゅくじょ	熟女	7199
じゅくす	熟す	7204
じゅくすい	熟睡	6867
じゅくせい	熟成	5836
じゅくせい	塾生	6765
じゅくたつ	熟達	7507
じゅくち	熟知	6502
じゅくちょう	塾長	6919
じゅくどく	熟読	6997
じゅくねん	熟年	7138
じゅくりょ	熟慮	7385
じゅくれん	熟練	6080
じゅけい	受刑	6820
じゅけいしゃ	受刑者	7520
じゅけん	受験	4978
じゅけん	受検	6644
じゅけんしかく	受験資格	7299
じゅけんしゃ	受験者	7301
じゅけんせい	受験生	5843
じゅけんたいさく	受験対策	7541
じゅけんひょう	受験票	7540
じゅけんべんきょう	受験勉強	6720
じゅこう	受講	5255
じゅこう	樹高	7222
じゅこう	受光	7352
じゅこうかのう	受講可能	7396
じゅこうしゃ	受講者	6980
じゅこうせい	受講生	6940
じゅこうりょう	受講料	7248
じゅごん	ジュゴン	7519
じゅし	樹脂	5568
じゅしせい	樹脂製	7485
じゅしょう	受賞	5076
じゅしょう	授賞	6449
じゅしょう	受章	6981
じゅしょう	受傷	7246
じゅしょうさくひん	受賞作品	7460
じゅしょうしき	授賞式	7076
じゅしょうしゃ	受賞者	7059
じゅしょうれき	受賞歴	7481
じゅしん	受信	5362
じゅしん	受診	5528
じゅしん	受審	7540
じゅしんき	受信機	7283
じゅしんしゃ	受信者	7340
じゅじゅ	授受	7220
じゅじゅつ	呪術	6219
じゅじゅつかいせん	呪術廻戦	6396
じゅじゅつし	呪術師	7332
じゅじょう	樹上	7234
じゅすい	入水	7350
じゅず	数珠	6913
じゅせい	受精	6583
じゅせい	授精	6985
じゅせい	樹勢	7366
じゅせいらん	受精卵	7042
じゅそ	呪詛	7042
じゅたい	受胎	7374
じゅたく	受託	6063
じゅたくしゃ	受託者	7446
じゅだく	受諾	7075
じゅちゅう	受注	5551
じゅちゅうしゃ	受注者	7472
じゅちゅうせいさん	受注生産	7273
じゅっかい	述懐	7415
じゅっく	十九	6918
じゅっこう	熟考	7437
じゅっちゅう	術中	7157
じゅっぷんあり	十分あり	7527
じゅつ	術	5376
じゅつ	述	7355
じゅつご	術後	6061
じゅつご	述語	7111
じゅつしき	術式	6454
じゅつしゃ	術者	7061
じゅつぜん	術前	6758
じゅでぃ	ジュディ	7358
じゅでん	受電	7198
じゅどう	受動	6570
じゅどうたい	受動態	7526
じゅどうてき	受動的	7264
じゅなん	受難	7132
じゅにあ	ジュニア	5696
じゅにあ	Jr	6384
じゅにゅう	授乳	5989
じゅにゅうしつ	授乳室	7347
じゅにゅうちゅう	授乳中	7325
じゅにん	受任	7211
じゅねーぶ	ジュネーブ	6965
じゅの	ジュノ	7061
じゅはっちゅう	受発注	7167
じゅばく	呪縛	6857
じゅひ	樹皮	6801
じゅひょう	樹氷	7460
じゅびろいわた	ジュビロ磐田	7389
じゅぴたー	ジュピター	7304
じゅふん	受粉	6807
じゅぶつ	呪物	7431
じゅみょう	寿命	5561
じゅもく	樹木	5930
じゅもくそう	樹木葬	7516
じゅもん	呪文	5912
じゅよ	授与	5956
じゅよう	需要	5222
じゅよう	受容	6073
じゅようたい	受容体	7539
じゅらるみん	ジュラルミン	7554
じゅり	受理	6321
じゅり	じゅり	7246
じゅり	樹里	7285
じゅりあ	ジュリア	6790
じゅりあん	ジュリアン	7056
じゅりえっと	ジュリエット	6817
じゅりつ	樹立	6643
じゅりょう	受領	6246
じゅりょく	呪力	6947
じゅりん	樹林	6778
じゅりー	ジュリー	6812
じゅれ	ジュレ	6849
じゅれい	樹齢	6624
じゅわき	受話器	7139
じゅわっ	じゅわっ	7366
じゅわっ	ジュワッ	7478
じゅん	順	5433
じゅん	準	5589
じゅん	純	5928
じゅん	准	6172
じゅん	ジュン	6374
じゅん	じゅん	6385
じゅん	潤	6587
じゅん	巡	6647
じゅんあい	純愛	6998
じゅんい	順位	5391
じゅんいち	純一	6763
じゅんいち	准一	7238
じゅんいち	順一	7286
じゅんいち	淳一	7440
じゅんいち	潤一	7545
じゅんいちろう	純一郎	7265
じゅんいちろう	潤一郎	7305
じゅんえん	順延	7125
じゅんかい	巡回	6136
じゅんかつ	潤滑	6518
じゅんかつゆ	潤滑油	7039
じゅんかん	循環	5503
じゅんきゅう	準急	7148
じゅんきょ	準拠	6141
じゅんきょう	殉教	7406
じゅんきょうじゅ	准教授	7241
じゅんきん	純金	7217
じゅんぎょう	巡業	7119
じゅんく	ジュンク	7410
じゅんけっしょう	準決勝	5979
じゅんけつ	純血	7221
じゅんけつ	純潔	7479
じゅんこ	純子	6901
じゅんこ	淳子	7174
じゅんこ	順子	7260
じゅんこ	じゅんこ	7521
じゅんこう	巡航	6881
じゅんこう	巡行	6972
じゅんこう	順光	7467
じゅんさ	巡査	6927
じゅんし	巡視	6847
じゅんしさん	純資産	6817
じゅんしゅ	遵守	5736
じゅんしゅ	順守	6832
じゅんしょく	殉職	7182
じゅんしん	純真	7352
じゅんじ	順次	5718
じゅんじ	準じ	6415
じゅんじゅん	順々	7548
じゅんじゅんけっしょう	準々決勝	6399
じゅんじょ	順序	6047
じゅんじょう	純情	7180
じゅんじる	準じる	7289
じゅんす	ジュンス	7500
じゅんすい	純粋	5592
じゅんすい	純水	7166
じゅんずる	準ずる	6409
じゅんせい	純正	5477
じゅんせいひん	純正品	7247
じゅんぜん	純然	7564
じゅんぞう	純増	7466
じゅんた	淳太	7453
じゅんたく	潤沢	7033
じゅんちょう	順調	5657
じゅんてん	順天	7545
じゅんてんどうだいがく	順天堂大学	7259
じゅんとう	順当	6873
じゅんど	純度	6534
じゅんに	順に	6094
じゅんのう	順応	6765
じゅんばん	順番	5359
じゅんぱく	純白	6852
じゅんび	準備	4571
じゅんびうんどう	準備運動	7418
じゅんびかんりょう	準備完了	7326
じゅんびきかん	準備期間	7285
じゅんびちゅう	準備中	6791
じゅんびばんたん	準備万端	7083
じゅんふどう	順不同	7176
じゅんぶんがく	純文学	7412
じゅんぷうまんぱん	順風満帆	7057
じゅんぺい	淳平	7321
じゅんぺい	純平	7330
じゅんぺい	順平	7335
じゅんまい	純米	6302
じゅんまいぎんじょう	純米吟醸	7328
じゅんまいしゅ	純米酒	7465
じゅんめ	巡目	7438
じゅんや	純也	7209
じゅんゆうしょう	準優勝	6448
じゅんよう	準用	6073
じゅんようかん	巡洋艦	6822
じゅんりえき	純利益	7510
じゅんれい	巡礼	6256
じゅんれつ	純烈	7324
じゅんろ	順路	7303
じゅー	ジュー	6997
じゅーしー	ジューシー	5944
じゅーす	ジュース	5553
じゅーる	ジュール	7321
じゅーん	ジューン	7403
じゆう	自由	4610
じゆう	事由	6073
じゆうがおか	自由が丘	6593
じゆうがた	自由形	7213
じゆうきまま	自由気まま	7173
じゆうけんきゅう	自由研究	7112
じゆうしんりょう	自由診療	7405
じゆうじかん	自由時間	7217
じゆうじざい	自由自在	6495
じゆうせき	自由席	7131
じゆうとう	自由党	7499
じゆうど	自由度	6577
じゆうほんぽう	自由奔放	7089
じゆうみんしゅとう	自由民主党	7206
じょ	所	4873
じょ	女	5273
じょ	除	6425
じょ	助	6609
じょ	徐	6730
じょ	序	6935
じょ	叙	7477
じょ	舒	7559
じょい	女医	6844
じょい	ジョイ	7084
じょい	JOY	7343
じょいすてぃっく	ジョイスティック	7437
じょいふる	ジョイフル	7073
じょいん	ジョイン	7152
じょいんと	ジョイント	6234
じょう	条	4581
じょう	上	4695
じょう	場	4920
じょう	状	5013
じょう	城	5468
じょう	畳	6188
じょう	嬢	6328
じょう	錠	6328
じょうい	上位	5164
じょうい	攘夷	7082
じょういちろう	丈一郎	7415
じょういん	乗員	6698
じょういん	上院	6951
じょうえい	上映	5525
じょうえいかい	上映会	7339
じょうえつ	上越	6464
じょうえつしんかんせん	上越新幹線	7477
じょうえん	上演	5973
じょうおう	女王	6521
じょうおん	常温	6052
じょうおんほぞん	常温保存	7517
じょうか	浄化	5935
じょうか	城下	6912
じょうか	上下	7338
じょうかい	上階	7005
じょうかく	城郭	6828
じょうかそう	浄化槽	6707
じょうかまち	城下町	6484
じょうかん	情感	7098
じょうかん	上官	7103
じょうかん	上巻	7188
じょうかん	城館	7556
じょうがい	場外	6673
じょうがく	上顎	7377
じょうき	上記	4731
じょうき	蒸気	5970
じょうき	常軌	7299
じょうき	上気	7361
じょうきいがい	上記以外	7133
じょうきがぞう	上記画像	7542
じょうきげん	上機嫌	7210
じょうきないよう	上記内容	7170
じょうきのこと	上記のこと	7222
じょうきのてん	上記の点	7549
じょうきゃく	乗客	5983
じょうきゅう	上級	5644
じょうきゅうしゃ	上級者	6622
じょうきゅうせい	上級生	6729
じょうきょう	状況	4258
じょうきょう	上京	6197
じょうきょう	情況	7392
じょうきょうか	状況下	6574
じょうきょうしだい	状況次第	7411
じょうきょうのなか	状況の中	7551
じょうきょうのひと	状況の人	7565
じょうきん	常勤	6569
じょうぎ	定規	6601
じょうくう	上空	6034
じょうけい	情景	6302
じょうけん	条件	4598
じょうけんか	条件下	6559
じょうけんつき	条件付き	7418
じょうげ	上下	5448
じょうげかんけい	上下関係	7120
じょうげさゆう	上下左右	7262
じょうげすいどう	上下水道	6981
じょうげどう	上下動	7511
じょうげん	上限	5499
じょうげん	上弦	6951
じょうこう	条項	6289
じょうこう	乗降	6553
じょうこう	上皇	6926
じょうこう	上行	7500
じょうこく	上告	6937
じょうさい	城塞	7168
じょうさん	蒸散	7412
じょうざい	錠剤	6707
じょうざい	常在	7127
じょうざん	乗算	7135
じょうざんけい	定山渓	7348
じょうし	上司	5205
じょうし	城址	6750
じょうし	上肢	7013
じょうし	上梓	7269
じょうしき	常識	5489
じょうしきてき	常識的	6747
じょうしす	情シス	7306
じょうしつ	上質	5900
じょうしゃ	乗車	5447
じょうしゃけん	乗車券	7099
じょうしゅ	城主	6530
じょうしゅう	上州	7033
じょうしゅう	常習	7225
じょうしゅうはん	常習犯	7364
じょうしょう	上昇	5007
じょうしょう	常勝	7341
じょうしょうきりゅう	上昇気流	7546
じょうしょうけいこう	上昇傾向	7397
じょうしょく	常食	6860
じょうしん	上申	7556
じょうじ	常時	5849
じょうじ	乗じ	6494
じょうじ	情事	7519
じょうじ	じょうじ	7562
じょうじま	城島	7549
じょうじゅ	成就	6288
じょうじゅ	譲受	7290
じょうじゅつ	上述	6286
じょうじゅん	上旬	5889
じょうじょう	上場	5690
じょうじょう	上々	6722
じょうじょう	情状	7490
じょうじょうきぎょう	上場企業	7036
じょうじん	常人	7063
じょうすい	浄水	6378
じょうすい	上水	7416
じょうすいどう	上水道	7317
じょうすう	定数	6850
じょうず	上手	5168
じょうず	上図	6730
じょうず	じょうず	7427
じょうせい	情勢	5931
じょうせい	醸成	6474
じょうせい	上清	7564
じょうせき	城跡	6380
じょうせき	定石	7069
じょうせき	上席	7245
じょうせつ	常設	6268
じょうせん	乗船	6260
じょうぜつ	饒舌	7245
じょうそう	上層	6317
じょうそう	情操	7437
じょうそうぶ	上層部	7077
じょうぞう	醸造	6003
じょうたい	状態	4060
じょうたい	上体	6758
じょうたい	常態	7001
じょうたいいじょう	状態異常	6781
じょうたいのこと	状態のこと	7236
じょうたいのもの	状態のもの	7536
じょうたつ	上達	5873
じょうたん	上端	7005
じょうだん	冗談	5882
じょうだん	上段	6196
じょうち	上智	7384
じょうちだいがく	上智大学	6996
じょうちゃく	蒸着	7250
じょうちゅう	常駐	6250
じょうちょ	情緒	6162
じょうちょう	冗長	6910
じょうちょう	上長	6944
じょうちょてき	情緒的	7526
じょうでき	上出来	7192
じょうと	譲渡	5568
じょうとう	上棟	6981
じょうとう	上等	6993
じょうとう	城東	7153
じょうとう	常套	7496
じょうとかい	譲渡会	7453
じょうど	浄土	6797
じょうどう	情動	7070
じょうどしゅう	浄土宗	7061
じょうどしんしゅう	浄土真宗	6871
じょうない	場内	6409
じょうない	城内	7292
じょうなん	城南	7165
じょうにん	常任	6640
じょうねつ	情熱	5609
じょうねつてき	情熱的	6741
じょうねん	情念	7392
じょうのうち	城之内	7493
じょうはく	上白	7452
じょうはつ	蒸発	6315
じょうはん	上半	7140
じょうはんしん	上半身	6057
じょうば	乗馬	6436
じょうばん	常磐	7008
じょうばんせん	常磐線	7251
じょうひ	上皮	6650
じょうひごろ	常日頃	7321
じょうひょう	上表	7537
じょうひん	上品	5523
じょうひんさ	上品さ	6888
じょうび	常備	6322
じょうぶ	上部	5459
じょうぶ	丈夫	5787
じょうぶつ	成仏	6756
じょうぶん	条文	6644
じょうへき	城壁	6698
じょうへん	上辺	7267
じょうほ	譲歩	7037
じょうほう	情報	3836
じょうほう	上方	6898
じょうほうかいじ	情報開示	7407
じょうほうかがく	情報科学	7189
じょうほうがく	情報学	7117
じょうほうきょうゆう	情報共有	6818
じょうほうぎじゅつ	情報技術	7441
じょうほうげん	情報源	6956
じょうほうこうかい	情報公開	7467
じょうほうこうかん	情報交換	6702
じょうほうこうがく	情報工学	7421
じょうほうさいと	情報サイト	6445
じょうほうしすてむ	情報システム	7436
じょうほうしゅうしゅう	情報収集	6451
じょうほうしょり	情報処理	6404
じょうほうせきゅりてぃ	情報セキュリティ	7276
じょうほうていきょう	情報提供	5776
じょうほうていきょうもと	情報提供元	7559
じょうほうはっしん	情報発信	6579
じょうほうばんぐみ	情報番組	7475
じょうほうりょう	情報量	6721
じょうほうろうえい	情報漏洩	7428
じょうぼん	上品	7189
じょうまえ	錠前	7465
じょうみゃく	静脈	6214
じょうむ	乗務	6266
じょうむ	常務	6588
じょうむいん	乗務員	7278
じょうめん	上面	6615
じょうもう	上毛	7324
じょうもん	縄文	6150
じょうもん	城門	7156
じょうもんじだい	縄文時代	7209
じょうやく	条約	5881
じょうやとう	常夜灯	7383
じょうよ	剰余	6930
じょうよ	譲与	7543
じょうよう	常用	6417
じょうよう	乗用	7144
じょうよう	城陽	7524
じょうようかんじ	常用漢字	7095
じょうようしゃ	乗用車	6269
じょうらく	上洛	7182
じょうりく	上陸	5931
じょうりゅう	上流	5933
じょうりゅう	蒸留	6253
じょうりゅう	蒸溜	6942
じょうりょく	常緑	6876
じょうりょくじゅ	常緑樹	7346
じょうるり	浄瑠璃	7351
じょうれい	条例	5350
じょうれん	常連	5853
じょうれんきゃく	常連客	7324
じょうわん	上腕	6564
じょうわんさんとうきん	上腕三頭筋	7487
じょうわんにとうきん	上腕二頭筋	7431
じょえる	ジョエル	7495
じょえん	助演	6896
じょおう	女王	5857
じょおうばち	女王蜂	7342
じょかん	女官	7357
じょかんとく	助監督	7354
じょがい	除外	5811
じょがくいん	女学院	6987
じょがくせい	女学生	7360
じょがっこう	女学校	7089
じょきゃく	除却	7462
じょきょ	除去	5418
じょきょう	助教	6738
じょきょうじゅ	助教授	7082
じょきょく	序曲	7090
じょきん	除菌	6094
じょぎんぐ	ジョギング	6441
じょくそう	褥瘡	7138
じょくん	叙勲	7341
じょぐ	ジョグ	7250
じょけい	女系	7481
じょげん	助言	5916
じょこう	徐行	7181
じょこびっち	ジョコビッチ	7399
じょごん	助言	7487
じょさん	助産	6303
じょさん	除算	7564
じょさんし	助産師	7053
じょし	女子	4805
じょし	女史	6907
じょし	助詞	7099
じょしあな	女子アナ	6862
じょしかい	女子会	6957
じょしがくせい	女子学生	7523
じょしこう	女子校	6898
じょしこう	女子高	7265
じょしこうせい	女子高生	6100
じょしせいと	女子生徒	7240
じょしだい	女子大	6917
じょしだいせい	女子大生	6642
じょしちゅうがくせい	女子中学生	7546
じょしつ	除湿	6535
じょしゅ	助手	5904
じょしゅ	ジョシュ	7443
じょしゅあ	ジョシュア	7179
じょしゅせき	助手席	6763
じょしゅせきがわ	助手席側	7354
じょしょう	序章	6920
じょじ	女児	6497
じょじし	叙事詩	7240
じょじゅつ	叙述	7224
じょじょ	ジョジョ	6330
じょじょう	叙情	7116
じょじょう	抒情	7397
じょじょに	徐々に	5278
じょじょのきみょうなぼうけん	ジョジョの奇妙な冒険	6823
じょせい	女性	4137
じょせい	助成	5666
じょせい	女声	7225
じょせいがわ	女性側	7316
じょせいきゃく	女性客	7304
じょせいきん	助成金	6853
じょせいしゃいん	女性社員	7279
じょせいじん	女性陣	7355
じょせいたち	女性たち	6738
じょせいてき	女性的	7285
じょせいのほう	女性の方	6670
じょせいよう	女性用	7502
じょせき	除籍	7158
じょせつ	除雪	6505
じょせふ	ジョセフ	6772
じょせん	除染	7101
じょそう	除草	6389
じょそう	女装	6425
じょそう	助走	7103
じょそうざい	除草剤	7140
じょたい	除隊	7185
じょちゅう	女中	7089
じょちょう	助長	6612
じょっき	ジョッキ	6816
じょっきー	ジョッキー	7060
じょてい	女帝	7062
じょどうし	助動詞	6880
じょなさん	ジョナサン	7085
じょにー	ジョニー	6580
じょばん	序盤	5564
じょぶ	ジョブ	5900
じょぶず	ジョブズ	6957
じょぶねっと	ジョブネット	7439
じょぶん	序文	7209
じょまくしき	除幕式	7397
じょめい	除名	7101
じょもう	除毛	7416
じょやく	助役	7556
じょやのかね	除夜の鐘	7495
じょゆう	女優	5253
じょゆうぎょう	女優業	7474
じょりゅう	女流	6587
じょりょく	助力	7080
じょるの	ジョルノ	7312
じょれい	除霊	7233
じょれつ	序列	6852
じょん	ジョン	5632
じょんいる	正日	7541
じょんう	ジョンウ	7392
じょんぐく	ジョングク	6912
じょんそん	ジョンソン	6568
じょんは	ジョンは	7123
じょんひょん	ジョンヒョン	7504
じょー	ジョー	6094
じょーい	ジョーイ	7481
じょーかー	ジョーカー	6469
じょーく	ジョーク	6504
じょーじ	ジョージ	6228
じょーじあ	ジョージア	6654
じょーず	ジョーズ	7499
じょーだん	ジョーダン	6810
じょーんず	ジョーンズ	6641
じよう	滋養	7133
じよん	ジヨン	7277
じらい	地雷	6167
じりき	自力	5950
じりき	地力	7096
じりじり	ジリジリ	7154
じりじり	じりじり	7338
じりつ	自立	5571
じりつ	自律	5803
じりつしん	自立心	7396
じりつてき	自律的	7093
じりひん	ジリ貧	7506
じりゅう	時流	7247
じりょく	磁力	6848
じる	汁	5610
じる	ジル	6658
じるこにあ	ジルコニア	7378
じるし	じるし	7536
じれ	ジレ	7332
じれい	事例	5062
じれい	辞令	6770
じれんま	ジレンマ	6667
じろ	ジロ	7170
じろう	治郎	6164
じろう	二郎	6427
じろう	次郎	6596
じろう	じろう	6808
じろう	二朗	7488
じろじろ	ジロジロ	7391
じろん	持論	6702
じろー	ジロー	7526
じわ	ジワ	6635
じわ	じわ	6858
じわじわ	じわじわ	6359
じわじわ	ジワジワ	6898
じわっ	じわっ	7526
じん	人	4855
じん	陣	5392
じん	ジン	5984
じん	腎	6010
じん	じん	6110
じん	神	6242
じん	金	6531
じん	仁	6640
じんい	人為	6737
じんいてき	人為的	7014
じんいん	人員	5921
じんうん	人運	7556
じんえい	陣営	6239
じんえん	腎炎	7328
じんおうが	ジンオウガ	7459
じんか	人家	7223
じんかく	人格	5772
じんがい	人外	6986
じんきのう	腎機能	7425
じんぎ	神器	6755
じんぎ	仁義	7117
じんぎすかん	ジンギスカン	6694
じんくす	ジンクス	6996
じんぐう	神宮	6355
じんぐうきゅうじょう	神宮球場	7195
じんぐうじ	神宮寺	7211
じんぐうまえ	神宮前	7086
じんけい	陣形	6922
じんけん	人権	5708
じんけんしんがい	人権侵害	7280
じんけんひ	人件費	6184
じんこう	人口	5227
じんこう	人工	5376
じんこうえいせい	人工衛星	7274
じんこうげんしょう	人口減少	6839
じんこうしば	人工芝	6594
じんこうじゅせい	人工授精	7537
じんこうぞうか	人口増加	7524
じんこうちのう	人工知能	6415
じんこうてき	人工的	6632
じんこうぶつ	人工物	7372
じんこうみつど	人口密度	7511
じんこつ	人骨	7277
じんご	神戸	6792
じんざい	人材	5036
じんざいいくせい	人材育成	6623
じんざいかくほ	人材確保	7419
じんざいぶそく	人材不足	7286
じんしゅ	人種	5978
じんしゅさべつ	人種差別	7113
じんしん	人身	6395
じんしんじこ	人身事故	7041
じんじ	人事	5350
じんじいどう	人事異動	7282
じんじいん	人事院	7308
じんじか	人事課	7542
じんじこうか	人事考課	7469
じんじせいど	人事制度	7485
じんじひょうか	人事評価	7326
じんじぶ	人事部	7247
じんじゃ	神社	4954
じんじゃぶっかく	神社仏閣	7387
じんじゃー	ジンジャー	6599
じんじょう	尋常	6534
じんせい	人生	4554
じんせいかん	人生観	6936
じんせいけいけん	人生経験	7312
じんせん	人選	6996
じんそく	迅速	5432
じんそくていねい	迅速丁寧	7474
じんぞう	腎臓	6110
じんぞう	人造	6759
じんぞうびょう	腎臓病	7517
じんたい	人体	6096
じんたい	靭帯	6587
じんたい	靱帯	7159
じんだい	甚大	6617
じんだい	神代	7428
じんだいじ	深大寺	7537
じんち	陣地	6784
じんつう	陣痛	6551
じんてき	人的	6155
じんとく	人徳	7500
じんどう	人道	6693
じんどうてき	人道的	7005
じんどっ	陣取っ	7186
じんどり	陣取り	7412
じんどる	陣取る	7561
じんない	陣内	7372
じんにく	人肉	7492
じんば	人馬	7333
じんばぶえ	ジンバブエ	7359
じんばる	ジンバル	7346
じんふぜん	腎不全	7492
じんぶつ	人物	4877
じんぶつぞう	人物像	7142
じんぶん	人文	6702
じんべい	甚平	7275
じんべえ	ジンベエ	7407
じんべえざめ	ジンベエザメ	7517
じんぼ	神保	6992
じんぼう	人望	6926
じんぼう	神保	7490
じんぼうちょう	神保町	6979
じんましん	蕁麻疹	6953
じんましん	じんましん	7461
じんみゃく	人脈	6322
じんみん	人民	6297
じんむ	神武	7495
じんむてんのう	神武天皇	7089
じんめい	人名	6725
じんめい	人命	6756
じんめん	人面	7361
じんもん	尋問	6670
じんや	陣屋	7052
じんよう	陣容	7563
じんりき	人力	6889
じんりきしゃ	人力車	7144
じんりょく	尽力	5987
じんりょく	人力	7261
じんるい	人類	5480
じんろう	人狼	6502
じんわり	じんわり	6660
じー	ジー	7534
じーあい	GI	6373
じーえいちきゅー	GHQ	7057
じーえむ	GM	6230
じーく	ジーク	6811
じーこ	ジーコ	7520
じーしー	GC	6571
じーせぶん	G7	6685
じーっと	じーっと	7204
じーつー	G2	6646
じーでぃーぴー	GDP	6515
じーな	ジーナ	7391
じーにー	ジーニー	7449
じーぱん	ジーパン	7112
じーぴー	GP	6151
じーぷ	ジープ	6918
じーわん	G1	6301
じーん	ジーン	6719
じーんず	ジーンズ	6220
す	す	4860
す	酢	5637
す	巣	5795
す	素	5938
す	州	6643
す	洲	7299
すあげ	素揚げ	7018
すあし	素足	6839
すあな	巣穴	7066
すぃーつ	スィーツ	7477
すい	水	4743
すい	空い	5822
すい	吸い	6179
すい	すい	6304
すい	スイ	6564
すい	粋	6880
すい	好い	7541
すいあげ	吸い上げ	7086
すいあげる	吸い上げる	7455
すいあつ	水圧	6593
すいい	推移	5708
すいい	水位	6253
すいいき	水域	6746
すいうん	水運	7481
すいえい	水泳	5847
すいえいぶ	水泳部	7489
すいえん	膵炎	7196
すいおん	水温	6097
すいか	スイカ	5901
すいか	すいか	6909
すいか	西瓜	7358
すいかん	水管	7486
すいがい	水害	6467
すいがら	吸い殻	7370
すいきゅう	水球	7234
すいきょ	推挙	7512
すいぎゅう	水牛	7111
すいぎょうざ	水餃子	7054
すいぎん	水銀	6647
すいくん	スイクン	7438
すいぐん	水軍	7113
すいけい	推計	6525
すいけい	水系	6671
すいげん	水源	6528
すいこう	遂行	5804
すいこう	水耕	6903
すいこう	推敲	7192
すいこう	水光	7474
すいこうさいばい	水耕栽培	7425
すいこでん	水滸伝	7405
すいこま	吸い込ま	6478
すいこみ	吸い込み	6869
すいこむ	吸い込む	6925
すいこん	吸い込ん	6820
すいごう	水郷	7310
すいさい	水彩	6420
すいさいが	水彩画	6695
すいさつ	推察	6432
すいさん	水産	5971
すいさんか	水酸化	6944
すいさんぶつ	水産物	6778
すいしつ	水質	6142
すいしゃ	水車	7000
すいしゅ	水腫	7459
すいしょう	推奨	5320
すいしょう	水晶	6120
すいしょうかんきょう	推奨環境	7460
すいしょく	水色	6875
すいしん	推進	4950
すいしん	水深	6330
すいしんりょく	推進力	7152
すいじ	炊事	6842
すいじゃく	衰弱	6765
すいじゅん	水準	5549
すいじょう	水上	6720
すいじょうき	水蒸気	6519
すいじん	水神	7108
すいす	スイス	5864
すいすい	スイスイ	6899
すいすい	すいすい	7211
すいせい	水性	6558
すいせい	水星	6574
すいせい	彗星	6577
すいせい	水生	6844
すいせいのまじょ	水星の魔女	7535
すいせん	推薦	5553
すいせん	水栓	6486
すいせん	水仙	6943
すいせん	水洗	7072
すいせん	スイセン	7379
すいせんといれ	水洗トイレ	7528
すいせんにゅうし	推薦入試	7404
すいぜん	垂涎	7317
すいそ	水素	5679
すいそう	水槽	5628
すいそうがく	吹奏楽	5872
すいそうがくぶ	吹奏楽部	6770
すいそうない	水槽内	7393
すいそく	推測	5606
すいぞう	膵臓	6751
すいぞう	すい臓	7510
すいぞくかん	水族館	5851
すいた	吹田	6981
すいたい	衰退	6222
すいたい	錐体	7422
すいたく	水沢	7336
すいちゅう	水中	5819
すいちょく	垂直	6189
すいっち	スイッチ	5258
すいっちおん	スイッチオン	7496
すいっちばっく	スイッチバック	7452
すいっちんぐ	スイッチング	6869
すいつく	吸い付く	7362
すいてい	推定	5638
すいてい	水底	7368
すいてき	水滴	6416
すいてんぐう	水天宮	7527
すいでん	水田	6318
すいとう	水筒	6400
すいとう	出納	6930
すいとう	水稲	7119
すいとう	水痘	7491
すいとっ	吸い取っ	7262
すいとら	吸い取ら	7500
すいとり	吸い取り	7344
すいとる	吸い取る	7323
すいどう	水道	5555
すいどうかん	水道管	7310
すいどうきょく	水道局	7083
すいどうしせつ	水道施設	7509
すいどうすい	水道水	6629
すいどうばし	水道橋	7305
すいなん	水難	7134
すいはん	炊飯	6526
すいはんき	炊飯器	6170
すいばく	水爆	7566
すいばら	水原	7151
すいふと	スイフト	7226
すいふとすぽーつ	スイフトスポーツ	7392
すいぶん	水分	5180
すいぶんほきゅう	水分補給	6375
すいぶんりょう	水分量	7074
すいへい	水平	6056
すいへい	水兵	7458
すいへいせん	水平線	7367
すいへいほうこう	水平方向	7551
すいへん	水辺	7059
すいほう	水疱	7286
すいほう	水泡	7541
すいぼう	水防	7342
すいぼくが	水墨画	7022
すいぼつ	水没	6518
すいま	睡魔	7098
すいません	すいません	5979
すいません	スイマセン	7444
すいみん	睡眠	5321
すいみんぐ	スイミング	6516
すいみんしょうがい	睡眠障害	7300
すいみんじかん	睡眠時間	6664
すいみんじむこきゅうしょうこうぐん	睡眠時無呼吸症候群	7224
すいみんちゅう	睡眠中	7266
すいみんぶそく	睡眠不足	6880
すいみんやく	睡眠薬	6883
すいむ	スイム	7307
すいめん	水面	6068
すいめんか	水面下	7078
すいもの	吸い物	6911
すいもん	水門	6809
すいよう	水曜	6255
すいよう	水溶	6617
すいようえき	水溶液	6620
すいようどうでしょう	水曜どうでしょう	7425
すいようび	水曜日	5779
すいよく	水浴	7527
すいよせ	吸い寄せ	7416
すいり	推理	6122
すいり	水利	7174
すいりく	水陸	7082
すいりゅう	水流	6587
すいりょう	水量	6375
すいりょく	水力	6722
すいりょく	推力	7231
すいれい	水冷	6815
すいれん	睡蓮	6882
すいれん	スイレン	7194
すいろ	水路	6210
すいろん	推論	6540
すいわ	水和	7195
すいんぐ	スイング	5873
すいーつ	スイーツ	5390
すいーと	スイート	7017
すいーとこーん	スイートコーン	7532
すいーとぴー	スイートピー	7502
すいーとぽてと	スイートポテト	6909
すいーとるーむ	スイートルーム	7200
すいーぷ	スイープ	7391
すぅ	すぅ	7180
すう	数	5156
すう	吸う	6188
すう	すう	7004
すうぃんぐ	スウィング	7296
すうぃーつ	スウィーツ	7501
すうぇっと	スウェット	6508
すうぇっとぱんつ	スウェットパンツ	7538
すうぇーでん	スウェーデン	6042
すうぇーど	スウェード	7486
すうぉっち	スウォッチ	7503
すうかい	数回	5708
すうかげつ	数カ月	6699
すうかげつ	数ヶ月	6730
すうかげつ	数か月	7560
すうかしょ	数カ所	7116
すうがく	数学	5434
すうがくか	数学科	7440
すうがくしゃ	数学者	7481
すうがくてき	数学的	7064
すうき	数奇	7375
すうけい	崇敬	6960
すうけん	数件	7006
すうこ	数個	7092
すうこう	崇高	7068
すうこう	数行	7451
すうしき	数式	6364
すうしゅうかん	数週間	7024
すうしゅるい	数種類	6432
すうじ	数字	5076
すうじかん	数時間	6136
すうじく	枢軸	7445
すうじつ	数日	5724
すうじゅうねん	数十年	7214
すうせい	趨勢	7554
すうせんえん	数千円	7337
すうた	数多	7141
すうだい	数台	6952
すうち	数値	5215
すうちてき	数値的	7504
すうとう	数等	7431
すうど	数度	7177
すうにち	数日	7195
すうにん	数人	6468
すうねん	数年	6318
すうねんかん	数年間	7142
すうはい	崇拝	6480
すうひじゅつ	数秘術	7289
すうひゃくえん	数百円	7545
すうびょう	数秒	6871
すうふん	数分	6587
すうまんえん	数万円	7366
すうめい	数名	6277
すうり	数理	6757
すうりょう	数量	5563
すうりょうげんてい	数量限定	6287
すうれつ	数列	6928
すえ	末	5864
すえ	据え	6519
すえ	陶	6789
すえ	すえ	6907
すえ	須恵	7381
すえ	季	7458
すえ	吸え	7502
すえあし	末脚	7432
すえおき	据え置き	6966
すえおき	据置	7485
すえきち	末吉	7547
すえごろ	末頃	7051
すえっこ	末っ子	6438
すえつけ	据え付け	7232
すえなが	末永	7457
すえながい	末永い	7378
すえながく	末永く	6467
すえながく	末長く	7171
すえひろ	末広	7529
すえる	据える	7182
すえる	吸える	7314
すえーど	スエード	6803
すおう	周防	7378
すおみ	スオミ	7556
すか	スカ	6061
すか	好か	6211
すか	すか	6413
すか	空か	7464
すかい	スカイ	5740
すかいつりー	スカイツリー	6717
すかいぷ	スカイプ	7316
すかいらいん	スカイライン	6580
すかいらーく	すかいらーく	7332
すかうと	スカウト	5822
すかがわ	須賀川	7204
すかさず	すかさず	6572
すかし	透かし	6951
すかし	すかし	7424
すかすか	スカスカ	6720
すかっ	スカッ	6807
すかっしゅ	スカッシュ	7398
すかぱー	スカパー	7355
すから	スカラ	7194
すからー	スカラー	7407
すかる	スカル	6903
すかるぷ	スカルプ	7375
すかんじなびあ	スカンジナビア	7511
すかーと	スカート	5511
すかーふ	スカーフ	6408
すかーれっと	スカーレット	6652
すが	菅	6798
すが	須賀	7357
すが	スガ	7479
すがい	菅井	7417
すがお	素顔	6296
すがすがしい	清々しい	6562
すがすがしい	すがすがしい	7210
すがすがしく	清々しく	7344
すがた	姿	4393
すがた	すがた	6717
すがた	菅田	7033
すがたで	姿で	7097
すがたみ	姿見	7336
すがっ	すがっ	7507
すがぬま	菅沼	7378
すがの	菅野	6886
すがはら	菅原	7047
すがも	巣鴨	7132
すがよしひで	菅義偉	7244
すがる	すがる	7253
すがる	縋る	7468
すがる	携	7474
すがわら	菅原	6681
すがわらのみちざね	菅原道真	7076
すき	好き	4033
すき	すき	6116
すき	隙	6144
すき	スキ	6323
すき	空き	6529
すきかって	好き勝手	6941
すききらい	好き嫌い	6294
すきず	スキズ	7246
すきそう	好きそう	6915
すきっぷ	スキップ	6228
すきとおっ	透き通っ	6637
すきとおる	透き通る	6841
すきにー	スキニー	7245
すきま	隙間	5459
すきま	スキマ	6590
すきま	すき間	6769
すきま	すきま	7055
すきまじかん	隙間時間	6960
すきまじかん	スキマ時間	7005
すきゃな	スキャナ	6823
すきゃなー	スキャナー	6676
すきゃるぴんぐ	スキャルピング	7479
すきゃん	スキャン	5868
すきゃんだる	スキャンダル	6505
すきや	すき家	6804
すきやき	すき焼き	6416
すきやき	すきやき	7552
すきゅーばだいびんぐ	スキューバダイビング	7441
すきる	スキル	4597
すきるあっぷ	スキルアップ	6665
すきるれべる	スキルレベル	7209
すきれっと	スキレット	7268
すきん	スキン	5657
すきんけあ	スキンケア	6526
すきんしっぷ	スキンシップ	6660
すきー	スキー	5598
すきーじょう	スキー場	6837
すきーま	スキーマ	6600
すきーむ	スキーム	6592
すきーやー	スキーヤー	7309
すぎ	すぎ	4552
すぎ	過ぎ	5138
すぎ	杉	6057
すぎ	スギ	6385
すぎいた	杉板	7453
すぎうら	杉浦	6641
すぎさっ	過ぎ去っ	6854
すぎさり	過ぎ去り	7219
すぎした	杉下	7463
すぎた	杉田	6696
すぎと	杉戸	7561
すぎなみ	杉並	6609
すぎなみく	杉並区	7447
すぎの	杉野	6973
すぎはら	杉原	7085
すぎばやし	杉林	7461
すぎむら	杉村	7183
すぎもと	杉本	6413
すぎもと	杉元	7021
すぎやま	杉山	6404
すぎやま	すぎやま	7464
すぎよ	すぎよ	6907
すぎよ	過ぎよ	6907
すぎよう	過ぎよう	7539
すぎりゃ	すぎりゃ	6907
すぎりゃ	過ぎりゃ	6919
すぎる	すぎる	4678
すぎる	過ぎる	5658
すぎれ	すぎれ	6907
すぎれ	過ぎれ	6916
すぎろ	すぎろ	6907
すぎろ	過ぎろ	6919
すぎん	すぎん	6907
すぎん	過ぎん	6919
すく	すく	6589
すく	空く	7141
すくい	救い	6189
すくい	すくい	6536
すくい	掬い	7484
すくいず	スクイズ	7255
すくいだし	救い出し	7449
すくいだす	救い出す	7522
すくいぬし	救い主	7286
すくいよう	救いよう	7487
すくう	救う	5890
すくう	すくう	7166
すくうぇあ	スクウェア	6851
すくうぇあえにっくす	スクウェア・エニックス	7050
すくえ	救え	7162
すくえあ	スクエア	6162
すくえに	スクエニ	7092
すくえる	救える	7026
すくお	救お	7095
すくおう	救おう	7085
すくしょ	スクショ	6279
すくすく	すくすく	6779
すくすく	スクスク	7362
すくすくと	すくすくと	7227
すくっ	救っ	6131
すくっ	すくっ	6761
すくっ	掬っ	7560
すくな	少な	6132
すくな	少	7087
すくない	少ない	4605
すくないいんしょう	少ない印象	7501
すくないけいこう	少ない傾向	7561
すくないじかん	少ない時間	7392
すくないじょうたい	少ない状態	7406
すくないにんずう	少ない人数	7404
すくないばあい	少ない場合	6832
すくないばしょ	少ない場所	7457
すくないひと	少ない人	7211
すくないぶん	少ない分	7454
すくなかっ	少なかっ	5886
すくなからず	少なからず	6143
すくなかれ	少なかれ	7051
すくなく	少なく	4819
すくなくとも	少なくとも	5339
すくなけれ	少なけれ	7086
すくなさ	少なさ	6629
すくなそう	少なそう	7273
すくなめ	少なめ	6175
すくなめ	少な目	6900
すくね	宿禰	7542
すくも	宿毛	7545
すくらっち	スクラッチ	6693
すくらっぷ	スクラップ	6686
すくらぶ	スクラブ	7079
すくらむ	スクラム	6690
すくらんぶる	スクランブル	6594
すくらんぶるえっぐ	スクランブルエッグ	7437
すくりぷと	スクリプト	5837
すくりゅー	スクリュー	6584
すくりーにんぐ	スクリーニング	6663
すくりーん	スクリーン	5577
すくりーんしょっと	スクリーンショット	6724
すくれ	スクレ	7558
すくれいぴんぐ	スクレイピング	7330
すくろーる	スクロール	5790
すくわ	救わ	5933
すくわっと	スクワット	6572
すくーたー	スクーター	6558
すくーぷ	スクープ	6600
すくーりんぐ	スクーリング	7037
すくーる	スクール	5324
すくーるばす	スクールバス	7018
すぐ	すぐ	4267
すぐ	直ぐ	6103
すぐ	スグ	6720
すぐさま	すぐさま	6424
すぐに	直ぐに	7215
すぐり	スグリ	7315
すぐる	勝る	6553
すぐる	優	6946
すぐる	傑	7377
すぐれ	優れ	4998
すぐれ	すぐれ	6559
すぐれもの	スグレモノ	7549
すぐれる	優れる	6625
すけ	透け	5929
すけ	すけ	6181
すけ	助	6306
すけ	助け	6790
すけ	輔	7025
すけ	佑	7106
すけ	丞	7440
すけじゅーら	スケジューラ	7448
すけじゅーりんぐ	スケジューリング	7069
すけじゅーる	スケジュール	5223
すけっち	スケッチ	6161
すけっちぶっく	スケッチブック	7024
すけっと	助っ人	6498
すけにくい	透けにくい	7287
すけべ	スケベ	7349
すけぼー	スケボー	6819
すけよ	助けよ	7342
すける	透ける	6677
すける	助ける	7364
すけるとん	スケルトン	6581
すけーたー	スケーター	6744
すけーと	スケート	5916
すけーとぼーど	スケートボード	7123
すけーとりんく	スケートリンク	7431
すけーらびりてぃ	スケーラビリティ	7299
すけーらぶる	スケーラブル	7489
すけーりんぐ	スケーリング	6973
すけーる	スケール	5638
すけーるかん	スケール感	7431
すげ	菅	6834
すげ	スゲ	6934
すげ	すげ	7343
すげぇ	すげぇ	6568
すげえ	すげえ	6581
すげた	菅田	7197
すげの	菅野	7102
すげー	すげー	6430
すげー	スゲー	7433
すこ	すこ	6448
すこあ	スコア	5489
すこあぼーど	スコアボード	7429
すこあらー	スコアラー	7528
すこし	少し	4001
すこし	すこし	5990
すこしあま	少し甘	7557
すこしおおきい	少し大きい	7112
すこしおおきく	少し大きく	7086
すこしおそ	少し遅	7556
すこしおそい	少し遅い	7467
すこしおそく	少し遅く	7359
すこしこわい	少し怖い	7289
すこしさびしい	少し寂しい	7268
すこしすずしく	少し涼しく	7224
すこしせまい	少し狭い	7503
すこしたかい	少し高い	6799
すこしたかく	少し高く	7230
すこしちいさい	少し小さい	7305
すこしちいさく	少し小さく	7507
すこしとおい	少し遠い	7171
すこしながい	少し長い	7214
すこしながく	少し長く	7193
すこしはやい	少し早い	6958
すこしはやく	少し早く	7279
すこしひくい	少し低い	7542
すこしふるい	少し古い	7239
すこしむずかしい	少し難しい	7170
すこしも	少しも	6709
すこしものたりない	少し物足りない	7403
すこっち	スコッチ	6997
すこっと	スコット	6797
すこっとらんど	スコットランド	6426
すこっぷ	スコップ	6773
すこぶる	すこぶる	6804
すこやか	健やか	6228
すこやか	すこやか	6906
すこーぴおん	スコーピオン	7503
すこーぷ	スコープ	6267
すこーる	スコール	6978
すこーん	スコーン	6389
すご	すご	6111
すご	凄	6129
すご	スゴ	7457
すごい	すごい	4764
すごい	凄い	5156
すごい	スゴイ	6267
すごい	スゴい	6588
すごいいきおい	すごい勢い	7164
すごいいきおい	凄い勢い	7532
すごいすき	すごい好き	7323
すごいひと	すごい人	6906
すごいひと	凄い人	7234
すごうで	凄腕	6888
すごかっ	すごかっ	6230
すごかっ	凄かっ	6328
すごく	すごく	4731
すごく	凄く	5464
すごく	スゴく	7295
すごさ	過ごさ	6261
すごさ	凄さ	6922
すごさ	すごさ	7179
すごし	過ごし	4902
すごし	すごし	6764
すごしやすい	過ごしやすい	6390
すごしやすかっ	過ごしやすかっ	7518
すごしやすく	過ごしやすく	6878
すごす	過ごす	5229
すごす	すごす	7236
すごすぎ	すごすぎ	7008
すごせ	過ごせ	5739
すごせ	すごせ	7557
すごせそう	過ごせそう	7158
すごせる	過ごせる	5799
すごそ	過ごそ	6822
すごそう	過ごそう	6825
すごみ	凄み	7405
すごもり	巣ごもり	7316
すごろく	すごろく	6860
すごろく	双六	7477
すさ	須佐	7320
すさき	須崎	7529
すさのお	スサノオ	7049
すさび	遊び	6476
すさぶ	遊ぶ	6930
すさまじい	凄まじい	6281
すさまじい	すさまじい	6866
すさまじく	凄まじく	6998
すさまじく	すさまじく	7504
すさん	遊ん	6668
すさん	すさん	7315
すさん	荒ん	7450
すざか	須坂	7345
すざく	スザク	7208
すし	寿司	5363
すし	すし	6270
すし	鮨	6470
すし	寿し	7110
すし	スシ	7472
すしや	寿司屋	7256
すしろー	スシロー	6821
すじ	筋	5755
すじ	スジ	6443
すじ	すじ	6481
すじあい	筋合い	7282
すじかい	筋交い	7558
すじがき	筋書き	7251
すじがねいり	筋金入り	7335
すじこ	筋子	7553
すじちがい	筋違い	7533
すじみち	筋道	7328
すじょう	素性	6763
すす	すす	6907
すす	煤	7180
すす	スス	7429
すすい	すすい	7331
すすき	ススキ	6719
すすき	鈴木	6781
すすき	すすき	6987
すすき	薄	7109
すすき	芒	7344
すすきの	すすきの	7123
すすぎ	鈴木	6781
すすぎ	すすぎ	6814
すすぐ	すすぐ	7416
すすっ	すすっ	7363
すすっ	啜っ	7560
すすま	進ま	5872
すすみ	進み	5229
すすみ	すすみ	6932
すすむ	進む	5044
すすむ	進	6694
すすむ	すすむ	6772
すすむ	晋	7239
すすむ	奨	7457
すすむ	粛	7517
すすむ	勧	7534
すすむ	歩	7551
すすめ	進め	4901
すすめ	勧め	4995
すすめ	すすめ	6388
すすめ	薦め	6431
すすめ	奨め	6904
すすめかた	進め方	6223
すすめよ	進めよ	6886
すすめよう	進めよう	6879
すすめる	進める	5253
すすめる	勧める	6507
すすめる	すすめる	6764
すすめる	薦める	7320
すすめれ	進めれ	7190
すすも	進も	6758
すすもう	進もう	6754
すすり	すすり	7377
すすり	啜り	7520
すする	すする	7132
すする	啜る	7436
すすん	進ん	4974
すすん	すすん	6970
すず	すず	6151
すず	鈴	6383
すず	錫	6952
すず	スズ	6971
すず	珠洲	7016
すず	涼	7519
すずか	鈴鹿	6315
すずか	スズカ	7504
すずかさーきっと	鈴鹿サーキット	7237
すずき	鈴木	5305
すずき	スズキ	6071
すずき	すずき	6916
すずきさん	鈴木さん	7001
すずきし	鈴木氏	7434
すずこ	涼子	7191
すずこ	スズ子	7403
すずし	涼し	6611
すずしい	涼しい	5825
すずしいかお	涼しい顔	7455
すずしいかぜ	涼しい風	7215
すずしいばしょ	涼しい場所	7263
すずしかっ	涼しかっ	7202
すずしく	涼しく	5760
すずしげ	涼しげ	6420
すずしげ	涼し気	7268
すずしさ	涼しさ	6802
すずみ	涼み	7449
すずむし	鈴虫	7365
すずむら	鈴村	7332
すずめ	雀	6503
すずめ	スズメ	6679
すずめ	すずめ	6737
すずめばち	スズメバチ	6787
すずやか	涼やか	6915
すずらん	すずらん	6945
すずらん	鈴蘭	7314
すずらん	スズラン	7495
すずり	硯	7146
すずん	涼ん	7419
すそ	裾	5818
すそ	すそ	7205
すその	裾野	6837
すそはば	裾幅	7396
すた	スタ	6040
すたい	スタイ	7236
すたいりすと	スタイリスト	6109
すたいりっしゅ	スタイリッシュ	5836
すたいりんぐ	スタイリング	5737
すたいりんぐざい	スタイリング剤	7384
すたいる	スタイル	4710
すたいるあっぷ	スタイルアップ	7338
すたじあむ	スタジアム	5702
すたじお	スタジオ	5253
すたじおじぶり	スタジオジブリ	7012
すたすた	スタスタ	7541
すたっきんぐ	スタッキング	7396
すたっく	スタック	6216
すたっず	スタッズ	7382
すたっつ	スタッツ	7088
すたっど	スタッド	7418
すたっどれす	スタッドレス	6983
すたっどれすたいや	スタッドレスタイヤ	6819
すたっふ	スタッフ	4490
すたっふたち	スタッフたち	7500
すたっふのほう	スタッフの方	6709
すたっふぶろぐ	スタッフブログ	7097
すたてぃっく	スタティック	7449
すたでぃ	スタディ	6583
すたでぃさぷり	スタディサプリ	7291
すたば	スタバ	6329
すたびらいざー	スタビライザー	7284
すたぶ	スタブ	7395
すたみな	スタミナ	5991
すためん	スタメン	6209
すたれ	廃れ	6899
すたれ	スタレ	7479
すたん	スタン	6477
すたんす	スタンス	5985
すたんだーど	スタンダード	5870
すたんでぃんぐ	スタンディング	7135
すたんと	スタント	7368
すたんとまん	スタントマン	7507
すたんど	スタンド	5385
すたんどあろん	スタンドアロン	7295
すたんばい	スタンバイ	6381
すたんふぉーど	スタンフォード	7144
すたんぷ	スタンプ	5330
すたんぷらりー	スタンプラリー	6971
すたー	スター	5167
すたーうぉーず	スターウォーズ	6791
すたーず	スターズ	6953
すたーたー	スターター	6527
すたーてぃんぐ	スターティング	7339
すたーと	スタート	4619
すたーと	START	7396
すたーとあっぷ	スタートアップ	6522
すたーとあっぷきぎょう	スタートアップ企業	7189
すたーとだっしゅ	スタートダッシュ	7422
すたーとぼたん	スタートボタン	7404
すたーとらいん	スタートライン	6797
すたーばっくす	スターバックス	6927
すたーばっくすこーひー	スターバックスコーヒー	7542
すたーりん	スターリン	6983
すたーりんぐ	スターリング	7120
すたーれいる	スターレイル	7298
すだ	須田	6820
すだち	すだち	6792
すだち	巣立ち	7319
すだち	スダチ	7523
すだっ	巣立っ	6979
すだまさき	菅田将暉	7485
すだれ	すだれ	7235
すだれ	簾	7521
すちゅあーと	スチュアート	7224
すちる	スチル	6941
すちろーる	スチロール	7511
すちーまー	スチーマー	7526
すちーむ	スチーム	6432
すちーる	スチール	6120
すっ	吸っ	5955
すっ	すっ	6401
すっ	スッ	6420
すっ	刷っ	7467
すっ	剃っ	7508
すっかり	すっかり	5452
すっきり	スッキリ	5409
すっきり	すっきり	5549
すっごい	すっごい	6378
すっごく	すっごく	6206
すっと	すっと	6589
すっとばし	すっ飛ばし	7248
すっぱ	酸っぱ	7114
すっぱい	酸っぱい	6699
すっぱい	すっぱい	7337
すっぱく	酸っぱく	7192
すっぴん	すっぴん	6424
すっぴん	スッピン	7161
すっぽり	すっぽり	6539
すっぽん	すっぽん	7105
すっぽん	スッポン	7161
すつーる	スツール	6968
すづくり	巣作り	7483
すづけ	酢漬け	7345
すて	捨て	5345
すて	ステ	5786
すて	すて	6824
すて	棄て	7514
すてあ	ステア	7479
すてありんぐ	ステアリング	6226
すてぃっく	スティック	5845
すてぃっち	スティッチ	7324
すてぃんぐ	スティング	6958
すてぃーぶ	スティーブ	6680
すてぃーぶじょぶず	スティーブ・ジョブズ	7359
すてぃーぶん	スティーブン	7090
すてぃーる	スティール	6867
すてぃーゔ	スティーヴ	7328
すてぃーゔん	スティーヴン	7217
すてい	ステイ	6833
すていたす	ステイタス	7350
すていほーむ	ステイホーム	7205
すてがたい	捨てがたい	7418
すてき	素敵	4593
すてき	ステキ	5846
すてき	すてき	6197
すてぜりふ	捨て台詞	7557
すてっかー	ステッカー	5709
すてっき	ステッキ	7103
すてっち	ステッチ	6292
すてっぷ	ステップ	5170
すてっぷあっぷ	ステップアップ	7160
すてふぁん	ステファン	7342
すてま	ステマ	6996
すてみ	捨て身	7388
すてむ	ステム	6866
すてよ	捨てよ	7262
すてよう	捨てよう	7256
すてら	ステラ	6802
すてる	捨てる	5773
すてるす	ステルス	6661
すてれ	捨てれ	7522
すてれお	ステレオ	6313
すてれおたいぷ	ステレオタイプ	7416
すてろ	ステロ	7479
すてろいど	ステロイド	6264
すてんしる	ステンシル	7201
すてんと	ステント	7229
すてんどぐらす	ステンドグラス	6540
すてんれす	ステンレス	5776
すてんれすこう	ステンレス鋼	7547
すてんれすせい	ステンレス製	7293
すてー	ステー	7305
すてーき	ステーキ	5780
すてーく	ステーク	6494
すてーくす	ステークス	7248
すてーくほるだー	ステークホルダー	7002
すてーしょなりー	ステーショナリー	7357
すてーしょん	ステーション	5786
すてーじ	ステージ	4855
すてーじいべんと	ステージイベント	7375
すてーじじょう	ステージ上	6846
すてーじんぐ	ステージング	7133
すてーたす	ステータス	5447
すてーと	ステート	6786
すてーとめんと	ステートメント	6614
すで	素手	6486
すでに	すでに	4861
すでに	既に	4995
すと	スト	5578
すとあ	ストア	5861
すとあー	ストアー	7403
すといっく	ストイック	6535
すとう	須藤	7393
すとうぶ	ストウブ	7419
すとぐら	ストグラ	7532
すとっきんぐ	ストッキング	6699
すとっく	ストック	5946
すとっくほるむ	ストックホルム	7053
すとっぱー	ストッパー	6531
すとっぷ	ストップ	5724
すとっぷうぉっち	ストップウォッチ	7305
すとらいかー	ストライカー	6592
すとらいき	ストライキ	6824
すとらいく	ストライク	6200
すとらいど	ストライド	7544
すとらいぷ	ストライプ	6244
すとらくちゃ	ストラクチャ	7414
すとらくちゃー	ストラクチャー	7279
すとらっぷ	ストラップ	6022
すとらてじー	ストラテジー	7152
すとらと	ストラト	7286
すとりっぷ	ストリップ	6856
すとりんぐ	ストリング	6817
すとりんぐす	ストリングス	7071
すとりーと	ストリート	5779
すとりーとびゅー	ストリートビュー	7113
すとりーまー	ストリーマー	7191
すとりーみんぐ	ストリーミング	6315
すとりーむ	ストリーム	6219
すとれいどっぐす	ストレイドッグス	7319
すとれす	ストレス	4908
すとれすかいしょう	ストレス解消	6955
すとれすはっさん	ストレス発散	7082
すとれすふりー	ストレスフリー	7015
すとれっち	ストレッチ	5593
すとれっちせい	ストレッチ性	7144
すとれっちゃー	ストレッチャー	7560
すとれーじ	ストレージ	5867
すとれーと	ストレート	5500
すとれーとねっく	ストレートネック	7497
すとろべりー	ストロベリー	6585
すとろぼ	ストロボ	6678
すとろー	ストロー	6314
すとろーく	ストローク	6238
すとん	ストン	7408
すとーかー	ストーカー	6189
すとーぶ	ストーブ	6047
すとーむ	ストーム	6753
すとーり	ストーリ	7396
すとーりー	ストーリー	4876
すとーりーず	ストーリーズ	6381
すとーりーせい	ストーリー性	7246
すとーりーてりんぐ	ストーリーテリング	7220
すとーりーもーど	ストーリーモード	7502
すとーる	ストール	6554
すとーん	ストーン	6133
すとーんず	ストーンズ	7344
すどう	須藤	6813
すどおり	素通り	6961
すどまり	素泊まり	7070
すな	砂	5582
すな	沙	6865
すな	スナ	7431
すなあそび	砂遊び	7502
すなあらし	砂嵐	7270
すないぱー	スナイパー	6858
すないぱーらいふる	スナイパーライフル	7451
すなお	素直	5389
すなお	木	6956
すなお	直	7273
すなお	淳	7290
すなお	純	7496
すなお	すなお	7500
すながわ	砂川	7447
すなぎも	砂肝	7112
すなじ	砂地	7257
すなち	砂地	7343
すなっく	スナック	6082
すなっくがし	スナック菓子	6981
すなっぷ	スナップ	6267
すなっぷえんどう	スナップエンドウ	7359
すなっぷしょっと	スナップショット	6701
すなっぷぼたん	スナップボタン	7120
すなどけい	砂時計	7084
すなどっ	漁っ	7145
すなはま	砂浜	6196
すなば	砂場	6783
すなふきん	スナフキン	7499
すなぼこり	砂埃	7439
すなわち	すなわち	5630
すなわち	即ち	6519
すなわち	則ち	7467
すにぺっと	スニペット	7447
すにーかー	スニーカー	5791
すぬーぴー	スヌーピー	6444
すね	すね	6721
すね	スネ	6743
すね	拗ね	7034
すね	脛	7329
すねあ	スネア	7219
すねいぷ	スネイプ	7296
すねお	スネ夫	7471
すねーく	スネーク	7274
すの	スノ	7170
すのこ	すのこ	6972
すのぼ	スノボ	7062
すのもの	酢の物	6880
すのーしゅー	スノーシュー	7389
すのーどーむ	スノードーム	7518
すのーぴーく	スノーピーク	7126
すのーぼーだー	スノーボーダー	7558
すのーぼーど	スノーボード	6539
すのーまん	スノーマン	7545
すはだ	素肌	6575
すば	スバ	7266
すばこ	巣箱	6861
すばや	素早	6452
すばやい	素早い	6432
すばやいたいおう	素早い対応	7541
すばやく	素早く	5772
すばやく	すばやく	6515
すばやさ	素早さ	6805
すばやさ	すばやさ	7024
すばらし	素晴らし	6040
すばらしい	素晴らしい	4771
すばらしい	すばらしい	5913
すばらしい	素晴しい	7441
すばらしいえんぎ	素晴らしい演技	7555
すばらしいえんそう	素晴らしい演奏	7161
すばらしいかんきょう	素晴らしい環境	7453
すばらしいきかい	素晴らしい機会	7429
すばらしいけいけん	素晴らしい経験	7307
すばらしいけしき	素晴らしい景色	6937
すばらしいけっか	素晴らしい結果	7382
すばらしいさくひん	素晴らしい作品	6764
すばらしいさーびす	素晴らしいサービス	7538
すばらしいしごと	素晴らしい仕事	7531
すばらしいじかん	素晴らしい時間	7340
すばらしいせかい	素晴らしい世界	7154
すばらしいたいけん	素晴らしい体験	7393
すばらしいばしょ	素晴らしい場所	7427
すばらしいひと	素晴らしい人	7534
すばらしかっ	素晴らしかっ	6113
すばらしかっ	すばらしかっ	7360
すばらしき	素晴らしき	7086
すばらしく	素晴らしく	6075
すばらしく	すばらしく	7210
すばらしさ	素晴らしさ	6144
すばらしさ	すばらしさ	7078
すばる	スバル	6096
すばる	すばる	6978
すばる	昴	7010
すぱ	スパ	6072
すぱい	スパイ	6059
すぱいく	スパイク	6260
すぱいしー	スパイシー	6410
すぱいす	スパイス	5650
すぱいだー	スパイダー	7115
すぱいだーまん	スパイダーマン	6674
すぱいらる	スパイラル	6525
すぱげってぃ	スパゲッティ	6644
すぱげてぃ	スパゲティ	6680
すぱこん	スパコン	7509
すぱちゃ	スパチャ	7198
すぱっ	スパッ	7186
すぱっつ	スパッツ	7155
すぱな	スパナ	7117
すぱむ	スパム	6392
すぱむめーる	スパムメール	7431
すぱるた	スパルタ	6851
すぱろぼ	スパロボ	6984
すぱん	スパン	6478
すぱんこーる	スパンコール	7150
すぱーく	スパーク	6851
すぱーくりんぐわいん	スパークリングワイン	6960
すぱーと	スパート	7366
すぱーりんぐ	スパーリング	7082
すひょん	スヒョン	7413
すぴ	スピ	7059
すぴか	スピカ	7403
すぴっつ	スピッツ	7165
すぴにんぐ	スピニング	7424
すぴにんぐりーる	スピニングリール	7533
すぴりちゅある	スピリチュアル	6100
すぴりっつ	スピリッツ	7107
すぴりっと	スピリット	6411
すぴるばーぐ	スピルバーグ	7187
すぴん	スピン	6109
すぴんおふ	スピンオフ	6592
すぴんどる	スピンドル	7211
すぴーか	スピーカ	6297
すぴーかー	スピーカー	5573
すぴーきんぐ	スピーキング	6904
すぴーち	スピーチ	6091
すぴーでぃ	スピーディ	6797
すぴーでぃー	スピーディー	6401
すぴーど	スピード	5040
すぴーどあっぷ	スピードアップ	6866
すぴーどうぇい	スピードウェイ	7220
すぴーどかん	スピード感	6580
すふ	スフ	7340
すふぃあ	スフィア	7227
すふぃんくす	スフィンクス	7229
すぶた	酢豚	7018
すぶり	素振り	6579
すぷら	スプラ	6884
すぷらいと	スプライト	7130
すぷらいん	スプライン	7443
すぷらうと	スプラウト	7549
すぷらっしゅ	スプラッシュ	6892
すぷらとぅーん	スプラトゥーン	6713
すぷりっと	スプリット	7073
すぷりんくらー	スプリンクラー	7221
すぷりんぐ	スプリング	6136
すぷりんたー	スプリンター	7277
すぷりんと	スプリント	6458
すぷれっど	スプレッド	6805
すぷれっどしーと	スプレッドシート	6677
すぷれー	スプレー	5686
すぷろけ	スプロケ	7470
すぷろけっと	スプロケット	7205
すぷーる	スプール	6747
すぷーん	スプーン	5827
すべ	術	6535
すべ	すべ	6907
すべすべ	すべすべ	7263
すべすべ	スベスベ	7379
すべっ	滑っ	6383
すべっ	すべっ	7423
すべて	すべて	4322
すべて	全て	4337
すべて	総て	7202
すべてのかた	全ての方	7484
すべてのかた	すべての方	7516
すべてのこと	すべてのこと	7331
すべてのほう	全ての方	7528
すべら	すべら	7296
すべら	滑ら	7556
すべり	滑り	6025
すべり	すべり	6665
すべりおち	滑り落ち	7411
すべりこみ	滑り込み	7259
すべりこん	滑り込ん	7536
すべりだい	滑り台	6579
すべりだい	すべり台	7003
すべりだし	滑り出し	7539
すべりどめ	滑り止め	7504
すべりにくい	滑りにくい	7080
すべりにくく	滑りにくく	7377
すべりやすい	滑りやすい	6892
すべりやすく	滑りやすく	7233
すべる	滑る	6495
すべる	すべる	7480
すべる	統べる	7482
すべれる	滑れる	7488
すぺ	スペ	7057
すぺあ	スペア	6425
すぺありぶ	スペアリブ	7538
すぺいん	スペイン	5428
すぺいんご	スペイン語	6325
すぺいんじん	スペイン人	7459
すぺくたくる	スペクタクル	7272
すぺくたー	スペクター	7431
すぺくとらむ	スペクトラム	6869
すぺくとる	スペクトル	6591
すぺしゃりすと	スペシャリスト	6269
すぺしゃる	スペシャル	5360
すぺしゃるげすと	スペシャルゲスト	7151
すぺしゃるてぃこーひー	スペシャルティコーヒー	7385
すぺっく	スペック	5671
すぺる	スペル	6469
すぺんさー	スペンサー	7475
すぺーさー	スペーサー	6780
すぺーしあ	スペーシア	7062
すぺーす	スペース	4844
すぺーすしゃとる	スペースシャトル	7397
すぺーど	スペード	7212
すほ	スホ	7458
すぽ	スポ	6585
すぽいと	スポイト	7154
すぽいらー	スポイラー	7331
すぽっと	スポット	5126
すぽっとらいと	スポットライト	6550
すぽにち	スポニチ	7365
すぽんさ	スポンサ	6783
すぽんさー	スポンサー	5979
すぽんじ	スポンジ	5837
すぽーく	スポーク	6481
すぽーつ	スポーツ	4712
すぽーつうぇあ	スポーツウェア	7556
すぽーつかい	スポーツ界	7530
すぽーつかがく	スポーツ科学	7361
すぽーつかんせん	スポーツ観戦	7256
すぽーつかー	スポーツカー	6383
すぽーつくらぶ	スポーツクラブ	7371
すぽーつしせつ	スポーツ施設	7429
すぽーつじむ	スポーツジム	7298
すぽーつせんしゅ	スポーツ選手	6882
すぽーつどりんく	スポーツドリンク	7010
すぽーつまん	スポーツマン	7315
すぽーてぃ	スポーティ	6517
すぽーてぃー	スポーティー	6793
すぽーん	スポーン	7035
すま	スマ	6078
すま	すま	6483
すま	須磨	6900
すま	住ま	6987
すま	澄ま	7424
すまい	住まい	5752
すまい	すまい	7228
すまいる	スマイル	6160
すまう	住まう	7058
すまさ	済まさ	7047
すまし	済まし	7184
すまし	すまし	7276
すまし	澄まし	7398
すましじる	すまし汁	7364
すます	済ます	7024
すますろ	スマスロ	6921
すませ	済ませ	5764
すませ	すませ	7041
すませる	済ませる	6527
すまっしゅ	スマッシュ	6723
すまっぷ	SMAP	6689
すまとら	スマトラ	7463
すまない	済まない	6781
すまふぉ	スマフォ	7496
すまぶら	スマブラ	6714
すまほ	スマホ	4885
すまほあぷり	スマホアプリ	6542
すまほけーす	スマホケース	6738
すまほげーむ	スマホゲーム	6810
すまほすたんど	スマホスタンド	7521
すまほばん	スマホ版	7474
すまほほるだー	スマホホルダー	7490
すまわ	住まわ	7163
すまん	すまん	6416
すまん	スマン	7528
すまーと	スマート	5728
すまーとうぉっち	スマートウォッチ	6768
すまーときー	スマートキー	7524
すまーとこんとらくと	スマートコントラクト	7475
すまーとふぉん	スマートフォン	5332
すまーとふぉんあぷり	スマートフォンアプリ	6994
すみ	住み	5716
すみ	済	5718
すみ	すみ	6051
すみ	済み	6098
すみ	隅	6122
すみ	炭	6124
すみ	角	6300
すみ	墨	6354
すみいれ	墨入れ	7539
すみえ	墨絵	7527
すみか	住処	7023
すみか	すみか	7215
すみか	栖	7477
すみかえ	住み替え	7302
すみきち	住吉	7518
すみきっ	澄み切っ	7365
すみこ	純子	7507
すみこみ	住み込み	7340
すみす	スミス	6371
すみずみ	隅々	6445
すみずみ	すみずみ	7252
すみそ	酢味噌	7494
すみた	角田	7373
すみだ	墨田	6695
すみだ	角田	7373
すみだ	隅田	7559
すみだがわ	隅田川	6750
すみだく	墨田区	7520
すみっこ	隅っこ	7021
すみつい	住み着い	7124
すみとも	住友	6740
すみともしょうじ	住友商事	7383
すみともふどうさん	住友不動産	7421
すみともりんぎょう	住友林業	7270
すみなれ	住み慣れ	7054
すみのえ	住之江	7465
すみのぶ	住信	7505
すみび	炭火	6275
すみません	すみません	5369
すみません	スミマセン	6850
すみやか	速やか	5832
すみやか	すみやか	6845
すみやき	炭焼き	7098
すみやす	住みやす	7368
すみやすい	住みやすい	6668
すみよし	住吉	6957
すみよしじんじゃ	住吉神社	7433
すみよしたいしゃ	住吉大社	7533
すみれ	すみれ	6512
すみれ	スミレ	6803
すみれ	菫	7292
すみわけ	棲み分け	7492
すむ	住む	5369
すむ	済む	5747
すむ	すむ	6480
すむ	棲む	7038
すむーじー	スムージー	6520
すむーす	スムース	6728
すむーず	スムーズ	5163
すめ	住め	7201
すめし	酢飯	6925
すめらぎ	皇	6277
すめらみこと	天皇	7213
すめる	住める	6900
すめーる	スメール	7512
すもう	相撲	5912
すもっぐ	スモッグ	7549
すもと	洲本	7337
すもも	李	6520
すもも	すもも	7055
すもも	スモモ	7478
すもーかー	スモーカー	7405
すもーきー	スモーキー	6958
すもーく	スモーク	6686
すもーくさーもん	スモークサーモン	7209
すもーる	スモール	6436
すやき	素焼き	7015
すやすや	すやすや	7260
すよん	スヨン	7349
すら	すら	5030
すらいさー	スライサー	7082
すらいす	スライス	5845
すらいすちーず	スライスチーズ	7263
すらいだ	スライダ	7091
すらいだー	スライダー	6262
すらいでぃんぐ	スライディング	6931
すらいど	スライド	5999
すらいどしょー	スライドショー	7463
すらいむ	スライム	6266
すらぐ	スラグ	7302
すらすたー	スラスター	7264
すらすら	スラスラ	6962
すらすら	すらすら	7288
すらっ	スラッ	7538
すらっがー	スラッガー	7224
すらっくす	スラックス	6789
すらっしゅ	スラッシュ	6756
すらっじ	スラッジ	7449
すらっと	すらっと	7449
すらぶ	スラブ	6750
すらむ	スラム	6508
すらむだんく	スラムダンク	6981
すらり	スラリ	7194
すらり	すらり	7416
すらろーむ	スラローム	7446
すらんぐ	スラング	6866
すらんぷ	スランプ	6799
すらー	スラー	7396
すり	スリ	6304
すり	擦り	6874
すり	刷り	7155
すり	摺り	7188
すり	すり	7251
すりあわせ	すり合わせ	7132
すりおろし	すりおろし	6379
すりおろす	すりおろす	7386
すりかえ	すり替え	6938
すりがらす	すりガラス	7561
すりきず	擦り傷	6713
すりきず	すり傷	7513
すりきれ	擦り切れ	7506
すりこま	刷り込ま	7216
すりごま	すりごま	6969
すりすり	スリスリ	7356
すりっと	スリット	6325
すりっぱ	スリッパ	6342
すりっぷ	スリップ	6246
すりっぽん	スリッポン	7471
すりつぶし	すりつぶし	7404
すりぬけ	すり抜け	6718
すりぬける	すり抜ける	7473
すりばち	すり鉢	7078
すりへっ	すり減っ	7267
すりみ	すり身	7089
すりむ	スリム	6102
すりゃ	すりゃ	6672
すりらんか	スリランカ	6440
すりらー	スリラー	7023
すりりんぐ	スリリング	6709
すりる	スリル	6505
すりんぐ	スリング	7407
すりー	スリー	6039
すりーえむ	3M	6939
すりーでぃー	3D	5353
すりーぶ	スリーブ	5913
すりーぷ	スリープ	6648
すりーらん	3ラン	7103
する	する	2661
するが	駿河	7077
するがや	駿河屋	7203
するがわん	駿河湾	7101
するする	スルスル	6971
するする	するする	7058
すると	すると	5248
するど	鋭	7221
するど	尖	7402
するどい	鋭い	5979
するどい	するどい	7463
するどく	鋭く	6449
するどさ	鋭さ	7191
するめ	スルメ	6917
するめ	するめ	7516
するめいか	スルメイカ	7378
するりと	するりと	7371
するー	スルー	5867
するーぷっと	スループット	7159
すれ	すれ	4379
すれ	スレ	5145
すれ	擦れ	6186
すれが	スレ画	7535
すれすれ	スレスレ	7380
すれすれ	すれすれ	7391
すれちがい	すれ違い	6666
すれちがう	すれ違う	6593
すれちがっ	すれ違っ	6673
すれった	スレッタ	7266
すれっど	スレッド	5985
すれぬし	スレ主	7280
すれる	擦れる	7345
すれんだー	スレンダー	7419
すれーと	スレート	6937
すれーぶ	スレーブ	7343
すろう	スロウ	7323
すろっと	スロット	5763
すろっとる	スロットル	6500
すろばきあ	スロバキア	7057
すろべにあ	スロベニア	7226
すろー	スロー	5984
すろーがん	スローガン	6281
すろーぷ	スロープ	6493
すろーぺーす	スローペース	7367
すろーもーしょん	スローモーション	7147
すわ	諏訪	6428
すわ	吸わ	6435
すわ	すわ	7158
すわえ	楚	6943
すわこ	諏訪湖	7257
すわじんじゃ	諏訪神社	7176
すわたいしゃ	諏訪大社	7395
すわっ	座っ	5322
すわっ	すわっ	7335
すわっ	据わっ	7496
すわっぐ	スワッグ	7498
すわっぷ	スワップ	6705
すわべ	諏訪部	7420
すわら	座ら	6523
すわり	座り	5802
すわりこみ	座り込み	7542
すわりこむ	座り込む	7541
すわりこん	座り込ん	6994
すわる	座る	5861
すわれ	座れ	6870
すわれる	座れる	6690
すわろふすきー	スワロフスキー	7410
すわろーず	スワローズ	7493
すわん	スワン	6827
すん	住ん	5094
すん	済ん	6053
すん	すん	6055
すん	澄ん	6284
すん	寸	6602
すん	棲ん	7476
すん	孫	7530
すんげき	寸劇	7192
すんごい	すんごい	6679
すんごく	すんごく	7216
すんぜん	寸前	6164
すんだい	駿台	6957
すんだん	寸断	7340
すんで	既	6593
すんなり	すんなり	6228
すんぷ	駿府	7219
すんぽう	寸法	5837
すんません	すんません	7242
すー	スー	6561
すーざん	スーザン	7222
すーじー	スージー	7500
すーだん	スーダン	6981
すーっ	スーッ	6901
すーっ	すーっ	7207
すーつ	スーツ	5435
すーつけーす	スーツケース	6288
すーぱー	スーパー	4886
すーぱーかー	スーパーカー	7372
すーぱーこんぴゅーた	スーパーコンピュータ	7466
すーぱーさいや	スーパーサイヤ	7430
すーぱーさいやじん	超サイヤ人	6869
すーぱーすたー	スーパースター	6596
すーぱーせんとう	スーパー銭湯	7482
すーぱーちゃーじゃー	スーパーチャージャー	7462
すーぱーどらい	スーパードライ	7277
すーぱーひーろー	スーパーヒーロー	7544
すーぱーふぁみこん	スーパーファミコン	7160
すーぱーふーど	スーパーフード	7553
すーぱーぼうる	スーパーボウル	7497
すーぱーまりおぶらざーず	スーパーマリオブラザーズ	7532
すーぱーまん	スーパーマン	6863
すーぱーまーけっと	スーパーマーケット	6336
すーふぁみ	スーファミ	7387
すーぷ	スープ	4964
すーぷら	スープラ	7074
すーべにあ	スーベニア	7480
ず	ず	3648
ず	図	5155
ず	頭	5488
ずあん	図案	6489
ずい	髄	6623
ずい	ずい	6855
ずい	随	7199
ずい	隋	7275
ずい	付い	7276
ずいい	随意	7172
ずいいち	随一	6593
ずいえき	髄液	7562
ずいこう	随行	7446
ずいしょ	随所	6302
ずいじ	随時	5502
ずいじうけつけ	随時受け付け	6996
ずいどう	隧道	7461
ずいはん	随伴	7207
ずいひつ	随筆	7033
ずいぶん	随分	5826
ずいぶん	ずいぶん	5886
ずいまく	髄膜	7448
ずうずうしい	図々しい	7128
ずうずうしく	図々しく	7492
ずえ	図会	7486
ずかい	使い	6111
ずかい	図解	6562
ずかれ	疲れ	6696
ずかん	図鑑	5855
ずが	図画	7154
ずがい	頭蓋	7341
ずがいこつ	頭蓋骨	6844
ずがら	図柄	6568
ずき	好き	5518
ずき	月	6719
ずきずき	ズキズキ	7512
ずきん	頭巾	7139
ずきん	ずきん	7496
ずく	ずく	7093
ずくえ	机	7325
ずくめ	ずくめ	7202
ずくり	づくり	5998
ずくり	作り	6055
ずくり	造り	7357
ずけ	付け	6308
ずけ	付	6987
ずけ	漬け	7190
ずけ	づけ	7507
ずけい	図形	6129
ずける	付ける	7093
ずこう	図工	6727
ずごっく	ズゴック	7560
ずさん	ずさん	7010
ずさん	杜撰	7475
ずし	ずし	6785
ずし	逗子	6995
ずし	図示	7097
ずし	厨子	7398
ずしき	図式	6866
ずじょう	頭上	6363
ずじょう	図上	7546
ずぞう	図像	7449
ずたずた	ズタズタ	7476
ずたぼろ	ズタボロ	7547
ずちゅう	図中	7383
ずっ	ずっ	6985
ずっきーに	ズッキーニ	6445
ずっしり	ずっしり	6719
ずっと	ずっと	4571
ずっとまえ	ずっと前	6863
ずっとむかし	ずっと昔	7500
ずつ	ずつ	4727
ずつ	づつ	7109
ずつう	頭痛	5722
ずで	図で	7363
ずには	ずには	5641
ずにも	ずにも	6020
ずのう	頭脳	6240
ずのうめいせき	頭脳明晰	7442
ずはん	図版	7062
ずば	ズバ	7485
ずばっ	ズバッ	7243
ずばっと	ズバッと	7383
ずばぬけ	ずば抜け	6947
ずばり	ズバリ	6606
ずばり	ずばり	6815
ずひょう	図表	6537
ずぶ	ずぶ	7417
ずぶずぶ	ズブズブ	7460
ずぶとい	図太い	7548
ずぶぬれ	ずぶ濡れ	7115
ずほう	図法	7478
ずぼし	図星	7369
ずぼら	ズボラ	6961
ずぼら	ずぼら	7376
ずぼん	ズボン	6023
ずまい	住まい	6217
ずみ	済み	5074
ずみ	済	6834
ずみ	住み	6927
ずみ	ずみ	6984
ずめ	詰め	7229
ずめん	図面	5877
ずよ	強	7088
ずよい	強い	6425
ずよかっ	強かっ	7283
ずよく	強く	6453
ずら	ずら	6537
ずらい	づらい	6563
ずらく	づらく	7204
ずらし	ずらし	6280
ずらす	ずらす	6832
ずらり	ズラリ	6810
ずらり	ずらり	6965
ずらりと	ずらりと	6675
ずり	ずり	6923
ずり	釣り	6976
ずり	ズリ	7195
ずり	摺り	7458
ずり	刷り	7503
ずる	ズル	6947
ずる	ずる	6958
ずるい	ずるい	6610
ずるい	ズルい	6975
ずるずる	ズルズル	6952
ずるずる	ずるずる	7114
ずれ	ズレ	5891
ずれ	ずれ	5902
ずれ	連れ	6757
ずれる	ずれる	6646
ずれる	ズレる	6908
ずろく	図録	6878
ずわいがに	ズワイガニ	7152
ずん	ずん	6988
ずんぐり	ずんぐり	7554
ずんずん	ずんずん	7524
ずんだ	ずんだ	6731
ずんどう	寸胴	7494
ずーっと	ずーっと	6060
ずーむ	ズーム	6149
ずーむいん	ズームイン	7497
ずーむれんず	ズームレンズ	7055
せ	せ	3658
せ	背	5692
せ	瀬	6386
せ	セ	6628
せ	畝	7250
せあぶら	背脂	6702
せい	性	4034
せい	製	4891
せい	せい	4910
せい	制	5049
せい	生	5285
せい	世	5635
せい	星	5839
せい	正	5915
せいあい	性愛	7125
せいあつ	制圧	6338
せいい	誠意	6280
せいいき	聖域	6778
せいいく	生育	6031
せいいく	成育	7267
せいいたいしょうぐん	征夷大将軍	7469
せいいち	誠一	7129
せいいちろう	誠一郎	7450
せいいっぱい	精一杯	6174
せいいっぱい	精いっぱい	6988
せいう	晴雨	7459
せいうん	星雲	6843
せいえい	精鋭	6569
せいえき	精液	7058
せいえん	声援	5897
せいえん	製塩	7561
せいおう	西欧	6768
せいおう	聖王	7410
せいおん	静音	6794
せいおんせい	静音性	7511
せいか	成果	5068
せいか	せいか	5752
せいか	製菓	6436
せいか	生花	6740
せいか	聖火	6843
せいか	青果	6847
せいか	生家	6955
せいか	聖歌	7048
せいかい	正解	5308
せいかい	政界	6771
せいかい	盛会	7410
せいかいいん	正会員	6997
せいかがく	生化学	7109
せいかく	性格	4942
せいかく	正確	5034
せいかくさ	正確さ	7141
せいかくせい	正確性	6692
せいかくてき	性格的	7152
せいかつ	生活	4201
せいかつか	生活科	7532
せいかつかん	生活感	7111
せいかつかんきょう	生活環境	6831
せいかつきょうどうくみあい	生活協同組合	7303
せいかつくうかん	生活空間	7463
せいかつざっか	生活雑貨	7040
せいかつしゃ	生活者	7190
せいかつしゅうかん	生活習慣	6467
せいかつしゅうかんびょう	生活習慣病	6798
せいかつひ	生活費	6519
せいかつほご	生活保護	6290
せいかつめん	生活面	7341
せいかつようしき	生活様式	7437
せいかつようひん	生活用品	7414
せいかぶつ	成果物	7193
せいかぶつ	青果物	7551
せいかん	生還	6610
せいかん	精悍	7116
せいかん	青函	7244
せいかん	静観	7281
せいかん	星間	7478
せいかん	製缶	7560
せいがく	声楽	6755
せいがん	請願	6824
せいがん	西岸	7024
せいがん	青眼	7339
せいき	世紀	5345
せいき	正規	5559
せいき	性器	6893
せいき	青木	7129
せいき	生気	7237
せいき	正気	7337
せいき	精機	7386
せいきし	聖騎士	7267
せいきひょうげん	正規表現	7108
せいきひん	正規品	6337
せいきぶんぷ	正規分布	7552
せいきまつ	世紀末	6834
せいきゅう	請求	4926
せいきゅう	制球	6958
せいきゅうしょ	請求書	6577
せいきょ	逝去	6693
せいきょう	盛況	6239
せいきょう	生協	6511
せいきょういく	性教育	7008
せいきょうかい	正教会	7262
せいきょく	政局	7355
せいぎ	正義	5814
せいぎかん	正義感	6953
せいぎのみかた	正義の味方	7254
せいぎょ	制御	5130
せいぎょ	成魚	7350
せいく	聖句	7472
せいぐん	西軍	7165
せいけ	清家	7392
せいけい	整形	5607
せいけい	成形	5970
せいけい	成型	6431
せいけい	生計	6519
せいけい	星系	7307
せいけい	政経	7341
せいけい	成蹊	7457
せいけいげか	整形外科	6265
せいけつ	清潔	5453
せいけつかん	清潔感	6146
せいけつさ	清潔さ	7079
せいけん	政権	5535
せいけん	聖剣	6856
せいけん	生検	6903
せいけん	成犬	7205
せいけんこうたい	政権交代	7414
せいげん	制限	4827
せいげん	正弦	7267
せいげんじかん	制限時間	7015
せいこ	聖子	6856
せいこう	成功	4692
せいこう	精巧	6709
せいこう	性交	6864
せいこう	静香	7242
せいこう	性向	7254
せいこう	精工	7444
せいこうい	性行為	6712
せいこうしゃ	成功者	7193
せいこうじれい	成功事例	7118
せいこうたいけん	成功体験	6907
せいこうのかぎ	成功の鍵	7369
せいこうほう	正攻法	7197
せいこうりつ	成功率	7046
せいこつ	整骨	5861
せいこついん	整骨院	6735
せいこん	成婚	6722
せいこー	セイコー	6741
せいこーまーと	セイコーマート	7367
せいご	生後	6009
せいご	正誤	7183
せいごう	整合	6264
せいごうせい	整合性	7136
せいさ	精査	6524
せいさ	性差	7218
せいさい	制裁	6311
せいさい	精細	7042
せいさい	正妻	7348
せいさく	制作	4694
せいさく	製作	5019
せいさく	政策	5211
せいさくかてい	制作過程	7545
せいさくがいしゃ	制作会社	7395
せいさくしゃ	製作者	7332
せいさくしゃ	制作者	7383
せいさくしょ	製作所	6543
せいさくじょ	製作所	6870
せいさくじん	制作陣	7475
せいさくちゅう	制作中	7276
せいさくちゅう	製作中	7418
せいさん	生産	4676
せいさん	精算	6207
せいさん	清算	6391
せいさん	凄惨	7044
せいさんかくけい	正三角形	7470
せいさんかんり	生産管理	7561
せいさんしゃ	生産者	6518
せいさんしゅうりょう	生産終了	7356
せいさんせい	生産性	6316
せいさんち	生産地	6880
せいさんてき	生産的	7503
せいさんのうりょく	生産能力	7551
せいさんぶつ	生産物	7368
せいさんらいん	生産ライン	7468
せいさんりょう	生産量	6940
せいざ	星座	5979
せいざ	正座	6727
せいざい	製剤	6238
せいざい	製材	6890
せいざいかい	政財界	7565
せいし	制し	6089
せいし	静止	6185
せいし	精子	6429
せいし	生死	6847
せいし	制止	6928
せいし	製紙	7089
せいし	世子	7138
せいし	製糸	7164
せいしが	静止画	6922
せいしき	正式	5428
せいしき	制式	7495
せいしきめいしょう	正式名称	6745
せいしつ	性質	5453
せいしつ	声質	6937
せいしつ	正室	7110
せいしつじょう	性質上	7250
せいしゃいん	正社員	5692
せいしゅ	清酒	6979
せいしゅく	静粛	7205
せいしゅくせい	静粛性	7530
せいしゅん	青春	5638
せいしゅんじだい	青春時代	7289
せいしゅんぶたやろう	青春ブタ野郎	7423
せいしょ	聖書	5872
せいしょ	清書	7256
せいしょう	斉唱	7021
せいしょうなごん	清少納言	7172
せいしょうねん	青少年	6172
せいしょく	生殖	6401
せいしょく	生食	6693
せいしょく	聖職	6975
せいしょくしゃ	聖職者	7527
せいしん	精神	4858
せいしん	誠心	6786
せいしんか	精神科	6242
せいしんかい	精神科医	6643
せいしんしっかん	精神疾患	6901
せいしんしょうがい	精神障害	7253
せいしんじょうたい	精神状態	7101
せいしんせい	精神性	7344
せいしんせいい	誠心誠意	6848
せいしんてき	精神的	5718
せいしんねんれい	精神年齢	7551
せいしんびょう	精神病	6724
せいしんびょういん	精神病院	7454
せいしんめん	精神面	7036
せいしんりょく	精神力	6966
せいじ	政治	5040
せいじ	誠司	7218
せいじ	せいじ	7297
せいじ	青磁	7419
せいじ	誠二	7429
せいじ	誠治	7466
せいじ	征爾	7493
せいじか	政治家	5861
せいじかつどう	政治活動	7432
せいじがく	政治学	7295
せいじつ	誠実	5851
せいじつさ	誠実さ	6963
せいじてき	政治的	6552
せいじゃく	静寂	6656
せいじゅう	聖獣	7492
せいじゅく	成熟	6098
せいじゅん	清純	7350
せいじょ	聖女	6588
せいじょう	正常	5425
せいじょう	清浄	6288
せいじょう	成城	6864
せいじょう	性状	7105
せいじょうき	星条旗	7532
せいじん	成人	5553
せいじん	聖人	6601
せいじん	星人	6881
せいじんしき	成人式	6697
せいじんだんせい	成人男性	7530
せいす	制す	7118
せいすい	聖水	7232
せいすう	整数	6299
せいする	制する	6853
せいず	製図	6844
せいせい	生成	5095
せいせい	精製	6316
せいせいどうどう	正々堂々	7174
せいせき	成績	5182
せいせき	聖蹟	7456
せいせん	生鮮	6690
せいせん	聖戦	7082
せいせん	精選	7489
せいせんしょくひん	生鮮食品	7392
せいぜい	せいぜい	6277
せいぜい	精々	7464
せいぜん	生前	6140
せいぜん	整然	7165
せいぜんと	整然と	7062
せいそ	清楚	6500
せいそう	清掃	5388
せいそう	正装	6996
せいそう	精巣	7057
せいそう	世宗	7553
せいそうかつどう	清掃活動	7285
せいそく	生息	5690
せいそく	正則	7258
せいそく	棲息	7262
せいそくち	生息地	7218
せいぞう	製造	4808
せいぞうかてい	製造過程	7305
せいぞうぎょう	製造業	5958
せいぞうぎょうしゃ	製造業者	7397
せいぞうげんば	製造現場	7435
せいぞうこうてい	製造工程	7118
せいぞうび	製造日	7508
せいぞうほうほう	製造方法	7180
せいぞうもと	製造元	6827
せいぞろい	勢揃い	6635
せいぞろい	勢ぞろい	6756
せいぞん	生存	5744
せいぞんしゃ	生存者	7256
せいぞんりつ	生存率	7399
せいたい	生態	5839
せいたい	整体	5852
せいたい	生体	5995
せいたい	声帯	6827
せいたい	成体	7174
せいたい	聖体	7560
せいたいいん	整体院	7316
せいたいけい	生態系	6295
せいたん	生誕	6121
せいたん	西端	6999
せいたんさい	生誕祭	7565
せいだい	盛大	6202
せいだん	星団	7182
せいち	生地	5553
せいち	聖地	5951
せいち	整地	6835
せいち	精緻	6868
せいちじゅんれい	聖地巡礼	7358
せいちゃ	製茶	7307
せいちゅう	成虫	6472
せいちゅう	正中	7252
せいちょう	成長	4448
せいちょう	生長	6703
せいちょう	政調	7309
せいちょう	清張	7350
せいちょう	成鳥	7376
せいちょう	整腸	7438
せいちょうかてい	成長過程	7432
せいちょうき	成長期	6967
せいちょうせい	成長性	7522
せいちょうせんりゃく	成長戦略	7406
せいちょうほるもん	成長ホルモン	7461
せいちょうりつ	成長率	7282
せいつう	精通	6278
せいてい	制定	5928
せいてき	性的	5942
せいてき	静的	6503
せいてきぼうこう	性的暴行	7484
せいてつ	製鉄	6517
せいてん	晴天	6220
せいてん	聖典	7262
せいてん	青天	7435
せいでん	静電	6927
せいでん	正殿	7464
せいでんき	静電気	6516
せいと	生徒	4639
せいと	成都	7268
せいと	聖徒	7535
せいとう	正当	5801
せいとう	政党	6128
せいとう	正統	6328
せいとう	正答	6821
せいとう	製糖	7560
せいとうせい	正当性	7405
せいとうは	正統派	7402
せいとかい	生徒会	6898
せいとかいちょう	生徒会長	7124
せいとすう	生徒数	7448
せいとたち	生徒たち	6110
せいとたち	生徒達	6919
せいとら	生徒ら	7309
せいとん	整頓	6369
せいど	制度	4706
せいど	精度	5385
せいどう	聖堂	6205
せいどう	制動	6706
せいどう	青銅	7015
せいどう	正道	7448
せいどういつせいしょうがい	性同一性障害	7518
せいどうき	青銅器	7474
せいどく	精読	7393
せいなる	聖なる	6457
せいなん	西南	6742
せいにく	精肉	6791
せいにく	生肉	7015
せいにゅう	生乳	6950
せいねん	青年	5470
せいねん	成年	6492
せいねんがっぴ	生年月日	6114
せいねんき	青年期	7448
せいの	清野	7342
せいのう	性能	4864
せいのううんゆ	西濃運輸	7555
せいのうてき	性能的	7319
せいのうめん	性能面	7427
せいは	制覇	5945
せいはい	聖杯	6708
せいはつ	整髪	7378
せいはん	製版	7515
せいはんたい	正反対	6929
せいばい	成敗	7263
せいばつ	征伐	7055
せいばー	セイバー	6717
せいひ	成否	7066
せいひつ	静謐	7298
せいひょう	製氷	6961
せいひん	製品	4464
せいひんか	製品化	7373
せいひんかいはつ	製品開発	7048
せいひんじょうほう	製品情報	7524
せいひんばん	製品版	7445
せいひんめい	製品名	7056
せいび	整備	4861
せいびこうじょう	整備工場	7415
せいびし	整備士	7314
せいびょう	性病	7158
せいふ	政府	4988
せいふう	西風	7476
せいふう	清風	7517
せいふきかん	政府機関	7352
せいふく	制服	5561
せいふく	征服	6448
せいふく	整復	6739
せいふん	製粉	7067
せいぶ	西武	5901
せいぶ	西部	6005
せいぶえん	西武園	7534
せいぶつ	生物	5229
せいぶつ	静物	7246
せいぶつがく	生物学	7310
せいぶつたようせい	生物多様性	7186
せいぶてつどう	西武鉄道	7123
せいぶらいおんず	西武ライオンズ	7046
せいぶん	成分	5030
せいへき	性癖	6648
せいへん	政変	7467
せいべつ	性別	5628
せいほ	生保	7122
せいほう	製法	6043
せいほう	西方	7307
せいほうけい	正方形	6403
せいほく	西北	7223
せいほん	製本	6738
せいぼ	聖母	6677
せいぼ	歳暮	6837
せいぼ	生母	7539
せいぼうりょく	性暴力	7549
せいぼりー	セイボリー	7513
せいまい	精米	6596
せいみつ	精密	6084
せいみや	清宮	7226
せいむ	政務	6758
せいめい	生命	5398
せいめい	声明	6212
せいめい	姓名	6696
せいめい	清明	7421
せいめいかがく	生命科学	6959
せいめいせん	生命線	7550
せいめいたい	生命体	7357
せいめいはんだん	姓名判断	7395
せいめいほけん	生命保険	7032
せいめいりょく	生命力	6867
せいめん	製麺	6561
せいめんじょ	製麺所	7198
せいもん	正門	6531
せいや	せいや	7154
せいや	誠也	7208
せいや	聖夜	7270
せいや	星矢	7555
せいやく	制約	5803
せいやく	製薬	6140
せいやく	成約	6205
せいやく	誓約	6595
せいやくがいしゃ	製薬会社	7415
せいやくしょ	誓約書	7319
せいゆ	精油	6409
せいゆ	製油	7335
せいゆう	声優	5359
せいゆう	西友	6973
せいよう	西洋	5770
せいよう	静養	7290
せいよういがく	西洋医学	7446
せいようじん	西洋人	7552
せいようせんせいじゅつ	西洋占星術	7554
せいよく	性欲	6502
せいら	セイラ	7383
せいらい	生来	7408
せいり	整理	4993
せいり	生理	5583
せいりがく	生理学	6713
せいりけん	整理券	6736
せいりせいとん	整理整頓	7065
せいりちゅう	生理中	7330
せいりつ	成立	5392
せいりつう	生理痛	6948
せいりてき	生理的	6939
せいりばんごう	整理番号	7238
せいりふじゅん	生理不順	7545
せいりまえ	生理前	7348
せいりゃく	政略	7237
せいりゅう	清流	6534
せいりゅう	整流	7068
せいりゅう	青龍	7297
せいりょう	清涼	6527
せいりょう	声量	6969
せいりょう	星稜	7292
せいりょういんりょうすい	清涼飲料水	7342
せいりょうかん	清涼感	6973
せいりょく	勢力	5665
せいりょく	精力	6326
せいりようひん	生理用品	7499
せいれい	政令	6113
せいれい	精霊	6200
せいれい	聖霊	6726
せいれいし	政令市	7495
せいれき	西暦	6544
せいれつ	整列	6547
せいれん	精錬	6853
せいれん	製錬	7294
せいれーん	セイレーン	7377
せいろ	せいろ	6950
せいろん	正論	6564
せいをうけ	生を受け	7472
せいんとせいや	聖闘士星矢	7269
せお	瀬尾	7432
せおい	背負い	6849
せおう	背負う	6486
せおっ	背負っ	6240
せおよぎ	背泳ぎ	7315
せおりー	セオリー	6642
せか	せか	7251
せかい	世界	3981
せかい	セカイ	6980
せかいいさん	世界遺産	6486
せかいいち	世界一	5830
せかいいっしゅう	世界一周	7505
せかいかくち	世界各地	6610
せかいかっこく	世界各国	6700
せかいかん	世界観	6341
せかいきぼ	世界規模	7331
せかいきろく	世界記録	7566
せかいぎんこう	世界銀行	7441
せかいけいざい	世界経済	7351
せかいし	世界史	7084
せかいしじょう	世界市場	7462
せかいじゅう	世界中	5248
せかいじゅうのひとびと	世界中の人々	7094
せかいじょうせい	世界情勢	7452
せかいせん	世界線	7173
せかいせんしゅけん	世界選手権	7016
せかいぜんたい	世界全体	7450
せかいたいかい	世界大会	7082
せかいちず	世界地図	7482
せかいちゃんぴおん	世界チャンピオン	7531
せかいてき	世界的	5731
せかいのかたすみ	世界の片隅	7545
せかいのちゅうしん	世界の中心	7553
せかいはつ	世界初	7095
せかいぶんかいさん	世界文化遺産	7565
せかいへいわ	世界平和	7203
せかいほけんきかん	世界保健機関	7536
せかいみ	世界観	7086
せかさ	急かさ	7309
せかんだり	セカンダリ	7350
せかんど	セカンド	5874
せかんどおぴにおん	セカンドオピニオン	7348
せが	セガ	6660
せがま	せがま	7526
せがわ	瀬川	7201
せき	席	4773
せき	石	5987
せき	咳	6046
せき	関	6143
せき	隻	6166
せき	せき	6312
せき	籍	6336
せき	積	6389
せきえい	石英	7113
せきか	石化	6780
せきかっしょく	赤褐色	7267
せきがいせん	赤外線	6421
せきがえ	席替え	7427
せきがはら	関ヶ原	6821
せきがはらのたたかい	関ヶ原の戦い	7320
せきぐち	関口	6953
せきぐん	赤軍	7387
せきさい	積載	6300
せきさん	積算	6728
せきざい	石材	6549
せきし	関市	7230
せきしつ	石室	7252
せきしゅつ	析出	7152
せきしょ	関所	7058
せきしょく	赤色	6143
せきじ	席次	7342
せきじゅうじ	赤十字	6711
せきじょう	席上	7369
せきすいはうす	積水ハウス	7049
せきすう	席数	7062
せきずい	脊髄	6406
せきせいいんこ	セキセイインコ	7090
せきせつ	積雪	6330
せきそう	積層	6613
せきぞう	石像	6743
せきぞう	石造	7140
せきた	石田	7032
せきたん	石炭	6293
せきちゅう	脊柱	6747
せきちゅう	石柱	7178
せきつい	脊椎	6691
せきついどうぶつ	脊椎動物	7213
せきとう	石塔	7177
せきとり	関取	7419
せきどう	赤道	7003
せきにん	責任	4720
せきにんかん	責任感	6488
せきにんしゃ	責任者	5872
せきね	関根	6654
せきはい	惜敗	6981
せきはん	赤飯	6857
せきばらい	咳払い	7452
せきばん	石版	7227
せきばん	石板	7231
せきひ	石碑	6328
せきひがし	関東	7095
せきぶつ	石仏	7148
せきぶん	積分	6518
せきむ	責務	6414
せきめん	赤面	7064
せきめん	石綿	7334
せきもと	関本	7524
せきゅあ	セキュア	6791
せきゅりてぃ	セキュリティ	5155
せきゅりてぃそふと	セキュリティソフト	7488
せきゅりてぃー	セキュリティー	6567
せきゆ	石油	5847
せきらら	赤裸々	6867
せきらんうん	積乱雲	7271
せきれい	セキレイ	7513
せきわけ	関脇	7241
せぎょう	施行	6025
せくしゅありてぃ	セクシュアリティ	7415
せくしょん	セクション	5817
せくしー	セクシー	5943
せくた	セクタ	7017
せくたー	セクター	6500
せくはら	セクハラ	6250
せぐ	セグ	7564
せぐめんてーしょん	セグメンテーション	7170
せぐめんと	セグメント	6111
せけん	世間	5472
せけんいっぱん	世間一般	7131
せけんしらず	世間知らず	7371
せけんてい	世間体	7143
せけんてき	世間的	6933
せけんばなし	世間話	7177
せこう	施工	5310
せこう	施行	5831
せこうじれい	施工事例	7352
せこむ	セコム	7238
せこんど	セコンド	7064
せざんぬ	セザンヌ	7473
せしうむ	セシウム	7207
せしめ	せしめ	7390
せしゅ	施主	6319
せしゅう	世襲	7032
せしる	セシル	7278
せじ	世辞	6692
せじょう	施錠	6687
せすじ	背筋	6570
せせらぎ	せせらぎ	6709
せせり	せせり	7456
せそう	世相	7141
せぞく	世俗	7083
せぞん	セゾン	7231
せた	瀬田	7559
せたい	世帯	5696
せたいぬし	世帯主	7529
せたがや	世田谷	6347
せたがやく	世田谷区	7166
せたけ	背丈	6855
せだい	世代	4928
せだいこうたい	世代交代	7308
せだん	セダン	6378
せっ	接	6604
せっ	せっ	7071
せっかい	切開	6393
せっかい	石灰	6638
せっかいがん	石灰岩	6980
せっかいせき	石灰石	7513
せっかく	せっかく	5209
せっかく	折角	6573
せっかち	せっかち	6974
せっかん	石棺	7311
せっき	石器	6857
せっき	節気	7060
せっきゃく	接客	5519
せっきゃくぎょう	接客業	7028
せっきょう	説教	6278
せっきょく	積極	4999
せっきょくせい	積極性	7172
せっきょくてき	積極的	5130
せっきん	接近	5769
せっきんせん	接近戦	7312
せっく	節句	6703
せっくす	セックス	6002
せっくつ	石窟	7537
せっけい	設計	4709
せっけい	雪渓	7034
せっけいし	設計士	7257
せっけいしゃ	設計者	7046
せっけいず	設計図	6928
せっけいだんかい	設計段階	7553
せっけっきゅう	赤血球	6752
せっけん	石鹸	6038
せっけん	石けん	6524
せっけん	席巻	6829
せっけん	せっけん	7140
せっけん	接見	7402
せっこう	石膏	6604
せっこう	浙江	7238
せっこう	石工	7422
せっこうぼーど	石膏ボード	7498
せっこつ	接骨	6201
せっこついん	接骨院	7091
せっさく	切削	6460
せっさたくま	切磋琢磨	6475
せっし	接し	5706
せっし	摂氏	7348
せっしゃ	拙者	7076
せっしゃ	接写	7125
せっしゃ	摂社	7417
せっしゅ	摂取	5345
せっしゅ	接種	5428
せっしゅ	窃取	7566
せっしゅう	接収	7301
せっしゅりょう	摂取量	7413
せっしょう	殺生	6997
せっしょう	折衝	7090
せっしょう	摂政	7285
せっしょく	接触	5420
せっしょく	摂食	6678
せっしょくしょうがい	摂食障害	7307
せっしょん	セッション	5463
せっすい	節水	6948
せっする	接する	5886
せっせい	節制	7380
せっせと	せっせと	6624
せっせん	接戦	6500
せっせん	接線	7348
せったい	接待	6396
せったー	セッター	6901
せっち	設置	4599
せっち	接地	6356
せっちかのう	設置可能	7425
せっちばしょ	設置場所	6867
せっちゃく	接着	5609
せっちゃくざい	接着剤	6458
せっちゅう	折衷	7350
せっちゅう	雪中	7427
せっちょ	拙著	7321
せっつ	摂津	7161
せってぃんぐ	セッティング	5921
せってい	設定	4126
せっていおんど	設定温度	7303
せっていかのう	設定可能	6963
せっていがめん	設定画面	6994
せっていこうもく	設定項目	7438
せっていち	設定値	7367
せっていないよう	設定内容	7509
せっていへんこう	設定変更	7283
せっていほうほう	設定方法	6697
せってん	接点	5996
せっと	セット	4482
せっとあっぷ	セットアップ	5946
せっとう	窃盗	6421
せっとう	接頭	7197
せっとく	説得	5696
せっとくりょく	説得力	6383
せっとぷれー	セットプレー	7338
せっとめにゅー	セットメニュー	7301
せっとりすと	セットリスト	7120
せっぱく	切迫	6818
せっぱつまっ	切羽詰まっ	7320
せっぱん	折半	7085
せっぷく	切腹	6905
せっぷん	接吻	7434
せっぺん	切片	7452
せっぽう	説法	7065
せつ	説	5645
せつ	節	5831
せつ	切	6410
せつ	せつ	6761
せつ	セツ	7169
せつ	摂	7274
せつえい	設営	6185
せつがん	接岸	7352
せつがん	接眼	7455
せつぐう	接遇	7088
せつげん	雪原	7018
せつげん	節減	7427
せつこ	節子	7201
せつごう	接合	6236
せつじつ	切実	6546
せつじょ	切除	6144
せつじょう	雪上	7229
せつじょく	雪辱	7205
せつぜい	節税	6650
せつぞう	雪像	7542
せつぞく	接続	4801
せつぞくかのう	接続可能	7393
せつぞくし	接続詞	7148
せつぞくほうほう	接続方法	7561
せつだん	切断	5764
せつでん	節電	6544
せつど	節度	7027
せつな	刹那	6650
せつな	切な	6690
せつな	せつな	7159
せつない	切ない	6130
せつない	せつない	7291
せつなかっ	切なかっ	7526
せつなく	切なく	6506
せつなさ	切なさ	7083
せつに	切に	7125
せつにねがい	切に願い	7554
せつにねがっ	切に願っ	7511
せつび	設備	4942
せつび	接尾	7502
せつびとうし	設備投資	7006
せつぶん	節分	6369
せつぼう	切望	7102
せつめい	説明	4259
せつめいかい	説明会	5715
せつめいしょ	説明書	5608
せつめいせきにん	説明責任	7373
せつめいばん	説明板	7372
せつめいぶそく	説明不足	7411
せつめいぶん	説明文	6638
せつもん	設問	6453
せつやく	節約	5640
せつり	摂理	7033
せつり	節理	7559
せつりつ	設立	5200
せつわ	説話	7189
せていれば	せていれば	7126
せと	瀬戸	6558
せと	セト	7261
せとうち	瀬戸内	6380
せとおおはし	瀬戸大橋	7210
せとぎわ	瀬戸際	7432
せとないかい	瀬戸内海	6454
せとり	セトリ	7179
せどり	せどり	6917
せどりっく	セドリック	7356
せな	セナ	6850
せな	せな	6924
せな	瀬名	7217
せなか	背中	5210
せなかあわせ	背中合わせ	7327
せなかがわ	背中側	7392
せなかをおさ	背中を押さ	7404
せねがる	セネガル	7187
せのび	背伸び	6712
せばすちゃん	セバスチャン	6938
せばまっ	狭まっ	7352
せばまる	狭まる	7561
せばめ	狭め	6996
せばめる	狭める	7470
せばんごう	背番号	6311
せぱれーと	セパレート	6831
せひ	施肥	6894
せびょうし	背表紙	7555
せびれ	背びれ	7289
せびろ	背広	7426
せぴあ	セピア	7214
せふぃろす	セフィロス	7239
せぶ	セブ	6567
せぶち	セブチ	7241
せぶとう	セブ島	7457
せぶん	セブン	5750
せぶんいれぶん	セブンイレブン	6636
せぼね	背骨	6336
せま	狭	6414
せまい	狭い	5370
せまい	せまい	7326
せまいくうかん	狭い空間	7297
せまいすぺーす	狭いスペース	7289
せまいせかい	狭い世界	7525
せまいはんい	狭い範囲	7288
せまいばしょ	狭い場所	7052
せまいへや	狭い部屋	7302
せまいみち	狭い道	7109
せまいろじ	狭い路地	7563
せまかっ	狭かっ	7152
せまき	狭き	7151
せまく	狭く	5808
せまさ	狭さ	7355
せまし	狭し	6878
せまっ	迫っ	5832
せまら	迫ら	6267
せまり	迫り	6301
せまりくる	迫りくる	7378
せまる	迫る	5851
せまる	せまる	7508
せみ	セミ	6012
せみ	蝉	6693
せみころん	セミコロン	7560
せみな	セミナ	5921
せみなー	セミナー	5312
せめ	攻め	6009
せめ	責め	6393
せめ	責	6701
せめくん	攻めくん	7032
せめこま	攻め込ま	7483
せめこむ	攻め込む	7381
せめこん	攻め込ん	7295
せめて	せめて	5740
せめてもの	せめてもの	7264
せめる	攻める	6322
せめる	責める	6527
せめんと	セメント	6358
せもたれ	背もたれ	6509
せや	瀬谷	7554
せよ	せよ	5562
せら	せら	6918
せら	セラ	6928
せら	瀬	7014
せら	世良	7215
せら	世羅	7500
せらぴすと	セラピスト	6356
せらぴー	セラピー	6426
せらみっく	セラミック	6229
せらみっくす	セラミックス	7057
せらみど	セラミド	6916
せらー	セラー	7170
せり	せり	6652
せり	セリ	6669
せり	競り	7405
せりあ	セリア	6789
せりあい	競り合い	7414
せりえあー	セリエA	7040
せりか	セリカ	7378
せりざわ	芹沢	7270
せりざわ	芹澤	7419
せりふ	セリフ	5427
せりふ	台詞	5908
せりふ	せりふ	7198
せりゃ	せりゃ	6907
せりーぐ	セ・リーグ	6946
せりーぐ	セリーグ	7428
せりーぬ	セリーヌ	7327
せる	せる	4167
せる	セル	5543
せるげい	セルゲイ	7468
せるしお	セルシオ	7449
せるてぃっく	セルティック	7406
せるびあ	セルビア	6807
せるふ	セルフ	5668
せるふぃー	セルフィー	7516
せるふけあ	セルフケア	6950
せるふさーびす	セルフサービス	6976
せるふねいる	セルフネイル	7454
せるふれじ	セルフレジ	7390
せるろーす	セルロース	6926
せれ	せれ	6179
せれくしょん	セレクション	6396
せれくた	セレクタ	6828
せれくと	セレクト	5942
せれくとしょっぷ	セレクトショップ	6582
せれす	セレス	7510
せれっそ	セレッソ	7367
せれっそおおさか	セレッソ大阪	7219
せれな	セレナ	6836
せれなーで	セレナーデ	7566
せれぶ	セレブ	6328
せれぶりてぃ	セレブリティ	7425
せれもにー	セレモニー	6273
せれん	セレン	7205
せろ	せろ	6633
せろ	セロ	6857
せろてーぷ	セロテープ	7244
せろとにん	セロトニン	6728
せろはん	セロハン	7213
せろはんてーぷ	セロハンテープ	7541
せろり	セロリ	6514
せろん	世論	6759
せわ	世話	5854
せわ	せわ	7505
せわしい	忙しい	6879
せわしかっ	忙しかっ	6620
せわしく	忙しく	6540
せわにん	世話人	7074
せをむけ	背を向け	7052
せん	戦	4575
せん	線	4607
せん	選	5146
せん	船	5489
せん	せん	5886
せん	栓	6534
せん	仙	6549
せん	セン	6585
せんい	繊維	5440
せんい	遷移	6244
せんい	線維	6483
せんい	戦意	7185
せんいん	船員	6640
せんえい	先鋭	7234
せんえき	戦役	7318
せんえつ	僭越	7233
せんえん	千円	6115
せんか	戦果	6939
せんか	専科	6975
せんか	戦火	7114
せんか	選果	7400
せんかい	旋回	6384
せんかく	尖閣	7402
せんかくしょとう	尖閣諸島	7182
せんかん	戦艦	6088
せんかん	選管	7565
せんかんやまと	戦艦大和	7516
せんが	線画	6586
せんが	千賀	7544
せんがい	船外	7231
せんがん	洗顔	5999
せんがん	腺癌	7458
せんがんご	洗顔後	7392
せんがんりょう	洗顔料	7286
せんき	戦記	6594
せんき	戦機	7526
せんきゃく	先客	6848
せんきょ	選挙	5209
せんきょ	占拠	6607
せんきょう	戦況	6809
せんきょう	宣教	6982
せんきょうし	宣教師	6879
せんきょく	選曲	6361
せんきょく	戦局	7304
せんきょけん	選挙権	7484
せんきょせん	選挙戦	7359
せんぎょ	鮮魚	6493
せんぎょう	専業	5959
せんぎょうしゅふ	専業主婦	6439
せんぎり	千切り	6248
せんぎり	せん切り	7218
せんく	先駆	6467
せんく	線区	7422
せんくしゃ	先駆者	7502
せんくてき	先駆的	7538
せんぐう	遷宮	7357
せんけい	線形	6519
せんけい	戦型	7489
せんけい	扇形	7503
せんけつ	先決	7219
せんけつ	鮮血	7399
せんけつ	専決	7504
せんけん	先見	6985
せんげつ	先月	5734
せんげつまつ	先月末	7284
せんげん	宣言	5291
せんげん	浅間	7403
せんげんじんじゃ	浅間神社	7386
せんこう	先行	5381
せんこう	選考	5390
せんこう	専攻	5860
せんこう	線香	6523
せんこう	閃光	6662
せんこう	先攻	6893
せんこう	穿孔	7081
せんこう	選好	7407
せんこうけんきゅう	先行研究	7404
せんこうじょうきょう	選考状況	7405
せんこうたいさく	選考対策	7229
せんこうのけいこう	選考の傾向	7383
せんこうはんばい	先行販売	7384
せんこく	宣告	6425
せんこつ	仙骨	7165
せんご	戦後	5638
せんごく	戦国	5824
せんごく	仙石	7566
せんごくじだい	戦国時代	6660
せんごくぶしょう	戦国武将	7492
せんさ	センサ	6358
せんさい	繊細	5523
せんさい	戦災	7208
せんさいさ	繊細さ	7031
せんさく	詮索	7132
せんさばんべつ	千差万別	7199
せんさー	センサー	5470
せんざ	遷座	7302
せんざい	潜在	5689
せんざい	洗剤	5731
せんざい	千歳	7472
せんざいいしき	潜在意識	6697
せんざいてき	潜在的	6445
せんざいのうりょく	潜在能力	7261
せんし	戦士	5614
せんし	戦死	6454
せんし	穿刺	7103
せんし	先史	7422
せんしつ	泉質	6808
せんしつ	船室	7544
せんしてぃぶ	センシティブ	6916
せんしゃ	戦車	5794
せんしゃ	洗車	6043
せんしゅ	選手	4349
せんしゅ	先取	6955
せんしゅ	船首	7176
せんしゅ	腺腫	7504
せんしゅう	先週	5455
せんしゅう	千秋	6919
せんしゅう	専修	6921
せんしゅう	泉州	7094
せんしゅうだいがく	専修大学	7317
せんしゅうまつ	先週末	6725
せんしゅうらく	千秋楽	6567
せんしゅけん	選手権	5386
せんしゅたち	選手たち	6237
せんしゅたち	選手達	6987
せんしゅつ	選出	5710
せんしょ	選書	7187
せんしょう	戦勝	7068
せんしょく	染色	6243
せんしょく	染織	7314
せんしょくたい	染色体	6557
せんしん	先進	5952
せんしんぐ	センシング	7146
せんしんこく	先進国	6279
せんしんてき	先進的	6643
せんじ	戦時	6273
せんじ	煎じ	7115
せんじちゅう	戦時中	6963
せんじつ	先日	4837
せんじゃ	選者	7531
せんじゅ	千住	7540
せんじゅう	先住	6907
せんじゅう	専従	7119
せんじゅうみん	先住民	6512
せんじゅかんのん	千手観音	7267
せんじゅつ	戦術	5898
せんじゅつ	先述	6353
せんじゅつ	占術	6909
せんじゅつてき	戦術的	7514
せんじょう	洗浄	5466
せんじょう	先生	5583
せんじょう	戦場	5883
せんじょう	船上	6780
せんじょう	線上	7234
せんじょうえき	洗浄液	7172
せんじょうがはら	戦場ヶ原	7494
せんじょうち	扇状地	7556
せんじょうりょく	洗浄力	7255
せんじん	先人	6399
せんじん	先陣	7089
せんじん	千尋	7435
せんじんたち	先人たち	7474
せんす	センス	5433
せんす	扇子	6665
せんすい	潜水	6082
せんすいかん	潜水艦	6993
せんせ	せんせ	7176
せんせい	先生	4346
せんせい	先制	5859
せんせい	宣誓	6721
せんせい	せんせい	7063
せんせい	センセイ	7500
せんせい	専制	7552
せんせいかた	先生方	7087
せんせいがた	先生方	6620
せんせいこうげき	先制攻撃	7539
せんせいじゅつ	占星術	6508
せんせいたち	先生たち	6729
せんせいたち	先生達	7284
せんせいてん	先制点	6869
せんせき	戦績	6465
せんせん	戦線	6231
せんせん	宣戦	6951
せんせんきょうきょう	戦々恐々	7518
せんせんしゅう	先々週	7250
せんせんふこく	宣戦布告	7512
せんせーしょなる	センセーショナル	7299
せんぜん	戦前	6117
せんそう	戦争	5028
せんそうじ	浅草寺	7092
せんそうちゅう	戦争中	7403
せんぞ	先祖	6210
せんぞく	専属	6100
せんた	センタ	7089
せんたい	戦隊	6027
せんたい	船体	6640
せんたく	選択	4330
せんたく	洗濯	5254
せんたくかのう	選択可能	6628
せんたくき	洗濯機	5904
せんたくご	選択後	7480
せんたくし	選択肢	5154
せんたくてき	選択的	7151
せんたくねっと	洗濯ネット	7425
せんたくはんい	選択範囲	7408
せんたくぶつ	洗濯物	6991
せんたくもの	洗濯物	6546
せんたっき	洗濯機	7124
せんたん	先端	5532
せんたんぎじゅつ	先端技術	7427
せんたー	センター	4557
せんたーばっく	センターバック	7525
せんだ	千田	7489
せんだい	仙台	5409
せんだい	先代	6208
せんだい	せんだい	7335
せんだい	専大	7545
せんだいいくえい	仙台育英	7163
せんだいえき	仙台駅	7327
せんだいし	仙台市	7145
せんだがや	千駄ヶ谷	7423
せんだって	先だって	7542
せんだつ	先達	7154
せんだん	せん断	7014
せんだん	船団	7044
せんち	センチ	5328
せんち	戦地	7045
せんちめんたる	センチメンタル	7303
せんちめーとる	センチメートル	6784
せんちめーとるていど	cm程度	7331
せんちゃ	煎茶	6918
せんちゃく	先着	5863
せんちゃくじゅん	先着順	6464
せんちゅう	戦中	6905
せんちゅう	船中	7396
せんちゅう	線虫	7410
せんちゅりー	センチュリー	6992
せんちょう	船長	6162
せんて	先手	6710
せんてい	選定	5524
せんてい	剪定	5967
せんてん	先天	6644
せんてんす	センテンス	7431
せんてんてき	先天的	7068
せんでん	宣伝	5509
せんと	セント	6577
せんと	遷都	7180
せんとう	戦闘	4956
せんとう	先頭	5677
せんとう	銭湯	6103
せんとう	尖塔	7515
せんとうき	戦闘機	6206
せんとうご	戦闘後	7493
せんとうしーん	戦闘シーン	7119
せんとうじ	戦闘時	7399
せんとうちゅう	戦闘中	6658
せんとうのうりょく	戦闘能力	7319
せんとうふのう	戦闘不能	7118
せんとうりょく	戦闘力	6913
せんとちひろのかみかくし	千と千尋の神隠し	7026
せんとらる	セントラル	6455
せんとれあ	セントレア	7272
せんど	鮮度	6147
せんどう	先導	6566
せんどう	扇動	7114
せんどう	船頭	7198
せんどう	仙道	7518
せんない	船内	6567
せんなん	泉南	7401
せんにゅう	潜入	6194
せんにゅうかん	先入観	6622
せんにん	選任	6242
せんにん	専任	6290
せんにん	千人	6525
せんにん	仙人	6581
せんねん	専念	6074
せんねん	千年	6923
せんのう	洗脳	6276
せんのりきゅう	千利休	7382
せんば	船場	7542
せんばい	専売	6926
せんばつ	選抜	5646
せんばつ	センバツ	6892
せんばづる	千羽鶴	7500
せんばん	旋盤	6873
せんぱい	先輩	4898
せんぱい	センパイ	7289
せんぱいかた	先輩方	7514
せんぱいがた	先輩方	7081
せんぱいしゃいん	先輩社員	7091
せんぱいたち	先輩たち	6788
せんぱいたち	先輩達	7351
せんぱく	船舶	6092
せんぱつ	先発	5709
せんぱつ	洗髪	7092
せんぱん	戦犯	6895
せんぱん	先般	7283
せんひき	線引き	6701
せんび	船尾	7363
せんびん	船便	7527
せんぶん	線分	7161
せんぷう	旋風	6808
せんぷうき	扇風機	6225
せんぷく	潜伏	6637
せんべい	せんべい	6274
せんべい	煎餅	6722
せんべつ	選別	6241
せんぼう	羨望	7097
せんぼく	泉北	7228
せんぼく	仙北	7551
せんぼつ	戦没	6920
せんぼん	千本	6996
せんぽう	戦法	6356
せんぽう	先方	6615
せんぽう	先鋒	7122
せんまい	洗米	7256
せんむ	専務	6498
せんめ	戦目	6929
せんめい	鮮明	6067
せんめつ	殲滅	6532
せんめん	洗面	5777
せんめんじょ	洗面所	6320
せんめんだい	洗面台	6749
せんもう	せん妄	7367
せんもん	専門	4752
せんもんい	専門医	6043
せんもんか	専門家	5293
せんもんがっこう	専門学校	5769
せんもんぎょうしゃ	専門業者	6981
せんもんしょ	専門書	7397
せんもんしょく	専門職	7010
せんもんすたっふ	専門スタッフ	7233
せんもんせい	専門性	6424
せんもんちしき	専門知識	6458
せんもんてき	専門的	6050
せんもんてん	専門店	5415
せんもんぶんや	専門分野	6973
せんもんようご	専門用語	6851
せんゆう	占有	6506
せんゆう	戦友	6875
せんゆう	専有	6957
せんよう	専用	4785
せんよう	占用	6932
せんよう	千葉	7337
せんらん	戦乱	6949
せんり	千里	6727
せんり	戦利	6838
せんりがん	千里眼	7423
せんりつ	旋律	6398
せんりつ	戦慄	6822
せんりひん	戦利品	7365
せんりゃく	戦略	4972
せんりゃくせい	戦略性	7328
せんりゃくてき	戦略的	6479
せんりゅう	川柳	6743
せんりょう	占領	6131
せんりょう	染料	6430
せんりょう	線量	6767
せんりょく	戦力	5744
せんりょくがい	戦力外	7526
せんれい	洗礼	6550
せんれい	先例	7378
せんれき	戦歴	7503
せんれつ	鮮烈	6789
せんれつ	戦列	7516
せんれん	洗練	5713
せんろ	線路	5821
せんろぞい	線路沿い	7529
せー	セー	7412
せーじ	セージ	6837
せーたー	セーター	6427
せーぬ	セーヌ	7041
せーふ	セーフ	6265
せーふてぃ	セーフティ	6695
せーふてぃー	セーフティー	7117
せーふもーど	セーフモード	7379
せーぶ	セーブ	5906
せーぶでーた	セーブデータ	7127
せーぶぽいんと	セーブポイント	7377
せーら	セーラ	7390
せーらー	セーラー	6464
せーらーふく	セーラー服	6719
せーらーむーん	セーラームーン	7308
せーる	セール	5569
せーるす	セールス	6145
せーるすぽいんと	セールスポイント	7341
せーるすまん	セールスマン	7306
ぜ	ぜ	5115
ぜ	是	6356
ぜい	税	5623
ぜい	勢	5708
ぜい	贅	7522
ぜいかん	税関	6510
ぜいがく	税額	6324
ぜいきん	税金	5651
ぜいこみ	税込み	5669
ぜいこみ	税込	6323
ぜいしゅう	税収	6897
ぜいじゃく	脆弱	6336
ぜいじゃくせい	脆弱性	7132
ぜいせい	税制	6319
ぜいたく	贅沢	5543
ぜいたく	ぜいたく	7308
ぜいぬき	税抜き	6678
ぜいぬき	税抜	6913
ぜいべつ	税別	6665
ぜいほう	税法	6480
ぜいむ	税務	6092
ぜいむしょ	税務署	6346
ぜいむちょうさ	税務調査	7267
ぜいりし	税理士	5887
ぜいりつ	税率	6287
ぜうす	ゼウス	6736
ぜぇ	ぜぇ	6985
ぜおらいと	ゼオライト	7387
ぜくしぃ	ゼクシィ	7192
ぜくす	ゼクス	7436
ぜせい	是正	6340
ぜっ	絶	6396
ぜっか	舌下	7387
ぜっきょう	絶叫	6492
ぜっく	絶句	6914
ぜっけい	絶景	5797
ぜっけん	ゼッケン	6895
ぜっこう	絶好	6150
ぜっこうちょう	絶好調	6772
ぜっさん	絶賛	5686
ぜっしょう	絶唱	7345
ぜっしょく	絶食	7137
ぜっする	絶する	6991
ぜっせい	絶世	7322
ぜったい	絶対	4614
ぜったい	ぜったい	6948
ぜったい	ゼッタイ	7553
ぜったいいき	絶対行き	7527
ぜったいおんかん	絶対音感	7382
ぜったいぜつめい	絶体絶命	7167
ぜったいたべ	絶対食べ	7512
ぜったいち	絶対値	7111
ぜったいてき	絶対的	6354
ぜったいに	絶対に	5042
ぜったいれいど	絶対零度	7546
ぜっちょう	絶頂	6826
ぜっと	ゼット	6763
ぜっとかい	Z会	7296
ぜっぱん	絶版	6805
ぜっぴん	絶品	5759
ぜっぺき	絶壁	7116
ぜつえん	絶縁	6142
ぜつだい	絶大	6214
ぜつぼう	絶望	5677
ぜつぼうかん	絶望感	7274
ぜつぼうてき	絶望的	6589
ぜつみょう	絶妙	5590
ぜつめい	絶命	7127
ぜつめつ	絶滅	6016
ぜつめつきぐしゅ	絶滅危惧種	7161
ぜに	銭	6931
ぜにがた	銭形	7168
ぜねこん	ゼネコン	6808
ぜねらる	ゼネラル	7276
ぜの	ゼノ	7351
ぜのぶれいど	ゼノブレイド	7422
ぜひ	ぜひ	4238
ぜひ	是非	4653
ぜひあそび	是非遊び	6896
ぜひいっしょ	是非一緒	7382
ぜひごらん	是非ご覧	7295
ぜひさいご	ぜひ最後	6630
ぜひさいご	是非最後	7335
ぜひさんこう	是非参考	6722
ぜひぜひ	ぜひぜひ	6134
ぜひぜひ	是非是非	7371
ぜひてんとう	是非店頭	7115
ぜひとうてん	是非当店	7339
ぜひとも	ぜひとも	6346
ぜひとも	是非とも	6632
ぜひみ	是非見	7271
ぜひみなさん	ぜひ皆さん	7136
ぜひみなさん	是非皆さん	7495
ぜふぁー	ゼファー	7415
ぜぶら	ゼブラ	7066
ぜみ	ゼミ	5835
ぜみなーる	ゼミナール	6929
ぜめ	攻め	6214
ぜらちん	ゼラチン	6486
ぜらにうむ	ゼラニウム	7244
ぜりふ	ゼリフ	7429
ぜりー	ゼリー	5779
ぜるだ	ゼルダ	6496
ぜるびあ	ゼルビア	7372
ぜれんすきー	ゼレンスキー	7058
ぜろ	ゼロ	5230
ぜろせん	零戦	7506
ぜろわん	ゼロワン	7411
ぜん	前	4275
ぜん	全	4546
ぜん	善	6066
ぜん	ぜん	6256
ぜん	禅	6426
ぜん	膳	6516
ぜん	戦	6732
ぜん	然	6945
ぜんあく	善悪	6758
ぜんい	善意	6570
ぜんいき	全域	6144
ぜんいん	全員	4763
ぜんいん	禪院	7243
ぜんえい	前衛	6359
ぜんえき	全駅	7466
ぜんか	前科	6737
ぜんかい	前回	4893
ぜんかい	全開	5983
ぜんかい	全壊	7205
ぜんかい	全会	7211
ぜんかい	全快	7239
ぜんかいいっち	全会一致	7409
ぜんかいのきじ	前回の記事	6609
ぜんかいふく	全回復	7239
ぜんかく	全角	6615
ぜんかん	全巻	6633
ぜんかん	全館	6802
ぜんがく	全額	5901
ぜんがく	全学	7194
ぜんがくねん	全学年	7370
ぜんき	前記	5772
ぜんき	前期	5819
ぜんきょく	全曲	6597
ぜんく	前駆	7082
ぜんくつ	前屈	7168
ぜんぐん	全軍	7469
ぜんけい	全景	6855
ぜんけい	前傾	6980
ぜんけい	前掲	7337
ぜんけい	前景	7379
ぜんけいしせい	前傾姿勢	7168
ぜんけん	全権	7283
ぜんけん	全県	7302
ぜんげつ	前月	6642
ぜんこ	全戸	7380
ぜんこう	前項	5665
ぜんこう	全校	6104
ぜんこう	善行	7147
ぜんこう	全高	7217
ぜんこうじ	善光寺	7122
ぜんこうじどう	全校児童	7315
ぜんこうせいと	全校生徒	7049
ぜんこうのばあい	前項の場合	7309
ぜんこく	全国	4517
ぜんこくかくち	全国各地	6273
ぜんこくく	全国区	7489
ぜんこくこうかい	全国公開	7554
ぜんこくせいは	全国制覇	7515
ぜんこくせんばつ	全国選抜	7563
ぜんこくたいかい	全国大会	6394
ぜんこくてき	全国的	6097
ぜんこくねっと	全国ネット	7365
ぜんこくへいきん	全国平均	7296
ぜんこくみん	全国民	7560
ぜんご	前後	4998
ぜんごう	前号	6853
ぜんさい	前菜	6254
ぜんさい	前妻	7058
ぜんさく	前作	5693
ぜんざ	前座	7073
ぜんざい	ぜんざい	6831
ぜんざいさん	全財産	7315
ぜんしつ	全室	6687
ぜんしつ	前室	7440
ぜんしゃ	前者	6025
ぜんしゃ	全社	6412
ぜんしゃ	全車	6762
ぜんしゃ	前車	7305
ぜんしゃいん	全社員	7043
ぜんしゃてき	全社的	7274
ぜんしゅ	全種	7074
ぜんしゅう	全集	6601
ぜんしゅう	前週	7008
ぜんしゅう	禅宗	7168
ぜんしゅう	全周	7334
ぜんしゅつ	前出	6751
ぜんしょう	全勝	6724
ぜんしょう	全焼	7029
ぜんしょう	前章	7397
ぜんしょうせん	前哨戦	7091
ぜんしょうとう	前照灯	7397
ぜんしょうひん	全商品	7556
ぜんしょく	前職	6211
ぜんしょく	全色	7139
ぜんしょくいん	全職員	7562
ぜんしん	全身	5326
ぜんしん	前進	5898
ぜんしん	前身	6334
ぜんしんぜんれい	全身全霊	6905
ぜんじ	禅師	7341
ぜんじつ	前日	5272
ぜんじつ	全日	7013
ぜんじつせい	全日制	7357
ぜんじゅうぎょういん	全従業員	7563
ぜんじゅつ	前述	5673
ぜんじょう	前条	6248
ぜんじんみとう	前人未到	7416
ぜんじんるい	全人類	7379
ぜんすう	全数	7413
ぜんせ	前世	6590
ぜんせい	前世	6456
ぜんせい	全盛	6955
ぜんせいき	全盛期	6330
ぜんせかい	全世界	6367
ぜんせき	全席	6741
ぜんせき	前席	7230
ぜんせつ	前節	6846
ぜんせつ	前説	7553
ぜんせん	前線	6083
ぜんせん	全線	6604
ぜんせん	善戦	7123
ぜんぜん	全然	4845
ぜんぜん	ぜんぜん	6269
ぜんぜんいい	全然いい	7225
ぜんぜんかい	前々回	6941
ぜんぜんかんけいない	全然関係ない	7332
ぜんぜんじつ	前々日	7388
ぜんぜんだいじょうぶ	全然大丈夫	6897
ぜんぜんない	全然ない	6938
ぜんぜんなく	全然なく	7525
ぜんそう	前奏	7490
ぜんそく	喘息	6349
ぜんそく	ぜんそく	7333
ぜんそくりょく	全速力	7300
ぜんそん	全損	7565
ぜんたい	全体	4412
ぜんたいしゅぎ	全体主義	7493
ぜんたいぞう	全体像	6855
ぜんたいてき	全体的	5341
ぜんだいみもん	前代未聞	6764
ぜんだま	善玉	6807
ぜんだまきん	善玉菌	7354
ぜんだん	前段	7006
ぜんち	全治	7178
ぜんちし	前置詞	7064
ぜんちゅう	全中	7263
ぜんちょう	全長	6056
ぜんちょう	前兆	6459
ぜんつう	全通	7422
ぜんてい	前提	5278
ぜんてい	前庭	7022
ぜんていじょうけん	前提条件	7108
ぜんてき	全摘	7195
ぜんてん	全店	6686
ぜんてん	前転	7367
ぜんてんこう	全天候	7313
ぜんてんぽ	全店舗	7441
ぜんでら	禅寺	7207
ぜんと	前途	7103
ぜんとう	前頭	7136
ぜんとう	全頭	7477
ぜんとうよう	前頭葉	7297
ぜんとそう	全塗装	7527
ぜんど	全土	6578
ぜんどう	全道	7031
ぜんにちせい	全日制	7474
ぜんにっくう	全日空	7211
ぜんにほん	全日本	5723
ぜんにん	前任	6784
ぜんにん	善人	6897
ぜんにんしゃ	前任者	7518
ぜんねん	前年	5720
ぜんねんど	前年度	6407
ぜんねんひ	前年比	7357
ぜんのう	全農	7068
ぜんのう	全能	7191
ぜんはん	前半	5365
ぜんはんせん	前半戦	7285
ぜんぱい	全敗	7383
ぜんぱい	全廃	7428
ぜんぱん	全般	5593
ぜんぱん	前半	6188
ぜんぱんてき	全般的	6804
ぜんぱんに	全般に	6309
ぜんひてい	全否定	7285
ぜんぴん	全品	6846
ぜんぶ	全部	4722
ぜんぶ	ぜんぶ	6571
ぜんぶ	前部	6929
ぜんぶたべ	全部食べ	7316
ぜんぶみ	全部見	7363
ぜんぶん	全文	6301
ぜんぶん	前文	7434
ぜんぷく	全幅	7185
ぜんべい	全米	6181
ぜんぺん	前編	6184
ぜんぺん	全編	6476
ぜんほうい	全方位	7347
ぜんぼう	全貌	6640
ぜんぽう	前方	5850
ぜんぽうこうえんふん	前方後円墳	7168
ぜんまい	ゼンマイ	6940
ぜんまい	ぜんまい	7386
ぜんめつ	全滅	6155
ぜんめん	全面	5643
ぜんめん	前面	5850
ぜんめんてき	全面的	6407
ぜんもう	全盲	7416
ぜんもん	全問	7069
ぜんや	前夜	6524
ぜんやさい	前夜祭	6843
ぜんよう	全容	6872
ぜんら	全裸	6664
ぜんりつせん	前立腺	6556
ぜんりゃく	前略	7456
ぜんりゅうこ	全粒粉	6710
ぜんりょう	善良	6876
ぜんりょう	全量	6971
ぜんりょう	全寮	7461
ぜんりょく	全力	5274
ぜんりん	前輪	6619
ぜんれい	前例	6536
ぜんれき	前歴	7496
ぜんれつ	前列	6316
ぜんわ	全話	6638
ぜんわん	前腕	7132
ぜーた	ゼータ	7560
ぜーたがんだむ	Zガンダム	7294
そ	そ	5722
そ	祖	6282
そ	粗	6670
そ	蘇	6979
そ	ソ	7047
そ	疎	7345
そ	曽	7398
そ	素	7440
そあく	粗悪	7366
そあら	ソアラ	7566
そあん	素案	7268
そい	沿い	6054
そい	そい	7234
そい	ソイ	7264
そい	添い	7462
そい	削い	7550
そいつ	そいつ	6150
そいね	添い寝	6867
そいる	ソイル	7302
そいんすう	素因数	7460
そう	そう	3865
そう	層	5125
そう	総	5138
そう	創	5999
そう	装	6116
そう	僧	6220
そう	葬	6243
そう	曹	6275
そうあん	草案	7152
そうい	相違	6221
そうい	創意	6672
そうい	創痍	7319
そうい	総意	7355
そういう	そういう	4570
そういくふう	創意工夫	7168
そういちろう	宗一郎	7382
そういった	そういった	5308
そういてん	相違点	7366
そういや	そういや	6396
そうおう	相応	6280
そうおおく	そう多く	7450
そうおん	騒音	5897
そうか	創価	6900
そうか	草加	6989
そうか	装花	7228
そうかい	総会	5597
そうかい	爽快	6012
そうかい	掃海	7521
そうかいかん	爽快感	6807
そうかがっかい	創価学会	6482
そうかつ	総括	6305
そうかん	相関	6045
そうかん	創刊	6444
そうかん	送還	7056
そうかん	壮観	7079
そうかん	総監	7261
そうかん	挿管	7478
そうかんかんけい	相関関係	7393
そうかんず	相関図	7428
そうが	装画	7484
そうがく	総額	5837
そうがん	双眼	7079
そうがんきょう	双眼鏡	6922
そうき	早期	5558
そうき	想起	6501
そうきゅう	早急	6590
そうきゅう	送球	6769
そうきゅう	蒼穹	7502
そうきょく	双極	7042
そうきょく	総局	7283
そうきん	送金	6189
そうぎ	葬儀	5717
そうぎ	争議	7251
そうぎしゃ	葬儀社	7354
そうぎょう	創業	5274
そうぎょう	操業	6563
そうぎょういらい	創業以来	7176
そうぎょうしゃ	創業者	6951
そうぎょうじ	創業時	7408
そうぎょうとうしょ	創業当初	7531
そうぎょうとうじ	創業当時	7402
そうくつ	巣窟	7178
そうぐ	装具	6675
そうぐう	遭遇	5613
そうけ	宗家	7017
そうけい	早慶	6539
そうけい	総計	7207
そうけん	創建	6304
そうけん	総研	6655
そうけん	送検	6825
そうけん	双剣	7511
そうげい	送迎	5787
そうげん	草原	6269
そうげん	創元	7526
そうこ	倉庫	5531
そうこう	走行	5150
そうこう	装甲	6091
そうこう	そうこう	6764
そうこう	壮行	6852
そうこう	奏功	7277
そうこう	奏効	7537
そうこう	草稿	7550
そうこうあんていせい	走行安定性	7410
そうこうきょり	走行距離	6676
そうこうしゃ	装甲車	7164
そうこうせいのう	走行性能	7131
そうこうちゅう	走行中	6586
そうご	相互	5499
そうごう	総合	4818
そうごう	綜合	7316
そうごういりょうせんたー	総合医療センター	7466
そうごうしょく	総合職	7209
そうごうだいがく	総合大学	7364
そうごうてき	総合的	5828
そうごうひょうか	総合評価	7250
そうごうびょういん	総合病院	7170
そうごうゆうしょう	総合優勝	7506
そうごうりょく	総合力	7359
そうごさよう	相互作用	7201
そうごりかい	相互理解	7311
そうごりんく	相互リンク	7448
そうごん	荘厳	7125
そうさ	操作	4718
そうさ	捜査	5550
そうさ	そうさ	6898
そうさ	走査	7124
そうさい	総裁	5987
そうさい	相殺	6668
そうさい	葬祭	6973
そうさいせん	総裁選	7160
そうさかのう	操作可能	7358
そうさかん	操作感	7230
そうさく	創作	5467
そうさく	捜索	6096
そうさくかつどう	創作活動	7051
そうさくりょうり	創作料理	7494
そうさせい	操作性	6417
そうさつ	相殺	7410
そうさほうほう	操作方法	6787
そうざい	惣菜	6017
そうざい	総菜	6881
そうざん	早産	6929
そうし	そうし	6030
そうし	創始	6607
そうし	奏し	6891
そうし	冊子	7462
そうしき	葬式	6273
そうしそうあい	相思相愛	7261
そうした	そうした	5450
そうしたら	そうしたら	6375
そうしつ	喪失	5990
そうしつかん	喪失感	7256
そうして	そうして	5989
そうしゃ	奏者	6173
そうしゃ	走者	6416
そうしゃ	操車	7517
そうしゅ	宗主	7339
そうしゅうへん	総集編	6814
そうしゅつ	創出	5789
そうしゅつ	送出	7248
そうしゅつ	早出	7280
そうしゅん	早春	6983
そうしょ	叢書	7403
そうしょ	草書	7422
そうしょう	総称	6167
そうしょう	創傷	7223
そうしょく	装飾	5520
そうしょく	草食	6752
そうしょくてき	装飾的	7434
そうしょくひん	装飾品	6976
そうしよ	そうしよ	7257
そうしん	送信	5094
そうしん	痩身	6871
そうしんき	送信機	7513
そうしんぐ	装身具	7418
そうしんしゃ	送信者	7486
そうしんちゅう	送信中	7308
そうじ	掃除	5032
そうじ	そうじ	6750
そうじ	相似	7213
そうじ	総司	7486
そうじき	掃除機	6596
そうじて	総じて	6362
そうじゃ	総社	7438
そうじゅう	操縦	6018
そうじゅしん	送受信	6455
そうじょう	相乗	6384
そうじょう	奏上	7451
そうじょう	層状	7503
そうじょうこうか	相乗効果	6821
そうすい	総帥	7281
そうすい	送水	7455
そうすう	総数	6319
そうすけ	壮亮	7388
そうすけ	宗介	7503
そうする	そうする	6005
そうすると	そうすると	5842
そうすれ	そうすれ	6153
そうせい	創生	6286
そうせい	創世	6856
そうせい	創成	7011
そうせい	創製	7400
そうせき	漱石	6558
そうせつ	創設	5863
そうせん	操船	7391
そうせんきょ	総選挙	7163
そうぜい	総勢	6323
そうぜつ	壮絶	6397
そうぜん	騒然	6903
そうぜんと	騒然と	7539
そうそう	そうそう	5773
そうそう	早々	6295
そうそう	葬送	6835
そうそう	草創	7361
そうそふ	曽祖父	7478
そうぞう	想像	4875
そうぞう	創造	5346
そうぞうがつか	想像がつか	7510
そうぞうしい	騒々しい	7491
そうぞうせい	創造性	6583
そうぞうてき	創造的	6756
そうぞうりょく	想像力	6421
そうぞうりょく	創造力	6904
そうぞく	相続	5480
そうぞくざいさん	相続財産	7410
そうぞくぜい	相続税	7053
そうぞくとうき	相続登記	7511
そうぞくにん	相続人	6077
そうぞくほうき	相続放棄	7306
そうた	聡太	6885
そうた	颯太	7264
そうた	蒼汰	7272
そうた	草太	7324
そうた	奏多	7516
そうたい	相対	6040
そうたい	総体	6403
そうたい	早退	6829
そうたいせいりろん	相対性理論	7139
そうたいてき	相対的	6376
そうたつ	送達	7043
そうだ	操舵	6998
そうだい	壮大	5946
そうだい	早大	6839
そうだい	総代	7023
そうだつ	争奪	6388
そうだつせん	争奪戦	7305
そうだん	相談	4284
そうだん	装弾	7292
そうだんあいて	相談相手	7528
そうだんいん	相談員	7376
そうだんかい	相談会	7394
そうだんかのう	相談可能	7556
そうだんくだ	相談下	6309
そうだんしゃ	相談者	7017
そうだんしょ	相談所	6844
そうだんないよう	相談内容	7192
そうだんまどぐち	相談窓口	7178
そうだんやく	相談役	7030
そうち	装置	5049
そうち	送致	7073
そうちゃく	装着	5186
そうちゃくかのう	装着可能	7224
そうちゃくかん	装着感	7206
そうちょう	早朝	5772
そうちょう	総長	6440
そうてい	想定	5169
そうてい	装丁	6884
そうていがい	想定外	6974
そうていない	想定内	7308
そうてつ	相鉄	6707
そうてん	装填	6584
そうてん	争点	6798
そうてん	蒼天	7029
そうで	総出	6979
そうですね	そうですね	5969
そうでん	送電	6600
そうとう	相当	5334
そうとう	総統	6839
そうとう	そうとう	7206
そうとう	掃討	7253
そうとうしゅう	曹洞宗	7000
そうとおく	そう遠く	7135
そうとく	総督	6894
そうどう	騒動	5940
そうどういん	総動員	7052
そうない	そうない	7188
そうなると	そうなると	6268
そうなん	そうなん	6274
そうなん	遭難	6531
そうにゅう	挿入	5640
そうね	そうね	7056
そうねん	壮年	7162
そうねん	想念	7490
そうは	走破	6774
そうはい	送配	7271
そうはく	蒼白	7539
そうはつ	創発	7422
そうはん	相反	6534
そうば	相場	5463
そうひょう	総評	6950
そうび	装備	4866
そうびかのう	装備可能	7365
そうびひん	装備品	6969
そうふ	送付	5688
そうふう	送風	6852
そうぶ	総武	6902
そうぶ	創部	7021
そうぶせん	総武線	7489
そうへき	双璧	7373
そうべつ	送別	6841
そうべつかい	送別会	7401
そうほう	双方	5768
そうほう	奏法	6843
そうほうこう	双方向	6619
そうほん	草本	7535
そうほんざん	総本山	7049
そうぼうきん	僧帽筋	7452
そうま	相馬	6752
そうま	壮馬	7502
そうまとう	走馬灯	7310
そうむ	総務	5747
そうむしょう	総務省	6790
そうむだいじん	総務大臣	7447
そうめい	聡明	6884
そうめん	そうめん	6483
そうめん	素麺	6831
そうもく	草木	6983
そうや	宗谷	7461
そうやく	創薬	6853
そうやって	そうやって	6079
そうよう	装用	7108
そうらん	騒乱	7496
そうり	総理	5912
そうりだいじん	総理大臣	7073
そうりつ	創立	5916
そうりょ	僧侶	6207
そうりょう	送料	5183
そうりょう	総量	6792
そうりょうこみ	送料込み	7141
そうりょうじ	総領事	7510
そうりょうじかん	総領事館	7250
そうりょうむりょう	送料無料	5919
そうりょく	走力	7025
そうりょく	総力	7073
そうる	ソウル	5554
そうるい	走塁	6908
そうるい	藻類	6987
そうるふる	ソウルフル	7506
そうるめいと	ソウルメイト	7285
そうれい	壮麗	7270
そうろ	走路	7305
そうろう	候	6494
そうろん	総論	7297
そうわ	総和	7282
そえ	添え	5606
そえ	添	7049
そえ	そえ	7317
そえ	沿え	7523
そえる	添える	6274
そえん	疎遠	6632
そかい	疎開	6928
そが	曽我	7193
そが	削が	7313
そが	蘇我	7455
そがい	阻害	5927
そがい	疎外	6966
そがいかん	疎外感	7480
そきゅう	訴求	6418
そきゅう	遡及	7412
そぎ	削ぎ	7457
そぎおとし	削ぎ落とし	7346
そぎおとし	そぎ落とし	7531
そぎぎり	そぎ切り	7417
そく	足	5223
そく	即	5355
そく	速	5841
そく	ソク	6650
そく	則	6656
そく	そく	6758
そく	束	6798
そくい	即位	6482
そくい	測位	7110
そくおう	即応	7239
そくかんばい	即完売	7128
そくがい	即買い	7042
そくこうにゅう	即購入	6740
そくさい	息災	6924
そくざ	即座	6103
そくし	即死	6326
そくし	即し	6553
そくし	足指	7093
そくし	則し	7438
そくしつ	側室	6994
そくしゃ	速射	7354
そくしん	促進	5212
そくじ	即時	6240
そくじつ	即日	6057
そくせき	即席	6694
そくせん	側線	7453
そくたつ	速達	6940
そくてい	測定	5106
そくてい	足底	7035
そくていき	測定機	7559
そくていけっか	測定結果	7438
そくていち	測定値	7382
そくていほうほう	測定方法	7561
そくとう	即答	6743
そくど	速度	5018
そくどう	側道	7365
そくどく	速読	7097
そくのう	即納	7274
そくばい	即売	6765
そくばく	束縛	6486
そくばん	側板	7498
そくへき	側壁	7349
そくほう	速報	5955
そくほう	側方	7333
そくめん	側面	5404
そくらてす	ソクラテス	7150
そくりょう	測量	6220
そくりょく	速力	7353
そぐ	削ぐ	7514
そぐわない	そぐわない	7002
そけい	鼠径	7276
そけっと	ソケット	6266
そげき	狙撃	6404
そこ	そこ	4222
そこ	底	5602
そこ	其処	7169
そこ	ソコ	7433
そこあげ	底上げ	6417
そこいた	底板	7217
そこう	素行	7042
そこう	遡行	7160
そこく	祖国	6631
そこそこ	そこそこ	5533
そこそこ	ソコソコ	7508
そこぢから	底力	6925
そこで	そこで	4675
そこない	損ない	7340
そこなう	損なう	6541
そこなし	底なし	7331
そこなっ	損なっ	7294
そこなわ	損なわ	6322
そこね	損ね	6646
そこね	そこね	6907
そこね	底値	7486
そこねよ	そこねよ	6907
そこねりゃ	そこねりゃ	6907
そこねる	そこねる	6907
そこねる	損ねる	7124
そこねれ	そこねれ	6907
そこねろ	そこねろ	6907
そこねん	そこねん	6907
そこはかとなく	そこはかとなく	7522
そこら	そこら	6482
そこらじゅう	そこら中	7527
そご	齟齬	7045
そごう	そごう	6762
そざい	素材	4521
そざいかん	素材感	6843
そざつ	粗雑	7512
そし	阻止	5998
そし	素子	6412
そし	祖師	7415
そしき	組織	4723
そしきぜんたい	組織全体	7285
そしきたいせい	組織体制	7534
そしきてき	組織的	6814
そしきない	組織内	7206
そしたら	そしたら	5885
そしつ	素質	6572
そして	そして	3846
そしな	粗品	6747
そしゃく	咀嚼	6662
そしゃげ	ソシャゲ	6632
そしゅう	蘇州	7226
そしょう	訴訟	5723
そしょう	粗しょう	7212
そじ	素地	7181
そじょう	遡上	7042
そじょう	訴状	7173
そすい	疎水	7185
そすい	疏水	7525
そすう	素数	6866
そせい	組成	6124
そせい	蘇生	6201
そせい	塑性	7305
そせき	礎石	7333
そせん	祖先	6450
そぜい	租税	6711
そそい	注い	6193
そそう	粗相	7274
そそぎ	注ぎ	6534
そそぎぐち	注ぎ口	7314
そそぎこむ	注ぎ込む	7499
そそくさ	そそくさ	7147
そそぐ	注ぐ	6272
そそら	そそら	6811
そそり	そそり	6912
そそる	そそる	6686
そたい	素体	6954
そだい	粗大	7003
そだいごみ	粗大ごみ	6807
そだいごみ	粗大ゴミ	7518
そだた	育た	6794
そだち	育ち	5814
そだっ	育っ	5429
そだつ	育つ	5962
そだて	育て	5163
そだてあげ	育て上げ	7130
そだてやすい	育てやすい	6940
そだてよ	育てよ	6976
そだてよう	育てよう	6970
そだてる	育てる	5543
そだてれ	育てれ	7516
そち	措置	5263
そち	ソチ	7209
そちら	そちら	5360
そっ	沿っ	5416
そっ	そっ	6654
そっ	反っ	7140
そっ	剃っ	7158
そっ	添っ	7370
そっか	そっか	6783
そっか	足下	7451
そっから	そっから	7112
そっかん	速乾	6724
そっかんせい	速乾性	6766
そっき	測器	7505
そっき	速記	7556
そっきゅう	速球	6958
そっきょう	即興	6419
そっきん	側近	6628
そっくす	ソックス	6215
そっくり	そっくり	5837
そっくり	ソックリ	7342
そっけつ	即決	6501
そっけない	そっけない	7348
そっこう	速攻	6111
そっこう	即効	6684
そっこう	側溝	6932
そっこう	測光	7371
そっこうじょ	測候所	7388
そっこうせい	即効性	6975
そっこく	即刻	7120
そっこー	ソッコー	7503
そっせん	率先	6473
そっち	そっち	5798
そっちのけ	そっちのけ	7062
そっちょく	率直	6164
そっと	そっと	5804
そっぽ	そっぽ	7264
そつ	卒	5845
そつ	そつ	7058
そつい	訴追	7413
そつう	疎通	6492
そつえん	卒園	6677
そつえんしき	卒園式	6989
そつぎょう	卒業	4794
そつぎょうご	卒業後	6232
そつぎょうしき	卒業式	5947
そつぎょうしょうしょ	卒業証書	7307
そつぎょうせい	卒業生	5675
そつぎょうろんぶん	卒業論文	7477
そつにゅう	卒乳	7462
そつろん	卒論	6770
そてつ	ソテツ	7458
そてー	ソテー	6473
そで	袖	5702
そで	そで	7211
そで	外	7509
そでがうら	袖ヶ浦	7560
そでぐち	袖口	6519
そでたけ	袖丈	6543
そでをとおし	袖を通し	7524
そと	外	5242
そと	ソト	7262
そとあそび	外遊び	7451
そとかべ	外壁	6978
そとがわ	外側	5837
そとづけ	外付け	6431
そとづら	外面	7476
そとのけしき	外の景色	7430
そとのせかい	外の世界	7026
そとばこ	外箱	6665
そとぶくろ	外袋	7317
そとぼう	外房	7531
そとぼり	外堀	7313
そとまわり	外回り	6879
そとみ	外見	6330
そとむき	外向き	7442
そとゆ	外湯	7533
そとわく	外枠	7066
そな	ソナ	7564
そなえ	備え	5156
そなえ	供え	7102
そなえ	そなえ	7183
そなえ	備	7221
そなえつけ	備え付け	7032
そなえもの	供え物	7038
そなえよ	備えよ	7555
そなえよう	備えよう	7561
そなえる	備える	6048
そなえる	供える	7378
そなた	ソナタ	6630
そなた	そなた	7061
そなわっ	備わっ	6105
そなわり	備わり	7378
そなわる	備わる	7294
そなー	ソナー	7426
そにあ	ソニア	7330
そにっく	ソニック	6510
そにー	ソニー	5934
そにー	SONY	6804
そぬ	ソヌ	7390
そね	曽根	7082
その	その	3246
その	園	5971
その	其の	6369
その	苑	6730
その	ソノ	7386
そのあいだ	その間	6143
そのあと	その後	5088
そのうえ	そのうえ	6924
そのうえで	そのうえで	6576
そのうち	そのうち	5656
そのかん	その間	5903
そのこ	その子	5817
そのこ	園子	7000
そのころ	その頃	7223
そのご	その後	4597
そのた	その他	5215
そのだ	園田	6891
そのとき	その時	4906
そのひ	その日	5374
そのほか	その他	4435
そのまま	そのまま	4577
そのみ	その美	6369
そのみ	その実	7530
そのみち	その道	6828
そのもの	そのもの	5166
そば	そば	5037
そば	蕎麦	5591
そば	側	5898
そば	傍	6464
そば	ソバ	6909
そば	稜	7154
そば	蕎	7515
そばかす	そばかす	6834
そばこ	そば粉	7020
そばこ	蕎麦粉	7554
そばや	蕎麦屋	7376
そばゆ	蕎麦湯	7531
そひょん	ソヒョン	7440
そびえ	そびえ	7408
そびえたつ	そびえ立つ	7159
そびえと	ソビエト	6848
そびえる	そびえる	7024
そびょう	素描	7542
そびれ	そびれ	6907
そびれよ	そびれよ	6907
そびれりゃ	そびれりゃ	6907
そびれる	そびれる	6907
そびれれ	そびれれ	6907
そびれろ	そびれろ	6907
そびれん	そびれん	6907
そふ	祖父	5898
そふぁ	ソファ	5738
そふぁー	ソファー	6298
そふぃ	ソフィ	7395
そふぃあ	ソフィア	6646
そふぃー	ソフィー	7059
そふと	ソフト	5040
そふとうぇあ	ソフトウェア	5341
そふとうぇあかいはつ	ソフトウェア開発	7367
そふとうえあ	ソフトウエア	6646
そふとくりーむ	ソフトクリーム	6061
そふとてにす	ソフトテニス	6609
そふとどりんく	ソフトドリンク	6700
そふとばんく	ソフトバンク	5938
そふとばんくほーくす	ソフトバンクホークス	7167
そふとぼーる	ソフトボール	6393
そふび	ソフビ	6816
そふぼ	祖父母	6255
そぷらの	ソプラノ	6770
そぼ	祖母	5865
そぼう	粗暴	7547
そぼく	素朴	6004
そぼろ	そぼろ	6608
そまっ	染まっ	6350
そまつ	粗末	6797
そまら	染まら	7505
そまり	染まり	6683
そまりあ	ソマリア	7326
そまる	染まる	6543
そむい	背い	7566
そむりえ	ソムリエ	6541
そめ	染め	6434
そめ	染	6440
そめ	そめ	7376
そめあげ	染め上げ	7398
そめいよしの	ソメイヨシノ	6808
そめや	染谷	7240
そめる	染める	6523
そも	そも	7513
そもそも	そもそも	4895
そもそも	抑	7263
そよう	素養	6970
そよかぜ	そよ風	7005
そよぎ	梵	7293
そよぐ	そよぐ	7557
そら	空	5350
そら	宇宙	5644
そら	そら	6046
そら	ソラ	6578
そら	宇	6592
そらいろ	空色	7271
そらぐみ	宙組	7280
そらし	そらし	7331
そらす	逸らす	7377
そらす	そらす	7423
そらち	空知	7277
そらで	空で	7433
そらになっ	空になっ	7115
そらまめ	そら豆	7056
そらまめ	そらまめ	7475
そらみみ	空耳	7400
そらもよう	空模様	7044
そり	剃り	6740
そり	ソリ	6789
そり	反り	6846
そり	そり	6969
そりお	ソリオ	7515
そりすと	ソリスト	6951
そりっど	ソリッド	6856
そりまち	反町	7448
そりゃ	そりゃ	5630
そりゃあ	そりゃあ	6545
そりゃー	そりゃー	7534
そりゅうし	素粒子	6991
そりゅーしょん	ソリューション	5543
そりゅーしょんず	ソリューションズ	7400
そる	ソル	6351
そる	剃る	7152
そる	そる	7512
そると	ソルト	7201
そるべ	ソルベ	7404
それ	それ	3608
それ	ソレ	6696
それ	其れ	7002
それ	逸れ	7032
それいゆ	ソレイユ	7276
それから	それから	5281
それぞれ	それぞれ	4380
それぞれ	其々	7437
それぞれことなり	それぞれ異なり	7487
それだけ	それだけ	5453
それだけに	それだけに	6567
それっぽい	それっぽい	6696
それっぽく	それっぽく	6975
それで	それで	5163
それでいて	それでいて	6242
それでは	それでは	5127
それでも	それでも	4796
それと	それと	5679
それとなく	それとなく	7065
それとも	それとも	5392
それどころ	それどころ	7134
それどころか	それどころか	6509
それなのに	それなのに	6258
それなら	それなら	5897
それなり	それなり	5340
それに	それに	5243
それにしても	それにしても	5553
それほど	それほど	5350
それほど	それ程	6724
それほどおおきく	それほど大きく	7235
それほどおおく	それほど多く	7044
それほどたかく	それほど高く	7060
それほどむずかしく	それほど難しく	7515
それら	それら	5043
それん	ソ連	5981
それんぐん	ソ連軍	7555
そろ	ソロ	5361
そろ	そろ	7135
そろ	十六	7360
そろあるばむ	ソロアルバム	7302
そろい	揃い	6260
そろい	そろい	7035
そろい	揃	7482
そろいぶみ	揃い踏み	7525
そろう	揃う	6165
そろう	そろう	6862
そろえ	揃え	5689
そろえ	そろえ	6310
そろえる	揃える	6171
そろえる	そろえる	6722
そろきゃんぷ	ソロキャンプ	6990
そろそろ	そろそろ	5300
そろっ	揃っ	5370
そろっ	そろっ	5997
そろばん	そろばん	6717
そろぷれい	ソロプレイ	7477
そろもん	ソロモン	6741
そろわ	揃わ	6881
そわ	沿わ	7088
そわそわ	ソワソワ	6829
そわそわ	そわそわ	6934
そん	村	5620
そん	損	5859
そん	ソン	6243
そん	そん	6543
そん	存	6891
そん	孫	7297
そんえき	損益	6377
そんかい	損壊	6825
そんがい	損害	5409
そんがいばいしょう	損害賠償	6905
そんきん	損金	7064
そんぎり	損切り	6902
そんぐ	ソング	5777
そんけい	尊敬	5625
そんけいのねん	尊敬の念	7479
そんげん	尊厳	6522
そんごくう	孫悟空	6756
そんごはん	孫悟飯	7498
そんざい	存在	4286
そんざいいぎ	存在意義	7225
そんざいかち	存在価値	7519
そんざいかん	存在感	5848
そんざいじたい	存在自体	7403
そんし	損し	7409
そんしつ	損失	5728
そんしゃ	村社	7431
そんしょう	損傷	5680
そんしょく	遜色	7101
そんしょくない	遜色ない	7082
そんじぇ	ソンジェ	7404
そんする	損する	6817
そんする	存する	7141
そんぞう	尊像	7497
そんぞく	存続	6089
そんたく	忖度	6654
そんだい	尊大	7518
そんだけ	そんだけ	7368
そんちょう	尊重	5663
そんちょう	村長	6574
そんで	そんで	6579
そんでもって	そんでもって	7153
そんとく	損得	6981
そんな	そんな	4013
そんな	損な	7395
そんない	村内	7035
そんなに	そんなに	5076
そんなふうに	そんなふうに	7121
そんはさ	損はさ	7363
そんはし	損はし	7141
そんぼう	存亡	7394
そんぽ	損保	6730
そんみん	村民	6795
そんらく	村落	7290
そんりつ	村立	7514
そー	そ～	7240
そー	ソー	7439
そーさー	ソーサー	7254
そーしゃる	ソーシャル	7109
そーしゃるげーむ	ソーシャルゲーム	7172
そーしゃるでぃすたんす	ソーシャルディスタンス	6879
そーしゃるねっと	ソーシャルネット	7324
そーしゃるめでぃあ	ソーシャルメディア	6174
そーしゃるわーかー	ソーシャルワーカー	7202
そーす	ソース	4953
そーすこーど	ソースコード	6828
そーせーじ	ソーセージ	6083
そーだ	ソーダ	6166
そーと	ソート	6505
そーど	ソード	6419
そーどあーとおんらいん	ソードアート・オンライン	7375
そーぷ	ソープ	6359
そーま	ソーマ	7334
そーらん	ソーラン	7087
そーらんぶし	ソーラン節	7502
そーらー	ソーラー	6218
そーらーぱねる	ソーラーパネル	7179
そーる	ソール	6202
そーるどあうと	ソールドアウト	7441
ぞ	ぞ	4663
ぞい	沿い	5608
ぞい	ぞい	7097
ぞいど	ゾイド	7224
ぞう	像	5276
ぞう	増	5825
ぞう	ぞう	6191
ぞう	象	6226
ぞう	蔵	6231
ぞう	ゾウ	6294
ぞう	造	6340
ぞう	雑	6623
ぞうあく	増悪	6942
ぞういん	増員	6849
ぞうえい	造影	6733
ぞうえい	造営	6835
ぞうえき	増益	6933
ぞうえん	造園	6529
ぞうえん	増援	6963
ぞうお	憎悪	6698
ぞうか	増加	4938
ぞうか	造花	6943
ぞうかけいこう	増加傾向	6743
ぞうかん	増刊	7129
ぞうがく	増額	6561
ぞうがん	象嵌	7498
ぞうき	臓器	6114
ぞうき	雑木	7437
ぞうきばやし	雑木林	6907
ぞうきょう	増強	6151
ぞうきん	雑巾	6649
ぞうきん	ぞうきん	7524
ぞうけい	造形	5781
ぞうけい	造詣	6998
ぞうけい	造型	7231
ぞうけつ	造血	7066
ぞうけつ	増結	7311
ぞうげ	象牙	6899
ぞうげん	増減	6263
ぞうご	造語	6754
ぞうごん	雑言	7312
ぞうさく	造作	6645
ぞうさつ	増刷	7384
ぞうさん	増産	6869
ぞうし	増資	6932
ぞうしゅう	増収	6840
ぞうしょ	蔵書	6764
ぞうしょう	増床	7533
ぞうしょく	増殖	5991
ぞうしん	増進	6191
ぞうすい	増水	6704
ぞうすい	雑炊	6831
ぞうせい	造成	6407
ぞうせつ	増設	6175
ぞうせん	造船	6452
ぞうぜい	増税	6400
ぞうだい	増大	6064
ぞうちく	増築	6596
ぞうちょう	増長	7384
ぞうてい	贈呈	6137
ぞうていしき	贈呈式	7506
ぞうとう	贈答	6619
ぞうとうひん	贈答品	7429
ぞうに	雑煮	6845
ぞうねんざい	増粘剤	7519
ぞうはい	増配	7245
ぞうはつ	増発	7318
ぞうび	増備	7318
ぞうびん	増便	7391
ぞうふく	増幅	6300
ぞうふくき	増幅器	7533
ぞうぶん	増分	7436
ぞうへいきょく	造幣局	7561
ぞうほ	増補	7275
ぞうよ	贈与	6283
ぞうよぜい	贈与税	7408
ぞうり	草履	6902
ぞうりゅう	造立	7442
ぞうりょう	増量	6353
ぞうりん	造林	7435
ぞく	族	5428
ぞく	属	6035
ぞく	続	6532
ぞく	俗	6646
ぞく	賊	7055
ぞくご	俗語	7456
ぞくさ	属さ	7125
ぞくし	属し	6467
ぞくしゅつ	続出	6132
ぞくしょう	俗称	7325
ぞくしん	続伸	7498
ぞくじん	属人	6976
ぞくする	属する	5872
ぞくせい	属性	5077
ぞくせいち	属性値	7110
ぞくぞく	続々	5846
ぞくぞく	ゾクゾク	7085
ぞくぞく	ぞくぞく	7545
ぞくちょう	族長	7338
ぞくとう	続投	6765
ぞくはつ	続発	7361
ぞくへん	続編	5831
ぞくほう	続報	6517
ぞっこう	続行	6322
ぞっこく	属国	7427
ぞっと	ゾッと	6804
ぞっと	ぞっと	7150
ぞむ	ゾム	7210
ぞめ	染め	6181
ぞる	ゾル	7383
ぞろ	ゾロ	6315
ぞろい	揃い	6288
ぞろい	ぞろい	7030
ぞろえ	揃え	7315
ぞろぞろ	ぞろぞろ	7344
ぞろめ	ゾロ目	7245
ぞろり	ゾロリ	7439
ぞん	損	6825
ぞんざい	ぞんざい	7458
ぞんじ	存じ	6053
ぞんじあげ	存じ上げ	7269
ぞんち	存知	7555
ぞんび	ゾンビ	5943
ぞんぶん	存分	5847
ぞんめい	存命	6963
ぞーにんぐ	ゾーニング	7410
ぞーま	ゾーマ	7566
ぞーん	ゾーン	5490
た	た	1995
た	他	4514
た	多	5359
た	田	6032
たぁい	たぁい	6907
たあいもない	他愛もない	7490
たい	たい	3394
たい	帯	5083
たい	体	5096
たい	タイ	5116
たい	隊	5207
たい	対	5436
たい	耐	5821
たい	鯛	6083
たいあたり	体当たり	7520
たいあっぷ	タイアップ	6631
たいあつ	耐圧	7208
たいあん	大安	7195
たいい	大尉	6808
たいい	体位	7199
たいい	退位	7275
たいいき	帯域	6396
たいいく	体育	5470
たいいくかいけい	体育会系	6795
たいいくかん	体育館	5566
たいいくさい	体育祭	6967
たいいち	太一	7398
たいいん	隊員	5897
たいいん	退院	5966
たいいんご	退院後	7220
たいえき	体液	6777
たいえき	退役	6906
たいおう	対応	4113
たいおん	体温	5842
たいおんけい	体温計	6999
たいおんちょうせつ	体温調節	7499
たいか	対価	6311
たいか	耐火	6637
たいか	大家	6707
たいか	退化	6946
たいか	大火	7024
たいかい	大会	4390
たいかい	退会	6095
たいかい	大海	7134
たいかいうんえい	大会運営	7521
たいかいとうじつ	大会当日	7429
たいかいまえ	大会前	7454
たいかく	体格	6165
たいかく	対角	7266
たいかくせん	対角線	7044
たいかじゅう	耐荷重	7517
たいかん	体感	5465
たいかん	体幹	6199
たいかん	耐寒	6868
たいかん	対艦	7272
たいかん	戴冠	7279
たいかん	退官	7358
たいかん	大韓	7382
たいかん	大観	7411
たいかんおんど	体感温度	7390
たいかんしき	戴冠式	7384
たいかんせい	耐寒性	7280
たいかんてき	体感的	7191
たいかんとれーにんぐ	体幹トレーニング	7534
たいが	大河	6643
たいが	大我	7425
たいが	太賀	7484
たいがい	体外	6437
たいがい	大概	6548
たいがい	対外	6593
たいがい	たいがい	7123
たいがいじゅせい	体外受精	7264
たいがく	退学	6537
たいがどらま	大河ドラマ	6265
たいがん	対岸	6390
たいがー	タイガー	6403
たいがーす	タイガース	6800
たいき	待機	5600
たいき	大気	6021
たいき	大樹	7491
たいきおせん	大気汚染	7382
たいきけん	大気圏	7137
たいきちゅう	大気中	7328
たいきちゅう	待機中	7459
たいきゃく	退却	7037
たいきゅう	耐久	5317
たいきゅう	大邱	7146
たいきゅうせい	耐久性	5788
たいきゅうりょく	耐久力	6937
たいきょ	退去	6434
たいきょ	大挙	7351
たいきょく	対局	6369
たいきょく	対極	6892
たいきょく	大局	7284
たいきょく	太極	7441
たいきょくけん	太極拳	6909
たいきん	大金	6460
たいきん	退勤	6913
たいぎ	大義	7188
たいぎ	体技	7366
たいぎご	対義語	6980
たいぎめいぶん	大義名分	7273
たいく	体躯	7326
たいくう	対空	6467
たいくう	滞空	7453
たいくつ	退屈	6452
たいぐう	待遇	6062
たいぐん	大群	6840
たいぐん	大軍	7060
たいけ	大家	7425
たいけい	体型	5658
たいけい	体系	5829
たいけい	体形	6854
たいけい	隊形	7536
たいけい	大系	7555
たいけいてき	体系的	6710
たいけつ	対決	5680
たいけん	体験	4379
たいけんかい	体験会	6956
たいけんがくしゅう	体験学習	7520
たいけんじゅぎょう	体験授業	7417
たいけんだん	体験談	6522
たいけんばん	体験版	7157
たいげん	体現	6196
たいこ	太鼓	5875
たいこ	太古	6741
たいこ	たいこ	7375
たいこう	対抗	5648
たいこう	対向	6493
たいこう	大公	7098
たいこう	大綱	7217
たいこう	太閤	7254
たいこう	退行	7349
たいこう	体高	7353
たいこうせい	耐候性	6998
たいこく	大国	6179
たいこのたつじん	太鼓の達人	7412
たいこばん	太鼓判	7024
たいご	大悟	7086
たいご	タイ語	7091
たいさ	大差	6297
たいさ	大佐	6632
たいさい	大祭	6440
たいさく	対策	4432
たいさく	大作	6411
たいさん	退散	6702
たいざい	滞在	5268
たいざい	大罪	7092
たいざいじかん	滞在時間	7267
たいざいちゅう	滞在中	6702
たいざん	大山	7498
たいし	対し	4237
たいし	大使	6012
たいし	太子	6838
たいし	たいし	6949
たいし	大志	7311
たいしかん	大使館	6246
たいした	大した	5920
たいした	たいした	6487
たいしたこと	大したこと	6912
たいしたこと	たいしたこと	7465
たいしたもの	大したもの	7350
たいしつ	体質	5741
たいしつ	退室	6829
たいしつかいぜん	体質改善	7400
たいして	大して	6327
たいして	たいして	6595
たいしぼう	体脂肪	7130
たいしぼうりつ	体脂肪率	7205
たいしゃ	代謝	5738
たいしゃ	退社	6247
たいしゃ	大社	6829
たいしゃく	貸借	6665
たいしゃくたいしょうひょう	貸借対照表	7377
たいしゃずみ	退社済み	7490
たいしゅ	太守	7482
たいしゅう	大衆	6113
たいしゅう	体臭	6804
たいしゅつ	退出	6685
たいしょ	対処	5152
たいしょ	大所	7405
たいしょう	対象	4437
たいしょう	大正	5752
たいしょう	大賞	5839
たいしょう	対照	5962
たいしょう	大将	6053
たいしょう	対称	6321
たいしょう	大勝	7084
たいしょうがい	対象外	5758
たいしょうぐん	大将軍	7331
たいしょうけん	大勝軒	7506
たいしょうせい	対称性	7327
たいしょうねんれい	対象年齢	6778
たいしょうりょうほう	対症療法	7273
たいしょく	退職	5243
たいしょく	体色	6823
たいしょく	退色	6981
たいしょく	褪色	7404
たいしょくきん	退職金	6191
たいしょくご	退職後	7147
たいしょくしゃ	退職者	7343
たいしょくせい	耐食性	7082
たいしょくだいこう	退職代行	7524
たいしょくとどけ	退職届	7439
たいしょくりゆう	退職理由	7365
たいしん	耐震	5927
たいしんせい	耐震性	7129
たいじ	退治	6207
たいじ	対峙	6208
たいじ	胎児	6343
たいじゅ	大樹	6910
たいじゅう	体重	5255
たいじゅうかんり	体重管理	7505
たいじゅうけい	体重計	7279
たいじゅうげんしょう	体重減少	7488
たいじゅうぞうか	体重増加	7452
たいじゅつ	体術	7128
たいじょう	退場	6083
たいじょうほうしん	帯状疱疹	6948
たいじん	対人	6103
たいじん	タイ人	7240
たいじん	退陣	7364
たいすい	耐水	6604
たいすいせい	耐水性	7153
たいすう	対数	6983
たいすけ	大輔	6906
たいすけ	大介	7108
たいする	対する	4538
たいする	たいする	7328
たいせい	体制	5056
たいせい	耐性	5608
たいせい	大勢	5979
たいせい	態勢	6331
たいせい	体勢	6380
たいせい	大声	6725
たいせい	大成	7094
たいせい	大聖	7518
たいせいい	大勢い	7039
たいせいけんせつ	大成建設	7501
たいせいのひと	大勢の人	7034
たいせいよう	大西洋	6902
たいせき	体積	6420
たいせき	堆積	6423
たいせき	退席	7252
たいせつ	大切	4368
たいせん	対戦	5227
たいせん	大戦	5725
たいせん	対潜	7154
たいぜん	大全	7091
たいそう	体操	5602
たいそう	たいそう	7122
たいそう	大層	7326
たいそく	体側	7465
たいそん	タイソン	7322
たいたにっく	タイタニック	7028
たいだ	怠惰	6883
たいだん	対談	5949
たいだん	退団	6329
たいち	太一	6634
たいち	対地	7238
たいち	タイチ	7491
たいちゅう	対中	7361
たいちょう	体調	5095
たいちょう	隊長	5982
たいちょう	体長	6625
たいちょうかんり	体調管理	6584
たいちょうくずし	体調崩し	7439
たいちょうふりょう	体調不良	6366
たいつ	タイツ	6471
たいてい	大抵	6103
たいてい	たいてい	6107
たいてい	大帝	7237
たいてき	大敵	7094
たいでん	帯電	6944
たいと	タイト	6341
たいとう	台頭	6414
たいとう	対等	6473
たいとう	台東	6988
たいとく	体得	7072
たいとしか	たいとしか	7286
たいとすかーと	タイトスカート	7440
たいとは	たいとは	5666
たいとも	たいとも	6185
たいとる	タイトル	4923
たいとるどおり	タイトル通り	7321
たいとるまっち	タイトルマッチ	7015
たいとー	タイトー	7373
たいど	態度	5293
たいどう	帯同	6817
たいどう	胎動	7135
たいない	体内	5702
たいない	胎内	6951
たいないどけい	体内時計	7450
たいにち	対日	7192
たいにん	退任	6404
たいねつ	耐熱	5990
たいねつざら	耐熱皿	7251
たいねつせい	耐熱性	7076
たいねつようき	耐熱容器	6869
たいのう	滞納	6366
たいのう	胎嚢	7524
たいは	大破	6901
たいはい	大敗	6862
たいはい	退廃	7275
たいはく	太白	7465
たいはん	大半	5619
たいばつ	体罰	6849
たいばん	胎盤	6920
たいばん	対バン	6950
たいぱ	タイパ	7369
たいひ	対比	6216
たいひ	堆肥	6480
たいひ	退避	6763
たいひ	待避	7331
たいひょう	体表	7048
たいびょう	大病	7267
たいぴんぐ	タイピング	6550
たいふ	大夫	7552
たいふう	台風	5191
たいふうせっきん	台風接近	7550
たいぶ	退部	7310
たいぶ	体部	7546
たいぶつ	対物	7131
たいぶれーく	タイブレーク	7172
たいぷ	タイプ	4420
たいぷのもの	タイプのもの	7467
たいぷらいたー	タイプライター	7461
たいへい	太平	7365
たいへいよう	太平洋	5832
たいへいようがわ	太平洋側	7308
たいへいようせんそう	太平洋戦争	6570
たいへん	大変	4432
たいへん	たいへん	6092
たいへんおせわ	大変お世話	6514
たいへんきけん	大変危険	7203
たいへんきちょう	大変貴重	7017
たいへんきょうしゅく	大変恐縮	7109
たいへんこうえい	大変光栄	7116
たいへんこうひょう	大変好評	7314
たいへんごめいわく	大変ご迷惑	7043
たいへんさ	大変さ	7142
たいへんさんこう	大変参考	6947
たいへんざんねん	大変残念	7396
たいへんじゅうよう	大変重要	7082
たいへんそう	大変そう	6517
たいへんたすかり	大変助かり	6896
たいへんにんき	大変人気	7255
たいへんべんきょう	大変勉強	7123
たいへんべんり	大変便利	6949
たいへんまんぞく	大変満足	7373
たいへんみりょくてき	大変魅力的	7280
たいへんゆういぎ	大変有意義	7513
たいべい	対米	7327
たいべつ	大別	6883
たいぺい	台北	6236
たいほ	逮捕	5351
たいほう	大砲	6524
たいほようぎ	逮捕容疑	7401
たいぼう	待望	6049
たいぼく	大木	6536
たいぽぐらふぃ	タイポグラフィ	7285
たいま	大麻	6303
たいま	タイマ	6903
たいまつ	松明	7013
たいまつ	たいまつ	7392
たいまん	怠慢	7049
たいまん	タイマン	7385
たいまー	タイマー	6225
たいみんぐ	タイミング	4851
たいむ	タイム	4983
たいむあうと	タイムアウト	7184
たいむあっぷ	タイムアップ	7187
たいむかーど	タイムカード	7459
たいむす	タイムス	6838
たいむすけじゅーる	タイムスケジュール	7500
たいむすたんぷ	タイムスタンプ	7367
たいむすりっぷ	タイムスリップ	7458
たいむず	タイムズ	6797
たいむせーる	タイムセール	7170
たいむぞーん	タイムゾーン	7565
たいむてーぶる	タイムテーブル	7431
たいむましん	タイムマシン	7217
たいむらいん	タイムライン	6348
たいむらぐ	タイムラグ	6808
たいむらぷす	タイムラプス	7253
たいむりみっと	タイムリミット	7145
たいむりー	タイムリー	6283
たいむりーひっと	タイムリーヒット	7486
たいむりーぷ	タイムリープ	7095
たいむれす	タイムレス	7557
たいめ	体目	7454
たいめん	対面	5587
たいもう	体毛	6992
たいや	タイヤ	5098
たいやき	たいやき	7350
たいやき	鯛焼き	7479
たいやき	たい焼き	7543
たいやく	大役	7016
たいやく	対訳	7173
たいやこうかん	タイヤ交換	7046
たいやさいず	タイヤサイズ	7282
たいよ	貸与	6365
たいよう	太陽	5206
たいよう	耐用	6656
たいよう	態様	6792
たいよう	たいよう	6911
たいよう	大洋	7264
たいようけい	太陽系	6715
たいようこう	太陽光	6065
たいようこうはつでん	太陽光発電	6058
たいようこうはつでんしすてむ	太陽光発電システム	7538
たいようでんち	太陽電池	7531
たいようねつ	太陽熱	7380
たいようねんすう	耐用年数	7189
たいら	平ら	6206
たいら	平	6576
たいら	平良	7297
たいらげ	平らげ	7179
たいらのきよもり	平清盛	7234
たいらのまさかど	平将門	7450
たいらば	タイラバ	7529
たいらー	タイラー	7220
たいりく	大陸	5783
たいりつ	対立	5795
たいりゅう	滞留	6906
たいりゅう	対流	7125
たいりょう	大量	5025
たいりょう	大漁	7034
たいりょうせいさん	大量生産	7066
たいりょく	体力	5213
たいりょく	耐力	7179
たいりょくてき	体力的	6703
たいりょくへき	耐力壁	7448
たいりん	大輪	7426
たいる	タイル	5663
たいれつ	隊列	7112
たいろう	大老	7540
たいわ	対話	5616
たいわ	大和	6738
たいわん	台湾	5186
たいわんじん	台湾人	7305
たいん	他院	7266
たう	タウ	7488
たうえ	田植え	6409
たうえ	田植	7433
たうりん	タウリン	7374
たうん	タウン	5755
たうんゆーす	タウンユース	7321
たえ	耐え	5796
たえ	絶え	6386
たえ	堪え	7240
たえ	妙	7379
たえ	たえ	7506
たえかね	耐えかね	7409
たえがたい	耐え難い	7460
たえこ	妙子	7163
たえず	絶えず	6376
たえまない	絶え間ない	7264
たえまなく	絶え間なく	7206
たえる	耐える	6169
たえる	絶える	7407
たえる	堪える	7474
たお	太鳳	7054
たお	タオ	7098
たおさ	倒さ	6206
たおし	倒し	5393
たおす	倒す	5556
たおせ	倒せ	6568
たおせる	倒せる	6366
たおそ	倒そ	7050
たおそう	倒そう	7042
たおやか	たおやか	7553
たおる	タオル	5358
たおるけっと	タオルケット	7357
たおれ	倒れ	5587
たおれこむ	倒れ込む	7563
たおれこん	倒れ込ん	7375
たおれそう	倒れそう	7177
たおれる	倒れる	6336
たか	高	5192
たか	鷹	6167
たか	たか	6289
たか	タカ	6331
たか	隆	6912
たか	貴	6980
たか	崇	7003
たか	孝	7375
たかあき	貴明	7444
たかい	高い	4198
たかい	他界	6621
たかい	高井	6987
たかい	たかい	7162
たかいあいてむ	高いアイテム	7332
たかいあんぜん	高い安全	7485
たかいいち	高い位置	6590
たかいいりょう	高い医療	7418
たかいおかね	高いお金	7392
たかいおと	高い音	7290
たかいかいもの	高い買い物	7457
たかいかかく	高い価格	7415
たかいかくりつ	高い確率	7128
たかいかべ	高い壁	7422
たかいかんきょう	高い環境	7502
たかいきぎょう	高い企業	7230
たかいきのう	高い機能	7459
たかいきゃら	高いキャラ	7462
たかいきょういく	高い教育	7425
たかいきんがく	高い金額	7503
たかいぎじゅつ	高い技術	6572
たかいくおりてぃ	高いクオリティ	7500
たかいくに	高い国	7541
たかいけいこう	高い傾向	6985
たかいげーむ	高いゲーム	7525
たかいこうか	高い効果	7093
たかいこうげき	高い攻撃	7367
たかいこんてんつ	高いコンテンツ	7517
たかいさくひん	高い作品	7170
たかいさーびす	高いサービス	7017
たかいし	高石	7443
たかいしごと	高い仕事	7317
たかいしじ	高い支持	7533
たかいしょうひん	高い商品	6987
たかいしんらい	高い信頼	7244
たかいじゅん	高い順	6575
たかいじょうたい	高い状態	7099
たかいじょうほう	高い情報	7213
たかいじょせい	高い女性	7510
たかいすいじゅん	高い水準	7051
たかいすうち	高い数値	7489
たかいすきる	高いスキル	7406
たかいせいど	高い精度	7120
たかいせいのう	高い性能	7352
たかいせいひん	高い製品	7212
たかいせんしゅ	高い選手	7319
たかいせんもん	高い専門	7395
たかいそざい	高い素材	7444
たかいたいきゅう	高い耐久	7299
たかいたてもの	高い建物	7302
たかいち	高市	6556
たかいちいき	高い地域	7351
たかいてんじょう	高い天井	7516
たかいでざいん	高いデザイン	7373
たかいにんき	高い人気	6845
たかいね	高い値	7542
たかいねだん	高い値段	7489
たかいのうりょく	高い能力	7503
たかいばあい	高い場合	6854
たかいばしょ	高い場所	6796
たかいぱふぉーまんす	高いパフォーマンス	7165
たかいひと	高い人	6485
たかいひょうか	高い評価	6144
たかいひんしつ	高い品質	7121
たかいもくひょう	高い目標	7253
たかいもでる	高いモデル	7468
たかいやま	高い山	7203
たかいりゆう	高い理由	7439
たかいれべる	高いレベル	6607
たかお	高尾	6854
たかお	たかお	6975
たかお	高雄	7253
たかお	孝雄	7546
たかおか	高岡	6605
たかおやま	高尾山	6994
たかかっ	高かっ	6353
たかかりょく	高火力	7498
たかが	たかが	6540
たかがしれ	たかが知れ	7519
たかき	高木	6817
たかき	高き	7490
たかぎ	高木	6202
たかぎ	髙木	7340
たかく	高く	4754
たかく	多角	6392
たかく	たかく	7543
たかくけい	多角形	7476
たかくてき	多角的	6688
たかくら	高倉	6870
たかけれ	高けれ	7033
たかこ	たか子	7184
たかこ	貴子	7254
たかさ	高さ	5928
たかさき	高崎	6262
たかさご	高砂	6850
たかざき	高崎	7023
たかし	たかし	6498
たかし	剛	6706
たかし	聖	6871
たかし	隆	6918
たかし	崇	6921
たかし	岳	6966
たかし	太	7021
たかし	尊	7056
たかしお	高潮	7322
たかしな	高品	7544
たかしま	高島	6824
たかしま	高嶋	7071
たかしまだいら	高島平	7526
たかしまや	高島屋	6517
たかしまや	髙島屋	7391
たかす	高須	7000
たかすぎ	高杉	6628
たかすぎ	高すぎ	7298
たかせ	高瀬	7244
たかせってい	高設定	7545
たかそう	高そう	7499
たかた	高田	6920
たかだ	高田	6401
たかだい	高台	6605
たかだか	たかだか	7402
たかだか	高々	7423
たかだのばば	高田馬場	6996
たかちほ	高千穂	7005
たかっ	たかっ	4845
たかつ	高津	7320
たかつき	高槻	6424
たかな	高菜	6889
たかなし	高梨	7006
たかなし	小鳥遊	7353
たかなはし	高橋	6886
たかなみ	高波	7271
たかなる	高鳴る	7408
たかなわ	高輪	7013
たかね	高値	6026
たかね	高音	7230
たかね	高嶺	7398
たかの	高野	6751
たかのぞみ	高望み	7414
たかのつめ	鷹の爪	7138
たかのはな	貴乃花	7249
たかのやま	高野山	7007
たかのり	貴教	7503
たかはし	高橋	5549
たかはし	髙橋	6535
たかはし	たかはし	6993
たかはし	高梁	7448
たかはしみなみ	高橋みなみ	7482
たかはた	高畑	7296
たかはま	高浜	7183
たかばし	高橋	6095
たかばた	高畑	7303
たかばたけ	高畑	7244
たかひさ	貴久	7558
たかひで	雄英	7207
たかひろ	貴大	7433
たかひろ	たかひろ	7442
たかひろ	孝宏	7451
たかびしゃ	高飛車	7488
たかふみ	貴文	7284
たかふみ	隆史	7342
たかぶっ	高ぶっ	7558
たかまがはら	高天原	7398
たかまっ	高まっ	5622
たかまつ	高松	6008
たかまつし	高松市	7418
たかまどのみや	高円宮	7313
たかまり	高まり	5690
たかまる	高まる	5732
たかみ	高み	6577
たかみ	高見	7292
たかみ	たかみ	7352
たかみね	高峰	7336
たかみや	高宮	7396
たかむら	高村	7257
たかめ	高め	5217
たかめよ	高めよ	7173
たかめよう	高めよう	7164
たかめる	高める	5281
たかもり	高森	7350
たかやす	高安	7394
たかやなぎ	高柳	7231
たかやま	高山	6351
たかゆか	高床	7533
たかゆき	孝之	6962
たかゆき	貴之	7294
たかゆき	隆之	7467
たかゆき	隆行	7553
たかよし	高良	7515
たから	宝	5968
たから	たから	6907
たから	タカラ	7010
たから	財	7073
たからか	高らか	7079
たからくじ	宝くじ	6280
たからさがし	宝探し	6825
たからじぇんぬ	タカラジェンヌ	7453
たからじま	宝島	7139
たからじましゃ	宝島社	7196
たからずか	宝塚	7268
たからづか	宝塚	6117
たからづかかげき	宝塚歌劇	7315
たからづかかげきだん	宝塚歌劇団	6956
たからづかきねん	宝塚記念	7387
たからとみー	タカラトミー	7369
たからばこ	宝箱	6011
たからもの	宝物	6294
たかろ	たかろ	6907
たかわらい	高笑い	7505
たかん	多感	7268
たかんしょう	多汗症	7396
たが	多賀	7273
たが	タガ	7410
たがい	互い	6053
たがい	違い	6176
たがい	互	7190
たがい	たがい	7550
たがいに	互いに	5759
たがう	違う	5912
たがえ	違え	7180
たがき	高木	7424
たがく	多額	6279
たがじょう	多賀城	7249
たがっ	違っ	6444
たがやし	耕し	6958
たがやす	耕す	7285
たがわ	田川	7146
たがわ	違わ	7425
たき	滝	5524
たき	炊き	6226
たき	たき	6772
たき	瀧	6875
たき	タキ	7016
たき	焚き	7067
たき	多岐	7095
たきあげ	炊き上げ	7247
たきあげ	焚き上げ	7443
たきあせ	滝汗	7452
たきがわ	滝川	7185
たきぎ	薪	6444
たきぎょう	滝行	7494
たきこみ	炊き込み	6384
たきこみごはん	炊き込みご飯	7170
たきさわ	滝沢	7133
たきざわ	滝沢	6708
たきしーど	タキシード	6773
たきたて	炊きたて	7207
たきだし	炊き出し	7019
たきつぼ	滝壺	7307
たきにわたっ	多岐にわたっ	7175
たきにわたっ	多岐に渡っ	7553
たきにわたり	多岐にわたり	6575
たきにわたり	多岐に渡り	7068
たきにわたる	多岐にわたる	6455
たきにわたる	多岐に渡る	7254
たきの	滝野	7511
たきのう	多機能	7020
たきび	焚き火	6286
たきび	焚火	6783
たきび	たき火	7314
たきびだい	焚き火台	7566
たきもと	瀧本	7421
たきゃ	たきゃ	6907
たきゅうだん	他球団	7533
たきょく	他局	7510
たぎょう	た行	7212
たぎょうしゅ	他業種	7453
たく	たく	4350
たく	宅	5688
たく	択	5981
たく	炊く	6556
たく	タク	6640
たく	卓	6719
たく	沢	6939
たく	拓	7019
たくあん	たくあん	7005
たくあん	沢庵	7501
たくいつ	択一	7324
たくえつ	卓越	6357
たくさ	託さ	6730
たくさん	たくさん	4225
たくさん	沢山	4887
たくさんあり	たくさんあり	5541
たくさんあり	沢山あり	6251
たくさんい	たくさんい	6038
たくさんい	沢山い	6783
たくさんいただき	たくさんいただき	7218
たくさんいらっしゃい	たくさんいらっしゃい	7127
たくさんおしえ	たくさん教え	7437
たくさんき	たくさん来	7536
たくさんたべ	たくさん食べ	6682
たくさんたべ	沢山食べ	7361
たくさんで	たくさん出	6529
たくさんのかた	沢山の方	6992
たくさんのかたがた	沢山の方々	7160
たくさんのこと	たくさんのこと	7065
たくさんのひと	沢山の人	6887
たくさんのほう	たくさんの方	6194
たくさんのほう	沢山の方	7008
たくさんみ	たくさん見	7042
たくし	託し	6438
たくしー	タクシー	5382
たくしーどらいばー	タクシードライバー	7504
たくしーのりば	タクシー乗り場	7523
たくじ	託児	6680
たくじょう	卓上	6322
たくす	託す	6847
たくち	宅地	6274
たくっ	たくっ	7494
たくと	タクト	6939
たくない	宅内	7526
たくはい	宅配	5822
たくはいかいとり	宅配買取	7280
たくはいびん	宅配便	6782
たくはいぼっくす	宅配ボックス	7448
たくぼく	啄木	7247
たくま	拓真	7409
たくま	たくま	7432
たくま	琢磨	7470
たくましい	たくましい	6884
たくましい	逞しい	7193
たくましく	たくましく	6715
たくましく	逞しく	7038
たくましさ	たくましさ	7470
たくみ	匠	6288
たくみ	工	6316
たくみ	巧み	6473
たくみ	巧	7007
たくみ	匠海	7084
たくみ	たくみ	7210
たくみ	拓海	7250
たくみ	拓実	7363
たくや	拓哉	6583
たくや	拓也	6607
たくや	卓也	7015
たくや	たくや	7411
たくや	タクヤ	7433
たくらみ	企み	7194
たくらむ	企む	7333
たくらん	企ん	6982
たくろう	拓郎	7044
たくわえ	蓄え	6601
たくわえる	蓄える	7123
たぐ	タグ	5037
たぐい	類	6385
たぐい	たぐい	6907
たぐい	類い	7075
たぐち	田口	6589
たけ	竹	5685
たけ	丈	5731
たけ	たけ	6173
たけ	長け	6396
たけ	武	6536
たけ	タケ	6635
たけ	岳	6981
たけ	炊け	7210
たけい	武井	6781
たけうち	竹内	6188
たけうち	武内	7016
たけうつ	竹内	7471
たけお	武雄	7203
たけお	武夫	7466
たけかん	丈感	7543
たけき	猛	7508
たけぐし	竹串	6873
たけざいく	竹細工	7467
たけし	武	6564
たけし	たけし	6605
たけし	剛	6678
たけし	健	6719
たけし	岳	6951
たけし	タケシ	7160
たけし	猛	7177
たけし	毅	7295
たけした	竹下	6837
たけしば	竹芝	7529
たけしま	竹島	7132
たけじま	竹島	7523
たけた	武田	6729
たけだ	武田	5892
たけだ	竹田	6944
たけだし	武田氏	7493
たけと	健人	7556
たけとみじま	竹富島	7466
たけとよ	武豊	6973
たけなか	竹中	6666
たけのうち	竹内	6885
たけのうち	竹野内	7369
たけのこ	たけのこ	6455
たけのこ	タケノコ	6675
たけのこ	筍	6682
たけのこ	竹の子	7219
たけのり	剛典	7422
たけはら	竹原	7312
たけばやし	竹林	7135
たけひこ	武彦	7401
たけひと	健人	7536
たけひろ	雄大	7556
たけみ	武海	7378
たけむら	竹村	7174
たけもと	竹本	7117
たけやま	竹山	7387
たけりゃ	たけりゃ	6907
たける	健	6745
たける	尊	6999
たける	タケル	7336
たける	炊ける	7381
たけれ	たけれ	6350
たけれ	長けれ	7149
たけん	他県	6661
たげ	たげ	6907
たげた	武田	7303
たげよ	たげよ	6907
たげりゃ	たげりゃ	6907
たげる	たげる	6907
たげれ	たげれ	6907
たげろ	たげろ	6907
たげん	多言	6808
たげん	たげん	6907
たげん	多元	7382
たげんご	多言語	7470
たこ	タコ	5824
たこ	たこ	6231
たこ	凧	6928
たこ	蛸	7039
たこあげ	凧揚げ	7490
たこう	他校	6645
たこう	多孔	7006
たこう	多幸	7065
たこうしき	多項式	7266
たこく	他国	6237
たこく	多国	7442
たこくせききぎょう	多国籍企業	7470
たこす	タコス	6852
たこめーたー	タコメーター	7264
たこやき	たこ焼き	6087
たこやき	たこやき	7276
たこやき	タコ焼き	7485
たこらいす	タコライス	7119
たごーる	たゴール	7501
たさ	たさ	7092
たさ	足さ	7249
たさい	多彩	5658
たさい	多才	7188
たさいと	他サイト	6519
たさき	田崎	7511
たさくひん	他作品	7523
たさつ	他殺	7506
たさん	たさん	7170
たざわ	田澤	7540
たざわこ	田沢湖	7527
たし	足し	5900
たし	たし	6310
たしか	確か	4730
たしか	たしか	6266
たしかに	たしかに	5743
たしかめ	確かめ	5894
たしかめよ	確かめよ	7512
たしかめよう	確かめよう	7503
たしかめる	確かめる	6298
たしざん	足し算	6782
たしつ	多湿	6735
たしなみ	たしなみ	7547
たしなむ	嗜む	7335
たしゃ	他社	5498
たしゃ	他者	5676
たしゃせいひん	他社製品	7414
たしゅ	多種	5980
たしゅたよう	多種多様	6199
たしゅみ	多趣味	7347
たしょ	他所	7283
たしょう	多少	5030
たしょうなりとも	多少なりとも	6879
たしょうひん	他商品	7256
たしょく	多色	6866
たしょくしゅ	多職種	7500
たしろ	田代	6846
たじげん	多次元	7275
たじたじ	タジタジ	7565
たじま	田島	6866
たじま	但馬	6945
たじま	田嶋	7486
たじみ	多治見	6912
たじゅう	多重	6473
たじり	田尻	7447
たす	足す	6542
たす	たす	7068
たすう	多数	4850
たすうあり	多数あり	6454
たすうい	多数い	7224
たすうけつ	多数決	7176
たすうござい	多数ござい	7304
たすうとりそろえ	多数取り揃え	7269
たすうは	多数派	7136
たすかっ	助かっ	6046
たすから	助から	7363
たすかり	助かり	5486
たすかる	助かる	6104
たすき	タスキ	6966
たすき	襷	7095
たすき	たすき	7101
たすきる	たスキル	6736
たすく	タスク	5513
たすく	翼	7139
たすく	佐	7273
たすく	輔	7275
たすく	備	7303
たすく	佑	7356
たすく	祐	7484
たすくかんり	タスク管理	7455
たすくばー	タスクバー	7384
たすくふぉーす	タスクフォース	7469
たすけ	助け	5293
たすけ	たすけ	7031
たすけあい	助け合い	6655
たすけあう	助け合う	7055
たすけあっ	助け合っ	7117
たすけて	たすけて	7545
たすけにいく	助けに行く	7383
たすけにき	助けに来	7302
たすけになる	助けになる	7535
たすけよ	助けよ	7114
たすけよう	助けよう	6888
たすける	助ける	5867
たすまにあ	タスマニア	7501
たずさえ	携え	6702
たずさわっ	携わっ	5841
たずさわら	携わら	7120
たずさわり	携わり	6387
たずさわる	携わる	5895
たずさわれ	携われ	7382
たずね	訪ね	5832
たずね	尋ね	5949
たずね	たずね	6823
たずね	訊ね	7310
たずねる	尋ねる	6161
たずねる	訪ねる	6590
たずねる	たずねる	7426
たせん	他薦	7514
たそ	たそ	7248
たそう	多層	6871
たそがれ	黄昏	6681
たそがれ	たそがれ	7307
たた	多々	5692
たた	立た	6061
たた	絶た	6752
たた	たた	6779
たた	経た	6817
たた	断た	7331
たたい	叩い	5871
たたい	たたい	6738
たたい	多胎	7501
たたえ	たたえ	6812
たたえ	称え	6837
たたえ	讃え	7005
たたえ	湛え	7356
たたえる	称える	7022
たたえる	讃える	7230
たたえる	たたえる	7267
たたか	叩か	6116
たたか	たたか	7436
たたかい	戦い	5283
たたかい	闘い	6370
たたかい	たたかい	7319
たたかいぬい	戦い抜い	7408
たたかいぬき	戦い抜き	7471
たたかいぬく	戦い抜く	7544
たたかう	戦う	5401
たたかう	闘う	6483
たたかう	たたかう	7279
たたかえ	戦え	6769
たたかえる	戦える	6302
たたかお	戦お	7073
たたかおう	戦おう	7071
たたかっ	戦っ	5529
たたかっ	闘っ	6635
たたかへ	戦へ	7444
たたかわ	戦わ	6442
たたき	叩き	6171
たたき	たたき	6795
たたきこま	叩き込ま	7362
たたきこみ	叩き込み	7428
たたきこむ	叩き込む	7139
たたきこん	叩き込ん	7111
たたきだし	叩き出し	6964
たたきだし	たたき出し	7503
たたきだす	叩き出す	7389
たたきつけ	叩きつけ	6907
たたきつける	叩きつける	7120
たたく	叩く	6026
たたく	たたく	6858
たたけ	叩け	7543
たたさ	立たさ	6741
たたずまい	佇まい	6336
たたずまい	たたずまい	7034
たたずむ	佇む	6530
たたずむ	たたずむ	7110
たたずん	佇ん	7050
たたま	畳ま	7545
たたみ	畳	5999
たたみ	たたみ	6690
たたみ	畳み	6892
たたみおもて	畳表	7535
たたみこみ	畳み込み	7510
たたむ	畳む	7187
たたむ	たたむ	7209
たためる	たためる	7122
たたら	たたら	7324
たたり	祟り	7086
たたん	畳ん	6510
たたん	たたん	6910
ただ	ただ	4319
ただ	タダ	6221
ただ	唯	6884
ただ	多田	6973
ただ	只	7047
ただ	太田	7396
ただい	多大	6092
ただいがく	他大学	7344
ただいま	只今	6129
ただいま	ただいま	6280
ただいま	ただ今	6796
ただいましなぎれちゅう	只今品切れ中	7245
ただお	忠雄	7280
ただかつ	忠勝	7325
ただし	ただし	4685
ただし	但し	5773
ただし	正し	6815
ただし	義	6953
ただし	儀	7096
ただし	正	7107
ただし	規	7113
ただし	真	7188
ただしい	正しい	5020
ただしいいち	正しい位置	7103
ただしいしせい	正しい姿勢	6945
ただしいじょうほう	正しい情報	6940
ただしいせんたく	正しい選択	7529
ただしいちしき	正しい知識	6689
ただしいつかいかた	正しい使い方	6965
ただしいはんだん	正しい判断	7342
ただしいふぉーむ	正しいフォーム	7360
ただしいほうこう	正しい方向	7339
ただしいほうほう	正しい方法	7167
ただしいみち	正しい道	7394
ただしいやりかた	正しいやり方	7422
ただしいりかい	正しい理解	7512
ただしかっ	正しかっ	6851
ただしく	正しく	5661
ただしけれ	正しけれ	7239
ただしさ	正しさ	6895
ただす	正す	6993
ただす	正	7329
ただただ	ただただ	5978
ただちに	直ちに	6068
ただちに	ただちに	6809
ただなか	只中	6592
ただなか	ただ中	7057
ただならぬ	ただならぬ	7391
ただのぶ	忠信	7491
ただみせん	只見線	7494
ただよい	漂い	6598
ただよう	漂う	5940
ただよう	ただよう	7507
ただよし	忠義	7510
ただよっ	漂っ	6236
ただよわ	漂わ	6605
ただれ	ただれ	7462
ただん	多段	6986
たち	たち	3780
たち	達	4499
たち	立ち	5710
たち	経ち	5851
たち	太刀	6534
たち	質	6660
たち	タチ	6759
たち	立	6823
たちあい	立ち会い	7023
たちあい	立ち合い	7049
たちあい	立会	7101
たちあい	立会い	7121
たちあいにん	立会人	7386
たちあう	立ち会う	7219
たちあがっ	立ち上がっ	6134
たちあがら	立ち上がら	7297
たちあがり	立ち上がり	6190
たちあがる	立ち上がる	6251
たちあがろ	立ち上がろ	7480
たちあがろう	立ち上がろう	7473
たちあげ	立ち上げ	5512
たちあげる	立ち上げる	6379
たちあっ	立ち会っ	7012
たちい	立ち居	7260
たちいき	他地域	7419
たちいち	立ち位置	6822
たちいっ	立ち入っ	7524
たちいら	立ち入ら	7476
たちいり	立ち入り	6757
たちいりきんし	立入禁止	7156
たちいりけんさ	立入検査	7366
たちいる	立ち入る	7137
たちうお	タチウオ	6848
たちうお	太刀魚	7019
たちうち	太刀打ち	7020
たちおうじょう	立ち往生	7148
たちかえっ	立ち返っ	7462
たちかえり	立ち返り	7484
たちかえる	立ち返る	7458
たちかわ	立川	6671
たちかわ	太刀川	7463
たちき	立木	7292
たちきっ	断ち切っ	7393
たちきり	断ち切り	7418
たちきる	断ち切る	6995
たちこめ	立ち込め	7371
たちさっ	立ち去っ	7037
たちさり	立ち去り	7461
たちさる	立ち去る	7083
たちすがた	立ち姿	7007
たちつくし	立ち尽くし	7360
たちつくす	立ち尽くす	7535
たちどまっ	立ち止まっ	6457
たちどまり	立ち止まり	7115
たちどまる	立ち止まる	7013
たちなおっ	立ち直っ	7271
たちなおり	立ち直り	7367
たちなおる	立ち直る	7153
たちなおれ	立ち直れ	7357
たちなみ	立浪	7418
たちならび	立ち並び	7106
たちならぶ	立ち並ぶ	6737
たちならぶ	建ち並ぶ	7397
たちならん	立ち並ん	7183
たちのき	立ち退き	7274
たちのぼる	立ち上る	7467
たちはだかっ	立ちはだかっ	7316
たちはだかり	立ちはだかり	7565
たちはだかる	立ちはだかる	6854
たちば	立場	5124
たちばな	立花	6693
たちばな	橘	6728
たちばな	たちばな	7112
たちばなし	立ち話	7267
たちぶるまい	立ち振る舞い	7201
たちまち	たちまち	6584
たちまわっ	立ち回っ	7488
たちまわり	立ち回り	6482
たちまわる	立ち回る	7170
たちみ	立ち見	7059
たちむかい	立ち向かい	6971
たちむかう	立ち向かう	6288
たちむかっ	立ち向かっ	6762
たちもり	日	7195
たちゆか	立ち行か	7081
たちよっ	立ち寄っ	6024
たちよみ	立ち読み	7076
たちよら	立ち寄ら	7419
たちより	立ち寄り	5793
たちよる	立ち寄る	6563
たちよれる	立ち寄れる	7174
たちーむ	他チーム	7495
たっ	経っ	5341
たっ	立っ	5390
たっ	たっ	5536
たっ	建っ	6245
たっ	絶っ	7028
たっ	断っ	7566
たっかん	達観	7361
たっかー	タッカー	7523
たっきゅう	卓球	5905
たっきゅうびん	宅急便	6374
たっきゅうぶ	卓球部	7493
たっきー	タッキー	7232
たっく	タック	6506
たっくる	タックル	6135
たっぐ	タッグ	6072
たっけん	宅建	6625
たっし	達し	5595
たっししだい	達し次第	7326
たっしゃ	達者	7114
たっする	達する	6032
たっせい	達成	4901
たっせいかのう	達成可能	7547
たっせいかん	達成感	6310
たっせる	タッセル	7270
たった	たった	5422
たったいま	たった今	6748
たっち	タッチ	5817
たっちあっぷ	タッチアップ	7433
たっちすくりーん	タッチスクリーン	7285
たっちそうさ	タッチ操作	7163
たっちぱっど	タッチパッド	7227
たっちぱねる	タッチパネル	6481
たっちぺん	タッチペン	7175
たっちゅう	塔頭	7383
たって	たって	6105
たっての	たっての	7356
たっと	尊	7232
たっとい	尊い	6893
たっぱー	タッパー	6761
たっぴんぐ	タッピング	7559
たっぷ	タップ	5282
たっぷだんす	タップダンス	7484
たっぷり	たっぷり	5103
たっぷり	タップリ	6939
たつ	立つ	5496
たつ	経つ	5858
たつ	龍	6041
たつ	たつ	6143
たつ	竜	6195
たつ	建つ	6313
たつ	達	6755
たつ	辰	6807
たつお	達夫	7545
たつか	立香	7390
たつかわ	立川	7313
たつがわ	立川	7392
たつき	樹	7219
たつき	たつき	7507
たつじん	達人	6146
たつた	竜田	7261
たつどし	辰年	7216
たつなみ	立浪	7161
たつのおとしご	タツノオトシゴ	7540
たつのし	たつの市	7243
たつのり	辰徳	7525
たつま	龍馬	6419
たつまき	竜巻	6591
たつみ	辰巳	7069
たつみ	震	7446
たつみ	巽	7485
たつみ	たつみ	7561
たつや	達也	6428
たつや	竜也	6867
たつや	辰哉	7453
たつや	達哉	7532
たつる	建	7542
たつろう	達郎	7062
たづな	手綱	7145
たて	立て	5206
たて	縦	5338
たて	盾	5751
たて	建て	5801
たて	たて	5856
たて	タテ	6650
たて	建	6687
たて	館	6720
たてあな	竪穴	7237
たていし	立石	7252
たていと	経糸	7473
たていと	縦糸	7560
たてうち	館内	6379
たてうり	建売	6806
たておき	縦置き	7559
たてかえ	建て替え	6803
たてかえ	建替え	7079
たてかえ	立て替え	7332
たてかえ	立替	7544
たてかけ	立てかけ	7279
たてかわ	立川	7312
たてがき	縦書き	6914
たてがた	縦型	6747
たてがみ	たてがみ	7264
たてぐ	建具	6492
たてこ	立小	7444
たてこん	立て込ん	7500
たてしな	蓼科	7467
たてじく	縦軸	6906
たてせん	縦線	7316
たてつづけ	立て続け	6597
たてなおし	立て直し	6778
たてなおし	建て直し	7433
たてなおす	立て直す	7032
たてなが	縦長	6743
たてなみ	立浪	7564
たてはば	縦幅	7376
たてはんぶん	縦半分	7013
たてばな	立花	7440
たてばやし	館林	7205
たてほうこう	縦方向	7199
たてまえ	建前	6744
たてむき	縦向き	7399
たてもの	建物	4827
たてものじたい	建物自体	7364
たてものぜんたい	建物全体	7565
たてものない	建物内	6978
たてや	建屋	6930
たてやくしゃ	立役者	6912
たてやすい	立てやすい	7451
たてやすく	立てやすく	7545
たてやま	立山	7111
たてやま	館山	7114
たてよ	建てよ	7411
たてよ	立てよ	7451
たてよう	建てよう	7402
たてよう	立てよう	7445
たてよこ	縦横	6553
たてる	立てる	5704
たてる	建てる	6064
たてる	たてる	6835
たてれ	立てれ	7272
たてん	他店	6360
たてんぽ	他店舗	7343
たで	たで	7336
たで	蓼	7417
たと	経と	7094
たと	たと	7256
たとぅー	タトゥー	6189
たとう	経とう	7084
たとう	畳	7310
たとう	多糖	7356
たとえ	たとえ	5623
たとえ	例え	5917
たとえば	例えば	4653
たとえば	たとえば	5219
たとえばなし	例え話	7507
たとえる	例える	6362
たとえる	たとえる	7407
たとは	たとは	5445
たとも	たとも	5964
たどうし	他動詞	7363
たどく	多読	7216
たどころ	田所	7289
たどっ	辿っ	6517
たどっ	たどっ	6566
たどつ	多度津	7482
たどり	たどり	6879
たどり	辿り	6939
たどりつい	たどり着い	6227
たどりつい	辿り着い	6481
たどりつい	たどりつい	7302
たどりつき	たどり着き	6599
たどりつき	辿り着き	6868
たどりつく	たどり着く	6372
たどりつく	辿り着く	6623
たどりつく	たどりつく	7488
たどりつけ	たどり着け	7106
たどりつけ	辿り着け	7295
たどりつける	たどり着ける	7179
たどりつける	辿り着ける	7416
たどる	たどる	6548
たどる	辿る	6598
たな	店	4794
たな	棚	5560
たな	タナ	6700
たなあげ	棚上げ	7470
たないた	棚板	6934
たなおろし	棚卸し	6954
たなおろし	棚卸	7073
たなか	田中	5378
たなか	タナカ	7180
たなかさん	田中さん	6471
たなご	タナゴ	7198
たなごころ	掌	7047
たなさき	店前	7424
たなし	田無	7533
たなだ	棚田	6583
たなにあげ	棚に上げ	7290
たなはし	棚橋	7286
たなばた	七夕	6048
たなばた	たなばた	7539
たなべ	田辺	6635
たなべ	田邊	7381
たに	谷	5948
たにかわ	谷川	7192
たにがき	谷垣	7564
たにがわ	谷川	6749
たにがわだけ	谷川岳	7423
たにく	多肉	6732
たにくしょくぶつ	多肉植物	6607
たにぐち	谷口	6603
たにざき	谷崎	7561
たにし	タニシ	7250
たにぞこ	谷底	7276
たにた	タニタ	7492
たになっ	他になっ	7281
たになり	他になり	7524
たになる	他になる	7513
たには	たには	6843
たにはら	谷原	7553
たにま	谷間	6725
たにまち	谷町	7218
たにむら	谷村	7269
たにも	たにも	7222
たにもと	谷本	7327
たにやま	谷山	7203
たにん	他人	5065
たにんごと	他人事	6750
たにんずう	多人数	7062
たにんのこと	他人のこと	7268
たにんのめ	他人の目	7559
たぬき	たぬき	6342
たぬき	狸	6592
たぬき	タヌキ	6615
たぬま	田沼	7360
たね	種	5530
たね	タネ	6297
たね	たね	6693
たね	胤	7195
たねあかし	種明かし	7449
たねがしま	種子島	7195
たねつけ	種付け	7303
たねまき	種まき	6496
たねまき	種蒔き	7335
たねんそう	多年草	6717
たのくち	田口	7436
たのし	楽し	5048
たのし	たのし	7097
たのし	愉し	7274
たのしい	楽しい	4562
たのしい	たのしい	6493
たのしい	愉しい	7459
たのしいいべんと	楽しいイベント	6794
たのしいおはなし	楽しいお話	7409
たのしいおもいで	楽しい思い出	6689
たのしいかいわ	楽しい会話	7454
たのしいきかく	楽しい企画	7380
たのしいきぶん	楽しい気分	7358
たのしいきもち	楽しい気持ち	7246
たのしいげーむ	楽しいゲーム	7370
たのしいこと	楽しい事	7112
たのしいさくひん	楽しい作品	7547
たのしいじかん	楽しい時間	5916
たのしいたいけん	楽しい体験	7513
たのしいたび	楽しい旅	7526
たのしいなつ	楽しい夏	7509
たのしいばしょ	楽しい場所	7511
たのしいひととき	楽しいひと時	7032
たのしいひととき	楽しいひととき	7061
たのしいひび	楽しい日々	7435
たのしいふんいき	楽しい雰囲気	7098
たのしいまいにち	楽しい毎日	7435
たのしいよる	楽しい夜	7444
たのしかっ	楽しかっ	5124
たのしかっ	たのしかっ	6970
たのしかった	たのしかった	7052
たのしきゃ	楽しきゃ	7313
たのしく	楽しく	4788
たのしく	たのしく	7074
たのしけれ	楽しけれ	7481
たのしげ	楽しげ	7100
たのしさ	楽しさ	5575
たのしすぎ	楽しすぎ	6944
たのしそう	楽しそう	5666
たのしま	楽しま	5799
たのしみ	楽しみ	4393
たのしみ	たのしみ	6496
たのしみ	愉しみ	6831
たのしみにし	楽しみにし	6339
たのしみにまっ	楽しみに待っ	7367
たのしむ	楽しむ	4855
たのしむ	愉しむ	6929
たのしむ	たのしむ	7457
たのしめ	楽しめ	5075
たのしめそう	楽しめそう	6500
たのしめちゃう	楽しめちゃう	7413
たのしめる	楽しめる	4826
たのしも	楽しも	6035
たのしもう	楽しもう	6030
たのしん	楽しん	4812
たのしん	たのしん	7457
たのしん	愉しん	7476
たのひと	他の人	7360
たのま	頼ま	5984
たのみ	頼み	6279
たのみこん	頼み込ん	7556
たのむ	頼む	5758
たのむ	たのむ	7390
たのめ	頼め	6967
たのめる	頼める	7138
たのも	頼も	7198
たのも	頼	7203
たのもう	頼もう	7201
たのもし	頼もし	7356
たのもしい	頼もしい	6378
たのもしく	頼もしく	7012
たのもしさ	頼もしさ	7492
たのん	頼ん	5580
たのん	たのん	7497
たはた	田畑	7015
たはつ	多発	6102
たはら	田原	7105
たば	束	6730
たばかん	束感	7483
たばこ	タバコ	5626
たばこ	たばこ	6210
たばこ	煙草	6390
たばすこ	タバスコ	7203
たばた	田端	7241
たばっく	たバック	7310
たばね	束ね	6755
たばねる	束ねる	7087
たばら	田原	7415
たばる	田原	7536
たぱす	タパス	7502
たひ	タヒ	7398
たひち	タヒチ	7174
たび	旅	4821
たび	度	5078
たび	たび	5161
たび	足袋	6899
たび	タビ	7265
たびかさなる	度重なる	6726
たびこ	田彦	7261
たびさき	旅先	6371
たびじ	旅路	6733
たびたび	度々	6090
たびたび	たびたび	6280
たびだち	旅立ち	6657
たびだっ	旅立っ	6672
たびだつ	旅立つ	6761
たびのとちゅう	旅の途中	7338
たびびと	旅人	6274
たぴおか	タピオカ	6474
たふ	タフ	6472
たふぁん	たファン	6360
たふけん	他府県	7424
たぶ	タブ	5566
たぶしょ	他部署	7238
たぶち	田淵	7350
たぶれっと	タブレット	5557
たぶれっとたんまつ	タブレット端末	6983
たぶん	多分	5164
たぶん	たぶん	5331
たぶー	タブー	6660
たぷる	タプル	7512
たぷれいやー	他プレイヤー	7468
たべ	食べ	4147
たべ	たべ	6266
たべ	田辺	7317
たべあるい	食べ歩い	7476
たべあるき	食べ歩き	6462
たべくらべ	食べ比べ	6433
たべごたえ	食べ応え	7001
たべごたえ	食べごたえ	7134
たべごろ	食べ頃	7182
たべごろ	食べごろ	7258
たべちゃい	食べちゃい	7395
たべちゃう	食べちゃう	7035
たべちゃっ	食べちゃっ	7015
たべなれ	食べ慣れ	7544
たべにいき	食べに行き	6624
たべにいく	食べに行く	6691
たべにいっ	食べに行っ	6706
たべにき	食べに来	6785
たべにき	食べにき	7272
たべにくい	食べにくい	7280
たべにくる	食べに来る	7546
たべにゆこ	食べに行こ	7564
たべのこし	食べ残し	7022
たべほうだい	食べ放題	6631
たべみかこ	多部未華子	7385
たべもの	食べ物	5244
たべもの	食物	6386
たべもの	食べもの	6937
たべやすい	食べやすい	5856
たべやすかっ	食べやすかっ	7349
たべやすく	食べやすく	6417
たべよ	食べよ	6094
たべよう	食べよう	6101
たべる	食べる	4686
たべる	たべる	6968
たべれ	食べれ	6541
たべろ	食べろ	7534
たべろぐ	食べログ	6528
たぺすとりー	タペストリー	6612
たぺっと	たペット	7222
たほう	他方	6347
たほうめん	多方面	6693
たぼう	多忙	6304
たぼーる	たボール	6563
たま	たま	5295
たま	霊	6015
たま	玉	6027
たま	多摩	6110
たま	球	6286
たま	珠	6299
たま	タマ	6337
たま	弾	6348
たまい	たまい	6907
たまい	給い	6907
たまい	玉井	7057
たまいれ	玉入れ	7132
たまう	たまう	6907
たまう	給う	6909
たまえ	たまえ	6907
たまえ	給え	6907
たまお	たまお	6907
たまお	給お	6907
たまおき	玉置	7562
たまかず	球数	7255
たまがわ	多摩川	6715
たまがわ	玉川	7092
たまがわじょうすい	玉川上水	7390
たまき	環	6514
たまき	玉木	6906
たまき	玉置	7106
たまき	たまき	7127
たまき	玉城	7335
たまぐし	玉串	7474
たまげ	たまげ	7462
たまこ	たまこ	7547
たまご	卵	5295
たまご	たまご	5802
たまご	玉子	5991
たまご	タマゴ	6394
たまごがた	卵型	7469
たまごっち	たまごっち	6867
たまごとじ	卵とじ	7263
たまごやき	卵焼き	6402
たまごやき	玉子焼き	7496
たまさぶろう	玉三郎	7477
たましい	魂	5294
たましい	霊	7054
たまたま	たまたま	5466
たまたま	偶	7353
たまたま	偶々	7425
たまち	田町	7320
たまっ	溜まっ	5792
たまっ	たまっ	6123
たまっ	貯まっ	6560
たまっ	給っ	6907
たまてばこ	玉手箱	7204
たまな	玉名	7436
たまに	たまに	5371
たまに	偶に	7229
たまねぎ	玉ねぎ	5481
たまねぎ	たまねぎ	6438
たまねぎ	タマネギ	6480
たまねぎ	玉葱	6775
たまの	玉の	6718
たまの	玉野	7264
たまびじゅつだいがく	多摩美術大学	7527
たまもの	賜物	6638
たまもの	賜	7113
たまもり	玉森	7152
たまやま	玉山	7530
たまら	たまら	6326
たまら	堪ら	6651
たまら	溜まら	7306
たまら	貯まら	7421
たまらない	たまらない	5802
たまらなかっ	たまらなかっ	7243
たまらなく	たまらなく	6545
たまらん	たまらん	6450
たまり	たまり	5973
たまり	溜まり	6306
たまり	貯まり	6783
たまり	堪り	7502
たまりば	たまり場	7462
たまりば	溜まり場	7563
たまりません	たまりません	6215
たまりません	堪りません	7503
たまりやすい	溜まりやすい	7154
たまりやすい	たまりやすい	7424
たまりやすく	溜まりやすく	7435
たまる	溜まる	6352
たまる	たまる	6402
たまる	貯まる	6476
たまる	田丸	7317
たまわ	たまわ	6907
たまわ	給わ	6907
たまわっ	賜っ	7158
たまわり	賜り	5934
たまん	たまん	7429
たみ	民	6313
たみ	たみ	7116
たみ	タミ	7456
たみお	民生	7509
たみや	タミヤ	6671
たみや	田宮	7241
たむ	タム	7387
たむら	田村	6110
たむろ	たむろ	7322
たむろ	屯	7322
たむろん	タムロン	7481
ため	ため	3638
ため	為	4504
ため	貯め	5990
ため	溜め	6251
ため	タメ	6388
ため	爲	7302
ためいき	ため息	6185
ためいき	溜息	6819
ためいき	溜め息	7300
ためいけ	ため池	6968
ためいけ	溜池	7290
ためぐち	タメ口	7198
ためこん	溜め込ん	7056
ためこん	ため込ん	7554
ためさ	試さ	6375
ためし	試し	4741
ためし	例	6233
ためし	ためし	6827
ためす	試す	6057
ためせ	試せ	7208
ためせる	試せる	6867
ためそ	試そ	7434
ためそう	試そう	7453
ためらい	ためらい	7113
ためらい	躊躇い	7397
ためらう	ためらう	7092
ためらう	躊躇う	7527
ためらっ	ためらっ	7018
ためらっ	躊躇っ	7393
ためらわ	ためらわ	7239
ためる	貯める	6423
ためる	ためる	6941
ためる	溜める	6981
ためん	多面	6618
ためんたい	多面体	7437
ためんてき	多面的	6987
ためーかー	他メーカー	7365
たも	タモ	6962
たもう	給う	6930
たもく	多目	7550
たもくてき	多目的	6665
たもた	保た	6621
たもち	保ち	6264
たもっ	保っ	6408
たもつ	保つ	5547
たもつ	有	6759
たもつ	方	7213
たもて	保て	6809
たもてる	保てる	6610
たもと	たもと	7186
たもと	袂	7299
たもり	タモリ	6648
たやさ	絶やさ	6997
たやす	容易	7410
たやすい	容易い	7435
たやすく	容易く	7294
たやすく	たやすく	7407
たやすさ	容易さ	7428
たやま	田山	7498
たゆう	太夫	7087
たゆま	たゆま	7341
たよう	多様	5006
たよう	多用	6107
たようか	多様化	7485
たようせい	多様性	6221
たようそにんしょう	多要素認証	7565
たようと	多用途	7532
たよっ	頼っ	6106
たよら	頼ら	6154
たより	頼り	5891
たより	たより	6526
たより	便り	6950
たよりになる	頼りになる	7242
たよりは	たよりは	7262
たよりも	たよりも	6382
たよる	頼る	6123
たよれ	頼れ	7330
たよれる	頼れる	6329
たら	たら	3431
たら	足ら	6431
たら	タラ	6676
たら	鱈	7020
たらい	たらい	7087
たらい	タライ	7463
たらこ	たらこ	6682
たらこ	タラコ	7442
たらし	垂らし	6576
たらし	たらし	6907
たらしい	たらしい	6873
たらしかっ	たらしかっ	6907
たらしから	たらしから	6907
たらしかれ	たらしかれ	6907
たらしかろ	たらしかろ	6907
たらしき	たらしき	6907
たらしきゃ	たらしきゃ	6907
たらしく	たらしく	6909
たらしけりゃ	たらしけりゃ	6907
たらしけれ	たらしけれ	6907
たらしゅう	たらしゅう	6907
たらす	垂らす	7199
たらず	足らず	6467
たらとは	たらとは	7085
たらふく	たらふく	7241
たり	たり	3604
たり	足り	5210
たりき	他力	7537
たりきほんがん	他力本願	7392
たりすまん	タリスマン	7421
たりなくなっ	足りなくなっ	7342
たりなくなる	足りなくなる	7496
たりばん	タリバン	7189
たりゃ	たりゃ	6907
たりょう	多量	6802
たりる	足りる	6689
たりん	タリン	7549
たりーず	タリーズ	7346
たる	たる	5590
たる	樽	6181
たる	タル	6907
たる	足る	6993
たるき	垂木	7288
たるたりや	タルタリヤ	7384
たるたる	タルタル	6959
たるたるそーす	タルタルソース	6809
たると	タルト	6107
たるときじ	タルト生地	7543
たるみ	たるみ	6498
たるみ	垂水	7426
たるん	たるん	7137
たれ	誰	4786
たれ	タレ	5659
たれ	たれ	6094
たれ	垂れ	6721
たれさがっ	垂れ下がっ	7180
たれさがる	垂れ下がる	7527
たれっと	タレット	7345
たれながし	垂れ流し	7219
たれながす	垂れ流す	7456
たれまく	垂れ幕	7312
たれる	垂れる	7075
たれる	たれる	7494
たれんと	タレント	5587
たろ	たろ	5821
たろう	太郎	5717
たろう	たろう	6929
たろう	タロウ	6969
たろう	太朗	7198
たろっと	タロット	6457
たろっとかーど	タロットカード	6964
たわい	たわい	7366
たわし	たわし	7011
たわし	タワシ	7465
たわまん	タワマン	6894
たわみ	たわみ	7135
たわむれ	戯れ	6988
たわむれる	戯れる	7190
たわら	俵	7058
たわれこ	タワレコ	7328
たわわ	たわわ	7265
たわー	タワー	5857
たん	たん	5649
たん	単	5899
たん	短	6092
たん	タン	6102
たん	担	6278
たん	譚	6459
たん	端	6472
たん	炭	6536
たんい	単位	5168
たんいち	単一	6910
たんいつ	単一	6192
たんか	単価	5713
たんか	短歌	6400
たんか	炭化	6761
たんか	たんか	7206
たんか	担架	7401
たんか	タンカ	7501
たんかい	単回	7387
たんかん	胆管	7083
たんかー	タンカー	7056
たんがん	嘆願	7177
たんがん	単眼	7400
たんがん	単願	7451
たんき	短期	5677
たんき	単騎	7055
たんき	短気	7287
たんきかん	短期間	5916
たんきだいがく	短期大学	6652
たんきてき	短期的	6628
たんきゅう	探求	6033
たんきゅう	探究	6137
たんきゅうしん	探究心	7362
たんきゅうしん	探求心	7565
たんきょり	短距離	6567
たんく	タンク	5439
たんくとっぷ	タンクトップ	7159
たんくろーりー	タンクローリー	7545
たんぐすてん	タングステン	7053
たんけん	探検	6021
たんけん	短剣	6882
たんげ	丹下	7557
たんげん	単元	6430
たんこう	単行	6478
たんこう	炭鉱	6669
たんこう	炭坑	7502
たんこうぼん	単行本	6478
たんご	単語	5378
たんご	タンゴ	6931
たんご	端午	7073
たんご	丹後	7086
たんごちょう	単語帳	7339
たんごのせっく	端午の節句	7463
たんさ	探査	6375
たんさいぼう	単細胞	7493
たんさく	探索	5544
たんさくしゃ	探索者	7325
たんさん	炭酸	5767
たんさんいんりょう	炭酸飲料	7366
たんさんがす	炭酸ガス	7378
たんさんすい	炭酸水	6872
たんさんせん	炭酸泉	7216
たんざく	短冊	6455
たんざにあ	タンザニア	7035
たんざわ	丹沢	6997
たんし	端子	5779
たんしゃ	単車	7258
たんしゅく	短縮	5564
たんしょ	短所	6307
たんしょ	端緒	7435
たんしょう	単勝	6971
たんしょく	単色	6555
たんしょく	淡色	6996
たんしん	単身	6185
たんしん	短信	7506
たんしんふにん	単身赴任	7197
たんじかん	短時間	5658
たんじゅう	胆汁	7097
たんじゅん	単純	5200
たんじゅんけいさん	単純計算	7388
たんじゅんさぎょう	単純作業	7290
たんじゅんめいかい	単純明快	7477
たんじょう	誕生	4738
たんじょう	たんじょう	7453
たんじょうせき	誕生石	6945
たんじょうづき	誕生月	7190
たんじょうび	誕生日	5970
たんじょうびかい	誕生日会	7562
たんじょうびけーき	誕生日ケーキ	7549
たんじょうびぷれぜんと	誕生日プレゼント	6994
たんす	タンス	6492
たんす	たんす	6985
たんす	箪笥	7079
たんすい	淡水	6601
たんすいかぶつ	炭水化物	6215
たんすいぎょ	淡水魚	7123
たんすう	単数	7088
たんせい	端正	6840
たんせい	丹精	6998
たんせいごめ	丹精込め	7522
たんせき	胆石	7374
たんせん	単線	6995
たんそ	炭素	5808
たんそう	単相	7452
たんそく	短足	7253
たんぞう	鍛造	6576
たんたい	単体	5632
たんたい	担体	7480
たんたん	淡々	6184
たんたん	坦々	7037
たんたんと	淡々と	6192
たんたんめん	担々麺	6680
たんだい	短大	6565
たんち	探知	6609
たんちょう	単調	6705
たんちょう	探鳥	7373
たんちょう	短調	7498
たんちょう	タンチョウ	7538
たんてい	探偵	5594
たんてき	端的	6467
たんでむ	タンデム	7194
たんでん	丹田	7329
たんと	たんと	7284
たんと	タント	7291
たんとう	担当	4476
たんとう	短刀	7061
たんとうい	担当医	7214
たんとうしゃ	担当者	6036
たんとうちょくにゅう	単刀直入	7518
たんどう	胆道	7433
たんどく	単独	5582
たんどりーちきん	タンドリーチキン	7438
たんなる	単なる	5607
たんに	単に	5427
たんに	たんに	7334
たんにん	担任	5790
たんにん	タンニン	6733
たんねん	丹念	6817
たんのう	堪能	5475
たんのう	胆嚢	7122
たんのう	胆のう	7562
たんば	丹波	6340
たんばいち	丹波市	7466
たんばりん	タンバリン	7226
たんぱ	短波	7296
たんぱく	蛋白	6555
たんぱく	タンパク	6660
たんぱく	たんぱく	7000
たんぱく	淡白	7044
たんぱく	淡泊	7532
たんぱくしつ	タンパク質	5625
たんぱくしつ	たんぱく質	6076
たんぱつ	単発	6179
たんぱつ	短髪	6928
たんぱん	短パン	6825
たんび	耽美	7395
たんぴん	単品	5930
たんぶらー	タンブラー	6621
たんぶん	短文	7093
たんぺん	短編	6046
たんぺん	短篇	7297
たんぺんしゅう	短編集	7225
たんぼ	田んぼ	5944
たんぼ	田圃	7383
たんぼう	探訪	6656
たんぽ	担保	5970
たんぽぽ	たんぽぽ	6629
たんぽぽ	タンポポ	6863
たんぽん	タンポン	7522
たんまち	反町	7530
たんまつ	端末	5333
たんまり	たんまり	7425
たんめい	短命	6995
たんめん	タンメン	6878
たんめん	端面	7457
たんもの	反物	7213
たんや	鍛冶	7081
たんらく	短絡	6683
たんらくてき	短絡的	7362
たんり	単離	7344
たんれい	淡麗	7255
たんれん	鍛錬	6570
たー	ター	7375
たーい	たーい	6879
たーげっと	ターゲット	5407
たーげてぃんぐ	ターゲティング	6839
たーこいず	ターコイズ	7053
たーこいずぶるー	ターコイズブルー	7426
たーざん	ターザン	7463
たーとる	タートル	7138
たーとるねっく	タートルネック	7114
たーなー	ターナー	7199
たーにんぐぽいんと	ターニングポイント	6873
たーばん	ターバン	7248
たーびん	タービン	6554
たーぷ	タープ	6672
たーぼ	ターボ	6155
たーみなる	ターミナル	5804
たーみねーたー	ターミネーター	7223
たーむ	ターム	7249
たーめりっく	ターメリック	7338
たーる	タール	6900
たーん	ターン	5126
たーんおーばー	ターンオーバー	7153
たーんてーぶる	ターンテーブル	7488
だ	だ	2980
だ	打	6046
だ	駄	7160
だい	第	3763
だい	大	4289
だい	代	4701
だい	台	4919
だい	題	5883
だい	抱い	5934
だい	だい	6101
だい	太	6393
だいあぐらむ	ダイアグラム	7392
だいあな	ダイアナ	6818
だいあもんど	ダイアモンド	7209
だいありー	ダイアリー	6975
だいある	ダイアル	6983
だいあろぐ	ダイアログ	6229
だいあろぐぼっくす	ダイアログボックス	6814
だいあん	ダイアン	7165
だいい	代位	7433
だいい	大井	7487
だいいち	第一	5436
だいいちごう	第一号	7438
だいいちじ	第一次	6832
だいいちじせかいたいせん	第一次世界大戦	6995
だいいちせいめい	第一生命	7375
だいいちにんしゃ	第一人者	6537
だいいっせい	第一声	7079
だいいっせん	第一線	6535
だいいっぽ	第一歩	6147
だいえい	大映	7382
だいえいはくぶつかん	大英博物館	7554
だいえっと	ダイエット	5246
だいえっとこうか	ダイエット効果	7165
だいえっとちゅう	ダイエット中	6770
だいえー	ダイエー	6843
だいおう	大王	6684
だいおきしん	ダイオキシン	7211
だいおんりょう	大音量	7090
だいおーど	ダイオード	6742
だいか	代価	7492
だいかすと	ダイカスト	7396
だいかぞく	大家族	7487
だいかつやく	大活躍	5998
だいかん	代官	6960
だいかん	大寒	7536
だいかんげい	大歓迎	5873
だいかんこうくう	大韓航空	7403
だいかんしゃ	大感謝	7523
だいかんせい	大歓声	7263
だいかんみんこく	大韓民国	6842
だいかんやま	代官山	6692
だいがえ	代替え	7192
だいがえ	代替	7325
だいがく	大学	4397
だいがくいん	大学院	5570
だいがくいんせい	大学院生	6506
だいがくがわ	大学側	7350
だいがくきょうじゅ	大学教授	7422
だいがくざいがくちゅう	大学在学中	7193
だいがくしんがく	大学進学	7020
だいがくじだい	大学時代	6423
だいがくじゅけん	大学受験	6681
だいがくせい	大学生	5461
だいがくせいかつ	大学生活	6857
だいがくそつぎょう	大学卒業	7498
だいがくそつぎょうご	大学卒業後	6894
だいがくとしょかん	大学図書館	7454
だいがくにゅうし	大学入試	7225
だいがくびょういん	大学病院	6862
だいがくめい	大学名	7538
だいがっしょう	大合唱	7478
だいがめん	大画面	6999
だいがわり	代替わり	7301
だいき	大輝	7414
だいき	だいき	7503
だいき	大樹	7511
だいきぎょう	大企業	6305
だいきち	大吉	6644
だいきぼ	大規模	6097
だいきゃすと	ダイキャスト	7454
だいきゅう	代休	6949
だいきょうきん	大胸筋	7044
だいきらい	大嫌い	6311
だいきん	代金	5780
だいきん	ダイキン	7222
だいきんひきかえ	代金引換	6961
だいぎ	台木	7416
だいぎいん	代議員	7282
だいぎし	代議士	7458
だいぎゃくてん	大逆転	7460
だいぎょうれつ	大行列	7363
だいく	大工	6217
だいけい	台形	6965
だいこう	代行	5576
だいこう	大工	7454
だいこうかい	大公開	7249
だいこうかいじだい	大航海時代	7391
だいこうひょう	大好評	6442
だいこうふん	大興奮	6828
だいこうぶつ	大好物	6751
だいこく	大黒	7305
だいこくてん	大黒天	7301
だいこくばしら	大黒柱	7031
だいこくや	大黒屋	7530
だいこん	大根	5739
だいこん	ダイコン	7086
だいこん	だいこん	7178
だいこんおろし	大根おろし	6614
だいこんざつ	大混雑	7535
だいこんらん	大混乱	7152
だいご	大吾	7032
だいご	醍醐	7404
だいご	大悟	7504
だいご	ダイゴ	7538
だいごみ	醍醐味	6133
だいさ	題さ	7211
だいさいがい	大災害	7524
だいさんごく	第三国	7528
だいさんしゃ	第三者	5189
だいさんしゃきかん	第三者機関	7382
だいさんしゃのせいめい	第三者の生命	7295
だいさんじ	大惨事	7199
だいさんせくたー	第三セクター	7442
だいざ	台座	6204
だいざい	題材	5922
だいざい	大罪	7100
だいし	題し	5971
だいし	台紙	6457
だいし	第四	6501
だいし	大師	6851
だいし	台詞	6913
だいしきょう	大司教	7386
だいしぜん	大自然	6192
だいしっぱい	大失敗	7025
だいしゃ	台車	6391
だいしゃ	代車	6849
だいしゅ	大衆	6834
だいしゅうけつ	大集結	7412
だいしゅうごう	大集合	6790
だいしょう	大小	6152
だいしょう	代償	6442
だいしょうぐん	大将軍	7245
だいしょうさまざま	大小さまざま	7470
だいしょうさまざま	大小様々	7539
だいしんさい	大震災	5971
だいじ	大事	4869
だいじ	だいじ	6826
だいじ	大字	7359
だいじ	題字	7556
だいじぇすと	ダイジェスト	6462
だいじけん	大事件	7380
だいじしん	大地震	7394
だいじゃ	大蛇	7104
だいじゅうたい	大渋滞	7227
だいじょう	大乗	7191
だいじょうぶ	大丈夫	4675
だいじょうぶ	だいじょうぶ	6994
だいじょうぶそう	大丈夫そう	6734
だいじん	大臣	5466
だいじんぐう	大神宮	7197
だいす	ダイス	6432
だいすう	台数	5944
だいすう	代数	6945
だいすき	大好き	4609
だいすき	だいすき	6384
だいすきです	大好きです	5647
だいすけ	大輔	6289
だいすけ	大介	6745
だいすけ	だいすけ	7089
だいすけ	大助	7493
だいする	題する	7181
だいず	大豆	5790
だいず	ダイズ	7538
だいせいかい	大正解	7124
だいせいきょう	大盛況	6736
だいせいこう	大成功	6592
だいせいどう	大聖堂	7540
だいせん	大山	6909
だいせん	大仙	7484
だいせんぱい	大先輩	7363
だいぜっさん	大絶賛	7094
だいぜんてい	大前提	6432
だいそう	代走	7104
だいそうじ	大掃除	7293
だいそつ	大卒	6434
だいそん	ダイソン	7123
だいそー	ダイソー	5924
だいたい	大体	5414
だいたい	だいたい	5499
だいたい	代替	5788
だいたい	大腿	6441
だいたい	大隊	6874
だいたいあん	代替案	7196
だいたいさく	代替策	7512
だいたいしとうきん	大腿四頭筋	7442
だいたいひん	代替品	7489
だいたすう	大多数	6948
だいたん	大胆	5870
だいだ	代打	6484
だいだい	代々	6371
だいだい	橙	6737
だいだい	だいだい	7374
だいだいいろ	橙色	7020
だいだいてき	大々的	6639
だいだげき	大打撃	7355
だいだめーじ	大ダメージ	6710
だいだんえん	大団円	7290
だいち	大地	5822
だいち	台地	6694
だいちゃん	大ちゃん	6926
だいちゅうもく	大注目	7309
だいちょう	大腸	6072
だいちょう	台帳	6404
だいちょうがん	大腸がん	7234
だいちょうきん	大腸菌	6964
だいとう	大東	7071
だいとうあせんそう	大東亜戦争	7415
だいとうけんたく	大東建託	7556
だいとうりょう	大統領	5403
だいとうりょうせん	大統領選	7505
だいとかい	大都会	7424
だいとくじ	大徳寺	7541
だいとし	大都市	6324
だいどう	大同	7186
だいどう	大道	7353
だいどうげい	大道芸	6954
だいどうみゃく	大動脈	6698
だいどころ	台所	6072
だいな	ダイナ	7326
だいなか	台中	7300
だいなごん	大納言	7191
だいなし	台無し	6537
だいなまいと	ダイナマイト	7003
だいなみくす	ダイナミクス	6980
だいなみずむ	ダイナミズム	7364
だいなみっく	ダイナミック	6023
だいなみっくれんじ	ダイナミックレンジ	7351
だいなも	ダイナモ	7342
だいなー	ダイナー	7473
だいに	第二	5842
だいにごう	第二号	7429
だいにし	第二子	7144
だいにじせかいたいせん	第二次世界大戦	6419
だいにち	大日	7160
だいにちにょらい	大日如来	7217
だいにっぽんていこく	大日本帝国	7113
だいにのじんせい	第二の人生	7511
だいにゅう	代入	6574
だいにんき	大人気	5334
だいにんぐ	ダイニング	5892
だいにんぐてーぶる	ダイニングテーブル	7078
だいにんずう	大人数	6948
だいのう	大脳	7006
だいのうひしつ	大脳皮質	7456
だいのじ	大の字	7524
だいのにがて	大の苦手	7260
だいはっけん	大発見	7349
だいはつ	ダイハツ	6534
だいはんきょう	大反響	7249
だいば	台場	6364
だいばくしょう	大爆笑	6915
だいばくはつ	大爆発	7123
だいばー	ダイバー	6178
だいばーしてぃ	ダイバーシティ	7189
だいひがし	台東	6962
だいひっと	大ヒット	6401
だいひつ	代筆	7314
だいひゃっか	大百科	7420
だいひょう	代表	4434
だいひょうかく	代表格	7503
だいひょうきょく	代表曲	7471
だいひょうさく	代表作	6784
だいひょうしゃ	代表者	6804
だいひょうてき	代表的	5983
だいひょうとりしまりやく	代表取締役	6602
だいひょうとりしまりやくかいちょう	代表取締役会長	7558
だいひょうとりしまりやくしゃちょう	代表取締役社長	6630
だいひょうりじ	代表理事	7342
だいひょうれい	代表例	7511
だいびき	代引き	6783
だいびき	代引	7478
だいびんぐ	ダイビング	6009
だいぴんち	大ピンチ	7482
だいふぁん	大ファン	7321
だいふく	大福	6284
だいふく	だいふく	7202
だいぶ	だいぶ	5385
だいぶ	大分	6517
だいぶ	ダイブ	6629
だいぶたい	大舞台	7394
だいぶつ	大仏	6522
だいぶつ	代物	7100
だいぶつでん	大仏殿	7428
だいぶぶん	大部分	6128
だいぶまえ	だいぶ前	6925
だいぶれいく	大ブレイク	7351
だいぶん	だいぶん	7425
だいぶん	大分	7502
だいへんしん	大変身	6926
だいべん	代弁	6750
だいべん	大便	7516
だいほん	台本	6099
だいほんえい	大本営	7395
だいほんざん	大本山	7388
だいほーる	大ホール	7280
だいぼうけん	大冒険	7353
だいぼしゅう	大募集	6849
だいまっくす	ダイマックス	7265
だいまる	大丸	6680
だいまんぞく	大満足	5942
だいみょう	大名	6167
だいみょうじん	大明神	7143
だいめ	代目	5513
だいめ	台目	7099
だいめい	題名	6312
だいめいし	代名詞	6271
だいもく	題目	6843
だいもりあがり	大盛り上がり	7299
だいもん	大問	6954
だいもん	大門	7161
だいもんじ	大文字	7165
だいや	ダイヤ	5762
だいやく	代役	6749
だいやもんど	ダイヤモンド	5764
だいやもんどしゃ	ダイヤモンド社	7388
だいやる	ダイヤル	6288
だいよう	代用	6006
だいようひん	代用品	7009
だいようりょう	大容量	6693
だいよくじょう	大浴場	6559
だいり	代理	5829
だいり	内裏	7401
だいりせき	大理石	6511
だいりてん	代理店	5859
だいりにん	代理人	6032
だいりん	大輪	7059
だいりーぐ	大リーグ	6771
だいれくと	ダイレクト	6096
だいれくとめっせーじ	ダイレクトメッセージ	7003
だいれくとめーる	ダイレクトメール	6996
だいれん	大連	7386
だいろっかん	第六感	7431
だいわ	大和	6651
だいわ	ダイワ	6718
だいわしょうけん	大和証券	7460
だいわはうす	大和ハウス	7328
だいん	ダイン	7489
だう	ダウ	6785
だうん	ダウン	5233
だうんさいじんぐ	ダウンサイジング	7566
だうんさす	ダウンサス	7460
だうんしょう	ダウン症	6946
だうんじゃけっと	ダウンジャケット	7399
だうんたいむ	ダウンタイム	7102
だうんたうん	ダウンタウン	6703
だうんひる	ダウンヒル	7418
だうんふぉーす	ダウンフォース	7487
だうんろーど	ダウンロード	4971
だうんろーどいただけ	ダウンロードいただけ	7474
だうんろーどばん	ダウンロード版	7534
だえき	唾液	6342
だえん	楕円	6290
だえんけい	楕円形	7277
だか	高	5403
だか	抱か	6666
だか	炊か	6931
だか	焚か	6931
だかい	高い	4896
だかい	打開	6623
だかいさく	打開策	7561
だかかっ	高かっ	6049
だかから	高から	6923
だかかれ	高かれ	6925
だかかろ	高かろ	6919
だかき	高き	6923
だかきゃ	高きゃ	6919
だかく	高く	5439
だかけりゃ	高けりゃ	6919
だかけれ	高けれ	6919
だから	だから	4666
だからこそ	だからこそ	5570
だからといって	だからといって	6438
だかん	打感	7263
だかーる	ダカール	7453
だが	だが	5102
だがし	駄菓子	6386
だがしかし	だがしかし	7042
だがしや	駄菓子屋	7400
だがっき	打楽器	6737
だがー	ダガー	7483
だき	抱き	6193
だき	炊き	6931
だき	焚き	6931
だき	だき	7204
だきあう	抱き合う	7406
だきあげ	抱き上げ	7339
だきあっ	抱き合っ	7142
だきあわせ	抱き合わせ	7389
だきかかえ	抱きかかえ	7412
だきしめ	抱きしめ	6156
だきしめ	抱き締め	7151
だきしめる	抱きしめる	6814
だきつい	抱きつい	6911
だきつき	抱きつき	7528
だきつく	抱きつく	7334
だきまくら	抱き枕	6930
だきゃ	炊きゃ	6931
だきゃ	焚きゃ	6931
だきゅう	打球	6248
だきょう	妥協	5972
だきよせ	抱き寄せ	7472
だく	抱く	6427
だく	炊く	6931
だく	焚く	6931
だく	だく	7261
だくおん	濁音	7555
だくさん	沢山	6297
だくそ	ダクソ	7350
だくてん	濁点	7424
だくと	ダクト	6376
だくりゅう	濁流	7351
だぐらす	ダグラス	7159
だけ	だけ	3460
だけ	岳	6086
だけ	ダケ	6907
だけ	炊け	6931
だけ	焚け	6931
だけえ	高え	6916
だけど	だけど	5506
だけん	打鍵	7147
だげき	打撃	5757
だこ	炊こ	6931
だこ	焚こ	6931
だこ	だこ	7232
だこ	凧	7504
だこぅ	高ぅ	7265
だこう	蛇行	6981
だこう	高う	7264
だこく	打刻	7042
ださ	出さ	5241
ださ	ださ	6907
ださ	ダサ	6971
ださい	ダサい	6151
ださい	ださい	6637
ださく	ダサく	6977
ださく	駄作	7052
ださん	打算	7277
だざい	太宰	6309
だざいふ	太宰府	7313
だざいふ	大宰府	7367
だざいふてんまんぐう	太宰府天満宮	7388
だし	出し	4450
だし	だし	5480
だし	出汁	5703
だし	ダシ	6442
だし	山車	6496
だしあい	出し合い	6904
だしあう	出し合う	7483
だしあっ	出し合っ	7012
だしいれ	出し入れ	6384
だしおしみ	出し惜しみ	7489
だしきっ	出し切っ	7012
だしきり	出し切り	7344
だしきる	出し切る	7337
だしじる	だし汁	6791
だしっぱなし	出しっぱなし	7423
だしにくい	出しにくい	7259
だしもの	出し物	6869
だしゃ	打者	5934
だしゃ	だしゃ	6907
だしゃ	出しゃ	6907
だしやすい	出しやすい	6865
だしやすく	出しやすく	7277
だしん	打診	6640
だじゃれ	ダジャレ	6869
だじゅん	打順	7105
だす	出す	4872
だす	だす	6125
だすう	打数	6710
だすきん	ダスキン	7505
だすたー	ダスター	7492
だすと	ダスト	6391
だせ	出せ	5862
だせ	だせ	6907
だせい	惰性	7020
だせき	打席	6047
だせつ	打設	6861
だせる	出せる	5658
だせる	だせる	7256
だせれ	出せれ	7359
だせん	打線	6149
だそ	出そ	6535
だそ	だそ	6697
だそう	出そう	6325
だそう	だそう	6338
だそく	蛇足	7098
だた	立た	7558
だたい	堕胎	7486
だだ	ダダ	6853
だだ	駄々	7499
だち	立ち	5843
だち	ダチ	7514
だちょう	ダチョウ	6943
だっ	だっ	3586
だっ	立っ	5620
だっ	脱	7095
だっかい	奪回	7383
だっかい	脱会	7475
だっかん	奪還	6536
だっきゃく	脱却	6417
だっきゅう	脱臼	6773
だっく	ダック	7145
だっくす	ダックス	7171
だっこ	抱っこ	5828
だっこ	だっこ	7059
だっこく	脱穀	7287
だっこひも	抱っこ紐	7237
だっし	脱し	6915
だっし	脱脂	6934
だっしゅ	ダッシュ	6126
だっしゅ	奪取	6525
だっしゅう	脱臭	6952
だっしゅつ	脱出	5683
だっしゅぼーど	ダッシュボード	6243
だっしょく	脱色	7206
だっすい	脱水	6296
だっすいしょうじょう	脱水症状	7246
だっする	脱する	7273
だっせん	脱線	6470
だっそう	脱走	6458
だったい	脱退	6226
だっちおーぶん	ダッチオーブン	7336
だっちゃく	脱着	6587
だって	だって	4889
だっぴ	脱皮	6633
だっふぃー	ダッフィー	7002
だつ	脱	5814
だつ	奪	6609
だつ	立つ	6993
だつい	脱衣	6419
だつごく	脱獄	6768
だつさら	脱サラ	7132
だつじ	脱字	6611
だつぜい	脱税	6882
だつたんそ	脱炭素	7124
だつぼう	脱帽	6767
だつもう	脱毛	5555
だつらく	脱落	6319
だつりょく	脱力	6583
だつりょくかん	脱力感	7512
だて	建て	6218
だて	伊達	6289
だて	立て	6805
だて	だて	7119
だてん	打点	6148
だてんし	堕天使	7203
だとう	妥当	5998
だとう	打倒	6834
だとうせい	妥当性	6980
だとしか	だとしか	6911
だとすると	だとすると	7118
だとすれば	だとすれば	7236
だとは	だとは	5282
だとも	だとも	5798
だなか	田中	6722
だなん	ダナン	7011
だに	ダニ	6137
だに	谷	6245
だに	だに	6625
だにえる	ダニエル	6694
だにー	ダニー	6995
だね	ダネ	7362
だの	だの	5916
だのみ	頼み	6561
だは	打破	6685
だび	ダビ	6985
だび	荼毘	7365
だびで	ダビデ	7456
だびんぐ	ダビング	6718
だぶっ	ダブっ	7223
だぶり	ダブり	7438
だぶりゅーあーる	WR	6817
だぶりゅーえいちおー	WHO	6921
だぶりゅーえっちおー	WHO	7265
だぶりゅーしー	WC	7231
だぶりゅーてぃーおー	WTO	7344
だぶりゅーはい	W杯	6187
だぶりゅーびーえい	WBA	7206
だぶりゅーびーおー	WBO	7344
だぶりゅーびーしー	WBC	6533
だぶりん	ダブリン	7253
だぶる	ダブル	5410
だぶるくりっく	ダブルクリック	7345
だぶるす	ダブルス	6329
だぶるべっど	ダブルベッド	7537
だぶん	駄文	7249
だほう	打法	7203
だぼ	ダボ	6963
だぼく	打撲	6923
だぼだぼ	ダボダボ	7507
だま	玉	5502
だま	球	6363
だま	だま	6702
だま	ダマ	6788
だまさ	騙さ	5946
だまさ	だまさ	6811
だまし	騙し	6417
だまし	だまし	6969
だましとっ	だまし取っ	7447
だます	騙す	6980
だます	だます	7483
だますかす	ダマスカス	7497
だまっ	黙っ	5832
だまっ	だまっ	7484
だまら	黙ら	7035
だまり	だまり	7339
だまり	溜まり	7380
だまる	黙る	7433
だまれ	黙れ	7239
だみ	濃	6575
だみあん	ダミアン	7237
だみー	ダミー	6561
だむ	ダム	5235
だむら	田村	6784
だめ	だめ	5632
だめ	駄目	5731
だめ	ダメ	6357
だめ	溜め	6922
だめおし	ダメ押し	7229
だめだし	ダメ出し	7560
だめだめ	ダメダメ	6957
だめもと	ダメ元	6985
だめもと	ダメもと	7435
だめーじ	ダメージ	4734
だより	だより	6295
だら	だら	5503
だらく	堕落	6763
だらけ	だらけ	5477
だらし	だらし	7329
だらしない	だらしない	6951
だらしなく	だらしなく	7163
だらす	ダラス	7209
だらだら	ダラダラ	6284
だらだら	だらだら	6601
だらー	ダラー	7346
だり	だり	5154
だり	ダリ	6951
だりあ	ダリア	6791
だりつ	打率	6333
だりゃ	だりゃ	6907
だりる	ダリル	7402
だる	ダル	6435
だる	だる	6882
だるい	だるい	6667
だるい	ダルい	7219
だるく	だるく	7172
だるさ	だるさ	6970
だるびっしゅ	ダルビッシュ	6800
だるま	だるま	6329
だるま	ダルマ	6801
だるま	達磨	7299
だれ	誰	4474
だれ	だれ	5873
だれ	垂れ	6868
だれ	ダレ	7273
だれか	誰か	5755
だれしも	誰しも	6626
だれだれ	誰々	7564
だれとく	誰得	7489
だろ	だろ	3896
だん	団	5019
だん	弾	5241
だん	段	5320
だん	談	5721
だん	断	6082
だん	ダン	6227
だん	だん	6645
だん	暖	6656
だんあつ	弾圧	6631
だんい	段位	6940
だんいん	団員	6469
だんか	檀家	7037
だんかい	段階	4872
だんかい	団塊	6907
だんかいてき	段階的	6466
だんかん	ダンカン	7353
だんがい	断崖	6990
だんがい	弾劾	7333
だんがいぜっぺき	断崖絶壁	7209
だんがん	弾丸	6303
だんがんろんぱ	ダンガンロンパ	7379
だんき	暖気	7191
だんきゅう	段丘	7209
だんぎ	談義	6900
だんく	ダンク	7189
だんけい	男系	7437
だんけつ	団結	6250
だんけつりょく	団結力	7542
だんげん	断言	6196
だんこ	断固	7117
だんこう	断行	7366
だんご	団子	5775
だんご	だんご	6355
だんご	ダンゴ	7064
だんごう	談合	7033
だんごむし	ダンゴムシ	7194
だんさ	段差	6046
だんさー	ダンサー	5895
だんざい	断罪	7064
だんし	男子	5091
だんしき	段式	7544
だんしこう	男子校	6958
だんしこうこうせい	男子高校生	7432
だんしせいと	男子生徒	7353
だんしゃく	男爵	6670
だんしゅ	断酒	7357
だんしょう	談笑	6726
だんしょく	暖色	6866
だんしんぐ	ダンシング	7460
だんじ	男児	6436
だんじ	断じ	7411
だんじき	断食	6561
だんじて	断じて	7214
だんじょ	男女	5301
だんじょう	壇上	6900
だんじょけんよう	男女兼用	7320
だんじょとも	男女とも	6857
だんじょひ	男女比	7383
だんじょびょうどう	男女平等	7352
だんじょべつ	男女別	7190
だんじょん	ダンジョン	5800
だんじり	だんじり	6660
だんす	ダンス	5106
だんすい	断水	6905
だんすう	段数	7313
だんすと	ダンスと	7291
だんすぶ	ダンス部	7455
だんすほーる	ダンスホール	7445
だんせい	男性	4488
だんせい	弾性	6544
だんせい	男声	7280
だんせいがわ	男性側	7335
だんせいじん	男性陣	7365
だんせいてき	男性的	7376
だんせいとじょせい	男性と女性	7546
だんせいのばあい	男性の場合	7198
だんせいのほう	男性の方	7052
だんせいほるもん	男性ホルモン	7406
だんせいよう	男性用	7512
だんせん	断線	6813
だんぜつ	断絶	6818
だんぜん	断然	6128
だんそう	断層	6420
だんそう	男装	6920
だんそう	弾倉	7320
だんそんじょひ	男尊女卑	7329
だんぞく	断続	6822
だんぞくてき	断続的	6990
だんたい	団体	4833
だんたいせん	団体戦	6909
だんだん	だんだん	5566
だんだん	段々	6155
だんだんと	段々と	6471
だんち	団地	5950
だんち	暖地	7438
だんちがい	段違い	6985
だんちょう	団長	6207
だんて	ダンテ	6987
だんてい	断定	6485
だんでぃ	ダンディ	7110
だんでぃー	ダンディー	7410
だんとう	暖冬	7087
だんとう	弾頭	7190
だんとつ	ダントツ	6455
だんとつ	断トツ	7052
だんどう	弾道	6443
だんどり	段取り	6450
だんな	旦那	5131
だんな	ダンナ	6716
だんな	だんな	7142
だんなさん	旦那さん	6054
だんにゅう	断乳	7365
だんねつ	断熱	5893
だんねつざい	断熱材	6447
だんねつせい	断熱性	7139
だんねつせいのう	断熱性能	7289
だんねん	断念	6014
だんぱー	ダンパー	6746
だんぴんぐ	ダンピング	7398
だんぶるどあ	ダンブルドア	7220
だんぷ	ダンプ	6659
だんぷかー	ダンプカー	7546
だんべる	ダンベル	6603
だんぺん	断片	6422
だんぺんてき	断片的	7084
だんぼ	ダンボ	7484
だんぼう	暖房	5942
だんぼうきぐ	暖房器具	7557
だんぼーる	段ボール	5981
だんぼーる	ダンボール	6011
だんぼーるばこ	段ボール箱	7348
だんまく	弾幕	6829
だんまつま	断末魔	7424
だんめ	段目	6867
だんめん	断面	6012
だんやく	弾薬	6481
だんゆう	男優	6628
だんらく	段落	6345
だんらん	団らん	7246
だんらん	団欒	7266
だんりょく	弾力	6070
だんりょくせい	弾力性	7119
だんれつ	断裂	6850
だんろ	暖炉	6726
だんわ	談話	6689
だー	ダー	7456
だーうぃん	ダーウィン	7198
だーく	ダーク	5769
だーくぶらうん	ダークブラウン	7402
だーくほーす	ダークホース	7554
だーくまたー	ダークマター	7447
だーじりん	ダージリン	7305
だーつ	ダーツ	6442
だーと	ダート	6329
だーびー	ダービー	6471
だーまぺん	ダーマペン	7501
だーりん	ダーリン	7302
ち	地	4690
ち	ち	4980
ち	値	5172
ち	血	5296
ち	池	6034
ち	知	6079
ち	治	6566
ちあ	チア	6810
ちあい	血合い	7563
ちあき	ちあき	7085
ちあき	千明	7190
ちあき	千空	7202
ちあき	千秋	7211
ちあき	千晶	7444
ちあしーど	チアシード	7559
ちあだんす	チアダンス	7213
ちありーだー	チアリーダー	7116
ちありーでぃんぐ	チアリーディング	7311
ちあん	治安	5979
ちい	地位	5724
ちい	ちい	6026
ちいき	地域	4223
ちいきいりょう	地域医療	7197
ちいきおこし	地域おこし	6614
ちいきかっせいか	地域活性化	6944
ちいきかつどう	地域活動	7320
ちいきけいざい	地域経済	7329
ちいきこうけん	地域貢献	7239
ちいきこみゅにてぃ	地域コミュニティ	7552
ちいきごと	地域ごと	7173
ちいきさ	地域差	7484
ちいきしげん	地域資源	7384
ちいきしゃかい	地域社会	6503
ちいきしんこう	地域振興	7498
ちいきじゅうみん	地域住民	6646
ちいきじょうほう	地域情報	6848
ちいきせい	地域性	7214
ちいきぜんたい	地域全体	7312
ちいきづくり	地域づくり	7306
ちいきてき	地域的	7468
ちいきのかた	地域の方	7096
ちいきのほう	地域の方	7222
ちいきべつ	地域別	7280
ちいきみっちゃく	地域密着	7422
ちいく	知育	6547
ちいさ	小さ	6197
ちいさい	小さい	4837
ちいさい	ちいさい	7247
ちいさいおこさま	小さいお子様	7217
ちいさいおこさん	小さいお子さん	7010
ちいさいこ	小さい子	6659
ちいさいこども	小さい子供	6805
ちいさいこども	小さい子ども	7146
ちいさいころ	小さい頃	7477
ちいさいさいず	小さいサイズ	6762
ちいさいばあい	小さい場合	7278
ちいさいひと	小さい人	7532
ちいさいほう	小さい方	7545
ちいさかっ	小さかっ	6536
ちいさき	小さき	7502
ちいさく	小さく	5152
ちいさけれ	小さけれ	7401
ちいささ	小ささ	6914
ちいさな	小さな	4705
ちいさな	ちいさな	6610
ちいさなあな	小さな穴	7221
ちいさなおこさま	小さなお子様	6763
ちいさなおこさん	小さなお子さん	6989
ちいさなかいしゃ	小さな会社	7516
ちいさなからだ	小さな体	7532
ちいさなきず	小さな傷	7180
ちいさなこ	小さな子	7458
ちいさなこと	小さなこと	6780
ちいさなこと	小さな事	7554
ちいさなこども	小さな子供	6923
ちいさなこども	小さな子ども	7085
ちいさなころ	小さな頃	7244
ちいさなごえ	小さな声	7435
ちいさなしあわせ	小さな幸せ	7370
ちいさなはな	小さな花	7391
ちいさなまち	小さな町	7457
ちいさなもの	小さなもの	7206
ちいさめ	小さめ	5873
ちいさめ	小さ目	7460
ちぇ	チェ	6601
ちぇあ	チェア	5998
ちぇいさー	チェイサー	7401
ちぇいす	チェイス	6997
ちぇいん	チェイン	6963
ちぇき	チェキ	6435
ちぇこ	チェコ	6336
ちぇじゅ	チェジュ	7527
ちぇす	チェス	6669
ちぇすと	チェスト	6809
ちぇだーちーず	チェダーチーズ	7388
ちぇっか	チェッカ	7247
ちぇっかー	チェッカー	6940
ちぇっく	チェック	4506
ちぇっくあうと	チェックアウト	6180
ちぇっくいん	チェックイン	5851
ちぇっくいんかうんたー	チェックインカウンター	7416
ちぇっくがら	チェック柄	7305
ちぇっくぼっくす	チェックボックス	6893
ちぇっくぽいんと	チェックポイント	6697
ちぇっくまーく	チェックマーク	7365
ちぇっくりすと	チェックリスト	7235
ちぇよん	チェヨン	7531
ちぇりー	チェリー	6230
ちぇるしー	チェルシー	6773
ちぇるのぶいり	チェルノブイリ	7278
ちぇろ	チェロ	6492
ちぇん	陳	7149
ちぇん	チェン	7186
ちぇんじ	チェンジ	5851
ちぇんじあっぷ	チェンジアップ	7183
ちぇんそー	チェンソー	7319
ちぇんそーまん	チェンソーマン	6914
ちぇんばろ	チェンバロ	7257
ちぇんまい	チェンマイ	6947
ちぇーん	チェーン	5261
ちぇーんそー	チェーンソー	6921
ちぇーんてん	チェーン店	7094
ちえ	知恵	5788
ちえ	ちえ	6750
ちえ	智慧	6978
ちえ	チエ	7359
ちえ	智恵	7375
ちえ	千恵	7481
ちえこ	千恵子	7396
ちえこ	智恵子	7459
ちえこ	智子	7543
ちえぶくろ	知恵袋	6471
ちえみ	ちえみ	7238
ちえん	遅延	5691
ちえん	地縁	7396
ちか	地下	5434
ちか	近	6540
ちか	ちか	6607
ちか	チカ	6708
ちか	地価	6772
ちか	愛	6787
ちか	千夏	7204
ちか	千佳	7446
ちかい	近い	4722
ちかい	誓い	6134
ちかい	誓	7280
ちかい	ちかい	7354
ちかい	地階	7444
ちかいいち	近い位置	7244
ちかいいろ	近い色	7128
ちかいかたち	近い形	7072
ちかいかんかく	近い感覚	7437
ちかいかんじ	近い感じ	7319
ちかいきょり	近い距離	7145
ちかいしょうらい	近い将来	6587
ちかいじゅん	近い順	7504
ちかいじょうたい	近い状態	6760
ちかいそんざい	近い存在	7392
ちかいばあい	近い場合	7547
ちかいばしょ	近い場所	6842
ちかいひと	近い人	7253
ちかいぶぶん	近い部分	7386
ちかう	誓う	6588
ちかかっ	近かっ	6518
ちかがい	地下街	6837
ちかく	近く	4489
ちかく	知覚	6353
ちかく	地殻	6961
ちかく	ちかく	7470
ちかくなり	近くなり	7130
ちかけい	地下茎	7373
ちかけれ	近けれ	7369
ちかげ	千景	7384
ちかごろ	近頃	6898
ちかごろ	近ごろ	7509
ちかさ	近さ	7099
ちかし	近	7491
ちかしい	近しい	6814
ちかしつ	地下室	6813
ちかじか	近々	7558
ちかすい	地下水	7019
ちかずい	近づい	6700
ちかずき	近づき	7350
ちかずく	近づく	6932
ちかずけ	近づけ	7492
ちかずける	近づける	7462
ちかちか	チカチカ	7261
ちかぢか	近々	6407
ちかっ	誓っ	6368
ちかづい	近づい	5549
ちかづい	近付い	6709
ちかづか	近づか	6716
ちかづき	近づき	6199
ちかづき	近付き	7420
ちかづく	近づく	5781
ちかづく	近付く	6997
ちかづけ	近づけ	6341
ちかづける	近づける	6311
ちかづこ	近づこ	7419
ちかづこう	近づこう	7414
ちかてつ	地下鉄	5577
ちかどう	地下道	6994
ちかば	近場	6358
ちかまつ	近松	7491
ちかみち	近道	6346
ちかもと	近本	7246
ちかよっ	近寄っ	6692
ちかよら	近寄ら	7071
ちかより	近寄り	7349
ちかよりがたい	近寄りがたい	7528
ちかよる	近寄る	7172
ちから	力	4841
ちから	チカラ	6435
ちからいっぱい	力いっぱい	7196
ちからかげん	力加減	7239
ちからしごと	力仕事	7124
ちからずく	力ずく	7536
ちからずよい	力強い	7162
ちからずよく	力強く	7265
ちからぞえ	力添え	6722
ちからつき	力尽き	6917
ちからづよ	力強	6491
ちからづよい	力強い	6011
ちからづよく	力強く	6114
ちからづよさ	力強さ	6780
ちからで	力で	7418
ちからない	力ない	7306
ちからなく	力なく	7290
ちからになる	力になる	6956
ちからぶそく	力不足	6572
ちからまかせ	力任せ	7397
ちからもち	力持ち	6902
ちからわざ	力技	7297
ちからをあわせ	力を合わせ	6589
ちからをいれ	力を入れ	5660
ちからをいれる	力を入れる	6615
ちからをかし	力を貸し	6992
ちからをかりる	力を借りる	7382
ちからをこめ	力を込め	7002
ちからをこめる	力を込める	7521
ちからをそそい	力を注い	6874
ちからをそそぎ	力を注ぎ	7438
ちからをそそぐ	力を注ぐ	7391
ちからをつくし	力を尽くし	7326
ちからをぬい	力を抜い	7184
ちかん	置換	6170
ちかん	痴漢	6603
ちが	千賀	7557
ちがい	違い	4679
ちがい	違	6523
ちがい	ちがい	6731
ちがう	違う	4415
ちがう	ちがう	6314
ちがえ	違え	6701
ちがく	地学	7065
ちがさき	茅ヶ崎	6823
ちがっ	違っ	4947
ちがっ	ちがっ	6873
ちがわ	違わ	7035
ちき	チキ	7274
ちきゅう	地球	5038
ちきゅうおんだんか	地球温暖化	7387
ちきゅうかんきょう	地球環境	6812
ちきゅうきぼ	地球規模	7514
ちきゅうぎ	地球儀	7167
ちきゅうじょう	地球上	6726
ちきゅうじん	地球人	6804
ちきん	チキン	5619
ちきんかつ	チキンカツ	7537
ちきんなんばん	チキン南蛮	7360
ちきんらいす	チキンライス	7140
ちぎっ	ちぎっ	6667
ちぎょ	稚魚	6633
ちぎょう	知行	7401
ちぎり	ちぎり	6824
ちぎり	契	7356
ちぎり	千切	7429
ちぎる	ちぎる	7279
ちぎれ	ちぎれ	7128
ちぎれ	千切れ	7428
ちぎん	地銀	7124
ちく	地区	4964
ちく	築	6142
ちく	ちく	6510
ちく	筑	7164
ちくいち	逐一	7059
ちくおんき	蓄音機	7536
ちくご	筑後	7230
ちくごがわ	筑後川	7455
ちくさ	千種	7411
ちくさん	畜産	6400
ちくし	筑紫	7454
ちくしの	筑紫野	7466
ちくしょう	畜生	7151
ちくじ	逐次	7085
ちくじょう	築城	7064
ちくせい	筑西	7361
ちくせき	蓄積	5646
ちくぜん	筑前	7515
ちくぜんに	筑前煮	7488
ちくぞう	築造	6912
ちくたん	竹炭	7310
ちくだ	竹田	7417
ちくち	築地	7406
ちくちく	チクチク	6815
ちくちく	ちくちく	7377
ちくてい	築堤	7450
ちくでん	蓄電	7036
ちくでんち	蓄電池	6405
ちくねつ	蓄熱	7059
ちくび	乳首	6730
ちくほう	筑豊	7464
ちくまがわ	千曲川	7257
ちくまし	千曲市	7565
ちくりん	竹林	6817
ちくわ	ちくわ	6323
ちくわ	竹輪	7291
ちぐはぐ	チグハグ	7399
ちぐはぐ	ちぐはぐ	7500
ちけ	チケ	6848
ちけい	地形	5783
ちけいず	地形図	7398
ちけっと	チケット	4951
ちけっとだい	チケット代	7552
ちけっとぴあ	チケットぴあ	7059
ちけん	知見	5876
ちけん	治験	6368
ちけん	地検	6842
ちけん	地権	7167
ちげ	チゲ	7141
ちこ	ちこ	6958
ちこ	チコ	7030
ちこく	遅刻	6039
ちこつ	恥骨	7406
ちご	ちご	7027
ちご	稚児	7212
ちさ	ちさ	7085
ちさい	地裁	6354
ちさこ	ちさ子	7515
ちさと	ちさと	7564
ちさん	地産	7413
ちさんちしょう	地産地消	6638
ちざい	知財	6644
ちし	致死	6610
ちしき	知識	4674
ちしきじん	知識人	7055
ちした	地下	6736
ちしつ	地質	6435
ちしま	千島	7377
ちしょう	池沼	7245
ちしょう	致傷	7506
ちじ	知事	5740
ちじき	地磁気	7544
ちじょう	地上	5476
ちじょうは	地上波	6325
ちじん	知人	5695
ちすい	治水	6835
ちすじ	血筋	6881
ちず	地図	5154
ちず	智頭	7484
ちずじょう	地図上	6695
ちせい	知性	6251
ちせい	治世	7207
ちせいがく	地政学	7000
ちせつ	稚拙	7094
ちそう	地層	6606
ちた	知多	7154
ちたい	地帯	5822
ちたい	遅滞	6256
ちたにうむ	チタニウム	7442
ちたはんとう	知多半島	7439
ちたん	チタン	6199
ちち	父	4913
ちち	乳	5961
ちち	チチ	7304
ちちうえ	父上	6986
ちちおや	父親	5203
ちちかた	父方	7108
ちちくび	乳首	7389
ちちじま	父島	7494
ちちで	父で	7020
ちちのひ	父の日	7187
ちちはは	父母	7291
ちちぶ	秩父	6401
ちちぶてつどう	秩父鉄道	7323
ちちゅう	地中	6412
ちちゅうかい	地中海	6438
ちぢまっ	縮まっ	7033
ちぢまり	縮まり	7359
ちぢまる	縮まる	7293
ちぢみ	縮み	6716
ちぢみ	縮	6977
ちぢみ	チヂミ	6995
ちぢむ	縮む	7067
ちぢめ	縮め	6622
ちぢめる	縮める	6846
ちぢれ	縮れ	6992
ちぢれ	ちぢれ	7308
ちぢん	縮ん	6841
ちっ	散っ	6491
ちっ	ちっ	6775
ちっか	窒化	7298
ちっく	チック	6731
ちっこい	ちっこい	7357
ちっこう	蓄光	7437
ちっさい	ちっさい	7480
ちっそ	窒素	6205
ちっそく	窒息	6796
ちっちゃい	ちっちゃい	6602
ちっちゃく	ちっちゃく	7202
ちっちゃな	ちっちゃな	7148
ちっと	ちっと	7373
ちっとも	ちっとも	6728
ちっぷ	チップ	5594
ちっぷす	チップス	6845
ちっぽけ	ちっぽけ	7042
ちつ	膣	6638
ちつじょ	秩序	6177
ちづこ	千鶴子	7528
ちづる	千鶴	7193
ちてい	地底	6846
ちてき	知的	5691
ちてきざいさん	知的財産	7369
ちてきざいさんけん	知的財産権	7333
ちてきしょうがい	知的障害	7021
ちてん	地点	5544
ちで	地で	7028
ちでじ	地デジ	6776
ちと	ちと	6467
ちとし	千年	7093
ちとせ	千年	6685
ちとせ	千歳	6777
ちとせ	ちとせ	7526
ちとせくうこう	千歳空港	6805
ちどり	千鳥	6597
ちどり	ちどり	7515
ちどり	チドリ	7519
ちな	ちな	6672
ちなみ	ちなみ	6715
ちなみに	ちなみに	4593
ちなみに	因みに	5918
ちなむ	ちなむ	7514
ちなん	ちなん	6028
ちなん	因ん	7064
ちぬ	チヌ	6632
ちぬき	血抜き	7392
ちねつ	地熱	7167
ちねん	知念	7005
ちの	ちの	6718
ちの	チノ	6825
ちのう	知能	5822
ちのうしすう	知能指数	7514
ちのけ	血の気	7332
ちのぱん	チノパン	7214
ちのり	地の利	7439
ちのわ	茅の輪	7265
ちはや	ちはや	7136
ちはや	千早	7323
ちはやふる	ちはやふる	7411
ちはら	千原	7327
ちはらじゅにあ	千原ジュニア	7441
ちはる	千春	6918
ちはる	ちはる	7214
ちば	千葉	5404
ちばけん	千葉県	5558
ちばけんない	千葉県内	7535
ちばし	千葉市	7128
ちばだい	千葉大	7500
ちばだいがく	千葉大学	7088
ちばろって	千葉ロッテ	7493
ちばん	地番	7331
ちひょう	地表	6532
ちひろ	ちひろ	6655
ちひろ	千尋	6791
ちび	ちび	6079
ちび	チビ	6324
ちびちび	ちびちび	7317
ちびっこ	ちびっこ	6784
ちびまるこちゃん	ちびまる子ちゃん	7026
ちふゆ	千冬	7184
ちぶさ	乳房	6877
ちぶつ	地物	7309
ちへい	地平	7117
ちへいせん	地平線	6913
ちべっと	チベット	6500
ちほ	ちほ	7351
ちほう	地方	4953
ちほう	痴呆	7253
ちほうぎんこう	地方銀行	7168
ちほうこうきょうだんたい	地方公共団体	6525
ちほうこうむいん	地方公務員	7421
ちほうさいばんしょ	地方裁判所	6785
ちほうじちたい	地方自治体	6442
ちほうそうせい	地方創生	7044
ちほうとし	地方都市	7162
ちま	ちま	7141
ちまい	ちまい	6907
ちまう	ちまう	6686
ちまえ	ちまえ	6907
ちまお	ちまお	6907
ちまき	ちまき	7234
ちまた	巷	6476
ちまた	ちまた	7399
ちまちま	ちまちま	6824
ちまちま	チマチマ	7251
ちまっ	ちまっ	6283
ちまみれ	血まみれ	7218
ちまわ	ちまわ	6907
ちみつ	緻密	6271
ちめい	地名	5863
ちめい	致命	6189
ちめいしょう	致命傷	6844
ちめいてき	致命的	6391
ちめいど	知名度	5892
ちもく	地目	7532
ちゃ	ちゃ	4817
ちゃ	茶	5421
ちゃ	チャ	6320
ちゃあ	ちゃあ	6907
ちゃあ	ちゃー	6909
ちゃい	ちゃい	5590
ちゃい	チャイ	6713
ちゃいこふすきー	チャイコフスキー	7030
ちゃいな	チャイナ	6776
ちゃいにーず	チャイニーズ	7229
ちゃいむ	チャイム	6691
ちゃいるど	チャイルド	6702
ちゃいるどしーと	チャイルドシート	6677
ちゃいろ	茶色	5897
ちゃいろい	茶色い	6584
ちゃいろく	茶色く	6869
ちゃう	ちゃう	4881
ちゃうん	ちゃうん	6070
ちゃえ	ちゃえ	6711
ちゃえん	茶園	7270
ちゃお	ちゃお	6281
ちゃお	チャオ	7311
ちゃかい	茶会	6857
ちゃかし	茶化し	7508
ちゃかっしょく	茶褐色	7335
ちゃがし	茶菓子	7211
ちゃき	茶器	7165
ちゃく	着	5605
ちゃくい	着衣	7189
ちゃくが	着画	7128
ちゃくがん	着眼	7007
ちゃくがんてん	着眼点	7548
ちゃくざ	着座	7227
ちゃくし	嫡子	7487
ちゃくしゅ	着手	6033
ちゃくしょう	着床	6958
ちゃくしょく	着色	6029
ちゃくしょくりょう	着色料	7122
ちゃくしん	着信	6108
ちゃくしんおん	着信音	7416
ちゃくじつ	着実	5983
ちゃくじゅん	着順	7071
ちゃくすい	着水	7185
ちゃくせい	着生	7365
ちゃくせき	着席	6509
ちゃくそう	着想	6561
ちゃくだつ	着脱	6293
ちゃくだつかのう	着脱可能	7430
ちゃくだん	着弾	6830
ちゃくち	着地	6088
ちゃくちゃく	着々	6483
ちゃくちゃくと	着々と	6496
ちゃくてい	着底	7289
ちゃくどん	着丼	7310
ちゃくなん	嫡男	7139
ちゃくにん	着任	6579
ちゃくばらい	着払い	6739
ちゃくふく	着服	7445
ちゃくもく	着目	5956
ちゃくよう	着用	5031
ちゃくようかのう	着用可能	7424
ちゃくようかん	着用感	7088
ちゃくら	チャクラ	6612
ちゃくりく	着陸	6219
ちゃこ	チャコ	7221
ちゃこ	ちゃこ	7454
ちゃこし	茶こし	7411
ちゃこーる	チャコール	7082
ちゃしつ	茶室	6701
ちゃじ	茶事	7551
ちゃじん	茶人	7444
ちゃせき	茶席	7289
ちゃちゃ	茶々	7182
ちゃちゃ	チャチャ	7247
ちゃちゃ	ちゃちゃ	7325
ちゃちゃっ	ちゃちゃっ	7374
ちゃっ	ちゃっ	4834
ちゃっか	着火	6716
ちゃっかり	ちゃっかり	6773
ちゃっく	チャック	6437
ちゃっこう	着工	6398
ちゃっちゃ	ちゃっちゃ	7561
ちゃっと	チャット	5598
ちゃっとぼっと	チャットボット	6622
ちゃっぷりん	チャップリン	7264
ちゃづけ	茶漬け	7000
ちゃど	チャド	7466
ちゃどうぐ	茶道具	7196
ちゃねりんぐ	チャネリング	7347
ちゃねる	チャネル	6091
ちゃのま	茶の間	6857
ちゃのゆ	茶の湯	7109
ちゃば	茶葉	6297
ちゃばん	茶番	7031
ちゃぱつ	茶髪	6833
ちゃぶだい	ちゃぶ台	7296
ちゃぷたー	チャプター	6568
ちゃぷちぇ	チャプチェ	7543
ちゃぺる	チャペル	6652
ちゃみせ	茶店	7503
ちゃめ	茶目	6943
ちゃめ	ちゃめ	7395
ちゃめっけ	茶目っ気	7502
ちゃや	茶屋	6320
ちゃら	チャラ	7114
ちゃら	ちゃら	7415
ちゃらい	チャラい	7178
ちゃりてぃ	チャリティ	6424
ちゃりてぃー	チャリティー	7065
ちゃれ	チャレ	7442
ちゃれんじ	チャレンジ	5062
ちゃれんじゃー	チャレンジャー	6826
ちゃれんじんぐ	チャレンジング	7242
ちゃわ	ちゃわ	6856
ちゃわん	茶碗	6279
ちゃわん	茶わん	7436
ちゃわんむし	茶碗蒸し	6698
ちゃん	ちゃん	4105
ちゃん	チャン	6112
ちゃん	張	6769
ちゃんく	チャンク	7275
ちゃんぐむ	チャングム	7415
ちゃんこ	ちゃんこ	6723
ちゃんす	チャンス	5051
ちゃんちゃん	ちゃんちゃん	7445
ちゃんと	ちゃんと	4686
ちゃんねる	チャンネル	5200
ちゃんばー	チャンバー	7324
ちゃんぴおん	チャンピオン	5746
ちゃんぴおんしっぷ	チャンピオンシップ	6717
ちゃんぴおんず	チャンピオンズ	6760
ちゃんぷ	チャンプ	7083
ちゃんぽん	ちゃんぽん	6623
ちゃんぽん	チャンポン	7333
ちゃんも	ちゃんも	6403
ちゃー	チャー	7512
ちゃーしゅー	チャーシュー	5852
ちゃーじ	チャージ	5697
ちゃーじゃー	チャージャー	7363
ちゃーたー	チャーター	6877
ちゃーたーびん	チャーター便	7420
ちゃーちる	チャーチル	7421
ちゃーと	チャート	5760
ちゃーはん	チャーハン	6066
ちゃーはん	炒飯	6594
ちゃーみんぐ	チャーミング	6727
ちゃーむ	チャーム	6137
ちゃーむぽいんと	チャームポイント	7290
ちゃーりー	チャーリー	6727
ちゃーるず	チャールズ	6759
ちゃーん	ちゃーん	7076
ちや	チヤ	7082
ちや	ちや	7094
ちやほや	チヤホヤ	7180
ちやほや	ちやほや	7342
ちゅ	チュ	7222
ちゅう	中	4426
ちゅう	注	5848
ちゅう	虫	6181
ちゅう	宙	6379
ちゅう	駐	6509
ちゅう	厨	6680
ちゅう	チュウ	6937
ちゅう	忠	6964
ちゅうい	注意	4337
ちゅうい	中尉	6967
ちゅうい	中位	7238
ちゅういかんき	注意喚起	6961
ちゅういがき	注意書き	7266
ちゅういき	中域	7343
ちゅういじこう	注意事項	5707
ちゅういち	中1	6596
ちゅういてん	注意点	5971
ちゅういぶかく	注意深く	6511
ちゅういほう	注意報	6706
ちゅういりょく	注意力	7422
ちゅういをはらう	注意を払う	7436
ちゅうおう	中央	4837
ちゅうおうあじあ	中央アジア	6975
ちゅうおうぎんこう	中央銀行	7412
ちゅうおうく	中央区	7188
ちゅうおうせん	中央線	6685
ちゅうおうだいがく	中央大学	6830
ちゅうおうち	中央値	7222
ちゅうおうどおり	中央通り	7291
ちゅうおうぶ	中央部	7178
ちゅうおうぶんりたい	中央分離帯	7545
ちゅうおん	中音	7520
ちゅうか	中華	5630
ちゅうかい	仲介	5963
ちゅうかがい	中華街	6624
ちゅうかく	中核	6160
ちゅうかじんみんきょうわこく	中華人民共和国	7034
ちゅうかそば	中華そば	7449
ちゅうかどん	中華丼	7466
ちゅうかなべ	中華鍋	7298
ちゅうかまん	中華まん	7527
ちゅうかみんこく	中華民国	7143
ちゅうかめん	中華麺	7081
ちゅうから	中辛	7321
ちゅうかりょうり	中華料理	6227
ちゅうかん	中間	5671
ちゅうかんしょく	中間色	7495
ちゅうかんせつ	肘関節	7503
ちゅうがえり	宙返り	7371
ちゅうがく	中学	5139
ちゅうがくじだい	中学時代	6535
ちゅうがくじゅけん	中学受験	6670
ちゅうがくせい	中学生	5261
ちゅうがくねん	中学年	7137
ちゅうがた	中型	6294
ちゅうがっこう	中学校	5194
ちゅうき	中期	6002
ちゅうき	注記	6788
ちゅうきぼ	中規模	7092
ちゅうきゅう	中級	6147
ちゅうきゅうしゃ	中級者	7380
ちゅうきょう	中京	6660
ちゅうきょう	中共	7324
ちゅうきょうだいがく	中京大学	7566
ちゅうきょり	中距離	6595
ちゅうきんとう	中近東	7562
ちゅうぎ	忠義	7209
ちゅうぎん	中銀	7242
ちゅうくう	中空	7093
ちゅうぐう	中宮	7324
ちゅうけい	中継	5682
ちゅうけん	中堅	6153
ちゅうげん	中元	6615
ちゅうこ	中古	5431
ちゅうこう	中高	6742
ちゅうこう	中興	7340
ちゅうこうせい	中高生	6284
ちゅうこうねん	中高年	6604
ちゅうこく	忠告	6632
ちゅうこしゃ	中古車	5863
ちゅうこしょうひん	中古商品	7532
ちゅうこじゅうたく	中古住宅	7533
ちゅうこひん	中古品	5536
ちゅうこまんしょん	中古マンション	6819
ちゅうごく	中国	4613
ちゅうごくがわ	中国側	7384
ちゅうごくきぎょう	中国企業	7479
ちゅうごくきょうさんとう	中国共産党	6900
ちゅうごくこくない	中国国内	7414
ちゅうごくご	中国語	6284
ちゅうごくさん	中国産	7558
ちゅうごくしじょう	中国市場	7427
ちゅうごくじん	中国人	5859
ちゅうごくせい	中国製	7272
ちゅうごくせいふ	中国政府	6987
ちゅうごくたいりく	中国大陸	7425
ちゅうごくちほう	中国地方	7290
ちゅうごくでんりょく	中国電力	7490
ちゅうごくほんど	中国本土	7487
ちゅうごし	中腰	7509
ちゅうさ	中佐	7295
ちゅうさい	仲裁	6732
ちゅうさん	中3	6565
ちゅうざ	中座	7551
ちゅうざい	駐在	6289
ちゅうざん	中山	6660
ちゅうし	中止	5184
ちゅうし	注視	6512
ちゅうしゃ	駐車	5218
ちゅうしゃ	注射	5790
ちゅうしゃく	注釈	6516
ちゅうしゃしん	注射針	7410
ちゅうしゃじょう	駐車場	5056
ちゅうしゃじょうあり	駐車場あり	7024
ちゅうしゃばだい	駐車場代	7548
ちゅうしゃりょうきん	駐車料金	7446
ちゅうしゅう	中秋	6515
ちゅうしゅうのめいげつ	中秋の名月	6912
ちゅうしゅつ	抽出	5564
ちゅうしょう	中小	5508
ちゅうしょう	中傷	5916
ちゅうしょう	抽象	5954
ちゅうしょうきぎょう	中小企業	6313
ちゅうしょうきぎょうちょう	中小企業庁	7448
ちゅうしょうてき	抽象的	6456
ちゅうしょく	昼食	5693
ちゅうしょくご	昼食後	7242
ちゅうしん	中心	4450
ちゅうしん	忠臣	7471
ちゅうしんぐら	忠臣蔵	7219
ちゅうしんせん	中心線	7298
ちゅうしんち	中心地	6391
ちゅうしんてき	中心的	7134
ちゅうしんぶ	中心部	6861
ちゅうじえん	中耳炎	7130
ちゅうじく	中軸	7452
ちゅうじつ	忠実	5962
ちゅうじゅん	中旬	5697
ちゅうじょう	中将	6890
ちゅうじょう	柱状	7269
ちゅうすい	注水	7462
ちゅうすう	中枢	6353
ちゅうせい	中世	6018
ちゅうせい	中性	6227
ちゅうせい	忠誠	6484
ちゅうせいし	中性子	6933
ちゅうせいしぼう	中性脂肪	7280
ちゅうせいしん	忠誠心	7400
ちゅうせいせんざい	中性洗剤	7065
ちゅうせいてき	中性的	7298
ちゅうせいぶ	中西部	7331
ちゅうせん	抽選	5265
ちゅうせんかい	抽選会	7111
ちゅうせんけっか	抽選結果	7387
ちゅうぜつ	中絶	6614
ちゅうぜん	中前	7097
ちゅうぜんじこ	中禅寺湖	7428
ちゅうそう	中層	7030
ちゅうそく	中速	7496
ちゅうそつ	中卒	6850
ちゅうぞう	鋳造	6509
ちゅうたい	中退	6428
ちゅうたい	中隊	6854
ちゅうたいれん	中体連	6962
ちゅうだ	中田	6978
ちゅうだい	中大	7155
ちゅうだん	中断	5802
ちゅうだん	中段	6591
ちゅうだん	中団	7378
ちゅうちょ	躊躇	6089
ちゅうちょうき	中長期	6439
ちゅうちょうきてき	中長期的	6830
ちゅうていど	中程度	6950
ちゅうてつ	鋳鉄	7187
ちゅうと	中途	6088
ちゅうとう	中東	6208
ちゅうとう	中等	6369
ちゅうとう	柱頭	7497
ちゅうとさいよう	中途採用	7061
ちゅうとにゅうしゃ	中途入社	7311
ちゅうとはんぱ	中途半端	5919
ちゅうとん	駐屯	6638
ちゅうどう	中道	7113
ちゅうどく	中毒	6008
ちゅうどくせい	中毒性	7083
ちゅうなま	中生	7268
ちゅうなんべい	中南米	6845
ちゅうに	中2	6730
ちゅうに	中二	6957
ちゅうにうい	宙に浮い	7321
ちゅうにち	中日	5942
ちゅうにち	駐日	7469
ちゅうにびょう	中二病	7532
ちゅうにゅう	注入	5950
ちゅうねん	中年	6203
ちゅうのう	中濃	7429
ちゅうはい	酎ハイ	7434
ちゅうばん	中盤	5838
ちゅうび	中火	5957
ちゅうふく	中腹	6777
ちゅうぶ	中部	5928
ちゅうぶでんりょく	中部電力	7106
ちゅうぶん	中文	7527
ちゅうへん	中編	7131
ちゅうべい	中米	7397
ちゅうぼう	厨房	6132
ちゅうもく	注目	4685
ちゅうもくど	注目度	6945
ちゅうもん	注文	4642
ちゅうもんじ	注文時	7285
ちゅうもんじゅうたく	注文住宅	6657
ちゅうや	昼夜	6423
ちゅうや	中也	6772
ちゅうゆ	注油	7263
ちゅうよう	中庸	7350
ちゅうりつ	中立	6324
ちゅうりつてき	中立的	7334
ちゅうりゃく	中略	6542
ちゅうりゅう	中流	6926
ちゅうりゅう	駐留	7041
ちゅうりょく	注力	6027
ちゅうりん	駐輪	7057
ちゅうりんじょう	駐輪場	6476
ちゅうわ	中和	6612
ちゅちゅ	チュチュ	7553
ちゅにじあ	チュニジア	7187
ちゅにっく	チュニック	7116
ちゅら	美ら	7472
ちゅらうみすいぞくかん	美ら海水族館	7293
ちゅろす	チュロス	7159
ちゅん	チュン	7526
ちゅんりー	春麗	7512
ちゅー	チュー	6945
ちゅーたー	チューター	7364
ちゅーとりある	チュートリアル	6209
ちゅーな	チューナ	7194
ちゅーなー	チューナー	6533
ちゅーにんぐ	チューニング	6231
ちゅーはい	チューハイ	7036
ちゅーば	チューバ	7137
ちゅーぶ	チューブ	5776
ちゅーりっひ	チューリッヒ	7237
ちゅーりっぷ	チューリップ	6290
ちゅーる	チュール	6933
ちゅーん	チューン	7031
ちゆ	治癒	6144
ちょ	ちょ	5650
ちょ	著	6034
ちょ	緒	6771
ちょい	ちょい	5727
ちょい	チョイ	6630
ちょいす	チョイス	5833
ちょいちょい	ちょいちょい	6550
ちょいと	ちょいと	6439
ちょう	超	4622
ちょう	町	4795
ちょう	長	4818
ちょう	朝	5001
ちょう	帳	5731
ちょう	調	5766
ちょう	庁	5829
ちょう	蝶	5924
ちょうあい	寵愛	7126
ちょうい	潮位	7222
ちょういん	調印	6852
ちょううん	趙雲	7429
ちょうえい	町営	7286
ちょうえき	懲役	6268
ちょうえつ	超越	6392
ちょうおんぱ	超音波	6960
ちょうか	釣果	6093
ちょうか	超過	6260
ちょうか	長靴	7331
ちょうかい	懲戒	6337
ちょうかい	町会	6794
ちょうかい	朝会	6946
ちょうかいしょぶん	懲戒処分	7325
ちょうかく	聴覚	6130
ちょうかくしょうがい	聴覚障害	7549
ちょうかつ	腸活	7179
ちょうかん	長官	5975
ちょうかん	朝刊	6734
ちょうかん	腸管	6792
ちょうかんたん	超簡単	6879
ちょうき	長期	5069
ちょうきいんたーん	長期インターン	7527
ちょうきかん	長期間	5880
ちょうききゅうか	長期休暇	7130
ちょうきせん	長期戦	7099
ちょうきたいざい	長期滞在	7457
ちょうきてき	長期的	5927
ちょうきほぞん	長期保存	7364
ちょうきょう	調教	6527
ちょうきょうし	調教師	6631
ちょうきょうりょく	超強力	7520
ちょうきょり	長距離	5905
ちょうきん	彫金	7300
ちょうぎかい	町議会	7138
ちょうけい	長兄	7353
ちょうけいりょう	超軽量	7432
ちょうけし	帳消し	7345
ちょうこう	釣行	6310
ちょうこう	兆候	6349
ちょうこう	調光	6842
ちょうこう	聴講	6881
ちょうこう	調香	7209
ちょうこう	徴候	7275
ちょうこうそく	超高速	7495
ちょうこく	彫刻	5761
ちょうこくか	彫刻家	7532
ちょうこくとう	彫刻刀	7338
ちょうこつ	腸骨	7459
ちょうごう	調合	6420
ちょうさ	調査	4509
ちょうさいん	調査員	7496
ちょうさかん	調査官	7114
ちょうさけっか	調査結果	6605
ちょうさけんきゅう	調査研究	7400
ちょうさしょ	調査書	7489
ちょうさたいしょう	調査対象	7365
ちょうさちゅう	調査中	7196
ちょうざい	調剤	6351
ちょうざいやっきょく	調剤薬局	7276
ちょうざめ	チョウザメ	7478
ちょうし	調子	5318
ちょうし	銚子	6911
ちょうし	長子	7353
ちょうしゃ	庁舎	6230
ちょうしゃく	長尺	6941
ちょうしゅ	聴取	6382
ちょうしゅう	徴収	5855
ちょうしゅう	聴衆	6607
ちょうしゅう	長州	6870
ちょうしょ	長所	6011
ちょうしょ	調書	6651
ちょうしょう	嘲笑	6943
ちょうしょく	朝食	5339
ちょうしょく	調色	7175
ちょうしょくご	朝食後	7435
ちょうしん	長身	6583
ちょうしんき	聴診器	7384
ちょうしんせい	超新星	7134
ちょうじかん	長時間	5407
ちょうじゃ	長者	6762
ちょうじゅ	長寿	6047
ちょうじゅう	鳥獣	6665
ちょうじゅう	超獣	7479
ちょうじゅうよう	超重要	7505
ちょうじゅみょう	長寿命	7543
ちょうじょ	長女	5788
ちょうじょう	頂上	5974
ちょうじょう	超常	7030
ちょうじょう	長城	7404
ちょうじん	超人	6388
ちょうじんてき	超人的	7445
ちょうず	手水	7177
ちょうせい	調整	4590
ちょうせい	調製	6599
ちょうせい	長生	7427
ちょうせい	調性	7480
ちょうせいかのう	調整可能	6821
ちょうせいちゅう	調整中	7389
ちょうせき	潮汐	7263
ちょうせき	長石	7551
ちょうせつ	調節	5502
ちょうせつかのう	調節可能	7083
ちょうせん	挑戦	4776
ちょうせん	朝鮮	5810
ちょうせんしゃ	挑戦者	7182
ちょうせんじん	朝鮮人	6623
ちょうせんせんそう	朝鮮戦争	7175
ちょうせんちゅう	挑戦中	7311
ちょうせんてき	挑戦的	7199
ちょうせんはんとう	朝鮮半島	6511
ちょうぜい	徴税	7457
ちょうぜつ	超絶	6110
ちょうそかべ	長宗我部	7480
ちょうそん	町村	6758
ちょうぞう	彫像	7083
ちょうた	町田	7470
ちょうたつ	調達	5520
ちょうたん	長短	7225
ちょうだ	長蛇	6686
ちょうだ	長打	6814
ちょうだ	町田	6935
ちょうだい	頂戴	6037
ちょうだい	ちょうだい	6770
ちょうだい	長大	7022
ちょうだのれつ	長蛇の列	6969
ちょうちょ	ちょうちょ	7241
ちょうちょう	町長	6171
ちょうちょう	蝶々	6898
ちょうちょう	長調	7531
ちょうちん	提灯	6435
ちょうちん	ちょうちん	7080
ちょうつがい	蝶番	7278
ちょうてい	調停	6238
ちょうてい	朝廷	6479
ちょうてん	頂点	5911
ちょうでんどう	超電導	7422
ちょうとうは	超党派	7503
ちょうとっきゅう	超特急	7555
ちょうど	ちょうど	5079
ちょうど	丁度	5949
ちょうど	調度	6855
ちょうどいい	丁度いい	7442
ちょうどう	町道	7519
ちょうどひん	調度品	7442
ちょうどよい	ちょうどよい	6926
ちょうどよかっ	ちょうどよかっ	7223
ちょうどよかっ	ちょうど良かっ	7415
ちょうどよく	ちょうどよく	7006
ちょうどよく	ちょうど良く	7116
ちょうどよく	丁度良く	7511
ちょうない	町内	5886
ちょうない	腸内	6055
ちょうないかい	町内会	7227
ちょうないかんきょう	腸内環境	6703
ちょうないさいきん	腸内細菌	7290
ちょうなん	長男	5551
ちょうにん	町人	7090
ちょうの	蝶野	7457
ちょうのうりょく	超能力	7053
ちょうはつ	挑発	6322
ちょうはつ	長髪	6919
ちょうはつてき	挑発的	7476
ちょうばつ	懲罰	7047
ちょうひ	張飛	7383
ちょうひょう	帳票	6622
ちょうび	長尾	7062
ちょうふ	調布	6732
ちょうふく	重複	6119
ちょうぶつ	長物	7453
ちょうぶん	長文	6106
ちょうへい	徴兵	6888
ちょうへいそく	腸閉塞	7451
ちょうへん	長編	6203
ちょうへん	長辺	7490
ちょうべんり	超便利	7446
ちょうほう	重宝	5790
ちょうほう	諜報	6814
ちょうほう	釣法	7506
ちょうほうけい	長方形	6386
ちょうほん	張本	7513
ちょうほんにん	張本人	7022
ちょうぼ	帳簿	6386
ちょうぼう	眺望	6200
ちょうみ	調味	6360
ちょうみりょう	調味料	5597
ちょうみん	町民	6420
ちょうめ	丁目	5394
ちょうめい	町名	6900
ちょうもん	聴聞	7271
ちょうもん	弔問	7405
ちょうやく	跳躍	6760
ちょうゆうめい	超有名	7376
ちょうよう	徴用	7286
ちょうよう	重用	7300
ちょうよう	重陽	7325
ちょうようきん	腸腰筋	7353
ちょうらく	凋落	7351
ちょうり	調理	5173
ちょうりきぐ	調理器具	6599
ちょうりし	調理師	7473
ちょうりじかん	調理時間	7320
ちょうりじっしゅう	調理実習	7418
ちょうりちゅう	調理中	7565
ちょうりつ	町立	6730
ちょうりつ	調律	6827
ちょうりば	調理場	7106
ちょうりほう	調理法	6889
ちょうりほうほう	調理方法	7138
ちょうりゅう	潮流	6570
ちょうりょく	聴力	6898
ちょうりょく	張力	6976
ちょうるい	鳥類	6653
ちょうれい	朝礼	6691
ちょうろう	長老	6650
ちょうわ	調和	5743
ちょき	チョキ	7450
ちょき	ちょき	7551
ちょきん	貯金	5802
ちょきんばこ	貯金箱	7542
ちょく	直	5973
ちょくえい	直営	6491
ちょくえいてん	直営店	6489
ちょくげき	直撃	6140
ちょくご	直後	5232
ちょくし	直視	6829
ちょくし	勅使	7529
ちょくしゃ	直射	6217
ちょくしゃにっこう	直射日光	6441
ちょくしん	直進	6256
ちょくじょう	直上	7465
ちょくせつ	直接	4729
ちょくせつてき	直接的	6026
ちょくせつばなし	直接話	7411
ちょくせん	直線	5740
ちょくせんきょり	直線距離	6921
ちょくせんてき	直線的	6860
ちょくぜん	直前	5302
ちょくそう	直送	6444
ちょくぞく	直属	6796
ちょくちょう	直腸	6861
ちょくちょく	ちょくちょく	6412
ちょくつう	直通	6248
ちょくはん	直販	6893
ちょくばい	直売	6172
ちょくひつ	直筆	7286
ちょくふん	直噴	7509
ちょくほうたい	直方体	7461
ちょくめい	勅命	7554
ちょくめん	直面	5795
ちょくやく	直訳	6607
ちょくゆにゅう	直輸入	7202
ちょくりつ	直立	6749
ちょくりゅう	直流	6685
ちょくれい	勅令	7555
ちょくれつ	直列	6698
ちょこ	チョコ	5302
ちょこ	ちょこ	6691
ちょこ	猪口	7246
ちょこちっぷ	チョコチップ	7388
ちょこちょこ	ちょこちょこ	6280
ちょこっと	ちょこっと	6202
ちょこぼ	チョコボ	7004
ちょこれーと	チョコレート	5385
ちょこれーとけーき	チョコレートケーキ	7502
ちょこんと	ちょこんと	6870
ちょさく	著作	5318
ちょさくけん	著作権	6244
ちょさくけんしんがい	著作権侵害	7237
ちょさくけんじゃ	著作権者	6948
ちょさくけんほう	著作権法	6726
ちょさくしゃ	著作者	7409
ちょさくぶつ	著作物	6923
ちょしゃ	著者	5502
ちょしゃめい	著者名	7445
ちょしょ	著書	5828
ちょじゅつ	著述	7442
ちょすい	貯水	6830
ちょすいち	貯水池	7155
ちょぞう	貯蔵	6165
ちょぞうこ	貯蔵庫	7300
ちょちく	貯蓄	6253
ちょっ	チョッ	7332
ちょっか	直下	6446
ちょっかい	ちょっかい	6907
ちょっかく	直角	6916
ちょっかつ	直轄	6949
ちょっかん	直感	5807
ちょっかん	直観	6826
ちょっかんてき	直感的	6278
ちょっかんてき	直観的	7497
ちょっかんりょく	直感力	7514
ちょっき	直帰	7098
ちょっき	チョッキ	7369
ちょっきゅう	直球	6449
ちょっきん	直近	5863
ちょっけい	直径	5847
ちょっけい	直系	6820
ちょっけつ	直結	5847
ちょっこう	直行	6242
ちょっこう	直交	7061
ちょっこうびん	直行便	7441
ちょっと	ちょっと	4210
ちょっと	チョット	6610
ちょっと	一寸	7407
ちょっといい	ちょっといい	7114
ちょっとうれしい	ちょっと嬉しい	7354
ちょっとおおきい	ちょっと大きい	7487
ちょっとおかしい	ちょっとおかしい	7497
ちょっとおもしろい	ちょっと面白い	7192
ちょっときびしい	ちょっと厳しい	7311
ちょっとこわい	ちょっと怖い	6768
ちょっとさびしい	ちょっと寂しい	7241
ちょっとした	ちょっとした	5383
ちょっとしたおでかけ	ちょっとしたお出かけ	7552
ちょっとしたくふう	ちょっとした工夫	7428
ちょっとしたこつ	ちょっとしたコツ	7557
ちょっとしたこと	ちょっとしたこと	6903
ちょっとたかい	ちょっと高い	6953
ちょっととおい	ちょっと遠い	7265
ちょっとながい	ちょっと長い	7428
ちょっとながく	ちょっと長く	7542
ちょっとはずかしい	ちょっと恥ずかしい	7290
ちょっとはやい	ちょっと早い	7250
ちょっとふるい	ちょっと古い	7389
ちょっとむずかしい	ちょっと難しい	7138
ちょっとめずらしい	ちょっと珍しい	7280
ちょっとものたりない	ちょっと物足りない	7377
ちょっぱー	チョッパー	6996
ちょっぴり	ちょっぴり	6062
ちょっぷ	チョップ	6955
ちょとつもうしん	猪突猛進	7445
ちょびっと	ちょびっと	7239
ちょめい	著名	5866
ちょめい	著明	7489
ちょめいじん	著名人	6965
ちょりゅう	貯留	6882
ちょろ	チョロ	7122
ちょろ	ちょろ	7493
ちょろきゅー	チョロQ	7453
ちょろちょろ	チョロチョロ	7449
ちょろちょろ	ちょろちょろ	7467
ちょろっ	ちょろっ	7077
ちょろまつ	チョロ松	7397
ちょん	チョン	6691
ちょん	ちょん	6713
ちょん	全	7476
ちょんまげ	ちょんまげ	7298
ちょー	チョー	6787
ちょーく	チョーク	6589
ちよ	ちよ	6897
ちよ	千代	7064
ちよこ	千代子	7395
ちよだ	千代田	6035
ちよだく	千代田区	7377
ちよだせん	千代田線	7125
ちら	チラ	6711
ちら	ちら	7067
ちら	散ら	7491
ちらかし	散らかし	6912
ちらかす	散らかす	7504
ちらかっ	散らかっ	6874
ちらかり	散らかり	7423
ちらし	チラシ	5557
ちらし	散らし	6507
ちらし	ちらし	6542
ちらしずし	ちらし寿司	7462
ちらす	散らす	6770
ちらちら	チラチラ	6916
ちらちら	ちらちら	7315
ちらっ	チラッ	6542
ちらっと	ちらっと	6682
ちらつか	ちらつか	7483
ちらつき	ちらつき	7492
ちらつく	ちらつく	7492
ちらばっ	散らばっ	6722
ちらばる	散らばる	7288
ちらほら	ちらほら	6330
ちらほら	チラホラ	6679
ちらり	チラリ	6959
ちらりと	ちらりと	6948
ちり	チリ	5870
ちり	地理	5977
ちり	散り	6763
ちり	ちり	6855
ちり	塵	7014
ちりがく	地理学	7218
ちりちり	チリチリ	7294
ちりてき	地理的	6922
ちりばめ	散りばめ	6588
ちりばめ	ちりばめ	7114
ちりめん	ちりめん	6810
ちりめんじゃこ	ちりめんじゃこ	7331
ちりゃく	知略	7482
ちりゅう	知立	7224
ちりょう	治療	4518
ちりょういん	治療院	7508
ちりょうきかん	治療期間	7317
ちりょうけいかく	治療計画	7352
ちりょうこうか	治療効果	7253
ちりょうご	治療後	7345
ちりょうちゅう	治療中	7204
ちりょうないよう	治療内容	7466
ちりょうひ	治療費	6986
ちりょうほう	治療法	6384
ちりょうほうしん	治療方針	7201
ちりょうほうほう	治療方法	6976
ちりょうやく	治療薬	7220
ちりょく	知力	6807
ちる	散る	6684
ちる	ちる	7106
ちる	チル	7341
ちると	チルト	7310
ちるど	チルド	7140
ちるどれん	チルドレン	7010
ちるの	チルノ	7480
ちれき	地歴	7493
ちろ	ちろ	7026
ちろる	チロル	7075
ちわわ	チワワ	6603
ちん	チン	5959
ちん	ちん	6072
ちん	珍	6306
ちん	金	6531
ちん	陳	6678
ちん	沈	7067
ちん	賃	7465
ちんあげ	賃上げ	6685
ちんあつ	鎮圧	6891
ちんか	沈下	6777
ちんか	鎮火	7279
ちんぎん	賃金	5680
ちんこう	沈降	7408
ちんこん	鎮魂	7174
ちんざ	鎮座	6237
ちんしゃく	賃借	6865
ちんじゅ	鎮守	6681
ちんじゅう	珍獣	7458
ちんじゅつ	陳述	6915
ちんじょう	陳情	6867
ちんすこう	ちんすこう	7550
ちんせい	鎮静	6594
ちんせい	沈静	7249
ちんたい	賃貸	5716
ちんたいしゃく	賃貸借	6905
ちんたいじゅうたく	賃貸住宅	7467
ちんたいぶっけん	賃貸物件	7168
ちんたいまんしょん	賃貸マンション	6989
ちんたお	青島	7384
ちんちゃく	沈着	6578
ちんちょう	珍重	7347
ちんちら	チンチラ	7558
ちんちん	ちんちん	7241
ちんつう	鎮痛	6492
ちんつうざい	鎮痛剤	7365
ちんでん	沈殿	6809
ちんぱんじー	チンパンジー	6940
ちんぴら	チンピラ	6825
ちんぴん	珍品	7560
ちんぷ	陳腐	6978
ちんぼつ	沈没	6579
ちんぽ	ちんぽ	7389
ちんみ	珍味	6964
ちんもく	沈黙	6132
ちんりょう	賃料	6612
ちんれつ	陳列	6356
ちー	チー	6559
ちーく	チーク	6406
ちーず	チーズ	5104
ちーずけーき	チーズケーキ	6740
ちーずふぉんでゅ	チーズフォンデュ	7437
ちーたー	チーター	6952
ちーと	チート	6304
ちーとでい	チートデイ	7536
ちーふ	チーフ	6519
ちーぷ	チープ	6814
ちーむ	チーム	4332
ちーむびるでぃんぐ	チームビルディング	7538
ちーむめいと	チームメイト	6319
ちーむめんばー	チームメンバー	6905
ちーむめーと	チームメート	7060
ちーむりーだー	チームリーダー	7058
ちーむわーく	チームワーク	6257
ちーゆ	鶏油	7462
ぢ	ぢ	6104
ぢん	金	6531
っ	っ	4788
っ	ッ	5850
っきゃ	っきゃ	6907
っきり	っきり	6593
っけ	っけ	5343
っけ	っ気	7126
っこ	っ子	5810
っし	っし	6474
っしょ	っしょ	6614
っしょ	ッショ	6907
っす	っす	5656
っす	ッス	6775
ったらし	ったらし	6907
ったらしい	ったらしい	6907
ったらしかっ	ったらしかっ	6907
ったらしから	ったらしから	6907
ったらしかれ	ったらしかれ	6907
ったらしかろ	ったらしかろ	6907
ったらしき	ったらしき	6907
ったらしきゃ	ったらしきゃ	6907
ったらしく	ったらしく	6909
ったらしけりゃ	ったらしけりゃ	6907
ったらしけれ	ったらしけれ	6907
ったらしゅう	ったらしゅう	6907
って	って	3575
っていう	っていう	4921
ってか	ってか	6123
ってな	ってな	5661
っては	っては	7515
っても	っても	6449
っと	っと	5021
っと	ット	6907
っとは	っとは	7538
っぱ	っぱ	6357
っぱなし	っぱなし	5705
っぱなし	っ放し	7139
っぷり	っぷり	5950
っぺー	っぺー	7002
っぽ	っぽ	5939
っぽい	っぽい	5053
っぽう	っぽう	6908
っぽかっ	っぽかっ	6907
っぽから	っぽから	6907
っぽかれ	っぽかれ	6907
っぽかろ	っぽかろ	6907
っぽき	っぽき	6907
っぽきゃ	っぽきゃ	6907
っぽく	っぽく	5685
っぽけりゃ	っぽけりゃ	6907
っぽけれ	っぽけれ	6907
つ	つ	4623
つ	津	6244
つあー	ツアー	4965
つい	つい	4651
つい	付い	4860
つい	着い	5602
つい	対	5703
つい	就い	6344
つい	追	6358
つい	継い	6450
つい	ツイ	6461
ついおく	追憶	6898
ついか	追加	4395
ついかこうか	追加効果	7382
ついかじょうほう	追加情報	7290
ついかすみ	追加済	7206
ついかずみ	追加済	6947
ついかそうりょう	追加送料	6214
ついかてん	追加点	6878
ついかひよう	追加費用	7497
ついかりょうきん	追加料金	6636
ついかんばん	椎間板	6725
ついかんばんへるにあ	椎間板ヘルニア	7451
ついき	追記	5767
ついき	築城	7430
ついきゃす	ツイキャス	7006
ついきゅう	追求	5459
ついきゅう	追及	6272
ついきゅう	追究	6948
ついげき	追撃	6265
ついこみ	ツイコミ	7058
ついごめ	対米	7383
ついさいきん	つい最近	6812
ついし	追試	7371
ついしょう	追従	6883
ついしん	追伸	7087
ついじ	築地	7438
ついじゅう	追従	6883
ついじゅく	追熟	7435
ついすと	ツイスト	6818
ついずい	追随	6773
ついせき	追跡	5753
ついせきばんごう	追跡番号	7484
ついせんじつ	つい先日	6927
ついそう	追走	7037
ついたいけん	追体験	7325
ついたち	1日	4474
ついたち	一日	5237
ついたち	朔	7110
ついたて	衝立	7490
ついったー	ツイッター	5630
ついったーあかうんと	ツイッターアカウント	7464
ついつい	ついつい	5815
ついて	ついて	6471
ついていき	ついていき	7119
ついていきゃ	ついていきゃ	7326
ついていく	ついていく	6705
ついていく	ついて行く	7267
ついていけ	ついていけ	6498
ついていける	ついていける	7163
ついていっ	ついて行っ	7199
ついていっ	ついていっ	7289
ついては	ついては	7173
ついてる	ついてる	6038
ついで	ついで	5896
ついで	次いで	6225
ついで	序	7326
ついでに	ついでに	7104
ついとう	追悼	6266
ついとつ	追突	6809
ついに	ついに	5186
ついに	遂に	5955
ついになる	対になる	7384
ついにん	追認	7563
ついひ	追肥	7001
ついび	追尾	6846
ついほう	追放	6161
ついやさ	費やさ	7235
ついやし	費やし	6281
ついやす	費やす	6630
ついらく	墜落	6355
ついん	ツイン	5715
ついんず	ツインズ	7268
ついんてーる	ツインテール	7265
ついんれい	ツインレイ	6604
ついーたー	ツイーター	7333
ついーと	ツイート	5133
ついーど	ツイード	6976
つう	痛	5811
つう	通	6304
つう	つう	6624
つうぃ	ツウィ	7433
つういん	通院	5885
つうえん	通園	7007
つうか	通過	5353
つうか	通貨	5541
つうかい	痛快	7105
つうかく	痛覚	7481
つうかてん	通過点	7494
つうかん	痛感	6150
つうかん	通関	6806
つうがく	通学	5715
つうがくろ	通学路	7288
つうき	通気	5943
つうき	通期	6981
つうきせい	通気性	6250
つうきん	通勤	5414
つうきんじかん	通勤時間	7070
つうきんてあて	通勤手当	7020
つうこう	通行	5811
つうこうどめ	通行止め	6311
つうこうにん	通行人	6797
つうこく	通告	6647
つうこん	痛恨	6885
つうさん	通算	5927
つうしょ	通所	6454
つうしょう	通称	5781
つうしょう	通商	6775
つうしん	通信	4922
つうしんかんきょう	通信環境	7217
つうしんきょういく	通信教育	7391
つうしんこうざ	通信講座	7401
つうしんせい	通信制	7524
つうしんせいこうこう	通信制高校	7153
つうしんそくど	通信速度	7101
つうしんはんばい	通信販売	6984
つうしんひ	通信費	7531
つうじ	通じ	4793
つうじゅく	通塾	7117
つうじょう	通常	4585
つうじょうかかく	通常価格	6994
つうじょうじ	通常時	6746
つうじょうどおり	通常通り	7299
つうじょうばん	通常版	6710
つうじょうもーど	通常モード	7487
つうじる	通じる	5996
つうすい	通水	7476
つうずる	通ずる	6840
つうせつ	通説	7143
つうそく	通則	7314
つうたつ	通達	6533
つうち	通知	4989
つうちしょ	通知書	7542
つうちひょう	通知表	7533
つうちょう	通帳	6430
つうてんかく	通天閣	7421
つうでん	通電	6586
つうどく	通読	7287
つうねん	通年	6473
つうねん	通念	7100
つうはん	通販	5407
つうふう	痛風	6923
つうふう	通風	7027
つうほう	通報	5652
つうやく	通訳	5950
つうよう	通用	5893
つうれい	通例	7039
つうれつ	痛烈	7143
つうろ	通路	5680
つうわ	通話	5742
つぇっぺりん	ツェッペリン	7537
つえ	杖	5929
つえ	つえ	7212
つおり	つ折り	6439
つか	つか	5374
つか	柄	6010
つか	付か	6162
つか	塚	6687
つか	束	6850
つか	突か	6980
つか	着か	7252
つか	就か	7377
つかい	使い	4751
つかい	つかい	6599
つかい	遣い	6917
つかいかた	使い方	5000
つかいかたしだい	使い方次第	7395
つかいがって	使い勝手	5661
つかいきっ	使い切っ	6739
つかいきり	使い切り	6957
つかいきる	使い切る	6799
つかいこなし	使いこなし	6606
つかいこなす	使いこなす	6530
つかいこなせ	使いこなせ	7085
つかいこなせる	使いこなせる	6768
つかいこま	使い込ま	7472
つかいこむ	使い込む	7104
つかいこん	使い込ん	6965
つかいすぎ	使いすぎ	7272
つかいすて	使い捨て	6220
つかいそう	使いそう	7420
つかいたおし	使い倒し	7440
つかいづらい	使いづらい	6787
つかいて	使い手	6675
つかいで	使いで	7555
つかいなれ	使い慣れ	6926
つかいにくい	使いにくい	6522
つかいにくく	使いにくく	7395
つかいはたし	使い果たし	7057
つかいふるし	使い古し	7364
つかいほうだい	使い放題	7498
つかいまわし	使いまわし	7028
つかいまわし	使い回し	7212
つかいまわす	使い回す	7554
つかいみち	使い道	6004
つかいみち	使いみち	7433
つかいもの	使い物	6704
つかいやす	使いやす	6365
つかいやすい	使いやすい	5425
つかいやすかっ	使いやすかっ	7109
つかいやすく	使いやすく	6084
つかいわけ	使い分け	6080
つかいわける	使い分ける	6401
つかう	使う	4362
つかう	つかう	6651
つかう	遣う	7537
つかえ	使え	5164
つかえ	仕え	6427
つかえ	支え	6829
つかえ	つかえ	7114
つかえそう	使えそう	6155
つかえなくなっ	使えなくなっ	7142
つかえなくなり	使えなくなり	7520
つかえなくなる	使えなくなる	7247
つかえる	使える	4753
つかえる	仕える	6678
つかえる	支える	7029
つかえる	つかえる	7061
つかえれ	使えれ	7182
つかお	使お	6115
つかおう	使おう	6113
つかさ	司	6385
つかさ	主	6489
つかさ	つかさ	6896
つかさ	吏	7066
つかさ	良	7253
つかさ	官	7323
つかさ	師	7389
つかさどる	司る	6621
つかさどる	つかさどる	7146
つかだ	塚田	7175
つかっ	使っ	4031
つかっ	つかっ	6100
つかっ	浸かっ	6508
つかっ	遣っ	7358
つかっていれば	使っていれば	7513
つかのま	束の間	6724
つかのま	つかの間	6975
つかはら	塚原	7177
つかま	掴ま	6666
つかま	つかま	7218
つかまえ	捕まえ	6066
つかまえ	つかまえ	7046
つかまえよ	捕まえよ	7320
つかまえよう	捕まえよう	7311
つかまえる	捕まえる	6449
つかまっ	捕まっ	6236
つかまっ	つかまっ	7121
つかまら	捕まら	7127
つかまり	捕まり	6856
つかまり	つかまり	7217
つかまりだち	つかまり立ち	7534
つかまる	捕まる	6742
つかみ	掴み	6213
つかみ	つかみ	6459
つかみとる	掴み取る	7563
つかみどり	つかみ取り	7490
つかむ	掴む	6167
つかむ	つかむ	6330
つかめ	掴め	6826
つかめ	つかめ	6869
つかめる	掴める	7046
つかめる	つかめる	7093
つかも	掴も	7472
つかも	つかも	7504
つかもう	掴もう	7462
つかもと	塚本	6757
つかもと	柄本	7432
つかり	浸かり	6904
つかり	つかり	7193
つかる	浸かる	6725
つかる	つかる	7241
つかれ	疲れ	5300
つかれ	つかれ	6766
つかれきっ	疲れ切っ	7137
つかれちゃう	疲れちゃう	7540
つかれちゃっ	疲れちゃっ	7384
つかれにくい	疲れにくい	6837
つかれにくく	疲れにくく	7194
つかれはて	疲れ果て	6902
つかれやすい	疲れやすい	7047
つかれやすく	疲れやすく	7297
つかれる	疲れる	6119
つかわ	使わ	4509
つかわ	つかわ	6923
つかわし	遣わし	7475
つかわなくなっ	使わなくなっ	7107
つかわん	使わん	7264
つかん	掴ん	5968
つかん	つかん	6182
つが	注が	6676
つが	継が	6924
つがい	番	6598
つがい	つがい	7421
つがる	津軽	6399
つがるかいきょう	津軽海峡	7343
つがわ	津川	7460
つき	つき	4779
つき	付き	4973
つき	月	5369
つき	付	5839
つき	着き	6173
つき	突き	6507
つき	ツキ	6515
つき	尽き	6535
つきあい	付き合い	5391
つきあい	つきあい	6935
つきあう	付き合う	5961
つきあう	つきあう	7488
つきあえ	付き合え	7335
つきあえる	付き合える	7028
つきあお	付き合お	7513
つきあおう	付き合おう	7527
つきあかり	月明かり	6957
つきあげ	突き上げ	7050
つきあたり	突き当たり	7325
つきあたり	突き当り	7532
つきあっ	付き合っ	5455
つきあっ	つきあっ	7007
つきあわ	付き合わ	6912
つきうごかさ	突き動かさ	7465
つきおか	月岡	7344
つきおとさ	突き落とさ	7398
つきおとし	突き落とし	7374
つきかげ	月影	7333
つきぎめ	月極	7341
つきごと	月ごと	6723
つきごろ	月頃	6631
つきささっ	突き刺さっ	7150
つきささり	突き刺さり	7542
つきささる	突き刺さる	7071
つきさし	突き刺し	6942
つきさす	突き刺す	7249
つきしま	月島	6528
つきじ	築地	6873
つきすすみ	突き進み	7478
つきすすむ	突き進む	6780
つきすすん	突き進ん	6861
つきずえ	月末	7537
つきそい	付き添い	6829
つきそい	付添	7494
つきそう	付き添う	7503
つきそっ	付き添っ	7040
つきだし	突き出し	6751
つきだす	突き出す	7290
つきっきり	つきっきり	7517
つきつけ	突きつけ	6927
つきつけ	突き付け	7427
つきつける	突きつける	7433
つきつめ	突き詰め	6750
つきつめる	突き詰める	7219
つきづき	月々	6611
つきで	突き出	6928
つきとばし	突き飛ばし	7473
つきとめ	突き止め	6840
つきとめる	突き止める	7128
つきなか	月中	7089
つきなみ	月次	7318
つきなみ	月並み	7435
つきにくい	つきにくい	6825
つきにくい	付きにくい	7129
つきにくく	つきにくく	7166
つきにくく	付きにくく	7348
つきぬけ	突き抜け	6781
つきぬける	突き抜ける	7230
つきの	月野	7562
つきのひかり	月の光	7528
つきのわぐま	ツキノワグマ	7311
つきはなさ	突き放さ	7563
つきはなし	突き放し	6985
つきはなす	突き放す	7228
つきひ	月日	6648
つきびと	付き人	7336
つきべつ	月別	7079
つきまとい	つきまとい	7321
つきまとう	つきまとう	7223
つきまとう	付きまとう	7422
つきみ	月見	6164
つきもの	つきもの	6836
つきもの	付き物	7382
つきやすい	つきやすい	6821
つきやすい	付きやすい	7133
つきやすく	つきやすく	7268
つきやぶっ	突き破っ	7480
つきやま	月山	7287
つきやま	築山	7496
つきよ	月夜	6843
つきよみ	月読	7549
つきる	尽きる	6433
つぎ	次	4241
つぎ	つぎ	6331
つぎ	継ぎ	6732
つぎ	継	6775
つぎ	注ぎ	6821
つぎ	次ぎ	7391
つぎお	次生	7449
つぎからつぎ	次から次	7123
つぎき	接ぎ木	7263
つぎき	接木	7494
つぎこん	注ぎ込ん	7234
つぎこん	つぎ込ん	7289
つぎたし	継ぎ足し	7335
つぎつぎ	次々	5441
つぎつぎ	つぎつぎ	7499
つぎつぎと	次々と	5675
つぎつぎに	次々に	6115
つぎて	継手	6810
つぎに	次に	5192
つぎのきかい	次の機会	7140
つぎのきじ	次の記事	6766
つぎのこと	次のこと	6941
つぎのしゅんかん	次の瞬間	6991
つぎのしょう	次の章	7404
つぎのせだい	次の世代	6893
つぎのてじゅん	次の手順	6719
つぎのばあい	次の場合	6934
つぎのひょう	次の表	7490
つぎのもの	次のもの	7443
つぎめ	継ぎ目	6806
つく	つく	5120
つく	付く	5633
つく	着く	5937
つく	就く	6459
つく	突く	6725
つくい	津久井	7476
つくえ	机	5853
つくさ	つくさ	6907
つくさ	尽くさ	6907
つくし	尽くし	5959
つくし	つくし	6894
つくし	筑紫	7367
つくした	尽くした	6907
つくしゃ	つくしゃ	6907
つくしゃ	尽くしゃ	6907
つくす	尽くす	6480
つくす	つくす	6907
つくせ	つくせ	6907
つくせ	尽くせ	6907
つくそ	つくそ	6907
つくそ	尽くそ	6907
つくだ	佃	7533
つくだに	佃煮	6663
つくっ	作っ	4282
つくっ	つくっ	5492
つくっ	造っ	6373
つくっ	創っ	6491
つくってほしい	作ってほしい	7083
つくってほしい	作って欲しい	7089
つくづく	つくづく	6546
つくね	つくね	6653
つくね	捏ね	7434
つくば	つくば	6007
つくば	筑波	6625
つくばえくすぷれす	つくばエクスプレス	7536
つくばさん	筑波山	7089
つくばし	つくば市	6822
つくばだい	筑波大	7172
つくばだいがく	筑波大学	6644
つくばみらい	つくばみらい	7295
つくよみ	ツクヨミ	7391
つくら	作ら	4888
つくら	つくら	5975
つくら	造ら	6103
つくら	創ら	7043
つくり	作り	5056
つくり	つくり	5496
つくり	創り	6327
つくり	造り	6448
つくりあげ	作り上げ	5880
つくりあげ	創り上げ	6905
つくりあげ	つくりあげ	7182
つくりあげ	作りあげ	7277
つくりあげ	つくり上げ	7406
つくりあげる	作り上げる	6398
つくりあげる	創り上げる	7340
つくりおき	作り置き	6462
つくりかえ	作り変え	7517
つくりかえ	作り替え	7558
つくりかた	作り方	5199
つくりこま	作り込ま	7021
つくりこみ	作り込み	7502
つくりこん	作り込ん	7172
つくりたて	作りたて	7226
つくりださ	作り出さ	7094
つくりだし	作り出し	6078
つくりだし	創り出し	6951
つくりだし	作りだし	7471
つくりだし	つくり出し	7511
つくりだす	作り出す	6101
つくりだす	創り出す	6892
つくりだす	つくり出す	7379
つくりだす	つくりだす	7505
つくりだせる	作り出せる	7381
つくりなおし	作り直し	6558
つくりなおす	作り直す	7071
つくりばなし	作り話	7242
つくりもの	作り物	7350
つくりやすい	作りやすい	6637
つくりやすく	作りやすく	7247
つくる	作る	4546
つくる	つくる	5322
つくる	創る	6238
つくる	造る	6476
つくる	創	7507
つくれ	作れ	5619
つくれ	つくれ	6922
つくれそう	作れそう	7009
つくれちゃう	作れちゃう	7191
つくれぽ	つくれぽ	7011
つくれる	作れる	5396
つくれる	つくれる	6716
つくれれ	作れれ	7557
つくろ	作ろ	5724
つくろ	つくろ	6519
つくろい	繕い	7476
つくろう	作ろう	5724
つくろう	つくろう	6549
つくーる	ツクール	7294
つぐ	次ぐ	6321
つぐ	継ぐ	6445
つぐ	つぐ	6922
つぐない	償い	7220
つぐなう	償う	7540
つぐみ	ツグミ	7417
つぐみ	つぐみ	7564
つぐる	亞	7314
つけ	つけ	4580
つけ	付け	5219
つけ	着け	6045
つけ	付	6495
つけ	漬け	6595
つけ	浸け	6793
つけ	ツケ	6859
つけ	点け	7086
つけあわせ	付け合わせ	6856
つけあわせ	付け合せ	7313
つけおき	つけ置き	7445
つけかえ	付け替え	6639
つけかえる	付け替える	7231
つけかた	付け方	6623
つけくわえ	付け加え	6470
つけくわえる	付け加える	6974
つけこみ	漬け込み	6975
つけこむ	漬け込む	7145
つけこん	漬け込ん	6770
つけたし	付け足し	7082
つけだれ	つけダレ	7484
つけっぱなし	つけっぱなし	7332
つけね	付け根	6277
つけめん	つけ麺	6189
つけめん	つけめん	7274
つけもの	漬物	6164
つけやすい	つけやすい	7539
つけよ	つけよ	6638
つけよ	付けよ	7421
つけよう	付けよう	7149
つけりゃ	つけりゃ	6907
つける	つける	5187
つける	付ける	5750
つける	着ける	6715
つける	漬ける	6883
つける	浸ける	7506
つける	就ける	7526
つけれ	つけれ	6727
つけろ	つけろ	6907
つけん	つけん	6907
つげ	告げ	6088
つげ	告	7255
つげ	つげ	7524
つげ	柘植	7537
つげる	告げる	6159
つこ	つこ	7254
つごう	都合	5192
つし	津市	7080
つしま	対馬	6899
つしま	津島	7246
つじ	辻	6211
つじい	辻井	7464
つじつま	辻褄	7373
つじどう	辻堂	7485
つじむら	辻村	7321
つじもと	辻本	7215
つずい	続い	6008
つずか	続か	7400
つずき	続き	6159
つずく	続く	6108
つずく	つづく	7490
つずけ	続け	5967
つずける	続ける	6188
つずっ	綴っ	7458
つた	つた	6480
つた	ツタ	7106
つた	蔦	7274
つたう	伝う	7428
つたえ	伝え	4775
つたえよ	伝えよ	6472
つたえよう	伝えよう	6463
つたえる	伝える	5052
つたえれ	伝えれ	6821
つたっ	伝っ	7019
つたな	拙	7330
つたない	拙い	6747
つたない	つたない	7375
つたや	TSUTAYA	7031
つたや	蔦屋	7051
つたわっ	伝わっ	5424
つたわら	伝わら	6171
つたわり	伝わり	5819
つたわりにくい	伝わりにくい	7029
つたわりやすい	伝わりやすい	6977
つたわりやすく	伝わりやすく	7275
つたわる	伝わる	5546
つたわれ	伝われ	6979
つたんかーめん	ツタンカーメン	7531
つだ	津田	6445
つだぬま	津田沼	7325
つち	土	5263
つち	槌	7007
つち	ツチ	7388
つち	鎚	7420
つちい	土井	7553
つちうら	土浦	6915
つちかう	培う	7342
つちかた	土方	7297
つちかっ	培っ	5969
つちかわ	培わ	6759
つちた	土田	7450
つちだ	土田	7485
つちづくり	土作り	7521
つちふまず	土踏まず	7218
つちや	土屋	6317
つぢ	辻	7362
つっ	釣っ	6044
つっ	つっ	6387
つっ	吊っ	7195
つっかえ	支え	6829
つっかえ	つっかえ	7497
つっかえる	支える	7029
つっきー	ツッキー	7441
つっこま	突っ込ま	6617
つっこま	ツッコま	7292
つっこみ	ツッコミ	5924
つっこみ	突っ込み	6542
つっこみ	つっこみ	7293
つっこむ	突っ込む	6587
つっこむ	ツッコむ	7490
つっこん	突っ込ん	6019
つっこん	つっこん	7263
つっこん	ツッコん	7330
つったっ	突っ立っ	7453
つっぱしっ	突っ走っ	7106
つっぱしる	突っ走る	7329
つっぱり	突っ張り	6954
つっぱり	つっぱり	7187
つっぷし	突っ伏し	7531
つつ	つつ	4594
つつ	筒	6376
つつい	筒井	6867
つつい	つつい	7146
つつうらうら	津々浦々	7345
つつき	つつき	7566
つつく	つつく	7409
つつごう	筒香	7214
つつしん	謹ん	7465
つつしんで	謹んで	7090
つつじ	ツツジ	6515
つつじ	つつじ	6916
つつぬけ	筒抜け	7432
つつま	包ま	5628
つつま	つつま	7265
つつみ	包み	6379
つつみ	包	6482
つつみ	堤	6534
つつみ	つつみ	7406
つつみかくさ	包み隠さ	7281
つつみがみ	包み紙	7378
つつみこみ	包み込み	7260
つつみこむ	包み込む	6492
つつむ	包む	6302
つつん	包ん	5848
つづ	つづ	7282
つづい	続い	4857
つづい	つづい	6789
つづか	続か	6249
つづき	続き	5008
つづき	つづき	6520
つづき	都筑	7223
つづき	都築	7432
つづき	続	7561
つづきがら	続き柄	7526
つづきそう	続きそう	6663
つづきゃ	続きゃ	6954
つづく	続く	4957
つづく	つづく	6339
つづけ	続け	4816
つづけ	つづけ	6606
つづけていれば	続けていれば	7472
つづけやすい	続けやすい	7267
つづけよ	つづけよ	6954
つづけよ	続けよ	6954
つづけよう	続けよう	7067
つづけりゃ	つづけりゃ	6954
つづけりゃ	続けりゃ	6954
つづける	続ける	5037
つづける	つづける	6829
つづけれ	続けれ	6864
つづけれ	つづけれ	6954
つづけろ	つづけろ	6954
つづけろ	続けろ	6954
つづけん	つづけん	6954
つづけん	続けん	6954
つづこ	続こ	6954
つづっ	綴っ	6307
つづっ	つづっ	6686
つづみ	鼓	7277
つづら	綴ら	6805
つづら	つづら	7481
つづり	綴り	6758
つづり	つづり	6880
つづり	綴	7257
つづる	綴る	7013
つづる	つづる	7424
つて	つて	5831
つて	伝	7258
つて	ツテ	7544
つと	つと	7005
つと	苞	7041
つとう	傳	7010
つとむ	勤	6650
つとむ	務	6754
つとむ	勉	6920
つとむ	義	6928
つとむ	努	7088
つとむ	功	7291
つとむ	農	7338
つとむ	協	7453
つとめ	務め	5311
つとめ	努め	5417
つとめ	勤め	5812
つとめ	つとめ	6521
つとめさき	勤め先	6995
つとめて	努めて	5696
つとめる	務める	5476
つとめる	努める	6238
つとめる	勤める	6476
つとめる	つとめる	6983
つど	都度	6058
つど	つど	6907
つどい	集い	6393
つどい	つどい	6862
つどう	集う	6288
つどっ	集っ	6865
つな	ツナ	6325
つな	綱	6494
つない	繋い	5921
つない	つない	6018
つなかん	ツナ缶	6878
つなが	繋が	6554
つなが	つなが	6868
つながっ	つながっ	5486
つながっ	繋がっ	5493
つながら	繋がら	6367
つながら	つながら	6519
つながり	つながり	5379
つながり	繋がり	5540
つながりにくい	繋がりにくい	7553
つながりやすい	つながりやすい	7327
つながりやすい	繋がりやすい	7465
つながる	つながる	5210
つながる	繋がる	5528
つながれ	つながれ	7321
つながれ	繋がれ	7477
つなぎ	つなぎ	6255
つなぎ	繋ぎ	6331
つなぎ	繋	7012
つなぎ	ツナギ	7388
つなぎ	繫	7535
つなぎあわせ	つなぎ合わせ	7326
つなぎあわせ	繋ぎ合わせ	7555
つなぎめ	つなぎ目	7111
つなぎめ	繋ぎ目	7519
つなぐ	つなぐ	5768
つなぐ	繋ぐ	6036
つなげ	つなげ	5935
つなげ	繋げ	6052
つなげよ	つなげよ	7396
つなげる	つなげる	6062
つなげる	繋げる	6303
つなご	つなご	7491
つなしま	綱島	7550
つなひき	綱引き	6957
つなまよ	ツナマヨ	7385
つなみ	津波	5867
つなよし	綱吉	7126
つなわたり	綱渡り	7316
つなん	津南	7422
つね	常	6318
つね	恒	7110
つね	つね	7135
つねづね	常々	6732
つねに	常に	4814
つねに	つねに	6633
つねにじぶん	常に自分	7358
つねひごろ	常日頃	7514
つの	角	6371
つの	ツノ	6777
つの	津野	7519
つのだ	角田	7369
つのっ	募っ	6618
つのら	募ら	7004
つのり	募り	6768
つのる	募る	6680
つば	つば	6433
つば	唾	6946
つば	ツバ	7015
つば	鍔	7308
つばき	椿	6339
つばき	ツバキ	6871
つばき	つばき	6950
つばくろう	つば九郎	7408
つばさ	翼	5960
つばさ	つばさ	6867
つばさ	ツバサ	7332
つばめ	燕	6596
つばめ	ツバメ	6634
つばめ	つばめ	6758
つばめさんじょう	燕三条	7428
つぶ	粒	5939
つぶ	つぶ	6670
つぶあん	つぶあん	7097
つぶさ	潰さ	6545
つぶさ	つぶさ	7238
つぶさに	つぶさに	7431
つぶし	潰し	6006
つぶし	つぶし	6419
つぶす	潰す	6436
つぶす	つぶす	6904
つぶせる	潰せる	7415
つぶそ	潰そ	7561
つぶそう	潰そう	7557
つぶっ	つぶっ	6987
つぶっ	瞑っ	7547
つぶつぶ	つぶつぶ	7011
つぶて	礫	7093
つぶますたーど	粒マスタード	7480
つぶやい	呟い	6280
つぶやい	つぶやい	6482
つぶやき	つぶやき	6494
つぶやき	呟き	6556
つぶやく	呟く	6587
つぶやく	つぶやく	6777
つぶら	つぶら	7109
つぶらや	円谷	7467
つぶり	頭	5989
つぶれ	潰れ	6150
つぶれ	つぶれ	6651
つぶれる	潰れる	6756
つぶれる	つぶれる	7346
つべたい	冷たい	7036
つぼ	ツボ	5911
つぼ	壺	6221
つぼ	坪	6260
つぼ	つぼ	6402
つぼ	壷	7057
つぼい	坪井	7186
つぼうち	坪内	7505
つぼた	坪田	7537
つぼたんか	坪単価	7559
つぼにわ	坪庭	7513
つぼね	局	7016
つぼみ	蕾	6276
つぼみ	つぼみ	6716
つま	妻	4919
つま	つま	6452
つま	積ま	6496
つま	摘ま	7326
つまさき	つま先	6268
つまさき	爪先	6969
つまずい	つまずい	7054
つまずい	躓い	7278
つまずき	つまずき	7157
つまずく	つまずく	7384
つまたち	妻たち	7558
つまっ	詰まっ	5437
つまっ	つまっ	6505
つまで	妻で	7038
つまぶき	妻夫木	7257
つまみ	つまみ	5630
つまみ	ツマミ	6767
つまみ	摘み	6981
つまみぐい	つまみ食い	7207
つまむ	つまむ	7124
つまようじ	爪楊枝	6863
つまようじ	つまようじ	7247
つまら	つまら	6453
つまら	詰まら	6859
つまらな	つまらな	7313
つまらない	つまらない	5959
つまらなかっ	つまらなかっ	7384
つまらなく	つまらなく	6883
つまらん	つまらん	6685
つまり	つまり	4783
つまり	詰まり	6373
つまる	詰まる	6611
つまる	つまる	7457
つまるところ	つまるところ	7175
つまん	つまん	6661
つまんない	つまんない	6815
つみ	罪	5822
つみ	積み	6155
つみ	つみ	7018
つみ	摘み	7089
つみ	詰み	7265
つみあがっ	積み上がっ	7402
つみあげ	積み上げ	6206
つみあげる	積み上げる	7075
つみおろし	積み下ろし	7447
つみかさなっ	積み重なっ	6931
つみかさなる	積み重なる	7487
つみかさね	積み重ね	5944
つみかさねる	積み重ねる	6830
つみき	積み木	6907
つみき	つみき	7448
つみこみ	積み込み	7118
つみこむ	積み込む	7482
つみこん	積み込ん	7403
つみたて	積立	6324
つみたて	つみたて	7027
つみたて	積み立て	7036
つみとり	摘み取り	7427
つみな	罪な	7492
つみに	積荷	7417
つみびと	罪人	7294
つみぶかい	罪深い	7370
つみれ	つみれ	7250
つむ	積む	6125
つむ	ツム	6236
つむ	詰む	7150
つむ	つむ	7190
つむ	摘む	7304
つむい	紡い	6740
つむが	紡が	7013
つむぎ	紬	6788
つむぎ	紡ぎ	6944
つむぎ	つむぎ	7053
つむぎ	紡	7318
つむぐ	紡ぐ	6618
つむじ	つむじ	7181
つむっ	瞑っ	7345
つむつむ	ツムツム	7004
つむら	津村	7394
つむり	頭	5494
つめ	爪	5388
つめ	詰め	6038
つめ	つめ	6520
つめ	ツメ	6641
つめ	詰	6900
つめ	積め	7215
つめあと	爪痕	6997
つめあわせ	詰め合わせ	6350
つめあわせ	詰合せ	7276
つめかえ	詰め替え	6823
つめかけ	詰めかけ	7208
つめきり	爪切り	6796
つめこま	詰め込ま	6699
つめこみ	詰め込み	6635
つめこむ	詰め込む	7055
つめこん	詰め込ん	6199
つめしょ	詰め所	7531
つめしょうぎ	詰将棋	7331
つめた	冷た	6686
つめたい	冷たい	5539
つめたいあめ	冷たい雨	7311
つめたいかぜ	冷たい風	7066
つめたいくうき	冷たい空気	7280
つめたいたいど	冷たい態度	7476
つめたいのみもの	冷たい飲み物	7244
つめたいみず	冷たい水	7085
つめたかっ	冷たかっ	7305
つめたく	冷たく	6102
つめたさ	冷たさ	7253
つめよっ	詰め寄っ	7485
つめよる	詰め寄る	7384
つめる	詰める	6423
つめる	積める	6947
つも	ツモ	7188
つも	つも	7565
つもっ	積もっ	6545
つもり	つもり	5264
つもり	ツモリ	6907
つもり	積もり	7188
つもる	積もる	7022
つもる	積	7333
つや	ツヤ	5841
つや	艶	5893
つや	つや	6530
つや	通夜	6790
つやかん	ツヤ感	7051
つやかん	艶感	7356
つやけし	つや消し	6939
つやつや	ツヤツヤ	6991
つやつや	つやつや	7047
つやま	津山	6892
つややか	つややか	7400
つゆ	梅雨	5793
つゆ	つゆ	5929
つゆ	汁	6503
つゆ	ツユ	7471
つゆあけ	梅雨明け	6580
つゆいり	梅雨入り	6605
つゆじき	梅雨時期	7341
つゆどき	梅雨時	7542
つゆのじき	梅雨の時期	7188
つよ	強	5741
つよ	つよ	7152
つよい	強い	4581
つよい	つよい	6903
つよいあいて	強い相手	7514
つよいあめ	強い雨	7171
つよいいし	強い意志	6702
つよいいし	強い意思	7562
つよいいんしょう	強い印象	7145
つよいえいきょう	強い影響	7275
つよいおもい	強い思い	7212
つよいおもい	強い想い	7557
つよいかぜ	強い風	7045
つよいかんしん	強い関心	7338
つよいかーど	強いカード	7542
つよいきずな	強い絆	7299
つよいきもち	強い気持ち	6942
つよいきゃら	強いキャラ	7428
つよいこ	強い子	7409
つよいこころ	強い心	7503
つよいしょうげき	強い衝撃	7270
つよいしんねん	強い信念	7470
つよいじょせい	強い女性	7331
つよいすとれす	強いストレス	7542
つよいせんしゅ	強い選手	7296
つよいたいぷ	強いタイプ	7556
つよいちから	強い力	6983
つよいちーむ	強いチーム	7152
つよいばあい	強い場合	7253
つよいひかり	強い光	7305
つよいひざし	強い日差し	7100
つよいひと	強い人	6533
つよいぶき	強い武器	7552
つよいみかた	強い味方	6864
つよかっ	強かっ	6469
つよがっ	強がっ	7303
つよがり	強がり	7283
つよき	強気	6355
つよく	強く	4880
つよく	つよく	7272
つよけれ	強けれ	7219
つよさ	強さ	5948
つよし	剛	6582
つよし	健	6757
つよし	烈	7059
つよし	毅	7330
つよし	つよし	7354
つよし	強	7446
つよし	豪	7461
つよし	勁	7511
つよすぎ	強すぎ	6768
つよそう	強そう	6852
つよび	強火	6405
つよまっ	強まっ	6575
つよまり	強まり	6775
つよまる	強まる	6714
つよみ	強み	5290
つよめ	強め	5973
つよめる	強める	6725
つら	面	5816
つら	つら	6523
つら	辛	6617
つら	釣ら	6647
つら	ツラ	7206
つら	吊ら	7414
つらい	辛い	5459
つらい	つらい	5741
つらい	ツライ	6985
つらい	ツラい	7060
つらいち	ツライチ	7261
つらかっ	辛かっ	6201
つらかっ	つらかっ	6843
つらく	辛く	6085
つらく	つらく	6706
つらさ	辛さ	6315
つらさ	つらさ	7540
つらつら	つらつら	7006
つらなっ	連なっ	6883
つらなり	連なり	7322
つらなる	連なる	6672
つらぬい	貫い	6451
つらぬか	貫か	7134
つらぬき	貫き	6843
つらぬきとおし	貫き通し	7516
つらぬく	貫く	6407
つらね	連ね	6911
つらねる	連ねる	7362
つらら	氷柱	7270
つらら	つらら	7309
つられ	つられ	6766
つり	釣り	5535
つり	吊り	6492
つり	釣	6516
つり	つり	6663
つりあげ	釣り上げ	6809
つりあげ	吊り上げ	7175
つりあげる	釣り上げる	7289
つりあっ	釣り合っ	7514
つりあわ	釣り合わ	7539
つりいと	釣り糸	7385
つりぐ	釣具	6614
つりさげ	吊り下げ	6841
つりざお	釣り竿	7125
つりざお	釣竿	7322
つりば	釣り場	6311
つりばし	吊り橋	6863
つりばし	吊橋	7242
つりばし	つり橋	7523
つりばり	釣り針	7434
つりぶね	釣り船	7396
つりぼり	釣り堀	7081
つりー	ツリー	5740
つる	ツル	6147
つる	つる	6164
つる	鶴	6243
つる	弦	6264
つる	釣る	6390
つる	蔓	6855
つる	吊る	7537
つるいち	二十一	7455
つるおか	鶴岡	6914
つるが	敦賀	6586
つるがおかはちまんぐう	鶴岡八幡宮	7262
つるぎ	剣	5686
つるぎ	つるぎ	6880
つるぎ	剱	7219
つるさ	吊るさ	7142
つるし	吊るし	6671
つるし	つるし	7192
つるす	吊るす	7112
つるた	鶴田	7104
つるっ	ツルッ	7395
つるつる	ツルツル	6597
つるつる	つるつる	6685
つるはし	鶴橋	7430
つるはし	つるはし	7551
つるべ	鶴瓶	7140
つるまる	鶴丸	7107
つるみ	鶴見	6453
つるん	つるん	6846
つれ	連れ	5335
つれ	つれ	5582
つれ	釣れ	5829
つれかえっ	連れ帰っ	7557
つれこ	連れ子	7226
つれさっ	連れ去っ	7504
つれさら	連れ去ら	7049
つれさり	連れ去り	7496
つれそっ	連れ添っ	7454
つれだし	連れ出し	6932
つれだす	連れ出す	7434
つれづれ	つれづれ	7404
つれづれ	徒然	7547
つれていく	連れて行く	7369
つれていっ	連れて行っ	6343
つれる	釣れる	6084
つわもの	兵	6820
つわり	つわり	6580
つん	積ん	5707
つん	ツン	6169
つん	摘ん	6816
つん	詰ん	6868
つん	つん	6981
つんく	つんく	7212
つんでれ	ツンデレ	6910
つー	ツー	6329
つーくーる	2クール	7404
つーしょっと	ツーショット	6346
つーしーむ	ツーシーム	7560
つーとん	ツートン	7411
つーとんからー	ツートンカラー	7224
つーぶろっく	ツーブロック	7438
つーらん	2ラン	6871
つーりすと	ツーリスト	7308
つーりんぐ	ツーリング	5929
つーる	ツール	4944
つーるどふらんす	ツール・ド・フランス	7487
つーるばー	ツールバー	7400
づい	づい	6966
づい	付い	7276
づええ	強え	6973
づか	づか	6745
づか	塚	6782
づか	付か	6970
づかい	使い	4960
づかい	遣い	6696
づかみ	づかみ	7463
づかれ	疲れ	5544
づき	月	5567
づき	づき	6535
づき	付き	6974
づきあい	づきあい	7473
づきゃ	付きゃ	6966
づく	づく	6715
づく	付く	6972
づくえ	机	6174
づくし	づくし	6704
づくし	尽くし	7272
づくり	づくり	4847
づくり	作り	4904
づくり	造り	6206
づけ	付け	5157
づけ	付	5835
づけ	漬け	6039
づけ	づけ	6356
づけ	漬	6849
づけい	図形	7280
づけよ	づけよ	6954
づけよ	付けよ	6966
づけりゃ	づけりゃ	6954
づけりゃ	付けりゃ	6966
づける	付ける	5942
づける	づける	6948
づけれ	づけれ	6954
づけれ	付けれ	6956
づけろ	づけろ	6954
づけろ	付けろ	6966
づけん	づけん	6954
づけん	付けん	6965
づこ	付こ	6963
づたい	伝い	7549
づち	づち	7396
づつ	づつ	5958
づみ	積み	6711
づめ	詰め	6077
づめ	づめ	7441
づよ	強	5937
づよい	強い	5274
づよう	強う	6965
づよかっ	強かっ	6131
づよから	強から	6973
づよかれ	強かれ	6973
づよかろ	強かろ	6971
づよき	強き	6978
づよきゃ	強きゃ	6971
づよく	強く	5302
づよけりゃ	強けりゃ	6971
づよけれ	強けれ	6979
づら	づら	6436
づら	辛	6976
づらい	づらい	5412
づらい	辛い	6833
づらい	ヅライ	6954
づらかっ	づらかっ	6762
づらかっ	辛かっ	6979
づらから	づらから	6954
づらから	辛から	6973
づらかれ	づらかれ	6954
づらかれ	辛かれ	6973
づらかろ	づらかろ	6954
づらかろ	辛かろ	6971
づらき	づらき	6954
づらき	辛き	6971
づらきゃ	づらきゃ	6954
づらきゃ	辛きゃ	6971
づらく	づらく	6053
づらく	辛く	6979
づらけりゃ	づらけりゃ	6954
づらけりゃ	辛けりゃ	6971
づらけれ	づらけれ	6954
づらけれ	辛けれ	6979
づり	釣り	5824
づる	づる	7282
づれ	連れ	5606
づれえ	辛え	6971
づれえ	づれえ	7224
づれー	づれー	7389
づろう	づろう	6957
づろう	辛う	6971
て	て	1849
て	手	4195
てあか	手垢	7498
てあし	手足	6119
てあしくちびょう	手足口病	7384
てあせ	手汗	7411
てあそび	手遊び	6986
てあつい	手厚い	6481
てあついさぽーと	手厚いサポート	7209
てあつく	手厚く	6837
てあて	手当	5376
てあて	手当て	6544
てあとる	テアトル	7524
てあみ	手編み	7106
てあらい	手洗い	5841
てあれ	手荒れ	7497
てあわせ	手合わせ	7476
てぃ	ティ	6796
てぃあ	ティア	6857
てぃあきん	ティアキン	7512
てぃあら	ティアラ	6807
てぃが	ティガ	7388
てぃざー	ティザー	7179
てぃざーびじゅある	ティザービジュアル	7329
てぃたーんず	ティターンズ	7500
てぃっしゅ	ティッシュ	6028
てぃっしゅぺーぱー	ティッシュペーパー	7361
てぃっぷ	ティップ	7287
てぃな	ティナ	7061
てぃふぁ	ティファ	7181
てぃふぁにー	ティファニー	6745
てぃむ	ティム	7261
てぃらのさうるす	ティラノサウルス	7093
てぃらみす	ティラミス	6675
てぃんと	ティント	7365
てぃんぱに	ティンパニ	7541
てぃー	ティー	5535
てぃーあい	TI	7246
てぃーえふてぃー	TFT	7438
てぃーけい	TK	6862
てぃーけいおー	TKO	7125
てぃーさいぼう	T細胞	7153
てぃーざー	ティーザー	7493
てぃーしゃつ	Tシャツ	5258
てぃーしょっと	ティーショット	7188
てぃーせっと	ティーセット	7473
てぃーたいむ	ティータイム	7037
てぃーだ	ティーダ	7447
てぃーち	ティーチ	7563
てぃーばっぐ	ティーバッグ	7426
てぃーびーえす	TBS	5983
てぃーぽっと	ティーポット	7333
てぃーん	ティーン	6557
てぃーんえいじゃー	ティーンエイジャー	7381
てい	体	4922
てい	低	4940
てい	底	5881
てい	亭	6007
てい	邸	6012
てい	艇	6216
てい	帝	6345
てい	定	6358
ていあつ	低圧	6968
ていあん	提案	4775
ていあんしょ	提案書	7561
ていあんりょく	提案力	7533
ていい	定位	7034
ていい	低位	7508
ていいき	低域	6722
ていいち	定位置	7188
ていいん	定員	5706
ていう	ていう	5653
ていえん	庭園	5703
ていおう	帝王	6643
ていおうせっかい	帝王切開	6733
ていおん	低温	5990
ていおん	低音	6007
ていおー	テイオー	7518
ていか	低下	5104
ていか	定価	5904
ていかかく	低価格	6451
ていかく	定格	6693
ていかくりつ	低確率	7258
ていかろりー	低カロリー	6974
ていかん	定款	6527
ていがく	定額	6255
ていがく	低額	7324
ていがく	停学	7482
ていがくねん	低学年	6178
ていき	定期	4881
ていき	提起	6260
ていきあつ	低気圧	6447
ていきけん	定期券	7368
ていきてき	定期的	5213
ていきてすと	定期テスト	7123
ていきゅう	定休	6507
ていきゅう	低級	7449
ていきゅうび	定休日	5841
ていきょう	提供	4173
ていきょう	帝京	7174
ていきょうかいし	提供開始	7484
ていきょうだいがく	帝京大学	7278
ていぎ	定義	5102
ていく	テイク	7062
ていくあうと	テイクアウト	5776
ていくあうとめにゅー	テイクアウトメニュー	7427
ていくう	低空	6924
ていくおふ	テイクオフ	7292
ていくだうん	テイクダウン	7260
ていくばっく	テイクバック	7550
ていけい	提携	5558
ていけい	定型	6437
ていけい	定形	6573
ていけいがいゆうびん	定形外郵便	7434
ていけいさき	提携先	7038
ていけいぶん	定型文	7527
ていけっとう	低血糖	7344
ていけつ	締結	5624
ていけつあつ	低血圧	7552
ていげき	帝劇	7541
ていげん	低減	5845
ていげん	提言	6117
ていこう	抵抗	5283
ていこうかん	抵抗感	7189
ていこうち	抵抗値	7503
ていこうりょく	抵抗力	7388
ていこく	帝国	5606
ていこく	定刻	6877
ていこくでーたばんく	帝国データバンク	7537
ていこくほてる	帝国ホテル	7055
ていこすと	低コスト	6663
ていさい	体裁	6790
ていさつ	偵察	6431
ていし	停止	5012
ていし	弟子	6484
ていし	呈し	6507
ていしげき	低刺激	7501
ていしゃ	停車	5925
ていしゃえき	停車駅	6803
ていしゃちゅう	停車中	7516
ていしゅ	亭主	7027
ていしゅつ	提出	4997
ていしゅつしょるい	提出書類	7447
ていしゅつぶつ	提出物	7498
ていしょう	提唱	6156
ていしょく	定食	5647
ていしょく	抵触	6754
ていしょく	定植	6790
ていしょく	停職	7274
ていしょく	定職	7476
ていしんちょう	低身長	7371
ていじ	提示	5335
ていじ	定時	6166
ていじ	呈示	7423
ていじせい	定時制	6928
ていじゅう	定住	6519
ていじょう	定常	7072
ていすう	定数	6125
ていすてぃんぐ	テイスティング	7283
ていすと	テイスト	6003
ていする	呈する	6906
ていせい	訂正	5594
ていせい	定性	7174
ていせい	帝政	7476
ていせいてき	定性的	7210
ていせいとう	訂正等	7277
ていせつ	定説	7024
ていせん	停戦	6909
ていそ	提訴	6755
ていそう	低層	6809
ていそう	貞操	7419
ていそく	低速	6353
ていぞく	低俗	7556
ていたい	停滞	6205
ていたい	手痛い	7548
ていたく	邸宅	6507
ていたらく	体たらく	7546
ていだん	鼎談	7554
ていち	低地	6966
ていち	定置	7425
ていちゃく	定着	5600
ていちょう	丁重	7069
ていちょう	低調	7124
ていちんぎん	低賃金	7509
ていっぱい	手一杯	7357
ていてん	定点	6814
ていでん	停電	6043
ていでんじ	停電時	7413
ていと	帝都	7000
ていとう	抵当	6815
ていとうけん	抵当権	7524
ていとうしつ	低糖質	7369
ていとく	提督	6588
ていど	程度	4702
ていどい	程度い	7376
ていどのこと	程度のこと	7303
ていどのもの	程度のもの	7307
ていね	手稲	7439
ていねい	丁寧	4790
ていねい	ていねい	6566
ていねいご	丁寧語	7546
ていねいさ	丁寧さ	7448
ていねん	定年	5982
ていねんご	定年後	7338
ていねんたいしょく	定年退職	7459
ていはく	停泊	6865
ていばん	定番	5183
ていばんしょうひん	定番商品	7506
ていひょう	定評	6202
ていひょうか	低評価	7258
ていひんしつ	低品質	7421
ていぶ	底部	6873
ていへん	底辺	6306
ていぼう	堤防	6184
ていぼく	低木	6811
ていまい	弟妹	7497
ていむ	テイム	7255
ていめい	低迷	6265
ていめん	底面	6395
ていやく	締約	7106
ていよさん	低予算	7380
ていらー	テイラー	6758
ていり	定理	6520
ていりゅう	停留	7252
ていりゅうじょ	停留所	6444
ていりょう	定量	6219
ていりょうてき	定量的	6885
ているず	テイルズ	7122
ていれ	手入れ	5450
ていれい	定例	6188
ていれべる	低レベル	7322
てうす	手薄	7560
てうち	手打ち	6445
てうち	手打	7510
てぇ	てぇ	6419
てえ	てえ	7220
てお	テオ	6952
ておくれ	手遅れ	6689
ておし	手押し	7186
ており	手織り	7195
てか	てか	5832
てかがみ	手鏡	7466
てかげん	手加減	7085
てかず	手数	7207
てかてか	テカテカ	7464
てかり	テカリ	7060
てがかり	手がかり	6384
てがかり	手掛かり	6848
てがき	手書き	5886
てがき	手描き	6331
てがけ	手掛け	5873
てがけ	手がけ	5979
てがける	手掛ける	5980
てがける	手がける	6147
てがこん	手が込ん	7437
てがた	手形	6440
てがたい	手堅い	7403
てがたく	手堅く	7428
てがぬま	手賀沼	7412
てがのび	手が伸び	7440
てがみ	手紙	5369
てがら	手柄	6995
てがる	手軽	5324
てがるさ	手軽さ	7140
てき	的	3234
てき	敵	4874
てき	滴	6648
てき	テキ	6724
てき	てき	6907
てき	適	6993
てきい	敵意	6892
てきおう	適応	5599
てきおうしょう	適応症	7545
てきおうしょうがい	適応障害	7304
てきおうりょく	適応力	7551
てきおん	適温	7030
てきか	摘果	7331
てきか	滴下	7395
てきかく	的確	5783
てきかく	適格	6481
てきかん	敵艦	7451
てきがわ	敵側	7340
てきき	適期	7436
てききゃら	敵キャラ	7489
てきぎ	適宜	6052
てきぐん	敵軍	7039
てきこく	敵国	7154
てきごう	適合	5737
てきさ	適さ	6917
てきさす	テキサス	6505
てきざいてきしょ	適材適所	7060
てきし	適し	5325
てきし	敵視	7058
てきしゅつ	摘出	6533
てきしょう	敵将	7503
てきしょく	適職	7074
てきじ	適時	6322
てきじん	敵陣	6864
てきすたいる	テキスタイル	6729
てきすと	テキスト	5197
てきすとえでぃた	テキストエディタ	7116
てきすとふぁいる	テキストファイル	6882
てきすとぼっくす	テキストボックス	7245
てきする	適する	7212
てきせい	適正	5455
てきせい	適性	6055
てきせいかかく	適正価格	7221
てきせいけんさ	適性検査	7402
てきせつ	適切	4853
てきぜんたい	敵全体	6669
てきたい	敵対	6231
てきたんたい	敵単体	6927
てきだ	敵だ	7296
てきち	敵地	6862
てきち	適地	7432
てきちゅう	的中	6266
てきちゅうりつ	的中率	7498
てきてい	滴定	7545
てきで	敵で	7211
てきとう	適当	5312
てきとー	テキトー	6765
てきど	適度	5676
てきにまわし	敵に回し	7478
てきにん	適任	7211
てきのかず	敵の数	7564
てきはつ	摘発	6768
てきぱき	テキパキ	7175
てきぱき	てきぱき	7490
てきひ	適否	7512
てきへい	敵兵	7295
てきほう	適法	6813
てきゃ	てきゃ	6907
てきよう	適用	4922
てきようかのう	適用可能	7336
てきりょう	適量	6009
てきれい	適齢	7292
てきーら	テキーラ	7017
てぎょん	テギョン	7547
てぎわ	手際	6576
てく	テク	6649
てく	てく	6907
てくすちゃ	テクスチャ	5988
てくすと	テクスト	7304
てくてく	てくてく	7158
てくてく	テクテク	7461
てくにかる	テクニカル	6387
てくにしゃん	テクニシャン	7475
てくにっく	テクニック	5608
てくの	テクノ	6502
てくのろじ	テクノロジ	7309
てくのろじー	テクノロジー	5561
てくび	手首	5890
てぐす	テグス	7496
てぐち	手口	6420
てけ	てけ	6907
てこ	てこ	6391
てこ	テコ	6809
てこいれ	テコ入れ	7138
てこずっ	手こずっ	7427
てこんどー	テコンドー	7172
てごし	手越	7121
てごたえ	手応え	6334
てごたえ	手ごたえ	6969
てごろ	手頃	6064
てごろ	手ごろ	6823
てごわい	手強い	7122
てごわい	手ごわい	7450
てさき	手先	6549
てさぎょう	手作業	6073
てさぐり	手探り	6686
てさげ	手提げ	7181
てさげぶくろ	手提げ袋	7532
てざりんぐ	テザリング	7093
てざわり	手触り	6285
てしごと	手仕事	6637
てした	手下	6865
てしま	豊島	7263
てじな	手品	7011
てじゅん	手順	5138
てじゅんしょ	手順書	7057
てじょう	手錠	7035
てす	テス	7495
てすう	手数	6898
てすうりょう	手数料	5432
てすたー	テスター	6536
てすと	テスト	4831
てすとけーす	テストケース	7247
てすとすてろん	テストステロン	6961
てすとぷれい	テストプレイ	7539
てすとまえ	テスト前	7479
てすら	テスラ	6547
てすり	手すり	6275
てすり	手摺	7141
てずくり	手作り	6469
てせい	手製	6810
てぜま	手狭	7326
てそう	手相	6612
てだ	手だ	7191
てだし	手出し	7076
てだすけ	手助け	6074
てだて	手立て	7002
てだて	術	7554
てちがい	手違い	7227
てちょう	手帳	5593
てちょう	手帖	7085
てっ	てっ	6626
てっ	徹	7236
てっかい	撤回	6436
てっき	敵機	7059
てっき	鉄器	7265
てっきゅう	鉄球	7228
てっきょ	撤去	5798
てっきょう	鉄橋	6870
てっきり	てっきり	6492
てっきん	鉄筋	6425
てっきんこんくりーと	鉄筋コンクリート	6698
てっく	テック	6060
てっくす	テックス	6732
てっけつ	鉄血	7172
てっけん	鉄拳	6838
てっこう	鉄鋼	6512
てっこう	鉄工	7002
てっこう	鉄鉱	7109
てっこう	手甲	7561
てっこつ	鉄骨	6268
てっし	徹し	7057
てっしゅう	撤収	6459
てっする	徹する	7015
てっせい	鉄製	7278
てっそく	鉄則	6852
てったい	撤退	5905
てってい	徹底	5244
てっていかいせつ	徹底解説	6446
てっていちょうさ	徹底調査	7366
てっていてき	徹底的	5744
てっていひかく	徹底比較	7349
てっとう	鉄塔	6578
てっとりばやい	手っ取り早い	6770
てっとりばやく	手っ取り早く	6927
てっど	テッド	6984
てっぱい	撤廃	6564
てっぱん	鉄板	5928
てっぱんやき	鉄板焼	7317
てっぷん	鉄粉	7165
てっぺい	哲平	7334
てっぺい	鉄平	7403
てっぺき	鉄壁	6917
てっぺん	てっぺん	6611
てっぽう	鉄砲	6589
てつ	鉄	5363
てつ	てつ	6543
てつ	徹	6561
てつ	鐵	6790
てつ	テツ	7031
てつ	哲	7263
てつ	轍	7295
てつお	哲夫	7152
てつお	哲郎	7366
てつか	手塚	7458
てつかず	手つかず	7201
てつかず	手付かず	7250
てつがく	哲学	5660
てつがくしゃ	哲学者	7283
てつがくてき	哲学的	7174
てつき	手つき	7056
てつき	手付き	7456
てつけきん	手付金	7349
てつこ	徹子	6833
てつこのへや	徹子の部屋	7375
てつごうし	鉄格子	7441
てつじん	鉄人	6860
てつずき	手続き	6219
てつずき	手続	6938
てつせい	鉄製	7095
てつだい	手伝い	5796
てつだう	手伝う	6578
てつだっ	手伝っ	5892
てつだわ	手伝わ	7148
てつづき	手続き	5068
てつづき	手続	5787
てつどう	鉄道	5074
てつどうがいしゃ	鉄道会社	7549
てつどうふぁん	鉄道ファン	7452
てつどうもけい	鉄道模型	7412
てつなべ	鉄鍋	7495
てつびん	鉄瓶	7516
てつぶん	鉄分	6406
てつぼう	鉄棒	6774
てつや	哲也	6503
てつや	徹夜	6595
てつや	哲哉	7188
てつや	徹也	7290
てつや	てつや	7314
てつや	鉄矢	7456
てつろ	鉄路	7426
てつろう	哲郎	7341
てつろう	哲朗	7392
てつわん	鉄腕	7223
てづか	手塚	6416
てづかみ	手づかみ	7322
てづくり	手作り	5317
てづくり	手づくり	6595
てづくり	手造り	7342
てづくりかん	手作り感	7536
てて	テテ	6658
てでぃ	テディ	7250
てでぃべあ	テディベア	6973
てと	テト	7284
てとら	テトラ	6763
てとりす	テトリス	7198
てどり	手取り	6433
てなおし	手直し	6763
てなれ	手慣れ	7334
てなんと	テナント	6188
てなー	テナー	7086
てにあせにぎる	手に汗握る	7281
てにいれ	手に入れ	5553
てにいれよ	手に入れよ	6782
てにいれよう	手に入れよう	6773
てにいれる	手に入れる	5790
てにす	テニス	5551
てにすこーと	テニスコート	7113
てになっ	手になっ	6550
てになり	手になり	6659
てになる	手になる	6667
てにぷり	テニプリ	7530
てにみゅ	テニミュ	7504
てにもつ	手荷物	6448
てぬい	手縫い	6867
てぬき	手抜き	6291
てぬぐい	手ぬぐい	6605
てぬぐい	手拭い	7267
てぬぐい	てぬぐい	7475
てねしー	テネシー	7353
てのうち	手の内	7256
てのこう	手の甲	6758
てのひら	手のひら	5920
てのひら	掌	6636
てのひら	手の平	6887
てのひら	てのひら	7416
てのひらさいず	手のひらサイズ	7281
てのり	手乗り	7407
てのーる	テノール	7102
てはい	手配	5777
てはい	手牌	7508
てはじめ	手始め	7108
てはだ	手肌	7550
てば	手羽	6357
てばさき	手羽先	7212
てばなさ	手放さ	7069
てばなし	手放し	6213
てばなす	手放す	6355
てばなせ	手放せ	6752
てばもと	手羽元	7447
てばやく	手早く	6598
てばん	手番	7042
てひょん	テヒョン	7113
てびき	手引	6694
てびき	手引き	7283
てびょうし	手拍子	6754
てふぁん	てファン	6794
てふだ	手札	6131
てふろん	テフロン	7083
てぶくろ	手袋	5933
てぶら	手ぶら	6644
てぶり	手振り	6986
てぶれ	手ブレ	6902
てへらん	テヘラン	7560
てほどき	手ほどき	7341
てほん	手本	6701
てま	手間	5267
てまえ	手前	5320
てまえ	点前	7549
てまえがわ	手前側	7557
てまえみそ	手前味噌	7430
てまがかかっ	手間がかかっ	7044
てまがかから	手間がかから	6943
てまがかかり	手間がかかり	6791
てまがかかる	手間がかかる	6655
てまき	手巻き	6956
てまきずし	手巻き寿司	7384
てまどっ	手間取っ	7222
てまどり	手間取り	7506
てまねき	手招き	7357
てまひま	手間暇	7457
てまひま	手間ひま	7478
てまり	手毬	7329
てまり	てまり	7447
てまわし	手回し	7381
てみじか	手短	7349
てみず	手水	6961
てみやげ	手土産	6364
てみん	テミン	7347
てめぇ	てめぇ	7131
てめぇ	テメェ	7176
てめえ	てめえ	7119
てめー	テメー	7448
てもち	手持ち	5707
てもと	手元	5519
てゆーか	てゆーか	7424
てよ	てよ	6907
てよん	テヨン	7230
てら	寺	5379
てら	テラ	6324
てら	てら	6803
てらい	寺井	7435
てらうち	寺内	7187
てらお	寺尾	7177
てらこった	テラコッタ	7221
てらこや	寺子屋	7053
てらさ	照らさ	6452
てらし	照らし	6190
てらしあわせ	照らし合わせ	6641
てらしあわせる	照らし合わせる	7430
てらしま	寺島	7116
てらじま	寺島	7301
てらす	テラス	5592
てらす	照らす	6342
てらす	てらす	7375
てらす	照	7475
てらすせき	テラス席	6706
てらすたる	テラスタル	7353
てらた	寺田	7150
てらだ	寺田	6720
てらにし	寺西	7545
てらまち	寺町	7205
てらもと	寺本	7315
てらやま	寺山	7101
てらりうむ	テラリウム	7398
てらー	テラー	7058
てり	照り	6744
てり	てり	7152
てりあ	テリア	6905
てりつける	照りつける	7505
てりとりー	テリトリー	7093
てりゃ	てりゃ	6843
てりやき	てりやき	7352
てりょうり	手料理	6846
てりー	テリー	6667
てりーぬ	テリーヌ	7196
てる	てる	3548
てる	輝	6485
てる	TEL	6676
てる	テル	6766
てる	照	6975
てる	光	7098
てるあき	輝明	7394
てるてるぼうず	てるてる坊主	7302
てるのふじ	照ノ富士	7405
てるゆき	照之	7377
てれ	てれ	5962
てれ	テレ	6083
てれ	照れ	6480
てれあさ	テレ朝	6905
てれかくし	照れ隠し	7500
てれくさ	照れくさ	7501
てれさ	テレサ	7309
てれとう	テレ東	6800
てれぱしー	テレパシー	7149
てれび	テレビ	4664
てれび	TV	5277
てれびあさひ	テレビ朝日	6203
てれびあにめ	テレビアニメ	6919
てれびおおさか	テレビ大阪	7523
てれびきょく	テレビ局	6274
てれびくん	てれびくん	7514
てれびげーむ	テレビゲーム	7539
てれびしりーず	テレビシリーズ	7468
てれびじょん	テレビジョン	7478
てれびとう	テレビ塔	7339
てれびとうきょう	テレビ東京	6385
てれびどらま	テレビドラマ	6765
てれびばんぐみ	テレビ番組	6135
てれびほうそう	テレビ放送	7322
てれびみ	テレビ見	7544
てれふぉん	テレフォン	7551
てれぽーと	テレポート	7108
てれぽーと	てレポート	7425
てれる	照れる	7186
てれわらい	照れ笑い	7441
てれわーく	テレワーク	6230
てろ	テロ	5907
てろ	てろ	6655
てろっぷ	テロップ	6619
てろりすと	テロリスト	6656
てろわーる	テロワール	7419
てわけ	手分け	7345
てわたさ	手渡さ	6819
てわたし	手渡し	6416
てわたす	手渡す	7035
てをあわせる	手を合わせる	7487
てをくわえ	手を加え	6914
てをくわえる	手を加える	7351
てをさしのべ	手を差し伸べ	7163
てをさしのべる	手を差し伸べる	7387
てをそめ	手を染め	7352
てをつけ	手を付け	7135
てをとりあっ	手を取り合っ	7480
てん	店	4526
てん	点	4558
てん	展	5095
てん	天	5414
てん	てん	5718
てん	テン	6038
てん	転	6233
てん	典	6880
てんあんもん	天安門	7406
てんい	転移	6076
てんい	転位	7320
てんいん	店員	5359
てんいん	転院	6863
てんうん	天運	7515
てんか	添加	5576
てんか	天下	6116
てんか	点火	6398
てんか	転嫁	6764
てんか	転化	7234
てんかい	展開	4526
てんかい	天界	6924
てんかい	転回	7242
てんかいちゅう	展開中	6960
てんかいっぴん	天下一品	7182
てんかざい	添加剤	7479
てんかす	天かす	7118
てんかぶつ	添加物	6627
てんかん	転換	5511
てんかん	てんかん	6553
てんかんき	転換期	7029
てんかんてん	転換点	7425
てんがい	天蓋	7406
てんがん	点眼	6858
てんき	天気	5084
てんき	転機	6576
てんき	転記	6923
てんき	てんき	7505
てんきゅう	店休	6946
てんきゅう	天球	7534
てんきゅうび	店休日	7424
てんきょ	転居	6498
てんきよほう	天気予報	6076
てんきん	転勤	5952
てんきんぞく	転勤族	7447
てんきー	テンキー	7066
てんくう	天空	6203
てんくうのしろらぴゅた	天空の城ラピュタ	7368
てんぐ	天狗	6308
てんぐ	テング	7492
てんぐ	てんぐ	7565
てんぐさ	天草	6746
てんけい	典型	5882
てんけい	天啓	7531
てんけいてき	典型的	6245
てんけん	点検	5392
てんげん	天元	7011
てんこ	点呼	7195
てんこう	天候	5591
てんこう	転校	6439
てんこう	転向	6449
てんこうせい	転校生	6899
てんこもり	てんこ盛り	6890
てんごく	天国	5869
てんさ	点差	6861
てんさい	天才	5528
てんさい	転載	5974
てんさい	天災	6757
てんさい	甜菜	7502
てんさいてき	天才的	7005
てんさく	添削	6287
てんざい	点在	6223
てんし	天使	5586
てんし	天子	7131
てんし	てんし	7259
てんしたち	天使たち	7399
てんしゃ	転写	6373
てんしゅ	店主	5690
てんしゅ	天守	6510
てんしゅかく	天守閣	6777
てんしゅつ	転出	6667
てんしゅどう	天主堂	7469
てんしょう	転生	6270
てんしょう	天正	6743
てんしょく	転職	4904
てんしょく	天職	7010
てんしょくかつどう	転職活動	6372
てんしょくさき	転職先	6861
てんしょん	テンション	5445
てんしょんあがり	テンション上がり	7095
てんしん	転身	6514
てんしん	点心	7010
てんしん	天津	7243
てんしん	天心	7269
てんしんはん	天津飯	7101
てんしんらんまん	天真爛漫	6973
てんじ	展示	4704
てんじ	転じ	6384
てんじ	点字	6689
てんじかい	展示会	6408
てんじかいじょう	展示会場	7518
てんじく	天竺	7224
てんじしつ	展示室	7177
てんじじょう	展示場	7237
てんじちゅう	展示中	7149
てんじつ	天日	7538
てんじひん	展示品	7160
てんじぶつ	展示物	7135
てんじゃん	てんじゃん	7085
てんじゅ	天寿	7535
てんじょう	天井	5369
てんじょう	天上	6831
てんじょう	添乗	6895
てんじょううら	天井裏	7140
てんじる	転じる	7109
てんじん	天神	6299
てんすう	点数	5625
てんせい	転生	5915
てんせい	天性	7019
てんせき	転籍	7201
てんせん	点線	6908
てんせん	転戦	7382
てんそう	転送	5710
てんそる	テンソル	7448
てんそん	天孫	7388
てんぞく	転属	7037
てんたい	天体	6161
てんたいかんそく	天体観測	7557
てんだい	天台	7301
てんだいしゅう	天台宗	7031
てんち	天地	6618
てんちてんのう	天智天皇	7508
てんちゅうさつ	天中殺	7371
てんちょう	店長	5542
てんちょう	転調	7127
てんちょう	天頂	7564
てんてい	天帝	7550
てんてき	点滴	6235
てんてき	天敵	6611
てんてん	転々	6755
てんてん	点々	6989
てんてん	てんてん	7444
てんで	点で	7311
てんと	テント	5535
てんとう	店頭	5270
てんとう	点灯	5697
てんとう	転倒	5970
てんとう	てんとう	6968
てんとうはんばい	店頭販売	7125
てんとうむし	テントウムシ	7442
てんとち	天と地	7505
てんとない	テント内	7453
てんどう	天堂	7031
てんどう	天童	7050
てんどん	天丼	6653
てんない	店内	5070
てんないのふんいき	店内の雰囲気	7270
てんないのようす	店内の様子	7368
てんにゅう	転入	6510
てんにょ	天女	7037
てんにん	天人	7467
てんにん	転任	7549
てんねん	天然	5228
てんねんおんせん	天然温泉	7195
てんねんがす	天然ガス	7294
てんねんきねんぶつ	天然記念物	6615
てんねんすい	天然水	7559
てんねんせき	天然石	6678
てんねんそざい	天然素材	7048
てんねんとう	天然痘	7517
てんの	天野	7480
てんのう	天皇	5744
てんのう	天王	7021
てんのうざん	天王山	7469
てんのうじ	天王寺	6492
てんのうせい	天皇制	7312
てんのうせい	天王星	7316
てんのうはい	天皇杯	7282
てんのうへいか	天皇陛下	6668
てんのうりょう	天皇陵	7458
てんば	天馬	7183
てんば	天端	7448
てんばい	転売	5983
てんばつ	天罰	7325
てんばん	天板	6176
てんぱい	テンパイ	7128
てんぱっ	テンパっ	7428
てんび	点鼻	7495
てんびき	天引き	7140
てんびょう	点描	7436
てんびん	天秤	6788
てんびんざ	てんびん座	7514
てんびんにかけ	天秤にかけ	7459
てんぴぼし	天日干し	6891
てんぴょう	天平	7092
てんぷ	添付	5546
てんぷ	貼付	7149
てんぷ	天賦	7175
てんぷ	テンプ	7449
てんぷがぞう	添付画像	7492
てんぷく	転覆	6930
てんぷしょるい	添付書類	7445
てんぷら	天ぷら	5762
てんぷら	てんぷら	7111
てんぷら	天麩羅	7283
てんぷる	テンプル	6885
てんぷれ	テンプレ	6493
てんぷれーと	テンプレート	5613
てんぺんちい	天変地異	7414
てんぼう	展望	5362
てんぼうだい	展望台	6482
てんぽ	店舗	4535
てんぽ	テンポ	5799
てんぽう	天保	6869
てんぽうんえい	店舗運営	7470
てんぽごと	店舗ごと	7524
てんぽじょうほう	店舗情報	7147
てんぽすう	店舗数	7246
てんぽない	店舗内	7417
てんぽまえ	店舗前	7486
てんぽめい	店舗名	7479
てんま	天満	7283
てんま	天魔	7296
てんま	天馬	7414
てんまく	天幕	7506
てんまぐう	天満宮	7551
てんまつ	顛末	6875
てんまど	天窓	7119
てんまばし	天満橋	7463
てんまや	天満屋	7513
てんまんぐう	天満宮	6839
てんむてんのう	天武天皇	7396
てんめ	点目	6640
てんめい	店名	6220
てんめい	天命	7142
てんめい	天明	7301
てんめつ	点滅	6136
てんもく	天目	7551
てんもん	天文	6456
てんもんがく	天文学	6715
てんもんだい	天文台	6773
てんや	テンヤ	7297
てんやわんや	てんやわんや	7345
てんよう	転用	6319
てんらく	転落	6180
てんらん	展覧	5794
てんらんかい	展覧会	6399
てんり	天理	6960
てんりきょう	天理教	7364
てんりゅう	天竜	7155
てんりゅう	天龍	7497
てんりゅうがわ	天竜川	7309
てんりょう	天領	7545
てんれい	典礼	7514
てーぜ	テーゼ	7194
てーぱー	テーパー	7134
てーぱーど	テーパード	7352
てーぴんぐ	テーピング	6787
てーぶる	テーブル	4980
てーぶるくろす	テーブルクロス	7175
てーぷ	テープ	5302
てーま	テーマ	4574
てーまきょく	テーマ曲	7506
てーまそんぐ	テーマソング	7473
てーまぱーく	テーマパーク	6303
てーらー	テーラー	6967
てーらーどじゃけっと	テーラードジャケット	7481
てーる	テール	5991
てーるらいと	テールライト	7204
てーるらんぷ	テールランプ	7325
で	で	2220
で	出	3929
で	デ	5696
であい	出会い	5284
であい	出逢い	6496
であい	出合い	7329
であいけい	出会い系	6835
であう	出会う	5618
であう	出逢う	7166
であう	出合う	7487
であえ	出会え	5862
であえる	出会える	6079
であし	出足	7269
であっ	出会っ	5304
であっ	出逢っ	6823
であっ	出合っ	7265
であるく	出歩く	7409
であわ	出会わ	6898
でぃ	ディ	7227
でぃあ	ディア	7415
でぃあす	ディアス	7140
でぃあな	ディアナ	7475
でぃあぶろ	ディアブロ	7120
でぃえご	ディエゴ	7341
でぃお	ディオ	7177
でぃおーる	ディオール	6854
でぃかぷりお	ディカプリオ	7556
でぃけいど	ディケイド	7337
でぃじたる	ディジタル	7383
でぃす	ディス	6467
でぃすかうんと	ディスカウント	7020
でぃすかっしょん	ディスカッション	6086
でぃすかばりー	ディスカバリー	7088
でぃすく	ディスク	5540
でぃすこ	ディスコ	6658
でぃすっ	ディスっ	7399
でぃすとぴあ	ディストピア	7339
でぃすとりびゅーしょん	ディストリビューション	7206
でぃすぷれい	ディスプレイ	5518
でぃすぷれー	ディスプレー	7060
でぃすぺんさー	ディスペンサー	7401
でぃすぽーざー	ディスポーザー	7503
でぃずにー	ディズニー	5685
でぃずにーえいが	ディズニー映画	7516
でぃずにーしー	ディズニーシー	6666
でぃずにーすとあ	ディズニーストア	7430
でぃずにーぷらす	ディズニープラス	7439
でぃずにーらんど	ディズニーランド	6202
でぃっく	ディック	7453
でぃっしゅ	ディッシュ	6835
でぃっぷ	ディップ	7024
でぃてぃーる	ディティール	6844
でぃてーる	ディテール	6076
でぃなー	ディナー	5829
でぃなーたいむ	ディナータイム	7359
でぃの	ディノ	7491
でぃびじょん	ディビジョン	7352
でぃふぇんす	ディフェンス	6169
でぃふぇんだー	ディフェンダー	6921
でぃふゅーざー	ディフューザー	7203
でぃぷろま	ディプロマ	7554
でぃべーと	ディベート	7029
でぃめんしょん	ディメンション	7081
でぃらん	ディラン	7307
でぃる	ディル	7016
でぃるっく	ディルック	7479
でぃれい	ディレイ	6933
でぃれくしょん	ディレクション	6795
でぃれくた	ディレクタ	6834
でぃれくたー	ディレクター	5944
でぃれくてぃぶ	ディレクティブ	7444
でぃれくとり	ディレクトリ	5866
でぃれくとりー	ディレクトリー	7194
でぃん	ディン	6943
でぃーえぬえい	DNA	5937
でぃーけい	DK	6948
でぃーしー	DC	6086
でぃーじぇい	DJ	5906
でぃーぜる	ディーゼル	6306
でぃーぜるえんじん	ディーゼルエンジン	6960
でぃーてぃー	DT	6929
でぃーでぃーてぃー	DDT	7287
でぃーの	ディーノ	7516
でぃーびー	DB	6206
でぃーぷ	ディープ	6681
でぃーぷいんぱくと	ディープインパクト	7212
でぃーぷらーにんぐ	ディープラーニング	6907
でぃーらむ	DRAM	7492
でぃーらー	ディーラー	5726
でぃーん	ディーン	6878
でい	デイ	6828
でいきゃんぷ	デイキャンプ	7338
でいけあ	デイケア	7076
でいさーびす	デイサービス	6111
でいじー	デイジー	6907
でいすい	泥酔	6950
でいすい	泥水	7380
でいず	デイズ	7165
でいとな	デイトナ	7006
でいびす	デイビス	7552
でいらいと	デイライト	7499
でいり	出入り	5957
でいりぐち	出入り口	6527
でいりぐち	出入口	6635
でいりー	デイリー	6122
でうす	デウス	6955
でぇし	でぇし	6907
でぇしょ	でぇしょ	6907
でぇす	でぇす	6907
でおくれ	出遅れ	6773
でか	デカ	6079
でか	でか	6878
でかい	でかい	6013
でかい	デカい	6130
でかい	デカイ	6540
でかかっ	デカかっ	7535
でかく	デカく	6705
でかく	でかく	6863
でかけ	出かけ	5626
でかけ	でかけ	5963
でかけ	出掛け	6154
でかけよ	出かけよ	7066
でかけよう	出かけよう	7079
でかける	出かける	5969
でかける	出掛ける	6794
でかける	でかける	7562
でかさ	デカさ	7408
でかせぎ	出稼ぎ	6986
でかた	出方	6649
でかーる	デカール	6553
でがわ	出川	7337
でき	でき	3461
でき	出来	5147
でき	デキ	7170
できあい	溺愛	6557
できあがっ	出来上がっ	5920
できあがっ	できあがっ	6662
できあがり	出来上がり	5639
できあがり	できあがり	6281
できあがる	出来上がる	6520
できあがる	できあがる	7133
できごと	出来事	5296
できし	溺死	7208
できしだい	でき次第	7398
できしだい	出来次第	7562
できすとりん	デキストリン	7423
できそう	出来そう	6382
できそこない	出来損ない	7330
できだか	出来高	6953
できちゃ	出来ちゃ	7199
できちゃう	できちゃう	6360
できちゃう	出来ちゃう	6994
できちゃっ	できちゃっ	7154
できない	できない	4253
できなくなっ	できなくなっ	6375
できなくなっ	出来なくなっ	7058
できなくなり	できなくなり	6787
できなくなり	出来なくなり	7470
できなくなる	できなくなる	6621
できなくなる	出来なくなる	7304
できにくい	できにくい	7412
できばえ	出来栄え	6708
できばえ	出来映え	7470
できゃ	できゃ	6907
できやすい	できやすい	7084
できやすく	できやすく	7430
できよ	できよ	6907
できよう	出来よう	6907
できりゃ	できりゃ	6907
できる	できる	3496
できる	出来る	5307
できる	デキる	7184
できるだけ	できるだけ	5415
できれ	できれ	5151
できれ	出来れ	6637
できろ	できろ	6907
できん	できん	6672
できん	出禁	6921
できん	出来ん	7224
でく	デク	6733
でく	でく	6907
でくろす	でクロス	7418
でくわし	出くわし	6824
でくわす	出くわす	7132
でぐち	出口	5697
でぐー	デグー	7397
でけ	でけ	6907
でげいこ	出稽古	7440
でこ	デコ	6428
でこ	でこ	6907
でこい	デコイ	7551
でこそ	でこそ	6440
でこぴん	デコピン	7338
でこぼこ	凸凹	6662
でこぼこ	でこぼこ	7112
でこぼこ	デコボコ	7117
でこぽん	デコポン	7543
でこるて	デコルテ	6876
でこれーしょん	デコレーション	6278
でこーど	デコード	7236
でさいん	でサイン	7140
でさえ	でさえ	5764
でさき	出先	6623
でざいな	デザイナ	6460
でざいなー	デザイナー	5529
でざいなーず	デザイナーズ	7018
でざいん	デザイン	4221
でざいんせい	デザイン性	6341
でざいんのもの	デザインのもの	7058
でざーと	デザート	5534
でし	でし	3558
でし	弟子	5925
でしか	でしか	5267
でしたち	弟子たち	7083
でしょ	でしょ	4492
でしょう	でしょう	3668
でしょし	でしょし	6907
でしょしょ	でしょしょ	6907
でしょす	でしょす	6907
でじかめ	デジカメ	6412
でじたる	デジタル	4991
でじたるあーと	デジタルアート	7384
でじたるか	デジタル化	6705
でじたるかめら	デジタルカメラ	6679
でじたるぎじゅつ	デジタル技術	6620
でじたるさいねーじ	デジタルサイネージ	6938
でじたるでーた	デジタルデータ	7465
でじたるとらんすふぉーめーしょん	デジタルトランスフォーメーション	6851
でじっと	でじっと	7220
でじま	出島	7526
でじもん	デジモン	7124
です	です	2455
です	デス	6202
ですから	ですから	5605
ですが	ですが	5111
ですぎ	出過ぎ	7283
ですく	デスク	5478
ですくとっぷ	デスクトップ	6605
ですくわーく	デスクワーク	6941
ですたー	でスター	7555
ですてぃにー	デスティニー	7496
ですてぃねーしょん	デスティネーション	7537
ですのーと	デスノート	7377
ですら	ですら	7542
でそう	出そう	7154
でそろっ	出揃っ	7386
でたらめ	デタラメ	6977
でたらめ	でたらめ	7520
でだし	出だし	6637
でだま	出玉	6579
でちゃう	出ちゃう	6991
でちゃっ	出ちゃっ	7009
でっ	でっ	6907
でっかい	でっかい	6467
でっかく	でっかく	7369
でっき	デッキ	5137
でっく	デック	7489
でっさん	デッサン	6503
でっし	でっし	6907
でっしょ	でっしょ	6907
でっす	でっす	6907
でっちあげ	でっち上げ	7480
でっど	デッド	6150
でっどすぺーす	デッドスペース	7545
でっどぷーる	デッドプール	7532
でっぱ	出っ歯	7155
でっぱっ	出っ張っ	7193
でっぱり	出っ張り	6962
でていれば	出ていれば	7391
ででで	デデデ	7442
でとっくす	デトックス	6607
でとろいと	デトロイト	7046
でないと	でないと	6908
でなおし	出直し	7249
でなくなっ	出なくなっ	7338
でなければ	でなければ	7112
でにす	デニス	7123
でにっしゅ	デニッシュ	6959
でにむ	デニム	5759
でにむぱんつ	デニムパンツ	7538
でにーず	デニーズ	7417
でねっと	でネット	6710
では	では	3224
では	デは	7252
ではじめ	出始め	7377
ではじめ	ではじめ	7451
でばいす	デバイス	5193
でばっが	デバッガ	7396
でばっぐ	デバッグ	6455
でばふ	デバフ	6263
でばん	出番	5825
でばんど	でバンド	7207
でぱこす	デパコス	7306
でぱちか	デパ地下	7043
でぱーと	デパート	6181
でびっと	デビット	6792
でびっとかーど	デビットカード	7310
でびっど	デビッド	7175
でびゅー	デビュー	5053
でびゅーきょく	デビュー曲	7312
でびゅーまえ	デビュー前	7233
でびる	デビル	7286
でびるまん	デビルマン	7412
でふ	デフ	7152
でふぉ	デフォ	7051
でふぉると	デフォルト	5535
でふぉるとち	デフォルト値	7169
でふぉるめ	デフォルメ	6870
でふれ	デフレ	6828
でぶ	デブ	6248
でぶ	でぶ	7290
でぶり	デブリ	7474
でぷろい	デプロイ	6410
でぷろいめんと	デプロイメント	7359
でべろっぱー	デベロッパー	6310
でぽ	デポ	7524
でぽじっと	デポジット	7125
でま	デマ	6393
でまえ	出前	6304
でまえかん	出前館	7548
でまえじゅぎょう	出前授業	7467
でまち	出待ち	7145
でまちやなぎ	出町柳	7505
でまど	出窓	7238
でまわっ	出回っ	6311
でまわら	出回ら	7294
でまわり	出回り	7103
でまわる	出回る	6846
でまんど	デマンド	7255
でみ	デミ	6728
でみお	デミオ	7467
でみぐらすそーす	デミグラスソース	7330
でみたす	で満たす	7564
でむい	出向い	6631
でむかえ	出迎え	6052
でむかえる	出迎える	7378
でむき	出向き	6873
でむく	出向く	6949
でめ	出目	6993
でめりっと	デメリット	5276
でも	でも	3709
でも	デモ	5772
でもどり	出戻り	7208
でもんすとれーしょん	デモンストレーション	6669
でゅある	デュアル	6418
でゅえっと	デュエット	6725
でゅえま	デュエマ	7152
でゅえりすと	デュエリスト	7432
でゅえる	デュエル	6634
でゅお	デュオ	6517
でゅっせるどるふ	デュッセルドルフ	7365
でゅらん	デュラン	7171
でゅーく	デューク	7226
でゅーす	デュース	7087
でゅーでりじぇんす	デューデリジェンス	7425
でよ	出よ	6536
でよ	でよ	6907
でよう	出よう	6534
でらいと	でライト	7332
でらうぇあ	デラウェア	7400
でらっくす	デラックス	6507
でりか	デリカ	6676
でりかしー	デリカシー	7247
でりけーと	デリケート	6310
でりばてぃぶ	デリバティブ	7199
でりばりー	デリバリー	6290
でりゃ	でりゃ	6907
でりゃ	出りゃ	7079
でりんぐ	でリング	7563
でりー	デリー	6887
でる	出る	4581
でる	でる	5076
でる	デル	6657
でるた	デルタ	6490
でれ	出れ	6376
でれ	でれ	6907
でれ	デレ	7338
でれすて	デレステ	7334
でれでれ	デレデレ	7216
でろ	でろ	6907
でろんぐ	でロング	7439
でろーん	でローン	7560
でん	でん	5875
でん	電	5899
でん	伝	6049
でん	デン	6723
でん	出ん	6917
でん	田	7282
でん	傅	7482
でんあつ	電圧	5678
でんい	電位	6783
でんえん	田園	6397
でんえんちょうふ	田園調布	7305
でんえんとしせん	田園都市線	6950
でんえんふうけい	田園風景	7307
でんか	電化	6283
でんか	殿下	6470
でんか	電荷	6657
でんか	田家	7465
でんかい	電解	6321
でんかい	電界	7170
でんかせいひん	電化製品	7156
でんがく	田楽	7117
でんき	電気	4889
でんき	電機	6502
でんき	伝記	6716
でんき	電器	7221
でんきこうじ	電気工事	7200
でんきしんごう	電気信号	7406
でんきじどうしゃ	電気自動車	6659
でんきだい	電気代	6579
でんきてき	電気的	7208
でんきゅう	電球	6161
でんきょく	電極	6285
でんきりょうきん	電気料金	7337
でんぐねつ	デング熱	7554
でんげき	電撃	6349
でんげん	電源	5084
でんこう	電光	6898
でんこう	電工	7291
でんこうけいじばん	電光掲示板	7540
でんこうせっか	電光石火	7514
でんごん	伝言	6733
でんし	電子	4884
でんしかるて	電子カルテ	7424
でんしきき	電子機器	7048
でんししょせき	電子書籍	6170
でんししょめい	電子署名	7474
でんししんせい	電子申請	7411
でんしたばこ	電子タバコ	7527
でんしちけっと	電子チケット	7532
でんしてき	電子的	7481
でんしでーた	電子データ	7533
でんしばん	電子版	7037
でんしぴあの	電子ピアノ	7538
でんしぶひん	電子部品	7317
でんしまねー	電子マネー	6456
でんしめーる	電子メール	6376
でんしめーるあどれす	電子メールアドレス	7345
でんしゃ	電車	5011
でんしゃない	電車内	7109
でんしょう	伝承	5962
でんしょく	電飾	7044
でんしれんじ	電子レンジ	6090
でんしん	電信	7148
でんじ	電磁	6255
でんじ	デンジ	6926
でんじき	電磁気	7323
でんじしゃく	電磁石	7523
でんじてききろく	電磁的記録	7444
でんじは	電磁波	6447
でんじゅ	伝授	6276
でんじょう	電場	7373
でんせつ	伝説	5229
でんせつ	電設	7556
でんせつてき	伝説的	7170
でんせん	電線	6258
でんせん	伝染	6613
でんせんびょう	伝染病	7203
でんそう	伝送	6403
でんそう	電装	6777
でんそー	デンソー	6999
でんたく	電卓	6662
でんたつ	伝達	5867
でんたるくりにっく	デンタルクリニック	7413
でんち	電池	5353
でんちこうかん	電池交換	7358
でんちゅう	田中	6202
でんちゅう	電柱	6453
でんつう	電通	6618
でんてつ	電鉄	6294
でんでん	でんでん	7486
でんとう	伝統	5014
でんとう	電灯	6546
でんとうげいのう	伝統芸能	7417
でんとうこうげい	伝統工芸	7394
でんとうこうげいひん	伝統工芸品	7550
でんとうてき	伝統的	5913
でんとうぶんか	伝統文化	7256
でんどう	電動	5585
でんどう	伝導	6242
でんどう	殿堂	6367
でんどう	伝道	6626
でんどうか	電動化	7550
でんどうき	電動機	7163
でんどうこうぐ	電動工具	7387
でんねつ	電熱	7241
でんねつ	伝熱	7502
でんのう	電脳	6856
でんばー	デンバー	7460
でんぱ	電波	5710
でんぱ	伝播	6646
でんぱ	でんぱ	7344
でんぱた	田畑	7157
でんぱん	伝搬	7130
でんぴょう	伝票	6403
でんぶ	臀部	7206
でんぶん	伝聞	7395
でんぷん	デンプン	6922
でんぷん	でんぷん	6963
でんぷん	でん粉	7207
でんぷん	澱粉	7242
でんぽう	電報	7061
でんまーく	デンマーク	6227
でんらい	伝来	6809
でんり	電離	7294
でんりゅう	電流	5734
でんりょく	電力	5307
でんりょくがいしゃ	電力会社	7243
でんれい	伝令	7414
でんわ	電話	4456
でんわ	でんわ	7528
でんわうらない	電話占い	7547
でんわき	電話機	6706
でんわぐち	電話口	7491
でんわそうだん	電話相談	7560
でんわたいおう	電話対応	7093
でんわちょう	電話帳	7423
でんわばんごう	電話番号	5583
でんわよやく	電話予約	7247
でんわれんらく	電話連絡	7391
でゔぃ	デヴィ	7385
でゔぃっど	デヴィッド	7526
でー	デー	6470
でーし	でーし	6907
でーしょ	でーしょ	6907
でーす	でーす	6405
でーた	データ	4220
でーたがた	データ型	7389
でーたこうぞう	データ構造	7525
でーたせっと	データセット	6398
でーたせんたー	データセンター	7099
でーたそーす	データソース	7393
でーたつうしん	データ通信	6844
でーたどりぶん	データドリブン	7440
でーたふぁいる	データファイル	7068
でーたべーす	データベース	5444
でーたりょう	データ量	7293
でーたー	データー	6976
でーつ	デーツ	7382
でーと	デート	5382
でーとすぽっと	デートスポット	7225
でーとちゅう	デート中	7549
でーもん	デーモン	6639
でーる	デール	7282
と	と	2605
と	都	6060
と	戸	6217
と	斗	6286
と	途	7130
と	賭	7433
とある	とある	5463
とい	問	5673
とい	とい	5786
とい	解い	6023
とい	問い	6279
とい	トイ	6345
とい	説い	6588
とい	溶い	6760
とい	研い	7256
といあわせ	問い合わせ	4467
といあわせ	問合せ	5321
といあわせ	問い合せ	6360
といあわせさき	問い合わせ先	6670
といあわせさき	問合せ先	7244
といあわせふぉーむ	問い合わせフォーム	7560
といあわせる	問い合わせる	6637
という	という	3173
というのも	というのも	5781
といかけ	問いかけ	6277
といかける	問いかける	6786
といき	吐息	6992
といざらす	トイザらス	7176
といし	砥石	6776
といすとーりー	トイ・ストーリー	7298
といただし	問いただし	7521
といち	十一	7228
といつめ	問い詰め	7181
といつめる	問い詰める	7350
といとれ	トイトレ	7508
といなおす	問い直す	7565
といぷーどる	トイプードル	6741
といめん	対面	7521
といや	問屋	6970
といれ	トイレ	4945
といれそうじ	トイレ掃除	7369
といれっとぺーぱー	トイレットペーパー	6490
とぅ	トゥ	7161
とぅくとぅく	トゥクトゥク	7337
とう	等	4331
とう	当	4729
とう	頭	5520
とう	島	5599
とう	党	5689
とう	塔	5818
とう	とう	5837
とう	棟	5893
とうあ	東亜	6831
とうあん	答案	6801
とういつ	統一	5380
とういつかん	統一感	6631
とういつきょうかい	統一教会	6598
とういつてき	統一的	7496
とういべんと	当イベント	7411
とういん	当院	5448
とういん	党員	6705
とういん	桐蔭	7355
とういんがくえん	桐蔭学園	7476
とうえい	投影	6197
とうえい	東映	6671
とうえき	当駅	7028
とうえん	登園	6710
とうおう	東欧	7044
とうか	透過	6157
とうか	投下	6299
とうか	灯火	6984
とうか	等価	7026
とうか	当科	7086
とうか	糖化	7093
とうかい	東海	5824
とうかい	倒壊	6471
とうかい	当会	6607
とうかいだい	東海大	6960
とうかいだいがく	東海大学	6888
とうかいだいさがみ	東海大相模	7387
とうかいちほう	東海地方	7194
とうかいどう	東海道	6270
とうかいどうしんかんせん	東海道新幹線	6760
とうかいどうせん	東海道線	6971
とうかいどうほんせん	東海道本線	7173
とうかいひょう	投開票	6903
とうかく	頭角	7219
とうかくをあらわし	頭角を現し	7481
とうかつ	統括	6146
とうかん	当館	6251
とうかん	投函	6418
とうかんかく	等間隔	7103
とうがい	当該	4920
とうがい	頭蓋	7334
とうがい	島外	7565
とうがいこつ	頭蓋骨	7267
とうがいしょくいん	当該職員	7415
とうがいしんせい	当該申請	7484
とうがいじょうほう	当該情報	6963
とうがいせいきゅう	当該請求	7420
とうがね	東金	7543
とうがらし	唐辛子	5947
とうがらし	とうがらし	6958
とうがらし	トウガラシ	7229
とうがん	冬瓜	7125
とうがん	東岸	7379
とうき	登記	5703
とうき	陶器	6084
とうき	冬季	6141
とうき	冬期	6762
とうき	投棄	6828
とうき	当期	6936
とうき	投機	7002
とうき	とうき	7380
とうきゅう	東急	6040
とうきゅう	投球	6059
とうきゅう	等級	6067
とうきゅうとうよこ	東急東横	7182
とうきゅうはんず	東急ハンズ	7104
とうきょう	東京	4321
とうきょう	TOKYO	6631
とうきょういかしかだいがく	東京医科歯科大学	7495
とうきょうえき	東京駅	6466
とうきょうおりんぴっく	東京オリンピック	6420
とうきょうがくげいだいがく	東京学芸大学	7458
とうきょうがす	東京ガス	7103
とうきょうけいばじょう	東京競馬場	7424
とうきょうげーむしょう	東京ゲームショウ	7244
とうきょうこうぎょうだいがく	東京工業大学	7155
とうきょうこくさいふぉーらむ	東京国際フォーラム	7396
とうきょうしょうぼうちょう	東京消防庁	7425
とうきょうすかいつりー	東京スカイツリー	6976
とうきょうたわー	東京タワー	6583
とうきょうだいがく	東京大学	6098
とうきょうだいくうしゅう	東京大空襲	7528
とうきょうちさい	東京地裁	7219
とうきょうちほうさいばんしょ	東京地方裁判所	7440
とうきょうでぃずにーしー	東京ディズニーシー	7525
とうきょうでぃずにーらんど	東京ディズニーランド	6888
とうきょうでんりょく	東京電力	6590
とうきょうと	東京都	5060
とうきょうとしん	東京都心	7404
とうきょうとない	東京都内	6533
とうきょうどーむ	東京ドーム	6198
とうきょうのうぎょうだいがく	東京農業大学	7437
とうきょうほうめん	東京方面	7430
とうきょうめとろ	東京メトロ	7180
とうきょうもーたーしょー	東京モーターショー	7466
とうきょうりかだいがく	東京理科大学	7302
とうきょうりべんじゃーず	東京リベンジャーズ	7298
とうきょうわん	東京湾	6636
とうきょく	当局	5940
とうぎ	闘技	6609
とうぎ	討議	6916
とうぎじょう	闘技場	7264
とうぎゅう	闘牛	7129
とうくりにっく	当クリニック	7178
とうぐう	東宮	7441
とうぐん	東軍	7316
とうけ	当家	7544
とうけい	統計	5490
とうけい	東経	7515
とうけいがく	統計学	7284
とうけいじょうほう	統計情報	7527
とうけいてき	統計的	6958
とうけいでーた	統計データ	7261
とうけいぶ	頭頸部	7364
とうけつ	凍結	5895
とうけん	刀剣	6140
とうけんらんぶ	刀剣乱舞	7075
とうげ	峠	6092
とうげい	陶芸	6219
とうげつ	当月	7145
とうげんきょう	桃源郷	7336
とうこ	桃子	7125
とうこう	投稿	4413
とうこう	登校	5597
とうこう	当行	7052
とうこう	当校	7097
とうこう	投降	7397
とうこうしゃ	投稿者	5909
とうこうすう	投稿数	7408
とうこうせん	等高線	7430
とうこうだい	東工大	6981
とうこうないよう	投稿内容	7194
とうこうび	投稿日	7202
とうこん	闘魂	7294
とうごう	統合	5353
とうごう	東郷	6901
とうごうしっちょうしょう	統合失調症	7023
とうごうてき	統合的	7430
とうごく	東国	7070
とうごく	投獄	7077
とうさ	糖鎖	7325
とうさい	搭載	5064
とうさい	登載	7492
とうさく	盗作	7069
とうさつ	盗撮	6502
とうさま	父様	6328
とうさま	父さま	7492
とうさん	倒産	6154
とうさん	父さん	6606
とうさーびす	当サービス	7175
とうざ	当座	7238
とうざい	東西	6026
とうざいせん	東西線	6810
とうざん	当山	7405
とうざん	東山	7435
とうし	投資	4751
とうし	闘志	6776
とうし	透視	6834
とうし	闘士	7191
とうし	凍死	7455
とうしか	投資家	6289
とうしさき	投資先	7437
とうししんたく	投資信託	6778
とうしせつ	当施設	6929
とうしたいしょう	投資対象	7430
とうしつ	糖質	5742
とうしつせいげん	糖質制限	7155
とうしはんだん	投資判断	7514
とうしば	東芝	6285
とうしゃ	当社	4605
とうしゃ	投射	7126
とうしゃうぇぶさいと	当社ウェブサイト	7448
とうしゃぐるーぷ	当社グループ	7071
とうしゃさーびす	当社サービス	7554
とうしゃほーむぺーじ	当社ホームページ	7519
とうしゅ	投手	5464
とうしゅ	当主	6420
とうしゅ	党首	6898
とうしゅう	踏襲	6484
とうしゅじん	投手陣	7182
とうしょ	当初	5128
とうしょ	島嶼	7256
とうしょ	当所	7436
とうしょ	投書	7478
とうしょう	東証	6456
とうしょう	凍傷	7475
とうしょうぐう	東照宮	7063
とうしろう	藤四郎	7483
とうしん	答申	6808
とうしん	投信	6841
とうしん	東進	6874
とうしん	刀身	7040
とうしん	等身	7277
とうしんだい	等身大	6403
とうじ	当時	4518
とうじ	投じ	6523
とうじ	冬至	6907
とうじ	湯治	6968
とうじ	東寺	7180
とうじ	当寺	7360
とうじ	陶磁	7452
とうじき	陶磁器	6729
とうじしゃ	当事者	5725
とうじしゃいしき	当事者意識	7502
とうじつ	当日	4793
とうじつけん	当日券	6857
とうじつちゅう	当日中	7306
とうじのこと	当時のこと	7391
とうじむしょ	当事務所	6556
とうじょう	登場	4330
とうじょう	搭乗	5910
とうじょう	東上	6868
とうじょう	東條	7340
とうじょう	東城	7412
とうじょう	東条	7448
とうじょうじ	登場時	7466
とうじょうじんぶつ	登場人物	6337
とうじょうじんぶつたち	登場人物たち	7155
とうじょうよてい	登場予定	7305
とうじる	投じる	7054
とうすい	陶酔	7228
とうすい	透水	7456
とうすう	頭数	6837
とうすぽ	東スポ	7344
とうせい	統制	6273
とうせい	東征	7420
とうせき	透析	6295
とうせき	投石	7374
とうせん	当選	5365
とうせん	当せん	7451
とうせんかくりつ	当選確率	7513
とうせんしゃ	当選者	6728
とうぜん	当然	4875
とうそう	闘争	6238
とうそう	逃走	6250
とうそうちゅう	逃走中	7441
とうそく	等速	7539
とうそつ	統率	6616
とうぞく	盗賊	6480
とうた	淘汰	6748
とうたく	董卓	7319
とうたつ	到達	5542
とうたん	東端	7218
とうだ	投打	7099
とうだい	東大	5700
とうだい	灯台	6240
とうだい	当代	7316
とうだいじ	東大寺	6750
とうだん	登壇	5872
とうだんしゃ	登壇者	7317
とうち	当地	5833
とうち	統治	6173
とうち	等地	7110
とうちゃく	到着	4897
とうちゃくご	到着後	7021
とうちゃくじ	到着時	7372
とうちゃん	父ちゃん	6840
とうちょう	登頂	6670
とうちょう	盗聴	6711
とうちょう	頭頂	6767
とうちょうぶ	頭頂部	7187
とうちょく	当直	6931
とうつう	疼痛	6524
とうてい	到底	6283
とうてい	とうてい	7409
とうてき	投擲	6987
とうてん	当店	5091
とうで	東出	7506
とうでん	東電	6800
とうと	尊	7045
とうと	東都	7464
とうと	貴	7535
とうとい	尊い	6578
とうとう	とうとう	6005
とうとう	等々	6191
とうとつ	唐突	6284
とうど	糖度	6533
とうど	凍土	7503
とうどう	東堂	7011
とうどう	藤堂	7019
とうどり	頭取	7108
とうない	島内	6710
とうない	党内	7041
とうなん	盗難	6104
とうなん	東南	7132
とうなんあじあ	東南アジア	6077
とうに	とうに	6995
とうにゅう	投入	5465
とうにゅう	豆乳	5972
とうにょう	糖尿	5737
とうにょうびょう	糖尿病	6283
とうにん	当人	6570
とうの	塔の	6591
とうの	当の	6618
とうの	藤野	7275
とうの	東野	7445
とうのほんにん	当の本人	7324
とうは	踏破	6996
とうは	党派	7317
とうはいごう	統廃合	7182
とうはつ	頭髪	6920
とうはん	登攀	7323
とうば	塔婆	7535
とうばい	等倍	7024
とうばく	倒幕	7542
とうばつ	討伐	5932
とうばら	藤原	7372
とうばん	登板	6083
とうばん	当番	6474
とうばん	陶板	7547
とうばんじゃん	豆板醤	6799
とうひ	頭皮	5771
とうひ	逃避	6557
とうひかんきょう	頭皮環境	7562
とうひこう	逃避行	7351
とうひょう	投票	5260
とうひょうすう	投票数	7361
とうひん	盗品	7497
とうびょう	闘病	6579
とうふ	豆腐	5798
とうふ	とうふ	6840
とうぶ	頭部	5837
とうぶ	東部	6103
とうぶ	東武	6212
とうぶてつどう	東武鉄道	7125
とうぶどうぶつこうえん	東武動物公園	7513
とうぶろぐ	当ブログ	6252
とうぶん	等分	6251
とうぶん	当分	6369
とうぶん	糖分	6514
とうぶんのあいだ	当分の間	7338
とうべん	答弁	6395
とうほう	当方	5753
とうほう	東方	6271
とうほう	東宝	6700
とうほう	東邦	7181
とうほう	桐朋	7444
とうほうしんき	東方神起	6951
とうほく	東北	5481
とうほくしんかんせん	東北新幹線	6984
とうほくだい	東北大	7187
とうほくだいがく	東北大学	6656
とうほくちほう	東北地方	6957
とうほくでんりょく	東北電力	7352
とうほくどう	東北道	7480
とうほん	謄本	6646
とうぼう	逃亡	6310
とうぼく	倒木	6733
とうま	斗真	7196
とうみ	東海	7226
とうみ	東御	7489
とうみょう	豆苗	6985
とうみょう	東名	7554
とうみん	冬眠	6716
とうみん	島民	6844
とうめい	透明	5171
とうめい	東名	7275
とうめいかん	透明感	6120
とうめいこうそく	東名高速	7401
とうめいこうそくどうろ	東名高速道路	7400
とうめいせい	透明性	6744
とうめいど	透明度	6697
とうめん	当面	6131
とうめんのま	当面の間	7168
とうもろこし	とうもろこし	6222
とうもろこし	トウモロコシ	6388
とうや	冬弥	7286
とうや	東野	7557
とうやく	投薬	6640
とうやこ	洞爺湖	7224
とうやま	東山	7411
とうゆ	灯油	6593
とうよ	投与	5542
とうよう	東洋	6000
とうよう	登用	6422
とうよう	盗用	7051
とうよう	東陽	7434
とうよういがく	東洋医学	7145
とうようだい	東洋大	7247
とうようだいがく	東洋大学	7062
とうよこせん	東横線	7113
とうらい	到来	6067
とうらく	当落	7061
とうり	桃李	7064
とうり	東リ	7382
とうりつ	倒立	7122
とうりゅうもん	登竜門	7138
とうりょう	棟梁	7110
とうりょう	頭領	7513
とうるい	盗塁	6359
とうるい	糖類	7117
とうれ	東レ	7020
とうろう	灯籠	6739
とうろう	灯篭	7086
とうろう	燈籠	7273
とうろく	登録	4378
とうろくかのう	登録可能	7525
とうろくご	登録後	7303
とうろくしゃ	登録者	7200
とうろくしょうひょう	登録商標	6862
とうろくじ	登録時	7461
とうろくじょうほう	登録情報	7320
とうろくばんごう	登録番号	7545
とうろくほうほう	登録方法	7553
とうろん	討論	6238
とうわく	当惑	7566
とえい	都営	6396
とお	とお	6572
とお	遠	6657
とおあさ	遠浅	7539
とおい	遠い	5522
とおいばしょ	遠い場所	7324
とおいみらい	遠い未来	7551
とおいむかし	遠い昔	7053
とおいめ	遠い目	7284
とおか	10日	5253
とおか	十日	7212
とおかまち	十日町	7362
とおから	遠から	7465
とおき	遠き	7534
とおく	遠く	5534
とおさ	通さ	6444
とおざかっ	遠ざかっ	6728
とおざかり	遠ざかり	7521
とおざかる	遠ざかる	7073
とおざけ	遠ざけ	6938
とおざける	遠ざける	7072
とおし	通し	5004
とおし	とおし	6737
とおし	徹し	6936
とおしばんごう	通し番号	7565
とおす	通す	6018
とおせる	通せる	7290
とおっ	通っ	5152
とおで	遠出	6533
とおどう	遠藤	7528
とおの	遠野	6906
とおのい	遠のい	7145
とおのく	遠のく	7456
とおぼえ	遠吠え	7298
とおまき	遠巻き	7408
とおまわし	遠回し	7035
とおまわり	遠回り	6556
とおめ	遠目	6641
とおやま	遠山	7116
とおら	通ら	6127
とおり	通り	4905
とおり	とおり	5072
とおりあめ	通り雨	7489
とおりかかっ	通りかかっ	7371
とおりがかり	通りがかり	7323
とおりこし	通り越し	6653
とおりすがり	通りすがり	6709
とおりすぎ	通り過ぎ	6342
とおりすぎる	通り過ぎる	6798
とおりにくい	通りにくい	7521
とおりぬけ	通り抜け	6693
とおりぬける	通り抜ける	7055
とおりま	通り魔	7316
とおりみち	通り道	6734
とおりやすい	通りやすい	7320
とおりやすく	通りやすく	7456
とおる	通る	5564
とおる	透	6284
とおる	太	6427
とおる	徹	6631
とおる	亮	6823
とおる	達	6963
とおる	融	7135
とおる	トオル	7147
とおれ	通れ	6639
とおれる	通れる	6918
とか	とか	3832
とか	解か	6781
とか	トカ	6907
とか	説か	6956
とかい	都会	5707
とかい	渡海	7324
とかいう	とかいう	5798
とかいてき	都会的	6998
とかいのけんそう	都会の喧騒	7486
とかく	とかく	7061
とかげ	トカゲ	6548
とかげ	とかげ	7460
とかさ	溶かさ	7434
とかし	溶かし	5973
とかし	とかし	6855
とかす	溶かす	6463
とかち	十勝	6372
とが	科	7375
とが	咎	7484
とが	トガ	7522
とがくし	戸隠	7269
とがっ	尖っ	6389
とがっ	とがっ	7019
とがめ	咎め	7215
とがめる	咎める	7500
とがら	尖ら	7226
とがり	尖	7046
とがり	尖り	7348
とき	とき	3901
とき	時	4570
とき	トキ	6508
とき	斎	6562
とき	溶き	6583
とき	解き	6667
とき	説き	7018
とき	土岐	7169
ときあかし	解き明かし	7005
ときあかす	解き明かす	7029
ときおり	時折	6018
ときおり	ときおり	7273
ときかた	解き方	6733
ときごろ	時ごろ	7240
ときすぎ	時過ぎ	6589
ときたま	時たま	7439
ときたまご	溶き卵	7123
ときとして	時として	6869
ときどき	時々	5379
ときどき	ときどき	6198
ときに	時に	5702
ときには	時には	5815
ときには	ときには	6597
ときのま	時の間	7051
ときはなた	解き放た	7001
ときはなち	解き放ち	7515
ときはなつ	解き放つ	7287
ときめい	ときめい	7095
ときめか	ときめか	7363
ときめき	ときめき	6761
ときめき	トキメキ	7095
ときめく	ときめく	6672
ときゃ	ときゃ	6907
ときゆき	時行	7484
ときょうそう	徒競走	7553
ときよ	時代	7335
ときわ	常磐	7010
ときわ	ときわ	7067
ときわ	常盤	7175
ときわ	トキワ	7223
ときん	と金	7491
とぎ	研ぎ	6649
とぎ	とぎ	6894
とぎ	伽	7212
とぎ	都議	7364
とぎ	利	7394
とぎかい	都議会	7198
とぎすまさ	研ぎ澄まさ	7091
とぎょ	渡御	7076
とぎれ	途切れ	6412
とぎれる	途切れる	6721
とく	得	5247
とく	特	5932
とく	とく	6071
とく	解く	6092
とく	徳	6270
とく	トク	6431
とく	説く	6717
とく	督	7485
とくい	得意	5064
とくい	特異	6269
とくい	徳井	7159
とくいげ	得意げ	7278
とくいさき	得意先	7451
とくいてき	特異的	7350
とくいぶんや	得意分野	6938
とくいわざ	得意技	7465
とくかわ	徳川	7357
とくがわ	徳川	6024
とくがわばくふ	徳川幕府	7295
とくぎ	特技	5984
とくさく	得策	6840
とくさつ	特撮	6259
とくさん	特産	5986
とくさんひん	特産品	7000
とくし	特使	7483
とくしってん	得失点	7368
とくしつ	特質	6845
とくしま	徳島	5882
とくしまけん	徳島県	6306
とくしゅ	特殊	5024
とくしゅう	特集	5399
とくしゅうかい	徳洲会	7393
とくしゅうきじ	特集記事	7562
とくしゅこうか	特殊効果	7331
とくしゅさぎ	特殊詐欺	7522
とくしゅしょうかん	特殊召喚	7226
とくしゅのうりょく	特殊能力	7009
とくしょく	特色	6049
とくしん	特進	6763
とくじゅ	特需	7525
とくじょう	特上	7085
とくする	得する	6888
とくせい	特性	5106
とくせい	特製	5889
とくせいじょう	特性上	7414
とくせいじょうほう	特性情報	7349
とくせつ	特設	5956
とくせん	特選	6580
とくせん	徳川	7541
とくそう	特捜	6903
とくそうばん	特装版	7363
とくそく	督促	6801
とくたい	特待	6788
とくたいせい	特待生	7514
とくだ	得だ	6910
とくだ	徳田	7380
とくだい	特大	6207
とくだん	特段	6578
とくちゅう	特注	6483
とくちょう	特徴	4421
とくちょう	特長	5917
とくちょうてき	特徴的	5667
とくてい	特定	4704
とくていがいらいせいぶつ	特定外来生物	7492
とくていぎのう	特定技能	7566
とくていしょうとりひきほう	特定商取引法	7042
とくていのもの	特定の者	7374
とくていひえいりかつどうほうじん	特定非営利活動法人	6829
とくてん	特典	5160
とくてん	得点	5441
とくてんかい	特典会	7454
とくと	とくと	7372
とくとう	特等	7097
とくど	得度	7115
とくな	得な	5486
とくなが	徳永	6908
とくに	特に	4198
とくに	とくに	5581
とくにさいきん	特に最近	7482
とくにん	特任	6871
とくのしま	徳之島	7096
とくは	特派	7142
とくはつ	特発	7342
とくばい	特売	6858
とくばん	特番	6541
とくひつ	特筆	6293
とくひょう	得票	6822
とくべつ	特別	4551
とくべつかかく	特別価格	6664
とくべつかん	特別感	6819
とくべつきかく	特別企画	7284
とくべつこうえん	特別講演	7491
とくべつしえんがっこう	特別支援学校	7320
とくべつしょう	特別賞	7165
とくべつてん	特別展	7047
とくべつへん	特別編	7323
とくべつようごろうじんほーむ	特別養護老人ホーム	7193
とくほう	特報	7031
とくぼう	特防	7402
とくむ	特務	7284
とくめい	匿名	5596
とくめい	特命	6833
とくめいせい	匿名性	7456
とくめいはいそう	匿名配送	6769
とくもり	特盛	7346
とくやく	特約	6412
とくやま	徳山	7217
とくゆう	特有	5570
とくらす	と暮らす	6791
とくらす	とクラス	7563
とくれい	特例	5962
とぐ	研ぐ	7225
とぐち	戸口	7486
とぐる	トグル	7451
とけ	溶け	5749
とけ	とけ	6079
とけ	解け	6265
とけ	融け	7355
とけい	時計	5470
とけいのはり	時計の針	7454
とけいまわり	時計回り	7253
とけこみ	溶け込み	7021
とけこむ	溶け込む	6725
とけこん	溶け込ん	6594
とけだし	溶け出し	7058
とけつ	吐血	7417
とけにくい	溶けにくい	7492
とけやすい	溶けやすい	7331
とけやすく	溶けやすく	7557
とける	溶ける	6323
とける	解ける	6436
とける	とける	7395
とけん	都県	7507
とげ	遂げ	6002
とげ	トゲ	6464
とげ	棘	6576
とげ	刺	6748
とげ	とげ	6981
とげつきょう	渡月橋	7564
とげる	遂げる	6699
とこ	とこ	5156
とこ	床	5496
とこ	トコ	6169
とこいた	床板	7066
とこう	渡航	6254
とこしえ	永久	7483
とこじらみ	トコジラミ	7362
とことこ	トコトコ	7328
とことん	とことん	6150
とことん	トコトン	7468
とこなつ	常夏	7284
とこなめ	常滑	7227
とこのま	床の間	7033
とこや	床屋	6928
とこや	床や	6989
とこやみ	常闇	7264
ところ	ところ	3867
ところ	所	4768
ところ	処	6528
ところ	トコロ	6907
ところ	處	7365
ところが	ところが	5345
ところざわ	所沢	6544
ところてん	ところてん	7312
ところで	ところで	5585
ところどころ	ところどころ	6518
ところどころ	所々	6623
とごう	戸郷	7513
とさ	土佐	6335
とさえ	とさえ	6862
とさか	トサカ	7533
とさつ	屠殺	7421
とざさ	閉ざさ	6756
とざし	閉ざし	7112
とざん	登山	5269
とざんぐち	登山口	6723
とざんしゃ	登山者	7213
とざんどう	登山道	6528
とし	都市	4885
とし	年	5030
とし	歳	6004
とし	十四	6827
とし	トシ	6848
とし	智	6878
とし	齢	6932
とし	利	7275
としあけ	年明け	6354
としいえ	利家	7204
としうえ	年上	5972
としうえ	歳上	7466
としお	敏夫	7270
としお	俊夫	7272
としお	利夫	7564
としおい	年老い	6942
としおとこ	年男	7404
としおとこ	歳男	7549
としか	としか	5753
としか	都市化	7537
としがあけ	年が明け	7137
としがす	都市ガス	7521
としき	俊樹	7352
としけいかく	都市計画	7242
としこ	紀子	7532
としこし	年越し	6594
としご	年子	7380
としごろ	年頃	6514
としごろ	年ごろ	6870
としした	年下	6047
としぞう	歳三	7176
としだ	年だ	7323
としだっ	年だっ	7387
としつき	年月	6687
としで	年で	7301
としでんせつ	都市伝説	6907
としでんせつてき	都市伝説的	7427
としとし	都市とし	7478
としとっ	年取っ	7167
としなか	年半	7337
としになっ	年になっ	7136
としになり	年になり	7462
としになる	年になる	7381
としのさ	年の差	7523
としのせ	年の瀬	7147
としひこ	俊彦	7012
としひさ	智久	7530
としぶ	都市部	6565
としま	豊島	7125
としまえ	年前	7337
としみち	利通	7558
としや	俊哉	7554
としゅ	徒手	7469
としゅつ	吐出	7235
としゆき	敏行	7303
としゆき	俊之	7343
としょ	図書	5849
としょう	渡渉	7352
としょかん	図書館	5334
としょく	塗色	7535
としょしつ	図書室	7001
としより	年寄り	6178
としより	年寄	6882
としろう	寿郎	7031
としろう	敏郎	7281
としをかさね	歳を重ね	7413
としん	都心	5844
としんぶ	都心部	7156
とじ	閉じ	5631
とじ	とじ	6928
とじ	綴じ	7206
とじこめ	閉じ込め	6371
とじこめる	閉じ込める	7073
とじこもっ	閉じこもっ	7242
とじまり	戸締まり	7429
とじょう	途上	6127
とじょう	登城	7304
とじょうこく	途上国	6760
とじる	閉じる	5912
とじる	綴る	7504
とじれ	閉じれ	7512
とす	トス	6363
とす	鳥栖	6811
とすかーな	トスカーナ	7161
とすら	とすら	7044
とすれば	とすれば	7151
とせい	都政	7380
とせん	渡船	7115
とそ	とそ	6539
とそう	塗装	5017
とそうこうじ	塗装工事	7293
とそうめん	塗装面	7469
とたん	途端	6127
とたん	とたん	6634
とたん	トタン	7050
とたんに	とたんに	7413
とだ	戸田	6521
とだ	富田	7541
とだえ	途絶え	6634
とだえる	途絶える	7315
とだな	戸棚	7079
とち	土地	5002
とち	トチ	7434
とち	栃	7519
とちかん	土地勘	7411
とちがら	土地柄	7542
とちぎ	栃木	6151
とちぎけん	栃木県	5980
とちさがし	土地探し	7382
とちじ	都知事	6536
とちじせん	都知事選	7540
とちのき	栃木	6820
とちゅう	途中	4731
とちゅうげしゃ	途中下車	6988
とちょう	都庁	6921
とちょう	徒長	7221
とっ	取っ	4913
とっ	撮っ	5020
とっ	とっ	5034
とっ	採っ	6555
とっ	獲っ	6693
とっ	摂っ	6721
とっ	録っ	7198
とっ	捕っ	7249
とっか	特化	5403
とっか	特価	6598
とっかん	突貫	7381
とっき	突起	6315
とっき	特記	6745
とっきゅう	特急	5626
とっきゅう	特級	6814
とっきゅうけん	特急券	7524
とっきゅうれっしゃ	特急列車	7476
とっきょ	特許	5625
とっきょけん	特許権	7416
とっきょちょう	特許庁	6950
とっく	特区	6949
とっく	とっく	7310
とっくに	とっくに	6388
とっくり	徳利	7358
とっくん	特訓	6369
とっけび	トッケビ	7432
とっけん	特権	6279
とっこう	特攻	6256
とっこう	特効	6711
とっこうたい	特攻隊	7030
とっこうやく	特効薬	7254
とっさ	咄嗟	6689
とっさ	とっさ	6707
とっしゅつ	突出	6414
とっしん	突進	6396
とっつき	とっつき	7221
とって	取っ手	6526
とって	取手	7025
とっておき	とっておき	6471
とってかわら	取って代わら	7512
とってなむ	トッテナム	7171
とっても	とっても	4878
とっと	トット	7492
とっとと	とっとと	6803
とっとり	鳥取	6250
とっとりけん	鳥取県	6279
とっとりさきゅう	鳥取砂丘	7307
とっど	トッド	7380
とっぱ	突破	5415
とっぱこう	突破口	7223
とっぱつ	突発	6478
とっぱつてき	突発的	6846
とっぱらっ	取っ払っ	7512
とっぱんいんさつ	凸版印刷	7517
とっぴ	突飛	7335
とっぴょうし	突拍子	7213
とっぴんぐ	トッピング	5603
とっぷ	トップ	4804
とっぷあすりーと	トップアスリート	7565
とっぷう	突風	6884
とっぷがん	トップガン	7297
とっぷくらす	トップクラス	6002
とっぷこーと	トップコート	6866
とっぷす	トップス	6051
とっぷだうん	トップダウン	6990
とっぷちーむ	トップチーム	7290
とっぷばったー	トップバッター	7301
とっぷばりゅ	トップバリュ	7544
とっぷぺーじ	トップページ	6205
とっぷもでる	トップモデル	7541
とっぷれべる	トップレベル	7449
とつ	凸	5984
とつ	とつ	6949
とつい	嫁い	6833
とつか	戸塚	6962
とつぎ	嫁ぎ	7202
とつぐ	嫁ぐ	7323
とつげき	突撃	6180
とつじょ	突如	6169
とつじょとして	突如として	6936
とつぜん	突然	5078
とつぜんへんい	突然変異	6893
とつにゅう	突入	5644
とづか	戸塚	7426
とてつもない	とてつもない	6744
とてつもなく	とてつもなく	6543
とても	とても	4054
とてもあかるい	とても明るい	7507
とてもあかるく	とても明るく	7298
とてもあつい	とても暑い	7252
とてもありがたい	とてもありがたい	6862
とてもいい	とてもいい	6271
とてもいい	とても良い	7237
とてもうつくしい	とても美しい	6694
とてもうつくしく	とても美しく	7124
とてもうれし	とても嬉し	7276
とてもうれしい	とても嬉しい	6031
とてもうれしい	とてもうれしい	6867
とてもうれしかっ	とても嬉しかっ	6464
とてもうれしかっ	とてもうれしかっ	7336
とてもうれしく	とても嬉しく	6489
とてもうれしく	とてもうれしく	7306
とてもおいし	とても美味し	7389
とてもおいしい	とても美味しい	6297
とてもおいしい	とてもおいしい	6942
とてもおいしかっ	とても美味しかっ	6333
とてもおいしかっ	とてもおいしかっ	6947
とてもおいしく	とても美味しく	6661
とてもおいしく	とてもおいしく	7400
とてもおおい	とても多い	6597
とてもおおきい	とても大きい	7057
とてもおおきく	とても大きく	7186
とてもおおく	とても多く	7056
とてもおもしろい	とても面白い	6762
とてもおもしろかっ	とても面白かっ	7088
とてもおもしろく	とても面白く	7365
とてもかっこいい	とてもかっこいい	7403
とてもかなしい	とても悲しい	7270
とてもかるい	とても軽い	7491
とてもかるく	とても軽く	7340
とてもかわいい	とても可愛い	6514
とてもかわいい	とてもかわいい	6837
とてもかわいかっ	とても可愛かっ	7535
とてもかわいく	とても可愛く	7086
とてもかわいらしい	とても可愛らしい	7220
とてもきびしい	とても厳しい	7561
とてもきもちよく	とても気持ちよく	7452
とてもきょうみぶかい	とても興味深い	7092
とてもこわい	とても怖い	7475
とてもさむい	とても寒い	7444
とてもすくない	とても少ない	7299
とてもすばらしい	とても素晴らしい	6713
とてもたかい	とても高い	6865
とてもたかく	とても高く	7314
とてもたのし	とても楽し	6888
とてもたのしい	とても楽しい	6251
とてもたのしかっ	とても楽しかっ	6430
とてもたのしく	とても楽しく	6656
とてもちいさい	とても小さい	7417
とてもちかい	とても近い	7485
とてもつよい	とても強い	7001
とてもつよく	とても強く	7336
とてもながい	とても長い	7311
とてもながく	とても長く	7489
とてもはやく	とても早く	7368
とてもひくい	とても低い	7563
とてもひろい	とても広い	7187
とてもひろく	とても広く	7152
とてもむずかしい	とても難しい	6936
とてもめずらしい	とても珍しい	7333
とてもやさしい	とても優しい	6912
とてもやさしく	とても優しく	6896
とてもやわらかく	とても柔らかく	7352
とてもよい	とても良い	6007
とてもよい	とてもよい	6871
とてもよかっ	とても良かっ	6267
とてもよかっ	とてもよかっ	6733
とてもよく	とても良く	6577
とてもよく	とてもよく	7306
とでん	都電	7093
とと	トト	7101
ととき	十時	7440
ととのい	整い	6297
ととのい	ととのい	7378
ととのう	整う	6601
ととのう	ととのう	7335
ととのえ	整え	5409
ととのえ	調え	7039
ととのえ	ととのえ	7345
ととのえよ	整えよ	7486
ととのえよう	整えよう	7477
ととのえる	整える	5646
ととのえる	調える	7167
ととのえる	ととのえる	7408
ととのっ	整っ	5643
ととのわ	整わ	7393
ととり	鳥取	7414
ととろ	トトロ	6671
とど	トド	6972
とど	とど	7519
とどい	届い	5285
とどう	都道	7284
とどうじに	と同時に	6850
とどうふけん	都道府県	5512
とどうふけんちじ	都道府県知事	6958
とどか	届か	5630
とどき	届き	5360
とどきそう	届きそう	7191
とどきにくい	届きにくい	7305
とどきやすい	届きやすい	7395
とどく	届く	5408
とどけ	届け	4788
とどけ	届	5813
とどけ	とどけ	7532
とどけいで	届出	7526
とどけさき	届け先	5904
とどけで	届け出	5961
とどけで	届出	6580
とどけでる	届け出る	7223
とどけよ	届けよ	7224
とどけよう	届けよう	7216
とどける	届ける	5893
とどこおっ	滞っ	6807
とどこおり	滞り	6725
とどこおる	滞る	7264
とどまっ	とどまっ	6438
とどまっ	留まっ	6846
とどまら	とどまら	6291
とどまら	留まら	6909
とどまり	とどまり	6729
とどまり	留まり	7312
とどまる	とどまる	6548
とどまる	留まる	7071
とどめ	とどめ	6416
とどめ	留め	6498
とどめ	止め	6732
とどめ	トドメ	6797
とどめよ	止めよ	7325
とどめる	留める	6591
とどめる	とどめる	7068
とどめる	止める	7174
とどろ	轟	7253
とどろかせ	轟かせ	7459
とどろき	轟	6853
とどろき	等々力	7321
とどろき	とどろき	7556
とどろく	轟く	7531
とない	都内	5474
となえ	唱え	6245
となえる	唱える	6477
となかい	トナカイ	6824
となみ	砺波	7436
となり	隣	5093
となり	となり	6214
となり	隣り	6598
となりあう	隣り合う	7394
となりあっ	隣り合っ	7414
となりあわせ	隣り合わせ	7017
となりどうし	隣同士	7422
となりにある	隣りにある	7453
となりの	となりの	6905
となりのととろ	となりのトトロ	6987
となりのへや	隣の部屋	7241
となりまち	隣町	7054
となー	トナー	7100
とにかく	とにかく	4842
とにかく	兎に角	6894
とにもかくにも	兎にも角にも	7372
とにー	トニー	6505
とねかわ	利根川	7492
とねがわ	利根川	6920
とねりこ	トネリコ	7483
との	殿	6728
とのこ	とのこ	6230
とのさま	殿様	6833
とは	とは	4092
とば	飛ば	6353
とば	鳥羽	6949
とばく	賭博	6685
とばさ	飛ばさ	6332
とばし	飛ばし	5775
とばし	とばし	7262
とばす	飛ばす	6170
とばっちり	とばっちり	7489
とぱーず	トパーズ	7234
とび	飛び	5780
とび	とび	6329
とび	跳び	6633
とび	トビ	6754
とび	鳶	7289
とび	飛	7443
とびあがっ	飛び上がっ	7311
とびあがる	飛び上がる	7464
とびいし	飛び石	7074
とびいり	飛び入り	6989
とびうお	トビウオ	7451
とびお	飛雄	7342
とびおき	飛び起き	7515
とびおり	飛び降り	6633
とびおりる	飛び降りる	7221
とびかい	飛び交い	7045
とびかう	飛び交う	6699
とびかっ	飛び交っ	6747
とびきり	とびきり	6810
とびこえ	飛び越え	6839
とびこえる	飛び越える	7466
とびこみ	飛び込み	6583
とびこむ	飛び込む	6578
とびこん	飛び込ん	6021
とびたち	飛び立ち	7347
とびたっ	飛び立っ	7059
とびたつ	飛び立つ	6986
とびだし	飛び出し	5778
とびだす	飛び出す	6415
とびち	飛び地	7520
とびちっ	飛び散っ	7111
とびちり	飛び散り	7247
とびちる	飛び散る	7121
とびっきり	とびっきり	7190
とびつい	飛びつい	7038
とびつき	飛びつき	7426
とびつく	飛びつく	7298
とびで	飛び出	6711
とびでる	飛び出る	7239
とびどうぐ	飛び道具	6927
とびぬけ	飛び抜け	7042
とびのっ	飛び乗っ	7327
とびはね	飛び跳ね	7025
とびはねる	飛び跳ねる	7407
とびばこ	跳び箱	7185
とびひ	飛び火	7430
とびまわっ	飛び回っ	6899
とびまわり	飛び回り	7273
とびまわる	飛び回る	6976
とびら	扉	5305
とびらえ	扉絵	7231
とびー	トビー	7523
とぴっく	トピック	5932
とぴっくす	トピックス	6624
とぴぬし	トピ主	6639
とふ	塗布	6014
とふけん	都府県	7391
とぶ	飛ぶ	5663
とぶ	とぶ	7038
とぶ	跳ぶ	7080
とべ	飛べ	6595
とべ	とべ	7313
とべい	渡米	6704
とべる	飛べる	6651
とほ	徒歩	4922
とほう	途方	6724
とほうにくれ	途方に暮れ	7001
とほけんない	徒歩圏内	6762
とほほ	トホホ	7441
とぼけ	とぼけ	7163
とぼし	灯	7354
とぼしい	乏しい	6380
とぼしく	乏しく	7125
とぽろじー	トポロジー	7398
とま	トマ	7560
とまく	塗膜	6592
とまこまい	苫小牧	6618
とまっ	止まっ	5572
とまっ	泊まっ	6064
とまっ	停まっ	6715
とまっ	とまっ	6729
とまっ	留まっ	6771
とまっ	泊っ	7513
とまと	トマト	5227
とまとかん	トマト缶	7296
とまとけちゃっぷ	トマトケチャップ	7303
とまとじゅーす	トマトジュース	7254
とまとそーす	トマトソース	6911
とまどい	戸惑い	6452
とまどう	戸惑う	6471
とまどっ	戸惑っ	6482
とまほーく	トマホーク	7481
とまら	止まら	5594
とまら	とまら	6835
とまら	留まら	6940
とまら	泊まら	7222
とまらなくなっ	止まらなくなっ	7474
とまらなくなる	止まらなくなる	7418
とまらん	止まらん	7215
とまり	止まり	5860
とまり	泊まり	6060
とまり	留まり	6760
とまり	とまり	6877
とまり	泊り	7421
とまり	泊	7556
とまる	止まる	5917
とまる	泊まる	6272
とまる	留まる	6751
とまる	とまる	6998
とまる	停まる	7228
とまれ	泊まれ	7332
とまれ	止まれ	7561
とまれる	泊まれる	6804
とみ	富	6253
とみ	とみ	6752
とみ	トミ	7111
とみ	富み	7209
とみ	頓	7474
とみおか	富岡	6828
とみおか	冨岡	6868
とみか	トミカ	6756
とみさわ	富澤	7492
とみた	富田	7001
とみた	冨田	7154
とみたろう	富太郎	7485
とみだ	富田	7135
とみだ	冨田	7484
とみなが	富永	7125
とみなが	冨永	7208
とみの	富野	7105
とみやす	冨安	7288
とみやま	富山	6381
とみん	都民	6669
とみー	トミー	6793
とむ	トム	6071
とむ	富む	7062
とむ	とむ	7501
とむくるーず	トム・クルーズ	7223
とむとじぇりー	トムとジェリー	7213
とむらう	弔う	7392
とめ	止め	5502
とめ	停め	6241
とめ	留め	6267
とめ	とめ	6465
とめ	止	6513
とめ	留	6611
とめ	泊め	7113
とめ	トメ	7137
とめおき	留置	6776
とめそで	留め袖	7232
とめよ	止めよ	7260
とめよう	止めよう	7530
とめる	止める	5831
とめる	停める	6891
とめる	とめる	6915
とめれ	止めれ	7516
とめろ	止めろ	7297
とも	とも	4649
とも	友	5600
とも	共	5923
とも	トモ	6739
とも	智	6814
とも	羨	6851
とも	伴	6875
とも	朋	7180
ともあれ	ともあれ	6300
ともう	ともう	6968
ともえ	巴	6881
ともえ	ともえ	7409
ともかく	ともかく	5715
ともかく	兎も角	7484
ともかず	智和	7198
ともかず	友和	7411
ともがら	輩	6773
ともぐい	共食い	7450
ともこ	朋子	6984
ともこ	ともこ	7099
ともこ	智子	7131
ともこ	知子	7308
ともさ	ともさ	7527
ともさ	灯さ	7528
ともし	ともし	6835
ともし	灯し	6937
ともし	灯	7444
ともしく	乏しく	7225
ともしび	灯火	7342
ともす	灯す	7181
ともすれば	ともすれば	7245
ともだち	友達	4699
ともだち	友だち	5641
ともだち	ともだち	6467
ともだちついか	友だち追加	7305
ともだちどうし	友達同士	7163
ともだちのいえ	友達の家	7445
ともだちやかぞく	友達や家族	7391
ともちか	友近	7454
ともっ	灯っ	7424
ともども	共々	6904
ともども	ともども	7073
ともない	伴い	5357
ともない	ともない	6798
ともなう	伴う	5284
ともなう	ともなう	6750
ともなっ	伴っ	5890
ともなっ	ともなっ	7050
ともなわ	伴わ	6600
ともに	ともに	4608
ともに	共に	4679
とものうら	鞆の浦	7500
とものかい	友の会	6796
ともばたらき	共働き	6341
ともひさ	智久	7329
ともひと	友人	7385
ともみ	朋美	7234
ともみ	ともみ	7330
ともみ	友美	7485
ともや	倫也	7021
ともや	智也	7066
ともゆき	智之	7501
ともよ	友よ	7453
ともり	灯り	6708
ともる	灯る	7276
とや	とや	7022
とやかく	とやかく	7094
とやま	富山	5928
とやまけん	富山県	6178
とやまし	富山市	7422
とやまだいがく	富山大学	7543
とよ	豊	6458
とよ	とよ	6805
とよ	トヨ	7028
とよあけ	豊明	7423
とよおか	豊岡	7000
とよかわ	豊川	7019
とよがわ	豊川	7368
とよしま	豊島	7011
とよす	豊洲	6665
とよた	トヨタ	5672
とよた	豊田	6635
とよたし	豊田市	7477
とよたじどうしゃ	トヨタ自動車	6516
とよだ	豊田	6681
とよとみ	豊臣	6344
とよとみひでよし	豊臣秀吉	6991
とよなか	豊中	6598
とよはし	豊橋	6447
とよはしし	豊橋市	7539
とよばし	豊橋	6711
とよひら	豊平	7356
とら	取ら	5387
とら	虎	5776
とら	とら	5808
とら	トラ	5829
とら	撮ら	5957
とら	寅	6708
とら	採ら	7147
とら	摂ら	7215
とらい	トライ	5841
とらい	渡来	6744
とらいあうと	トライアウト	7432
とらいあすろん	トライアスロン	6727
とらいある	トライアル	6051
とらいあんぐる	トライアングル	6891
とらいあんふ	トライアンフ	7492
とらいと	とライト	7405
とらいん	とライン	7453
とらうと	トラウト	7056
とらうま	トラウマ	5995
とらえ	捉え	5495
とらえ	とらえ	6107
とらえ	捕らえ	6792
とらえ	捕え	7462
とらえる	捉える	5943
とらえる	とらえる	6550
とらえる	捕らえる	7149
とらくしょん	トラクション	7186
とらくた	トラクタ	6826
とらくたー	トラクター	6700
とらこ	寅子	6799
とらじろう	寅次郎	7450
とらす	トラス	7156
とらすと	トラスト	6736
とらっかー	トラッカー	7248
とらっきんぐ	トラッキング	6479
とらっく	トラック	5276
とらっくぼーる	トラックボール	7441
とらっしゅ	トラッシュ	7009
とらっど	トラッド	7360
とらっぷ	トラップ	6174
とらでぃしょなる	トラディショナル	7374
とらどし	寅年	7477
とらねきさむ	トラネキサム	7532
とらのもん	虎ノ門	6884
とらばーす	トラバース	7030
とらふ	トラフ	6603
とらふぃっく	トラフィック	6155
とらふぃっくでーた	トラフィックデータ	7192
とらぶる	トラブル	4980
とらべらー	トラベラー	7298
とらべる	トラベル	6198
とらむ	トラム	7017
とらや	とらや	7431
とらわれ	とらわれ	6332
とらわれ	囚われ	6551
とらわれ	捕らわれ	7305
とらわれる	とらわれる	7173
とらわれる	囚われる	7442
とらん	とらん	7382
とらんく	トランク	6284
とらんくす	トランクス	6831
とらんざくしょん	トランザクション	6294
とらんしーばー	トランシーバー	7267
とらんじしょん	トランジション	7170
とらんじすた	トランジスタ	6702
とらんじっと	トランジット	7133
とらんす	トランス	5831
とらんすじぇんだー	トランスジェンダー	6900
とらんすふぉーまー	トランスフォーマー	6914
とらんすふぉーめーしょん	トランスフォーメーション	7550
とらんすぽーと	トランスポート	7242
とらんすみっしょん	トランスミッション	7283
とらんぷ	トランプ	5732
とらんぺっと	トランペット	6508
とらんぽりん	トランポリン	6807
とり	取り	5024
とり	鳥	5198
とり	とり	5387
とり	撮り	5405
とり	鶏	5535
とり	トリ	6120
とり	摂り	6481
とり	採り	6892
とりあい	取り合い	6831
とりあう	取り合う	7023
とりあえ	取り合え	7266
とりあえず	とりあえず	4912
とりあえず	取り敢えず	6438
とりあえず	取りあえず	7001
とりあげ	取り上げ	5678
とりあげ	とりあげ	7173
とりあげる	取り上げる	6398
とりあっ	取り合っ	6814
とりあつかい	取り扱い	5533
とりあつかい	取扱	5578
とりあつかい	取扱い	5906
とりあつかいせつめいしょ	取扱説明書	6605
とりあつかう	取り扱う	5859
とりあつかう	取扱う	6949
とりあつかっ	取り扱っ	5819
とりあつかわ	取り扱わ	6598
とりい	鳥居	5924
とりいそぎ	取り急ぎ	6885
とりいれ	取り入れ	5271
とりいれ	採り入れ	7392
とりいれやすい	取り入れやすい	6957
とりいれよ	取り入れよ	7350
とりいれよう	取り入れよう	7343
とりいれる	取り入れる	5803
とりえ	取り柄	7101
とりえんなーれ	トリエンナーレ	7448
とりお	トリオ	6279
とりおき	取り置き	6116
とりおこない	執り行い	7113
とりおこなう	執り行う	7283
とりおこなわ	執り行わ	6711
とりおろし	撮り下ろし	6980
とりおん	トリオン	7519
とりかえ	取り替え	6603
とりかえ	取替	7022
とりかえ	取替え	7082
とりかえ	取り換え	7252
とりかえし	取り返し	6753
とりかえす	取り返す	7077
とりかえる	取り替える	7133
とりかかっ	取り掛かっ	7188
とりかかり	取り掛かり	7031
とりかかる	取り掛かる	7098
とりかこま	取り囲ま	7431
とりかこむ	取り囲む	6909
とりかこん	取り囲ん	7289
とりかご	鳥かご	7440
とりかた	とり方	7290
とりが	トリガ	6496
とりがら	鶏ガラ	6549
とりがら	鶏がら	6854
とりがー	トリガー	6035
とりきめ	取り決め	7065
とりくま	取り組ま	6523
とりくみ	取り組み	5204
とりくみ	取組	5756
とりくみ	取組み	6122
とりくみやすい	取り組みやすい	7352
とりくむ	取り組む	5365
とりくむ	取組む	7443
とりくめ	取り組め	6913
とりくめる	取り組める	6488
とりくも	取り組も	7166
とりくもう	取り組もう	7158
とりくん	取り組ん	5101
とりくん	取組ん	7268
とりけさ	取り消さ	6793
とりけし	取り消し	6452
とりけし	取消	6713
とりけし	取消し	6959
とりけす	取り消す	6701
とりけらとぷす	トリケラトプス	7514
とりこ	虜	6371
とりこ	トリコ	7005
とりこ	とりこ	7282
とりこになっ	虜になっ	7155
とりこになり	虜になり	7517
とりこになる	虜になる	7385
とりこぼし	取りこぼし	7163
とりこま	取り込ま	6631
とりこみ	取り込み	6375
とりこむ	取り込む	6327
とりこめる	取り込める	7355
とりこわさ	取り壊さ	7034
とりこわし	取り壊し	7138
とりこん	取り込ん	6299
とりごえ	鳥越	7486
とりさげ	取り下げ	7121
とりさげる	取り下げる	7426
とりざたされ	取り沙汰され	7462
とりしきる	取り仕切る	7552
とりしまり	取締	6701
とりしまり	取り締まり	7035
とりしまり	取締り	7100
とりしまりやく	取締役	5285
とりしまりやくかい	取締役会	6989
とりしまる	取り締まる	7177
とりしらべ	取り調べ	7051
とりしらべ	取調	7394
とりす	トリス	6942
とりせつ	取説	6658
とりそぼろ	鶏そぼろ	7425
とりそろえ	取り揃え	6022
とりそろえ	取りそろえ	7315
とりたち	鳥たち	6951
とりたて	取り立て	7087
とりださ	取り出さ	7223
とりだし	取り出し	5565
とりだし	取りだし	7537
とりだしやすい	取り出しやすい	7191
とりだしやすく	取り出しやすく	7459
とりだす	取り出す	6063
とりだせ	取り出せ	7206
とりだせる	取り出せる	6971
とりちうむ	トリチウム	7428
とりちがえ	取り違え	7554
とりっきー	トリッキー	7016
とりっく	トリック	6157
とりっぷ	トリップ	6828
とりっぷあどばいざー	トリップアドバイザー	7298
とりつ	都立	6303
とりつい	取り付い	7559
とりつか	とりつか	7472
とりつかれ	取り憑かれ	7024
とりつかれ	取りつかれ	7555
とりつぎ	取次	7139
とりつく	取り付く	7538
とりつくろっ	取り繕っ	7427
とりつけ	取り付け	5307
とりつけ	取付	5796
とりつけ	取付け	6455
とりつけ	取りつけ	7338
とりつけかのう	取り付け可能	7404
とりつけこうじ	取付け工事	7541
とりつける	取り付ける	5869
とりつける	取付ける	7276
とりつけれ	取り付けれ	7447
とりづらい	取りづらい	7211
とりで	砦	6374
とりで	取手	7337
とりとめ	とりとめ	7284
とりとめ	取り留め	7418
とりなおし	取り直し	6638
とりにいき	取りに行き	7398
とりにいく	取りに行く	7019
とりにいっ	取りに行っ	7356
とりにく	鶏肉	6039
とりにくい	取りにくい	6985
とりにくく	取りにくく	7553
とりにてぃ	トリニティ	7288
とりにーた	トリニータ	7545
とりの	トリノ	6902
とりのこさ	取り残さ	6454
とりのぞい	取り除い	6204
とりのぞか	取り除か	6922
とりのぞき	取り除き	6137
とりのぞく	取り除く	6039
とりはずさ	取り外さ	7213
とりはずし	取り外し	5734
とりはずし	取外し	7285
とりはずしかのう	取り外し可能	6876
とりはずす	取り外す	6537
とりはずせ	取り外せ	7533
とりはずせる	取り外せる	7306
とりはだ	鳥肌	6732
とりはだがたち	鳥肌が立ち	7510
とりはらっ	取り払っ	7507
とりば	鳥羽	7437
とりひき	取引	4787
とりひき	取り引き	6619
とりひきさき	取引先	5900
とりひきにく	鶏ひき肉	7515
とりひきめっせーじ	取引メッセージ	7255
とりびあ	トリビア	7124
とりぶん	取り分	7391
とりぷとふぁん	トリプトファン	7532
とりぷる	トリプル	6254
とりま	とりま	7125
とりまき	取り巻き	7216
とりまく	取り巻く	6152
とりまく	とりまく	7274
とりまとめ	取りまとめ	6755
とりまとめ	とりまとめ	7147
とりまとめる	取りまとめる	7557
とりまわし	取り回し	6599
とりまー	トリマー	6904
とりみだし	取り乱し	7372
とりみんぐ	トリミング	6114
とりむ	トリム	6824
とりむねにく	鶏むね肉	7040
とりむねにく	鶏胸肉	7385
とりもどさ	取り戻さ	7404
とりもどし	取り戻し	5944
とりもどす	取り戻す	6007
とりもどせ	取り戻せ	7218
とりもどせる	取り戻せる	7094
とりもどそ	取り戻そ	7046
とりもどそう	取り戻そう	7037
とりももにく	鶏もも肉	7002
とりゃ	とりゃ	6907
とりやすい	取りやすい	6360
とりやすい	とりやすい	7085
とりやすく	取りやすく	6848
とりやすく	とりやすく	7528
とりやま	鳥山	6794
とりやめ	取りやめ	7083
とりやめる	取りやめる	7493
とりゅふ	トリュフ	6524
とりょう	塗料	5735
とりよせ	取り寄せ	5896
とりよせ	取寄せ	7286
とりよせる	取り寄せる	7374
とりる	トリル	7042
とりわけ	とりわけ	6140
とりわけ	取り分け	7012
とりー	トリー	6874
とりーとめんと	トリートメント	5791
とる	取る	5053
とる	とる	5254
とる	撮る	5484
とる	摂る	6334
とる	トル	6749
とる	採る	6865
とる	執る	7209
とる	捕る	7364
とるく	トルク	6082
とるくれんち	トルクレンチ	7404
とるこ	トルコ	5871
とるそー	トルソー	7509
とるてぃーや	トルティーヤ	7222
とるねーど	トルネード	7229
とれ	取れ	5275
とれ	とれ	5702
とれ	撮れ	5864
とれ	採れ	6342
とれ	摂れ	7203
とれ	捕れ	7509
とれい	トレイ	6142
とれいる	トレイル	6314
とれいん	トレイン	6377
とれか	トレカ	6635
とれじゃー	トレジャー	7253
とれじゃーふぁくとりー	トレジャーファクトリー	7326
とれす	トレス	7008
とれせん	トレセン	6849
とれそう	取れそう	7145
とれたて	とれたて	7371
とれたり	取れたり	7511
とれっきんぐ	トレッキング	6467
とれっど	トレッド	7290
とれっど	とレッド	7502
とれっどみる	トレッドミル	7538
とれなくなっ	取れなくなっ	7456
とればー	トレバー	7556
とれふぁく	トレファク	7523
とれもろ	トレモロ	7346
とれらん	トレラン	7333
とれる	取れる	5497
とれる	とれる	5936
とれる	撮れる	6222
とれる	採れる	6754
とれれ	取れれ	6999
とれんち	トレンチ	7354
とれんちこーと	トレンチコート	7122
とれんでぃ	トレンディ	7361
とれんど	トレンド	5366
とれんどかん	トレンド感	7161
とれー	トレー	6267
とれーさびりてぃ	トレーサビリティ	7317
とれーさー	トレーサー	7554
とれーしんぐ	トレーシング	7496
とれーす	トレース	6345
とれーだー	トレーダー	6352
とれーでぃんぐ	トレーディング	6612
とれーど	トレード	5839
とれーどおふ	トレードオフ	7080
とれーどまーく	トレードマーク	6733
とれーなー	トレーナー	5631
とれーに	トレーに	7279
とれーにんぐ	トレーニング	5006
とれーにんぐじむ	トレーニングジム	7254
とれーにー	トレーニー	7524
とれーらー	トレーラー	6279
とれーん	トレーン	7130
とろ	トロ	5369
とろ	とろ	6196
とろ	取ろ	6419
とろ	撮ろ	6586
とろ	吐露	6731
とろい	トロイ	7031
とろう	取ろう	6397
とろう	撮ろう	6594
とろけ	とろけ	6888
とろける	とろける	6268
とろこん	トロコン	7486
とろっ	トロッ	7182
とろっこ	トロッコ	6601
とろっと	とろっと	7024
とろっと	トロット	7408
とろとろ	とろとろ	6663
とろとろ	トロトロ	6805
とろぴかる	トロピカル	6666
とろふぃー	トロフィー	6217
とろみ	とろみ	6226
とろみ	トロミ	7536
とろり	とろり	6953
とろり	トロリ	7410
とろろ	とろろ	6570
とろんと	トロント	6741
とろんぼーん	トロンボーン	6945
とろーる	トロール	7042
とわ	問わ	5164
とわ	永遠	6268
とわ	永久	6642
とわ	とわ	6938
とわ	トワ	6977
とわいらいと	トワイライト	7148
とわだ	十和田	7273
とん	飛ん	5359
とん	トン	5885
とん	富ん	6227
とん	とん	6462
とん	跳ん	7013
とん	敦	7104
とん	翔ん	7445
とんい	トンイ	7543
とんかつ	とんかつ	6211
とんかつ	トンカツ	6767
とんかつ	豚カツ	7541
とんが	トンガ	7249
とんがっ	とんがっ	7508
とんがり	とんがり	7173
とんぐ	トング	7082
とんこつ	豚骨	6164
とんこつ	とんこつ	6592
とんこつらーめん	豚骨ラーメン	7551
とんざ	頓挫	7031
とんしゃぶ	豚しゃぶ	7195
とんじる	豚汁	6604
とんそく	豚足	7313
とんだ	とんだ	7159
とんだ	富田	7386
とんだばやし	富田林	7395
とんちんかん	トンチンカン	7542
とんでも	とんでも	5648
とんでもない	とんでもない	5785
とんと	とんと	7228
とんとん	トントン	6800
とんとん	とんとん	7500
とんとんびょうし	トントン拍子	7509
とんどん	豚丼	7159
とんねる	トンネル	5507
とんねる	隧道	7158
とんねるず	とんねるず	7113
とんねるない	トンネル内	7423
とんび	鳶	7313
とんび	トンビ	7483
とんぷそん	トンプソン	7275
とんぼ	トンボ	6320
とんぼ	とんぼ	6817
とんぼ	蜻蛉	7221
とんや	問屋	6721
とー	トー	6084
とーく	トーク	5161
とーくいべんと	トークイベント	7110
とーくしょー	トークショー	6292
とーくせっしょん	トークセッション	7363
とーくん	トークン	6758
とーくんちぇっく	トークンチェック	6689
とーすたー	トースター	6259
とーすと	トースト	5978
とーたる	トータル	5791
とーち	トーチ	7049
とーてむ	トーテム	7214
とーと	トート	6848
とーとばっく	トートバック	7437
とーとばっぐ	トートバッグ	6264
とーとー	TOTO	6919
とーなめんと	トーナメント	5835
とーま	トーマ	7448
とーます	トーマス	6356
とーる	トール	6621
とーん	トーン	5703
ど	度	4204
ど	土	5313
ど	ド	5360
ど	℃	5380
ど	ど	5403
どあ	ドア	5096
どあい	度合い	6138
どあい	度合	7361
どあのぶ	ドアノブ	7114
どあら	ドアラ	7430
どい	土井	6696
どい	どい	6907
どい	土居	7175
どい	土肥	7335
どい	ドイ	7514
どいつ	ドイツ	5068
どいつ	独	6822
どいつぐん	ドイツ軍	7250
どいつご	ドイツ語	6278
どいつじん	ドイツ人	7193
どいつもこいつも	どいつもこいつも	7333
どいる	ドイル	7428
どぅ	ドゥ	7265
どぅかてぃ	ドゥカティ	7257
どぅー	Do	6902
どう	どう	3944
どう	同	4521
どう	道	5213
どう	堂	5586
どう	動	5848
どう	銅	5910
どう	胴	6293
どう	童	7359
どうあげ	胴上げ	7174
どうあん	堂安	7493
どうい	同意	5185
どうい	同位	6997
どういう	どういう	5123
どういけん	同意見	7493
どういしょ	同意書	7331
どういたしまして	どういたしまして	7502
どういった	どういった	5995
どういつ	同一	5785
どういつじんぶつ	同一人物	6855
どういべんと	同イベント	7313
どういん	動員	6219
どういん	同院	7467
どうえき	同駅	7427
どうおん	同音	7404
どうか	どうか	5658
どうか	同化	6697
どうかい	同会	7098
どうかく	同格	7275
どうかつ	恫喝	7161
どうかん	同感	6800
どうかん	同館	6964
どうかん	導管	7309
どうかん	道灌	7400
どうが	動画	4314
どうがあり	動画あり	7437
どうがい	道外	7440
どうがく	同額	6831
どうがくねん	同学年	7542
どうがこうこく	動画広告	7537
どうがさつえい	動画撮影	7118
どうがしちょう	動画視聴	7417
どうがせいさく	動画制作	7325
どうがとうこう	動画投稿	7438
どうがない	動画内	6927
どうがはいしん	動画配信	7161
どうがへんしゅう	動画編集	6849
どうがみ	動画見	7239
どうがん	童顔	7008
どうき	同期	5474
どうき	動機	5708
どうき	動悸	6769
どうき	同機	7472
どうきせい	同期生	7532
どうきづけ	動機づけ	7249
どうきゅう	同級	7176
どうきゅうせい	同級生	5733
どうきょ	同居	5790
どうきょう	同郷	7039
どうきょう	道教	7243
どうきょく	同局	6893
どうきょく	同曲	7139
どうきょにん	同居人	7536
どうぎ	同義	7149
どうぎ	道着	7344
どうぎ	道義	7407
どうぎご	同義語	6749
どうぎょう	同業	6445
どうぎょうしゃ	同業者	7137
どうぎょうたしゃ	同業他社	7106
どうく	同区	7452
どうくつ	洞窟	5804
どうぐ	道具	5258
どうけ	道化	7264
どうけい	同型	6828
どうけい	同系	6891
どうけいしょく	同系色	7426
どうけし	道化師	7258
どうけん	同県	6823
どうげつ	同月	6477
どうげんざか	道玄坂	7448
どうこう	動向	5631
どうこう	同行	5860
どうこう	同校	6492
どうこう	同好	6535
どうこう	どうこう	6829
どうこう	瞳孔	6995
どうこう	同項	7086
どうこう	道交	7563
どうこうしゃ	同行者	7107
どうこく	同国	6499
どうこく	慟哭	7442
どうこん	同梱	5930
どうこんかのう	同梱可能	7550
どうご	道後	7147
どうさ	動作	4945
どうさ	どうさ	6861
どうさかくにん	動作確認	6816
どうさかくにんずみ	動作確認済み	7305
どうさく	同作	6711
どうさつ	洞察	6203
どうさつりょく	洞察力	7117
どうさん	動産	7233
どうさん	道産	7319
どうさーびす	同サービス	7550
どうざい	同罪	7545
どうざん	銅山	7375
どうし	同士	5008
どうし	どうし	5173
どうし	動詞	6033
どうし	同市	6262
どうし	同志	6433
どうし	同氏	6441
どうし	同誌	7069
どうし	導師	7222
どうししゃ	同志社	6870
どうししゃだいがく	同志社大学	6926
どうしせつ	同施設	7473
どうしつ	同室	6957
どうしつ	同質	7328
どうして	どうして	5253
どうしても	どうしても	5049
どうしゃ	同社	5317
どうしゃ	同車	7525
どうしゅ	同種	6626
どうしゅつ	導出	6953
どうしょ	同書	6983
どうしょ	同署	7029
どうしょ	同所	7240
どうしょう	同省	7160
どうしょう	銅賞	7379
どうしょうひん	同商品	7369
どうしょく	同色	6643
どうしょくぶつ	動植物	6501
どうしよ	どうしよ	5765
どうしりーず	同シリーズ	7453
どうしん	同心	6470
どうしん	童心	7104
どうしんえん	同心円	7468
どうじ	同時	5394
どうじ	童子	6847
どうじ	動じ	6966
どうじかいさい	同時開催	7156
どうじき	同時期	6471
どうじく	同軸	7014
どうじこうにゅう	同時購入	7407
どうじしんこう	同時進行	7010
どうじだい	同時代	7457
どうじだいてき	同時代的	7505
どうじつ	同日	5856
どうじに	同時に	4804
どうじへいこう	同時並行	7469
どうじま	堂島	7238
どうじょう	道場	5891
どうじょう	同情	6264
どうじょう	同乗	6579
どうじょう	同上	7230
どうじょう	堂上	7332
どうじょうしゃ	同乗者	7418
どうじん	同人	6439
どうじんし	同人誌	6469
どうす	どうす	7090
どうすい	導水	7487
どうすう	同数	7001
どうすりゃ	どうすりゃ	7546
どうする	どうする	5478
どうすれ	どうすれ	5484
どうすん	どうすん	6951
どうせ	どうせ	5605
どうせい	同棲	6143
どうせい	同性	6289
どうせい	同姓	6962
どうせい	銅製	7419
どうせい	動静	7420
どうせいあい	同性愛	6594
どうせいこん	同性婚	7425
どうせき	同席	6530
どうせだい	同世代	6835
どうせん	導線	6704
どうせん	動線	7101
どうせん	銅線	7154
どうせん	同船	7535
どうせんしゅ	同選手	7517
どうせんたー	同センター	7371
どうぜん	同然	6787
どうそう	同窓	7097
どうそうかい	同窓会	6087
どうそうせい	同窓生	7045
どうぞ	どうぞ	4818
どうぞう	銅像	6562
どうぞく	同族	6837
どうたい	胴体	6263
どうたい	動態	6508
どうたい	導体	6962
どうたい	動体	7036
どうたいかい	同大会	7429
どうたく	銅鐸	7539
どうだい	同大	7033
どうち	同地	7177
どうち	同値	7229
どうちゅう	道中	5972
どうちょう	同調	6393
どうちょう	同町	7020
どうちょうあつりょく	同調圧力	7508
どうつう	導通	7290
どうてい	同定	6498
どうてい	童貞	6622
どうてい	道程	7292
どうていど	同程度	7020
どうてき	動的	6183
どうてん	同点	6198
どうてん	同店	6507
どうてん	同展	7405
どうてん	動転	7561
どうでん	導電	6782
どうとう	同等	5960
どうとう	道東	7405
どうとう	同党	7528
どうとく	道徳	6125
どうとくてき	道徳的	6913
どうとんぼり	道頓堀	6870
どうどう	堂々	5769
どうどう	道道	7389
どうどうたる	堂々たる	7083
どうない	道内	6623
どうなん	道南	7053
どうにか	どうにか	5726
どうにも	どうにも	6179
どうにゅう	導入	4694
どうにゅうじれい	導入事例	7535
どうねん	同年	5842
どうねんだい	同年代	6424
どうのこうの	どうのこうの	7052
どうはん	同伴	6111
どうばん	銅板	7166
どうばんが	銅版画	7477
どうばんぐみ	同番組	7137
どうひょう	道標	6786
どうふ	豆腐	5862
どうふう	同封	6385
どうふけん	道府県	7376
どうぶつ	動物	4758
どうぶつえん	動物園	6047
どうぶつじっけん	動物実験	7310
どうぶつたち	動物たち	6673
どうぶつたち	動物達	7560
どうぶつのもり	どうぶつの森	6709
どうぶつびょういん	動物病院	6691
どうぶらんど	同ブランド	7556
どうほう	同胞	6784
どうほう	同法	7335
どうみゃく	動脈	6306
どうみゃくこうか	動脈硬化	6555
どうみょうじ	道明寺	7203
どうみん	道民	7078
どうめい	同盟	5900
どうめい	同名	6155
どうめいこく	同盟国	7422
どうめだる	銅メダル	6689
どうも	どうも	5380
どうもう	獰猛	7185
どうもと	堂本	6909
どうもん	同門	7393
どうやって	どうやって	5382
どうやら	どうやら	5452
どうゆうかい	同友会	7441
どうよう	同様	4739
どうよう	動揺	6171
どうよう	童謡	6681
どうらく	道楽	7064
どうらん	動乱	7169
どうり	道理	6705
どうりつ	同率	7223
どうりつ	道立	7438
どうりょう	同僚	5559
どうりょう	同量	7039
どうりょく	動力	6135
どうるい	同類	6933
どうれつ	同列	7082
どうれべる	同レベル	7224
どうろ	道路	4901
どうろこうつうほう	道路交通法	7559
どうろじょう	道路上	7497
どうろじょうきょう	道路状況	7531
どうろぞい	道路沿い	7357
どうろわき	道路脇	7544
どうわ	童話	6406
どうわ	同和	6921
どええ	遠え	6919
どぉ	どぉ	6907
どお	遠	6919
どおい	遠い	6932
どおう	遠う	6977
どおかっ	遠かっ	6907
どおから	遠から	6931
どおかれ	遠かれ	6919
どおかろ	遠かろ	6919
どおき	遠き	6932
どおきゃ	遠きゃ	6919
どおく	遠く	6932
どおけりゃ	遠けりゃ	6919
どおけれ	遠けれ	6919
どおし	通し	5440
どおす	通す	7515
どおり	通り	4852
どおり	どおり	5902
どおり	通	6046
どか	どか	6907
どか	ドカ	7220
どかし	どかし	7531
どかた	土方	6710
どかん	土管	7224
どかん	ドカン	7272
どがいし	度外視	7093
どき	時	4744
どき	土器	6662
どき	どき	6907
どき	ドキ	7065
どきっと	ドキッと	6834
どきどき	ドキドキ	5617
どきどき	どきどき	7074
どきゃ	どきゃ	6907
どきゅめんたりー	ドキュメンタリー	6050
どきゅめんたりーえいが	ドキュメンタリー映画	7263
どきゅめんと	ドキュメント	5778
どきょう	度胸	6721
どきょう	読経	7184
どきんちゃん	ドキンちゃん	7317
どぎも	度肝	7345
どぎもをぬかれ	度肝を抜かれ	7367
どく	毒	5557
どく	独	6581
どく	どく	6721
どく	読	6727
どく	ドク	6988
どくえい	読影	7468
どくえん	独演	7453
どくおや	毒親	6691
どくかいりょく	読解力	7234
どくがく	独学	6128
どくがす	毒ガス	7229
どくご	読後	7403
どくごかん	読後感	7290
どくさい	独裁	6466
どくさいしゃ	独裁者	7431
どくさつ	毒殺	7181
どくしゃ	読者	5360
どくしゃとうろく	読者登録	7557
どくしょ	読書	5536
どくしょう	独唱	7372
どくしょかい	読書会	7498
どくしょかんそうぶん	読書感想文	7014
どくしょのあき	読書の秋	7547
どくしん	独身	5794
どくしんじだい	独身時代	7418
どくじ	独自	4993
どくじせい	独自性	6891
どくじどめいん	独自ドメイン	7431
どくせい	毒性	6354
どくせん	独占	5847
どくせんてき	独占的	7488
どくせんよく	独占欲	7405
どくぜつ	毒舌	7002
どくぜん	独善	7408
どくそ	毒素	6713
どくそう	独創	6308
どくそう	独走	6969
どくそう	独奏	7157
どくそうせい	独創性	7237
どくそうてき	独創的	6663
どくたー	ドクター	5891
どくたー	Dr.	6745
どくだみ	ドクダミ	7272
どくだん	独断	6559
どくだんじょう	独壇場	7474
どくとく	独特	5278
どくどく	どくどく	7361
どくは	読破	7216
どくはく	独白	7175
どくばり	毒針	7510
どくぶつ	毒物	7053
どくぼう	独房	7425
どくやく	毒薬	7456
どくりつ	独立	5199
どくりつぎょうせいほうじん	独立行政法人	7464
どくりつご	独立後	7561
どくりょう	読了	6672
どくりょく	独力	7546
どくろ	ドクロ	7091
どくろ	髑髏	7216
どぐう	土偶	7015
どぐま	ドグマ	7480
どけ	どけ	6850
どけ	退け	7475
どけい	時計	5572
どけん	土建	7431
どげざ	土下座	6611
どこ	どこ	4294
どこ	何処	5851
どこ	ドコ	7500
どこう	土工	6759
どこかしら	どこかしら	7441
どこぞ	どこぞ	7065
どこでも	どこでも	5827
どことなく	どことなく	6595
どこどこ	どこどこ	7490
どこも	ドコモ	6175
どころ	どころ	5790
どころ	ドコロ	6907
どころか	どころか	5716
どごう	怒号	7339
どさくさ	どさくさ	7484
どさんこ	道産子	7452
どし	どし	6907
どしつ	土質	7346
どしどし	どしどし	6932
どしゃ	土砂	6111
どしゃくずれ	土砂崩れ	6834
どしゃさいがい	土砂災害	6965
どしゃぶり	土砂降り	6857
どしょ	どしょ	6907
どじ	ドジ	7412
どじゃーす	ドジャース	6335
どじょう	土壌	5786
どじょう	ドジョウ	7140
どじょう	どじょう	7372
どじん	土人	7314
どす	ドス	6852
どす	どす	6907
どすう	度数	6333
どすこい	どすこい	7560
どすとえふすきー	ドストエフスキー	7343
どすぱら	ドスパラ	7501
どずる	ドズル	7332
どせい	土星	6503
どせきりゅう	土石流	7138
どそう	土葬	7533
どそく	土足	7136
どぞう	土蔵	7132
どたきゃん	ドタキャン	6844
どたばた	ドタバタ	6616
どたんば	土壇場	7185
どだい	土台	5848
どちゃく	土着	7046
どちゅう	土中	7190
どちら	どちら	4623
どっ	どっ	6907
どっ	取っ	6926
どっ	ドッ	7557
どっか	どっか	6080
どっかい	読解	6332
どっから	どっから	7201
どっかん	ドッカン	7369
どっかんばとる	ドッカンバトル	7551
どっきょ	独居	7328
どっきり	ドッキリ	6724
どっきんぐ	ドッキング	6924
どっく	ドック	6334
どっぐ	ドッグ	6949
どっぐふーど	ドッグフード	6807
どっぐらん	ドッグラン	6538
どっこい	どっこい	7226
どっさり	どっさり	7097
どっしり	どっしり	6683
どっじぼーる	ドッジボール	6927
どっち	どっち	5205
どっと	ドット	5790
どっと	どっと	6922
どっとえ	ドット絵	7295
どっぷり	どっぷり	6598
どっぽ	独歩	7185
どつき	度付き	7368
どて	土手	6506
どてら	ドテラ	7515
どとう	怒涛	6454
どとう	怒濤	7391
どとーる	ドトール	7134
どど	どど	6896
どどめ	土留	7341
どな	ドナ	7382
どない	どない	7047
どなう	ドナウ	7381
どなた	どなた	5591
どなっ	怒鳴っ	6890
どなべ	土鍋	6604
どなら	怒鳴ら	6872
どなり	怒鳴り	6990
どなる	怒鳴る	7070
どなるど	ドナルド	6563
どなるどとらんぷ	ドナルド・トランプ	7213
どなー	ドナー	6713
どにち	土日	5334
どにちしゅく	土日祝	6340
どにちしゅくじつ	土日祝日	6606
どにちやすみ	土日休み	7501
どの	どの	4250
どの	殿	5873
どのう	土のう	7545
どのう	土嚢	7553
どのとき	どの時	6884
どのみち	どのみち	7166
どばい	ドバイ	6392
どばどば	ドバドバ	7492
どひょう	土俵	6525
どびゅっしー	ドビュッシー	7126
どびん	土瓶	7555
どぶ	溝	6392
どぶ	ドブ	7090
どぶ	どぶ	7442
どぶろく	どぶろく	7419
どへき	土壁	7193
どぼく	土木	5866
どぼくこうじ	土木工事	7247
どぼん	ドボン	7377
どま	土間	6507
どまり	止まり	6984
どまり	どまり	7328
どみとりー	ドミトリー	7526
どみなんと	ドミナント	7509
どみにか	ドミニカ	7553
どみにかきょうわこく	ドミニカ共和国	7421
どみにく	ドミニク	7197
どみの	ドミノ	6879
どむ	ドム	7250
どめ	度目	5494
どめいん	ドメイン	5623
どめいんめい	ドメイン名	7192
どめき	轟	7396
どめーぬ	ドメーヌ	7559
ども	ども	6101
ども	共	6174
どやがお	ドヤ顔	6722
どよう	土曜	5830
どよう	土用	6806
どようび	土曜日	5408
どよん	ドヨン	7561
どら	ドラ	5940
どら	どら	6325
どら	取ら	6931
どらい	ドライ	5611
どらいあい	ドライアイ	7117
どらいあいす	ドライアイス	7252
どらいくりーにんぐ	ドライクリーニング	7170
どらいば	ドライバ	6313
どらいばー	ドライバー	5271
どらいびんぐ	ドライビング	7268
どらいふらわー	ドライフラワー	6859
どらいふるーつ	ドライフルーツ	6911
どらいぶ	ドライブ	5258
どらいぶいん	ドライブイン	7098
どらいぶれこーだー	ドライブレコーダー	7156
どらいへっどすぱ	ドライヘッドスパ	7403
どらいやー	ドライヤー	6073
どらえもん	ドラえもん	5882
どらきゅら	ドラキュラ	6974
どらくえ	ドラクエ	6264
どらくえうぉーく	ドラクエウォーク	7448
どらぐ	ドラグ	6937
どらけん	ドラケン	7346
どらこ	ドラコ	7382
どらごん	ドラゴン	5410
どらごんくえすと	ドラゴンクエスト	7208
どらごんず	ドラゴンズ	6607
どらごんぼーる	ドラゴンボール	6696
どらごんぼーるぜっと	ドラゴンボールZ	7365
どらっかー	ドラッカー	7365
どらっぐ	ドラッグ	5909
どらっぐすとあ	ドラッグストア	6172
どらふと	ドラフト	6006
どらま	ドラマ	4693
どらまか	ドラマ化	7367
どらまだ	ドラマだ	7161
どらまちっく	ドラマチック	6663
どらまてぃっく	ドラマティック	6953
どらまに	ドラマに	6329
どらまばん	ドラマ版	7476
どらまー	ドラマー	6683
どらみ	ドラミ	7542
どらみんぐ	ドラミング	7510
どらむ	ドラム	5721
どらむかん	ドラム缶	7024
どらむす	ドラムス	7377
どらやき	どら焼き	7328
どらやき	どらやき	7425
どられこ	ドラレコ	6822
どり	取り	6189
どり	どり	6292
どり	撮り	6513
どり	ドリ	6907
どりあ	ドリア	6897
どりあん	ドリアン	6962
どりっぱー	ドリッパー	7377
どりっぷ	ドリップ	6433
どりふ	ドリフ	7296
どりふと	ドリフト	6520
どりぶる	ドリブル	6286
どりゃ	どりゃ	6907
どりゃ	ドリャ	6907
どりゃ	取りゃ	6919
どりょう	度量	7350
どりょく	努力	4914
どりょくか	努力家	7043
どりょくち	努力値	7526
どりる	ドリル	5979
どりんく	ドリンク	5294
どりんくばー	ドリンクバー	7181
どりんくほるだー	ドリンクホルダー	7558
どりんくめにゅー	ドリンクメニュー	7400
どりー	ドリー	7473
どりーむ	ドリーム	6138
どる	ドル	5464
どる	どる	6883
どる	取る	6924
どるい	土塁	6763
どるいど	ドルイド	7522
どるえん	ドル円	7443
どるちぇ	ドルチェ	7207
どるとむんと	ドルトムント	7158
どるふぃん	ドルフィン	6987
どれ	どれ	4656
どれ	取れ	6931
どれい	奴隷	5999
どれいく	ドレイク	7310
どれいん	ドレイン	7356
どれす	ドレス	5377
どれすあっぷ	ドレスアップ	6620
どれすこーど	ドレスコード	7301
どれすでん	ドレスデン	7428
どれっさー	ドレッサー	7157
どれっしんぐ	ドレッシング	6000
どれっしー	ドレッシー	7458
どれほど	どれほど	6427
どれみ	ドレミ	7233
どれーぷ	ドレープ	7046
どろ	ドロ	5859
どろ	泥	5917
どろ	どろ	6676
どろ	取ろ	6919
どろくさい	泥臭い	7285
どろくさく	泥臭く	7374
どろしー	ドロシー	7146
どろっぷ	ドロップ	5498
どろっぷだうん	ドロップダウン	7423
どろっぷだうんめにゅー	ドロップダウンメニュー	7488
どろっぷだうんりすと	ドロップダウンリスト	7421
どろどろ	ドロドロ	6784
どろどろ	どろどろ	7424
どろぬま	泥沼	6928
どろぼう	泥棒	6239
どろぼう	どろぼう	7175
どろん	ドロン	7376
どろんこ	どろんこ	7402
どろんこ	泥んこ	7459
どろー	ドロー	7437
どろーいんぐ	ドローイング	6928
どろーる	ドロール	7507
どろーん	ドローン	6278
どわんご	ドワンゴ	7436
どわーふ	ドワーフ	6956
どん	丼	5717
どん	どん	6240
どん	ドン	6284
どん	取ん	6918
どん	鈍	7330
どんか	鈍化	6900
どんかん	鈍感	6709
どんき	ドンキ	6616
どんき	鈍器	7379
どんきほーて	ドン・キホーテ	6745
どんきほーて	ドンキホーテ	7038
どんきー	ドンキー	7496
どんきーこんぐ	ドンキーコング	7547
どんぐり	どんぐり	6326
どんぐり	ドングリ	6975
どんそく	鈍足	7323
どんぞこ	どん底	6686
どんだけ	どんだけ	6188
どんてん	曇天	6984
どんでんがえし	どんでん返し	7077
どんと	どんと	7341
どんど	どんど	7396
どんどん	どんどん	4960
どんどん	ドンドン	6536
どんどんあたらしい	どんどん新しい	7477
どんどんおおきく	どんどん大きく	7136
どんな	どんな	4397
どんなに	どんなに	5606
どんぴしゃ	ドンピシャ	6857
どんぶり	丼	5929
どんぶり	どんぶり	6597
どんぶり	丼ぶり	7407
どんべえ	どん兵衛	7216
どんもの	丼物	7411
どんよく	貪欲	6742
どんより	どんより	6892
どー	どー	5939
どーせ	どーせ	7363
どーぞ	どーぞ	7107
どーなっつ	ドーナッツ	7273
どーなつ	ドーナツ	5900
どーは	ドーハ	7212
どーぱみん	ドーパミン	6947
どーぴんぐ	ドーピング	6736
どーみーいん	ドーミーイン	7418
どーむ	ドーム	5889
どーむつあー	ドームツアー	7443
どーも	どーも	6878
どーる	ドール	6221
どーん	ドーン	6663
どーんと	どーんと	7224
な	な	2518
な	名	5358
な	菜	6154
な	無	6306
な	那	6506
な	奈	6613
な	亡	7004
なぁ	なぁ	4473
なぁい	なぁい	6907
なぁー	なぁー	7039
なあ	なあ	4893
ない	ない	2745
ない	内	4189
ない	無い	4407
ない	泣い	5373
ない	ナイ	6397
ない	鳴い	6525
ないあいて	ない相手	7371
ないあがら	ナイアガラ	6397
ないあしんあみど	ナイアシンアミド	7472
ないあつ	内圧	7183
ないいんしょう	ない印象	7565
ないうえ	ない上	7358
ないえん	内縁	7224
ないおとこ	ない男	7187
ないか	内科	5837
ないかい	内科医	7031
ないかいしゃ	ない会社	7355
ないかく	内閣	5767
ないかく	内角	7107
ないかくそうりだいじん	内閣総理大臣	7214
ないかくふ	内閣府	6981
ないかた	ない方	7202
ないかたち	ない形	7522
ないかのうせい	ない可能性	7002
ないかん	内観	6902
ないかんきょう	ない環境	7345
ないかんじ	ない感じ	7107
ないがい	内外	6129
ないがしろ	ないがしろ	7085
ないがしろ	蔑ろ	7307
ないき	ナイキ	6574
ないきぎょう	ない企業	7532
ないきん	内勤	7203
ないくう	内宮	7179
ないくうかん	ない空間	7562
ないくに	ない国	7412
ないけい	内径	6835
ないけん	内見	6930
ないけーす	ないケース	7542
ないこ	ない子	7180
ないこう	内向	6774
ないこうてき	内向的	7135
ないこく	内国	7286
ないことば	ない言葉	7215
ないこども	ない子供	7562
ないさくひん	ない作品	7397
ないざい	内在	7001
ないし	ないし	5850
ないし	乃至	7363
ないしきょう	内視鏡	6138
ないしごと	ない仕事	7304
ないしは	ないしは	7073
ないしゃかい	ない社会	7456
ないしょ	内緒	6290
ないしょ	ナイショ	7400
ないしょうひん	ない商品	6935
ないしょく	内職	6953
ないしん	内申	6276
ないしん	内心	6574
ないしん	内診	7311
ないしんてん	内申点	7075
ないしんぷる	ないシンプル	7501
ないじ	内耳	7178
ないじぇりあ	ナイジェリア	6926
ないじかん	ない時間	7083
ないじき	ない時期	7398
ないじじつ	ない事実	7309
ないじだい	ない時代	6974
ないじつ	内実	7544
ないじぶん	ない自分	6992
ないじゅ	内需	7299
ないじょう	内情	7129
ないじょうきょう	ない状況	6849
ないじょうたい	ない状態	6334
ないじょうたい	無い状態	7052
ないじょうほう	ない情報	7436
ないじょせい	ない女性	7253
ないじん	内陣	7512
ないじんせい	ない人生	7219
ないす	ナイス	6124
ないせい	内省	6883
ないせい	内製	6887
ないせい	内政	6928
ないせいかつ	ない生活	7222
ないせかい	ない世界	6806
ないせん	内戦	6664
ないせん	内線	7129
ないそう	内装	5528
ないそう	ないそう	6864
ないそうこうじ	内装工事	7260
ないそく	内側	5696
ないそんざい	ない存在	7187
ないぞう	内蔵	5799
ないぞう	内臓	5985
ないぞうしぼう	内臓脂肪	7344
ないたいぷ	ないタイプ	7151
ないたー	ナイター	6803
ないだんせい	ない男性	7396
ないち	内地	7099
ないちいき	ない地域	7406
ないちんげーる	ナイチンゲール	7222
ないつ	ナイツ	7296
ないつう	内通	7313
ないてい	内定	5675
ないていしゃ	内定者	7436
ないていど	ない程度	7296
ないてき	内的	7216
ないてんきん	内転筋	7371
ないてんぽ	ない店舗	7352
ないでざいん	ないデザイン	7236
ないと	ナイト	5678
ないとう	内藤	6383
ないとお	内藤	7535
ないとくらぶ	ナイトクラブ	7219
ないとしか	ないとしか	7450
ないとは	ないとは	5830
ないとめあ	ナイトメア	7102
ないとも	ないとも	6350
ないない	ないない	6450
ないないてい	内々定	7507
ないないよう	ない内容	7440
ないには	ないには	7542
ないにんげん	ない人間	6959
ないねん	内燃	7044
ないはつ	内発	7470
ないはなし	ない話	6847
ないはんい	ない範囲	6873
ないばあい	ない場合	5548
ないばあい	無い場合	6392
ないばしょ	ない場所	6695
ないひ	内皮	7211
ないひと	ない人	5786
ないひと	無い人	6789
ないひとたち	ない人たち	7474
ないひび	ない日々	7553
ないふ	ナイフ	5826
ないふく	内服	6631
ないふくやく	内服薬	7039
ないふつう	ない普通	7416
ないふん	内紛	7456
ないふん	ない分	7472
ないぶ	内部	5049
ないぶこうぞう	内部構造	7499
ないぶてき	内部的	7200
ないぶぶん	ない部分	7054
ないぶんぴつ	内分泌	6952
ないへき	内壁	7123
ないへや	ない部屋	7510
ないほう	内包	6622
ないみりょく	ない魅力	7341
ないむ	内務	7476
ないむしょう	内務省	7300
ないめん	内面	5984
ないめんてき	内面的	7316
ないや	内野	6147
ないやしゅ	内野手	7413
ないよう	内容	4084
ないよう	ないよう	4325
ないようす	ない様子	7307
ないようてき	内容的	6917
ないようのもの	内容のもの	7473
ないようぶつ	内容物	7199
ないようりょう	内容量	6815
ないらん	内覧	6509
ないらん	内乱	7231
ないらんかい	内覧会	7327
ないりく	内陸	6502
ないりくぶ	内陸部	7518
ないりゆう	ない理由	7216
ないる	ナイル	6955
ないれ	名入れ	6654
ないれべる	ないレベル	7304
ないろ	ないろ	7230
ないろび	ナイロビ	7565
ないろん	ナイロン	6073
ないん	ナイン	6554
ないんてぃないん	ナインティナイン	7485
ないーぶ	ナイーブ	7316
なう	なう	6520
なう	ナウ	6625
なう	NOW	7445
なうしか	ナウシカ	7489
なえ	苗	5678
なえ	萎え	6801
なえぎ	苗木	6630
なえば	苗場	7532
なえる	萎える	7070
なえる	なえる	7425
なお	なお	4666
なお	尚	5686
なお	巨	6575
なお	奈緒	6794
なお	直	6969
なお	奈央	7042
なお	猶	7282
なお	ナオ	7313
なおえ	直江	7315
なおえつ	直江津	7474
なおかつ	なおかつ	6305
なおき	直樹	6388
なおき	なおき	7350
なおき	ナオキ	7520
なおきしょう	直木賞	7028
なおこ	直子	6662
なおこ	なおこ	7517
なおさ	なおさ	6907
なおさ	直さ	6907
なおさ	治さ	7507
なおさら	なおさら	6314
なおさら	尚更	6494
なおし	直し	5684
なおし	なおし	6221
なおし	治し	6245
なおしま	直島	7551
なおしゃ	なおしゃ	6907
なおしゃ	直しゃ	6907
なおす	直す	6147
なおす	治す	6249
なおす	なおす	6593
なおすけ	直弼	7497
なおせ	なおせ	6907
なおせ	直せ	6907
なおせ	治せ	7497
なおせる	直せる	6987
なおせる	治せる	7201
なおそ	なおそ	6907
なおそ	直そ	6907
なおそ	治そ	7434
なおそう	直そう	7292
なおそう	治そう	7431
なおっ	治っ	6220
なおっ	直っ	6756
なおと	直人	6706
なおと	直登	7543
なおのこと	なおのこと	7428
なおひと	直人	7217
なおまさ	直政	7423
なおみ	直美	6694
なおみ	なおみ	6880
なおみ	ナオミ	7091
なおも	なおも	7066
なおや	尚弥	6940
なおや	直哉	6941
なおや	直也	7068
なおゆき	直之	7418
なおら	治ら	6284
なおら	直ら	6910
なおり	治り	6288
なおり	直り	6877
なおる	治る	6152
なおる	直る	6842
なか	中	4104
なか	なか	4942
なか	仲	5414
なか	泣か	6499
なか	ナカ	6904
なか	鳴か	7156
なか	那珂	7487
なかい	中居	6471
なかい	中井	6505
なかえ	中江	7514
なかお	中尾	6668
なかおか	中岡	7248
なかおろし	仲卸	7422
なかかわ	中川	6798
なかが	中川	7308
なかがわ	中川	6056
なかがわ	那珂川	7416
なかきょう	中京	7323
なかぎょう	中京	7182
なかく	中区	6466
なかごろ	中頃	6794
なかさ	泣かさ	7067
なかさと	仲里	7506
なかさわ	中澤	7376
なかざと	中里	7343
なかざわ	中澤	7214
なかざわ	中沢	7398
なかし	修	6899
なかしべつ	中標津	7429
なかしま	中島	6578
なかしま	中嶋	7379
なかじき	中敷き	7259
なかじま	中島	5969
なかじま	中嶋	6902
なかじょう	中条	7183
なかす	中洲	7129
なかす	中州	7493
なかせ	泣かせ	6772
なかせる	泣かせる	7367
なかせんどう	中山道	6971
なかそね	中曽根	7299
なかた	中田	6510
なかた	な方	7514
なかたがい	仲違い	7554
なかたに	中谷	6935
なかだ	中田	6799
なかだい	中太	7519
なかだか	中高	6798
なかだし	中出し	7549
なかだち	媒	7522
なかだに	中谷	7381
なかっ	なかっ	3893
なかっ	無かっ	5391
なかつ	中津	6713
なかつ	なかつ	6977
なかつがわ	中津川	7318
なかつぎ	中継ぎ	6828
なかづ	中津	7291
なかでも	中でも	5784
なかでも	なかでも	6273
なかなおり	仲直り	6623
なかなか	なかなか	4555
なかなか	中々	5672
なかなかいい	なかなかいい	6760
なかなかうまく	なかなかうまく	6941
なかなかうまく	なかなか上手く	7220
なかなかおいしい	なかなか美味しい	7523
なかなかおもしろい	なかなか面白い	6930
なかなかきびしい	なかなか厳しい	7306
なかなかたのしい	なかなか楽しい	7440
なかなかない	なかなかない	6544
なかなかない	なかなか無い	7110
なかなかむずかしい	なかなか難しい	6482
なかなかよい	なかなか良い	6840
なかなかよかっ	なかなか良かっ	7450
なかにし	中西	6483
なかには	中には	5649
なかには	なかには	6760
なかにも	中にも	7413
なかにわ	中庭	6228
なかぬり	中塗り	7376
なかね	中根	7369
なかの	中野	5924
なかの	仲の	6450
なかの	仲野	7200
なかのさんぷらざ	中野サンプラザ	7528
なかのしま	中之島	7111
なかのひと	中の人	6739
なかはら	中原	6671
なかば	半ば	5735
なかばきょうせいてき	半ば強制的	7470
なかばら	中原	7330
なかばる	中原	7310
なかほど	中程	7511
なかま	仲間	4737
なかま	中間	6000
なかまいしき	仲間意識	7430
なかまいり	仲間入り	6306
なかまうち	仲間内	7335
なかまたち	仲間たち	6305
なかまたち	仲間達	6950
なかまち	中町	7365
なかまどうし	仲間同士	7562
なかまはずれ	仲間外れ	7332
なかまはずれ	仲間はずれ	7459
なかまる	中丸	7007
なかみ	中身	5192
なかみ	中味	7333
なかみせ	仲見世	7393
なかむつまじい	仲睦まじい	7288
なかむら	中村	5400
なかむら	仲村	7046
なかむら	ナカムラ	7530
なかむら	なかむら	7542
なかむらや	中村屋	7442
なかめぐろ	中目黒	6788
なかもと	中本	7068
なかもと	仲本	7531
なかもり	中森	6953
なかや	中谷	7342
なかやすみ	中休み	7254
なかやま	中山	6226
なかゆび	中指	6586
なかゆま	中山	7517
なかよ	仲良	7392
なかよい	仲良い	6814
なかよかっ	仲良かっ	7345
なかよく	仲良く	5402
なかよく	仲よく	7320
なかよく	なかよく	7368
なかよし	仲良し	5860
なかよし	なかよし	6571
なから	なから	6907
なから	無から	6907
なかれ	なかれ	6828
なかれ	無かれ	6907
なかろ	なかろ	6319
なかろ	無かろ	6907
なかわた	中綿	6952
なが	長	6292
なが	永	6823
なが	なが	7307
ながあめ	長雨	7224
ながい	長い	4718
ながい	永井	6404
ながい	長居	6805
ながい	長井	7032
ながい	ながい	7127
ながい	永い	7311
ながいあいだ	長い間	6519
ながいかみ	長い髪	7310
ながいがみ	長い髪	7057
ながいき	長生き	6271
ながいきかん	長い期間	6706
ながいきょり	長い距離	7082
ながいじかん	長い時間	6186
ながいす	長椅子	7534
ながいたび	長い旅	7526
ながいつきあい	長い付き合い	7450
ながいとしつき	長い年月	7270
ながいねんげつ	長い年月	6924
ながいばあい	長い場合	7354
ながいひと	長い人	7290
ながいぶんしょう	長い文章	7330
ながいま	長い間	6675
ながいみちのり	長い道のり	7244
ながいめでみ	長い目で見	7244
ながいも	長芋	6749
ながいれきし	長い歴史	6515
ながいれつ	長い列	7464
ながうた	長唄	7524
ながお	長尾	6824
ながおか	長岡	6425
ながおかきょう	長岡京	7379
ながおし	長押し	6234
ながかっ	長かっ	6210
ながき	長き	6529
ながく	長く	4827
ながく	永く	6771
ながく	ながく	7472
ながくて	長久手	7036
ながぐつ	長靴	6806
ながさ	長さ	5107
ながさ	流さ	5862
ながさ	ながさ	7500
ながさか	長坂	7383
ながさき	長崎	5526
ながさきけん	長崎県	6195
ながさきし	長崎市	7237
ながさきだいがく	長崎大学	7353
ながさわ	長澤	6580
ながさわ	長沢	7430
ながざいふ	長財布	6770
ながし	流し	5347
ながし	ながし	7364
ながしいれ	流し入れ	6936
ながしいれる	流し入れる	7503
ながしこみ	流し込み	6907
ながしこむ	流し込む	6974
ながしこん	流し込ん	6963
ながしそう	流しそう	7132
ながしだい	流し台	7406
ながしま	長嶋	6835
ながしま	長島	7077
ながしま	中島	7336
ながしま	永島	7442
ながじゅばん	長襦袢	7470
ながす	流す	5844
ながすぎ	長すぎ	6722
ながせ	永瀬	6616
ながせ	長瀬	6854
ながせ	流せ	7511
ながせる	流せる	7090
ながそで	長袖	6208
ながた	永田	6726
ながた	長田	7368
ながたちょう	永田町	7177
ながたに	長谷	7565
ながたにえん	永谷園	7551
ながたび	長旅	7264
ながちょうば	長丁場	7073
ながつき	長月	7510
ながつづき	長続き	6539
ながて	長手	7493
ながと	長門	6918
ながとも	長友	7155
ながとろ	長瀞	7335
ながなが	長々	6399
ながぬま	長沼	7279
ながねぎ	長ネギ	6648
ながねぎ	長ねぎ	6993
ながねん	長年	5359
ながねん	永年	7172
ながねんのゆめ	長年の夢	7542
ながの	長野	5816
ながの	永野	6742
ながの	ながの	7305
ながのけん	長野県	5743
ながのし	長野市	7225
ながはま	長浜	6766
ながはま	長濱	7065
ながびい	長引い	6981
ながびか	長引か	7410
ながびき	長引き	7372
ながびく	長引く	6659
ながぶち	長渕	7343
ながまさ	長政	7442
ながめ	眺め	5338
ながめ	長め	6186
ながめ	ながめ	7157
ながめる	眺める	5861
ながもう	長毛	7251
ながもち	長持ち	6032
ながや	長屋	6818
ながやす	長安	7563
ながやま	永山	7120
ながゆ	長湯	7544
ながよ	長与	7553
ながよし	永吉	7493
ながら	ながら	3766
ながら	長等	7386
ながら	乍	7499
ながら	長良	7507
ながらがわ	長良川	6907
ながらく	長らく	6219
ながれ	流れ	4825
ながれ	流	6838
ながれ	ながれ	7107
ながれおち	流れ落ち	7354
ながれおちる	流れ落ちる	7239
ながれこみ	流れ込み	7087
ながれこむ	流れ込む	6950
ながれこん	流れ込ん	6856
ながれだし	流れ出し	7283
ながれだす	流れ出す	7525
ながれつい	流れ着い	7281
ながれで	流れ出	7064
ながれでる	流れ出る	7262
ながれになっ	流れになっ	7361
ながれになり	流れになり	7356
ながれぼし	流れ星	6748
ながれぼし	流星	7194
ながれやま	流山	6897
ながれる	流れる	5415
なき	泣き	5623
なき	なき	5844
なき	亡き	6396
なき	鳴き	6586
なき	無き	6696
なきあと	亡き後	7377
なきがお	泣き顔	7252
なきがら	亡骸	7283
なきくずれ	泣き崩れ	7554
なきごえ	鳴き声	6131
なきごえ	泣き声	6927
なきさけぶ	泣き叫ぶ	7333
なきさけん	泣き叫ん	7536
なきそう	泣きそう	6291
なきだし	泣き出し	6893
なきだす	泣き出す	7383
なきねいり	泣き寝入り	7019
なきむし	泣き虫	7082
なきゃ	なきゃ	5184
なきゃ	無きゃ	6907
なきやま	泣き止ま	7522
なぎ	凪	6345
なぎ	ナギ	6706
なぎ	なぎ	6825
なぎ	薙	7491
なぎさ	渚	6673
なぎさ	なぎさ	7004
なぎさ	ナギサ	7454
なぎなた	薙刀	7230
なぎなた	なぎなた	7515
なぎょう	な行	7562
なく	なく	3575
なく	無く	5064
なく	泣く	5912
なく	鳴く	6502
なくさ	なくさ	7275
なくさ	無くさ	7344
なくし	なくし	5975
なくし	無くし	6252
なくし	亡くし	6290
なくし	失くし	6737
なくす	なくす	6196
なくす	無くす	6590
なくす	失くす	7533
なくそ	なくそ	7301
なくっ	なくっ	6504
なくなく	泣く泣く	6738
なくなっ	なくなっ	5214
なくなっ	亡くなっ	5425
なくなっ	無くなっ	5653
なくなら	亡くなら	6500
なくなら	なくなら	6803
なくなら	無くなら	7090
なくなり	なくなり	5410
なくなり	無くなり	5907
なくなり	亡くなり	6277
なくなりしだい	なくなり次第	7542
なくなる	なくなる	5613
なくなる	無くなる	6058
なくなる	亡くなる	6310
なくなれ	なくなれ	7145
なくなれ	無くなれ	7526
なぐさめ	慰め	6612
なぐさめる	慰める	7084
なぐっ	殴っ	6303
なぐも	南雲	7435
なぐら	殴ら	6280
なぐら	名倉	7474
なぐり	殴り	6285
なぐりあい	殴り合い	6958
なぐる	殴る	6431
なぐれる	殴れる	7559
なけ	泣け	6435
なけりゃ	なけりゃ	6907
なけりゃ	無けりゃ	6907
なける	泣ける	6421
なけれ	なけれ	4322
なけれ	無けれ	6185
なげ	投げ	5397
なげ	なげ	7104
なげい	嘆い	6633
なげいれ	投げ入れ	7343
なげかけ	投げかけ	6652
なげかける	投げかける	7028
なげき	嘆き	6884
なげく	嘆く	6744
なげこま	投げ込ま	7364
なげこみ	投げ込み	7422
なげこむ	投げ込む	7405
なげこん	投げ込ん	7283
なげすて	投げ捨て	7150
なげせん	投げ銭	6893
なげださ	投げ出さ	7235
なげだし	投げ出し	6943
なげだす	投げ出す	7446
なげっと	ナゲット	7298
なげつけ	投げつけ	6937
なげつける	投げつける	7244
なげやり	投げやり	7294
なげる	投げる	5965
なこ	なこ	7006
なこ	奈子	7442
なこうど	仲人	7190
なご	名護	6716
なご	なご	7429
なごし	夏越	7442
なごま	和ま	6964
なごみ	和み	7015
なごみ	なごみ	7098
なごむ	和む	7158
なごや	名古屋	5024
なごや	なごや	6878
なごや	ナゴヤ	7258
なごやえき	名古屋駅	6999
なごやか	和やか	6430
なごやし	名古屋市	6774
なごやしない	名古屋市内	7395
なごやじょう	名古屋城	7496
なごやだいがく	名古屋大学	6876
なごやどーむ	ナゴヤドーム	7556
なごり	名残	6455
なごり	名残り	7151
なごり	なごり	7467
なごりおし	名残惜し	7562
なごりおしい	名残惜しい	7334
なごん	和ん	7511
なさ	なさ	5568
なさ	無さ	6566
なさ	NASA	6749
なさ	成さ	7133
なさ	為さ	7283
なさぁい	なさぁい	6907
なさい	なさい	5381
なさい	ナサイ	6907
なさけ	情	6823
なさけ	情け	6981
なさけな	情けな	7523
なさけない	情けない	6340
なさけなく	情けなく	7064
なさすぎ	なさすぎ	7540
なさそう	なさそう	6826
なさっ	なさっ	6050
なさら	なさら	6699
なさりゃ	なさりゃ	6907
なさる	なさる	6508
なされ	なされ	6907
なさろ	なさろ	6907
なさん	なさん	6907
なさーい	なさーい	6907
なざし	名指し	7051
なし	なし	4533
なし	無し	5248
なし	梨	5964
なし	ナシ	6101
なし	成し	6608
なし	為し	7401
なしとげ	成し遂げ	6281
なしとげる	成し遂げる	6834
なしょなりずむ	ナショナリズム	7206
なしょなる	ナショナル	6493
なじま	なじま	6449
なじま	馴染ま	6517
なじみ	馴染み	5650
なじみ	なじみ	6452
なじみ	馴染	7520
なじみがない	馴染みがない	7287
なじみぶかい	馴染み深い	7208
なじみやすい	馴染みやすい	7030
なじみやすい	なじみやすい	7411
なじみやすく	馴染みやすく	7469
なじむ	馴染む	6380
なじむ	なじむ	6779
なじめ	馴染め	6964
なじめ	なじめ	7425
なじめる	馴染める	7530
なじん	馴染ん	6295
なじん	なじん	6815
なす	ナス	5893
なす	なす	6143
なす	茄子	6348
なす	那須	6502
なす	成す	6781
なす	為す	6984
なすか	ナスカ	7560
なすかわ	那須川	7269
なすこうげん	那須高原	7362
なすしおばら	那須塩原	7107
なすだっく	ナスダック	7362
なすの	那須	7093
なすび	茄子	6781
なすび	なすび	7429
なずけ	名付け	7463
なずな	なずな	7270
なぜ	なぜ	4562
なぜ	何故	5386
なぜ	ナゼ	7338
なぜか	何故か	5641
なぜなら	なぜなら	5652
なそ	なそ	7101
なぞ	謎	5092
なぞ	なぞ	6849
なぞ	ナゾ	6928
なぞだ	謎だ	7175
なぞだっ	謎だっ	7564
なぞっ	なぞっ	6898
なぞとき	謎解き	6165
なぞな	謎な	7108
なぞなぞ	なぞなぞ	7150
なぞめい	謎めい	6930
なぞらえ	なぞらえ	7079
なぞり	なぞり	7321
なぞる	なぞる	6882
なた	ナタ	7009
なたねあぶら	菜種油	7548
なたりー	ナタリー	7039
なたーしゃ	ナターシャ	7487
なだ	灘	6742
なだかい	名高い	6635
なだたる	名だたる	6926
なだめ	なだめ	7298
なだめる	なだめる	7499
なだらか	なだらか	6780
なだる	ナダル	7227
なだれ	雪崩	6856
なだれ	なだれ	7375
なち	ナチ	7238
なち	那智	7343
なちす	ナチス	6436
なちすどいつ	ナチスドイツ	7465
なちすどいつ	ナチス・ドイツ	7552
なちゅらる	ナチュラル	5542
なっ	なっ	3210
なっ	鳴っ	6163
なっ	成っ	6564
なっ	生っ	7394
なっくる	ナックル	6789
なっしゅ	ナッシュ	7046
なっちゃん	なっちゃん	6881
なっつ	ナッツ	5952
なっつるい	ナッツ類	7449
なっていれば	なっていれば	6759
なってほしい	なってほしい	6297
なってほしい	なって欲しい	6520
なっと	ナット	5996
なっとう	納豆	5824
なっとく	納得	5046
なっとくかん	納得感	7212
なっとくがいか	納得がいか	7025
なっとくがいき	納得がいき	7523
なっとくがいく	納得がいく	7497
なっぷ	ナップ	6934
なつ	夏	4500
なつ	なつ	6164
なつ	ナツ	6825
なつい	懐い	7210
なつい	なつい	7417
なつい	夏井	7458
なついろ	夏色	7360
なついん	捺印	6944
なつか	懐か	7344
なつかし	懐かし	5991
なつかし	なつかし	7078
なつかしい	懐かしい	5483
なつかしい	なつかしい	6867
なつかしいあじ	懐かしい味	7269
なつかしいおもいで	懐かしい思い出	7365
なつかしいきもち	懐かしい気持ち	7330
なつかしかっ	懐かしかっ	7309
なつかしく	懐かしく	6301
なつかしさ	懐かしさ	6458
なつかしむ	懐かしむ	7204
なつかしん	懐かしん	7414
なつからあき	夏から秋	6948
なつかわ	夏川	7302
なつき	なつき	7087
なつき	夏樹	7231
なつき	夏希	7366
なつき	夏木	7383
なつき	菜月	7429
なつこ	夏子	6989
なつこ	奈津子	7375
なつこみ	夏コミ	7416
なつごし	夏越し	7514
なつじかん	夏時間	7507
なつぞら	夏空	7416
なつだ	夏だ	7019
なつとふゆ	夏と冬	7513
なつな	夏な	7278
なつになっ	夏になっ	7436
なつになる	夏になる	6759
なつのおもいで	夏の思い出	6683
なつのふうぶつし	夏の風物詩	7345
なつのま	夏の間	7442
なつば	夏場	5957
なつばて	夏バテ	6472
なつび	夏日	7241
なつふく	夏服	6799
なつふゆ	夏冬	7511
なつほ	夏帆	7504
なつまえ	夏前	7312
なつまつり	夏祭り	6052
なつみ	なつみ	6862
なつみ	夏美	7378
なつみかん	夏みかん	7354
なつめ	夏目	6359
なつめ	ナツメ	7134
なつめ	なつめ	7224
なつめ	棗	7341
なつめぐ	ナツメグ	7211
なつめゆうじんちょう	夏目友人帳	7418
なつもの	夏物	7161
なつやさい	夏野菜	7052
なつやすみ	夏休み	5238
なつやすみちゅう	夏休み中	6988
なつやま	夏山	7351
なづけ	名付け	6312
なづけ	名づけ	6918
なづけおや	名付け親	7393
なで	撫で	6218
なで	なで	6553
なで	撫	7555
なでぃあ	ナディア	7421
なでしこ	なでしこ	6447
なでしこ	ナデシコ	7332
なでしこ	撫子	7342
なでる	撫でる	6649
なでる	なでる	7201
なとり	名取	7179
なとりうむ	ナトリウム	6225
なとー	NATO	6747
など	など	3175
など	等	4417
など	ナド	6907
などなど	などなど	5465
なな	なな	6321
なな	ナナ	6494
なな	奈々	6495
なな	菜奈	7130
なな	七菜	7347
なな	菜々	7353
なな	菜名	7556
なないろ	七色	7194
ななうみ	七海	7334
ななお	菜々緒	7141
ななお	七尾	7189
ななくさ	七草	7009
ななこ	菜々子	7067
ななこ	ななこ	7402
ななし	名無し	5187
ななじょう	七条	7085
ななせ	七瀬	6933
ななちゃん	ななちゃん	7464
ななつ	7つ	5998
ななつ	七つ	6573
ななつのたいざい	七つの大罪	7083
ななふしぎ	七不思議	7228
ななみ	ななみ	6988
ななみ	七海	7133
ななめ	斜め	5611
ななめ	ななめ	7156
ななめ	ナナメ	7361
ななめうえ	斜め上	7348
ななめぎり	斜め切り	7254
なに	何	4117
なに	なに	5005
なに	ナニ	7080
なにいろ	何色	6855
なにか	なにか	5674
なにかしら	何かしら	5859
なにかと	何かと	5926
なにがし	某	7556
なにがな	何がな	7402
なにげ	何気	6360
なにげない	何気ない	6369
なにげないかいわ	何気ない会話	7487
なにげないにちじょう	何気ない日常	7240
なにげなく	何気なく	6396
なにこれ	なにこれ	6889
なにご	何語	7476
なにごと	何事	5844
なにごと	何ごと	7554
なにさま	何様	7192
なにしゅるい	何種類	7428
なにしろ	何しろ	6627
なにしろ	なにしろ	6721
なにせ	なにせ	6693
なにせ	何せ	6858
なにそれ	なにそれ	7087
なにとぞ	何卒	5719
なにとぞ	なにとぞ	7210
なにとぞ	何とぞ	7506
なになに	なになに	7331
なにひとつ	何一つ	6572
なにぶん	何分	7200
なにぶん	なにぶん	7384
なにもかも	何もかも	6456
なにもかも	なにもかも	7343
なにもの	何者	6279
なにもの	何物	6952
なにもの	何もの	7236
なにものか	何者か	6516
なにやら	何やら	6172
なにやら	なにやら	6523
なにより	何より	5449
なにわ	なにわ	6391
なにわ	難波	6980
なにわ	浪速	7126
なにわだんし	なにわ男子	7067
なぬし	名主	7392
なねっと	なネット	7252
なの	ナノ	6187
なの	菜乃	7477
なのか	なのか	4873
なのか	七日	7199
なのっ	名乗っ	6296
なのっ	なのっ	7443
なので	なので	4838
なのに	なのに	6133
なのはな	菜の花	6319
なのら	名乗ら	7194
なのり	名乗り	6655
なのりで	名乗り出	7521
なのりをあげ	名乗りを上げ	7500
なのる	名乗る	6132
なのれんじゃー	ナノレンジャー	7447
なは	那覇	6477
なはくうこう	那覇空港	6976
なはし	那覇市	7331
なばかり	名ばかり	7178
なばり	名張	7268
なひーだ	ナヒーダ	7496
なび	ナビ	5697
なびか	なびか	7384
なびく	なびく	7322
なびげーしょん	ナビゲーション	6378
なびげーたー	ナビゲーター	6794
なびじょん	なビジョン	7196
なふだ	名札	6721
なぷきん	ナプキン	6586
なべ	鍋	5204
なべ	なべ	6407
なべ	ナベ	7125
なべしま	鍋島	7550
なべぞこ	鍋底	7466
なべて	並べて	6881
なべりょうり	鍋料理	7475
なほ	なほ	7077
なぼーる	なボール	7288
なぽり	ナポリ	6245
なぽりたん	ナポリタン	7215
なぽれおん	ナポレオン	6554
なま	生	5520
なま	ナマ	6872
なまいき	生意気	6698
なまえ	名前	4373
なまえ	なまえ	6651
なまえ	ナマエ	7514
なまえんそう	生演奏	7042
なまおと	生音	7330
なまがき	生牡蠣	7289
なまがし	生菓子	7092
なまがわき	生乾き	7357
なまくび	生首	7349
なまくりーむ	生クリーム	5868
なまぐさ	生臭	7460
なまけ	怠け	7113
なまけもの	怠け者	7169
なまけもの	ナマケモノ	7322
なまこ	ナマコ	7196
なまこ	なまこ	7452
なましゅつえん	生出演	7214
なまじ	なまじ	7447
なまず	ナマズ	6833
なまず	鯰	7416
なまず	なまず	7565
なまたまご	生卵	6793
なまちゅうけい	生中継	6968
なまっ	なまっ	7486
なまっ	訛っ	7534
なまで	生で	6812
なまなまし	生々し	7497
なまなましい	生々しい	6833
なまなましく	生々しく	7133
なまぬるい	生ぬるい	7548
なまはいしん	生配信	6866
なまはげ	なまはげ	7287
なまはるまき	生春巻き	7242
なまはんか	生半可	7333
なまびーる	生ビール	6501
なまほうそう	生放送	5942
なまみ	生身	6736
なまめん	生麺	7233
なまもの	生物	7047
なまやけ	生焼け	7458
なまやさい	生野菜	6999
なまら	なまら	7398
なまり	鉛	6393
なまり	訛り	7275
なみ	波	5395
なみ	並み	5687
なみ	並	6053
なみ	なみ	6445
なみ	ナミ	6517
なみ	浪	6646
なみ	奈美	7343
なみいた	波板	7278
なみうちぎわ	波打ち際	7176
なみうっ	波打っ	7428
なみうつ	波打つ	7303
なみえ	奈美恵	7090
なみえ	浪江	7281
なみかぜ	波風	7261
なみかわ	浪川	7381
なみき	並木	6288
なみきみち	並木道	7383
なみたいてい	並大抵	7239
なみだ	涙	5102
なみだ	なみだ	7262
なみだ	泪	7511
なみだぐん	涙ぐん	7444
なみだし	涙し	6801
なみだする	涙する	7053
なみだで	涙出	7553
なみだぶくろ	涙袋	7328
なみだめ	涙目	6826
なみなみ	並々	7198
なみのり	波乗り	7124
なみはずれ	並外れ	7127
なみびあ	ナミビア	7389
なむ	なむ	7039
なむ	ナム	7419
なむ	南無	7432
なむあみだぶつ	南無阿弥陀仏	7401
なむこ	ナムコ	7174
なむみょうほうれんげきょう	南無妙法蓮華経	7497
なむる	ナムル	6716
なめ	舐め	6156
なめ	なめ	6440
なめ	ナメ	7132
なめくじ	ナメクジ	6988
なめこ	なめこ	6649
なめし	鞣し	7433
なめっ	滑っ	7327
なめっく	ナメック	7446
なめら	滑ら	6653
なめら	滑	7004
なめらか	滑らか	5790
なめらか	なめらか	5880
なめらかさ	滑らかさ	7410
なめり	滑り	6928
なめる	舐める	6865
なめる	なめる	7229
なめる	滑る	7238
なや	納屋	7080
なやま	悩ま	6064
なやまさ	悩まさ	6079
なやましい	悩ましい	6582
なやみ	悩み	5001
なやみごと	悩みごと	7506
なやむ	悩む	5642
なやめ	悩め	7018
なやん	悩ん	5155
なゅぅ	無ゅぅ	7253
なゅう	無ゅう	7253
なよろ	名寄	7449
なよん	ナヨン	7360
なら	なら	3770
なら	奈良	5525
なら	ナラ	6765
なら	鳴ら	6814
なら	成ら	7124
ならい	習い	6361
ならい	ならい	7258
ならい	倣い	7540
ならいごと	習い事	6078
ならう	習う	6414
ならく	奈落	6903
ならけん	奈良県	6065
ならこうえん	奈良公園	7202
ならさ	鳴らさ	7117
ならし	鳴らし	6115
ならし	慣らし	6596
ならし	奈良市	6760
ならし	ならし	6990
ならしの	習志野	7033
ならじだい	奈良時代	7088
ならす	鳴らす	6379
ならす	ならす	7398
ならずもの	ならず者	7449
ならっ	習っ	6012
ならっ	倣っ	7112
ならっ	ならっ	7170
ならてぃぶ	ナラティブ	7550
ならでは	ならでは	5232
ならば	ならば	6174
ならば	並ば	6615
ならび	並び	5629
ならび	ならび	7408
ならびかえ	並び替え	6599
ならびかた	並び方	7435
ならびに	並びに	5692
ならびに	ならびに	5950
ならぶ	並ぶ	5496
ならぶ	ならぶ	7375
ならべ	並べ	5483
ならべ	ならべ	7389
ならべかえ	並べ替え	6681
ならべかえる	並べ替える	7450
ならべかた	並べ方	7392
ならべる	並べる	6088
ならわ	習わ	7116
ならん	並ん	5162
ならん	ならん	6147
なり	なり	3338
なり	形	5075
なり	也	6235
なり	鳴り	6262
なり	成り	6315
なり	成	6736
なり	為	7530
なりあがり	成り上がり	7171
なりかわり	成り代わり	7423
なりがち	なりがち	5857
なりきっ	なりきっ	7496
なりきり	なりきり	6801
なりきる	なりきる	7371
なりきん	成り金	7308
なりさがっ	成り下がっ	7485
なりしだい	なり次第	7460
なりすまし	なりすまし	6531
なりすまし	成りすまし	7480
なりた	成田	6341
なりたくうこう	成田空港	6529
なりたた	成り立た	6543
なりたち	成り立ち	6573
なりたっ	成り立っ	6226
なりたつ	成り立つ	6386
なりにくい	なりにくい	6417
なりにくく	なりにくく	6995
なりひびい	鳴り響い	7220
なりひびき	鳴り響き	7293
なりひびく	鳴り響く	6932
なりふり	なりふり	7392
なりゃ	なりゃ	6907
なりやすい	なりやすい	5847
なりやすく	なりやすく	6702
なりやま	鳴り止ま	7450
なりゆき	成り行き	6938
なりわい	生業	6733
なる	なる	3350
なる	鳴る	6131
なる	成る	6337
なる	成	6773
なる	鳴	6941
なるこ	鳴子	7060
なるしすと	ナルシスト	7009
なるせ	成瀬	6806
なるた	成田	6701
なるだ	成田	6850
なると	ナルト	6283
なると	鳴門	6875
なると	NARUTO	7131
なるべく	なるべく	5281
なるべくはやい	なるべく早い	7545
なるべくはやく	なるべく早く	6678
なるほど	なるほど	5507
なるまい	なるまい	7319
なるみ	鳴海	7147
なるみ	なるみ	7460
なるみや	成宮	7551
なれ	なれ	5053
なれ	慣れ	5168
なれ	馴れ	7316
なれ	熟れ	7453
なれあい	馴れ合い	7415
なれしたしん	慣れ親しん	6777
なれそめ	馴れ初め	6750
なれちゃう	なれちゃう	7542
なれっじ	ナレッジ	6928
なれる	なれる	5207
なれる	慣れる	5961
なれれ	慣れれ	6737
なれれ	なれれ	6858
なれーしょん	ナレーション	6202
なれーたー	ナレーター	6925
なろ	なろ	5715
なわ	縄	6477
なわとび	縄跳び	6751
なわとび	なわとび	7129
なわばり	縄張り	6680
なをき	直樹	7539
なをつらね	名を連ね	6799
なをつらねる	名を連ねる	7237
なをのこす	名を残す	7438
なをはせ	名を馳せ	7175
なん	何	4185
なん	なん	4637
なん	ナン	6270
なん	難	6368
なん	男	6649
なん	南	7072
なん	楠	7509
なんあ	南ア	7176
なんい	何位	7350
なんいど	難易度	5322
なんか	なんか	4934
なんか	南下	6514
なんか	軟化	7043
なんかい	何回	5518
なんかい	南海	6155
なんかい	難解	6474
なんかいでんてつ	南海電鉄	7501
なんかいとらふきょだいじしん	南海トラフ巨大地震	7541
なんかげつ	何ヶ月	7068
なんかしょ	何箇所	7345
なんかしょ	何か所	7565
なんかん	難関	6079
なんかんだいがく	難関大学	7551
なんがつ	何月	7220
なんがん	南岸	7323
なんき	南紀	7104
なんきょく	南極	6462
なんきょく	難局	7545
なんきろ	何キロ	7566
なんきん	南京	6740
なんきん	軟禁	7441
なんきんじょう	南京錠	7387
なんぎ	難儀	6854
なんくせ	難癖	7327
なんこ	何個	6549
なんこう	軟膏	6710
なんこう	難航	6796
なんこう	南港	7353
なんこうばい	南高梅	7395
なんこうふらく	難攻不落	7514
なんこつ	軟骨	6371
なんごう	南郷	7470
なんごく	南国	6335
なんさい	何歳	6514
なんさつ	何冊	7072
なんざ	なんざ	6907
なんざん	南山	7541
なんざん	難産	7554
なんしき	軟式	6549
なんしつ	軟質	7278
なんしゃ	何社	7317
なんしゅう	何周	7391
なんしゅるい	何種類	6882
なんしょ	難所	6836
なんしょく	何色	7081
なんしょく	難色	7365
なんしん	南信	7495
なんしー	ナンシー	7107
なんじ	爾	7004
なんじ	何時	7089
なんじ	なんじ	7283
なんじかん	何時間	6572
なんじけん	難事件	7503
なんじゃ	ナンジャ	7465
なんじゃく	軟弱	7262
なんじゅう	何重	7428
なんじょう	南條	7465
なんすい	軟水	7073
なんせ	なんせ	6498
なんせい	南西	6187
なんせいき	何世紀	7558
なんせいしょとう	南西諸島	7307
なんせんす	ナンセンス	7033
なんぜんじ	南禅寺	7499
なんそう	何層	7527
なんぞ	なんぞ	6468
なんぞ	ナンゾ	6907
なんぞ	何ぞ	7289
なんたいさん	男体山	7442
なんたって	なんたって	7261
なんたる	何たる	7554
なんたん	南端	6924
なんたん	南丹	7521
なんだ	なんだ	4663
なんだ	何だ	6750
なんだい	難題	6731
なんだい	何台	7025
なんだか	なんだか	5256
なんだか	何だか	5934
なんだかんだ	なんだかんだ	6036
なんだかんだ	何だかんだ	6798
なんち	難治	7095
なんちゃって	なんちゃって	6671
なんちゃら	なんちゃら	7322
なんちゅう	南中	6958
なんちょう	難聴	6545
なんちょう	南朝	7268
なんて	なんて	4302
なんて	ナンテ	6907
なんてこった	なんてこった	7402
なんてったって	なんてったって	7201
なんてん	難点	6218
なんてん	何点	6873
なんてん	南天	7272
なんで	なんで	5071
なんで	何で	5596
なんです	なんです	4622
なんでも	何でも	5407
なんでも	なんでも	5428
なんでもかんでも	何でもかんでも	6932
なんと	なんと	4803
なんと	何と	5973
なんと	南砺	7240
なんと	ナント	7371
なんとう	南東	6273
なんとか	なんとか	5162
なんとか	何とか	5328
なんとなく	なんとなく	5412
なんとなく	何となく	5812
なんとも	なんとも	5576
なんとも	何とも	5857
なんど	何度	5093
なんど	難度	6463
なんど	なんど	6846
なんど	納戸	7337
なんどく	難読	7097
なんどめ	何度目	7337
なんなく	難なく	6631
なんにち	何日	6582
なんにも	なんにも	6842
なんにょ	男女	5998
なんにん	何人	6159
なんねん	何年	5583
なんねんせい	難燃性	7504
なんば	なんば	6382
なんば	難波	6642
なんばい	何倍	6702
なんばりんぐ	ナンバリング	6956
なんばん	南蛮	6350
なんばんめ	何番目	7493
なんばー	ナンバー	5351
なんばー	No.	5704
なんばーず	ナンバーズ	7262
なんばーつー	ナンバー2	7007
なんばーぷれーと	ナンバープレート	6626
なんばーわん	ナンバーワン	6447
なんばーわん	NO1	7256
なんぱ	ナンパ	6516
なんぱ	難破	7342
なんぱーせんと	何%	7516
なんびょう	難病	6381
なんふつ	南仏	7247
なんぶ	南部	5667
なんぶ	軟部	7362
なんぶせん	南武線	7143
なんぷらー	ナンプラー	7051
なんべい	南米	6284
なんほん	何本	6970
なんぼ	なんぼ	7019
なんぼ	ナンボ	7237
なんぼう	南房	7253
なんぼく	南北	6166
なんぼくせん	南北線	7329
なんぼくせんそう	南北戦争	7408
なんぼくちょう	南北朝	6935
なんぼん	何本	7116
なんぽう	南方	6684
なんぽん	何本	7379
なんまい	何枚	6421
なんみん	難民	6097
なんみんきゃんぷ	難民キャンプ	7522
なんめい	何名	7437
なんめん	南面	7260
なんもん	難問	6822
なんやかんや	なんやかんや	6641
なんよう	南洋	7379
なんよう	南陽	7539
なんら	何ら	6472
なんら	なんら	6759
なんらかの	何らかの	5598
なんらかの	なんらかの	6441
なんわ	何話	7103
なんをのがれ	難を逃れ	7506
なー	なー	6082
なーい	なーい	6867
なーさりー	なーサリー	7418
なーじゃ	なージャ	7517
なーす	ナース	6298
なーばす	なーバス	6829
なーふ	ナーフ	7021
なーんか	なーんか	7459
なーんだ	なーんだ	7489
なーんて	なーんて	7200
に	に	1848
に	似	4754
に	煮	5491
に	荷	6225
に	丹	6904
に	尼	7371
に	煎	7503
にあ	ニア	7089
にあい	似合い	6301
にあいそう	似合いそう	6948
にあう	似合う	5589
にあえて	に会えて	6912
にあがり	にあがり	7227
にあきて	に飽きて	7171
にあげ	荷揚げ	7519
にあげて	にあげて	6817
にあげて	に上げて	6897
にあげて	に挙げて	7247
にあこがれて	に憧れて	6571
にあずけて	に預けて	7050
にあたえて	に与えて	6973
にあっ	似合っ	6139
にあつめて	に集めて	7267
にあてて	に当てて	6841
にあてて	にあてて	7322
にあてはめて	に当てはめて	7326
にあふれて	に溢れて	6781
にあふれて	にあふれて	6968
にあまえて	に甘えて	7063
にあらわれて	に現れて	6974
にあらわれて	に表れて	7329
にあわ	似合わ	6144
にあわせて	に合わせて	5042
にあわせて	にあわせて	6221
にあわせて	に併せて	7173
にい	新井	7213
にいいきかせて	に言い聞かせて	7300
にいかして	に活かして	7010
にいかして	に生かして	7189
にいがた	新潟	5474
にいがたけん	新潟県	5916
にいがたし	新潟市	7138
にいがただいがく	新潟大学	7319
にいきて	に生きて	6468
にいさま	兄様	7010
にいさん	兄さん	6274
にいさん	にいさん	7086
にいざ	新座	7356
にいじま	新島	7310
にいじゅく	新宿	6283
にいち	二一	7327
にいちゃん	兄ちゃん	5864
にいはま	新居浜	7165
にいれて	に入れて	5379
にいれて	にいれて	6693
にうえて	に植えて	7033
にうけて	に受けて	7144
にうごかして	に動かして	7548
にうったえて	に訴えて	7522
にうつして	に移して	6868
にうまれて	に生まれて	6720
にうむ	ニウム	7544
にうめて	に埋めて	7524
にうもれて	に埋もれて	7312
にえ	煮え	7043
にえ	沸	7296
におい	匂い	5676
におい	臭い	6148
におい	ニオイ	6167
におい	におい	6256
におい	臭	6564
におい	匂	7301
におう	仁王	7003
におう	臭う	7324
におう	匂う	7553
におうじて	に応じて	5346
におうだち	仁王立ち	7419
におうもん	仁王門	7274
におきかえて	に置き換えて	6806
におきて	に起きて	6751
におくれて	に遅れて	7446
におさえて	に抑えて	7218
におさめて	に収めて	7160
におしえて	に教えて	6108
におしつけて	に押し付けて	7469
におちて	に落ちて	6314
におとして	に落として	7097
におとずれて	に訪れて	6950
におぼえて	に覚えて	7089
におぼれて	に溺れて	7562
におも	荷重	7109
におもえて	に思えて	7298
におりて	に降りて	7177
におわ	匂わ	6980
におわせ	匂わせ	6779
におわせる	匂わせる	7555
にか	ニカ	7300
にかい	二階	6249
にかいどう	二階堂	6653
にかえして	に返して	7545
にかえて	に変えて	6090
にかえて	に代えて	7044
にかえて	に替えて	7255
にかかえて	に抱えて	7484
にかかげて	に掲げて	7060
にかくして	に隠して	7397
にかくれて	に隠れて	6444
にかけつけて	に駆けつけて	7080
にかけて	にかけて	5328
にかけて	に掛けて	6881
にかけて	に欠けて	7127
にかさねて	に重ねて	7037
にかよっ	似通っ	6996
にからぐあ	ニカラグア	7495
にからめて	に絡めて	7371
にかわ	膠	7286
にかんがえて	に考えて	6195
にかんして	に関して	5545
にかんじて	に感じて	6650
にがい	苦い	6399
にがいおもいで	苦い思い出	7497
にがいけいけん	苦い経験	7368
にがおえ	似顔絵	6329
にがく	苦く	7156
にがさ	逃さ	6508
にがさ	逃がさ	7081
にがし	逃がし	6692
にがし	逃し	6752
にがす	逃がす	6876
にがつ	2月	4916
にがつ	二月	5416
にがつまつ	2月末	7259
にがて	苦手	4918
にがていしき	苦手意識	6731
にがみ	苦み	6510
にがみ	苦味	6860
にがら	二重	6734
にがり	にがり	7422
にがわ	仁川	6896
にがわらい	苦笑い	6574
にき	ニキ	6714
にき	二期	6948
にきい	にきい	7344
にきえて	に消えて	7016
にきかい	二期会	7565
にきがえて	に着替えて	7502
にきこえて	に聞こえて	7350
にきび	ニキビ	5866
にきび	にきび	7158
にきびあと	ニキビ跡	7218
にきめて	に決めて	6770
にきりかえて	に切り替えて	6781
にきをつけて	に気をつけて	6464
にきをつけて	に気を付けて	6809
にきー	にきー	7176
にぎっ	握っ	5890
にぎやか	賑やか	5954
にぎやか	にぎやか	6425
にぎら	握ら	6610
にぎり	握り	6028
にぎり	にぎり	6898
にぎりしめ	握りしめ	6750
にぎりしめ	握り締め	7390
にぎりやすい	握りやすい	7373
にぎる	握る	6054
にぎわい	賑わい	6446
にぎわい	にぎわい	6868
にぎわい	賑	7555
にぎわう	賑わう	6703
にぎわう	にぎわう	7095
にぎわせ	賑わせ	7389
にぎわっ	賑わっ	6134
にぎわっ	にぎわっ	6818
にく	肉	4771
にく	にく	6253
にく	悪	6899
にく	難	7284
にく	ニク	7523
にくあつ	肉厚	6345
にくい	にくい	4725
にくい	悪い	6078
にくい	難い	6559
にくい	憎い	6919
にくぅ	にくぅ	7260
にくう	にくう	7246
にくかっ	にくかっ	6257
にくかっ	難かっ	6918
にくかっ	悪かっ	7311
にくから	にくから	6907
にくから	難から	7298
にくかれ	にくかれ	6907
にくかろ	にくかろ	6907
にくかろ	難かろ	7265
にくがん	肉眼	6553
にくき	にくき	6907
にくきゃ	にくきゃ	6907
にくきゃ	難きゃ	7265
にくきゅう	肉球	6718
にくく	にくく	5278
にくく	悪く	6417
にくく	難く	7384
にくけりゃ	にくけりゃ	6907
にくけりゃ	難けりゃ	7265
にくけれ	にくけれ	6907
にくけれ	難けれ	7265
にくさ	悪さ	7300
にくしつ	肉質	6648
にくしみ	憎しみ	6531
にくしゅ	肉腫	7331
にくしょく	肉食	6442
にくしょくどうぶつ	肉食動物	7435
にくしん	肉親	7245
にくじゃが	肉じゃが	6743
にくじゅう	肉汁	6520
にくずれ	煮崩れ	7497
にくせい	肉声	7483
にくそば	肉そば	7375
にくそん	ニクソン	7514
にくたい	肉体	5722
にくたいかんけい	肉体関係	7411
にくたいてき	肉体的	6807
にくたいび	肉体美	7471
にくたいろうどう	肉体労働	7428
にくだ	肉だ	7410
にくだん	肉弾	7347
にくだんご	肉団子	7479
にくづき	肉付き	7541
にくづけ	肉付け	7524
にくづめ	肉詰め	7309
にくぬき	肉抜き	7408
にくのうまみ	肉の旨味	7513
にくはく	肉薄	7347
にくばなれ	肉離れ	7082
にくまき	肉巻き	6984
にくまん	肉まん	6744
にくみ	憎み	7401
にくむ	憎む	7049
にくめ	憎め	6936
にくや	肉屋	6817
にくやさかな	肉や魚	7537
にくらして	に暮らして	6947
にくらべて	に比べて	5515
にくらべて	にくらべて	7554
にくりょうり	肉料理	6558
にくるい	肉類	6989
にくわえて	に加えて	5556
にくん	憎ん	7012
にぐるま	荷車	7551
にけ	ニケ	7187
にげ	逃げ	5455
にげ	にげ	7538
にげきっ	逃げ切っ	7221
にげきり	逃げ切り	7110
にげきる	逃げ切る	7451
にげこむ	逃げ込む	7520
にげこん	逃げ込ん	7166
にげだし	逃げ出し	6450
にげだす	逃げ出す	6892
にげば	逃げ場	6958
にげまわっ	逃げ回っ	7390
にげまわる	逃げ回る	7356
にげみち	逃げ道	7094
にげよ	逃げよ	6764
にげよう	逃げよう	6757
にげる	逃げる	5756
にげろ	逃げろ	7272
にげん	二元	7543
にげんろん	二元論	7482
にこ	ニコ	6721
にこ	二胡	7335
にこそ	にこそ	6245
にこたえて	に答えて	6537
にこたえて	に応えて	6599
にこちん	ニコチン	6870
にこっ	ニコッ	7259
にこどう	ニコ動	7332
にこなま	ニコ生	6805
にこにこ	ニコニコ	5799
にこにこ	にこにこ	6916
にこま	煮込ま	7121
にこみ	煮込み	6272
にこむ	煮込む	6525
にこめて	に込めて	7559
にこやか	にこやか	6869
にこら	ニコラ	7138
にこらい	ニコライ	7258
にこらす	ニコラス	7446
にこる	ニコル	6827
にこん	煮込ん	6304
にこん	ニコン	6563
にごし	濁し	7358
にごっ	濁っ	6656
にごり	濁り	6882
にごり	にごり	7187
にごる	濁る	7488
にさいして	に際して	6266
にさえ	にさえ	6697
にさがして	に探して	7467
にさきがけて	に先駆けて	6779
にさげて	に下げて	7558
にささえて	に支えて	7139
にさらして	にさらして	7437
にさんか	二酸化	7217
にさんかたんそ	二酸化炭素	6199
にざかな	煮魚	7310
にし	西	5250
にし	にし	6963
にし	二死	7133
にし	ニシ	7265
にしあげて	に仕上げて	6421
にしあざぶ	西麻布	7534
にしあじあ	西アジア	7544
にしあふりか	西アフリカ	7316
にしあらい	西新井	7417
にしいず	西伊豆	7301
にしうら	西浦	7405
にしお	西尾	6757
にしおか	西岡	6760
にしおぎ	西荻	7171
にしか	にしか	5221
にしかいがん	西海岸	6718
にしかわ	西川	6475
にしがた	西方	7447
にしがわ	西側	5883
にしがわ	西川	6907
にしき	錦	6448
にしき	二色	7564
にしきえ	錦絵	7514
にしきおり	錦織	7388
にしきごい	錦鯉	7052
にしきど	錦戸	7210
にしく	西区	6302
にしぐち	西口	6107
にしげ	二重	6660
にしごう	西郷	7109
にしざわ	西澤	7356
にししま	西島	7338
にししょうがっこう	西小学校	7440
にししんしゅく	西新宿	7502
にししんじゅく	西新宿	7362
にしじま	西島	6964
にしじょう	西条	7560
にしじん	西陣	7409
にしじんおり	西陣織	7455
にした	西田	7259
にしたく	にしたく	6647
にしたに	西谷	7467
にしたま	西多摩	7535
にしだ	西田	6622
にしだに	西谷	7518
にしつ	荷室	7429
にしてつ	西鉄	6751
にしてつばす	西鉄バス	7455
にしとうきょう	西東京	6883
にしどいつ	西ドイツ	7242
にしな	仁科	7278
にしなり	西成	7251
にしにっぽん	西日本	6515
にしにほん	西日本	6153
にしの	西野	6394
にしのみや	西宮	6405
にしはた	西畑	7484
にしはら	西原	7358
にしび	西日	7073
にしふなはし	西船橋	7453
にしほんがんじ	西本願寺	7518
にしまつや	西松屋	7282
にしみて	に染みて	7453
にしみや	西宮	6782
にしみやいち	西宮市	6947
にしむき	西向き	7395
にしむら	西村	6111
にしもと	西本	7033
にしゃたくいつ	二者択一	7492
にしや	西谷	7531
にしやま	西山	6418
にしよーろっぱ	西ヨーロッパ	7552
にしらべて	に調べて	7013
にしわき	西脇	7205
にしん	ニシン	7014
にじ	虹	5781
にじ	二次	6216
にじいろ	虹色	6546
にじいろ	にじいろ	7314
にじかい	二次会	6587
にじげん	二次元	6736
にじのはし	虹の橋	7550
にじま	にじま	7140
にじま	滲ま	7331
にじます	ニジマス	6926
にじみ	にじみ	7322
にじみ	滲み	7560
にじみで	にじみ出	7119
にじみで	滲み出	7345
にじみでる	滲み出る	7422
にじみでる	にじみ出る	7485
にじむ	滲む	7151
にじむ	にじむ	7318
にじゅう	二重	5999
にじゅう	二十	6763
にじゅう	廿	7345
にじゅうしせっき	二十四節気	7320
にじゅんじて	に準じて	7001
にじょう	二条	6873
にじょうじて	に乗じて	7364
にじょうじょう	二条城	7200
にじる	煮汁	6542
にじん	滲ん	6977
にじん	にじん	7347
にす	ニス	6625
にすえて	に据えて	7409
にすぐれて	に優れて	6283
にすごして	に過ごして	7142
にすすめて	に進めて	7118
にすてて	に捨てて	7315
にすら	にすら	6391
にせ	偽	6124
にせ	ニセ	6792
にせ	似せ	6947
にせ	にせ	7527
にせい	二世	6842
にせこ	ニセコ	7118
にせもの	偽物	6109
にせもの	ニセモノ	7204
にせもの	偽者	7470
にそいち	二十一	7455
にそえて	に添えて	7314
にそくして	に即して	7492
にそくほこう	二足歩行	7337
にそだてて	に育てて	7150
にそなえて	に備えて	6188
にそはち	二十八	7274
にそめて	に染めて	7411
にぞくして	に属して	6861
にたいして	に対して	4687
にたえて	に耐えて	7240
にたおして	に倒して	7545
にたおれて	に倒れて	7136
にたけて	に長けて	6984
にたすけて	に助けて	6863
にたずねて	に尋ねて	7414
にたた	煮立た	7342
にたち	煮立ち	7519
にたっ	煮立っ	7002
にたっして	に達して	6619
にたて	煮立て	7414
にたてて	に立てて	7167
にたとえて	に例えて	7430
にたべて	に食べて	6463
にたまご	煮卵	7274
にためして	に試して	7280
にたよう	似たよう	5997
にたん	二段	7414
にだい	荷台	6606
にだし	煮出し	7316
にだして	に出して	6200
にだん	二段	6692
にち	日	4174
にちえい	日英	7185
にちかづけて	に近づけて	7239
にちからをいれて	に力を入れて	6287
にちかん	日間	7165
にちがく	日額	7350
にちぎん	日銀	6368
にちじ	日時	5583
にちじ	日次	7397
にちじしてい	日時指定	7531
にちじょう	日常	4774
にちじょうせいかつ	日常生活	6028
にちじょうつかい	日常使い	7416
にちじょうてき	日常的	5853
にちだい	日大	6475
にちていど	日程度	7284
にちどう	日動	7240
にちなん	日南	7197
にちのうけん	日能研	7312
にちはむ	日ハム	6919
にちべい	日米	7207
にちべんれん	日弁連	7451
にちぼつ	日没	6512
にちめ	日目	6306
にちもく	日目	7096
にちゃんねる	2ちゃんねる	6915
にちや	日夜	7017
にちよう	日曜	5684
にちよう	日用	7052
にちようげきじょう	日曜劇場	7299
にちようひん	日用品	6321
にちようび	日曜日	5382
にちりん	日輪	7199
にちれん	日蓮	6608
にちれんしゅう	日蓮宗	7071
にちろせんそう	日露戦争	6908
にっ	日	5601
にっか	日課	6514
にっかつ	日活	7256
にっかん	日間	6340
にっかん	日韓	6405
にっかん	日刊	6606
にっかん	肉感	7335
にっかんすぽーつ	日刊スポーツ	7562
にっき	日記	5389
にっき	ニッキ	7435
にっき	にっき	7498
にっきゅう	日給	7143
にっきん	日勤	6797
にっく	ニック	6403
にっくねーむ	ニックネーム	6265
にっけい	日経	6092
にっけい	日系	6200
にっけいきぎょう	日系企業	7395
にっけいしんぶん	日経新聞	7121
にっけいびーぴー	日経BP	7365
にっけいへいきんかぶか	日経平均株価	7069
にっける	ニッケル	6583
にっけん	日建	7431
にっこう	日光	5881
にっこう	日航	7040
にっこう	日興	7368
にっこうとうしょうぐう	日光東照宮	7471
にっこうよく	日光浴	6931
にっこり	にっこり	6587
にっこり	ニッコリ	6848
にっさん	日産	5967
にっさん	ニッサン	7499
にっさんじどうしゃ	日産自動車	6923
にっし	日誌	6496
にっし	日子	7494
にっしゃ	日射	7001
にっしょう	日照	6471
にっしょう	日商	7149
にっしょうじかん	日照時間	7275
にっしょく	日食	7015
にっしん	日進	6996
にっしんげっぽ	日進月歩	7439
にっしんしょくひん	日清食品	7109
にっしんせんそう	日清戦争	7367
にっすう	日数	5755
にっせい	ニッセイ	7264
にっせい	日生	7277
にっせき	日赤	7303
にった	新田	7173
にったいだい	日体大	7036
にっち	ニッチ	6457
にっちゅう	日中	5757
にっちょう	日朝	6833
にっちょく	日直	7388
にってい	日程	5314
にってい	日帝	7364
にっていちょうせい	日程調整	7452
にってれ	日テレ	6516
にってん	日展	7551
にっと	ニット	5721
にっとう	日東	7142
にっとう	日当	7284
にっとうこません	日東駒専	7390
にっとぼう	ニット帽	7432
にっぱー	ニッパー	7092
にっぷる	ニップル	7509
にっぽう	日報	6629
にっぽり	日暮里	7098
にっぽん	日本	4399
にっぽん	ニッポン	6312
にっぽん	にっぽん	6956
にっぽんいち	日本一	6794
にっぽんぎんこう	日本銀行	6987
にっぽんこく	日本国	6637
にっぽんこくない	日本国内	7326
にっぽんご	日本語	5897
にっぽんしゅ	日本酒	6530
にっぽんじゅう	日本中	7314
にっぽんじん	日本人	5744
にっぽんせいふ	日本政府	7565
にっぽんぜんこく	日本全国	7473
にっぽんだいひょう	日本代表	6711
にっぽんはむ	日本ハム	6494
にっぽんばし	日本橋	6838
にっぽんほうそう	ニッポン放送	6949
にっぽんゆうびん	日本郵便	7210
について	について	3578
については	については	4391
についても	についても	5083
についてや	についてや	7347
につうじて	に通じて	7373
につかえて	に仕えて	7294
につかえて	に使えて	7561
につかれて	に疲れて	7097
につかわしく	似つかわしく	7552
につけ	につけ	6907
につけ	煮付け	7074
につけて	につけて	6126
につけて	に付けて	6620
につけて	に漬けて	7282
につけて	に浸けて	7417
につける	につける	7565
につたえて	に伝えて	6334
につづけて	に続けて	7216
につとめて	に努めて	6154
につとめて	に勤めて	6696
につなげて	につなげて	6703
につなげて	に繋げて	6942
につまっ	煮詰まっ	7246
につめ	煮詰め	6567
につめて	に詰めて	6941
につめる	煮詰める	7020
につれて	につれて	6002
につれて	に連れて	6045
にづくり	荷造り	7139
にて	にて	4174
にてきして	に適して	6285
にても	にても	7440
にてらして	に照らして	7326
にてんさんてん	二転三転	7361
にてんじて	に転じて	7527
にであえて	に出会えて	6896
にでかけて	に出かけて	6765
にでかけて	に出掛けて	7540
にできて	にできて	6996
にできて	に出来て	7230
にといあわせて	に問い合わせて	6842
にとうりゅう	二刀流	6519
にとおして	に通して	7312
にとけて	に溶けて	7376
にとじこめて	に閉じ込めて	7551
にとって	にとって	4370
にとっては	にとっては	5020
にとっても	にとっても	5498
にとどけて	に届けて	7038
にとどめて	にとどめて	7226
にとどめて	に留めて	7546
にとびだして	に飛び出して	7529
にとべ	新渡戸	7550
にとめて	に停めて	7261
にとらわれて	に囚われて	7263
にとらわれて	にとらわれて	7432
にとり	ニトリ	6428
にとりあげて	に取り上げて	7524
にとりいれて	に取り入れて	6775
にとりつけて	に取り付けて	6909
にとろ	ニトロ	7134
にど	二度	6277
にどと	二度と	5830
にどね	二度寝	7165
にな	ニナ	7353
にない	担い	6522
にないて	担い手	6498
になう	担う	5688
になえる	担える	7419
になかわ	蜷川	7524
にながして	に流して	7367
にながれて	に流れて	6633
にながわ	蜷川	7419
になげて	に投げて	7292
になっ	担っ	5858
にならべて	に並べて	6670
になれて	に慣れて	6077
になれて	になれて	6873
になわ	担わ	7529
ににげて	に逃げて	7140
ににし	煮にし	7466
ににんさんきゃく	二人三脚	6973
にぬけて	に抜けて	7532
にぬし	荷主	7039
にの	ニノ	7096
にのうで	二の腕	6539
にのこして	に残して	6763
にのせて	に乗せて	6235
にのせて	に載せて	6515
にのせて	にのせて	6605
にのつぎ	二の次	7021
にのばして	に伸ばして	7559
にのびて	に伸びて	7098
にのまい	二の舞い	7548
にのまる	二の丸	6983
にのみや	二宮	6813
にのりかえて	に乗り換えて	7143
には	には	3137
にはいれて	に入れて	7178
にはえて	に生えて	6939
にはじめて	に始めて	7535
にはなしかけて	に話しかけて	6935
にはなして	に話して	6850
にはりつけて	に貼り付けて	7078
にはんして	に反して	6913
にばれて	にバレて	7383
にばんせんじ	二番煎じ	7435
にひかえて	に控えて	7291
にひして	に比して	7521
にひたして	に浸して	7265
にひっかけて	に引っ掛けて	7527
にひっこして	に引っ越して	7000
にひめて	に秘めて	7520
にひろげて	に広げて	7126
にびたし	煮浸し	7494
にふえて	に増えて	7086
にふくめて	に含めて	7504
にふりて	に降りて	7016
にふれて	に触れて	6118
にふれて	にふれて	7517
にふれる	にふれる	7129
にぶ	二部	6993
にぶ	二歩	7549
にぶい	鈍い	6662
にぶく	鈍く	6817
にぶっ	鈍っ	7214
にぶつけて	にぶつけて	7232
にぶん	二分	6889
にべあ	ニベア	7492
にほれて	に惚れて	7351
にほん	日本	3911
にほん	にほん	6232
にほん	二本	6472
にほんいち	日本一	5713
にほんいっしゅう	日本一周	7256
にほんえん	日本円	6599
にほんおおどおりえき	日本大通り駅	7487
にほんかい	日本海	6057
にほんかいがわ	日本海側	7216
にほんかくち	日本各地	7139
にほんが	日本画	7532
にほんがわ	日本側	7516
にほんきぎょう	日本企業	6977
にほんきょうさんとう	日本共産党	7204
にほんぐん	日本軍	7247
にほんけいざい	日本経済	7428
にほんけいざいしんぶん	日本経済新聞	6815
にほんけいざいしんぶんしゃ	日本経済新聞社	7348
にほんこうくう	日本航空	6910
にほんこく	日本国	6876
にほんこくない	日本国内	6442
にほんご	日本語	4924
にほんごきょうし	日本語教師	7495
にほんごじまく	日本語字幕	7435
にほんごばん	日本語版	7060
にほんごやく	日本語訳	7069
にほんざる	ニホンザル	7524
にほんし	日本史	7357
にほんしじょう	日本市場	7385
にほんしゃかい	日本社会	7500
にほんしゅ	日本酒	5701
にほんしょき	日本書紀	6840
にほんしょく	日本食	7152
にほんじゅう	日本中	6387
にほんじん	日本人	4873
にほんせい	日本製	6100
にほんせいふ	日本政府	6935
にほんせいめい	日本生命	7297
にほんせきじゅうじしゃ	日本赤十字社	7063
にほんぜんこく	日本全国	6896
にほんたいいくだいがく	日本体育大学	7391
にほんだいがく	日本大学	7411
にほんだいひょう	日本代表	5853
にほんだーびー	日本ダービー	7358
にほんていえん	日本庭園	7553
にほんてれび	日本テレビ	6157
にほんてれびけい	日本テレビ系	7469
にほんのひと	日本の人	7401
にほんのまんが	日本の漫画	7481
にほんのれきし	日本の歴史	7441
にほんはむ	日本ハム	7068
にほんばし	日本橋	6220
にほんばん	日本版	7491
にほんぶどうかん	日本武道館	6872
にほんぶよう	日本舞踊	7089
にほんぶんがく	日本文学	7354
にほんまつ	二本松	7310
にほんれっとう	日本列島	7325
にぼし	煮干し	6425
にぼし	煮干	7053
にぼし	にぼし	7565
にまいがい	二枚貝	7436
にまいめ	二枚目	7146
にまかせて	に任せて	6489
にまかせて	にまかせて	7504
にまぎれて	に紛れて	7154
にまけて	に負けて	6556
にまぜて	に混ぜて	6903
にまとめて	にまとめて	6106
にまわして	に回して	7215
にみえて	に見えて	6251
にみせて	に見せて	6680
にみたてて	に見立てて	7056
にみちあふれて	に満ち溢れて	7375
にみちて	に満ちて	6719
にみつけて	に見つけて	7400
にみとめて	に認めて	7418
にみや	二宮	7213
にみょう	二名	7294
にむかえて	に迎えて	7241
にむけて	に向けて	5015
にむけて	にむけて	6782
にめいじて	に命じて	7464
にめぐまれて	に恵まれて	6698
にめざめて	に目覚めて	7425
にも	にも	3522
にも	ニモ	7491
にもえて	に燃えて	7551
にもかかわらず	にもかかわらず	7038
にもちいて	に用いて	7531
にもつ	荷物	5183
にもと	二本	6609
にもとめて	に求めて	7170
にもどして	に戻して	6529
にもの	煮物	6142
にもりあげて	に盛り上げて	7361
にもりつけて	に盛り付けて	7279
にゃ	にゃ	5838
にゃ	ニャ	6705
にゃん	ニャン	6729
にゃんこ	にゃんこ	6304
にゃんこ	ニャンコ	6958
にゃんこせんせい	ニャンコ先生	7564
にや	にや	7541
にやく	荷役	7148
にやくだてて	に役立てて	6863
にやけ	ニヤけ	7536
にやってきて	にやってきて	6875
にやってきて	にやって来て	7401
にやにや	ニヤニヤ	6393
にやにや	にやにや	7325
にやぶれて	に敗れて	7290
にやめて	にやめて	7529
にやり	ニヤリ	6757
にゅあんす	ニュアンス	5863
にゅう	入	5864
にゅういん	入院	5332
にゅういんちゅう	入院中	6861
にゅうえき	乳液	6557
にゅうえん	入園	5939
にゅうえんしき	入園式	7549
にゅうか	入荷	5139
にゅうか	乳化	6829
にゅうかい	入会	5622
にゅうかいきん	入会金	6820
にゅうかざい	乳化剤	7178
にゅうかじき	入荷時期	7564
にゅうかよてい	入荷予定	7498
にゅうかん	入館	6374
にゅうかん	入管	6957
にゅうかんりょう	入館料	7488
にゅうがく	入学	5204
にゅうがくきん	入学金	7157
にゅうがくご	入学後	7216
にゅうがくしき	入学式	6179
にゅうがくじ	入学時	7529
にゅうがくまえ	入学前	7426
にゅうがん	乳がん	6282
にゅうがん	乳癌	7029
にゅうきょ	入居	5622
にゅうきょく	入局	7293
にゅうきょしゃ	入居者	6864
にゅうきん	入金	5698
にゅうぎゅう	乳牛	7231
にゅうぎょう	乳業	7131
にゅうこ	入庫	6301
にゅうこう	入稿	6815
にゅうこう	入港	6893
にゅうこう	入校	6966
にゅうこう	入行	7525
にゅうこく	入国	6025
にゅうこくしんさ	入国審査	7522
にゅうさつ	入札	5739
にゅうさん	乳酸	6712
にゅうさんきん	乳酸菌	6297
にゅうざん	入山	6997
にゅうし	入試	5481
にゅうし	乳歯	6915
にゅうしつ	入室	6445
にゅうしゃ	入社	5088
にゅうしゃ	入射	7002
にゅうしゃご	入社後	6691
にゅうしゃしき	入社式	7418
にゅうしゃじ	入社時	7273
にゅうしゃまえ	入社前	7072
にゅうしゅ	入手	4902
にゅうしゅかのう	入手可能	6440
にゅうしゅこんなん	入手困難	6962
にゅうしゅつりょく	入出力	6749
にゅうしゅほうほう	入手方法	6445
にゅうしょ	入所	5982
にゅうしょう	入賞	5732
にゅうしょうしゃ	入賞者	7456
にゅうしょく	入植	6842
にゅうしん	入信	7238
にゅうじ	乳児	6341
にゅうじゅく	入塾	6734
にゅうじょう	入場	5211
にゅうじょう	入城	7266
にゅうじょうけん	入場券	7095
にゅうじょうじ	入場時	7185
にゅうじょうせいげん	入場制限	7351
にゅうじょうむりょう	入場無料	6802
にゅうじょうりょう	入場料	6804
にゅうせいひん	乳製品	6392
にゅうせき	入籍	6531
にゅうせん	入選	6507
にゅうせん	乳腺	6690
にゅうせん	入線	6785
にゅうたい	入隊	6530
にゅうたいいん	入退院	7306
にゅうだん	入団	6030
にゅうてん	入店	5951
にゅうとう	乳頭	6836
にゅうとう	乳糖	7281
にゅうとう	入湯	7484
にゅうどう	入道	7282
にゅうどうぐも	入道雲	7435
にゅうねん	入念	6702
にゅうはくしょく	乳白色	7151
にゅうぶ	入部	6097
にゅうぼう	乳房	6901
にゅうみん	入眠	7239
にゅうもん	入門	5887
にゅうもんしょ	入門書	6904
にゅうようじ	乳幼児	6279
にゅうよく	入浴	5672
にゅうよくご	入浴後	7411
にゅうよくざい	入浴剤	7093
にゅうりょう	入寮	6947
にゅうりょく	入力	4635
にゅうりょくご	入力後	7359
にゅうりょくないよう	入力内容	7150
にゅうろう	入ろう	6611
にゅうわ	柔和	7264
にゅー	ニュー	5545
にゅー	NEW	6420
にゅー	New	6579
にゅーいやー	ニューイヤー	7278
にゅーおーりんず	ニューオーリンズ	7532
にゅーかっする	ニューカッスル	7408
にゅーかれどにあ	ニューカレドニア	7504
にゅーじゃーじー	ニュージャージー	7271
にゅーじーらんど	ニュージーランド	6135
にゅーじーらんど	NZ	7094
にゅーす	ニュース	5000
にゅーす	NEWS	6603
にゅーすきゃすたー	ニュースキャスター	7556
にゅーすりりーす	ニュースリリース	7466
にゅーすれたー	ニュースレター	6844
にゅーたいぷ	ニュータイプ	7048
にゅーたうん	ニュータウン	6781
にゅーでりー	ニューデリー	7552
にゅーとらる	ニュートラル	6736
にゅーとりの	ニュートリノ	7518
にゅーとん	ニュートン	7108
にゅーばらんす	ニューバランス	7460
にゅーぼーんふぉと	ニューボーンフォト	7490
にゅーもでる	ニューモデル	7442
にゅーよーかー	ニューヨーカー	7528
にゅーよーく	ニューヨーク	5580
にゅーよーく	NY	6266
にゅーよーくたいむず	ニューヨーク・タイムズ	7383
にゅーらるねっとわーく	ニューラルネットワーク	7104
にゅーろん	ニューロン	6846
にょい	如意	7493
にょう	尿	6232
にょうい	尿意	7383
にょうかん	尿管	7218
にょうけんさ	尿検査	7402
にょうさん	尿酸	7056
にょうさんち	尿酸値	7372
にょうそ	尿素	7092
にょうどう	尿道	6910
にょうぼう	女房	6516
にょうろ	尿路	6905
にょじつ	如実	6967
にょたい	女体	7109
にょっき	ニョッキ	7445
にょにん	女人	7319
にょらい	如来	6955
によ	によ	7304
によせて	に寄せて	6923
によりて	によりて	7547
にら	ニラ	6250
にら	にら	6802
にらま	睨ま	7172
にらみ	睨み	7329
にらみ	にらみ	7379
にらみつけ	睨みつけ	7278
にらみつける	睨みつける	7513
にらむ	睨む	7240
にらめっこ	にらめっこ	7012
にらん	睨ん	6926
にらん	にらん	7478
にりゅう	二流	7446
にりん	二輪	6877
にりんしゃ	二輪車	7047
にる	煮る	6200
にる	似る	7089
にる	ニル	7165
にるい	二塁	6473
にるいしゅ	二塁手	7455
にるいだ	二塁打	6634
にろう	二郎	6936
にわ	庭	5194
にわ	二輪	6871
にわ	丹羽	7192
にわか	にわか	6790
にわか	ニワカ	7446
にわか	俄	7522
にわかあめ	にわか雨	7345
にわかに	にわかに	6971
にわかれて	に分かれて	5942
にわかれて	に別れて	7227
にわき	庭木	6686
にわけて	に分けて	5897
にわけて	にわけて	7258
にわさき	庭先	7082
にわし	庭師	7071
にわすれて	に忘れて	7305
にわたして	に渡して	7067
にわとり	鶏	5784
にわとり	ニワトリ	6672
にわとり	にわとり	7343
にわとりむねにく	鶏むね肉	7409
にわとりももにく	鶏もも肉	7431
にん	人	3826
にん	忍	6770
にん	任	6811
にん	にん	7222
にんい	任意	5485
にんいせいり	任意整理	7406
にんいほけん	任意保険	7382
にんか	認可	5894
にんかん	任官	7552
にんき	人気	4357
にんき	任期	6183
にんききじ	人気記事	7413
にんきさくひん	人気作品	7563
にんきしゃ	人気者	7537
にんきしょうひん	人気商品	6800
にんきじゅん	人気順	7453
にんきてん	人気店	7034
にんきとうひょう	人気投票	6864
にんきど	人気度	6842
にんきまんが	人気漫画	7525
にんきまんりょう	任期満了	7336
にんきょう	任侠	7288
にんぎょ	人魚	6522
にんぎょう	人形	5510
にんぎょうげき	人形劇	7479
にんぐみ	人組	6025
にんげん	人間	4311
にんげん	ニンゲン	7285
にんげんかい	人間界	7145
にんげんかんけい	人間関係	5916
にんげんこうがく	人間工学	7180
にんげんしゃかい	人間社会	7266
にんげんせい	人間性	6173
にんげんたち	人間たち	7287
にんげんてき	人間的	6755
にんげんどっく	人間ドック	6797
にんげんみ	人間味	6847
にんげんらし	人間らし	7420
にんげんらしい	人間らしい	7119
にんげんらしく	人間らしく	7340
にんげんらしさ	人間らしさ	7449
にんさんぷ	妊産婦	7182
にんしき	認識	4886
にんしょう	認証	5229
にんしょう	人称	7146
にんしょうじょうほう	認証情報	7421
にんしん	妊娠	5180
にんしんしょき	妊娠初期	7358
にんしんちゅう	妊娠中	6290
にんじ	任じ	7470
にんじゃ	忍者	5971
にんじゃ	ニンジャ	6846
にんじゃすれいやー	ニンジャスレイヤー	7553
にんじゅつ	忍術	6992
にんじょう	人情	6607
にんじょうみ	人情味	7479
にんじん	人参	5853
にんじん	にんじん	5936
にんじん	ニンジン	6343
にんずう	人数	5090
にんずうせいげん	人数制限	7405
にんそう	人相	7098
にんたい	忍耐	6445
にんたいりょく	忍耐力	7043
にんたまらんたろう	忍たま乱太郎	7337
にんち	認知	5185
にんちきのう	認知機能	7332
にんちこうどうりょうほう	認知行動療法	7451
にんちど	認知度	6857
にんてい	認定	5033
にんていこどもえん	認定こども園	7153
にんていしょう	認定証	7496
にんてんどう	任天堂	6147
にんてんどー	ニンテンドー	6856
にんてんどーすいっち	ニンテンドースイッチ	7244
にんてんどーでぃーえす	ニンテンドーDS	7566
にんにく	にんにく	5671
にんにく	ニンニク	5765
にんふぃあ	ニンフィア	7458
にんぷ	妊婦	5931
にんぷ	人夫	7563
にんぽう	忍法	7237
にんまえ	人前	6151
にんまり	ニンマリ	7471
にんむ	任務	5712
にんめ	人目	6610
にんめい	任命	6038
にんめいけんじゃ	任命権者	7320
にんよう	任用	6488
にーあ	ニーア	7556
にーす	ニース	7154
にーず	ニーズ	5108
にーちぇ	ニーチェ	7175
にーと	ニート	6285
にーどる	ニードル	6729
にーな	ニーナ	7023
にーる	ニール	6930
ぬ	ぬ	4868
ぬい	抜い	5627
ぬい	脱い	6200
ぬい	縫い	6409
ぬい	ぬい	6832
ぬい	縫	7123
ぬい	絵	7515
ぬいあわせ	縫い合わせ	7195
ぬいぐるみ	ぬいぐるみ	5530
ぬいしろ	縫い代	7141
ぬいつけ	縫い付け	7033
ぬいめ	縫い目	6602
ぬう	縫う	6669
ぬえ	鵺	7278
ぬか	抜か	6119
ぬか	ぬか	6907
ぬか	糠	7347
ぬかさ	抜かさ	7380
ぬかし	抜かし	7085
ぬかす	抜かす	7462
ぬかづけ	ぬか漬け	7069
ぬかどこ	ぬか床	7298
ぬかり	抜かり	7117
ぬかるん	ぬかるん	7432
ぬが	脱が	7126
ぬき	抜き	5761
ぬき	貫	6891
ぬき	ぬき	6907
ぬきうち	抜き打ち	7408
ぬきさし	抜き差し	6995
ぬきだし	抜き出し	6912
ぬきだす	抜き出す	7532
ぬきとっ	抜き取っ	7361
ぬきとり	抜き取り	7300
ぬきとる	抜き取る	7479
ぬきゃ	ぬきゃ	6907
ぬきゃ	抜きゃ	6907
ぬきんで	抜きん出	7472
ぬぎ	脱ぎ	6509
ぬぎすて	脱ぎ捨て	7273
ぬく	抜く	5946
ぬく	ぬく	6907
ぬく	温	7333
ぬくぬく	ぬくぬく	7172
ぬくまっ	温まっ	7044
ぬくめ	温め	6414
ぬくもり	温もり	6737
ぬくもり	ぬくもり	6818
ぬぐ	脱ぐ	6658
ぬぐい	拭い	7033
ぬぐい	ぬぐい	7504
ぬぐう	拭う	7286
ぬぐえ	拭え	7167
ぬぐっ	拭っ	7190
ぬけ	抜け	5201
ぬけ	ぬけ	6750
ぬけあな	抜け穴	7525
ぬけおち	抜け落ち	6974
ぬけがら	抜け殻	7047
ぬけげ	抜け毛	6473
ぬけだし	抜け出し	6280
ぬけだす	抜け出す	6608
ぬけだせ	抜け出せ	6788
ぬけで	抜け出	7406
ぬけみち	抜け道	7078
ぬける	抜ける	5840
ぬける	ぬける	7557
ぬげ	脱げ	7210
ぬこ	ぬこ	6907
ぬこ	抜こ	6907
ぬこう	抜こう	7547
ぬさ	幣	7130
ぬし	主	5313
ぬし	ヌシ	7346
ぬしな	主な	6411
ぬすま	盗ま	6310
ぬすみ	盗み	6797
ぬすむ	盗む	6655
ぬすん	盗ん	6308
ぬっ	塗っ	5535
ぬっ	縫っ	6495
ぬっ	ぬっ	6953
ぬの	布	5650
ぬのじ	布地	6816
ぬのせい	布製	6995
ぬま	沼	6150
ぬまた	沼田	7171
ぬまち	沼地	7129
ぬまづ	沼津	6481
ぬめ	ヌメ	7276
ぬめり	ぬめり	7101
ぬめり	ヌメリ	7445
ぬめり	滑り	7446
ぬら	塗ら	6414
ぬらさ	濡らさ	7496
ぬらし	濡らし	6541
ぬらす	濡らす	7192
ぬらりひょん	ぬらりひょん	7525
ぬり	塗り	5574
ぬり	塗	6567
ぬり	ぬり	6686
ぬりえ	塗り絵	6574
ぬりえ	ぬりえ	6718
ぬりかえ	塗り替え	6651
ぬりかえる	塗り替える	7305
ぬりかさね	塗り重ね	7476
ぬりぐすり	塗り薬	7112
ぬりつぶさ	塗りつぶさ	7468
ぬりつぶし	塗りつぶし	6722
ぬりつぶす	塗りつぶす	7496
ぬりやすい	塗りやすい	7389
ぬりわけ	塗り分け	7265
ぬる	塗る	5939
ぬる	ぬる	6807
ぬる	温	7372
ぬるい	ぬるい	7012
ぬるく	ぬるく	7371
ぬるぬる	ヌルヌル	7149
ぬるぬる	ぬるぬる	7254
ぬるまゆ	ぬるま湯	6605
ぬるめ	ぬるめ	7408
ぬれ	濡れ	5659
ぬれ	ぬれ	6771
ぬれ	塗れ	7012
ぬれぎぬ	濡れ衣	7474
ぬれる	濡れる	6632
ぬわ	縫わ	7402
ぬん	ぬん	7357
ぬんちゃく	ヌンチャク	7547
ぬゔぃれっと	ヌヴィレット	7498
ぬーど	ヌード	6782
ぬーどる	ヌードル	6616
ね	ね	3178
ね	寝	5023
ね	音	5112
ね	値	5198
ね	根	5642
ね	子	6208
ねあがり	値上がり	6308
ねあげ	値上げ	5922
ねあんでるたーる	ネアンデルタール	7530
ねいき	寝息	7212
ねいきっど	ネイキッド	7469
ねいさん	ネイサン	7390
ねいちゃー	ネイチャー	6881
ねいてぃぶ	ネイティブ	6088
ねいてぃぶあめりかん	ネイティブアメリカン	7557
ねいばー	ネイバー	7331
ねいびー	ネイビー	6174
ねいまーる	ネイマール	7067
ねいりすと	ネイリスト	6722
ねいる	ネイル	5732
ねいるあーと	ネイルアート	7435
ねいるけあ	ネイルケア	7476
ねいるさろん	ネイルサロン	6745
ねいるちっぷ	ネイルチップ	7171
ねいるでざいん	ネイルデザイン	7207
ねいろ	音色	6249
ねうごき	値動き	6787
ねうち	値打ち	6615
ねぇ	ねぇ	5068
ねぇねぇ	ねぇねぇ	7480
ねえ	ねえ	5635
ねえ	姉	5928
ねえさま	姉さま	7053
ねえさま	姉様	7318
ねえさん	姉さん	6840
ねえさん	ねえさん	6883
ねえさん	姐さん	6971
ねえちゃん	姉ちゃん	6039
ねお	ネオ	6384
ねお	根尾	7235
ねおき	寝起き	6607
ねおじむ	ネオジム	7532
ねおち	寝落ち	7473
ねおん	ネオン	6491
ねかさ	寝かさ	7536
ねかし	寝かし	7182
ねかしつけ	寝かしつけ	6763
ねかす	寝かす	7537
ねかせ	寝かせ	6339
ねかせる	寝かせる	6851
ねかふぇ	ネカフェ	7516
ねから	根から	7521
ねが	ネガ	6838
ねがい	願い	5349
ねがい	願	6933
ねがい	ねがい	7278
ねがいごと	願い事	6407
ねがいごと	願いごと	7338
ねがいで	願い出	7444
ねがう	願う	5880
ねがえ	願え	6907
ねがえよ	願えよ	6907
ねがえり	寝返り	6910
ねがえりゃ	願えりゃ	6907
ねがえる	願える	6907
ねがえれ	願えれ	6907
ねがえろ	願えろ	6907
ねがえん	願えん	6907
ねがお	寝顔	6790
ねがお	願お	6907
ねがきゃん	ネガキャン	7421
ねがっ	願っ	5490
ねがてぃぶ	ネガティブ	5757
ねがてぃゔ	ネガティヴ	7528
ねがわ	願わ	6907
ねがわくば	願わくば	7192
ねぎ	ネギ	5620
ねぎ	ねぎ	5826
ねぎ	葱	6630
ねぎし	根岸	6962
ねぎらい	労い	7168
ねぎらわ	労わ	7325
ねくさす	ネクサス	7089
ねくすてーじ	ネクステージ	7539
ねくすと	ネクスト	7049
ねくたい	ネクタイ	6147
ねくら	根暗	7403
ねぐされ	根腐れ	7433
ねぐせ	寝癖	7232
ねぐら	ねぐら	7474
ねぐれくと	ネグレクト	7287
ねこ	猫	4707
ねこ	ネコ	5617
ねこ	ねこ	5641
ねこじゃらし	猫じゃらし	7426
ねこすな	猫砂	7420
ねこずき	猫好き	7501
ねこぜ	猫背	6499
ねこそぎ	根こそぎ	7456
ねこたち	猫たち	6604
ねこで	猫で	7471
ねこねこ	猫猫	7097
ねこぽす	ネコポス	6562
ねこまた	猫又	7335
ねこみみ	猫耳	6978
ねころがっ	寝転がっ	7137
ねころん	寝転ん	7066
ねこん	寝込ん	7009
ねごこち	寝心地	6846
ねごと	寝言	7159
ねさがり	値下がり	6970
ねさげ	値下げ	5479
ねざし	根ざし	6679
ねざし	根差し	6942
ねざー	ネザー	7553
ねじ	ネジ	5577
ねじ	ねじ	6136
ねじあな	ネジ穴	7545
ねじこみ	ねじ込み	7468
ねじこん	ねじ込ん	7359
ねじっ	捻っ	7118
ねじっ	ねじっ	7200
ねじめ	禰	6688
ねじら	拗ら	7177
ねじり	ねじり	6935
ねじる	ねじる	7487
ねじれ	ねじれ	6773
ねす	ネス	6387
ねすがた	寝姿	7429
ねすと	ネスト	6821
ねすれ	ネスレ	7494
ねずみ	ネズミ	6020
ねずみ	ねずみ	6425
ねずみ	鼠	6834
ねそべっ	寝そべっ	7212
ねそべり	寝そべり	7388
ねぞう	寝相	7196
ねた	ネタ	4891
ねた	ねた	7447
ねたきり	寝たきり	6814
ねたにやふ	ネタニヤフ	7435
ねたばれ	ネタバレ	5873
ねたばれれびゅー	ネタバレレビュー	7451
ねたみ	妬み	6938
ねたん	妬ん	7539
ねだっ	ねだっ	7502
ねだる	ねだる	7528
ねだん	値段	4951
ねだんてき	値段的	7532
ねちがえ	寝違え	7391
ねちずん	ネチズン	7418
ねちねち	ネチネチ	7430
ねちゃう	寝ちゃう	7501
ねちゃっ	寝ちゃっ	7223
ねっ	ねっ	6424
ねっ	練っ	6523
ねっから	根っから	7050
ねっかん	熱感	7536
ねっき	熱気	6330
ねっきょう	熱狂	6196
ねっきょうてき	熱狂的	6923
ねっく	ネック	5782
ねっくうぉーまー	ネックウォーマー	7533
ねっくれす	ネックレス	5946
ねっけつ	熱血	6747
ねっこ	根っこ	6365
ねっし	熱し	6022
ねっしょう	熱唱	6741
ねっしょう	熱傷	7404
ねっしん	熱心	5745
ねっすい	熱水	7272
ねっする	熱する	7443
ねっせん	熱戦	6669
ねっせん	熱線	7280
ねったい	熱帯	6221
ねったいうりん	熱帯雨林	7027
ねったいぎょ	熱帯魚	6827
ねったいていきあつ	熱帯低気圧	7497
ねったいや	熱帯夜	7398
ねっちゅう	熱中	5615
ねっちゅうしょう	熱中症	6158
ねっと	ネット	4633
ねっと	NET	6735
ねっとう	熱湯	6302
ねっとおーくしょん	ネットオークション	7413
ねっとかふぇ	ネットカフェ	7502
ねっとかんきょう	ネット環境	7258
ねっとけんさく	ネット検索	7290
ねっとさーふぃん	ネットサーフィン	7517
ねっとしょっぴんぐ	ネットショッピング	7374
ねっとしょっぷ	ネットショップ	6309
ねっとじょう	ネット上	5991
ねっとじょうほう	ネット情報	7402
ねっとつうはん	ネット通販	6855
ねっとにゅーす	ネットニュース	7297
ねっとはんばい	ネット販売	7261
ねっとびじねす	ネットビジネス	7488
ねっとふりっくす	ネットフリックス	7151
ねっとよやく	ネット予約	6987
ねっとり	ねっとり	6705
ねっとわーきんぐ	ネットワーキング	7087
ねっとわーく	ネットワーク	5056
ねっとわーくじょう	ネットワーク上	7465
ねっとわーくびじねす	ネットワークビジネス	7553
ねっぱ	熱波	7115
ねっぷう	熱風	6991
ねつ	熱	5142
ねつ	ねつ	7551
ねつあい	熱愛	6273
ねつあいほうどう	熱愛報道	7524
ねつい	熱意	6141
ねつえん	熱演	6664
ねつき	根付き	7506
ねつけ	寝付け	7347
ねつけ	値付け	7404
ねつけ	根付	7404
ねつげん	熱源	6891
ねつしょり	熱処理	6808
ねつじょう	熱情	7545
ねつぞう	捏造	6238
ねつぞう	ねつ造	7491
ねつべん	熱弁	7129
ねつぼう	熱望	6945
ねつりょう	熱量	6265
ねつれつ	熱烈	6638
ねづ	根津	7165
ねづい	根付い	6557
ねづか	根付か	7427
ねづく	根付く	7268
ねづよい	根強い	6545
ねづよいにんき	根強い人気	6969
ねづよいふぁん	根強いファン	7517
ねづよく	根強く	7080
ねで	値で	7499
ねとふり	ネトフリ	7242
ねとまり	寝泊まり	7266
ねとらぼ	ねとらぼ	7066
ねどこ	寝床	6769
ねね	ねね	6899
ねね	寧々	7168
ねね	ネネ	7383
ねはば	値幅	7526
ねはん	涅槃	7014
ねば	粘	7340
ねばだ	ネバダ	7402
ねばっ	粘っ	6698
ねばねば	ネバネバ	7038
ねばねば	ねばねば	7472
ねばり	粘り	6491
ねばりけ	粘り気	7180
ねばりづよ	粘り強	7246
ねばりづよい	粘り強い	7104
ねばりづよく	粘り強く	6700
ねばりづよさ	粘り強さ	7470
ねばる	粘る	7013
ねばーらんど	ネバーランド	7213
ねぱーる	ネパール	6349
ねびき	値引き	5685
ねびき	値引	6952
ねふだ	値札	6885
ねぶかい	根深い	7394
ねぶくろ	寝袋	6833
ねぶそく	寝不足	6552
ねぶた	ねぶた	6716
ねぶと	根太	7517
ねぷた	ねぷた	7137
ねぷちゅーん	ネプチューン	7257
ねほりはほり	根掘り葉掘り	7498
ねぼう	寝坊	6928
ねぼけ	寝ぼけ	7082
ねまわし	根回し	7262
ねむ	眠	6914
ねむ	ネム	7183
ねむ	ねむ	7193
ねむ	睡	7551
ねむい	眠い	6418
ねむい	ねむい	7515
ねむく	眠く	6313
ねむけ	眠気	6353
ねむそう	眠そう	7410
ねむたい	眠たい	7288
ねむたく	眠たく	7363
ねむっ	眠っ	5856
ねむら	眠ら	7079
ねむらせ	眠らせ	7165
ねむり	眠り	6124
ねむり	眠	6839
ねむり	ねむり	7281
ねむりについ	眠りについ	7563
ねむる	眠る	6024
ねむる	ねむる	7546
ねむれ	眠れ	6082
ねむれる	眠れる	6524
ねむれるもりのびじょ	眠れる森の美女	7433
ねむろ	根室	7171
ねめしす	ネメシス	7199
ねも	ネモ	7243
ねもと	根本	5757
ねもと	根元	6112
ねもふぃら	ネモフィラ	7164
ねやがわ	寝屋川	7074
ねよ	寝よ	6767
ねよう	寝よう	6800
ねら	練ら	7063
ねらい	狙い	5615
ねらい	ねらい	6647
ねらいうち	狙い撃ち	7162
ねらいやすい	狙いやすい	7347
ねらう	狙う	5522
ねらう	ねらう	7526
ねらえ	狙え	6783
ねらえる	狙える	6267
ねらお	狙お	7224
ねらおう	狙おう	7218
ねらっ	狙っ	5400
ねらっ	ねらっ	7211
ねらわ	狙わ	6178
ねり	練	6342
ねり	練り	6518
ねり	ねり	6899
ねり	煉	7323
ねり	ネリ	7346
ねりあげ	練り上げ	7284
ねりあるき	練り歩き	7231
ねりあるく	練り歩く	7286
ねりこま	練り込ま	7376
ねりこみ	練り込み	7506
ねりこん	練り込ん	6913
ねりこん	練りこん	7378
ねりま	練馬	6470
ねりまく	練馬区	7377
ねりもの	練り物	7361
ねる	寝る	5436
ねる	ネル	6334
ねる	ねる	6725
ねる	練る	6777
ねるそん	ネルソン	7302
ねれ	寝れ	7389
ねろ	ネロ	7038
ねろ	寝ろ	7437
ねわざ	寝技	7239
ねん	年	3344
ねん	ねん	5495
ねん	念	5592
ねんいり	念入り	6636
ねんえき	粘液	6948
ねんかい	年会	6507
ねんかいひ	年会費	7025
ねんかん	年間	4740
ねんかん	年鑑	7511
ねんかん	年刊	7528
ねんが	年賀	6930
ねんがく	年額	7157
ねんがじょう	年賀状	6096
ねんがっぴ	年月日	6495
ねんがん	念願	5987
ねんき	年季	6921
ねんきゅう	年休	7048
ねんきん	年金	5351
ねんぐ	年貢	7151
ねんげつ	年月	6278
ねんげん	年限	7337
ねんこうじょれつ	年功序列	6575
ねんご	年後	6424
ねんごう	年号	7002
ねんごと	年ごと	7194
ねんごろ	年頃	7115
ねんさん	年産	7079
ねんざ	捻挫	6693
ねんし	年始	6496
ねんしき	年式	6424
ねんしゅう	年収	5351
ねんしゅつ	捻出	6789
ねんしょ	年初	6632
ねんしょう	燃焼	5880
ねんしょう	年少	6617
ねんしょう	年商	7046
ねんしょらい	年初来	7529
ねんじ	年次	6024
ねんじ	念じ	7256
ねんじゅう	年中	6187
ねんじゆうきゅうきゅうか	年次有給休暇	7457
ねんすう	年数	5818
ねんせい	年生	4567
ねんせい	粘性	6994
ねんだい	年代	5059
ねんだいべつ	年代別	7315
ねんだいまつ	年代末	7553
ねんちゃく	粘着	6103
ねんちゃくりょく	粘着力	7429
ねんちょう	年長	6138
ねんていど	年程度	7185
ねんてん	捻転	7414
ねんとう	念頭	6676
ねんとう	年頭	7366
ねんとうにおい	念頭に置い	6817
ねんとうにおい	念頭におい	7407
ねんとうにおき	念頭に置き	7471
ねんど	年度	4862
ねんど	粘土	6056
ねんど	粘度	6514
ねんどちゅう	年度中	7462
ねんどない	年度内	7289
ねんどまつ	年度末	6637
ねんどよさん	年度予算	7532
ねんどろいど	ねんどろいど	6863
ねんない	年内	6135
ねんね	ねんね	7128
ねんねん	年々	5937
ねんねんふえ	年々増え	7323
ねんばん	年版	6437
ねんぱい	年配	6167
ねんぱいのほう	年配の方	7138
ねんぴ	燃費	5791
ねんぴょう	年表	6692
ねんぶつ	念仏	6582
ねんぶり	年ぶり	5693
ねんぽう	年俸	6543
ねんぽう	年報	7553
ねんまく	粘膜	6191
ねんまつ	年末	5628
ねんまつちょうせい	年末調整	6835
ねんまつねんし	年末年始	5701
ねんみまん	年未満	7535
ねんめ	年目	5904
ねんゆ	燃油	7486
ねんよ	年余	7376
ねんらい	年来	6813
ねんり	年利	7476
ねんりつ	年率	7217
ねんりょ	念慮	7518
ねんりょう	燃料	5430
ねんりょうたんく	燃料タンク	7377
ねんりん	年輪	7187
ねんれい	年齢	4803
ねんれいさ	年齢差	7327
ねんれいせいげん	年齢制限	6980
ねんれいそう	年齢層	6869
ねんれいてき	年齢的	6658
ねんれいべつ	年齢別	7555
ねー	ねー	5743
ねーみんぐ	ネーミング	6227
ねーむ	ネーム	5776
ねーむばりゅー	ネームバリュー	7227
の	の	1633
の	之	5922
の	野	5982
の	ノ	6107
のあ	ノア	6486
のあ	のあ	6680
のあ	乃愛	7557
のい	ノイ	7124
のい	のい	7482
のいけ	野池	7422
のいじー	ノイジー	7503
のいず	ノイズ	5720
のいずきゃんせりんぐ	ノイズキャンセリング	7152
のいろーぜ	ノイローゼ	7204
のぅ	のぅ	7396
のう	脳	5068
のう	能	6120
のう	農	6227
のう	のう	6374
のう	膿	6968
のう	無う	7005
のうえん	農園	5783
のうえん	脳炎	7488
のうか	農家	5515
のうかがく	脳科学	7349
のうかがくてき	脳科学的	7290
のうかん	納竿	7292
のうかん	脳幹	7389
のうかん	納棺	7535
のうがく	能楽	6969
のうがく	農学	7186
のうがくどう	能楽堂	7403
のうがくぶ	農学部	6916
のうき	納期	5879
のうきぐ	農機具	7111
のうきょう	農協	6638
のうきょう	納経	7481
のうぎょう	農業	5208
のうぐ	農具	7449
のうげか	脳外科	7226
のうこう	濃厚	5332
のうこう	農耕	6768
のうこうそく	脳梗塞	6815
のうこつ	納骨	6520
のうこつどう	納骨堂	7436
のうこん	濃紺	7144
のうさぎょう	農作業	6599
のうさくぶつ	農作物	6627
のうさくもつ	農作物	7199
のうさん	農産	7134
のうさん	農山	7347
のうさんぶつ	農産物	6259
のうし	脳死	6886
のうしゃ	納車	5782
のうしゅく	濃縮	6333
のうしゅっけつ	脳出血	7139
のうしゅよう	脳腫瘍	7073
のうしょう	脳症	7293
のうしんけい	脳神経	6624
のうじ	農事	7493
のうじょう	農場	6114
のうすい	農水	7421
のうすいしょう	農水省	7235
のうせい	農政	7136
のうせい	脳性	7325
のうぜい	納税	5711
のうぜいしゃ	納税者	7389
のうそっちゅう	脳卒中	6521
のうそん	農村	6242
のうたん	濃淡	6622
のうだい	農大	7408
のうち	農地	6091
のうてん	脳天	7281
のうど	濃度	5544
のうどう	能動	6567
のうどう	農道	7082
のうどうてき	能動的	6844
のうない	脳内	5983
のうにゅう	納入	6213
のうは	脳波	6858
のうはう	ノウハウ	5543
のうひん	納品	5827
のうひんしょ	納品書	6927
のうふ	納付	6001
のうふ	農夫	7302
のうほう	農法	6744
のうほう	嚢胞	6962
のうみそ	脳みそ	6595
のうみつ	濃密	6517
のうみん	農民	6328
のうむ	濃霧	7334
のうめん	能面	7301
のうやく	農薬	5798
のうよう	膿瘍	7334
のうり	脳裏	6582
のうりつ	能率	6852
のうりょう	納涼	6773
のうりょく	能力	4575
のうりょくしゃ	能力者	7522
のうりょくち	能力値	7230
のうりん	農林	6275
のうりんすいさんしょう	農林水産省	6653
のえる	ノエル	6828
のがし	逃し	6125
のがす	逃す	6543
のがみ	野上	7315
のがれ	逃れ	6426
のがれよ	逃れよ	7408
のがれよう	逃れよう	7398
のがれる	逃れる	6594
のがわ	野川	7416
のき	軒	6538
のき	のき	6820
のきさき	軒先	6934
のきした	軒下	6922
のきてん	軒天	7359
のきなみ	軒並み	6650
のぎ	乃木	6865
のぎ	野木	7520
のぎざか	乃木坂	6525
のぎざかふぉーてぃーしっくす	乃木坂46	6292
のぎす	ノギス	7547
のく	のく	7307
のくたーん	ノクターン	7542
のくち	野口	6990
のくりあ	のクリア	6349
のぐち	野口	6426
のけ	のけ	6907
のけひめ	のけ姫	7385
のけよ	のけよ	6907
のけりゃ	のけりゃ	6907
のける	のける	6907
のけれ	のけれ	6907
のけろ	のけろ	6907
のけん	のけん	6907
のげ	野毛	7501
のこ	ノコ	7008
のこ	のこ	7114
のこ	鋸	7564
のこぎり	ノコギリ	6956
のこぎり	のこぎり	7090
のこぎり	鋸	7308
のこさ	残さ	5568
のこさ	遺さ	7277
のこし	残し	4999
のこし	遺し	6837
のこし	のこし	7277
のこす	残す	5482
のこせ	残せ	6782
のこせる	残せる	6646
のこそ	残そ	7022
のこそう	残そう	7014
のこっ	残っ	4802
のこっ	のこっ	7391
のこら	残ら	6153
のこり	残り	5211
のこり	のこり	7241
のこりじかん	残り時間	7397
のこりすくない	残り少ない	7061
のこりすくなく	残り少なく	7276
のこりもの	残り物	7014
のこりやすい	残りやすい	7120
のこりやすく	残りやすく	7556
のこる	残る	5176
のさわ	野沢	7460
のざき	野崎	6898
のざわ	野沢	7350
のざわ	野澤	7420
のざわおんせん	野沢温泉	7465
のざわな	野沢菜	7276
のし	のし	6789
のし	熨斗	7143
のし	ノシ	7282
のしあがっ	のし上がっ	7549
のしかかっ	のしかかっ	7431
のしかかる	のしかかる	7542
のしろ	能代	7483
のじま	野島	7376
のじま	ノジマ	7487
のじゅく	野宿	7090
のじり	野尻	7534
のす	のす	6975
のすすめ	のすすめ	6926
のすたるじっく	ノスタルジック	6722
のすたるじー	ノスタルジー	7058
のずる	ノズル	6336
のせ	載せ	5295
のせ	乗せ	5348
のせ	のせ	5520
のせ	能勢	7368
のせかえ	載せ替え	7394
のせよ	載せよ	7376
のせよう	載せよう	7383
のせる	乗せる	6034
のせる	載せる	6138
のせる	のせる	6261
のぞい	除い	5739
のぞい	覗い	5834
のぞい	のぞい	6353
のぞか	覗か	7295
のぞか	除か	7431
のぞかせ	のぞかせ	7099
のぞかせ	覗かせ	7153
のぞかせる	覗かせる	7548
のぞき	除き	5649
のぞき	覗き	6615
のぞき	のぞき	6918
のぞきこむ	覗き込む	6954
のぞきこん	覗き込ん	6928
のぞきみ	覗き見	7225
のぞきみ	のぞき見	7518
のぞく	除く	5253
のぞく	覗く	6383
のぞく	のぞく	6747
のぞけ	除け	6406
のぞま	望ま	6205
のぞま	臨ま	7361
のぞましい	望ましい	5897
のぞましく	望ましく	6955
のぞみ	望み	6196
のぞみ	臨み	6233
のぞみ	のぞみ	6663
のぞみ	希	7083
のぞみ	希美	7196
のぞみ	望	7223
のぞむ	望む	5621
のぞむ	臨む	6074
のぞむ	希	7225
のぞむ	のぞむ	7274
のぞむ	望	7325
のぞめ	望め	6814
のぞめ	臨め	7337
のぞめ	挑め	7516
のぞめる	望める	6842
のぞめる	臨める	7235
のぞめる	挑める	7471
のぞん	望ん	5820
のぞん	臨ん	6127
のだ	野田	6102
のち	後	4485
のち	のち	5906
のちに	後に	4568
のちのち	後々	6729
のちのち	のちのち	7388
のちほど	後ほど	6367
のちほど	後程	7215
のちほど	のちほど	7459
のっ	乗っ	4802
のっ	載っ	5449
のっ	のっ	5815
のっ	ノッ	7532
のっかっ	乗っかっ	6677
のっかる	乗っかる	7296
のっきんぐ	ノッキング	7463
のっく	ノック	6218
のっくあうと	ノックアウト	6893
のっけ	乗っけ	6957
のっけ	のっけ	7101
のっけから	のっけから	7522
のっち	ノッチ	7179
のっと	ノット	6967
のっとっ	則っ	6582
のっとっ	乗っ取っ	7271
のっとっ	のっとっ	7300
のっとっ	法っ	7532
のっとら	乗っ取ら	6778
のっとり	乗っ取り	6862
のっとり	則り	6906
のっとり	のっとり	7471
のっとる	乗っ取る	7533
のっぺり	のっぺり	7261
のっぽ	のっぽ	7528
ので	ので	3019
のではない	のではない	7315
のと	能登	6252
のとはんとう	能登半島	6229
のとはんとうじしん	能登半島地震	6376
のど	喉	5738
のど	のど	6197
のど	ノド	7121
のどか	のどか	6513
のどか	長閑	7348
のどぐろ	のどぐろ	7522
のどごし	喉越し	7051
のどごし	のどごし	7348
のどのおく	喉の奥	7535
のどもと	喉元	7409
のな	野菜	6285
のなか	野中	7063
のなんの	のなんの	7411
のに	のに	4084
のの	ノノ	7514
ののしっ	罵っ	7507
ののしら	罵ら	7393
ののしり	罵り	7377
ののむら	野々村	7197
のは	ノは	7511
のはら	野原	6858
のば	NOVA	7525
のばさ	伸ばさ	7004
のばし	伸ばし	5381
のばし	のばし	6725
のばし	延ばし	6788
のばす	伸ばす	5765
のばす	延ばす	6784
のばす	のばす	7146
のばせ	伸ばせ	7261
のばせる	伸ばせる	6856
のばそ	伸ばそ	7232
のばそう	伸ばそう	7227
のばなし	野放し	7404
のばら	野薔薇	7242
のび	伸び	5229
のび	延び	6572
のび	のび	6604
のびしろ	伸びしろ	6859
のびしろ	伸び代	7237
のびた	のび太	6285
のびなやみ	伸び悩み	7332
のびなやむ	伸び悩む	7436
のびなやん	伸び悩ん	6992
のびのび	のびのび	6290
のびのび	伸び伸び	6957
のびやか	伸びやか	6882
のびやか	のびやか	7530
のびる	伸びる	5731
のびる	延びる	6761
のびる	のびる	7166
のぶ	ノブ	6192
のぶ	のぶ	6541
のぶ	総	6851
のぶ	信	7158
のぶ	伸	7461
のぶお	信雄	7467
のぶお	信夫	7534
のぶかず	伸一	7373
のぶこ	信子	6989
のぶこ	敦子	7490
のぶしげ	信繁	7477
のぶどう	のぶどう	6892
のぶどう	のブドウ	6967
のぶなが	信長	6043
のぶながのやぼう	信長の野望	7482
のぶひこ	信彦	7239
のぶやす	信康	7537
のぶゆき	信之	7377
のぶゆき	伸之	7438
のぶゆき	信行	7483
のぶれす	のブレス	7404
のべ	述べ	5197
のべ	延べ	6594
のべ	延	6674
のべ	のべ	6702
のべおか	延岡	7048
のべゆか	延床	7473
のべらいず	ノベライズ	7462
のべる	述べる	6082
のべる	ノベル	6687
のべるてぃ	ノベルティ	6528
のほほんと	のほほんと	7451
のぼせ	のぼせ	7275
のぼっ	登っ	5591
のぼっ	上っ	6364
のぼっ	のぼっ	6836
のぼっ	昇っ	6872
のぼら	登ら	6924
のぼり	登り	5759
のぼり	上り	6373
のぼり	のぼり	6553
のぼり	昇り	7003
のぼり	幟	7115
のぼり	昇	7214
のぼり	ノボリ	7513
のぼりざか	上り坂	6914
のぼりつめ	上り詰め	7119
のぼりべつ	登別	7486
のぼる	登る	5810
のぼる	上る	6345
のぼる	のぼる	6679
のぼる	昇る	6709
のぼる	昇	7073
のぼる	陽	7364
のぼる	登	7369
のぼる	晃	7374
のぼれ	登れ	6934
のぼれる	登れる	6833
のぼろ	登ろ	7321
のぼろう	登ろう	7317
のま	飲ま	5733
のま	のま	6994
のま	野間	7114
のま	呑ま	7130
のまさ	飲まさ	7287
のみ	のみ	4199
のみ	飲み	4893
のみ	呑み	6481
のみ	ノミ	6509
のみかい	飲み会	6713
のみくい	飲み食い	7270
のみくち	飲み口	6844
のみこま	飲み込ま	6742
のみこみ	飲み込み	7055
のみこむ	飲み込む	6795
のみこん	飲み込ん	6578
のみにいき	飲みに行き	7437
のみにいく	飲みに行く	7146
のみにいっ	飲みに行っ	7206
のみねーと	ノミネート	6394
のみのいち	蚤の市	7092
のみばえ	の見栄え	7343
のみほうだい	飲み放題	6839
のみほし	飲み干し	6864
のみほす	飲み干す	7350
のみみず	飲水	7477
のみもの	飲み物	5540
のみもの	飲物	7495
のみもの	飲みもの	7548
のみや	飲み屋	6551
のみやす	飲みやす	7566
のみやすい	飲みやすい	6417
のみやすく	飲みやすく	6832
のみりょう	飲料	7375
のむ	飲む	5256
のむ	のむ	6775
のむ	呑む	6879
のむら	野村	6026
のむらしょうけん	野村證券	7557
のめ	飲め	6330
のめりこみ	のめり込み	7499
のめりこむ	のめり込む	7386
のめりこん	のめり込ん	7020
のめる	飲める	6041
のも	飲も	6785
のも	のも	7282
のも	野茂	7440
のもう	飲もう	6800
のもと	野本	7383
のやき	野焼き	7406
のやま	野山	6949
のら	乗ら	6052
のら	野良	6416
のら	のら	6834
のら	載ら	7325
のら	ノラ	7348
のらいぬ	野良犬	7275
のらねこ	野良猫	6599
のらりくらり	のらりくらり	7410
のり	乗り	5238
のり	ノリ	5749
のり	のり	5828
のり	海苔	5856
のり	糊	6558
のり	載り	7097
のり	乗	7149
のり	紀	7358
のりあい	乗り合い	7035
のりあい	乗合	7320
のりあげ	乗り上げ	7394
のりあわせ	乗り合わせ	7287
のりいれ	乗り入れ	6701
のりいれる	乗り入れる	7227
のりうつっ	乗り移っ	7525
のりおくれ	乗り遅れ	7107
のりおり	乗り降り	6708
のりか	紀香	7286
のりかえ	乗り換え	5967
のりかえ	乗換	6794
のりかえ	乗換え	7309
のりかえる	乗り換える	6628
のりき	乗り気	7080
のりきっ	乗り切っ	6668
のりきり	乗り切り	6618
のりきる	乗り切る	6583
のりきれ	乗り切れ	7311
のりきれる	乗り切れる	7378
のりきろ	乗り切ろ	7268
のりきろう	乗り切ろう	7275
のりくみいん	乗組員	6678
のりくら	乗鞍	7501
のりくらだけ	乗鞍岳	7553
のりこ	のりこ	7083
のりこ	紀子	7104
のりこ	のり子	7173
のりこ	典子	7391
のりこえ	乗り越え	5662
のりこえよ	乗り越えよ	7256
のりこえよう	乗り越えよう	7248
のりこえる	乗り越える	6216
のりこみ	乗り込み	6544
のりこむ	乗り込む	6592
のりこん	乗り込ん	6360
のりごこち	乗り心地	7476
のりだし	乗り出し	6504
のりだす	乗り出す	6890
のりつい	乗り継い	6883
のりつぎ	乗り継ぎ	6814
のりつぎ	乗継	7290
のりつぐ	乗り継ぐ	7481
のりづけ	糊付け	7546
のりて	乗り手	7423
のりと	祝詞	7501
のりなが	宣長	7488
のりのり	ノリノリ	6487
のりば	乗り場	6207
のりば	のりば	6699
のりまわし	乗り回し	7451
のりもの	乗り物	6015
のりもの	のりもの	7466
のりやすい	乗りやすい	7116
のりやすく	乗りやすく	7461
のりゆき	紀之	7504
のる	乗る	5320
のる	のる	6682
のる	載る	6714
のるうぇー	ノルウェー	6373
のるでぃっく	ノルディック	7484
のるま	ノルマ	6337
のるまんでぃー	ノルマンディー	7340
のれ	乗れ	6357
のれ	のれ	7440
のれる	乗れる	6179
のれん	のれん	6612
のれん	暖簾	6707
のろ	ノロ	6823
のろ	乗ろ	6862
のろ	野呂	7311
のろい	呪	6322
のろい	呪い	6433
のろい	のろい	7351
のろう	乗ろう	6865
のろう	呪う	7504
のろういるす	ノロウイルス	7463
のろし	狼煙	7320
のろのろ	ノロノロ	7401
のろわ	呪わ	6612
のわーる	ノワール	7099
のん	飲ん	5029
のん	ノン	5802
のん	呑ん	6679
のん	のん	6907
のんあるこーる	ノンアルコール	7058
のんあるこーるびーる	ノンアルコールビール	7521
のんかふぇいん	ノンカフェイン	7508
のんき	呑気	6940
のんき	のんき	7202
のんすとっぷ	ノンストップ	6817
のんびり	のんびり	5516
のんふぃくしょん	ノンフィクション	6699
のゔぁ	ノヴァ	7170
のー	ノー	5685
のー	NO	6199
のーかっと	ノーカット	7249
のーくれーむのーりたーん	ノークレームノーリターン	7497
のーす	ノース	6580
のーすかろらいな	ノースカロライナ	7379
のーすりーぶ	ノースリーブ	6797
のーず	ノーズ	7141
のーたっち	ノータッチ	7385
のーちらす	ノーチラス	7556
のーつ	ノーツ	7168
のーと	ノート	5255
のーとぱそこん	ノートパソコン	6726
のーとぶっく	ノートブック	7153
のーとるだむ	ノートルダム	7226
のーとん	ノートン	7293
のーど	ノード	5864
のーひっと	ノーヒット	7174
のーべる	ノーベル	6370
のーべるしょう	ノーベル賞	7289
のーまる	ノーマル	5573
のーまん	ノーマン	7203
のーらん	ノーラン	7036
は	は	1914
は	派	5040
は	葉	5040
は	歯	5415
は	刃	5847
は	羽	6073
は	波	6110
は	端	6513
はぁ	はぁ	6198
はぁ	ハァ	7196
はぁはぁ	ハァハァ	7526
はあ	はあ	6612
はあ	ハア	7469
はあく	把握	5049
はい	ハイ	5197
はい	はい	5210
はい	履い	5638
はい	杯	5667
はい	肺	5922
はい	灰	6096
はい	廃	6119
はい	吐い	6159
はいあがっ	這い上がっ	7335
はいあがる	這い上がる	7558
はいあっと	ハイアット	7445
はいい	配位	7281
はいいろ	灰色	6164
はいいん	敗因	7026
はいうぇい	ハイウェイ	6904
はいえき	廃液	7416
はいえな	ハイエナ	6993
はいえん	肺炎	6225
はいえん	排煙	7462
はいえんど	ハイエンド	6518
はいえーす	ハイエース	7046
はいおく	ハイオク	7218
はいおく	廃屋	7246
はいか	配下	6532
はいかい	徘徊	6572
はいかい	俳諧	7315
はいかつりょう	肺活量	7518
はいから	ハイカラ	7445
はいかん	配管	5914
はいかん	拝観	6683
はいかー	ハイカー	7120
はいが	胚芽	7376
はいがす	排ガス	6793
はいがん	肺がん	6737
はいがん	肺癌	7159
はいき	廃棄	5467
はいき	排気	5867
はいきがす	排気ガス	7327
はいきぶつ	廃棄物	6940
はいきゅう	配給	6541
はいきゅう	ハイキュー	6975
はいきゅう	配球	7397
はいきょ	廃墟	6288
はいきりょう	排気量	7129
はいきん	背筋	6615
はいきんぐ	ハイキング	6156
はいきんぐこーす	ハイキングコース	7480
はいぎょう	廃業	6466
はいく	俳句	6060
はいく	ハイク	7114
はいくおりてぃ	ハイクオリティ	6848
はいくらす	ハイクラス	7022
はいぐうしゃ	配偶者	5957
はいけい	背景	4870
はいけい	拝啓	7065
はいけいがぞう	背景画像	7520
はいけいしょく	背景色	7100
はいけつしょう	敗血症	7252
はいけん	拝見	5768
はいこう	廃校	6808
はいこう	配向	7375
はいご	背後	5804
はいごう	配合	5472
はいさ	配さ	6867
はいざい	廃材	6815
はいざら	灰皿	6891
はいし	廃止	5495
はいし	配し	6505
はいし	排し	7289
はいしゃ	歯医者	6031
はいしゃ	廃車	6284
はいしゃ	敗者	6689
はいしゃ	配車	6714
はいしゃく	拝借	6638
はいしゅつ	排出	5461
はいしゅつ	輩出	6273
はいしゅつりょう	排出量	7373
はいしょく	配色	6042
はいしん	配信	4568
はいしんかいし	配信開始	7044
はいしんしゃ	配信者	6907
はいしんちゅう	配信中	6512
はいしんよてい	配信予定	7347
はいじ	ハイジ	7158
はいじ	廃寺	7306
はいじゃっく	ハイジャック	7389
はいじゅ	拝受	7424
はいじょ	排除	5742
はいじょう	廃城	7408
はいじん	廃人	6998
はいじん	俳人	7037
はいすい	排水	5672
はいすい	配水	7032
はいすい	廃水	7466
はいすいかん	排水管	7374
はいすいこう	排水口	7430
はいすいこう	排水溝	7467
はいすくーる	ハイスクール	7026
はいすこあ	ハイスコア	7512
はいすぴーど	ハイスピード	6985
はいすぺっく	ハイスペック	6837
はいせき	排斥	7178
はいせつ	排泄	6179
はいせつ	排せつ	7534
はいせつぶつ	排泄物	7428
はいせん	配線	5607
はいせん	敗戦	6162
はいせん	廃線	6741
はいせんす	ハイセンス	7276
はいぜつ	廃絶	7069
はいぜん	配膳	6666
はいそ	敗訴	7226
はいそう	配送	5187
はいそう	敗走	7244
はいそうぎょうしゃ	配送業者	7321
はいそうさき	配送先	7498
はいそうちゅう	配送中	7476
はいそうほうほう	配送方法	6007
はいそうりょう	配送料	7054
はいそく	背側	7430
はいそん	廃村	7552
はいぞく	配属	5933
はいぞくさき	配属先	7226
はいた	排他	6773
はいたい	敗退	6141
はいたっち	ハイタッチ	7205
はいたつ	配達	5642
はいたついん	配達員	6663
はいたてき	排他的	7389
はいたー	ハイター	7301
はいち	配置	4992
はいち	ハイチ	7281
はいちょう	拝聴	7177
はいっ	入っ	4347
はいっ	はいっ	6285
はいつ	ハイツ	7186
はいてく	ハイテク	6547
はいてん	配点	6849
はいてんしょん	ハイテンション	7217
はいでん	拝殿	6404
はいでん	配電	7122
はいとう	配当	5833
はいとうきん	配当金	7163
はいとく	背徳	7141
はいとーん	ハイトーン	7424
はいど	ハイド	7313
はいどう	廃道	7458
はいどく	拝読	6950
はいどろ	ハイドロ	6909
はいどん	ハイドン	7311
はいにょう	排尿	6752
はいねっく	ハイネック	7218
はいねつ	排熱	7188
はいはい	ハイハイ	6775
はいばら	灰原	6988
はいばん	廃盤	6584
はいばん	廃番	7240
はいばんほう	胚盤胞	7429
はいぱーりんく	ハイパーリンク	7348
はいひん	廃品	7431
はいひーる	ハイヒール	6893
はいび	配備	6280
はいびじょん	ハイビジョン	7065
はいびすかす	ハイビスカス	6848
はいびーむ	ハイビーム	7531
はいふ	配布	5194
はいふ	配付	6700
はいふちゅう	配布中	7440
はいふん	ハイフン	6966
はいぶ	背部	7020
はいぶ	ハイブ	7490
はいぶ	廃部	7496
はいぶつ	廃物	6974
はいぶらんど	ハイブランド	7357
はいぶりっと	ハイブリット	7101
はいぶりっど	ハイブリッド	5830
はいぶりっどしゃ	ハイブリッド車	7263
はいぶん	配分	6016
はいべん	排便	6737
はいべんと	はイベント	6247
はいぺーす	ハイペース	7130
はいほう	肺胞	7474
はいぼく	敗北	5978
はいぼーる	ハイボール	6381
はいむ	ハイム	7061
はいめい	拝命	7436
はいめん	背面	5825
はいやく	配役	6793
はいやー	ハイヤー	7062
はいゆ	廃油	7362
はいゆう	俳優	5114
はいゆうぎょう	俳優業	7419
はいら	入ら	5661
はいら	はいら	6627
はいらいと	ハイライト	5693
はいらっくす	ハイラックス	7071
はいらる	ハイラル	7304
はいらん	排卵	6481
はいらん	はいらん	7388
はいらんど	ハイランド	7128
はいり	入り	5188
はいり	はいり	6529
はいりこみ	入り込み	7256
はいりこむ	入り込む	6638
はいりこん	入り込ん	6621
はいりそう	入りそう	7340
はいりにくい	入りにくい	7033
はいりやすい	入りやすい	6638
はいりやすく	入りやすく	7255
はいりょ	配慮	5239
はいりょう	拝領	7423
はいる	入る	4777
はいる	はいる	7145
はいれ	入れ	5050
はいれぞ	ハイレゾ	6882
はいれつ	配列	5724
はいれべる	ハイレベル	6739
はいれよ	入れよ	6886
はいれる	入れる	5189
はいろ	葉色	7365
はいろ	廃炉	7439
はいろ	入ろ	7530
はいろう	入ろう	7398
はう	這う	7041
はう	はう	7266
はうけた	は受けた	7507
はうじんぐ	ハウジング	6486
はうす	ハウス	5232
はうすきーぴんぐ	ハウスキーピング	7306
はうすくりーにんぐ	ハウスクリーニング	7413
はうすだすと	ハウスダスト	7557
はうすてんぼす	ハウステンボス	7228
はうすめーかー	ハウスメーカー	6948
はうつー	ハウツー	7396
はうら	葉裏	7545
はうりんぐ	ハウリング	7563
はうる	ハウル	7086
はうるのうごくしろ	ハウルの動く城	7522
はえ	生え	5579
はえ	映え	5970
はえ	ハエ	6636
はえ	はえ	7327
はえ	蝿	7467
はええ	はええ	7453
はえぎわ	生え際	6922
はえぬき	生え抜き	7284
はえる	映える	6093
はえる	生える	6342
はお	ハオ	7443
はおう	覇王	6807
はおっ	羽織っ	6685
はおと	羽音	7519
はおら	はおら	7530
はおり	羽織	6598
はおり	羽織り	7096
はおり	はおり	7143
はおる	羽織る	6791
はか	墓	5801
はか	履か	6526
はか	はか	6711
はか	吐か	6875
はかい	破壊	5109
はかいし	墓石	6881
はかいてき	破壊的	7389
はかいりょく	破壊力	7148
はかく	破格	6752
はかせ	博士	5648
はかせ	はかせ	7474
はかせ	葉加瀬	7491
はかせかてい	博士課程	7476
はかせごう	博士号	7233
はかた	博多	5765
はかたえき	博多駅	7174
はかっ	図っ	5993
はかっ	測っ	6242
はかっ	計っ	6736
はかっ	経っ	6838
はかっ	はかっ	6962
はかっ	量っ	7341
はかどり	捗り	7218
はかどり	はかどり	7302
はかどる	捗る	7059
はかどる	はかどる	7303
はかな	儚	6954
はかない	儚い	6914
はかない	はかない	7334
はかなく	儚く	7123
はかなげ	儚げ	7508
はかば	墓場	6808
はかま	袴	6450
はかまいり	墓参り	6418
はかまた	袴田	7506
はかまだ	袴田	7172
はかもり	墓守	7547
はから	図ら	6412
はから	測ら	7494
はかり	図り	5905
はかり	測り	6522
はかり	はかり	6655
はかり	計り	6911
はかり	秤	7285
はかりうり	量り売り	7062
はかりごと	謀	7462
はかりしれない	計り知れない	6821
はかる	図る	5479
はかる	測る	6255
はかる	はかる	6651
はかる	計る	6883
はかる	衡	7335
はかれ	図れ	7150
はかれ	測れ	7388
はかれる	図れる	6997
はかれる	測れる	7306
はかろ	図ろ	7141
はかろう	図ろう	7131
はが	はが	7342
はが	芳賀	7360
はが	剥が	7455
はが	羽賀	7554
はがき	ハガキ	6237
はがき	はがき	6297
はがき	葉書	6997
はがさ	剥がさ	7099
はがし	剥がし	6147
はがし	はがし	6711
はがす	剥がす	6657
はがす	はがす	7127
はがせる	はがせる	7516
はがた	歯型	7492
はがね	鋼	6261
はがねのれんきんじゅつし	鋼の錬金術師	7222
はがゆい	歯がゆい	7536
はがれ	剥がれ	6047
はがれ	はがれ	6798
はがれおち	剥がれ落ち	7508
はがれる	剥がれる	6959
はがーど	はガード	7273
はき	履き	5795
はき	破棄	6154
はき	吐き	6377
はき	はき	6768
はき	覇気	6808
はき	穿き	7160
はきかえ	履き替え	7061
はきけ	吐き気	6236
はきそう	吐きそう	7154
はきださ	吐き出さ	7225
はきだし	吐き出し	6537
はきだし	掃き出し	7407
はきだす	吐き出す	6757
はきはき	ハキハキ	7234
はきもの	履物	7165
はきやすい	履きやすい	7028
はきやすく	履きやすく	7454
はきゅう	波及	6644
はきょく	破局	6563
はぎ	萩	6492
はぎ	はぎ	7052
はぎ	ハギ	7183
はぎ	剥ぎ	7393
はぎ	脛	7515
はぎうだ	萩生田	7556
はぎお	萩尾	7399
はぎし	萩市	7473
はぎしり	歯ぎしり	7000
はぎとり	剥ぎ取り	7314
はぎはら	萩原	7179
はぎょう	は行	7276
はぎれ	歯切れ	7053
はぎれ	ハギレ	7390
はぎれ	端切れ	7496
はぎわら	萩原	6720
はく	泊	5977
はく	履く	6164
はく	吐く	6269
はく	はく	6481
はく	博	6537
はく	伯	6615
はく	ハク	6651
はく	箔	6653
はくあ	白亜	7367
はくあい	博愛	7423
はくい	白衣	6943
はくい	白井	7456
はくい	羽咋	7552
はくいし	白石	7029
はくうん	白雲	7551
はくえん	白煙	7294
はくおうき	薄桜鬼	7559
はくおし	箔押し	6944
はくがい	迫害	6650
はくぎん	白銀	7229
はくけい	白系	7385
はくげい	白鯨	7548
はくげき	迫撃	7426
はくさい	白菜	6082
はくさん	白山	6635
はくさんじんじゃ	白山神社	7527
はくし	博し	6243
はくし	博士	6296
はくし	白紙	6626
はくしかてい	博士課程	6758
はくしつ	白質	7542
はくしゃ	拍車	7392
はくしゃく	伯爵	6433
はくしゃをかけ	拍車をかけ	7160
はくしゅ	拍手	5766
はくしゅう	白秋	7416
はくしゅかっさい	拍手喝采	7527
はくしょ	白書	6626
はくしょく	白色	6049
はくしん	迫真	7154
はくじ	白磁	7269
はくじつ	白日	7529
はくじゃ	白蛇	7448
はくじょう	白状	7229
はくじょう	薄情	7557
はくじん	白人	6199
はくす	博す	7358
はくせい	剥製	7160
はくせん	白線	7014
はくせんしゃ	白泉社	7559
はくだく	白濁	6976
はくだつ	剥奪	6886
はくちょう	白鳥	6887
はくてん	白点	7429
はくとう	白桃	6735
はくどう	拍動	7526
はくないしょう	白内障	6681
はくねつ	白熱	6419
はくはつ	白髪	6329
はくはん	白斑	7328
はくば	白馬	6897
はくばい	白梅	7431
はくびしん	ハクビシン	7319
はくふ	伯父	7497
はくぶつ	博物	7350
はくぶつかん	博物館	5399
はくほう	白鵬	7082
はくほうどう	博報堂	7105
はくま	白魔	7287
はくまい	白米	6363
はくまく	薄膜	7065
はくめい	薄明	7365
はくらん	博覧	6665
はくり	剥離	6343
はくりきこ	薄力粉	6548
はくりょく	迫力	5520
はくりょくまんてん	迫力満点	7091
はぐ	ハグ	6366
はぐ	はぐ	7322
はぐき	歯茎	6456
はぐき	歯ぐき	6937
はぐくま	育ま	6633
はぐくみ	育み	6689
はぐくみ	はぐくみ	7566
はぐくむ	育む	6186
はぐくむ	はぐくむ	7482
はぐくん	育ん	6588
はぐるま	歯車	6315
はぐれ	はぐれ	6782
はぐれ	逸れ	7187
はぐれる	逸れる	7552
はぐろ	羽黒	7554
はけ	刷毛	6920
はけ	履け	7065
はけ	ハケ	7143
はけ	はけ	7210
はけい	波形	6428
はける	履ける	6777
はけん	派遣	5234
はけん	覇権	6728
はけんがいしゃ	派遣会社	6368
はけんさき	派遣先	6930
はけんしゃいん	派遣社員	6405
はげ	ハゲ	6073
はげ	剥げ	6793
はげ	はげ	7062
はげ	禿げ	7103
はげし	激し	6583
はげしい	激しい	5410
はげしいあめ	激しい雨	6904
はげしいうんどう	激しい運動	7096
はげしかっ	激しかっ	7140
はげしく	激しく	5682
はげしさ	激しさ	6867
はげまさ	励まさ	6624
はげまし	励まし	6019
はげます	励ます	6856
はげみ	励み	5942
はげみになり	励みになり	6937
はげむ	励む	6557
はげん	励ん	6138
はこ	箱	5174
はこ	はこ	6214
はこ	ハコ	6801
はこ	函	6908
はこいり	箱入り	6965
はこがい	箱買い	7373
はこだて	函館	5861
はこつき	箱付き	7431
はこづめ	箱詰め	7118
はこなし	箱無し	7277
はこにわ	箱庭	6980
はこね	箱根	6198
はこねゆもと	箱根湯本	7380
はこば	運ば	5955
はこび	運び	5997
はこびこま	運び込ま	7311
はこびだし	運び出し	7307
はこぶ	運ぶ	5880
はこぶね	方舟	7333
はこぶね	箱舟	7451
はこべ	運べ	7308
はこべる	運べる	7048
はこん	運ん	5813
はごいた	羽子板	7444
はごたえ	歯ごたえ	6416
はごたえ	歯応え	6844
はごろも	羽衣	7067
はさ	はさ	6985
はさい	破砕	6814
はさうぇい	ハサウェイ	7344
はさき	刃先	7015
はさき	葉先	7557
はさま	挟ま	6303
はさま	はさま	7373
はさまっ	挟まっ	6829
はさまる	挟まる	7383
はさみ	ハサミ	6089
はさみ	挟み	6426
はさみ	はさみ	6649
はさみ	鋏	6993
はさみこみ	挟み込み	7386
はさみこむ	挟み込む	7297
はさみこん	挟み込ん	7344
はさむ	挟む	6325
はさむ	はさむ	7097
はさん	挟ん	5778
はさん	破産	6032
はさん	はさん	6523
はざくら	葉桜	7393
はざま	間	6174
はざま	狭間	6527
はざま	はざま	7277
はざーど	ハザード	6261
はざーどまっぷ	ハザードマップ	7407
はし	橋	5468
はし	箸	5858
はし	端	6413
はし	はし	6422
はし	ハシ	6985
はしおき	箸置き	7098
はしか	はしか	7551
はしぐち	橋口	7556
はしげた	橋桁	7517
はしご	はしご	6555
はしご	ハシゴ	6639
はしご	梯子	6771
はした	端	6763
はしっ	走っ	5118
はしっ	はしっ	7456
はしづめ	橋爪	7349
はしのうえ	橋の上	7302
はしば	羽柴	7375
はしばし	端々	7278
はしばみ	榛	7518
はしもた	橋本	7373
はしもと	橋本	5876
はしもと	はしもと	7398
はしもとかんな	橋本環奈	7242
はしゃ	覇者	6644
はしゃい	はしゃい	6742
はしゃぎ	はしゃぎ	7032
はしゃぐ	はしゃぐ	7022
はしやすめ	箸休め	7096
はしゅ	播種	6801
はしゅ	は種	6906
はしゅつじょ	派出所	7554
はしょうふう	破傷風	7563
はしょっ	端折っ	7521
はしら	柱	5516
はしら	走ら	5866
はしり	走り	5330
はしり	はしり	7456
はしりこん	走り込ん	7348
はしりさっ	走り去っ	7300
はしりだし	走り出し	6633
はしりだす	走り出す	6895
はしりぬけ	走り抜け	7043
はしりぬける	走り抜ける	7329
はしりはばとび	走り幅跳び	7400
はしりまわっ	走り回っ	6504
はしりまわり	走り回り	7226
はしりまわる	走り回る	6851
はしりや	走り屋	7364
はしりやすい	走りやすい	7054
はしる	走る	5199
はしれ	走れ	6422
はしれる	走れる	6265
はしろ	走ろ	7080
はしろう	走ろう	7086
はしわたし	橋渡し	6776
はじ	恥	6263
はじ	端	6595
はじ	はじ	6851
はじ	恥じ	6924
はじ	ハジ	7337
はじ	把持	7510
はじい	弾い	7411
はじか	弾か	6885
はじか	はじか	7407
はじかみ	椒	6994
はじき	弾き	6419
はじく	弾く	6075
はじく	はじく	7338
はじけ	弾け	6730
はじけ	はじけ	7097
はじける	弾ける	6497
はじける	はじける	7161
はじだ	恥だ	7471
はじっこ	端っこ	6535
はじまっ	始まっ	5058
はじまっ	はじまっ	6463
はじまら	始まら	6718
はじまり	始まり	4962
はじまり	はじまり	5853
はじまる	始まる	5142
はじまる	はじまる	6367
はじまれ	始まれ	7481
はじまろ	始まろ	7431
はじまろう	始まろう	7421
はじめ	始め	4709
はじめ	はじめ	4783
はじめ	初め	5239
はじめ	一歩	6548
はじめ	始	6641
はじめ	良	6653
はじめ	源	7003
はじめ	ハジメ	7107
はじめて	初めて	4325
はじめて	始めて	5076
はじめて	はじめて	5446
はじめてじぶん	初めて自分	7481
はじめのいっぽ	はじめの一歩	7174
はじめまして	はじめまして	5920
はじめやすい	始めやすい	7358
はじめよ	始めよ	6315
はじめよ	はじめよ	6907
はじめよう	始めよう	6309
はじめよう	はじめよう	6910
はじめりゃ	はじめりゃ	6907
はじめりゃ	始めりゃ	6907
はじめる	始める	5264
はじめる	はじめる	6447
はじめれ	はじめれ	6907
はじめれ	始めれ	6907
はじめろ	はじめろ	6907
はじめろ	始めろ	6907
はじめん	はじめん	6907
はじめん	始めん	6907
はじょう	波状	7232
はじらい	恥じらい	7489
はじる	恥じる	7399
はじをかか	恥をかか	7515
はす	蓮	6425
はす	ハス	6434
はす	斜	6711
はすい	破水	7249
はすう	端数	6717
はすきる	はスキル	6661
はすきー	ハスキー	7531
はすたー	はスター	7187
はすだ	蓮田	7550
はすてーたす	はステータス	7358
はすらー	ハスラー	6982
はず	はず	4476
はず	筈	6057
はず	ハズ	6302
はず	恥ず	6907
はずかし	恥ずかし	6188
はずかしい	恥ずかしい	5683
はずかしかっ	恥ずかしかっ	6852
はずかしく	恥ずかしく	6143
はずかしさ	恥ずかしさ	6904
はずかしそう	恥ずかしそう	7298
はずかしながら	恥ずかしながら	6776
はずさ	外さ	6197
はずさ	はずさ	7514
はずし	外し	5178
はずし	はずし	6404
はずす	外す	5725
はずす	はずす	6982
はずせ	外せ	6437
はずせる	外せる	7010
はずそ	外そ	7352
はずそう	外そう	7402
はずま	弾ま	7432
はずみ	はずみ	6907
はずみ	弾み	6920
はずむ	弾む	6877
はずれ	外れ	5522
はずれ	ハズレ	6216
はずれ	はずれ	6603
はずれる	外れる	6243
はずん	弾ん	7227
はせ	はせ	6895
はせ	馳	7246
はせ	長谷	7390
はせ	馳せ	7427
はせい	派生	6025
はせかわ	長谷川	6839
はせがわ	長谷川	6101
はせがわ	ハセガワ	7372
はせがわ	はせがわ	7477
はせでら	長谷寺	7469
はせべ	長谷部	6845
はせん	破線	7258
はぜ	ハゼ	6598
はぜがわ	長谷川	7331
はそん	破損	5547
はた	旗	5877
はた	機	6193
はた	端	6506
はた	畑	6509
はた	傍	6517
はた	はた	6760
はた	秦	6889
はた	羽田	6953
はたあげ	旗揚げ	7062
はたい	叩い	7368
はたい	はたい	7450
はたおり	機織り	7440
はたき	はたき	7542
はたく	叩く	7523
はたけ	畑	6020
はたけ	はたけ	7534
はたけなか	畠中	7550
はたけやま	畠山	7032
はたける	叩ける	7475
はたご	旅籠	7511
はたさ	果たさ	6894
はたし	果たし	5306
はたし	はたし	7453
はたして	果たして	5674
はたして	はたして	6477
はたじるし	旗印	7404
はたす	果たす	5770
はたせ	果たせ	6969
はたせる	果たせる	7209
はたそ	果たそ	7501
はたそう	果たそう	7491
はたち	二十歳	6780
はたち	二十	7309
はたち	ハタチ	7504
はたなか	畑中	7462
はたの	波多野	7399
はたはた	ハタハタ	7516
はたふり	旗振り	7515
はたまた	はたまた	6389
はたもと	旗本	7171
はたやま	畠山	7406
はたらい	働い	5053
はたらい	はたらい	7380
はたらか	働か	6223
はたらかさ	働かさ	7433
はたらかせ	働かせ	6686
はたらかせる	働かせる	7097
はたらき	働き	4888
はたらき	はたらき	6802
はたらき	働	7101
はたらきかけ	働きかけ	6521
はたらきかける	働きかける	6832
はたらきがい	働きがい	6179
はたらきて	働き手	7177
はたらきもの	働き者	7233
はたらきやす	働きやす	6339
はたらきやすい	働きやすい	6116
はたらきやすく	働きやすく	7297
はたらく	働く	5015
はたらく	はたらく	6590
はたらけ	働け	6575
はたらける	働ける	5978
はたらこ	働こ	7097
はたらこう	働こう	7095
はたん	破綻	6124
はたん	破たん	7475
はだ	肌	4732
はだ	羽田	6911
はだ	秦	6999
はだあれ	肌荒れ	6339
はだいろ	肌色	6638
はだえ	肌	6229
はだか	裸	6021
はだか	はだか	7549
はだぎ	肌着	6807
はだけ	開け	6605
はだける	開ける	7084
はださむい	肌寒い	6900
はださむく	肌寒く	6917
はだざむい	肌寒い	6900
はだざわり	肌触り	6056
はだざわり	肌ざわり	7527
はだし	裸足	6564
はだし	はだし	7344
はだしつ	肌質	6694
はだでかんじ	肌で感じ	6901
はだでかんじる	肌で感じる	7274
はだに	ハダニ	7362
はだの	秦野	7124
はだみ	肌身	7322
はだん	破断	7072
はだん	破談	7419
はち	鉢	6000
はち	ハチ	6170
はち	蜂	6213
はちあわせ	鉢合わせ	7379
はちうえ	鉢植え	6373
はちおうじ	八王子	5988
はちおうじし	八王子市	7471
はちかくけい	八角形	7317
はちがつ	8月	4728
はちがつ	八月	5228
はちがつまつ	8月末	6926
はちがつまつ	八月末	7426
はちこう	ハチ公	7141
はちじょう	八条	7210
はちじょうじま	八丈島	7181
はちす	蓮	6470
はちすか	蜂須賀	7565
はちぞこ	鉢底	7198
はちたい	8耐	7474
はちだん	八段	7077
はちどり	ハチドリ	7507
はちにん	八人	7535
はちのす	蜂の巣	6951
はちのす	ハチの巣	7525
はちのへ	八戸	6563
はちぼく	八木	6774
はちまき	鉢巻	7425
はちまん	八幡	6701
はちまん	はちまん	7534
はちまんぐう	八幡宮	6594
はちまんたい	八幡平	7390
はちみつ	はちみつ	5960
はちみつ	蜂蜜	6255
はちみつ	ハチミツ	6374
はちみり	8ミリ	7463
はちゃめちゃ	ハチャメチャ	7166
はちゅうるい	爬虫類	6488
はちょう	波長	6308
はちろう	八郎	7004
はちわり	八割	7514
はちわれ	ハチワレ	6935
はっ	貼っ	5414
はっ	張っ	5800
はっ	はっ	6216
はっ	ハッ	6271
はっ	這っ	7270
はっか	発火	6548
はっか	ハッカ	6730
はっかく	発覚	5850
はっかく	八角	7063
はっかん	発刊	6652
はっかん	発汗	6733
はっかー	ハッカー	6855
はっき	発揮	5099
はっきゅう	発給	7105
はっきょう	発狂	6434
はっきり	はっきり	5204
はっきり	ハッキリ	5870
はっきん	白金	7034
はっきんぐ	ハッキング	6623
はっく	ハック	7002
はっくつ	発掘	5837
はっくつちょうさ	発掘調査	7313
はっけ	八卦	7382
はっけい	八景	7187
はっけっきゅう	白血球	6830
はっけつびょう	白血病	6688
はっけん	発見	4801
はっけん	発券	6490
はっこう	発行	5050
はっこう	発酵	5573
はっこう	発光	6125
はっこう	発効	7031
はっこう	醗酵	7250
はっこうしょくひん	発酵食品	7083
はっこうずみ	発行済	7538
はっこつ	白骨	7252
はっこん	発根	6958
はっさい	発災	7311
はっさく	はっさく	7470
はっさく	八朔	7489
はっさん	発散	6172
はっし	発し	6091
はっしゃ	発射	5826
はっしゃ	発車	6222
はっしゅ	ハッシュ	5943
はっしゅたぐ	ハッシュタグ	6522
はっしゅつ	発出	6960
はっしょう	発症	5604
はっしょう	発祥	5940
はっしょうのち	発祥の地	7391
はっしょく	発色	5990
はっしん	発信	4951
はっしん	発進	6260
はっしん	発疹	7016
はっしん	発振	7068
はっしん	八神	7490
はっしんき	発振器	7539
はっしんしゃ	発信者	7512
はっしんちゅう	発信中	6811
はっすい	撥水	6316
はっすいかこう	撥水加工	7250
はっすいせい	撥水性	6970
はっする	発する	6195
はっする	ハッスル	7253
はっせ	発せ	6707
はっせい	発生	4424
はっせい	発声	6372
はっせき	発赤	7400
はっそう	発送	4659
はっそう	発想	5530
はっそうじ	発送時	6980
はっそうちえん	発送遅延	7027
はっそうび	発送日	7268
はっそうほうほう	発送方法	6714
はっそうまえ	発送前	7296
はっそうよてい	発送予定	6607
はっそうりょく	発想力	7140
はっそく	発足	7315
はったつ	発達	5297
はったつしょうがい	発達障害	6416
はったり	ハッタリ	7316
はっち	ハッチ	6526
はっちゃく	発着	6266
はっちゃけ	はっちゃけ	7475
はっちゅう	発注	5702
はっちゅうしゃ	発注者	7119
はっちょう	八丁	7293
はっちょうぼり	八丁堀	7316
はってん	発展	5038
はってんとじょうこく	発展途上国	7188
はっと	ハット	6291
はっと	はっと	6900
はっととりっく	ハットトリック	7313
はっとり	服部	6729
はっぱ	葉っぱ	5816
はっぱ	発破	7532
はっぴ	ハッピ	6212
はっぴ	はっぴ	6964
はっぴ	法被	7125
はっぴょう	発表	4420
はっぴょうかい	発表会	5737
はっぴょうしゃ	発表者	6938
はっぴー	ハッピー	6103
はっぴーあわー	ハッピーアワー	7419
はっぴーえんど	ハッピーエンド	6466
はっぴーせっと	ハッピーセット	7205
はっぴーばーすでー	ハッピーバースデー	7331
はっぷ	発布	7504
はっぽう	発泡	6526
はっぽう	発砲	6635
はっぽう	八方	7296
はっぽうすちろーる	発泡スチロール	6839
はっぽうびじん	八方美人	7444
はつ	初	5022
はつ	発	5528
はつ	はつ	6636
はつ	ハツ	7052
はつ	削	7201
はつあん	発案	6636
はついく	発育	6533
はつうち	初打ち	7371
はつうり	初売り	7086
はつえん	発煙	7561
はつおん	発音	5605
はつか	二十日	7429
はつかいさい	初開催	7081
はつかいち	廿日市	7037
はつが	発芽	6183
はつがん	発がん	6930
はつきょうえん	初共演	7301
はつげん	発言	5122
はつげん	発現	5981
はつこい	初恋	6339
はつこうかい	初公開	6857
はつさんか	初参加	6999
はつさんせん	初参戦	7418
はつしゅえん	初主演	7441
はつしゅってん	初出店	7308
はつしゅつえん	初出演	7357
はつしゅつじょう	初出場	6951
はつしょうり	初勝利	7189
はつじょう	発情	6814
はつぜっく	初節句	7445
はつちょうせん	初挑戦	6867
はつっ	削っ	7427
はつづき	初月	7121
はつでん	発電	5412
はつでんき	発電機	6487
はつでんりょう	発電量	7462
はつでーと	初デート	7260
はつとうこう	初投稿	7182
はつとうじょう	初登場	6566
はつとうせん	初当選	7220
はつとり	服部	7496
はつどう	発動	5175
はつどうかのう	発動可能	7436
はつどうじょうけん	発動条件	7467
はつね	初音	6492
はつねつ	発熱	5823
はつねみく	初音ミク	6539
はつのり	初乗り	7559
はつばい	発売	4589
はつばいかいし	発売開始	7148
はつばいけってい	発売決定	7280
はつばいご	発売後	7548
はつばいじき	発売時期	7444
はつばいちゅう	発売中	6607
はつばいとうしょ	発売当初	7275
はつばいとうじ	発売当時	7491
はつばいび	発売日	6496
はつばいまえ	発売前	7116
はつばいよてい	発売予定	7078
はつばしょ	初場所	7478
はつひので	初日の出	6985
はつひろう	初披露	7081
はつびょう	発病	6926
はつほ	初穂	7470
はつほうもん	初訪問	7296
はつぼん	初盆	7435
はつまご	初孫	7530
はつみ	初見	7355
はつみみ	初耳	7052
はつめい	発明	5605
はつもう	発毛	6980
はつもうで	初詣	6445
はつもの	初物	7511
はつゆうしょう	初優勝	6759
はつゆき	初雪	7184
はつらつ	はつらつ	7312
はつらつ	ハツラツ	7431
はつらつ	溌剌	7517
はつり	削り	7493
はつれい	発令	6343
はつろ	発露	7464
はつわ	発話	6923
はづき	葉月	7225
はづき	はづき	7431
はて	果	6166
はて	果て	6412
はて	はて	6669
はてしない	果てしない	7170
はてしなく	果てしなく	7070
はてな	はてな	6784
はてな	ハテナ	7421
はては	果ては	7236
はてんこう	破天荒	7086
はで	派手	5608
はでさ	派手さ	7071
はです	ハデス	7307
はと	鳩	6266
はと	ハト	6661
はと	はと	6884
はと	波止	7560
はとば	波止場	7430
はとむぎ	ハトムギ	7422
はとめ	ハトメ	7442
はとやま	鳩山	6971
はとり	羽鳥	7372
はどう	波動	6010
はどう	覇道	7385
はどそん	ハドソン	7378
はどめ	歯止め	7044
はな	花	4415
はな	鼻	5311
はな	華	5801
はな	はな	5985
はな	ハナ	6226
はな	端	6545
はな	派な	7375
はない	花井	7511
はないき	鼻息	7448
はないろ	花色	6795
はなうた	鼻歌	7056
はなえ	花江	7205
はなお	鼻緒	7352
はなおか	花岡	7216
はなかざり	花飾り	7548
はながた	花形	6823
はながめ	花瓶	6735
はなき	花木	7488
はなくそ	鼻くそ	7384
はなげ	鼻毛	7145
はなこ	花子	6785
はなこ	ハナコ	7253
はなこ	華子	7517
はなこ	はなこ	7525
はなことば	花言葉	6217
はなさ	話さ	5995
はなさ	離さ	6291
はなさか	花咲	7480
はなさき	鼻先	6902
はなさき	花咲	7168
はなさく	花咲く	7056
はなざかり	花盛り	7450
はなざわ	花澤	7343
はなし	話	4113
はなし	話し	4674
はなし	はなし	5996
はなし	離し	6080
はなし	噺	6815
はなし	放し	7089
はなし	ハナシ	7167
はなしあい	話し合い	5930
はなしあい	話合い	7234
はなしあいて	話し相手	7090
はなしあう	話し合う	6334
はなしあえる	話し合える	7515
はなしあっ	話し合っ	6085
はなしあわ	話し合わ	7211
はなしか	噺家	7432
はなしかけ	話しかけ	5825
はなしかけ	話し掛け	7369
はなしかける	話しかける	6178
はなしかた	話し方	6222
はなしがい	放し飼い	7149
はなしことば	話し言葉	7224
はなしこん	話し込ん	7482
はなしごえ	話し声	7111
はなしだ	話だ	5903
はなしだっ	話だっ	6576
はなしだろ	話だろ	7306
はなして	話し手	7123
はなしで	話で	6499
はなしな	話な	6091
はなしなら	話なら	7219
はなしになっ	話になっ	7133
はなしになり	話になり	7261
はなしになる	話になる	7287
はなしのないよう	話の内容	7190
はなしやすい	話しやすい	6740
はなしやすく	話しやすく	7097
はなしょうぶ	花菖蒲	7429
はなす	話す	5092
はなす	離す	6459
はなすじ	鼻筋	7082
はなせ	話せ	6283
はなせ	離せ	6433
はなせる	話せる	5949
はなそ	話そ	6624
はなそう	話そう	6661
はなぞの	花園	6513
はなた	放た	6548
はなた	花田	7462
はなたち	花たち	7262
はなたば	花束	6058
はなだ	花田	7197
はなだ	花だ	7336
はなち	放ち	6163
はなちゃん	はなちゃん	7155
はなぢ	鼻血	6850
はなっ	放っ	6027
はなつ	放つ	5801
はなで	花で	7500
はなな	花な	7362
はななえ	花苗	7364
はなのあな	鼻の穴	7460
はなのいろ	花の色	7428
はなのかたち	花の形	7487
はなのさき	鼻の先	7373
はなはだ	甚だ	7172
はなはだしい	甚だしい	7283
はなばたけ	花畑	7020
はなばな	花々	6577
はなばなしい	華々しい	7168
はなばなしく	華々しく	7337
はなひらい	花開い	7364
はなひらく	花開く	7400
はなび	花火	5286
はなびたいかい	花火大会	6056
はなびら	花びら	6044
はなびら	花弁	7100
はなふだ	花札	7257
はなぶさ	花房	7506
はなまき	花巻	6978
はなまる	はなまる	6986
はなまる	花丸	7304
はなみ	花見	5966
はなみず	鼻水	6431
はなみずき	ハナミズキ	7332
はなみち	花道	6696
はなみや	花宮	7539
はなむこ	花婿	7347
はなむら	花村	7432
はなや	花屋	6470
はなやか	華やか	5470
はなやかさ	華やかさ	6388
はなやぎ	華やぎ	7395
はなやぐ	華やぐ	7395
はなよめ	花嫁	5943
はなよりだんご	花より男子	7548
はならび	歯並び	6318
はなれ	離れ	5331
はなれ	離	6433
はなれ	はなれ	7315
はなればなれ	離れ離れ	7093
はなれよ	離れよ	7207
はなれる	離れる	5886
はなれれ	離れれ	7496
はなわ	輪	7099
はなわ	花輪	7233
はなわ	塙	7321
はなをさかせ	花を咲かせ	7294
はなをさかせる	花を咲かせる	7415
はなをそえ	華を添え	7520
はに	ハニ	7216
はにう	羽生	7463
はにかん	はにかん	7519
はにゅう	羽生	6312
はにゅうゆずる	羽生結弦	6942
はにゅー	はニュー	7404
はにわ	埴輪	6913
はにわ	はにわ	7360
はにー	ハニー	6945
はね	はね	5981
はね	羽	6054
はね	羽根	6152
はね	跳ね	6558
はね	翅	6610
はね	ハネ	6647
はねあがっ	跳ね上がっ	7288
はねあがり	跳ね上がり	7356
はねあがる	跳ね上がる	7165
はねあげ	跳ね上げ	7239
はねかえし	跳ね返し	7428
はねかえす	跳ね返す	7339
はねかえっ	跳ね返っ	7336
はねた	羽田	7048
はねだ	羽田	6888
はねだくうこう	羽田空港	6301
はねむーん	ハネムーン	7183
はねる	跳ねる	6851
はねる	はねる	7388
はのい	ハノイ	6608
はのかたち	葉の形	7476
はのじ	ハの字	7546
はのひょうめん	歯の表面	7340
はは	母	4785
はは	ハハ	7435
ははうえ	母上	7201
ははおや	母親	5095
ははかた	母方	6868
ははで	母で	7120
ははねこ	母猫	7329
はば	幅	5017
はば	巾	7010
はばから	憚ら	7346
はばから	はばから	7482
はばき	巾木	7477
はばたい	羽ばたい	7058
はばたき	羽ばたき	7283
はばたく	羽ばたく	6992
はばつ	派閥	6365
はばな	ハバナ	7524
はばねろ	ハバネロ	7554
はばひろ	幅広	6705
はばひろい	幅広い	5223
はばひろいぎょうかい	幅広い業界	7528
はばひろいぎょうむ	幅広い業務	7359
はばひろいしょうひん	幅広い商品	7514
はばひろいしーん	幅広いシーン	7212
はばひろいじゃんる	幅広いジャンル	6846
はばひろいせだい	幅広い世代	6802
はばひろいそう	幅広い層	6859
はばひろいちしき	幅広い知識	7077
はばひろいにーず	幅広いニーズ	7489
はばひろいねんだい	幅広い年代	6979
はばひろいねんれい	幅広い年齢	6741
はばひろいぶんや	幅広い分野	6700
はばひろいようと	幅広い用途	7170
はばひろいらいんなっぷ	幅広いラインナップ	7536
はばひろく	幅広く	5497
はばひろさ	幅広さ	7421
はばま	阻ま	6831
はばむ	阻む	7057
はばん	阻ん	7522
はびきの	羽曳野	7492
はびこる	はびこる	7435
はびこる	蔓延る	7537
はびっと	はビット	7513
はぴ	ハピ	7405
はぴたす	ハピタス	7396
はぴねす	ハピネス	7338
はふ	破風	7226
はぶ	ハブ	6057
はぶ	羽生	6772
はぶい	省い	6639
はぶか	省か	7173
はぶき	省き	6685
はぶく	省く	6749
はぶけ	省け	6845
はぶける	省ける	6991
はぶら	ハブら	7464
はぶらし	歯ブラシ	6160
はぷすぶるく	ハプスブルク	7407
はぷにんぐ	ハプニング	6471
はへい	派兵	7495
はへん	破片	6400
はま	浜	6047
はま	はま	6587
はま	ハマ	6884
はま	濱	7239
はまき	葉巻	7015
はまぐち	濱口	7147
はまぐち	浜口	7262
はまぐり	ハマグリ	7141
はまぐり	蛤	7193
はまぐり	はまぐり	7250
はまさき	浜崎	6968
はまざき	浜崎	7180
はます	ハマス	6821
はまずし	はま寿司	7215
はまだ	浜田	6445
はまだ	濱田	6720
はまち	ハマチ	7145
はまち	はまち	7506
はまちょう	浜町	7390
はまっ	ハマっ	5660
はまっ	はまっ	6119
はまっ	嵌っ	7309
はまった	はまった	6978
はまって	はまって	6738
はまなか	浜中	7536
はまなこ	浜名湖	6731
はまなす	はまなす	7508
はまの	浜野	7371
はまべ	浜辺	6602
はままつ	浜松	5818
はままつし	浜松市	7165
はままつちょう	浜松町	7326
はまら	ハマら	7214
はまら	はまら	7368
はまり	ハマり	6082
はまり	はまり	6645
はまる	ハマる	6202
はまる	はまる	6727
はまれ	ハマれ	7523
はまーん	ハマーン	7537
はみ	はみ	7219
はみ	ハミ	7255
はみがき	歯磨き	6118
はみがき	歯みがき	6934
はみがきこ	歯磨き粉	6662
はみださ	はみ出さ	7465
はみだし	はみ出し	6471
はみだす	はみ出す	7255
はみで	はみ出	6814
はみでる	はみ出る	7290
はみるとん	ハミルトン	6817
はみんぐ	ハミング	7268
はむ	ハム	5780
はむ	はむ	7219
はむかつ	ハムカツ	7479
はむすたー	ハムスター	6373
はむすとりんぐ	ハムストリング	7527
はむすとりんぐす	ハムストリングス	7392
はむら	羽村	7512
はむれっと	ハムレット	7284
はめ	はめ	6363
はめ	羽目	6483
はめ	ハメ	6689
はめ	嵌め	7262
はめこみ	はめ込み	7298
はめこむ	はめ込む	7274
はめこん	はめ込ん	7278
はめつ	破滅	6452
はめる	はめる	6988
はも	はも	6946
はも	鱧	6976
はも	ハモ	7135
はもの	刃物	6305
はもの	葉物	7089
はもり	ハモリ	7390
はもん	波紋	6658
はもん	破門	7287
はや	早	6054
はや	速	6104
はや	はや	6311
はや	林	7246
はや	疾	7341
はやあし	早足	7399
はやい	早い	5075
はやい	速い	5645
はやい	はやい	6863
はやいじかん	早い時間	6646
はやいじき	早い時期	6840
はやいだんかい	早い段階	6351
はやいはなし	早い話	7343
はやいひと	早い人	7264
はやいふっこう	早い復興	7514
はやうまれ	早生まれ	7419
はやおき	早起き	6222
はやおくり	早送り	7020
はやおし	早押し	7410
はやかっ	早かっ	6207
はやかっ	速かっ	7045
はやかれ	早かれ	7484
はやかわ	早川	6547
はやがわり	早変わり	7076
はやく	早く	4772
はやく	速く	5725
はやく	はやく	6312
はやくから	早くから	6284
はやくち	早口	6628
はやぐい	早食い	7212
はやけれ	早けれ	6681
はやさ	速さ	6167
はやさ	早さ	6621
はやさ	林	7246
はやさか	早坂	7205
はやざき	早咲き	7301
はやし	林	5979
はやし	囃子	6799
はやし	生やし	6894
はやし	はやし	7039
はやしけんと	林遣都	7505
はやしだ	林田	7279
はやしや	林家	7077
はやしらいす	ハヤシライス	7119
はやす	生やす	7528
はやすぎ	早すぎ	7283
はやせ	早瀬	7504
はやそう	早そう	7541
はやた	早田	7549
はやっ	流行っ	5871
はやっ	はやっ	6611
はやて	颯	7086
はやて	はやて	7334
はやて	ハヤテ	7339
はやて	疾風	7422
はやと	隼人	6874
はやと	勇人	7304
はやと	はやと	7458
はやと	ハヤト	7476
はやね	早寝	7066
はやばや	早々	6406
はやばん	早番	7324
はやぶさ	はやぶさ	6703
はやぶさ	隼	6827
はやぶさ	ハヤブサ	7042
はやま	葉山	6612
はやまっ	早まっ	7166
はやまり	早まり	7334
はやまる	早まる	7088
はやみ	早見	6971
はやみ	速水	7014
はやめ	早め	5249
はやめ	早目	6578
はやめ	速め	7291
はやめ	はやめ	7502
はやめにいく	早めに行く	7520
はやめにいっ	早めに行っ	7554
はやめる	早める	6970
はやら	流行ら	7020
はやり	流行り	5970
はやり	はやり	6950
はやる	流行る	6868
はやる	はやる	6990
はやわり	早割	7225
はら	腹	5470
はら	原	5795
はら	貼ら	6058
はら	はら	6268
はら	ハラ	6441
はら	張ら	6455
はらい	払い	6263
はらい	暗	7226
はらい	はらい	7380
はらい	祓い	7538
はらいこみ	払込	7010
はらいせ	腹いせ	7416
はらいた	腹痛	7005
はらいっぱい	腹いっぱい	7026
はらいもどし	払い戻し	6754
はらいもどし	払戻	7363
はらいもどし	払戻し	7467
はらう	払う	5858
はらう	祓う	7350
はらえ	払え	6811
はらえる	払える	7142
はらぐち	原口	6991
はらぐろ	腹黒	7444
はらぐろい	腹黒い	7553
はらごしらえ	腹ごしらえ	7017
はらし	晴らし	7199
はらじゅく	原宿	6341
はらす	晴らす	7021
はらすめんと	ハラスメント	6254
はらた	原田	6956
はらだ	原田	6153
はらだたしい	腹立たしい	7201
はらだつ	腹立つ	6837
はらっ	払っ	5608
はらっ	はらっ	7482
はらっぱ	原っぱ	7352
はらのうち	腹の中	6826
はらはら	ハラハラ	6418
はらはら	はらはら	7479
はらぺーにょ	ハラペーニョ	7563
はらまき	腹巻き	7513
はらもち	腹持ち	7139
はらわ	払わ	6255
はらわた	腸	6410
はらわた	はらわた	7499
はらん	波乱	6578
はらん	はらん	7251
はらん	孕ん	7290
はらんばんじょう	波乱万丈	7127
はらんばんじょう	波瀾万丈	7494
はらーる	ハラール	7507
はり	針	5596
はり	ハリ	5897
はり	貼り	5961
はり	はり	6350
はり	張り	6382
はり	鍼	6419
はり	梁	6510
はり	張	6709
はりあい	張り合い	7419
はりあげ	張り上げ	7292
はりあー	ハリアー	6950
はりうっど	ハリウッド	6076
はりうっどえいが	ハリウッド映画	7474
はりかえ	張り替え	6601
はりかえ	張替え	6866
はりかえ	貼り替え	7228
はりかえる	張り替える	7474
はりかん	ハリ感	7424
はりがね	針金	6643
はりがみ	張り紙	6697
はりがみ	貼り紙	6974
はりきっ	張り切っ	6514
はりきっ	はりきっ	7329
はりきって	張り切って	6553
はりきって	はりきって	7360
はりけーん	ハリケーン	6916
はりす	ハリス	6410
はりせんぼん	ハリセンボン	7529
はりそん	ハリソン	7224
はりだし	張り出し	6909
はりつい	張り付い	6659
はりつき	張り付き	7457
はりつく	張り付く	7259
はりつけ	貼り付け	5831
はりつけ	張り付け	7000
はりつけ	貼りつけ	7242
はりつけ	貼付け	7340
はりつけ	磔	7513
はりつける	貼り付ける	6455
はりつける	張り付ける	7541
はりつめ	張り詰め	7236
はりねずみ	ハリネズミ	6848
はりぽた	ハリポタ	7343
はりま	播磨	7026
はりま	はりま	7525
はりめぐらさ	張り巡らさ	7113
はりめぐらせ	張り巡らせ	7556
はりもと	張本	7362
はりゃ	はりゃ	6907
はりー	ハリー	6270
はりーど	はリード	7263
はりーぽったー	ハリーポッター	7019
はる	春	4797
はる	貼る	5902
はる	張る	6219
はる	はる	6260
はる	ハル	6414
はる	治	6813
はる	晴	7172
はる	波瑠	7197
はるいちばん	春一番	7452
はるお	春夫	7440
はるか	はるか	5789
はるか	遥か	6084
はるか	遥	6691
はるか	遙か	6947
はるか	悠	6994
はるか	遥香	7093
はるか	遙	7155
はるか	春香	7209
はるかす	ハルカス	6976
はるかぜ	春風	7409
はるかに	遥かに	6220
はるからなつ	春から夏	7409
はるき	春樹	6737
はるき	はるき	7386
はるきゃべつ	春キャベツ	7465
はるく	ハルク	7147
はるこ	陽子	7162
はるこ	春子	7224
はるさき	春先	6467
はるさめ	春雨	6565
はるた	春田	7428
はるたか	春高	7494
はるだ	春だ	7536
はるちゃん	はるちゃん	7186
はると	ハルト	7183
はると	はると	7417
はるな	春奈	6874
はるな	はるな	7092
はるな	春菜	7404
はるな	榛名	7467
はるなつ	春夏	6217
はるになっ	春になっ	6788
はるになり	春になり	7321
はるになる	春になる	6853
はるの	春の	5592
はるの	春野	7269
はるばる	はるばる	6887
はるひ	ハルヒ	7143
はるひ	はるひ	7474
はるひ	春日	7484
はるひこ	晴彦	7543
はるま	春馬	6937
はるまき	春巻き	6498
はるまき	春巻	7461
はるみ	はるみ	6938
はるみ	晴海	7106
はるみ	晴美	7531
はるもの	春物	7529
はるやすみ	春休み	6406
はるーと	はルート	7394
はれ	晴れ	5745
はれ	腫れ	6174
はれ	晴	6567
はれ	はれ	6728
はれ	ハレ	7110
はれ	貼れ	7197
はれぎ	晴れ着	7563
はれつ	破裂	6441
はれていれば	晴れていれば	7521
はればれ	晴れ晴れ	7414
はれま	晴れ間	6729
はれやか	晴れやか	6980
はれる	晴れる	6616
はれる	貼れる	7125
はれる	張れる	7143
はれる	腫れる	7260
はれるや	ハレルヤ	7533
はろ	ハロ	6014
はろ	はろ	6907
はろう	波浪	7447
はろうぃん	ハロウィン	5639
はろうぃーん	ハロウィーン	6799
はろげん	ハロゲン	6870
はろるど	ハロルド	7446
はろわ	ハロワ	7459
はろん	ハロン	7118
はろー	ハロー	7021
はろーわーく	ハローワーク	6274
はわ	這わ	7277
はわい	ハワイ	5593
はわいあん	ハワイアン	6597
はわーど	ハワード	7136
はをくいしばっ	歯を食いしばっ	7511
はん	版	4976
はん	半	5394
はん	反	5683
はん	藩	5978
はん	班	5988
はん	犯	6015
はん	ハン	6202
はん	はん	6467
はんい	範囲	4719
はんいこうげき	範囲攻撃	7198
はんいない	範囲内	6335
はんえい	反映	5285
はんえい	繁栄	6104
はんえいきゅう	半永久	7057
はんえいきゅうてき	半永久的	7191
はんえん	半円	7087
はんおん	半音	7037
はんかい	半壊	7241
はんかがい	繁華街	6398
はんかく	半角	6277
はんかくえいすうじ	半角英数字	7528
はんかち	ハンカチ	6195
はんかん	反感	6824
はんが	版画	6389
はんがく	半額	6217
はんがりー	ハンガリー	6365
はんがー	ハンガー	6178
はんき	半期	7075
はんきゅう	阪急	5954
はんきゅう	半球	7167
はんきゅう	半休	7459
はんきゅうでんてつ	阪急電鉄	7351
はんきゅうひゃっかてん	阪急百貨店	7445
はんきょう	反響	5808
はんぎゃく	反逆	6709
はんぎゃく	叛逆	7440
はんぎんぐ	ハンギング	7548
はんく	ハンク	7332
はんぐ	ハング	6875
はんぐりー	ハングリー	7405
はんぐる	ハングル	6636
はんけい	半径	6274
はんけつ	判決	5708
はんけん	版権	6773
はんけん	半券	7220
はんげき	反撃	5966
はんげつ	半月	6607
はんげん	半減	6201
はんこ	ハンコ	6668
はんこ	はんこ	6769
はんこ	判子	7542
はんこう	犯行	6241
はんこう	反抗	6257
はんこうき	反抗期	7133
はんこうてき	反抗的	7429
はんこつ	反骨	7319
はんこん	瘢痕	7304
はんごう	飯盒	7561
はんごと	班ごと	7232
はんさむ	ハンサム	6839
はんざい	犯罪	5328
はんざいこうい	犯罪行為	7044
はんざいしゃ	犯罪者	6619
はんざつ	煩雑	6691
はんざわ	半沢	7029
はんし	反し	6223
はんし	藩士	6880
はんし	半紙	7303
はんしゃ	反射	5528
はんしゃ	販社	7549
はんしゃかいてき	反社会的	7468
はんしゃしんけい	反射神経	7537
はんしゃてき	反射的	6998
はんしゅ	藩主	6377
はんしゅう	半周	7464
はんしゅつ	搬出	6654
はんしょう	反証	7554
はんしょく	繁殖	5732
はんしょくき	繁殖期	7510
はんしょくりょく	繁殖力	7483
はんしん	阪神	5613
はんしん	半身	6726
はんしんこうしえんきゅうじょう	阪神甲子園球場	7366
はんしんこうそく	阪神高速	7376
はんしんたいがーす	阪神タイガース	6694
はんしんはんぎ	半信半疑	6799
はんしんひゃっかてん	阪神百貨店	7503
はんじ	判事	6806
はんじ	ハンジ	7097
はんじ	半地	7354
はんじ	判示	7440
はんじゅく	半熟	6478
はんじゅくたまご	半熟卵	7470
はんじょう	繁盛	6442
はんす	ハンス	6955
はんすう	半数	6079
はんすう	反芻	7187
はんする	反する	6234
はんず	ハンズ	7270
はんずおん	ハンズオン	7280
はんずふりー	ハンズフリー	7259
はんせい	反省	5477
はんせい	半生	6699
はんせい	藩政	7380
はんせいかい	反省会	7462
はんせいき	半世紀	7145
はんせいてん	反省点	6977
はんせん	反戦	7017
はんせん	帆船	7354
はんせんびょう	ハンセン病	7089
はんぜん	判然	7364
はんそう	搬送	5989
はんそく	販促	6323
はんそく	反則	6440
はんそで	半袖	6177
はんぞう	半蔵	7306
はんぞうもんせん	半蔵門線	7229
はんた	半田	7392
はんたい	反対	5111
はんたいいけん	反対意見	7308
はんたいがわ	反対側	6489
はんたいじ	繁体字	7459
はんたいは	反対派	7482
はんたいほうこう	反対方向	7301
はんたー	ハンター	5814
はんだ	ハンダ	6683
はんだ	半田	6828
はんだ	はんだ	6916
はんだ	飯田	7425
はんだい	阪大	6919
はんだづけ	はんだ付け	7076
はんだん	判断	4619
はんだんきじゅん	判断基準	7037
はんだんざいりょう	判断材料	7295
はんだんりょく	判断力	6780
はんちゅう	範疇	6633
はんちょう	班長	6722
はんつき	半月	7068
はんてぃんぐ	ハンティング	6913
はんてい	判定	5334
はんてん	反転	6029
はんてん	斑点	6609
はんてん	飯店	6958
はんてん	半纏	7541
はんで	ハンデ	6725
はんでぃ	ハンディ	6584
はんでぃきゃっぷ	ハンディキャップ	7226
はんです	ハンデス	7500
はんと	ハント	6955
はんとう	半島	6029
はんとうめい	半透明	7143
はんとし	半年	5309
はんとしかん	半年間	6995
はんとしご	半年後	6962
はんとしぶり	半年ぶり	7450
はんど	ハンド	5488
はんどう	反動	6323
はんどうたい	半導体	5736
はんどく	判読	7291
はんどくりーむ	ハンドクリーム	7254
はんどばっぐ	ハンドバッグ	7007
はんどぶっく	ハンドブック	6983
はんどぼーる	ハンドボール	6664
はんどめいど	ハンドメイド	6776
はんどら	ハンドラ	7053
はんどらー	ハンドラー	7458
はんどりんぐ	ハンドリング	6489
はんどる	ハンドル	5446
はんどるねーむ	ハンドルネーム	7393
はんな	ハンナ	7041
はんなり	はんなり	7421
はんにばる	ハンニバル	7415
はんにゃ	般若	7002
はんにゃしんきょう	般若心経	7548
はんにゅう	搬入	6208
はんにん	犯人	5567
はんね	半値	7476
はんのう	反応	4799
はんのう	飯能	7070
はんはば	半幅	7471
はんはん	半々	6717
はんばい	販売	4201
はんばいいん	販売員	7349
はんばいかいし	販売開始	6668
はんばいかかく	販売価格	6295
はんばいき	販売機	6473
はんばいきかん	販売期間	7244
はんばいしゃ	販売者	7299
はんばいしゅうりょう	販売終了	7033
はんばいすう	販売数	7527
はんばいそくしん	販売促進	7503
はんばいだいすう	販売台数	7491
はんばいちゅう	販売中	6276
はんばいてん	販売店	5879
はんばいてんぽ	販売店舗	7500
はんばいほうほう	販売方法	7383
はんばいもと	販売元	6933
はんばいよてい	販売予定	7034
はんばいりょう	販売量	7538
はんばーがー	ハンバーガー	6048
はんばーぐ	ハンバーグ	5687
はんぱ	半端	6465
はんぱ	ハンパ	7293
はんぱつ	反発	5870
はんぱつりょく	反発力	7512
はんぱない	半端ない	6376
はんぱない	ハンパない	6807
はんぱなかっ	半端なかっ	7431
はんぱなく	半端なく	7126
はんびらき	半開き	7466
はんぴれい	反比例	7153
はんぶるく	ハンブルク	7300
はんぶん	半分	5015
はんぶんこ	半分こ	7485
はんぷ	頒布	6439
はんぷ	帆布	7245
はんぷく	反復	6224
はんべえ	半兵衛	7511
はんべつ	判別	6044
はんべつ	班別	7392
はんぺん	はんぺん	6887
はんぼう	繁忙	6388
はんぼうき	繁忙期	6724
はんぽ	半歩	7509
はんぽん	版本	7475
はんまー	ハンマー	6081
はんみ	半身	7327
はんめい	判明	5462
はんめん	反面	6250
はんめん	半面	6924
はんも	繁茂	7164
はんもっく	ハンモック	6682
はんもと	版元	7334
はんもん	斑紋	7300
はんよう	汎用	5822
はんようせい	汎用性	6555
はんようてき	汎用的	7168
はんら	半裸	7493
はんらん	反乱	6372
はんらん	氾濫	6436
はんりゅう	韓流	7380
はんりょ	伴侶	6945
はんりょう	半量	6873
はんりょく	反力	7412
はんれい	判例	6524
はんれい	凡例	7222
はんろ	販路	6534
はんろ	坂路	7323
はんろん	反論	6014
はんわ	阪和	7500
はー	ハー	5970
はー	はー	6754
はーい	はーい	6943
はーぐ	ハーグ	7483
はーげんだっつ	ハーゲンダッツ	7095
はーつ	ハーツ	7400
はーと	ハート	5570
はーとがた	ハート型	7353
はーど	ハード	5609
はーどうぇあ	ハードウェア	6012
はーどうえあ	ハードウエア	7408
はーどおふ	ハードオフ	7374
はーどかばー	ハードカバー	7304
はーどでぃすく	ハードディスク	6371
はーどぼいるど	ハードボイルド	7254
はーどる	ハードル	5708
はーねす	ハーネス	6401
はーばーらんど	ハーバーランド	7559
はーふ	ハーフ	5701
はーふあっぷ	ハーフアップ	7505
はーふたいむ	ハーフタイム	6936
はーふぱんつ	ハーフパンツ	7491
はーふまらそん	ハーフマラソン	7079
はーぶ	ハーブ	5667
はーぶてぃー	ハーブティー	6990
はーぶぴーりんぐ	ハーブピーリング	7411
はーぷ	ハープ	6799
はーまいおにー	ハーマイオニー	7350
はーもにか	ハーモニカ	7118
はーもにー	ハーモニー	6272
はーれむ	ハーレム	6875
はーれー	ハーレー	6751
はーん	ハーン	7393
ば	ば	3272
ば	場	4941
ば	馬	5495
ば	話	5890
ば	羽	6604
ば	葉	7248
ばあい	場合	3461
ばあさん	婆さん	7028
ばあさん	ばあさん	7236
ばあたり	場当たり	7454
ばあちゃん	ばあちゃん	5726
ばあちゃん	婆ちゃん	6958
ばあば	ばあば	7326
ばい	倍	4873
ばい	杯	5961
ばい	バイ	6027
ばい	ばい	6289
ばい	敗	7505
ばいあす	バイアス	6419
ばいいん	ばいいん	6630
ばいう	梅雨	6282
ばいえるん	バイエルン	6673
ばいお	バイオ	5779
ばいおてくのろじー	バイオテクノロジー	7225
ばいおはざーど	バイオハザード	6922
ばいおりにすと	バイオリニスト	7422
ばいおりん	バイオリン	6405
ばいおりん	ヴァイオリン	7453
ばいおれっと	バイオレット	6837
ばいおれんす	バイオレンス	7438
ばいおん	倍音	7067
ばいか	売価	7470
ばいかい	媒介	6483
ばいがえし	倍返し	7521
ばいきゃく	売却	5418
ばいきん	バイキン	7168
ばいきんぐ	バイキング	6152
ばいく	バイク	4974
ばいくや	バイク屋	7479
ばいざー	バイザー	6754
ばいしゅう	買収	5825
ばいしゅん	売春	6676
ばいしゅん	買春	7438
ばいしょう	賠償	5720
ばいしょうきん	賠償金	7387
ばいしん	陪審	7340
ばいす	バイス	7389
ばいすう	倍数	6807
ばいせん	焙煎	6130
ばいそく	倍速	7211
ばいぞう	倍増	6287
ばいたい	媒体	5792
ばいたりてぃ	バイタリティ	7305
ばいだ	バイダ	7283
ばいち	培地	6859
ばいてん	売店	6093
ばいでん	バイデン	6371
ばいと	バイト	5238
ばいどく	梅毒	7136
ばいなり	バイナリ	6491
ばいなりー	バイナリー	7538
ばいなりーおぷしょん	バイナリーオプション	7436
ばいにく	梅肉	7177
ばいばい	売買	5652
ばいばい	バイバイ	6765
ばいばいけいやく	売買契約	7352
ばいぱす	バイパス	6476
ばいぶ	バイブ	7219
ばいぶる	バイブル	6897
ばいぶれーしょん	バイブレーション	7066
ばいめい	売名	7518
ばいやー	バイヤー	6456
ばいよう	培養	6101
ばいようえき	培養液	7175
ばいりつ	倍率	5772
ばいりょう	倍量	7524
ばいりん	梅林	7165
ばいりんがる	バイリンガル	6895
ばいんだー	バインダー	6758
ばいんでぃんぐ	バインディング	7100
ばいんど	バインド	6703
ばいんみー	バインミー	7436
ばう	バウ	7493
ばうちゃー	バウチャー	7386
ばうむ	バウム	7562
ばうむくーへん	バウムクーヘン	6962
ばうんす	バウンス	7056
ばうんど	バウンド	6243
ばええ	早え	6918
ばええ	速え	6918
ばか	バカ	5521
ばか	馬鹿	5701
ばか	ばか	6713
ばかげ	馬鹿げ	7144
ばかし	ばかし	6907
ばかず	場数	7411
ばかばかしい	バカバカしい	7331
ばかばかしい	馬鹿馬鹿しい	7429
ばから	バカラ	7072
ばかり	ばかり	4491
ばかり	バカリ	6907
ばかりずむ	バカリズム	7330
ばかんす	バカンス	6853
ばき	履き	6859
ばき	バキ	7441
ばきばき	バキバキ	6926
ばきゅーむ	バキューム	7483
ばぎ	バギ	7422
ばぎー	バギー	6871
ばく	バク	6403
ばく	ばく	6622
ばく	泊	6852
ばく	瀑	7120
ばく	縛	7168
ばくおん	爆音	6654
ばくが	麦芽	6987
ばくがい	爆買い	7147
ばくげき	爆撃	6325
ばくごうかつき	爆豪勝己	7520
ばくし	爆死	6888
ばくしょう	爆笑	5884
ばくしん	爆心	7511
ばくすい	爆睡	6716
ばくぜんと	漠然と	6287
ばくそう	爆走	6976
ばくそく	爆速	6933
ばくたん	爆誕	6923
ばくだい	莫大	6454
ばくだん	爆弾	5848
ばくち	博打	7291
ばくちく	爆竹	7384
ばくてりあ	バクテリア	6743
ばくは	爆破	6328
ばくはつ	爆発	5317
ばくはつてき	爆発的	6526
ばくはつぶつ	爆発物	7529
ばくはつりょく	爆発力	7454
ばくばく	バクバク	7181
ばくふ	幕府	5900
ばくふう	爆風	6823
ばくまつ	幕末	6242
ばくやく	爆薬	7292
ばくりょう	幕僚	7357
ばくれつ	爆裂	7026
ばくろ	暴露	6126
ばくろ	曝露	6929
ばぐ	バグ	5664
ばぐ	馬具	7380
ばぐっ	バグっ	6910
ばけ	化け	6515
ばけ	バケ	6850
ばけ	ばけ	7393
ばけっと	バケット	6420
ばけつ	バケツ	6199
ばけもの	化物	6490
ばけもの	化け物	6743
ばけもん	バケモン	7476
ばける	化ける	7072
ばけん	馬券	6357
ばけーしょん	バケーション	7045
ばげっと	バゲット	6799
ばこ	箱	5353
ばさし	馬刺し	7007
ばさみ	バサミ	6868
ばさみ	ばさみ	7247
ばさら	バサラ	7548
ばざー	バザー	6711
ばざーる	バザール	7029
ばし	橋	6054
ばし	ばし	6417
ばしっ	バシッ	7285
ばしばし	バシバシ	7214
ばしゃ	馬車	6362
ばしゃばしゃ	バシャバシャ	7520
ばしゅ	馬主	7374
ばしょ	場所	4088
ばしょう	芭蕉	6998
ばしょてき	場所的	7464
ばしょとり	場所取り	7447
ばしら	柱	6169
ばしん	馬身	6902
ばじゅつ	馬術	6904
ばじりすく	バジリスク	7380
ばじる	バジル	6350
ばじるそーす	バジルソース	7505
ばす	バス	4616
ばすえ	場末	7484
ばすく	バスク	6962
ばすくちーずけーき	バスクチーズケーキ	7314
ばすけ	バスケ	5849
ばすけっと	バスケット	6155
ばすけっとぼーる	バスケットボール	5930
ばすけぶ	バスケ部	7343
ばすそると	バスソルト	7491
ばすたおる	バスタオル	6830
ばすたぶ	バスタブ	7053
ばすたー	バスター	7136
ばすたーみなる	バスターミナル	6511
ばすつあー	バスツアー	7440
ばすてい	バス停	5736
ばすと	バスト	6247
ばすとあっぷ	バストアップ	7542
ばするーむ	バスルーム	6726
ばすろーぶ	バスローブ	7280
ばず	バズ	6781
ばずっ	バズっ	6774
ばずり	バズり	7134
ばずる	バズる	7185
ばずーか	バズーカ	6948
ばせい	罵声	7108
ばせどう	バセドウ	7485
ばた	バタ	5807
ばた	端	6471
ばたい	馬体	7111
ばたけ	畑	6860
ばたばた	バタバタ	6224
ばたばた	ばたばた	7491
ばたふらい	バタフライ	6693
ばたー	バター	5464
ばたーくりーむ	バタークリーム	7253
ばたーちきんかれー	バターチキンカレー	7512
ばだ	場だ	7507
ばだい	場代	7271
ばち	鉢	6272
ばち	バチ	6619
ばち	罰	6818
ばち	ばち	7070
ばち	撥	7440
ばちぇらー	バチェラー	7136
ばちかん	バチカン	7032
ばちがい	場違い	7046
ばちばち	バチバチ	6830
ばっ	ばっ	6838
ばっ	貼っ	6911
ばっ	罰	6939
ばっ	張っ	7297
ばっ	バッ	7316
ばっか	ばっか	5929
ばっかす	バッカス	7549
ばっかり	ばっかり	5611
ばっかり	バッカリ	6907
ばっきょ	抜去	7509
ばっきん	罰金	6206
ばっきんがむ	バッキンガム	7545
ばっきんぐ	バッキング	7507
ばっく	バック	4983
ばっくあっぷ	バックアップ	5591
ばっくあっぷふぁいる	バックアップファイル	7540
ばっくえんど	バックエンド	7269
ばっくかめら	バックカメラ	7516
ばっくぐらうんど	バックグラウンド	6332
ばっくす	バックス	6283
ばっくすくりーん	バックスクリーン	7477
ばっくすたいる	バックスタイル	7565
ばっくなんばー	バックナンバー	6735
ばっくぱっかー	バックパッカー	7158
ばっくぱっく	バックパック	6777
ばっくぼーん	バックボーン	7013
ばっくみらー	バックミラー	7390
ばっくやーど	バックヤード	7343
ばっくらいと	バックライト	7426
ばっくる	バックル	6518
ばっぐ	バッグ	5072
ばっこ	跋扈	7389
ばっさい	伐採	6139
ばっさり	バッサリ	6715
ばっさり	ばっさり	7238
ばっし	抜歯	6393
ばっし	抜糸	7195
ばっしゅ	バッシュ	7261
ばっしんぐ	バッシング	6876
ばっじ	バッジ	5774
ばっすい	抜粋	5932
ばっする	罰する	7377
ばっせ	罰せ	7148
ばっそく	罰則	6452
ばった	バッタ	6580
ばったり	ばったり	6818
ばったり	バッタリ	7296
ばったー	バッター	6459
ばっち	バッチ	6153
ばっちり	バッチリ	5816
ばっちり	ばっちり	6216
ばってぃんぐ	バッティング	6393
ばってき	抜擢	6338
ばってき	抜てき	7455
ばってり	バッテリ	5892
ばってりー	バッテリー	5308
ばってりーぱっく	バッテリーパック	7437
ばってん	ばってん	7446
ばっと	バット	5901
ばっとう	抜刀	6972
ばっとまん	バットマン	6700
ばっど	バッド	7325
ばっどえんど	バッドエンド	7030
ばっは	バッハ	6478
ばっふぁ	バッファ	6380
ばっふぁろー	バッファロー	7069
ばっふぁー	バッファー	7245
ばっふる	バッフル	7354
ばっぽん	抜本	6745
ばっぽんてき	抜本的	7097
ばつ	バツ	6462
ばつ	罰	6522
ばつ	発	6674
ばつ	ばつ	7168
ばついち	バツイチ	7323
ばつぐん	抜群	5344
ばつぐん	バツグン	6603
ばつげーむ	罰ゲーム	7336
ばて	バテ	7127
ばてい	馬蹄	7484
ばでぃ	バディ	6462
ばでぃーず	バディーズ	7279
ばとう	罵倒	6683
ばとうかんのん	馬頭観音	7555
ばとみんとん	バトミントン	7452
ばとらー	バトラー	7173
ばとる	バトル	5216
ばとるぞーん	バトルゾーン	7090
ばとん	バトン	6332
ばとんたっち	バトンタッチ	6862
ばど	バド	7246
ばどみんとん	バドミントン	6254
ばな	バナ	7190
ばなし	話	5507
ばなし	ばなし	7200
ばなな	バナナ	5622
ばなれ	離れ	5292
ばなー	バナー	6006
ばにく	馬肉	7016
ばにら	バニラ	5939
ばにらあいす	バニラアイス	7042
ばにらえっせんす	バニラエッセンス	7496
ばにらびーんず	バニラビーンズ	7381
ばにー	バニー	7029
ばにーがーる	バニーガール	7449
ばぬし	馬主	7402
ばね	バネ	6133
ばね	羽	6608
ばね	ばね	6680
ばのくうき	場の空気	7288
ばのふんいき	場の雰囲気	7311
ばはま	バハマ	7557
ばはむーと	バハムート	7273
ばば	馬場	6312
ばば	ババ	6434
ばば	婆	6588
ばば	ばば	6703
ばばあ	ババア	6600
ばばろあ	ババロア	7406
ばびろにあ	バビロニア	7481
ばびろん	バビロン	7144
ばふ	バフ	5909
ばふぁろーず	バファローズ	7541
ばふぇっと	バフェット	7428
ばぶ	バブ	7097
ばぶる	バブル	5911
ばぶるき	バブル期	7461
ばぷてすま	バプテスマ	7421
ばべる	バベル	7426
ばめい	馬名	7408
ばめん	場面	4971
ばめんしゃしん	場面写真	7398
ばや	早	6566
ばや	速	6931
ばやい	早い	5822
ばやい	速い	6931
ばやかっ	速かっ	6931
ばやかっ	早かっ	7279
ばやから	速から	6931
ばやから	早から	7272
ばやかれ	速かれ	6931
ばやかれ	早かれ	7271
ばやかろ	速かろ	6919
ばやかろ	早かろ	7266
ばやき	速き	6931
ばやき	早き	7270
ばやきゃ	速きゃ	6919
ばやきゃ	早きゃ	7266
ばやく	早く	5428
ばやく	速く	6931
ばやけりゃ	速けりゃ	6919
ばやけりゃ	早けりゃ	7266
ばやけれ	速けれ	6919
ばやけれ	早けれ	7279
ばやし	ばやし	6794
ばやし	囃子	7117
ばよぅ	早ぅ	7265
ばよう	速う	6919
ばよう	早う	7265
ばら	バラ	5274
ばら	薔薇	6053
ばら	ばら	6240
ばら	貼ら	7555
ばらい	払い	5979
ばらい	払	6625
ばらうり	バラ売り	6722
ばらえてぃ	バラエティ	5853
ばらえてぃばんぐみ	バラエティ番組	6791
ばらえてぃー	バラエティー	6300
ばらえてぃーばんぐみ	バラエティー番組	7239
ばらさ	バラさ	7367
ばらし	バラし	6650
ばらし	ばらし	6915
ばらし	バラシ	7298
ばらす	バラす	7275
ばらすと	バラスト	7261
ばらっく	バラック	7545
ばらつき	ばらつき	6787
ばらつき	バラツキ	7012
ばらつき	バラつき	7388
ばらばら	バラバラ	5902
ばらばら	ばらばら	7030
ばらまい	ばらまい	7436
ばらまい	ばら撒い	7472
ばらまき	バラマキ	7563
ばらまく	ばらまく	7533
ばらもん	バラモン	7517
ばらん	バラン	7385
ばらんさー	バランサー	7493
ばらんしんぐ	バランシング	7547
ばらんす	バランス	4770
ばらんすしーと	バランスシート	7464
ばらんすぼーる	バランスボール	7472
ばらーど	バラード	6414
ばり	バリ	5913
ばり	貼り	6084
ばり	張り	6201
ばり	ばり	6472
ばり	割	6524
ばり	尿	6670
ばり	針	7088
ばり	罵詈	7319
ばりあ	バリア	6104
ばりあふりー	バリアフリー	6280
ばりあんと	バリアント	7314
ばりうむ	バリウム	6695
ばりえーしょん	バリエーション	5606
ばりかん	バリカン	6990
ばりき	馬力	6369
ばりけーど	バリケード	7126
ばりすた	バリスタ	7371
ばりでーしょん	バリデーション	7136
ばりとう	バリ島	6604
ばりとん	バリトン	7223
ばりばり	バリバリ	6171
ばりゅー	バリュー	6326
ばりー	バリー	7136
ばる	バル	6039
ばる	ばる	6758
ばる	貼る	7399
ばるかん	バルカン	7021
ばるく	バルク	6754
ばるこにー	バルコニー	6235
ばるさ	バルサ	6946
ばるさみこ	バルサミコ	7057
ばるさみこす	バルサミコ酢	7248
ばるせろな	バルセロナ	6251
ばると	バルト	7049
ばるぶ	バルブ	5903
ばるーん	バルーン	6252
ばれ	バレ	5465
ばれ	晴れ	6125
ばれ	ばれ	6446
ばれえ	バレエ	5749
ばれった	バレッタ	7294
ばれっと	バレット	7148
ばればれ	バレバレ	7236
ばれりーな	バレリーナ	6994
ばれる	バレる	6378
ばれる	バレル	6473
ばれる	ばれる	7147
ばれんしあ	バレンシア	6879
ばれんたいん	バレンタイン	6051
ばれんたいんでー	バレンタインデー	6674
ばれー	バレー	6070
ばれーぶ	バレー部	7461
ばれーぼーる	バレーボール	5970
ばろっく	バロック	6695
ばろめーたー	バロメーター	7430
ばろん	バロン	6828
ばろー	バロー	7401
ばん	番	4623
ばん	版	4859
ばん	盤	5543
ばん	板	5560
ばん	晩	6043
ばん	バン	6218
ばん	ばん	6394
ばん	判	6815
ばんか	晩夏	7357
ばんかい	挽回	6772
ばんかー	バンカー	6596
ばんがい	番外	6308
ばんがいへん	番外編	6829
ばんがろー	バンガロー	7191
ばんきん	板金	6304
ばんきん	鈑金	6998
ばんきんぐ	バンキング	7139
ばんぎ	バンギ	7266
ばんく	バンク	5987
ばんくしー	バンクシー	7522
ばんくーばー	バンクーバー	6674
ばんぐ	バング	7467
ばんぐみ	番組	4685
ばんぐみない	番組内	6845
ばんぐみひょう	番組表	7519
ばんぐらでしゅ	バングラデシュ	6807
ばんぐる	バングル	7402
ばんけん	番犬	7244
ばんこう	蛮行	7545
ばんこく	バンコク	6144
ばんこく	万国	7333
ばんこくはくらんかい	万国博覧会	7491
ばんこん	晩婚	7466
ばんごう	番号	4793
ばんさん	晩餐	6770
ばんざい	万歳	7084
ばんざい	バンザイ	7096
ばんしゃく	晩酌	6638
ばんしゅう	晩秋	6884
ばんしゅう	播州	7214
ばんしょ	板書	7121
ばんじ	万事	6860
ばんじゃく	盤石	7096
ばんじょう	盤上	7447
ばんじょう	万丈	7555
ばんじょー	バンジョー	7435
ばんじーじゃんぷ	バンジージャンプ	7545
ばんず	バンズ	6868
ばんせん	番線	6355
ばんせん	番宣	7093
ばんぜん	万全	5982
ばんぜんをきし	万全を期し	7057
ばんそう	伴奏	6300
ばんそう	伴走	6587
ばんそうこう	絆創膏	6862
ばんぞく	蛮族	7218
ばんたむ	バンタム	6850
ばんたん	万端	7230
ばんだ	番だ	7489
ばんだい	番台	6457
ばんだい	バンダイ	6479
ばんだい	磐梯	7370
ばんだい	万代	7390
ばんだいさん	磐梯山	7383
ばんだな	バンダナ	6940
ばんち	番地	6263
ばんちゃ	番茶	7239
ばんちょう	番長	6621
ばんづけ	番付	6984
ばんて	番手	5980
ばんと	バント	6675
ばんとう	番頭	7346
ばんど	バンド	5045
ばんどう	坂東	6917
ばんどう	板東	7556
ばんどまん	バンドマン	7470
ばんどめんばー	バンドメンバー	7411
ばんどり	バンドリ	7345
ばんどる	バンドル	6795
ばんにん	万人	5739
ばんにん	番人	6973
ばんにんうけ	万人受け	7131
ばんねん	晩年	6278
ばんねん	万年	7557
ばんのう	万能	5863
ばんのうねぎ	万能ねぎ	7531
ばんば	馬場	7150
ばんばん	バンバン	6433
ばんばん	ばんばん	7369
ばんぱいあ	バンパイア	7543
ばんぱく	万博	6181
ばんぱくきねんこうえん	万博記念公園	7427
ばんぱー	バンパー	6169
ばんび	バンビ	7219
ばんぶつ	万物	6895
ばんぷ	バンプ	7433
ばんめ	番目	5406
ばんめし	晩飯	7199
ばんめん	盤面	6269
ばんり	万里	6985
ばんりのちょうじょう	万里の長城	7436
ばー	バー	5156
ばーがー	バーガー	6474
ばーく	バーク	7470
ばーくれー	バークレー	7385
ばーげん	バーゲン	7131
ばーこーど	バーコード	6354
ばーさす	VS	6244
ばーさーかー	バーサーカー	7194
ばーじにあ	バージニア	7212
ばーじょん	バージョン	5119
ばーじょんあっぷ	バージョンアップ	6218
ばーじん	バージン	7096
ばーす	バース	6998
ばーすでい	バースデイ	7476
ばーすでー	バースデー	6087
ばーすと	バースト	6275
ばーぜる	バーゼル	7292
ばーたー	バーター	7426
ばーちゃる	バーチャル	5998
ばーつ	バーツ	6861
ばーてんだー	バーテンダー	6802
ばーでぃ	バーディ	7251
ばーでぃー	バーディー	7016
ばーと	バート	7565
ばーとん	バートン	7478
ばーど	バード	6305
ばーどうぉっちんぐ	バードウォッチング	7490
ばーなー	バーナー	6518
ばーにあ	バーニア	7407
ばーばら	バーバラ	7031
ばーばり	バーバリ	7221
ばーばー	バーバー	7468
ばーびー	バービー	7053
ばーべきゅー	バーベキュー	6011
ばーべる	バーベル	6979
ばーぼん	バーボン	6979
ばーみやん	バーミヤン	7469
ばーむ	バーム	7160
ばーむくーへん	バームクーヘン	7045
ばーる	バール	7164
ばーれーん	バーレーン	7149
ばーん	バーン	6602
ばーんすたいん	バーンスタイン	7564
ばーんず	バーンズ	7365
ぱ	パ	5665
ぱ	話	5890
ぱ	羽	6668
ぱ	波	7105
ぱい	パイ	5733
ぱい	杯	5953
ぱい	敗	6436
ぱい	牌	6512
ぱい	ぱい	7147
ぱいおにあ	パイオニア	6669
ぱいきじ	パイ生地	7259
ぱいそん	パイソン	7550
ぱいなっぷる	パイナップル	6256
ぱいぴんぐ	パイピング	7147
ぱいぷ	パイプ	5715
ぱいぷおるがん	パイプオルガン	7287
ぱいぷらいん	パイプライン	6564
ぱいる	パイル	6771
ぱいれーつ	パイレーツ	7403
ぱいろっと	パイロット	5833
ぱいん	パイン	6512
ぱうえる	パウエル	7197
ぱうだー	パウダー	5734
ぱうち	パウチ	7133
ぱうろ	パウロ	6629
ぱうんど	パウンド	7161
ぱうんどけーき	パウンドケーキ	6759
ぱお	パオ	6957
ぱか	パカ	7418
ぱきすたん	パキスタン	6577
ぱきら	パキラ	7426
ぱく	泊	6039
ぱく	パク	6715
ぱく	拍	7256
ぱく	朴	7372
ぱくちー	パクチー	6558
ぱくっ	パクっ	6796
ぱくぱく	パクパク	6699
ぱくぱく	ぱくぱく	7454
ぱくら	パクら	7284
ぱくり	パクリ	6496
ぱくり	パクり	7247
ぱくる	パクる	7518
ぱぐ	パグ	7071
ぱけっと	パケット	5918
ぱこ	箱	7079
ぱさ	パサ	6666
ぱさぱさ	パサパサ	6821
ぱしふぃこよこはま	パシフィコ横浜	7341
ぱしふぃっく	パシフィック	6863
ぱしゃ	パシャ	7291
ぱしゃぱしゃ	パシャパシャ	7502
ぱしゃり	パシャリ	6746
ぱじぇろ	パジェロ	7281
ぱじゃま	パジャマ	6262
ぱす	パス	5173
ぱすかる	パスカル	7380
ぱすけーす	パスケース	7539
ぱすこーど	パスコード	7513
ぱすた	パスタ	5403
ぱすたそーす	パスタソース	7539
ぱすてる	パステル	6536
ぱすてるからー	パステルカラー	6790
ぱすぽーと	パスポート	5925
ぱすわーど	パスワード	5320
ぱずどら	パズドラ	6696
ぱずる	パズル	5878
ぱせり	パセリ	6287
ぱそこん	パソコン	4989
ぱそな	パソナ	7167
ぱたごにあ	パタゴニア	7048
ぱたぱた	パタパタ	6969
ぱたや	パタヤ	7072
ぱたん	パタン	7372
ぱたー	パター	6592
ぱたーん	パターン	4994
ぱち	パチ	6050
ぱち	ぱち	7263
ぱちすろ	パチスロ	6539
ぱちぱち	パチパチ	7082
ぱちぱち	ぱちぱち	7515
ぱちり	パチリ	7283
ぱちんこ	パチンコ	5756
ぱちんこ	ぱちんこ	7377
ぱっ	パッ	5655
ぱっかー	パッカー	7461
ぱっきん	パッキン	6883
ぱっきんぐ	パッキング	6911
ぱっく	パック	5227
ぱっけーじ	パッケージ	5165
ぱっけーじでざいん	パッケージデザイン	7210
ぱっけーじんぐ	パッケージング	7100
ぱっしぶ	パッシブ	6664
ぱっしぶすきる	パッシブスキル	7177
ぱっしょん	パッション	6608
ぱっしょんふるーつ	パッションフルーツ	7489
ぱっち	パッチ	5926
ぱっちり	ぱっちり	7124
ぱっちわーく	パッチワーク	6919
ぱっつん	ぱっつん	7531
ぱってぃんぐ	パッティング	7281
ぱっと	ぱっと	6341
ぱっと	パット	6390
ぱっど	パッド	5703
ぱつ	発	5964
ぱつぱつ	パツパツ	7563
ぱて	パテ	6363
ぱてぃ	パティ	6937
ぱてぃお	パティオ	7336
ぱてぃしえ	パティシエ	6540
ぱてぃすりー	パティスリー	6991
ぱてんと	パテント	7470
ぱでぃんとん	パディントン	7520
ぱと	パト	7397
ぱとかー	パトカー	6461
ぱとりっく	パトリック	6871
ぱとれいばー	パトレイバー	7533
ぱとろん	パトロン	7265
ぱとろーる	パトロール	6371
ぱどっく	パドック	6940
ぱどる	パドル	6776
ぱな	パナ	7021
ぱなし	放し	7444
ぱなそにっく	パナソニック	6112
ぱなま	パナマ	6948
ぱにっく	パニック	6028
ぱにっくしょうがい	パニック障害	7162
ぱねらー	パネラー	7549
ぱねりすと	パネリスト	7184
ぱねる	パネル	5184
ぱのらま	パノラマ	6362
ぱぱ	パパ	5346
ぱぱ	ぱぱ	7243
ぱぱいや	パパイヤ	6989
ぱぱかつ	パパ活	7332
ぱぱさん	パパさん	7231
ぱぱっと	ぱぱっと	7562
ぱぱまま	パパママ	7495
ぱびりおん	パビリオン	6877
ぱぴよん	パピヨン	7300
ぱぴるす	パピルス	7542
ぱぴー	パピー	7310
ぱふ	パフ	6654
ぱふぇ	パフェ	5934
ぱふぉーまんす	パフォーマンス	5087
ぱふぉーまー	パフォーマー	6868
ぱぶ	パブ	6545
ぱぶりっく	パブリック	6342
ぱぶりっくくらうど	パブリッククラウド	7528
ぱぶりっくどめいん	パブリックドメイン	7004
ぱぶりっくびゅーいんぐ	パブリックビューイング	7414
ぱぶりっしゃー	パブリッシャー	7349
ぱぷあにゅーぎにあ	パプアニューギニア	7464
ぱぷりか	パプリカ	6290
ぱら	パラ	6597
ぱらお	パラオ	7008
ぱらぐあい	パラグアイ	7150
ぱらぐらいだー	パラグライダー	7365
ぱらぐらふ	パラグラフ	7488
ぱらさいと	パラサイト	7298
ぱらしゅーと	パラシュート	6971
ぱらじうむ	パラジウム	7422
ぱらすぽーつ	パラスポーツ	7364
ぱらそる	パラソル	6996
ぱらだいす	パラダイス	6494
ぱらだいむ	パラダイム	7193
ぱらだいむしふと	パラダイムシフト	7477
ぱらでぃん	パラディン	7257
ぱらどっくす	パラドックス	7072
ぱらぱら	パラパラ	6498
ぱらぱら	ぱらぱら	7497
ぱらふぃん	パラフィン	7372
ぱらめた	パラメタ	7374
ぱらめーた	パラメータ	5717
ぱらめーたー	パラメーター	6226
ぱらりんぴっく	パラリンピック	6244
ぱられる	パラレル	6458
ぱられるわーるど	パラレルワールド	7423
ぱり	パリ	5264
ぱり	割	6524
ぱり	ぱり	7375
ぱりぃ	パリィ	7164
ぱりおりんぴっく	パリオリンピック	6777
ぱりこれ	パリコレ	7452
ぱりさんじぇるまん	パリ・サンジェルマン	7550
ぱりじぇんぬ	パリジェンヌ	7218
ぱりす	パリス	7252
ぱりっ	パリッ	6545
ぱりぱり	パリパリ	6777
ぱりぴ	パリピ	7213
ぱりーぐ	パ・リーグ	6894
ぱりーぐ	パリーグ	7487
ぱる	パル	6400
ぱるくーる	パルクール	7471
ぱるこ	パルコ	6707
ぱるす	パルス	6401
ぱるであ	パルデア	7383
ぱるぷ	パルプ	6907
ぱるま	パルマ	7391
ぱるめざんちーず	パルメザンチーズ	7270
ぱれ	パレ	7067
ぱれす	パレス	6654
ぱれすちな	パレスチナ	6382
ぱれっと	パレット	6131
ぱれーど	パレード	6063
ぱろでぃ	パロディ	6489
ぱわすて	パワステ	7514
ぱわはら	パワハラ	6119
ぱわふる	パワフル	6308
ぱわぷろ	パワプロ	6849
ぱわぽ	パワポ	7224
ぱわー	パワー	4973
ぱわーあっぷ	パワーアップ	5995
ぱわーすとーん	パワーストーン	7155
ぱわーすぽっと	パワースポット	6369
ぱわーぽいんと	パワーポイント	7102
ぱん	パン	4710
ぱん	ぱん	6541
ぱん	版	6859
ぱん	班	7374
ぱんきじ	パン生地	6842
ぱんく	パンク	6091
ぱんけーき	パンケーキ	6057
ぱんこ	パン粉	6446
ぱんさー	パンサー	6972
ぱんじー	パンジー	6935
ぱんた	パンタ	7333
ぱんたぐらふ	パンタグラフ	7064
ぱんだ	パンダ	5913
ぱんだ	ぱんだ	7173
ぱんち	パンチ	5718
ぱんちんぐ	パンチング	7535
ぱんつ	パンツ	5333
ぱんつすたいる	パンツスタイル	7542
ぱんづくり	パン作り	7463
ぱんてぃ	パンティ	7454
ぱんで	パンデ	6665
ぱんでみっく	パンデミック	7181
ぱんと	パント	7471
ぱんとまいむ	パントマイム	7493
ぱんとりー	パントリー	7539
ぱんどら	パンドラ	6890
ぱんなこった	パンナコッタ	7203
ぱんぱん	パンパン	6340
ぱんふ	パンフ	6847
ぱんふれっと	パンフレット	5828
ぱんぷ	パンプ	7488
ぱんぷきん	パンプキン	6963
ぱんぷす	パンプス	6598
ぱんや	パン屋	6937
ぱー	パー	5800
ぱーかっしょん	パーカッション	6862
ぱーかー	パーカー	6039
ぱーきんぐ	パーキング	6105
ぱーきんそん	パーキンソン	6833
ぱーきんそんびょう	パーキンソン病	7367
ぱーく	パーク	5464
ぱーくす	パークス	7521
ぱーくない	パーク内	7341
ぱーごら	パーゴラ	7522
ぱーしー	パーシー	7501
ぱーじ	パージ	7405
ぱーす	パース	6573
ぱーせんてーじ	パーセンテージ	7131
ぱーせんと	%	4242
ぱーせんと	パーセント	6055
ぱーせんとおふ	%オフ	7018
ぱーせんとおふ	%OFF	7033
ぱーせんとていど	%程度	6885
ぱーせんとみまん	%未満	7283
ぱーそならいず	パーソナライズ	6644
ぱーそなりてぃ	パーソナリティ	6259
ぱーそなりてぃー	パーソナリティー	6911
ぱーそなる	パーソナル	5834
ぱーそなるからー	パーソナルカラー	7163
ぱーそなるじむ	パーソナルジム	7480
ぱーそなるとれーなー	パーソナルトレーナー	7449
ぱーつ	パーツ	4939
ぱーつくりーなー	パーツクリーナー	7531
ぱーてぃ	パーティ	5467
ぱーてぃくる	パーティクル	7280
ぱーてぃしょん	パーティション	6356
ぱーてぃー	パーティー	5377
ぱーてぃー	Party	6452
ぱーてーしょん	パーテーション	7040
ぱーと	パート	5346
ぱーとたいまー	パートタイマー	7531
ぱーとたいむ	パートタイム	6989
ぱーとなー	パートナー	5269
ぱーとなーしっぷ	パートナーシップ	6204
ぱーとなーず	パートナーズ	7235
ぱーぱす	パーパス	7363
ぱーふぇくと	パーフェクト	6413
ぱーぷる	パープル	6405
ぱーま	パーマ	5681
ぱーまねんと	パーマネント	7238
ぱーまー	パーマー	7546
ぱーみっしょん	パーミッション	7202
ぱーむ	パーム	7141
ぱーらー	パーラー	7141
ぱーる	パール	5901
ひ	日	4082
ひ	費	4752
ひ	火	5231
ひ	非	5245
ひ	ひ	5348
ひ	被	5464
ひ	比	5473
ひ	碑	6109
ひあい	悲哀	7110
ひあたり	日当たり	6281
ひありんぐ	ヒアリング	6066
ひあるろんさん	ヒアルロン酸	6383
ひい	引い	5376
ひい	弾い	5914
ひい	ひい	6063
ひい	挽い	7033
ひい	轢い	7564
ひいき	贔屓	6593
ひいき	ひいき	7291
ひいく	肥育	7234
ひいては	ひいては	6620
ひいで	秀で	6843
ひいな	雛	6849
ひいらぎ	柊	6794
ひいらぎ	ヒイラギ	7502
ひいれ	火入れ	6876
ひいろ	緋色	7158
ひえ	冷え	5843
ひえ	ひえ	7250
ひえ	ヒエ	7419
ひえいざん	比叡山	6860
ひえきっ	冷え切っ	7356
ひえこみ	冷え込み	7009
ひえこむ	冷え込む	7155
ひえこん	冷え込ん	7094
ひえしょう	冷え性	6639
ひえしょう	冷え症	7446
ひえじんじゃ	日枝神社	7471
ひえびえ	冷え冷え	7445
ひえらるきー	ヒエラルキー	7218
ひえる	冷える	6640
ひえん	飛燕	7514
ひか	惹か	5749
ひか	引か	5940
ひか	ひか	6400
ひか	皮下	6779
ひか	弾か	6930
ひか	轢か	7000
ひか	比嘉	7445
ひかえ	控え	5253
ひかえ	控	6762
ひかえ	ひかえ	6992
ひかえしつ	控室	6599
ひかえしつ	控え室	6946
ひかえめ	控えめ	5832
ひかえめ	控え目	7096
ひかえる	控える	6191
ひかきん	ヒカキン	7048
ひかく	比較	4755
ひかく	皮革	6513
ひかく	非核	7356
ひかくたいしょう	比較対象	7128
ひかくてき	比較的	5079
ひかげ	日陰	6194
ひかげ	日影	7372
ひかげん	火加減	6953
ひかしぼう	皮下脂肪	7166
ひかず	日数	6443
ひかせん	ヒカセン	7455
ひかぜい	非課税	6406
ひかっ	光っ	6127
ひから	光ら	7377
ひからせ	光らせ	6937
ひからせる	光らせる	7309
ひからび	干からび	7458
ひかり	光	5003
ひかり	ひかり	6192
ひかり	光り	6347
ひかり	ヒカリ	6994
ひかり	晶	7040
ひかり	耀	7104
ひかりえ	ヒカリエ	7425
ひかりかいせん	光回線	7320
ひかりかがやく	光り輝く	6955
ひかりがおか	光が丘	7220
ひかりがく	光学	7462
ひかりつうしん	光通信	7474
ひかりとかげ	光と影	7507
ひかりふぁいばー	光ファイバー	6977
ひかりをあて	光を当て	7207
ひかりをあてる	光を当てる	7484
ひかる	光る	5739
ひかる	ひかる	6546
ひかる	ヒカル	6773
ひかる	光	7015
ひかる	晃	7294
ひかるげんじ	光源氏	7215
ひかれ	ひかれ	7428
ひかわ	氷川	7000
ひかわじんじゃ	氷川神社	7120
ひかん	悲観	6637
ひかんてき	悲観的	7182
ひが	比嘉	7175
ひがい	被害	4950
ひがいしゃ	被害者	5619
ひがいじょうきょう	被害状況	7532
ひがいとどけ	被害届	7015
ひがいもうそう	被害妄想	7420
ひがえり	日帰り	5816
ひがくれ	日が暮れ	7079
ひがさ	日傘	6552
ひがし	東	5334
ひがし	ひがし	6597
ひがしあじあ	東アジア	6462
ひがしいけぶくろ	東池袋	7562
ひがしうみ	東海	7045
ひがしおうみし	東近江市	7459
ひがしおおさか	東大阪	6552
ひがしかいがん	東海岸	7029
ひがしかがわし	東かがわ市	7516
ひがしがた	東方	6756
ひがしがわ	東側	6009
ひがしく	東区	6597
ひがしくるめ	東久留米	7171
ひがしぐち	東口	6186
ひがししなかい	東シナ海	7169
ひがししょう	東小	7524
ひがしすみよし	東住吉	7560
ひがしちゅう	東中	7517
ひがしてぃもーる	東ティモール	7518
ひがしで	東出	7190
ひがしどいつ	東ドイツ	7327
ひがしなだ	東灘	7358
ひがしにっぽん	東日本	6645
ひがしにほん	東日本	5945
ひがしにほんだいしんさい	東日本大震災	6301
ひがしの	東野	7073
ひがしひろしま	東広島	6919
ひがしほんがんじ	東本願寺	7542
ひがしまつしま	東松島	7442
ひがしまつやま	東松山	7297
ひがしみかわ	東三河	7436
ひがしむき	東向き	7366
ひがしむらやま	東村山	7014
ひがしめいはん	東名阪	7548
ひがしやま	東山	6718
ひがしやまと	東大和	7324
ひがしよこ	東横	7103
ひがしよどがわ	東淀川	7536
ひがた	干潟	6790
ひがみ	僻み	7482
ひがわり	日替わり	6086
ひがわり	日替り	7252
ひがん	彼岸	6324
ひがん	悲願	6682
ひがんばな	彼岸花	6634
ひがんばな	ヒガンバナ	7294
ひき	引き	5738
ひき	匹	5757
ひき	惹き	6301
ひき	弾き	6337
ひき	ひき	6428
ひき	挽き	6670
ひき	曳き	7216
ひき	比企	7232
ひきあい	引き合い	7403
ひきあいにだし	引き合いに出し	7400
ひきあげ	引き上げ	6122
ひきあげ	引上げ	7167
ひきあげ	引き揚げ	7225
ひきあげる	引き上げる	6365
ひきあて	引当	7200
ひきあて	引き当て	7273
ひきあわ	引き合わ	7481
ひきい	率い	6345
ひきいる	率いる	5994
ひきいれ	引き入れ	7528
ひきうけ	引き受け	6121
ひきうけ	引受	6948
ひきうける	引き受ける	6630
ひきおこさ	引き起こさ	6417
ひきおこし	引き起こし	6031
ひきおこす	引き起こす	5861
ひきおとさ	引き落とさ	7364
ひきおとし	引き落とし	6881
ひきかえ	引き換え	6558
ひきかえ	引換	6781
ひきかえ	引換え	7527
ひきかえし	引き返し	6713
ひきかえす	引き返す	6991
ひきがえる	ヒキガエル	7501
ひきがたり	弾き語り	6450
ひきがね	引き金	6720
ひきぎわ	引き際	7551
ひきこま	引き込ま	6287
ひきこま	惹き込ま	7483
ひきこみ	引き込み	6894
ひきこむ	引き込む	6989
ひきこもっ	引きこもっ	6924
ひきこもり	引きこもり	6388
ひきこもり	ひきこもり	6720
ひきこもる	引きこもる	7533
ひきこん	引き込ん	7154
ひきさか	引き裂か	7156
ひきさげ	引き下げ	6857
ひきさげる	引き下げる	7219
ひきざん	引き算	6844
ひきしまっ	引き締まっ	6504
ひきしまり	引き締まり	6961
ひきしまる	引き締まる	6896
ひきしめ	引き締め	6373
ひきしめる	引き締める	6954
ひきすう	引数	5979
ひきずっ	引きずっ	6601
ひきずら	引きずら	6958
ひきずり	引きずり	6992
ひきずりこま	引きずり込ま	7468
ひきずる	引きずる	7017
ひきたた	引き立た	6922
ひきたち	引き立ち	6969
ひきたっ	引き立っ	7425
ひきたつ	引き立つ	6877
ひきたて	引き立て	6263
ひきたてる	引き立てる	6572
ひきださ	引き出さ	6823
ひきだし	引き出し	5663
ひきだし	引出し	7429
ひきだす	引き出す	5855
ひきだせ	引き出せ	7303
ひきだせる	引き出せる	6862
ひきだそ	引き出そ	7534
ひきだそう	引き出そう	7523
ひきつい	引き継い	6224
ひきつが	引き継が	6351
ひきつぎ	引き継ぎ	6324
ひきつぎ	引継ぎ	6944
ひきつぎ	引継	7565
ひきつぐ	引き継ぐ	6406
ひきつけ	惹きつけ	7015
ひきつけ	引き付け	7110
ひきつけ	引きつけ	7197
ひきつけ	ひきつけ	7512
ひきつける	惹きつける	6784
ひきつける	引き付ける	7097
ひきつける	引きつける	7127
ひきつげる	引き継げる	7529
ひきつずき	引き続き	6472
ひきつづい	引き続い	7060
ひきつづき	引き続き	5321
ひきつづき	引続き	7467
ひきつれ	引き連れ	6823
ひきでもの	引き出物	7092
ひきでもの	引出物	7543
ひきとっ	引き取っ	6601
ひきとめ	引き止め	7348
ひきとめ	引き留め	7423
ひきとら	引き取ら	6946
ひきとり	引き取り	6326
ひきとり	引取り	6984
ひきとり	引取	7041
ひきとる	引き取る	7079
ひきど	引き戸	6748
ひきど	引戸	7323
ひきにく	ひき肉	6167
ひきにく	挽肉	6839
ひきにく	挽き肉	7056
ひきにげ	ひき逃げ	7074
ひきぬい	引き抜い	7110
ひきぬか	引き抜か	7377
ひきぬき	引き抜き	7047
ひきぬく	引き抜く	7086
ひきのばし	引き伸ばし	7348
ひきはなさ	引き離さ	7320
ひきはなし	引き離し	7091
ひきはなす	引き離す	7372
ひきもどさ	引き戻さ	7436
ひきもどし	引き戻し	7086
ひきゃく	飛脚	7431
ひきやま	曳山	7286
ひきゅう	飛球	7535
ひきょう	秘境	6571
ひきょう	卑怯	6805
ひきょり	飛距離	6232
ひきよせ	引き寄せ	6286
ひきよせる	引き寄せる	6533
ひきわけ	引き分け	6718
ひきわたさ	引き渡さ	7241
ひきわたし	引き渡し	6551
ひきわたし	引渡し	6828
ひきわたし	引渡	7039
ひきわたす	引き渡す	7167
ひぎ	被疑	6828
ひぎ	秘技	7404
ひぎしゃ	被疑者	7329
ひく	引く	5530
ひく	低	6179
ひく	ひく	6560
ひく	惹く	6888
ひく	挽く	7431
ひくい	低い	4854
ひくいいち	低い位置	7024
ひくいおと	低い音	7542
ひくいけいこう	低い傾向	7518
ひくいこえ	低い声	7478
ひくいごえ	低い声	7466
ひくいじゅん	低い順	7274
ひくいじょうたい	低い状態	7488
ひくいとち	低い土地	7509
ひくいばあい	低い場合	6981
ひくいひと	低い人	6945
ひくかっ	低かっ	6428
ひくく	低く	5338
ひくけれ	低けれ	7246
ひくさ	低さ	6502
ひくそう	低そう	7489
ひくつ	卑屈	7054
ひくめ	低め	6311
ひぐち	樋口	6377
ひぐま	ヒグマ	6747
ひぐらし	ひぐらし	6873
ひぐらしのなくころに	ひぐらしのなく頃に	7375
ひぐれ	日暮れ	7313
ひけ	引け	6534
ひけ	弾け	7290
ひけ	ひけ	7393
ひけ	退け	7513
ひけし	火消し	7194
ひけつ	秘訣	5987
ひけつ	否決	7075
ひけめ	引け目	7503
ひける	引ける	6511
ひける	弾ける	7009
ひける	ひける	7369
ひけんしゃ	被験者	6636
ひげ	ひげ	6155
ひげ	ヒゲ	6166
ひげ	髭	6224
ひげ	卑下	7143
ひげき	悲劇	5975
ひげきてき	悲劇的	7305
ひこ	ひこ	6437
ひこ	彦	6468
ひこ	引こ	7296
ひこう	飛行	5509
ひこう	非行	6859
ひこう	肥厚	7271
ひこう	引こう	7295
ひこうかい	非公開	5935
ひこうかいきゅうじん	非公開求人	7349
ひこうき	飛行機	5400
ひこうきぐも	飛行機雲	7496
ひこうしき	非公式	6505
ひこうじょう	飛行場	6538
ひこうせん	飛行船	7030
ひこうちゅう	飛行中	7518
ひこうりつ	非効率	7402
ひこく	被告	5891
ひこくにん	被告人	7157
ひこつ	腓骨	7554
ひこにゃん	ひこにゃん	7514
ひこね	彦根	6749
ひこねじょう	彦根城	7375
ひこぼし	彦星	7155
ひころひー	ヒコロヒー	7546
ひこーき	ヒコーキ	7479
ひご	庇護	6960
ひご	肥後	7199
ひごうほう	非合法	7383
ひごと	日毎	7553
ひごろ	日頃	5480
ひごろ	日ごろ	6447
ひさ	久	6733
ひさ	ひさ	7075
ひさ	寿	7466
ひさい	被災	5784
ひさいし	久石	7395
ひさいしゃ	被災者	7003
ひさいち	被災地	6035
ひさかたぶり	久方ぶり	7551
ひさく	秘策	7183
ひさげ	提	7110
ひさこ	久子	7325
ひさし	久	6822
ひさし	ひさし	6876
ひさし	庇	6939
ひさし	悠	7140
ひさし	寿司	7143
ひさし	亀	7167
ひさし	央	7209
ひさし	永	7214
ひさしい	久しい	6940
ひさしく	久しく	7056
ひさしぶり	久しぶり	4966
ひさしぶり	久し振り	6589
ひさしぶり	ひさしぶり	7138
ひさどめ	久留	7499
ひさの	平野	7564
ひさひで	久秀	7514
ひさひと	悠仁	6432
ひさびさ	久々	5393
ひさびさ	ひさびさ	7002
ひさやす	久保	7213
ひさん	悲惨	6121
ひさん	飛散	6507
ひざ	膝	5438
ひざ	ひざ	6308
ひざ	ヒザ	6794
ひざうえ	膝上	7133
ひざかけ	ひざ掛け	7509
ひざかんせつ	膝関節	7557
ひざげり	膝蹴り	7544
ひざし	日差し	5869
ひざし	陽射し	6818
ひざたけ	膝丈	7521
ひざまくら	膝枕	7408
ひざもと	膝下	7088
ひざもと	膝元	7331
ひし	皮脂	6102
ひし	菱	6844
ひし	ひし	6999
ひし	比し	7027
ひしお	醤	7086
ひしがた	ひし形	7089
ひしがた	菱形	7171
ひしつ	皮質	6864
ひしひし	ひしひし	6840
ひしめく	ひしめく	7260
ひしゃ	飛車	6752
ひしゃかいしんど	被写界深度	7249
ひしゃく	柄杓	7421
ひしゃたい	被写体	6146
ひしょ	秘書	6091
ひしょ	避暑	6958
ひしょう	飛翔	6649
ひしょかん	秘書官	7411
ひしん	飛信	7511
ひしん	皮疹	7527
ひじ	肘	6025
ひじ	ひじ	6725
ひじ	ヒジ	7188
ひじかけ	肘掛け	7411
ひじかた	土方	7084
ひじき	ひじき	6386
ひじゅう	比重	6457
ひじゅつ	秘術	6964
ひじゅん	批准	7182
ひじょう	非常	4440
ひじょう	非情	7081
ひじょうきん	非常勤	6380
ひじょうきんこうし	非常勤講師	7457
ひじょうぐち	非常口	7365
ひじょうしき	非常識	6617
ひじょうじ	非常時	6809
ひじょうじたい	非常事態	7470
ひじり	聖	6497
ひす	ヒス	7221
ひすい	翡翠	6880
ひすい	ヒスイ	6996
ひすい	ひすい	7564
ひすたみん	ヒスタミン	7087
ひすてりっく	ヒステリック	7198
ひすてりー	ヒステリー	7311
ひすとぐらむ	ヒストグラム	7204
ひすとり	ヒストリ	7330
ひすとりあ	ヒストリア	7494
ひすとりー	ヒストリー	7169
ひずけ	日付	6782
ひずぼら	ヒズボラ	7105
ひずみ	ひずみ	6816
ひずみ	歪み	6872
ひせいきこよう	非正規雇用	7059
ひせんけい	非線形	7024
ひぜん	肥前	7373
ひそ	ヒ素	7340
ひそう	悲壮	7365
ひそうぞくにん	被相続人	7215
ひそか	密か	6199
ひそか	ひそか	6762
ひそか	ヒソカ	7084
ひそか	私か	7502
ひそか	秘か	7557
ひそむ	潜む	6501
ひそん	潜ん	6441
ひぞう	秘蔵	7005
ひぞう	脾臓	7333
ひぞくせい	火属性	7446
ひた	日田	7403
ひたい	額	5465
ひたいしょう	非対称	6672
ひたか	日高	7379
ひたし	浸し	6253
ひたす	浸す	7071
ひたすら	ひたすら	5505
ひたち	日立	6208
ひたち	常陸	7056
ひたち	ひたち	7074
ひたちおおた	常陸太田	7447
ひたちせいさくしょ	日立製作所	7018
ひたちなか	ひたちなか	6690
ひたっ	浸っ	6556
ひたひた	ひたひた	7154
ひたむき	ひたむき	6777
ひたり	浸り	6741
ひたる	浸る	6671
ひたれ	浸れ	7521
ひたん	悲嘆	7407
ひだ	飛騨	6437
ひだ	ひだ	6457
ひだ	ヒダ	7292
ひだ	陽だ	7431
ひだい	肥大	6414
ひだか	日高	6714
ひだたかやま	飛騨高山	7144
ひだね	火種	7038
ひだめーじ	被ダメージ	7304
ひだり	左	4756
ひだり	ひだり	7561
ひだりあし	左足	6233
ひだりうえ	左上	5988
ひだりうち	左打ち	7102
ひだりうで	左腕	6693
ひだりおく	左奥	6972
ひだりかた	左肩	6880
ひだりがわ	左側	5578
ひだりきき	左利き	6628
ひだりした	左下	6115
ひだりそで	左袖	7525
ひだりて	左手	5700
ひだりどなり	左隣	7351
ひだりはし	左端	6820
ひだりひざ	左膝	7255
ひだりほうこう	左方向	7513
ひだりまえ	左前	7442
ひだりみみ	左耳	7282
ひだりむね	左胸	7039
ひだりめ	左目	6824
ひだりよこ	左横	7525
ひだん	被弾	6512
ひっ	ひっ	6643
ひっ	引っ	7390
ひっかかっ	引っかかっ	6329
ひっかかっ	引っ掛かっ	7037
ひっかかっ	ひっかかっ	7100
ひっかから	引っかから	7052
ひっかかり	引っかかり	6708
ひっかかり	引っ掛かり	7140
ひっかかり	ひっかかり	7241
ひっかかる	引っかかる	6501
ひっかかる	ひっかかる	7224
ひっかかる	引っ掛かる	7224
ひっかき	ひっかき	7497
ひっかけ	引っ掛け	6595
ひっかけ	ひっかけ	6985
ひっかけ	引っかけ	7091
ひっかける	引っ掛ける	7068
ひっき	筆記	6269
ひっきぐ	筆記具	7144
ひっきしけん	筆記試験	7060
ひっきようぐ	筆記用具	6981
ひっきりなしに	ひっきりなしに	7149
ひっくりかえさ	ひっくり返さ	7446
ひっくりかえし	ひっくり返し	6360
ひっくりかえす	ひっくり返す	6783
ひっくりかえっ	ひっくり返っ	6979
ひっくりかえる	ひっくり返る	7266
ひっくるめ	ひっくるめ	7172
ひっけい	必携	7044
ひっけん	必見	5740
ひっこし	引っ越し	5742
ひっこし	引越し	6088
ひっこし	引越	6316
ひっこす	引っ越す	6692
ひっこぬい	引っこ抜い	7534
ひっこみじあん	引っ込み思案	7293
ひっこめ	引っ込め	7353
ひっこん	引っ込ん	7107
ひっさげ	引っ提げ	7490
ひっさつ	必殺	5705
ひっさつわざ	必殺技	6616
ひっさん	筆算	7471
ひっし	必死	5426
ひっし	必至	6397
ひっしゃ	筆者	5432
ひっしゅう	必修	6787
ひっしょう	必勝	6657
ひっす	必須	5060
ひっすこうもく	必須項目	6799
ひっすじょうけん	必須条件	7369
ひっせき	筆跡	7116
ひっそり	ひっそり	6175
ひったー	ヒッター	7108
ひっち	筆致	7218
ひっちはいく	ヒッチハイク	7297
ひっちゃく	必着	7368
ひっちゅう	必中	7056
ひっちょう	必聴	7273
ひってき	匹敵	6376
ひっと	ヒット	5146
ひっとう	筆頭	6056
ひっときょく	ヒット曲	7236
ひっぱく	逼迫	7080
ひっぱく	ひっ迫	7400
ひっぱっ	引っ張っ	5906
ひっぱっ	ひっぱっ	7444
ひっぱら	引っ張ら	6339
ひっぱり	引っ張り	6345
ひっぱり	引張	6985
ひっぱり	ひっぱり	7257
ひっぱりだこ	引っ張りだこ	7103
ひっぱりだし	引っ張り出し	6671
ひっぱりだす	引っ張り出す	7496
ひっぱる	引っ張る	6235
ひっぴー	ヒッピー	7284
ひっぷ	ヒップ	6053
ひっぷほっぷ	ヒップホップ	6908
ひつ	筆	6624
ひつ	ひつ	6922
ひつ	櫃	7447
ひつあつ	筆圧	7199
ひつう	悲痛	7057
ひつぎ	棺	7168
ひつけ	火付け	7212
ひつじ	羊	5965
ひつじ	ひつじ	6620
ひつじ	未	7101
ひつじ	ヒツジ	7121
ひつじかい	羊飼い	7150
ひつじゅ	必需	6321
ひつじゅひん	必需品	6961
ひつぜん	必然	5943
ひつぜんせい	必然性	7500
ひつぜんてき	必然的	6271
ひつだん	筆談	7451
ひつどく	必読	6605
ひつまぶし	ひつまぶし	7085
ひつよう	必要	3697
ひつよう	必用	7508
ひつようあり	必要あり	6217
ひつようけいひ	必要経費	7347
ひつようさいしょうげん	必要最小限	7552
ひつようさいていげん	必要最低限	7322
ひつようしょるい	必要書類	6834
ひつようじこう	必要事項	6216
ひつようじゅうぶん	必要十分	7468
ひつようせい	必要性	6608
ひつようない	必要ない	6975
ひつようなし	必要なし	7465
ひつようふかけつ	必要不可欠	6216
ひづけ	日付	5630
ひづめ	蹄	7045
ひてい	否定	5252
ひていてき	否定的	6480
ひてつ	非鉄	7281
ひで	ひで	6550
ひで	ヒデ	6978
ひで	秀	7494
ひであき	秀明	6852
ひであき	英明	7241
ひでお	英雄	7099
ひでお	秀雄	7111
ひでお	秀夫	7197
ひでお	英夫	7328
ひでかず	英和	7522
ひでかず	秀和	7548
ひでき	秀樹	6668
ひでき	英樹	6960
ひでき	秀喜	7268
ひできち	秀吉	6638
ひでこ	秀子	7516
ひでただ	秀忠	7132
ひでとし	秀俊	7070
ひでよし	秀吉	6458
ひでより	秀頼	7207
ひでり	日照り	7513
ひでん	秘伝	6494
ひと	人	3638
ひと	ひと	5392
ひと	ヒト	5677
ひとあし	一足	6487
ひとあしさき	一足先	7241
ひとあじ	一味	6848
ひとあじ	ひと味	6890
ひとあじちがう	一味違う	6942
ひとあじちがっ	一味違っ	7134
ひとあたり	人当たり	7224
ひとあんしん	一安心	6655
ひとあんしん	ひと安心	7320
ひとい	人い	6787
ひといがい	人以外	7512
ひといき	一息	6539
ひといき	ひと息	7395
ひといきつい	一息つい	7095
ひといきつき	一息つき	7467
ひといきつく	一息つく	7385
ひといち	一日	5225
ひといちばい	人一倍	6748
ひとう	秘湯	7150
ひとえ	一重	6680
ひとえ	単	7077
ひとえに	ひとえに	6801
ひとかげ	人影	6803
ひとがし	人がし	7467
ひとがた	人形	6140
ひとがた	人型	7406
ひとがら	人柄	5858
ひときわ	ひときわ	6669
ひときわ	一際	6888
ひとく	秘匿	6988
ひとくい	人食い	7456
ひとくぎり	一区切り	7102
ひとくくり	ひとくくり	7552
ひとくせ	一癖	7400
ひとくち	一口	6043
ひとくち	ひとくち	6688
ひとくちだい	一口大	6864
ひとくろう	一苦労	6729
ひとけ	人気	5106
ひとこえ	一声	7236
ひとこと	一言	5325
ひとこと	ひとこと	6384
ひとこと	ひと言	6616
ひとごと	人ごと	7488
ひとごと	他人事	7510
ひとごみ	人混み	6698
ひとごみ	人ごみ	7403
ひとごろし	人殺し	6976
ひとさしゆび	人差し指	6352
ひとさま	人様	6644
ひとさま	人さま	7441
ひとざと	人里	6998
ひとし	均	6174
ひとし	等	6301
ひとし	人志	6783
ひとし	仁	6896
ひとし	一四	7222
ひとし	等し	7300
ひとし	整	7309
ひとし	斉	7310
ひとしい	等しい	6262
ひとしお	ひとしお	7032
ひとしきり	ひとしきり	7172
ひとしく	等しく	6621
ひとしれず	人知れず	7064
ひとじしん	人自身	7519
ひとじち	人質	6379
ひとすじ	一筋	6483
ひとすじなわ	一筋縄	6862
ひとそれぞれ	人それぞれ	6434
ひとたち	人たち	4920
ひとたち	人達	5480
ひとたび	一度	5717
ひとたび	ひとたび	7047
ひとだ	人だ	5885
ひとだかり	人だかり	7052
ひとだすけ	人助け	7219
ひとだんらく	一段落	7077
ひとつ	一つ	4334
ひとつ	1つ	4614
ひとつ	ひとつ	4740
ひとつき	一月	6678
ひとつき	ひと月	6989
ひとつつ	1つつ	6053
ひとつない	一つない	7459
ひとつのこと	一つのこと	7352
ひとつばし	一橋	7269
ひとつばしだいがく	一橋大学	7083
ひとつひとつ	一つ一つ	5786
ひとつひとつ	ひとつひとつ	5997
ひとつひとつ	一つひとつ	6580
ひとつひとつていねい	一つ一つ丁寧	7022
ひとつひとつていねい	ひとつひとつ丁寧	7207
ひとつまみ	ひとつまみ	6851
ひとつめ	1つ目	6108
ひとつめ	1つめ	7182
ひとつもと	一本	6555
ひとづきあい	人付き合い	6878
ひとづま	人妻	7030
ひとていど	人程度	7526
ひとで	人で	6152
ひとで	人手	6431
ひとで	人出	6779
ひとで	ヒトデ	7090
ひとでぶそく	人手不足	6202
ひととおり	一通り	6033
ひととおり	ひと通り	7230
ひととき	一時	5803
ひととき	ひととき	6009
ひととき	ひと時	6268
ひととなり	人となり	6822
ひととひと	人と人	6518
ひとどおり	人通り	6702
ひとな	人な	5979
ひとなか	人中	7324
ひとなつっこい	人懐っこい	7006
ひとなつっこく	人懐っこく	7324
ひとなみ	人並み	6874
ひとなら	人なら	6009
ひとにたち	ひと煮立ち	7201
ひとのこと	人のこと	6436
ひとのこと	人の事	7229
ひとのし	人の死	7540
ひとのせい	人のせい	7327
ひとのめ	人の目	7017
ひとのり	人乗り	7528
ひとはだ	人肌	7255
ひとはな	一花	7338
ひとばしら	人柱	7246
ひとばん	一晩	6186
ひとびと	人々	4767
ひとびと	人びと	6572
ひとびと	人人	7521
ひとまえ	人前	6259
ひとまかせ	人任せ	7249
ひとまく	一幕	6756
ひとまず	ひとまず	6164
ひとまず	一先ず	7325
ひとまとめ	ひとまとめ	7391
ひとまわり	一回り	6843
ひとまわり	ひと回り	7264
ひとみ	瞳	5615
ひとみ	ひとみ	6661
ひとみ	仁美	7144
ひとみ	人見	7548
ひとみしり	人見知り	6338
ひとむかし	一昔	6613
ひとむかし	ひと昔	7137
ひとむかしまえ	一昔前	6917
ひとむかしまえ	ひと昔前	7450
ひとむけ	人向け	6298
ひとめ	人目	6747
ひとめ	一目	6766
ひとめ	ひと目	6963
ひとめぼれ	一目惚れ	6301
ひとめぼれ	ひとめぼれ	7380
ひともじ	一文字	6643
ひともと	一本	5959
ひとや	獄	7337
ひとやく	一役	7234
ひとやくかっ	一役買っ	6957
ひとやすみ	一休み	6813
ひとやすみ	ひと休み	7180
ひとやま	一山	7432
ひとよ	一夜	7182
ひとよし	人吉	7245
ひとら	人ら	6624
ひとらー	ヒトラー	6611
ひとり	一人	4491
ひとり	ひとり	5146
ひとり	独り	6436
ひとりぐらし	一人暮らし	5856
ひとりぐらし	独り暮らし	7494
ひとりごと	独り言	6497
ひとりじめ	独り占め	6783
ひとりじゃない	ひとりじゃない	7525
ひとりたび	一人旅	7032
ひとりたび	ひとり旅	7535
ひとりだち	独り立ち	7170
ひとりっこ	一人っ子	6819
ひとりひとり	一人ひとり	5697
ひとりひとり	ひとりひとり	6372
ひとりひとり	一人一人	6489
ひとりぼっち	一人ぼっち	7205
ひとりみ	独り身	7409
ひとりむすめ	一人娘	7105
ひとりよがり	独りよがり	7506
ひど	ひど	6890
ひど	酷	7492
ひどい	ひどい	5586
ひどい	酷い	5695
ひどい	ヒドイ	7209
ひどいばあい	ひどい場合	7174
ひどいめ	ひどい目	7337
ひどいめ	酷い目	7438
ひどう	非道	7261
ひどうき	非同期	6750
ひどかっ	酷かっ	6714
ひどかっ	ひどかっ	6813
ひどく	ひどく	5976
ひどく	酷く	6183
ひどら	ヒドラ	7371
ひどり	日取り	7418
ひな	ひな	6010
ひな	ヒナ	6486
ひな	雛	6532
ひな	陽菜	7306
ひな	日奈	7545
ひない	比内	7506
ひなか	日中	7196
ひながた	雛形	7291
ひなこ	日向子	7314
ひなこ	ひなこ	7383
ひなた	日向	5969
ひなた	ひなた	6485
ひなた	ヒナタ	7113
ひなたぼっこ	日向ぼっこ	7194
ひなだん	ひな壇	7354
ひなにんぎょう	雛人形	6945
ひなにんぎょう	ひな人形	7233
ひなの	ひなの	7153
ひなべ	火鍋	7221
ひなまつり	ひな祭り	6707
ひなわじゅう	火縄銃	7482
ひなん	避難	5292
ひなん	非難	5997
ひなんくんれん	避難訓練	7013
ひなんごや	避難小屋	7135
ひなんしじ	避難指示	7442
ひなんじょ	避難所	7113
ひなんせいかつ	避難生活	7500
ひなんばしょ	避難場所	7293
ひにく	皮肉	6260
ひにち	日にち	6217
ひにちじょう	非日常	7105
ひにひに	日に日に	6539
ひにょうき	泌尿器	6712
ひにょうきか	泌尿器科	7421
ひにん	避妊	6421
ひにん	否認	6685
ひねくれ	ひねくれ	6968
ひねくれ	捻くれ	7559
ひねっ	ひねっ	6983
ひねり	ひねり	6922
ひねり	捻り	7233
ひねる	ひねる	7199
ひねる	捻る	7357
ひの	日野	6415
ひの	火野	7488
ひのいり	日の入り	6911
ひのき	ヒノキ	6553
ひのき	檜	6896
ひのき	ひのき	7009
ひのき	桧	7170
ひのきぶん	日の気分	6970
ひのこ	火の粉	7251
ひのたま	火の玉	7205
ひので	日の出	6242
ひのとり	火の鳥	7456
ひのひかり	陽の光	7458
ひのまる	日の丸	6734
ひはかい	非破壊	7318
ひはん	批判	5277
ひはんてき	批判的	6531
ひば	ヒバ	7188
ひばいひん	非売品	6606
ひばく	被爆	6347
ひばく	被ばく	6957
ひばく	被曝	7058
ひばくしゃ	被爆者	7506
ひばち	火鉢	7384
ひばな	火花	6621
ひばらい	日払い	6735
ひばり	ひばり	7007
ひばり	雲雀	7401
ひばりの	野	7346
ひひ	ひひ	7430
ひひ	ヒヒ	7557
ひひょう	批評	6267
ひひょうか	批評家	7501
ひひょうじ	非表示	6282
ひび	日々	4725
ひび	ヒビ	6414
ひび	ひび	6800
ひび	日	7195
ひびい	響い	6181
ひびか	響か	7042
ひびかせ	響かせ	6829
ひびかせる	響かせる	7270
ひびき	響き	6033
ひびき	響	6491
ひびき	ひびき	7053
ひびきわたっ	響き渡っ	7200
ひびきわたり	響き渡り	7108
ひびきわたる	響き渡る	6900
ひびく	響く	5961
ひびけ	響け	7347
ひびの	日比野	7236
ひびや	日比谷	6839
ひびやこうえん	日比谷公園	7451
ひびやせん	日比谷線	7028
ひびわれ	ひび割れ	6603
ひふ	皮膚	5341
ひふ	皮ふ	7404
ひふえん	皮膚炎	7437
ひふか	皮膚科	6078
ひふく	被覆	6649
ひふく	被服	7257
ひふびょう	皮膚病	7541
ひふみ	ひふみ	7272
ひふみ	一二三	7516
ひぶつ	秘仏	7472
ひぶん	碑文	7095
ひぷまい	ヒプマイ	7549
ひへい	疲弊	6483
ひほう	秘宝	6672
ひほう	悲報	7371
ひほう	秘法	7486
ひぼう	誹謗	6004
ひぼうちゅうしょう	誹謗中傷	6505
ひぼん	非凡	7322
ひま	暇	5848
ひま	隙	6365
ひま	ひま	6737
ひま	ヒマ	6781
ひまく	皮膜	6879
ひまく	被膜	6912
ひまご	ひ孫	7354
ひましに	日増しに	7507
ひまじん	暇人	7137
ひまだ	暇だ	7047
ひまだっ	暇だっ	7415
ひまつ	飛沫	6803
ひまつぶし	暇つぶし	6561
ひまつぶし	暇潰し	7488
ひまな	暇な	6297
ひまらや	ヒマラヤ	6838
ひまり	ひまり	7116
ひまわり	ひまわり	5854
ひまわり	ヒマワリ	6713
ひまわり	向日葵	6943
ひまん	肥満	6067
ひみ	ひみ	6462
ひみ	氷見	7283
ひみこ	卑弥呼	7105
ひみず	火水	7564
ひみつ	秘密	5242
ひみつ	ヒミツ	6952
ひみつかぎ	秘密鍵	7335
ひみつきち	秘密基地	7388
ひみつり	秘密裏	7208
ひむら	日村	7140
ひむろ	氷室	7232
ひめ	姫	5460
ひめ	秘め	6049
ひめ	ひめ	6560
ひめ	ヒメ	6909
ひめ	媛	7175
ひめい	悲鳴	6149
ひめかわ	姫川	7348
ひめぎみ	姫君	7150
ひめくり	日めくり	7233
ひめじ	姫路	6248
ひめじし	姫路市	7490
ひめじじょう	姫路城	6881
ひめの	姫野	7264
ひめる	秘める	7423
ひめん	罷免	7498
ひも	紐	5736
ひも	ひも	6146
ひも	ヒモ	6569
ひもう	被毛	6947
ひもち	日持ち	6509
ひもつき	紐付き	7565
ひもつけ	紐付け	7263
ひもづい	紐づい	7425
ひもづく	紐づく	7479
ひもづけ	紐づけ	7161
ひもと	火元	7535
ひもとい	紐解い	6959
ひもとき	紐解き	7246
ひもとく	紐解く	6993
ひもの	干物	6731
ひもの	乾物	7267
ひゃくしょう	百姓	6781
ひゃくじゅう	百獣	7375
ひゃくせんれんま	百戦錬磨	7467
ひゃくぞう	百三	6863
ひゃくとおばん	110番	6792
ひゃくな	百名	7352
ひゃくにんいっしゅ	百人一首	7010
ひゃくぶん	百聞	7199
ひゃくまん	百万	6957
ひゃっか	百科	7112
ひゃっかじてん	百科事典	6967
ひゃっかてん	百貨店	5950
ひゃっかりょうらん	百花繚乱	7443
ひゃっきやこう	百鬼夜行	7294
ひゃっきん	百均	6863
ひゃっけい	百景	7404
ひゃっぽゆずっ	百歩譲っ	7439
ひゃー	ひゃー	7530
ひや	冷	6320
ひや	冷や	6996
ひやあせ	冷や汗	6877
ひやおろし	ひやおろし	7269
ひやかし	冷やかし	7237
ひやく	飛躍	5966
ひやく	秘薬	7338
ひやくてき	飛躍的	6500
ひやけ	日焼け	5949
ひやけどめ	日焼け止め	6144
ひやさ	冷やさ	6915
ひやし	冷やし	5754
ひやし	冷し	7142
ひやしかためる	冷やし固める	7423
ひやしちゅうか	冷やし中華	6703
ひやしんす	ヒヤシンス	7494
ひやす	冷やす	6254
ひやっ	ヒヤッ	7434
ひやとい	日雇い	7216
ひやひや	ヒヤヒヤ	6829
ひやま	檜山	7526
ひやみず	冷水	6825
ひややか	冷ややか	7159
ひややっこ	冷奴	7065
ひやりはっと	ヒヤリハット	7518
ひゅって	ヒュッテ	7155
ひゅー	ヒュー	6853
ひゅーすとん	ヒューストン	7119
ひゅーず	ヒューズ	6448
ひゅーまん	ヒューマン	6339
ひゆ	比喩	6641
ひゆてき	比喩的	7565
ひょう	表	5134
ひょう	票	5646
ひょう	氷	5820
ひょう	ひょう	6497
ひょう	平	6750
ひょう	ヒョウ	6751
ひょう	標	6852
ひょう	評	6879
ひょうい	憑依	6654
ひょうえ	兵衛	7135
ひょうか	評価	4328
ひょうか	氷菓	7430
ひょうかきじゅん	評価基準	7129
ひょうかせいど	評価制度	7119
ひょうかほうほう	評価方法	7512
ひょうかまえ	評価前	7155
ひょうが	氷河	6645
ひょうがき	氷河期	6777
ひょうき	表記	5231
ひょうき	標記	6981
ひょうきん	ひょうきん	7508
ひょうぎ	評議	6454
ひょうけい	表敬	7096
ひょうけつ	氷結	6860
ひょうげん	表現	4526
ひょうげんしゃ	表現者	7361
ひょうげんのじゆう	表現の自由	7061
ひょうげんほうほう	表現方法	7107
ひょうげんりょく	表現力	6575
ひょうこう	標高	5830
ひょうご	兵庫	5908
ひょうご	標語	6932
ひょうごけん	兵庫県	5650
ひょうさ	評さ	6761
ひょうさつ	表札	6794
ひょうざん	氷山	7109
ひょうし	表紙	5467
ひょうし	拍子	6403
ひょうし	評し	6813
ひょうしき	標識	5932
ひょうしぬけ	拍子抜け	6916
ひょうしゅつ	表出	7030
ひょうしょう	表彰	5586
ひょうしょう	表象	7019
ひょうしょう	標章	7313
ひょうしょうしき	表彰式	6672
ひょうしょうじょう	表彰状	6939
ひょうしょうだい	表彰台	6614
ひょうじ	表示	4155
ひょうじ	標示	7196
ひょうじかかく	表示価格	7104
ひょうじちゅう	表示中	7389
ひょうじほう	表示法	7209
ひょうじゅん	標準	5112
ひょうじゅんか	標準化	6530
ひょうじゅんご	標準語	7135
ひょうじゅんしよう	標準仕様	7404
ひょうじゅんじ	標準時	7499
ひょうじゅんそうび	標準装備	6867
ひょうじゅんてき	標準的	6439
ひょうじゅんへんさ	標準偏差	7381
ひょうじょう	表情	4961
ひょうじょう	氷上	7132
ひょうじょう	評定	7152
ひょうすう	票数	7551
ひょうする	表する	7354
ひょうする	評する	7455
ひょうせつ	氷雪	7501
ひょうそう	表層	6555
ひょうたん	ひょうたん	6860
ひょうたん	瓢箪	7373
ひょうだい	表題	6441
ひょうだい	標題	7401
ひょうちゃく	漂着	6924
ひょうちゅう	標柱	7239
ひょうてい	評定	6959
ひょうてき	標的	6105
ひょうてん	評点	7426
ひょうてんか	氷点下	6885
ひょうでん	評伝	7539
ひょうど	表土	7546
ひょうどう	兵頭	7529
ひょうはく	漂白	6395
ひょうはくざい	漂白剤	7160
ひょうばん	評判	5115
ひょうひ	表皮	6599
ひょうひょう	飄々	7112
ひょうへん	豹変	7001
ひょうほう	兵法	7464
ひょうほん	標本	6167
ひょうぼう	標榜	6958
ひょうめい	表明	5722
ひょうめん	表面	5025
ひょうめんしょり	表面処理	7453
ひょうめんじょう	表面上	7153
ひょうめんせき	表面積	7056
ひょうめんちょうりょく	表面張力	7489
ひょうめんてき	表面的	6749
ひょうり	表裏	6736
ひょうりいったい	表裏一体	7196
ひょうりゅう	漂流	6768
ひょうろう	兵糧	7226
ひょうろん	評論	6129
ひょうろんか	評論家	7296
ひょっこり	ひょっこり	6898
ひょっと	ひょっと	6489
ひょっとこ	ひょっとこ	7510
ひょっとしたら	ひょっとしたら	6657
ひょん	ヒョン	7220
ひょんじん	ヒョンジン	7465
ひょんな	ひょんな	7318
ひょんなことから	ひょんなことから	6926
ひょんびん	ヒョンビン	7303
ひよ	ひよ	7072
ひよう	費用	4829
ひようがかかる	費用がかかる	6910
ひようたいこうか	費用対効果	7514
ひようふたん	費用負担	7504
ひようめん	費用面	7410
ひよく	肥沃	7149
ひよく	比翼	7559
ひよけ	日除け	7168
ひよこ	ひよこ	6391
ひよこ	ヒヨコ	7090
ひよこまめ	ひよこ豆	7494
ひよし	日吉	6746
ひよし	比嘉	7521
ひよっこ	ひよっこ	7317
ひよどり	ヒヨドリ	7139
ひより	日和	6626
ひより	ひより	7113
ひら	ひら	6505
ひら	平	7043
ひら	ヒラ	7073
ひらい	開い	5302
ひらい	平井	6456
ひらい	飛来	6509
ひらい	ひらい	7096
ひらいしん	避雷針	7551
ひらいずみ	平泉	7344
ひらいわ	平岩	7448
ひらうち	平打	7037
ひらお	平尾	6993
ひらおか	平岡	6940
ひらおき	平置き	7142
ひらおよぎ	平泳ぎ	7099
ひらか	開か	5595
ひらか	ひらか	7118
ひらかた	枚方	6738
ひらかわ	平川	7385
ひらが	平賀	7431
ひらがな	ひらがな	6163
ひらがな	平仮名	6966
ひらがわ	平川	7337
ひらき	開き	5852
ひらき	開	6474
ひらき	ひらき	7251
ひらきど	開き戸	7566
ひらきなおっ	開き直っ	6902
ひらきなおり	開き直り	7301
ひらきなおる	開き直る	7410
ひらく	開く	5439
ひらく	ひらく	6933
ひらく	開	6953
ひらく	拓く	7076
ひらく	発	7410
ひらく	拓	7469
ひらけ	開け	5730
ひらけ	ひらけ	7499
ひらけよ	開けよ	7546
ひらける	開ける	6313
ひらけれ	開けれ	7533
ひらこ	開こ	7397
ひらこ	平子	7445
ひらこう	開こう	7364
ひらさわ	平沢	7280
ひらしゃいん	平社員	7427
ひらじろ	平城	7385
ひらた	平田	6703
ひらた	ヒラタ	7395
ひらた	ひらた	7502
ひらたい	平たい	7003
ひらたく	平たく	6928
ひらち	平地	7067
ひらつか	平塚	6913
ひらづか	平塚	7410
ひらて	平手	7252
ひらてうち	平手打ち	7500
ひらで	平手	7564
ひらでん	平田	7355
ひらど	平戸	7341
ひらな	平野	7564
ひらに	平に	7543
ひらぬま	平沼	7513
ひらの	平野	6345
ひらば	平場	7505
ひらばやし	平林	7495
ひらひら	ひらひら	6927
ひらひら	ヒラヒラ	7276
ひらべったい	平べったい	7399
ひらまさ	ヒラマサ	7211
ひらまさ	平昌	7236
ひらまつ	平松	7043
ひらめ	ヒラメ	6504
ひらめい	閃い	7280
ひらめい	ひらめい	7344
ひらめき	ひらめき	6738
ひらめき	閃き	7035
ひらもと	平本	7187
ひらや	平屋	6339
ひらやま	平山	6728
ひらり	ひらり	7168
ひらりー	ヒラリー	7407
ひりき	非力	7092
ひりださ	放り出さ	7443
ひりだし	放り出し	7392
ひりつ	比率	5630
ひりひり	ヒリヒリ	6893
ひりゅう	飛竜	7304
ひりゅう	飛龍	7344
ひりょう	肥料	5724
ひる	昼	5355
ひる	ヒル	6405
ひる	ひる	6842
ひるい	比類	6981
ひるがえし	翻し	7563
ひるくらいむ	ヒルクライム	7074
ひるごろ	昼頃	6808
ひるさがり	昼下がり	7022
ひるすぎ	昼過ぎ	6478
ひるず	ヒルズ	6672
ひるぜん	蒜山	7489
ひるとん	ヒルトン	6741
ひるなんです	ヒルナンデス	7127
ひるね	昼寝	6055
ひるね	ひるね	7477
ひるま	昼間	5663
ひるま	怯ま	7308
ひるま	ひるま	7330
ひるまえ	昼前	6669
ひるみ	怯み	7360
ひるむ	怯む	7530
ひるめし	昼飯	6797
ひるやすみ	昼休み	6197
ひれ	ヒレ	6310
ひれ	ひれ	7035
ひれ	鰭	7195
ひれい	比例	6078
ひれつ	卑劣	6934
ひれん	悲恋	7380
ひろ	広	5951
ひろ	ひろ	6266
ひろ	ヒロ	6364
ひろ	裕	7060
ひろ	宏	7065
ひろ	寛	7067
ひろ	洋	7111
ひろ	弘	7136
ひろあか	ヒロアカ	7161
ひろい	広い	5108
ひろい	拾い	6024
ひろい	ひろい	7344
ひろいあげ	拾い上げ	7191
ひろいあつめ	拾い集め	7402
ひろいいみ	広い意味	7183
ひろいくうかん	広い空間	7250
ひろいこうえん	広い公園	7468
ひろいこころ	広い心	7490
ひろいしきち	広い敷地	7276
ひろいしや	広い視野	6977
ひろいすぺーす	広いスペース	7203
ひろいせかい	広い世界	7404
ひろいちゅうしゃじょう	広い駐車場	7283
ひろいてんない	広い店内	7527
ひろいはんい	広い範囲	6639
ひろいばしょ	広い場所	7355
ひろいへや	広い部屋	7359
ひろいん	ヒロイン	5564
ひろう	披露	5159
ひろう	疲労	5577
ひろう	拾う	6353
ひろうえん	披露宴	6211
ひろうかいふく	疲労回復	6772
ひろうかん	疲労感	6948
ひろえ	拾え	7239
ひろえる	拾える	7012
ひろお	広尾	7086
ひろおか	広岡	7539
ひろかっ	広かっ	7105
ひろがっ	広がっ	5351
ひろがっ	拡がっ	7153
ひろがら	広がら	7072
ひろがり	広がり	5422
ひろがり	拡がり	7245
ひろがり	ひろがり	7397
ひろがりそう	広がりそう	7406
ひろがりやすい	広がりやすい	7559
ひろがる	広がる	5341
ひろがる	ひろがる	7070
ひろがる	拡がる	7262
ひろがれ	広がれ	7505
ひろき	弘樹	7206
ひろき	裕貴	7421
ひろき	ひろき	7540
ひろく	広く	5072
ひろく	ひろく	7538
ひろげ	広げ	5366
ひろげ	拡げ	6990
ひろげ	ひろげ	7331
ひろげよ	広げよ	7184
ひろげよう	広げよう	7175
ひろげる	広げる	5790
ひろげる	拡げる	7359
ひろこ	ひろ子	7094
ひろこ	ひろこ	7210
ひろこ	浩子	7256
ひろこ	弘子	7280
ひろこ	博子	7288
ひろこ	裕子	7302
ひろこ	寛子	7326
ひろこ	洋子	7521
ひろこうじ	広小路	7517
ひろさ	広さ	6095
ひろさき	弘前	6601
ひろし	ひろし	6364
ひろし	博	6481
ひろし	ヒロシ	6820
ひろし	宇	6892
ひろし	潤	6981
ひろし	宏	7141
ひろし	洋	7151
ひろし	寛	7170
ひろしげ	広重	7412
ひろしま	広島	5366
ひろしま	ひろしま	7067
ひろしま	ヒロシマ	7349
ひろしまえき	広島駅	7529
ひろしまけん	広島県	5978
ひろしまし	広島市	6994
ひろしましない	広島市内	7541
ひろしまだいがく	広島大学	7002
ひろしまとうようかーぷ	広島東洋カープ	7325
ひろすえ	広末	7413
ひろせ	広瀬	6172
ひろせ	廣瀬	6941
ひろた	広田	7283
ひろた	廣田	7413
ひろっ	拾っ	5833
ひろでん	広電	7496
ひろなか	弘中	7448
ひろば	広場	5330
ひろば	ひろば	6463
ひろひこ	飛呂彦	7542
ひろびろ	広々	5933
ひろふみ	博文	7061
ひろま	広間	7086
ひろまっ	広まっ	6214
ひろまつ	広末	7218
ひろまり	広まり	6672
ひろまる	広まる	6943
ひろみ	ひろみ	6594
ひろみ	ヒロミ	7024
ひろみ	洋	7299
ひろみ	宏美	7337
ひろみ	裕美	7539
ひろむ	宏	7406
ひろむ	弘	7429
ひろめ	広め	6037
ひろめよ	広めよ	7527
ひろめよう	広めよう	7518
ひろめる	広める	6488
ひろゆき	ひろゆき	6581
ひろゆき	博之	6998
ひろゆき	弘行	7200
ひろゆき	広之	7290
ひろゆき	裕之	7431
ひろゆき	寛之	7437
ひろゆき	宏之	7467
ひろゆき	浩之	7467
ひろわ	拾わ	6651
ひわ	秘話	6437
ひわい	卑猥	7204
ひわり	日割り	7326
ひをいれ	火を入れ	7481
ひをとおし	火を通し	6842
ひをとおす	火を通す	7102
ひん	品	4808
ひん	ひん	6852
ひん	瀕	7039
ひん	貧	7184
ひんい	品位	6811
ひんかい	頻回	7287
ひんかく	品格	6711
ひんけつ	貧血	6304
ひんこん	貧困	6008
ひんこんそう	貧困層	7526
ひんし	瀕死	6675
ひんし	品詞	7124
ひんしつ	品質	5067
ひんしつかんり	品質管理	6815
ひんしつこうじょう	品質向上	7339
ひんしつほしょう	品質保証	7555
ひんしゅ	品種	5411
ひんしゅかいりょう	品種改良	7464
ひんしゅつ	頻出	6762
ひんじ	ヒンジ	6929
ひんじゃく	貧弱	6747
ひんせい	品性	7335
ひんそう	貧相	7286
ひんでぃー	ヒンディー	7443
ひんと	ヒント	5415
ひんとう	品等	6735
ひんど	頻度	5391
ひんどぅー	ヒンドゥー	6979
ひんにゅう	貧乳	7346
ひんにょう	頻尿	7101
ひんのよい	品の良い	7539
ひんば	牝馬	6604
ひんばん	品番	6448
ひんぱつ	頻発	6537
ひんぱん	頻繁	5449
ひんぴょう	品評	7020
ひんぷ	貧富	7227
ひんみゃく	頻脈	7452
ひんみん	貧民	7319
ひんめい	品名	6982
ひんめる	ヒンメル	7311
ひんもく	品目	6060
ひんやり	ひんやり	6289
ひんやり	ヒンヤリ	7447
ひーす	ヒース	7379
ひーた	ヒータ	6845
ひーたー	ヒーター	6141
ひーと	ヒート	6618
ひーとあっぷ	ヒートアップ	7370
ひーとしょっく	ヒートショック	7513
ひーとしんく	ヒートシンク	7035
ひーとてっく	ヒートテック	7238
ひーとぽんぷ	ヒートポンプ	7247
ひーとまっぷ	ヒートマップ	7514
ひーぷ	ヒープ	7395
ひーらー	ヒーラー	6544
ひーりんぐ	ヒーリング	6469
ひーる	ヒール	5987
ひーろー	ヒーロー	5465
ひーろーあかでみあ	ヒーローアカデミア	6844
ひーろーず	ヒーローズ	7201
び	日	4722
び	微	5852
び	美	5872
び	尾	6353
びあ	ビア	7474
びあがーでん	ビアガーデン	6904
びあんか	ビアンカ	7253
びいしき	美意識	6619
びえい	美瑛	7034
びえん	鼻炎	6810
びえんなーれ	ビエンナーレ	7505
びおとーぷ	ビオトープ	7028
びおら	ビオラ	7140
びか	美化	6563
びかん	美観	6758
びがく	美学	6548
びがん	美顔	6831
びき	匹	5826
びき	引き	5892
びき	びき	6737
びきに	ビキニ	6716
びきゃく	美脚	6584
びぎなー	ビギナー	6771
びく	びく	6546
びく	ビク	7322
びくう	鼻腔	7182
びくたー	ビクター	7120
びください	びください	7144
びくっ	ビクッ	7421
びくとりあ	ビクトリア	7116
びくとりー	ビクトリー	7257
びくびく	ビクビク	7121
びけい	美形	6788
びこう	備考	6141
びこう	尾行	6936
びこう	鼻腔	6986
びこうらん	備考欄	6922
びさい	微細	6395
びざ	ビザ	5943
びざ	VISA	7013
びしっ	ビシッ	6936
びしゃもんてん	毘沙門天	7108
びしゅ	美酒	7392
びしょう	微小	6733
びしょう	微笑	6991
びしょうじょ	美少女	6053
びしょうねん	美少年	6916
びしょく	美食	6549
びしょっぷ	ビショップ	7241
びしょぬれ	びしょ濡れ	7128
びじたー	ビジター	6624
びじねす	ビジネス	4741
びじねすくらす	ビジネスクラス	7355
びじねすしーん	ビジネスシーン	6593
びじねすちゃんす	ビジネスチャンス	6877
びじねすぱーそん	ビジネスパーソン	6566
びじねすぱーとなー	ビジネスパートナー	7303
びじねすほてる	ビジネスホテル	7098
びじねすまなー	ビジネスマナー	7243
びじねすまん	ビジネスマン	6481
びじねすもでる	ビジネスモデル	6690
びじゃく	微弱	7274
びじゅ	ビジュ	6888
びじゅある	ビジュアル	5591
びじゅあるそざい	ビジュアル素材	6792
びじゅつ	美術	5405
びじゅつか	美術家	7058
びじゅつかん	美術館	5306
びじゅつひん	美術品	7141
びじゅつぶ	美術部	7420
びじゅー	ビジュー	7187
びじょ	美女	5916
びじょとやじゅう	美女と野獣	6919
びじょん	ビジョン	5626
びじん	美人	5471
びす	ビス	6067
びすけっと	ビスケット	6461
びすた	ビスタ	7379
びすちぇ	ビスチェ	7466
びすとろ	ビストロ	7500
びすまるく	ビスマルク	7379
びずりーち	ビズリーチ	7292
びせい	美声	7096
びせいぶつ	微生物	6090
びぜん	備前	7202
びぜんやき	備前焼	7428
びぞう	微増	7405
びた	ビタ	7249
びたし	びたし	7480
びたみん	ビタミン	5477
びたみんいー	ビタミンE	6778
びたー	ビター	6800
びだい	美大	6802
びだん	美談	7368
びちく	備蓄	6373
びちょうせい	微調整	6586
びっく	ビック	7377
びっくかめら	ビックカメラ	6943
びっくり	びっくり	5195
びっくり	ビックリ	5552
びっくり	吃驚	7559
びっぐ	ビッグ	5614
びっぐいべんと	ビッグイベント	7438
びっぐさいず	ビッグサイズ	7434
びっぐでーた	ビッグデータ	7084
びっぐばん	ビッグバン	7049
びっぐまむ	ビッグマム	7469
びっぐもーたー	ビッグモーター	7564
びっしょり	びっしょり	7341
びっしり	びっしり	6655
びっしり	ビッシリ	7462
びっちゅう	備中	7562
びっと	ビット	5791
びっとこいん	ビットコイン	6658
びっとまっぷ	ビットマップ	7452
びっぷ	VIP	6694
びてき	美的	6846
びてん	美点	7473
びでお	ビデオ	5336
びでおかめら	ビデオカメラ	6796
びでおげーむ	ビデオゲーム	7439
びでおてーぷ	ビデオテープ	7295
びと	びと	6865
びとく	美徳	7018
びどう	微動	7537
びどうだに	微動だに	7382
びな	びな	7414
びなん	美男	6787
びなんし	美男子	7375
びなんびじょ	美男美女	7425
びにる	ビニル	7049
びにーる	ビニール	5652
びにーるしーと	ビニールシート	7373
びにーるてーぷ	ビニールテープ	7499
びにーるはうす	ビニールハウス	7563
びにーるぶくろ	ビニール袋	6445
びねがー	ビネガー	7527
びねつ	微熱	7090
びはいんど	ビハインド	6975
びはく	美白	6503
びはだ	美肌	6045
びはだこうか	美肌効果	7129
びはつ	美髪	6842
びばりーひるず	ビバリーヒルズ	7551
びひん	美品	6016
びひん	備品	6282
びび	ビビ	7140
びびたる	微々たる	7029
びびたるもの	微々たるもの	7364
びびっ	ビビっ	6465
びびっ	びびっ	7039
びびっ	ビビッ	7291
びびった	びびった	7517
びびっと	ビビット	7389
びびっど	ビビッド	7123
びびら	ビビら	7403
びびり	ビビり	6678
びびり	ビビリ	7333
びびり	びびり	7538
びびる	ビビる	6821
びびんば	ビビンバ	6885
びふぃずす	ビフィズス	7226
びふぉー	ビフォー	7382
びふぉーあふたー	ビフォーアフター	6845
びふん	微粉	7488
びぶ	ビブ	7564
びぶらーと	ビブラート	7193
びぶん	微分	6464
びぶん	美文	7529
びぼう	美貌	6510
びぼうろく	備忘録	6462
びまん	びまん	7497
びみ	美味	6077
びみょう	微妙	5312
びみょー	ビミョー	7282
びゃくえ	白衣	7134
びゃくだん	白檀	7547
びゃくや	白夜	7207
びゃっか	白花	7289
びゃっこ	白虎	7318
びやかな	びやかな	7171
びやく	媚薬	7481
びゅ	びゅ	7558
びゅう	別府	7191
びゅっふぇ	ビュッフェ	6263
びゅー	ビュー	6116
びゅーあ	ビューア	7416
びゅーあー	ビューアー	7385
びゅーてぃ	ビューティ	7016
びゅーてぃー	ビューティー	6502
びゅーの	ビューの	7090
びゅーぽいんと	ビューポイント	7476
びゅーぽーと	ビューポート	7475
びゅーらー	ビューラー	7290
びょう	秒	4990
びょう	病	5217
びょう	′′	6827
びょう	廟	6879
びょう	びょう	7060
びょう	鋲	7409
びょういん	病院	4636
びょういん	病因	7559
びょういんがわ	病院側	7518
びょういんない	病院内	7349
びょうかん	秒間	6082
びょうかん	病患	6898
びょうが	描画	6116
びょうがい	病害	7381
びょうがいちゅう	病害虫	6923
びょうき	病気	4974
びょうきのげんいん	病気の原因	7503
びょうきのこと	病気のこと	7448
びょうげん	病原	6573
びょうげんきん	病原菌	7032
びょうげんたい	病原体	7317
びょうご	秒後	7549
びょうごと	秒ごと	7383
びょうし	病死	6941
びょうしつ	病室	6499
びょうしゃ	描写	5437
びょうしゃ	病者	7521
びょうしゅつ	描出	7536
びょうしょう	病床	6544
びょうしん	秒針	7048
びょうじゃく	病弱	6976
びょうじょう	病状	6498
びょうそう	病巣	7354
びょうそく	秒速	7182
びょうたい	病態	6444
びょうてき	病的	6880
びょうとう	病棟	6055
びょうどう	平等	5924
びょうどういん	平等院	7350
びょうにん	病人	6800
びょうぶ	屏風	6630
びょうへん	病変	6444
びょうめい	病名	6651
びょうよみ	秒読み	7479
びょうり	病理	6561
びょうりがく	病理学	7161
びょうれき	病歴	7132
びよう	美容	4900
びよういりょう	美容医療	7386
びよういん	美容院	6183
びようえき	美容液	6763
びようぎょうかい	美容業界	7454
びようげか	美容外科	6873
びようこうか	美容効果	7431
びようし	美容師	5884
びようしつ	美容室	5908
びようせいけい	美容整形	7429
びようせいぶん	美容成分	7192
びよく	尾翼	7040
びより	日和	6453
びより	びより	7500
びよんせ	ビヨンセ	7345
びら	ビラ	6622
びら	びら	6950
びらき	開き	5824
びり	ビリ	6509
びり	びり	7273
びりびり	ビリビリ	7023
びりやに	ビリヤニ	7154
びりやーど	ビリヤード	6911
びりゅうし	微粒子	6833
びりょう	微量	6605
びりょく	微力	6775
びりー	ビリー	6622
びる	ビル	5157
びるげいつ	ビル・ゲイツ	7498
びるす	ビルス	7507
びるだー	ビルダー	6943
びるでぃんぐ	ビルディング	6683
びると	ビルト	7238
びるど	ビルド	6028
びるどあっぷ	ビルドアップ	7027
びるま	ビルマ	7068
びるめんてなんす	ビルメンテナンス	7557
びれい	美麗	7007
びれっじ	ビレッジ	7362
びろーど	ビロード	7476
びわ	琵琶	6963
びわ	びわ	6965
びわ	ビワ	7067
びわ	枇杷	7450
びわこ	琵琶湖	6160
びわこ	びわ湖	6906
びわこ	びわこ	7085
びん	便	5327
びん	瓶	6055
びん	ビン	6444
びん	びん	6446
びん	品	7238
びんかん	敏感	5825
びんかんはだ	敏感肌	7126
びんがた	紅型	7528
びんご	ビンゴ	6726
びんごげーむ	ビンゴゲーム	7555
びんしょう	敏捷	7331
びんじょう	便乗	6641
びんすう	便数	7475
びんせん	便箋	7174
びんた	ビンタ	6961
びんちょうたん	備長炭	7364
びんづめ	瓶詰め	7076
びんてーじ	ビンテージ	6581
びんでぃんぐ	ビンディング	7344
びんびん	ビンビン	7263
びんびーる	瓶ビール	7282
びんぼう	貧乏	6207
びんぼうにん	貧乏人	6814
びんわん	敏腕	7119
びー	Be	7076
びー	ビー	7292
びーえいあーる	BAR	6565
びーえす	BS	6073
びーえむだぶりゅー	BMW	6246
びーかー	ビーカー	7364
びーがたかんえん	B型肝炎	7272
びーがん	ビーガン	7206
びーくる	ビークル	6999
びーぐる	ビーグル	7312
びーこん	ビーコン	6927
びーご	B5	6867
びーさいぼう	B細胞	7543
びーしー	BC	6406
びーしーじー	BCG	7389
びーじー	BG	7041
びーじーえむ	BGM	5830
びーすと	ビースト	7001
びーず	ビーズ	5964
びーだま	ビー玉	6972
びーち	ビーチ	5584
びーちばれー	ビーチバレー	7306
びーつ	ビーツ	6963
びーてぃー	BT	6756
びーと	ビート	6085
びーとたけし	ビートたけし	7029
びーとる	ビートル	7375
びーとるず	ビートルズ	6445
びーど	ビード	7197
びーなす	ビーナス	7321
びーばー	ビーバー	7211
びーびーえす	BBS	6946
びーびーしー	BBC	6782
びーふ	ビーフ	6106
びーふかれー	ビーフカレー	7339
びーふしちゅー	ビーフシチュー	7363
びーふん	ビーフン	7330
びーぷ	ビープ	7558
びーむ	ビーム	5854
びーむす	ビームス	7137
びーる	ビール	5139
びーる	麦酒	7399
びーんず	ビーンズ	7488
ぴ	日	4314
ぴあ	ぴあ	6624
ぴあ	ピア	6813
ぴあす	ピアス	5797
ぴあにすと	ピアニスト	6197
ぴあの	ピアノ	5163
ぴあのきょうしつ	ピアノ教室	7504
ぴぃ	ぴぃ	7537
ぴえろ	ピエロ	6617
ぴえん	ぴえん	7558
ぴえーる	ピエール	6689
ぴおーね	ピオーネ	7398
ぴか	ピカ	6211
ぴかそ	ピカソ	6773
ぴかちゅう	ピカチュウ	6573
ぴかぴか	ピカピカ	6437
ぴかぴか	ぴかぴか	7342
ぴき	匹	5634
ぴき	ぴき	7356
ぴくさー	ピクサー	7102
ぴくしぶ	ピクシブ	7442
ぴくしー	ピクシー	7406
ぴくせる	ピクセル	6376
ぴくちゃ	ピクチャ	7013
ぴくとぐらむ	ピクトグラム	7211
ぴくにっく	ピクニック	6331
ぴくみん	ピクミン	6754
ぴくり	ピクリ	7505
ぴくるす	ピクルス	6592
ぴけ	ピケ	7417
ぴこ	ピコ	6603
ぴさ	ピサ	7198
ぴざ	ピザ	5607
ぴしっ	ピシッ	7387
ぴじょん	ピジョン	7455
ぴすたちお	ピスタチオ	6686
ぴすと	ピスト	7521
ぴすとる	ピストル	6722
ぴすとん	ピストン	6284
ぴた	ピタ	7144
ぴたごらす	ピタゴラス	7492
ぴたっ	ピタッ	6734
ぴたっと	ぴたっと	7542
ぴたり	ピタリ	6946
ぴたり	ぴたり	7302
ぴち	ぴち	7311
ぴちぴち	ピチピチ	7364
ぴっ	ピッ	6402
ぴっかぴか	ピッカピカ	7313
ぴっく	ピック	6218
ぴっくあっぷ	ピックアップ	5602
ぴっくあっぷがちゃ	ピックアップガチャ	7374
ぴっける	ピッケル	7402
ぴっころ	ピッコロ	6704
ぴったり	ぴったり	5349
ぴったり	ピッタリ	5475
ぴっち	ピッチ	5870
ぴっちゃー	ピッチャー	6255
ぴっちんぐ	ピッチング	6713
ぴっつぁ	ピッツァ	6758
ぴっと	ピット	6113
ぴっぴ	ピッピ	7389
ぴつ	筆	7162
ぴの	ピノ	7188
ぴのきお	ピノキオ	7249
ぴぴ	ピピ	7424
ぴぼっと	ピボット	7284
ぴぼっとてーぶる	ピボットテーブル	7488
ぴゅあ	ピュア	6363
ぴゅれ	ピュレ	7445
ぴゅーれ	ピューレ	7138
ぴょう	票	6806
ぴょん	ぴょん	7052
ぴょん	ピョン	7357
ぴょんぴょん	ぴょんぴょん	7038
ぴょんぴょん	ピョンピョン	7477
ぴょんやん	平壌	7341
ぴよ	ぴよ	7251
ぴよ	ピヨ	7316
ぴらてぃす	ピラティス	6507
ぴらにあ	ピラニア	7517
ぴらふ	ピラフ	6863
ぴらみっど	ピラミッド	6304
ぴらー	ピラー	6751
ぴり	ピリ	7166
ぴりおど	ピリオド	6758
ぴりから	ピリ辛	6348
ぴりっ	ピリッ	6605
ぴりぴり	ピリピリ	6730
ぴりり	ピリリ	7530
ぴる	ピル	6462
ぴろ	ピロ	6720
ぴろり	ピロリ	7045
ぴん	品	4926
ぴん	ピン	5569
ぴん	ぴん	7263
ぴんく	ピンク	5150
ぴんくいろ	ピンク色	6072
ぴんず	ピンズ	7552
ぴんせっと	ピンセット	6834
ぴんち	ピンチ	5925
ぴんと	ピント	6111
ぴんと	ピンと	6406
ぴんとき	ピンとき	7091
ぴんとくる	ピンとくる	7298
ぴんとこ	ピンとこ	6806
ぴんどめ	ピン留め	7353
ぴんぼけ	ピンボケ	7226
ぴんぽん	ピンポン	6851
ぴー	P	5555
ぴー	ピー	6865
ぴーあーる	PR	5451
ぴーいーてぃー	PET	6787
ぴーえい	PA	6406
ぴーえいしー	PAC	7304
ぴーえいちえす	PHS	7431
ぴーえす	PS	5569
ぴーえむ	PM	6368
ぴーえる	PL	6442
ぴーく	ピーク	5678
ぴーけい	PK	6267
ぴーけいせん	PK戦	7378
ぴーじー	PG	6644
ぴーす	ピース	5587
ぴーたー	ピーター	6269
ぴーたーらびっと	ピーターラビット	7507
ぴーち	ピーチ	6370
ぴーと	ピート	6828
ぴーなっつ	ピーナッツ	6377
ぴーぬかん	火神	7470
ぴーびー	PB	6591
ぴーぴー	ピーピー	7505
ぴーぷる	ピープル	7535
ぴーまん	ピーマン	5923
ぴーらー	ピーラー	7166
ぴーりんぐ	ピーリング	6938
ぴーる	ピール	7428
ぴーん	ピーン	7463
ふ	不	4885
ふ	付	5784
ふ	府	6021
ふ	婦	6096
ふ	負	6189
ふ	符	6414
ふ	譜	6503
ふ	麩	6835
ふぁ	ファ	6021
ふぁい	ファイ	7566
ふぁいあ	ファイア	6352
ふぁいあうぉーる	ファイアウォール	7184
ふぁいあーえむぶれむ	ファイアーエムブレム	7298
ふぁいざー	ファイザー	7158
ふぁいたー	ファイター	6211
ふぁいたーず	ファイターズ	6852
ふぁいと	ファイト	6168
ふぁいなりすと	ファイナリスト	6682
ふぁいなる	ファイナル	5912
ふぁいなんしゃるぷらんなー	ファイナンシャルプランナー	7101
ふぁいなんす	ファイナンス	6595
ふぁいば	ファイバ	6606
ふぁいばー	ファイバー	6657
ふぁいぶ	ファイブ	6765
ふぁいやー	ファイヤー	7551
ふぁいりんぐ	ファイリング	6927
ふぁいる	ファイル	4577
ふぁいるさいず	ファイルサイズ	6870
ふぁいるしすてむ	ファイルシステム	7304
ふぁいん	ファイン	7448
ふぁいんだ	ファインダ	7305
ふぁいんだー	ファインダー	6511
ふぁいんぷれー	ファインプレー	7441
ふぁうすと	ファウスト	7137
ふぁうる	ファウル	7186
ふぁくす	ファクス	7047
ふぁくた	ファクタ	6588
ふぁくたりんぐ	ファクタリング	7296
ふぁくたー	ファクター	6800
ふぁくと	ファクト	6971
ふぁくとり	ファクトリ	6568
ふぁくとりー	ファクトリー	6987
ふぁごっと	ファゴット	7410
ふぁさーど	ファサード	7522
ふぁしずむ	ファシズム	7322
ふぁしりてぃ	ファシリティ	7454
ふぁしりてーしょん	ファシリテーション	7307
ふぁしりてーたー	ファシリテーター	6932
ふぁじー	ファジー	7154
ふぁすてぃんぐ	ファスティング	6935
ふぁすととらべる	ファストトラベル	7552
ふぁすとぱす	ファストパス	7405
ふぁすとふぁっしょん	ファストファッション	7467
ふぁすとふーど	ファストフード	6889
ふぁすなー	ファスナー	5971
ふぁっくす	FAX	6198
ふぁっくす	ファックス	6988
ふぁっしょなぶる	ファッショナブル	7131
ふぁっしょにすた	ファッショニスタ	7543
ふぁっしょん	ファッション	5152
ふぁっしょんあいてむ	ファッションアイテム	7213
ふぁっしょんし	ファッション誌	7422
ふぁっしょんしょー	ファッションショー	6717
ふぁっしょんせい	ファッション性	7231
ふぁっしょんせんす	ファッションセンス	7556
ふぁっしょんでざいなー	ファッションデザイナー	7247
ふぁっしょんぶらんど	ファッションブランド	7414
ふぁっしょんもでる	ファッションモデル	7236
ふぁぶりっく	ファブリック	6573
ふぁぶりーず	ファブリーズ	7523
ふぁみこん	ファミコン	6486
ふぁみつう	ファミ通	7130
ふぁみま	ファミマ	6620
ふぁみり	ファミリ	7201
ふぁみりあ	ファミリア	7068
ふぁみりー	ファミリー	5582
ふぁみりーそう	ファミリー層	7427
ふぁみりーまーと	ファミリーマート	6399
ふぁみりーれすとらん	ファミリーレストラン	7224
ふぁみれす	ファミレス	6509
ふぁる	ファル	6887
ふぁるこ	ファルコ	7532
ふぁるこん	ファルコン	7280
ふぁん	ファン	4498
ふぁんあーと	ファンアート	7330
ふぁんきー	ファンキー	7214
ふぁんく	ファンク	6918
ふぁんくしょん	ファンクション	6905
ふぁんくらぶ	ファンクラブ	6169
ふぁんける	ファンケル	7441
ふぁんさ	ファンサ	6944
ふぁんさーびす	ファンサービス	7434
ふぁんしー	ファンシー	7052
ふぁんた	ファンタ	7435
ふぁんたじあ	ファンタジア	7212
ふぁんたじっく	ファンタジック	7350
ふぁんたじー	ファンタジー	6016
ふぁんたじーすぷりんぐす	ファンタジースプリングス	7415
ふぁんたすてぃっく	ファンタスティック	7460
ふぁんたち	ファンたち	7267
ふぁんだ	ファンだ	7085
ふぁんで	ファンデ	7190
ふぁんでーしょん	ファンデーション	6324
ふぁんと	ファンと	6681
ふぁんとむ	ファントム	6759
ふぁんど	ファンド	5995
ふぁんのほう	ファンの方	7267
ふぁんふぁーれ	ファンファーレ	7129
ふぁんれたー	ファンレター	7352
ふぁー	ファー	5992
ふぁーすと	ファースト	5707
ふぁーすとくらす	ファーストクラス	7498
ふぁーまーずまーけっと	ファーマーズマーケット	7448
ふぁーむ	ファーム	5943
ふぁーむうぇあ	ファームウェア	6471
ふぁーる	ファール	6968
ふあつ	負圧	7252
ふあん	不安	4654
ふあんかん	不安感	6906
ふあんてい	不安定	5604
ふあんようそ	不安要素	7298
ふぃ	フィ	7511
ふぃあっと	フィアット	7280
ふぃがろ	フィガロ	7120
ふぃぎゅあ	フィギュア	5514
ふぃぎゅあすけーと	フィギュアスケート	7309
ふぃくしょん	フィクション	6288
ふぃじかる	フィジカル	6364
ふぃじー	フィジー	7061
ふぃっくす	フィックス	7247
ふぃっしゃー	フィッシャー	7153
ふぃっしゅ	フィッシュ	7088
ふぃっしんぐ	フィッシング	6636
ふぃってぃんぐ	フィッティング	6734
ふぃっと	フィット	5570
ふぃっとかん	フィット感	6562
ふぃっとねす	フィットネス	6399
ふぃっとねすくらぶ	フィットネスクラブ	7233
ふぃっとねすじむ	フィットネスジム	7273
ふぃっとねすせんたー	フィットネスセンター	7551
ふぃなすてりど	フィナステリド	7541
ふぃなんしぇ	フィナンシェ	6909
ふぃなんしゃるぐるーぷ	フィナンシャルグループ	7324
ふぃなーれ	フィナーレ	6509
ふぃにっしゃー	フィニッシャー	7186
ふぃにっしゅ	フィニッシュ	6180
ふぃふぁ	FIFA	6751
ふぃぼなっち	フィボナッチ	7450
ふぃよるど	フィヨルド	7556
ふぃらでるふぃあ	フィラデルフィア	7283
ふぃらめんと	フィラメント	6960
ふぃらりあ	フィラリア	7235
ふぃらー	フィラー	7265
ふぃりっぷ	フィリップ	6888
ふぃりっぷす	フィリップス	7148
ふぃりぴん	フィリピン	5726
ふぃりぴんじん	フィリピン人	7403
ふぃりんぐ	フィリング	7151
ふぃる	フィル	6598
ふぃるた	フィルタ	5841
ふぃるたりんぐ	フィルタリング	7428
ふぃるたー	フィルター	5552
ふぃるはーもにー	フィルハーモニー	7083
ふぃるむ	フィルム	5480
ふぃるむかめら	フィルムカメラ	7446
ふぃれ	フィレ	7332
ふぃれんつぇ	フィレンツェ	6713
ふぃろそふぃー	フィロソフィー	7526
ふぃん	フィン	6199
ふぃんがー	フィンガー	6833
ふぃんらんど	フィンランド	6107
ふぃーちゃ	フィーチャ	7312
ふぃーちゃー	フィーチャー	6607
ふぃーと	フィート	6693
ふぃーと	ft	7377
ふぃーど	フィード	6488
ふぃーどばっく	フィードバック	5781
ふぃーばー	フィーバー	6578
ふぃーりんぐ	フィーリング	6534
ふぃーる	フィール	7390
ふぃーるど	フィールド	5222
ふぃーるどじょう	フィールド上	7280
ふぃーるどわーく	フィールドワーク	6760
ふい	吹い	5921
ふい	拭い	6262
ふい	不意	6698
ふい	ふい	6845
ふいうち	不意打ち	6845
ふいちょう	吹聴	7436
ふいっち	不一致	6780
ふいり	斑入り	6973
ふいるむ	フイルム	7468
ふいんき	雰囲気	6037
ふぅ	ふぅ	6774
ふう	風	5159
ふう	ふう	5583
ふう	封	6417
ふう	楓	7526
ふうあい	風合い	6052
ふうあつ	風圧	7113
ふういん	封印	5891
ふうう	風雨	6924
ふううん	風雲	7423
ふうか	風化	6703
ふうか	風花	7358
ふうかく	風格	6651
ふうがわり	風変わり	7142
ふうき	風紀	7113
ふうけい	風景	5107
ふうけいが	風景画	7413
ふうけいしゃしん	風景写真	7534
ふうこ	風子	7514
ふうこう	風光	6956
ふうこう	風向	7276
ふうこうめいび	風光明媚	7237
ふうさ	封鎖	6494
ふうさつ	封殺	7454
ふうし	風刺	6863
ふうしゃ	風車	6861
ふうしゅう	風習	6345
ふうしょ	封書	7291
ふうしん	風疹	7378
ふうしん	風しん	7423
ふうじ	封じ	6668
ふうじこめ	封じ込め	7210
ふうじゃ	風邪	6733
ふうじる	封じる	7013
ふうじん	風神	7034
ふうすい	風水	6311
ふうすいがい	風水害	7352
ふうすいてき	風水的	7559
ふうせん	風船	6103
ふうせん	ふうせん	7467
ふうそく	風速	6409
ふうぞく	風俗	6171
ふうたろう	風太郎	7144
ふうちょう	風潮	6307
ふうとう	封筒	5874
ふうど	風土	6197
ふうにゅう	封入	6335
ふうひょう	風評	6875
ふうひょうひがい	風評被害	7421
ふうび	風靡	6888
ふうふ	夫婦	5240
ふうふかん	夫婦間	7430
ふうふかんけい	夫婦関係	7008
ふうふげんか	夫婦喧嘩	7548
ふうふなか	夫婦仲	7506
ふうふふたり	夫婦二人	7557
ふうぶつし	風物詩	6447
ふうぼう	風貌	6703
ふうぼう	風防	6971
ふうま	風磨	6937
ふうま	風魔	7424
ふうみ	風味	5252
ふうみゆたか	風味豊か	6915
ふうりゅう	風流	7403
ふうりょう	風量	6691
ふうりょく	風力	6321
ふうりょくはつでん	風力発電	7414
ふうりん	風鈴	6590
ふうん	不運	6919
ふぇ	フェ	6389
ふぇあ	フェア	5629
ふぇあうぇい	フェアウェイ	7438
ふぇありー	フェアリー	6697
ふぇい	フェイ	7316
ふぇいく	フェイク	6651
ふぇいくにゅーす	フェイクニュース	7304
ふぇいしゃる	フェイシャル	6909
ふぇいす	フェイス	5662
ふぇいす	FACE	7498
ふぇいすたおる	フェイスタオル	7438
ふぇいすぶっく	フェイスブック	6777
ふぇいすらいん	フェイスライン	7050
ふぇいず	フェイズ	6391
ふぇいるおーばー	フェイルオーバー	7553
ふぇいんと	フェイント	7077
ふぇざー	フェザー	6650
ふぇす	フェス	5744
ふぇすた	フェスタ	6449
ふぇすてぃばる	フェスティバル	5881
ふぇっち	フェッチ	7417
ふぇでらー	フェデラー	7400
ふぇにっくす	フェニックス	6503
ふぇのーる	フェノール	6525
ふぇみにすと	フェミニスト	7066
ふぇみにずむ	フェミニズム	7012
ふぇみにん	フェミニン	6563
ふぇむてっく	フェムテック	7561
ふぇらいと	フェライト	7392
ふぇらーり	フェラーリ	6380
ふぇりしも	フェリシモ	7326
ふぇりっくす	フェリックス	7498
ふぇりー	フェリー	6010
ふぇりーたーみなる	フェリーターミナル	7527
ふぇりーに	フェリーに	7199
ふぇるすたっぺん	フェルスタッペン	7392
ふぇるでぃなんど	フェルディナンド	7142
ふぇると	フェルト	6327
ふぇるなんです	フェルナンデス	7414
ふぇるめーる	フェルメール	7311
ふぇるん	フェルン	7328
ふぇれっと	フェレット	7208
ふぇろもん	フェロモン	7048
ふぇろー	フェロー	7314
ふぇんしんぐ	フェンシング	6853
ふぇんす	フェンス	6074
ふぇんだー	フェンダー	6185
ふぇんでぃ	フェンディ	7529
ふぇんねる	フェンネル	7504
ふぇんりる	フェンリル	7357
ふぇーす	フェース	6575
ふぇーず	フェーズ	6102
ふぇーど	フェード	7321
ふぇーどあうと	フェードアウト	7001
ふえ	増え	4569
ふえ	笛	6185
ふえ	ふえ	7105
ふえ	フエ	7306
ふえいせい	不衛生	7057
ふえそう	増えそう	6853
ふえふき	笛吹	7497
ふえる	増える	5209
ふえれ	増えれ	6604
ふぉあ	フォア	6758
ふぉあぐら	フォアグラ	7004
ふぉあはんど	フォアハンド	7471
ふぉかっちゃ	フォカッチャ	7143
ふぉぐ	フォグ	7313
ふぉぐらんぷ	フォグランプ	7127
ふぉすたー	フォスター	7505
ふぉっくす	フォックス	6916
ふぉと	フォト	5568
ふぉとあるばむ	フォトアルバム	7541
ふぉとぐらふぁー	フォトグラファー	6684
ふぉとこんてすと	フォトコンテスト	6924
ふぉとじぇにっく	フォトジェニック	6988
ふぉとすぽっと	フォトスポット	7105
ふぉとふれーむ	フォトフレーム	7520
ふぉとぶっく	フォトブック	7438
ふぉにっくす	フォニックス	7471
ふぉるくすわーげん	フォルクスワーゲン	6890
ふぉるだ	フォルダ	5654
ふぉるだー	フォルダー	6348
ふぉるて	フォルテ	7124
ふぉるむ	フォルム	5969
ふぉれすたー	フォレスター	7147
ふぉれすと	フォレスト	7024
ふぉろば	フォロバ	6874
ふぉろわー	フォロワー	5536
ふぉろー	フォロー	4884
ふぉろーあっぷ	フォローアップ	6615
ふぉわーど	フォワード	6554
ふぉん	フォン	6089
ふぉんてーぬ	フォンテーヌ	7270
ふぉんと	フォント	5741
ふぉんとさいず	フォントサイズ	7524
ふぉー	フォー	6740
ふぉーかす	フォーカス	5856
ふぉーかす	FOCUS	6936
ふぉーく	フォーク	5852
ふぉーくそんぐ	フォークソング	7498
ふぉーくりふと	フォークリフト	6699
ふぉーす	フォース	6689
ふぉーちゅん	フォーチュン	7124
ふぉーとないと	フォートナイト	6799
ふぉーど	フォード	6320
ふぉーまっと	フォーマット	5846
ふぉーまる	フォーマル	6345
ふぉーみゅら	フォーミュラ	6793
ふぉーむ	フォーム	5081
ふぉーめーしょん	フォーメーション	6853
ふぉーらむ	フォーラム	5880
ふぉーる	フォール	7068
ふおん	不穏	6536
ふか	負荷	5425
ふか	不可	5431
ふか	深	5498
ふか	付加	5831
ふか	孵化	6383
ふか	フカ	6523
ふか	吹か	6568
ふか	ふか	6717
ふかい	深い	5092
ふかい	不快	5596
ふかい	深井	7506
ふかいあい	深い愛	7550
ふかいあいじょう	深い愛情	7223
ふかいあじわい	深い味わい	7262
ふかいいみ	深い意味	6948
ふかいかん	不快感	6476
ふかいかんけい	深い関係	7015
ふかいきず	深い傷	7370
ふかいきずな	深い絆	7424
ふかいこきゅう	深い呼吸	7541
ふかいこく	深いコク	7559
ふかいちしき	深い知識	7289
ふかいどうさつ	深い洞察	7406
ふかいはなし	深い話	7530
ふかいぶぶん	深い部分	7438
ふかいもり	深い森	7468
ふかいり	深入り	7309
ふかいりかい	深い理解	7090
ふかおい	深追い	7527
ふかかい	不可解	6681
ふかかち	付加価値	6626
ふかかっ	深かっ	7178
ふかがかかっ	負荷がかかっ	7504
ふかがかかり	負荷がかかり	7342
ふかがかかる	負荷がかかる	7357
ふかがわ	深川	6940
ふかき	深き	7261
ふかぎゃく	不可逆	7275
ふかく	深く	5122
ふかく	不覚	7230
ふかくじつ	不確実	7272
ふかけつ	不可欠	5547
ふかこうりょく	不可抗力	7069
ふかさ	深さ	5893
ふかさわ	深澤	7099
ふかざわ	深澤	7482
ふかし	蒸し	6620
ふかし	更かし	6848
ふかし	ふかし	7158
ふかし	不可視	7377
ふかし	淵	7411
ふかしぎ	不可思議	7187
ふかす	蒸す	7102
ふかせ	深瀬	7530
ふかた	深田	7418
ふかたに	深谷	7325
ふかだ	深田	6975
ふかだに	深谷	7527
ふかつ	深津	7344
ふかつか	不活化	7433
ふかづめ	深爪	7470
ふかのう	不可能	5427
ふかば	深場	7310
ふかひ	不可避	7159
ふかふか	ふかふか	6720
ふかぶか	深々	7043
ふかほり	深堀	7093
ふかぼり	深堀	7211
ふかまっ	深まっ	6479
ふかまり	深まり	6386
ふかまる	深まる	6380
ふかみ	深み	5968
ふかみ	深見	7366
ふかめ	深め	5621
ふかめよ	深めよ	7484
ふかめよう	深めよう	7474
ふかめる	深める	5827
ふかや	深谷	7176
ふかわ	深川	7386
ふかん	俯瞰	6324
ふかんぜん	不完全	6373
ふかんぜんねんしょう	不完全燃焼	7472
ふかんてき	俯瞰的	7513
ふがいない	不甲斐ない	7393
ふき	吹き	6120
ふき	拭き	6140
ふき	ふき	6728
ふき	吹	6743
ふき	フキ	7027
ふき	葺き	7105
ふき	付記	7136
ふき	噴き	7384
ふきあげ	吹上	7384
ふきあげ	拭き上げ	7388
ふきあれ	吹き荒れ	7330
ふきあれる	吹き荒れる	7438
ふきかえ	吹き替え	6775
ふきかえ	吹替	7069
ふきかえ	葺き替え	7173
ふきかえ	吹替え	7555
ふきかえばん	吹替版	7496
ふきかけ	吹きかけ	7019
ふきかける	吹きかける	7386
ふきげん	不機嫌	6651
ふきこま	吹き込ま	7311
ふきこみ	吹き込み	7143
ふきこむ	吹き込む	6946
ふきこん	吹き込ん	6905
ふきそ	不起訴	7073
ふきそうじ	拭き掃除	7151
ふきそく	不規則	6544
ふきた	吹田	7269
ふきだ	吹田	7163
ふきだし	吹き出し	6424
ふきだし	噴き出し	7185
ふきだしぐち	吹き出し口	7145
ふきだす	吹き出す	7231
ふきだす	噴き出す	7474
ふきつ	不吉	6912
ふきつけ	吹き付け	6828
ふきつけ	吹付け	7282
ふきつける	吹き付ける	7367
ふきで	吹き出	7407
ふきでもの	吹き出物	7278
ふきとっ	拭き取っ	6819
ふきとっ	ふき取っ	7468
ふきとばさ	吹き飛ばさ	6965
ふきとばし	吹き飛ばし	6637
ふきとばす	吹き飛ばす	6720
ふきとび	吹き飛び	7281
ふきとぶ	吹き飛ぶ	7232
ふきとり	拭き取り	6516
ふきとり	ふき取り	7219
ふきとる	拭き取る	6798
ふきとる	ふき取る	7431
ふきとん	吹き飛ん	7119
ふきぬけ	吹き抜け	6760
ふきぬけ	吹抜け	7361
ふきぬける	吹き抜ける	7367
ふきのとう	ふきのとう	7298
ふきゅう	普及	5316
ふきゅう	不急	6757
ふきゅう	不朽	7114
ふきゅう	腐朽	7523
ふきょう	不況	6538
ふきょう	布教	6613
ふきょうわおん	不協和音	7277
ふきん	付近	5102
ふきん	布巾	7009
ふきん	ふきん	7012
ふきん	附近	7439
ふきんこう	不均衡	7256
ふきんしん	不謹慎	7020
ふく	服	5062
ふく	副	5184
ふく	福	5919
ふく	吹く	6079
ふく	ふく	6103
ふく	複	6459
ふく	拭く	6461
ふく	復	6862
ふくあつ	腹圧	7429
ふくい	福井	5888
ふくいけん	福井県	6137
ふくいん	福音	6395
ふくいん	幅員	7053
ふくいん	復員	7558
ふくいんかんしょてん	福音館書店	7562
ふくえき	服役	7069
ふくえん	復縁	6042
ふくおか	福岡	5154
ふくおか	ふくおか	7232
ふくおかくうこう	福岡空港	7026
ふくおかけん	福岡県	5795
ふくおかし	福岡市	6955
ふくおかしない	福岡市内	7447
ふくおかだいがく	福岡大学	7303
ふくかいちょう	副会長	7043
ふくかん	副官	7560
ふくがく	復学	7390
ふくがん	複眼	7316
ふくぎょう	副業	5656
ふくくう	腹腔	7241
ふくげん	復元	5742
ふくこう	腹腔	7286
ふくこうかんしんけい	副交感神経	7145
ふくごう	複合	5660
ふくごう	復号	7008
ふくごうしせつ	複合施設	7433
ふくごうてき	複合的	7019
ふくさい	副菜	6400
ふくさよう	副作用	5753
ふくさわ	福沢	7459
ふくさんぶつ	副産物	6862
ふくざつ	複雑	5155
ふくざつさ	複雑さ	7111
ふくざわ	福沢	7287
ふくざわ	福澤	7323
ふくし	福祉	5067
ふくし	ふくし	6798
ふくし	副詞	6849
ふくし	福士	6995
ふくしき	複式	7495
ふくしきこきゅう	腹式呼吸	7172
ふくししせつ	福祉施設	7224
ふくしま	福島	5731
ふくしまけん	福島県	5831
ふくしまし	福島市	7357
ふくしゃ	複写	6750
ふくしゃ	輻射	7436
ふくしゃきん	腹斜筋	7455
ふくしゃちょう	副社長	7395
ふくしゅう	復讐	5896
ふくしゅう	復習	5924
ふくしょう	副将	7060
ふくしょう	副賞	7134
ふくしょう	複勝	7279
ふくしょう	復唱	7428
ふくしょく	復職	6569
ふくしょく	服飾	6798
ふくしん	腹心	7504
ふくじてき	副次的	7369
ふくじま	福島	6134
ふくじゅう	服従	6896
ふくじん	副腎	6874
ふくじん	福神	7252
ふくすい	腹水	7335
ふくすう	複数	4668
ふくすうあり	複数あり	6926
ふくすうかい	複数回	7158
ふくすうかいとうか	複数回答可	7547
ふくすうこ	複数個	6941
ふくすうじん	複数人	7221
ふくすうせんたくか	複数選択可	7505
ふくすうにん	複数人	6780
ふくする	復する	7477
ふくせい	複製	5890
ふくせん	伏線	6225
ふくせん	複線	6923
ふくそ	複素	7278
ふくそう	服装	5482
ふくそうひん	副葬品	7562
ふくそく	腹側	7356
ふくそすう	複素数	7174
ふくた	福田	6826
ふくだ	福田	6159
ふくだい	副題	7137
ふくち	福地	7472
ふくちやま	福知山	6868
ふくちょう	復調	7081
ふくちょう	副長	7271
ふくちょくきん	腹直筋	7520
ふくつ	不屈	6868
ふくつ	福津	7478
ふくつう	腹痛	6547
ふくとく	福徳	7401
ふくとし	福利	7489
ふくとめ	福留	7522
ふくなが	福永	6891
ふくはら	福原	6887
ふくはんのう	副反応	7382
ふくばら	福原	7478
ふくびき	ふくびき	7270
ふくびき	福引	7438
ふくふくせん	複々線	7548
ふくぶ	腹部	6211
ふくぶくろ	福袋	6129
ふくへい	伏兵	7374
ふくま	含ま	4717
ふくま	ふくま	7455
ふくまく	腹膜	7214
ふくみ	含み	5925
ふくみえき	含み益	7447
ふくみそん	含み損	7256
ふくむ	含む	4750
ふくむ	服務	7026
ふくめ	含め	4775
ふくめ	ふくめ	7262
ふくめる	含める	6074
ふくめれ	含めれ	7367
ふくめん	覆面	6738
ふくもと	福本	6888
ふくや	服屋	7322
ふくや	ふくや	7439
ふくやく	服薬	6622
ふくやま	福山	6336
ふくやまし	福山市	7490
ふくよう	服用	5860
ふくよう	複葉	7549
ふくよか	ふくよか	6963
ふくらはぎ	ふくらはぎ	6404
ふくらま	膨らま	6408
ふくらませ	膨らませ	7088
ふくらませ	ふくらませ	7507
ふくらみ	膨らみ	6317
ふくらみ	ふくらみ	6967
ふくらむ	膨らむ	6569
ふくらむ	ふくらむ	7512
ふくらん	膨らん	6262
ふくらん	ふくらん	7276
ふくり	福利	5948
ふくり	複利	7272
ふくりこうせい	福利厚生	6412
ふくりゅう	伏流	7320
ふくれ	膨れ	7006
ふくれ	ふくれ	7545
ふくれあがっ	膨れ上がっ	7319
ふくろ	袋	5697
ふくろ	復路	6811
ふくろ	ふくろ	7399
ふくろい	袋井	7229
ふくろう	フクロウ	6477
ふくろう	ふくろう	6936
ふくろう	梟	7087
ふくろおび	袋帯	7447
ふくろこうじ	袋小路	7566
ふくろだたき	袋叩き	7504
ふくろづめ	袋詰	7078
ふくろめん	袋麺	7386
ふくん	含ん	5684
ふぐ	フグ	6472
ふぐ	ふぐ	6624
ふぐあい	不具合	5428
ふぐう	不遇	7103
ふぐだ	福田	7385
ふけ	老け	6499
ふけ	フケ	7048
ふけ	吹け	7341
ふけ	更け	7395
ふけ	ふけ	7464
ふけい	府警	6824
ふけい	父兄	7000
ふけいき	不景気	7026
ふけつ	不潔	7125
ふける	ふける	7411
ふける	吹ける	7512
ふけん	府県	7154
ふけんこう	不健康	7250
ふこ	ふこ	7453
ふこう	不幸	5793
ふこうへい	不公平	6661
ふこく	布告	6844
ふごう	符号	6447
ふごう	富豪	6664
ふごう	符合	7566
ふごうかく	不合格	6403
ふごうり	不合理	7186
ふさ	房	6508
ふさ	付さ	6973
ふさ	ふさ	7148
ふさい	夫妻	6031
ふさい	負債	6295
ふさい	塞い	6750
ふさい	ふさい	7231
ふさいよう	不採用	6779
ふさが	塞が	6921
ふさが	ふさが	7472
ふさがっ	塞がっ	7307
ふさがっ	ふさがっ	7499
ふさぎ	塞ぎ	7167
ふさく	不作	7207
ふさぐ	塞ぐ	6881
ふさぐ	ふさぐ	7325
ふさふさ	ふさふさ	7320
ふさふさ	フサフサ	7487
ふさわしい	ふさわしい	5872
ふさわしい	相応しい	6218
ふさわしく	ふさわしく	6725
ふさわしく	相応しく	7059
ふさん	ふさん	7480
ふさんか	不参加	6783
ふざい	不在	5838
ふざけ	ふざけ	6191
ふざける	ふざける	7072
ふざけん	ふざけん	7016
ふし	節	6351
ふし	不死	6711
ふし	付し	6802
ふし	父子	6831
ふし	ふし	6907
ふし	フシ	6907
ふし	伏し	7502
ふしい	藤井	7354
ふしぎ	不思議	4997
ふしぎ	ふしぎ	6724
ふしぎそう	不思議そう	7080
ふしぎのくにのありす	不思議の国のアリス	7233
ふしくろ	伏黒	7381
ふしぐろ	伏黒	6845
ふしぜん	不自然	6008
ふしだ	藤田	7250
ふしちょう	不死鳥	7076
ふしぶし	節々	7441
ふしみ	伏見	6326
ふしみいなりたいしゃ	伏見稲荷大社	7394
ふしめ	節目	6074
ふしめのとし	節目の年	7300
ふしゅ	浮腫	6674
ふしょう	負傷	5902
ふしょう	不詳	6704
ふしょうしゃ	負傷者	7339
ふしょうじ	不祥事	6521
ふしょく	腐食	6195
ふしょくふ	不織布	6611
ふしよう	不使用	7298
ふしん	不審	6001
ふしん	不信	6310
ふしん	不振	6311
ふしん	普請	7374
ふしんかん	不信感	6874
ふしんしゃ	不審者	6859
ふしんせつ	不親切	7208
ふしんにん	不信任	7187
ふじ	富士	5768
ふじ	フジ	6058
ふじ	藤	6458
ふじ	ふじ	6540
ふじ	不二	7383
ふじい	藤井	5905
ふじいでら	藤井寺	7487
ふじえだ	藤枝	7066
ふじお	不二雄	7025
ふじお	不二夫	7479
ふじおか	藤岡	6703
ふじかわ	藤川	7034
ふじかわ	富士川	7556
ふじがおか	藤が丘	7367
ふじがや	藤ヶ谷	7198
ふじがわ	不死川	7390
ふじき	藤木	7113
ふじきゅう	富士急	7033
ふじこ	藤子	7206
ふじこ	不二子	7451
ふじこえふふじお	藤子・F・不二雄	7468
ふじごこ	富士五湖	7550
ふじさき	藤崎	7381
ふじさわ	藤沢	6309
ふじさわ	藤澤	7196
ふじさわし	藤沢市	7491
ふじさん	富士山	5931
ふじしま	藤島	7367
ふじた	藤田	6041
ふじた	フジタ	7487
ふじだな	藤棚	7313
ふじちゃく	不時着	7015
ふじつう	富士通	6484
ふじてれび	フジテレビ	5918
ふじてれびけい	フジテレビ系	7451
ふじなみ	藤波	7303
ふじなみ	藤浪	7398
ふじの	藤野	7153
ふじのはな	藤の花	7143
ふじのみや	富士宮	7077
ふじはら	藤原	6320
ふじふいるむ	富士フイルム	7032
ふじまき	藤巻	7423
ふじまる	藤丸	7399
ふじみ	富士見	6828
ふじみ	不死身	7175
ふじみの	ふじみ野	6946
ふじむら	藤村	6832
ふじもと	藤本	6316
ふじもり	藤森	7009
ふじや	不二家	7091
ふじやま	富士山	7513
ふじやま	藤山	7564
ふじゅうぶん	不十分	5967
ふじゅん	不順	6940
ふじゅん	不純	7524
ふじゅんぶつ	不純物	6638
ふじゆう	不自由	6116
ふじょ	扶助	6927
ふじょ	巫女	7444
ふじょう	浮上	5931
ふじょう	不定	7444
ふじょうり	不条理	6804
ふじょし	腐女子	6803
ふじよし	藤吉	7430
ふじよしだ	富士吉田	7130
ふじろっく	フジロック	7125
ふじわら	藤原	5899
ふじわらのみちなが	藤原道長	7426
ふじん	婦人	5958
ふじん	夫人	6075
ふじん	布陣	6825
ふじんか	婦人科	7146
ふす	付す	7465
ふすま	襖	6813
ふすま	ふすま	6897
ふすまえ	襖絵	7507
ふする	付する	7407
ふずい	付随	6342
ふせ	伏せ	6470
ふせ	布施	7120
ふせ	ふせ	7471
ふせい	不正	5370
ふせい	防い	6260
ふせいあくせす	不正アクセス	6936
ふせいかい	不正解	7190
ふせいかく	不正確	7217
ふせいこうい	不正行為	7101
ふせいじつ	不誠実	7055
ふせいみゃく	不整脈	6742
ふせいりつ	不成立	7317
ふせいりよう	不正利用	7542
ふせが	防が	7306
ふせき	布石	7085
ふせぎ	防ぎ	5877
ふせぐ	防ぐ	5257
ふせげ	防げ	6537
ふせげる	防げる	6485
ふせご	防ご	7320
ふせごう	防ごう	7310
ふせつ	敷設	6684
ふせら	伏せら	7559
ふせる	伏せる	7386
ふせん	付箋	6596
ふせんめい	不鮮明	7483
ふぜい	風情	6188
ふぜん	不全	6183
ふそ	ふそ	7526
ふそう	扶桑	7465
ふそく	不足	5426
ふそく	附則	6354
ふそく	不測	6939
ふそくのじたい	不測の事態	7198
ふそん	不遜	7440
ふぞく	付属	5237
ふぞく	附属	5966
ふぞくひん	付属品	5948
ふぞろい	不揃い	7360
ふた	蓋	5461
ふた	フタ	5969
ふた	ふた	6135
ふたい	付帯	6475
ふたい	附帯	7334
ふたえ	二重	6119
ふたく	付託	7530
ふたくち	二口	7460
ふたこたまがわ	二子玉川	6901
ふたご	双子	5833
ふたご	ふたご	7233
ふたござ	双子座	7123
ふたござ	ふたご座	7346
ふたしか	不確か	6862
ふたたび	再び	5023
ふたたび	ふたたび	6670
ふたつ	2つ	4712
ふたつ	二つ	5294
ふたつ	ふたつ	6095
ふたつあり	2つあり	6742
ふたつあり	二つあり	7280
ふたつき	蓋付き	7296
ふたつき	二月	7315
ふたつつ	2つつ	6265
ふたつな	二つ名	7120
ふたつへんじ	二つ返事	7452
ふたつめ	2つ目	5982
ふたつめ	2つめ	6955
ふたな	二名	7333
ふたば	ふたば	6957
ふたば	双葉	7155
ふたば	フタバ	7541
ふたばしゃ	双葉社	7495
ふたまた	二股	6836
ふたまたがわ	二俣川	7514
ふたみ	二見	7337
ふたみや	二宮	7399
ふたもと	二本	7151
ふたり	二人	4703
ふたり	ふたり	5453
ふたりして	二人して	7478
ふたりのま	二人の間	7543
ふたりめ	二人目	7305
ふたん	負担	4842
ふだ	札	6737
ふだしょ	札所	6815
ふだん	普段	4700
ふだん	ふだん	6395
ふだん	不断	7433
ふだんぎ	普段着	6626
ふだんつかい	普段使い	6956
ふち	縁	6100
ふち	淵	6495
ふち	フチ	6591
ふち	ふち	6720
ふち	不知	7506
ふち	渕	7521
ふちじ	府知事	7307
ふちどり	縁取り	6951
ふちゃく	付着	5809
ふちゅう	府中	6244
ふちゅうい	不注意	7022
ふちょう	不調	5709
ふぢい	藤井	7056
ふぢた	藤田	7193
ふぢもと	藤本	7468
ふっ	振っ	5689
ふっ	降っ	5705
ふっ	ふっ	6252
ふっ	フッ	6339
ふっ	触っ	7192
ふっかつ	復活	5138
ふっかん	復刊	7359
ふっかん	副官	7549
ふっき	復帰	5321
ふっきご	復帰後	7450
ふっきゅう	復旧	5746
ふっきゅうさぎょう	復旧作業	7537
ふっきれ	吹っ切れ	7188
ふっきん	腹筋	6121
ふっく	フック	5723
ふっくう	腹腔	7241
ふっくら	ふっくら	6103
ふっけん	復権	7108
ふっけんしょう	福建省	7414
ふっこ	復古	7487
ふっこう	復興	5684
ふっこうしえん	復興支援	6712
ふっこく	復刻	5991
ふっこくばん	復刻版	7482
ふっさ	福生	7510
ふっしょく	払拭	6478
ふっそ	フッ素	6398
ふった	フッタ	7069
ふってん	沸点	7128
ふっと	フット	6761
ふっと	ふっと	6785
ふっとう	沸騰	5866
ふっとけあ	フットケア	7359
ふっとさる	フットサル	6478
ふっとねいる	フットネイル	7369
ふっとば	吹っ飛ば	6804
ふっとび	吹っ飛び	7254
ふっとぶ	吹っ飛ぶ	7233
ふっとぼーる	フットボール	6508
ふっとれすと	フットレスト	7494
ふっとわーく	フットワーク	6695
ふっとん	吹っ飛ん	6984
ふっとんだ	吹っ飛んだ	7487
ふつ	仏	6154
ふつ	フツ	6498
ふつ	ふつ	7265
ふつう	普通	4381
ふつう	ふつう	6302
ふつう	不通	6665
ふつうか	普通科	7096
ふつうしゃ	普通車	7095
ふつうゆうびん	普通郵便	6563
ふつうれっしゃ	普通列車	7223
ふつか	2日	4836
ふつか	二日	6701
ふつかよい	二日酔い	6677
ふつごう	不都合	6834
ふつふつ	ふつふつ	7378
ふつー	ふつー	7279
ふて	ふて	7520
ふてい	不定	6877
ふてい	不貞	6939
ふていき	不定期	6154
ふていきゅう	不定休	7169
ふてき	不敵	7127
ふてきごう	不適合	6780
ふてきせつ	不適切	6002
ふてきとう	不適当	6971
ふてぎわ	不手際	7262
ふてんま	普天間	7352
ふで	筆	5931
ふでぬり	筆塗り	7212
ふでばこ	筆箱	7179
ふでぺん	筆ペン	7561
ふと	ふと	5548
ふと	太	6534
ふとい	太い	5897
ふとう	不当	6102
ふとう	埠頭	6856
ふとう	ふ頭	7177
ふとうこう	不登校	6486
ふとうしき	不等式	7336
ふとうめい	不透明	6328
ふとく	太く	6083
ふとくい	不得意	7099
ふとくてい	不特定	7480
ふところ	懐	6260
ふとさ	太さ	6291
ふとし	太	6285
ふとした	ふとした	6570
ふとしたしゅんかん	ふとした瞬間	7384
ふとしたとき	ふとした時	7436
ふとじ	太字	6760
ふとた	太田	7094
ふとっ	太っ	5996
ふとっぱら	太っ腹	7361
ふとめ	太め	6378
ふとめ	太目	7521
ふとめん	太麺	6593
ふともも	太もも	6100
ふともも	太腿	7218
ふとら	太ら	6805
ふとり	太り	6230
ふとる	太る	6505
ふとん	布団	5672
ふとん	ふとん	6747
ふどう	不動	6408
ふどう	浮動	7007
ふどう	府道	7403
ふどうさん	不動産	5119
ふどうさんがいしゃ	不動産会社	6988
ふどうさんぎょう	不動産業	7426
ふどうさんや	不動産屋	7056
ふどうそん	不動尊	7145
ふどうみょうおう	不動明王	6883
ふどき	風土記	6957
ふな	船	5825
ふな	フナ	7125
ふな	鮒	7370
ふない	府内	6771
ふない	船井	7516
ふなか	不仲	6787
ふなき	舟木	7525
ふなこし	船越	7210
ふなたび	船旅	7096
ふなっしー	ふなっしー	7253
ふなつき	船着	7351
ふなつきば	船着き場	7386
ふなで	船出	7257
ふなと	岐	6854
ふなのり	船乗り	7065
ふなはし	船橋	6913
ふなばし	船橋	6401
ふなばしし	船橋市	7470
ふなやど	船宿	7466
ふなよい	船酔い	7245
ふなれ	不慣れ	6559
ふにおち	腑に落ち	7076
ふにおちる	腑に落ちる	7554
ふにゃふにゃ	ふにゃふにゃ	7515
ふにん	赴任	6091
ふにん	不妊	6105
ふにんき	不人気	6806
ふにんしょう	不妊症	7251
ふにんちりょう	不妊治療	6820
ふね	船	5871
ふね	舟	6162
ふねづり	船釣り	7306
ふねん	不燃	6886
ふのう	不能	5811
ふのかんじょう	負の感情	7496
ふはい	腐敗	6294
ふはい	不敗	7553
ふはつ	不発	6815
ふばい	不買	7507
ふばらい	不払い	7549
ふひつよう	不必要	6613
ふひょう	不評	6772
ふび	不備	6124
ふびょうどう	不平等	7062
ふびん	不憫	6916
ふふく	不服	6643
ふふっ	ふふっ	7048
ふふふ	ふふふ	6735
ふふふ	フフフ	7489
ふぶき	吹雪	6548
ふぶき	フブキ	7307
ふぶき	風吹	7545
ふぶき	ふぶき	7557
ふへい	不平	6990
ふへいふまん	不平不満	7528
ふへん	普遍	6221
ふへん	不変	6933
ふへんせい	普遍性	7500
ふへんてき	普遍的	6647
ふべん	不便	5807
ふほう	不法	6188
ふほう	訃報	6619
ふほうこうい	不法行為	7225
ふほんい	不本意	7148
ふぼ	父母	6357
ふま	踏ま	6512
ふま	ふま	6848
ふまえ	踏まえ	5423
ふまえ	ふまえ	6636
ふまえる	踏まえる	6743
ふまん	不満	5358
ふまんてん	不満点	7498
ふみ	文	5568
ふみ	踏み	6114
ふみ	書	6564
ふみ	ふみ	6578
ふみ	章	6769
ふみ	フミ	7319
ふみあと	踏み跡	7478
ふみお	文雄	6970
ふみお	文夫	7539
ふみきっ	踏み切っ	6897
ふみきり	踏切	6131
ふみきり	踏み切り	7187
ふみきる	踏み切る	7118
ふみきれ	踏み切れ	7276
ふみこ	文子	7252
ふみこま	踏み込ま	7408
ふみこみ	踏み込み	7040
ふみこむ	踏み込む	6850
ふみこん	踏み込ん	6356
ふみしめ	踏みしめ	7465
ふみたおし	踏み倒し	7266
ふみだい	踏み台	6815
ふみだし	踏み出し	6293
ふみだす	踏み出す	6404
ふみだせ	踏み出せ	7013
ふみだせる	踏み出せる	7531
ふみだそ	踏み出そ	7481
ふみだそう	踏み出そう	7472
ふみつけ	踏みつけ	7145
ふみはずし	踏み外し	7386
ふみひこ	文彦	7378
ふみや	文哉	7267
ふみや	フミヤ	7430
ふみん	不眠	6588
ふみん	府民	7203
ふみんしょう	不眠症	6888
ふむ	踏む	6231
ふむ	ふむ	7058
ふむき	不向き	6497
ふむふむ	ふむふむ	7064
ふめ	踏め	7415
ふめい	不明	4949
ふめいかく	不明確	7002
ふめいてん	不明点	6910
ふめいよ	不名誉	7335
ふめいりょう	不明瞭	6800
ふめつ	不滅	6771
ふめん	譜面	6266
ふも	ふも	7308
ふもう	不毛	6842
ふもと	麓	6308
ふもと	ふもと	6743
ふもん	不問	6472
ふやかし	ふやかし	7141
ふやけ	ふやけ	7477
ふやさ	増やさ	6695
ふやし	増やし	5292
ふやす	増やす	5453
ふやせ	増やせ	7066
ふやせる	増やせる	6726
ふやそ	増やそ	6875
ふやそう	増やそう	6877
ふゅーじょん	フュージョン	6703
ふゅーちゃー	フューチャー	7355
ふゆ	冬	4867
ふゆ	ふゆ	6682
ふゆう	浮遊	6317
ふゆう	富裕	6462
ふゆうかん	浮遊感	7428
ふゆうそう	富裕層	7036
ふゆかい	不愉快	6533
ふゆがた	冬型	7417
ふゆこみ	冬コミ	7533
ふゆじたく	冬支度	7538
ふゆだ	冬だ	7487
ふゆになっ	冬になっ	7118
ふゆになる	冬になる	6740
ふゆのま	冬の間	7154
ふゆば	冬場	6183
ふゆふく	冬服	6924
ふゆみ	冬美	7407
ふゆもの	冬物	7207
ふゆやすみ	冬休み	6418
ふゆやま	冬山	7430
ふよ	付与	5370
ふよ	ふよ	7535
ふよう	不要	5057
ふよう	扶養	6018
ふよう	芙蓉	7349
ふよう	不用	7424
ふようい	不用意	6969
ふようしんぞく	扶養親族	7470
ふようせい	不溶性	7267
ふようど	腐葉土	7038
ふようひん	不用品	7101
ふら	フラ	5898
ふら	振ら	6169
ふら	降ら	6479
ふら	ふら	6521
ふらい	フライ	5589
ふらいす	フライス	7379
ふらいでー	フライデー	6762
ふらいと	フライト	5942
ふらいどちきん	フライドチキン	7101
ふらいどぽてと	フライドポテト	6758
ふらいぱん	フライパン	5412
ふらいふぃっしんぐ	フライフィッシング	7507
ふらいや	フライヤ	7446
ふらいやー	フライヤー	6910
ふらいんぐ	フライング	6587
ふらくたる	フラクタル	7404
ふらぐ	フラグ	6091
ふらぐめんと	フラグメント	7256
ふらすこ	フラスコ	7147
ふらすとれーしょん	フラストレーション	7152
ふらせる	降らせる	7535
ふらだんす	フラダンス	7015
ふらっ	フラッ	7264
ふらっくす	フラックス	7341
ふらっぐ	フラッグ	6423
ふらっぐしっぷもでる	フラッグシップモデル	7414
ふらっしゅ	フラッシュ	5940
ふらっと	フラット	5737
ふらっと	ふらっと	6489
ふらっぷ	フラップ	6602
ふらっぺ	フラッペ	7490
ふらつい	ふらつい	7538
ふらつき	ふらつき	7084
ふらの	富良野	6914
ふらふら	ふらふら	6754
ふらふら	フラフラ	6761
ふらぺちーの	フラペチーノ	7020
ふらみんご	フラミンゴ	6781
ふらめんこ	フラメンコ	6827
ふらり	ふらり	6991
ふらわー	フラワー	5757
ふらん	フラン	6412
ふらん	ふらん	7506
ふらんきー	フランキー	6871
ふらんく	フランク	6490
ふらんくふると	フランクフルト	6660
ふらんくりん	フランクリン	7532
ふらんけんしゅたいん	フランケンシュタイン	7447
ふらんこ	フランコ	7476
ふらんしす	フランシス	7118
ふらんじ	フランジ	6921
ふらんす	フランス	5026
ふらんす	仏	6162
ふらんすかくめい	フランス革命	7159
ふらんすご	フランス語	5990
ふらんすじん	フランス人	6899
ふらんすぱん	フランスパン	7200
ふらんすりょうり	フランス料理	6693
ふらんそわ	フランソワ	7492
ふらんちゃいず	フランチャイズ	6414
ふらんつ	フランツ	7182
ふらんねる	フランネル	7429
ふらんぼわーず	フランボワーズ	7328
ふらー	フラー	7546
ふり	不利	5902
ふり	振り	5945
ふり	フリ	6011
ふり	ふり	6069
ふり	降り	6694
ふりあげ	振り上げ	7158
ふりえき	不利益	6329
ふりおろし	振り下ろし	7334
ふりおろす	振り下ろす	7447
ふりかえ	振替	6075
ふりかえ	振り替え	7367
ふりかえきゅうじつ	振替休日	7523
ふりかえっ	振り返っ	5610
ふりかえら	振り返ら	7206
ふりかえり	振り返り	5630
ふりかえり	ふりかえり	7277
ふりかえる	振り返る	5646
ふりかえれ	振り返れ	6916
ふりかけ	ふりかけ	6329
ふりかけ	振りかけ	6826
ふりかける	振りかける	7298
ふりかける	ふりかける	7415
ふりかざし	振りかざし	7341
ふりかた	振り方	7197
ふりがな	ふりがな	6421
ふりがな	フリガナ	7073
ふりきっ	振り切っ	6818
ふりきり	振り切り	7396
ふりきる	振り切る	7410
ふりくしょん	フリクション	7425
ふりこ	振り子	6874
ふりこう	不履行	6963
ふりこま	振り込ま	6809
ふりこみ	振込	6031
ふりこみ	振り込み	6598
ふりこみ	振込み	6750
ふりこみてすうりょう	振込手数料	7306
ふりこむ	振り込む	7325
ふりこめ	振り込め	7378
ふりこん	振り込ん	7070
ふりしきる	降りしきる	7496
ふりしぼっ	振り絞っ	7048
ふりすびー	フリスビー	7455
ふりそう	降りそう	7520
ふりそそい	降り注い	7251
ふりそそぎ	降り注ぎ	7382
ふりそそぐ	降り注ぐ	6754
ふりそで	振り袖	6283
ふりそで	振袖	7560
ふりだし	降り出し	6983
ふりだし	振り出し	7391
ふりっく	フリック	6921
ふりっと	フリット	7337
ふりっぷ	フリップ	6870
ふりつ	府立	6739
ふりつけ	振り付け	6325
ふりつけ	振付	6351
ふりつづい	降り続い	7315
ふりつづく	降り続く	7523
ふりつもっ	降り積もっ	7548
ふりはらう	振り払う	7488
ふりふり	フリフリ	7371
ふりま	フリマ	6661
ふりまあぷり	フリマアプリ	6790
ふりまい	振りまい	7379
ふりまさいと	フリマサイト	7158
ふりまわさ	振り回さ	6188
ふりまわし	振り回し	6592
ふりまわす	振り回す	6878
ふりむい	振り向い	6710
ふりむか	振り向か	7136
ふりむき	振り向き	7216
ふりむく	振り向く	6879
ふりょ	不慮	7046
ふりょう	不良	5452
ふりょう	不漁	7514
ふりょうひん	不良品	6736
ふりょく	浮力	6818
ふりる	フリル	6376
ふりわけ	振り分け	6814
ふりわける	振り分ける	7352
ふりん	不倫	5602
ふりんあいて	不倫相手	6950
ふりんかんけい	不倫関係	7343
ふりんじ	フリンジ	7200
ふりー	フリー	4994
ふりーく	フリーク	7379
ふりーさいず	フリーサイズ	7414
ふりーざ	フリーザ	6755
ふりーざー	フリーザー	7192
ふりーじあ	フリージア	7490
ふりーす	フリース	6911
ふりーすくーる	フリースクール	7266
ふりーず	フリーズ	6197
ふりーそざい	フリー素材	7273
ふりーそふと	フリーソフト	7429
ふりーたー	フリーター	6482
ふりーだいやる	フリーダイヤル	6989
ふりーだむ	フリーダム	6997
ふりーと	フリート	6966
ふりーとーく	フリートーク	7563
ふりーど	フリード	7430
ふりーな	フリーナ	7430
ふりーぺーぱー	フリーペーパー	7478
ふりーまーけっと	フリーマーケット	7300
ふりーらいたー	フリーライター	7144
ふりーらんす	フリーランス	5850
ふりーらんすえんじにあ	フリーランスエンジニア	7410
ふりーれん	フリーレン	7262
ふる	フル	5239
ふる	降る	5960
ふる	振る	5978
ふる	ふる	6082
ふる	古	6085
ふる	触る	7556
ふるい	古い	5011
ふるい	ふるい	7131
ふるい	振るい	7136
ふるい	旧い	7521
ふるいかくしつ	古い角質	7125
ふるいしゃしん	古い写真	7559
ふるいしょうひん	古い商品	7422
ふるいじだい	古い時代	7215
ふるいじゅん	古い順	6669
ふるいじょうほう	古い情報	7557
ふるいたいぷ	古いタイプ	7540
ふるいたた	奮い立た	7005
ふるいたてもの	古い建物	7013
ふるいち	古市	7272
ふるいばーじょん	古いバージョン	7215
ふるいほん	古い本	7561
ふるいまちなみ	古い町並み	7435
ふるいれきし	古い歴史	7443
ふるう	振るう	6783
ふるう	ふるう	7287
ふるうま	古馬	7557
ふるえ	震え	5999
ふるえ	ふるえ	7430
ふるえる	震える	6377
ふるかっ	古かっ	7509
ふるかぶ	古株	7375
ふるからー	フルカラー	7476
ふるかわ	古川	6625
ふるかわ	古河	7404
ふるき	古き	6418
ふるぎ	古着	5888
ふるぎや	古着屋	7429
ふるく	古く	5701
ふるくさい	古臭い	7091
ふること	振ること	7280
ふるこん	フルコン	7295
ふるこーす	フルコース	6841
ふるごと	故事	7402
ふるさ	古さ	7368
ふるさいず	フルサイズ	6534
ふるさと	ふるさと	5616
ふるさと	故郷	6913
ふるさと	古里	7482
ふるさとのうぜい	ふるさと納税	6581
ふるす	古巣	6893
ふるすいんぐ	フルスイング	7225
ふるせっと	フルセット	6967
ふるた	古田	7047
ふるたいむ	フルタイム	6378
ふるたに	古谷	7539
ふるっ	振るっ	6761
ふるっ	奮っ	6847
ふるっ	ふるっ	7013
ふるった	ふるった	7490
ふるって	奮って	6858
ふるって	ふるって	7260
ふるどうぐ	古道具	7288
ふるねーむ	フルネーム	6728
ふるはし	古橋	7359
ふるはた	古畑	7539
ふるび	古び	6841
ふるふる	ふるふる	7533
ふるへ	ふるへ	7411
ふるほん	古本	6637
ふるほんや	古本屋	6850
ふるぼっこ	フルボッコ	7360
ふるまい	振る舞い	6424
ふるまい	ふるまい	7042
ふるまい	振舞い	7484
ふるまう	振る舞う	6707
ふるまう	ふるまう	7416
ふるまう	振舞う	7431
ふるまっ	振る舞っ	6878
ふるまっ	振舞っ	7251
ふるまっ	ふるまっ	7488
ふるまらそん	フルマラソン	6822
ふるまわ	振る舞わ	7274
ふるめ	古め	7342
ふるめかしい	古めかしい	7451
ふるもでるちぇんじ	フルモデルチェンジ	6913
ふるや	降谷	6655
ふるや	古谷	7320
ふるや	古屋	7561
ふるりもーと	フルリモート	7559
ふるわ	振るわ	6897
ふるわせ	震わせ	6918
ふるわせる	震わせる	7399
ふるーつ	フルーツ	5338
ふるーつさんど	フルーツサンド	7430
ふるーつたると	フルーツタルト	7550
ふるーつぽんち	フルーツポンチ	7456
ふるーてぃ	フルーティ	6894
ふるーてぃー	フルーティー	6581
ふるーと	フルート	6329
ふるーど	フルード	7276
ふれ	触れ	5198
ふれ	振れ	6374
ふれ	ふれ	6429
ふれ	フレ	6429
ふれ	触	7069
ふれ	降れ	7530
ふれあ	フレア	6223
ふれあい	ふれあい	5818
ふれあい	触れ合い	6804
ふれあう	触れ合う	6605
ふれあう	ふれあう	7318
ふれあえる	触れ合える	7159
ふれあっ	触れ合っ	7001
ふれい	フレイ	7076
ふれいる	フレイル	7021
ふれきしぶる	フレキシブル	6789
ふれぐらんす	フレグランス	6798
ふれすこ	フレスコ	7222
ふれっくす	フレックス	6428
ふれっしゅ	フレッシュ	5841
ふれっつ	フレッツ	7058
ふれっと	フレット	6724
ふれっど	フレッド	7167
ふれでぃ	フレディ	7078
ふれでりっく	フレデリック	7203
ふれよ	触れよ	7468
ふれよう	触れよう	7460
ふれる	触れる	5500
ふれる	ふれる	6893
ふれる	振れる	7159
ふれんず	フレンズ	6509
ふれんち	フレンチ	5876
ふれんちとーすと	フレンチトースト	7124
ふれんど	フレンド	5999
ふれんどりー	フレンドリー	6158
ふれーく	フレーク	6573
ふれーず	フレーズ	5676
ふれーばー	フレーバー	5912
ふれーみんぐ	フレーミング	7513
ふれーむ	フレーム	5164
ふれーむれーと	フレームレート	7296
ふれーむわーく	フレームワーク	6773
ふろ	風呂	5335
ふろ	ふろ	6837
ふろ	フロ	7214
ふろあ	フロア	5623
ふろあー	フロアー	7163
ふろいと	フロイト	7176
ふろいど	フロイド	6689
ふろう	不老	7291
ふろう	浮浪	7367
ふろうしょとく	不労所得	7352
ふろうふし	不老不死	7038
ふろく	付録	6131
ふろく	ふろく	7361
ふろしき	風呂敷	6799
ふろす	フロス	7296
ふろすと	フロスト	7530
ふろっく	フロック	7560
ふろっぴーでぃすく	フロッピーディスク	7468
ふろば	風呂場	7134
ふろむ	フロム	7282
ふろりだ	フロリダ	6601
ふろろ	フロロ	7557
ふろん	フロン	7014
ふろんたーれ	フロンターレ	6790
ふろんてぃあ	フロンティア	6611
ふろんと	フロント	5186
ふろんとえんど	フロントエンド	7307
ふろんとがらす	フロントガラス	6676
ふろんとぐりる	フロントグリル	7512
ふろんとばんぱー	フロントバンパー	7552
ふろんとふぉーく	フロントフォーク	7491
ふろー	フロー	5613
ふろーちゃーと	フローチャート	7082
ふろーてぃんぐ	フローティング	7017
ふろーと	フロート	6566
ふろーら	フローラ	6866
ふろーらる	フローラル	6985
ふろーりんぐ	フローリング	6206
ふろーれんす	フローレンス	7454
ふわ	ふわ	6173
ふわ	フワ	6703
ふわ	不破	6983
ふわ	不和	7250
ふわっ	フワッ	6828
ふわっと	ふわっと	6210
ふわふわ	ふわふわ	5627
ふわふわ	フワフワ	6421
ふわり	ふわり	6648
ふん	分	4795
ふん	踏ん	5921
ふん	糞	6303
ふん	フン	6555
ふん	ふん	6597
ふん	扮	6843
ふん	墳	6848
ふんいき	雰囲気	4540
ふんえん	噴煙	7389
ふんか	噴火	6191
ふんかん	分間	6204
ふんがい	憤慨	7023
ふんき	奮起	6923
ふんきゅう	墳丘	7195
ふんご	分後	6934
ふんごう	吻合	7500
ふんさい	粉砕	6357
ふんし	扮し	6634
ふんしつ	紛失	5813
ふんしゃ	噴射	6450
ふんしゅつ	噴出	6608
ふんしょく	粉飾	7496
ふんじん	粉塵	6940
ふんじん	粉じん	7232
ふんすい	噴水	6396
ふんする	扮する	7231
ふんせん	奮戦	7309
ふんそう	紛争	5933
ふんそう	扮装	7452
ふんたい	粉体	7032
ふんだんに	ふんだんに	6132
ふんとう	奮闘	5906
ふんとうちゅう	奮闘中	7273
ふんど	憤怒	7165
ふんどし	ふんどし	7105
ふんにょう	糞尿	7202
ふんばっ	踏ん張っ	7019
ふんばり	踏ん張り	6871
ふんばる	踏ん張る	7433
ふんぱつ	奮発	7010
ふんべつ	分別	6577
ふんべん	糞便	7435
ふんぼ	墳墓	7312
ふんまつ	粉末	6007
ふんむ	噴霧	6725
ふんわり	ふんわり	5753
ふー	フー	6461
ふーが	フーガ	7140
ふーず	フーズ	7489
ふーど	フード	5236
ふーどこーと	フードコート	6878
ふーどぷろせっさー	フードプロセッサー	7148
ふーどめにゅー	フードメニュー	7507
ふーぷ	フープ	6884
ふーん	ふーん	6886
ぶ	部	4295
ぶ	分	6404
ぶ	武	6698
ぶ	振	6705
ぶ	歩	6877
ぶあい	歩合	6802
ぶあいそう	無愛想	7245
ぶあつ	分厚	7461
ぶあつい	分厚い	6323
ぶあつく	分厚く	6802
ぶい	部位	5513
ぶい	ブイ	6784
ぶいあいぴー	VIP	6684
ぶいえす	VS	6180
ぶいえむうぇあ	VMware	7511
ぶいてぃーあーる	VTR	6587
ぶいに	V2	6764
ぶいぴーえぬ	VPN	6362
ぶいよん	ブイヨン	7094
ぶいりーぐ	Vリーグ	7363
ぶいん	部員	5696
ぶいんたち	部員たち	7405
ぶう	ブウ	6998
ぶうん	武運	7536
ぶえのすあいれす	ブエノスアイレス	7336
ぶか	部下	5583
ぶか	深	6926
ぶかい	部会	6086
ぶかい	深い	6921
ぶかかっ	深かっ	6919
ぶかから	深から	6922
ぶかかれ	深かれ	6922
ぶかかろ	深かろ	6919
ぶかき	深き	6922
ぶかきゃ	深きゃ	6919
ぶかく	深く	6924
ぶかけりゃ	深けりゃ	6924
ぶかけれ	深けれ	6924
ぶかたち	部下たち	7548
ぶかっこう	不格好	7505
ぶかつ	部活	5560
ぶかつどう	部活動	6335
ぶかん	武漢	7026
ぶかん	武官	7424
ぶがい	部外	6651
ぶがいしゃ	部外者	7315
ぶき	武器	4912
ぶきみ	不気味	6130
ぶきょく	部局	6829
ぶきょく	舞曲	7419
ぶきよう	不器用	6220
ぶぎ	舞妓	7182
ぶぎ	ブギ	7184
ぶぎうぎ	ブギウギ	7230
ぶぎょう	奉行	6541
ぶくぶく	ぶくぶく	7541
ぶくま	ブクマ	6895
ぶくみ	含み	6331
ぶくろ	袋	5285
ぶぐ	武具	6781
ぶけ	武家	6541
ぶけえ	深え	6919
ぶげい	武芸	7341
ぶこう	深う	6917
ぶこう	武功	7500
ぶこつ	無骨	6883
ぶこつ	武骨	7367
ぶさ	ぶさ	7289
ぶさいく	ブサイク	6821
ぶさいく	不細工	6995
ぶざい	部材	6129
ぶざま	無様	7380
ぶざー	ブザー	6754
ぶし	節	5905
ぶし	武士	6230
ぶし	ぶし	7127
ぶし	ブシ	7128
ぶしつ	部室	6775
ぶしゅ	部首	7098
ぶしゅう	武州	7533
ぶしょ	部署	5515
ぶしょう	武将	5879
ぶしん	武神	7303
ぶじ	無事	4978
ぶじおわり	無事終わり	7397
ぶじしゅうりょう	無事終了	7414
ぶじゅつ	武術	6485
ぶじょく	侮辱	6544
ぶじん	武人	7270
ぶす	ブス	6029
ぶす	ぶす	7419
ぶすい	無粋	7487
ぶすう	部数	6487
ぶそう	武装	5908
ぶそく	不足	5291
ぶそん	武尊	6969
ぶそん	蕪村	7466
ぶぞく	部族	6541
ぶた	豚	5303
ぶた	ブタ	6309
ぶた	ぶた	6549
ぶた	打た	7397
ぶたい	舞台	4798
ぶたい	部隊	5478
ぶたいあいさつ	舞台挨拶	7105
ぶたいうら	舞台裏	6532
ぶたいじょう	舞台上	6977
ぶたいそで	舞台袖	7505
ぶたかた	豚肩	7275
ぶたどん	豚丼	7561
ぶたにく	豚肉	5655
ぶたばら	豚バラ	7418
ぶたばらにく	豚バラ肉	7019
ぶたひきにく	豚ひき肉	7163
ぶたまん	豚まん	7267
ぶだぺすと	ブダペスト	7091
ぶち	打ち	6374
ぶち	ぶち	6544
ぶち	ブチ	7082
ぶち	斑	7089
ぶちあたっ	ぶち当たっ	7442
ぶちかまし	ぶちかまし	7547
ぶちきれ	ブチ切れ	6949
ぶちぎれ	ブチギレ	7104
ぶちこむ	ぶち込む	7525
ぶちこわし	ぶち壊し	7280
ぶちこん	ぶち込ん	7070
ぶちまけ	ぶちまけ	7128
ぶちゃ	ぶちゃ	7511
ぶちゃらてぃ	ブチャラティ	7555
ぶちょう	部長	5492
ぶっ	打っ	6032
ぶっ	ぶっ	6739
ぶっ	ブッ	7001
ぶっ	振っ	7186
ぶっか	物価	5986
ぶっかく	仏閣	6728
ぶっかけ	ぶっかけ	6890
ぶっかこうとう	物価高騰	7492
ぶっかじょうしょう	物価上昇	7465
ぶっかだか	物価高	6861
ぶっきょう	仏教	5746
ぶっきょうと	仏教徒	7264
ぶっきんぐ	ブッキング	7452
ぶっく	ブック	5481
ぶっくおふ	ブックオフ	7094
ぶっくす	ブックス	6699
ぶっくまーく	ブックマーク	6834
ぶっくめーかー	ブックメーカー	7117
ぶっくれっと	ブックレット	6889
ぶっけん	物件	5214
ぶっけんじょうほう	物件情報	7284
ぶっこわし	ぶっ壊し	7252
ぶっこわす	ぶっ壊す	7552
ぶっこわれ	ぶっ壊れ	6828
ぶっさん	物産	6358
ぶっし	物資	6086
ぶっし	仏師	7531
ぶっしつ	物質	5233
ぶっしつてき	物質的	7149
ぶっしゅ	ブッシュ	6491
ぶっしょく	物色	6747
ぶっしん	物心	7240
ぶっせい	物性	6730
ぶっそう	物騒	6970
ぶっそん	物損	7360
ぶったい	物体	5980
ぶっだ	ブッダ	6976
ぶっだ	仏陀	7431
ぶっちぎり	ぶっちぎり	6998
ぶっちゃけ	ぶっちゃけ	6079
ぶっつけ	ぶっつけ	7562
ぶってき	物的	7058
ぶっとう	仏塔	7517
ぶっとおし	ぶっ通し	7495
ぶっとばし	ぶっ飛ばし	7256
ぶっとび	ぶっ飛び	7287
ぶっとん	ぶっ飛ん	6755
ぶっぱん	物販	6124
ぶっぴん	物品	6123
ぶっふぇ	ブッフェ	7037
ぶっぽう	仏法	6823
ぶつ	物	4995
ぶつ	ぶつ	6508
ぶつ	ブツ	6975
ぶつ	打つ	7116
ぶつかっ	ぶつかっ	6144
ぶつから	ぶつから	7156
ぶつかり	ぶつかり	6249
ぶつかる	ぶつかる	6401
ぶつぎ	物議	6964
ぶつぎり	ぶつ切り	7246
ぶつぎをかもし	物議を醸し	7554
ぶつぐ	仏具	7072
ぶつけ	ぶつけ	6057
ぶつける	ぶつける	6568
ぶつじ	仏事	7433
ぶつぜん	仏前	7542
ぶつぞう	仏像	6312
ぶつだん	仏壇	6301
ぶつどう	仏道	7423
ぶつぶつ	ブツブツ	6945
ぶつぶつ	ぶつぶつ	7349
ぶつぶつこうかん	物々交換	7440
ぶつめつ	仏滅	7554
ぶつよく	物欲	6930
ぶつり	物理	5282
ぶつりがく	物理学	6314
ぶつりこうげき	物理攻撃	7090
ぶつりてき	物理的	6033
ぶつりゅう	物流	5663
ぶつりゅうぎょうかい	物流業界	7496
ぶつりょう	物量	6945
ぶてぃっく	ブティック	6704
ぶてえ	太え	6919
ぶと	太	6803
ぶと	ぶと	7522
ぶとい	太い	6932
ぶとう	舞踏	6623
ぶとう	太う	6917
ぶとう	武闘	6950
ぶとかっ	太かっ	6907
ぶとから	太から	6926
ぶとかれ	太かれ	6926
ぶとかろ	太かろ	6919
ぶとき	太き	6925
ぶときゃ	太きゃ	6919
ぶとく	太く	6931
ぶとけりゃ	太けりゃ	6919
ぶとけれ	太けれ	6919
ぶとりにくい	太りにくい	7556
ぶとりやすい	太りやすい	7439
ぶどう	ぶどう	5827
ぶどう	ブドウ	6007
ぶどう	武道	6250
ぶどう	葡萄	6406
ぶどうかん	武道館	6462
ぶどうとう	ブドウ糖	6805
ぶどうとう	ぶどう糖	7507
ぶどまり	歩留まり	7299
ぶな	ブナ	6534
ぶな	ぶな	7223
ぶない	部内	7061
ぶなん	無難	5915
ぶね	船	5878
ぶひん	部品	5079
ぶひんこうかん	部品交換	7407
ぶぶん	部分	4182
ぶぶんてき	部分的	6223
ぶべつ	侮蔑	7384
ぶもん	部門	5079
ぶゆう	武勇	6920
ぶよ	ブヨ	7102
ぶよう	舞踊	6299
ぶら	ブラ	5730
ぶら	ぶら	6683
ぶらい	無頼	7549
ぶらいあん	ブライアン	6963
ぶらいだる	ブライダル	6298
ぶらいと	ブライト	6849
ぶらいとん	ブライトン	7044
ぶらいど	ブライド	7451
ぶらいんど	ブラインド	6477
ぶらうざ	ブラウザ	5498
ぶらうざげーむ	ブラウザゲーム	7503
ぶらうざばっく	ブラウザバック	7387
ぶらうざー	ブラウザー	6488
ぶらうじんぐ	ブラウジング	7362
ぶらうす	ブラウス	6194
ぶらうにー	ブラウニー	7316
ぶらうん	ブラウン	5837
ぶらうんかん	ブラウン管	7090
ぶらく	部落	6595
ぶらけっと	ブラケット	6459
ぶらこん	ブラコン	7554
ぶらさがっ	ぶら下がっ	6763
ぶらさがり	ぶら下がり	7382
ぶらさがる	ぶら下がる	7422
ぶらさげ	ぶら下げ	6796
ぶらさげる	ぶら下げる	7481
ぶらざー	ブラザー	6983
ぶらざーず	ブラザーズ	7183
ぶらし	ブラシ	5688
ぶらじゃー	ブラジャー	6868
ぶらじりあん	ブラジリアン	7454
ぶらじる	ブラジル	5721
ぶらす	ブラス	7161
ぶらすばんど	ブラスバンド	7375
ぶらっ	ぶらっ	7462
ぶらっく	ブラック	5105
ぶらっくきぎょう	ブラック企業	6857
ぶらっくさんだー	ブラックサンダー	7452
ぶらっくじゃっく	ブラックジャック	7256
ぶらっくじゃっく	ブラック・ジャック	7538
ぶらっくばす	ブラックバス	7542
ぶらっくぺあん	ブラックペアン	7541
ぶらっくぺっぱー	ブラックペッパー	6734
ぶらっくほーる	ブラックホール	6653
ぶらっくぼっくす	ブラックボックス	7094
ぶらっくりすと	ブラックリスト	6916
ぶらっしゅ	ブラッシュ	6491
ぶらっしゅあっぷ	ブラッシュアップ	7545
ぶらっしんぐ	ブラッシング	6416
ぶらっど	ブラッド	6574
ぶらっどぴっと	ブラッド・ピット	7556
ぶらふ	ブラフ	7493
ぶらぶら	ぶらぶら	6684
ぶらぶら	ブラブラ	6902
ぶらり	ぶらり	6846
ぶらん	ブラン	6978
ぶらんく	ブランク	6299
ぶらんくす	ブランクス	7537
ぶらんけっと	ブランケット	6607
ぶらんこ	ブランコ	6463
ぶらんち	ブランチ	6367
ぶらんでぃんぐ	ブランディング	6259
ぶらんでー	ブランデー	6819
ぶらんと	ブラント	7565
ぶらんど	ブランド	4690
ぶらんどいめーじ	ブランドイメージ	7285
ぶらんどろご	ブランドロゴ	7372
ぶらんどん	ブランドン	7472
ぶらー	ブラー	7313
ぶらーむす	ブラームス	6943
ぶり	ぶり	4865
ぶり	ブリ	5978
ぶり	振り	6091
ぶり	降り	6831
ぶり	鰤	7156
ぶりおっしゅ	ブリオッシュ	7380
ぶりき	ブリキ	6961
ぶりざーど	ブリザード	7344
ぶりすとる	ブリストル	7564
ぶりすべん	ブリスベン	7319
ぶりたにあ	ブリタニア	7444
ぶりぢすとん	ブリヂストン	6993
ぶりっじ	ブリッジ	5990
ぶりっつ	ブリッツ	7369
ぶりゅっせる	ブリュッセル	7031
ぶりゅれ	ブリュレ	7301
ぶりょく	武力	6383
ぶりーだー	ブリーダー	6568
ぶりーち	ブリーチ	6144
ぶりーふ	ブリーフ	7088
ぶりーふぃんぐ	ブリーフィング	7301
ぶる	ブル	5408
ぶる	ぶる	6477
ぶる	振る	7475
ぶるい	部類	6251
ぶるがりあ	ブルガリア	6812
ぶるごーにゅ	ブルゴーニュ	6993
ぶるず	ブルズ	7447
ぶるぞん	ブルゾン	6815
ぶるたーにゅ	ブルターニュ	7375
ぶるっく	ブルック	7308
ぶるっくす	ブルックス	7454
ぶるっくなー	ブルックナー	7365
ぶるっくりん	ブルックリン	6967
ぶるどっぐ	ブルドッグ	7078
ぶるどーざー	ブルドーザー	7422
ぶるねい	ブルネイ	7360
ぶるぶる	ブルブル	7140
ぶるぶる	ぶるぶる	7506
ぶるべ	ブルベ	6834
ぶるぺん	ブルペン	6904
ぶるぼん	ブルボン	7061
ぶるま	ブルマ	7012
ぶるわりー	ブルワリー	7195
ぶるー	ブルー	5454
ぶるーいんぱるす	ブルーインパルス	7247
ぶるーからー	ブルーカラー	7387
ぶるーしーと	ブルーシート	7109
ぶるーす	ブルース	6505
ぶるーすりー	ブルース・リー	7398
ぶるーちーず	ブルーチーズ	7389
ぶるーと	ブルーと	7522
ぶるーの	ブルーの	6322
ぶるーべりー	ブルーベリー	6080
ぶるーむ	ブルーム	7306
ぶるーむばーぐ	ブルームバーグ	7290
ぶるーらいと	ブルーライト	7190
ぶるーれい	ブルーレイ	6835
ぶるーれいでぃすく	ブルーレイディスク	7501
ぶるーろっく	ブルーロック	7205
ぶれ	ブレ	6347
ぶれ	ぶれ	6574
ぶれ	振れ	6931
ぶれあ	ブレア	7460
ぶれい	無礼	7157
ぶれいきん	ブレイキン	7389
ぶれいきんぐだうん	ブレイキングダウン	7362
ぶれいく	ブレイク	6020
ぶれいくするー	ブレイクするー	7493
ぶれいくだんす	ブレイクダンス	7485
ぶれいず	ブレイズ	7409
ぶれいど	ブレイド	7137
ぶれいぶ	ブレイブ	7327
ぶれいん	ブレイン	7519
ぶれざー	ブレザー	6908
ぶれす	ブレス	6460
ぶれすと	ブレスト	7202
ぶれすれっと	ブレスレット	6224
ぶれっど	ブレッド	7491
ぶれない	ぶれない	7366
ぶれぶれ	ブレブレ	7338
ぶれよ	振れよ	6931
ぶれりゃ	振れりゃ	6931
ぶれる	振れる	6931
ぶれる	ブレる	7233
ぶれる	ぶれる	7511
ぶれれ	振れれ	6931
ぶれろ	振れろ	6931
ぶれわい	ブレワイ	7523
ぶれん	振れん	6931
ぶれんだー	ブレンダー	7105
ぶれんど	ブレンド	5869
ぶれんぼ	ブレンボ	7540
ぶれーか	ブレーカ	7510
ぶれーかー	ブレーカー	6785
ぶれーき	ブレーキ	5409
ぶれーききゃりぱー	ブレーキキャリパー	7487
ぶれーきぱっど	ブレーキパッド	7474
ぶれーきふるーど	ブレーキフルード	7438
ぶれーきぺだる	ブレーキペダル	7456
ぶれーきんぐ	ブレーキング	7197
ぶれーく	ブレーク	6612
ぶれーど	ブレード	6456
ぶれーぶす	ブレーブス	7297
ぶれーめん	ブレーメン	7363
ぶれーん	ブレーン	7252
ぶろ	風呂	5537
ぶろ	ブロ	6823
ぶろ	ぶろ	7241
ぶろがー	ブロガー	6382
ぶろぐ	ブログ	4527
ぶろぐねた	ブログネタ	7495
ぶろぐらんきんぐ	ブログランキング	6385
ぶろす	ブロス	7529
ぶろっかー	ブロッカー	7036
ぶろっきんぐ	ブロッキング	7213
ぶろっく	ブロック	4976
ぶろっくちぇーん	ブロックチェーン	6901
ぶろっこりー	ブロッコリー	6053
ぶろまいど	ブロマイド	6695
ぶろりー	ブロリー	6976
ぶろんず	ブロンズ	6574
ぶろんど	ブロンド	6931
ぶろー	ブロー	6391
ぶろーかー	ブローカー	6956
ぶろーち	ブローチ	6514
ぶろーど	ブロード	6855
ぶろーどうぇい	ブロードウェイ	6852
ぶろーどきゃすと	ブロードキャスト	7285
ぶん	分	4707
ぶん	文	5591
ぶん	ぶん	5815
ぶん	聞	7220
ぶん	ブン	7222
ぶんあつ	分圧	7565
ぶんいん	分院	7448
ぶんえん	分煙	7287
ぶんか	文化	4594
ぶんか	分化	6502
ぶんか	分科	6590
ぶんか	文科	6640
ぶんかい	分解	5355
ぶんかいさん	文化遺産	7342
ぶんかいのう	分解能	6914
ぶんかさい	文化祭	6664
ぶんかざい	文化財	5730
ぶんかじんるいがく	文化人類学	7344
ぶんかちょう	文化庁	6721
ぶんかつ	分割	5451
ぶんかつばらい	分割払い	6902
ぶんかてき	文化的	6687
ぶんかのひ	文化の日	7492
ぶんかほうそう	文化放送	7148
ぶんかん	分間	6121
ぶんかん	分館	7345
ぶんかん	文官	7475
ぶんがく	文学	5567
ぶんがくさくひん	文学作品	7516
ぶんがくてき	文学的	7558
ぶんがくぶ	文学部	6594
ぶんき	分岐	5692
ぶんきてん	分岐点	7202
ぶんきゅう	文久	7337
ぶんきょう	文京	6531
ぶんきょう	文教	7162
ぶんきょうく	文京区	7450
ぶんきょく	分極	7432
ぶんぎょう	分業	6841
ぶんぐ	文具	6345
ぶんけ	分家	7058
ぶんけい	文系	6139
ぶんけい	文型	7173
ぶんけん	文献	5845
ぶんけん	分権	7264
ぶんげい	文芸	6451
ぶんげいしゅんじゅう	文藝春秋	7110
ぶんげん	文言	6992
ぶんこ	文庫	5829
ぶんこう	分光	6801
ぶんこう	分校	6914
ぶんこぼん	文庫本	6855
ぶんご	豊後	7181
ぶんご	文語	7433
ぶんごう	文豪	6655
ぶんごうすとれいどっぐす	文豪ストレイドッグス	7321
ぶんごと	分ごと	7519
ぶんさい	文才	7307
ぶんさん	分散	5645
ぶんざい	分際	7450
ぶんし	分子	5675
ぶんし	分詞	7106
ぶんしせいぶつがく	分子生物学	7369
ぶんしつ	分室	7469
ぶんしゃ	分社	7041
ぶんしゅう	文集	6868
ぶんしゅん	文春	6684
ぶんしょ	文書	5693
ぶんしょう	文章	5054
ぶんしょう	分掌	7357
ぶんしょうりょく	文章力	7329
ぶんしん	分身	6446
ぶんじょう	分譲	6253
ぶんじょうまんしょん	分譲マンション	7511
ぶんじん	文人	7148
ぶんすい	分水	7146
ぶんすいれい	分水嶺	7487
ぶんすう	分数	6732
ぶんせい	文政	7101
ぶんせき	分析	4784
ぶんせきけっか	分析結果	7211
ぶんせきりょく	分析力	7539
ぶんせつ	文節	7489
ぶんた	文太	7395
ぶんたい	文体	6670
ぶんたい	分隊	7086
ぶんたん	分担	6047
ぶんだん	分断	6353
ぶんだん	分団	7325
ぶんだん	文壇	7541
ぶんち	分置	7516
ぶんちゅう	文中	6549
ぶんちょう	文鳥	6868
ぶんつう	文通	7236
ぶんですりーが	ブンデスリーガ	7252
ぶんでん	分電	7259
ぶんとう	文頭	7434
ぶんなぐっ	ぶん殴っ	7513
ぶんなげ	ぶん投げ	7507
ぶんの	分の	5664
ぶんばい	分枝	7420
ぶんぱい	分配	6122
ぶんぴ	分泌	6505
ぶんぴつ	分泌	6035
ぶんぴつ	文筆	7236
ぶんぶ	文武	7555
ぶんぶりょうどう	文武両道	7029
ぶんぶん	ブンブン	6758
ぶんぶん	ぶんぶん	7034
ぶんぷ	分布	5610
ぶんべつ	分別	6564
ぶんべん	分娩	6341
ぶんぼ	分母	6935
ぶんぼうぐ	文房具	6340
ぶんぽう	文法	5909
ぶんぽうてき	文法的	7319
ぶんまつ	文末	7057
ぶんまわし	ぶん回し	7517
ぶんみゃく	文脈	6124
ぶんめ	分目	7518
ぶんめい	文明	5887
ぶんめん	文面	6410
ぶんや	分野	4890
ぶんゆう	文雄	7221
ぶんよ	分与	6902
ぶんらく	文楽	7097
ぶんり	分離	5541
ぶんり	文理	6809
ぶんりょう	分量	5977
ぶんりょうがい	分量外	7061
ぶんるい	分類	5315
ぶんれい	文例	7099
ぶんれい	分霊	7322
ぶんれつ	分裂	6206
ぶんろく	文禄	7530
ぶー	ブー	6657
ぶーいんぐ	ブーイング	6994
ぶーけ	ブーケ	6272
ぶーす	ブース	5475
ぶーすた	ブースタ	6832
ぶーすたー	ブースター	6525
ぶーすたーぱっく	ブースターパック	7531
ぶーすと	ブースト	6315
ぶーたん	ブータン	6965
ぶーつ	ブーツ	5869
ぶーと	ブート	6980
ぶーぶー	ブーブー	7547
ぶーむ	ブーム	5691
ぶーめらん	ブーメラン	6728
ぶーる	ブール	7448
ぶーん	ブーン	7402
ぷえるとりこ	プエルトリコ	7303
ぷかぷか	ぷかぷか	7478
ぷかぷか	プカプカ	7528
ぷくぷく	ぷくぷく	7359
ぷさん	釜山	6778
ぷじょー	プジョー	7068
ぷち	プチ	5927
ぷち	ぷち	6957
ぷちぎふと	プチギフト	7392
ぷちぷち	プチプチ	6087
ぷちぷら	プチプラ	6610
ぷっくり	ぷっくり	6790
ぷっしゅ	プッシュ	6057
ぷっちーに	プッチーニ	7543
ぷっと	プット	7550
ぷでぃんぐ	プディング	7468
ぷに	ぷに	6647
ぷにぷに	ぷにぷに	6877
ぷのんぺん	プノンペン	7306
ぷよ	ぷよ	6820
ぷよぷよ	ぷよぷよ	7047
ぷら	プラ	5951
ぷら	ぷら	7548
ぷらいおりてぃ	プライオリティ	7022
ぷらいす	プライス	6430
ぷらいず	プライズ	6634
ぷらいた	プラ板	6856
ぷらいど	プライド	5903
ぷらいばし	プライバシ	6708
ぷらいばしー	プライバシー	5777
ぷらいばしーぽりしー	プライバシーポリシー	5876
ぷらいべーと	プライベート	5431
ぷらいべーとぶらんど	プライベートブランド	7224
ぷらいまり	プライマリ	7113
ぷらいまー	プライマー	6958
ぷらいむ	プライム	6171
ぷらいやー	プライヤー	7303
ぷらかーど	プラカード	7220
ぷらくてぃす	プラクティス	7063
ぷらぐ	プラグ	5570
ぷらぐいん	プラグイン	6435
ぷらけーす	プラケース	7403
ぷらざ	プラザ	6058
ぷらす	プラス	5080
ぷらす	ぷらす	7505
ぷらすあるふぁ	プラスアルファ	7041
ぷらすちっく	プラスチック	5485
ぷらすちっくせい	プラスチック製	7192
ぷらすと	プラスと	7462
ぷらずま	プラズマ	6395
ぷらせぼ	プラセボ	6988
ぷらせんた	プラセンタ	7095
ぷらだ	プラダ	7303
ぷらちな	プラチナ	6057
ぷらっとふぉーまー	プラットフォーマー	7537
ぷらっとふぉーむ	プラットフォーム	5389
ぷらっとほーむ	プラットホーム	7037
ぷらとん	プラトン	7423
ぷらど	プラド	6941
ぷらねたりうむ	プラネタリウム	6646
ぷらねっと	プラネット	7499
ぷらは	プラハ	6856
ぷらばん	プラバン	7424
ぷらぷら	プラプラ	7521
ぷらむ	プラム	6941
ぷらも	プラモ	6631
ぷらもでる	プラモデル	6406
ぷられーる	プラレール	7008
ぷらん	プラン	4981
ぷらんく	プランク	7256
ぷらんくとん	プランクトン	6851
ぷらんたー	プランター	6435
ぷらんと	プラント	5773
ぷらんなー	プランナー	6340
ぷらんにんぐ	プランニング	6443
ぷらーく	プラーク	6990
ぷらーざ	プラーザ	7237
ぷり	ぷり	6637
ぷりあんぷ	プリアンプ	7164
ぷりいんすとーる	プリインストール	7471
ぷりうす	プリウス	6645
ぷりきゅあ	プリキュア	6245
ぷりきゅあ	ぷりきゅあ	7411
ぷりくら	プリクラ	6966
ぷりこね	プリコネ	7498
ぷりざーぶどふらわー	プリザーブドフラワー	7136
ぷりずむ	プリズム	6690
ぷりせっと	プリセット	7245
ぷりっ	プリッ	7433
ぷりてぃーだーびー	プリティーダービー	7315
ぷりぱら	プリパラ	7259
ぷりぷり	プリプリ	6829
ぷりぷり	ぷりぷり	6962
ぷりぺいど	プリペイド	7332
ぷりぺいどかーど	プリペイドカード	7105
ぷりま	プリマ	7408
ぷりみてぃぶ	プリミティブ	7279
ぷりん	プリン	5640
ぷりん	ぷりん	7292
ぷりんしぱる	プリンシパル	7259
ぷりんす	プリンス	6416
ぷりんすほてる	プリンスホテル	7278
ぷりんせす	プリンセス	6167
ぷりんた	プリンタ	6120
ぷりんたー	プリンター	6005
ぷりんてぃんぐ	プリンティング	7519
ぷりんと	プリント	5253
ぷりんとあうと	プリントアウト	6830
ぷりーつ	プリーツ	6647
ぷる	ぷる	7053
ぷる	プル	7098
ぷるおーばー	プルオーバー	6978
ぷるこぎ	プルコギ	7234
ぷるだうん	プルダウン	7113
ぷるだうんめにゅー	プルダウンメニュー	7478
ぷるとにうむ	プルトニウム	7347
ぷるぷる	プルプル	6865
ぷるぷる	ぷるぷる	7323
ぷるめりあ	プルメリア	7426
ぷるーと	プルート	7467
ぷるーふ	プルーフ	7075
ぷるーん	プルーン	7132
ぷれ	プレ	5684
ぷれ	ぷれ	7266
ぷれあです	プレアデス	7546
ぷれい	プレイ	4928
ぷれいあぶる	プレイアブル	7540
ぷれいおふ	プレイオフ	7463
ぷれいがいど	プレイガイド	7151
ぷれいすたいる	プレイスタイル	6838
ぷれいすてーしょん	プレイステーション	7153
ぷれいの	プレイの	6808
ぷれいばっく	プレイバック	7408
ぷれいべんと	プレイベント	7290
ぷれいぼーい	プレイボーイ	7183
ぷれいまっと	プレイマット	7373
ぷれいやー	プレイヤー	5042
ぷれいよう	プレイ用	7172
ぷれいりすと	プレイリスト	6564
ぷれいんぐ	プレイング	7203
ぷれいんずうぉーかー	プレインズウォーカー	7551
ぷれしーずん	プレシーズン	7196
ぷれじでんと	プレジデント	7161
ぷれす	プレス	5733
ぷれすと	プレスト	7424
ぷれすりりーす	プレスリリース	6189
ぷれぜん	プレゼン	5973
ぷれぜんす	プレゼンス	7103
ぷれぜんたー	プレゼンター	7137
ぷれぜんてーしょん	プレゼンテーション	5963
ぷれぜんと	プレゼント	4814
ぷれっくす	プレックス	7434
ぷれっしゃー	プレッシャー	5807
ぷれっつぇる	プレッツェル	7387
ぷれでたー	プレデター	7198
ぷれはぶ	プレハブ	6969
ぷれびゅー	プレビュー	6167
ぷれふぃっくす	プレフィックス	7159
ぷれみあ	プレミア	5957
ぷれみあむ	プレミアム	5544
ぷれみありーぐ	プレミアリーグ	7195
ぷれりゅーど	前奏曲	7384
ぷれりゅーど	プレリュード	7409
ぷれー	プレー	5177
ぷれーおふ	プレーオフ	6625
ぷれーすたいる	プレースタイル	7421
ぷれーと	プレート	5386
ぷれーやー	プレーヤー	5823
ぷれーん	プレーン	6820
ぷれーんよーぐると	プレーンヨーグルト	7530
ぷろ	プロ	4682
ぷろいせん	プロイセン	7154
ぷろぐらま	プログラマ	6778
ぷろぐらまー	プログラマー	6495
ぷろぐらみんぐ	プログラミング	5522
ぷろぐらみんぐげんご	プログラミング言語	7030
ぷろぐらみんぐすくーる	プログラミングスクール	7564
ぷろぐらむ	プログラム	4836
ぷろぐれ	プログレ	7540
ぷろげーまー	プロゲーマー	7101
ぷろしょっぷ	プロショップ	7349
ぷろしーじゃ	プロシージャ	6995
ぷろじぇくしょん	プロジェクション	6941
ぷろじぇくしょんまっぴんぐ	プロジェクションマッピング	7400
ぷろじぇくた	プロジェクタ	7188
ぷろじぇくたー	プロジェクター	6520
ぷろじぇくと	プロジェクト	4782
ぷろじぇくとせかい	プロジェクトセカイ	7561
ぷろすぴ	プロスピ	7291
ぷろせか	プロセカ	6918
ぷろせす	プロセス	5132
ぷろせっさ	プロセッサ	6610
ぷろせっさー	プロセッサー	6699
ぷろせんしゅ	プロ選手	7370
ぷろだくしょん	プロダクション	6307
ぷろだくと	プロダクト	5786
ぷろっと	プロット	6365
ぷろっぷ	プロップ	7481
ぷろていん	プロテイン	6139
ぷろてくしょん	プロテクション	7075
ぷろてくたー	プロテクター	6754
ぷろてくと	プロテクト	6984
ぷろてすたんと	プロテスタント	6909
ぷろてすと	プロテスト	7205
ぷろでゅーさ	プロデューサ	6708
ぷろでゅーさー	プロデューサー	5750
ぷろでゅーす	プロデュース	5737
ぷろとこる	プロトコル	6183
ぷろとたいぴんぐ	プロトタイピング	7565
ぷろとたいぷ	プロトタイプ	6457
ぷろとん	プロトン	7405
ぷろばいおてぃくす	プロバイオティクス	7505
ぷろばいだ	プロバイダ	6593
ぷろばいだー	プロバイダー	6365
ぷろぱがんだ	プロパガンダ	6990
ぷろぱてぃ	プロパティ	5887
ぷろぱてぃー	プロパティー	7307
ぷろぱん	プロパン	7564
ぷろぱんがす	プロパンガス	7302
ぷろびじょにんぐ	プロビジョニング	7116
ぷろふ	プロフ	6257
ぷろふぁいる	プロファイル	6090
ぷろふぃーる	プロフィール	4844
ぷろふぃーるしゃしん	プロフィール写真	5504
ぷろふぃーるらん	プロフィール欄	6701
ぷろふぃーるりんく	プロフィールリンク	7145
ぷろふぇっしょなる	プロフェッショナル	6030
ぷろぺら	プロペラ	6537
ぷろぽーざる	プロポーザル	7018
ぷろぽーしょん	プロポーション	6751
ぷろぽーず	プロポーズ	6126
ぷろみす	プロミス	7257
ぷろむなーど	プロムナード	7219
ぷろめてうす	プロメテウス	7459
ぷろも	プロモ	7204
ぷろもーしょん	プロモーション	5706
ぷろもーたー	プロモーター	7158
ぷろやきゅう	プロ野球	6742
ぷろやきゅうせんしゅ	プロ野球選手	7077
ぷろれす	プロレス	5853
ぷろれすらー	プロレスラー	6615
ぷろろーぐ	プロローグ	6794
ぷろんぷと	プロンプト	6308
ぷろゔぁんす	プロヴァンス	7344
ぷろーぶ	プローブ	6820
ぷん	分	4758
ぷん	ぷん	7288
ぷんかん	分間	6217
ぷんじゃく	分弱	7497
ぷんていど	分程度	6674
ぷんぷん	プンプン	7001
ぷんぷん	ぷんぷん	7428
ぷー	プー	6496
ぷーけっと	プーケット	7025
ぷーさん	プーさん	7095
ぷーちん	プーチン	6427
ぷーどる	プードル	6825
ぷーま	プーマ	7426
ぷーりー	プーリー	6875
ぷーる	プール	5225
ぷーるさいど	プールサイド	7152
へ	へ	3455
へ	経	5173
へ	ヘ	6762
へ	屁	7020
へあ	ヘア	5197
へああいろん	ヘアアイロン	7327
へああくせ	ヘアアクセ	7555
へああれんじ	ヘアアレンジ	7074
へあおいる	ヘアオイル	7374
へあからー	ヘアカラー	6928
へあけあ	ヘアケア	7118
へあごむ	ヘアゴム	7359
へあさろん	ヘアサロン	6937
へあすたいる	ヘアスタイル	5955
へあせっと	ヘアセット	7241
へあどねーしょん	ヘアドネーション	7326
へあぴん	ヘアピン	7345
へあめいく	ヘアメイク	6978
へあーすたいる	ヘアースタイル	7503
へい	兵	5786
へい	塀	6263
へい	弊	6578
へい	丙	7220
へい	兵衛	7395
へい	ヘイ	7535
へいあん	平安	5943
へいあんきょう	平安京	7376
へいあんじだい	平安時代	6685
へいあんじんぐう	平安神宮	7466
へいい	平易	7165
へいいん	兵員	7490
へいえき	兵役	6794
へいえん	閉園	6953
へいおん	平穏	6401
へいか	陛下	6219
へいか	兵科	7302
へいかい	閉会	6476
へいかいしき	閉会式	7256
へいかつ	平滑	7176
へいかん	閉館	6595
へいがい	弊害	6504
へいがん	併願	6634
へいき	兵器	5795
へいき	平気	6016
へいき	併記	6946
へいきん	平均	4966
へいきんじゅみょう	平均寿命	7319
へいきんち	平均値	6292
へいきんてき	平均的	6460
へいきんてん	平均点	6745
へいきんねんしゅう	平均年収	7398
へいきんねんれい	平均年齢	7331
へいけ	平家	6797
へいけい	閉経	6967
へいげん	平原	6787
へいこう	並行	5922
へいこう	平行	6202
へいこう	平衡	6688
へいこう	閉校	6990
へいこう	閉口	7385
へいこうゆにゅう	並行輸入	6952
へいこうゆにゅうひん	並行輸入品	7421
へいごう	併合	6721
へいさ	閉鎖	5718
へいさつ	併殺	7263
へいさてき	閉鎖的	7204
へいざん	平山	7369
へいざん	閉山	7496
へいし	兵士	5810
へいし	平氏	7096
へいしたち	兵士たち	7297
へいしゃ	弊社	5006
へいしゃ	兵舎	7413
へいしゃせいひん	弊社製品	7506
へいしゅ	兵種	7179
へいしょ	閉所	7448
へいしょ	弊所	7564
へいじ	平時	6895
へいじ	平次	6924
へいじつ	平日	5274
へいじゅん	平準	7282
へいじょう	平常	6832
へいじょう	閉場	7380
へいじょう	平壌	7417
へいすと	ヘイスト	7442
へいせい	平成	4837
へいせい	平静	7169
へいせいうまれ	平成生まれ	7432
へいせつ	併設	5863
へいぜん	平然	7322
へいぜんと	平然と	6872
へいそ	平素	6342
へいそう	並走	6911
へいそう	兵装	6939
へいそう	併走	7564
へいそく	閉塞	6355
へいそくかん	閉塞感	7333
へいそん	併存	7456
へいぞう	平蔵	7460
へいたい	兵隊	6675
へいたん	平坦	6474
へいたん	兵站	7499
へいだ	平田	7230
へいだん	兵団	6896
へいち	平地	6667
へいちょう	兵長	7137
へいてい	平定	7108
へいてん	閉店	5612
へいてん	弊店	7288
へいてんじかん	閉店時間	7474
へいと	ヘイト	6645
へいとすぴーち	ヘイトスピーチ	7284
へいねつ	平熱	7323
へいねん	平年	6665
へいはちろう	平八郎	7423
へいはつ	併発	7064
へいばい	併売	7183
へいばん	平板	7335
へいべい	平米	6828
へいほう	平方	6921
へいほう	兵法	7492
へいほうきろめーとる	平方キロメートル	7444
へいほうこん	平方根	7376
へいほうめーとる	平方メートル	6194
へいぼん	平凡	6346
へいぼんしゃ	平凡社	7489
へいまく	閉幕	6984
へいみん	平民	6952
へいめん	平面	5950
へいめんず	平面図	7491
へいめんてき	平面的	7413
へいや	平野	6389
へいゆ	平癒	7440
へいよう	併用	5606
へいりょく	兵力	6660
へいりー	ヘイリー	7556
へいれつ	並列	6379
へいれつしょり	並列処理	7492
へいわ	平和	5226
へいわこうえん	平和公園	7539
へいわてき	平和的	7386
へぇ	へぇ	6658
へえ	へえ	7106
へき	壁	5293
へき	癖	5932
へき	碧	7065
へきえき	辟易	7016
へきが	壁画	6415
へきさ	ヘキサ	7421
へきち	僻地	7176
へきち	へき地	7512
へきなん	碧南	7496
へきめん	壁面	6062
へくたーる	ヘクタール	6613
へこみ	凹み	6301
へこみ	へこみ	6826
へこむ	凹む	7198
へこん	凹ん	6671
へこん	へこん	7117
へそ	へそ	6486
へそ	ヘソ	6923
へそ	臍	7511
へそのお	へその緒	7527
へた	下手	5812
へた	ヘタ	6203
へた	へた	7184
へた	戸田	7360
へたくそ	下手くそ	6522
へたくそ	へたくそ	7464
へたくそ	ヘタクソ	7527
へたすぎ	下手すぎ	7551
へたれ	ヘタレ	7488
へだ	戸田	7341
へだたり	隔たり	7410
へだて	隔て	6918
へだてる	隔てる	7428
へちま	ヘチマ	7365
へっ	減っ	5294
へっ	へっ	7051
へっじ	ヘッジ	7212
へっじふぁんど	ヘッジファンド	7283
へっだ	ヘッダ	6337
へっだー	ヘッダー	6552
へっちゃら	へっちゃら	7338
へっど	ヘッド	5274
へっどこーち	ヘッドコーチ	7035
へっどすぱ	ヘッドスパ	6595
へっどすぴーど	ヘッドスピード	7536
へっどせっと	ヘッドセット	7069
へっどふぉん	ヘッドフォン	6995
へっどほん	ヘッドホン	6206
へっどまーく	ヘッドマーク	7367
へっどらいと	ヘッドライト	6076
へっどれすと	ヘッドレスト	7139
へっぽこ	へっぽこ	7466
へてろ	ヘテロ	7530
へでぃんぐ	ヘディング	7051
へとへと	ヘトヘト	7204
へとへと	へとへと	7469
へどろ	ヘドロ	7104
へな	ヘナ	6843
へのこ	辺野古	6995
へは	へは	5805
へばりつい	へばりつい	7546
へぱりん	ヘパリン	7531
へび	ヘビ	6150
へび	蛇	6413
へび	へび	7208
へびろて	ヘビロテ	7153
へびー	ヘビー	6544
へびーゆーざー	ヘビーユーザー	7405
へぶらい	ヘブライ	7048
へへへ	へへへ	7463
へむ	ヘム	7390
へも	へも	6204
へもぐろびん	ヘモグロビン	7049
へや	部屋	4760
へや	へや	7275
へやかず	部屋数	7535
へやぎ	部屋着	7207
へやじゅう	部屋中	7492
へやぜんたい	部屋全体	7310
へやのすみ	部屋の隅	7451
へら	減ら	6120
へら	ヘラ	6496
へら	へら	6889
へらくれす	ヘラクレス	7066
へらさ	減らさ	6769
へらし	減らし	5598
へらす	減らす	5579
へらせ	減らせ	7452
へらそ	減らそ	7171
へらそう	減らそう	7164
へらぶな	ヘラブナ	7551
へらへら	ヘラヘラ	7130
へり	減り	5708
へり	縁	6124
へり	ヘリ	6125
へり	へり	7107
へりうむ	ヘリウム	7077
へりくつ	屁理屈	7118
へりこぷたー	ヘリコプター	6339
へりぽーと	ヘリポート	7297
へりんぼーん	ヘリンボーン	7474
へる	減る	5712
へる	ヘル	6498
へる	経る	6920
へる	へる	6966
へるしんき	ヘルシンキ	6965
へるしー	ヘルシー	5978
へるす	ヘルス	6593
へるすけあ	ヘルスケア	6362
へるつ	ヘルツ	7219
へるにあ	ヘルニア	6448
へるぱ	ヘルパ	7168
へるぱー	ヘルパー	6565
へるぷ	ヘルプ	6062
へるぺす	ヘルペス	7167
へるめっと	ヘルメット	5866
へれ	減れ	7438
へれな	ヘレナ	7558
へれん	ヘレン	7011
へろへろ	ヘロヘロ	7307
へん	編	5005
へん	変	5135
へん	辺	5711
へん	へん	5964
へん	篇	6275
へん	片	6365
へん	ヘン	6477
へん	偏	6661
へんあい	偏愛	7306
へんあつき	変圧器	6884
へんい	変異	6121
へんい	変位	6869
へんえん	辺縁	7424
へんか	変化	4609
へんかきゅう	変化球	6502
へんかく	変革	5879
へんかくき	変革期	7508
へんかん	変換	5208
へんかん	返還	6031
へんかんき	変換器	7433
へんがお	変顔	6893
へんがく	扁額	7283
へんきゃく	返却	5982
へんきゅう	返球	7386
へんきょう	辺境	6746
へんきょく	編曲	6260
へんきん	返金	5675
へんけい	変形	5565
へんけん	偏見	6156
へんげ	変化	5167
へんげん	変幻	6991
へんげんじざい	変幻自在	7465
へんこう	変更	4185
へんこう	偏光	6677
へんこう	偏向	7161
へんこうかのう	変更可能	6586
へんこうご	変更後	7476
へんこうてん	変更点	6477
へんこうないよう	変更内容	7325
へんこうまえ	変更前	7432
へんさ	偏差	6749
へんさい	返済	5700
へんさち	偏差値	5696
へんさん	編纂	6721
へんざい	偏在	7452
へんしつ	変質	6723
へんしゃ	編者	7559
へんしゅ	変種	7170
へんしゅう	編集	4818
へんしゅうか	編集可	7365
へんしゅうかのう	編集可能	7358
へんしゅうがめん	編集画面	7561
へんしゅうしゃ	編集者	6692
へんしゅうちょう	編集長	6968
へんしゅうぶ	編集部	5736
へんしょく	変色	5982
へんしょく	偏食	6990
へんしん	返信	5239
へんしん	変身	5485
へんしん	へんしん	7438
へんじ	返事	5423
へんじょう	返上	6861
へんじん	変人	6718
へんすう	変数	5562
へんすうめい	変数名	7488
へんずつう	偏頭痛	7184
へんずつう	片頭痛	7220
へんせい	編成	5215
へんせい	変性	6564
へんせい	編制	7406
へんせい	変成	7518
へんせん	変遷	6253
へんそう	返送	6400
へんそう	変装	6615
へんそう	変奏	7501
へんそうきょく	変奏曲	7258
へんそく	変速	6433
へんそく	変則	6721
へんそくてき	変則的	7245
へんたい	変態	6120
へんたい	編隊	7260
へんだ	変だ	6620
へんちょ	編著	7128
へんちょう	変調	6770
へんちょう	偏重	7257
へんてつ	変哲	7095
へんで	変で	7359
へんでん	変電	6920
へんとう	返答	5925
へんとう	扁桃	7091
へんとうせん	扁桃腺	7468
へんどう	変動	5315
へんな	変な	5379
へんにゅう	編入	6294
へんのう	返納	6747
へんぴん	返品	5436
へんぴんこうかん	返品交換	7297
へんぷ	ヘンプ	7515
へんぺい	扁平	6830
へんぼう	変貌	6389
へんみ	辺見	7525
へんよう	変容	6330
へんりょう	変量	7248
へんりん	片鱗	7089
へんりー	ヘンリー	6502
へんれい	返礼	6313
へんれい	返戻	7142
へんれいひん	返礼品	7002
へんれき	遍歴	6992
へんろ	遍路	6749
へゔぃ	ヘヴィ	7364
へー	へー	6960
へーげる	ヘーゲル	7472
へーぜるなっつ	ヘーゼルナッツ	7193
べ	べ	5335
べあ	ベア	6360
べありんぐ	ベアリング	6307
べい	米	5211
べい	ベイ	6061
べいかちょう	米花町	7492
べいぐん	米軍	6037
べいぐんきち	米軍基地	7550
べいこく	米国	5099
べいこくかぶ	米国株	7430
べいこくない	米国内	7507
べいじゅ	米寿	7432
べいすたーず	ベイスターズ	6850
べいず	ベイズ	7348
べいせいふ	米政府	7529
べいちゅう	米中	7069
べいと	ベイト	6822
べいとりーる	ベイトリール	7426
べいどる	米ドル	7042
べいはん	米飯	7532
べいびー	ベイビー	6864
べいぶれーど	ベイブレード	7463
べいへい	米兵	7163
べいめでぃあ	米メディア	7423
べから	べから	6907
べが	ベガ	7136
べがぱんく	ベガパンク	7301
べがるた	ベガルタ	7363
べき	べき	4325
べく	べく	5421
べくた	ベクタ	6681
べくたー	ベクター	7047
べくたーいらすと	ベクターイラスト	7231
べくとる	ベクトル	5836
べけれ	べけれ	6907
べごにあ	ベゴニア	7497
べし	べし	5985
べし	ベシ	6907
べじ	ベジ	7362
べじたぶる	ベジタブル	7177
べじたりあん	ベジタリアン	6845
べじっと	ベジット	7388
べじーた	ベジータ	6625
べす	ベス	7353
べすと	ベスト	5083
べすとあんさー	ベストアンサー	6384
べすとしょっと	ベストショット	7324
べすとせらー	ベストセラー	6359
べすとてん	ベストテン	7520
べすとないん	ベストナイン	7358
べすとぷらくてぃす	ベストプラクティス	6949
べすとまっち	ベストマッチ	7334
べすぱ	ベスパ	7547
べぜる	ベゼル	6708
べそ	べそ	7461
べた	ベタ	6042
べた	べた	6949
べたつか	ベタつか	7158
べたつか	べたつか	7419
べたつき	ベタつき	7245
べたつき	べたつき	7555
べたべた	ベタベタ	6664
べたべた	べたべた	7371
べたー	ベター	6648
べっかく	別格	6665
べっかむ	ベッカム	7516
べっかん	別館	6734
べっき	別記	6808
べっきょ	別居	6263
べっきー	ベッキー	6935
べっく	ベック	7514
べっけん	別件	7041
べっこ	別個	7265
べっこう	べっ甲	7292
べっさつ	別冊	6746
べっし	別紙	6683
べっし	蔑視	7244
べっしつ	別室	6906
べっしゅ	別種	7253
べっしょ	別所	7538
べっしょう	別称	7385
べっしょう	蔑称	7492
べっせい	別姓	7047
べっせかい	別世界	6773
べっそう	別荘	6163
べったり	べったり	6935
べったり	ベッタリ	7362
べっちゅう	別注	6727
べっつ	ベッツ	7514
べってい	別邸	6975
べってん	別添	6953
べっと	別途	5473
べっと	ベット	6096
べっとう	別当	7476
べっとう	別棟	7478
べっど	ベッド	5242
べっどさいど	ベッドサイド	7543
べっどたうん	ベッドタウン	7352
べっどるーむ	ベッドルーム	7218
べっぴょう	別表	6300
べっぴん	べっぴん	7414
べっぷ	別府	6601
べつ	別	4668
べつ	べつ	6803
べついん	別院	7277
べつうぃんどう	別ウィンドウ	7002
べつういんどう	別ウインドウ	7520
べつうり	別売り	6497
べつきじ	別記事	7081
べつさら	別皿	7558
べつじん	別人	6305
べつだ	別だ	6850
べつだん	別段	6849
べつな	別な	6527
べつに	別に	5161
べつに	べつに	6994
べつのきかい	別の機会	6682
べつのきじ	別の記事	7120
べつのこと	別のこと	7187
べつのもの	別のもの	6971
べつばい	別売	6848
べつばら	別腹	7465
べつび	別日	7293
べつべつ	別々	5934
べつぺーじ	別ページ	7394
べつめい	別名	6082
べつもの	別物	6195
べつり	別離	7490
べつりょうきん	別料金	7121
べつわく	別枠	7228
べてぃ	ベティ	7401
べてらん	ベテラン	5732
べと	ベト	7334
べとなむ	ベトナム	5510
べとなむご	ベトナム語	7379
べとなむじん	ベトナム人	7306
べとなむせんそう	ベトナム戦争	6950
べとべと	ベトベト	7369
べに	紅	6232
べに	ベニ	7343
べにいも	紅芋	7497
べにこうじ	紅麹	7398
べにしょうが	紅生姜	7080
べにしょうが	紅しょうが	7246
べにばな	紅花	7306
べにや	ベニヤ	7355
べにやいた	ベニヤ板	7480
べねずえら	ベネズエラ	6965
べねちあ	ベネチア	7114
べねっせ	ベネッセ	7128
べねっと	ベネット	7260
べねふぃっと	ベネフィット	7164
べび	ベビ	7232
べびー	ベビー	5717
べびーかー	ベビーカー	6144
べびーしったー	ベビーシッター	6961
べびーふく	ベビー服	7363
べびーべっど	ベビーベッド	7030
べびーりーふ	ベビーリーフ	7537
べふ	別府	6948
べべ	べべ	7393
べや	部屋	4858
べら	ベラ	6475
べら	べら	7172
べらべら	ベラベラ	7498
べらぼう	べらぼう	7450
べらるーし	ベラルーシ	7051
べらんだ	ベランダ	5903
べり	べり	7080
べりある	ベリアル	7300
べりー	ベリー	5984
べる	ベル	5752
べるがもっと	ベルガモット	7294
べるぎー	ベルギー	6172
べるく	ベルク	6865
べるさいゆ	ベルサイユ	7118
べるさいゆのばら	ベルサイユのばら	7534
べるせるく	ベルセルク	7303
べると	ベルト	5403
べるなーる	ベルナール	7565
べるべっと	ベルベット	6988
べるまーれ	ベルマーレ	7290
べるもっと	ベルモット	7339
べるりん	ベルリン	6239
べるん	ベルン	7459
べるーなどーむ	ベルーナドーム	7566
べれー	ベレー	7005
べろ	ベロ	7041
べろ	べろ	7336
べろあ	ベロア	7173
べろにか	ベロニカ	7396
べん	弁	5638
べん	便	6295
べん	ベン	6483
べんい	便意	7475
べんえき	便益	7291
べんかい	弁解	7252
べんがく	勉学	6844
べんがる	ベンガル	7123
べんき	便器	6402
べんきょう	勉強	4517
べんきょうかい	勉強会	6477
べんきょうじかん	勉強時間	7049
べんきょうちゅう	勉強中	7047
べんきょうぶそく	勉強不足	7481
べんきょうほう	勉強法	6838
べんきょうほうほう	勉強方法	7073
べんぎ	便宜	6787
べんぎじょう	便宜上	7092
べんけい	弁慶	6981
べんご	弁護	6326
べんごし	弁護士	5251
べんさい	弁済	6770
べんざ	便座	6618
べんざいてん	弁財天	7043
べんしょう	弁償	6855
べんじょ	便所	6746
べんぜん	ベンゼン	7323
べんたつ	鞭撻	7152
べんだ	ベンダ	6734
べんだー	ベンダー	6568
べんち	ベンチ	5565
べんちぷれす	ベンチプレス	7352
べんちまーく	ベンチマーク	6587
べんちゃ	ベンチャ	6163
べんちゃー	ベンチャー	6291
べんちゃーきゃぴたる	ベンチャーキャピタル	7158
べんちれーしょん	ベンチレーション	7443
べんつ	ベンツ	6794
べんつう	便通	7227
べんてん	弁天	6972
べんと	ベント	7298
べんとう	弁当	5028
べんとう	べんとう	7283
べんとうばこ	弁当箱	7496
べんぴ	便秘	6031
べんぴかいしょう	便秘解消	7552
べんまく	弁膜	7538
べんめい	弁明	6980
べんり	便利	4671
べんりさ	便利さ	7007
べんりし	弁理士	6903
べんりそう	便利そう	7164
べんろん	弁論	6819
べーかりー	ベーカリー	6365
べーきんぐぱうだー	ベーキングパウダー	6927
べーぐる	ベーグル	6495
べーこん	ベーコン	5910
べーしすと	ベーシスト	6846
べーしっく	ベーシック	6370
べーじゅ	ベージュ	5819
べーす	ベース	4855
べーすあっぷ	ベースアップ	7424
べーすからー	ベースカラー	7464
べーすきゃんぷ	ベースキャンプ	7460
べーすぼーる	ベースボール	6735
べーすめいく	ベースメイク	7473
べーすらいん	ベースライン	7284
べーた	ベータ	6542
べーたばん	ベータ版	7454
べーとーべん	ベートーベン	7214
べーとーゔぇん	ベートーヴェン	6606
べーる	ベール	6551
ぺ	ペ	7032
ぺあ	ペア	5472
ぺありんぐ	ペアリング	6983
ぺあーず	ペアーズ	7267
ぺい	北	5782
ぺい	ペイ	6264
ぺい	ぺい	7093
ぺい	平	7527
ぺいん	ペイン	6649
ぺいんてぃんぐ	ペインティング	7559
ぺいんと	ペイント	6020
ぺがさす	ペガサス	7061
ぺきん	北京	5966
ぺきんおりんぴっく	北京オリンピック	7383
ぺく	白	7115
ぺくちん	ペクチン	7413
ぺぐ	ペグ	6748
ぺこ	ペコ	6782
ぺこ	ぺこ	7087
ぺこぺこ	ペコペコ	7368
ぺこら	ぺこら	7510
ぺこり	ペコリ	7531
ぺすと	ペスト	6855
ぺそ	ペソ	7259
ぺた	ペタ	7240
ぺたっ	ペタッ	7542
ぺたぺた	ペタペタ	7391
ぺだりんぐ	ペダリング	7306
ぺだる	ペダル	5953
ぺちゅにあ	ペチュニア	7371
ぺったんこ	ぺったんこ	7537
ぺっと	ペット	5149
ぺっとしょっぷ	ペットショップ	6838
ぺっとぼとる	ペットボトル	5767
ぺっぱー	ペッパー	7077
ぺなるてぃ	ペナルティ	6220
ぺなるてぃー	ペナルティー	7291
ぺなん	ペナン	7372
ぺなんと	ペナント	7417
ぺにす	ペニス	7207
ぺにー	ペニー	7348
ぺぱーみんと	ペパーミント	7221
ぺぷし	ペプシ	7488
ぺぷちど	ペプチド	6812
ぺぺろんちーの	ペペロンチーノ	6958
ぺら	ペラ	7247
ぺらぺら	ペラペラ	6731
ぺりかん	ペリカン	7190
ぺりー	ペリー	6945
ぺる	ペル	6977
ぺるしあ	ペルシア	7284
ぺるしゃ	ペルシャ	6737
ぺるそな	ペルソナ	6299
ぺるー	ペルー	6467
ぺれ	ペレ	7324
ぺれす	ペレス	7361
ぺれっと	ペレット	6784
ぺろ	ペロ	7373
ぺろっ	ペロッ	7252
ぺろぶすかいと	ペロブスカイト	7511
ぺろぺろ	ペロペロ	7294
ぺろり	ペロリ	6970
ぺろり	ぺろり	7240
ぺん	ペン	5463
ぺん	篇	6671
ぺん	ぺん	6710
ぺん	辺	7058
ぺん	編	7159
ぺん	片	7549
ぺんき	ペンキ	6574
ぺんぎん	ペンギン	6080
ぺんけーす	ペンケース	7500
ぺんさき	ペン先	7146
ぺんしょん	ペンション	6962
ぺんしる	ペンシル	6927
ぺんしるべにあ	ペンシルベニア	7310
ぺんたっくす	ペンタックス	7566
ぺんだんと	ペンダント	6384
ぺんち	ペンチ	6919
ぺんでゅらむ	ペンデュラム	7439
ぺんとはうす	ペントハウス	7500
ぺんね	ペンネ	7394
ぺんねーむ	ペンネーム	6893
ぺんら	ペンラ	7323
ぺんらいと	ペンライト	6584
ぺー	北	6933
ぺーじ	ページ	4489
ぺーじ	頁	6332
ぺーじすう	ページ数	7129
ぺーじない	ページ内	7460
ぺーじめ	ページ目	6685
ぺーす	ペース	5317
ぺーすと	ペースト	6119
ぺーすとじょう	ペースト状	7336
ぺーはー	pH	6874
ぺーはー	PH	7057
ぺーぱー	ペーパー	5609
ぺーぱーたおる	ペーパータオル	7098
ほ	歩	5632
ほ	穂	6342
ほ	補	6356
ほ	保	6479
ほ	帆	6681
ほ	ホ	6686
ほあん	保安	6087
ほい	ホイ	7308
ほいあん	ホイアン	7377
ほいく	保育	5143
ほいくえん	保育園	5315
ほいくし	保育士	6382
ほいくしゃ	保育者	7200
ほいくしょ	保育所	7412
ほいくりょう	保育料	7510
ほいこーろー	回鍋肉	7446
ほいっする	ホイッスル	7136
ほいっぱー	ホイッパー	7553
ほいっぷ	ホイップ	6645
ほいっぷくりーむ	ホイップクリーム	6661
ほいほい	ホイホイ	7062
ほいる	ホイル	6667
ほいーる	ホイール	5333
ほいーるさいず	ホイールサイズ	7533
ほいーるべーす	ホイールベース	7441
ほう	方	4214
ほう	法	4427
ほう	ほう	4520
ほう	砲	5799
ほう	報	6445
ほう	峰	6481
ほう	鳳	6947
ほう	朴	7418
ほうあん	法案	6195
ほうい	方位	6181
ほうい	包囲	6551
ほういがく	法医学	7378
ほうえい	放映	5922
ほうえい	宝永	7448
ほうおう	鳳凰	6710
ほうおう	法王	7248
ほうおう	法皇	7260
ほうおう	ホウオウ	7551
ほうおん	報恩	7284
ほうか	放火	6616
ほうか	法科	7085
ほうか	砲火	7419
ほうかい	崩壊	5514
ほうかいせい	法改正	7069
ほうかご	放課後	5920
ほうかごとうでいさーびす	放課後等デイサービス	7557
ほうかつ	包括	5843
ほうかつてき	包括的	6500
ほうが	邦画	6913
ほうが	萌芽	7273
ほうがい	法外	7358
ほうがく	方角	6457
ほうがく	邦楽	6811
ほうがく	法学	6868
ほうがくぶ	法学部	6433
ほうがん	包含	7063
ほうがん	方眼	7324
ほうき	放棄	5893
ほうき	法規	6471
ほうき	ほうき	6944
ほうき	箒	6955
ほうき	蜂起	7168
ほうき	ホウキ	7436
ほうきゅう	俸給	7533
ほうきょう	豊胸	7094
ほうぎょ	崩御	7241
ほうぎょく	宝玉	7107
ほうぐ	宝具	6474
ほうけい	包茎	6949
ほうけい	方形	7267
ほうけん	封建	7144
ほうけん	宝剣	7487
ほうげき	砲撃	6502
ほうげん	方言	6086
ほうこ	宝庫	6577
ほうこう	方向	4762
ほうこう	芳香	6483
ほうこう	咆哮	6777
ほうこう	奉公	7111
ほうこうせい	方向性	6257
ほうこうてんかん	方向転換	7310
ほうこうまく	方向幕	7165
ほうこく	報告	4586
ほうこくかい	報告会	7452
ほうこくしょ	報告書	6409
ほうごう	縫合	6809
ほうさく	方策	6519
ほうさく	豊作	6747
ほうさん	放散	7315
ほうし	奉仕	6151
ほうし	胞子	6707
ほうし	法師	6857
ほうしき	方式	5277
ほうしゃ	放射	6236
ほうしゃこう	放射光	7467
ほうしゃじょう	放射状	7039
ほうしゃせい	放射性	6530
ほうしゃせいぶっしつ	放射性物質	7347
ほうしゃせん	放射線	5886
ほうしゃせんちりょう	放射線治療	7226
ほうしゃのう	放射能	6521
ほうしゅ	宝珠	7443
ほうしゅう	報酬	5145
ほうしゅつ	放出	5873
ほうしょう	報奨	7110
ほうしょう	褒章	7386
ほうしょう	褒賞	7391
ほうしょう	法相	7532
ほうしょく	宝飾	7338
ほうしょくひん	宝飾品	7325
ほうしん	方針	5137
ほうしん	砲身	7162
ほうしん	放心	7236
ほうじ	報じ	6195
ほうじ	法事	6694
ほうじちゃ	ほうじ茶	6420
ほうじゅ	宝珠	7068
ほうじゅう	放銃	7564
ほうじゅつ	砲術	7560
ほうじゅん	芳醇	6643
ほうじょ	幇助	7496
ほうじょう	北条	6407
ほうじょう	豊穣	7120
ほうじょう	北條	7377
ほうじょう	方丈	7434
ほうじる	報じる	7341
ほうじん	法人	4852
ほうじん	邦人	6842
ほうじんぜい	法人税	7424
ほうじんのばあい	法人の場合	7479
ほうすい	放水	6708
ほうすい	豊水	7481
ほうせい	縫製	6146
ほうせい	法制	6686
ほうせい	法政	7067
ほうせいだいがく	法政大学	6788
ほうせき	宝石	5754
ほうせつ	包摂	7160
ほうせん	法線	7341
ほうそ	ホウ素	7393
ほうそう	放送	4654
ほうそう	包装	5632
ほうそう	法曹	7152
ほうそうかいし	放送開始	7126
ほうそうきょく	放送局	6840
ほうそうご	放送後	7419
ほうそうし	包装紙	7204
ほうそうじかん	放送時間	7294
ほうそうだいがく	放送大学	7350
ほうそうちゅう	放送中	6950
ほうそうび	放送日	7388
ほうそうよてい	放送予定	7304
ほうそく	法則	5755
ほうたい	包帯	6639
ほうだい	放題	5397
ほうだい	砲台	6749
ほうだい	邦題	6963
ほうだい	法大	7396
ほうだん	砲弾	6779
ほうち	放置	5259
ほうち	報知	6861
ほうち	法治	7464
ほうちゅう	訪中	7441
ほうちょう	包丁	5847
ほうちょう	放鳥	7370
ほうっ	放っ	7482
ほうてい	法定	6052
ほうてい	法廷	6428
ほうていしき	方程式	6121
ほうてき	法的	5740
ほうてきそち	法的措置	7365
ほうてん	法典	7427
ほうで	方で	6978
ほうでん	放電	6393
ほうでん	豊田	7325
ほうとう	砲塔	6768
ほうとう	ほうとう	7154
ほうとう	方等	7442
ほうとう	放蕩	7542
ほうとく	報徳	7249
ほうどう	報道	5298
ほうどうきかん	報道機関	7405
ほうどうじん	報道陣	6685
ほうにち	訪日	6434
ほうにちがいこくじん	訪日外国人	7449
ほうにん	放任	7242
ほうねつ	放熱	6716
ほうねん	法然	7120
ほうのう	奉納	6139
ほうひ	包皮	7551
ほうび	褒美	5939
ほうび	ほうび	7056
ほうふ	豊富	4885
ほうふ	抱負	6426
ほうふ	防府	7222
ほうふく	報復	6594
ほうふつ	彷彿	6222
ほうぶつせん	放物線	7293
ほうへい	砲兵	7211
ほうべん	方便	7236
ほうほう	方法	3978
ほうほうろん	方法論	7095
ほうぼく	放牧	6620
ほうまつ	泡沫	7507
ほうみょう	法名	7497
ほうむ	法務	6279
ほうむきょく	法務局	6744
ほうむしょう	法務省	6767
ほうむだいじん	法務大臣	7298
ほうむっ	葬っ	7457
ほうむら	葬ら	7128
ほうめん	方面	5264
ほうめん	放免	7483
ほうもつ	宝物	6415
ほうもん	訪問	4895
ほうもんかいご	訪問介護	7356
ほうもんかんご	訪問看護	7119
ほうもんぎ	訪問着	7211
ほうもんしゃ	訪問者	6508
ほうもんしんりょう	訪問診療	7369
ほうもんじ	訪問時	7561
ほうやく	邦訳	7298
ほうよう	法要	6304
ほうよう	包容	6895
ほうよう	抱擁	7041
ほうようりょく	包容力	7198
ほうらい	蓬莱	7148
ほうらく	崩落	6667
ほうらん	抱卵	7321
ほうり	法理	7498
ほうりこま	放り込ま	7265
ほうりこむ	放り込む	7299
ほうりこん	放り込ん	6985
ほうりつ	法律	4998
ほうりついはん	法律違反	7354
ほうりつじむしょ	法律事務所	7306
ほうりつじょう	法律上	7180
ほうりつてき	法律的	7097
ほうりなげ	放り投げ	7188
ほうりゅう	放流	6392
ほうりゅうじ	法隆寺	6956
ほうりょう	豊漁	7553
ほうれい	法令	5397
ほうれいせん	ほうれい線	6740
ほうれいとう	法令等	7307
ほうれんそう	ほうれん草	6019
ほうれんそう	ホウレンソウ	7227
ほうれんそう	報連相	7338
ほうれんそう	ほうれんそう	7406
ほうろう	放浪	6528
ほうろう	琺瑯	7536
ほうわ	飽和	6347
ほうわ	法話	7122
ほえ	吠え	6557
ほえる	吠える	6818
ほお	頬	6125
ほお	ほお	7084
ほおずき	鬼灯	7067
ほおずき	ほおずき	7323
ほおづえ	頬杖	7495
ほおばっ	頬張っ	7321
ほおばり	頬張り	7466
ほおばる	頬張る	7164
ほおぼね	頬骨	7272
ほおん	保温	5999
ほおんせい	保温性	6804
ほか	他	4303
ほか	ほか	4552
ほか	外	5344
ほかく	捕獲	5917
ほかげ	火影	7280
ほかつ	保活	7516
ほかなら	ほかなら	7202
ほかになっ	他になっ	6819
ほかになり	他になり	6935
ほかになる	他になる	6924
ほかのかた	他の方	7156
ほかのくに	他の国	7449
ほかのこと	他のこと	7037
ほかのさくひん	他の作品	7509
ほかのしょうひん	他の商品	7146
ほかのちいき	他の地域	7388
ほかのばあい	他の場合	7232
ほかのばしょ	他の場所	7392
ほかのひと	他の人	6239
ほかのほうほう	他の方法	7552
ほかのもの	他のもの	7447
ほかほか	ホカホカ	7363
ほかん	保管	4908
ほかん	補完	6144
ほかん	補間	7236
ほかんこ	保管庫	7150
ほかんばしょ	保管場所	7269
ほかんほうほう	保管方法	7511
ほがらか	朗らか	7019
ほき	補機	7472
ほきゅう	補給	5589
ほきゅう	捕球	6997
ほきょう	補強	5688
ほくい	北緯	7269
ほくおう	北欧	5963
ほくがん	北岸	7486
ほくげん	北限	7520
ほくさい	北斎	6923
ほくざん	北山	7514
ほくしん	北辰	7331
ほくしん	北信	7511
ほくしんえつ	北信越	7124
ほくじょう	北上	6308
ほくじょう	北条	7268
ほくせい	北西	6170
ほくせいぶ	北西部	6893
ほくせつ	北摂	7180
ほくたん	北端	7149
ほくだい	北大	6829
ほくと	北斗	6214
ほくと	北杜	7168
ほくとう	北東	6224
ほくとせい	北斗星	7403
ほくとのけん	北斗の拳	7270
ほくぶ	北部	5762
ほくべい	北米	6056
ほくほく	ホクホク	6819
ほくほく	ほくほく	6940
ほくめん	北面	7469
ほくりく	北陸	6197
ほくりくほんせん	北陸本線	7472
ほくろ	ほくろ	6745
ほくろ	ホクロ	6967
ほくろ	黒子	7010
ほぐし	ほぐし	6042
ほぐす	ほぐす	6553
ほぐれ	ほぐれ	6746
ほぐれる	ほぐれる	7403
ほぐわーつ	ホグワーツ	7015
ほけきょう	法華経	6715
ほけつ	補欠	6720
ほけん	保険	4676
ほけん	保健	5507
ほけん	ほけん	7377
ほけんがいしゃ	保険会社	6783
ほけんきん	保険金	6322
ほけんし	保健師	7138
ほけんしつ	保健室	7040
ほけんしょ	保健所	6865
ほけんしょう	保険証	6844
ほけんしんりょう	保険診療	7174
ほけんじょ	保健所	6403
ほけんてきよう	保険適用	7262
ほけんや	保険屋	7482
ほけんりょう	保険料	6534
ほげい	捕鯨	6994
ほこ	鉾	7044
ほこ	矛	7148
ほこ	ほこ	7216
ほこう	歩行	5625
ほこう	補講	7457
ほこうしゃ	歩行者	6610
ほこうしゃてんごく	歩行者天国	7449
ほこさき	矛先	7080
ほこっ	誇っ	6235
ほこら	祠	6380
ほこら	ほこら	7248
ほこらしい	誇らしい	7030
ほこらしく	誇らしく	7161
ほこらしげ	誇らしげ	7047
ほこり	誇り	5873
ほこり	ホコリ	6150
ほこり	埃	6332
ほこり	ほこり	6800
ほこりたかき	誇り高き	7538
ほこる	誇る	5500
ほこれる	誇れる	6800
ほご	保護	4505
ほごけん	保護犬	7447
ほごし	保護司	7508
ほごしゃ	保護者	5796
ほごねこ	保護猫	7460
ほさ	補佐	6283
ほさ	干さ	6886
ほさ	保佐	7466
ほさき	穂先	6857
ほざい	ほざい	7296
ほし	星	5032
ほし	干し	6288
ほし	ほし	6520
ほし	ホシ	7185
ほし	欲し	7432
ほしい	ほしい	4587
ほしい	欲しい	5614
ほしいしょうひん	欲しい商品	7452
ほしいじょうほう	欲しい情報	7507
ほしいばあい	欲しい場合	7201
ほしいひと	欲しい人	6766
ほしいも	干し芋	7144
ほしいもの	欲しい物	7304
ほしかっ	ほしかっ	6218
ほしかっ	欲しかっ	6676
ほしから	ほしから	6907
ほしかれ	ほしかれ	6907
ほしかろ	ほしかろ	6907
ほしかわ	星川	7341
ほしがき	干し柿	7166
ほしがた	星型	7058
ほしがっ	欲しがっ	7272
ほしがる	欲しがる	6954
ほしき	ほしき	6907
ほしきゃ	ほしきゃ	6907
ほしく	ほしく	6228
ほしく	欲しく	6772
ほしくず	星屑	7239
ほしけりゃ	ほしけりゃ	6907
ほしけれ	ほしけれ	6907
ほしさ	欲しさ	7264
ほししいたけ	干し椎茸	7254
ほしぞら	星空	6077
ほしつ	保湿	5769
ほしつこうか	保湿効果	7245
ほしつざい	保湿剤	7231
ほしつせいぶん	保湿成分	7143
ほしつりょく	保湿力	6822
ほしな	保科	7372
ほしの	星野	6066
ほしの	ホシノ	7236
ほしの	星乃	7343
ほしのおうじさま	星の王子さま	7487
ほしのかず	星の数	7246
ほしのかーびぃ	星のカービィ	7118
ほしのげん	星野源	7478
ほしのりぞーと	星野リゾート	7052
ほしゃく	保釈	7104
ほしゅ	保守	5731
ほしゅ	捕手	6326
ほしゅう	補修	5786
ほしゅう	補習	6766
ほしゅう	ほしゅう	6909
ほしゅてき	保守的	6904
ほしゅとう	保守党	7288
ほしゅは	保守派	7191
ほしょう	保証	5034
ほしょう	保障	5566
ほしょう	補償	5716
ほしょうきかん	保証期間	7129
ほしょうきかんない	保証期間内	7495
ほしょうきん	保証金	7174
ほしょうきん	補償金	7512
ほしょうしょ	保証書	6552
ほしょうたいしょうがい	保証対象外	7513
ほしょうにん	保証人	6651
ほしょく	捕食	6325
ほしょく	補色	7314
ほしょくしゃ	捕食者	7498
ほしん	保身	7106
ほじ	保持	5484
ほじゅう	補充	5953
ほじょ	補助	5261
ほじょう	圃場	6805
ほじょう	ほ場	7415
ほじょきん	補助金	5669
ほじょてき	補助的	7354
ほす	干す	6543
ほすい	保水	6935
ほすう	歩数	6711
ほすてぃんぐ	ホスティング	7243
ほすてす	ホステス	6900
ほすてる	ホステル	6997
ほすと	ホスト	5633
ほすとふぁみりー	ホストファミリー	7120
ほすとめい	ホスト名	7196
ほすぴす	ホスピス	7268
ほすぴたりてぃ	ホスピタリティ	6758
ほせ	ホセ	7066
ほせい	補正	5526
ほせん	補選	7404
ほせん	保線	7494
ほぜい	保税	7549
ほぜん	保全	5732
ほそ	細	6242
ほそ	ほそ	7326
ほそい	細い	5608
ほそい	細井	7489
ほそいせん	細い線	7389
ほそいみち	細い道	6987
ほそいろじ	細い路地	7402
ほそう	舗装	5946
ほそうろ	舗装路	7329
ほそかわ	細川	6558
ほそがわ	細川	6829
ほそく	補足	5799
ほそく	細く	5855
ほそく	捕捉	6851
ほそだ	細田	7168
ほそながい	細長い	6370
ほそながく	細長く	6894
ほその	細野	7027
ほそみ	細身	6351
ほそみち	細道	7123
ほそめ	細め	6552
ほそめ	細目	7530
ほそめる	細める	7449
ほそめん	細麺	6652
ほそや	細谷	7501
ほぞん	保存	4685
ほぞんきかん	保存期間	7189
ほぞんさき	保存先	7539
ほぞんしょく	保存食	7374
ほぞんじょうたい	保存状態	7217
ほぞんぶくろ	保存袋	7338
ほぞんほうほう	保存方法	7052
ほぞんようき	保存容器	7227
ほぞんりょう	保存料	7145
ほたか	穂高	6915
ほたて	ホタテ	6312
ほたて	帆立	6985
ほたて	ほたて	7014
ほたる	ホタル	6398
ほたる	蛍	6442
ほたる	ほたる	6907
ほたる	螢	7531
ほたるいか	ホタルイカ	7067
ほだし	絆	7074
ほちきす	ホチキス	7340
ほちょう	歩調	7418
ほちょうき	補聴器	6586
ほっ	ホッ	5793
ほっ	掘っ	6293
ほっ	ほっ	6354
ほっ	彫っ	7246
ほっ	欲	7438
ほっかい	北海	7098
ほっかいどう	北海道	4893
ほっかいどうさん	北海道産	7410
ほっかいどうしんぶん	北海道新聞	7347
ほっかいどうだいがく	北海道大学	6849
ほっき	発起	7009
ほっきにん	発起人	6955
ほっきょく	北極	6679
ほっきょくぐま	ホッキョクグマ	7263
ほっきょくけん	北極圏	7348
ほっきょくせい	北極星	7323
ほっく	ホック	6992
ほっけ	ホッケ	6914
ほっけ	法華	7390
ほっけ	ほっけ	7422
ほっけー	ホッケー	7105
ほっこく	北国	7429
ほっこり	ほっこり	5999
ほっさ	発作	6156
ほっし	欲し	6765
ほっしん	発疹	7076
ほっする	欲する	7099
ほっそく	発足	5973
ほっそり	ほっそり	7525
ほった	堀田	7027
ほったらかし	ほったらかし	6663
ほったん	発端	6457
ほっちきす	ホッチキス	7302
ほっと	ホット	5690
ほっと	ほっと	6002
ほっと	ホッと	6607
ほっとい	ほっとい	6980
ほっとく	ほっとく	7500
ほっとけ	ほっとけ	7489
ほっとけーき	ホットケーキ	6718
ほっとけーきみっくす	ホットケーキミックス	6866
ほっとこーひー	ホットコーヒー	7377
ほっとさんど	ホットサンド	7413
ほっとどっぐ	ホットドッグ	6841
ほっとぷれーと	ホットプレート	7178
ほっとぺっぱー	ホットペッパー	7026
ほっとぺっぱーびゅーてぃー	ホットペッパービューティー	7101
ほっともっと	ほっともっと	7416
ほっとよが	ホットヨガ	7491
ほっとらいん	ホットライン	7198
ほっぱー	ホッパー	6981
ほっぴー	ホッピー	7336
ほっぷ	ホップ	6109
ほっぺ	ほっぺ	6567
ほっぺた	ほっぺた	7191
ほっぽう	北方	6805
ほっぽうりょうど	北方領土	7101
ほつた	堀田	7557
ほつれ	ほつれ	6657
ほてい	布袋	7229
ほてい	補綴	7437
ほてい	保定	7460
ほてっ	火照っ	7472
ほてり	ほてり	7429
ほてる	ホテル	4588
ほてるおーくら	ホテルオークラ	7437
ほてるすてい	ホテルステイ	7566
ほてるにゅーおーたに	ホテルニューオータニ	7480
ほてん	補填	6702
ほとけ	佛	6954
ほとけ	仏	6961
ほとけさま	仏様	6749
ほととぎす	ホトトギス	7258
ほとばしる	ほとばしる	7512
ほとり	辺	6078
ほとり	ほとり	6663
ほとり	辺り	6902
ほとり	畔	7433
ほとんど	ほとんど	4503
ほとんど	殆ど	5697
ほとんど	殆	6177
ほど	ほど	4019
ほど	程	5311
ほどい	ほどい	7326
ほどう	歩道	5816
ほどう	補導	7246
ほどうきょう	歩道橋	6694
ほどがや	保土ヶ谷	7342
ほどき	解き	7457
ほどく	解く	7392
ほどけ	ほどけ	7236
ほどこさ	施さ	5735
ほどこし	施し	5644
ほどこし	ほどこし	7443
ほどこす	施す	6371
ほどちかい	ほど近い	6900
ほどちかい	程近い	7475
ほどとおい	程遠い	6706
ほどとおい	ほど遠い	7180
ほどなく	程なく	7009
ほどなく	ほどなく	7139
ほどほど	ほどほど	6524
ほどほど	程々	7113
ほどよい	程よい	6064
ほどよい	ほどよい	6920
ほどよい	程良い	7455
ほどよいさんみ	程よい酸味	7535
ほどよく	程よく	6297
ほどよく	ほどよく	7081
ほどよく	程良く	7398
ほな	ほな	6940
ほにゅう	哺乳	6664
ほにゅうびん	哺乳瓶	7408
ほにゅうるい	哺乳類	6574
ほぬの	帆布	7528
ほね	骨	5785
ほねぎり	骨切り	7413
ほねぐみ	骨組み	6824
ほねつき	骨付き	6942
ほねぬき	骨抜き	7430
ほねぶと	骨太	7224
ほのお	炎	5760
ほのお	焔	7152
ほのか	ほのか	6196
ほのか	穂乃果	7366
ほのか	仄か	7412
ほのか	穂香	7552
ほのぼの	ほのぼの	6356
ほのめかし	ほのめかし	7472
ほのるる	ホノルル	6843
ほはば	歩幅	7115
ほばく	捕縛	7178
ほばりんぐ	ホバリング	7314
ほび	ホビ	7548
ほびっと	ホビット	7486
ほびー	ホビー	6418
ほふまん	ホフマン	7373
ほぶね	帆船	7428
ほへい	歩兵	6431
ほほ	頬	6154
ほほ	ほほ	6712
ほほえましい	微笑ましい	6615
ほほえましい	ほほえましい	7531
ほほえましかっ	微笑ましかっ	7477
ほほえましく	微笑ましく	7049
ほほえみ	微笑み	6729
ほほえみ	ほほえみ	7202
ほほえむ	微笑む	6664
ほほえん	微笑ん	6473
ほほばおいる	ホホバオイル	7540
ほぼ	ほぼ	4617
ほぼ	粗	7326
ほぼぜんいん	ほぼ全員	7293
ほぼまいにち	ほぼ毎日	7346
ほまれ	誉	7339
ほまれ	ほまれ	7501
ほまれ	誉れ	7538
ほむせん	ホムセン	7527
ほむら	炎	6014
ほむら	焔	7269
ほむら	ホムラ	7461
ほむんくるす	ホムンクルス	7468
ほめ	褒め	5668
ほめ	ほめ	6606
ほめ	誉め	6959
ほめおぱしー	ホメオパシー	7496
ほめことば	褒め言葉	7195
ほめる	褒める	6403
ほめる	ほめる	7157
ほも	ホモ	6496
ほや	ホヤ	6772
ほや	ほや	7428
ほやほや	ホヤホヤ	7394
ほやほや	ほやほや	7452
ほゆう	保有	5390
ほよう	保養	6723
ほら	ほら	5906
ほら	洞	6222
ほら	掘ら	6988
ほら	彫ら	7097
ほら	ホラ	7378
ほらあな	洞穴	7487
ほらほら	ほらほら	7501
ほらー	ホラー	5771
ほらーえいが	ホラー映画	7088
ほり	掘り	6155
ほり	堀	6295
ほり	ほり	6649
ほり	彫り	6750
ほり	彫	7010
ほり	濠	7069
ほり	ホリ	7320
ほり	掘	7370
ほりい	堀井	7031
ほりうち	堀内	7018
ほりえ	堀江	6558
ほりえもん	ホリエモン	7249
ほりおこし	掘り起こし	6865
ほりおこす	掘り起こす	7378
ほりかえし	掘り返し	7429
ほりかわ	堀川	6839
ほりきた	堀北	7117
ほりきり	堀切	7227
ほりぎり	堀切	7559
ほりぐち	堀口	7020
ほりこし	堀越	7242
ほりごたつ	掘りごたつ	7313
ほりさげ	掘り下げ	6234
ほりさげる	掘り下げる	6963
ほりすてぃっく	ホリスティック	7499
ほりた	堀田	7438
ほりだし	掘り出し	7153
ほりだしもの	掘り出し物	6948
ほりでー	ホリデー	6531
ほりない	堀内	7513
ほりのうち	堀内	7557
ほりぷろ	ホリプロ	7316
ほりゅう	保留	6182
ほりょ	捕虜	6548
ほりー	ホリー	7530
ほる	掘る	6635
ほる	彫る	7241
ほる	ほる	7397
ほるす	ホルス	7306
ほるすたー	ホルスター	7464
ほるだー	ホルダー	5824
ほるむあるでひど	ホルムアルデヒド	7246
ほるもん	ホルモン	5522
ほるもんばらんす	ホルモンバランス	7077
ほるん	ホルン	6785
ほれ	惚れ	6283
ほれ	ほれ	7244
ほれい	保冷	6131
ほれいざい	保冷剤	6873
ほれこん	惚れ込ん	7199
ほれぼれ	惚れ惚れ	7059
ほれる	惚れる	7156
ほろ	ホロ	6638
ほろ	幌	6859
ほろ	ほろ	6948
ほろぐらむ	ホログラム	6760
ほろこーすと	ホロコースト	7260
ほろすこーぷ	ホロスコープ	6949
ほろにが	ほろ苦	7409
ほろにがい	ほろ苦い	6992
ほろにがさ	ほろ苦さ	7272
ほろび	滅び	6622
ほろびる	滅びる	7148
ほろぶ	滅ぶ	7434
ほろほろ	ほろほろ	7142
ほろほろ	ホロホロ	7149
ほろぼさ	滅ぼさ	6991
ほろぼし	滅ぼし	6839
ほろぼす	滅ぼす	6935
ほろよい	ほろ酔い	7128
ほろらいぶ	ホロライブ	6717
ほろん	滅ん	7070
ほわいと	ホワイト	5281
ほわいとからー	ホワイトカラー	7052
ほわいとそーす	ホワイトソース	7225
ほわいとちょこ	ホワイトチョコ	7247
ほわいとちょこれーと	ホワイトチョコレート	7424
ほわいとでー	ホワイトデー	6675
ほわいとにんぐ	ホワイトニング	6303
ほわいとはうす	ホワイトハウス	6953
ほわいとばらんす	ホワイトバランス	7503
ほわいとぼーど	ホワイトボード	6960
ほわほわ	ほわほわ	7435
ほん	本	4399
ほん	ほん	6119
ほん	ホン	6656
ほんあかうんと	本アカウント	7366
ほんあつぎ	本厚木	7537
ほんあぷり	本アプリ	7208
ほんあん	翻案	7311
ほんい	本位	6534
ほんい	本意	6833
ほんいべんと	本イベント	6588
ほんいん	本院	7246
ほんうぇぶさいと	本ウェブサイト	6814
ほんか	本科	7239
ほんかい	本会	6536
ほんかいぎ	本会議	6818
ほんかく	本格	5095
ほんかくてき	本格的	5423
ほんかくは	本格派	6745
ほんかわ	本革	6517
ほんかん	本館	6233
ほんがく	本学	6039
ほんがん	本願	7087
ほんがんじ	本願寺	6815
ほんき	本気	5370
ほんき	本機	6261
ほんきかく	本企画	7263
ほんきじ	本記事	5764
ほんきど	本気度	7543
ほんきのう	本機能	7424
ほんきゃんぺーん	本キャンペーン	6801
ほんきやく	本規約	6317
ほんきょ	本拠	6830
ほんきょち	本拠地	6226
ほんぎょう	本業	6120
ほんぐう	本宮	6965
ほんけ	本家	6084
ほんけいやく	本契約	7018
ほんけん	本件	5754
ほんけん	本県	6877
ほんけんきゅう	本研究	6303
ほんけんきゅうしつ	本研究室	7431
ほんこう	本校	5616
ほんこう	本稿	6306
ほんこう	本項	7093
ほんこうえん	本公演	7051
ほんこうえん	本講演	7419
ほんこうざ	本講座	7312
ほんこん	香港	5628
ほんこんてんつ	本コンテンツ	7482
ほんごう	本郷	6617
ほんごく	本国	6431
ほんごし	本腰	7104
ほんさいと	本サイト	6281
ほんさく	本作	5234
ほんさくひん	本作品	6828
ほんさーびす	本サービス	5954
ほんざい	本剤	6638
ほんざん	本山	7058
ほんし	本誌	6355
ほんし	本紙	6873
ほんしけん	本試験	7345
ほんしすてむ	本システム	7317
ほんしつ	本質	5557
ほんしつてき	本質的	6349
ほんしゃ	本社	5246
ほんしゅう	本州	6300
ほんしょ	本書	5667
ほんしょう	本性	6603
ほんしょう	本章	7153
ほんしょう	本省	7558
ほんしょうひん	本商品	6549
ほんしょく	本職	6845
ほんしりょう	本資料	7453
ほんしりーず	本シリーズ	7372
ほんしん	本心	6344
ほんじぎょう	本事業	6959
ほんじつ	本日	4474
ほんじゅらす	ホンジュラス	7528
ほんじょう	本庄	7061
ほんじょう	本城	7347
ほんじょう	本条	7402
ほんじょう	本荘	7472
ほんじん	本陣	6810
ほんすう	本数	5978
ほんすじ	本筋	6909
ほんすれ	本スレ	7547
ほんせいひん	本製品	6342
ほんせき	本籍	6902
ほんせきち	本籍地	7548
ほんせみなー	本セミナー	6928
ほんせん	本線	6042
ほんせん	本戦	6620
ほんせん	本選	6859
ほんせん	本船	7486
ほんそう	奔走	6576
ほんそふとうぇあ	本ソフトウェア	7281
ほんぞん	本尊	6288
ほんた	本田	7117
ほんた	本多	7390
ほんたい	本体	5031
ほんたい	本隊	7364
ほんたいかい	本大会	6892
ほんたいかかく	本体価格	7461
ほんたな	本棚	7532
ほんだ	ホンダ	5886
ほんだ	本田	6455
ほんだ	本多	6751
ほんだ	本だ	6957
ほんだい	本題	6156
ほんだっ	本だっ	7417
ほんだて	本立て	7103
ほんだな	本棚	6164
ほんちょう	本庁	6869
ほんちょう	本町	6989
ほんちょうさ	本調査	7330
ほんちょうし	本調子	7366
ほんっと	ほんっと	6809
ほんてん	本店	5511
ほんてん	本展	6569
ほんで	ほんで	6888
ほんで	本で	7277
ほんでん	本殿	6241
ほんでん	本田	7102
ほんと	ホント	5417
ほんと	ほんと	5448
ほんとう	本当	5057
ほんとう	ほんとう	6098
ほんとう	本島	6551
ほんとうこう	本投稿	7340
ほんとうに	本当に	4171
ほんとうにじぶん	本当に自分	7051
ほんとうのこと	本当のこと	6730
ほんとうのこと	本当の事	7427
ほんとうのじぶん	本当の自分	6923
ほんとうのはなし	本当の話	7429
ほんとうのりゆう	本当の理由	7285
ほんとうは	本当は	5733
ほんとに	ほんとに	5485
ほんど	本土	6280
ほんどう	本堂	6106
ほんどう	本道	6855
ほんどおり	本通り	7492
ほんな	本な	7163
ほんにん	本人	4681
ほんにんいわく	本人曰く	7477
ほんにんかくにん	本人確認	6658
ほんにんたち	本人たち	7027
ほんにんたち	本人達	7369
ほんね	本音	5758
ほんね	ホンネ	7227
ほんねん	本年	5972
ほんねんど	本年度	6342
ほんの	ほんの	5559
ほんのいちぶ	ほんの一部	7091
ほんのいっしゅん	ほんの一瞬	7543
ほんのう	本能	6033
ほんのうじ	本能寺	6961
ほんのうじのへん	本能寺の変	7230
ほんのうてき	本能的	6903
ほんのないよう	本の内容	7305
ほんのり	ほんのり	5969
ほんのりあまく	ほんのり甘く	7408
ほんのわずか	ほんの僅か	7565
ほんはつめい	本発明	6439
ほんば	本場	6138
ほんばん	本番	5438
ほんひん	本品	7321
ほんぶ	本部	5340
ほんぶちょう	本部長	7381
ほんぶり	本降り	7533
ほんぶろぐ	本ブログ	7035
ほんぶん	本文	6021
ほんぶん	本分	7423
ほんぶんちゅう	本文中	7459
ほんぷろぐらむ	本プログラム	7290
ほんぷろじぇくと	本プロジェクト	7029
ほんぺん	本編	5627
ほんぺーじ	本ページ	6573
ほんほうしん	本方針	7241
ほんぽ	本舗	6384
ほんぽう	奔放	6683
ほんぽう	本邦	6832
ほんぽりしー	本ポリシー	6920
ほんま	ほんま	5908
ほんま	本間	6591
ほんま	ホンマ	6735
ほんま	本馬	7394
ほんまち	本町	6801
ほんまつてんとう	本末転倒	6772
ほんまに	ホンマに	6793
ほんまる	本丸	6322
ほんみょう	本名	5857
ほんめい	本命	6176
ほんもう	本望	7406
ほんもの	本物	5341
ほんもの	ホンモノ	6915
ほんもん	本文	6310
ほんや	本屋	6258
ほんやく	翻訳	5352
ほんやくしゃ	翻訳者	7419
ほんよみ	本読み	7552
ほんらい	本来	4986
ほんりゅう	本流	6807
ほんりょう	本領	6756
ほんりようきやく	本利用規約	7471
ほんりりーす	本リリース	7507
ほんるい	本塁	7298
ほんるいだ	本塁打	6247
ほんれぽーと	本レポート	7320
ほんれんさい	本連載	7228
ほんろう	翻弄	6324
ほんろん	本論	7478
ほんろんぶん	本論文	7274
ほんわか	ほんわか	6744
ほー	ホー	6553
ほーく	ホーク	6820
ほーくす	ホークス	6552
ほーす	ホース	5877
ほーちみん	ホーチミン	6633
ほーねっと	ホーネット	7467
ほーぷ	ホープ	6731
ほーみんぐ	ホーミング	7341
ほーむ	ホーム	5019
ほーむぐらうんど	ホームグラウンド	7487
ほーむけあ	ホームケア	7334
ほーむしっく	ホームシック	7492
ほーむすてい	ホームステイ	6697
ほーむず	ホームズ	6530
ほーむせんたー	ホームセンター	6040
ほーむたうん	ホームタウン	7169
ほーむどらま	ホームドラマ	7555
ほーむぱーてぃー	ホームパーティー	7416
ほーむへるぱー	ホームヘルパー	7483
ほーむべーかりー	ホームベーカリー	7487
ほーむぺーじ	ホームページ	4924
ほーむぺーじせいさく	ホームページ制作	7447
ほーむぼたん	ホームボタン	7448
ほーむらん	ホームラン	5995
ほーむるーむ	ホームルーム	7332
ほーむれす	ホームレス	6489
ほーりー	ホーリー	7561
ほーる	ホール	5145
ほーるいんわん	ホールインワン	7544
ほーるでぃんぐす	ホールディングス	6150
ほーるど	ホールド	6242
ほーろー	ホーロー	7240
ほーん	ホーン	6610
ぼ	墓	5929
ぼ	歩	5942
ぼ	簿	6192
ぼあ	ボア	6596
ぼいこっと	ボイコット	7257
ぼいす	ボイス	5771
ぼいすれこーだー	ボイスレコーダー	7461
ぼいとれ	ボイトレ	7225
ぼいど	ボイド	7365
ぼいら	ボイラ	7467
ぼいらー	ボイラー	6613
ぼいる	ボイル	6908
ぼいん	母音	6689
ぼう	棒	5573
ぼう	某	5651
ぼう	坊	6080
ぼう	防	6126
ぼう	ぼう	6128
ぼう	帽	6214
ぼう	房	6460
ぼう	ボウ	6678
ぼうい	ボウイ	7461
ぼういん	暴飲	7205
ぼういんぼうしょく	暴飲暴食	7513
ぼうえい	防衛	5508
ぼうえいしょう	防衛省	7069
ぼうえいちょう	防衛庁	7448
ぼうえき	貿易	5798
ぼうえき	防疫	7214
ぼうえん	望遠	6432
ぼうえん	防炎	7493
ぼうえんきょう	望遠鏡	6366
ぼうえんれんず	望遠レンズ	7366
ぼうおん	防音	6327
ぼうか	防火	6300
ぼうかん	防寒	6230
ぼうかん	傍観	6962
ぼうかんたいさく	防寒対策	7255
ぼうがい	妨害	5870
ぼうがん	ボウガン	7422
ぼうきゃく	忘却	6829
ぼうきょ	暴挙	7141
ぼうきょう	望郷	7506
ぼうぎょ	防御	5405
ぼうぎょ	ぼうぎょ	7365
ぼうぎょりょく	防御力	6549
ぼうくう	防空	6917
ぼうくうごう	防空壕	7336
ぼうくん	暴君	7051
ぼうぐ	防具	6028
ぼうぐらふ	棒グラフ	7116
ぼうけん	冒険	5315
ぼうけんしゃ	冒険者	6822
ぼうけんしゃたち	冒険者たち	7508
ぼうげん	暴言	6195
ぼうこう	暴行	6204
ぼうこう	膀胱	6364
ぼうこうえん	膀胱炎	7406
ぼうこく	亡国	7461
ぼうご	防護	6484
ぼうさい	防災	5372
ぼうさいくんれん	防災訓練	7437
ぼうさいたいさく	防災対策	7534
ぼうさつ	忙殺	7408
ぼうさん	坊さん	6568
ぼうし	防止	4862
ぼうし	帽子	5535
ぼうし	ぼうし	7023
ぼうしつ	防湿	7160
ぼうしゅう	防臭	6984
ぼうしょ	某所	6868
ぼうしょく	暴食	6992
ぼうしょく	防食	7513
ぼうじつ	某日	7372
ぼうじゃくぶじん	傍若無人	7431
ぼうじゅ	傍受	7282
ぼうじょ	防除	6615
ぼうじょう	棒状	6858
ぼうじん	防塵	6892
ぼうすい	防水	5501
ぼうすいかこう	防水加工	7560
ぼうすいこうじ	防水工事	7442
ぼうすいせい	防水性	6881
ぼうすいせいのう	防水性能	7496
ぼうすいたいさく	防水対策	7044
ぼうず	坊主	6294
ぼうず	ボウズ	7259
ぼうず	ぼうず	7488
ぼうせい	防錆	7039
ぼうせき	紡績	7100
ぼうせん	防戦	7487
ぼうぜん	呆然	6880
ぼうぜん	茫然	7399
ぼうぜんと	呆然と	7249
ぼうそう	暴走	5876
ぼうそう	房総	6824
ぼうそう	防草	7132
ぼうそうしーと	防草シート	7554
ぼうそうぞく	暴走族	7330
ぼうそうはんとう	房総半島	7171
ぼうだい	膨大	5911
ぼうだち	棒立ち	7306
ぼうだん	防弾	6872
ぼうだんしょうねんだん	防弾少年団	7468
ぼうちゅう	防虫	6971
ぼうちゅうざい	防虫剤	7404
ぼうちょう	膨張	6303
ぼうちょう	傍聴	6608
ぼうちょう	防潮	7342
ぼうてき	防滴	7287
ぼうと	暴徒	7386
ぼうとう	冒頭	5510
ぼうとう	暴投	7469
ぼうとく	冒涜	7180
ぼうどう	暴動	6783
ぼうねんかい	忘年会	6367
ぼうはつ	暴発	7244
ぼうはてい	防波堤	6797
ぼうはん	防犯	5809
ぼうはんかめら	防犯カメラ	6889
ぼうはんたいさく	防犯対策	7395
ぼうばく	防爆	7553
ぼうばり	棒針	7563
ぼうび	防備	6792
ぼうふ	防腐	6763
ぼうふう	暴風	6579
ぼうふう	防風	6796
ぼうふうう	暴風雨	7132
ぼうふざい	防腐剤	7291
ぼうへき	防壁	7437
ぼうめい	亡命	6719
ぼうや	坊や	6971
ぼうよみ	棒読み	7156
ぼうらく	暴落	6592
ぼうりゃく	謀略	7177
ぼうりょく	暴力	5575
ぼうりょくだん	暴力団	6176
ぼうりょくだんいん	暴力団員	7320
ぼうりょくてき	暴力的	6860
ぼうりんぐ	ボウリング	6577
ぼうる	ボウル	5728
ぼうれい	亡霊	6765
ぼかし	ぼかし	6638
ぼかし	ボカシ	7398
ぼかす	ぼかす	7278
ぼかん	母艦	7036
ぼき	簿記	6337
ぼきゃぶらりー	ボキャブラリー	7356
ぼきん	募金	6076
ぼきんかつどう	募金活動	7411
ぼぎー	ボギー	6974
ぼく	僕	4301
ぼく	ぼく	5390
ぼく	ボク	5725
ぼく	墨	6994
ぼく	朴	7187
ぼく	卜	7334
ぼく	牧	7511
ぼくさー	ボクサー	6382
ぼくし	牧師	6530
ぼくしんぐ	ボクシング	5995
ぼくじゅう	墨汁	7499
ぼくじょう	牧場	6014
ぼくそう	牧草	6680
ぼくたち	僕達	6748
ぼくたち	僕たち	7333
ぼくちく	牧畜	7505
ぼくとう	木刀	7222
ぼくめつ	撲滅	6687
ぼくや	牧野	7366
ぼくら	僕ら	5708
ぼくら	僕等	7477
ぼけ	ボケ	5895
ぼけ	ぼけ	7107
ぼけつ	墓穴	7346
ぼける	ボケる	7458
ぼこ	ボコ	7399
ぼこう	母校	6290
ぼこく	母国	6379
ぼこくご	母国語	7086
ぼこぼこ	ボコボコ	6494
ぼこぼこ	ぼこぼこ	7516
ぼこら	ボコら	7127
ぼご	母語	6982
ぼさつ	菩薩	6269
ぼさのば	ボサノバ	7537
ぼさぼさ	ボサボサ	7276
ぼし	星	5916
ぼし	母子	6052
ぼし	干し	6608
ぼし	母指	7413
ぼしかてい	母子家庭	7119
ぼしてちょう	母子手帳	7380
ぼしゅう	募集	4761
ぼしゅうしゅうりょう	募集終了	7482
ぼしゅうだん	母集団	7084
ぼしゅうちゅう	募集中	6188
ぼしゅうようこう	募集要項	6969
ぼしょ	墓所	6834
ぼしんせんそう	戊辰戦争	7203
ぼす	ボス	5169
ぼすう	母数	7284
ぼすせん	ボス戦	6782
ぼすとん	ボストン	6443
ぼすとんばっぐ	ボストンバッグ	7394
ぼせい	母性	6690
ぼせき	墓石	6932
ぼぜん	墓前	7432
ぼそっ	ボソッ	7238
ぼそぼそ	ボソボソ	7243
ぼた	ボタ	7384
ぼたい	母体	6462
ぼたにかる	ボタニカル	7161
ぼたん	ボタン	4721
ぼたん	牡丹	6676
ぼたん	ぼたん	6964
ぼたん	釦	7348
ぼたんひとつ	ボタン一つ	7552
ぼだい	菩提	7315
ぼだいじ	菩提寺	6949
ぼだいじゅ	菩提樹	7564
ぼち	墓地	5655
ぼちぼち	ぼちぼち	6525
ぼちぼち	ボチボチ	6955
ぼっ	ぼっ	6222
ぼっか	牧歌	7249
ぼっき	勃起	6809
ぼっくす	ボックス	5167
ぼっくす	BOX	5911
ぼっくす	Box	7071
ぼっし	没し	7224
ぼっしゅ	ボッシュ	7260
ぼっしゅう	没収	6622
ぼったくり	ぼったくり	7048
ぼったくり	ボッタクリ	7536
ぼっち	ボッチ	7245
ぼっちゃ	ボッチャ	7175
ぼっちゃん	坊っちゃん	6906
ぼっちゃん	坊ちゃん	7242
ぼっと	ボット	6906
ぼっとう	没頭	6252
ぼっぱつ	勃発	6502
ぼつ	没	6837
ぼつ	ボツ	6871
ぼつご	没後	6965
ぼつにゅう	没入	6413
ぼつにゅうかん	没入感	7124
ぼつねん	没年	7464
ぼつらく	没落	6910
ぼつりぬす	ボツリヌス	7470
ぼでぃ	ボディ	5150
ぼでぃからー	ボディカラー	7084
ぼでぃがーど	ボディガード	7315
ぼでぃけあ	ボディケア	7484
ぼでぃさいず	ボディサイズ	7543
ぼでぃそーぷ	ボディソープ	7362
ぼでぃびる	ボディビル	7174
ぼでぃびるだー	ボディビルダー	7410
ぼでぃめいく	ボディメイク	7278
ぼでぃらいん	ボディライン	7180
ぼでぃー	ボディー	6301
ぼでぃーがーど	ボディーガード	7396
ぼでぃーそーぷ	ボディーソープ	7404
ぼでー	ボデー	7493
ぼとけ	仏	7177
ぼとっくす	ボトックス	6848
ぼとむ	ボトム	6248
ぼとむあっぷ	ボトムアップ	7225
ぼとむす	ボトムス	6583
ぼとる	ボトル	5604
ぼとるねっく	ボトルネック	6882
ぼどげ	ボドゲ	7377
ぼな	ボナ	7361
ぼにゅう	母乳	6176
ぼにー	ボニー	7024
ぼね	骨	6011
ぼば	牡馬	6526
ぼひ	墓碑	7308
ぼひょう	墓標	7426
ぼびん	ボビン	7432
ぼびー	ボビー	7036
ぼぶ	ボブ	6014
ぼへみあん	ボヘミアン	7323
ぼむ	ボム	6689
ぼや	ボヤ	7408
ぼやい	ぼやい	7438
ぼやき	ぼやき	7461
ぼやけ	ぼやけ	6692
ぼやける	ぼやける	7445
ぼら	ボラ	6611
ぼら	ぼら	7506
ぼらてぃりてぃ	ボラティリティ	7282
ぼらんち	ボランチ	6930
ぼらんてぃあ	ボランティア	5365
ぼり	ぼり	7060
ぼりす	ボリス	7323
ぼりびあ	ボリビア	7055
ぼりゅーみー	ボリューミー	6677
ぼりゅーむ	ボリューム	5232
ぼりゅーむかん	ボリューム感	6782
ぼりゅーむたっぷり	ボリュームたっぷり	7298
ぼりゅーむまんてん	ボリューム満点	6883
ぼる	ぼる	7157
ぼるしち	ボルシチ	7533
ぼるた	ボルタ	7487
ぼるだりんぐ	ボルダリング	7010
ぼるだー	ボルダー	7485
ぼるてーじ	ボルテージ	7094
ぼると	ボルト	5697
ぼるどー	ボルドー	6709
ぼるねお	ボルネオ	7366
ぼるぼ	ボルボ	6816
ぼれ	惚れ	6917
ぼれ	ぼれ	7168
ぼれい	牡蠣	7395
ぼれよ	惚れよ	6932
ぼれりゃ	惚れりゃ	6932
ぼれる	惚れる	6932
ぼれれ	惚れれ	6932
ぼれろ	惚れろ	6932
ぼれろ	ボレロ	7105
ぼれん	惚れん	6932
ぼれー	ボレー	7111
ぼろ	ボロ	6512
ぼろ	ぼろ	7250
ぼろい	ボロい	7469
ぼろくそ	ボロクソ	7457
ぼろねーぜ	ボロネーゼ	7362
ぼろぼろ	ボロボロ	5961
ぼろぼろ	ぼろぼろ	7243
ぼろーにゃ	ボローニャ	7209
ぼん	本	5146
ぼん	ボン	6246
ぼん	盆	6369
ぼん	ぼん	6451
ぼんおどり	盆踊り	6360
ぼんさい	盆栽	6484
ぼんしょう	梵鐘	7512
ぼんじ	梵字	7428
ぼんじん	凡人	6765
ぼんたい	凡退	7089
ぼんち	盆地	6825
ぼんてん	梵天	7215
ぼんでぃんぐ	ボンディング	7538
ぼんど	ボンド	6171
ぼんねっと	ボンネット	6397
ぼんのう	煩悩	6786
ぼんぷ	凡夫	7468
ぼんべ	ボンベ	6780
ぼんぼり	ぼんぼり	7498
ぼんぼん	ボンボン	6747
ぼんまえ	盆前	7477
ぼんやり	ぼんやり	6409
ぼんよう	凡庸	7339
ぼー	ボー	6235
ぼーい	ボーイ	6178
ぼーいすかうと	ボーイスカウト	7253
ぼーいず	ボーイズ	6596
ぼーいずぐるーぷ	ボーイズグループ	7387
ぼーいっしゅ	ボーイッシュ	7174
ぼーいふれんど	ボーイフレンド	7145
ぼーいんぐ	ボーイング	6831
ぼーかりすと	ボーカリスト	7002
ぼーかる	ボーカル	5802
ぼーかろいど	ボーカロイド	7216
ぼーだー	ボーダー	6103
ぼーだーらいん	ボーダーライン	7107
ぼーっ	ボーッ	6995
ぼーっと	ぼーっと	6610
ぼーと	ボート	5742
ぼーとれーす	ボートレース	6757
ぼーど	ボード	5218
ぼーどげーむ	ボードゲーム	6883
ぼーなす	ボーナス	5372
ぼーぼぼ	ボーボボ	7477
ぼーりんぐ	ボーリング	6627
ぼーる	ボール	4854
ぼーるど	ボールド	7545
ぼーるぺん	ボールペン	6268
ぼーん	ボーン	6836
ぽ	ぽ	5482
ぽ	歩	5753
ぽ	ポ	6888
ぽあろ	ポアロ	7479
ぽい	ぽい	6209
ぽい	ポイ	6544
ぽいすて	ポイ捨て	6960
ぽいんせちあ	ポインセチア	7530
ぽいんた	ポインタ	6630
ぽいんたー	ポインター	6908
ぽいんと	ポイント	4312
ぽいんとかーど	ポイントカード	7184
ぽいんとさいと	ポイントサイト	7363
ぽぅ	ポゥ	6907
ぽう	方	6811
ぽう	ぽう	6986
ぽえむ	ポエム	6960
ぽか	ポカ	7489
ぽか	ぽか	7515
ぽかっ	ぽかっ	6907
ぽかぽか	ぽかぽか	6672
ぽかぽか	ポカポカ	6713
ぽから	ぽから	6907
ぽかりすえっと	ポカリスエット	7395
ぽかれ	ぽかれ	6907
ぽかろ	ぽかろ	6907
ぽかんと	ぽかんと	7559
ぽき	ぽき	6907
ぽき	ポキ	6907
ぽきゃ	ぽきゃ	6907
ぽく	ぽく	6676
ぽけ	ポケ	6587
ぽけか	ポケカ	6816
ぽけすとっぷ	ポケストップ	7338
ぽけっと	ポケット	5237
ぽけっともんすたー	ポケットモンスター	6765
ぽけべる	ポケベル	7436
ぽけもん	ポケモン	5383
ぽけもんかーど	ポケモンカード	6805
ぽけもんかーどげーむ	ポケモンカードゲーム	7419
ぽけりゃ	ぽけりゃ	6907
ぽけれ	ぽけれ	6907
ぽこ	ポコ	7305
ぽこぽこ	ポコポコ	7282
ぽし	ぽし	7062
ぽしぇっと	ポシェット	7048
ぽじ	ポジ	6702
ぽじしょにんぐ	ポジショニング	6785
ぽじしょん	ポジション	5412
ぽじてぃぶ	ポジティブ	5671
ぽすたー	ポスター	5365
ぽすたーびじゅある	ポスタービジュアル	7330
ぽすてぃんぐ	ポスティング	6885
ぽすと	ポスト	5396
ぽすとかーど	ポストカード	6228
ぽすととうかん	ポスト投函	7414
ぽすどく	ポスドク	7473
ぽせいどん	ポセイドン	7236
ぽぜっしょん	ポゼッション	7479
ぽたーじゅ	ポタージュ	6684
ぽち	ポチ	6379
ぽちっ	ポチッ	6234
ぽちっ	ポチっ	6697
ぽちっ	ぽちっ	6875
ぽちっと	ポチッと	6516
ぽちっと	ぽちっと	7093
ぽちぽち	ポチポチ	7035
ぽちり	ポチり	7500
ぽっ	ポッ	7372
ぽっかり	ぽっかり	7135
ぽっきり	ポッキリ	7559
ぽっきー	ポッキー	6916
ぽっけ	ポッケ	7289
ぽっこり	ぽっこり	7101
ぽっこり	ポッコリ	7539
ぽったー	ポッター	7116
ぽっち	ポッチ	7496
ぽっちゃり	ぽっちゃり	6631
ぽってり	ぽってり	7384
ぽっと	ポット	5956
ぽっと	ぽっと	7478
ぽっど	ポッド	6973
ぽっどきゃすと	ポッドキャスト	6855
ぽっぷ	ポップ	5831
ぽっぷあっぷ	ポップアップ	6119
ぽっぷあっぷすとあ	ポップアップストア	7253
ぽっぷこーん	ポップコーン	6478
ぽっぷす	ポップス	6521
ぽっぽ	ぽっぽ	7175
ぽっぽ	ポッポ	7204
ぽつだむ	ポツダム	7533
ぽつぽつ	ポツポツ	6813
ぽつぽつ	ぽつぽつ	7252
ぽつり	ポツリ	6960
ぽつり	ぽつり	7294
ぽつん	ポツン	6826
ぽつんと	ぽつんと	7227
ぽてさら	ポテサラ	7093
ぽてち	ポテチ	6935
ぽてと	ポテト	5916
ぽてとさらだ	ポテトサラダ	6980
ぽてとちっぷす	ポテトチップス	6707
ぽてんしゃる	ポテンシャル	6085
ぽとす	ポトス	7533
ぽとふ	ポトフ	7206
ぽに	ポニ	7550
ぽにて	ポニテ	7527
ぽにょ	ポニョ	7231
ぽにー	ポニー	7077
ぽにーてーる	ポニーテール	6724
ぽぴゅらー	ポピュラー	6751
ぽぴー	ポピー	7195
ぽぷら	ポプラ	7213
ぽぷらしゃ	ポプラ社	7529
ぽむ	ポム	7521
ぽむぽむぷりん	ポムポムプリン	7311
ぽめ	ポメ	7517
ぽめらにあん	ポメラニアン	7014
ぽらりす	ポラリス	7408
ぽり	ポリ	5919
ぽりうれたん	ポリウレタン	6783
ぽりえすてる	ポリエステル	6078
ぽりえちれん	ポリエチレン	6879
ぽりお	ポリオ	7208
ぽりかーぼねーと	ポリカーボネート	7176
ぽりこれ	ポリコレ	7069
ぽりごん	ポリゴン	6744
ぽりしー	ポリシー	5618
ぽりす	ポリス	6616
ぽりっしゅ	ポリッシュ	6936
ぽりねしあ	ポリネシア	7404
ぽりふぇのーる	ポリフェノール	7173
ぽりぶくろ	ポリ袋	6924
ぽりぷろぴれん	ポリプロピレン	6993
ぽりぽり	ポリポリ	7390
ぽりまー	ポリマー	6810
ぽりーぷ	ポリープ	6876
ぽるか	ポルカ	7274
ぽるしぇ	ポルシェ	6334
ぽるちーに	ポルチーニ	7377
ぽると	ポルト	7305
ぽるとがる	ポルトガル	6109
ぽるとがるご	ポルトガル語	7195
ぽるの	ポルノ	6691
ぽるのぐらふぃてぃ	ポルノグラフィティ	7566
ぽろ	ポロ	6688
ぽろしゃつ	ポロシャツ	6657
ぽろっ	ポロッ	7492
ぽろぽろ	ポロポロ	6856
ぽろぽろ	ぽろぽろ	7426
ぽろり	ポロリ	7137
ぽん	本	5170
ぽん	ぽん	5887
ぽん	ポン	6354
ぽんこつ	ポンコツ	6620
ぽんず	ポン酢	6252
ぽんち	ポンチ	7325
ぽんちょ	ポンチョ	7046
ぽんど	ポンド	6489
ぽんぷ	ポンプ	5749
ぽんぺい	ポンペイ	7457
ぽんぽん	ポンポン	6523
ぽー	ポー	6830
ぽーかー	ポーカー	6470
ぽーく	ポーク	6378
ぽーしょん	ポーション	6839
ぽーじんぐ	ポージング	6595
ぽーず	ポーズ	5447
ぽーたぶる	ポータブル	6351
ぽーたる	ポータル	6438
ぽーたるさいと	ポータルサイト	6536
ぽーたー	ポーター	6784
ぽーち	ポーチ	5784
ぽーと	ポート	5535
ぽーとふぉりお	ポートフォリオ	6157
ぽーとらんど	ポートランド	7194
ぽーとれーと	ポートレート	6480
ぽーら	ポーラ	6991
ぽーらんど	ポーランド	6146
ぽーりんぐ	ポーリング	7385
ぽーる	ポール	6031
ぽーるぽじしょん	ポールポジション	7345
ぽーん	ポーン	7189
ま	ま	5255
ま	魔	5518
ま	間	5922
ま	真	6271
ま	混	6413
ま	摩	6827
ま	馬	7327
まぁ	まぁ	4932
まぁし	まぁし	6907
まぁしょ	まぁしょ	6907
まぁす	まぁす	6907
まぁすれ	まぁすれ	6907
まぁせ	まぁせ	6907
まぁまぁ	まぁまぁ	6452
まあ	まあ	4751
まあい	間合い	6710
まあたらしい	真新しい	7003
まあや	真綾	7519
まい	枚	4329
まい	マイ	5512
まい	巻い	5701
まい	まい	5780
まい	米	5950
まい	毎	6049
まい	舞	6114
まい	麻衣	6536
まいあがっ	舞い上がっ	7087
まいあがり	舞い上がり	7476
まいあがる	舞い上がる	7320
まいあさ	毎朝	6018
まいあみ	マイアミ	6837
まいいり	枚入り	7515
まいおり	舞い降り	7038
まいか	舞香	7205
まいかい	毎回	5122
まいかー	マイカー	6648
まいきょ	枚挙	7369
まいきー	マイキー	7510
まいく	マイク	5585
まいくら	マイクラ	6468
まいくろ	マイクロ	5885
まいくろそふと	マイクロソフト	6370
まいくろは	マイクロ波	7052
まいくろばす	マイクロバス	7226
まいくろふぉーさーず	マイクロフォーサーズ	7521
まいぐれーしょん	マイグレーション	7173
まいける	マイケル	6079
まいけるじゃくそん	マイケル・ジャクソン	7263
まいこ	舞妓	7207
まいこ	麻衣子	7238
まいこ	舞子	7275
まいこぷらずま	マイコプラズマ	7544
まいこむ	舞い込む	7438
まいこん	マイコン	6735
まいこん	舞い込ん	7061
まいご	迷子	6203
まいごう	毎号	7360
まいさわ	米沢	7551
まいしま	舞洲	7520
まいしゅう	毎週	5335
まいしゅうまつ	毎週末	7514
まいしょく	毎食	7125
まいしん	邁進	6470
まいじ	毎時	7187
まいすう	枚数	5757
まいすたー	マイスター	6746
まいせつ	埋設	6974
まいそう	埋葬	6397
まいぞう	埋蔵	6799
まいたけ	舞茸	6716
まいたけ	まいたけ	7107
まいだ	前田	7272
まいちる	舞い散る	7451
まいっ	参っ	6827
まいっ	まいっ	6907
まいった	まいった	7268
まいつき	毎月	5308
まいつむ	マイツム	7545
まいづる	舞鶴	6913
まいと	マイト	6811
まいとし	毎年	5007
まいど	毎度	6044
まいど	まいど	7053
まいどのこと	毎度のこと	7424
まいな	マイナ	7041
まいなす	マイナス	5396
まいなすいおん	マイナスイオン	7282
まいなすどらいばー	マイナスドライバー	7334
まいなび	マイナビ	6625
まいなぽいんと	マイナポイント	7462
まいなぽーたる	マイナポータル	7403
まいなんばーかーど	マイナンバーカード	6333
まいなー	マイナー	6128
まいなーちぇんじ	マイナーチェンジ	7322
まいにち	毎日	4580
まいにちしんぶん	毎日新聞	6616
まいにちしんぶんしゃ	毎日新聞社	7298
まいにちたべ	毎日食べ	7056
まいにちほうそう	毎日放送	7398
まいにちみ	毎日見	7516
まいにんぐ	マイニング	6755
まいねん	毎年	6202
まいのりてぃ	マイノリティ	6789
まいのりてぃー	マイノリティー	7483
まいはま	舞浜	7291
まいばん	毎晩	6423
まいひめ	舞姫	7490
まいびょう	毎秒	7138
まいふん	毎分	7276
まいぶーむ	マイブーム	7028
まいぺーじ	マイページ	6250
まいぺーす	マイペース	6232
まいほーむ	マイホーム	6432
まいぼつ	埋没	6675
まいめ	枚目	5866
まいめろ	マイメロ	7290
まいやー	マイヤー	7414
まいよ	毎夜	7386
まいら	まいら	6907
まいら	参ら	6907
まいり	まいり	5220
まいり	参り	5575
まいり	詣り	7002
まいりすと	マイリスト	7392
まいりゃ	まいりゃ	6907
まいりゃ	参りゃ	6907
まいる	マイル	6002
まいる	まいる	6907
まいる	参る	6907
まいるす	マイルス	7430
まいるすとーん	マイルストーン	7521
まいるど	マイルド	6376
まいれ	まいれ	6907
まいれ	参れ	6907
まいれーじ	マイレージ	7114
まいろ	まいろ	6907
まいろ	参ろ	6907
まいん	マイン	6493
まいん	まいん	6907
まいん	参ん	6907
まいんくらふと	マインクラフト	7471
まいんど	マインド	5947
まいんどこんとろーる	マインドコントロール	7452
まいんどせっと	マインドセット	7369
まいんどふるねす	マインドフルネス	6784
まいんどまっぷ	マインドマップ	7426
まう	舞う	6305
まう	まう	6724
まうい	マウイ	7233
まうえ	真上	6497
まうしろ	真後ろ	7132
まうす	マウス	5438
まうすかーそる	マウスカーソル	7346
まうすぴーす	マウスピース	6902
まうんてぃんぐ	マウンティング	7210
まうんてん	マウンテン	6557
まうんてんばいく	マウンテンバイク	7006
まうんと	マウント	5748
まうんど	マウンド	6435
まえ	前	3872
まえ	まえ	6341
まえあし	前足	6641
まえあし	前脚	7195
まえうり	前売り	6608
まえうり	前売	6894
まえうりけん	前売り券	7494
まえおき	前置き	6396
まえかがみ	前かがみ	7350
まえかけ	前掛け	7469
まえかた	前方	6658
まえかわ	前川	6789
まえがき	まえがき	7401
まえがき	前書き	7463
まえがみ	前髪	5761
まえがわ	前側	6905
まえがわ	前川	7221
まえさわ	前澤	7562
まえざわ	前澤	7421
まえすとろ	マエストロ	7189
まえた	前田	6680
まえだ	前田	5923
まえだ	前だ	6644
まえだ	眞栄田	7526
まえだあつこ	前田敦子	7157
まえだおし	前倒し	6710
まえだっ	前だっ	6777
まえだて	前立て	7556
まえで	前で	6995
まえどまり	前泊	7210
まえどり	前撮り	6542
まえな	前な	6954
まえなら	前なら	7128
まえになっ	前になっ	5781
まえになら	前になら	7129
まえになり	前になり	5897
まえになる	前になる	5998
まえの	前野	7057
まえのかた	前の方	7394
まえのきじ	前の記事	7061
まえのくるま	前の車	7487
まえのひと	前の人	7426
まえのめり	前のめり	6940
まえはら	前原	7451
まえば	前歯	6415
まえばし	前橋	6301
まえばしし	前橋市	7539
まえばら	前原	7512
まえばらい	前払い	6785
まえばらい	前払	7295
まえぶれ	前触れ	7062
まえまえ	前々	6509
まえまえからき	前々から気	7223
まえむき	前向き	5548
まえもって	前もって	6448
まえる	まえる	7099
まお	まお	6880
まお	真央	6916
まお	マオ	7188
まお	毛	7460
まお	真緒	7466
まお	麻央	7541
まおう	魔王	5832
まおり	マオリ	7473
まか	巻か	6626
まか	マカ	7232
まか	まか	7285
まか	撒か	7437
まかい	魔界	6469
まかお	マカオ	6643
まかさ	任さ	6155
まかせ	任せ	5226
まかせ	まかせ	6454
まかせる	任せる	6213
まかせろ	任せろ	7492
まかない	まかない	6889
まかない	賄い	7304
まかない	賄	7481
まかなう	賄う	7079
まかなう	まかなう	7419
まかなえる	賄える	7433
まかなっ	賄っ	7447
まかなわ	賄わ	7551
まかふしぎ	摩訶不思議	7362
まかべ	真壁	7133
まかろに	マカロニ	6628
まかろん	マカロン	6503
まがい	まがい	7022
まがお	真顔	6699
まがじん	マガジン	5904
まがたま	勾玉	6941
まがっ	曲がっ	6004
まがっ	曲っ	7126
まがね	鉄	7548
まがまがしい	禍々しい	7443
まがら	曲がら	7057
まがり	曲がり	6184
まがり	間借り	7096
まがり	鉤	7250
まがり	まがり	7554
まがりかど	曲がり角	7128
まがりくねっ	曲がりくねっ	7276
まがりわ	曲輪	6847
まがる	曲がる	6283
まき	巻き	5505
まき	巻	6009
まき	まき	6091
まき	薪	6327
まき	マキ	6561
まき	真希	6703
まき	牧	6779
まき	撒き	6921
まきあげ	巻き上げ	6735
まきあげる	巻き上げる	7344
まきえ	蒔絵	7086
まきえ	撒き餌	7451
まきおこし	巻き起こし	6681
まきおこす	巻き起こす	7118
まきかえし	巻き返し	7161
まきがい	巻き貝	7481
まきこ	真紀子	7539
まきこま	巻き込ま	5761
まきこみ	巻き込み	6574
まきこむ	巻き込む	6595
まきこん	巻き込ん	6245
まきし	マキシ	7100
まきしまむ	マキシマム	7374
まきすとーぶ	薪ストーブ	7201
まきせん	巻線	7264
まきぞえ	巻き添え	7261
まきた	マキタ	7090
まきちらし	撒き散らし	7344
まきちらす	撒き散らす	7555
まきつけ	巻き付け	6913
まきつけ	巻きつけ	7182
まきつける	巻き付ける	7515
まきつける	巻きつける	7540
まきとり	巻き取り	7448
まきの	牧野	6527
まきの	槙野	7532
まきはら	槇原	7525
まきば	牧場	6450
まきま	マキマ	7162
まきもどし	巻き戻し	6919
まきもの	巻物	6662
まきょう	魔境	7208
まきわり	薪割り	7281
まぎ	マギ	6981
まぎか	マギカ	6940
まぎゃく	真逆	6293
まぎらわしい	紛らわしい	6912
まぎれ	紛れ	6571
まぎれ	まぎれ	7053
まぎれこん	紛れ込ん	7112
まぎわ	間際	6345
まぎー	マギー	6884
まく	膜	5668
まく	幕	5909
まく	巻く	6168
まく	まく	6600
まく	マク	6763
まく	撒く	7005
まく	蒔く	7412
まくあい	幕間	7131
まくあけ	幕開け	6634
まくうち	幕内	7239
まくした	幕下	7374
まくっ	まくっ	5541
まくど	マクド	7245
まくどなるど	マクドナルド	6138
まくのうち	幕の内	7482
まくはり	幕張	6796
まくはりめっせ	幕張メッセ	6917
まくひき	幕引き	7501
まくべす	マクベス	7435
まくら	枕	6045
まくら	まくら	6846
まくらぎ	枕木	7201
まくらことば	枕詞	7459
まくらのそうし	枕草子	7327
まくらめ	マクラメ	7435
まくらもと	枕元	6937
まくらーれん	マクラーレン	6907
まくり	まくり	5821
まくりゃ	まくりゃ	6907
まくる	まくる	6016
まくれ	まくれ	6907
まくろ	マクロ	5893
まくろ	まくろ	6907
まくろふぁーじ	マクロファージ	7287
まくろん	マクロン	7520
まくをおろし	幕を下ろし	7489
まくをとじ	幕を閉じ	6759
まくをとじる	幕を閉じる	7494
まくん	まくん	6907
まぐ	マグ	6583
まぐかっぷ	マグカップ	6392
まぐち	間口	6759
まぐな	マグナ	7196
まぐなむ	マグナム	7231
まぐにちゅーど	マグニチュード	7030
まぐねしうむ	マグネシウム	6403
まぐねっと	マグネット	6044
まぐま	マグマ	6586
まぐれ	まぐれ	7442
まぐろ	マグロ	5929
まぐろ	まぐろ	6379
まぐろ	鮪	6864
まけ	負け	5177
まけ	負	6507
まけ	まけ	7272
まけいぬ	負け犬	6997
まけおしみ	負け惜しみ	7454
まけこし	負け越し	7394
まけずぎらい	負けず嫌い	7086
まけそう	負けそう	7221
まけちゃっ	負けちゃっ	7562
まけどにあ	マケドニア	7539
まけないで	負けないで	7305
まける	負ける	5895
まける	巻ける	7521
まけれ	負けれ	7371
まけん	魔剣	6874
まけん	まけん	7555
まけんき	負けん気	7453
まげ	曲げ	5974
まげ	まげ	7511
まげる	曲げる	6658
まこ	まこ	6616
まこ	マコ	7054
まこと	真	6194
まこと	誠	6396
まこと	まこと	6609
まこと	良	6644
まこと	実	6790
まこと	亮	6836
まこと	マコト	7093
まこと	真琴	7189
まことに	誠に	5247
まことに	まことに	6671
まことに	真に	6707
まこまない	真駒内	7558
まご	孫	5565
まごこ	孫子	7496
まごころ	真心	6665
まごころ	まごころ	6962
まごたち	孫たち	7162
まごち	マゴチ	7250
まごむすめ	孫娘	7023
まさ	まさ	6647
まさ	マサ	6710
まさ	正	7061
まさ	昌	7304
まさ	雅	7351
まさあき	正明	7396
まさい	マサイ	7416
まさお	正雄	7218
まさお	まさお	7426
まさおか	正岡	7474
まさか	まさか	5435
まさかじぶん	まさか自分	7194
まさかず	正和	7207
まさかず	真一	7421
まさかど	将門	7334
まさかの	まさかの	5587
まさき	まさき	7027
まさき	正樹	7037
まさき	雅紀	7289
まさき	マサキ	7419
まさき	将暉	7465
まさき	真希	7512
まさき	正木	7529
まさぐっ	弄っ	7105
まさこ	雅子	6621
まさこ	政子	7347
まさこ	聖子	7363
まさこ	まさこ	7396
まさし	まさし	6881
まさし	仁	7071
まさしく	まさしく	6283
まさちゅーせっつ	マサチューセッツ	7241
まさっ	勝っ	6116
まさつ	摩擦	6000
まさと	一人	5814
まさと	雅人	7164
まさと	正人	7297
まさと	まさと	7352
まさと	聖人	7413
まさと	賢人	7417
まさとし	雅功	7449
まさに	まさに	4993
まさに	当に	6059
まさに	正に	6372
まさのぶ	政信	7485
まさはる	雅治	7001
まさひこ	雅彦	7027
まさひこ	正彦	7431
まさひと	雅人	7405
まさひと	賢人	7490
まさひろ	正広	7034
まさひろ	昌大	7256
まさひろ	将大	7395
まさひろ	昌宏	7437
まさひろ	まさひろ	7463
まさひろ	雅弘	7478
まさひろ	正博	7488
まさひろ	昌弘	7547
まさみ	まさみ	6617
まさみ	雅美	7459
まさむね	政宗	6924
まさむね	正宗	7174
まさむね	マサムネ	7338
まさや	雅也	7338
まさや	誠也	7449
まさゆき	雅之	7254
まさゆき	昌幸	7258
まさゆき	正之	7473
まさよし	正義	6410
まさよし	まさよし	7566
まさり	勝り	7532
まさる	優	6936
まさる	勉	7156
まさる	良	7253
まさる	傑	7391
まさる	マサル	7393
まさる	健	7424
まさる	まさる	7426
まさる	賞	7453
まされ	優れ	6698
まさん	まさん	7366
まざこん	マザコン	7176
まざっ	混ざっ	6088
まざまざ	まざまざ	7433
まざら	混ざら	7550
まざり	混ざり	6438
まざる	混ざる	6857
まざー	マザー	5961
まざーず	マザーズ	7021
まざーぼーど	マザーボード	7029
まし	まし	2750
まし	増し	5437
まし	マシ	5753
ましき	益城	7535
ましけ	増毛	7462
ましこ	益子	7526
ました	真下	6543
ました	増田	7126
まして	まして	5833
ましてや	ましてや	6272
ましま	真島	7283
ましまし	マシマシ	7092
ましまし	増しまし	7241
ましゅ	マシュ	7259
ましゅまろ	マシュマロ	6386
ましゅー	マシュー	7272
ましょ	ましょ	5016
ましょう	ましょう	4014
ましょう	魔性	7056
ましょうめん	真正面	7015
ましら	猿	6433
ましろ	ましろ	7042
ましん	マシン	5340
ましん	麻疹	7336
ましんがん	マシンガン	7413
ましーん	マシーン	6726
まじ	マジ	5347
まじ	まじ	5740
まじ	本気	6557
まじえ	交え	5771
まじえ	まじえ	7388
まじえる	交える	7460
まじか	間近	7033
まじかる	マジカル	7308
まじき	まじき	6907
まじきり	間仕切り	6798
まじく	まじく	6907
まじけれ	まじけれ	6907
まじしゃん	マジシャン	6855
まじっ	混じっ	6215
まじっ	交じっ	7382
まじっ	まじっ	7422
まじっく	マジック	5747
まじっくしょー	マジックショー	7382
まじっくてーぷ	マジックテープ	7010
まじない	呪い	6519
まじま	真島	7413
まじまじ	まじまじ	7177
まじめ	真面目	5510
まじめ	まじめ	6394
まじめ	マジメ	7105
まじゅう	魔獣	6713
まじゅつ	魔術	5887
まじゅつし	魔術師	7116
まじょ	魔女	5728
まじょのたっきゅうびん	魔女の宅急便	7380
まじょりてぃ	マジョリティ	7445
まじり	混じり	6901
まじり	交じり	7001
まじり	まじり	7173
まじわっ	交わっ	7294
まじわり	交わり	7123
まじわる	交わる	6691
まじん	魔神	6470
まじん	魔人	6589
まじんがー	マジンガー	7176
まじんがーぜっと	マジンガーZ	7346
まじんぶう	魔人ブウ	7423
ます	ます	2283
ます	マス	5516
ます	増す	5949
ます	鱒	7133
ます	枡	7211
ます	桝	7218
ます	升	7439
ますい	麻酔	5874
ますいかい	麻酔科医	7547
ますかっと	マスカット	6877
ますから	マスカラ	6495
ますかるぽーね	マスカルポーネ	7235
ますきんぐ	マスキング	6207
ますきんぐてーぷ	マスキングテープ	6762
ますく	マスク	5116
ますこっと	マスコット	6063
ますこっときゃらくたー	マスコットキャラクター	6780
ますこみ	マスコミ	5961
ますぞえ	舛添	7549
ますた	マスタ	5805
ますた	増田	7096
ますたんぐ	マスタング	7346
ますたー	マスター	5518
ますたーず	マスターズ	6588
ますたーでゅえる	マスターデュエル	7417
ますたーど	マスタード	6486
ますたーぷらん	マスタープラン	7468
ますだ	増田	6485
ますだ	益田	7364
ますて	マステ	7210
ますと	マスト	6348
ますとは	ますとは	7182
ますます	ますます	5498
ますます	益々	6356
ますみ	真澄	7177
ますみ	ますみ	7414
ますめでぃあ	マスメディア	6903
まする	まする	7165
ますれ	ますれ	6907
まず	まず	4532
まず	先ず	5958
まずい	まずい	6057
まずい	不味い	6682
まずい	マズイ	6923
まずい	マズい	7051
まずかっ	まずかっ	7231
まずく	不味く	7221
まずく	まずく	7277
まずさいしょ	まず最初	6443
まずし	貧し	7406
まずしい	貧しい	6363
まずしく	貧しく	7053
まずしさ	貧しさ	7471
まずじぶん	まず自分	7150
まずは	まずは	4591
まずはじめ	まず初め	6920
まずはじめ	まずはじめ	7109
まずまず	まずまず	6463
まずめ	マズメ	7398
ませ	ませ	3253
ませき	魔石	6933
ませらてぃ	マセラティ	7396
ませー	ませー	6907
まぜ	混ぜ	5239
まぜ	まぜ	6256
まぜあわ	混ぜ合わ	5857
まぜこみ	混ぜ込み	7357
まぜこむ	混ぜ込む	7529
まぜこん	混ぜ込ん	7018
まぜらん	マゼラン	7347
まぜる	混ぜる	5628
まぜる	まぜる	7219
まぜれ	混ぜれ	7448
まぜんた	マゼンタ	7503
まぞく	魔族	6636
また	また	3585
また	待た	5637
また	又	5761
また	股	6933
また	叉	7218
また	亦	7393
また	俣	7453
また	マタ	7563
またい	またい	6777
またい	跨い	7059
またい	マタイ	7096
またいい	またいい	7498
またおもしろい	また面白い	7408
またがっ	またがっ	6931
またがっ	跨っ	7376
またがみ	股上	7123
またがり	またがり	7490
またがる	またがる	6736
またぎ	またぎ	7375
またぎ	跨ぎ	7477
またぎ	マタギ	7481
またく	全く	5860
またぐ	またぐ	7014
またぐ	跨ぐ	7246
またさ	待たさ	6543
またした	股下	6877
またしても	またしても	6464
またせ	またせ	7429
またたく	瞬く	7013
またたび	マタタビ	7463
またとない	またとない	7258
またにてぃ	マタニティ	7039
またにてぃふぉと	マタニティフォト	7441
またのな	またの名	7517
または	または	4344
または	又は	4691
またまた	またまた	6155
またも	またも	7094
またもや	またもや	6521
またよい	また良い	7374
またよし	又吉	7260
またよろしく	またよろしく	6779
またよろしく	また宜しく	7421
まだ	まだ	4214
まだ	未だ	6626
まだ	真田	7126
まだあたらしい	まだ新しい	7265
まだあつい	まだ暑い	7113
まだい	真鯛	6688
まだい	マダイ	6832
まだいい	まだいい	7137
まだおさない	まだ幼い	7405
まだがすかる	マダガスカル	7017
まださむい	まだ寒い	7537
まだしも	まだしも	6398
まだすくない	まだ少ない	7278
まだちいさい	まだ小さい	7093
まだない	まだない	6958
まだに	マダニ	7216
まだはやい	まだ早い	6807
まだまだ	まだまだ	4816
まだまだあつい	まだまだ暑い	6303
まだまださむい	まだまだ寒い	7220
まだまだすくない	まだまだ少ない	7400
まだまだわかい	まだまだ若い	7438
まだむ	マダム	6575
まだよい	まだ良い	7557
まだら	マダラ	7014
まだら	まだら	7044
まだら	斑	7069
まだわかい	まだ若い	6865
まち	町	4762
まち	街	4842
まち	まち	5209
まち	待ち	5402
まち	マチ	6215
まち	待	6502
まちあい	待合	6877
まちあいしつ	待合室	6347
まちあわせ	待ち合わせ	6454
まちうけ	待ち受け	6307
まちうけ	待受	7366
まちうけにし	待ち受けにし	7401
まちうける	待ち受ける	6963
まちかど	街角	6735
まちかね	待ちかね	6939
まちかまえ	待ち構え	6755
まちかまえる	待ち構える	7535
まちがい	間違い	5126
まちがい	まちがい	6912
まちがいさがし	間違い探し	7233
まちがう	間違う	6850
まちがえ	間違え	5469
まちがえやすい	間違えやすい	7352
まちがえる	間違える	6276
まちがえれ	間違えれ	7429
まちがっ	間違っ	5287
まちがっ	まちがっ	7114
まちがわ	間違わ	6685
まちこ	真知子	7475
まちこん	街コン	7461
まちじかん	待ち時間	5896
まちじゅう	街中	5952
まちじゅう	町中	7428
まちぜんたい	街全体	7399
まちだ	町田	6364
まちだ	街だ	7296
まちだし	町田市	7461
まちぢゅう	街中	7104
まちづくり	まちづくり	6566
まちで	街で	7459
まちどおしい	待ち遠しい	6469
まちどおしく	待ち遠しく	7233
まちな	街な	7442
まちなか	町中	6698
まちなか	まちなか	6808
まちなか	街なか	7321
まちなみ	町並み	6394
まちなみ	街並み	6588
まちなみ	街並	7546
まちにまっ	待ちに待っ	7069
まちのぞん	待ち望ん	6828
まちのり	街乗り	6690
まちぶせ	待ち伏せ	7034
まちまち	まちまち	6679
まちゃ	まちゃ	7476
まちや	町家	6871
まちやま	町山	7520
まちやー	町屋	7228
まちゅぴちゅ	マチュピチュ	7327
まちるだ	マチルダ	7333
まちわび	待ちわび	7105
まぢか	間近	5881
まっ	待っ	4877
まっ	まっ	6101
まっ	真っ	6343
まっ	舞っ	6723
まっか	真っ赤	5987
まっかーさー	マッカーサー	7249
まっき	末期	6190
まっきー	マッキー	7125
まっく	マック	6132
まっくいーん	マックイーン	7384
まっくす	マックス	6215
まっくすばりゅ	マックスバリュ	7302
まっくら	真っ暗	6244
まっくろ	真っ黒	6194
まっこう	真っ向	6791
まっこり	マッコリ	7243
まっさいちゅう	真っ最中	6675
まっさお	真っ青	7012
まっさかり	真っ盛り	6957
まっさき	真っ先	6192
まっさつ	抹殺	6855
まっさら	まっさら	7299
まっさーじ	マッサージ	5421
まっし	まっし	6907
まっしぐら	まっしぐら	6977
まっしゃ	末社	7258
まっしゅ	マッシュ	6508
まっしゅぽてと	マッシュポテト	7074
まっしゅる	マッシュル	7476
まっしゅるーむ	マッシュルーム	6593
まっしょ	まっしょ	6907
まっしょう	抹消	6387
まっしょう	末梢	6693
まっしょうめん	真正面	6822
まっしろ	真っ白	5924
まっしろい	真っ白い	7372
まっす	まっす	6876
まっすぐ	まっすぐ	5803
まっすぐ	真っ直ぐ	6371
まっすぐ	真っすぐ	6555
まっする	マッスル	7260
まっすれ	まっすれ	6907
まっすー	まっすー	7469
まっせ	まっせ	6907
まった	松田	7177
まったく	全く	4627
まったく	まったく	5126
まったくあたらしい	全く新しい	6899
まったくあたらしい	まったく新しい	7020
まったくかんけいない	全く関係ない	7012
まったくない	まったくない	6751
まったくない	全く無い	6951
まったくなかっ	まったくなかっ	7549
まったくなく	まったくなく	7427
まったくなく	全く無く	7487
まったり	まったり	6055
まったり	マッタリ	7446
まったん	末端	6477
まっち	マッチ	5393
まっちゃ	抹茶	5603
まっちゃん	まっちゃん	7368
まっちょ	マッチョ	6760
まっちんぐ	マッチング	5772
まっちんぐあぷり	マッチングアプリ	6257
まっと	マット	5485
まっとう	全う	6531
まっとう	真っ当	6798
まっとう	まっとう	7010
まっとぶらっく	マットブラック	7508
まっとれす	マットレス	6322
まっど	マッド	7424
まっどまっくす	マッドマックス	7412
まっは	マッハ	6777
まっぴんぐ	マッピング	6240
まっぷ	マップ	5192
まっぷじょう	マップ上	7249
まっぷたつ	真っ二つ	6987
まっぽう	末法	7470
まつ	待つ	5380
まつ	末	5478
まつ	松	5731
まつ	まつ	6005
まつ	マツ	6597
まつい	松井	6042
まつい	松居	7375
まつうら	松浦	6606
まつえ	松江	6542
まつえい	末裔	6705
まつえく	マツエク	6861
まつお	松尾	6239
まつおか	松岡	6208
まつかげ	松陰	7420
まつかぜ	松風	7443
まつかた	松方	7475
まつかわ	松川	7121
まつくら	松倉	7379
まつげ	まつ毛	6014
まつげ	まつげ	6219
まつげ	睫毛	7228
まつげぱーま	まつ毛パーマ	7463
まつげぱーま	まつげパーマ	7563
まつこ	マツコ	6542
まつご	末期	6760
まつさか	松阪	6610
まつさか	松坂	7025
まつさき	松崎	7517
まつざか	松坂	6808
まつざかや	松坂屋	7036
まつざき	松崎	6976
まつしげ	松重	7453
まつした	松下	6394
まつしま	松島	6665
まつしま	松嶋	7053
まつじ	末寺	7538
まつじつ	末日	6494
まつた	松田	6720
まつたけ	松茸	6689
まつたけ	マツタケ	7489
まつだ	マツダ	6149
まつだ	松田	6194
まつだいら	松平	6718
まつださん	松田さん	7190
まつっ	祀っ	6644
まつっ	纏っ	7423
まつっ	祭っ	7483
まつとうや	松任谷	7300
まつど	松戸	6484
まつなが	松永	6538
まつの	松野	6858
まつのき	松の木	7192
まつば	松葉	7012
まつばづえ	松葉杖	7340
まつばやし	松林	7179
まつばら	松原	6566
まつひら	松平	7264
まつび	末尾	6432
まつぼっくり	松ぼっくり	7160
まつまえ	松前	7362
まつまる	松丸	7517
まつむら	松村	6374
まつむらさゆり	松村沙友理	7558
まつもと	松本	5652
まつもと	松元	7560
まつもときよし	マツモトキヨシ	7490
まつもとし	松本市	7561
まつもとやまが	松本山雅	7502
まつや	松屋	6718
まつやま	松山	5980
まつやまし	松山市	7363
まつら	祀ら	6296
まつら	松浦	7285
まつら	祭ら	7402
まつり	祭り	5367
まつり	まつり	5567
まつり	祭	6531
まつり	祀り	6743
まつりごと	政	6924
まつる	祀る	6576
まつる	祭る	7412
まつる	まつる	7535
まつろ	末路	6715
まつわっ	纏っ	7423
まつわる	まつわる	5825
まつわる	纏わる	7431
まて	待て	6644
まて	まて	7067
まて	マテ	7287
まてぃす	マティス	7408
まてりあ	マテリア	7199
まてりある	マテリアル	6533
まてる	待てる	7283
まてんろう	摩天楼	7430
まで	まで	3293
まで	迄	5964
まで	マデ	6907
までぃそん	マディソン	7399
まと	的	6499
まと	待と	7053
まと	まと	7270
まと	マト	7561
まとい	まとい	6962
まとい	纏い	7015
まとい	纏	7216
まとう	纏う	6837
まとう	まとう	7027
まとう	待とう	7075
まとっ	まとっ	6512
まとっ	纏っ	6912
まとはずれ	的外れ	6881
まとば	的場	7276
まとまっ	まとまっ	5886
まとまっ	纏まっ	7369
まとまっ	纏っ	7423
まとまら	まとまら	6783
まとまり	まとまり	6324
まとまる	まとまる	6739
まとめ	まとめ	4489
まとめ	纏め	6610
まとめあげ	まとめ上げ	7448
まとめがい	まとめ買い	6008
まとめさいと	まとめサイト	6983
まとめよ	まとめよ	7244
まとめる	まとめる	5690
まとめる	纏める	7467
まとも	まとも	5645
まとも	マトモ	6910
まとりくす	マトリクス	7501
まとりっくす	マトリックス	6693
まとりょーしか	マトリョーシカ	7384
まとわ	まとわ	7416
まとわ	纏わ	7424
まとわりつい	まとわりつい	7491
まとわりつく	まとわりつく	7390
まとん	マトン	7334
まど	窓	5028
まど	マド	7513
まどう	魔導	6456
まどう	魔道	6617
まどうしょ	魔導書	7367
まどか	まどか	6313
まどか	瞬	7140
まどがらす	窓ガラス	6876
まどがわ	窓側	6957
まどぎわ	窓際	6505
まどぐち	窓口	5338
まどべ	窓辺	6846
まどまぎ	まどマギ	7260
まどもあぜる	マドモアゼル	6736
まどり	間取り	5848
まどりっど	マドリッド	7526
まどりー	マドリー	7387
まどりーど	マドリード	6982
まどれーぬ	マドレーヌ	6891
まどわ	惑わ	7531
まどわく	窓枠	6718
まどわさ	惑わさ	6678
まどんな	マドンナ	6831
まな	マナ	6170
まな	まな	6660
まな	愛	6880
まな	真名	7476
まな	真奈	7554
まないた	まな板	6532
まなこ	眼	5991
まなこ	眞子	7009
まなざし	眼差し	6351
まなざし	まなざし	6696
まなぞーん	マナゾーン	7400
まなつ	真夏	5961
まなつび	真夏日	6971
まなでし	愛弟子	7475
まなば	学ば	6310
まなび	学び	5057
まなび	まなび	7068
まなびや	学びや	7102
まなびや	学び舎	7340
まなぶ	学ぶ	5072
まなぶ	学	7030
まなぶ	學	7186
まなべ	学べ	6245
まなべ	真鍋	7131
まなべ	眞鍋	7526
まなべる	学べる	5751
まなぼ	学ぼ	6569
まなぼう	学ぼう	6562
まなみ	まなみ	6913
まなみ	真奈美	7362
まなむすめ	愛娘	7128
まなん	学ん	5206
まなー	マナー	5499
まに	マニ	7364
まにあ	マニア	5955
まにあい	間に合い	6397
まにあいそう	間に合いそう	7454
まにあう	間に合う	6240
まにあっ	間に合っ	6562
まにあっく	マニアック	6296
まにあわ	間に合わ	5897
まにうけ	真に受け	7284
まにきゅあ	マニキュア	6774
まにっしゅ	マニッシュ	7561
まになっ	間になっ	7120
まになり	間になり	7482
まになる	間になる	7512
まにふぇすと	マニフェスト	6919
まにゅある	マニュアル	5510
まにら	マニラ	6720
まにわ	真庭	7417
まぬかはにー	マヌカハニー	7411
まぬかれ	免れ	7087
まぬかれる	免れる	7457
まぬがれ	免れ	6922
まぬがれる	免れる	7457
まぬけ	間抜け	6983
まぬけ	マヌケ	7354
まね	真似	5740
まね	マネ	6103
まね	まね	6685
まねい	招い	6059
まねか	招か	6558
まねき	招き	5830
まねき	招	6930
まねき	まねき	7101
まねきいれ	招き入れ	7410
まねきねこ	招き猫	6868
まねきん	マネキン	6814
まねく	招く	6178
まねごと	真似事	7505
まねじめんと	マネジメント	5545
まねじゃー	マネジャー	6404
まねたいず	マネタイズ	7196
まねっくす	マネックス	7435
まねる	真似る	7247
まねー	マネー	6149
まねーじめんと	マネージメント	6729
まねーじゃ	マネージャ	6231
まねーじゃー	マネージャー	5560
まねーふぉわーど	マネーフォワード	7464
まねーろんだりんぐ	マネーロンダリング	7527
まの	真野	7480
まのあたり	目の当たり	6275
まのび	間延び	7234
まばたき	まばたき	7171
まばたき	瞬き	7227
まばゆい	まばゆい	7297
まばゆい	眩い	7446
まばら	まばら	6743
まひ	麻痺	6019
まひ	まひ	6789
まひ	マヒ	6989
まひる	真昼	7220
まひる	まひる	7559
まひろ	まひろ	6810
まひろ	真宙	7527
まびき	間引き	7166
まふ	マフ	7269
まふぃあ	マフィア	6503
まふぃん	マフィン	6537
まふゆ	真冬	6458
まふらー	マフラー	5808
まぶし	まぶし	6320
まぶし	眩し	6949
まぶしい	眩しい	6475
まぶしい	まぶしい	6835
まぶしく	眩しく	6925
まぶしく	まぶしく	7345
まぶしさ	眩しさ	7333
まぶす	まぶす	6768
まぶた	まぶた	6279
まぶた	瞼	6536
まほ	まほ	6827
まほ	真帆	7460
まほう	魔法	5017
まほうこうげき	魔法攻撃	7412
まほうしょうじょ	魔法少女	7050
まほうじん	魔法陣	6887
まほうつかい	魔法使い	6024
まほうびん	魔法瓶	7524
まほがにー	マホガニー	7263
まほろば	まほろば	7150
まぼう	魔防	7069
まぼろし	幻	5803
まぼろし	まぼろし	7177
まま	まま	4421
まま	ママ	4880
まま	儘	7228
ままごと	ままごと	6778
ままたち	ママたち	7151
ままちゃり	ママチャリ	6933
ままとも	ママ友	6594
ままならず	ままならず	7477
ままならない	ままならない	6826
ままはは	継母	7192
ままん	ママン	7439
まみ	まみ	6695
まみ	マミ	6927
まみ	真美	7261
まみ	麻美	7531
まみえ	見え	6034
まみえる	見える	6157
まみこ	真美子	7119
まみず	真水	7337
まみや	間宮	6867
まみる	塗る	6636
まみれ	まみれ	6331
まみれる	塗れる	7291
まみー	マミー	7244
まむ	マム	7172
まむし	マムシ	7164
まめ	豆	5320
まめ	まめ	6102
まめ	マメ	6395
まめざら	豆皿	7503
まめしば	豆柴	7225
まめちしき	豆知識	6458
まめはな	豆花	7482
まめまき	豆まき	7316
まめるい	豆類	7106
まもう	摩耗	6196
まもう	磨耗	7021
まもっ	守っ	5486
まもっ	護っ	7531
まもなく	まもなく	6052
まもなく	間もなく	6071
まもの	魔物	6127
まもら	守ら	5855
まもり	守り	5672
まもり	まもり	6857
まもり	守	7008
まもり	護り	7155
まもりがみ	守り神	7106
まもりぬく	守り抜く	7388
まもる	守る	5085
まもる	護	6533
まもる	衛	6662
まもる	守	6990
まもる	護る	7001
まもる	まもる	7080
まもる	鎮	7101
まもる	主	7154
まもれ	守れ	6635
まもれる	守れる	6581
まもろ	守ろ	6785
まもろう	守ろう	6390
まや	マヤ	6419
まや	まや	6934
まや	麻耶	7339
まや	真矢	7450
まや	摩耶	7525
まやく	麻薬	6231
まやま	真山	7561
まゆ	眉	5913
まゆ	まゆ	6508
まゆ	繭	6781
まゆ	茉優	7175
まゆ	真由	7216
まゆ	麻友	7466
まゆがしら	眉頭	7560
まゆげ	眉毛	6042
まゆこ	真由子	7551
まゆじり	眉尻	7441
まゆずみ	黛	7529
まゆみ	まゆみ	6806
まゆみ	真由美	7100
まゆみ	真弓	7232
まよ	マヨ	6780
まよ	まよ	7384
まよい	迷い	5842
まよいこん	迷い込ん	6751
まよう	迷う	5938
まよけ	魔除け	6876
まよこ	真横	6620
まよっ	迷っ	5379
まよなか	真夜中	6469
まよねーず	マヨネーズ	5863
まよわ	迷わ	6035
まら	マラ	6554
まらうい	マラウイ	7518
まらかす	マラカス	7534
まらそん	マラソン	5680
まらっか	マラッカ	7489
まらどーな	マラドーナ	7446
まらりあ	マラリア	7125
まり	マリ	5986
まり	まり	6042
まり	真理	7274
まり	麻里	7499
まり	茉莉	7561
まりあ	マリア	6144
まりあ	まりあ	7001
まりあな	マリアナ	7372
まりあーじゅ	マリアージュ	6888
まりぃ	マリィ	7546
まりうす	マリウス	7466
まりえ	まりえ	7114
まりお	マリオ	6038
まりおねっと	マリオネット	7374
まりおん	マリオン	7387
まりか	まりか	7214
まりか	マリカ	7421
まりこ	真理子	6850
まりこ	まりこ	7086
まりこ	マリコ	7191
まりこ	麻里子	7217
まりこ	まり子	7387
まりな	まりな	7225
まりなーず	マリナーズ	7171
まりね	マリネ	6552
まりのす	マリノス	6837
まりふぁな	マリファナ	7254
まりめっこ	マリメッコ	7491
まりも	まりも	7414
まりも	マリモ	7437
まりや	まりや	7100
まりょく	魔力	5940
まりりん	マリリン	7090
まりん	マリン	6124
まりん	海	7261
まりん	まりん	7437
まりんすぽーつ	マリンスポーツ	7446
まりんば	マリンバ	7324
まりー	マリー	6674
まりーごーるど	マリーゴールド	7062
まりーな	マリーナ	6853
まりーんず	マリーンズ	7519
まる	丸	5479
まる	マル	5794
まる	まる	5857
まるあらい	丸洗い	6903
まるい	丸い	5895
まるい	マルイ	6593
まるい	まるい	7281
まるい	丸井	7490
まるいかたち	丸い形	7277
まるいん	丸印	7563
まるうぇあ	マルウェア	6987
まるえつ	マルエツ	7506
まるお	丸尾	7477
まるおか	丸岡	7372
まるかめ	丸亀	7523
まるがお	丸顔	7040
まるがた	丸形	7371
まるがた	丸型	7547
まるがめ	丸亀	6840
まるがり	丸刈り	7408
まるく	丸く	5985
まるく	まるく	7132
まるく	マルク	7338
まるくす	マルクス	6927
まるくすしゅぎ	マルクス主義	7456
まるけす	マルケス	7517
まるげりーた	マルゲリータ	7225
まるこ	まる子	6707
まるこ	マルコ	6813
まるこす	マルコス	7512
まるごと	丸ごと	6089
まるごと	まるごと	6192
まるさ	まるさ	7391
まるしぇ	マルシェ	5950
まるじぇら	マルジェラ	7459
まるす	マルス	7131
まるせいゆ	マルセイユ	7141
まるぜん	丸善	7159
まるた	丸太	6520
まるた	マルタ	6754
まるだし	丸出し	6621
まるち	マルチ	5517
まるちすれっど	マルチスレッド	7526
まるちたすく	マルチタスク	7031
まるちな	マルチな	7200
まるちぷれい	マルチプレイ	6842
まるちめでぃあ	マルチメディア	6953
まるちゃん	まるちゃん	7192
まるちーず	マルチーズ	7344
まるっ	まるっ	6787
まるっきり	まるっきり	7184
まるっこい	丸っこい	7360
まるてぃねす	マルティネス	7344
まるで	まるで	5094
まるどり	丸鶏	7454
まるなげ	丸投げ	6702
まるのうち	丸の内	6249
まるのうちせん	丸ノ内線	7203
まるのみ	丸呑み	7430
まるはん	マルハン	7121
まるべに	丸紅	7223
まるぼう	丸棒	7397
まるぼうず	丸坊主	7518
まるまっ	丸まっ	7000
まるまる	〇〇	5612
まるまる	まるまる	6683
まるまる	丸々	6716
まるみ	丸み	6197
まるみ	まるみ	7539
まるみえ	丸見え	6801
まるめ	丸め	6222
まるめる	丸める	7009
まるや	まるや	7424
まるやき	丸焼き	7282
まるやま	丸山	6162
まるやま	円山	7491
まるわかり	丸わかり	7370
まれ	稀	5790
まれ	まれ	6026
まれ	希	6307
まれ	マレ	7174
まれうす	マレウス	7351
まれだ	稀だ	7525
まれで	稀で	7047
まれな	稀な	6830
まれふぃせんと	マレフィセント	7558
まれー	マレー	6926
まれーしあ	マレーシア	6009
まろ	まろ	6625
まろ	マロ	7066
まろ	麿	7351
まろやか	まろやか	6038
まろやかさ	まろやかさ	7455
まろん	マロン	6506
まわさ	回さ	6636
まわし	回し	5465
まわし	まわし	6327
まわし	廻し	7326
まわしいれ	回し入れ	7340
まわしかけ	回しかけ	7160
まわしげり	回し蹴り	7420
まわす	回す	5823
まわす	まわす	6921
まわせ	回せ	7081
まわせる	回せる	6700
まわせる	まわせる	7503
まわそ	回そ	7458
まわそう	回そう	7500
まわっ	回っ	5551
まわっ	まわっ	6456
まわっ	廻っ	7050
まわっ	周っ	7211
まわら	回ら	6280
まわら	まわら	6907
まわり	周り	4680
まわり	まわり	5574
まわり	回り	5783
まわり	廻り	6826
まわり	廻	6904
まわりくどい	回りくどい	7481
まわりこみ	回り込み	7485
まわりこむ	回り込む	7331
まわりこん	回り込ん	7202
まわりのかた	周りの方	7437
まわりみち	回り道	7298
まわりゃ	まわりゃ	6907
まわりゃ	回りゃ	6908
まわる	回る	5843
まわる	まわる	6690
まわる	周る	7308
まわる	廻る	7364
まわれ	回れ	6890
まわれ	まわれ	6907
まわれる	回れる	7056
まわろ	まわろ	6907
まわろ	回ろ	6908
まわん	まわん	6907
まわん	回ん	6908
まん	マン	5110
まん	満	6162
まん	萬	7509
まんいち	万一	6348
まんいん	満員	6119
まんいんおれい	満員御礼	7520
まんいんでんしゃ	満員電車	7161
まんえつ	満悦	6940
まんえん	蔓延	6447
まんえん	まん延	6926
まんかい	満開	6061
まんかいのさくら	満開の桜	7388
まんが	漫画	4812
まんが	マンガ	5432
まんが	まんが	6327
まんがいち	万が一	5670
まんがか	漫画家	6794
まんがく	満額	7139
まんがばん	漫画版	7319
まんがぼん	漫画本	7545
まんがん	マンガン	6944
まんき	満期	6899
まんきつ	満喫	5595
まんぐろーぶ	マングローブ	7027
まんげきょう	万華鏡	6999
まんげつ	満月	6084
まんごく	万石	7244
まんごー	マンゴー	6069
まんさい	満載	5570
まんざ	万座	7565
まんざい	漫才	6169
まんざら	まんざら	7348
まんしつ	満室	7034
まんしゃ	満車	6681
まんしゅう	満州	6553
まんしゅう	満洲	7404
まんしょん	マンション	5155
まんしん	慢心	7149
まんしん	満身	7288
まんじ	卍	6648
まんじゅう	まんじゅう	6269
まんじゅう	饅頭	6365
まんじゅしゃげ	曼珠沙華	7439
まんじょういっち	満場一致	7256
まんじろう	万次郎	7311
まんすい	満水	7520
まんせい	慢性	5800
まんせいてき	慢性的	6558
まんせき	満席	5959
まんぜん	万前	7505
まんぜんと	漫然と	7305
まんぞく	満足	4800
まんぞくかん	満足感	6380
まんぞくげ	満足げ	7416
まんぞくそう	満足そう	7080
まんぞくど	満足度	5680
まんた	マンタ	7283
まんたろう	万太郎	7218
まんたん	満タン	6524
まんだら	曼荼羅	6886
まんだらけ	まんだらけ	7411
まんだん	漫談	7458
まんちぇすたー	マンチェスター	6514
まんちぇすたーしてぃ	マンチェスター・シティ	7225
まんちぇすたーゆないてっど	マンチェスター・ユナイテッド	7205
まんちかん	マンチカン	7488
まんちょう	満潮	7135
まんつーまん	マンツーマン	6363
まんてん	満点	5687
まんてん	満天	6871
まんでら	マンデラ	7492
まんと	マント	6404
まんとし	万年	7412
まんとる	マントル	7153
まんどりん	マンドリン	7179
まんなか	真ん中	5353
まんなか	真中	7182
まんなか	まんなか	7294
まんにん	万人	6005
まんね	マンネ	7441
まんねり	マンネリ	6897
まんねりか	マンネリ化	7064
まんねん	万年	6768
まんねんひつ	万年筆	6553
まんはったん	マンハッタン	6738
まんぱい	満杯	7150
まんびき	万引き	6608
まんぷく	満腹	6312
まんぷく	まんぷく	7081
まんぷくかん	満腹感	7098
まんべ	万部	6525
まんべんなく	まんべんなく	6650
まんべんなく	満遍なく	6944
まんほーる	マンホール	6486
まんぼ	マンボ	7472
まんぼう	マンボウ	7138
まんま	まんま	6163
まんま	マンマ	6907
まんまえ	真ん前	7348
まんまと	まんまと	6873
まんまる	まんまる	6764
まんまる	まん丸	7151
まんまん	満々	6643
まんめん	満面	6627
まんもす	マンモス	6860
まんもと	万本	6816
まんよう	万葉	6894
まんようしゅう	万葉集	6833
まんりょう	満了	6267
まんるい	満塁	6482
まんをじし	満を持し	6653
まー	マー	7066
まーか	マーカ	6866
まーかす	マーカス	7432
まーかー	マーカー	6096
まーがりん	マーガリン	6690
まーがれっと	マーガレット	7072
まーきんぐ	マーキング	6531
まーく	マーク	5001
まーくしーと	マークシート	7241
まーけ	マーケ	7338
まーけたー	マーケター	6872
まーけっと	マーケット	5652
まーけっとぷれいす	マーケットプレイス	6927
まーけてぃんぐ	マーケティング	5302
まーさ	マーサ	7259
まーし	まーし	6907
まーしゃる	マーシャル	6975
まーしょ	まーしょ	6907
まーしー	マーシー	7405
まーじ	マージ	6673
まーじゃん	麻雀	5986
まーじゃん	マージャン	7489
まーじん	マージン	6708
まーす	まーす	5822
まーす	マース	7352
まーすれ	まーすれ	6907
まーせ	まーせ	6907
まーち	マーチ	6847
まーちん	マーチン	7218
まーちんぐ	マーチング	7415
まーてぃん	マーティン	6792
まーと	マート	7135
まーふぃー	マーフィー	7382
まーぶる	マーブル	6715
まーべらす	マーベラス	7531
まーべる	マーベル	6870
まーぼー	麻婆	7224
まーぼー	マーボー	7279
まーぼーどうふ	麻婆豆腐	6586
まーまれーど	マーマレード	7120
まーめいど	マーメイド	6732
まーめいど	人魚姫	7380
まーらー	マーラー	7010
まーらー	麻辣	7232
まーりん	マーリン	7103
まーりんず	マーリンズ	7564
まーる	マール	7528
まーれ	マーレ	7204
み	見	3706
み	み	3760
み	未	4697
み	身	4799
み	観	4837
み	味	5406
み	実	5687
み	診	5732
みあ	ミア	7131
みあ	みあ	7398
みあい	見合い	6261
みあう	見合う	6702
みあげ	見上げ	6136
みあげる	見上げる	6280
みあげれ	見上げれ	7471
みあたら	見当たら	6131
みあたり	見当たり	6426
みあっ	見合っ	6436
みあわ	見合わ	7253
みあわせ	見合わせ	6633
みあわせる	見合わせる	7385
みい	みい	7075
みい	ミイ	7507
みいけ	三池	7316
みいださ	見出さ	6991
みいださ	見いださ	7519
みいだし	見出し	6853
みいだし	見いだし	7041
みいだす	見出す	6533
みいだす	見いだす	7245
みいだせ	見いだせ	7359
みいっ	見入っ	6696
みいら	ミイラ	6733
みいら	魅入ら	7556
みう	みう	7208
みうけ	見受け	5925
みうごき	身動き	6705
みうしない	見失い	7136
みうしなう	見失う	7117
みうしなっ	見失っ	6687
みうしなわ	見失わ	7215
みうち	身内	6076
みうら	三浦	5925
みうら	みうら	7123
みうら	水卜	7334
みうら	美浦	7475
みえ	見え	4537
みえ	みえ	6137
みえ	三重	6137
みえ	見栄	6778
みえ	ミエ	7417
みえ	視え	7517
みえかくれ	見え隠れ	6842
みえけん	三重県	5909
みえそう	見えそう	7268
みえだいがく	三重大学	7500
みえちゃう	見えちゃう	7258
みえっぱり	見栄っ張り	7447
みえづらい	見えづらい	7215
みえなくなっ	見えなくなっ	7029
みえなくなり	見えなくなり	7520
みえなくなる	見えなくなる	7163
みえにくい	見えにくい	6592
みえにくく	見えにくく	7071
みえやすい	見えやすい	7231
みえやすく	見えやすく	7543
みえる	見える	4660
みえる	みえる	6257
みえる	視える	7543
みえるか	見えるか	7141
みえん	見えん	7184
みお	みを	6762
みお	澪	7008
みお	ミオ	7181
みお	みお	7262
みお	美緒	7331
みお	美桜	7524
みおう	美桜	7279
みおう	三大	7352
みおくっ	見送っ	6448
みおくら	見送ら	6840
みおくり	見送り	6210
みおくる	見送る	6609
みおさめ	見納め	7207
みおとさ	見落とさ	7235
みおとし	見落とし	5934
みおとしがち	見落としがち	7231
みおとす	見落とす	7309
みおとり	見劣り	6907
みおぼえ	見覚え	6615
みおりね	ミオリネ	7496
みおろさ	見下さ	7326
みおろし	見下ろし	6675
みおろす	見下ろす	6484
みおろせる	見下ろせる	7551
みか	ミカ	6553
みか	みか	6562
みか	美香	7046
みか	美嘉	7353
みか	美佳	7455
みか	実花	7513
みかい	未開	7223
みかいけつ	未解決	6977
みかいふう	未開封	6553
みかいふうひん	未開封品	7564
みかえし	見返し	6215
みかえす	見返す	6670
みかえせる	見返せる	7148
みかえり	見返り	6905
みかく	味覚	5951
みかくにん	未確認	7227
みかけ	見かけ	5411
みかけ	見掛け	7021
みかけ	みかけ	7027
みかける	見かける	5720
みかける	みかける	7433
みかける	見掛ける	7474
みかげ	御影	7354
みかげいし	御影石	7260
みかこ	未華子	7391
みかさ	三笠	7132
みかさ	ミカサ	7211
みかた	味方	5232
みかた	見方	5657
みかた	三方	6947
みかた	ミカタ	7476
みかたぜんたい	味方全体	7479
みかづき	三日月	6593
みかど	帝	6602
みかど	御門	7355
みかね	見かね	7045
みかみ	三上	6936
みかわ	三河	6752
みかわ	美川	7483
みかわわん	三河湾	7561
みかん	みかん	5803
みかん	ミカン	6552
みかん	未完	7021
みかん	蜜柑	7202
みかんせい	未完成	6696
みがい	磨い	6029
みがか	磨か	6627
みがき	磨き	5962
みがきあげ	磨き上げ	6977
みがきをかけ	磨きをかけ	7013
みがく	磨く	6118
みがく	磨	7163
みがけ	磨け	7416
みがける	磨ける	7535
みがって	身勝手	6830
みがまえ	身構え	7150
みがら	身柄	7005
みがる	身軽	6843
みがわり	身代わり	6709
みき	幹	6249
みき	みき	6542
みき	三木	6716
みき	ミキ	6810
みき	美紀	7047
みき	樹	7209
みき	美希	7229
みき	美樹	7328
みきお	みきお	7433
みきき	見聞き	6791
みきさー	ミキサー	6231
みきしんぐ	ミキシング	6998
みきたに	三木谷	7556
みきはうす	ミキハウス	7426
みきり	見切り	7022
みきりをつけ	見切りをつけ	7372
みきれ	見切れ	7187
みきわめ	見極め	6091
みきわめる	見極める	6220
みぎ	右	4682
みぎあし	右足	6237
みぎあし	右脚	7417
みぎうえ	右上	5930
みぎうち	右打ち	6917
みぎうで	右腕	6337
みぎおく	右奥	6923
みぎかた	右肩	6448
みぎかたあがり	右肩上がり	7500
みぎがわ	右側	5471
みぎきき	右利き	6905
みぎした	右下	7216
みぎじょう	右上	7381
みぎて	右手	5677
みぎどなり	右隣	7246
みぎなげ	右投げ	7388
みぎはし	右端	6825
みぎひざ	右膝	7207
みぎひじ	右肘	7255
みぎひだり	右左	7509
みぎほうこう	右方向	7359
みぎまえ	右前	6988
みぎみみ	右耳	7308
みぎむき	右向き	7516
みぎめ	右目	6837
みぎよこ	右横	7345
みく	ミク	6137
みく	みく	6689
みく	未来	7186
みく	美玖	7491
みくじ	みくじ	7329
みくだし	見下し	6666
みくだす	見下す	7019
みくに	三国	6946
みくに	三國	7220
みくらべ	見比べ	6494
みくらべる	見比べる	7024
みくろ	ミクロ	6725
みくろん	ミクロン	7353
みぐるしい	見苦しい	6923
みけ	ミケ	7363
みけいけん	未経験	5712
みけねこ	三毛猫	7232
みけらんじぇろ	ミケランジェロ	7237
みけん	眉間	6651
みけん	未見	7327
みげる	ミゲル	7163
みこ	みこ	6343
みこ	巫女	6381
みこ	御子	7096
みこ	ミコ	7292
みこ	巫	7311
みこ	美子	7439
みこ	神子	7452
みこし	神輿	6370
みこし	見越し	6661
みこし	みこし	7162
みこし	御輿	7518
みこと	尊	6217
みこと	美琴	7099
みこと	ミコト	7514
みことのり	勅	7368
みことのり	詔	7427
みこま	見込ま	6187
みこみ	見込み	6022
みこみ	見込	7015
みこむ	見込む	6944
みこめ	見込め	6820
みこめる	見込める	6511
みこん	未婚	6563
みこん	見込ん	6576
みごたえ	見応え	6417
みごたえ	見ごたえ	6757
みごと	見事	5242
みごと	みごと	6906
みごとゆうしょう	見事優勝	7536
みごろ	見頃	6170
みごろ	身頃	6793
みごろし	見殺し	7171
みさ	ミサ	6627
みさ	みさ	7353
みさいる	ミサイル	5822
みさえ	みさえ	7411
みさお	操	6633
みさか	御坂	7390
みさき	岬	6437
みさき	みさき	6877
みさき	美咲	6940
みさき	崎	7313
みさき	三崎	7391
みさき	ミサキ	7423
みさこ	美沙子	7368
みさこ	美佐子	7532
みさだめ	見定め	7294
みさだめる	見定める	7531
みさと	美里	7178
みさと	三郷	7206
みさと	みさと	7403
みさと	ミサト	7538
みさわ	三沢	7222
みしぇる	ミシェル	6852
みしがん	ミシガン	7016
みししっぴ	ミシシッピ	7456
みしっ	見知っ	7419
みしま	三島	6384
みしま	三嶋	7526
みしゅうがくじ	未就学児	7405
みしゅらん	ミシュラン	6662
みしゅらんがいど	ミシュランガイド	7337
みしょう	実生	6958
みしょり	未処理	7487
みしよう	未使用	6202
みしようひん	未使用品	7302
みしらぬ	見知らぬ	6417
みしらぬひと	見知らぬ人	7350
みしり	見知り	7506
みしろ	三代	7053
みしん	ミシン	6077
みじか	身近	6556
みじか	短	6690
みじかい	短い	5161
みじかいきかん	短い期間	6748
みじかいきょり	短い距離	7395
みじかいじかん	短い時間	6352
みじかいぶんしょう	短い文章	7525
みじかかっ	短かっ	6758
みじかく	短く	5455
みじかさ	短さ	7351
みじかめ	短め	6445
みじたく	身支度	6994
みじめ	惨め	6708
みじめ	みじめ	7333
みじゅく	未熟	6240
みじん	微塵	6635
みじん	みじん	7140
みじんぎり	みじん切り	6007
みじんこ	ミジンコ	7233
みす	ミス	5146
みす	みす	7382
みすい	未遂	6403
みすえ	見据え	5984
みすえる	見据える	6988
みすかさ	見透かさ	7387
みすこん	ミスコン	6960
みすごさ	見過ごさ	7344
みすごし	見過ごし	7124
みすごす	見過ごす	7478
みすず	みすゞ	7396
みすず	みすず	7500
みすたー	ミスター	6405
みすたー	Mr.	6798
みすちる	ミスチル	7058
みすっ	ミスっ	6788
みすて	見捨て	6772
みすてり	ミステリ	6621
みすてりあす	ミステリアス	6646
みすてりー	ミステリー	6031
みすてる	見捨てる	7303
みすと	ミスト	6561
みすど	ミスド	6935
みすぼらしい	みすぼらしい	7553
みすまっち	ミスマッチ	7124
みず	水	4596
みず	瑞	6884
みず	ミズ	7262
みずあか	水垢	6943
みずあげ	水揚げ	6525
みずあそび	水遊び	6361
みずあび	水浴び	7004
みずあめ	水飴	7295
みずあめ	水あめ	7394
みずあらい	水洗い	6297
みずいろ	水色	6128
みずうみ	湖	5697
みずおと	水音	7439
みずかがみ	水鏡	7406
みずかげん	水加減	7557
みずかみ	水上	7017
みずかめざ	水瓶座	7566
みずから	自ら	4965
みずから	みずから	6808
みずかわ	水川	7195
みずがえ	水替え	7359
みずがめざ	水瓶座	7128
みずがめざ	みずがめ座	7481
みずき	水木	6781
みずき	みずき	6785
みずき	水樹	7210
みずき	瑞希	7296
みずき	ミズキ	7351
みずき	水季	7472
みずき	瑞樹	7518
みずき	瑞稀	7561
みずきり	水切り	6403
みずぎ	水着	5719
みずぎすがた	水着姿	7449
みずぎれ	水切れ	7213
みずぎわ	水際	7106
みずくさ	水草	6409
みずけ	水気	6214
みずけ	水け	7127
みずけをきっ	水気を切っ	7087
みずけをきり	水気を切り	7415
みずけをきる	水気を切る	7532
みずこ	水子	7494
みずごけ	水苔	7451
みずさし	水差し	7548
みずさわ	水沢	7416
みずしぶき	水しぶき	6981
みずしま	水島	6948
みずしま	水嶋	7517
みずしょうばい	水商売	7088
みずしらず	見ず知らず	7055
みずぞくせい	水属性	7460
みずたき	水炊き	7302
みずたに	水谷	6866
みずたま	水玉	6816
みずたまり	水たまり	6804
みずたまり	水溜り	7295
みずだし	水出し	6932
みずっぽい	水っぽい	7458
みずっぽく	水っぽく	7295
みずでっぽう	水鉄砲	7012
みずとき	水溶き	6846
みずときかたくりこ	水溶き片栗粉	7037
みずとり	水鳥	7247
みずな	水菜	6702
みずなみ	瑞浪	7472
みずなら	ミズナラ	7457
みずぬき	水抜き	7041
みずの	水野	6354
みずの	ミズノ	6867
みずのあわ	水の泡	7527
みずのうえ	水の上	7431
みずのえ	壬	6972
みずのみ	水飲み	7185
みずのや	水谷	7395
みずのりょう	水の量	7271
みずはけ	水はけ	6689
みずはら	水原	6915
みずば	水場	6697
みずひき	水引	6834
みずびたし	水浸し	7157
みずぶき	水拭き	7502
みずぶくれ	水ぶくれ	7364
みずぶそく	水不足	7077
みずぶろ	水風呂	6622
みずべ	水辺	6416
みずほ	みずほ	6406
みずほ	瑞穂	7044
みずほぎんこう	みずほ銀行	7245
みずまし	水増し	7175
みずまわり	水回り	6491
みずまわり	水周り	7546
みずみずし	瑞々し	7536
みずみずしい	みずみずしい	6607
みずみずしい	瑞々しい	6998
みずみずしく	みずみずしく	6932
みずみずしく	瑞々しく	7338
みずみずしさ	みずみずしさ	7361
みずみずしさ	瑞々しさ	7563
みずむし	水虫	7021
みずもり	水森	7479
みずもれ	水漏れ	6295
みずや	水谷	7506
みずやり	水やり	6458
みずわり	水割り	7262
みずーり	ミズーリ	7477
みせ	店	4741
みせ	見せ	4764
みせ	みせ	6174
みせ	魅せ	6438
みせいねん	未成年	6048
みせいねんしゃ	未成年者	6988
みせうり	店売り	7412
みせかけ	見せかけ	6645
みせがまえ	店構え	7060
みせがわ	店側	6719
みせごと	店ごと	7558
みせさき	店先	6936
みせさき	店前	7197
みせしめ	見せしめ	7477
みせす	ミセス	6882
みせだ	店だ	6689
みせだっ	店だっ	7147
みせつけ	見せつけ	6563
みせつける	見せつける	7000
みせづくり	店作り	7408
みせで	店で	7204
みせどころ	見せ所	7251
みせな	店な	6660
みせになっ	店になっ	7155
みせになり	店になり	7279
みせになる	店になる	7322
みせば	見せ場	6628
みせばん	店番	7221
みせびらかし	見せびらかし	7495
みせもの	見世物	7394
みせや	店屋	7274
みせよ	みせよ	6907
みせよ	見せよ	6915
みせよう	見せよう	6907
みせりゃ	みせりゃ	6907
みせる	見せる	5288
みせる	魅せる	6470
みせる	みせる	6567
みせれ	みせれ	6907
みせれ	見せれ	7258
みせろ	みせろ	6907
みせろ	見せろ	7311
みせん	みせん	6907
みぜん	未然	6354
みそ	味噌	5377
みそ	みそ	5837
みそ	ミソ	6835
みそか	三十日	7362
みそぎ	禊	7214
みそしる	味噌汁	5788
みそしる	みそ汁	6693
みそじ	三十路	7327
みそだれ	味噌ダレ	7447
みそに	味噌煮	7150
みそら	美空	7018
みそらーめん	味噌ラーメン	7097
みぞ	溝	5973
みぞ	みぞ	7298
みぞ	渠	7495
みぞう	未曾有	7179
みぞおち	みぞおち	7349
みぞぐち	溝口	7190
みぞのくち	溝の口	7318
みぞれ	みぞれ	6946
みた	満た	6290
みた	三田	6622
みたい	みたい	4128
みたか	三鷹	6687
みたけ	御嶽	7522
みたさ	満たさ	5839
みたし	満たし	5666
みたしていれば	満たしていれば	7252
みたす	満たす	5663
みたせ	満たせ	6990
みたせる	満たせる	7219
みたて	見立て	6276
みたに	三谷	6924
みたま	御霊	6931
みため	見た目	4897
みたらし	みたらし	6739
みたらし	御手洗	7441
みたらしだんご	みたらし団子	7480
みださ	乱さ	7165
みだし	見出し	6128
みだし	乱し	7099
みだしなみ	身だしなみ	6580
みだす	乱す	7001
みだせ	見出せ	7278
みだせる	見出せる	7418
みだりに	みだりに	7472
みだれ	乱れ	6057
みだれる	乱れる	6818
みち	道	4982
みち	満ち	5722
みち	未知	5989
みち	みち	6285
みち	路	6778
みち	ミチ	6947
みち	途	7306
みちあふれ	満ち溢れ	6687
みちあふれ	満ちあふれ	7338
みちあんない	道案内	6946
みちいと	道糸	7353
みちえ	道枝	7023
みちお	道夫	7412
みちお	みちお	7551
みちかけ	満ち欠け	7266
みちがえる	見違える	6938
みちくさ	道草	7560
みちこ	美智子	6645
みちこ	道子	7188
みちこ	未知子	7431
みちこ	みちこ	7543
みちざね	道真	7347
みちしげ	道重	7548
みちしるべ	道しるべ	7014
みちしるべ	道標	7136
みちじゅん	道順	7117
みちすう	未知数	6872
みちすがら	道すがら	7287
みちすじ	道筋	6455
みちぞい	道沿い	7022
みちたり	満ち足り	7417
みちだ	道だ	7467
みちづれ	道連れ	7229
みちなが	道長	6990
みちのえき	道の駅	6968
みちのく	みちのく	6915
みちのく	陸奥	7147
みちのせかい	未知の世界	7279
みちのり	道のり	6055
みちはば	道幅	6860
みちばた	道端	6544
みちびい	導い	6007
みちびか	導か	6334
みちびき	導き	6059
みちびきださ	導き出さ	7139
みちびきだし	導き出し	6856
みちびきだす	導き出す	6933
みちびく	導く	5876
みちびける	導ける	7481
みちゃ	見ちゃ	7448
みちゃう	見ちゃう	7091
みちゃく	未着	7436
みちゃっ	見ちゃっ	7199
みちゆく	道行く	7221
みちる	満	7064
みちる	満ちる	7301
みちる	みちる	7305
みちる	ミチル	7384
みぢか	身近	5404
みっ	みっ	6377
みっか	3日	5021
みっか	三日	6717
みっかい	密会	7183
みっかぼうず	三日坊主	7463
みっきょう	密教	6866
みっきー	ミッキー	6191
みっきーまうす	ミッキーマウス	6922
みっく	ミック	6454
みっくす	ミックス	5705
みっこく	密告	7230
みっしぇる	ミッシェル	7553
みっしつ	密室	6816
みっしゅう	密集	6309
みっしょん	ミッション	5321
みっせい	密生	7363
みっせつ	密接	6301
みっちぇる	ミッチェル	7433
みっちゃく	密着	5653
みっちり	みっちり	6762
みっちー	ミッチー	7360
みっつ	3つ	4827
みっつ	三つ	5810
みっつあり	3つあり	7036
みっつつ	3つつ	6485
みっつめ	3つ目	6311
みっつめ	3つめ	7240
みっと	ミット	6776
みっともない	みっともない	6881
みっど	ミッド	7329
みっどそーる	ミッドソール	7159
みっどたうん	ミッドタウン	7069
みっどないと	ミッドナイト	6967
みっふぃー	ミッフィー	6869
みっぷう	密封	6753
みっぺい	密閉	6289
みつ	密	6158
みつ	蜜	6178
みつ	みつ	6388
みつ	満	6875
みつ	光	7068
みつ	ミツ	7129
みつ	充	7288
みつあみ	三つ編み	7457
みつい	三井	6145
みつい	三位	7256
みつい	貢い	7411
みついすみともぎんこう	三井住友銀行	7029
みついふどうさん	三井不動産	7067
みついぶっさん	三井物産	7150
みつうら	三浦	7202
みつお	三百	6964
みつおり	三つ折り	7081
みつかっ	見つかっ	5672
みつかっ	みつかっ	7436
みつかど	三角	7099
みつから	見つから	5675
みつから	みつから	7361
みつかり	見つかり	5581
みつかり	みつかり	7157
みつかる	見つかる	5775
みつかる	みつかる	7316
みつかれ	見つかれ	7022
みつかん	ミツカン	7520
みつき	三月	6989
みつき	充希	7228
みつき	みつき	7252
みつき	三木	7342
みつき	美月	7416
みつぎ	調	7068
みつぎ	貢	7211
みつぎ	三木	7333
みつくに	光圀	7493
みつぐ	献	6937
みつけ	見つけ	4798
みつけ	みつけ	6366
みつけ	見付け	6925
みつけ	見附	7283
みつけだし	見つけ出し	6721
みつけだす	見つけ出す	6834
みつけにくい	見つけにくい	7326
みつけにくかっ	見つけにくかっ	7522
みつけやすい	見つけやすい	6967
みつけやすかっ	見つけやすかっ	7191
みつけやすく	見つけやすく	7120
みつけよ	見つけよ	6778
みつけよう	見つけよう	6769
みつける	見つける	5331
みつける	みつける	7191
みつけれ	見つけれ	7421
みつこ	光子	7452
みつこし	三越	6459
みつご	三つ子	7235
みつしま	満島	7038
みつじ	三次	7269
みつど	密度	5815
みつどもえ	三つ巴	7285
みつな	密な	7115
みつなり	三成	7127
みつはし	三橋	7486
みつば	三つ葉	6878
みつば	ミツバ	7256
みつば	みつば	7501
みつばい	密売	7329
みつばち	ミツバチ	6586
みつばち	みつばち	7270
みつばち	蜜蜂	7339
みつひこ	光彦	7490
みつひで	光秀	6796
みつびし	三菱	6029
みつびししょうじ	三菱商事	7121
みつびしじしょ	三菱地所	7186
みつびしじどうしゃ	三菱自動車	7194
みつびしじゅうこう	三菱重工	7037
みつびしじゅうこうぎょう	三菱重工業	7408
みつびしでんき	三菱電機	6883
みつびしふそう	三菱ふそう	7106
みつぼし	三ツ星	7246
みつめ	見つめ	5763
みつめ	みつめ	7339
みつめなおし	見つめ直し	6855
みつめなおす	見つめ直す	6848
みつめる	見つめる	6076
みつもあ	ミツモア	7556
みつもっ	見積もっ	6959
みつもと	三本	6862
みつもり	見積もり	6020
みつもり	見積り	6146
みつもり	見積	6285
みつもりしょ	見積書	6656
みつもる	見積もる	7357
みつや	三ツ矢	7314
みつゆ	密輸	6966
みつよ	三世	7160
みつりょう	密猟	7417
みつりん	密林	7180
みつる	満	6994
みつる	統	7088
みつる	充	7202
みつる	みつる	7464
みつろう	蜜蝋	7361
みづき	美月	7096
みづの	水野	7505
みづらい	見づらい	6856
みづらく	見づらく	7369
みてい	未定	6015
みていれば	見ていれば	7304
みてくれ	見てくれ	7335
みてとれ	見て取れ	6966
みてとれる	見て取れる	7020
みてまわっ	見て回っ	7113
みてまわる	見て回る	7081
みてみて	見てみて	6144
みてみて	みてみて	6899
みてみて	観てみて	7492
みで	身で	7548
みでぃ	ミディ	7303
みでぃあむ	ミディアム	6786
みと	水戸	6036
みと	みと	7060
みと	ミト	7354
みとう	未踏	7140
みとおか	三十日	7395
みとおし	見通し	6029
みとおす	見通す	7233
みとおせ	見通せ	7400
みとこうもん	水戸黄門	7443
みとこんどりあ	ミトコンドリア	6797
みとし	三年	6584
みとし	水戸市	7515
みとせ	三年	6584
みとせ	三歳	7360
みとどけ	見届け	6571
みとどける	見届ける	7178
みとま	三笘	6941
みとむ	認	6935
みとめ	認め	5102
みとめよう	認めよう	7464
みとめる	認める	5606
みとよ	三豊	7405
みとり	看取り	6975
みとりず	見取り図	7104
みとれ	見とれ	6970
みとれ	見惚れ	7290
みとん	ミトン	7323
みどう	御堂	7324
みどうすじ	御堂筋	6750
みどく	未読	6753
みどころ	見どころ	5753
みどころ	見所	6371
みどころ	みどころ	7070
みどころまんさい	見どころ満載	7525
みどり	緑	5089
みどり	みどり	6121
みどり	翠	6860
みどり	ミドリ	7254
みどりいろ	緑色	5978
みどりかわ	緑川	7344
みどりがおか	緑が丘	7430
みどりがおか	緑ヶ丘	7539
みどりがわ	緑川	7453
みどりく	緑区	6764
みどりたに	緑谷	7148
みどりのまどぐち	みどりの窓口	7460
みどりま	緑間	7400
みどりや	緑谷	7371
みどりゆたか	緑豊か	6784
みどる	ミドル	6025
みどるしゅーと	ミドルシュート	7247
みな	皆	5328
みな	みな	5965
みな	ミナ	6694
みな	美奈	7363
みな	咸	7372
みなおさ	見直さ	6673
みなおし	見直し	5529
みなおす	見直す	6053
みなおそ	見直そ	7403
みなおそう	見直そう	7402
みなかみ	水上	6611
みなかみまち	みなかみ町	7323
みながわ	皆川	7387
みなぎっ	みなぎっ	7453
みなぎる	みなぎる	7300
みなくなっ	見なくなっ	7490
みなこ	美奈子	6893
みなごろし	皆殺し	7001
みなさ	みなさ	6143
みなさ	見なさ	6493
みなさま	皆様	4419
みなさま	皆さま	5076
みなさま	みなさま	5346
みなさまがた	皆様方	6551
みなさん	皆さん	4423
みなさん	みなさん	4784
みなし	みなし	6151
みなし	見なし	6983
みなしご	孤児	7287
みなす	みなす	6376
みなす	見なす	7161
みなせいのり	水瀬いのり	7375
みなづき	水無月	7524
みなと	港	6246
みなと	湊	6728
みなと	みなと	6971
みなと	ミナト	7429
みなと	源	7437
みなとく	港区	6028
みなとちょう	港町	7238
みなとまち	港町	6860
みなとみらい	みなとみらい	6344
みなまた	水俣	7354
みなまたびょう	水俣病	7179
みなみ	南	5045
みなみ	みなみ	6533
みなみ	みな実	6833
みなみ	美波	6921
みなみ	ミナミ	7002
みなみあいづ	南会津	7476
みなみあじあ	南アジア	7315
みなみあふりか	南アフリカ	6396
みなみあめりか	南アメリカ	7365
みなみあわじし	南あわじ市	7303
みなみいず	南伊豆	7428
みなみうおぬま	南魚沼	7197
みなみうらわ	南浦和	7488
みなみおおさわ	南大沢	7556
みなみかぜ	南風	7090
みなみかんとう	南関東	7239
みなみがわ	南側	5959
みなみく	南区	6460
みなみぐち	南口	6335
みなみさんりくちょう	南三陸町	7530
みなみしなかい	南シナ海	7142
みなみせんじゅ	南千住	7503
みなみそうまし	南相馬市	7385
みなみたいへいよう	南太平洋	7383
みなみちた	南知多	7527
みなみなさま	皆々様	7277
みなみの	南野	7423
みなみのしま	南の島	7512
みなみはんきゅう	南半球	7139
みなみまち	南町	7320
みなみむき	南向き	6939
みなみもん	南門	7502
みなも	水面	6415
みなもと	源	6295
みなもとのよしつね	源義経	7371
みなもとのよりとも	源頼朝	6928
みならい	見習い	6680
みならう	見習う	7303
みならっ	見習っ	6968
みならわ	見習わ	7489
みなり	身なり	6990
みなれ	見慣れ	6439
みに	ミニ	5131
みにいか	見に行か	7135
みにいき	見に行き	6307
みにいき	観に行き	6822
みにいく	見に行く	6172
みにいく	観に行く	7102
みにいく	見にいく	7536
みにいこ	見に行こ	7182
みにいっ	見に行っ	6109
みにいっ	観に行っ	6648
みにおん	ミニオン	6628
みにかー	ミニカー	6568
みにき	見に来	6128
みにき	見にき	6762
みにき	観に来	6778
みにく	醜	7328
みにくい	醜い	6615
みにくい	見にくい	6806
みにくく	醜く	7337
みにくく	見にくく	7403
みにくる	見に来る	7097
みにげーむ	ミニゲーム	6456
みにさいず	ミニサイズ	6643
みにしみ	身にしみ	7510
みにすかーと	ミニスカート	6911
みにすとっぷ	ミニストップ	7008
みにちゅあ	ミニチュア	6300
みについ	身につい	6822
みについ	身に付い	7211
みにつか	身につか	7463
みにつき	身につき	6798
みにつき	身に付き	7123
みにつく	身につく	6636
みにつく	身に付く	7185
みにつけ	身につけ	5860
みにつけ	身に着け	6311
みにつけ	身に付け	6391
みにつけら	身につけら	6893
みにつける	身につける	5947
みにつける	身に付ける	6664
みにつける	身に着ける	6720
みにつけれ	身につけれ	7553
みにとまと	ミニトマト	6629
みになっ	身になっ	7523
みにばす	ミニバス	7080
みにばん	ミニバン	6489
みにふぃぐ	ミニフィグ	7557
みにべろ	ミニベロ	7454
みにまとい	身にまとい	7374
みにまとっ	身にまとっ	7160
みにまとっ	身に纏っ	7471
みにまむ	ミニマム	6855
みにまりすと	ミニマリスト	6755
みにまりずむ	ミニマリズム	7389
みにまる	ミニマル	7146
みにゆこ	見に行こ	7167
みによんく	ミニ四駆	6836
みにれたー	ミニレター	7416
みにー	ミニー	6961
みぬい	見抜い	6866
みぬか	見抜か	7327
みぬき	見抜き	7170
みぬく	見抜く	6743
みぬけ	見抜け	7395
みぬま	見沼	7417
みね	峰	6591
みね	嶺	6890
みね	峯	7006
みね	みね	7074
みね	ミネ	7359
みねぎしみなみ	峯岸みなみ	7559
みねすとろーね	ミネストローネ	7317
みねそた	ミネソタ	7398
みねらる	ミネラル	5816
みねらるうぉーたー	ミネラルウォーター	7152
みねるば	ミネルバ	7561
みの	みの	6485
みの	ミノ	6670
みの	美濃	6833
みのう	未納	6947
みのう	美濃	7518
みのうえ	身の上	7254
みのお	箕面	6876
みのかも	美濃加茂	7321
みのがさ	見逃さ	6362
みのがし	見逃し	5638
みのがしはいしん	見逃し配信	7505
みのがす	見逃す	6660
みのがせ	見逃せ	6468
みのきしじる	ミノキシジル	7335
みのしろきん	身代金	7120
みのたうろす	ミノタウロス	7563
みのたけ	身の丈	7005
みのっ	実っ	6838
みのまわり	身の回り	6302
みのら	実ら	7108
みのり	実り	6545
みのり	みのり	6795
みのり	美紀	7440
みのり	農	7498
みのり	法	7557
みのる	実	6771
みのる	実る	7023
みのる	實	7094
みのる	みのる	7241
みのる	稔	7394
みのる	穂	7401
みのる	登	7544
みのる	豊	7547
みのわ	箕輪	7305
みは	美波	7281
みはからっ	見計らっ	6901
みはし	三橋	7555
みはっ	見張っ	7082
みはなさ	見放さ	7151
みはば	身幅	6338
みはま	美浜	6939
みはら	三原	6934
みはら	みはら	7492
みはらい	未払い	6709
みはらし	見晴らし	6663
みはり	見張り	7131
みはる	見張る	6836
みばえ	見栄え	6245
みひらい	見開い	7177
みひらき	見開き	6812
みふね	三船	7155
みぶ	壬生	7403
みぶり	身振り	6987
みぶりてぶり	身振り手振り	7423
みぶるい	身震い	7470
みぶん	身分	5811
みぶんしょう	身分証	7344
みぶんしょうめいしょ	身分証明書	7214
みぶんるい	未分類	7261
みほ	みほ	6788
みほ	美穂	6843
みほ	美帆	7231
みほ	美保	7254
みほ	ミホ	7292
みほれ	見惚れ	7365
みほん	見本	6065
みほんいち	見本市	6968
みぼうじん	未亡人	7058
みま	美馬	7547
みまい	見舞い	6127
みまい	見舞	7329
みまね	見まね	7356
みまもっ	見守っ	5774
みまもら	見守ら	6826
みまもり	見守り	6021
みまもる	見守る	6032
みまわ	見舞わ	6252
みまわし	見回し	6975
みまわす	見回す	7240
みまわり	見回り	7295
みまん	未満	5429
みみ	耳	4982
みみ	みみ	6662
みみ	ミミ	6782
みみあか	耳垢	7518
みみうち	耳打ち	7416
みみかき	耳かき	7086
みみかざり	耳飾り	7208
みみこぴ	耳コピ	7337
みみざわり	耳障り	7311
みみず	ミミズ	6665
みみせん	耳栓	6893
みみたぶ	耳たぶ	7063
みみっきゅ	ミミッキュ	7285
みみっく	ミミック	7509
みみなり	耳鳴り	6726
みみにはいっ	耳に入っ	7474
みみもと	耳元	6706
みみをかたむける	耳を傾ける	6854
みみをすませば	耳をすませば	7494
みむき	見向き	6930
みむら	三村	7029
みめい	未明	6678
みもざ	ミモザ	6820
みもと	身元	6459
みもの	見もの	7159
みゃく	脈	6103
みゃくあり	脈あり	7259
みゃくどう	脈動	7554
みゃくはく	脈拍	7161
みゃくみゃくと	脈々と	7094
みゃくらく	脈絡	7113
みゃんまー	ミャンマー	6284
みや	宮	5881
みや	みや	6292
みや	ミヤ	7141
みやうち	宮内	7326
みやお	宮尾	7559
みやかわ	宮川	7082
みやがわ	宮川	6856
みやぎ	宮城	6120
みやぎけん	宮城県	5908
みやぎの	宮城野	7408
みやぐすく	宮城	6724
みやけ	三宅	6501
みやけ	宮家	7160
みやげ	土産	5457
みやげ	みやげ	7110
みやげもの	土産物	6767
みやこ	京都	5645
みやこ	都	6106
みやこ	みやこ	6793
みやこ	宮古	6961
みやこ	京子	7266
みやこ	ミヤコ	7462
みやこじま	宮古島	6492
みやこじま	都島	7560
みやこのじょう	都城	6751
みやさき	宮崎	7144
みやさこ	宮迫	7065
みやさわ	宮沢	7025
みやさわ	宮澤	7424
みやざき	宮崎	5736
みやざきけん	宮崎県	6205
みやざきし	宮崎市	7378
みやざきはやお	宮崎駿	6823
みやざと	宮里	7562
みやざわ	宮沢	6616
みやざわ	宮澤	7062
みやした	宮下	6911
みやしま	宮島	7154
みやじ	宮地	7278
みやじま	宮島	6844
みやす	見やす	7173
みやすい	見やすい	6714
みやすく	見やすく	6330
みやた	宮田	6613
みやだ	宮田	7253
みやだいく	宮大工	7549
みやだて	宮舘	7422
みやつこ	造	6713
みやづ	宮津	7552
みやの	宮野	6793
みやのした	宮下	7523
みやはら	宮原	7159
みやばら	宮原	7538
みやび	雅	6747
みやび	みやび	6967
みやぶら	見破ら	7481
みやぶる	見破る	7512
みやべ	宮部	7229
みやま	みやま	6996
みやま	ミヤマ	7148
みやま	美山	7340
みやま	深山	7496
みやまいり	宮参り	6811
みやまえ	宮前	7468
みやもと	宮本	6086
みやわき	宮脇	7183
みゅ	ミュ	7160
みゅう	ミュウ	7077
みゅうつー	ミュウツー	7139
みゅしゃ	ミュシャ	7523
みゅに	ミュニ	7292
みゅらー	ミュラー	7361
みゅんへん	ミュンヘン	6648
みゅーじあむ	ミュージアム	6033
みゅーじあむしょっぷ	ミュージアムショップ	7261
みゅーじかる	ミュージカル	5765
みゅーじしゃん	ミュージシャン	5925
みゅーじっく	ミュージック	5869
みゅーじっく	Music	7083
みゅーじっくびでお	ミュージックビデオ	6550
みゅーじっくびでお	ミュージック・ビデオ	7413
みゅーず	ミューズ	6954
みゅーたんと	ミュータント	7251
みゅーと	ミュート	6575
みゆ	みゆ	6691
みゆ	望結	7529
みゆう	美優	7434
みゆき	みゆき	6372
みゆき	御幸	7028
みゆき	美幸	7367
みゆき	美由紀	7367
みゆき	深雪	7403
みゆき	幸	7418
みゆき	美雪	7464
みょう	妙	5789
みょう	みょう	6931
みょうおう	明王	7267
みょうが	みょうが	6887
みょうが	ミョウガ	7105
みょうが	茗荷	7197
みょうけん	妙見	7408
みょうこう	妙高	7435
みょうごにち	明後日	6712
みょうじ	苗字	6251
みょうじ	名字	6280
みょうじつ	明日	5818
みょうじょう	明星	6823
みょうじん	明神	6636
みょうな	妙な	6414
みょうに	妙に	6099
みょうにち	明日	5403
みょうばん	ミョウバン	7462
みょうほう	妙法	7267
みょうみ	妙味	7500
みょんどん	明洞	6996
みよ	みよ	5023
みよ	見よ	6157
みよ	観よ	7137
みよ	御代	7453
みよ	三世	7545
みよう	見よう	6158
みよう	観よう	7161
みよこ	美代子	7223
みよし	みよし	6887
みよし	三好	6915
みよし	三次	7287
みよし	三吉	7440
みより	身寄り	7366
みら	みら	7006
みら	ミラ	7032
みらい	未来	4792
みらい	みらい	6302
みらいえいごう	未来永劫	7351
みらいてき	未来的	7428
みらいのこと	未来のこと	7347
みらくる	ミラクル	6478
みらこすた	ミラコスタ	7526
みらの	ミラノ	6398
みらぷり	ミラプリ	7411
みらん	ミラン	6940
みらんだ	ミランダ	7331
みらー	ミラー	5619
みらーじゅ	ミラージュ	6962
みらーれす	ミラーレス	7436
みり	ミリ	5746
みり	みり	7031
みりおん	ミリオン	6747
みりたりー	ミリタリー	6493
みりは	ミリ波	7307
みりめーとる	ミリメートル	7228
みりゃ	みりゃ	6907
みりょう	魅了	5741
みりょく	魅力	4453
みりょくてき	魅力的	5351
みりりっとる	ミリリットル	7306
みりん	みりん	6082
みりん	味醂	7342
みる	見る	4216
みる	みる	4494
みる	観る	5665
みる	ミル	6164
みる	診る	7094
みる	視る	7402
みるからに	見るからに	6723
みるきー	ミルキー	6672
みるく	ミルク	5406
みるく	みるく	6879
みるくてぃー	ミルクティー	7207
みるふぃーゆ	ミルフィーユ	7035
みるみる	みるみる	6638
みれ	見れ	5525
みれ	みれ	5737
みれ	観れ	7041
みれい	美玲	7093
みれにあむ	ミレニアム	7137
みれにある	ミレニアル	7428
みれる	見れる	5715
みれる	みれる	7152
みれん	未練	6579
みろ	みろ	6442
みろ	見ろ	6762
みろく	弥勒	7361
みろく	みろく	7565
みわ	三輪	6814
みわ	みわ	7202
みわ	美和	7250
みわ	美輪	7409
みわ	美羽	7447
みわ	三和	7532
みわく	魅惑	6372
みわくてき	魅惑的	6989
みわけ	見分け	6256
みわける	見分ける	6493
みわこ	美和子	7240
みわたし	見渡し	6593
みわたす	見渡す	6431
みわたせ	見渡せ	7011
みわたせる	見渡せる	6660
みをかくし	身を隠し	7559
みをまかせ	身を任せ	7213
みをむすび	実を結び	7365
みをむすぶ	実を結ぶ	7461
みをむすん	実を結ん	7502
みをゆだね	身を委ね	7457
みをよせ	身を寄せ	7391
みん	民	5970
みん	みん	6128
みん	ミン	6373
みん	明	6656
みん	鳴	7359
みんい	民意	7227
みんえい	民営	6558
みんか	民家	5824
みんから	みんカラ	7296
みんかん	民間	5451
みんかんきぎょう	民間企業	6687
みんかんじぎょうしゃ	民間事業者	7439
みんかんじん	民間人	7115
みんぎゅ	ミンギュ	7407
みんく	ミンク	7388
みんけん	民権	7531
みんげい	民芸	6954
みんげい	民藝	7214
みんしゅ	民主	5859
みんしゅう	民衆	6371
みんしゅく	民宿	6552
みんしゅしゅぎ	民主主義	6745
みんしゅてき	民主的	7443
みんしゅとう	民主党	5983
みんしんとう	民進党	7179
みんじ	民事	6308
みんせい	民生	6671
みんぞく	民族	5618
みんぞく	民俗	6321
みんぞくいしょう	民族衣装	7518
みんぞくがく	民俗学	7197
みんち	ミンチ	6639
みんちょうたい	明朝体	7155
みんと	ミント	6044
みんど	民度	6839
みんな	みんな	4268
みんな	皆	5472
みんな	皆んな	6207
みんなげんき	みんな元気	6952
みんなだいすき	みんな大好き	6621
みんぱく	民泊	6684
みんぺい	民兵	7373
みんぽう	民法	6296
みんぽう	民放	6782
みんよう	民謡	6435
みんわ	民話	6893
みー	ミー	6911
みーぐり	ミーグリ	7366
みーてぃんぐ	ミーティング	5923
みーと	ミート	6116
みーとそーす	ミートソース	7173
みーとぼーる	ミートボール	7484
みーな	ミーナ	7469
みーはー	ミーハー	7030
みーむ	ミーム	6971
みーる	ミール	7052
む	無	4853
むい	向い	5293
むい	むい	6361
むい	剥い	6596
むい	無為	7335
むいか	6日	5364
むいか	六日	7348
むいしき	無意識	6108
むいしきてき	無意識的	7464
むいみ	無意味	6260
むえたい	ムエタイ	7170
むえん	無縁	6369
むえん	無塩	7077
むおん	無音	6759
むか	向か	6240
むか	むか	6929
むかい	向かい	5420
むかい	向い	6208
むかい	向井	6503
むかい	向	7352
むかい	むかい	7369
むかいあう	向かい合う	7158
むかいあっ	向かい合っ	6962
むかいあわせ	向かい合わせ	7545
むかいかぜ	向かい風	7064
むかいがわ	向かい側	6766
むかう	向かう	5199
むかう	向う	7287
むかえ	迎え	4909
むかえ	むかえ	6995
むかえ	向かえ	7400
むかえいれ	迎え入れ	6695
むかえいれる	迎え入れる	7038
むかえうつ	迎え撃つ	7185
むかえにいき	迎えに行き	7352
むかえにいく	迎えに行く	6852
むかえにいっ	迎えに行っ	7272
むかえにき	迎えに来	6693
むかえにき	迎えにき	7165
むかえにくる	迎えに来る	7318
むかえよ	迎えよ	6991
むかえよう	迎えよう	6981
むかえる	迎える	5351
むかえる	むかえる	7507
むかえる	向かえる	7536
むかお	向かお	6934
むかおう	向かおう	6930
むかきん	無課金	6763
むかし	昔	4622
むかし	むかし	6477
むかしながら	昔ながら	5955
むかしなつかしい	昔懐かしい	7339
むかしのこと	昔のこと	7357
むかしのひと	昔の人	7069
むかしばなし	昔話	6512
むかしばなし	昔ばなし	7469
むかしむかし	昔々	7403
むかち	無価値	7524
むかっ	向かっ	4993
むかっ	向っ	6988
むかっ	むかっ	7046
むかつい	ムカつい	7032
むかつき	ムカつき	7540
むかつく	ムカつく	6643
むかつく	むかつく	7176
むかで	ムカデ	6847
むかみ	村上	7269
むかむか	ムカムカ	7492
むかわ	向かわ	6699
むかわ	むかわ	7348
むかんきゃく	無観客	7222
むかんけい	無関係	6143
むかんしん	無関心	6916
むがい	無害	6839
むがむちゅう	無我夢中	7250
むき	向き	5735
むき	むき	6593
むき	無機	6689
むき	剥き	6744
むき	無期	6761
むきあい	向き合い	5925
むきあう	向き合う	5819
むきあえ	向き合え	7441
むきあえる	向き合える	7048
むきあお	向き合お	7500
むきあおう	向き合おう	7495
むきあっ	向き合っ	5898
むきあわ	向き合わ	7037
むきげん	無期限	6760
むきしつ	無機質	6758
むきず	無傷	6980
むきだし	剥き出し	6915
むきだし	むき出し	6916
むきになっ	ムキになっ	7414
むきぶつ	無機物	7432
むきむき	ムキムキ	6971
むきゅう	無休	6561
むきゅう	無給	7271
むきょか	無許可	7384
むきりょく	無気力	7211
むきん	無菌	7056
むぎ	麦	5996
むぎ	むぎ	6544
むぎ	ムギ	7294
むぎごはん	麦ごはん	7517
むぎじょうちゅう	麦焼酎	7531
むぎちゃ	麦茶	6610
むぎばたけ	麦畑	7438
むぎわら	麦わら	6655
むぎわらぼうし	麦わら帽子	7069
むく	向く	6170
むく	無垢	6396
むく	むく	6688
むく	剥く	7003
むく	ムク	7054
むくい	報い	7305
むくいる	報いる	7323
むくざい	無垢材	7448
むくち	無口	6793
むくどり	ムクドリ	7400
むくみ	むくみ	6117
むくみ	浮腫み	7192
むくろ	躯	6872
むくろ	骸	6983
むくわ	報わ	6328
むくん	むくん	7330
むけ	向け	4417
むけ	むけ	6268
むけ	剥け	7228
むけい	無形	6444
むけいかく	無計画	7462
むけつ	無欠	7440
むける	向ける	6079
むける	むける	7545
むげん	無限	5758
むげん	夢幻	7078
むげんえん	無限遠	7515
むげんだい	無限大	6870
むこ	婿	6844
むこ	むこ	7284
むこう	無効	5304
むこう	向こう	5504
むこう	むこう	7027
むこう	向日	7402
むこう	向う	7427
むこう	向	7559
むこうか	無効化	6989
むこうがわ	向こう側	6995
むこうりょう	無香料	7465
むこようし	婿養子	7439
むご	酷	7509
むごい	酷い	7140
むごん	無言	5996
むさ	むさ	7159
むさくい	無作為	7362
むささび	ムササビ	7558
むさし	武蔵	6127
むさし	むさし	7088
むさし	ムサシ	7171
むさしくに	武蔵国	7500
むさしさかい	武蔵境	7471
むさしの	武蔵野	6559
むさしのせん	武蔵野線	7104
むさしのびじゅつだいがく	武蔵野美術大学	7469
むさぼる	貪る	7564
むさん	むさん	7264
むざい	無罪	6482
むざん	無惨	6601
むざん	無残	6982
むし	無視	5238
むし	虫	5400
むし	蒸し	5869
むし	むし	6392
むし	無死	6841
むしあつ	蒸し暑	7256
むしあつい	蒸し暑い	6606
むしあつく	蒸し暑く	7212
むしき	蒸し器	7054
むしくい	虫食い	7066
むしたち	虫たち	7219
むしってん	無失点	6897
むしとり	虫取り	7277
むしば	虫歯	5935
むしば	むし歯	6599
むしばま	蝕ま	7558
むしぱん	蒸しパン	7564
むしむし	ムシムシ	7564
むしめがね	虫眼鏡	7225
むしゃ	武者	6667
むしやき	蒸し焼き	6673
むしゅう	無臭	6955
むしょう	無償	5817
むしょう	無性	7426
むしょうじょう	無症状	7490
むしょうに	無性に	6768
むしょく	無職	6108
むしょく	無色	6635
むしょくとうめい	無色透明	7434
むしょぞく	無所属	6857
むしよけ	虫除け	6905
むしよけ	虫よけ	7071
むしろ	むしろ	5127
むしろ	寧ろ	6710
むしん	無心	6959
むしんけい	無神経	7054
むじ	無地	6195
むじかく	無自覚	7084
むじこ	無事故	7111
むじつ	無実	6804
むじひ	無慈悲	7156
むじゃき	無邪気	6476
むじゅん	矛盾	5869
むじょう	無情	7152
むじょう	無常	7153
むじょうけん	無条件	6422
むじるし	無印	5950
むじるしりょうひん	無印良品	6893
むじん	無人	6000
むじんえき	無人駅	7444
むじんぞう	無尽蔵	7389
むじんとう	無人島	6637
むす	むす	6875
むす	ムス	6954
むす	蒸す	7067
むすい	無水	6946
むすう	無数	6203
むすく	ムスク	7416
むすこ	息子	4822
むすこたち	息子たち	7111
むすこたち	息子達	7541
むすば	結ば	6072
むすび	結び	5967
むすび	むすび	6706
むすび	結	7462
むすびかた	結び方	6875
むすびつい	結びつい	6467
むすびつか	結びつか	7176
むすびつき	結びつき	6964
むすびつく	結びつく	6709
むすびつけ	結びつけ	6695
むすびつけ	結び付け	7080
むすびつける	結びつける	6667
むすびつける	結び付ける	7346
むすびめ	結び目	6830
むすぶ	結ぶ	5700
むすべる	結べる	7440
むすめ	娘	4872
むすめ	むすめ	6914
むすめ	ムスメ	7233
むすめたち	娘たち	6627
むすめで	娘で	7025
むすめむこ	娘婿	7432
むすめやく	娘役	6812
むすん	結ん	5844
むず	ムズ	7453
むず	むず	7454
むずい	むずい	7271
むずい	ムズい	7542
むずかし	難し	5780
むずかしい	難しい	4654
むずかしい	むずかしい	6557
むずかしいじょうきょう	難しい状況	7104
むずかしいばあい	難しい場合	6570
むずかしいぶぶん	難しい部分	7504
むずかしかっ	難しかっ	5983
むずかしく	難しく	5343
むずかしく	むずかしく	7499
むずかしけれ	難しけれ	7540
むずかしさ	難しさ	6111
むずかしそう	難しそう	6533
むずむず	ムズムズ	7497
むせ	むせ	7333
むせい	無声	7556
むせいげん	無制限	6350
むせきにん	無責任	6485
むせん	無線	5605
むせんき	無線機	6898
むそう	無双	6160
むそう	夢想	6982
むぞうさ	無造作	6964
むだ	無駄	5173
むだ	ムダ	6336
むだ	むだ	7317
むだげ	ムダ毛	7471
むだづかい	無駄遣い	6768
むだん	無断	6007
むだんてんさい	無断転載	6384
むち	無知	6544
むち	ムチ	6626
むち	鞭	6724
むちうち	むち打ち	7450
むちつじょ	無秩序	7261
むちゃ	無茶	6518
むちゃ	むちゃ	7042
むちゃくちゃ	むちゃくちゃ	6814
むちゃくちゃ	無茶苦茶	6823
むちゃぶり	無茶振り	7301
むちゅう	夢中	5710
むっ	ムッ	7013
むっく	ムック	6904
むっちゃ	むっちゃ	6927
むっちり	むっちり	7326
むっつ	6つ	5925
むっつ	六つ	7071
むつ	むつ	6766
むつ	ムツ	7318
むつ	陸奥	7327
むつう	無痛	6959
むつうぶんべん	無痛分娩	7566
むつかし	難し	6803
むつかしい	難しい	5406
むつかしかっ	難しかっ	7480
むつかしく	難しく	6840
むてき	無敵	6283
むてんか	無添加	6818
むとう	武藤	6736
むとう	無糖	6977
むとくてん	無得点	7254
むとんじゃく	無頓着	7135
むないた	胸板	7462
むなかた	宗像	6826
むなし	虚し	7177
むなしい	虚しい	7128
むなしく	虚しく	6965
むなしく	むなしく	7305
むなしく	空しく	7538
むなしさ	虚しさ	7225
むなもと	胸元	6305
むに	無二	6095
むにえる	ムニエル	7215
むね	胸	5067
むね	旨	5558
むね	むね	6257
むね	棟	6324
むね	宗	7033
むね	ムネ	7209
むねあつ	胸熱	7434
むねがくるしく	胸が苦しく	7434
むねきゅん	胸キュン	6868
むねたか	宗隆	7395
むねにく	胸肉	6627
むねのおく	胸の奥	7480
むねのまえ	胸の前	7461
むねぽけっと	胸ポケット	7428
むねやけ	胸焼け	7402
むねをはっ	胸を張っ	6688
むねをはる	胸を張る	7531
むねん	無念	6726
むのう	無能	6418
むのうやく	無農薬	7080
むはい	無敗	6799
むはい	無配	7539
むはんのう	無反応	7333
むはんまど	ムハンマド	7327
むひょうじょう	無表情	7030
むびちけ	ムビチケ	7408
むびょう	無病	7001
むびょうそくさい	無病息災	7336
むふう	無風	7158
むべ	宜	7166
むほう	無法	7312
むほうもの	無法者	7527
むほん	謀反	7058
むぼう	無謀	6588
むぼうび	無防備	7185
むみ	無味	7465
むむ	むむ	7566
むめい	無名	6366
むめんきょうんてん	無免許運転	7549
むもう	無毛	7517
むや	むや	7197
むやみ	むやみ	6694
むやみ	無闇	7351
むよう	無用	6591
むら	村	5232
むら	むら	5758
むら	ムラ	5893
むら	斑	7077
むらい	村井	6740
むらおか	村岡	7155
むらかみ	村上	5876
むらがっ	群がっ	7236
むらがみ	村上	6609
むらがる	群がる	7174
むらき	村木	7542
むらさき	紫	5751
むらさき	むらさき	6894
むらさき	ムラサキ	6947
むらさきいも	紫芋	7212
むらさきいろ	紫色	6161
むらさきしきぶ	紫式部	6770
むらし	蒸らし	7122
むらしげ	村重	7374
むらじ	連	6779
むらす	蒸らす	7476
むらせ	村瀬	7003
むらた	村田	6370
むらだ	村田	7009
むらだた	むらだた	6907
むらだち	むらだち	6945
むらだつ	むらだつ	6985
むらだて	むらだて	6907
むらだて	群だて	7253
むらなか	村中	7430
むらの	村野	7388
むらびと	村人	6274
むらびとたち	村人たち	7336
むらまさ	村正	7398
むらまつ	村松	6898
むらむら	村々	7289
むらやま	村山	6510
むり	無理	4754
むり	ムリ	6604
むり	むり	7034
むりげー	無理ゲー	7499
むりじい	無理強い	7265
むりそう	無理そう	7068
むりなんだい	無理難題	7469
むりやり	無理やり	6040
むりやり	無理矢理	6409
むりやり	むりやり	7548
むりょう	無料	4456
むりょう	無量	7307
むりょうけん	無料券	7204
むりょうそうだん	無料相談	7010
むりょうたいけん	無料体験	7139
むりょうばん	無料版	7113
むりょく	無力	6342
むりょくかん	無力感	7408
むる	むる	7318
むるい	無類	7214
むれ	群れ	6260
むれ	蒸れ	6647
むれ	群	6841
むれ	ムレ	7445
むれ	むれ	7498
むれる	群れる	7530
むろ	室	7133
むろ	ムロ	7431
むろい	室井	7217
むろつよし	ムロツヨシ	7308
むろどう	室堂	7331
むろまち	室町	6380
むろまちばくふ	室町幕府	7311
むろらん	室蘭	6762
むろん	無論	6625
むろん	むろん	7059
むん	むん	7421
むんばい	ムンバイ	7298
むんむん	ムンムン	7559
むー	ムー	7283
むーあ	ムーア	7230
むーす	ムース	6358
むーど	ムード	5950
むーびー	ムービー	5901
むーぶ	ムーブ	6648
むーぶめんと	ムーブメント	6382
むーみん	ムーミン	6717
むーるがい	ムール貝	7174
むーん	ムーン	6085
むーんらいと	ムーンライト	7195
むーゔ	ムーヴ	7536
め	目	4250
め	め	5273
め	芽	5732
め	眼	5823
めあたらし	目新し	7465
めあたらしい	目新しい	7043
めあたらしさ	目新しさ	7489
めあて	目当て	5847
めあど	メアド	7089
めあり	メアリ	7378
めありー	メアリー	6615
めい	名	4577
めい	命	5468
めい	明	6400
めい	めい	6425
めい	銘	6498
めい	姪	6625
めい	メイ	6637
めい	迷	6818
めいあん	明暗	6752
めいい	名医	7047
めいうぇざー	メイウェザー	7477
めいうっ	銘打っ	6947
めいうん	命運	7154
めいえき	名駅	7174
めいえん	名演	7175
めいおう	冥王	7502
めいおうせい	冥王星	6892
めいか	銘菓	6787
めいか	名家	6997
めいかい	明快	6728
めいかい	冥界	7015
めいかく	明確	5086
めいかん	名鑑	7155
めいが	名画	6846
めいがら	銘柄	5687
めいき	明記	5876
めいき	名機	7200
めいきゅう	迷宮	6261
めいきょく	名曲	5967
めいきんぐ	メイキング	6527
めいぎ	名義	5806
めいぎへんこう	名義変更	7342
めいく	メイク	5127
めいくあっぷ	メイクアップ	7534
めいくあっぷあーてぃすと	メイクアップアーティスト	7399
めいげつ	名月	6540
めいげん	名言	5929
めいげん	明言	6454
めいこう	名工	7212
めいさい	明細	6085
めいさい	迷彩	6525
めいさく	名作	5809
めいさん	名産	6398
めいざん	名山	6788
めいし	名刺	5822
めいし	名詞	6178
めいし	名士	7449
めいしいれ	名刺入れ	7555
めいしこうかん	名刺交換	7447
めいしゃ	名車	7012
めいしゅ	名手	6747
めいしゅ	盟主	7303
めいしゅ	銘酒	7323
めいしょ	名所	5801
めいしょう	名称	5312
めいしょう	名勝	6945
めいしょう	名将	7000
めいしょう	名匠	7376
めいしょうへんこう	名称変更	7472
めいしん	迷信	7005
めいじ	明治	5230
めいじ	明示	5959
めいじ	命じ	6309
めいじ	メイジ	7421
めいじいしん	明治維新	6659
めいじがくいんだいがく	明治学院大学	7510
めいじき	明治期	7339
めいじじんぐう	明治神宮	6894
めいじだいがく	明治大学	6643
めいじつ	名実	7062
めいじつとも	名実とも	7296
めいじてき	明示的	6642
めいじてんのう	明治天皇	7007
めいじどおり	明治通り	7447
めいじょう	名城	7002
めいじょうだいがく	名城大学	7559
めいじる	命じる	6877
めいじん	名人	6241
めいす	メイス	7504
めいすい	名水	6909
めいずる	命ずる	6841
めいせい	名声	6497
めいせき	明晰	6904
めいぜ	命ぜ	7245
めいぜりふ	名台詞	7405
めいそう	瞑想	5985
めいそう	迷走	6649
めいたんてい	名探偵	7371
めいたんていこなん	名探偵コナン	6463
めいだい	命題	6754
めいだい	明大	6883
めいだい	名大	7323
めいち	明智	7140
めいちゅう	命中	6047
めいちゅうりつ	命中率	7227
めいちょ	名著	7009
めいっこ	姪っ子	6725
めいっぱい	目一杯	6950
めいっぱい	めいっぱい	7122
めいてい	酩酊	7413
めいてつ	名鉄	6402
めいてん	名店	6195
めいと	メイト	7248
めいとう	名湯	7289
めいとう	名刀	7442
めいとう	名東	7518
めいとく	明徳	7499
めいど	メイド	5454
めいど	明度	6968
めいどいんあびす	メイドインアビス	7471
めいどふく	メイド服	7554
めいにち	命日	6646
めいはく	明白	6454
めいば	名馬	7123
めいばん	名盤	6813
めいばん	銘板	7063
めいひょう	名標	7088
めいひん	名品	6708
めいび	明媚	7006
めいふ	冥府	7353
めいふく	冥福	6405
めいぶつ	名物	5632
めいぶん	名分	7125
めいぶんか	明文化	7235
めいぷる	メイプル	6994
めいぼ	名簿	6186
めいぼく	銘木	7512
めいめい	命名	6085
めいめい	めいめい	7508
めいもく	名目	6436
めいもん	名門	6140
めいゆう	盟友	6880
めいゆう	名優	7098
めいよ	名誉	5741
めいよきそん	名誉毀損	7008
めいりょう	明瞭	6466
めいる	メイル	7504
めいれい	命令	5511
めいろ	迷路	6422
めいろう	明朗	7279
めいわ	明和	7274
めいわく	迷惑	5574
めいわくかけ	迷惑かけ	7059
めいわくがかかる	迷惑がかかる	7258
めいわくこうい	迷惑行為	7343
めいわくめーる	迷惑メール	7098
めいん	メイン	4744
めいんいべんと	メインイベント	7458
めいんきゃすと	メインキャスト	7519
めいんきゃら	メインキャラ	7508
めいんくえすと	メインクエスト	7369
めいんすてーじ	メインステージ	7454
めいんすとーりー	メインストーリー	7066
めいんたーげっと	メインターゲット	7450
めいんてなんす	メインテナンス	7459
めいんてーま	メインテーマ	7343
めいんでぃっしゅ	メインディッシュ	7471
めいんびじゅある	メインビジュアル	7062
めいんふれーむ	メインフレーム	7360
めいんめにゅー	メインメニュー	7433
めうえ	目上	6659
めうえのひと	目上の人	7170
めうつり	目移り	7038
めおと	夫婦	5578
めか	メカ	6124
めか	めか	6907
めかくし	目隠し	6407
めかけ	妾	7074
めかにかる	メカニカル	6855
めかにずむ	メカニズム	5911
めかにっく	メカニック	6660
めかぶ	めかぶ	7228
めが	メガ	5965
めがけ	めがけ	6951
めがけ	目掛け	7318
めがしら	目頭	6839
めがしんか	メガシンカ	7235
めがとろん	メガトロン	7535
めがね	メガネ	5560
めがね	眼鏡	5927
めがね	めがね	6665
めがほん	メガホン	6855
めがみ	女神	5786
めき	めき	6907
めきき	目利き	6912
めきしかん	メキシカン	7551
めきしこ	メキシコ	5835
めきしこりょうり	メキシコ料理	7440
めきめき	メキメキ	7433
めきゃ	めきゃ	6907
めぎど	メギド	7233
めく	めく	6907
めくっ	めくっ	6632
めくばり	目配り	7495
めくり	めくり	6743
めくり	捲り	7322
めくる	めくる	6685
めくれ	めくれ	7013
めくろ	目黒	7251
めぐ	めぐ	6831
めぐ	メグ	6872
めぐ	慈	6985
めぐ	恵	7070
めぐすり	目薬	6739
めぐっ	巡っ	6033
めぐっ	めぐっ	6302
めぐっ	回っ	7048
めぐまれ	恵まれ	5560
めぐまれる	恵まれる	6933
めぐみ	恵み	6397
めぐみ	めぐみ	6510
めぐみ	恵	6730
めぐみ	愛	6889
めぐみ	慈	7066
めぐみ	惠	7400
めぐむ	恵	7004
めぐむ	愛	7024
めぐらせ	巡らせ	6950
めぐらせる	巡らせる	7377
めぐり	巡り	5829
めぐり	めぐり	5940
めぐり	回り	6351
めぐり	巡	7393
めぐり	廻り	7445
めぐりあう	巡り合う	7543
めぐりあえ	巡り会え	7335
めぐりあわ	巡り合わ	7538
めぐりめぐっ	巡り巡っ	7507
めぐる	巡る	5855
めぐる	めぐる	5913
めぐる	回る	7340
めぐろ	目黒	6232
めぐろく	目黒区	7540
めけ	めけ	6907
めげ	めげ	6846
めこ	めこ	6907
めこん	メコン	7320
めさ	召さ	7068
めさき	目先	6655
めざさ	目指さ	6871
めざし	目指し	4741
めざし	めざし	6162
めざす	目指す	4974
めざす	めざす	6395
めざせ	目指せ	6506
めざせ	めざせ	7234
めざそ	目指そ	6609
めざそう	目指そう	6604
めざまし	めざまし	6664
めざまし	目覚まし	6675
めざましい	目覚ましい	7052
めざましてれび	めざましテレビ	7069
めざましどけい	目覚まし時計	7534
めざめ	目覚め	5958
めざめ	めざめ	7424
めざめる	目覚める	6537
めざわり	目障り	7478
めし	飯	5626
めし	めし	6188
めし	メシ	6378
めし	召し	6791
めしあ	メシア	7183
めしあがっ	召し上がっ	6413
めしあがり	召し上がり	5957
めしあがる	召し上がる	7243
めしあがれ	召し上がれ	7017
めした	目下	7373
めしつかい	召使	7452
めしつかい	召使い	7486
めしべ	雌しべ	7318
めしや	飯屋	7301
めじ	目地	6764
めじな	メジナ	7318
めじゃー	メジャー	5657
めじゃーでびゅー	メジャーデビュー	7287
めじゃーりーぐ	メジャーリーグ	7286
めじり	目尻	6671
めじるし	目印	6032
めじるし	目標	6488
めじろ	メジロ	6922
めじろ	目白	7244
めじろおし	目白押し	6713
めす	メス	5769
めす	雌	6306
めす	牝	7033
めすてぃん	メスティン	7326
めずらし	珍し	7179
めずらしい	珍しい	5256
めずらしい	めずらしい	6838
めずらしかっ	珍しかっ	7176
めずらしく	珍しく	5613
めずらしく	めずらしく	7095
めせん	目線	5432
めそっど	メソッド	5653
めそぽたみあ	メソポタミア	7293
めぞん	メゾン	7096
めた	メタ	5872
めたせこいあ	メタセコイア	7513
めたでーた	メタデータ	6619
めたのーる	メタノール	7192
めたばーす	メタバース	6390
めたふぁー	メタファー	7239
めたぼ	メタボ	7360
めたぼりっくしんどろーむ	メタボリックシンドローム	7439
めたりっく	メタリック	7056
めたる	メタル	5767
めたん	メタン	7000
めだい	目鯛	7133
めだか	メダカ	6159
めだか	めだか	6708
めだた	目立た	5839
めだち	目立ち	5768
めだちにくい	目立ちにくい	7075
めだちにくく	目立ちにくく	7331
めだっ	目立っ	5588
めだつ	目立つ	5430
めだま	目玉	6039
めだまやき	目玉焼き	6471
めだりすと	メダリスト	6531
めだる	メダル	5758
めだろっと	メダロット	7382
めちゃ	メチャ	6979
めちゃいけ	めちゃイケ	7446
めちゃくちゃ	めちゃくちゃ	5066
めちゃくちゃ	滅茶苦茶	6599
めちゃくちゃ	メチャクチャ	6604
めちゃくちゃいい	めちゃくちゃいい	7438
めちゃめちゃ	めちゃめちゃ	5933
めちゃめちゃ	メチャメチャ	7179
めちる	メチル	7022
めっか	メッカ	7099
めっき	メッキ	6081
めっき	めっき	6640
めっきり	めっきり	6903
めっきん	滅菌	6647
めっし	メッシ	6714
めっしつ	滅失	6707
めっしゅ	メッシュ	5833
めっせ	メッセ	6891
めっせんじゃー	メッセンジャー	6740
めっせーじ	メッセージ	4691
めっせーじかーど	メッセージカード	7004
めった	滅多	6210
めった	めった	7214
めったに	めったに	6524
めったに	滅多に	7162
めっちゃ	めっちゃ	5024
めっちゃ	メッチャ	6766
めっつ	メッツ	7077
めっと	メット	7438
めっぽう	めっぽう	7313
めつ	滅	5875
めつき	目つき	6739
めつぼう	滅亡	6332
めてお	メテオ	7075
めで	愛で	6756
めで	めで	7412
めでぃあ	メディア	5031
めでぃあみっくす	メディアミックス	7148
めでぃかる	メディカル	6413
めでたい	めでたい	6783
めでたく	めでたく	6884
めでたし	めでたし	6831
めでたしめでたし	めでたしめでたし	7326
めでゅーさ	メデューサ	7486
めでる	愛でる	6867
めとりくす	メトリクス	7221
めとりっく	メトリック	7085
めとろ	メトロ	5996
めとろのーむ	メトロノーム	7254
めとろぽりたん	メトロポリタン	7394
めど	めど	6786
めど	目処	6793
めど	メド	7123
めどれー	メドレー	6565
めにうかび	目に浮かび	7437
めにうかぶ	目に浮かぶ	7323
めにえーる	メニエール	7562
めになっ	目になっ	6882
めになり	目になり	7002
めになる	目になる	7038
めにふれる	目に触れる	7351
めにみえ	目に見え	6581
めにみえる	目に見える	6816
めにやきつけ	目に焼き付け	7304
めにゅー	メニュー	4542
めにゅーばー	メニューバー	7488
めにゅーひょう	メニュー表	7199
めのおく	目の奥	7187
めのかたき	目の敵	7491
めのかたち	目の形	7181
めのした	目の下	6608
めのぶぶん	目の部分	7403
めはなだち	目鼻立ち	7473
めばえ	芽生え	6440
めばえる	芽生える	7130
めばな	雌花	7110
めばる	メバル	6709
めびうす	メビウス	6946
めふぃすと	メフィスト	7479
めぶい	芽吹い	7456
めぶき	芽吹き	7156
めぶく	芽吹く	7529
めぶんりょう	目分量	7424
めべり	目減り	7391
めぼし	目星	7493
めぼしい	めぼしい	7547
めまい	めまい	6260
めまい	目眩	7196
めまぐるしい	目まぐるしい	7364
めまぐるしく	目まぐるしく	6958
めまぐるしく	めまぐるしく	7438
めめしい	女々しい	7539
めも	メモ	5388
めもちょう	メモ帳	6556
めもっ	メモっ	7368
めもと	目元	6093
めもと	目もと	7319
めもようし	メモ用紙	7558
めもり	メモリ	5481
めもり	目盛り	6809
めもり	目盛	7138
めもりある	メモリアル	6539
めもりー	メモリー	6254
めもりーかーど	メモリーカード	7143
めやす	目安	5277
めやに	目やに	7461
めら	メラ	7491
めらとにん	メラトニン	7293
めらにん	メラニン	6613
めらみん	メラミン	7113
めり	メリ	7282
めりおだす	メリオダス	7387
めりけん	メリケン	7410
めりっさ	メリッサ	7474
めりっと	メリット	4842
めりっとでめりっと	メリットデメリット	7564
めりのうーる	メリノウール	7507
めりはり	メリハリ	6157
めりー	メリー	6959
めりーくりすます	メリークリスマス	7230
めりーごーらんど	メリーゴーランド	7209
めりーらんど	メリーランド	7566
める	メル	6577
めるかり	メルカリ	5573
めるせです	メルセデス	6684
めるせですべんつ	メルセデス・ベンツ	7000
めるせですべんつ	メルセデスベンツ	7290
めるへん	メルヘン	6825
めるぺい	メルペイ	7403
めるぼるん	メルボルン	6768
めるまが	メルマガ	6040
めれんげ	メレンゲ	6646
めろ	メロ	6629
めろう	メロウ	7310
めろす	メロス	7329
めろでぃ	メロディ	5877
めろでぃあす	メロディアス	7300
めろでぃー	メロディー	6197
めろめろ	メロメロ	6802
めろん	メロン	5817
めろん	めろん	7469
めろんぱん	メロンパン	7132
めをうばわれ	目を奪われ	7075
めをこらし	目を凝らし	7463
めをそむけ	目を背け	7194
めをそらし	目を逸らし	7380
めをそらし	目をそらし	7494
めをつけ	目をつけ	6963
めをつけ	目を付け	7185
めをとおし	目を通し	6564
めをとおす	目を通す	7357
めをひき	目を引き	6998
めをひく	目を引く	6490
めをみひらい	目を見開い	7438
めをむけ	目を向け	6429
めをむける	目を向ける	6572
めん	面	4832
めん	麺	5066
めん	めん	5709
めん	メン	5913
めん	綿	6190
めん	免	7085
めんえき	免疫	5536
めんえききのう	免疫機能	7443
めんえきりょく	免疫力	6511
めんか	綿花	7271
めんかい	面会	6097
めんきょ	免許	5373
めんきょしょう	免許証	6088
めんこ	面子	7512
めんざい	免罪	7352
めんし	面し	6012
めんしき	面識	6713
めんしょく	免職	7099
めんしょん	メンション	6926
めんしん	免震	7077
めんじょ	免除	6005
めんじょう	免状	7220
めんする	面する	6970
めんず	メンズ	5708
めんずふぁっしょん	メンズファッション	7252
めんずらいく	メンズライク	7413
めんせき	面積	5417
めんせき	免責	6668
めんせきじこう	免責事項	6953
めんせつ	面接	5066
めんせつかん	面接官	6532
めんせつじ	面接時	7106
めんせつたいさく	面接対策	6966
めんぜい	免税	6551
めんぜん	面前	7385
めんそう	面相	7456
めんそーる	メンソール	7451
めんたい	明太	6827
めんたい	めんたい	7149
めんたいこ	明太子	6310
めんたりすと	メンタリスト	7536
めんたりてぃ	メンタリティ	7400
めんたりんぐ	メンタリング	7538
めんたる	メンタル	5758
めんたるくりにっく	メンタルクリニック	7524
めんたるけあ	メンタルケア	7337
めんたるへるす	メンタルヘルス	6477
めんたー	メンター	6553
めんだん	面談	5705
めんち	メンチ	6759
めんちかつ	メンチカツ	7390
めんつ	メンツ	6533
めんつ	面子	7077
めんつゆ	めんつゆ	6706
めんつゆ	麺つゆ	7202
めんて	メンテ	6262
めんてい	面体	7277
めんてなんす	メンテナンス	5242
めんてなんすせい	メンテナンス性	7481
めんでるすぞーん	メンデルスゾーン	7443
めんとむかっ	面と向かっ	6996
めんとり	面取り	6979
めんとーる	メントール	7435
めんどい	めんどい	6921
めんどう	面倒	5192
めんどう	めんどう	7370
めんどうくさ	面倒くさ	7302
めんどうくさい	面倒くさい	6358
めんどうくさい	面倒臭い	7033
めんどうくさがり	面倒くさがり	7349
めんどうくさく	面倒くさく	7274
めんどうみ	面倒見	6939
めんどうをみ	面倒を見	7182
めんどうをみる	面倒を見る	7212
めんどく	めんどく	7242
めんどく	面倒く	7464
めんどくさ	めんどくさ	7336
めんどくさい	めんどくさい	6012
めんどくさい	面倒くさい	6837
めんどくさかっ	めんどくさかっ	7495
めんどくさがり	めんどくさがり	7309
めんどくさく	めんどくさく	6925
めんば	メンバ	6489
めんばー	メンバー	4499
めんばーしっぷ	メンバーシップ	6866
めんばーず	メンバーズ	7489
めんばーたち	メンバーたち	7019
めんばーどうし	メンバー同士	7493
めんふぃす	メンフィス	7443
めんぼう	綿棒	6685
めんぼう	麺棒	7321
めんぼく	面目	7166
めんま	メンマ	6549
めんみつ	綿密	6633
めんめん	面々	6326
めんや	麺屋	6787
めんるい	麺類	6601
めーか	メーカ	6677
めーかー	メーカー	4678
めーかーきぼうこうりかかく	メーカー希望小売価格	7220
めーかーほしょう	メーカー保証	7541
めーがん	メーガン	7299
めーく	メーク	6823
めーた	メータ	6405
めーたー	メーター	5966
めーでー	メーデー	7511
めーと	メート	7526
めーとる	メートル	5274
めーぷる	メープル	7005
めーぷるしろっぷ	メープルシロップ	6893
めーりんぐりすと	メーリングリスト	7213
めーる	メール	4640
めーるあどれす	メールアドレス	5377
めーるあどれすあて	メールアドレス宛	7024
めーるさーば	メールサーバ	7476
めーるびん	メール便	6834
めーるふぉるだ	メールフォルダ	7006
めーるふぉーむ	メールフォーム	6697
めーるぼっくす	メールボックス	6986
めーるまがじん	メールマガジン	6443
めーん	メーン	7257
も	も	2350
も	模	6326
も	藻	6557
も	喪	7260
も	裳	7553
もあ	もあ	7166
もあ	モア	7441
もあい	モアイ	7228
もあな	モアナ	7419
もい	もい	7230
もぅ	もぅ	7071
もう	もう	4085
もう	網	5825
もう	猛	6186
もう	毛	6332
もう	盲	7195
もう	牟	7288
もうい	猛威	6776
もういちど	もう一度	5303
もういっぽう	もう一方	7265
もうかたほう	もう片方	6964
もうかっ	儲かっ	6928
もうから	儲から	7098
もうかり	儲かり	7402
もうかる	儲かる	6505
もうがっこう	盲学校	7511
もうきん	猛禽	7075
もうけ	設け	5523
もうけ	儲け	6595
もうけ	もうけ	6952
もうける	設ける	5962
もうける	儲ける	7060
もうこ	もうこ	6522
もうこう	猛攻	6853
もうこん	毛根	7021
もうさ	申さ	7514
もうさいけっかん	毛細血管	6936
もうし	申し	5807
もうし	もうし	7320
もうしあげ	申し上げ	4987
もうしあげ	申しあげ	6829
もうしあげる	申し上げる	6665
もうしいれ	申し入れ	6974
もうしうけ	申し受け	7193
もうしおくり	申し送り	7543
もうしこま	申し込ま	7128
もうしこみ	申し込み	5230
もうしこみ	申込み	5548
もうしこみ	申込	5739
もうしこみしゃ	申込者	7312
もうしこみしょ	申込書	6343
もうしこみほうほう	申し込み方法	7500
もうしこみほうほう	申込方法	7513
もうしこむ	申し込む	6379
もうしこめる	申し込める	7565
もうしこん	申し込ん	6283
もうしご	申し子	7486
もうしたて	申し立て	6634
もうしたて	申立	6712
もうしたて	申立て	6979
もうしたてしょ	申立書	7340
もうしたてる	申し立てる	7335
もうしつ	毛質	7225
もうしつけ	申し付け	6278
もうしで	申し出	6047
もうしで	申出	6468
もうしでる	申し出る	6926
もうしぶん	申し分	6908
もうしぶんない	申し分ない	6812
もうしぶんなく	申し分なく	7466
もうしょ	猛暑	5922
もうしょび	猛暑日	7152
もうしわけ	申し訳	5074
もうしん	盲信	7510
もうじぶん	もう自分	7314
もうじゃ	亡者	7044
もうじゅう	猛獣	7059
もうじん	盲人	7548
もうす	申す	6933
もうすぐ	もうすぐ	5628
もうすこし	もう少し	5056
もうすこしおおきく	もう少し大きく	7366
もうすこしくわしく	もう少し詳しく	6949
もうすこしはやく	もう少し早く	7327
もうすぴーど	猛スピード	7227
もうせい	猛省	7493
もうそう	妄想	5575
もうたくとう	毛沢東	7159
もうちょい	もうちょい	6580
もうちょう	盲腸	7354
もうつい	猛追	7530
もうてん	盲点	6983
もうで	詣で	7557
もうどうけん	盲導犬	6966
もうどく	猛毒	6924
もうはつ	毛髪	6542
もうひつ	毛筆	7008
もうひとつ	もう一つ	6060
もうひとつ	もうひとつ	6399
もうひとつ	もう1つ	6726
もうふ	毛布	6320
もうほう	毛包	7480
もうまく	網膜	6478
もうもく	盲目	6734
もうもくてき	盲目的	7342
もうら	網羅	6036
もうらてき	網羅的	6983
もうり	毛利	6502
もうりょう	毛量	6842
もうれつ	猛烈	6356
もうろう	朦朧	7191
もえ	燃え	6031
もえ	萌え	6151
もえ	萌	6783
もえ	もえ	6923
もえあがる	燃え上がる	7206
もえこ	萌子	7455
もえさかる	燃え盛る	7393
もえつき	燃え尽き	6896
もえつきる	燃え尽きる	7537
もえよ	燃えよ	7475
もえる	燃える	6138
もえる	萌える	7100
もぉ	もぉ	6980
もか	モカ	6786
もか	もか	7140
もがい	もがい	7064
もがき	もがき	7099
もがく	もがく	7368
もがみ	最上	7479
もがみがわ	最上川	7465
もき	茂木	7530
もぎ	模擬	6082
もぎ	茂木	7164
もぎ	もぎ	7221
もぎしけん	模擬試験	7469
もぎとっ	もぎ取っ	7494
もく	目	4481
もく	木	5182
もく	杢	7025
もくげき	目撃	5728
もくげきしゃ	目撃者	7238
もくげきじょうほう	目撃情報	7247
もくさ	目さ	7150
もくざい	木材	5689
もくし	目視	6288
もくし	黙示	7271
もくしつ	木質	6797
もくしろく	黙示録	6931
もくじ	目次	6019
もくじ	もくじ	6661
もくせい	木製	5854
もくせい	木星	6480
もくせいひん	木製品	7474
もくぜん	目前	6315
もくぞう	木造	5880
もくぞうじゅうたく	木造住宅	7504
もくたん	木炭	7102
もくちょう	木彫	7366
もくてき	目的	4385
もくてきいしき	目的意識	7337
もくてきご	目的語	7406
もくてきち	目的地	5845
もくてきべつ	目的別	7517
もくと	目途	6901
もくと	目と	7005
もくとう	黙祷	7322
もくとう	黙とう	7526
もくにん	黙認	7016
もくはん	木版	6988
もくば	木馬	7091
もくひ	黙秘	7486
もくひょう	目標	4699
もくひょうきんがく	目標金額	7479
もくひょうせってい	目標設定	6969
もくひょうたっせい	目標達成	6741
もくひょうち	目標値	7432
もくへん	木片	7337
もくほん	木本	7541
もくめ	木目	6345
もくめちょう	木目調	7506
もくもく	モクモク	7217
もくもく	もくもく	7328
もくもくと	黙々と	6440
もくもくと	もくもくと	7368
もくよう	木曜	6317
もくようび	木曜日	5909
もくよく	沐浴	7104
もくろく	目録	6486
もくろみ	目論見	7000
もくろむ	目論む	7277
もくろん	目論ん	7136
もぐ	もぐ	7123
もぐっ	潜っ	6492
もぐもぐ	もぐもぐ	6838
もぐもぐ	モグモグ	7327
もぐら	モグラ	6876
もぐら	もぐら	7049
もぐり	潜り	6847
もぐりこむ	潜り込む	7531
もぐりこん	潜り込ん	7160
もぐる	潜る	6757
もけい	模型	5777
もげ	もげ	7464
もこ	モコ	7200
もこもこ	もこもこ	6798
もこもこ	モコモコ	6919
もさ	猛者	6750
もさ	もさ	7061
もさく	模索	5905
もさくちゅう	模索中	7343
もざいく	モザイク	6325
もざんびーく	モザンビーク	7460
もし	もし	4703
もし	模試	6064
もし	若し	7387
もしか	もしか	5339
もしかして	もしかして	5714
もしき	模式	7291
もしくは	もしくは	5002
もしくは	若しくは	5663
もしじぶん	もし自分	7036
もしのけっか	模試の結果	7479
もしも	もしも	5685
もしもし	もしもし	7171
もしゃ	模写	6683
もしや	もしや	6645
もしゅ	喪主	6984
もじ	文字	4764
もじ	門司	7003
もじおこし	文字起こし	7480
もじこーど	文字コード	7423
もじさいず	文字サイズ	7116
もじすう	文字数	6254
もじっ	もじっ	7326
もじどおり	文字通り	6049
もじどおり	文字どおり	7357
もじにゅうりょく	文字入力	7543
もじばん	文字盤	6853
もじもじ	もじもじ	7559
もじゅら	モジュラ	7278
もじゅーる	モジュール	5731
もじれつ	文字列	5671
もす	モス	6474
もす	もす	7287
もすく	モスク	6821
もすくわ	モスクワ	6464
もすぐりーん	モスグリーン	7552
もすばーがー	モスバーガー	7169
もすら	モスラ	7291
もず	モズ	7263
もずく	もずく	6788
もそ	もそ	7401
もそう	もそう	7554
もぞう	模造	6957
もた	持た	5185
もた	もた	6434
もた	保た	6513
もたさ	持たさ	7359
もたせ	もたせ	7035
もたせる	もたせる	7348
もたもた	もたもた	7564
もたらさ	もたらさ	6428
もたらし	もたらし	5675
もたらす	もたらす	5600
もたれ	もたれ	7038
もだえ	悶え	7438
もだにずむ	モダニズム	7200
もだん	モダン	6011
もち	持ち	4914
もち	もち	5512
もち	餅	5583
もち	保ち	6034
もち	モチ	6070
もち	望	6714
もちあがっ	持ち上がっ	7155
もちあがり	持ち上がり	7323
もちあがる	持ち上がる	7470
もちあげ	持ち上げ	6108
もちあげる	持ち上げる	6414
もちあじ	持ち味	6369
もちあるい	持ち歩い	6519
もちあるか	持ち歩か	7357
もちあるき	持ち歩き	6720
もちあるく	持ち歩く	6454
もちあるける	持ち歩ける	7354
もちあわせ	持ち合わせ	6234
もちい	用い	4947
もちい	もちい	7538
もちいえ	持ち家	6962
もちいる	用いる	5594
もちいれ	用いれ	7291
もちかえ	持ち替え	7030
もちかえっ	持ち帰っ	6287
もちかえら	持ち帰ら	7391
もちかえり	持ち帰り	5836
もちかえる	持ち帰る	6509
もちかけ	持ちかけ	7049
もちかける	持ちかける	7462
もちかぶ	持ち株	6803
もちかぶ	持株	7140
もちぐされ	持ち腐れ	7478
もちこさ	持ち越さ	7546
もちこし	持ち越し	7223
もちこたえ	持ちこたえ	7442
もちこま	持ち込ま	6486
もちこみ	持ち込み	5970
もちこみ	持込	6827
もちこみ	持込み	7320
もちこむ	持ち込む	6325
もちこめ	持ち込め	7507
もちこめる	持ち込める	7265
もちこん	持ち込ん	6147
もちごめ	もち米	6822
もちごめ	餅米	7550
もちじかん	持ち時間	7167
もちそう	持ちそう	7484
もちださ	持ち出さ	7253
もちだし	持ち出し	6360
もちだす	持ち出す	6828
もちっ	もちっ	6937
もちつき	餅つき	6843
もちづき	望月	6550
もちなおし	持ち直し	7090
もちにげ	持ち逃げ	7560
もちぬし	持ち主	5851
もちはこび	持ち運び	6111
もちはこびやすい	持ち運びやすい	7381
もちはこぶ	持ち運ぶ	6740
もちはこべ	持ち運べ	7448
もちはこべる	持ち運べる	6998
もちはこん	持ち運ん	7341
もちば	持ち場	7405
もちぶん	持ち分	6771
もちべ	モチベ	6658
もちべーしょん	モチベーション	5561
もちまえ	持ち前	6603
もちもち	もちもち	6161
もちもち	モチモチ	7128
もちもの	持ち物	5952
もちや	餅屋	7495
もちやすい	持ちやすい	6870
もちやすく	持ちやすく	7212
もちゅう	喪中	7069
もちよっ	持ち寄っ	7024
もちより	持ち寄り	7207
もちろん	もちろん	4337
もちろん	勿論	5535
もちろん	モチロン	7340
もちろんじぶん	もちろん自分	7479
もちーふ	モチーフ	5401
もっ	持っ	4102
もっ	もっ	4884
もっ	保っ	6271
もっ	盛っ	6369
もっ	守っ	6983
もっか	目下	7067
もっかい	もっかい	7219
もっかん	木管	7127
もっく	モック	7435
もっくあっぷ	モックアップ	7404
もっこう	木工	6320
もっこり	もっこり	7476
もっさり	もっさり	7148
もったいない	もったいない	5679
もったいない	勿体ない	6426
もったいない	勿体無い	6625
もったいなかっ	もったいなかっ	7437
もったいなく	もったいなく	7014
もったり	持ったり	7025
もったり	もったり	7222
もっちり	もっちり	6290
もっつぁれら	モッツァレラ	7266
もっつぁれらちーず	モッツァレラチーズ	7120
もって	以て	6414
もって	以って	6992
もって	もって	7080
もっていれば	持っていれば	7102
もってこい	もってこい	6431
もってのほか	もってのほか	7288
もっと	もっと	4404
もっとじぶん	もっと自分	7136
もっとまえ	もっと前	7259
もっとも	最も	4644
もっとも	もっとも	5704
もっとも	尤も	7340
もっともらしい	もっともらしい	7487
もっとー	モットー	6031
もっぱら	もっぱら	6559
もっぱら	専ら	6882
もっぴー	モッピー	7425
もっぷ	モップ	6922
もつ	持つ	4482
もつ	もつ	5406
もつ	モツ	6951
もつ	保つ	7044
もつに	もつ煮	7167
もつれ	もつれ	6924
もて	持て	6149
もて	もて	6579
もてあまし	持て余し	6870
もてあます	持て余す	7447
もてぎ	茂木	7370
もてない	もてない	7417
もてなし	もてなし	7016
もてなす	もてなす	7133
もてはやさ	もてはやさ	7254
もてもて	モテモテ	7014
もてる	持てる	5886
もてる	モテる	6133
もてる	もてる	6859
もでぃ	モディ	7484
もでむ	モデム	6895
もでらー	モデラー	7469
もでりんぐ	モデリング	6369
もでる	モデル	4484
もでるがん	モデルガン	7240
もでるけーす	モデルケース	7407
もでるちぇんじ	モデルチェンジ	6807
もでるな	モデルな	7163
もでるな	モデルナ	7545
もでるはうす	モデルハウス	6589
もでるぷれす	モデルプレス	7411
もでるるーむ	モデルルーム	7004
もでれーたー	モデレーター	7263
もと	元	4685
もと	本	4940
もと	もと	5066
もと	下	5360
もと	素	5879
もと	基	6081
もと	許	6832
もと	モト	7053
もとい	基	6052
もとい	もとい	6863
もといち	本市	6796
もとう	持とう	7063
もとうけ	元請け	7264
もとお	元夫	7092
もとかの	元カノ	6676
もとかれ	元カレ	6577
もとくろす	モトクロス	7222
もとこ	素子	7371
もとごえ	元肥	7453
もとずい	基づい	6476
もとずき	基づき	6636
もとずく	基づく	6561
もとだ	本田	7337
もとだ	元太	7525
もとだね	本種	6810
もとちょう	元帳	7469
もとづい	基づい	5325
もとづい	もとづい	7016
もとづき	基づき	5485
もとづき	もとづき	7343
もとづく	基づく	5410
もとづく	もとづく	7107
もとで	元手	7282
もとどおり	元通り	6645
もとなり	元就	7220
もとになっ	元になっ	6872
もとになる	元になる	7210
もとのじょうたい	元の状態	7141
もとのすがた	元の姿	7562
もとのせかい	元の世界	7206
もとのばしょ	元の場所	7307
もとのり	元教	7213
もとひこ	元彦	7202
もとまち	元町	6584
もとむ	求	6807
もとむ	求む	7366
もとめ	求め	4891
もとめ	求	7045
もとめ	もとめ	7338
もとめよ	求めよ	7389
もとめよう	求めよう	7384
もとめる	求める	5062
もとめれ	求めれ	7509
もともこもない	元も子もない	7352
もともと	もともと	5191
もともと	元々	5200
もとや	本屋	7207
もとやま	本山	7482
もとやわた	本八幡	7476
もとより	もとより	6317
もどかし	もどかし	7153
もどかしい	もどかしい	6892
もどかしく	もどかしく	7519
もどかしさ	もどかしさ	7275
もどき	もどき	6678
もどさ	戻さ	6506
もどし	戻し	5455
もどし	もどし	7061
もどす	戻す	5668
もどす	もどす	7518
もどせ	戻せ	7182
もどせる	戻せる	7042
もどそ	戻そ	6998
もどそう	戻そう	6994
もどっ	戻っ	4935
もどっ	もどっ	6958
もどら	戻ら	6173
もどり	戻り	5306
もどり	もどり	7112
もどりち	戻り値	6759
もどる	戻る	5261
もどる	もどる	7045
もどれ	戻れ	6492
もどれる	戻れる	6627
もどろ	戻ろ	6668
もどろう	戻ろう	6674
もな	モナ	7527
もなか	モナカ	7374
もなこ	モナコ	6800
もにか	モニカ	6691
もにた	モニタ	6207
もにたりんぐ	モニタリング	6136
もにたー	モニター	5376
もにゅめんと	モニュメント	6537
もね	モネ	6627
もね	萌音	7091
もねっと	もネット	6737
もの	もの	3392
もの	者	3785
もの	物	4766
もの	モノ	5198
ものいい	物言い	7195
ものいれ	物入れ	6785
ものおき	物置	6544
ものおじ	物怖じ	7376
ものおと	物音	6901
ものおもい	物思い	7503
ものかき	物書き	7482
ものかげ	物陰	7260
ものがたっ	物語っ	6571
ものがたり	物語	4810
ものがたり	ものがたり	6955
ものがたり	物語り	7439
ものがたる	物語る	6907
ものくろ	モノクロ	6309
ものくろーむ	モノクローム	7422
ものぐらむ	モノグラム	7188
ものぐるい	物狂い	7468
ものごい	物乞い	7412
ものごころ	物心	7089
ものごし	物腰	7126
ものごと	物事	5628
ものごと	ものごと	6924
ものさし	物差し	7139
ものさし	ものさし	7321
ものしずか	物静か	7160
ものしり	物知り	7463
ものすご	ものすご	7265
ものすごい	ものすごい	6118
ものすごい	物凄い	6581
ものすごいいきおい	ものすごい勢い	7469
ものすごく	ものすごく	5839
ものすごく	物凄く	6415
ものすごく	もの凄く	7269
ものたち	者たち	6304
ものたち	者達	7415
ものたりな	物足りな	6691
ものたりない	物足りない	6145
ものたりなかっ	物足りなかっ	7321
ものたりなく	物足りなく	6956
ものたりなさ	物足りなさ	6707
ものつくり	物作り	7296
ものづくり	ものづくり	6626
ものづくり	モノづくり	6974
ものとーん	モノトーン	6482
ものども	者共	7397
ものの	ものの	4787
もののけ	もののけ	7439
もののふ	武士	6738
ものは	ものは	6914
ものほし	物干し	6846
ものまね	モノマネ	6487
ものまね	ものまね	6694
ものまー	モノマー	7445
ものみ	物見	7472
ものも	ものも	7331
ものもうす	物申す	7530
ものらる	モノラル	7057
ものれーる	モノレール	6457
ものろーぐ	モノローグ	7144
ものわすれ	物忘れ	7135
もは	モハ	7243
もはや	もはや	5467
もはや	最早	6752
もはん	模範	6564
もばいく	もバイク	7329
もばいる	モバイル	5517
もばいるあぷり	モバイルアプリ	7024
もばいるでばいす	モバイルデバイス	7489
もばいるばってりー	モバイルバッテリー	6974
もばら	茂原	7455
もひ	モヒ	7293
もひーと	モヒート	7547
もびりてぃ	モビリティ	6724
もびるすーつ	モビルスーツ	6863
もびーる	もビール	7457
もびーる	モビール	7462
もふく	喪服	6995
もぶ	モブ	6273
もぶきゃら	モブキャラ	7504
もぶろぐ	もブログ	6814
もへあ	モヘア	7384
もぺっと	もペット	7434
もほう	模倣	6374
もま	揉ま	7084
もま	もま	7437
もみ	もみ	6579
もみ	揉み	6752
もみ	モミ	6979
もみ	籾	7348
もみあげ	もみあげ	7299
もみこみ	揉み込み	7564
もみじ	紅葉	5679
もみじ	もみじ	6396
もみじ	モミジ	6926
もみじ	椛	7560
もみじがり	紅葉狩り	7386
もみほぐし	もみほぐし	7198
もむ	揉む	7201
もむ	もむ	7524
もめ	揉め	6638
もめ	もめ	6969
もめごと	揉め事	7167
もめる	揉める	7148
もめん	木綿	6873
もも	桃	5638
もも	もも	5958
もも	モモ	6244
もも	腿	7018
もも	股	7208
ももい	桃井	7225
ももいろ	桃色	6788
ももいろくろーばーぜっと	ももいろクローバーZ	7261
ももえ	百恵	6987
ももか	ももか	7442
ももか	桃香	7517
ももくろ	ももクロ	7524
ももこ	桃子	6778
ももこ	ももこ	6965
ももせ	百瀬	7372
ももたろう	桃太郎	6539
ももにく	もも肉	6360
もものせっく	桃の節句	7425
ももはな	桃花	7404
ももやま	桃山	6796
ももんが	モモンガ	6959
もや	モヤ	6337
もや	母屋	7300
もや	靄	7316
もやさ	燃やさ	7228
もやし	もやし	6044
もやし	燃やし	6334
もやし	モヤシ	7018
もやす	燃やす	6569
もやせる	燃やせる	7562
もやっ	もやっ	7020
もやもや	モヤモヤ	6108
もやもや	もやもや	6705
もよう	模様	5096
もよう	もよう	6767
もようがえ	模様替え	6758
もよおさ	催さ	6721
もよおし	催し	6577
もよおしもの	催し物	7005
もよおす	催す	7344
もより	最寄り	6073
もより	もより	7251
もよりえき	最寄り駅	6124
もよりえき	最寄駅	6596
もら	盛ら	6714
もら	もら	7035
もら	守ら	7352
もら	モラ	7369
もらい	もらい	4717
もらい	貰い	6005
もらいなき	もらい泣き	7479
もらう	もらう	4877
もらう	貰う	6117
もらえ	もらえ	5376
もらえ	貰え	6026
もらえよ	もらえよ	6907
もらえりゃ	もらえりゃ	6907
もらえる	もらえる	5121
もらえる	貰える	5835
もらえれ	もらえれ	6256
もらえれ	貰えれ	7467
もらえろ	もらえろ	6907
もらえん	もらえん	6907
もらお	もらお	5929
もらお	貰お	7150
もらおう	貰おう	7147
もらさ	漏らさ	7378
もらし	漏らし	6454
もらし	もらし	7526
もらす	漏らす	6961
もらっ	もらっ	4744
もらっ	貰っ	5573
もらはら	モラハラ	6473
もらる	モラル	6437
もらわ	もらわ	6344
もらわ	貰わ	7151
もり	森	5182
もり	守り	6040
もり	盛り	6103
もり	もり	6105
もり	杜	6270
もり	モリ	6884
もり	守	6932
もり	盛	7055
もりあがっ	盛り上がっ	5664
もりあがら	盛り上がら	7062
もりあがり	盛り上がり	5720
もりあがりそう	盛り上がりそう	7414
もりあがる	盛り上がる	5989
もりあがれる	盛り上がれる	7344
もりあがろ	盛り上がろ	7540
もりあがろう	盛り上がろう	7551
もりあげ	盛り上げ	5649
もりあげよ	盛り上げよ	6964
もりあげよう	盛り上げよう	6957
もりあげる	盛り上げる	6187
もりあわせ	盛り合わせ	6667
もりあわせ	盛合せ	7564
もりい	森井	7518
もりおか	盛岡	6084
もりおか	森岡	7133
もりおかし	盛岡市	7524
もりかえし	盛り返し	7464
もりかわ	森川	6679
もりぐち	守口	7223
もりぐち	森口	7231
もりこま	盛り込ま	6422
もりこみ	盛り込み	6921
もりこむ	盛り込む	6869
もりこん	盛り込ん	6341
もりした	森下	6618
もりす	モリス	7176
もりた	森田	6250
もりたか	森高	7392
もりだ	森田	6892
もりだくさん	盛りだくさん	5843
もりだくさん	盛り沢山	6526
もりだくさん	もりだくさん	7494
もりつけ	盛り付け	6155
もりつけ	盛りつけ	7228
もりつける	盛り付ける	6877
もりつち	盛り土	6949
もりつち	盛土	7366
もりとも	森友	7317
もりなが	森永	6996
もりながせいか	森永製菓	7347
もりながにゅうぎょう	森永乳業	7523
もりの	森野	7479
もりぶでん	モリブデン	7285
もりまち	森町	7494
もりむら	森村	7444
もりもと	森本	6539
もりもり	もりもり	6625
もりもり	モリモリ	6813
もりや	守屋	7102
もりや	守谷	7195
もりやす	森保	7107
もりやま	森山	6522
もりやま	守山	6855
もりわき	森脇	7261
もりんが	モリンガ	7438
もる	モル	6574
もる	守る	6582
もる	盛る	6609
もる	もる	7336
もるがん	モルガン	7220
もるたる	モルタル	6510
もるっく	モルック	7306
もるでぃぶ	モルディブ	7062
もると	モルト	7092
もるひね	モルヒネ	7436
もるもっと	モルモット	6901
もれ	漏れ	5828
もれ	もれ	6696
もれ	盛れ	7135
もれなく	もれなく	6848
もれる	漏れる	6620
もれる	盛れる	7029
もろ	もろ	6611
もろ	守ろ	6710
もろ	モロ	7012
もろ	諸	7215
もろ	脆	7491
もろい	脆い	7038
もろい	もろい	7478
もろく	脆く	7198
もろく	もろく	7278
もろっこ	モロッコ	6566
もろて	両手	6363
もろとも	もろとも	7149
もろなが	師長	7402
もろに	もろに	7187
もろへいや	モロヘイヤ	7133
もろぼし	諸星	7326
もろみ	もろみ	7251
もろもろ	諸々	6296
もろもろ	もろもろ	6744
もん	もん	4854
もん	モン	5663
もん	門	5766
もん	問	5892
もん	紋	6232
もん	揉ん	6952
もん	文	7228
もんか	門下	7224
もんかしょう	文科省	7234
もんかせい	門下生	7236
もんきー	モンキー	6497
もんく	文句	5473
もんく	モンク	6892
もんげん	門限	7302
もんこ	門戸	7179
もんごる	モンゴル	6175
もんごる	蒙古	7053
もんごん	文言	6445
もんしょ	文書	5998
もんしょう	紋章	6349
もんしろちょう	モンシロチョウ	7563
もんしん	問診	6445
もんしんひょう	問診票	7484
もんじ	文字	5738
もんじゃ	もんじゃ	7325
もんじゃやき	もんじゃ焼き	7401
もんじゅ	文殊	7272
もんじょ	文書	5925
もんじん	門人	7401
もんす	モンス	7466
もんすたー	モンスター	5052
もんすたーはんたー	モンスターハンター	6923
もんすたーぼーる	モンスターボール	7557
もんすてら	モンステラ	7344
もんすーん	モンスーン	7530
もんぜき	門跡	7346
もんぜつ	悶絶	6838
もんぜん	門前	6929
もんぜんばらい	門前払い	7365
もんたな	モンタナ	7465
もんだい	問題	4041
もんだいしゅう	問題集	7294
もんだいじ	問題児	6923
もんだいてん	問題点	5846
もんだいぶん	問題文	6754
もんちゃく	悶着	7481
もんちゅう	門柱	7049
もんてい	門弟	7515
もんてかるろ	モンテカルロ	7561
もんてっそーり	モンテッソーリ	7119
もんと	門徒	7320
もんとりおーる	モントリオール	7058
もんど	モンド	7284
もんど	主水	7449
もんどう	問答	6596
もんどうむよう	問答無用	7192
もんはん	モンハン	6590
もんばん	門番	7153
もんぴ	門扉	6990
もんぶ	文部	6189
もんぶしょう	文部省	7049
もんぶらん	モンブラン	6282
もんべる	モンベル	7538
もんもん	悶々	6887
もんよう	文様	6508
もんよう	紋様	7142
もんろー	モンロー	7161
もー	モー	6020
もーぐり	モーグリ	7544
もーしょん	モーション	6234
もーす	モース	7471
もーた	モータ	5926
もーたー	モーター	5918
もーたーさいくる	モーターサイクル	7155
もーたーしょー	モーターショー	7445
もーたーす	モータース	7509
もーたーすぽーつ	モータースポーツ	6657
もーつぁると	モーツァルト	6471
もーてる	モーテル	7362
もーど	モード	4950
もーにんぐ	モーニング	5943
もーびる	モービル	7565
もーめんと	モーメント	6722
もーりす	モーリス	7133
もーる	モール	5598
もーるす	モールス	7427
もーるど	モールド	6736
や	や	2914
や	屋	4535
や	矢	5888
や	夜	6620
やぁ	やぁ	6895
やあ	やあ	7003
やい	焼い	5448
やい	やい	7021
やいかに	やいかに	6907
やいかに	や如何に	6907
やいた	矢板	7425
やいづ	焼津	7129
やいと	灸	7278
やいなや	やいなや	6907
やいば	刃	5902
やう	やう	6492
やうち	家内	6947
やえ	八重	7036
やえ	八戸	7147
やえ	やえ	7560
やえい	野営	7021
やえい	夜営	7379
やえざき	八重咲き	7247
やえざくら	八重桜	7275
やえす	八重洲	6962
やえば	八重歯	7281
やえやま	八重山	7500
やお	八尾	6837
やお	八百	7389
やおこー	ヤオコー	7398
やおちょう	八百長	7213
やおや	八百屋	7007
やおん	野音	7492
やか	焼か	6415
やかい	夜会	7126
やかた	館	6810
やかたぶね	屋形船	7305
やかましい	やかましい	7296
やから	輩	6751
やから	やから	6941
やかん	夜間	5627
やかん	やかん	7105
やかん	ヤカン	7533
やがい	野外	6004
やがっ	やがっ	6303
やがて	やがて	5609
やがら	やがら	6907
やがり	やがり	6907
やがりゃ	やがりゃ	6907
やがる	やがる	6760
やがれ	やがれ	6907
やがろ	やがろ	6907
やがわ	谷川	7126
やがん	やがん	6907
やき	焼き	5103
やき	焼	6112
やき	やき	6235
やきあげ	焼き上げ	6289
やきあげる	焼き上げる	6891
やきいも	焼き芋	6387
やきいも	やきいも	7523
やきいも	焼きいも	7535
やきいれ	焼入れ	7483
やきいん	焼印	7328
やきうどん	焼きうどん	7115
やきかげん	焼き加減	7403
やきがし	焼き菓子	7025
やきざかな	焼き魚	6827
やきそば	焼きそば	5931
やきたて	焼き立て	6807
やきたて	焼きたて	7503
やきつい	焼き付い	7158
やきつけ	焼き付け	7237
やきとり	焼き鳥	6110
やきとり	焼鳥	6655
やきとり	やきとり	6922
やきなおし	焼き直し	7521
やきにく	焼肉	5581
やきにく	焼き肉	6453
やきにくや	焼肉屋	7355
やきぶた	焼豚	7107
やきぶた	焼き豚	7482
やきめし	焼き飯	7546
やきもき	やきもき	7418
やきもち	ヤキモチ	7324
やきもの	焼き物	6658
やきもの	焼物	7393
やきゅう	野球	4834
やきゅうかんせん	野球観戦	7402
やきゅうじょう	野球場	7221
やきゅうせんしゅ	野球選手	7165
やきゅうぶ	野球部	6732
やきん	夜勤	6093
やぎ	ヤギ	6320
やぎ	やぎ	6637
やぎ	八木	6814
やぎ	山羊	6840
やぎざ	山羊座	7134
やぎゅう	柳生	7103
やぎょう	や行	7447
やく	約	4240
やく	役	4873
やく	薬	5473
やく	焼く	5580
やく	訳	5987
やく	やく	6447
やく	厄	7021
やく	ヤク	7065
やくいん	役員	5379
やくいん	薬院	7485
やくいんかい	役員会	7533
やくえき	薬液	7100
やくがい	薬害	7326
やくがく	薬学	6712
やくがくぶ	薬学部	6821
やくがら	役柄	6366
やくご	訳語	7370
やくさ	訳さ	6860
やくさい	厄災	7188
やくざ	ヤクザ	6127
やくざ	やくざ	7166
やくざい	薬剤	5717
やくざいし	薬剤師	5807
やくし	訳し	6520
やくし	薬師	7393
やくしじ	薬師寺	7183
やくしどう	薬師堂	7359
やくしにょらい	薬師如来	7221
やくしま	屋久島	6566
やくしまる	薬師丸	7378
やくしゃ	役者	5794
やくしゃ	訳者	7086
やくしょ	役所	6066
やくしょ	訳書	7383
やくしょく	役職	5890
やくしょこうじ	役所広司	7422
やくしん	躍進	6495
やくじ	薬事	6939
やくじょう	約定	6929
やくす	訳す	6874
やくすう	約数	7374
やくぜん	薬膳	6474
やくそう	薬草	6528
やくそく	約束	5216
やくそくごと	約束事	7187
やくたたず	役立たず	7219
やくだた	役立た	7171
やくだち	役立ち	5520
やくだちそう	役立ちそう	7222
やくだっ	役立っ	6391
やくだっ	役だっ	7555
やくだつ	役立つ	5359
やくだて	役立て	6091
やくだてる	役立てる	6606
やくちゅう	訳注	7426
やくづくり	役作り	6864
やくどう	躍動	6225
やくどうかん	躍動感	6948
やくどころ	役どころ	6790
やくどし	厄年	7181
やくな	役な	7540
やくにたた	役に立た	6364
やくにたち	役に立ち	6191
やくにたちそう	役に立ちそう	7446
やくにたっ	役に立っ	6258
やくにたつ	役に立つ	5887
やくにん	役人	6552
やくば	役場	6192
やくばらい	厄払い	7373
やくひん	薬品	6227
やくびょう	疫病	7027
やくぶつ	薬物	5835
やくぶつりょうほう	薬物療法	7124
やくぶん	訳文	7327
やくまわり	役回り	7243
やくまん	役満	7370
やくみ	薬味	6448
やくめ	役目	5998
やくめい	役名	7166
やくも	八雲	6921
やくも	やくも	7239
やくもの	役物	7442
やくよう	薬用	6600
やくよく	薬浴	7560
やくよけ	厄除け	6858
やくよけ	厄除	7498
やくり	薬理	7105
やくると	ヤクルト	6117
やくるとすわろーず	ヤクルトスワローズ	7255
やくわり	役割	4904
やくわりぶんたん	役割分担	7051
やぐち	矢口	6953
やぐち	谷口	7032
やぐら	櫓	6654
やぐら	やぐら	7021
やけ	焼け	6005
やけ	ヤケ	6554
やけ	やけ	6814
やけあと	焼け跡	7490
やけい	夜景	5966
やけくそ	ヤケクソ	7533
やけど	やけど	6377
やけど	火傷	6462
やけど	ヤケド	7504
やけに	やけに	6580
やけのはら	焼け野原	7439
やける	焼ける	6611
やけん	野犬	7330
やげん	薬研	7322
やこ	やこ	7487
やこう	夜行	6350
やこう	夜光	7160
やこうせい	夜行性	7415
やこうばす	夜行バス	7281
やこぶ	ヤコブ	7074
やご	ヤゴ	7409
やごう	屋号	6665
やさ	やさ	7269
やさい	野菜	4712
やさい	やさい	6933
やさい	ヤサイ	7538
やさいいため	野菜炒め	7224
やさいしつ	野菜室	7531
やさいじゅーす	野菜ジュース	7373
やさいたっぷり	野菜たっぷり	7442
やさいるい	野菜類	7509
やさかじんじゃ	八坂神社	6984
やさがし	家探し	7436
やさき	矢先	6485
やさし	優し	5643
やさし	やさし	6515
やさしい	優しい	4941
やさしい	やさしい	5625
やさしい	易しい	7135
やさしいあじ	優しい味	6925
やさしいあじわい	優しい味わい	7282
やさしいあまみ	優しい甘み	7524
やさしいいろあい	優しい色合い	7395
やさしいいんしょう	優しい印象	7329
やさしいえがお	優しい笑顔	7247
やさしいきもち	優しい気持ち	7080
やさしいこ	優しい子	7318
やさしいこころ	優しい心	7397
やさしいことば	優しい言葉	7043
やさしいごえ	優しい声	7530
やさしいせいかく	優しい性格	7304
やさしいせかい	優しい世界	7405
やさしいせんせい	優しい先生	7440
やさしいひと	優しい人	6609
やさしいふんいき	優しい雰囲気	7027
やさしかっ	優しかっ	6855
やさしく	優しく	5201
やさしく	やさしく	6032
やさしさ	優しさ	5762
やさしさ	やさしさ	6947
やさしそう	優しそう	7104
やさわ	矢沢	7536
やざわ	矢沢	7129
やざわ	矢澤	7508
やし	やし	6251
やし	ヤシ	6575
やし	椰子	7288
やしい	やしい	7000
やしお	八潮	7430
やしき	屋敷	5718
やしない	養い	6809
やしなう	養う	6372
やしなっ	養っ	6782
やしなわ	養わ	7005
やしゃ	夜叉	6728
やしゅ	野手	6623
やしょ	やしょ	6907
やしょく	夜食	6826
やしろ	社	6284
やしろ	やしろ	7170
やしろ	八代	7340
やしろだい	社台	7521
やしん	野心	6519
やしんてき	野心的	7427
やじ	夜市	6851
やじ	やじ	7177
やじ	ヤジ	7200
やじうま	野次馬	7343
やじま	矢島	7165
やじゅう	野獣	6764
やじるし	矢印	5915
やじるしきー	矢印キー	7225
やす	やす	5496
やす	安	6257
やす	ヤス	6812
やす	寧	6870
やす	易	7113
やす	康	7204
やす	泰	7317
やすあがり	安上がり	7256
やすい	やすい	4126
やすい	安い	5065
やすい	易い	5950
やすい	安井	6968
やすいかかく	安い価格	7186
やすいじゅん	安い順	6927
やすいねだん	安い値段	7444
やすぅ	やすぅ	7299
やすう	やすう	7211
やすうり	安売り	6902
やすお	康夫	7295
やすお	康雄	7523
やすおか	安岡	7473
やすかっ	やすかっ	5728
やすかっ	安かっ	6428
やすかっ	易かっ	7451
やすから	やすから	6907
やすかれ	やすかれ	6907
やすかろ	やすかろ	6907
やすかろ	安かろ	7443
やすき	やすき	6907
やすきゃ	やすきゃ	6907
やすぎ	安来	7473
やすく	やすく	4520
やすく	安く	5197
やすく	易く	6315
やすくに	靖国	7463
やすくにじんじゃ	靖国神社	7004
やすけ	弥助	7419
やすけりゃ	やすけりゃ	6907
やすけれ	やすけれ	6907
やすけれ	安けれ	7382
やすこ	やす子	6976
やすこ	靖子	7343
やすこ	裕子	7361
やすこ	恭子	7406
やすこ	泰子	7482
やすこ	康子	7517
やすさ	安さ	6989
やすさ	やすさ	6992
やすさ	易さ	7436
やすし	寧	6749
やすし	康	7208
やすし	やすし	7511
やすし	祥	7535
やすし	泰	7546
やすた	安田	6882
やすたか	康隆	7541
やすだ	安田	6330
やすだきねん	安田記念	7566
やすっぽ	安っぽ	7550
やすっぽい	安っぽい	6807
やすっぽく	安っぽく	7157
やすね	安値	6733
やすの	安野	7534
やすひろ	康弘	7178
やすべ	安部	7469
やすま	休ま	6121
やすまさ	安政	7248
やすまる	休まる	7294
やすみ	休み	5044
やすみ	やすみ	7133
やすみじかん	休み時間	7123
やすむ	休む	5987
やすむら	安村	7421
やすむろ	安室	7009
やすめ	休め	6555
やすめ	安め	6944
やすめる	休める	6565
やすも	休も	7361
やすもう	休もう	7373
やすもと	安元	7548
やすもの	安物	6640
やすらか	安らか	6745
やすらぎ	安らぎ	6822
やすらぎ	やすらぎ	6876
やすらぐ	安らぐ	7152
やすり	ヤスリ	6625
やすり	やすり	7077
やすれ	やすれ	6907
やすん	休ん	5811
やせ	痩せ	5651
やせ	やせ	6656
やせ	ヤセ	7471
やせい	野生	5708
やせい	野性	6958
やせいどうぶつ	野生動物	6902
やせやすい	痩せやすい	7393
やせる	痩せる	6254
やせる	やせる	7329
やせん	野戦	7114
やせん	夜戦	7267
やそう	野草	6768
やた	矢田	7475
やたい	屋台	5819
やたがらす	八咫烏	7396
やたら	やたら	5782
やたろう	弥太郎	7460
やだ	ヤダ	7309
やだ	矢田	7430
やち	谷地	7511
やちまた	八街	7532
やちゅう	夜中	6517
やちょう	野鳥	6236
やちよ	八千代	7006
やちん	家賃	5783
やちんほじょ	家賃補助	7543
やっ	やっ	4117
やっ	演っ	7410
やっか	薬価	7137
やっかい	厄介	6020
やっかい	やっかい	6840
やっかん	約款	6806
やっき	躍起	7142
やっきょう	薬莢	7533
やっきょく	薬局	5722
やっこ	奴	5846
やっこ	やっこ	7274
やっこう	薬効	6999
やっこだ	奴だ	6988
やったね	やったね	6773
やったー	ヤッター	7458
やっつ	8つ	6297
やっつ	八つ	7013
やっつけ	やっつけ	6888
やっつける	やっつける	7268
やっていれば	やっていれば	7545
やってき	やってき	5192
やってき	やって来	5877
やってくりゃ	やってくりゃ	6948
やってくりゃ	やって来りゃ	7271
やってくる	やってくる	5874
やってくる	やって来る	6622
やってくれ	やってくれ	6919
やってくれ	やって来れ	7426
やってくん	やってくん	6933
やってこ	やってこ	6857
やってこい	やってこい	7318
やってこよ	やって来よ	6913
やってこよ	やってこよ	6919
やってほしい	やってほしい	6675
やってほしい	やって欲しい	6952
やっと	やっと	5142
やっとこさ	やっとこさ	7124
やっぱ	やっぱ	5432
やっぱし	やっぱし	7565
やっぱり	やっぱり	4626
やっぱりじぶん	やっぱり自分	7283
やっほー	やっほー	7476
やつ	やつ	4820
やつ	奴	6383
やつ	ヤツ	7175
やつあたり	八つ当たり	6950
やつお	八尾	7109
やつがたけ	八ヶ岳	6845
やつがだけ	八ヶ岳	6842
やつしろ	八代	6938
やつら	奴ら	6253
やつら	奴等	7109
やつれ	やつれ	7417
やと	八戸	6959
やとい	雇い	6924
やとい	雇	7360
やといぬし	雇い主	7490
やとう	野党	6271
やとう	雇う	6694
やとっ	雇っ	6473
やとわ	雇わ	6625
やど	宿	5615
やどかり	ヤドカリ	7180
やどし	宿し	6884
やどす	宿す	7276
やどっ	宿っ	6685
やどや	宿屋	6822
やどり	宿り	7333
やどり	やどり	7493
やどりき	寄	6597
やどる	宿る	6558
やどん	ヤドン	7484
やな	梁	6646
やない	柳井	7350
やなか	谷中	7317
やながわ	柳川	7084
やなぎ	柳	6473
やなぎ	やなぎ	7043
やなぎ	ヤナギ	7288
やなぎ	楊	7395
やなぎさわ	柳沢	7266
やなぎさわ	柳澤	7456
やなぎた	柳田	7240
やなぎだ	柳田	6936
やなぎはら	柳原	7281
やなぎや	柳家	7381
やなせ	やなせ	7231
やなだ	柳田	7549
やに	脂	6304
やに	ヤニ	6719
やぬし	家主	6895
やね	屋根	5191
やねうら	屋根裏	6734
やねざい	屋根材	7300
やねとそう	屋根塗装	7472
やねのうえ	屋根の上	7419
やの	矢野	6328
やはぎ	矢作	7150
やはた	八幡	6730
やはたにし	八幡西	7520
やはり	やはり	4605
やはりじぶん	やはり自分	7434
やば	ヤバ	6423
やば	やば	6513
やばい	やばい	5618
やばい	ヤバい	5761
やばい	ヤバイ	6162
やばかっ	やばかっ	6889
やばかっ	ヤバかっ	6981
やばく	やばく	6946
やばく	ヤバく	7089
やばさ	ヤバさ	7483
やばそう	ヤバそう	7370
やばん	野蛮	7205
やひこ	弥彦	7358
やふおく	ヤフオク	6274
やふこめ	ヤフコメ	7554
やふー	ヤフー	6385
やぶ	藪	6617
やぶ	ヤブ	6844
やぶ	薮	7164
やぶい	破い	7531
やぶき	矢吹	7142
やぶけ	破け	7167
やぶさめ	流鏑馬	7397
やぶっ	破っ	6265
やぶら	破ら	6857
やぶり	破り	6465
やぶる	破る	6534
やぶれ	敗れ	5902
やぶれ	破れ	6203
やぶれ	やぶれ	7461
やぶれる	敗れる	7054
やぶれる	破れる	7174
やぷーる	やプール	7032
やべ	矢部	6900
やべぇ	やべぇ	7013
やべえ	やべえ	7136
やべー	やべー	6984
やぼ	野暮	7109
やぼう	野望	6387
やま	山	4811
やま	やま	6004
やま	ヤマ	6282
やま	止ま	6972
やまあい	山間	6841
やまあい	山あい	7343
やまあるき	山歩き	6891
やまい	病	5879
やまいも	山芋	6859
やまうち	山内	6636
やまうば	山姥	7423
やまおか	山岡	6757
やまおく	山奥	6514
やまかげ	山陰	7516
やまかわ	山川	7145
やまが	山鹿	7519
やまがさ	山笠	7124
やまがた	山形	5792
やまがた	山縣	7496
やまがたけん	山形県	6139
やまがたし	山形市	7482
やまがただいがく	山形大学	7483
やまがわ	山側	6989
やまぎし	山岸	6900
やまくち	山口	6496
やまぐすく	山城	7376
やまぐち	山口	5842
やまぐちぐみ	山口組	6811
やまぐちけん	山口県	6075
やまぐちさん	山口さん	7418
やまぐちだいがく	山口大学	7528
やまぐつ	山口	7218
やまげ	山陰	7360
やまごえ	山越え	7424
やまごや	山小屋	6546
やまさ	ヤマサ	7490
やまさき	山崎	6473
やまさき	山﨑	7029
やまざき	山崎	5948
やまざき	ヤマザキ	6978
やまざき	山﨑	7029
やまざくら	山桜	7238
やまざくら	ヤマザクラ	7519
やまざと	山里	6961
やまし	やまし	7464
やましい	やましい	7320
やました	山下	6014
やました	やました	7357
やましな	山科	7132
やましろ	山城	6791
やまじょう	山城	7542
やますそ	山裾	7509
やまぞい	山沿い	7553
やまぞえ	山添	7563
やまた	山田	6482
やまたいこく	邪馬台国	7161
やまだ	山田	5514
やまだ	やまだ	6988
やまだ	ヤマダ	7080
やまだ	山だ	7540
やまださん	山田さん	6789
やまだでんき	ヤマダ電機	7064
やまづみ	山積み	6821
やまて	山手	6251
やまてせん	山手線	7248
やまで	山で	7495
やまでら	山寺	7171
やまと	大和	6226
やまと	ヤマト	6241
やまと	やまと	6579
やまと	倭	7158
やまと	和	7161
やまとうんゆ	ヤマト運輸	6588
やまとこおりやま	大和郡山	7297
やまとたける	ヤマトタケル	7488
やまな	山名	7069
やまなか	山中	6754
やまなかこ	山中湖	7031
やまなし	山梨	6077
やまなしけん	山梨県	6085
やまなみ	山並み	7040
やまにし	山西	7510
やまね	山根	6703
やまねこ	山猫	7384
やまねこ	ヤマネコ	7533
やまの	山野	6868
やまのうえ	山の上	6699
やまのうち	山内	7011
やまのうち	山之内	7533
やまのかみ	山の神	7122
やまのさち	山の幸	7344
やまのて	山の手	7389
やまのてせん	山手線	6756
やまのぼり	山登り	6658
やまは	ヤマハ	6251
やまはだ	山肌	7216
やまははつどうき	ヤマハ発動機	7376
やまば	山場	7142
やまびこ	やまびこ	7051
やまふだ	山札	6447
やまぶき	山吹	7192
やまぶし	山伏	7167
やままべ	山間部	7456
やまみち	山道	6553
やまむら	山村	7172
やまめ	ヤマメ	6876
やまもと	山本	5433
やまもと	やまもと	7100
やまもとさん	山本さん	6743
やまもり	山盛り	6705
やまや	やまや	7488
やまやま	山々	6179
やまわき	山脇	7485
やまわけ	山分け	7536
やまんば	山姥	7227
やみ	闇	5354
やみ	ヤミ	6680
やみ	やみ	6690
やみ	病み	6845
やみ	止み	7052
やみあがり	病み上がり	7486
やみきん	闇金	6703
やみくも	闇雲	7113
やみくも	やみくも	7185
やみぞくせい	闇属性	7505
やみつき	やみつき	6773
やみつき	病みつき	6980
やみよ	闇夜	7240
やむ	止む	6786
やむ	病む	7096
やむ	やむ	7132
やむちゃ	飲茶	7260
やむちゃ	ヤムチャ	7378
やむなく	やむなく	6839
やむなし	やむなし	7515
やむら	谷村	7563
やむをえず	やむを得ず	6677
やむをえない	やむを得ない	6368
やむをえないじじょう	やむを得ない事情	7136
やむをえないばあい	やむを得ない場合	7483
やむをえないりゆう	やむを得ない理由	7370
やめ	やめ	5029
やめ	辞め	5387
やめ	止め	5677
やめ	八女	7273
やめ	ヤメ	7307
やめよ	やめよ	6398
やめよ	辞めよ	6965
やめよ	止めよ	7260
やめよう	辞めよう	6961
やめよう	止めよう	7459
やめられない	やめられない	6638
やめられない	辞められない	7409
やめる	辞める	5882
やめる	やめる	5928
やめる	止める	6340
やめれ	やめれ	7251
やめれ	辞めれ	7471
やめろ	やめろ	6322
やめろ	辞めろ	7256
やも	やも	7344
やもり	ヤモリ	6961
やや	やや	5048
ややこしい	ややこしい	6475
ややこしく	ややこしく	6924
やゆ	揶揄	6551
やゆ	やゆ	7342
やよい	弥生	6269
やよい	やよい	7320
やよい	彌生	7485
やよいけん	やよい軒	7492
やよいじだい	弥生時代	6956
やら	やら	5028
やらかし	やらかし	6255
やらかす	やらかす	7156
やらさ	やらさ	6767
やらせ	ヤラセ	7291
やられた	やられた	6427
やられる	やられる	6609
やらん	やらん	6834
やり	やり	4664
やり	槍	5932
やり	ヤリ	6771
やり	遣り	7076
やりいか	ヤリイカ	7295
やりかえし	やり返し	7459
やりかえす	やり返す	7512
やりかた	やり方	5245
やりがい	やりがい	5710
やりがい	やり甲斐	7290
やりがだけ	槍ヶ岳	7287
やりがち	やりがち	7389
やりきれない	やりきれない	7478
やりくち	やり口	7517
やりくり	やりくり	6779
やりこみ	やり込み	6973
やりこみ	やりこみ	7199
やりこん	やり込ん	7329
やりこん	やりこん	7534
やりす	ヤリス	7037
やりすくろす	ヤリスクロス	7519
やりすごし	やり過ごし	7191
やりすごす	やり過ごす	7305
やりづらい	やりづらい	7409
やりて	やり手	7369
やりとげ	やり遂げ	6955
やりとげる	やり遂げる	7102
やりとり	やり取り	5543
やりとり	やりとり	5686
やりなおし	やり直し	6240
やりなおし	やりなおし	7537
やりなおす	やり直す	6661
やりなおせる	やり直せる	7374
やりなげ	やり投げ	7524
やりにくい	やりにくい	7039
やりぬく	やり抜く	7407
やりば	やり場	7439
やりゃ	やりゃ	6907
やりやすい	やりやすい	6476
やりやすかっ	やりやすかっ	7489
やりやすく	やりやすく	7072
やる	やる	4721
やるお	やる夫	7139
やるき	やる気	5488
やるき	ヤル気	7114
やるきまんまん	やる気満々	7484
やるせない	やるせない	7263
やれ	やれ	5807
やれ	破れ	7418
やれやれ	やれやれ	6881
やれる	やれる	5966
やろ	やろ	5173
やろう	野郎	6025
やろー	ヤロー	7395
やわ	軟	6728
やわ	やわ	7286
やわた	八幡	6637
やわら	和	6515
やわら	柔	6877
やわらい	和らい	6906
やわらか	柔らか	5823
やわらか	やわらか	6282
やわらかい	柔らかい	5486
やわらかい	やわらかい	6314
やわらかい	軟らかい	7264
やわらかいいんしょう	柔らかい印象	7336
やわらかいそざい	柔らかい素材	7061
やわらかいぬの	柔らかい布	7318
やわらかいふんいき	柔らかい雰囲気	7374
やわらかく	柔らかく	5441
やわらかく	やわらかく	6295
やわらかく	軟らかく	7222
やわらかさ	柔らかさ	6639
やわらかさ	やわらかさ	7336
やわらかめ	柔らかめ	6699
やわらかめ	やわらかめ	7555
やわらぎ	和らぎ	6896
やわらぐ	和らぐ	7118
やわらげ	和らげ	6720
やわらげ	やわらげ	7561
やわらげる	和らげる	6572
やん	やん	5282
やん	ヤン	6295
やん	病ん	6472
やん	止ん	6660
やん	楊	7318
やんきー	ヤンキー	6268
やんきーす	ヤンキース	6832
やんぐ	ヤング	6267
やんぐけあらー	ヤングケアラー	7320
やんごん	ヤンゴン	7367
やんちゃ	やんちゃ	6839
やんちゃ	ヤンチャ	7415
やんま	ヤンマ	7036
やんわり	やんわり	6900
やー	ヤー	7109
やーど	ヤード	6299
ゆ	湯	5316
ゆ	ゆ	5408
ゆ	油	5801
ゆ	于	7348
ゆあ	ゆあ	6987
ゆあがり	湯上がり	7453
ゆあがり	湯上り	7504
ゆあさ	湯浅	6916
ゆあつ	油圧	6420
ゆい	ゆい	6347
ゆい	結	6393
ゆい	結衣	6643
ゆい	唯	6798
ゆい	維	6905
ゆい	ユイ	6940
ゆい	由依	7285
ゆい	優衣	7336
ゆいいつ	唯一	5119
ゆいがはま	由比ヶ浜	7323
ゆいこ	結子	7463
ゆいごん	遺言	6076
ゆいごんしょ	遺言書	7083
ゆいしょ	由緒	6539
ゆいのう	結納	7034
ゆいれーる	ゆいレール	7483
ゆう	ゆう	5482
ゆう	有	5892
ゆう	遊	5969
ゆう	夕	6301
ゆう	言う	6326
ゆう	優	6359
ゆう	ユウ	6577
ゆう	悠	6603
ゆうあい	友愛	7218
ゆうい	優位	5877
ゆうい	有意	6424
ゆういぎ	有意義	6030
ゆういせい	優位性	7037
ゆういち	雄一	6890
ゆういち	祐一	7180
ゆういち	悠一	7275
ゆういち	裕一	7335
ゆういち	ゆういち	7418
ゆういちろう	雄一郎	7241
ゆういちろう	裕一郎	7500
ゆういん	誘引	6759
ゆういん	誘因	7434
ゆううつ	憂鬱	6578
ゆうえい	遊泳	6933
ゆうえき	有益	6023
ゆうえつ	優越	6711
ゆうえつかん	優越感	7137
ゆうえん	遊園	7087
ゆうえんち	遊園地	6163
ゆうえんち	ゆうえんち	7423
ゆうか	有価	6404
ゆうか	ゆうか	6934
ゆうか	優香	7358
ゆうか	ユウカ	7534
ゆうかい	誘拐	6233
ゆうかい	融解	7000
ゆうかく	遊郭	6862
ゆうかしょうけん	有価証券	7466
ゆうかん	勇敢	6626
ゆうかん	夕刊	6920
ゆうが	優雅	6011
ゆうがい	有害	5914
ゆうがいぶっしつ	有害物質	7171
ゆうがお	夕顔	7428
ゆうがく	遊学	7504
ゆうがた	夕方	5334
ゆうき	勇気	5406
ゆうき	有機	5611
ゆうき	ゆうき	6591
ゆうき	結城	6871
ゆうき	祐希	6962
ゆうき	有期	6978
ゆうき	ユウキ	7121
ゆうき	裕貴	7289
ゆうきさいばい	有機栽培	7507
ゆうきち	有吉	7058
ゆうきづけ	勇気づけ	7187
ゆうきてき	有機的	7086
ゆうきひりょう	有機肥料	7511
ゆうきぶつ	有機物	6727
ゆうきゅう	有給	5831
ゆうきゅう	有休	6707
ゆうきゅう	悠久	7039
ゆうきゅう	遊休	7292
ゆうきゅうきゅうか	有給休暇	6673
ゆうぎ	遊戯	6034
ゆうぎ	遊技	6724
ゆうぎおう	遊戯王	7061
ゆうぎょ	遊漁	7556
ゆうぎょせん	遊漁船	7372
ゆうぐ	遊具	5974
ゆうぐう	優遇	6077
ゆうぐれ	夕暮れ	6252
ゆうぐれどき	夕暮れ時	7464
ゆうぐん	友軍	7339
ゆうけい	有形	6586
ゆうけい	夕景	7298
ゆうけんしゃ	有権者	6620
ゆうげき	遊撃	7028
ゆうげきしゅ	遊撃手	7160
ゆうげん	有限	5836
ゆうげんがいしゃ	有限会社	5999
ゆうこ	優子	6519
ゆうこ	ゆうこ	6806
ゆうこ	裕子	6831
ゆうこ	ゆう子	7221
ゆうこ	祐子	7362
ゆうこ	夕子	7462
ゆうこう	有効	4802
ゆうこう	友好	6185
ゆうこうか	有効化	7443
ゆうこうかつよう	有効活用	7472
ゆうこうきかん	有効期間	7396
ゆうこうきげん	有効期限	6649
ゆうこうせい	有効性	6810
ゆうこうせいぶん	有効成分	7065
ゆうこうてき	友好的	7142
ゆうこうてき	有効的	7331
ゆうこく	夕刻	6917
ゆうごう	融合	5497
ゆうさく	優作	7033
ゆうざい	有罪	6563
ゆうざいはんけつ	有罪判決	7303
ゆうし	有し	5750
ゆうし	融資	5793
ゆうし	有志	6188
ゆうし	勇姿	7010
ゆうし	勇士	7206
ゆうし	雄姿	7244
ゆうしきしゃ	有識者	6438
ゆうしゃ	勇者	5836
ゆうしゅう	優秀	5202
ゆうしゅうしょう	優秀賞	6759
ゆうしゅうのび	有終の美	7373
ゆうしゅつ	湧出	7279
ゆうしゅん	優駿	7552
ゆうしょう	優勝	4823
ゆうしょう	有償	6320
ゆうしょうこうほ	優勝候補	7559
ゆうしょうしゃ	優勝者	7134
ゆうしょうちーむ	優勝チーム	7553
ゆうしょうめざし	優勝目指し	7513
ゆうしょく	夕食	5569
ゆうしょく	有色	7397
ゆうしょくご	夕食後	7205
ゆうじ	有事	6673
ゆうじ	裕二	6950
ゆうじ	ゆうじ	7073
ゆうじ	雄二	7100
ゆうじ	祐二	7518
ゆうじゅうふだん	優柔不断	7115
ゆうじょ	遊女	6980
ゆうじょう	友情	5805
ゆうじろう	裕次郎	7121
ゆうじろう	勇次郎	7474
ゆうじん	友人	4799
ゆうじん	有人	6666
ゆうじんかんけい	友人関係	7109
ゆうじんたく	友人宅	7457
ゆうじんたち	友人たち	6701
ゆうじんたち	友人達	7180
ゆうじんどうし	友人同士	7450
ゆうすい	湧水	7051
ゆうすいち	遊水地	7459
ゆうすう	有数	6202
ゆうすけ	祐介	6988
ゆうすけ	裕介	7083
ゆうすけ	雄介	7250
ゆうすけ	ゆうすけ	7263
ゆうすけ	悠介	7340
ゆうすけ	佑介	7528
ゆうすけ	祐輔	7533
ゆうすけ	幽助	7550
ゆうすずみ	夕涼み	7330
ゆうする	有する	5406
ゆうずう	融通	6556
ゆうせい	優勢	6471
ゆうせい	郵政	6783
ゆうせい	遊星	7269
ゆうせい	優生	7287
ゆうせい	雄星	7511
ゆうせつ	融雪	7286
ゆうせん	優先	4965
ゆうせん	有線	6289
ゆうせん	郵船	7542
ゆうせんじゅんい	優先順位	6471
ゆうせんてき	優先的	6393
ゆうせんど	優先度	6847
ゆうぜん	友禅	6999
ゆうそう	郵送	5692
ゆうそう	勇壮	7124
ゆうぞう	雄三	7282
ゆうた	裕太	6800
ゆうた	ゆうた	6912
ゆうた	優太	6943
ゆうた	雄太	7012
ゆうた	悠太	7144
ゆうた	勇太	7249
ゆうた	祐太	7542
ゆうたい	優待	6087
ゆうたい	幽体	7467
ゆうたい	勇退	7517
ゆうだい	雄大	6375
ゆうだち	夕立	7078
ゆうち	誘致	6322
ゆうちゃん	ゆうちゃん	7280
ゆうちょ	ゆうちょ	7291
ゆうちょう	悠長	7332
ゆうちょぎんこう	ゆうちょ銀行	6847
ゆうてん	融点	7165
ゆうでん	誘電	6994
ゆうと	ゆうと	7358
ゆうと	勇斗	7383
ゆうと	裕翔	7474
ゆうと	悠人	7500
ゆうと	優斗	7541
ゆうと	勇人	7554
ゆうとう	優等	7469
ゆうとうせい	優等生	6651
ゆうどう	誘導	5551
ゆうどうたい	誘導体	6774
ゆうどく	有毒	6922
ゆうな	ユウナ	7532
ゆうな	ゆうな	7535
ゆうな	友奈	7564
ゆうに	ゆうに	7431
ゆうに	優に	7440
ゆうのう	有能	6330
ゆうはつ	誘発	6126
ゆうはん	夕飯	6099
ゆうばり	夕張	7183
ゆうぱっく	ゆうパック	6793
ゆうひ	夕日	6094
ゆうひ	夕陽	6481
ゆうび	優美	6764
ゆうびん	郵便	5308
ゆうびんうけ	郵便受け	7256
ゆうびんきょく	郵便局	6034
ゆうびんばんごう	郵便番号	6425
ゆうびんぶつ	郵便物	7061
ゆうふく	裕福	6396
ゆうへい	幽閉	7035
ゆうべ	昨夜	6234
ゆうべ	夕	6863
ゆうべ	夕べ	6874
ゆうべ	ゆうべ	7553
ゆうべん	雄弁	7417
ゆうほどう	遊歩道	6229
ゆうぼう	有望	6397
ゆうぼく	遊牧	7547
ゆうぼくみん	遊牧民	7129
ゆうま	有馬	7314
ゆうま	ゆうま	7331
ゆうめい	有名	4722
ゆうめいじん	有名人	5790
ゆうめいてん	有名店	7551
ゆうめいぶらんど	有名ブランド	7083
ゆうや	裕也	7243
ゆうや	祐也	7331
ゆうや	佑	7332
ゆうや	優弥	7443
ゆうや	ゆうや	7445
ゆうや	雄也	7484
ゆうやく	釉薬	6795
ゆうやけ	夕焼け	6364
ゆうやみ	夕闇	7436
ゆうゆう	ゆうゆう	6343
ゆうゆう	悠々	7029
ゆうよ	猶予	6237
ゆうよう	有用	5823
ゆうようせい	有用性	7116
ゆうらくちょう	有楽町	6457
ゆうらくちょうせん	有楽町線	7392
ゆうらん	遊覧	6670
ゆうらんせん	遊覧船	7400
ゆうり	有利	5507
ゆうり	遊離	6998
ゆうり	ゆうり	7498
ゆうり	勇利	7534
ゆうりょ	憂慮	7189
ゆうりょう	有料	5339
ゆうりょう	優良	6038
ゆうりょうかいいん	有料会員	7312
ゆうりょうきぎょう	優良企業	7513
ゆうりょうさーびす	有料サービス	7466
ゆうりょうばん	有料版	7273
ゆうりょうろうじんほーむ	有料老人ホーム	7491
ゆうりょく	有力	5928
ゆうれい	幽霊	5956
ゆうれつ	優劣	6752
ゆうわ	融和	7238
ゆうわく	誘惑	6228
ゆえ	ゆえ	5843
ゆえ	故	6858
ゆえき	輸液	7118
ゆえに	故に	5967
ゆえに	ゆえに	6223
ゆえん	所以	6707
ゆえん	ゆえん	7425
ゆえん	由縁	7456
ゆお	いお	7382
ゆか	床	5474
ゆか	ゆか	6580
ゆか	行か	6924
ゆか	由香	7250
ゆか	ユカ	7356
ゆか	由佳	7531
ゆかい	愉快	6362
ゆかい	ゆかい	7290
ゆかうえ	床上	7262
ゆかした	床下	6331
ゆかた	浴衣	5843
ゆかた	ゆかた	7107
ゆかたすがた	浴衣姿	7477
ゆかだんぼう	床暖房	7252
ゆかめん	床面	6803
ゆかめんせき	床面積	7513
ゆかり	ゆかり	6032
ゆかり	縁	6112
ゆかり	紫	7530
ゆかわ	湯川	7111
ゆがみ	歪み	6209
ゆがみ	ゆがみ	6973
ゆがめ	歪め	7191
ゆがわ	湯川	7525
ゆがわら	湯河原	7233
ゆがん	歪ん	6249
ゆがん	ゆがん	7160
ゆき	雪	5049
ゆき	ゆき	6044
ゆき	行	6219
ゆき	行き	6402
ゆき	ユキ	6477
ゆき	幸	6617
ゆき	如	6770
ゆき	侑	7344
ゆきえ	由紀恵	7388
ゆきお	由紀夫	6885
ゆきお	幸雄	7275
ゆきお	幸男	7434
ゆきお	幸夫	7466
ゆきお	之男	7510
ゆきおとこ	雪男	7558
ゆきおんな	雪女	7478
ゆきかき	雪かき	6972
ゆきがっせん	雪合戦	7565
ゆきぐに	雪国	6751
ゆきげしき	雪景色	6819
ゆきげしょう	雪化粧	7383
ゆきこ	由紀子	7209
ゆきこ	ゆきこ	7399
ゆきこ	幸子	7437
ゆきさき	行先	6968
ゆきさき	行き先	7090
ゆきしつ	雪質	7523
ゆきじるし	雪印	7349
ゆきすぎ	行き過ぎ	7416
ゆきだま	雪玉	7497
ゆきだるま	雪だるま	6680
ゆきち	諭吉	6853
ゆきつい	行き着い	7403
ゆきつく	行き着く	7229
ゆきつけ	行きつけ	7237
ゆきどけ	雪解け	6920
ゆきな	優樹菜	7477
ゆきの	雪乃	7162
ゆきの	ゆきの	7388
ゆきのした	雪ノ下	7358
ゆきのじょおう	雪の女王	7188
ゆきばな	雪花	7516
ゆきみ	雪見	7134
ゆきみち	雪道	6746
ゆきむら	幸村	7239
ゆきゃ	ゆきゃ	6907
ゆきゃ	行きゃ	6921
ゆきやま	雪山	6532
ゆきり	湯切り	7346
ゆきわたる	行き渡る	7333
ゆく	ゆく	5632
ゆく	行く	6922
ゆくえ	行方	5744
ゆくえ	ゆくえ	7302
ゆくえふめい	行方不明	6494
ゆくさき	行く先	7297
ゆくさき	行先	7414
ゆくすえ	行く末	6908
ゆくて	行く手	7289
ゆくゆく	ゆくゆく	6916
ゆけ	ゆけ	6907
ゆけ	行け	6931
ゆけつ	輸血	6768
ゆけむり	湯けむり	7422
ゆける	行ける	6125
ゆける	ゆける	7522
ゆげ	湯気	6718
ゆこ	ゆこ	6907
ゆこ	行こ	6919
ゆこ	優子	7341
ゆごう	癒合	7454
ゆさい	油彩	6928
ゆさぶっ	揺さぶっ	7434
ゆさぶら	揺さぶら	6774
ゆさぶり	揺さぶり	7355
ゆさぶる	揺さぶる	6900
ゆざわ	湯沢	7259
ゆし	油脂	6475
ゆしゅつ	輸出	5686
ゆしゅつにゅう	輸出入	6915
ゆじん	ユジン	7235
ゆず	ゆず	6103
ゆず	柚子	6165
ゆず	柚	7110
ゆず	ユズ	7186
ゆずき	結月	7516
ゆずこしょう	柚子胡椒	7267
ゆずっ	譲っ	6224
ゆずら	譲ら	6706
ゆずり	譲り	5987
ゆずりあい	譲り合い	7492
ゆずりうけ	譲り受け	6652
ゆずる	譲る	6587
ゆずる	結弦	6719
ゆずる	譲	7030
ゆずる	謙	7242
ゆずれ	譲れ	6814
ゆせい	油性	6651
ゆせん	湯煎	6899
ゆせん	湯せん	7407
ゆそう	輸送	5421
ゆそうちゅう	輸送中	7339
ゆた	ユタ	7091
ゆたか	豊か	4900
ゆたか	豊	6342
ゆたか	温	6435
ゆたか	隆	7072
ゆたか	裕	7081
ゆたか	ゆたか	7102
ゆたか	寛	7202
ゆたか	浩	7388
ゆたかさ	豊かさ	6643
ゆたんぽ	湯たんぽ	7195
ゆだ	ユダ	6984
ゆだね	委ね	6905
ゆだね	ゆだね	7483
ゆだねる	委ねる	6942
ゆだや	ユダヤ	5942
ゆだやきょう	ユダヤ教	7464
ゆだやじん	ユダヤ人	6717
ゆだん	油断	6046
ゆちゃく	癒着	6724
ゆちょん	ユチョン	7466
ゆっ	ゆっ	6680
ゆっ	結っ	7557
ゆっくり	ゆっくり	4849
ゆっけ	ユッケ	6956
ゆったり	ゆったり	5383
ゆで	茹で	5651
ゆで	ゆで	5835
ゆであがっ	茹で上がっ	7187
ゆでたまご	ゆで卵	6811
ゆでる	茹でる	6390
ゆでる	ゆでる	6904
ゆでん	油田	7194
ゆとり	ゆとり	5957
ゆどうふ	湯豆腐	7289
ゆどおし	湯通し	7311
ゆな	ゆな	7024
ゆな	ユナ	7220
ゆないてっど	ユナイテッド	6394
ゆないてっどあろーず	ユナイテッドアローズ	7556
ゆないと	ユナイト	7532
ゆに	ユニ	5759
ゆに	ゆに	7283
ゆにおん	ユニオン	6510
ゆにくろ	ユニクロ	7282
ゆにせふ	ユニセフ	6980
ゆにぞん	ユニゾン	7224
ゆにっと	ユニット	5181
ゆにっとばす	ユニットバス	7253
ゆにてぃー	Unity	6744
ゆにば	ユニバ	6877
ゆにばーさる	ユニバーサル	6261
ゆにばーさるでざいん	ユニバーサルデザイン	7562
ゆにばーす	ユニバース	6984
ゆにふぉーむ	ユニフォーム	5900
ゆにほーむ	ユニホーム	6712
ゆにゅう	輸入	5379
ゆにゅうしゃ	輸入車	7153
ゆにゅうひん	輸入品	7258
ゆにーく	ユニーク	5556
ゆねすこ	ユネスコ	6609
ゆの	ユノ	7125
ゆの	ゆの	7170
ゆのはな	湯の花	7522
ゆのみ	湯呑み	7356
ゆば	湯葉	7006
ゆば	ゆば	7397
ゆばり	尿	6807
ゆび	指	5175
ゆびおり	指折り	7349
ゆびさき	指先	5986
ゆびさし	指さし	6884
ゆびさし	指差し	6899
ゆびさす	指差す	7398
ゆびさす	指さす	7521
ゆびどおり	指通り	7455
ゆびにんぎょう	指人形	7540
ゆびわ	指輪	5621
ゆふ	ゆふ	7202
ゆふぃ	ユフィ	7544
ゆふいん	湯布院	7359
ゆふいん	由布院	7410
ゆぶね	湯船	6491
ゆぶね	湯舟	7480
ゆぶん	油分	6429
ゆべんとす	ユベントス	7154
ゆま	ゆま	7322
ゆまく	油膜	7236
ゆみ	弓	5860
ゆみ	ゆみ	6581
ゆみ	由美	7075
ゆみ	ユミ	7078
ゆみ	由実	7224
ゆみ	祐実	7427
ゆみ	裕美	7487
ゆみこ	由美子	6808
ゆみこ	ゆみこ	7357
ゆみこ	弓子	7553
ゆみや	弓矢	6911
ゆみる	ユミル	7267
ゆめ	夢	4545
ゆめ	ゆめ	6293
ゆめ	ユメ	7060
ゆめうらない	夢占い	7221
ゆめこ	夢子	7454
ゆめたうん	ゆめタウン	6977
ゆめだ	夢だ	7098
ゆめで	夢で	7101
ゆめな	夢な	7263
ゆめにも	夢にも	7007
ゆめぬし	夢主	7242
ゆめの	夢野	7511
ゆめのまたゆめ	夢のまた夢	7442
ゆめみ	夢見	6238
ゆめみ	夢み	7003
ゆめみる	夢見る	6566
ゆめみる	夢みる	7450
ゆめものがたり	夢物語	7298
ゆもと	湯本	7456
ゆもと	湯元	7518
ゆら	揺ら	6748
ゆら	ゆら	6975
ゆら	由良	7499
ゆらい	由来	5226
ゆらい	揺らい	7069
ゆらぎ	揺らぎ	7055
ゆらぎ	ゆらぎ	7147
ゆらぐ	揺らぐ	7039
ゆらし	揺らし	6574
ゆらす	揺らす	6926
ゆらゆら	ゆらゆら	6598
ゆらり	ゆらり	7533
ゆり	ゆり	6354
ゆり	ユリ	6418
ゆり	百合	6472
ゆり	由利	7307
ゆり	優里	7430
ゆり	友梨	7511
ゆり	友里	7564
ゆりあ	ゆりあ	7418
ゆりあ	ユリア	7466
ゆりうす	ユリウス	7150
ゆりか	ゆりか	7280
ゆりかご	ゆりかご	7100
ゆりかもめ	ゆりかもめ	7136
ゆりこ	百合子	6721
ゆりこ	ゆり子	6981
ゆりこ	由里子	7009
ゆりな	友梨奈	7238
ゆりょう	湯量	7321
ゆる	ゆる	5855
ゆる	緩	6751
ゆる	ユル	7208
ゆるい	緩い	6393
ゆるい	ゆるい	6410
ゆるが	揺るが	7083
ゆるがし	揺るがし	7566
ゆるがす	揺るがす	7058
ゆるきゃ	ゆるきゃ	7503
ゆるぎ	ゆるぎ	7545
ゆるぎない	揺るぎない	7009
ゆるく	ゆるく	6478
ゆるく	緩く	6550
ゆるさ	許さ	5445
ゆるさ	赦さ	7438
ゆるさ	ゆるさ	7469
ゆるし	許し	5670
ゆるし	赦し	7075
ゆるし	ゆるし	7269
ゆるす	許す	6092
ゆるせ	許せ	6179
ゆるせる	許せる	6546
ゆるっ	ゆるっ	6885
ゆるま	緩ま	7339
ゆるみ	緩み	6774
ゆるみ	ゆるみ	7144
ゆるむ	緩む	7010
ゆるめ	緩め	6331
ゆるめ	ゆるめ	6876
ゆるめる	緩める	6734
ゆるめる	ゆるめる	7425
ゆるやか	緩やか	6084
ゆるやか	ゆるやか	6627
ゆるゆる	ゆるゆる	6591
ゆるり	ゆるり	6848
ゆるりと	ゆるりと	7100
ゆるん	緩ん	6527
ゆるん	ゆるん	7358
ゆれ	揺れ	5885
ゆれ	ゆれ	7114
ゆれうごく	揺れ動く	7075
ゆれる	揺れる	6087
ゆれる	ゆれる	7353
ゆわ	いわ	6943
ゆん	ゆん	6735
ゆん	ユン	7150
ゆん	尹	7308
ゆんぎ	ユンギ	7246
ゆんぐ	ユング	7291
ゆんで	左手	6836
ゆんぼ	ユンボ	7555
ゆゔぇんとす	ユヴェントス	7561
ゆーえいいー	UAE	6985
ゆーえすえー	USA	6686
ゆーえすびーめもり	USBメモリ	7273
ゆーえっくす	UX	6487
ゆーかり	ユーカリ	6911
ゆーきゃん	ユーキャン	7472
ゆーくりっど	ユークリッド	7507
ゆーぐれな	ユーグレナ	7391
ゆーけい	UK	6820
ゆーご	ユーゴ	7410
ゆーごすらびあ	ユーゴスラビア	7461
ゆーざ	ユーザ	5271
ゆーざびりてぃ	ユーザビリティ	7165
ゆーざー	ユーザー	4618
ゆーざーあかうんと	ユーザーアカウント	7285
ゆーざーいんたーふぇーす	ユーザーインターフェース	7263
ゆーざーえくすぺりえんす	ユーザーエクスペリエンス	7221
ゆーざーえーじぇんと	ユーザーエージェント	7507
ゆーざーとうろく	ユーザー登録	7489
ゆーざーふれんどりー	ユーザーフレンドリー	7338
ゆーす	ユース	5914
ゆーすけ	ユースケ	7564
ゆーすけーす	ユースケース	7277
ゆーずど	ユーズド	7184
ゆーたーん	Uターン	6525
ゆーちゅーばー	ユーチューバー	6640
ゆーちゅーぶ	ユーチューブ	6731
ゆーてぃりてぃ	ユーティリティ	6509
ゆーてぃりてぃー	ユーティリティー	7435
ゆーとぴあ	ユートピア	7049
ゆーふぉにあむ	ユーフォニアム	7244
ゆーふぉー	UFO	6384
ゆーみん	ユーミン	7073
ゆーもあ	ユーモア	6160
ゆーもらす	ユーモラス	6807
ゆーらしあ	ユーラシア	6979
ゆーり	ユーリ	6860
ゆーりんちー	油淋鶏	7396
ゆーろ	ユーロ	5973
ょ	ょ	5256
よ	よ	3323
よ	夜	4969
よ	良	5030
よ	世	5623
よ	余	6543
よ	予	6581
よ	ヨ	6605
よあけ	夜明け	6219
よあけまえ	夜明け前	7401
よあそび	夜遊び	7173
よい	良い	4130
よい	よい	4932
よい	酔い	6592
よい	宵	6739
よい	酔	7044
よい	好い	7093
よい	善い	7156
よいあくせんと	良いアクセント	7380
よいいみ	良い意味	6661
よいいめーじ	良いイメージ	7535
よいいんしょう	良い印象	7202
よいえいきょう	良い影響	7015
よいおと	良い音	7289
よいおとし	良いお年	7143
よいおとし	よいお年	7422
よいおもいで	良い思い出	7033
よいかいしゃ	良い会社	7448
よいかおり	良い香り	7305
よいかんきょう	良い環境	7129
よいかんけい	良い関係	7117
よいかんじ	良い感じ	6929
よいきかい	良い機会	6869
よいきかい	よい機会	7457
よいきょく	良い曲	7480
よいくうかん	良い空間	7382
よいくちこみ	良い口コミ	7227
よいけいけん	良い経験	7054
よいけっか	良い結果	6807
よいこ	良い子	6995
よいこうか	良い効果	7510
よいさいず	良いサイズ	7231
よいさくひん	良い作品	7339
よいさーびす	良いサービス	7118
よいさーびす	よいサービス	7536
よいしげき	良い刺激	7491
よいしごと	良い仕事	7212
よいしゃしん	良い写真	7455
よいしょ	よいしょ	7369
よいしょうひん	良い商品	7055
よいしょくじ	良い食事	7330
よいしれ	酔いしれ	7170
よいじかん	良い時間	7214
よいじょうたい	良い状態	6905
よいすたーと	良いスタート	7521
よいせいせき	良い成績	7558
よいそう	良いそう	7372
よいたいみんぐ	良いタイミング	7437
よいち	余市	7344
よいち	世一	7362
よいてんき	良い天気	7216
よいとこ	良いとこ	7380
よいどめ	酔い止め	7522
よいばあい	良い場合	7361
よいばしょ	良い場所	6715
よいばしょ	よい場所	7281
よいひと	良い人	6880
よいひょうか	良い評価	7520
よいふんいき	良い雰囲気	7154
よいぶぶん	良い部分	7466
よいほうこう	良い方向	6925
よいほうほう	良い方法	6932
よいみらい	良い未来	7499
よいん	余韻	6107
よぅ	よぅ	7013
よう	よう	3042
よう	用	4423
よう	様	4735
よう	要	5451
よう	陽	6015
よう	洋	6303
よう	養	6584
よう	耀	6700
ようい	用意	4560
ようい	容易	5408
よういおん	陽イオン	7522
よういく	養育	6146
よういくひ	養育費	6840
よういち	陽一	6939
よういち	洋一	7000
よういん	要因	5245
よういん	要員	6266
ようえき	溶液	6300
ようえん	妖艶	6835
ようか	8日	5388
ようか	八日	7472
ようかい	妖怪	5653
ようかい	溶解	6338
ようかいうぉっち	妖怪ウォッチ	7226
ようかくにん	要確認	7260
ようかん	羊羹	6596
ようかん	洋館	6749
ようかん	ようかん	6902
ようが	洋画	6562
ようがく	洋楽	6469
ようがし	洋菓子	6361
ようがん	溶岩	6424
ようき	容器	5392
ようき	陽気	6113
ようきひ	楊貴妃	7360
ようきゅう	要求	5190
ようきょく	陽極	7354
ようぎ	容疑	6049
ようぎしゃ	容疑者	6005
ようぎょ	幼魚	7058
ようぎょう	窯業	7324
ようぐ	用具	6223
ようけい	養鶏	6996
ようけつ	溶血	7400
ようけん	要件	5407
ようけん	用件	6767
ようけんていぎ	要件定義	7341
ようげ	洋ゲ	7554
ようこ	陽子	6663
ようこ	洋子	6767
ようこ	ようこ	7001
ようこ	葉子	7077
ようこ	よう子	7220
ようこう	要項	6204
ようこう	要綱	6393
ようこう	陽光	6947
ようこそ	ようこそ	5988
ようご	用語	5530
ようご	擁護	6096
ようご	養護	6115
ようごきょうゆ	養護教諭	7399
ようごしゅう	用語集	6967
ようごじてん	用語辞典	7558
ようさい	要塞	6305
ようさい	洋裁	7087
ようさん	葉酸	6808
ようさん	養蚕	7080
ようざい	溶剤	6462
ようし	用紙	5612
ようし	容姿	5982
ようし	要し	6184
ようし	養子	6214
ようし	要旨	6708
ようし	陽子	6787
ようし	擁し	6948
ようしえんぐみ	養子縁組	7345
ようしき	様式	5534
ようしき	洋式	6897
ようしつ	洋室	6725
ようしゃ	容赦	5804
ようしゃなく	容赦なく	6620
ようしゅ	洋酒	7067
ようしゅつ	溶出	7124
ようしょ	要所	6741
ようしょ	洋書	7121
ようしょう	幼少	5801
ようしょう	要衝	7107
ようしょうき	幼少期	6232
ようしょうじ	幼少時	7443
ようしょく	養殖	6140
ようしょく	洋食	6177
ようしょく	要職	7202
ようじ	幼児	5654
ようじ	用事	6009
ようじ	楊枝	7324
ようじ	ようじ	7401
ようじ	洋次	7545
ようじき	幼児期	7129
ようじきょういく	幼児教育	7466
ようじゅつ	妖術	7409
ようじょ	幼女	6767
ようじょ	養女	7264
ようじょう	養生	6305
ようじょう	洋上	6748
ようじん	用心	6753
ようじん	要人	7034
ようじんぼう	用心棒	7157
ようす	様子	4532
ようす	ようす	6471
ようすい	用水	6414
ようすい	羊水	7233
ようすい	陽水	7363
ようすい	揚水	7398
ようすいろ	用水路	6862
ようすけ	洋介	6828
ようすけ	陽介	6920
ようすみ	様子見	6414
ようする	要する	5838
ようする	擁する	6781
ようするに	要するに	5929
ようするに	ようするに	7123
ようすをみ	様子を見	6236
ようすをみる	様子を見る	6842
ようせい	要請	5626
ようせい	養成	5797
ようせい	妖精	5918
ようせい	陽性	6061
ようせい	幼生	7291
ようせき	容積	6672
ようせつ	溶接	5867
ようそ	要素	4751
ようそう	様相	6470
ようそう	洋装	7103
ようそうだん	要相談	7159
ようぞん	溶存	7505
ようた	陽太	7389
ようたい	幼体	7354
ようだ	山田	6914
ようだい	容態	7322
ようだい	容体	7503
ようち	用地	6399
ようち	幼稚	6594
ようちぇっく	要チェック	6367
ようちえん	幼稚園	5309
ようちえんじ	幼稚園児	7150
ようちゃく	溶着	7465
ようちゅう	幼虫	5982
ようちゅうい	要注意	6017
ようちゅうもく	要注目	7439
ようちょう	幼鳥	7117
ようつい	腰椎	6664
ようつう	腰痛	5798
ようていざん	羊蹄山	7365
ようてん	要点	6437
ようと	用途	5274
ようとう	妖刀	7532
ようとん	養豚	7204
ようど	用土	7044
ような	様な	6845
ようなし	洋梨	6938
ようにく	羊肉	7177
ようにん	容認	6517
ようねん	幼年	7041
ようは	要は	5995
ようは	ようは	7081
ようはい	遥拝	7549
ようばい	溶媒	6642
ようひん	用品	5437
ようび	曜日	5941
ようふ	養父	7291
ようふう	洋風	6435
ようふく	洋服	5487
ようぶ	腰部	6996
ようぶん	養分	6738
ようへい	傭兵	6457
ようへい	洋平	6897
ようへい	葉柄	7235
ようへい	陽平	7319
ようへき	擁壁	6875
ようほ	幼保	7249
ようほう	用法	6440
ようほう	養蜂	6923
ようぼう	要望	5175
ようぼう	容貌	7006
ようぼうしょ	要望書	7418
ようま	妖魔	7134
ようみゃく	葉脈	7226
ようみょう	幼名	7560
ようむいん	用務員	7459
ようもう	羊毛	6640
ようやく	ようやく	5209
ようやく	要約	6063
ようやく	漸く	6889
ようやっと	ようやっと	7296
ようゆう	溶融	6742
ようよやく	要予約	6944
ようりく	揚陸	7440
ようりつ	擁立	7044
ようりょう	容量	5257
ようりょう	要領	5947
ようりょう	用量	6419
ようりょく	揚力	7378
ようりょくたい	葉緑体	7552
ようれい	用例	6976
ようれんきん	溶連菌	7507
ようろう	養老	7040
よぉ	よぉ	5995
よお	よお	7005
よか	よか	6609
よか	余暇	6899
よかぜ	夜風	7245
よかっ	良かっ	4606
よかっ	よかっ	5077
よかった	良かった	4790
よかった	よかった	5231
よから	よから	6907
よから	良から	6907
よかれ	よかれ	6907
よかれ	良かれ	6907
よかろ	よかろ	6907
よかろ	良かろ	6907
よかん	予感	5796
よが	ヨガ	5554
よき	良き	5862
よき	予期	6249
よき	よき	6505
よき	善き	7388
よきゃ	よきゃ	6907
よきゃ	良きゃ	6907
よきょう	余興	6862
よきん	預金	5981
よぎっ	よぎっ	7015
よぎなく	余儀なく	7496
よぎなくされ	余儀なくされ	6383
よぎなくされる	余儀なくされる	7087
よぎり	よぎり	7141
よぎる	よぎる	7047
よぎれ	過ぎれ	7259
よく	よく	4056
よく	良く	4471
よく	欲	5850
よく	翌	5927
よく	翼	6114
よく	浴	6288
よくあさ	翌朝	6153
よくあつ	抑圧	6582
よくうつ	抑うつ	7061
よくげつ	翌月	6396
よくし	抑止	6440
よくしつ	浴室	6002
よくしゅう	翌週	6779
よくしりょく	抑止力	7497
よくじつ	翌日	5261
よくじょう	浴場	6008
よくせい	抑制	5511
よくそう	浴槽	6168
よくちょう	翌朝	7319
よくとし	翌年	6031
よくねん	翌年	6358
よくばっ	欲張っ	7228
よくばり	欲張り	7078
よくばり	よくばり	7398
よくぼう	欲望	6100
よくも	よくも	6907
よくよう	抑揚	7002
よくよくじつ	翌々日	7086
よくりゅう	抑留	7285
よけ	避け	5650
よけ	よけ	6791
よけ	除け	7145
よけい	余計	5519
よけい	よけい	7505
よけりゃ	よけりゃ	6907
よけりゃ	良けりゃ	6907
よける	避ける	5876
よけれ	良けれ	6009
よけれ	よけれ	6275
よけん	予見	6858
よげん	予言	6315
よげん	預言	6541
よげんしゃ	預言者	7403
よこ	横	4834
よこ	ヨコ	6600
よこあな	横穴	7104
よこい	横井	7051
よこう	予行	6958
よこお	横尾	6962
よこかわ	横川	7343
よこがお	横顔	6414
よこがき	横書き	7118
よこがた	横型	7353
よこぎっ	横切っ	7024
よこぎり	横切り	7422
よこぎる	横切る	6962
よこく	予告	5451
よこくへん	予告編	6422
よこしま	邪	6523
よこじく	横軸	6919
よこす	よこす	7355
よこすか	横須賀	6099
よこすかし	横須賀市	7506
よこすかせん	横須賀線	7210
よこすべり	横滑り	7432
よこせ	よこせ	7333
よこた	横田	6653
よこたわっ	横たわっ	6848
よこたわる	横たわる	7014
よこだ	横だ	7472
よこちょう	横丁	6503
よこづけ	横付け	7518
よこづな	横綱	6458
よこて	横手	7297
よこどり	横取り	6994
よこなが	横長	6866
よこながし	横流し	7512
よこならび	横並び	6806
よこになっ	横になっ	6536
よこになり	横になり	7121
よこになる	横になる	7029
よこはば	横幅	6420
よこはま	横浜	5026
よこはま	ヨコハマ	6933
よこはま	横濱	7392
よこはまえき	横浜駅	7157
よこはまえふしー	横浜FC	7222
よこはまこくりつだいがく	横浜国立大学	7411
よこはまし	横浜市	6658
よこはましない	横浜市内	7562
よこはますたじあむ	横浜スタジアム	7314
よこはません	横浜線	7220
よこはまちゅうかがい	横浜中華街	7205
よこばい	横ばい	6841
よこほうこう	横方向	7045
よこぼう	横棒	7524
よこみぞ	横溝	7303
よこむき	横向き	6500
よこめ	横目	6598
よこもじ	横文字	7419
よこやま	横山	6124
よこやり	横槍	7534
よご	予後	6624
よごさ	汚さ	7070
よごし	汚し	6542
よごす	汚す	7323
よごれ	汚れ	5309
よごれ	ヨゴレ	7150
よごれ	よごれ	7241
よごれる	汚れる	6698
よさ	良さ	5309
よさ	よさ	6175
よさげ	良さげ	6727
よさこい	よさこい	6598
よさそう	よさそう	7491
よさの	与謝野	7154
よさん	予算	5180
よさんてき	予算的	7471
よさんない	予算内	7159
よざい	余罪	7515
よざくら	夜桜	6846
よし	よし	5797
よし	良し	5833
よし	美	6129
よし	ヨシ	6419
よし	良	6520
よし	吉	6646
よし	義	6694
よし	由	6914
よしあき	義明	7414
よしあし	良し悪し	6530
よしあし	善し悪し	7382
よしい	吉井	6801
よしお	よしお	7093
よしお	芳雄	7389
よしお	義雄	7486
よしおか	吉岡	6340
よしかわ	吉川	6559
よしき	よしき	7558
よしこ	よしこ	7089
よしこ	佳子	7119
よしこ	嘉子	7540
よしこ	美子	7549
よしさだ	義貞	7438
よしさわ	吉沢	7187
よしざわ	吉沢	6942
よしざわ	吉澤	7131
よした	吉田	6360
よしたか	吉高	7127
よしたけ	義勇	7075
よしだ	吉田	5699
よしだ	ヨシダ	7545
よしだよう	吉田羊	7407
よしちか	義親	7529
よしっ	よしっ	7499
よしつね	義経	6742
よしとき	義時	7195
よしなが	吉永	6894
よしね	芳根	7287
よしの	吉野	6530
よしの	佳乃	7362
よしの	よしの	7398
よしのがわ	吉野川	7378
よしのぶ	由伸	6937
よしのぶ	慶喜	7134
よしのや	吉野家	6689
よしのり	よしのり	7465
よしのり	美紀	7485
よしはら	吉原	7115
よしひこ	佳彦	7461
よしひろ	義弘	7303
よしひろ	よしひろ	7504
よしほ	美穂	7330
よしまさ	芳正	7486
よしみ	嘉	7290
よしみ	款	7327
よしみ	よしみ	7421
よしみ	喜	7506
よしみ	義実	7543
よしむね	吉宗	7509
よしむら	吉村	6328
よしむら	ヨシムラ	7535
よしもと	吉本	6672
よしもと	よしもと	6781
よしもと	義元	7420
よしもとこうぎょう	吉本興業	6855
よしゅあ	ヨシュア	7475
よしゅう	予習	6286
よしよし	よしよし	7312
よしわら	吉原	7138
よしん	与信	6964
よしん	余震	7058
よしん	予診	7534
よじじゅくご	四字熟語	6881
よじのぼっ	よじ登っ	7475
よじょう	余剰	6510
よじょうはん	四畳半	7449
よす	よす	7401
よすが	縁	6183
よすみ	四隅	6809
よせ	寄せ	5538
よせ	寄席	7037
よせ	よせ	7125
よせあつめ	寄せ集め	7295
よせい	余生	7135
よせがき	寄せ書き	7101
よせつけ	寄せ付け	7056
よせふ	ヨセフ	7287
よせる	寄せる	6418
よせん	予選	5404
よせんりーぐ	予選リーグ	7367
よそ	よそ	6274
よそ	他所	6796
よそう	予想	4824
よそうがい	予想外	6679
よそうどおり	予想通り	7473
よそおい	装い	6469
よそおう	装う	7098
よそおっ	装っ	6564
よそく	予測	5259
よそくふかのう	予測不可能	7384
よそくふのう	予測不能	7428
よそっ	よそっ	7502
よそみ	よそ見	7405
よそもの	よそ者	7321
よぞら	夜空	6167
よたく	預託	6888
よだ	与田	7067
よだれ	よだれ	6842
よだれ	ヨダレ	7346
よだん	余談	5922
よだん	予断	7280
よち	余地	5975
よち	予知	6571
よちょう	予兆	6713
よちょきん	預貯金	6938
よちよち	よちよち	7369
よっ	よっ	3969
よっ	寄っ	5647
よっ	酔っ	6253
よっ	依っ	7403
よっか	4日	6487
よっか	四日	7274
よっかいち	四日市	6426
よっきゅう	欲求	5903
よっしゃ	よっしゃ	6882
よっしー	ヨッシー	7118
よっつ	4つ	5244
よっつ	四つ	6233
よっつつ	4つつ	6947
よっつめ	4つ目	6901
よって	よって	5504
よっていれば	よっていれば	7287
よってほしい	よってほしい	6746
よってほしい	よって欲しい	6985
よっと	ヨット	6465
よっぱらい	酔っ払い	6770
よっぱらっ	酔っ払っ	6780
よっぱらっ	酔っぱらっ	7139
よっぽど	よっぽど	6112
よつかいどう	四街道	7458
よつかど	四角	7060
よつば	四葉	7132
よつば	よつ葉	7499
よつばのくろーばー	四つ葉のクローバー	7539
よつや	四谷	6752
よつゆ	夜露	7554
よつんばい	四つん這い	7469
よてい	予定	4273
よていどおり	予定通り	7214
よていび	予定日	7171
よとう	与党	6477
よど	淀	7248
よどおし	夜通し	7348
よどかわ	淀川	7502
よどがわ	淀川	7135
よどばし	ヨドバシ	7072
よどばしかめら	ヨドバシカメラ	7011
よどやばし	淀屋橋	7330
よな	ヨナ	7288
よなか	夜中	5948
よなが	夜長	7134
よなき	夜泣き	6909
よなぐにじま	与那国島	7516
よなこ	米子	7377
よなご	米子	7000
よなよな	夜な夜な	6909
よに	世に	6426
よにげ	夜逃げ	7403
よにも	世にも	6976
よね	よね	7241
よね	ヨネ	7540
よねくら	米倉	7052
よねこ	米子	7319
よねさわ	米沢	7494
よねざわ	米沢	7221
よねっくす	ヨネックス	7472
よねつ	予熱	6680
よねつ	余熱	6861
よねづけんし	米津玄師	7005
よねやま	米山	7363
よねん	余念	7152
よのなか	世の中	5255
よは	余波	7140
よはく	余白	6299
よはね	ヨハネ	6625
よはん	ヨハン	7348
よば	呼ば	4658
よば	よば	6496
よばわり	呼ばわり	6812
よび	呼び	5442
よび	予備	5807
よび	よび	7226
よびおこし	呼び起こし	7176
よびおこす	呼び起こす	7177
よびかけ	呼びかけ	5824
よびかけ	呼び掛け	6577
よびかける	呼びかける	6554
よびかける	呼び掛ける	7200
よびぐん	予備軍	6955
よびこう	予備校	6150
よびこみ	呼び込み	6990
よびこむ	呼び込む	6888
よびこん	呼び込ん	7311
よびごえ	呼び声	7038
よびさます	呼び覚ます	7552
よびすて	呼び捨て	6880
よびださ	呼び出さ	6358
よびだし	呼び出し	6071
よびだし	呼出	7373
よびだす	呼び出す	6399
よびだせる	呼び出せる	7399
よびちしき	予備知識	7448
よびとめ	呼び止め	7452
よびな	呼び名	6406
よびもどし	呼び戻し	7460
よびよせ	呼び寄せ	7001
よびよせる	呼び寄せる	7297
よふかし	夜ふかし	7353
よふかし	夜更かし	7400
よふけ	夜更け	7493
よぶ	呼ぶ	5376
よぶ	よぶ	7283
よぶん	余分	6016
よべ	呼べ	6995
よべる	呼べる	6412
よほう	予報	5781
よほど	よほど	6093
よほど	余程	6546
よぼ	呼ぼ	7195
よぼう	予防	5005
よぼう	呼ぼう	7203
よぼうさく	予防策	7301
よぼうせっしゅ	予防接種	6813
よぼうほう	予防法	7465
よま	読ま	5616
よま	詠ま	7119
よみ	読み	4773
よみ	よみ	6618
よみ	詠み	7174
よみ	黄泉	7199
よみ	ヨミ	7355
よみあげ	読み上げ	6494
よみあげる	読み上げる	7114
よみうり	読売	6429
よみうり	よみうり	7466
よみうりしんぶん	読売新聞	6663
よみうりらんど	よみうりランド	7321
よみかえ	読み替え	7003
よみかえし	読み返し	6424
よみかえす	読み返す	7014
よみかえる	読み替える	7333
よみかき	読み書き	6561
よみかた	読み方	5740
よみがえっ	蘇っ	6661
よみがえっ	よみがえっ	7100
よみがえっ	甦っ	7484
よみがえら	蘇ら	6870
よみがえら	よみがえら	7358
よみがえり	蘇り	6893
よみがえり	よみがえり	7202
よみがえる	蘇る	6688
よみがえる	よみがえる	7024
よみがえる	甦る	7332
よみきかせ	読み聞かせ	6193
よみきり	読み切り	7311
よみきり	読切	7435
よみこま	読み込ま	6627
よみこみ	読み込み	6203
よみこみ	読込	7406
よみこむ	読み込む	6407
よみこめ	読み込め	7463
よみこん	読み込ん	6384
よみごたえ	読み応え	6950
よみせ	夜店	7324
よみだし	読み出し	7334
よみち	夜道	7015
よみづらい	読みづらい	7198
よみて	読み手	6676
よみで	読みで	7211
よみとい	読み解い	7193
よみとき	読み解き	7056
よみとく	読み解く	6553
よみとっ	読み取っ	6654
よみとばし	読み飛ばし	7211
よみとら	読み取ら	7357
よみとり	読み取り	6299
よみとる	読み取る	6370
よみとれ	読み取れ	6979
よみとれる	読み取れる	6815
よみなおし	読み直し	6952
よみにくい	読みにくい	6856
よみにくく	読みにくく	7529
よみほうだい	読み放題	7256
よみもの	読み物	6829
よみやす	読みやす	7259
よみやすい	読みやすい	6421
よみやすく	読みやすく	6687
よむ	読む	4812
よむ	詠む	7294
よむ	よむ	7329
よめ	嫁	5480
よめ	読め	5914
よめ	ヨメ	7360
よめ	よめ	7446
よめい	余命	6600
よめいり	嫁入り	7206
よめさん	嫁さん	6109
よめしゅうとめ	嫁姑	7473
よめる	読める	5822
よも	読も	6712
よも	四方	6875
よも	よも	7521
よもう	読もう	6714
よもぎ	よもぎ	6409
よもぎ	ヨモギ	7052
よもぎ	蓬	7376
よもぎむし	よもぎ蒸し	7451
よもや	よもや	7398
よやく	予約	4352
よやくうけつけ	予約受付	7301
よやくうけつけちゅう	予約受付中	7374
よやくかいし	予約開始	7300
よやくかのう	予約可能	7174
よやくしょうひん	予約商品	7195
よやくじ	予約時	7021
よやくじかん	予約時間	7360
よやくじょうきょう	予約状況	7356
よやくせい	予約制	6594
よやくはんばい	予約販売	7523
よやくふよう	予約不要	7243
よやくほうほう	予約方法	7398
よやとう	与野党	7192
よゆう	余裕	5011
よよぎ	代々木	6983
よよぎうえはら	代々木上原	7351
よよぎこうえん	代々木公園	7113
よら	よら	6235
よら	寄ら	6827
より	より	3641
より	寄り	5768
より	依	6606
より	依り	7190
より	ヨリ	7303
より	撚り	7340
よりい	寄居	7560
よりかかっ	寄りかかっ	7441
よりけり	よりけり	7166
よりじぶん	より自分	7484
よりそい	寄り添い	6143
よりそう	寄り添う	6100
よりそえる	寄り添える	7038
よりそっ	寄り添っ	6000
よりとも	頼朝	6415
よりどころ	拠り所	6955
よりどころ	よりどころ	7390
よりによって	よりによって	7082
よりは	よりは	5243
よりみち	寄り道	6364
よりも	よりも	4358
よりゃ	よりゃ	6907
よりょく	余力	6756
よりよい	よりよい	6328
よりよく	より良く	7224
よる	よる	3909
よる	夜	4809
よる	寄る	6502
よる	依る	7240
よるがた	夜型	7372
よるしか	ヨルシカ	7525
よるだ	夜だ	7386
よるだん	ヨルダン	6989
よるな	夜な	7564
よるになっ	夜になっ	6555
よるになり	夜になり	7095
よるになる	夜になる	6340
よるのぶ	夜の部	7156
よるのまち	夜の街	7312
よれ	よれ	5636
よれ	寄れ	7557
よれよれ	ヨレヨレ	7408
よれる	寄れる	7379
よろ	よろ	6890
よろい	鎧	6004
よろい	よろい	7132
よろけ	よろけ	7223
よろこば	喜ば	5805
よろこばしい	喜ばしい	6768
よろこび	喜び	5457
よろこび	よろこび	6968
よろこび	歓び	7456
よろこび	歓	7556
よろこびそう	喜びそう	7144
よろこぶ	喜ぶ	5756
よろこぶ	よろこぶ	7456
よろこべ	喜べ	7361
よろこべる	喜べる	7433
よろこん	喜ん	5212
よろこん	よろこん	7225
よろし	よろし	7194
よろしい	よろしい	5989
よろしい	宜しい	6873
よろしかっ	よろしかっ	6977
よろしく	よろしく	4469
よろしく	宜しく	5185
よろしく	ヨロシク	7105
よろしくね	よろしくね	6681
よろしけれ	よろしけれ	5882
よろしけれ	宜しけれ	6648
よろず	萬	6897
よろず	よろず	6930
よろん	世論	6573
よろんちょうさ	世論調査	7559
よろんとう	与論島	7495
よわ	弱	6312
よわ	酔わ	7227
よわ	夜半	7564
よわい	弱い	5182
よわい	齢	7010
よわいじぶん	弱い自分	7559
よわいたちば	弱い立場	7354
よわいひと	弱い人	6871
よわいぶぶん	弱い部分	7387
よわかっ	弱かっ	6737
よわき	弱気	7029
よわく	弱く	5750
よわさ	弱さ	6737
よわそう	弱そう	7362
よわたり	世渡り	7469
よわっ	弱っ	6272
よわび	弱火	5997
よわまっ	弱まっ	6958
よわまり	弱まり	7176
よわまる	弱まる	7180
よわみ	弱み	6074
よわむし	弱虫	7056
よわむしぺだる	弱虫ペダル	7565
よわめ	弱め	6710
よわめる	弱める	7314
よわよわしい	弱々しい	7350
よわよわしく	弱々しく	7510
よわら	弱ら	7419
よわり	弱り	7273
よわる	弱る	7480
よん	読ん	4593
よん	呼ん	5243
よん	よん	6620
よん	詠ん	6631
よんこままんが	4コマ漫画	6990
よんじゅん	ヨンジュン	7469
よんじょう	四条	7162
よんだぶりゅーでぃー	4WD	6538
よんりん	四輪	7163
よーかどー	ヨーカドー	7474
よーく	よーく	6594
よーく	ヨーク	6904
よーくしゃー	ヨークシャー	7530
よーぐると	ヨーグルト	5716
よーこ	ヨーコ	7076
よーし	よーし	7063
よーど	ヨード	7472
よーよー	ヨーヨー	6849
よーろっぱ	ヨーロッパ	5301
よーろっぱじん	ヨーロッパ人	7558
よーろぴあん	ヨーロピアン	7233
ら	ら	4610
ら	等	6763
ら	ラ	7263
らい	ライ	5931
らい	らい	5941
らい	来	6197
らい	來	6806
らい	頼	7153
らいあん	ライアン	6689
らいいん	来院	5904
らいう	雷雨	6670
らいうん	雷雲	7510
らいおん	ライオン	5977
らいおんず	ライオンズ	6699
らいおんずくらぶ	ライオンズクラブ	7152
らいか	ライカ	6750
らいかん	来館	6236
らいき	来季	6477
らいき	来期	6999
らいきゃく	来客	6371
らいく	ライク	7267
らいげき	雷撃	7105
らいげつ	来月	5752
らいこう	来校	6384
らいこう	来航	7300
らいさん	礼賛	7505
らいざ	ライザ	7175
らいしゃ	来社	6865
らいしゅう	来週	5444
らいしゅう	来襲	7422
らいしゅうまつ	来週末	7294
らいしゅん	来春	6794
らいしょ	来所	7166
らいじつ	来日	7120
らいじょう	来場	5239
らいじょうしゃ	来場者	6561
らいじん	雷神	6886
らいじんぐ	ライジング	7359
らいす	ライス	5833
らいすぺーぱー	ライスペーパー	7536
らいず	ライズ	6815
らいせ	来世	6880
らいせんす	ライセンス	5560
らいぞう	雷蔵	7471
らいた	ライタ	6494
らいたー	ライター	5719
らいだー	ライダー	5709
らいだーす	ライダース	7452
らいち	ライチ	6858
らいちょう	雷鳥	7271
らいちょう	ライチョウ	7557
らいてぃんぐ	ライティング	6253
らいてん	来店	4809
らいでぃんぐ	ライディング	6997
らいでん	雷電	6905
らいでん	ライデン	7402
らいと	ライト	5098
らいとあっぷ	ライトアップ	6071
らいとう	来島	7386
らいとせーばー	ライトセーバー	7418
らいとにんぐ	ライトニング	7183
らいとのべる	ライトノベル	6835
らいとぶるー	ライトブルー	7498
らいど	ライド	6547
らいどしぇあ	ライドシェア	7278
らいなー	ライナー	6052
らいにち	来日	5902
らいにんぐ	ライニング	7007
らいねん	来年	5084
らいねんど	来年度	6230
らいはい	礼拝	6828
らいばる	ライバル	5614
らいばー	ライバー	6412
らいひん	来賓	6504
らいふ	ライフ	5305
らいふいべんと	ライフイベント	7558
らいふさいくる	ライフサイクル	6655
らいふじゃけっと	ライフジャケット	7377
らいふすたいる	ライフスタイル	5692
らいふすてーじ	ライフステージ	7350
らいふはっく	ライフハック	7342
らいふぷらん	ライフプラン	7415
らいふらいん	ライフライン	6911
らいふる	ライフル	6269
らいふわーく	ライフワーク	6769
らいぶ	ライブ	4685
らいぶこまーす	ライブコマース	7505
らいぶはいしん	ライブ配信	6444
らいぶはうす	ライブハウス	6357
らいぶぱふぉーまんす	ライブパフォーマンス	7560
らいぶびゅー	ライブビュー	7483
らいぶびゅーいんぐ	ライブビューイング	7309
らいぶら	天秤座	7022
らいぶらり	ライブラリ	5851
らいぶらりー	ライブラリー	6606
らいぷつぃひ	ライプツィヒ	7432
らいほう	来訪	6365
らいほうしゃ	来訪者	7458
らいむ	ライム	6396
らいむぎ	ライ麦	6933
らいめい	雷鳴	7042
らいら	ライラ	7185
らいらっく	ライラック	7107
らいりー	ライリー	7447
らいれき	来歴	7365
らいん	ライン	4797
らいんあうと	ラインアウト	7491
らいんあっぷ	ラインアップ	6968
らいんなっぷ	ラインナップ	5473
らいんはると	ラインハルト	7167
らいゔ	ライヴ	6119
らう	ラウ	6900
らうす	羅臼	7403
らうる	ラウル	7334
らうんじ	ラウンジ	5789
らうんど	ラウンド	5711
らうんどわん	ラウンドワン	7311
らうーる	ラウール	6986
らお	ラオ	6942
らおう	ラオウ	7333
らおす	ラオス	6511
らかん	羅漢	7197
らかんと	ラカント	7449
らがん	裸眼	7006
らがー	ラガー	7032
らぎー	ラギー	7551
らく	楽	4969
らく	らく	6271
らく	ラク	6297
らく	洛	7036
らく	樂	7332
らくいん	烙印	7032
らくえん	楽園	6255
らくがき	落書き	6151
らくがき	らくがき	6822
らくがき	ラクガキ	7348
らくご	落語	5968
らくごか	落語家	7389
らくさ	落差	6716
らくさつ	落札	5950
らくさつしゃ	落札者	6857
らくさん	酪酸	7516
らくしょう	楽勝	6627
らくじょう	落城	7166
らくす	ラクス	7154
らくせい	落成	7172
らくせき	落石	7000
らくせん	落選	6430
らくそう	楽そう	7489
らくたん	落胆	6699
らくだ	楽だ	6353
らくだ	ラクダ	6873
らくだ	らくだ	7436
らくだい	落第	7414
らくだっ	楽だっ	6981
らくちゃく	落着	7313
らくちん	楽ちん	6505
らくちん	楽チン	7043
らくちん	ラクチン	7405
らくちん	らくちん	7561
らくてん	楽天	5266
らくてんいちば	楽天市場	6565
らくてんかーど	楽天カード	7172
らくてんしょうけん	楽天証券	7386
らくてんとらべる	楽天トラベル	7263
らくてんぶっくす	楽天ブックス	7548
らくてんもばいる	楽天モバイル	7081
らくで	楽で	6494
らくな	楽な	6009
らくなん	洛南	7457
らくに	楽に	7144
らくになっ	楽になっ	7169
らくになり	楽になり	6876
らくになる	楽になる	6986
らくのう	酪農	6555
らくば	落馬	7272
らくま	ラクマ	6944
らくよう	落葉	6913
らくよう	洛陽	7310
らくようじゅ	落葉樹	7366
らくらい	落雷	6642
らくらく	らくらく	6194
らくらく	楽々	6519
らくらく	ラクラク	6911
らくろす	ラクロス	6883
らぐ	ラグ	6210
らぐじゅありー	ラグジュアリー	6221
らぐな	ラグナ	6979
らぐびー	ラグビー	5787
らぐらん	ラグラン	7355
らぐーん	ラグーン	7351
らけっと	ラケット	6229
らげっじすぺーす	ラゲッジスペース	7543
らざにあ	ラザニア	7272
らし	らし	5575
らし	ラシ	6814
らしい	らしい	4467
らしかっ	らしかっ	6907
らしから	らしから	6907
らしかれ	らしかれ	6907
らしかろ	らしかろ	6907
らしき	らしき	6022
らしきゃ	らしきゃ	6907
らしく	らしく	5100
らしけりゃ	らしけりゃ	6907
らしけれ	らしけれ	6907
らしゃ	ラシャ	7353
らしゅう	らしゅう	6909
らしょうもん	羅生門	7466
らしんばん	羅針盤	7172
らじ	ラジ	6776
らじうむ	ラジウム	7557
らじえたー	ラジエター	7181
らじえーたー	ラジエーター	6967
らじお	ラジオ	5192
らじおたいそう	ラジオ体操	7082
らじおどらま	ラジオドラマ	7356
らじおばんぐみ	ラジオ番組	7065
らじかせ	ラジカセ	7214
らじかる	ラジカル	7247
らじこん	ラジコン	6816
らじる	ラジル	7125
らす	ラス	5843
らすかる	ラスカル	7474
らすく	ラスク	6909
らすた	ラスタ	6913
らすたー	ラスター	7316
らすと	ラスト	5321
らすとおーだー	ラストオーダー	7551
らすとしーん	ラストシーン	6705
らすとすぱーと	ラストスパート	6880
らすべがす	ラスベガス	6607
らすぼす	ラスボス	6700
らずぱい	ラズパイ	7325
らずべりー	ラズベリー	6663
らせつ	羅刹	7290
らせん	螺旋	6504
らせん	らせん	6915
らたい	裸体	7397
らたとぅいゆ	ラタトゥイユ	7448
らたん	ラタン	7537
らだー	ラダー	7260
らち	拉致	6387
らち	らち	7476
らちぇっと	ラチェット	7264
らっか	落下	5801
らっかせい	落花生	6759
らっかん	楽観	6518
らっかん	落款	7536
らっかんてき	楽観的	6993
らっかー	ラッカー	6923
らっきょう	らっきょう	7056
らっきー	ラッキー	5800
らっく	ラック	5895
らっくす	ラックス	7463
らっこ	ラッコ	6850
らっしゃい	らっしゃい	6777
らっしゃい	ラッシャイ	6907
らっしゃっ	らっしゃっ	6907
らっしゃら	らっしゃら	6907
らっしゃりゃ	らっしゃりゃ	6907
らっしゃる	らっしゃる	6481
らっしゃれ	らっしゃれ	6907
らっしゃろ	らっしゃろ	6907
らっしゃん	らっしゃん	6907
らっしゅ	ラッシュ	5803
らっしゅあっぷ	ラッシュアップ	7496
らっしー	ラッシー	7394
らっせる	ラッセル	6767
らっち	ラッチ	6900
らっと	ラット	6512
らっぱ	ラッパ	6572
らっぱー	ラッパー	6724
らっぴんぐ	ラッピング	6061
らっぷ	ラップ	5475
らっぷたいむ	ラップタイム	7472
らっぷとっぷ	ラップトップ	7489
らつぃお	ラツィオ	7562
らて	ラテ	6454
らてあーと	ラテアート	7262
らてっくす	ラテックス	7288
らてん	ラテン	6721
らてんあめりか	ラテンアメリカ	7052
らてんご	ラテン語	6612
らでぃっしゅ	ラディッシュ	7282
らでん	螺鈿	7446
らとびあ	ラトビア	7273
らどん	ラドン	7267
らな	ラナ	7407
らのべ	ラノベ	6801
らば	ラバ	6245
らばー	ラバー	6442
らぱん	ラパン	7364
らび	ラビ	7311
らびっと	ラビット	7273
らびりんす	ラビリンス	7428
らぴす	ラピス	7444
らぴすらずり	ラピスラズリ	7390
らぴゅた	ラピュタ	6973
らふ	ラフ	6201
らふぁえる	ラファエル	7153
らふてぃんぐ	ラフティング	7234
らふまにのふ	ラフマニノフ	7335
らぶ	ラブ	5753
らぶこめ	ラブコメ	7239
らぶこーる	ラブコール	7368
らぶしーん	ラブシーン	7444
らぶすとーりー	ラブストーリー	6528
らぶそんぐ	ラブソング	6910
らぶほてる	ラブホテル	7018
らぶらいぶ	ラブライブ	6946
らぶらぶ	ラブラブ	6656
らぶりー	ラブリー	7265
らぶれたー	ラブレター	6901
らぷそでぃ	ラプソディ	7302
らぷらす	ラプラス	7063
らぷんつぇる	ラプンツェル	6902
らへん	らへん	6367
らへん	ら辺	7206
らべりんぐ	ラベリング	7268
らべる	ラベル	5759
らべんだー	ラベンダー	6249
らぼ	ラボ	5931
らま	ラマ	7003
らまだん	ラマダン	7538
らみねーと	ラミネート	6835
らみれす	ラミレス	7411
らみー	ラミー	7544
らむ	ラム	5855
らむしゅ	ラム酒	7152
らむだ	ラムダ	7202
らむね	ラムネ	6617
らめ	ラメ	6193
らもす	ラモス	7540
らら	らら	6488
らら	ララ	6905
ららぽーと	ららぽーと	6506
らりあっと	ラリアット	7342
らりー	ラリー	5859
らるく	ラルク	7527
らるふ	ラルフ	7282
らるふろーれん	ラルフローレン	7556
られ	られ	3677
られつ	羅列	6814
られていれば	られていれば	7510
られよ	られよ	6907
られりゃ	られりゃ	6907
られる	られる	3943
られれ	られれ	6229
られろ	られろ	6907
られん	られん	6907
らん	欄	5097
らん	卵	5349
らん	ラン	5556
らん	LAN	5979
らん	乱	6067
らん	らん	6068
らん	蘭	6102
らん	RUN	7371
らんうぇい	ランウェイ	7250
らんえぼ	ランエボ	7535
らんおう	卵黄	6376
らんかく	乱獲	7209
らんかん	卵管	7163
らんかん	欄干	7207
らんかー	ランカー	7118
らんがく	蘭学	7540
らんきんぐ	ランキング	4968
らんぎり	乱切り	7010
らんく	ランク	5182
らんくあっぷ	ランクアップ	7549
らんくいん	ランクイン	6942
らんくづけ	ランク付け	7486
らんくる	ランクル	6796
らんぐらー	ラングラー	7379
らんけい	卵形	7261
らんげーじ	ランゲージ	7323
らんこうげ	乱高下	7418
らんさむうぇあ	ランサムウェア	6916
らんさー	ランサー	6960
らんさーず	ランサーズ	7292
らんざつ	乱雑	7200
らんし	卵子	6733
らんし	乱視	7097
らんしゃ	乱射	7093
らんじぇりー	ランジェリー	6941
らんす	ランス	6688
らんすう	乱数	6576
らんず	ランズ	7486
らんせい	乱世	7534
らんせん	乱戦	7174
らんそう	卵巣	6445
らんたいむ	ランタイム	7065
らんたん	ランタン	6222
らんだ	乱打	7309
らんだむ	ランダム	5534
らんち	ランチ	5010
らんちせっと	ランチセット	7469
らんちたいむ	ランチタイム	6240
らんちめにゅー	ランチメニュー	6852
らんちゃー	ランチャー	7022
らんちゅう	らんちゅう	7524
らんちょん	ランチョン	7065
らんでぃ	ランディ	7176
らんでぃんぐ	ランディング	7306
らんでぃんぐぺーじ	ランディングページ	7021
らんとう	乱闘	6754
らんど	ランド	5607
らんどすけーぷ	ランドスケープ	7365
らんどせる	ランドセル	6141
らんどまーく	ランドマーク	7110
らんどまーくたわー	ランドマークタワー	7555
らんどりー	ランドリー	6337
らんどろす	ランドロス	7555
らんどろーばー	ランドローバー	7499
らんなー	ランナー	5784
らんにゅう	乱入	6585
らんにんぐ	ランニング	5899
らんにんぐこすと	ランニングコスト	7221
らんはんしゃ	乱反射	7467
らんぱく	卵白	6640
らんぱつ	乱発	7420
らんぶ	乱舞	6360
らんぶん	乱文	7496
らんぷ	ランプ	5593
らんぼう	乱暴	6574
らんぼるぎーに	ランボルギーニ	7096
らんぼー	ランボー	7373
らんぽ	乱歩	6878
らんぽう	卵胞	7130
らんま	欄間	7380
らんまる	蘭丸	7290
らんまん	らんまん	7352
らんまん	爛漫	7404
らんよう	乱用	6681
らんよう	濫用	7097
らんりつ	乱立	6955
らんりゅう	乱流	7373
らゔ	ラヴ	7109
らゔぃっと	ラヴィット	7191
らゔぇる	ラヴェル	7240
らー	ラー	6973
らーじ	ラージ	7387
らーじゃん	ラージャン	7452
らーど	ラード	6915
らーにんぐ	ラーニング	6697
らーま	ラーマ	7404
らーめん	ラーメン	4858
らーめん	らーめん	6177
らーめん	拉麺	7484
らーめんたべ	ラーメン食べ	7323
らーめんてん	ラーメン店	7312
らーめんや	ラーメン屋	6789
らーゆ	ラー油	6481
らーゆ	辣油	7504
り	里	5967
り	理	6167
り	利	6226
り	李	6316
り	リ	6411
りあ	リア	5575
りあ	りあ	6886
りあくしょん	リアクション	5408
りあげ	利上げ	6694
りあこ	リアコ	7531
りあさす	リアサス	7532
りあじゅう	リア充	7040
りあむ	リアム	7331
りありずむ	リアリズム	7118
りありてぃ	リアリティ	6255
りありてぃー	リアリティー	7276
りある	リアル	5292
りあるたいむ	リアルタイム	5542
りあん	リアン	7440
りぃん	リィン	7520
りう	りう	7344
りうっど	リウッド	7497
りうまち	リウマチ	6568
りえ	りえ	6678
りえ	リエ	6786
りえ	理恵	6956
りえき	利益	5240
りえきりつ	利益率	7048
りえこ	理恵子	7485
りえん	離縁	7367
りお	リオ	6305
りお	りお	6669
りお	理央	7211
りお	梨央	7437
りおでじゃねいろ	リオデジャネイロ	6974
りおれうす	リオレウス	7461
りおん	リオン	6981
りおん	りおん	7535
りか	理科	5939
りか	リカ	6560
りか	りか	6756
りか	梨花	7102
りか	里香	7200
りかい	理解	4338
りかいど	理解度	7295
りかいふのう	理解不能	7296
りかいりょく	理解力	7224
りかがくけんきゅうしょ	理化学研究所	7315
りかく	利確	7181
りかだい	理科大	7533
りかちゃん	リカちゃん	7342
りかばり	リカバリ	6407
りかばりー	リカバリー	6940
りかるど	リカルド	7200
りかん	罹患	6527
りが	リガ	7462
りがい	利害	6418
りがいかんけい	利害関係	7391
りがく	理学	6116
りがくぶ	理学部	6813
りがくりょうほうし	理学療法士	6642
りがんど	リガンド	7552
りき	力	4527
りき	りき	7129
りき	リキ	7215
りきがく	力学	6309
りきさく	力作	6787
りきし	力士	6328
りきせつ	力説	7005
りきせん	力戦	7034
りきっど	リキッド	6785
りきてん	力点	7484
りきとう	力投	7379
りきどうざん	力道山	7485
りきみ	力み	7210
りきや	力也	7428
りきゅう	離宮	6977
りきゅう	利休	7080
りきゅーる	リキュール	6728
りきりょう	力量	6581
りきん	力ん	7363
りく	陸	6282
りく	りく	6720
りく	リク	6734
りくうん	陸運	7106
りくえすと	リクエスト	5319
りくかいくう	陸海空	7504
りくがめ	リクガメ	7510
りくぐん	陸軍	6048
りくしる	リクシル	7551
りくじ	陸自	7164
りくじょう	陸上	5544
りくじょうきょうぎ	陸上競技	7191
りくじょうじえいたい	陸上自衛隊	6815
りくじょうぶ	陸上部	7116
りくせん	陸戦	7230
りくぜんたかた	陸前高田	7111
りくそう	陸送	7013
りくち	陸地	6818
りくつ	理屈	6097
りくなび	リクナビ	7230
りくらいにんぐ	リクライニング	6668
りくるーたー	リクルーター	7390
りくるーと	リクルート	6299
りくろ	陸路	7099
りぐ	リグ	6942
りけい	理系	5964
りけん	利権	6744
りけん	理研	7262
りこ	りこ	6716
りこ	利己	6987
りこ	リコ	6993
りこ	莉子	7008
りこ	理子	7521
りこいる	リコイル	7527
りこう	履行	6324
りこう	理工	6792
りこう	利口	7004
りこうがく	理工学	7324
りこうがくぶ	理工学部	6868
りこてき	利己的	7383
りこぴん	リコピン	7342
りこりす	リコリス	7414
りこん	離婚	5216
りこんご	離婚後	7167
りこんちょうてい	離婚調停	7526
りこんとどけ	離婚届	7368
りこー	リコー	7055
りこーだー	リコーダー	6901
りこーる	リコール	6542
りごう	離合	7520
りさ	リサ	6569
りさ	理沙	6708
りさ	りさ	6753
りさ	梨沙	7390
りさ	LiSA	7428
りさ	理佐	7481
りさい	罹災	7492
りさいくる	リサイクル	5532
りさいくるしょっぷ	リサイクルショップ	6986
りさいず	リサイズ	7153
りさいたる	リサイタル	6683
りさげ	利下げ	6755
りさん	離散	6984
りさーち	リサーチ	5876
りざ	リザ	7038
りざると	リザルト	7039
りざーどん	リザードン	7160
りざーぶ	リザーブ	6793
りし	利子	6645
りしゅう	履修	6183
りしょく	離職	6129
りしょくりつ	離職率	7115
りしり	利尻	7221
りじ	理事	5384
りじぇね	リジェネ	7505
りじかい	理事会	6813
りじちょう	理事長	6621
りじゅん	利潤	7389
りす	リス	5915
りす	りす	6625
りすう	理数	7041
りすか	リスカ	7424
りすきりんぐ	リスキリング	6983
りすきー	リスキー	7261
りすく	リスク	4836
りすくへっじ	リスクヘッジ	7350
りすくまねじめんと	リスクマネジメント	7564
りすたーと	リスタート	7032
りすてぃんぐ	リスティング	6954
りすと	リスト	5078
りすとあ	リストア	7017
りすとあっぷ	リストアップ	6695
りすとばんど	リストバンド	7455
りすとら	リストラ	6577
りすなー	リスナー	5862
りすにんぐ	リスニング	6270
りすぺくと	リスペクト	6243
りすぼん	リスボン	7138
りすぽーん	リスポーン	7399
りず	リズ	7055
りず	りず	7544
りずみかる	リズミカル	6887
りずむ	リズム	5376
りせ	リセ	6563
りせ	りせ	7521
りせい	理性	6285
りせいてき	理性的	7300
りせき	離席	7409
りせっと	リセット	5625
りせまら	リセマラ	7435
りせーる	リセール	7156
りぜ	リゼ	7434
りぜろ	リゼロ	7049
りそう	理想	5076
りそうきょう	理想郷	7267
りそうてき	理想的	5984
りそく	利息	6419
りそな	りそな	6919
りそーす	リソース	5556
りぞっと	リゾット	6659
りぞーと	リゾート	5552
りぞーとち	リゾート地	7365
りぞーとほてる	リゾートホテル	7441
りた	利他	7066
りた	リタ	7100
りたい	履帯	7407
りたいあ	リタイア	6553
りたいや	リタイヤ	7290
りたっち	リタッチ	7303
りたーん	リターン	5989
りたーんず	リターンズ	7546
りだいれくと	リダイレクト	6692
りだくしょん	リダクション	7473
りだつ	離脱	5882
りちうむ	リチウム	6306
りちうむいおんでんち	リチウムイオン電池	7354
りちうむいおんばってりー	リチウムイオンバッテリー	7361
りちぎ	律儀	7128
りちゃくりく	離着陸	7065
りちゃーど	リチャード	6519
りっか	立夏	7483
りっか	六花	7485
りっきゃく	立脚	7327
りっきょう	陸橋	7111
りっきょう	立教	7152
りっきょうだいがく	立教大学	6927
りっきー	リッキー	7237
りっく	リック	6510
りっけん	立憲	6334
りっけん	立件	7358
りっけんみんしゅとう	立憲民主党	6691
りっこうほ	立候補	6246
りっこうほしゃ	立候補者	7123
りっこく	立国	7283
りっし	立志	7521
りっしゅう	立秋	7361
りっしゅん	立春	6986
りっしょう	立証	6594
りっしょく	立食	7486
りったい	立体	5479
りったいか	立体化	7355
りったいかん	立体感	6497
りったいてき	立体的	6298
りったー	リッター	6757
りっち	立地	5604
りっち	リッチ	6059
りっちじょうけん	立地条件	7310
りっちもんど	リッチモンド	7506
りっちー	リッチー	7552
りっつ	リッツ	7424
りっと	リット	7246
りっとう	栗東	6974
りっとる	リットル	6119
りっぱ	立派	5457
りっぱ	りっぱ	7284
りっぴんぐ	リッピング	7539
りっぷ	リップ	5803
りっぷく	立腹	7506
りっぷくりーむ	リップクリーム	7462
りっぷすてぃっく	リップスティック	7464
りっぷる	リップル	7271
りっぽう	立法	6725
りっぽう	律法	7013
りっぽう	立方	7507
りっぽうたい	立方体	6952
りっぽうめーとる	立方メートル	7230
りつ	率	4560
りつ	律	6601
りつ	りつ	6863
りつ	立	7018
りつあん	立案	6081
りついーと	リツイート	5518
りつこ	律子	7198
りつぞう	立像	6963
りつだい	立大	7541
りつみん	立民	7327
りつめい	立命	7164
りつめいかん	立命館	7223
りつめいかんだいがく	立命館大学	6843
りつりょう	律令	7320
りてらしー	リテラシー	6678
りてらる	リテラル	7321
りてん	利点	5706
りてーなー	リテーナー	7516
りてーる	リテール	6904
りでぃあ	リディア	7337
りと	リト	7268
りとあにあ	リトアニア	7000
りとう	離島	5738
りとう	離党	7353
りとく	利得	7027
りとみっく	リトミック	6891
りとらい	リトライ	7070
りとりーと	リトリート	7148
りとりーぶ	リトリーブ	7473
りとる	リトル	6227
りどる	リドル	6993
りな	りな	6686
りな	リナ	6858
りな	里奈	6964
りな	里菜	7325
りな	莉奈	7376
りな	梨奈	7504
りにあ	リニア	6458
りにかなっ	理にかなっ	6950
りにゅう	離乳	7408
りにゅうしょく	離乳食	6091
りにゅーある	リニューアル	5427
りにゅーあるおーぷん	リニューアルオープン	7242
りにょう	利尿	6856
りにょうさよう	利尿作用	7560
りにん	離任	7191
りねん	理念	5645
りねん	リネン	6337
りねーむ	リネーム	7424
りの	りの	6600
りの	リノ	7172
りの	梨乃	7492
りの	莉乃	7532
りのべ	リノベ	6943
りのべーしょん	リノベーション	6030
りはつ	理髪	7226
りはびり	リハビリ	5805
りはびりてーしょん	リハビリテーション	6167
りはん	離反	7262
りはーさる	リハーサル	6128
りば	リバ	7541
りばいばる	リバイバル	6803
りばうんど	リバウンド	6359
りばてぃ	リバティ	7113
りばぷーる	リバプール	6761
りばー	リバー	6835
りばーしぶる	リバーシブル	7297
りばーす	リバース	6724
りばーぶ	リバーブ	7198
りびあ	リビア	7171
りびじょん	リビジョン	7363
りびんぐ	リビング	5484
りびんぐるーむ	リビングルーム	7348
りぴ	リピ	6506
りぴーた	リピータ	7476
りぴーたー	リピーター	6225
りぴーと	リピート	5914
りふ	リフ	6885
りふ	利府	7267
りふぁいん	リファイン	7446
りふぁくたりんぐ	リファクタリング	7411
りふぁらる	リファラル	7423
りふぁれんす	リファレンス	6679
りふぃる	リフィル	6971
りふぉーむ	リフォーム	5444
りふじん	理不尽	6162
りふてぃんぐ	リフティング	7200
りふと	リフト	5776
りふとあっぷ	リフトアップ	7009
りふれ	リフレ	7470
りふれいん	リフレイン	7415
りふれくしょん	リフレクション	7292
りふれくそろじー	リフレクソロジー	7466
りふれくたー	リフレクター	7056
りふれっしゅ	リフレッシュ	5756
りぶ	リブ	6262
りぶらんでぃんぐ	リブランディング	7504
りぶーと	リブート	7103
りぷ	リプ	6096
りぷらい	リプライ	6547
りぷらん	リプ欄	7298
りぷれい	リプレイ	6671
りぷれいす	リプレイス	7562
りべっと	リベット	6881
りべらる	リベラル	6885
りべらるあーつ	リベラルアーツ	7473
りべろ	リベロ	7341
りべん	利便	5764
りべんじ	リベンジ	6107
りべんじゃーず	リベンジャーズ	6889
りべんせい	利便性	6277
りぺあ	リペア	6609
りぺいんと	リペイント	7447
りほ	里帆	7040
りほ	りほ	7220
りぼ	リボ	7085
りぼるばー	リボルバー	7170
りぼん	リボン	5579
りぼん	りぼん	6999
りぼーん	リボーン	7501
りぽ	リポ	7292
りぽじとり	リポジトリ	6445
りぽすと	リポスト	6147
りぽーたー	リポーター	6854
りぽーと	リポート	6507
りま	リマ	6463
りまいんだー	リマインダー	7141
りまわり	利回り	6362
りみ	りみ	7403
りみっくす	リミックス	6945
りみったー	リミッター	7126
りみっと	リミット	6788
りみてっど	リミテッド	7058
りむ	リム	5909
りむじん	リムジン	6893
りむる	リムル	6831
りむーばー	リムーバー	7451
りめいく	リメイク	5829
りめいくばん	リメイク版	7372
りめん	裏面	5931
りもこん	リモコン	5896
りもーと	リモート	5531
りもーとわーく	リモートワーク	6404
りゃ	りゃ	6907
りゃく	略	6187
りゃくご	略語	6989
りゃくさ	略さ	7387
りゃくし	略し	6590
りゃくしき	略式	7297
りゃくしょう	略称	6479
りゃくす	略す	7500
りゃくだつ	略奪	6602
りゃくれき	略歴	7074
りゃんめん	両面	7199
りや	リヤ	6424
りや	りや	7191
りやかー	リヤカー	7524
りやく	利益	5768
りやど	リヤド	7546
りゅう	流	5583
りゅう	龍	5725
りゅう	竜	5857
りゅう	りゅう	6168
りゅう	劉	6533
りゅう	瑠	6616
りゅう	リュウ	6672
りゅう	琉	6869
りゅうい	留意	5912
りゅういき	流域	6355
りゅういち	龍一	7092
りゅういち	隆一	7160
りゅういち	竜一	7563
りゅうおう	竜王	6660
りゅうおう	龍王	7531
りゅうか	硫化	6857
りゅうか	流下	7538
りゅうがく	留学	5362
りゅうがくさき	留学先	7370
りゅうがくせい	留学生	5970
りゅうがくちゅう	留学中	7342
りゅうがごとく	龍が如く	6999
りゅうき	隆起	6823
りゅうき	龍騎	7309
りゅうきゅう	琉球	6206
りゅうきゅうだいがく	琉球大学	7473
りゅうぎ	流儀	6880
りゅうぐう	龍宮	7462
りゅうぐう	竜宮	7520
りゅうけつ	流血	6923
りゅうこう	流行	5532
りゅうこうごたいしょう	流行語大賞	7340
りゅうこくだいがく	龍谷大学	7327
りゅうさん	硫酸	6542
りゅうざん	流産	6494
りゅうし	粒子	5838
りゅうしつ	流失	7266
りゅうしゅつ	流出	5916
りゅうじ	リュウジ	7385
りゅうじ	龍二	7532
りゅうじ	隆二	7548
りゅうじ	竜二	7557
りゅうじょう	粒状	7130
りゅうじん	龍神	6678
りゅうじん	竜神	7423
りゅうすい	流水	6559
りゅうせい	流星	6363
りゅうせい	隆盛	7025
りゅうせい	竜星	7443
りゅうせんけい	流線型	7479
りゅうそく	流速	7205
りゅうた	隆太	7337
りゅうた	龍太	7528
りゅうたい	流体	6489
りゅうたろう	龍太郎	7259
りゅうだん	榴弾	7172
りゅうち	留置	6963
りゅうちょう	流暢	6830
りゅうつう	流通	5601
りゅうつうりょう	流通量	7533
りゅうど	粒度	7033
りゅうどう	流動	6214
りゅうどうせい	流動性	7132
りゅうどうてき	流動的	7075
りゅうにゅう	流入	6218
りゅうねん	留年	6616
りゅうのすけ	龍之介	6774
りゅうのすけ	隆之介	7113
りゅうは	流派	6628
りゅうひょう	流氷	6987
りゅうび	劉備	6721
りゅうへい	龍平	7403
りゅうほ	留保	6843
りゅうほう	劉邦	7324
りゅうぼく	流木	6742
りゅうや	竜也	7525
りゅうよう	流用	6144
りゅうりゅう	粒々	7477
りゅうりゅう	隆々	7500
りゅうりょう	流量	6541
りゅうれい	流麗	7176
りゅっく	リュック	6002
りゅっくさっく	リュックサック	7055
りゅーず	リューズ	7101
りゅーと	リュート	7491
りゆう	理由	4379
りゆーす	リユース	6588
りょ	呂	6723
りょう	量	4604
りょう	料	4827
りょう	両	5212
りょう	寮	5652
りょう	りょう	6210
りょう	領	6340
りょう	良	6387
りょう	涼	6523
りょうあし	両足	6441
りょういき	領域	5115
りょういく	療育	6369
りょういち	良一	7264
りょういん	両院	7391
りょううで	両腕	7012
りょうえん	良縁	7103
りょうか	量化	7397
りょうかい	了解	6165
りょうかい	領海	7237
りょうかた	両肩	7037
りょうかん	量感	7340
りょうかん	良寛	7475
りょうが	凌駕	6753
りょうがえ	両替	6451
りょうがわ	両側	6317
りょうがん	両岸	7351
りょうき	猟奇	7119
りょうき	僚機	7470
りょうきゃく	両脚	7331
りょうきょくたん	両極端	7553
りょうきん	料金	4852
りょうきんせってい	料金設定	7438
りょうきんたいけい	料金体系	7331
りょうくう	領空	7333
りょうぐん	両軍	7144
りょうけ	両家	6834
りょうけい	良型	6842
りょうけい	量刑	7516
りょうけん	猟犬	7154
りょうけん	両県	7359
りょうこ	涼子	6574
りょうこ	綾子	7439
りょうこ	良子	7507
りょうこう	良好	5510
りょうこう	両校	7089
りょうごく	両国	6468
りょうごくこくぎかん	両国国技館	7179
りょうさいど	両サイド	6369
りょうさく	良作	7090
りょうさん	量産	5869
りょうさん	両さん	7420
りょうさんがた	量産型	7562
りょうし	量子	6099
りょうし	漁師	6264
りょうし	猟師	7068
りょうし	両氏	7166
りょうしき	良識	6952
りょうしつ	良質	6099
りょうしゃ	両者	5759
りょうしゃ	両社	6421
りょうしゅ	領主	6513
りょうしゅう	領収	6084
りょうしゅうしょ	領収書	6543
りょうしゅうしょう	領収証	7297
りょうしょ	良書	7346
りょうしょう	了承	4721
りょうしりきがく	量子力学	6921
りょうしん	両親	5206
りょうしん	良心	6214
りょうしんてき	良心的	6718
りょうじ	領事	7259
りょうじかん	領事館	7065
りょうじつ	両日	6562
りょうじゅう	猟銃	7412
りょうすけ	涼介	6767
りょうすけ	亮介	7224
りょうすけ	良介	7495
りょうせい	良性	6913
りょうせい	寮生	7040
りょうせい	両性	7264
りょうせいかつ	寮生活	7373
りょうせいるい	両生類	7122
りょうせん	稜線	6380
りょうそく	両側	6631
りょうた	亮太	6804
りょうた	涼太	7013
りょうた	良太	7080
りょうたろう	遼太郎	7069
りょうたろう	良太郎	7338
りょうたん	両端	6356
りょうち	領地	6486
りょうちょう	寮長	7048
りょうちーむ	両チーム	7111
りょうつ	両津	7311
りょうて	両手	5825
りょうてい	料亭	6545
りょうてき	量的	6823
りょうとう	両党	7487
りょうど	領土	6285
りょうどなり	両隣	7206
りょうない	領内	7164
りょうねい	遼寧	7534
りょうはし	両端	7245
りょうはん	量販	6217
りょうはんてん	量販店	7223
りょうひ	寮費	7263
りょうひざ	両膝	7376
りょうひん	良品	5920
りょうびらき	両開き	7467
りょうへい	亮平	6832
りょうへい	良平	7191
りょうへい	猟兵	7290
りょうへいか	両陛下	7468
りょうほう	両方	5069
りょうほう	療法	5272
りょうぼ	陵墓	7549
りょうま	涼真	7120
りょうま	竜馬	7412
りょうみみ	両耳	7240
りょうみん	領民	7353
りょうめ	両目	6915
りょうめ	両眼	7528
りょうめい	両名	7241
りょうめん	両面	5703
りょうめんすくな	両面宿儺	7540
りょうめんてーぷ	両面テープ	6737
りょうゆう	領有	7130
りょうゆうかい	猟友会	7564
りょうよう	療養	5849
りょうよう	両用	6741
りょうよく	両翼	7443
りょうり	料理	4377
りょうりきょうしつ	料理教室	6997
りょうりけんきゅうか	料理研究家	7422
りょうりしゅ	料理酒	7297
りょうりじょうず	料理上手	7356
りょうりじん	料理人	7517
りょうりちょう	料理長	7341
りょうりつ	両立	5627
りょうりにん	料理人	7172
りょうりん	両輪	7105
りょうろん	両論	6514
りょうわき	両脇	6624
りょかく	旅客	6466
りょかくき	旅客機	6862
りょかん	旅館	5641
りょきゃく	旅客	7135
りょく	力	4664
りょくおうしょく	緑黄色	7099
りょくか	緑化	6941
りょくしょく	緑色	6230
りょくち	緑地	6349
りょくちこうえん	緑地公園	7316
りょくちゃ	緑茶	6359
りょくとう	緑豆	7490
りょくないしょう	緑内障	6770
りょけん	旅券	7197
りょこう	旅行	4726
りょこうがいしゃ	旅行会社	7315
りょこうき	旅行記	6615
りょこうさき	旅行先	6879
りょこうしゃ	旅行者	6692
りょこうちゅう	旅行中	6902
りょじょう	旅情	7310
りょだん	旅団	6744
りょっか	緑化	6823
りょてい	旅程	6844
りょひ	旅費	6687
りょふ	呂布	6892
りょーま	リョーマ	7193
りよう	利用	3822
りよう	理容	6678
りようか	利用可	7497
りようかち	利用価値	7429
りようかのう	利用可能	5862
りようきゃく	利用客	7308
りようきやく	利用規約	6017
りようしゃ	利用者	5113
りようじかん	利用時間	7480
りようじょうきょう	利用状況	7391
りようじょうけん	利用条件	7566
りようていし	利用停止	7111
りようていしなど	利用停止等	7141
りようとうろく	利用登録	7259
りようほうほう	利用方法	6928
りようもくてき	利用目的	6429
りようりょう	利用料	7284
りようりょうきん	利用料金	7035
りよん	リヨン	7043
りら	リラ	6820
りら	りら	7082
りらいと	リライト	7066
りらくぜーしょん	リラクゼーション	6460
りらっくす	リラックス	5337
りらっくすかん	リラックス感	7270
りらっくすたいむ	リラックスタイム	7440
りらっくま	リラックマ	7073
りり	りり	6653
りり	リリ	7213
りりあ	リリア	7219
りりあん	リリアン	7479
りりぃ	リリィ	7288
りりいべ	リリイベ	7331
りりかる	リリカル	7455
りりく	離陸	6529
りりしい	凛々しい	7045
りりしく	凛々しく	7385
りりす	リリス	7018
りりっく	リリック	6993
りりつ	利率	6926
りりー	リリー	6417
りりーす	リリース	5125
りりーふ	リリーフ	6742
りれき	履歴	5523
りれきしょ	履歴書	5983
りれきじょうほう	履歴情報	7408
りれー	リレー	5835
りれーしょなる	リレーショナル	7511
りれーしょん	リレーション	7180
りろ	リロ	7541
りろん	理論	5346
りろんじょう	理論上	7220
りろんてき	理論的	6676
りろーど	リロード	6512
りわーど	リワード	7289
りん	りん	5611
りん	輪	5794
りん	林	5948
りん	凛	6159
りん	リン	6201
りん	鈴	6487
りん	臨	6660
りん	凜	6746
りんか	隣家	6998
りんか	リンカ	7394
りんかい	臨海	6615
りんかい	臨界	6948
りんかいせん	りんかい線	7357
りんかく	輪郭	6117
りんかん	林間	6913
りんかん	りんかん	7241
りんかーん	リンカーン	7064
りんがーはっと	リンガーハット	7530
りんきおうへん	臨機応変	6482
りんぎ	稟議	7291
りんぎょう	林業	6347
りんく	リンク	4753
りんくう	りんくう	7311
りんくさき	リンク先	5940
りんくしゅう	リンク集	7032
りんくす	リンクス	7092
りんくふりー	リンクフリー	7413
りんぐ	リング	5038
りんぐじょう	リング上	7514
りんけん	隣県	7482
りんげつ	臨月	7139
りんこ	りんこ	7160
りんこ	凛子	7416
りんこう	臨港	7410
りんご	りんご	5626
りんご	リンゴ	5829
りんご	林檎	6623
りんごく	隣国	6771
りんさん	リン酸	6666
りんざいしゅう	臨済宗	7186
りんしょう	臨床	5493
りんしょう	林床	7564
りんしょうけんきゅう	臨床研究	7431
りんしょうしけん	臨床試験	7039
りんしょうしんりがく	臨床心理学	7497
りんしょうしんりし	臨床心理士	7336
りんしょうてき	臨床的	7373
りんじ	臨時	5542
りんじきゅうぎょう	臨時休業	6768
りんじゅう	臨終	7237
りんじょう	臨場	6306
りんじょうかん	臨場感	6754
りんじん	隣人	6451
りんす	リンス	7002
りんせき	臨席	7315
りんせつ	隣接	5722
りんせん	臨戦	7474
りんたろう	倫太郎	7360
りんだ	リンダ	6953
りんち	リンチ	7063
りんち	隣地	7124
りんつ	リンツ	7465
りんと	凛と	6489
りんどう	林道	5907
りんどう	竜胆	7163
りんどう	リンドウ	7198
りんどう	りんどう	7391
りんね	輪廻	6986
りんね	りんね	7491
りんねてんしょう	輪廻転生	7302
りんぱ	リンパ	6015
りんぱえき	リンパ液	7488
りんぱしゅ	リンパ腫	6984
りんぺん	鱗片	7552
りんり	倫理	5860
りんりがく	倫理学	7371
りんりつ	林立	7363
りんりてき	倫理的	6963
りんりん	リンリン	7428
りゔぁい	リヴァイ	6805
りゔぁぷーる	リヴァプール	7122
りー	リー	5848
りーがー	リーガー	6729
りーく	リーク	6471
りーぐ	リーグ	5085
りーぐせん	リーグ戦	6668
りーぐとっぷ	リーグトップ	7518
りーじょん	リージョン	6738
りーす	リース	6034
りーず	リーズ	7396
りーずなぶる	リーズナブル	5801
りーぜんと	リーゼント	7323
りーだ	リーダ	6082
りーだー	リーダー	5258
りーだーしっぷ	リーダーシップ	6067
りーだーず	リーダーズ	7412
りーち	リーチ	5966
りーでぃんぐ	リーディング	6222
りーと	リート	7106
りーど	リード	5449
りーばいす	リーバイス	7215
りーふ	リーフ	6151
りーふれっと	リーフレット	6532
りーまん	リーマン	6531
りーまんしょっく	リーマン・ショック	7477
りーる	リール	5899
りーん	リーン	7320
る	る	5631
るあー	ルアー	5885
るあーふぃっしんぐ	ルアーフィッシング	7544
るい	類	5022
るい	ルイ	6349
るい	塁	6496
るい	るい	6729
るい	累	7196
るいぎご	類義語	7181
るいけい	累計	5940
るいけい	類型	6651
るいご	類語	6440
るいしん	累進	7536
るいじ	類似	5772
るいじあな	ルイジアナ	7483
るいじひん	類似品	7512
るいじんえん	類人猿	7559
るいす	ルイス	6648
るいすい	類推	7125
るいする	類する	6707
るいせき	累積	6492
るいせん	涙腺	6865
るいだ	塁打	7291
るいぼすてぃー	ルイボスティー	7365
るいん	ルイン	7566
るいゔぃとん	ルイヴィトン	7181
るいーじ	ルイージ	7145
るう	ルウ	7309
るう	るう	7525
るか	るか	6332
るか	ルカ	6365
るきあ	ルキア	7444
るぎあ	ルギア	7377
るくせんぶるく	ルクセンブルク	7319
るけい	流刑	7463
るしあ	ルシア	7240
るしふぁー	ルシファー	6949
るす	留守	6463
るすでん	留守電	6992
るすばん	留守番	6326
るすばんでんわ	留守番電話	7453
るせつ	る説	7368
るそー	ルソー	7516
るたー	ルター	7516
るちあ	ルチア	7545
るっく	ルック	6375
るっくす	ルックス	6226
るっこら	ルッコラ	7294
るっち	ルッチ	7436
るっつ	ルッツ	7554
るつぼ	るつぼ	7534
るてん	流転	7501
るどるふ	ルドルフ	7089
るな	るな	6691
るな	ルナ	6893
るな	瑠奈	7344
るねさんす	ルネサンス	6752
るねっさんす	ルネッサンス	7080
るのわーる	ルノワール	7402
るのー	ルノー	6840
るばーぶ	ルバーブ	7510
るぱん	ルパン	6507
るぱんさんせい	ルパン三世	6949
るび	ルビ	6560
るび	るび	7227
るびぃ	ルビィ	7509
るびー	ルビー	6507
るぴー	ルピー	7367
るふ	流布	6753
るふぃ	ルフィ	6123
るぽ	ルポ	7011
るまん	ルマン	7075
るまん	ル・マン	7199
るみ	ルミ	6806
るみ	るみ	7150
るみ	瑠美	7528
るみこ	留美子	7398
るみね	ルミネ	7095
るめーる	ルメール	7212
るもい	留萌	7365
るり	瑠璃	6918
るり	るり	6923
るり	璃	7059
るりこ	瑠璃子	7476
るる	るる	6438
るる	ルル	6708
るるぶ	るるぶ	7378
るるーしゅ	ルルーシュ	6793
るれ	るれ	6907
るろう	流浪	7233
るろうにけんしん	るろうに剣心	7510
るわんだ	ルワンダ	7101
るんば	ルンバ	6866
るんるん	ルンルン	7049
るんるん	るんるん	7183
るー	ルー	6025
るーかす	ルーカス	6947
るーきー	ルーキー	6455
るーく	ルーク	6704
るーしぃ	ルーシィ	7388
るーしー	ルーシー	6847
るーじゅ	ルージュ	6827
るーす	ルース	6896
るーず	ルーズ	6742
るーずべると	ルーズベルト	7512
るーずりーふ	ルーズリーフ	7523
るーた	ルータ	6423
るーたー	ルーター	6086
るーちん	ルーチン	6748
るーつ	ルーツ	6127
るーてぃん	ルーティン	6489
るーてぃんぐ	ルーティング	6534
るーでうす	ルーデウス	7344
るーと	ルート	5106
るーな	ルーナ	7418
るーばー	ルーバー	7025
るーびっくきゅーぶ	ルービックキューブ	7460
るーふ	ルーフ	6261
るーふぃんぐ	ルーフィング	7544
るーぶる	ルーブル	7362
るーぶるびじゅつかん	ルーブル美術館	7522
るーぷ	ループ	5641
るーぺ	ルーペ	7158
るーまにあ	ルーマニア	6736
るーむ	ルーム	5246
るーむうぇあ	ルームウェア	7463
るーむさーびす	ルームサービス	7316
るーむめいと	ルームメイト	7243
るーめん	ルーメン	7236
るーら	ルーラ	7550
るーらー	ルーラー	7257
るーる	ルール	4917
るーれっと	ルーレット	6594
るーん	ルーン	6566
るーゔる	ルーヴル	7416
れ	れ	2817
れ	レ	6363
れあ	レア	5549
れああいてむ	レアアイテム	7155
れあかーど	レアカード	7404
れあきゃら	レアキャラ	7522
れあけーす	レアケース	7476
れあちーず	レアチーズ	7424
れあちーずけーき	レアチーズケーキ	7237
れあど	レア度	7356
れあめたる	レアメタル	7494
れありてぃ	レアリティ	6655
れある	レアル	7199
れあるまどりー	レアル・マドリー	7409
れい	例	4736
れい	レイ	5636
れい	霊	5813
れい	令	5815
れい	れい	6134
れい	礼	6241
れい	莉	6449
れい	麗	6686
れいあ	レイア	7304
れいあうと	レイアウト	5790
れいあんしょ	冷暗所	7138
れいえん	霊園	6519
れいか	れいか	7493
れいか	麗華	7557
れいかい	例会	6435
れいかい	霊界	7061
れいかん	霊感	6647
れいかん	冷感	6728
れいかん	冷間	7408
れいかーず	レイカーズ	7346
れいがい	例外	5674
れいがいてき	例外的	6852
れいき	冷気	6608
れいき	励起	7020
れいき	レイキ	7092
れいきゃく	冷却	5758
れいきゃくすい	冷却水	7328
れいきゅうしゃ	霊柩車	7559
れいきん	礼金	7298
れいぎ	礼儀	6373
れいぎさほう	礼儀作法	7540
れいぎただしい	礼儀正しい	7084
れいぎただしく	礼儀正しく	7050
れいく	レイク	7360
れいぐう	冷遇	7195
れいげん	霊験	7348
れいこ	玲子	6930
れいこ	麗子	7081
れいこ	礼子	7264
れいこ	れいこ	7307
れいこう	励行	7414
れいこく	冷酷	6946
れいこん	霊魂	7084
れいさい	零細	6964
れいさい	例祭	7157
れいざん	霊山	7425
れいし	霊視	6944
れいし	レイシ	7470
れいしき	零式	7021
れいしゃぶ	冷しゃぶ	7552
れいしゅ	冷酒	7549
れいしょう	冷笑	7519
れいしょう	霊障	7541
れいじ	例示	6896
れいじ	零士	7440
れいじ	レイジ	7497
れいじゅう	霊獣	7424
れいじょう	令嬢	6288
れいじょう	霊場	6713
れいじょう	礼状	7027
れいじょう	令状	7341
れいすい	冷水	6756
れいず	レイズ	7026
れいせい	冷静	5542
れいせい	冷製	6763
れいせいさ	冷静さ	7025
れいせつ	礼節	7298
れいせん	冷戦	6731
れいせん	冷泉	7554
れいそう	礼装	6760
れいぞう	冷蔵	6183
れいぞうこ	冷蔵庫	5327
れいたん	冷淡	7460
れいだ	例だ	7227
れいだい	例題	6875
れいだんぼう	冷暖房	6621
れいだー	レイダー	7222
れいちぇる	レイチェル	7013
れいちょう	霊長	7205
れいてき	霊的	6606
れいてつ	冷徹	7144
れいてんし	レイテンシ	7471
れいてんしー	レイテンシー	7561
れいで	例で	7298
れいとう	冷凍	5263
れいとうこ	冷凍庫	6174
れいとうしょくひん	冷凍食品	6897
れいとうほぞん	冷凍保存	7064
れいとん	レイトン	7559
れいど	レイド	6609
れいど	零度	7387
れいどばとる	レイドバトル	7336
れいどぼす	レイドボス	7509
れいな	玲奈	6893
れいな	麗奈	7158
れいな	れいな	7165
れいな	レイナ	7212
れいな	怜奈	7452
れいねん	例年	5722
れいのうしゃ	霊能者	7010
れいのるず	レイノルズ	7401
れいはい	礼拝	6328
れいばい	冷媒	6828
れいばい	霊媒	7189
れいびょう	霊廟	7341
れいふう	冷風	7105
れいふく	礼服	7274
れいぶん	例文	6005
れいぷ	レイプ	6665
れいほう	霊峰	7420
れいぼう	冷房	6131
れいむ	霊夢	6783
れいめい	黎明	6631
れいめん	冷麺	6630
れいや	レイヤ	6061
れいやー	レイヤー	6144
れいやーど	レイヤード	7461
れいやーどすたいる	レイヤードスタイル	7533
れいら	レイラ	7121
れいりょう	冷涼	7278
れいりょく	霊力	6999
れいりー	レイリー	7502
れいわ	令和	4922
れいん	レイン	6938
れいんうぇあ	レインウェア	7265
れいんかばー	レインカバー	7559
れいんこーと	レインコート	6978
れいんず	レインズ	7509
れいんぼー	レインボー	6254
れいんぼーぶりっじ	レインボーブリッジ	7344
れいゔん	レイヴン	7385
れお	レオ	6373
れお	獅子座	6989
れお	玲王	7113
れお	れお	7150
れお	玲央	7564
れおたーど	レオタード	7262
れおな	レオナ	6714
れおなるど	レオナルド	6896
れおぱ	レオパ	7542
れおぱーど	レオパード	7478
れおん	レオン	6487
れがしぃ	レガシィ	7144
れがしー	レガシー	6731
れき	歴	5569
れき	暦	6414
れき	れき	7325
れきし	歴史	4596
れきしがく	歴史学	7169
れきしじょう	歴史上	7453
れきしてき	歴史的	6134
れきせん	歴戦	7004
れきぜん	歴然	7108
れきだい	歴代	5709
れきにん	歴任	6531
れぎおん	レギオン	7453
れぎゅらー	レギュラー	5652
れぎゅれーしょん	レギュレーション	6827
れぎゅれーた	レギュレータ	7478
れぎゅれーたー	レギュレーター	7294
れぎんす	レギンス	6837
れく	レク	6821
れくいえむ	レクイエム	7087
れくさす	レクサス	6422
れくちゃー	レクチャー	6214
れくりえーしょん	レクリエーション	6404
れくれーしょん	レクレーション	7507
れぐ	レグ	7327
れげえ	レゲエ	6825
れこ	レコ	6946
れこめんど	レコメンド	7219
れこーだー	レコーダー	6212
れこーでぃんぐ	レコーディング	6097
れこーど	レコード	5472
れご	レゴ	6672
れごぶろっく	レゴブロック	7452
れごらんど	レゴランド	7556
れざー	レザー	5720
れしぴ	レシピ	4851
れしぴあり	レシピあり	6944
れしぴぶろぐ	レシピブログ	7262
れしーと	レシート	6214
れしーばー	レシーバー	6846
れしーぶ	レシーブ	6855
れじ	レジ	5634
れじぇんだりー	レジェンダリー	7500
れじぇんど	レジェンド	6284
れじすた	レジスタ	6867
れじすたんす	レジスタンス	6915
れじすと	レジスト	7226
れじすとり	レジストリ	6736
れじでんす	レジデンス	6891
れじぶくろ	レジ袋	7241
れじゃー	レジャー	6051
れじゃーしーと	レジャーシート	7345
れじゅめ	レジュメ	7021
れじりえんす	レジリエンス	7031
れじん	レジン	7097
れじーな	レジーナ	7524
れす	レス	5359
れすきゅー	レスキュー	6622
れすたー	レスター	7213
れすと	レスト	7363
れすとあ	レストア	7059
れすとはうす	レストハウス	7318
れすとらん	レストラン	5052
れすぽんしぶ	レスポンシブ	7323
れすぽんす	レスポンス	6147
れすぽーる	レスポール	7334
れすらー	レスラー	6615
れすりんぐ	レスリング	6429
れずびあん	レズビアン	7228
れせぷしょん	レセプション	6740
れせぷと	レセプト	7089
れたす	レタス	6066
れたっち	レタッチ	7108
れたりんぐ	レタリング	7134
れたー	レター	6114
れたーぱっく	レターパック	7438
れちのーる	レチノール	7065
れっか	劣化	5366
れっか	烈火	7187
れっかー	レッカー	7130
れっき	列記	7437
れっきとした	れっきとした	7126
れっきょ	列挙	6521
れっきょう	列強	7137
れっく	レック	7149
れっくうざ	レックウザ	7370
れっくす	レックス	7055
れっさーぱんだ	レッサーパンダ	7123
れっしゃ	列車	5179
れっしょう	裂傷	7556
れっすん	レッスン	5019
れっず	レッズ	7132
れっせい	劣勢	7002
れっせき	列席	7275
れっつ	レッツ	6973
れっつごー	レッツゴー	7190
れってる	レッテル	6799
れっと	レット	6650
れっとう	列島	6355
れっとう	劣等	6509
れっとうかん	劣等感	6941
れっど	レッド	5487
れっどかーど	レッドカード	7446
れっどかーぺっと	レッドカーペット	7384
れっどぶる	レッドブル	7215
れっぷう	烈風	7546
れつ	列	5455
れつ	烈	7038
れつ	れつ	7359
れつあく	劣悪	6937
れつでん	列伝	7154
れつめ	列目	6783
れていれば	れていれば	6515
れでぃ	レディ	6193
れでぃす	レディス	7099
れでぃー	レディー	7224
れでぃーす	レディース	5893
れとると	レトルト	6413
れとろ	レトロ	6166
れとろかん	レトロ感	7518
れとろげーむ	レトロゲーム	7118
れな	レナ	6812
れな	玲奈	6936
れな	れな	7110
れな	麗奈	7545
れなーど	レナード	7294
れの	れの	7002
ればのん	レバノン	6715
ればれっじ	レバレッジ	6779
ればー	レバー	5741
れぱーとりー	レパートリー	6525
れび	レビ	7296
れびゅあー	レビュアー	7440
れびゅー	レビュー	5042
れふ	レフ	6298
れふぇりー	レフェリー	6981
れふと	レフト	6493
れぶろん	レブロン	7179
れぶんとう	礼文島	7562
れぷりか	レプリカ	6432
れぷりけーしょん	レプリケーション	7098
れべ	レベ	7380
れべっか	レベッカ	7045
れべりんぐ	レベリング	6999
れべる	レベル	4460
れべるあげ	レベル上げ	7289
れべるあっぷ	レベルアップ	5978
れぼりゅーしょん	レボリューション	7458
れぽ	レポ	5996
れぽーたー	レポーター	6899
れぽーと	レポート	5205
れみ	レミ	6792
れみ	れみ	7553
れみぜらぶる	レ・ミゼラブル	7455
れみりあ	レミリア	7380
れむ	レム	6814
れむりあ	レムリア	7563
れもねーど	レモネード	6865
れもん	レモン	5403
れもん	檸檬	7110
れもんかじゅう	レモン果汁	7412
れもんぐらす	レモングラス	7436
れもんさわー	レモンサワー	7137
れもんじる	レモン汁	6696
れもんてぃー	レモンティー	7552
れよ	れよ	6289
れりっく	レリック	7469
れりゃ	れりゃ	6907
れりーふ	レリーフ	6871
れる	れる	3421
れれ	れれ	5744
れろ	れろ	6907
れん	連	5780
れん	レン	5932
れん	れん	6407
れん	蓮	6418
れん	廉	6826
れん	錬	7138
れん	憐	7238
れんあい	恋愛	4989
れんあいうん	恋愛運	7105
れんあいかんけい	恋愛関係	6999
れんあいかんじょう	恋愛感情	6821
れんあいけいけん	恋愛経験	7298
れんあいそうだん	恋愛相談	7216
れんあいたいしょう	恋愛対象	7064
れんか	廉価	6968
れんかん	連関	7397
れんが	レンガ	6043
れんが	煉瓦	6743
れんが	れんが	6992
れんが	連歌	7543
れんきゅう	連休	5498
れんきゅうあけ	連休明け	6972
れんきゅうちゅう	連休中	7119
れんきん	錬金	6730
れんきんじゅつ	錬金術	6403
れんぐす	レングス	6925
れんけい	連携	4907
れんけい	連係	7144
れんけいきょうてい	連携協定	7498
れんけつ	連結	5748
れんげ	レンゲ	6923
れんげ	蓮華	6923
れんげ	れんげ	7185
れんげき	連撃	6704
れんこ	連呼	6622
れんこう	連行	6723
れんこん	れんこん	6551
れんこん	レンコン	6660
れんこん	蓮根	6847
れんごう	連合	5585
れんごう	聯合	7446
れんごうぐん	連合軍	7476
れんごく	煉獄	6491
れんさ	連鎖	6106
れんさい	連載	5324
れんさいちゅう	連載中	6943
れんさく	連作	6800
れんざん	連山	7076
れんしゃ	連射	6451
れんしゃ	連写	6831
れんしゅう	練習	4471
れんしゅうかい	練習会	7275
れんしゅうご	練習後	7293
れんしゅうじあい	練習試合	6599
れんしゅうじかん	練習時間	7312
れんしゅうじょう	練習場	7084
れんしゅうせい	練習生	7385
れんしゅうちゅう	練習中	6978
れんしゅうのせいか	練習の成果	7018
れんしゅうほうほう	練習方法	7204
れんしゅうりょう	練習量	7405
れんしょう	連勝	5954
れんじ	レンジ	5354
れんじつ	連日	5939
れんじゃーず	レンジャーズ	7448
れんず	レンズ	5132
れんせい	錬成	6707
れんせん	連戦	6399
れんそう	連想	5920
れんそう	連装	7166
れんぞく	連続	4873
れんぞくこうげき	連続攻撃	7485
れんぞくせい	連続性	7560
れんぞくてき	連続的	6939
れんぞくてれびしょうせつ	連続テレビ小説	7082
れんぞくどらま	連続ドラマ	7412
れんたい	連帯	6251
れんたい	連隊	6686
れんたい	連体	7299
れんたい	連対	7392
れんたいほしょうにん	連帯保証人	7511
れんたかー	レンタカー	6032
れんたさいくる	レンタサイクル	6986
れんたる	レンタル	5507
れんたん	連単	7237
れんだ	連打	6054
れんだりんぐ	レンダリング	6458
れんだん	連弾	7156
れんち	レンチ	6533
れんちゃん	連チャン	6879
れんちゃん	連荘	7539
れんちゅう	連中	5973
れんちん	レンチン	7407
れんとう	連投	6650
れんとげん	レントゲン	6321
れんど	練度	7205
れんどう	連動	5751
れんにゅう	練乳	6728
れんばん	連番	6950
れんぱ	連覇	6002
れんぱい	連敗	6308
れんぱく	連泊	6871
れんぱつ	連発	5940
れんぶらんと	レンブラント	7457
れんほう	蓮舫	6885
れんぽう	連邦	5839
れんぽう	連峰	6735
れんめい	連盟	5738
れんめい	連名	7083
れんめん	連綿	7335
れんよう	連用	7509
れんようけい	連用形	7319
れんらく	連絡	4409
れんらくさき	連絡先	5731
れんらくちょう	連絡帳	7439
れんりつ	連立	6852
れゔぃ	レヴィ	7496
れゔぉーぐ	レヴォーグ	7171
れーがん	レーガン	7420
れーさー	レーサー	6409
れーざ	レーザ	6175
れーざー	レーザー	5798
れーしっく	レーシック	7109
れーしんぐ	レーシング	6930
れーしんぐかー	レーシングカー	7119
れーしー	レーシー	7483
れーす	レース	4978
れーずん	レーズン	6409
れーだ	レーダ	6679
れーだー	レーダー	6297
れーてぃんぐ	レーティング	7031
れーと	レート	5767
れーにん	レーニン	7312
れーべる	レーベル	6281
れーよん	レーヨン	6947
れーる	レール	5812
れーるがん	レールガン	7357
れーん	レーン	6389
ろ	ろ	5334
ろ	ロ	5668
ろ	路	5927
ろ	炉	6062
ろ	露	6176
ろ	櫓	7122
ろあ	ロア	7374
ろい	ロイ	6858
ろいず	ロイズ	7494
ろいたー	ロイター	6944
ろいたーつうしん	ロイター通信	7517
ろいど	ロイド	6877
ろいやりてぃ	ロイヤリティ	6337
ろいやる	ロイヤル	6128
ろいやるてぃ	ロイヤルティ	7339
ろう	郎	5909
ろう	ろう	5962
ろう	老	6079
ろう	楼	6443
ろう	廊	6639
ろう	労	6747
ろう	ロウ	6755
ろう	朗	6763
ろうえい	漏洩	6170
ろうえい	漏えい	6355
ろうか	廊下	5759
ろうか	老化	6077
ろうがい	老害	6796
ろうがん	老眼	6871
ろうがんきょう	老眼鏡	7330
ろうき	労基	7513
ろうきしょ	労基署	7506
ろうきほう	労基法	7443
ろうきゅう	老朽	6203
ろうきゅうか	老朽化	6899
ろうきょく	浪曲	7395
ろうけん	老犬	7100
ろうけん	老健	7229
ろうご	老後	6159
ろうごく	牢獄	7025
ろうさい	労災	6339
ろうさいほけん	労災保険	7345
ろうし	労使	6741
ろうし	浪士	7206
ろうし	老師	7231
ろうし	ろうし	7396
ろうしゃ	ろう者	7126
ろうしゅつ	漏出	7435
ろうじゅう	老中	7345
ろうじょ	老女	7403
ろうじょう	籠城	7170
ろうじん	老人	5555
ろうじんほーむ	老人ホーム	6939
ろうすい	漏水	6809
ろうすい	老衰	7315
ろうせつ	漏洩	7066
ろうそ	労組	6773
ろうそく	ろうそく	6694
ろうそく	ロウソク	6905
ろうそく	蝋燭	7124
ろうでん	漏電	6968
ろうと	ろうと	7497
ろうどう	労働	4841
ろうどうかんきょう	労働環境	7019
ろうどうきじゅんかんとくしょ	労働基準監督署	7406
ろうどうきじゅんほう	労働基準法	6952
ろうどうくみあい	労働組合	6871
ろうどうしゃ	労働者	6269
ろうどうしょう	労働省	7532
ろうどうじかん	労働時間	6744
ろうどうじょうけん	労働条件	7164
ろうどうとう	労働党	7128
ろうどうりょく	労働力	7096
ろうどく	朗読	6111
ろうどくげき	朗読劇	7361
ろうにゃくなんにょ	老若男女	6352
ろうにん	浪人	6242
ろうにんせい	浪人生	7523
ろうねん	老年	7108
ろうはい	老廃	6826
ろうはいぶつ	老廃物	7064
ろうば	老婆	6827
ろうばい	狼狽	7425
ろうひ	浪費	6623
ろうふうふ	老夫婦	7105
ろうほ	老舗	6102
ろうほう	朗報	6586
ろうまん	浪漫	7144
ろうむ	労務	6090
ろうむかんり	労務管理	7513
ろうもん	楼門	7217
ろうや	牢屋	7105
ろうりゅ	ロウリュ	7463
ろうりょく	労力	6102
ろうれい	老齢	6760
ろうれん	労連	7561
ろえべ	ロエベ	7436
ろか	濾過	6517
ろか	ろ過	6520
ろか	ろか	7068
ろかく	鹵獲	7535
ろかた	路肩	6935
ろがー	ロガー	7284
ろき	ロキ	6966
ろきしー	ロキシー	7472
ろきそにん	ロキソニン	7279
ろぎんぐ	ロギング	7258
ろく	録	6118
ろく	ロク	6363
ろく	禄	6726
ろく	碌	7426
ろくおん	録音	5507
ろくかく	六角	7479
ろくが	録画	5587
ろくがつ	6月	4765
ろくがつ	六月	5265
ろくがつまつ	6月末	7051
ろくがつまつ	六月末	7551
ろくごう	六郷	7526
ろくしょう	緑青	7420
ろくじぞう	六地蔵	7519
ろくじょう	六条	7146
ろくでなし	ろくでなし	7496
ろくでもない	ろくでもない	7368
ろくどう	六道	7250
ろくな	ろくな	6842
ろくに	ろくに	6584
ろくよう	六曜	7413
ろくろ	ろくろ	7119
ろくろう	六郎	7534
ろぐ	ログ	5544
ろぐあうと	ログアウト	6638
ろぐいん	ログイン	5184
ろぐいんぼーなす	ログインボーナス	7355
ろぐおん	ログオン	7136
ろぐはうす	ログハウス	6916
ろぐふぁいる	ログファイル	7469
ろけ	ロケ	5690
ろけち	ロケ地	6918
ろけっと	ロケット	5884
ろけっとらんちゃー	ロケットランチャー	7543
ろけはん	ロケハン	7382
ろけん	露見	7407
ろけーしょん	ロケーション	5956
ろけーる	ロケール	7342
ろこ	ロコ	6818
ろこう	露光	6859
ろここ	ロココ	7348
ろこつ	露骨	6537
ろこもこ	ロコモコ	7490
ろご	ロゴ	5241
ろごす	ロゴス	7222
ろごでざいん	ロゴデザイン	7468
ろごまーく	ロゴマーク	7015
ろさんぜるす	ロサンゼルス	6140
ろざりお	ロザリオ	7367
ろしあ	ロシア	5167
ろしあ	露	7193
ろしあぐん	ロシア軍	6964
ろしあご	ロシア語	6660
ろしあじん	ロシア人	7150
ろしゅつ	露出	5742
ろじ	路地	6063
ろじ	露地	7086
ろじ	ロジ	7132
ろじうら	路地裏	7297
ろじかる	ロジカル	7053
ろじかるしんきんぐ	ロジカルシンキング	7518
ろじくーる	ロジクール	7523
ろじすてぃくす	ロジスティクス	7176
ろじっく	ロジック	6235
ろじゃー	ロジャー	6755
ろじゃーす	ロジャース	7434
ろじょう	路上	6040
ろす	ロス	5699
ろすかっと	ロスカット	7546
ろすたいむ	ロスタイム	7451
ろすちゃいるど	ロスチャイルド	7531
ろすと	ロスト	6495
ろせん	路線	5310
ろせんず	路線図	7558
ろせんばす	路線バス	6893
ろぜ	ロゼ	6713
ろぜった	ロゼッタ	7515
ろそく	路側	7525
ろだん	ロダン	7478
ろちゅう	路駐	7297
ろっか	六花	7065
ろっかく	六角	6905
ろっかくけい	六角形	7307
ろっかっけい	六角形	7284
ろっかー	ロッカー	6068
ろっかーるーむ	ロッカールーム	7466
ろっきん	ロッキン	7387
ろっきんぐ	ロッキング	7259
ろっきー	ロッキー	6875
ろっきーど	ロッキード	7503
ろっく	ロック	4985
ろっくおん	ロックオン	7103
ろっくす	ロックス	7549
ろっくだうん	ロックダウン	7458
ろっくばんど	ロックバンド	6583
ろっくふぇらー	ロックフェラー	7510
ろっくまん	ロックマン	7539
ろっくんろーる	ロックンロール	6839
ろっこう	六甲	6723
ろっこうさん	六甲山	7318
ろっこつ	肋骨	6636
ろっし	ロッシ	7519
ろっじ	ロッジ	6775
ろって	ロッテ	6153
ろってまりーんず	ロッテマリーンズ	7308
ろってりあ	ロッテリア	7356
ろっと	ロット	6073
ろっど	ロッド	5797
ろっぷ	ロップ	7045
ろっぽんぎ	六本木	6269
ろっぽんぎひるず	六本木ヒルズ	6957
ろてい	露呈	6815
ろてん	露店	6731
ろてん	露天	6741
ろてんぶろ	露天風呂	5910
ろと	ロト	7080
ろとう	露頭	7547
ろとむ	ロトム	7532
ろどりげす	ロドリゲス	7187
ろなうど	ロナウド	6950
ろなるど	ロナルド	7188
ろはす	ロハス	7401
ろはん	露伴	7125
ろば	ロバ	6803
ろば	ろば	7531
ろばた	炉端	7466
ろばん	路盤	7215
ろばーと	ロバート	6400
ろびん	ロビン	6462
ろびんそん	ロビンソン	7168
ろびー	ロビー	5881
ろぴあ	ロピア	7228
ろふと	ロフト	6301
ろぶ	ロブ	7156
ろぶすたー	ロブスター	7197
ろべると	ロベルト	7115
ろぺす	ロペス	7152
ろぼ	ロボ	6205
ろぼう	路傍	7489
ろぼこん	ロボコン	7383
ろぼっと	ロボット	5285
ろぼてぃくす	ロボティクス	7340
ろぼろ	ロボロ	7535
ろま	ロマ	7352
ろまさが	ロマサガ	7120
ろまねすく	ロマネスク	7460
ろまん	ロマン	6064
ろまん	浪漫	7307
ろまんす	ロマンス	6322
ろまんちすと	ロマンチスト	7482
ろまんちっく	ロマンチック	6409
ろまんてぃっく	ロマンティック	6779
ろみお	ロミオ	6862
ろみおとじゅりえっと	ロミオとジュリエット	7326
ろむ	ロム	7105
ろめ	ロメ	7412
ろめん	路面	5854
ろめんでんしゃ	路面電車	7045
ろらん	ロラン	7510
ろり	ロリ	6664
ろりこん	ロリコン	6971
ろりーた	ロリータ	7074
ろれっくす	ロレックス	6652
ろろ	ロロ	7228
ろん	論	5287
ろん	ロン	6276
ろんがい	論外	6681
ろんきょ	論拠	7429
ろんぎ	論議	6839
ろんぐ	ロング	5439
ろんぐしーと	ロングシート	7262
ろんぐすかーと	ロングスカート	7462
ろんぐせらー	ロングセラー	6637
ろんぐたけ	ロング丈	7525
ろんぐへあ	ロングヘア	7203
ろんぐらいど	ロングライド	7299
ろんぐらん	ロングラン	7091
ろんこう	論考	7090
ろんご	論語	7028
ろんしょう	論証	7366
ろんじ	論じ	6660
ろんじゅつ	論述	7115
ろんじる	論じる	6998
ろんせつ	論説	7279
ろんせん	論戦	7428
ろんそう	論争	6390
ろんちょう	論調	7193
ろんてん	論点	6340
ろんど	ロンド	7154
ろんどん	ロンドン	5655
ろんどんごりん	ロンドン五輪	7352
ろんぱ	論破	6841
ろんぱーす	ロンパース	7300
ろんぴょう	論評	7365
ろんぶん	論文	5417
ろんぽう	論法	7428
ろんり	論理	5673
ろんりがく	論理学	7435
ろんりてき	論理的	6364
ろー	ロー	5896
ろーからいず	ローカライズ	7069
ろーかる	ローカル	5600
ろーかるせん	ローカル線	7402
ろーぐ	ローグ	7290
ろーぐらいく	ローグライク	7499
ろーこすと	ローコスト	7199
ろーこーど	ローコード	7416
ろーざ	ローザ	7438
ろーしょん	ローション	6675
ろーす	ロース	6144
ろーすたー	ロースター	7188
ろーすと	ロースト	6098
ろーすとびーふ	ローストビーフ	6948
ろーず	ローズ	5943
ろーずまりー	ローズマリー	6836
ろーぜまいん	ローゼマイン	7210
ろーそん	ローソン	6016
ろーたす	ロータス	7172
ろーたりー	ロータリー	6297
ろーたりーくらぶ	ロータリークラブ	7150
ろーだ	ローダ	6704
ろーだうん	ローダウン	7470
ろーだー	ローダー	6939
ろーて	ローテ	6992
ろーてーしょん	ローテーション	6374
ろーてーぶる	ローテーブル	7330
ろーでぃんぐ	ローディング	7169
ろーと	ロート	7343
ろーとせいやく	ロート製薬	7549
ろーど	ロード	5321
ろーどしょー	ロードショー	6859
ろーどすたー	ロードスター	7239
ろーどばいく	ロードバイク	6696
ろーどまっぷ	ロードマップ	7362
ろーどれーす	ロードレース	6824
ろーばー	ローバー	7239
ろーふぁー	ローファー	6884
ろーぶ	ローブ	6507
ろーぷ	ロープ	5707
ろーぷうぇい	ロープウェイ	6996
ろーぷうぇー	ロープウェー	7516
ろーま	ローマ	5765
ろーまじ	ローマ字	6567
ろーまていこく	ローマ帝国	6782
ろーまん	ローマン	7211
ろーみんぐ	ローミング	7447
ろーむ	ローム	7013
ろーやる	ローヤル	7281
ろーら	ローラ	6475
ろーらん	ローラン	7361
ろーらんど	ローランド	6972
ろーらー	ローラー	6240
ろーらーすけーと	ローラースケート	7550
ろーりえ	ローリエ	7384
ろーりんぐ	ローリング	6678
ろーりー	ローリー	7204
ろーる	ロール	5783
ろーるきゃべつ	ロールキャベツ	7283
ろーるけーき	ロールケーキ	6651
ろーるすくりーん	ロールスクリーン	7458
ろーるすろいす	ロールスロイス	7515
ろーるぱん	ロールパン	7418
ろーるぷれい	ロールプレイ	7081
ろーるぷれいんぐ	ロールプレイング	7191
ろーるもでる	ロールモデル	7018
ろーれる	ローレル	7314
ろーれん	ローレン	7427
ろーれんす	ローレンス	7203
ろーん	ローン	5276
ろーんち	ローンチ	6943
わ	わ	4271
わ	話	5004
わ	和	5566
わ	輪	5904
わ	環	6517
わ	羽	6539
わ	倭	7140
わぁ	わぁ	6110
わぁー	わぁー	7425
わあ	わあ	6740
わい	ワイ	5660
わい	湧い	5957
わい	沸い	6510
わい	わい	6526
わいきき	ワイキキ	6947
わいきょく	歪曲	7097
わいけいけい	YKK	7325
わいしゃつ	ワイシャツ	6873
わいしょう	矮小	7430
わいず	ワイズ	7398
わいせつ	わいせつ	6733
わいど	ワイド	5879
わいどしょー	ワイドショー	6994
わいどな	ワイドな	7127
わいどぱんつ	ワイドパンツ	7199
わいなりー	ワイナリー	6472
わいばーん	ワイバーン	7361
わいぱー	ワイパー	6504
わいふ	ワイフ	7431
わいぷ	ワイプ	6996
わいもばいる	ワイモバイル	7243
わいや	ワイヤ	6195
わいやれす	ワイヤレス	6212
わいやれすいやほん	ワイヤレスイヤホン	6937
わいやー	ワイヤー	5968
わいやーふれーむ	ワイヤーフレーム	7518
わいるど	ワイルド	6220
わいるど	WILD	7297
わいるどかーど	ワイルドカード	7026
わいろ	賄賂	7057
わいわい	ワイワイ	6346
わいわい	わいわい	6644
わいん	ワイン	5079
わいんぐらす	ワイングラス	7365
わいんせらー	ワインセラー	7469
わいんでぃんぐ	ワインディング	7235
わいんびねがー	ワインビネガー	7468
わうわう	WOWOW	6868
わおん	和音	6707
わか	わか	6016
わか	若	6043
わか	和歌	6492
わか	沸か	6679
わか	湧か	6740
わか	ワカ	7060
わかい	若い	4905
わかい	和解	6224
わかい	若井	7443
わかいおとこ	若い男	7183
わかいおんな	若い女	7232
わかいおんなのこ	若い女の子	7225
わかいかっぷる	若いカップル	7545
わかいこ	若い子	6600
わかいころ	若い頃	7479
わかいじょせい	若い女性	6285
わかいすたっふ	若いスタッフ	7559
わかいせだい	若い世代	6213
わかいせんしゅ	若い選手	7183
わかいせんせい	若い先生	7513
わかいだんせい	若い男性	6992
わかいちから	若い力	7550
わかいひと	若い人	6186
わかいひとたち	若い人たち	6853
わかかっ	若かっ	6902
わかかりし	若かりし	6908
わかがえっ	若返っ	7155
わかがえり	若返り	6911
わかがえる	若返る	7343
わかがしら	若頭	7183
わかき	若き	6149
わかぎ	若木	7546
わかぎみ	若君	7325
わかく	若く	6023
わかくさ	若草	7094
わかくして	若くして	6913
わかげ	若気	7556
わかさ	若さ	6210
わかさ	若狭	6906
わかさ	わかさ	7480
わかさぎ	ワカサギ	6904
わかし	沸かし	6485
わかしゅう	和歌集	7254
わかす	沸かす	6960
わかすぎ	若杉	7555
わかぞう	若造	7377
わかだんな	若旦那	7302
わかち	分かち	7129
わかちあい	分かち合い	6963
わかちあう	分かち合う	6986
わかちあっ	分かち合っ	7367
わかっ	わかっ	4899
わかっ	分かっ	4999
わかっ	解っ	6565
わかっ	判っ	6687
わかっ	分っ	7195
わかつき	若槻	7401
わかつき	若月	7494
わかて	若手	5449
わかてしゃいん	若手社員	7298
わかどり	若鶏	7220
わかな	わかな	7157
わかな	若菜	7282
わかはやし	若林	7125
わかば	若葉	6716
わかば	わかば	7053
わかばやし	若林	6599
わかまつ	若松	6915
わかみや	若宮	7105
わかめ	わかめ	6235
わかめ	ワカメ	6576
わかもの	若者	5307
わかものたち	若者たち	6883
わかやま	和歌山	5878
わかやま	若山	7192
わかやまけん	和歌山県	6189
わかやまし	和歌山市	7409
わから	わから	4536
わから	分から	4723
わから	解ら	6349
わから	判ら	6410
わから	分ら	6958
わからない	わからない	4725
わからなくなっ	わからなくなっ	6759
わからなくなっ	分からなくなっ	6875
わからなくなり	わからなくなり	7374
わからなくなり	分からなくなり	7492
わからなくなる	わからなくなる	7109
わからなくなる	分からなくなる	7252
わからん	わからん	5613
わからん	分からん	5981
わかり	わかり	4498
わかり	分かり	4642
わかり	解り	6236
わかり	判り	6259
わかり	分り	6891
わかりづらい	分かりづらい	6576
わかりづらい	わかりづらい	6659
わかりづらく	分かりづらく	7468
わかりづらく	わかりづらく	7548
わかりにくい	わかりにくい	6082
わかりにくい	分かりにくい	6166
わかりにくかっ	わかりにくかっ	7312
わかりにくかっ	分かりにくかっ	7366
わかりにくく	わかりにくく	7059
わかりにくく	分かりにくく	7116
わかりません	わかりません	5159
わかりません	分かりません	5362
わかりません	判りません	6805
わかりません	解りません	6866
わかりません	分りません	7497
わかりやすい	わかりやすい	5526
わかりやすい	分かりやすい	5689
わかりやすい	解りやすい	7384
わかりやすかっ	わかりやすかっ	6736
わかりやすかっ	分かりやすかっ	6816
わかりやすく	わかりやすく	5487
わかりやすく	分かりやすく	5639
わかりやすく	解りやすく	7415
わかりやすさ	わかりやすさ	7142
わかる	わかる	4770
わかる	分かる	4995
わかる	判る	6570
わかる	解る	6576
わかる	分る	7341
わかれ	別れ	5327
わかれ	分かれ	5411
わかれ	わかれ	6574
わかれぎわ	別れ際	7239
わかれそう	分かれそう	7494
わかればなし	別れ話	7115
わかれみち	分かれ道	7166
わかれめ	分かれ目	7322
わかれよ	別れよ	7297
わかれよう	別れよう	7300
わかれる	別れる	6137
わかれる	分かれる	6147
わかわかし	若々し	7309
わかわかしい	若々しい	6759
わかわかしく	若々しく	6865
わかわかしさ	若々しさ	7340
わかん	わかん	6168
わかん	分かん	6541
わかん	和漢	7378
わかんない	わかんない	6254
わが	我が	5555
わが	わが	6069
わが	我	6473
わがくに	我が国	6078
わがくに	わが国	6334
わがこ	わが子	6685
わがさ	和傘	7428
わがし	和菓子	5876
わがはい	吾輩	7123
わがはい	我輩	7391
わがまま	わがまま	6339
わがまま	ワガママ	6646
わがまま	我儘	7258
わがみ	我が身	7013
わがみ	わが身	7471
わがや	我が家	5204
わがや	わが家	6319
わがや	我家	7222
わき	脇	5642
わき	湧き	6335
わき	わき	6512
わき	沸き	6902
わき	ワキ	6979
わきあいあい	和気あいあい	6661
わきあいあい	和気藹々	7213
わきあがっ	湧き上がっ	7196
わきあがる	湧き上がる	7138
わきが	ワキガ	7009
わきざし	脇差し	7485
わきした	脇下	7374
わきだし	湧き出し	7538
わきで	湧き出	7018
わきでる	湧き出る	7062
わきのした	脇の下	7209
わきばさん	挟ん	7275
わきばら	脇腹	6998
わきまえ	わきまえ	7187
わきみず	湧き水	6758
わきみず	湧水	6968
わきみち	脇道	7090
わきめ	脇芽	7292
わきやく	脇役	6505
わぎゅう	和牛	6032
わぎり	輪切り	6432
わく	枠	5291
わく	湧く	6485
わく	わく	6753
わく	沸く	6870
わく	涌	7516
わくい	和久井	7442
わくい	涌井	7460
わくがい	枠外	7526
わくぐみ	枠組み	6162
わくぐみ	枠組	7538
わくせい	惑星	5826
わくせん	枠線	7210
わくちん	ワクチン	5463
わくちんせっしゅ	ワクチン接種	6834
わくない	枠内	6899
わくり	和栗	7345
わくわく	ワクワク	5388
わくわく	わくわく	5872
わくわくかん	ワクワク感	7297
わぐり	和栗	7243
わけ	わけ	4250
わけ	理由	5120
わけ	訳	5135
わけ	分け	5154
わけあう	分け合う	7498
わけあっ	分け合っ	7381
わけあり	訳あり	7260
わけで	訳で	6989
わけない	わけない	6303
わけない	訳ない	6911
わけねー	わけねー	7441
わけへだて	分け隔て	7253
わけめ	分け目	7165
わける	分ける	5913
わける	わける	7262
わこ	わこ	7514
わこ	和子	7553
わこう	和光	7131
わこうど	若人	7496
わこく	倭国	7344
わこーる	ワコール	7362
わごう	和合	7283
わごむ	輪ゴム	6833
わごん	ワゴン	6042
わごんあーる	ワゴンR	7519
わさび	わさび	6189
わさび	ワサビ	6768
わさび	山葵	7270
わさびじょうゆ	わさび醤油	7542
わさん	わさん	7238
わざ	技	5475
わざ	わざ	6147
わざ	ワザ	6184
わざ	業	6675
わざと	わざと	5974
わざとらしい	わざとらしい	7419
わざとらしく	わざとらしく	7347
わざわい	災い	6583
わざわい	災	7005
わざわい	禍	7113
わざわざ	わざわざ	5371
わし	わし	6179
わし	和紙	6203
わし	ワシ	6289
わし	鷲	6686
わし	儂	7273
わしお	鷲尾	7388
わしき	和式	7056
わしつ	和室	6107
わしづかみ	鷲掴み	7189
わしゃ	話者	6794
わしょく	和食	5866
わしんとん	ワシントン	6320
わじま	輪島	6797
わじまし	輪島市	7497
わじまぬり	輪島塗	7493
わじゅつ	話術	7101
わじん	和人	7446
わすう	話数	7050
わすれ	忘れ	4881
わすれ	わすれ	7038
わすれかけ	忘れかけ	7170
わすれがち	忘れがち	6878
わすれさら	忘れ去ら	6951
わすれちゃ	忘れちゃ	7184
わすれちゃう	忘れちゃう	7232
わすれちゃっ	忘れちゃっ	6918
わすれもの	忘れ物	6488
わすれよ	忘れよ	6907
わすれよう	忘れよう	7367
わすれりゃ	忘れりゃ	6907
わすれる	忘れる	5905
わすれれ	忘れれ	6907
わすれろ	忘れろ	6907
わすれん	忘れん	6907
わず	わず	7260
わずか	わずか	5221
わずか	僅か	5932
わずらい	患い	7139
わずらう	患う	7376
わずらっ	患っ	6563
わずらわし	煩わし	7201
わずらわしい	煩わしい	6931
わずらわしく	煩わしく	7542
わずらわしさ	煩わしさ	7193
わせ	わせ	7028
わせ	早生	7125
わせ	早稲	7558
わせい	和製	6995
わせい	和声	7235
わせだ	早稲田	6289
わせだだい	早稲田大	7430
わせだだいがく	早稲田大学	6227
わせりん	ワセリン	7028
わそう	和装	6390
わた	ワタ	5827
わた	綿	6180
わたくし	私	3918
わたくし	わたくし	6057
わたくし	ワタクシ	6767
わたくしごと	私事	7049
わたくしたち	私達	6152
わたくしてき	ワタクシ的	7507
わたくしりつ	私立	6865
わたげ	綿毛	7130
わたさ	渡さ	5919
わたし	私	3718
わたし	わたし	4814
わたし	渡し	5286
わたし	ワタシ	6444
わたしたち	私達	5600
わたしたち	私たち	6240
わたしてき	ワタシ的	7134
わたしども	私ども	6399
わたしは	わたしは	5513
わたす	渡す	5767
わたせ	渡せ	7332
わたせる	渡せる	7337
わたそ	渡そ	7226
わたそう	渡そう	7219
わたっ	渡っ	5564
わたっ	わたっ	5607
わたっ	亘っ	7328
わたなべ	渡辺	5730
わたなべ	渡邉	6525
わたなべ	渡邊	6554
わたなべ	渡部	6662
わたなべ	ワタナベ	7354
わたなべさん	渡辺さん	7421
わたのべ	渡辺	7140
わたべ	渡辺	6560
わたべ	渡部	7099
わたら	渡ら	7150
わたら	わたら	7460
わたり	わたり	5720
わたり	渡り	5755
わたり	渡	6875
わたり	亘り	7377
わたりあるい	渡り歩い	7293
わたりどり	渡り鳥	7080
わたりろうか	渡り廊下	7189
わたる	渡る	5852
わたる	わたる	5861
わたる	弥	6377
わたる	渉	6978
わたる	渡	7157
わたる	航	7192
わたる	径	7381
わたる	亘る	7534
わたれ	渡れ	7551
わたれる	渡れる	7500
わたろ	渡ろ	7468
わたろう	渡ろう	7460
わだ	和田	6007
わだい	話題	4763
わだいこ	和太鼓	6662
わだいさく	話題作	7198
わだいせい	話題性	7126
わだかまり	わだかまり	7294
わだし	和田	7343
わちゃわちゃ	わちゃわちゃ	7096
わちゃわちゃ	ワチャワチャ	7507
わっ	割っ	5927
わっ	わっ	6339
わっ	ワッ	6922
わっか	輪っか	6878
わっかない	稚内	6939
わっくす	ワックス	6032
わっしゃー	ワッシャー	7333
わっしょい	わっしょい	7106
わっつ	ワッツ	7346
わっと	ワット	6711
わっぱ	わっぱ	7261
わっふる	ワッフル	6462
わっぺん	ワッペン	6634
わとそん	ワトソン	6972
わな	罠	5850
わな	わな	6701
わな	ワナ	7076
わなげ	輪投げ	7214
わに	ワニ	6501
わに	わに	7109
わになっ	輪になっ	7303
わの	ワノ	7097
わび	詫び	7272
わふう	和風	5779
わふく	和服	6780
わぶん	和文	7173
わへい	和平	6904
わぼく	和睦	7460
わみょう	和名	7310
わめ	話目	7263
わめい	和名	6825
わめい	喚い	7453
わや	わや	7453
わやく	和訳	6598
わよう	和洋	6632
わようせっちゅう	和洋折衷	7206
わら	わら	6129
わら	藁	6542
わら	ワラ	6735
わら	割ら	6992
わらい	笑い	5506
わらい	咲い	6848
わらいかけ	笑いかけ	7533
わらいごえ	笑い声	6451
わらいばなし	笑い話	6994
わらう	笑う	5636
わらえ	笑え	6457
わらえる	笑える	6110
わらお	笑お	7553
わらく	和楽	7056
わらさ	ワラサ	7547
わらじ	わらじ	7106
わらじ	草鞋	7536
わらっ	笑っ	5151
わらっ	わらっ	7465
わらび	わらび	6378
わらび	ワラビ	7177
わらび	蕨	7283
わらびもち	わらび餅	7213
わらべ	童	6826
わらべ	わらべ	7025
わらべうた	わらべうた	7409
わらわ	笑わ	6349
わらわせ	笑わせ	6585
わらわせる	笑わせる	7155
わらわら	笑笑	6321
わり	割	5027
わり	わり	5675
わり	割り	6074
わりあい	割合	5277
わりあて	割り当て	6258
わりあて	割当	6667
わりあてる	割り当てる	6532
わりいれ	割り入れ	7351
わりかし	わりかし	7484
わりかん	割り勘	6865
わりきっ	割り切っ	6507
わりきり	割り切り	7359
わりきる	割り切る	7081
わりきれ	割り切れ	7361
わりきれる	割り切れる	7325
わりこま	割り込ま	7456
わりこみ	割り込み	7048
わりこむ	割り込む	7367
わりこん	割り込ん	7021
わりざん	割り算	7155
わりだか	割高	6387
わりだし	割り出し	7133
わりだす	割り出す	7543
わりていど	割程度	7144
わりにあわ	割に合わ	7300
わりばし	割り箸	6835
わりばし	割りばし	7510
わりびき	割引	5376
わりびき	割り引き	7249
わりびきかかく	割引価格	7427
わりびきけん	割引券	7525
わりびきりつ	割引率	7415
わりふっ	割り振っ	7420
わりふら	割り振ら	6955
わりふり	割り振り	7340
わりふる	割り振る	7338
わりまし	割増	6883
わりやす	割安	6582
わる	悪	5787
わる	割る	6356
わる	ワル	6830
わる	わる	6971
わるあがき	悪あがき	7536
わるい	悪い	4581
わるい	わるい	6729
わるいいみ	悪い意味	6734
わるいいめーじ	悪いイメージ	7298
わるいいんしょう	悪い印象	7227
わるいうわさ	悪い噂	7525
わるいえいきょう	悪い影響	7221
わるいくちこみ	悪い口コミ	6896
わるいぐせ	悪い癖	7527
わるいけっか	悪い結果	7523
わるいこ	悪い子	7182
わるいじょうたい	悪い状態	7439
わるいちょうこう	悪い兆候	7551
わるいばあい	悪い場合	7082
わるいばしょ	悪い場所	7438
わるいひと	悪い人	6524
わるいひょうか	悪い評価	7059
わるいひょうばん	悪い評判	7301
わるいぶぶん	悪い部分	7279
わるいほうこう	悪い方向	7390
わるいめん	悪い面	7363
わるいゆめ	悪い夢	7421
わるかっ	悪かっ	5814
わるかろ	悪かろ	7387
わるきゅーれ	ワルキューレ	7231
わるぎ	悪気	6773
わるく	悪く	4920
わるく	わるく	7296
わるくち	悪口	6437
わるぐち	悪口	6524
わるけれ	悪けれ	7014
わるさ	悪さ	6040
わるしゃわ	ワルシャワ	7165
わるそう	悪そう	6851
わるつ	ワルツ	6729
わるふざけ	悪ふざけ	7297
わるもの	悪者	6655
われ	割れ	5640
われ	われ	6364
われ	我	6514
われ	吾	6647
われ	破れ	6804
われさき	我先	7552
われながら	我ながら	6613
われにかえっ	我に返っ	7369
われにくい	割れにくい	7561
われめ	割れ目	7070
われやすい	割れやすい	7417
われら	我ら	6278
われら	我等	7261
われる	割れる	6468
われる	われる	6929
われわれ	我々	5176
われわれ	われわれ	6070
わろ	わろ	7074
わをかけ	輪をかけ	7559
わん	ワン	5065
わん	わん	5897
わん	湾	6014
わん	王	6441
わん	椀	6537
わん	碗	7297
わんおく	ワンオク	7544
わんおふ	ワンオフ	7273
わんおぺ	ワンオペ	7144
わんがん	湾岸	6606
わんきょく	湾曲	6741
わんくりっく	ワンクリック	7126
わんこ	わんこ	6354
わんこいん	ワンコイン	7278
わんさ	わんさ	7064
わんさか	わんさか	7180
わんしょう	腕章	7435
わんすてっぷ	ワンステップ	7433
わんすとっぷ	ワンストップ	6799
わんせぐ	ワンセグ	7357
わんせっと	ワンセット	7415
わんたいむぱすわーど	ワンタイムパスワード	7384
わんたっち	ワンタッチ	6514
わんたん	ワンタン	6713
わんだ	ワンダ	7454
わんだふる	ワンダフル	7318
わんだー	ワンダー	7179
わんだーらんど	ワンダーランド	6979
わんちゃん	ワンちゃん	6580
わんちゃん	わんちゃん	6900
わんつー	ワンツー	7189
わんど	ワンド	7234
わんない	湾内	7245
わんぱく	わんぱく	6817
わんぱたーん	ワンパターン	7135
わんぱん	ワンパン	7386
わんぱんまん	ワンパンマン	7468
わんぴーす	ワンピース	5524
わんぷれーと	ワンプレート	7430
わんぽいんと	ワンポイント	6289
わんまん	ワンマン	6224
わんまんらいぶ	ワンマンライブ	7494
わんりょく	腕力	6936
わんるーむ	ワンルーム	6713
わんわん	わんわん	7095
わんわん	ワンワン	7557
わーい	わーい	6800
わーかー	ワーカー	7463
わーきんぐ	ワーキング	6588
わーきんぐぐるーぷ	ワーキンググループ	7199
わーきんぐほりでー	ワーキングホリデー	7550
わーく	ワーク	5074
わーくあうと	ワークアウト	7529
わーくしょっぷ	ワークショップ	5428
わーくしーと	ワークシート	7142
わーくす	ワークス	6164
わーくすてーしょん	ワークステーション	7209
わーくすぺーす	ワークスペース	7013
わーくふろー	ワークフロー	6880
わーくぶっく	ワークブック	7297
わーくまん	ワークマン	6781
わーくらいふばらんす	ワークライフバランス	6535
わーくらいふばらんす	ワーク・ライフ・バランス	7449
わーぐなー	ワーグナー	7158
わーけーしょん	ワーケーション	6945
わーすと	ワースト	6759
わーど	ワード	5679
わーど	Word	6583
わーどぷれす	ワードプレス	7422
わーどろーぶ	ワードローブ	7488
わーなー	ワーナー	7463
わーぷ	ワープ	6328
わーぷろ	ワープロ	7174
わーほり	ワーホリ	6893
わーむ	ワーム	6460
わーるど	ワールド	5441
わーるどかっぷ	ワールドカップ	6028
わーるどわいど	ワールドワイド	7566
ゐ	ゐ	6422
ゐる	ゐる	6552
を	を	1868
を	ヲ	6559
をた	ヲタ	7212
をは	をは	7121
をも	をも	5788
ん	ん	3200
ん	ン	5442
んご	ンゴ	6814
んじゃ	んじゃ	6287
んち	んち	6358
んで	んで	5012
んまー	ンマー	7523
ゔぁい	ヴァイ	7067
ゔぁいおりにすと	ヴァイオリニスト	7240
ゔぁいおりん	ヴァイオリン	6302
ゔぁいおれっと	ヴァイオレット	7407
ゔぁにら	ヴァニラ	7548
ゔぁるきりー	ヴァルキリー	7443
ゔぁん	ヴァン	7109
ゔぁんがーど	ヴァンガード	7272
ゔぁんぱいあ	ヴァンパイア	6923
ゔぁーじょん	ヴァージョン	7118
ゔぃおら	ヴィオラ	7031
ゔぃくとりあ	ヴィクトリア	6956
ゔぃくとる	ヴィクトル	7315
ゔぃじゅある	ヴィジュアル	6995
ゔぃじょん	ヴィジョン	7241
ゔぃっせる	ヴィッセル	7110
ゔぃっせるこうべ	ヴィッセル神戸	7197
ゔぃっつ	ヴィッツ	7543
ゔぃとん	ヴィトン	7343
ゔぃら	ヴィラ	6800
ゔぃらん	ヴィラン	6728
ゔぃらんず	ヴィランズ	7486
ゔぃる	ヴィル	7206
ゔぃれっじ	ヴィレッジ	7381
ゔぃんせんと	ヴィンセント	7323
ゔぃんてーじ	ヴィンテージ	6014
ゔぃんてーじかん	ヴィンテージ感	7520
ゔぃーがん	ヴィーガン	6677
ゔぃーなす	ヴィーナス	7055
ゔぇぜる	ヴェゼル	7256
ゔぇねちあ	ヴェネチア	7445
ゔぇねつぃあ	ヴェネツィア	6878
ゔぇのむ	ヴェノム	7365
ゔぇるさいゆ	ヴェルサイユ	7384
ゔぇるでぃ	ヴェルディ	6826
ゔぇるふぁいあ	ヴェルファイア	6993
ゔぇーる	ヴェール	6990
ゔぉくしー	ヴォクシー	7299
ゔぉるでもーと	ヴォルデモート	7380
ゔぉーかりすと	ヴォーカリスト	7376
ゔぉーかる	ヴォーカル	6484
ー	ー	5321
